		TH01	D2S1338	D3S1358	D8S1179	D16S539	D18S51	D19S433	D21S11	FGA	VWA	D10S1248	D22S1045	D2S441	D1S1656	D12S391	SE33
CP00019943	2	93	93	170	230	150	160	120	130	100	110	110	140	120	130	280	322	200	230	160	180	130	160	150	160	140	160	130	150	230	240	242	302
CP00019945	2	60	93	190	200	180	180	130	140	120	120	140	180	132	150	280	290	220	230	170	170	150	170	150	160	100	130	120	170	150	150	200	302
CP00019948	2	60	80	170	250	160	180	120	140	90	120	120	180	140	150	290	290	240	250	140	170	140	140	150	160	113	140	120	140	170	230	190	252
CP00019939	2	60	90	170	200	150	180	140	150	120	120	160	170	140	140	312	320	200	200	170	190	120	160	140	160	100	140	120	140	170	240	200	232
CP00019944	2	60	93	190	200	140	180	100	160	100	110	130	140	120	140	312	322	210	230	170	170	130	140	140	160	110	150	110	150	160	220	232	312
CP00019712	2	80	80	170	170	140	160	130	140	120	130	140	140	110	130	280	290	210	230	170	190	130	140	110	160	100	113	150	173	150	190	180	302
CP00019695	2	60	80	160	190	150	160	130	140	110	120	150	160	130	160	290	312	230	240	150	170	150	160	110	140	110	140	110	150	170	230	160	272
CP00019928	2	60	80	170	170	150	170	120	130	120	130	120	160	130	140	290	322	200	200	140	190	140	150	150	150	100	110	140	150	200	220	170	222
CP00019983	2	60	70	160	170	180	180	100	140	110	110	130	140	140	162	290	300	190	240	150	180	130	150	110	110	110	110	140	153	150	210	180	252
CP00019707	2	60	80	160	220	150	180	130	140	100	110	120	130	140	140	312	322	200	210	140	180	150	160	150	170	120	140	160	160	170	180	272	332
CP00020015	2	60	93	180	200	140	150	130	130	110	120	150	160	120	150	270	270	240	250	170	180	150	150	150	160	110	110	160	183	190	200	160	190
CP00019692	2	60	93	160	200	160	170	130	150	110	120	150	160	130	142	290	290	220	220	150	170	130	130	110	150	110	140	120	120	190	200	190	262
CP00019715	2	60	80	170	170	140	150	130	150	100	130	130	210	150	152	280	290	190	210	160	170	140	150	150	150	110	160	120	150	200	220	190	272
CP00019713	2	60	93	190	200	160	160	130	140	100	120	120	140	120	140	290	290	200	210	140	160	140	160	140	160	110	140	153	173	150	230	180	292
CP00019708	2	70	80	170	230	140	180	130	130	110	110	140	160	130	140	290	302	210	230	170	180	130	160	160	160	110	113	120	153	170	170	140	160
CP00019699	2	60	93	160	170	150	150	120	130	130	130	150	180	140	140	290	300	200	260	170	190	150	160	140	160	100	100	160	163	190	190	170	200
CP00019681	2	70	70	200	240	160	160	120	140	110	120	130	200	130	130	290	290	220	230	140	170	150	170	150	160	113	113	120	173	190	220	190	262
CP00019680	2	70	90	170	200	170	180	120	150	120	130	100	180	130	130	290	310	220	230	170	170	130	150	150	160	120	130	160	160	180	180	200	210
CP00019679	2	70	93	250	250	150	170	130	150	110	130	160	160	132	140	290	290	240	250	150	160	150	150	120	160	100	140	150	160	180	210	170	202
CP00019927	2	70	80	170	200	140	150	130	160	130	140	140	140	120	140	290	312	210	230	170	190	140	160	170	170	110	110	140	150	180	180	190	312
CP00019690	2	60	93	170	200	140	160	130	140	100	130	130	160	140	162	290	290	210	240	140	180	170	180	150	160	100	140	160	163	200	230	190	292
CP00019687	2	60	60	170	170	160	170	140	150	100	110	160	160	120	142	312	322	220	230	140	140	130	160	160	160	110	140	150	173	180	193	160	220
CP00019701	2	93	93	170	230	150	160	140	140	110	120	150	170	130	140	290	290	210	222	140	150	140	140	140	150	110	110	120	150	180	220	190	360
CP00019709	2	90	93	170	230	170	170	130	130	120	130	140	140	130	152	302	320	240	260	140	170	150	170	110	150	110	113	160	163	170	180	302	330
CP00019717	2	80	90	160	200	160	170	150	150	110	110	140	140	120	130	280	300	210	220	170	170	130	150	150	150	100	120	150	150	180	190	180	292
CP00019718	2	60	93	190	250	170	180	140	140	110	120	140	180	130	140	300	312	230	230	180	180	140	160	160	170	100	110	130	153	190	210	160	292
CP00020007	2	60	70	160	230	170	180	100	130	110	120	130	150	152	160	290	300	200	240	140	180	130	150	110	170	110	140	110	163	190	190	190	190
CP00019934	2	90	93	170	240	150	180	90	130	110	120	130	160	130	140	290	312	200	250	160	160	130	140	140	160	110	113	120	153	200	220	200	272
CP00019979	2	60	93	180	230	150	150	90	140	120	130	160	170	120	140	290	312	190	240	160	170	140	150	140	160	100	140	120	120	220	220	242	292
CP00019935	2	60	60	230	230	160	170	120	150	110	120	120	150	130	130	300	300	230	230	140	170	130	150	140	150	110	140	150	150	190	200	222	292
CP00020005	2	90	90	190	230	180	180	130	130	120	120	120	130	150	160	322	322	190	210	170	170	140	140	160	160	110	140	120	130	160	170	160	282
CP00019988	2	60	80	160	180	160	160	130	140	110	140	160	180	140	150	270	322	230	250	160	180	130	170	150	170	140	160	150	160	150	210	150	190
CP00019685	2	60	93	180	200	170	180	100	150	110	130	140	170	130	140	290	322	200	240	160	170	130	160	160	170	110	110	120	150	170	180	120	160
CP00019706	2	80	90	170	230	160	160	130	130	110	120	100	130	130	140	280	300	190	220	170	180	140	150	150	160	100	110	120	160	180	180	120	272
CP00019703	2	70	70	170	170	150	170	100	140	90	100	140	180	140	160	290	290	202	240	180	180	140	150	110	160	100	140	150	173	200	240	222	272
CP00019704	2	70	70	160	200	150	180	100	130	120	130	120	140	130	160	300	312	250	250	140	150	140	160	110	160	120	150	160	163	180	190	200	282
CP00019705	2	60	80	190	240	140	170	140	140	100	120	120	150	142	152	290	332	210	220	160	180	110	150	160	160	110	140	120	150	220	240	272	302
CP00019710	2	60	80	200	230	160	170	100	130	110	130	140	160	142	152	312	320	220	230	160	170	120	140	110	150	100	140	120	130	190	220	190	232
CP00019940	2	70	90	160	180	150	160	130	140	120	130	160	160	130	140	310	312	220	240	170	180	140	150	110	160	110	110	120	173	210	220	150	210
CP00019985	2	60	80	250	250	140	170	140	140	120	140	150	210	130	162	290	312	210	220	150	170	130	140	150	160	110	140	130	140	170	183	150	153
CP00020006	2	70	90	170	190	160	160	110	120	120	130	150	190	120	140	280	300	210	210	160	170	140	150	150	170	100	140	120	193	180	220	272	282
CP00019981	2	60	70	170	200	150	150	120	140	110	120	130	210	140	142	290	300	190	230	150	190	150	160	160	160	140	140	160	170	180	220	190	242
CP00020003	2	60	70	190	200	150	170	130	150	110	130	140	210	130	150	280	312	220	240	140	180	140	150	150	150	110	140	140	160	170	183	160	282
CP00020004	2	90	90	170	230	150	170	100	140	100	120	130	140	130	160	290	290	220	240	170	180	140	140	160	170	110	150	150	163	170	183	282	282
CP00019946	2	70	90	160	160	150	160	130	140	110	120	120	180	140	140	290	322	230	240	160	180	130	140	150	150	110	120	150	160	220	240	262	282
CP00019941	2	60	80	170	190	180	180	130	140	110	120	160	160	130	142	280	290	200	240	160	170	140	140	150	150	113	140	110	173	190	190	160	190
CP00020002	2	80	80	230	250	150	150	130	150	110	110	140	160	142	150	312	322	200	250	170	170	140	150	150	160	140	160	173	173	180	190	170	252
CP00020323	2	60	70	170	170	110	160	100	140	110	110	130	130	140	160	280	300	240	270	190	200	150	150	150	150	110	120	150	150	230	230	180	252
CP00020008	2	70	90	160	190	150	180	130	130	110	120	130	170	130	150	280	290	200	210	160	200	130	140	110	150	110	113	140	163	210	240	180	190
CP00019716	2	70	93	180	200	150	180	110	140	110	130	150	150	140	140	312	332	190	240	160	170	160	160	150	160	113	140	150	150	183	200	200	262
CP00019982	2	90	93	200	230	150	170	120	130	110	120	160	170	140	140	300	310	200	210	190	190	160	160	140	160	110	120	120	183	180	220	190	282
CP00019942	2	60	93	160	230	170	180	130	130	100	120	140	160	130	150	312	312	220	230	170	180	140	140	150	150	110	140	150	163	180	220	170	242
CP00020018	2	70	93	180	200	140	150	120	130	110	120	170	190	130	150	290	322	200	240	170	180	90	150	150	150	100	110	120	130	170	180	180	282
CP00019933	2	60	70	170	200	150	150	90	150	100	110	130	170	120	140	300	322	200	220	160	180	140	160	120	150	140	140	153	163	170	190	163	190
CP00020019	2	80	90	170	240	150	180	130	130	120	120	120	180	120	140	280	290	220	230	160	160	170	170	110	150	100	110	110	120	150	210	292	292
CP00019688	2	90	93	200	250	140	170	130	140	120	120	120	120	140	140	290	312	190	240	160	170	130	140	150	150	110	110	110	160	200	210	242	292
CP00019926	2	60	90	160	200	140	160	110	130	90	110	160	170	130	150	312	322	190	250	180	200	130	150	140	170	113	113	150	150	180	230	160	180
CP00020001	2	93	93	180	200	160	160	110	140	100	130	180	180	140	150	300	322	240	250	150	180	140	150	110	170	120	140	163	183	220	220	302	312
CP00019698	2	60	80	210	230	160	180	110	130	100	120	160	250	130	150	280	322	210	242	180	180	140	160	110	180	110	110	110	140	160	180	200	282
CP00019672	2	60	93	190	260	150	170	130	140	120	120	130	130	130	160	290	312	220	230	170	180	140	140	150	160	100	100	120	150	160	180	242	262
CP00019673	2	60	90	160	220	160	170	110	150	110	120	140	210	130	150	280	280	230	250	140	170	150	150	150	160	110	110	120	150	190	230	160	252
CP00019691	2	80	90	170	260	160	170	130	140	120	130	150	210	120	140	280	322	250	260	160	190	140	140	160	170	110	140	130	130	173	220	212	232
CP00019947	2	60	70	170	190	160	180	100	140	100	120	140	150	120	140	332	332	190	210	140	180	130	160	110	180	110	110	120	150	200	220	180	292
CP00019676	2	60	93	170	170	160	180	140	160	120	120	140	150	130	140	290	300	210	210	150	170	140	150	150	160	110	110	140	150	180	180	170	190
CP00020000	2	70	80	170	230	150	160	90	130	80	110	170	180	130	150	290	302	230	250	170	190	140	140	140	160	140	150	150	160	210	210	170	272
CP00019674	2	60	60	170	190	150	150	130	130	120	120	160	200	130	140	312	332	210	230	140	140	140	140	110	150	110	110	120	160	200	230	190	262
CP00019989	2	60	90	170	200	170	180	140	170	90	130	180	210	130	162	290	342	190	190	180	190	140	140	150	170	140	140	130	170	170	170	160	170
CP00020017	2	70	80	190	250	140	180	140	150	90	120	100	140	140	140	280	310	220	240	160	170	120	150	150	170	110	110	140	150	180	180	150	272
CP00019686	2	70	93	160	180	140	170	110	110	90	110	150	160	140	160	300	332	222	270	140	150	150	160	140	150	113	140	120	140	200	210	132	282
CP00019980	2	70	70	230	240	150	170	120	150	90	140	140	210	120	140	300	302	210	240	160	160	140	150	150	160	110	120	160	173	210	210	212	292
CP00020016	2	70	80	170	240	150	160	130	160	120	120	140	160	150	150	300	312	210	240	140	180	140	150	160	160	110	110	130	183	170	190	242	282
CP00019978	2	60	93	230	230	170	170	130	150	120	120	120	160	130	140	290	322	240	250	140	170	130	150	110	160	110	140	153	160	180	210	170	190
CP00019720	2	70	80	170	200	170	180	120	130	110	120	160	160	120	150	290	300	200	210	160	180	130	140	150	160	140	150	130	150	210	260	242	302
CP00019693	2	70	93	170	190	140	160	150	150	110	110	130	140	130	160	290	290	210	210	140	180	150	150	110	160	110	113	130	193	200	210	212	302
CP00019998	2	90	90	170	180	160	170	140	140	90	120	160	160	140	150	290	290	190	220	140	150	140	160	110	160	100	140	110	170	180	230	262	272
CP00019694	2	93	93	160	210	170	180	130	140	100	120	150	160	140	150	290	322	190	250	190	190	130	140	150	170	110	140	110	170	180	190	180	180
CP00019675	2	60	80	170	250	150	160	130	130	120	130	150	170	130	150	290	312	210	260	160	180	130	140	110	160	110	130	120	160	180	220	272	292
CP00019671	2	70	80	230	240	150	150	100	120	110	120	150	190	130	130	280	300	210	250	150	180	130	140	150	150	100	110	120	160	170	200	150	220
CP00019714	2	80	80	170	200	150	150	120	120	110	110	120	120	130	150	280	332	230	240	160	180	140	150	150	150	110	110	130	153	190	220	190	272
CP00019937	2	80	93	180	200	150	170	130	150	90	120	130	190	120	140	290	312	220	260	170	180	140	150	150	160	110	110	130	153	150	170	272	302
CP00020324	2	90	90	170	250	150	150	140	150	80	110	140	180	140	160	300	300	220	240	160	160	140	160	110	150	100	113	130	160	180	180	210	272
CP00020020	2	60	80	170	250	140	170	130	170	90	110	160	190	130	152	290	300	220	220	150	170	130	180	110	160	100	110	120	120	170	190	150	252
CP00019696	2	60	60	160	180	160	180	120	130	90	110	130	140	130	142	290	310	190	190	140	170	130	140	160	160	140	140	140	173	180	220	200	302
CP00019689	2	70	90	230	240	160	160	130	150	90	120	120	180	130	152	290	332	190	220	160	180	140	150	110	160	113	140	110	153	190	240	180	200
CP00019702	2	80	93	160	190	150	150	130	140	90	120	170	210	130	132	290	300	192	200	170	170	150	160	150	160	140	140	140	173	170	190	140	200
CP00019993	2	60	80	170	200	160	190	130	130	120	120	120	150	140	140	280	290	220	220	150	170	140	150	150	150	100	113	110	120	180	180	262	302
CP00019999	2	90	93	160	170	140	160	80	130	120	130	120	160	120	132	290	290	210	220	140	160	150	160	160	160	110	140	160	193	180	220	212	272
CP00019700	2	70	93	170	180	160	180	100	130	90	100	140	160	140	140	300	312	220	240	160	180	130	130	110	160	113	150	153	163	180	200	200	340
CP00019936	2	60	90	230	240	150	180	130	140	100	110	170	180	140	152	290	312	220	250	170	180	130	140	150	160	110	110	130	150	170	190	200	210
CP00019984	2	60	90	170	190	150	180	130	150	130	140	140	160	140	160	280	290	190	260	140	170	140	150	160	160	100	110	163	170	220	240	272	272
CP00019684	2	80	90	170	230	170	180	90	150	110	120	150	150	120	152	290	322	240	240	160	180	130	150	160	180	110	140	120	150	220	230	180	282
CP00019719	2	60	80	170	200	150	160	120	140	120	130	130	180	120	160	290	332	190	200	160	160	140	150	160	170	110	140	110	160	180	210	160	210
CP00020103	2	60	80	170	170	150	150	120	150	100	110	130	180	140	160	270	300	180	220	150	200	150	150	110	160	110	110	110	150	180	200	170	212
CP00020105	2	60	70	230	230	160	180	110	150	100	110	180	210	142	160	290	290	220	220	170	170	150	150	110	150	110	140	163	163	190	210	160	292
CP00020072	2	80	93	170	180	150	170	130	140	110	120	140	160	120	142	280	300	210	240	140	200	130	150	150	170	100	110	110	120	150	180	160	160
CP00020086	2	70	70	170	250	140	160	130	140	120	130	120	130	130	162	290	322	190	210	150	180	150	150	150	160	140	140	140	173	190	210	150	282
CP00020107	2	80	90	170	180	160	160	130	150	110	140	140	150	120	150	260	312	220	260	160	170	150	150	110	150	140	150	150	150	170	220	170	180
CP00020106	2	60	93	170	170	150	160	100	130	110	120	140	140	120	142	290	300	210	230	170	170	150	150	150	160	100	110	120	150	193	230	170	292
CP00020089	2	70	93	200	250	170	170	150	150	90	100	150	160	120	140	280	300	200	230	160	160	130	130	160	170	110	140	150	160	180	220	190	292
CP00020094	2	60	70	200	230	150	180	110	140	110	120	120	140	140	140	312	312	230	230	180	180	130	140	110	110	110	110	170	173	190	210	262	302
CP00020037	2	90	93	160	240	150	180	140	140	100	110	140	150	140	142	260	322	200	230	140	170	140	160	140	160	110	113	150	150	180	200	150	180
CP00020069	2	60	100	170	200	140	160	80	150	80	90	140	160	140	160	290	332	230	230	160	170	140	160	150	160	100	140	130	140	150	180	150	190
CP00020112	2	60	70	170	250	150	160	100	130	120	130	130	140	140	152	280	280	190	260	170	180	130	150	140	150	110	110	160	160	170	180	170	272
CP00020083	2	90	93	200	220	150	180	140	150	110	110	170	180	140	140	280	312	240	250	150	180	150	150	150	150	100	100	140	153	200	240	140	282
CP00020099	2	60	93	230	230	140	160	120	140	110	110	140	170	140	170	290	290	210	220	160	200	130	160	150	150	100	110	120	173	183	190	160	292
CP00020092	2	70	93	170	190	140	150	110	130	90	120	140	150	110	142	290	300	220	230	160	170	150	150	140	170	100	110	110	160	180	190	262	292
CP00020097	2	60	90	230	230	170	170	120	130	100	120	130	150	120	152	280	322	200	220	170	180	150	150	150	160	100	110	150	150	150	200	160	160
CP00020098	2	90	93	180	180	140	160	120	140	90	120	130	170	120	162	280	290	210	260	160	170	130	130	110	150	110	110	110	173	160	240	180	190
CP00020102	2	60	90	250	250	150	150	130	130	100	110	120	140	150	150	290	322	190	220	160	170	150	160	150	160	110	140	130	140	190	210	222	222
CP00020117	2	60	80	210	230	150	150	100	120	120	120	120	150	130	140	290	312	230	240	160	170	140	150	150	150	140	140	130	153	180	180	190	200
CP00020085	2	60	70	160	200	160	180	90	130	120	120	140	160	120	140	290	290	200	240	150	170	140	160	150	160	110	123	150	160	180	200	190	222
CP00020078	2	70	93	180	240	160	180	140	160	120	130	120	190	140	150	312	322	210	250	170	180	130	140	170	180	110	110	153	173	150	240	150	200
CP00020111	2	80	90	190	230	150	160	130	130	90	100	140	140	120	130	270	290	210	230	140	170	140	140	110	160	100	110	120	173	170	180	200	282
CP00020053	2	90	93	160	180	170	170	120	140	120	130	120	130	130	130	280	290	190	220	170	180	160	160	110	160	130	140	160	193	190	220	170	210
CP00020021	2	60	80	170	240	160	170	110	140	100	120	120	130	140	140	300	300	230	250	160	190	130	140	170	180	100	130	150	170	180	220	190	282
CP00020041	2	60	90	170	200	150	150	130	140	90	130	150	180	150	150	300	300	190	200	150	160	140	140	110	160	110	140	130	150	160	160	180	200
CP00020047	2	80	100	230	230	160	180	130	140	120	130	120	120	140	140	280	280	200	200	180	190	130	150	160	160	100	110	110	120	220	220	200	272
CP00020064	2	60	90	240	270	130	150	140	140	110	130	110	210	140	152	290	290	230	230	170	170	140	150	150	160	110	140	110	140	190	200	242	282
CP00020065	2	60	90	180	200	160	180	120	140	120	140	140	190	142	142	290	290	200	240	160	170	130	150	110	150	140	140	153	163	180	220	170	170
CP00020046	2	60	80	170	200	160	170	130	140	120	130	130	140	150	160	300	310	250	250	150	180	140	140	160	170	140	140	120	163	200	230	170	292
CP00020025	2	70	93	200	270	150	170	120	120	110	130	120	140	140	162	302	312	210	210	160	170	150	160	140	160	110	120	120	173	180	210	170	200
CP00020022	2	80	80	190	230	160	160	130	140	130	130	130	180	140	140	300	332	210	220	140	170	140	150	150	160	100	100	153	153	180	200	150	190
CP00020028	2	70	93	200	230	150	180	140	150	130	140	130	170	140	140	280	290	240	240	180	180	150	160	110	110	100	140	150	153	170	220	190	262
CP00020062	2	80	80	170	230	140	160	140	150	90	90	150	170	130	140	300	300	230	240	180	190	140	160	110	110	110	120	150	150	190	220	282	292
CP00020023	2	80	93	160	170	170	170	130	130	120	130	160	170	140	150	290	310	220	240	140	180	130	150	140	140	100	140	110	160	200	220	190	232
CP00020059	2	80	93	210	210	170	170	130	140	90	120	120	170	152	160	322	332	190	230	140	190	140	160	110	150	100	150	110	150	180	210	210	292
CP00020060	2	90	93	180	250	150	180	110	140	90	110	150	160	120	130	280	322	210	210	150	150	140	140	110	160	100	110	110	130	190	200	282	292
CP00020057	2	90	93	170	200	170	170	120	130	130	140	130	130	140	152	290	290	200	210	170	170	150	170	150	150	140	140	150	163	180	210	170	282
CP00020119	2	80	80	190	250	150	180	130	130	110	110	150	170	130	150	322	332	200	240	160	170	150	170	150	150	110	160	140	170	190	200	190	200
CP00020073	2	60	60	180	240	150	160	130	140	120	130	130	150	150	162	290	290	250	260	150	190	150	170	150	160	100	140	130	183	180	180	282	292
CP00020055	2	93	93	160	200	160	160	110	150	100	110	140	140	140	140	312	322	200	250	160	170	140	140	150	160	100	140	110	193	180	180	190	292
CP00020071	2	60	70	160	170	160	160	120	130	110	110	140	180	130	130	280	280	220	230	180	180	130	170	140	150	140	140	120	170	180	190	120	262
CP00020087	2	60	90	230	250	150	170	90	130	90	120	160	160	140	160	280	290	210	220	150	180	130	140	110	150	113	140	153	170	200	260	200	272
CP00020116	2	70	93	160	200	170	180	110	130	80	110	160	190	130	140	290	312	200	220	160	170	140	140	140	160	110	110	120	130	230	230	170	232
CP00020052	2	70	70	170	200	160	170	130	140	110	110	130	140	140	140	280	280	200	230	140	180	140	140	150	160	110	140	150	173	160	160	180	252
CP00020067	2	80	93	190	220	150	180	120	140	110	120	130	130	130	142	290	312	230	230	170	190	140	150	110	150	110	140	120	140	220	220	190	273
CP00020070	2	80	93	170	190	150	170	130	140	120	130	140	140	120	152	290	300	220	250	160	170	130	150	140	150	110	140	140	160	170	190	180	262
CP00020036	2	70	80	200	230	150	180	130	140	120	130	140	210	140	152	300	312	230	250	150	190	150	150	110	140	110	110	130	153	170	220	232	272
CP00020029	2	70	93	160	240	160	170	130	130	110	110	150	160	120	130	292	332	220	230	170	170	150	150	140	150	110	140	153	160	180	210	232	282
CP00020031	2	90	93	200	200	160	180	130	130	110	120	150	170	130	140	280	290	210	260	160	180	110	130	140	160	100	110	150	160	190	200	160	232
CP00020108	2	90	90	180	190	140	160	130	150	120	130	120	120	130	140	280	310	210	230	170	170	150	150	110	140	140	140	140	163	170	210	190	272
CP00020109	2	60	70	160	170	150	180	140	150	90	130	120	180	130	140	300	332	190	250	160	170	110	150	150	160	140	160	140	150	200	210	160	292
CP00020101	2	60	60	200	210	160	170	130	150	120	130	180	190	140	150	300	322	210	250	140	180	150	160	150	150	113	140	140	153	200	210	190	200
CP00020076	2	60	60	170	170	150	160	120	130	120	120	120	150	120	130	290	322	210	230	160	180	150	160	110	170	110	120	173	173	220	260	170	190
CP00020104	2	60	70	170	230	150	170	100	150	90	110	140	170	150	160	300	312	200	220	160	170	150	150	140	150	110	130	110	110	180	210	160	282
CP00020077	2	60	93	170	230	160	170	140	140	110	110	130	170	130	132	280	290	200	210	150	170	130	150	150	160	110	113	150	173	180	190	200	292
CP00020088	2	90	100	180	200	150	150	130	130	120	130	120	150	130	140	290	290	240	240	170	180	130	130	150	150	100	110	160	173	190	200	222	232
CP00020100	2	60	60	170	240	170	170	140	140	80	100	110	140	130	142	290	312	240	240	160	180	150	160	110	150	110	140	110	163	160	180	232	272
CP00020096	2	60	60	170	170	150	170	130	150	110	110	150	170	130	142	290	300	200	240	160	170	140	170	110	160	110	140	120	130	190	220	160	302
CP00020095	2	80	100	170	170	170	180	100	150	120	120	150	160	140	140	312	312	220	250	160	170	160	160	160	160	100	110	130	170	150	210	190	200
CP00020090	2	80	93	170	170	140	160	100	160	120	130	130	180	120	140	270	290	220	240	160	190	140	150	110	150	100	110	170	173	170	230	252	272
CP00020061	2	60	80	160	200	150	160	130	140	110	120	150	180	130	140	270	280	230	240	170	180	150	150	150	160	110	140	130	160	190	190	282	282
CP00020093	2	70	90	200	240	140	140	130	140	120	120	160	170	120	140	300	310	230	230	140	170	150	150	140	150	130	140	160	183	170	180	200	252
CP00020058	2	60	70	160	170	170	170	140	140	120	120	160	210	120	140	280	292	200	210	180	180	130	160	150	160	100	113	130	150	190	230	170	282
CP00020056	2	60	70	170	230	150	160	130	140	110	130	160	160	140	150	300	312	220	250	170	180	140	150	150	160	110	113	150	160	150	160	190	282
CP00020054	2	80	93	170	240	140	180	130	130	110	130	120	140	120	120	290	300	240	270	160	180	140	150	110	170	100	110	120	150	160	210	160	232
CP00020034	2	60	70	160	240	140	150	140	160	90	100	140	160	120	140	290	290	230	230	180	180	130	150	110	150	110	113	110	110	180	220	170	170
CP00020030	2	60	93	160	170	140	160	130	130	100	130	130	140	120	130	290	312	210	210	200	210	130	140	110	170	110	110	160	163	180	220	170	273
CP00020066	2	60	60	200	250	160	170	130	130	110	130	140	150	130	140	280	290	230	240	170	180	140	140	110	150	110	140	150	160	160	200	190	312
CP00020068	2	70	93	190	200	160	160	120	140	110	110	180	200	120	140	322	332	180	220	170	190	140	150	150	160	120	140	140	170	200	220	190	190
CP00020032	2	90	90	200	200	130	170	140	140	110	130	140	160	140	142	290	322	240	250	170	180	140	150	160	160	113	140	120	193	200	210	170	322
CP00020039	2	90	93	190	200	150	180	130	150	100	130	120	160	120	150	302	312	200	210	160	160	140	140	110	160	140	140	130	150	180	200	170	252
CP00020038	2	70	90	230	250	140	150	100	150	110	130	150	170	140	160	300	312	200	240	140	170	140	150	150	170	110	110	140	150	150	183	150	190
CP00020026	2	80	93	160	240	150	170	150	150	110	120	140	160	140	150	290	322	220	230	150	160	140	150	160	170	110	110	120	173	150	180	200	222
CP00020048	2	90	93	160	230	150	180	110	140	80	110	160	160	130	160	290	312	220	230	150	160	140	150	150	150	100	140	163	170	160	230	150	222
CP00020079	2	60	90	200	230	140	170	140	150	80	110	130	160	140	150	290	300	210	240	160	190	130	160	110	110	100	110	150	173	210	220	160	272
CP00020120	2	93	93	200	230	160	170	100	130	100	110	130	140	140	162	280	300	210	250	140	180	150	150	150	150	110	110	170	183	180	220	180	262
CP00020074	2	60	90	160	170	170	170	130	140	110	130	150	180	140	140	280	290	220	250	160	180	140	170	140	160	113	113	170	173	170	183	170	200
CP00020115	2	60	80	170	230	150	150	130	140	110	130	140	160	130	140	290	312	210	220	140	160	140	150	150	150	110	110	150	160	183	200	160	190
CP00020080	2	60	100	220	240	170	170	130	130	110	130	130	130	130	150	280	322	220	240	140	170	140	140	150	160	110	110	110	130	170	230	180	272
CP00020091	2	60	70	160	170	140	160	130	130	110	130	140	210	130	182	290	292	210	250	150	170	150	170	110	170	110	110	130	173	190	210	292	312
CP00020081	2	90	90	230	230	160	170	150	150	90	120	140	160	130	140	290	302	200	230	160	160	140	140	150	160	110	140	160	170	170	190	160	272
CP00020082	2	80	90	190	190	160	160	80	130	110	120	170	170	140	150	280	300	210	250	150	170	140	160	150	170	100	140	130	160	173	230	232	282
CP00019591	2	60	93	190	230	160	170	140	150	100	110	130	160	120	130	290	312	230	250	160	190	140	170	150	150	110	140	150	170	170	210	180	180
CP00019572	2	70	93	200	250	170	180	100	140	100	120	100	120	140	162	280	290	200	250	160	180	140	140	110	110	140	140	110	183	190	200	190	202
CP00020202	2	60	60	170	200	150	150	100	140	90	130	130	210	140	140	280	290	220	220	160	190	130	140	150	160	140	140	120	150	160	190	170	262
CP00019610	2	60	80	160	170	150	150	130	130	120	130	170	170	140	150	290	300	220	280	170	200	130	150	140	150	120	140	110	120	170	193	242	302
CP00019595	2	60	90	200	250	150	160	130	140	110	130	140	140	130	150	290	290	190	190	140	160	140	140	160	170	110	140	110	120	190	250	180	190
CP00019607	2	80	93	160	170	150	160	130	130	120	140	110	130	130	160	280	290	200	240	140	190	130	140	150	170	110	113	150	183	170	220	120	292
CP00020203	2	60	60	160	170	160	160	120	140	110	120	150	160	120	150	280	320	170	210	140	170	140	160	160	170	100	110	150	173	210	210	180	190
CP00020187	2	90	93	170	250	150	160	130	140	120	120	160	210	130	140	290	290	180	260	160	160	120	150	150	160	110	140	110	173	150	180	180	272
CP00020185	2	90	93	160	250	150	150	110	120	90	130	160	200	150	152	290	312	200	210	180	190	150	170	160	170	110	110	120	130	180	183	210	272
CP00020206	2	80	93	160	200	150	160	100	150	110	130	140	150	130	160	290	320	200	200	150	150	140	160	160	170	110	120	173	173	183	200	160	200
CP00020190	2	60	60	200	250	140	160	130	130	100	130	130	180	120	150	290	300	230	250	160	170	140	150	110	160	110	110	140	173	150	180	242	272
CP00020209	2	80	80	200	200	150	160	80	150	120	120	150	160	120	160	290	290	190	200	160	180	130	170	110	150	100	110	160	163	200	200	180	190
CP00020200	2	60	93	170	180	140	170	100	130	100	120	140	160	120	120	290	320	210	240	170	180	140	140	160	170	100	140	160	173	200	250	242	302
CP00020213	2	93	93	200	230	160	160	130	130	90	130	140	140	150	152	300	310	220	230	150	170	140	160	150	160	110	113	170	193	150	210	200	292
CP00020218	2	60	80	200	230	170	180	120	130	120	140	150	150	130	152	300	302	180	250	170	180	150	160	150	160	100	110	120	153	200	220	220	302
CP00020186	2	60	70	170	180	150	160	100	120	110	120	150	150	142	160	290	322	190	230	160	180	130	150	160	170	110	140	140	153	220	240	282	302
CP00019575	2	60	70	180	190	170	170	130	150	100	140	200	210	140	150	290	322	220	250	170	180	140	150	110	140	110	160	130	150	200	240	170	170
CP00020215	2	80	100	160	250	150	170	130	160	120	120	130	180	160	160	280	300	220	230	160	180	140	150	150	170	140	140	150	163	150	190	222	292
CP00020219	2	90	93	160	170	140	190	130	130	120	130	130	160	150	150	270	280	200	230	170	170	120	140	160	160	110	140	140	150	150	170	212	232
CP00020180	2	70	90	170	200	150	170	120	150	110	110	140	170	150	150	290	290	210	210	160	170	140	160	140	150	100	110	130	140	180	183	170	292
CP00019612	2	70	93	170	170	150	160	130	130	110	120	170	170	140	152	290	300	210	250	180	190	150	150	150	150	110	140	150	183	170	240	190	302
CP00020220	2	90	93	170	240	160	170	140	150	130	130	150	160	120	142	280	302	230	240	170	170	140	170	150	160	101	110	150	150	180	210	170	282
CP00020217	2	60	93	230	250	150	150	130	140	80	110	120	130	120	130	280	322	210	220	160	170	140	150	110	150	113	140	140	150	170	220	190	232
CP00020216	2	60	60	210	250	160	170	100	130	110	130	150	150	140	142	300	322	210	230	140	180	140	150	150	150	100	140	120	160	200	210	190	210
CP00020211	2	70	93	160	250	170	170	140	140	100	120	140	150	140	150	300	312	230	240	180	180	140	140	110	150	100	110	170	183	220	230	150	180
CP00020212	2	70	90	170	240	160	180	100	130	110	130	150	170	130	152	290	300	200	230	140	150	130	140	150	150	140	140	150	150	180	230	190	252
CP00020205	2	90	93	180	200	140	190	150	150	110	140	120	130	130	142	312	332	200	240	170	180	130	140	150	150	110	130	110	140	200	200	150	282
CP00019614	2	80	93	180	250	150	190	90	150	110	110	140	180	120	150	290	312	220	230	140	160	140	140	160	160	140	140	120	173	170	180	262	272
CP00020177	2	80	93	170	170	170	180	140	140	120	140	140	160	130	130	312	322	230	240	140	170	140	150	150	150	100	113	110	130	180	190	290	292
CP00019587	2	70	93	220	240	150	170	90	140	100	140	140	150	130	140	312	312	210	230	140	170	150	160	150	160	113	140	130	160	180	220	232	272
CP00019602	2	60	70	160	250	170	170	120	130	120	120	160	190	140	150	280	290	250	250	140	180	150	160	150	170	130	140	150	163	160	220	190	252
CP00019605	2	60	80	170	200	160	160	120	130	110	120	140	170	120	140	322	332	220	230	140	180	130	150	150	160	120	123	150	153	150	220	160	190
CP00019590	2	80	93	160	180	170	180	80	100	110	120	120	140	160	160	312	322	190	220	160	200	140	160	150	160	110	150	120	150	180	190	190	282
CP00019592	2	80	93	160	170	150	160	100	150	110	130	130	170	140	160	290	322	220	260	170	180	140	150	140	160	100	110	120	160	183	220	160	242
CP00019603	2	60	90	190	230	140	150	130	130	120	130	120	140	140	160	290	290	200	240	170	170	140	150	110	160	140	140	163	183	150	220	190	292
CP00019597	2	70	80	160	200	150	180	120	130	90	110	160	170	130	140	280	290	222	230	150	190	140	160	140	160	100	140	170	183	180	193	150	232
CP00019582	2	90	93	190	200	150	160	130	150	80	120	150	160	120	160	290	300	210	220	170	180	130	150	140	140	110	140	130	140	210	220	150	272
CP00019578	2	60	70	170	190	170	180	80	140	100	120	130	140	130	130	290	290	230	230	140	180	140	160	150	160	110	140	120	150	170	210	302	322
CP00020176	2	60	100	170	200	160	160	120	140	110	130	110	170	140	160	290	322	240	250	170	190	140	150	140	150	100	110	130	153	170	200	190	312
CP00020173	2	60	70	160	250	150	170	130	160	110	110	140	170	130	152	270	280	200	220	170	170	150	160	110	110	113	140	140	160	183	230	170	292
CP00019580	2	70	80	160	170	160	160	100	150	100	130	140	150	130	142	290	322	240	240	160	190	140	150	150	160	100	100	150	173	220	250	170	312
CP00019571	2	60	80	250	250	170	170	140	150	110	130	150	160	130	140	300	322	200	220	160	180	120	140	160	160	110	110	120	193	190	240	262	272
CP00020192	2	60	60	230	250	160	180	140	150	110	130	130	130	140	150	292	300	200	220	170	180	150	150	140	150	100	130	153	173	150	190	292	340
CP00020208	2	60	93	170	200	170	170	110	130	120	120	120	130	140	160	310	332	200	250	170	180	140	150	110	160	110	140	150	160	190	230	180	180
CP00020188	2	60	93	180	250	160	180	110	120	120	120	130	200	152	162	280	312	220	260	150	160	140	140	110	150	110	113	110	150	150	160	190	190
CP00020171	2	60	93	240	250	160	180	130	160	110	130	120	180	130	140	290	290	190	230	180	190	140	160	150	160	130	140	140	173	180	180	150	312
CP00020195	2	70	80	170	230	150	180	140	150	110	120	140	160	120	150	290	312	190	190	160	170	130	140	110	140	120	140	110	153	210	250	170	252
CP00020196	2	60	70	170	250	150	150	80	140	110	130	160	170	120	140	300	322	190	230	170	190	140	150	150	160	100	120	173	173	180	210	252	262
CP00020261	2	60	93	170	230	160	170	130	130	110	140	130	160	120	130	290	310	210	240	150	170	140	150	110	160	110	140	130	150	180	220	212	262
CP00020181	2	80	93	170	230	150	180	140	150	110	130	140	170	140	140	290	322	200	240	140	170	150	150	110	170	130	140	150	160	180	220	170	302
CP00020183	2	60	60	230	230	170	170	120	130	110	120	110	130	120	120	290	300	220	250	150	170	150	150	150	150	110	110	163	173	160	190	170	272
CP00020199	2	93	100	180	250	160	170	100	130	110	120	130	140	150	150	280	290	200	200	170	170	150	160	150	160	110	140	150	160	150	180	180	190
CP00020182	2	70	80	190	190	170	180	120	140	110	120	150	170	140	150	280	290	200	210	150	170	140	150	110	140	110	150	150	173	190	220	180	282
CP00019609	2	60	80	170	200	150	150	80	120	120	130	140	170	140	142	290	300	230	280	140	200	130	130	150	160	110	140	110	120	170	220	242	302
CP00019588	2	93	93	190	190	150	150	140	150	110	130	130	140	130	152	302	322	200	230	160	170	130	170	160	160	140	140	130	180	210	260	232	292
CP00019598	2	80	93	230	240	150	170	130	140	110	120	150	150	130	140	290	290	200	200	180	190	130	140	150	150	113	140	130	183	220	220	140	272
CP00019604	2	60	100	170	170	150	180	130	140	110	110	120	150	142	160	280	312	220	250	130	160	130	140	110	140	110	140	110	130	150	180	200	302
CP00019615	2	70	90	170	250	150	160	130	130	110	120	160	170	140	152	290	300	230	240	170	190	140	150	150	150	110	140	140	183	210	240	190	302
CP00020214	2	70	93	170	250	160	170	130	150	90	110	100	130	142	150	300	300	210	220	160	200	120	140	160	160	140	140	150	163	183	200	160	292
CP00020184	2	60	90	170	190	170	180	100	130	90	110	120	150	140	150	280	290	210	240	160	180	140	160	110	150	110	140	110	120	210	220	170	200
CP00020172	2	70	90	180	200	150	160	140	140	100	120	140	180	130	130	320	320	190	240	160	190	130	140	160	170	113	140	150	163	170	180	190	192
CP00020179	2	60	93	170	210	170	190	130	140	120	130	90	130	120	160	312	322	200	200	140	180	140	140	110	150	110	130	160	160	220	220	180	282
CP00019586	2	80	93	190	190	150	180	130	140	110	130	130	130	140	152	290	300	230	240	170	180	130	140	150	150	100	140	150	170	180	190	170	190
CP00019583	2	60	90	200	250	160	160	120	130	110	120	140	140	140	160	300	300	190	240	170	180	130	150	160	160	110	110	120	163	170	170	160	292
CP00019599	2	60	93	170	190	140	160	130	150	110	130	130	150	140	142	290	312	220	230	170	170	140	150	140	150	110	140	130	150	210	220	190	242
CP00019596	2	60	60	210	240	150	180	130	140	120	130	140	170	150	152	280	292	240	250	160	190	150	150	140	160	100	100	173	173	230	230	282	292
CP00019589	2	60	93	160	200	160	180	130	130	110	130	120	150	130	140	300	312	190	210	170	170	130	150	150	160	100	110	150	163	190	200	272	282
CP00019606	2	60	90	160	170	150	150	150	160	80	110	120	170	130	140	290	322	220	230	140	180	140	140	150	160	110	120	130	163	200	220	160	160
CP00020178	2	93	93	160	240	150	150	120	130	110	110	160	170	130	130	300	322	200	230	180	200	140	150	150	170	110	110	120	130	190	230	190	242
CP00020175	2	70	90	170	200	160	180	120	140	110	120	140	160	130	140	290	290	200	240	150	180	110	140	110	140	140	140	130	173	170	230	190	200
CP00020174	2	80	90	200	230	150	160	130	140	120	130	120	190	140	160	280	312	210	210	160	180	140	160	150	160	110	110	140	153	180	240	180	302
CP00019584	2	90	90	180	240	150	160	120	140	120	140	130	170	140	150	312	322	210	230	160	160	120	140	150	150	140	140	150	163	190	240	282	282
CP00019574	2	80	80	230	240	160	160	90	150	90	100	110	130	130	140	300	332	200	210	160	190	150	150	150	170	110	140	130	153	170	190	170	200
CP00020204	2	60	93	210	250	150	160	130	130	90	120	130	190	140	140	280	280	220	220	170	180	130	150	110	150	110	140	150	160	180	200	222	252
CP00019611	2	70	93	170	180	160	180	130	130	90	100	140	150	130	172	300	322	210	220	150	180	120	150	110	110	110	110	120	150	180	200	180	292
CP00020201	2	60	60	200	220	160	170	100	140	100	120	130	140	140	140	300	322	220	240	140	180	150	150	160	160	100	140	140	163	180	230	160	282
CP00020210	2	60	80	220	240	150	160	120	160	110	120	150	180	120	130	300	302	190	220	150	150	150	150	150	160	100	140	120	150	190	240	140	280
CP00020207	2	60	80	180	190	160	180	130	140	100	120	130	170	142	162	300	322	190	250	170	180	130	160	110	150	100	110	120	163	183	190	170	262
CP00020194	2	90	93	170	170	160	170	130	140	120	120	160	180	140	142	312	322	210	240	160	160	150	170	160	170	113	113	160	160	160	220	252	272
CP00020191	2	60	60	200	240	160	180	140	150	110	120	160	170	140	142	290	322	190	190	170	180	130	160	150	150	100	140	120	173	200	220	190	222
CP00020193	2	60	93	170	190	160	180	110	110	100	120	130	140	140	170	290	300	220	240	170	170	140	150	110	150	100	110	120	150	180	200	140	160
CP00019619	2	80	80	170	260	180	180	110	130	120	130	150	180	130	130	290	290	230	250	190	190	140	140	160	170	140	160	153	170	150	150	180	282
CP00020398	2	60	93	170	240	160	160	130	140	110	130	140	170	120	130	300	310	190	210	170	190	130	150	150	160	113	140	120	140	180	190	252	292
CP00020377	2	70	90	170	230	140	140	110	130	90	120	120	130	140	152	280	290	200	260	150	160	140	150	140	150	120	120	140	150	170	183	170	170
CP00020412	2	70	80	230	230	140	180	110	140	110	120	140	190	130	152	280	290	210	230	150	170	150	160	140	160	110	120	120	130	170	183	180	292
CP00020400	2	80	93	160	200	150	170	120	140	90	110	140	170	130	160	280	290	200	220	160	170	140	140	160	160	110	140	150	170	190	200	170	190
CP00020399	2	80	93	180	240	150	160	110	120	90	130	160	200	120	130	300	312	230	260	160	160	130	150	150	150	110	150	150	170	190	220	180	210
CP00020379	2	60	70	190	250	150	170	110	160	110	130	130	160	120	140	290	300	240	260	160	160	140	170	150	160	110	110	160	163	180	210	190	252
CP00020393	2	60	70	160	170	160	170	120	130	120	130	140	200	150	160	290	322	210	230	170	170	140	150	150	160	113	140	110	163	170	220	170	242
CP00020411	2	90	93	200	230	170	180	110	130	120	130	120	150	120	130	280	280	190	220	140	170	140	150	150	160	140	140	173	193	190	210	222	292
CP00020374	2	60	80	180	200	160	180	130	150	120	120	140	180	120	130	300	312	200	220	170	170	140	150	150	160	110	140	110	150	193	200	200	282
CP00019876	2	60	60	200	230	160	190	130	150	90	110	120	140	140	142	300	312	190	200	150	170	160	160	110	160	110	140	150	173	190	250	190	242
CP00019892	2	70	93	170	240	170	170	130	140	130	130	150	190	130	140	280	290	240	270	170	180	140	160	120	150	100	140	140	173	150	200	190	312
CP00019919	2	80	80	160	180	140	150	140	150	140	150	120	160	130	160	280	310	230	240	140	180	130	150	110	160	110	113	150	170	170	183	210	232
CP00020418	2	60	93	160	170	160	180	140	150	100	120	120	160	120	150	280	280	240	240	160	170	130	140	110	140	113	140	140	150	180	240	262	282
CP00019893	2	60	70	170	170	150	170	90	130	100	130	140	180	140	140	290	290	230	230	170	180	130	130	150	150	113	140	130	150	170	220	190	282
CP00019889	2	60	90	160	170	150	160	110	140	110	120	130	140	140	142	332	332	210	240	140	170	130	150	110	150	110	113	150	173	180	220	180	272
CP00019904	2	60	70	170	190	150	160	140	140	120	120	130	200	130	150	290	300	200	240	170	180	150	150	150	160	100	110	120	140	180	190	170	180
CP00019909	2	60	70	170	170	180	180	100	130	90	110	140	180	130	130	300	302	190	190	180	180	160	160	130	170	110	110	130	173	170	190	222	242
CP00020392	2	90	90	160	230	170	180	140	140	100	120	130	180	130	130	312	312	220	230	170	180	130	160	160	160	110	140	120	140	200	200	200	272
CP00020387	2	60	93	160	170	140	160	120	130	90	110	130	160	150	150	300	312	200	240	140	180	150	150	150	160	140	140	120	173	200	220	180	282
CP00019872	2	80	80	200	250	150	170	130	150	110	130	150	170	130	150	322	322	210	230	140	170	130	170	110	150	110	140	150	163	180	210	210	242
CP00020395	2	70	90	170	200	150	170	80	130	110	120	140	160	140	150	280	290	200	242	160	170	150	160	150	150	110	110	150	160	180	220	150	170
CP00020378	2	60	90	160	200	150	180	120	150	80	90	130	160	160	162	312	322	210	220	150	170	160	160	150	150	110	113	150	150	230	250	170	312
CP00020417	2	90	90	200	240	160	170	90	140	80	100	160	190	140	160	300	302	200	240	140	180	150	170	110	160	110	120	160	163	150	220	160	272
CP00019887	2	60	60	200	220	150	170	100	130	90	110	140	150	130	140	280	280	230	230	170	170	140	160	110	160	110	140	120	150	180	183	170	282
CP00019884	2	93	93	200	230	150	160	130	140	120	140	140	200	120	160	290	290	200	200	170	180	150	160	150	160	100	110	140	183	180	240	212	252
CP00019907	2	60	90	160	260	160	160	140	150	120	130	140	160	130	170	280	290	210	230	160	170	130	130	140	160	110	110	173	193	180	260	160	302
CP00019874	2	70	90	200	230	150	170	90	130	100	110	170	180	142	150	290	312	210	230	140	170	130	140	140	170	110	140	110	150	190	190	180	282
CP00019881	2	60	93	210	230	150	180	120	130	120	120	130	140	130	150	290	300	230	240	140	180	170	170	150	150	140	140	150	163	170	240	262	282
CP00019871	2	70	93	240	260	150	170	110	110	100	130	130	140	150	150	290	312	200	220	160	170	150	170	150	150	120	140	130	173	210	220	190	190
CP00019878	2	60	93	170	170	150	160	120	130	120	120	120	150	130	150	290	332	210	240	160	190	150	160	150	160	100	140	150	173	200	220	242	272
CP00019901	2	70	93	170	200	160	180	130	150	110	120	130	130	130	140	290	300	230	260	170	170	140	140	110	110	100	150	130	170	160	200	200	200
CP00019879	2	70	93	190	200	160	170	130	160	110	110	140	210	140	140	280	290	200	240	170	170	130	150	140	150	100	110	140	183	183	220	160	272
CP00019902	2	70	70	200	210	160	180	130	150	110	120	140	140	140	160	300	322	180	190	140	170	150	150	160	160	110	140	110	183	183	210	252	322
CP00019913	2	60	60	170	220	150	150	140	160	90	100	140	140	140	150	312	312	230	240	170	170	140	140	110	160	100	110	120	173	190	210	200	282
CP00019875	2	60	93	210	220	170	180	130	140	110	110	130	160	150	152	300	302	210	220	170	180	140	170	120	150	130	140	110	153	190	200	302	312
CP00019912	2	90	93	180	250	150	160	110	110	110	110	100	190	120	140	290	300	190	220	140	160	130	160	150	170	110	140	160	170	200	220	170	180
CP00019898	2	70	70	200	230	150	170	140	140	100	130	150	160	130	150	290	300	230	260	110	140	140	150	110	140	110	140	110	140	190	220	140	273
CP00019910	2	90	93	160	240	160	170	130	130	110	120	120	130	140	140	300	312	250	250	150	170	150	150	110	170	110	140	110	160	200	200	262	282
CP00020416	2	60	90	170	190	140	150	110	130	110	110	120	180	142	160	290	332	210	220	140	180	150	150	160	170	100	140	153	173	180	200	170	190
CP00020396	2	70	70	170	170	140	150	120	140	120	130	140	160	142	150	280	280	210	250	140	150	140	170	110	150	100	110	160	183	180	190	170	242
CP00019900	2	80	90	160	220	150	150	130	130	90	110	120	190	140	162	290	312	220	250	140	180	130	160	140	160	120	140	110	173	200	230	190	200
CP00019899	2	60	80	200	240	160	160	120	140	90	110	130	140	152	170	290	290	210	240	150	160	130	150	110	150	113	140	160	173	170	220	160	170
CP00019883	2	93	93	170	230	160	190	140	140	110	110	140	210	130	152	290	300	220	220	170	180	140	160	150	150	113	140	173	183	150	150	170	190
CP00020409	2	70	90	170	250	170	190	120	130	80	130	120	150	130	150	290	332	230	260	160	190	140	140	110	160	110	113	120	160	220	220	160	160
CP00020415	2	93	93	180	250	140	150	120	130	120	130	150	180	140	140	300	320	240	240	170	170	130	160	110	150	100	110	110	163	180	220	160	330
CP00020419	2	70	100	170	190	150	180	100	130	110	120	110	130	140	150	290	300	200	220	140	160	150	160	160	160	110	120	140	173	170	180	252	302
CP00019905	2	80	90	180	250	160	180	100	130	110	140	140	180	140	140	290	322	200	210	170	180	140	150	110	160	113	113	150	150	170	190	180	212
CP00020385	2	60	80	170	170	160	180	110	130	110	130	120	140	140	160	290	312	220	240	150	160	130	140	160	160	110	113	110	160	190	220	272	282
CP00019920	2	60	60	170	180	160	170	130	130	110	110	110	130	120	130	280	332	200	200	160	170	90	140	110	160	100	110	110	130	200	210	200	282
CP00019890	2	60	93	230	240	150	160	110	140	120	130	130	160	130	150	290	300	230	240	180	190	150	150	110	170	110	110	130	160	190	200	170	312
CP00019896	2	80	90	190	230	170	180	80	150	120	120	150	200	140	150	290	322	210	220	140	160	130	150	140	150	110	120	110	130	190	200	160	272
CP00020382	2	60	93	170	200	170	180	90	140	120	120	140	190	120	160	280	322	220	220	150	180	90	140	150	150	110	140	153	153	170	180	170	190
CP00020381	2	60	60	160	170	170	170	110	150	90	110	150	170	130	132	290	322	200	240	170	170	130	160	110	160	110	110	120	150	170	220	302	330
CP00020384	2	60	70	170	240	160	160	80	130	120	120	150	160	140	152	300	312	190	230	170	180	130	150	110	110	110	150	150	160	200	220	140	190
CP00020410	2	60	60	160	240	160	170	130	160	90	90	120	140	140	150	300	300	200	230	150	200	130	140	110	150	140	140	130	170	190	210	190	200
CP00019915	2	80	93	160	190	160	170	130	130	110	110	140	180	132	142	290	290	210	210	150	180	140	140	160	170	110	140	120	120	180	183	170	282
CP00019885	2	70	80	230	240	140	150	140	140	80	110	190	240	140	142	322	322	240	260	180	180	140	140	150	160	110	140	163	173	180	230	170	220
CP00020371	2	60	93	170	230	150	170	80	150	100	130	130	150	140	160	270	332	230	240	180	210	130	140	150	170	110	110	130	173	200	200	210	330
CP00020372	2	60	70	240	250	170	170	130	140	100	120	160	180	130	140	280	310	210	250	140	160	140	150	150	160	110	113	120	170	220	260	140	232
CP00020402	2	80	80	170	230	160	160	110	140	90	120	140	160	140	140	280	290	210	240	140	160	130	140	140	160	110	120	150	153	160	210	262	330
CP00020414	2	70	93	200	260	150	160	130	140	120	130	120	140	140	150	280	322	212	240	170	180	130	160	160	170	100	140	153	170	180	180	140	180
CP00020386	2	60	93	170	200	140	160	110	140	100	120	130	180	140	140	270	280	230	240	170	170	130	150	150	160	100	110	160	163	200	210	180	200
CP00020389	2	90	93	180	200	150	190	100	140	130	140	150	160	120	130	290	322	200	230	140	160	140	170	150	160	100	150	120	160	220	250	200	282
CP00020388	2	70	70	170	170	140	150	120	160	120	120	140	160	142	150	290	312	210	250	140	150	140	140	160	160	100	110	160	183	180	190	170	242
CP00020413	2	70	90	160	210	140	160	130	130	100	110	140	150	130	160	280	280	190	260	180	180	130	140	150	160	113	113	120	153	170	190	272	-9
CP00020376	2	60	90	170	180	170	170	110	120	120	130	160	210	130	152	290	312	220	230	150	170	140	170	160	160	110	113	150	173	190	220	170	292
CP00020407	2	60	90	240	250	160	180	130	140	120	130	130	170	140	140	290	300	190	220	170	190	150	170	150	160	120	140	140	150	170	240	232	292
CP00020406	2	70	90	170	250	160	160	130	130	90	130	120	160	120	162	290	322	210	240	150	170	140	160	160	160	110	140	140	173	150	220	180	272
CP00019873	2	60	93	180	220	150	150	110	130	110	110	120	160	130	130	290	300	200	240	160	180	140	150	110	160	110	140	173	173	200	260	160	222
CP00019888	2	80	93	180	250	150	160	130	140	100	130	140	140	140	152	280	302	190	210	170	190	170	170	110	150	113	150	110	110	180	220	170	230
CP00019877	2	60	60	190	210	150	170	90	130	110	120	160	190	140	162	310	332	210	240	140	190	150	150	110	140	140	140	140	160	190	210	190	292
CP00019894	2	60	93	180	180	150	160	100	130	110	130	170	200	130	140	290	312	210	230	180	190	150	170	160	170	110	140	120	150	170	240	180	282
CP00020375	2	60	90	180	200	140	180	120	140	110	120	150	170	120	162	270	280	230	260	150	160	150	160	110	170	113	140	150	193	170	180	302	322
CP00020404	2	60	80	160	200	150	170	130	140	100	130	150	170	120	152	300	332	210	220	180	180	140	160	150	170	110	150	150	160	150	200	160	190
CP00020391	2	70	90	170	200	180	180	130	140	110	120	160	210	140	150	290	310	220	250	180	180	140	150	160	160	110	120	150	170	220	240	170	222
CP00020380	2	70	70	200	240	150	170	110	130	110	120	140	160	142	150	290	290	220	230	160	180	140	140	150	160	113	140	160	193	180	190	292	340
CP00020408	2	70	80	160	200	160	170	130	130	120	130	120	150	140	160	290	310	210	220	160	170	160	160	110	150	110	110	120	150	150	220	170	282
CP00020397	2	80	80	190	230	150	180	130	140	120	130	170	170	140	142	280	300	220	230	180	190	140	150	160	170	110	140	153	193	150	183	190	272
CP00019891	2	93	93	200	200	160	180	140	150	80	140	160	170	130	152	270	280	190	200	140	160	150	150	110	140	110	110	163	183	210	220	160	242
CP00019917	2	60	90	160	170	150	180	120	140	100	130	170	170	140	162	280	290	190	240	140	160	130	150	110	170	110	160	150	173	183	240	180	292
CP00019906	2	60	80	170	170	150	170	120	140	120	130	150	160	140	150	280	290	240	250	140	170	140	150	110	160	140	140	160	160	180	240	190	210
CP00019916	2	60	100	170	170	150	160	130	150	90	120	120	140	120	150	300	300	210	220	170	180	140	160	140	160	100	113	110	160	220	250	292	292
CP00019908	2	60	80	170	250	170	180	130	140	100	110	130	140	140	140	280	322	200	270	160	170	140	140	140	150	140	140	160	170	200	230	222	292
CP00020373	2	60	70	200	230	180	180	120	120	90	120	150	160	130	150	290	312	230	260	160	170	140	140	150	150	100	140	120	173	150	230	190	252
CP00020383	2	60	80	170	250	140	170	130	140	110	120	150	170	110	130	300	332	200	250	160	170	130	140	150	170	113	120	130	130	190	220	180	200
CP00019882	2	60	80	170	190	150	160	110	120	100	120	160	210	120	130	290	300	210	230	190	190	130	160	160	170	100	100	120	153	150	170	242	282
CP00019903	2	70	80	190	230	150	170	130	130	110	130	120	150	130	130	280	300	220	240	180	200	150	150	150	150	100	110	120	120	173	203	180	262
CP00020401	2	60	80	200	230	160	160	110	140	110	130	120	140	140	140	300	322	190	250	160	180	130	140	140	150	110	113	150	173	180	250	262	282
CP00020403	2	60	90	230	240	150	180	130	130	110	130	120	150	130	160	300	302	200	230	160	200	150	160	160	170	110	113	120	150	200	220	160	170
CP00019886	2	60	80	230	250	150	150	90	140	130	130	160	170	130	140	290	300	220	260	170	170	130	140	150	180	113	120	120	120	160	190	170	272
CP00020405	2	80	90	240	240	160	180	110	120	110	120	100	200	150	150	280	322	210	220	180	180	140	140	160	170	110	140	120	130	183	240	190	222
CP00020390	2	60	80	190	210	150	170	110	140	110	120	130	170	140	160	300	312	220	220	160	170	130	140	150	160	100	140	120	160	180	230	180	282
CP00019911	2	60	93	170	170	150	170	130	150	80	110	150	150	120	150	280	300	230	240	190	200	130	140	150	160	140	140	140	160	180	183	170	180
CP00019897	2	70	80	170	200	150	180	120	150	80	120	120	130	120	162	280	300	230	240	160	170	150	170	150	160	140	140	110	160	190	250	150	190
CP00020420	2	93	93	200	240	140	150	130	130	110	130	120	140	142	150	290	300	230	240	140	180	140	150	150	160	140	140	110	150	180	180	190	262
CP00019895	2	60	60	180	230	140	160	130	150	90	120	120	140	140	160	290	300	210	230	160	180	140	150	150	160	140	140	120	150	183	220	150	273
CP00019918	2	93	93	240	270	150	180	140	150	110	120	100	120	130	130	300	332	210	250	170	180	140	150	110	150	113	150	130	160	200	260	190	282
CP00019808	2	60	93	180	240	160	170	100	120	90	100	120	190	130	130	300	312	190	230	170	180	120	150	160	160	100	110	120	130	180	220	242	252
CP00019779	2	80	90	160	250	150	170	120	150	110	110	120	130	120	140	290	300	200	240	140	170	160	170	110	150	140	140	110	120	150	220	190	232
CP00019789	2	60	80	170	200	170	170	130	150	120	130	130	150	140	150	310	322	220	230	170	170	140	160	150	160	100	113	120	130	190	220	160	190
CP00019791	2	90	93	240	250	150	160	110	130	130	140	120	160	130	130	280	290	200	210	140	180	160	160	160	160	110	110	120	130	170	180	222	222
CP00019799	2	60	60	170	230	170	180	130	160	120	130	130	160	120	142	300	322	200	210	170	180	120	130	170	170	110	120	163	193	150	200	210	262
CP00019790	2	70	90	220	230	160	170	130	160	80	110	140	140	140	140	290	322	210	220	180	190	120	150	150	150	113	120	150	153	220	220	282	292
CP00019834	2	60	60	190	230	150	170	100	130	90	130	160	170	160	160	300	312	190	250	160	170	140	140	110	160	140	140	130	173	190	220	190	292
CP00019801	2	70	90	160	170	150	160	100	140	110	120	150	160	150	160	290	322	200	220	160	180	140	160	160	170	100	110	150	160	190	210	222	252
CP00019782	2	60	90	230	270	150	180	110	140	110	130	130	170	140	152	322	332	200	210	130	170	140	150	110	180	100	110	170	183	150	220	190	312
CP00019867	2	93	93	170	190	180	180	130	140	110	120	130	150	140	142	300	312	200	220	150	180	130	130	150	150	113	113	140	173	190	210	242	312
CP00019845	2	70	93	170	240	150	160	100	140	80	110	120	140	120	130	290	332	210	220	140	170	130	150	110	150	110	140	150	153	193	200	292	340
CP00019792	2	70	90	170	200	180	180	140	150	120	130	160	200	120	142	280	322	200	250	150	180	150	150	150	160	110	113	140	153	183	200	170	282
CP00019860	2	60	70	160	180	160	170	120	140	120	130	140	140	132	140	290	312	200	230	160	180	140	160	160	170	120	140	120	140	180	183	140	200
CP00019858	2	60	93	230	250	160	170	140	150	110	120	130	140	130	172	280	300	200	220	170	180	130	160	140	160	100	120	110	163	180	220	160	292
CP00019856	2	93	93	170	180	140	180	110	120	120	130	130	210	140	140	290	320	210	240	170	180	140	140	110	160	110	140	150	160	210	250	242	272
CP00019857	2	60	80	160	230	150	170	100	130	120	120	140	160	130	140	300	312	210	240	170	180	140	140	140	160	140	140	130	173	210	220	262	292
CP00019828	2	60	80	190	200	160	170	120	140	110	110	150	190	140	160	292	312	220	240	160	170	130	150	110	160	140	140	170	183	183	220	200	222
CP00019821	2	90	90	160	220	150	180	80	140	120	130	130	140	140	150	290	332	190	190	160	170	150	150	160	160	110	140	130	173	180	230	210	212
CP00019863	2	70	90	160	170	150	150	100	130	130	130	180	240	140	140	280	300	200	230	170	170	140	150	150	150	110	140	150	150	220	250	180	222
CP00019846	2	60	93	160	190	140	170	140	140	110	110	140	140	130	140	280	312	200	232	140	160	130	150	160	170	110	113	120	120	150	200	232	282
CP00019825	2	70	93	180	210	160	160	110	150	110	110	130	170	150	152	280	300	220	230	140	170	120	170	150	150	110	110	110	110	180	220	140	190
CP00019824	2	90	90	200	240	150	170	90	140	90	150	120	190	130	140	300	322	190	220	160	170	130	150	110	150	100	110	130	160	150	200	170	222
CP00019838	2	80	93	170	230	150	170	120	150	90	110	140	150	130	140	290	312	220	250	170	170	130	140	150	190	100	140	163	173	200	230	282	292
CP00019868	2	60	80	180	200	150	160	120	130	110	120	120	170	130	142	322	322	210	240	140	180	140	150	110	150	140	140	150	160	190	200	160	292
CP00019835	2	60	80	230	230	170	180	140	150	90	120	130	150	120	150	280	302	220	240	150	160	130	150	110	170	110	140	163	163	190	200	200	292
CP00019836	2	80	93	170	200	150	170	130	140	110	110	130	140	140	140	290	332	180	200	170	170	140	150	150	160	110	140	160	170	160	210	160	210
CP00019870	2	60	60	200	230	140	150	120	130	120	120	140	140	140	142	290	312	220	240	140	190	130	150	160	160	140	140	150	160	150	220	160	282
CP00019833	2	70	100	170	230	140	180	140	150	110	120	140	180	142	150	312	332	200	230	180	180	130	170	110	150	120	140	110	120	190	210	190	262
CP00019826	2	70	70	170	190	160	180	120	130	120	130	140	160	150	160	290	300	230	230	140	150	140	150	150	150	100	110	130	160	210	220	282	332
CP00019837	2	70	93	160	260	160	170	120	150	110	120	120	160	120	130	290	312	240	270	170	170	150	160	150	160	110	140	150	150	220	220	180	210
CP00019830	2	70	93	210	230	140	170	90	150	90	120	120	180	120	140	280	312	220	240	170	180	120	150	140	150	100	110	130	140	170	190	282	322
CP00019822	2	60	60	160	200	170	180	130	130	110	130	120	130	140	140	280	312	240	270	170	180	140	160	140	150	140	140	163	173	190	193	170	200
CP00019866	2	80	90	190	230	170	180	140	140	110	120	140	150	130	130	290	310	190	250	150	180	140	160	150	150	110	140	130	140	190	190	222	292
CP00019829	2	80	90	160	170	140	170	130	140	90	120	100	130	130	140	280	300	210	230	140	160	130	140	150	160	110	140	150	163	200	230	190	282
CP00019841	2	60	80	240	250	150	180	110	150	90	130	130	140	140	140	280	290	230	240	150	180	130	140	150	160	110	140	120	153	180	230	200	292
CP00019831	2	60	93	180	230	170	170	100	100	110	130	130	140	130	142	290	322	210	240	160	170	130	160	150	150	100	110	130	160	180	200	180	232
CP00019774	2	70	80	160	170	170	180	80	130	90	120	130	160	140	152	290	312	230	240	150	180	130	160	140	160	110	140	150	163	170	200	140	190
CP00019847	2	60	80	190	240	150	170	110	130	100	110	120	190	120	130	290	300	200	240	160	160	130	160	160	160	140	140	150	160	180	240	272	302
CP00019851	2	90	93	230	240	180	180	120	140	120	120	130	150	140	142	290	312	240	250	170	180	110	150	110	170	100	110	163	193	170	180	140	322
CP00019844	2	60	80	170	240	160	170	130	130	100	130	150	180	140	140	312	312	200	230	170	170	150	150	140	160	110	140	153	160	170	183	262	282
CP00019823	2	60	60	180	200	180	180	120	140	90	100	120	140	140	140	290	300	200	252	170	170	140	140	110	140	110	140	153	163	170	220	180	210
CP00019842	2	93	93	170	170	150	160	140	150	110	110	140	150	130	130	280	332	210	230	160	180	130	150	150	150	100	120	120	160	230	250	222	262
CP00019859	2	60	93	250	250	140	180	140	150	110	110	130	140	130	130	300	322	190	220	160	170	150	170	140	150	113	113	150	173	210	220	282	282
CP00019827	2	60	93	200	200	140	150	130	130	90	120	150	190	130	140	312	312	220	220	180	180	130	170	140	170	110	110	160	163	180	180	180	282
CP00019862	2	90	93	170	200	150	180	140	150	100	100	140	150	150	160	280	322	240	240	150	150	140	140	110	160	140	150	120	150	150	190	150	170
CP00019864	2	90	93	190	250	160	180	120	120	110	110	140	160	130	140	322	330	190	230	180	190	140	150	140	150	100	100	163	173	170	230	222	292
CP00019861	2	60	90	170	250	150	180	130	140	110	140	120	220	152	160	300	312	210	210	140	170	150	160	150	150	110	140	163	183	183	190	180	210
CP00019865	2	60	93	160	180	140	180	130	150	90	120	130	140	140	140	280	290	210	250	180	190	130	160	110	160	110	113	110	160	190	220	160	200
CP00019819	2	60	70	200	240	150	180	130	140	100	100	170	200	140	152	270	280	200	210	160	160	130	140	140	160	140	140	150	163	190	190	190	262
CP00019778	2	93	93	170	230	160	180	130	150	120	130	160	190	130	142	300	310	190	220	170	170	140	170	140	150	110	120	130	170	220	250	180	200
CP00019796	2	60	60	160	230	180	180	130	140	110	120	150	160	120	140	302	312	210	240	160	160	140	160	140	150	140	140	150	173	150	210	200	292
CP00019803	2	60	90	160	240	150	160	130	140	100	120	130	140	142	150	290	290	230	240	140	170	130	140	150	160	110	140	110	130	180	250	200	330
CP00019804	2	80	90	170	170	170	170	130	140	100	130	140	150	142	152	300	312	210	250	160	170	160	170	160	160	113	140	150	160	180	200	160	160
CP00019775	2	60	90	170	230	160	160	130	130	110	110	130	200	130	130	290	322	200	220	170	180	130	140	150	150	110	110	170	183	220	220	170	200
CP00019780	2	60	90	200	230	170	170	120	130	110	130	130	180	140	140	300	332	220	240	190	200	140	160	140	160	110	110	150	173	170	210	170	302
CP00019820	2	60	93	160	200	160	170	140	140	120	140	120	160	140	142	300	312	222	240	160	160	140	140	140	160	140	140	150	170	190	190	282	292
CP00019787	2	60	93	230	250	160	170	110	150	120	130	140	170	130	130	322	322	210	220	160	180	170	170	150	150	140	150	120	163	170	200	290	292
CP00019771	2	60	60	230	230	170	180	120	140	100	130	120	180	140	150	290	312	200	230	160	170	140	150	150	160	140	140	150	173	183	230	160	180
CP00019793	2	60	93	230	230	170	180	110	140	120	120	140	160	130	142	290	312	240	240	170	180	140	140	150	170	100	110	120	153	190	220	180	302
CP00019788	2	60	60	170	190	170	170	130	130	80	120	140	160	130	140	280	322	190	250	150	170	140	160	150	160	110	130	173	183	183	220	180	332
CP00019781	2	60	93	230	250	180	180	100	130	120	130	140	170	140	150	280	310	210	210	170	170	140	140	110	160	113	140	110	163	150	190	140	170
CP00019797	2	70	90	200	240	170	170	140	150	110	120	120	180	162	170	280	290	180	240	160	180	150	150	150	160	110	110	150	150	180	180	190	210
CP00019807	2	60	93	200	230	150	180	130	130	120	130	120	140	130	140	290	300	200	250	160	170	140	170	150	170	100	113	120	173	170	220	190	342
CP00019800	2	80	93	180	240	180	180	130	150	90	130	160	160	140	150	290	300	210	220	170	180	130	150	160	160	100	120	150	150	180	220	140	210
CP00019813	2	90	93	170	230	150	160	100	110	80	110	160	160	130	130	300	322	220	240	140	160	130	140	150	150	110	140	110	160	200	210	190	200
CP00019814	2	70	93	170	190	150	160	120	130	100	140	120	160	130	140	290	290	200	220	140	180	130	130	150	150	110	113	120	160	160	210	190	232
CP00019772	2	70	90	170	240	160	160	130	140	120	140	130	150	140	140	310	322	220	230	190	190	130	150	150	160	120	140	170	193	210	210	210	220
CP00019794	2	80	93	200	230	150	170	120	150	120	120	130	180	120	120	290	332	230	230	170	170	150	170	150	150	110	110	163	193	190	210	140	210
CP00019839	2	60	93	230	240	150	170	120	130	110	120	130	140	130	140	280	312	230	240	170	170	130	150	150	190	100	113	110	173	200	200	272	332
CP00019854	2	93	93	190	200	140	150	100	130	90	90	140	180	130	140	280	290	190	230	160	170	140	140	150	150	140	150	130	130	180	183	190	292
CP00019852	2	60	90	170	230	130	180	130	150	100	110	140	160	130	140	290	290	210	240	140	180	140	150	110	150	110	110	120	130	170	230	190	292
CP00019855	2	60	90	160	200	150	160	140	150	100	120	110	180	140	142	290	322	240	250	140	170	140	150	150	150	100	110	110	120	220	250	170	302
CP00019805	2	60	93	160	190	140	150	120	140	90	100	150	190	130	132	300	312	210	250	160	180	150	160	150	160	140	140	130	193	220	220	292	302
CP00019843	2	60	90	190	200	150	170	140	140	110	130	170	190	140	140	300	312	210	250	160	180	130	140	110	160	113	140	140	153	170	200	190	292
CP00019811	2	70	90	200	250	150	170	110	140	110	120	120	140	140	140	292	300	210	240	170	180	150	160	150	150	110	113	150	160	180	220	210	282
CP00019817	2	60	70	170	230	140	150	80	130	90	120	130	130	140	160	280	300	230	240	140	180	130	130	140	160	100	140	110	120	170	210	190	200
CP00019832	2	80	80	160	200	140	180	110	140	110	130	140	160	130	160	290	290	190	220	160	190	140	150	110	150	110	120	110	180	210	240	180	272
CP00019773	2	60	90	170	180	140	150	130	140	120	120	110	140	130	142	280	312	220	230	160	170	150	160	110	150	120	140	150	160	170	220	160	262
CP00019850	2	60	80	170	220	140	160	120	130	90	90	130	140	140	150	280	302	240	270	170	190	150	160	110	160	110	140	120	173	170	170	180	282
CP00019853	2	60	93	170	200	140	170	140	150	90	120	170	180	140	160	290	322	200	210	140	180	140	140	150	160	140	140	153	173	220	220	180	262
CP00019785	2	70	80	170	200	170	180	130	130	90	130	120	140	140	140	310	322	210	220	170	170	160	160	160	160	140	160	150	170	190	230	282	332
CP00019815	2	70	70	170	230	150	170	130	140	110	120	130	150	140	142	280	290	230	250	140	160	130	140	140	160	100	140	130	170	170	230	190	320
CP00019809	2	60	90	170	170	150	160	120	130	110	120	180	180	130	140	280	312	210	220	150	160	140	150	150	160	110	140	120	120	180	190	150	200
CP00019840	2	80	90	200	240	170	170	100	140	130	130	150	180	130	150	290	322	230	230	140	180	140	140	150	160	110	150	140	183	183	200	242	252
CP00019776	2	70	93	190	230	170	170	130	130	90	110	140	160	140	142	280	322	190	220	180	190	150	150	150	160	100	140	120	130	200	250	180	190
CP00019816	2	60	93	180	240	140	150	100	120	90	150	110	160	130	150	280	310	240	240	160	170	130	160	150	150	100	100	160	173	180	200	190	302
CP00019810	2	60	70	170	200	160	170	120	140	120	120	160	220	140	142	280	312	220	260	140	170	140	160	150	160	140	140	120	183	150	150	170	282
CP00019848	2	60	90	170	230	160	180	100	130	110	130	120	130	140	140	280	302	220	250	150	180	130	140	160	170	130	140	120	163	180	190	190	302
CP00019806	2	90	93	200	240	140	140	120	130	120	120	160	160	140	140	280	290	220	220	140	170	130	150	160	160	100	140	110	170	180	183	180	262
CP00019812	2	80	93	230	250	150	170	100	150	120	130	140	140	120	130	290	290	240	250	140	170	140	150	150	160	140	140	130	130	180	200	170	210
CP00019818	2	93	93	170	230	150	150	100	140	90	110	130	130	130	130	290	300	190	210	170	170	150	160	110	160	110	140	120	150	170	190	170	272
CP00019849	2	70	90	170	200	170	180	130	130	130	140	130	130	140	140	280	312	220	220	150	170	140	140	160	170	110	140	130	163	180	180	273	302
CP00019786	2	60	90	200	250	160	160	140	140	120	120	130	190	140	150	310	332	190	230	160	170	140	170	140	150	110	140	163	170	170	220	242	272
CP00019783	2	70	80	170	170	150	160	130	130	120	120	130	240	130	130	290	322	230	250	160	170	130	150	150	170	100	110	153	173	200	230	170	242
CP00019802	2	70	90	160	190	160	180	130	150	100	110	140	150	130	152	280	300	220	222	150	180	140	150	140	150	113	140	130	130	190	240	190	282
CP00020014	2	60	70	170	230	170	180	90	150	90	120	140	170	140	140	290	322	220	240	170	180	130	150	110	150	113	120	120	130	160	240	160	282
CP00021063	2	80	90	170	240	140	150	100	150	110	120	160	210	130	130	322	322	180	240	170	170	150	160	150	170	113	140	170	183	160	180	232	232
CP00021052	2	60	90	170	170	150	160	120	150	110	110	130	140	140	152	290	290	210	250	160	180	150	150	160	190	100	140	140	173	200	210	262	-9
CP00019924	2	60	80	190	250	140	150	130	150	110	120	140	150	130	130	290	322	230	240	160	190	150	150	150	160	110	160	120	120	200	210	282	302
CP00020013	2	70	90	160	170	150	190	120	130	110	120	140	160	130	170	290	322	240	260	180	190	140	160	150	160	110	113	160	160	180	230	232	332
CP00019953	2	70	80	170	190	160	170	140	140	90	130	120	210	120	130	280	290	220	230	140	180	150	160	150	160	100	110	150	173	180	230	180	232
CP00021046	2	70	100	160	170	140	170	110	130	120	120	130	140	130	150	280	332	190	230	140	200	140	150	110	150	140	140	173	183	180	180	210	262
CP00019969	2	80	93	230	250	150	180	100	140	90	100	130	140	130	162	322	322	220	230	150	160	140	170	150	160	110	130	120	160	180	200	180	210
CP00021024	2	70	90	160	240	140	150	80	130	110	120	140	170	140	160	300	312	210	210	140	170	130	150	160	190	140	140	150	160	180	220	312	312
CP00019990	2	80	93	200	200	170	180	140	150	120	120	140	190	120	140	290	300	210	230	160	170	150	150	110	160	110	110	150	150	180	220	200	232
CP00019976	2	70	93	190	220	150	150	130	140	90	110	130	150	130	140	270	312	220	270	160	160	130	140	150	160	110	130	130	150	180	190	160	222
CP00019975	2	60	93	230	240	160	160	140	150	130	130	140	210	130	150	300	310	250	280	140	160	130	170	110	150	100	140	110	183	200	240	170	262
CP00019994	2	60	80	230	240	150	150	140	140	100	130	160	160	130	140	300	322	190	230	160	170	140	140	160	160	100	110	120	140	180	200	160	262
CP00020266	2	80	93	200	230	150	160	130	140	90	110	140	160	140	162	290	290	210	240	150	170	140	150	140	160	100	130	150	160	180	200	170	200
CP00019977	2	70	80	200	230	170	170	120	140	90	110	130	160	130	140	280	290	200	250	170	170	150	160	110	160	110	110	110	163	180	200	170	170
CP00021043	2	70	80	190	230	140	160	120	130	120	140	160	180	140	142	290	320	240	290	160	170	160	170	110	160	110	140	110	120	170	180	200	312
CP00021030	2	60	70	190	200	150	150	110	140	110	120	120	210	130	162	280	290	210	210	170	170	130	140	150	160	110	110	110	120	210	210	232	282
CP00019959	2	80	93	200	210	170	170	100	140	130	130	140	160	140	150	322	322	210	220	140	170	130	140	150	160	100	140	153	170	180	220	273	340
CP00019997	2	60	90	200	250	160	170	100	120	80	120	150	160	130	140	300	310	200	230	140	190	150	170	150	150	100	110	150	153	180	220	160	272
CP00019929	2	80	93	180	250	150	160	90	140	100	140	150	160	120	160	300	302	200	230	160	170	130	150	170	170	100	120	130	130	190	220	190	200
CP00021047	2	60	70	160	180	150	160	120	120	130	140	140	170	110	150	280	312	220	250	170	170	130	130	110	170	100	140	110	130	180	220	180	272
CP00019677	2	60	80	170	170	160	180	130	130	120	120	130	170	130	140	300	322	210	230	170	180	140	150	150	160	110	120	140	150	180	190	170	190
CP00020322	2	60	93	160	230	150	170	130	140	100	110	160	160	150	162	290	300	190	240	170	180	140	150	110	150	110	140	120	150	170	220	180	200
CP00020265	2	60	70	200	240	150	170	110	120	110	130	140	140	130	150	280	322	240	240	180	190	140	160	110	160	110	110	110	160	150	220	222	282
CP00021036	2	90	90	170	230	160	170	120	150	110	120	130	170	140	150	290	290	200	250	140	170	140	140	160	160	110	110	150	160	180	210	160	292
CP00020328	2	60	60	160	180	150	150	130	140	90	110	150	150	142	150	300	342	210	240	170	180	140	160	150	160	100	113	120	153	170	220	190	302
CP00020267	2	70	90	170	190	160	170	110	130	90	110	140	140	140	162	290	322	190	240	170	190	140	160	110	150	140	140	160	160	220	220	170	282
CP00021045	2	70	70	170	250	150	180	140	140	110	120	190	190	140	140	300	310	190	230	180	180	150	150	160	180	100	110	150	163	190	210	170	170
CP00021038	2	90	90	170	260	160	170	140	150	110	120	170	180	130	142	280	302	210	220	150	180	140	150	150	160	110	140	150	173	170	180	140	190
CP00021027	2	80	90	160	180	140	180	130	150	90	120	140	180	130	140	312	312	240	250	160	160	140	150	140	150	100	110	110	150	183	200	170	200
CP00020330	2	60	93	200	230	150	150	100	160	110	120	140	150	130	140	312	312	210	240	140	180	140	150	150	170	113	140	110	120	180	190	160	242
CP00019957	2	90	93	200	200	150	150	110	130	120	120	130	140	130	142	290	300	230	240	150	190	160	170	150	160	140	140	150	183	170	220	170	180
CP00019956	2	70	90	170	250	170	190	120	130	80	130	120	150	130	150	290	332	230	260	160	190	140	140	110	160	110	113	120	160	220	220	160	160
CP00021025	2	60	80	230	250	150	150	130	160	120	130	120	150	120	140	290	300	200	240	160	190	140	140	140	140	110	113	150	183	160	220	190	302
CP00021040	2	80	93	200	250	140	170	130	140	90	90	140	190	150	152	290	322	200	240	150	180	140	150	160	160	140	140	153	173	200	220	180	220
CP00021044	2	80	93	170	180	160	170	80	130	80	140	130	140	142	142	300	312	210	232	140	150	150	150	150	160	100	110	130	183	180	240	180	262
CP00021051	2	60	90	170	180	150	180	100	130	90	110	160	170	130	130	292	300	220	220	140	150	140	140	110	150	110	113	120	130	170	200	240	282
CP00021058	2	60	90	240	250	170	190	130	140	100	110	130	130	140	140	280	322	200	210	170	170	130	140	110	160	110	140	120	173	170	220	160	272
CP00019932	2	90	93	160	230	150	160	140	140	120	130	160	170	140	140	290	322	230	230	170	170	130	150	150	160	100	110	163	183	150	190	130	222
CP00021060	2	60	93	170	180	150	170	140	150	110	120	130	170	130	150	290	322	210	220	160	160	140	140	160	170	100	140	110	173	190	220	180	200
CP00021032	2	60	93	170	230	150	180	80	140	120	130	130	150	130	152	290	322	200	250	170	180	130	130	150	150	110	140	120	170	180	260	140	262
CP00021048	2	80	93	230	250	150	170	110	140	100	110	150	160	130	150	290	312	232	240	140	170	160	160	110	150	140	140	120	130	190	220	292	292
CP00021034	2	60	90	170	170	140	180	120	150	100	120	140	150	140	160	302	332	200	210	170	190	140	140	140	140	100	110	110	160	200	210	200	282
CP00020262	2	80	90	180	250	170	170	150	150	90	120	130	160	140	152	280	290	190	210	180	190	140	140	110	150	110	110	130	153	180	240	282	292
CP00021050	2	60	100	170	220	180	180	140	150	110	140	140	170	130	152	300	332	210	250	170	180	140	160	150	160	110	110	160	173	150	180	170	180
CP00019950	2	80	93	170	170	160	170	120	120	90	110	120	160	120	130	280	300	220	240	150	170	150	160	150	150	110	140	140	170	200	210	222	272
CP00019921	2	80	90	180	230	160	160	130	150	110	120	120	140	120	120	290	312	200	260	170	180	130	140	140	160	100	113	140	163	170	190	150	170
CP00021023	2	93	93	170	170	140	180	150	150	90	120	100	140	120	150	280	290	220	220	160	180	140	150	160	160	113	140	153	153	200	200	140	210
CP00019996	2	90	90	170	240	150	160	130	140	130	130	150	170	130	152	300	312	190	220	160	170	140	140	110	160	100	110	120	150	170	180	180	200
CP00019949	2	60	93	250	250	160	160	130	140	120	120	130	140	130	150	300	332	220	230	150	190	140	150	150	170	100	140	130	150	150	180	170	180
CP00019970	2	80	90	200	240	140	180	120	130	100	100	130	140	130	140	280	300	230	240	150	190	130	150	160	160	140	150	120	163	160	200	180	252
CP00020329	2	90	93	230	250	150	170	100	140	110	110	130	210	140	152	280	310	210	240	170	180	140	160	140	170	110	113	160	170	210	220	140	332
CP00019930	2	80	90	230	250	140	180	150	150	110	120	150	170	140	150	290	312	210	230	150	180	140	150	160	160	140	140	130	180	210	220	160	160
CP00020009	2	90	100	160	160	170	180	120	150	110	130	130	140	140	140	280	312	240	250	160	170	140	160	140	160	120	140	150	173	210	220	262	272
CP00021039	2	60	60	160	170	140	140	130	130	90	120	140	160	120	160	280	312	210	230	160	170	130	140	110	160	140	150	153	170	180	180	242	332
CP00021061	2	60	80	170	190	160	170	130	130	90	110	150	150	130	152	270	300	200	220	140	170	140	170	110	160	100	140	163	170	190	240	200	252
CP00021021	2	60	70	160	230	150	180	140	140	80	90	150	150	130	160	290	300	190	210	150	160	150	160	150	160	113	150	140	160	160	200	170	170
CP00020327	2	80	90	170	200	150	180	110	140	110	120	140	160	140	142	270	322	250	270	140	160	140	140	150	170	110	140	110	173	160	190	252	272
CP00021028	2	93	93	200	220	160	170	110	140	110	110	120	120	130	130	290	300	200	220	160	180	130	140	150	150	140	140	150	153	150	150	190	190
CP00020263	2	60	90	160	170	150	170	140	140	120	120	140	140	130	140	290	322	210	250	160	170	150	160	160	160	120	140	160	170	150	160	170	200
CP00019960	2	80	80	160	250	150	180	130	150	90	110	130	140	140	142	280	290	200	220	140	150	150	150	150	160	110	150	153	160	240	250	161	202
CP00019922	2	70	90	160	250	140	150	100	130	110	140	130	170	150	160	290	300	220	250	180	180	140	150	150	160	110	140	130	150	220	220	160	282
CP00019995	2	60	90	170	240	150	160	140	140	120	120	140	200	132	152	300	300	190	240	160	170	140	150	110	180	110	110	110	150	180	200	170	262
CP00021062	2	60	93	180	240	150	160	80	140	120	120	140	160	150	150	290	312	200	210	170	170	130	150	150	160	100	140	150	160	170	200	170	190
CP00021059	2	60	60	170	180	170	170	100	100	110	120	120	170	130	150	270	300	200	260	140	150	160	170	150	150	140	140	120	160	190	190	180	292
CP00020011	2	60	90	200	250	160	170	140	140	120	140	180	180	130	150	290	290	230	240	140	180	130	160	150	150	140	150	150	160	190	200	170	242
CP00019951	2	60	93	170	230	150	160	140	140	110	130	140	180	130	140	280	302	200	270	140	190	130	150	110	150	110	120	160	183	150	170	262	312
CP00020268	2	60	80	230	250	150	180	130	150	90	110	120	180	130	140	300	322	180	230	140	170	140	150	140	150	100	100	120	173	210	220	170	180
CP00019678	2	60	70	190	230	160	170	110	130	90	120	100	170	120	140	290	290	210	220	150	180	140	140	110	110	113	140	160	160	180	220	140	190
CP00019952	2	60	93	180	250	140	160	130	150	110	120	130	170	120	140	290	290	220	232	140	200	130	140	110	170	140	140	120	130	190	200	232	312
CP00021037	2	60	100	170	220	180	180	100	150	90	110	130	140	140	152	290	332	230	250	170	180	140	160	110	150	110	110	120	160	150	180	170	180
CP00021042	2	60	93	170	230	170	170	150	160	90	100	140	140	150	160	290	290	250	260	160	180	140	140	150	160	110	110	130	150	160	190	160	262
CP00021041	2	90	93	160	230	140	180	140	150	90	130	150	180	120	130	280	290	220	240	160	170	130	140	110	110	140	140	150	183	173	193	150	170
CP00020010	2	80	100	170	200	140	170	120	130	100	110	130	130	140	140	290	300	210	220	140	170	130	140	150	160	140	140	153	163	190	200	252	282
CP00021056	2	60	60	160	190	150	180	110	150	90	130	120	160	132	140	280	290	230	250	110	180	130	130	160	160	110	150	110	173	200	210	150	200
CP00020012	2	70	70	240	240	170	170	150	150	110	130	170	190	120	140	280	310	210	230	140	170	120	140	110	160	110	140	120	130	200	230	140	160
CP00021031	2	70	70	170	200	150	190	140	150	100	110	170	180	120	162	300	312	210	210	150	170	150	150	150	160	113	140	160	183	180	190	170	292
CP00019958	2	60	70	200	250	150	170	130	150	90	120	160	190	130	130	280	310	220	220	160	170	130	140	150	160	100	110	120	120	200	210	232	262
CP00019971	2	60	90	180	230	160	170	130	150	120	140	180	210	130	130	290	302	200	240	160	170	160	170	150	150	110	110	130	130	210	220	180	200
CP00021026	2	70	93	170	250	150	160	100	140	120	140	140	150	130	160	280	290	230	250	160	170	130	140	150	160	110	140	110	173	180	230	150	200
CP00020321	2	60	80	160	240	150	160	130	130	130	140	130	160	140	140	280	280	190	250	170	180	150	150	110	110	100	140	120	153	200	220	222	302
CP00019972	2	60	93	170	190	160	170	120	150	90	130	120	190	130	150	300	310	210	270	170	180	130	140	160	160	90	120	110	183	170	180	170	272
CP00021035	2	93	93	180	230	160	170	120	120	100	110	140	160	130	160	312	322	190	240	160	180	140	150	150	150	113	140	120	173	170	250	210	290
CP00020264	2	60	90	180	250	160	160	140	150	100	120	170	170	140	140	290	290	240	250	150	160	120	140	150	150	110	140	110	140	180	230	272	292
CP00021049	2	60	93	170	170	150	160	120	140	130	140	140	150	130	152	312	332	190	250	140	190	150	150	110	170	140	140	160	173	180	200	180	190
CP00021033	2	60	90	210	240	150	150	150	170	120	120	120	160	130	162	300	300	220	250	140	150	140	140	110	140	110	120	120	160	180	190	232	312
CP00019954	2	90	93	200	210	160	160	130	130	110	120	130	190	130	130	280	300	210	220	140	160	150	160	160	170	110	140	110	140	190	210	160	292
CP00019931	2	93	93	160	230	170	170	110	150	100	140	120	140	140	150	300	322	200	220	160	180	140	150	140	160	110	110	110	120	150	200	180	282
CP00021054	2	60	80	190	240	150	160	130	140	110	110	130	130	130	160	280	290	210	220	140	160	140	140	140	150	140	140	160	193	190	190	180	282
CP00021029	2	60	60	200	230	160	180	90	130	90	120	110	130	160	180	290	290	210	240	140	180	130	140	110	150	140	140	140	173	183	190	140	190
CP00021053	2	90	90	160	200	150	160	120	130	110	140	160	180	140	152	290	300	190	220	160	180	130	130	160	170	113	120	110	150	220	220	170	222
CP00021022	2	80	93	170	190	150	190	130	160	120	130	120	120	130	140	300	332	230	240	150	160	130	150	150	170	100	150	160	163	160	240	180	242
CP00021055	2	60	93	170	170	150	160	130	140	110	140	150	150	140	140	280	290	230	230	160	170	130	140	140	160	100	100	120	160	183	190	170	190
CP00020718	2	80	90	160	180	160	160	100	130	90	120	140	140	130	160	302	312	190	240	170	180	150	150	160	160	110	140	160	160	180	190	190	272
CP00020716	2	93	93	170	180	150	150	100	140	110	120	120	140	130	140	290	300	240	250	160	160	160	170	140	160	100	140	110	160	170	180	170	190
CP00020696	2	60	60	200	240	150	160	140	140	120	130	210	210	140	170	300	322	230	260	170	190	150	150	150	160	113	140	140	150	180	190	170	190
CP00020714	2	60	90	170	180	150	160	130	150	100	120	140	170	142	160	290	290	210	240	160	170	140	150	160	170	110	140	120	150	180	200	150	262
CP00020682	2	70	80	190	250	170	180	130	140	90	110	160	180	120	142	300	310	200	200	180	190	150	160	140	150	110	113	150	173	190	200	232	242
CP00020698	2	60	60	180	230	150	170	130	150	90	120	150	190	140	140	290	312	210	240	170	180	130	140	160	160	113	140	140	140	210	230	282	292
CP00020697	2	93	93	210	250	160	170	140	160	110	120	110	160	130	130	280	312	230	260	150	180	140	150	140	150	100	140	130	183	220	220	222	350
CP00020688	2	80	90	190	250	150	170	140	150	120	130	120	170	130	142	290	300	240	260	170	180	150	150	110	150	100	110	153	170	170	180	170	210
CP00020687	2	70	90	160	230	150	170	130	140	120	130	140	150	140	150	270	332	200	210	160	170	130	150	150	150	100	110	150	160	220	240	170	272
CP00020675	2	60	93	190	240	140	170	150	150	110	110	130	160	140	160	290	310	180	220	160	170	150	160	150	160	110	140	150	163	183	190	170	282
CP00020717	2	60	93	160	250	160	160	140	150	110	130	150	170	150	152	280	312	220	240	160	190	130	140	150	170	100	120	130	140	170	200	180	282
CP00020676	2	60	70	160	250	170	170	110	130	110	120	150	150	140	140	300	312	210	220	180	180	140	150	150	160	110	140	130	193	160	190	150	180
CP00020704	2	60	93	230	250	150	170	130	140	110	120	120	150	130	140	290	300	220	250	180	180	150	160	150	170	110	110	120	150	180	200	170	210
CP00020686	2	80	90	200	240	150	150	130	130	120	120	120	130	140	160	280	290	220	230	180	190	140	150	150	170	140	140	153	173	220	230	252	282
CP00020699	2	60	60	180	190	150	180	100	140	110	130	100	130	142	150	280	280	230	250	140	200	140	160	140	150	110	140	120	150	150	220	232	282
CP00020700	2	60	60	170	240	140	150	110	140	90	130	160	160	120	150	292	322	200	230	160	160	140	140	150	170	120	140	160	160	190	200	150	302
CP00020689	2	60	60	240	250	160	180	140	150	110	110	130	150	120	140	280	290	230	230	150	170	130	140	160	160	110	140	120	173	180	210	202	212
CP00020566	2	80	90	180	200	150	160	130	140	120	130	130	140	142	160	290	290	230	240	170	170	150	160	110	150	100	113	120	130	210	230	242	272
CP00020360	2	60	70	170	230	140	180	110	140	110	110	130	180	130	130	280	312	230	250	170	180	140	150	150	150	110	140	120	120	190	220	232	282
CP00020345	2	60	70	230	230	150	180	130	150	100	130	130	140	130	140	300	302	220	230	160	170	150	150	110	170	110	140	150	173	220	220	150	180
CP00020357	2	60	70	170	170	160	170	130	140	110	110	130	140	140	150	310	322	220	240	170	180	120	140	150	160	100	140	160	173	150	190	222	272
CP00020352	2	93	93	170	210	160	160	110	120	120	120	140	160	120	130	280	312	190	230	140	170	140	150	110	160	100	110	130	160	190	200	170	252
CP00020353	2	90	93	180	200	150	150	130	140	110	120	140	180	140	140	300	312	210	220	150	170	130	160	150	160	100	140	150	173	183	190	302	302
CP00020342	2	90	100	200	230	170	170	120	140	120	130	140	160	130	140	290	290	210	250	160	180	130	140	150	160	120	140	170	183	190	200	222	252
CP00020367	2	60	93	190	250	140	160	130	130	110	130	160	180	120	120	332	332	200	222	170	170	170	170	110	160	140	160	173	193	200	250	170	170
CP00020561	2	80	93	200	230	150	160	130	140	90	110	140	160	140	162	290	290	210	240	150	170	140	150	140	160	100	130	150	160	180	200	170	200
CP00020343	2	60	93	180	230	140	150	90	150	90	90	160	160	140	152	290	322	210	210	140	160	130	130	160	160	100	120	173	173	210	210	170	262
CP00020569	2	70	90	170	250	150	150	140	150	110	110	130	170	130	140	312	312	230	250	140	180	140	160	150	160	110	110	110	183	210	220	200	302
CP00020554	2	90	90	200	240	140	140	120	150	110	110	120	170	130	132	290	312	240	250	170	180	140	160	150	160	110	140	120	160	150	230	170	180
CP00020355	2	93	93	170	180	150	170	110	160	110	120	140	150	130	130	290	332	200	230	190	190	130	140	140	160	100	150	150	160	190	200	282	302
CP00020356	2	60	70	180	230	160	160	130	140	130	130	130	150	130	150	290	332	200	200	160	170	150	150	110	110	100	110	110	153	200	240	190	210
CP00020562	2	60	80	170	200	140	160	80	150	110	120	110	160	120	140	300	302	190	232	170	180	150	170	150	170	110	140	140	173	190	230	140	190
CP00020563	2	60	93	170	170	150	170	120	150	120	130	150	160	140	160	280	290	210	220	160	180	140	140	150	160	110	140	110	160	183	230	282	350
CP00020564	2	60	80	170	230	160	160	130	130	130	130	160	180	110	120	270	290	220	230	140	170	140	150	160	160	110	150	170	173	220	220	272	302
CP00020341	2	60	60	160	190	150	180	90	160	110	110	160	160	140	140	290	300	190	250	150	160	140	170	150	150	110	120	160	183	230	260	272	282
CP00020695	2	70	90	190	230	150	170	130	140	120	130	140	160	130	140	290	300	210	210	160	180	130	150	150	160	100	110	153	160	220	220	190	272
CP00020363	2	70	93	170	200	170	180	140	150	110	120	160	180	120	160	290	310	230	230	170	180	150	150	150	160	113	120	120	173	150	190	262	282
CP00020362	2	60	90	180	230	150	160	130	140	90	110	120	140	130	130	290	290	220	240	170	190	140	140	160	160	140	140	160	163	170	190	150	292
CP00020359	2	60	93	170	180	160	160	130	150	120	120	120	160	130	130	290	292	210	230	140	160	140	150	150	170	110	140	150	163	180	190	140	200
CP00020551	2	60	60	160	230	160	180	150	150	110	130	150	210	130	140	290	302	230	230	160	170	130	160	150	160	140	140	130	163	170	183	180	210
CP00020365	2	93	93	200	250	150	160	120	130	120	130	140	180	150	150	290	312	200	210	170	170	130	140	110	140	113	140	163	193	190	220	180	282
CP00020712	2	70	93	170	230	150	180	130	150	90	110	140	140	150	150	290	290	232	240	150	180	160	170	150	150	113	140	150	160	170	210	210	292
CP00020556	2	70	93	180	200	150	190	110	130	120	120	140	170	120	130	300	322	200	240	170	170	140	150	110	150	110	140	130	140	180	200	190	190
CP00020559	2	60	60	170	190	160	180	120	140	110	110	140	160	140	160	280	312	240	260	140	150	140	150	160	160	110	140	130	153	180	183	170	210
CP00020350	2	80	90	170	180	170	170	120	140	110	110	130	160	140	160	290	312	200	250	140	180	160	170	140	150	140	150	110	173	200	200	190	292
CP00020570	2	60	93	170	210	150	150	130	150	90	110	150	190	130	140	290	300	230	250	140	170	140	150	150	160	110	110	120	183	190	240	282	292
CP00020552	2	60	60	170	170	160	170	100	130	110	130	140	170	140	142	300	322	230	240	140	140	150	150	110	160	140	140	110	153	170	180	222	282
CP00020560	2	60	70	170	200	160	160	100	130	100	120	160	210	142	150	290	312	200	230	170	170	140	140	160	160	110	113	153	173	160	220	190	232
CP00020567	2	60	70	190	190	150	170	150	160	110	120	130	180	120	150	280	312	220	240	140	160	130	150	150	150	100	140	130	130	183	190	200	312
CP00020346	2	80	90	230	250	160	170	130	140	120	120	130	140	152	152	290	290	210	210	160	170	150	160	150	160	110	110	110	183	180	210	222	262
CP00020347	2	70	90	170	200	180	180	130	130	110	120	150	160	140	140	280	290	220	250	170	180	150	160	150	160	100	130	150	150	170	220	200	242
CP00020558	2	60	90	230	250	150	170	140	150	100	120	140	180	130	162	312	312	210	240	170	190	140	150	150	150	120	140	130	140	150	180	180	180
CP00020557	2	90	93	170	230	160	170	130	140	110	110	130	160	140	150	280	312	190	210	160	180	150	150	150	150	110	110	160	163	183	230	150	232
CP00020361	2	93	93	170	200	140	150	130	130	80	120	140	160	150	152	280	322	190	190	170	170	140	160	110	160	110	140	163	173	150	180	282	322
CP00020368	2	70	80	190	230	120	180	120	140	90	110	120	140	130	140	290	290	230	230	140	170	140	160	150	170	110	110	110	163	210	220	160	210
CP00020348	2	93	93	160	220	150	180	120	130	120	130	140	140	150	160	290	300	220	230	170	170	110	170	140	170	110	120	160	163	190	200	150	190
CP00020370	2	60	93	170	190	160	170	90	140	110	130	130	160	140	160	280	310	200	220	160	180	140	150	150	160	140	160	153	163	210	220	160	292
CP00020358	2	70	80	190	200	140	180	100	150	110	130	130	150	140	140	300	312	210	210	170	170	130	140	110	160	100	110	140	173	183	230	180	322
CP00020349	2	60	90	160	170	140	170	140	160	110	130	160	180	120	130	312	312	250	260	170	170	140	150	150	170	113	140	163	173	220	220	170	180
CP00020553	2	60	93	160	210	160	170	140	150	90	90	160	200	140	152	300	312	220	230	140	150	150	170	110	110	100	140	130	160	180	180	242	272
CP00020344	2	90	93	230	250	150	180	110	120	120	120	140	160	130	142	280	290	220	240	160	170	140	140	150	160	110	140	120	160	180	220	140	190
CP00020555	2	60	70	170	180	170	180	100	130	80	120	140	210	130	142	280	290	200	210	160	170	140	160	150	160	100	110	160	160	170	170	282	292
CP00020354	2	60	93	170	210	150	180	100	140	110	110	140	160	130	140	290	300	230	230	170	180	130	140	140	150	120	140	130	150	170	210	252	282
CP00020565	2	60	80	180	180	150	160	140	140	120	120	140	160	130	140	300	310	230	250	170	170	130	130	110	150	110	120	110	173	170	190	160	292
CP00020690	2	60	60	170	190	150	160	110	140	120	130	130	150	140	152	280	342	220	230	150	160	130	150	160	160	100	100	140	173	190	220	160	282
CP00020702	2	60	70	200	230	160	180	130	160	100	110	120	140	140	140	290	312	210	240	170	170	140	150	150	160	110	150	110	173	180	200	242	340
CP00020711	2	70	90	160	200	150	170	120	130	110	130	160	170	130	140	300	312	210	220	160	170	140	160	150	150	140	140	130	163	210	220	180	180
CP00020692	2	90	93	170	190	160	190	140	150	110	120	130	160	140	162	280	322	240	250	170	170	140	140	110	160	140	140	120	150	220	250	180	212
CP00020685	2	70	90	170	200	160	180	120	140	110	120	140	160	130	140	290	290	200	240	150	180	110	140	110	140	140	140	130	173	170	230	190	200
CP00020703	2	70	80	240	260	160	160	130	130	90	130	140	170	140	150	280	290	200	240	160	160	130	150	150	150	110	140	160	173	220	230	282	292
CP00020681	2	60	80	170	170	170	170	120	150	110	120	130	140	130	152	322	332	220	220	140	150	140	150	150	160	110	113	140	150	210	250	210	292
CP00020706	2	60	60	170	210	160	170	150	150	80	100	140	150	140	140	290	322	240	240	150	160	130	140	140	150	110	120	110	150	150	170	190	220
CP00020710	2	60	70	160	180	160	170	140	150	120	140	120	160	142	160	300	312	190	250	160	160	170	170	150	160	110	140	140	140	170	220	170	190
CP00020672	2	60	93	190	250	140	180	130	150	110	120	140	150	130	130	300	310	200	200	150	180	140	160	160	160	110	130	110	130	150	200	170	222
CP00020677	2	70	80	170	230	150	150	100	130	120	130	130	140	130	130	302	322	210	220	160	180	150	150	150	170	110	110	140	170	170	210	200	312
CP00020691	2	60	93	180	180	180	180	130	150	100	110	120	140	130	152	280	290	220	250	150	160	130	140	150	160	110	140	170	173	183	230	222	282
CP00020680	2	80	93	230	260	150	180	100	130	110	130	120	130	130	140	280	290	210	250	140	150	140	160	140	160	140	150	150	150	210	210	292	302
CP00020709	2	60	80	170	190	150	160	120	150	90	100	120	130	120	130	290	312	230	250	160	170	130	170	150	150	110	110	150	183	180	200	252	342
CP00020679	2	60	93	200	230	160	170	110	150	100	120	140	160	130	132	290	312	190	220	160	180	140	150	120	160	110	113	150	193	190	220	150	190
CP00020671	2	60	80	220	240	150	160	130	140	120	120	140	140	130	142	320	322	220	240	160	190	140	150	150	160	120	140	150	160	170	220	170	302
CP00020719	2	80	90	180	200	160	160	100	130	120	130	140	150	130	160	290	312	190	220	170	180	150	150	160	160	110	130	140	160	180	190	200	302
CP00020693	2	80	90	200	230	150	180	110	140	90	110	140	150	130	140	310	322	220	260	170	180	150	150	110	160	113	140	110	173	160	190	160	222
CP00020708	2	60	80	210	250	160	170	140	150	120	120	140	150	120	130	290	290	220	240	150	180	130	160	140	160	110	110	140	173	210	220	212	262
CP00020705	2	70	93	170	230	160	160	110	140	110	130	140	160	110	130	290	300	210	250	160	190	150	160	150	160	110	140	110	120	180	220	222	232
CP00020720	2	80	93	170	200	160	180	120	130	100	120	130	140	140	150	270	290	230	250	150	190	150	150	140	140	110	140	150	173	170	180	170	190
CP00020707	2	60	60	170	230	140	160	140	150	80	130	160	180	150	160	290	290	200	250	150	170	130	150	150	160	100	140	120	170	210	240	232	292
CP00020674	2	60	70	170	200	150	180	110	160	100	110	130	150	130	140	300	312	240	250	140	170	130	150	110	150	110	140	110	173	170	240	292	330
CP00020673	2	60	80	170	240	150	170	120	130	100	110	130	150	120	130	312	322	230	240	160	180	140	140	140	150	113	140	110	163	180	220	160	160
CP00020701	2	60	70	240	250	140	150	130	150	110	120	150	170	140	162	280	332	210	220	160	210	140	160	150	150	113	113	160	183	160	200	190	212
CP00020713	2	93	93	160	240	140	160	130	140	100	120	130	170	120	150	312	322	200	210	160	160	150	160	140	150	110	140	150	160	180	220	282	330
CP00020715	2	80	80	160	230	180	180	130	150	120	120	140	210	110	140	280	312	210	230	170	170	150	150	110	150	100	113	120	163	190	220	292	302
CP00017120	2	60	80	200	240	170	180	130	130	110	120	130	140	130	150	312	312	210	250	140	160	150	150	150	160	110	140	163	173	150	170	272	292
CP00017077	2	60	70	200	240	150	150	110	130	100	120	150	170	130	142	290	290	200	240	140	150	140	150	150	150	110	110	150	170	200	220	180	262
CP00017117	2	90	90	170	190	160	190	120	130	110	110	140	160	130	130	280	332	200	240	150	180	130	160	150	180	130	140	150	163	190	230	170	200
CP00017100	2	60	80	200	240	160	180	110	110	120	130	130	160	130	160	290	290	200	230	190	200	150	150	140	160	110	110	120	183	180	220	180	312
CP00017118	2	60	90	190	200	150	160	130	140	110	120	140	200	120	130	290	300	190	210	160	180	130	130	140	160	140	140	153	160	180	190	170	282
CP00017083	2	60	90	160	170	160	170	130	140	120	130	120	140	122	130	290	310	210	230	150	180	150	160	140	150	110	140	120	173	190	230	170	282
CP00017085	2	80	80	170	170	170	180	130	140	130	130	140	170	120	140	280	290	210	240	160	170	150	150	160	170	110	110	130	150	210	220	210	292
CP00017097	2	60	60	170	240	170	190	130	150	110	120	170	170	130	140	300	300	240	252	140	180	140	160	160	180	110	140	120	170	170	220	170	232
CP00017092	2	90	93	230	250	150	180	100	140	120	140	140	160	140	152	290	322	230	240	150	180	130	180	150	150	100	113	110	160	190	220	180	312
CP00017038	2	90	93	160	250	160	160	120	130	90	110	130	130	130	140	300	322	240	240	170	180	130	160	150	160	113	140	120	153	170	180	190	200
CP00017067	2	93	93	200	210	140	170	130	160	90	120	130	170	140	152	290	322	230	240	170	170	130	150	150	160	100	110	150	163	180	240	170	252
CP00017017	3	60	90	230	240	160	180	100	140	80	110	140	160	140	140	290	292	200	250	180	180	150	160	150	180	110	140	110	173	200	200	282	282
CP00017012	3	90	90	200	210	170	170	140	140	120	130	160	160	140	140	310	312	190	230	150	180	120	160	150	150	110	110	140	160	180	210	252	312
CP00017036	2	60	80	160	220	160	160	120	140	110	120	140	180	140	140	280	322	190	240	150	170	150	150	110	170	100	140	110	130	180	230	150	302
CP00017040	2	70	93	200	220	160	170	120	140	120	130	150	160	130	140	292	302	230	230	140	160	140	150	110	150	110	140	100	150	180	210	170	242
CP00017046	2	90	93	170	240	150	170	100	160	110	120	160	170	120	140	280	290	220	232	160	170	150	150	150	160	110	150	150	150	170	180	200	350
CP00017059	2	90	93	170	250	150	170	130	140	110	130	130	160	110	150	290	302	200	220	160	180	160	160	110	160	100	120	160	163	190	210	160	212
CP00017043	2	70	70	160	240	150	150	150	150	110	120	120	130	140	140	290	300	200	270	160	190	140	140	110	160	110	140	140	153	200	220	210	272
CP00017080	2	60	93	170	200	140	170	110	150	120	130	140	180	120	130	300	302	270	270	140	160	140	150	150	150	110	113	163	163	190	190	190	232
CP00017079	2	80	100	170	190	140	140	110	130	130	130	130	190	130	140	300	312	270	270	140	170	150	160	140	150	110	140	150	160	170	190	190	232
CP00017056	2	60	90	200	230	150	170	120	140	110	110	130	170	140	140	290	300	190	230	160	160	150	160	140	150	110	140	120	150	190	220	180	330
CP00017057	2	90	93	170	240	140	170	130	150	110	120	180	220	120	140	290	312	220	220	140	160	140	150	150	160	100	120	150	160	220	230	150	282
CP00017058	2	90	93	230	250	170	180	140	140	120	130	150	180	150	150	280	312	210	250	150	170	140	150	160	180	100	110	110	170	200	210	160	282
CP00017087	2	93	93	160	200	180	180	130	140	90	110	150	200	140	150	280	300	260	280	140	170	130	150	110	110	100	113	120	160	170	230	190	350
CP00017072	2	80	93	200	230	160	170	130	150	100	110	140	150	140	150	280	290	200	260	160	170	140	150	150	160	110	120	153	163	183	230	190	312
CP00017075	2	70	70	200	230	150	190	130	140	90	140	110	180	130	150	270	312	240	240	170	180	130	150	150	160	100	113	130	170	190	190	180	282
CP00017078	2	80	80	200	250	150	180	120	140	90	110	130	180	142	160	290	300	190	240	140	180	140	150	150	150	110	113	110	160	180	190	180	190
CP00017053	2	70	93	220	230	140	150	140	160	110	130	160	170	130	140	290	300	200	240	140	140	140	150	150	160	113	113	150	153	180	180	220	302
CP00017052	2	60	93	200	210	160	180	90	140	120	130	140	150	120	140	280	322	240	250	160	170	140	150	150	150	113	113	130	130	190	200	180	210
CP00017119	2	60	70	160	250	150	160	140	140	90	130	150	150	110	140	280	280	220	230	160	190	140	170	140	150	110	140	140	160	220	240	170	190
CP00017099	2	70	90	170	240	160	170	100	130	110	120	140	150	140	150	280	300	220	220	150	170	140	160	150	150	100	110	153	183	160	170	180	190
CP00017095	2	90	93	160	200	150	150	120	130	80	140	140	190	150	160	290	290	210	240	160	160	140	140	150	160	100	140	130	160	180	250	170	272
CP00017115	2	90	93	180	200	150	170	120	130	90	110	140	190	130	130	280	290	210	210	170	170	130	140	160	160	100	140	110	173	190	220	170	312
CP00017091	2	60	80	230	240	150	190	140	140	80	110	140	180	130	140	280	300	210	230	160	180	140	140	150	170	113	140	120	160	173	210	130	150
CP00017098	2	60	60	190	250	140	170	120	130	110	110	140	150	140	140	290	342	230	260	170	180	160	170	150	150	113	140	150	173	220	220	180	282
CP00017116	2	70	100	170	180	160	160	140	150	110	120	150	160	140	140	280	302	230	240	160	180	130	150	150	160	140	140	160	163	180	210	170	272
CP00017114	2	60	100	170	180	180	180	140	150	100	110	130	130	140	140	290	302	220	230	150	180	150	170	150	160	140	140	110	130	190	200	170	272
CP00017061	2	60	93	210	250	160	170	130	140	120	130	140	150	140	160	280	310	200	210	180	180	150	160	160	160	100	110	120	173	190	220	190	210
CP00017064	2	80	80	170	180	150	160	130	150	120	120	140	180	130	140	290	290	210	240	160	170	150	160	150	170	110	140	110	150	160	210	150	180
CP00017021	2	60	60	170	200	150	160	130	130	110	120	140	160	150	152	280	332	210	230	160	170	130	150	160	160	100	120	110	163	180	220	170	190
CP00017042	2	70	93	170	210	160	180	130	130	110	120	150	200	120	150	300	312	220	270	150	180	130	150	150	150	100	110	110	120	200	220	190	210
CP00017018	3	93	100	240	250	160	170	120	150	110	140	140	180	130	132	280	290	200	230	140	160	130	150	150	150	100	130	150	160	170	220	150	292
CP00017011	3	70	90	180	200	170	180	120	150	110	120	140	160	130	150	290	290	200	230	160	180	130	140	150	160	110	140	120	130	190	210	170	242
CP00017049	2	80	90	230	230	150	160	140	140	90	130	160	170	130	140	290	312	250	250	180	190	130	150	110	160	120	140	130	160	183	220	140	170
CP00017023	3	60	100	200	200	170	170	90	100	80	110	140	160	130	142	290	300	240	250	170	180	130	140	110	160	100	110	120	150	210	210	190	292
CP00017014	3	70	90	160	170	140	160	130	150	100	100	130	140	130	140	290	290	230	240	170	190	140	150	160	160	110	110	120	150	183	210	202	262
CP00017070	2	60	60	170	240	140	170	130	150	90	120	140	150	140	160	312	312	200	250	180	180	150	180	160	160	110	140	150	170	170	220	180	180
CP00017109	2	60	93	190	200	140	170	130	150	100	120	190	210	130	150	280	312	240	240	170	170	150	170	110	160	110	113	150	162	210	230	220	262
CP00017068	2	90	93	170	200	140	180	130	150	110	120	160	200	150	152	290	290	210	240	180	200	150	160	160	160	110	140	150	173	160	170	190	200
CP00017025	3	60	93	160	240	150	170	130	140	110	140	160	190	130	150	310	312	190	250	180	180	170	170	150	150	100	110	120	150	180	210	150	232
CP00017015	3	60	90	170	240	140	160	130	140	100	100	140	140	150	160	290	300	230	240	170	190	140	140	150	160	110	140	120	150	183	210	242	262
CP00017020	3	93	93	200	230	150	160	130	140	110	120	130	130	140	152	290	290	190	240	140	170	130	150	150	160	110	140	120	183	180	183	170	272
CP00017110	2	80	93	170	180	160	160	100	150	110	120	120	170	130	140	280	290	210	260	170	190	150	170	150	150	140	140	160	173	180	250	252	262
CP00017016	3	70	80	180	230	150	150	130	130	100	120	140	150	120	130	300	300	230	240	170	180	140	170	110	170	110	150	130	153	200	210	210	322
CP00017027	3	60	70	170	190	140	160	100	120	90	150	130	170	120	140	310	312	200	220	150	160	150	150	140	140	110	140	130	183	180	210	190	200
CP00017048	2	90	93	170	170	140	140	100	130	110	130	130	170	130	140	290	310	200	230	170	170	140	160	160	170	140	140	130	163	190	220	170	272
CP00017094	2	80	93	180	210	160	170	90	130	110	110	150	150	120	150	290	290	220	230	140	160	130	140	110	150	100	110	110	130	183	200	192	292
CP00017022	3	80	80	180	230	140	150	110	130	90	130	140	160	150	160	280	310	220	270	150	180	140	160	150	160	120	140	130	153	193	200	212	272
CP00017055	2	70	90	170	190	160	180	130	130	120	120	120	130	132	150	280	290	230	250	170	190	140	150	110	160	110	110	150	170	190	200	173	180
CP00017054	2	70	80	160	170	160	170	130	130	110	120	160	160	120	130	270	322	220	230	160	190	140	150	150	160	140	150	160	173	200	220	282	282
CP00017024	3	60	93	250	250	160	180	100	130	120	120	130	140	140	152	310	312	220	250	170	170	130	170	150	160	100	140	110	120	180	250	140	170
CP00017030	3	60	93	230	240	150	160	140	140	100	130	100	120	132	140	290	312	210	240	160	170	130	140	150	160	110	140	110	120	180	220	160	232
CP00017096	2	60	90	200	230	160	170	100	150	120	130	140	180	140	160	290	332	200	230	160	170	140	160	110	160	110	140	120	140	180	230	160	292
CP00017065	2	93	93	170	200	140	160	130	130	110	120	160	170	120	152	290	290	240	250	170	170	130	150	160	160	100	100	163	173	200	240	252	252
CP00017050	2	60	93	170	200	150	170	130	150	80	130	130	150	140	140	290	290	250	250	190	190	130	140	150	170	110	110	150	183	180	180	252	282
CP00017063	2	93	93	230	250	150	170	140	140	90	90	130	150	150	160	290	322	210	220	150	190	140	160	160	160	100	140	110	120	190	230	170	272
CP00017051	2	60	60	200	230	150	160	140	140	110	130	130	170	140	142	312	322	200	220	170	170	140	140	110	150	100	110	160	163	210	260	190	282
CP00017013	3	70	93	160	170	140	160	120	130	80	120	120	130	120	142	290	300	230	250	180	200	130	130	170	180	110	140	150	183	180	220	170	200
CP00017076	2	70	93	230	240	160	160	140	140	120	120	140	160	130	150	280	312	220	250	140	170	140	140	110	150	113	130	130	170	170	190	302	312
CP00017073	2	60	80	180	200	150	160	100	140	110	120	150	160	140	140	280	300	210	230	170	170	130	150	140	150	110	140	130	150	210	220	150	160
CP00017033	2	93	93	170	170	160	170	140	150	90	110	140	160	120	140	290	310	210	240	140	180	130	130	150	160	113	113	140	150	170	180	210	282
CP00017028	3	93	93	170	230	150	170	130	150	110	110	160	170	130	130	270	290	190	210	140	180	140	150	160	160	113	140	140	150	180	220	200	330
CP00017031	2	60	60	210	230	140	180	120	160	110	120	130	170	120	150	290	290	220	240	170	180	130	160	160	170	110	110	120	173	170	230	140	200
CP00017026	3	60	80	170	180	150	170	100	130	120	130	120	120	140	160	280	290	220	230	170	170	140	160	110	170	110	120	160	170	150	220	210	262
CP00017035	2	70	93	180	240	140	180	130	130	140	140	150	150	120	150	270	290	210	260	180	180	150	150	160	170	110	120	163	173	180	230	170	200
CP00017029	3	90	93	160	210	160	180	130	160	110	130	120	120	122	140	280	290	200	230	140	160	140	150	150	160	120	140	173	173	190	220	190	190
CP00017111	2	60	90	170	180	140	170	130	130	110	120	160	190	140	140	280	300	200	230	170	170	140	150	160	170	113	140	110	120	180	220	190	190
CP00017044	2	80	93	170	250	160	180	110	150	110	110	140	150	120	130	280	290	220	250	160	160	130	150	110	150	110	140	163	183	180	210	170	180
CP00017113	2	70	90	170	250	150	170	130	150	110	120	160	200	130	140	280	300	190	240	180	180	150	160	170	170	113	140	150	163	220	230	222	272
CP00017041	2	60	90	190	190	150	170	130	150	120	130	160	170	120	130	300	312	210	240	160	170	130	150	140	150	100	140	120	120	170	210	160	170
CP00017069	2	60	80	190	200	140	160	130	130	100	120	150	160	130	140	290	310	210	230	160	180	140	150	150	150	100	110	150	170	180	230	180	312
CP00017019	3	60	80	160	170	140	180	100	120	120	120	120	200	140	150	300	312	200	220	150	170	110	130	140	160	100	110	160	170	193	240	160	350
CP00017034	2	90	90	190	250	170	180	120	140	110	130	130	150	130	140	302	320	190	230	170	170	150	150	110	160	100	110	120	170	180	180	190	312
CP00017002	3	80	80	160	180	160	170	130	140	120	130	120	120	130	140	290	290	200	220	140	180	130	140	160	160	100	120	130	150	180	183	262	312
CP00017047	2	60	80	230	240	150	150	130	140	120	130	130	160	140	160	280	312	260	260	160	160	130	150	160	180	110	140	120	150	180	200	200	222
CP00017060	2	60	90	170	170	140	170	110	140	110	120	120	170	130	140	300	310	210	242	150	180	130	140	150	160	113	140	110	130	180	190	282	350
CP00017037	2	60	100	170	230	150	160	100	120	120	130	120	140	120	142	280	290	220	230	160	160	130	160	150	160	110	140	140	150	190	230	170	340
CP00017112	2	60	90	190	240	160	180	130	140	130	140	160	170	120	152	280	290	230	240	180	190	150	160	150	150	140	160	120	163	160	200	170	180
CP00017090	2	80	90	230	240	160	170	130	140	120	120	130	150	132	150	300	312	210	240	150	210	140	170	110	140	110	113	153	173	190	220	272	282
CP00049957	2	60	60	200	240	150	180	100	130	110	130	130	140	140	140	290	302	190	230	140	170	130	140	140	150	110	110	110	150	180	240	302	332
CP00049253	2	80	90	180	190	150	190	150	150	100	130	140	150	140	140	280	312	220	240	150	170	140	160	140	160	123	140	150	170	180	210	190	282
CP00049224	2	60	93	170	200	160	180	130	150	120	130	160	170	120	160	300	310	190	230	180	180	130	150	110	150	100	120	110	160	160	200	210	292
CP00049921	2	60	93	160	180	140	170	130	130	90	130	130	150	140	140	320	322	230	240	180	180	150	150	140	150	110	140	150	173	180	190	170	282
CP00049412	2	90	93	200	220	150	180	120	140	100	110	120	140	130	140	300	300	220	240	150	170	130	150	150	170	140	140	140	173	190	210	160	282
CP00049935	2	60	70	170	190	170	170	110	140	110	110	140	140	130	130	312	322	200	230	160	180	140	150	150	150	100	140	173	193	160	210	190	292
CP00049959	2	90	93	200	250	160	180	100	150	120	120	130	160	140	162	290	332	200	240	140	170	110	150	110	150	130	150	110	153	150	170	160	272
CP00049956	2	70	93	180	190	170	180	110	140	120	130	130	150	140	140	280	312	212	230	170	180	140	150	150	180	113	150	110	150	150	180	150	180
CP00049958	2	60	60	190	230	140	170	130	140	120	120	140	140	130	142	290	312	200	212	170	190	140	140	150	160	110	140	130	163	190	200	200	322
CP00049384	2	70	90	230	230	150	160	130	140	90	100	120	140	132	140	290	332	200	230	170	170	130	140	140	170	113	120	173	173	180	190	170	340
CP00049386	2	70	93	200	230	150	170	140	150	100	100	140	180	130	130	290	302	210	240	170	180	150	150	110	150	110	150	153	163	180	190	140	190
CP00049400	2	90	93	160	220	170	170	80	140	110	130	150	210	150	150	300	322	220	230	140	150	150	160	150	160	110	110	140	150	190	193	190	232
CP00049392	2	93	93	190	230	160	180	100	130	90	110	160	180	140	142	322	322	230	240	170	170	140	150	110	160	100	140	120	173	180	220	252	302
CP00049409	2	60	60	200	230	150	150	130	140	120	120	130	130	130	130	280	300	210	230	140	190	130	140	140	160	110	110	153	170	210	210	272	302
CP00049394	2	80	90	170	230	160	160	100	130	110	120	160	210	130	130	322	332	220	230	160	170	140	140	110	150	100	150	130	160	180	180	180	342
CP00049262	2	80	80	160	210	140	170	120	140	90	110	130	150	140	140	310	332	210	240	170	180	150	150	150	170	100	140	120	160	160	180	180	272
CP00049939	2	90	93	170	170	160	160	130	130	110	110	120	140	130	142	280	332	200	230	140	160	120	140	140	150	110	120	110	170	150	180	180	190
CP00049264	2	60	93	160	170	160	170	140	140	110	120	150	160	160	160	300	332	210	210	170	190	120	140	150	150	110	130	163	170	210	220	180	252
CP00049221	2	60	90	170	230	150	180	140	140	120	120	130	180	130	130	280	280	200	220	140	170	140	160	110	160	110	140	150	173	180	200	302	312
CP00049266	2	80	93	160	170	150	170	130	140	100	120	160	160	140	160	290	290	200	230	150	180	130	140	170	180	100	140	150	160	170	190	292	292
CP00049391	2	60	80	160	200	140	150	90	130	110	130	160	200	140	170	300	312	200	240	150	190	150	150	160	160	110	140	150	160	150	170	150	252
CP00049405	2	60	80	170	240	150	150	130	150	110	120	130	140	130	150	280	322	230	240	160	180	150	150	150	160	110	110	120	150	210	220	222	302
CP00049404	2	60	90	170	190	170	170	130	140	110	120	150	190	140	150	280	290	200	230	150	160	150	160	150	150	100	110	150	160	180	220	180	312
CP00049393	2	60	93	160	200	160	170	100	130	100	110	120	150	130	130	300	300	210	230	170	200	150	180	110	160	110	113	120	160	160	230	200	282
CP00049408	2	60	93	170	240	150	170	130	130	90	110	120	140	130	140	280	310	250	250	160	180	150	160	150	160	110	113	130	140	180	190	200	222
CP00049410	2	60	93	170	190	150	180	120	130	90	120	130	150	140	140	280	332	200	210	140	150	130	140	140	150	110	113	140	150	183	210	180	282
CP00049407	2	93	93	160	250	140	160	130	150	90	120	130	140	120	140	312	322	220	220	170	180	130	140	160	160	100	110	173	173	220	250	190	232
CP00049250	2	60	93	230	230	160	180	100	130	110	110	130	150	140	172	280	302	240	260	140	170	160	170	140	140	110	140	140	160	190	210	180	232
CP00049255	2	80	90	170	190	160	180	100	140	110	120	170	210	120	150	280	322	230	240	140	170	140	150	110	160	100	110	120	160	200	230	200	280
CP00049257	2	70	80	200	200	150	160	150	150	110	120	140	180	130	140	280	290	200	230	160	170	150	150	150	160	110	140	120	140	180	190	200	312
CP00049258	2	60	60	240	250	160	170	100	110	120	130	120	140	130	130	322	322	220	240	160	170	150	160	110	170	110	150	130	150	180	190	222	242
CP00049248	2	60	90	200	230	160	180	130	140	90	90	140	160	130	140	280	280	230	230	170	180	150	150	140	190	113	123	120	150	190	190	170	170
CP00049251	2	80	93	190	230	150	170	130	130	90	120	120	120	120	142	322	322	200	240	160	160	140	150	150	170	140	150	110	153	170	200	180	290
CP00049265	2	70	90	160	170	150	180	140	160	90	130	170	190	140	140	290	290	220	250	160	190	140	150	150	150	100	150	140	160	190	200	200	272
CP00049385	2	70	70	170	170	170	170	80	130	110	110	120	210	140	160	300	302	230	240	170	180	120	140	150	160	140	140	160	160	170	180	190	210
CP00049397	2	60	93	230	250	160	180	120	120	80	110	140	140	150	150	312	322	240	250	170	190	130	140	150	160	100	140	120	160	220	220	190	320
CP00049398	2	60	80	200	230	150	160	80	150	110	120	120	150	140	140	290	300	190	220	160	190	160	170	150	170	100	110	150	163	180	220	262	272
CP00049244	2	90	93	170	180	160	190	130	130	110	110	140	140	130	130	270	302	200	210	150	170	150	150	110	160	120	140	140	150	190	250	180	222
CP00049406	2	60	60	170	180	140	180	110	130	120	120	130	180	140	140	280	290	240	240	140	170	140	170	150	150	110	110	170	173	183	220	150	332
CP00049411	2	60	93	160	230	160	160	140	150	120	130	140	160	140	142	290	290	220	240	170	170	140	150	110	110	100	110	110	153	180	190	180	292
CP00049399	2	70	93	170	180	150	170	130	140	90	120	130	140	140	150	280	342	230	240	160	190	140	150	150	160	110	113	153	173	180	220	242	282
CP00049401	2	60	90	170	240	150	160	130	150	90	110	120	130	130	152	302	322	210	210	150	180	150	160	140	150	110	120	120	173	150	200	232	232
CP00049403	2	70	100	160	190	160	160	130	140	90	110	150	170	130	140	290	312	200	230	150	170	140	150	110	170	100	110	163	170	183	220	170	322
CP00049941	2	70	93	210	230	160	180	100	140	110	120	130	140	140	140	280	290	200	230	160	170	150	150	140	150	100	100	110	120	180	230	322	350
CP00049955	2	80	93	170	190	150	160	130	150	110	120	120	190	140	150	280	290	200	210	170	170	130	140	150	160	110	113	120	173	160	160	222	292
CP00049233	2	60	70	180	200	180	180	140	150	100	120	130	170	140	140	280	312	220	240	170	180	150	160	150	160	100	110	150	163	150	170	170	272
CP00049228	2	70	93	190	230	150	180	110	130	110	130	150	160	120	150	290	300	210	230	160	190	140	160	150	150	110	140	160	183	180	190	292	340
CP00049954	2	60	93	170	230	150	150	80	120	100	140	140	140	140	142	300	312	190	240	170	180	140	140	160	160	140	140	110	140	150	180	170	322
CP00049944	2	80	93	190	230	180	180	140	150	100	120	150	150	140	150	290	322	210	230	150	170	140	150	140	160	100	110	153	183	220	220	170	252
CP00049260	2	80	93	220	250	170	180	110	130	120	120	100	130	150	152	280	300	190	220	160	190	130	160	150	150	140	140	130	173	173	180	200	262
CP00049268	2	60	90	170	250	150	160	120	140	110	110	130	160	130	140	300	312	230	250	180	180	130	150	150	150	110	110	130	150	170	210	170	180
CP00049239	2	60	80	230	250	150	160	110	120	110	140	130	140	152	160	312	312	200	250	150	160	120	140	150	160	110	110	110	140	190	220	161	282
CP00049946	2	60	93	170	200	150	170	130	140	100	120	140	160	120	150	290	310	210	230	140	160	130	160	150	150	113	140	130	130	170	200	282	282
CP00049232	2	80	93	180	200	160	170	130	140	120	130	140	160	150	160	280	312	190	220	160	160	130	140	150	160	140	150	140	173	150	240	190	190
CP00049256	2	70	93	170	250	170	180	130	150	100	120	160	170	140	150	300	332	230	230	160	160	130	140	160	160	100	110	110	163	150	190	220	252
CP00049259	2	93	93	170	200	160	170	120	140	120	140	150	160	130	130	280	300	220	240	180	180	110	130	160	160	100	110	150	153	180	180	180	292
CP00049943	2	60	93	170	250	160	170	150	150	90	110	130	140	120	152	280	300	200	230	190	190	160	160	140	160	110	110	110	150	180	210	160	170
CP00049930	2	60	60	250	260	150	170	120	150	100	100	120	140	120	130	300	322	230	240	140	180	140	150	110	160	113	113	130	183	190	240	222	292
CP00049388	2	70	90	160	230	160	170	130	130	90	140	120	170	130	142	290	302	210	250	170	180	120	160	110	160	100	140	150	193	160	180	282	282
CP00049413	2	60	90	170	230	140	160	140	150	100	130	140	160	130	150	290	322	190	210	190	200	140	160	150	160	110	140	160	183	180	200	200	242
CP00049230	2	80	93	170	200	170	180	140	150	80	130	160	210	120	160	300	322	220	240	170	180	140	140	110	160	110	113	160	193	220	220	160	282
CP00049226	2	70	80	190	200	150	180	130	130	120	120	170	170	140	160	302	322	200	252	160	190	150	160	150	150	140	140	110	150	150	190	140	190
CP00049925	2	70	93	170	180	140	170	130	130	110	130	150	160	130	142	292	312	180	240	160	180	150	150	160	160	100	110	150	153	200	230	160	190
CP00049387	2	60	70	170	190	150	160	130	150	110	120	130	160	150	160	280	290	210	260	180	200	130	150	150	160	100	130	160	160	190	210	200	302
CP00049241	2	70	93	200	250	170	180	150	160	110	120	130	160	150	152	290	332	180	210	160	180	140	150	150	150	140	150	120	170	200	210	170	242
CP00049236	2	60	93	170	230	170	180	130	140	110	110	120	150	140	150	290	292	200	220	180	180	140	170	150	160	110	140	160	173	170	180	190	190
CP00049225	2	60	93	170	240	160	170	120	140	90	110	130	160	140	140	280	310	250	260	160	170	150	150	110	160	100	140	150	173	170	220	282	360
CP00049229	2	60	60	160	180	150	160	130	150	120	120	150	160	120	130	280	302	230	240	180	180	140	140	110	150	113	140	120	140	180	183	160	282
CP00049960	2	70	90	160	170	150	180	100	140	90	120	120	130	140	140	290	322	190	210	150	180	140	170	140	140	140	140	150	160	170	190	242	282
CP00049242	2	70	93	170	240	150	160	100	130	110	120	110	140	140	152	280	312	210	230	170	180	130	140	170	170	110	140	140	173	210	250	170	262
CP00049940	2	60	90	170	230	150	170	100	150	110	130	140	150	150	152	300	300	220	220	170	170	130	150	140	150	110	150	130	160	220	230	262	282
CP00049948	2	70	93	190	190	160	160	100	140	120	130	160	180	140	160	312	322	200	230	170	190	140	150	150	160	110	140	120	140	170	200	170	252
CP00049949	2	60	70	230	260	150	160	130	150	100	110	140	160	160	162	280	280	212	230	170	170	140	150	140	160	110	140	110	160	160	190	150	160
CP00049254	2	93	100	160	170	150	180	130	150	120	120	130	140	140	140	300	322	210	270	170	180	110	150	150	150	140	140	120	153	180	180	180	190
CP00049267	2	60	80	170	200	150	170	140	150	90	120	140	160	130	140	290	290	190	220	140	200	150	160	150	170	90	140	150	160	200	210	162	212
CP00049261	2	70	100	230	250	140	150	150	150	110	120	160	160	130	132	280	300	210	220	160	170	130	140	140	150	113	140	150	160	170	230	170	190
CP00049235	2	80	80	190	230	140	160	80	110	110	110	140	180	140	140	290	312	200	210	170	190	140	150	140	160	100	150	150	170	220	230	242	262
CP00049953	2	60	90	200	230	140	160	130	150	110	120	120	150	110	130	280	300	210	220	150	160	140	160	140	160	110	140	150	170	183	230	180	282
CP00049923	2	60	80	160	170	140	190	100	140	110	120	180	190	130	150	290	332	220	250	140	170	150	160	140	150	110	113	150	183	190	240	160	222
CP00049947	2	70	93	200	230	160	180	110	140	90	120	120	170	140	150	290	300	220	230	160	180	130	150	110	150	110	140	110	163	190	240	170	282
CP00049234	2	93	93	160	170	150	150	120	150	90	100	120	160	140	140	290	310	210	250	180	190	140	150	160	170	100	150	163	173	170	200	130	140
CP00049389	2	60	90	170	180	150	160	110	130	130	130	130	140	120	130	312	322	220	230	160	170	130	140	150	150	110	140	120	173	180	193	180	190
CP00049414	2	80	93	200	210	160	170	130	140	120	130	130	170	130	150	290	290	230	242	160	170	140	160	160	170	110	120	120	150	170	220	140	180
CP00049390	2	80	80	170	180	140	170	110	150	120	130	120	120	140	152	290	300	230	230	170	180	140	160	150	150	100	140	110	153	230	240	190	190
CP00049402	2	70	80	160	160	160	170	130	140	110	120	140	150	132	152	280	300	190	220	160	170	130	160	160	160	113	160	150	163	170	220	212	272
CP00049396	2	93	93	230	230	150	160	130	130	110	120	150	190	130	140	290	290	210	220	140	170	140	150	150	160	110	113	120	150	170	190	120	262
CP00049934	2	70	90	240	250	150	160	130	140	120	140	150	150	140	160	290	290	210	210	150	170	130	160	140	150	140	140	130	173	210	230	220	262
CP00049246	2	60	70	190	200	170	170	130	140	80	90	180	190	140	150	280	310	190	220	160	160	140	150	150	160	110	150	110	153	150	170	130	150
CP00049238	2	93	93	160	170	150	170	100	110	110	130	140	140	140	150	290	290	210	220	180	180	140	150	160	160	110	140	160	170	180	220	272	330
CP00049945	2	70	93	170	190	140	170	130	150	90	110	160	160	120	140	280	290	210	250	150	170	150	160	140	170	110	140	150	183	220	250	160	282
CP00049938	2	80	93	160	210	150	180	120	140	120	140	130	160	132	152	290	290	220	240	170	180	150	170	150	150	110	140	130	170	180	183	190	292
CP00049928	2	60	90	200	250	150	180	100	120	110	120	120	140	140	160	300	322	200	230	150	170	140	160	160	170	140	140	173	183	180	200	120	140
CP00049247	2	90	90	200	240	160	170	140	150	90	110	130	130	120	140	300	312	240	240	170	190	140	170	140	140	110	120	163	173	220	240	180	292
CP00049240	2	70	90	190	230	150	190	140	140	80	120	110	130	140	142	290	300	210	230	180	180	140	140	150	150	110	140	120	150	180	220	222	242
CP00049237	2	70	90	180	190	160	170	80	110	120	120	150	170	140	140	300	312	240	250	160	170	140	160	150	160	110	140	150	173	200	250	160	282
CP00049243	2	90	93	170	200	170	190	130	130	80	110	130	140	120	130	280	290	210	230	150	180	150	150	110	160	100	110	150	183	150	220	170	272
CP00049926	2	80	90	180	210	140	140	130	140	80	110	150	150	130	140	290	322	210	230	140	180	140	150	120	150	110	130	160	163	220	230	190	272
CP00049245	2	60	90	170	180	160	170	130	130	110	120	160	170	140	160	290	312	190	220	170	170	160	170	110	160	120	140	140	173	170	200	282	292
CP00049936	2	70	70	160	200	160	180	120	120	120	130	120	160	110	140	300	322	230	240	160	170	140	140	160	160	110	113	110	160	170	180	190	222
CP00049927	2	80	90	170	200	170	170	110	130	120	130	150	170	132	140	290	312	200	210	180	190	130	150	110	150	110	113	120	150	200	220	222	302
CP00049924	2	60	90	170	230	150	170	120	130	100	110	120	140	130	140	290	300	220	230	150	170	130	130	160	160	110	110	110	163	200	200	180	212
CP00049222	2	80	100	190	200	150	150	120	150	110	120	140	160	160	160	290	322	220	230	170	190	150	150	160	170	113	140	130	183	170	230	292	302
CP00049922	2	60	60	180	230	160	170	120	140	80	110	140	140	130	150	270	280	210	252	160	170	140	170	150	160	113	150	163	183	220	220	282	322
CP00020222	2	80	80	240	250	150	180	120	140	110	130	120	130	120	130	290	300	220	250	140	180	140	140	110	160	110	113	150	153	180	220	190	222
CP00020248	2	70	90	170	200	150	180	90	120	110	130	150	150	130	152	290	290	230	240	180	180	130	140	150	190	140	140	120	130	190	220	160	170
CP00020246	2	93	93	170	250	170	170	130	150	110	110	120	130	130	140	290	290	190	240	150	170	140	150	110	160	100	113	173	183	160	260	190	282
CP00020250	2	80	90	180	230	150	170	130	140	120	120	120	140	120	140	280	290	220	240	140	180	140	140	110	110	110	113	110	173	150	220	200	242
CP00020247	2	80	80	170	190	160	170	110	130	110	120	130	150	120	130	300	312	210	210	180	180	130	140	150	160	110	110	120	160	180	183	160	282
CP00020245	2	70	93	230	250	150	170	130	140	110	120	130	150	130	152	280	332	200	230	140	150	140	140	160	190	140	140	170	173	180	190	180	190
CP00020253	2	90	93	230	250	140	180	110	130	80	90	140	140	130	140	290	310	190	230	140	180	130	140	150	150	110	120	110	140	190	230	180	262
CP00020254	2	70	93	170	230	160	180	120	130	90	110	140	180	140	172	312	322	230	250	160	180	130	140	150	150	140	140	153	160	190	230	180	210
CP00020227	2	93	93	190	190	150	160	130	130	100	130	150	160	140	170	280	290	250	250	140	170	120	130	140	160	110	113	150	193	183	230	180	292
CP00020252	2	60	93	170	240	150	160	120	150	110	130	140	150	130	132	290	290	200	250	150	170	150	160	140	160	110	140	170	183	190	190	252	322
CP00020251	2	60	70	180	180	140	160	130	140	110	120	140	210	120	142	302	322	200	230	150	170	130	160	110	170	100	140	150	150	200	210	222	232
CP00020241	2	60	90	170	180	160	170	140	140	120	130	130	150	130	160	300	322	190	230	160	170	150	150	140	160	110	140	150	153	200	220	160	190
CP00020240	2	93	93	200	230	160	170	130	130	80	100	130	170	130	160	280	312	220	240	160	160	140	150	110	110	110	140	110	160	190	200	80	262
CP00020258	2	70	93	240	260	150	170	130	150	110	110	120	130	120	160	280	280	250	250	180	200	140	170	150	160	100	140	153	173	150	180	230	272
CP00020150	2	60	70	160	230	150	170	110	130	90	110	140	140	132	162	280	290	200	230	160	180	150	160	160	170	100	140	140	150	150	190	200	252
CP00020128	2	90	93	170	200	160	170	90	130	100	110	160	190	142	152	310	322	190	240	160	180	130	170	140	150	140	150	160	160	210	220	190	292
CP00020224	2	70	93	180	200	160	180	130	140	90	110	160	170	140	140	290	300	220	260	160	190	140	150	150	160	110	110	150	183	210	220	272	292
CP00020136	2	60	90	170	200	160	180	120	140	90	100	140	170	130	150	290	300	200	210	160	180	130	140	110	150	110	113	120	150	210	220	282	332
CP00020126	2	60	93	200	250	160	160	130	130	110	120	120	190	130	160	290	332	200	260	160	180	130	140	150	160	110	110	153	183	170	170	190	200
CP00020151	2	90	93	170	230	150	150	130	140	110	130	120	170	140	142	302	310	210	240	170	180	130	160	150	160	110	113	150	150	180	200	180	273
CP00020130	2	90	93	170	250	160	170	130	130	90	120	140	140	130	150	290	312	200	230	150	170	140	170	150	160	110	140	120	153	180	210	140	262
CP00020123	2	93	93	170	230	150	170	130	160	110	120	120	160	120	142	290	300	200	220	160	170	140	160	150	170	110	120	163	193	150	180	210	272
CP00020129	2	60	90	160	170	150	170	110	120	90	110	130	140	130	140	280	302	190	230	170	180	130	130	140	150	113	140	110	120	180	230	190	200
CP00020225	2	70	90	200	230	170	180	110	140	110	120	140	160	140	140	300	300	200	220	170	190	150	150	160	160	110	110	140	150	170	220	160	292
CP00020161	2	93	93	190	250	150	170	110	130	110	120	130	150	150	160	322	322	230	240	170	180	140	140	110	160	110	140	163	163	200	210	180	190
CP00020138	2	60	90	190	240	150	150	140	140	90	120	150	170	130	130	270	290	250	260	160	170	130	140	110	160	113	140	120	160	183	230	140	272
CP00020239	2	60	93	160	180	150	150	120	140	130	130	160	160	150	150	280	332	230	250	170	190	140	170	110	170	110	110	150	150	210	220	180	252
CP00020259	2	60	60	160	240	140	170	100	140	90	100	160	190	140	140	290	300	200	210	160	170	140	150	110	150	110	140	130	173	180	200	190	200
CP00020135	2	60	90	170	170	150	160	140	150	90	100	130	170	140	150	290	300	210	250	180	180	140	150	140	160	110	140	140	150	170	230	170	170
CP00020238	2	90	93	170	220	150	180	130	140	110	120	130	130	140	162	270	300	220	250	140	170	140	140	110	150	113	140	120	193	180	200	190	292
CP00020234	2	60	93	170	250	150	150	110	120	90	130	130	150	142	162	290	290	200	200	150	170	140	150	110	150	110	140	173	183	150	200	190	302
CP00020273	2	90	93	160	180	150	150	130	140	90	120	130	190	130	140	280	290	220	230	160	180	150	150	140	150	140	150	110	120	170	180	160	252
CP00020282	2	70	80	180	200	150	170	120	150	130	140	130	160	140	160	280	290	200	220	170	170	140	160	140	160	110	140	160	163	160	180	222	292
CP00020158	2	90	93	170	250	140	150	130	140	100	110	150	150	140	150	270	290	230	250	160	190	140	160	110	110	140	140	110	170	150	180	170	190
CP00020243	2	60	70	180	190	150	160	130	130	100	120	140	170	130	130	290	322	230	230	170	170	140	140	150	160	110	140	110	160	170	180	190	292
CP00020221	2	80	80	160	200	150	180	120	150	100	110	160	160	130	130	280	290	200	250	150	180	150	150	150	170	113	113	150	150	190	200	173	190
CP00020229	2	60	60	190	200	150	160	100	140	110	120	130	160	140	150	280	290	220	240	150	160	150	160	150	150	120	140	163	183	210	220	232	272
CP00020276	2	60	90	160	250	150	160	130	130	110	110	150	160	140	140	280	300	200	250	150	170	130	150	110	140	113	150	150	160	150	183	160	272
CP00020146	2	60	90	180	190	170	180	130	140	90	110	140	150	132	160	280	300	210	240	180	180	120	170	140	160	140	140	120	120	193	240	170	192
CP00020124	2	60	90	170	170	160	180	140	150	120	130	120	130	140	172	290	342	210	230	170	170	150	160	150	150	110	140	110	150	210	210	170	282
CP00020156	2	80	80	160	230	150	160	150	150	90	120	190	190	130	140	302	322	220	230	170	180	140	150	150	160	140	140	130	140	190	200	170	190
CP00020145	2	60	100	170	170	150	150	140	150	120	120	130	170	130	150	312	332	210	220	160	180	150	150	160	160	100	110	120	120	183	210	222	262
CP00020125	2	60	70	170	200	170	170	110	140	100	100	120	170	130	140	290	312	200	230	160	160	140	160	110	150	100	140	160	173	190	240	170	292
CP00020278	2	80	93	170	170	160	170	130	140	130	140	120	150	150	170	280	300	220	220	170	180	160	160	160	160	120	140	150	160	200	220	140	272
CP00020132	2	60	93	200	230	150	160	140	150	90	110	140	160	140	140	290	322	230	250	170	170	140	140	150	160	140	140	130	153	190	193	190	292
CP00020137	2	60	93	190	220	150	170	130	130	120	130	130	140	150	162	300	312	230	240	170	190	140	150	140	150	140	140	140	173	220	230	160	210
CP00020127	2	60	90	170	200	170	180	110	130	110	140	130	160	140	140	290	332	190	190	170	170	140	140	110	160	140	140	110	153	160	160	180	252
CP00020131	2	70	80	160	170	150	170	130	160	110	130	120	160	140	140	290	300	190	220	160	170	130	130	150	150	110	140	153	153	190	230	160	170
CP00020260	2	90	93	170	210	170	170	120	120	110	120	140	160	140	162	290	290	200	250	150	180	140	150	150	160	100	113	140	173	183	190	170	350
CP00020155	2	60	80	170	200	160	160	100	130	110	110	140	140	130	160	312	342	220	222	160	170	130	140	160	170	110	113	150	173	180	183	242	272
CP00020141	2	60	93	200	250	150	170	140	160	110	120	120	170	130	130	290	312	190	200	170	190	150	150	150	160	110	110	140	173	150	160	160	200
CP00020143	2	80	93	190	250	150	180	100	110	90	130	130	140	140	140	280	300	200	220	160	170	130	140	150	150	100	110	130	173	170	170	190	282
CP00020142	2	70	93	170	180	160	170	110	150	110	120	130	140	140	140	290	292	210	240	180	180	140	140	160	160	110	120	150	153	183	230	180	190
CP00020256	2	60	60	160	170	160	160	130	140	110	130	150	160	140	150	290	302	200	200	170	180	150	150	110	110	100	110	120	163	210	210	170	190
CP00020170	2	80	93	170	190	160	180	110	130	120	130	120	130	130	152	300	342	210	220	150	180	130	140	150	160	110	140	110	140	160	190	170	292
CP00020140	2	60	70	180	250	150	170	130	150	110	120	130	140	140	150	300	322	210	250	140	170	130	130	110	150	100	130	120	150	190	220	170	190
CP00020147	2	60	70	190	240	150	160	130	150	110	110	110	120	120	140	280	312	200	220	110	180	140	150	150	160	100	140	120	150	170	183	170	170
CP00020163	2	70	80	170	180	170	180	110	140	90	100	120	140	130	130	300	322	200	200	170	180	150	150	110	160	140	140	130	130	170	200	180	232
CP00020152	2	60	80	170	190	170	170	120	150	100	120	140	150	130	140	280	302	210	250	150	160	160	170	150	160	110	150	120	150	220	240	262	282
CP00020139	2	60	93	190	240	150	160	120	140	90	130	150	200	130	170	290	290	210	250	160	190	140	140	140	160	140	140	120	173	170	183	140	170
CP00020162	2	70	80	180	230	160	180	110	140	100	130	110	120	130	140	300	332	200	240	160	160	140	150	110	160	140	140	110	130	190	200	190	292
CP00020166	2	60	93	230	230	150	150	100	110	90	110	140	160	140	150	290	322	230	230	180	180	140	160	140	150	110	110	150	160	180	180	132	170
CP00020226	2	60	90	190	200	170	170	100	130	110	130	140	150	140	160	300	332	210	210	160	170	140	140	150	150	113	140	140	160	170	190	282	302
CP00020154	2	60	93	170	240	150	160	130	130	120	120	150	170	150	150	280	320	230	250	160	170	140	150	110	150	100	120	120	150	200	200	272	282
CP00020257	2	60	60	170	260	150	160	120	130	90	130	150	160	140	162	300	300	200	210	160	180	150	160	140	160	110	150	130	173	220	230	140	242
CP00020242	2	90	93	170	200	170	170	140	140	110	110	150	160	140	142	312	332	220	230	140	170	140	150	140	160	140	140	110	120	230	250	190	292
CP00020148	2	70	93	180	210	150	160	100	140	110	110	110	190	130	142	290	322	200	210	140	160	130	140	170	190	113	140	120	170	190	210	190	302
CP00020271	2	70	90	170	230	150	170	130	160	120	130	130	140	140	150	300	312	230	240	160	160	140	150	150	160	140	140	150	173	190	200	190	190
CP00020233	2	60	70	230	240	150	160	100	110	110	120	120	180	140	162	290	290	200	250	160	170	130	150	120	150	113	140	170	170	160	160	180	252
CP00020275	2	80	80	220	240	160	190	140	150	120	130	140	180	120	140	290	290	230	230	170	170	140	160	150	150	140	140	150	150	190	240	200	282
CP00020244	2	60	90	170	240	140	160	110	150	110	120	120	160	120	150	270	300	210	220	160	170	140	160	150	160	110	140	140	140	160	230	-9	312
CP00020230	2	90	90	160	200	150	160	100	140	110	120	140	160	140	140	290	300	190	250	170	170	130	140	140	160	110	140	160	163	190	240	202	242
CP00020279	2	80	80	170	190	160	160	150	150	110	130	150	160	130	140	290	322	210	220	160	200	160	170	150	170	100	113	130	130	180	250	200	292
CP00020159	2	60	93	170	240	170	180	80	140	90	120	130	150	130	140	290	310	200	210	140	180	150	160	150	160	100	140	150	170	150	150	160	262
CP00020237	2	60	93	170	250	140	180	130	160	110	120	120	160	130	140	310	332	220	240	170	180	130	140	140	150	110	130	140	140	180	190	190	252
CP00020231	2	60	93	170	190	150	160	130	130	90	130	130	160	132	140	280	290	190	230	170	180	130	140	110	160	110	140	150	160	210	210	222	252
CP00020281	2	80	90	200	230	150	170	120	150	110	130	140	210	120	130	280	290	210	240	140	170	140	150	110	160	100	100	153	193	150	183	190	200
CP00020167	2	70	93	250	250	150	170	100	150	90	110	150	150	130	140	290	322	200	250	160	170	150	160	110	110	140	140	120	160	210	210	180	232
CP00020122	2	80	93	180	240	160	180	110	130	110	130	120	130	130	130	280	290	230	240	160	170	140	160	110	160	110	113	150	173	200	210	160	170
CP00020121	2	60	93	190	250	180	180	140	150	110	120	170	170	120	120	280	290	190	240	140	170	140	160	110	110	100	140	150	170	170	180	170	190
CP00020157	2	60	80	170	170	140	190	140	170	110	130	140	160	140	150	322	332	210	240	150	190	150	150	160	160	110	140	140	153	200	260	170	282
CP00020144	2	60	90	200	210	150	160	90	150	90	130	160	180	130	140	290	302	230	250	150	160	140	140	140	140	110	110	130	183	190	230	282	292
CP00020164	2	80	93	170	200	150	160	110	130	110	130	110	150	132	150	290	292	220	240	160	180	150	160	150	150	130	140	120	163	170	220	272	302
CP00020165	2	60	80	160	190	150	150	130	140	120	120	140	160	140	150	322	332	200	230	150	170	140	140	140	180	110	113	153	153	230	250	190	190
CP00020255	2	60	90	170	180	160	180	150	150	110	130	130	190	142	160	280	290	210	220	160	190	140	160	150	160	100	110	110	183	160	210	160	360
CP00020134	2	60	90	170	190	140	160	130	140	110	110	120	160	130	140	290	300	190	200	170	180	150	160	160	160	110	113	110	120	200	200	292	292
CP00020149	2	60	70	180	230	150	160	110	140	110	120	140	160	140	162	290	310	210	230	170	180	130	150	150	160	140	150	153	173	180	210	210	220
CP00020160	2	93	100	170	210	160	170	100	140	90	110	120	150	150	172	280	290	230	260	160	180	140	150	110	150	100	113	120	130	170	200	282	292
CP00020228	2	60	80	240	240	150	170	100	130	90	110	190	190	130	152	280	290	200	240	140	170	140	140	150	160	110	110	130	140	200	220	170	282
CP00020272	2	80	100	170	250	160	180	130	160	100	140	120	120	140	150	290	312	210	240	160	180	140	160	110	150	100	110	160	183	180	210	170	200
CP00020274	2	60	90	170	220	140	160	120	150	110	120	140	160	110	160	280	290	240	240	160	160	140	160	110	150	110	140	140	160	180	250	150	212
CP00020235	2	60	100	180	200	150	170	140	140	90	130	120	160	140	140	290	332	220	250	150	190	140	140	150	160	100	140	140	140	190	210	292	292
CP00020280	2	80	93	180	200	170	190	110	120	120	130	130	170	110	140	290	322	190	240	170	190	130	150	140	170	110	140	120	140	190	200	282	292
CP00020232	2	60	60	160	200	150	170	130	140	110	140	150	180	130	130	270	290	200	210	160	170	140	160	150	160	110	140	110	193	180	180	180	262
CP00020277	2	60	70	160	200	150	170	140	150	110	120	110	160	122	142	300	312	210	240	140	160	130	140	110	160	110	110	120	163	200	210	190	202
CP00020236	2	70	93	180	200	160	190	130	140	120	120	120	140	130	140	292	300	210	220	170	180	130	150	150	170	140	140	160	183	170	220	170	302
CP00020223	2	70	93	170	170	150	180	90	130	90	120	130	160	120	150	300	312	210	220	170	170	140	160	110	160	110	140	130	153	180	190	160	200
CP00016184	3	80	80	180	230	150	180	130	150	100	120	150	150	130	172	290	290	190	240	160	190	130	130	160	160	100	140	120	160	180	230	110	160
CP00016197	3	90	90	180	210	170	180	90	130	110	120	120	150	130	130	312	312	200	200	160	180	130	140	170	170	100	110	140	183	200	220	200	262
CP00016020	1	60	90	170	230	160	180	130	160	110	120	150	160	120	142	290	290	240	250	150	160	150	170	150	150	100	113	163	173	150	180	170	210
CP00016181	3	60	93	160	180	160	170	110	110	110	110	120	120	130	140	302	312	220	240	160	170	140	150	110	160	130	130	163	183	150	220	232	282
CP00016212	3	60	70	160	230	150	150	130	140	90	110	130	210	150	152	280	290	200	250	150	180	160	170	110	160	100	110	150	170	220	230	170	272
CP00016215	3	93	93	240	260	170	180	110	130	80	130	160	190	140	140	290	312	210	230	160	200	130	160	150	160	110	140	163	173	183	210	190	282
CP00016040	3	60	70	200	220	150	180	130	140	80	120	100	140	140	142	280	290	210	240	170	180	150	160	150	180	140	140	150	160	150	180	292	322
CP00016051	3	90	90	160	240	150	180	140	150	80	120	150	150	150	150	280	322	190	240	160	160	130	150	150	160	140	150	120	170	180	230	170	200
CP00016211	3	80	100	200	200	150	180	140	150	110	120	120	140	142	150	290	290	200	200	180	180	140	150	110	160	100	110	130	130	180	230	190	292
CP00016049	3	70	80	170	220	140	140	130	150	110	110	140	170	130	160	290	332	200	230	170	180	140	140	110	160	110	120	130	170	200	200	180	190
CP00016177	3	60	80	170	250	150	160	140	140	90	110	130	190	140	140	312	322	210	240	170	180	140	160	140	160	110	140	130	150	190	200	170	302
CP00016060	3	90	93	170	190	150	150	130	130	120	130	140	160	120	140	280	292	230	250	180	180	140	140	110	150	100	140	170	173	190	200	190	210
CP00016216	3	90	93	160	170	150	160	130	140	100	120	160	190	140	150	290	322	210	230	180	180	140	150	140	160	100	140	150	150	160	200	180	260
CP00016059	3	93	93	190	200	140	150	120	130	90	110	140	140	140	140	290	310	210	210	180	180	150	150	110	150	100	140	153	153	190	230	160	262
CP00016058	3	70	93	200	250	150	160	120	150	120	130	130	140	120	120	280	292	230	250	140	180	130	140	110	160	110	140	160	173	190	200	210	232
CP00016178	3	90	93	190	200	150	150	140	140	110	130	150	170	130	142	290	322	230	240	140	150	130	150	150	160	120	140	110	150	180	210	180	252
CP00016055	3	60	70	170	240	170	180	130	140	120	130	180	190	130	142	280	300	200	230	170	170	130	140	160	160	100	140	140	173	210	220	160	200
CP00016038	3	60	60	230	240	150	160	130	150	110	110	130	170	140	140	300	300	200	230	150	160	130	140	160	160	100	120	153	173	190	210	222	292
CP00016056	3	60	93	190	210	160	170	100	130	90	140	140	160	140	140	302	322	210	220	150	180	140	160	150	160	140	140	160	170	183	210	272	342
CP00016185	3	70	90	170	170	160	170	130	140	110	110	140	140	120	140	290	300	200	240	160	190	150	160	150	150	140	140	120	153	190	240	222	232
CP00016053	3	60	70	170	210	150	160	120	130	110	120	140	170	130	152	300	300	250	260	170	170	160	170	110	140	140	140	120	140	190	220	140	180
CP00016044	1	70	93	230	230	170	170	130	140	120	130	140	160	130	140	280	302	220	230	180	180	140	160	160	170	120	140	150	183	160	170	170	350
CP00016173	3	60	60	170	200	150	170	140	140	80	130	140	180	130	140	280	290	240	250	180	180	140	150	150	150	110	140	150	160	210	220	282	292
CP00016213	3	60	80	200	210	150	180	130	140	90	120	120	160	140	152	290	300	190	200	170	180	150	150	150	160	110	110	150	193	170	180	160	292
CP00016043	1	93	93	170	200	160	170	130	150	110	140	110	150	120	150	290	332	220	240	160	210	140	150	140	160	110	110	150	173	220	230	150	282
CP00016196	3	80	90	170	200	150	150	120	130	80	90	120	140	120	140	290	300	240	250	170	180	150	160	150	160	110	140	120	160	180	200	272	282
CP00016034	3	60	100	160	220	150	160	110	130	90	120	160	170	130	160	280	280	200	250	140	170	150	160	160	160	110	130	153	160	200	240	282	302
CP00016182	3	70	93	160	170	150	170	130	150	100	120	120	140	140	150	300	320	230	240	160	180	150	150	150	170	120	140	120	150	150	180	200	282
CP00016042	1	60	60	190	230	150	170	120	150	110	130	120	130	120	140	280	290	200	220	170	180	140	160	110	160	100	120	160	183	210	210	180	222
CP00016002	1	90	93	160	170	160	170	130	130	110	120	130	160	150	152	312	322	220	240	170	170	110	160	110	110	120	150	130	140	193	220	282	292
CP00016006	1	90	90	160	160	150	180	130	130	90	100	110	170	140	160	312	322	210	220	180	180	140	160	150	160	110	140	140	160	190	200	200	292
CP00016005	1	60	80	180	180	150	170	130	150	110	130	200	200	130	152	290	322	190	230	160	170	160	170	110	140	110	113	150	173	180	230	220	242
CP00016019	1	60	60	170	250	170	170	140	140	110	110	140	170	132	150	292	310	210	220	140	190	130	150	150	160	140	140	120	150	160	190	190	262
CP00016190	3	70	80	180	230	160	180	120	140	120	130	120	120	130	140	270	322	200	210	160	170	140	160	150	160	110	120	120	173	150	210	173	312
CP00016036	3	60	70	180	250	140	180	130	140	110	130	140	140	130	140	290	310	200	230	170	180	150	160	150	160	110	113	160	183	180	220	190	222
CP00016008	1	60	90	190	230	140	160	110	140	90	120	150	150	120	150	290	290	210	210	140	160	140	170	150	150	110	113	120	150	190	210	200	282
CP00016183	3	70	90	170	190	140	160	80	130	90	120	100	140	140	162	290	312	210	240	170	180	150	160	150	170	110	120	120	163	170	220	160	170
CP00016208	3	70	90	200	230	170	180	130	150	90	110	150	160	140	152	312	322	180	230	160	170	130	160	150	160	100	140	110	173	230	230	292	292
CP00016203	3	60	60	230	240	150	160	80	130	110	120	110	160	140	150	300	310	230	230	170	170	130	140	150	160	110	140	153	183	170	210	272	282
CP00016172	3	60	93	160	230	150	150	120	150	110	120	130	160	140	152	280	312	200	230	160	190	140	150	140	150	110	110	120	153	180	183	180	242
CP00016194	3	60	93	170	170	150	160	120	130	90	100	140	160	130	150	312	322	220	250	140	190	130	140	150	150	113	160	160	160	170	180	180	242
CP00016218	3	70	93	250	250	150	150	110	130	120	150	150	160	130	150	290	290	200	240	140	160	140	150	110	110	140	160	130	150	190	220	190	190
CP00016205	3	90	93	170	230	150	170	130	150	110	120	120	170	140	140	280	310	200	210	160	170	150	160	150	160	110	140	140	160	180	210	190	272
CP00016050	3	60	80	170	200	180	180	140	150	120	130	120	170	160	162	290	300	190	250	160	170	130	130	160	160	110	110	110	153	170	190	180	220
CP00016199	3	60	80	200	240	150	160	100	140	120	120	150	160	140	150	290	332	200	210	180	180	160	160	160	170	110	140	163	193	180	200	200	292
CP00016201	3	60	70	200	230	160	180	120	160	110	120	130	150	120	130	280	280	230	240	170	170	130	170	150	160	100	140	130	153	180	180	242	312
CP00016200	3	70	80	170	190	150	150	80	130	90	110	130	160	120	120	290	300	200	210	160	180	130	130	150	160	100	140	110	150	170	230	272	292
CP00016004	1	70	80	160	170	150	160	130	140	90	110	130	140	120	130	280	290	230	242	160	170	150	160	160	170	100	110	130	173	180	240	212	292
CP00016032	3	90	93	230	240	170	180	130	140	110	120	130	140	140	140	290	300	210	250	170	180	130	140	150	160	100	140	150	150	220	220	160	282
CP00016195	3	80	93	170	230	140	180	140	150	100	120	130	150	130	150	270	280	230	250	150	170	140	150	160	170	110	123	153	173	183	183	190	282
CP00016033	3	60	90	170	230	140	150	110	140	110	130	150	160	120	130	290	340	190	220	150	190	140	150	140	160	100	110	110	130	150	190	170	262
CP00016012	1	70	93	170	230	150	180	140	140	90	100	140	140	120	130	280	290	210	220	170	180	150	170	150	150	110	140	150	160	150	160	140	282
CP00016192	3	80	93	170	250	170	170	110	150	120	120	160	170	130	160	290	310	210	230	170	170	140	150	110	180	110	150	120	150	200	210	242	252
CP00016217	3	70	93	170	170	140	150	140	150	120	120	120	130	120	140	290	300	230	230	150	190	140	150	170	180	100	140	110	160	180	190	180	282
CP00016007	1	90	93	170	240	140	180	160	160	110	110	140	160	140	150	280	290	220	250	110	180	130	140	110	170	110	110	120	163	180	240	180	292
CP00016191	3	60	70	170	240	160	180	110	150	100	100	120	150	140	162	280	322	210	220	180	180	120	170	110	150	100	140	140	140	170	180	262	282
CP00016013	1	60	70	170	200	150	170	120	140	110	110	120	160	140	160	280	280	200	240	150	180	130	150	150	160	140	140	163	173	180	190	170	282
CP00016204	3	90	93	180	220	160	170	130	140	120	130	120	160	150	170	290	292	200	260	160	180	140	140	160	170	110	150	140	173	180	200	190	292
CP00016016	1	90	93	180	230	180	180	130	140	80	110	160	170	142	142	302	312	200	200	170	180	140	150	110	150	110	160	130	173	180	180	200	262
CP00016206	3	60	80	170	250	140	170	90	140	90	120	140	150	130	140	300	300	210	230	150	170	140	160	140	160	110	110	160	170	180	220	170	212
CP00016202	3	70	70	170	230	140	180	110	120	120	120	130	210	130	140	290	310	220	220	180	180	140	150	150	160	100	140	150	160	150	200	150	222
CP00016009	1	60	90	180	230	160	170	130	130	120	120	120	130	140	150	290	302	220	220	180	190	160	170	160	160	140	140	120	173	170	193	222	262
CP00016018	1	60	93	200	200	170	170	130	140	110	140	160	160	130	130	290	322	210	240	170	190	130	140	150	160	110	140	160	173	150	190	160	190
CP00016052	3	60	80	170	180	140	170	130	140	110	130	140	160	130	150	290	302	230	230	140	140	140	150	160	160	110	113	150	150	180	220	282	292
CP00016035	3	60	93	230	230	150	170	120	140	110	120	120	170	130	150	290	312	210	220	170	170	140	150	160	160	100	123	150	173	170	190	190	242
CP00016054	3	93	93	160	170	170	180	140	150	90	110	120	170	140	140	290	302	250	250	150	150	130	170	160	160	110	120	120	170	180	180	242	360
CP00016037	3	70	90	160	170	140	160	130	140	90	120	140	160	142	152	280	290	200	220	160	180	150	150	140	150	140	140	110	150	170	183	262	282
CP00016039	3	90	93	190	230	140	180	130	130	110	140	160	170	140	150	310	312	210	270	170	170	140	170	140	160	100	130	153	173	210	220	170	282
CP00016047	3	60	90	250	250	140	160	130	150	90	130	120	130	140	152	300	322	190	240	140	200	140	160	150	150	130	140	160	170	180	220	190	200
CP00016048	3	60	60	160	230	160	170	130	150	110	130	140	170	140	152	280	310	210	230	140	160	140	150	110	150	110	110	153	183	150	210	190	232
CP00016179	3	80	93	180	230	170	170	110	130	110	120	130	130	122	152	280	310	200	250	140	140	150	160	110	110	100	140	130	140	183	190	222	262
CP00016180	3	60	70	170	230	160	180	130	130	110	110	150	210	130	140	290	312	200	230	140	170	140	150	110	180	110	140	153	160	190	190	232	-9
CP00016057	3	60	80	170	180	160	160	140	160	90	130	120	130	130	142	270	300	190	210	140	170	140	160	150	150	110	110	120	170	190	210	272	312
CP00016189	3	60	80	170	170	160	170	130	140	120	120	130	180	140	152	290	322	190	210	160	180	160	160	110	170	110	113	120	163	180	220	202	252
CP00016210	3	90	93	180	210	150	160	120	130	100	120	120	220	130	140	312	322	200	240	160	170	130	150	110	170	110	110	130	150	210	210	262	262
CP00016209	3	93	93	160	160	160	170	90	110	110	120	100	160	120	140	312	332	230	250	140	160	140	170	110	110	110	140	120	140	150	180	180	232
CP00016220	3	60	70	200	250	160	160	140	140	110	120	130	160	152	152	290	312	232	240	160	170	140	150	150	160	100	100	163	170	180	190	262	332
CP00016198	3	60	93	230	250	140	150	100	130	110	140	160	210	140	140	280	342	200	240	160	160	130	150	140	140	100	110	150	170	180	220	140	190
CP00016003	1	90	100	170	250	160	160	100	140	120	120	130	210	142	150	280	312	230	250	150	180	120	140	140	160	110	150	110	160	220	240	160	232
CP00016207	3	70	93	170	170	140	150	140	150	120	120	160	180	142	150	300	322	210	230	180	190	140	150	170	180	100	140	140	160	183	240	180	282
CP00016014	1	60	100	170	200	180	180	130	140	100	120	140	150	130	150	280	290	200	230	150	180	140	160	160	170	110	140	120	173	200	220	150	180
CP00016045	1	90	90	190	230	180	180	100	130	100	130	120	130	140	140	290	302	200	240	170	170	130	150	150	160	140	150	120	160	170	240	190	202
CP00016187	3	70	93	200	230	150	180	110	130	90	120	140	160	130	140	290	310	230	250	160	180	150	160	140	170	110	140	120	120	190	210	252	252
CP00016186	3	60	70	170	240	150	160	100	150	100	110	120	150	130	160	300	322	200	210	160	190	140	140	140	160	110	140	110	130	200	210	160	190
CP00016188	3	60	70	170	230	150	170	130	150	100	110	160	160	140	140	300	322	200	200	160	170	140	150	160	180	100	113	140	140	150	183	190	302
CP00016046	3	60	90	170	200	160	170	150	150	100	130	130	150	150	160	290	290	220	230	170	190	140	150	150	150	110	140	120	173	180	220	190	292
CP00016011	1	60	90	160	210	160	180	130	140	110	120	140	160	130	130	312	322	200	210	140	190	140	140	150	150	110	140	120	163	183	220	180	292
CP00016041	1	60	90	240	250	160	170	130	130	100	130	130	190	140	160	290	300	200	250	140	180	140	160	160	160	120	140	130	140	170	190	180	190
CP00016171	3	90	93	160	240	160	180	120	130	110	120	140	170	130	140	312	322	190	260	150	180	140	140	140	160	110	110	170	183	190	220	232	262
CP00016219	3	93	93	210	250	150	160	130	140	110	120	140	140	140	150	270	322	210	240	170	190	130	160	110	160	113	120	110	140	210	230	292	302
CP00016031	3	60	93	190	230	150	160	120	130	140	140	140	140	130	130	280	292	200	200	170	190	140	170	110	110	110	120	120	160	150	220	282	292
CP00016193	3	90	93	230	250	150	170	140	140	100	110	140	170	140	140	290	300	200	220	180	180	140	170	110	150	110	120	130	150	190	190	190	222
CP00016229	2	60	80	160	170	150	150	100	130	100	130	140	170	140	150	290	300	190	220	170	190	140	140	150	160	110	120	150	150	180	200	170	302
CP00015060	2	60	90	200	200	170	180	130	150	100	130	130	140	130	160	290	310	210	220	160	170	130	140	150	170	110	130	153	163	180	220	262	292
CP00016251	2	60	90	170	230	160	180	110	140	90	120	120	160	130	150	290	300	210	220	170	170	130	140	110	170	100	110	160	180	190	220	180	242
CP00015026	2	80	93	200	230	150	160	150	150	100	140	150	160	130	140	280	290	200	240	160	160	140	170	110	150	110	110	110	130	210	230	200	222
CP00015055	2	60	93	160	190	170	180	150	150	90	110	160	170	140	150	290	290	210	240	160	160	140	150	110	160	110	140	140	150	220	220	180	222
CP00016240	1	60	70	170	200	160	190	130	140	80	140	90	150	130	140	290	312	230	240	150	180	130	150	110	150	110	140	110	150	180	220	140	252
CP00016266	1	70	93	160	170	150	160	130	140	120	120	140	160	140	160	280	290	230	260	140	170	130	130	140	150	110	110	130	160	180	180	292	292
CP00016257	2	80	90	200	240	150	180	130	140	90	90	140	160	140	152	280	310	190	220	180	190	110	140	140	160	113	130	160	160	220	240	150	222
CP00015024	2	70	90	170	170	150	180	130	140	120	130	130	160	140	150	312	332	230	240	170	180	130	160	110	140	120	140	140	183	180	190	152	210
CP00015025	2	60	60	170	230	150	170	130	130	80	110	110	210	130	152	322	322	190	240	140	170	130	160	110	150	100	110	160	170	170	190	150	230
CP00049493	2	90	93	190	230	160	160	140	150	90	110	160	220	130	142	270	290	210	230	140	190	150	170	160	160	140	140	150	163	200	230	190	232
CP00016252	2	70	90	170	230	150	160	100	140	110	130	140	170	120	150	300	300	220	230	140	180	140	160	150	160	110	140	110	153	180	230	190	262
CP00015040	2	60	70	250	250	140	150	140	140	90	130	140	160	140	142	290	332	200	250	150	160	130	130	140	150	110	110	110	160	180	230	190	262
CP00015058	1	60	93	170	190	170	190	150	150	90	90	140	210	140	160	300	300	240	250	170	180	140	140	110	160	110	113	153	163	190	210	160	282
CP00049491	1	60	93	170	230	140	160	110	140	90	90	120	140	150	160	290	312	210	230	170	180	140	150	150	160	100	110	110	140	183	210	120	282
CP00015046	1	60	60	170	200	180	180	120	150	100	120	120	120	140	142	290	302	190	230	160	180	150	160	110	170	110	113	160	170	170	190	190	202
CP00015028	1	70	90	190	200	150	190	110	150	120	120	160	160	140	140	290	302	210	210	140	160	140	150	110	150	110	113	110	120	170	180	160	292
CP00015047	1	60	93	220	250	150	160	130	140	110	140	140	170	120	152	280	310	200	220	170	170	140	150	150	150	100	110	130	130	183	190	170	282
CP00016226	1	60	60	160	240	140	170	140	140	110	130	170	220	130	160	280	312	210	220	160	170	130	150	150	160	113	140	130	163	193	210	150	360
CP00016238	1	60	90	250	250	150	150	100	140	120	130	140	160	140	160	300	322	230	240	180	190	130	140	110	170	140	140	120	150	220	220	150	312
CP00016248	1	90	93	190	200	170	170	140	160	110	120	150	170	130	140	270	290	210	210	170	180	140	150	150	170	110	113	120	183	170	190	200	282
CP00015041	1	60	90	180	180	160	180	140	150	100	120	130	200	150	162	312	312	220	260	150	160	130	140	150	150	110	140	120	173	150	160	190	272
CP00049496	1	93	93	190	200	160	170	130	140	110	110	130	140	130	140	322	332	230	260	160	190	140	160	110	150	120	140	150	160	183	220	242	262
CP00015037	1	60	93	170	270	160	180	110	130	120	130	120	130	142	152	290	312	200	220	160	180	140	160	160	160	140	150	130	173	170	200	170	190
CP00015048	1	60	90	170	170	160	160	100	110	110	120	150	150	140	140	290	290	190	220	160	170	150	150	150	150	110	150	160	163	170	190	222	252
CP00016250	1	70	90	190	230	150	160	90	110	120	130	130	170	140	160	280	322	200	240	150	170	120	130	110	150	113	140	130	150	210	220	222	262
CP00015051	1	80	93	210	230	160	190	140	150	110	120	150	160	140	152	290	322	190	210	140	170	160	170	150	170	140	160	150	150	200	220	262	292
CP00016230	1	60	90	170	230	160	170	120	130	110	130	140	150	120	130	290	300	200	240	180	190	160	160	110	150	140	140	120	150	230	240	210	222
CP00015027	1	60	60	190	250	140	180	100	140	100	120	140	150	130	160	300	322	210	210	140	190	160	160	160	160	113	140	120	160	160	220	132	272
CP00049498	1	90	93	180	230	180	180	130	140	120	130	130	160	140	160	290	322	240	240	150	170	140	140	160	160	100	150	120	163	180	190	170	242
CP00016237	1	93	93	170	200	140	140	110	130	110	110	130	210	140	150	312	312	190	240	140	160	110	150	150	160	110	140	130	140	190	230	200	242
CP00016270	1	60	60	170	190	150	160	100	130	120	130	140	150	150	150	280	300	210	230	170	170	140	140	150	150	140	140	140	150	160	240	150	180
CP00015031	1	60	90	170	200	150	160	80	140	90	90	150	220	120	140	300	322	210	250	160	170	130	150	150	150	110	110	110	150	160	230	312	332
CP00016267	1	60	80	170	200	140	150	90	140	90	120	150	170	130	140	280	300	220	250	150	160	150	150	150	160	100	140	150	150	150	220	222	272
CP00016265	1	60	70	240	250	150	170	130	150	110	120	140	170	140	150	290	300	240	260	180	180	130	160	150	150	113	140	120	153	180	230	170	180
CP00016247	1	90	100	160	250	160	160	130	140	90	130	120	170	160	162	280	302	200	210	170	170	130	150	140	160	110	140	120	150	220	230	170	262
CP00015043	1	60	93	170	190	170	180	130	140	80	110	130	160	130	140	300	332	210	220	160	180	140	140	150	160	110	140	110	150	180	180	160	292
CP00016262	1	80	93	190	200	160	180	130	130	80	120	120	130	132	162	280	332	190	250	140	180	130	140	110	170	110	110	170	183	180	220	170	272
CP00016264	1	60	93	170	230	150	170	130	130	100	120	140	160	140	152	290	300	220	230	170	170	140	160	110	150	110	140	110	120	180	190	150	190
CP00049495	1	90	93	200	230	160	170	130	140	120	120	140	160	130	150	310	310	232	240	170	180	150	150	160	160	110	140	160	163	210	230	180	190
CP00016263	3	80	93	160	210	140	190	130	140	90	120	130	160	120	140	300	310	190	210	160	170	150	170	110	160	110	110	120	160	170	180	190	282
CP00015032	1	90	93	180	240	140	160	130	140	90	110	150	160	130	140	300	322	210	250	160	180	140	150	110	110	110	160	150	150	160	170	170	292
CP00015023	1	60	93	180	190	160	180	120	150	110	130	160	170	130	150	290	290	250	260	150	180	140	170	160	180	110	140	150	160	150	210	170	242
CP00016234	1	70	93	170	200	170	180	110	150	110	120	160	190	130	140	290	312	230	250	160	190	140	160	110	160	110	140	130	140	180	180	190	272
CP00015050	1	90	93	190	230	150	170	120	130	110	120	140	140	120	130	290	300	200	200	140	170	140	160	110	160	140	150	140	150	170	200	292	302
CP00015044	1	60	60	180	230	160	160	120	130	110	120	140	150	130	162	280	322	220	250	160	180	150	160	140	170	110	140	130	183	160	220	160	322
CP00015049	1	70	93	220	240	160	170	120	140	110	120	130	150	140	140	280	280	240	240	160	160	140	160	160	170	113	150	120	130	180	220	180	180
CP00016255	1	80	90	170	250	150	180	80	130	120	130	130	140	140	140	290	300	190	240	160	190	150	160	140	160	110	140	110	120	150	190	180	222
CP00016242	1	80	80	240	250	140	170	90	140	100	110	160	170	130	140	312	320	230	232	170	180	110	150	150	150	100	110	160	170	150	170	170	272
CP00049499	1	80	93	200	200	170	170	130	150	90	130	130	140	150	152	290	310	230	250	160	160	130	170	110	150	140	150	150	163	183	190	190	262
CP00016258	1	80	80	200	240	150	150	150	150	110	120	150	180	140	160	280	322	220	240	140	160	150	160	110	150	110	140	130	173	260	260	180	210
CP00016223	1	90	93	170	250	150	180	130	140	120	130	150	160	120	140	280	322	200	210	160	170	140	160	150	160	110	140	120	153	180	230	180	232
CP00015038	1	60	90	160	170	160	160	100	120	110	110	120	140	140	140	322	322	210	250	170	190	130	170	150	150	100	140	160	173	180	180	170	302
CP00016268	1	80	93	170	170	150	180	150	150	90	130	170	200	140	150	290	302	220	240	160	170	150	150	160	170	100	100	130	150	170	200	170	292
CP00049494	1	70	93	230	230	140	140	130	140	110	110	140	200	120	130	290	300	200	230	160	170	140	160	110	140	100	113	140	150	180	200	160	180
CP00016243	1	93	100	200	230	170	170	130	130	120	130	140	160	120	140	290	322	240	260	170	190	140	180	150	150	110	110	120	150	183	210	160	262
CP00016241	1	60	93	200	230	140	160	140	140	110	120	120	170	130	150	290	312	200	210	160	170	140	140	160	170	100	140	153	160	180	180	262	282
CP00016244	1	60	70	170	200	160	160	120	130	110	120	120	130	130	140	310	312	210	250	170	180	130	160	110	160	113	140	150	193	150	220	272	282
CP00015034	1	60	93	170	230	150	170	100	130	90	130	120	140	120	130	290	312	200	220	150	160	160	160	150	150	110	140	120	180	170	190	262	272
CP00016259	1	60	80	170	180	160	180	130	140	90	130	160	170	130	140	290	312	220	260	160	180	130	140	150	170	130	140	153	180	180	180	180	230
CP00016249	1	60	93	160	250	140	170	110	130	90	110	120	130	150	152	280	310	200	210	180	180	140	150	110	160	100	140	160	163	193	240	160	210
CP00015033	1	80	93	170	250	150	150	130	150	110	120	160	200	130	130	310	312	210	220	160	180	140	160	150	170	100	140	120	160	170	170	190	252
CP00015035	1	60	93	170	260	170	170	130	130	90	120	140	160	142	142	290	312	210	240	140	170	150	160	150	160	113	113	110	110	150	200	232	312
CP00015036	1	60	60	170	180	180	180	120	130	90	130	140	140	130	152	290	300	230	250	160	170	140	150	110	150	140	140	110	153	200	220	170	252
CP00016269	1	90	93	170	180	140	170	110	160	110	120	170	180	140	160	322	322	230	240	170	180	150	160	140	140	100	150	150	153	170	200	252	312
CP00049500	1	80	90	170	240	150	160	130	130	80	120	160	210	130	162	280	280	220	230	170	170	150	160	140	150	140	140	150	173	200	220	160	170
CP00015029	1	93	93	190	230	160	180	150	150	100	120	130	150	130	142	280	300	190	210	170	170	130	160	160	170	100	140	160	193	170	190	200	210
CP00015030	1	60	70	170	260	150	150	140	150	120	140	140	160	152	160	280	310	190	200	160	180	140	150	150	150	110	140	110	160	150	170	200	210
CP00016261	1	70	93	170	200	150	150	130	140	90	110	140	150	140	160	290	300	230	260	150	170	150	160	160	160	110	140	160	163	200	220	200	292
CP00015059	1	60	93	200	220	150	170	130	140	120	120	100	140	130	140	310	322	190	210	140	170	130	140	160	160	100	140	120	140	170	193	190	312
CP00016256	1	70	93	210	250	160	180	140	150	120	120	150	200	140	142	280	290	220	250	170	170	140	150	150	150	100	110	150	170	150	180	302	302
CP00015045	1	90	93	160	180	140	180	80	120	120	120	130	160	130	140	300	312	210	220	170	170	150	160	140	150	110	110	160	193	190	200	160	322
CP00015054	1	60	80	160	170	140	180	130	140	90	100	130	210	140	160	290	300	210	240	140	150	150	160	160	170	140	140	110	150	150	210	150	150
CP00015052	1	80	93	180	220	150	190	140	150	120	120	130	180	150	150	300	312	240	250	160	160	130	150	150	180	100	140	160	183	190	190	220	242
CP00015053	1	60	70	170	200	160	170	140	140	110	130	150	170	130	150	280	290	220	230	160	160	130	150	150	150	100	100	163	173	180	210	200	210
CP00016239	1	93	93	170	200	150	170	100	140	100	110	160	190	152	152	300	312	210	230	140	180	150	160	110	120	140	140	150	150	180	230	232	262
CP00015057	1	60	70	160	170	150	160	130	150	120	130	150	160	130	162	290	300	210	260	140	170	150	160	150	160	110	110	150	183	190	230	190	190
CP00016246	1	60	70	160	240	150	180	130	140	80	110	130	150	140	140	312	322	200	210	140	180	160	170	150	150	110	140	153	160	180	183	210	272
CP00016221	1	60	60	170	200	160	180	120	120	120	130	130	140	130	160	290	300	220	230	150	160	130	150	150	150	110	113	110	173	220	230	222	242
CP00016225	1	60	100	240	260	150	160	80	150	120	130	140	180	120	140	280	322	220	250	150	170	140	140	140	160	110	110	110	173	190	220	170	262
CP00016222	1	70	90	160	170	150	180	130	140	80	100	140	210	140	150	300	322	200	210	170	170	130	160	150	150	140	160	120	150	180	183	160	312
CP00016224	1	60	80	160	180	160	170	140	140	80	110	130	150	140	160	290	290	200	210	160	170	130	150	110	150	110	140	150	153	193	220	222	242
CP00016232	1	93	100	170	180	140	170	130	140	110	110	100	160	110	150	290	290	200	240	150	180	130	140	140	160	110	140	120	140	180	190	170	190
CP00016236	1	60	93	170	190	150	160	130	140	110	130	150	170	130	140	270	300	230	260	180	180	130	140	160	160	140	140	140	163	180	190	222	262
CP00015021	1	70	90	170	190	160	170	130	130	100	100	130	170	150	160	322	322	240	240	140	160	130	140	110	160	110	110	130	193	220	220	202	282
CP00015039	1	60	90	230	240	150	190	120	150	100	100	140	160	150	150	290	322	190	190	170	190	130	150	150	160	110	113	130	150	200	210	242	312
CP00016260	1	90	90	170	170	180	180	110	140	120	140	130	160	120	130	290	300	240	240	160	190	140	150	160	160	113	140	140	150	190	240	170	190
CP00016253	3	60	70	170	200	160	180	90	130	110	110	120	120	140	152	280	290	210	240	160	170	130	140	150	170	110	140	110	173	220	230	180	200
CP00016254	1	70	100	240	250	160	170	120	130	90	110	150	160	130	150	290	312	210	252	160	180	140	150	150	170	140	140	140	150	170	210	170	272
CP00049492	1	80	93	170	170	160	170	130	160	90	100	160	160	140	162	280	300	200	240	150	190	140	170	150	160	140	140	130	163	170	190	140	302
CP00016331	3	70	70	170	200	140	160	100	140	110	120	140	200	130	160	290	322	220	220	160	180	150	150	110	160	110	140	120	130	230	240	210	210
CP00016359	3	70	93	180	200	140	150	120	140	100	130	130	150	160	160	290	312	230	230	170	180	140	150	150	170	100	110	120	130	200	220	160	272
CP00016327	3	60	93	230	230	140	180	120	120	120	130	140	150	160	160	280	290	190	230	170	180	140	140	110	170	113	120	120	140	150	170	160	170
CP00016506	3	60	60	230	240	160	160	100	140	120	120	160	170	140	140	280	332	220	240	170	180	140	160	150	160	100	140	120	150	200	230	292	330
CP00016490	3	90	93	170	260	150	180	120	150	130	130	150	160	140	160	290	322	200	220	160	170	140	160	150	160	110	140	130	170	180	210	150	170
CP00016342	3	70	90	170	250	180	180	100	120	110	120	120	150	130	152	290	310	210	220	160	160	130	140	140	160	140	140	150	173	180	190	232	232
CP00016473	3	60	93	170	200	140	180	100	140	110	120	130	150	130	130	280	312	230	230	140	160	160	160	150	160	110	140	100	153	160	220	140	210
CP00016520	3	60	70	170	230	170	180	130	130	120	120	140	180	120	132	280	290	190	240	140	170	150	150	150	160	110	140	160	170	183	200	170	190
CP00016471	3	70	70	170	230	160	170	130	140	90	110	170	200	130	160	312	322	200	240	160	180	130	140	150	160	100	140	140	183	150	200	160	190
CP00016491	3	60	70	230	240	150	150	140	150	100	130	130	180	120	172	322	322	210	210	110	170	130	140	150	170	110	113	160	170	170	210	160	200
CP00016481	3	60	93	170	190	150	160	110	130	100	110	120	150	130	140	290	322	220	240	150	170	150	170	150	160	120	140	130	163	190	210	222	302
CP00016482	3	60	90	170	200	150	150	140	150	90	100	130	160	130	140	270	290	190	230	160	160	130	150	150	160	110	140	130	150	170	240	180	200
CP00016343	3	60	70	170	170	150	180	150	150	120	120	140	160	132	150	300	310	200	220	140	180	140	160	110	150	113	140	130	150	180	183	170	222
CP00016324	3	60	60	170	230	160	170	120	130	120	130	150	150	130	140	280	322	200	200	170	180	130	130	110	150	110	140	150	173	170	180	160	210
CP00016362	3	60	60	180	250	150	160	90	160	110	110	130	150	130	130	302	322	190	230	180	180	140	150	150	160	100	113	120	170	180	180	200	262
CP00016505	3	60	93	170	240	150	170	130	130	90	120	130	140	130	140	280	322	230	240	170	190	130	140	110	150	100	100	120	140	190	200	170	190
CP00016503	3	70	90	190	230	160	160	100	160	110	120	130	150	150	150	280	322	210	230	170	190	140	150	140	160	100	140	120	130	150	183	120	212
CP00016370	3	60	60	220	240	150	150	140	160	80	80	150	190	120	152	290	312	220	230	180	190	130	140	150	150	100	140	140	150	190	230	110	272
CP00016336	3	90	93	200	230	140	150	120	130	90	110	120	130	130	150	290	310	180	210	160	170	140	150	160	180	100	150	130	163	180	183	212	292
CP00016363	3	60	93	160	200	150	150	120	150	110	120	150	160	130	142	270	290	220	240	150	180	140	150	140	160	140	140	160	183	180	210	180	242
CP00016322	3	70	80	230	230	170	180	110	130	90	130	120	140	130	140	312	332	210	220	180	190	130	150	110	160	100	100	140	140	210	220	202	252
CP00016499	3	93	93	180	210	150	190	130	140	120	150	150	150	140	150	300	332	230	240	140	160	150	150	110	160	110	113	110	110	200	220	200	282
CP00016339	3	70	93	170	230	160	180	140	150	110	130	110	140	130	140	280	290	230	240	170	180	140	150	170	170	140	140	120	150	210	210	222	340
CP00016476	3	90	90	170	180	140	150	140	150	90	130	130	140	140	150	300	322	210	270	170	200	150	150	110	150	100	110	150	150	210	220	222	370
CP00016360	3	60	90	180	210	150	160	130	150	110	130	130	160	140	152	312	332	190	230	150	160	140	150	160	170	110	110	130	150	200	210	140	322
CP00016332	3	60	80	170	240	170	180	90	130	110	110	140	150	140	140	280	280	230	240	140	190	130	140	150	160	113	140	140	163	160	180	262	272
CP00016474	3	70	93	200	230	150	160	130	130	110	130	150	160	120	150	290	322	250	250	160	170	130	140	140	150	100	140	160	163	150	190	242	332
CP00016344	3	60	60	160	200	170	180	100	150	90	110	140	160	140	170	270	290	200	240	160	190	130	140	110	150	130	160	150	160	180	190	150	170
CP00016496	3	80	93	250	250	170	180	100	150	100	110	160	160	140	162	280	322	210	220	170	180	130	140	150	160	100	140	150	173	160	180	170	232
CP00016485	3	80	90	190	230	140	180	110	120	90	120	130	200	130	142	290	302	210	210	140	150	140	140	160	160	100	140	140	173	183	190	140	140
CP00016494	3	60	70	160	200	140	160	130	140	110	130	170	210	130	140	270	290	220	250	140	180	130	140	160	170	110	110	150	173	200	220	180	272
CP00016495	3	60	80	230	230	150	170	120	140	120	130	140	190	140	170	290	332	210	220	160	180	140	140	150	170	110	140	140	173	200	200	292	322
CP00016323	3	60	93	170	180	160	180	120	150	90	110	130	130	140	160	290	300	220	230	150	180	140	140	140	150	140	150	120	183	190	220	180	262
CP00016358	3	70	80	160	170	160	170	130	140	100	110	150	160	152	160	290	290	240	250	170	170	130	160	110	150	110	140	120	150	200	230	272	292
CP00016508	3	70	80	190	200	140	160	90	160	110	130	130	160	140	140	310	312	220	230	140	170	160	160	120	170	110	140	140	150	180	200	180	190
CP00016484	3	90	93	230	240	140	140	90	140	110	120	160	200	140	152	280	300	190	190	150	160	140	150	150	160	110	110	110	163	180	193	200	222
CP00016487	3	70	80	190	200	140	160	100	140	130	130	140	150	120	150	300	322	220	250	140	160	130	140	110	150	110	110	130	150	170	180	282	302
CP00016519	3	60	60	200	250	150	170	130	130	90	130	140	160	130	160	280	322	210	240	170	180	90	140	110	160	110	130	140	150	190	210	160	190
CP00016500	3	60	70	200	220	140	160	120	130	90	100	120	130	140	140	310	322	210	210	150	170	130	160	140	140	110	150	170	183	150	200	272	312
CP00016498	3	60	90	160	190	160	170	130	140	110	120	130	170	140	150	290	290	210	240	170	180	130	130	150	170	100	140	160	163	180	180	160	170
CP00016341	3	80	90	190	230	160	170	80	120	120	130	140	150	140	150	300	300	190	220	170	190	140	170	150	150	140	140	110	150	220	220	232	262
CP00016369	3	93	100	190	240	150	170	140	140	130	130	160	180	140	150	300	310	190	240	150	160	140	150	110	160	100	110	110	120	170	210	170	332
CP00016357	3	60	70	170	250	140	160	120	140	110	120	120	190	140	140	290	300	200	220	170	170	150	160	160	160	110	110	130	163	170	170	180	282
CP00016497	3	90	93	170	170	140	170	120	160	120	130	160	160	140	140	280	290	210	260	170	180	140	170	140	160	100	150	130	163	180	200	130	160
CP00016366	3	60	80	200	250	150	180	100	150	90	110	180	190	130	150	290	322	200	230	160	190	130	140	160	160	110	113	120	120	180	180	180	360
CP00016333	3	60	90	170	230	150	180	130	150	110	120	140	170	130	152	300	332	230	260	150	180	140	160	110	160	110	130	160	183	150	230	170	232
CP00016334	3	90	93	170	230	130	150	120	150	90	110	100	140	130	140	290	312	240	250	180	200	140	140	150	160	110	140	140	183	190	190	212	292
CP00016483	3	60	70	240	240	160	170	130	160	90	130	140	160	140	140	280	290	230	230	160	160	150	150	160	160	140	150	160	160	170	180	150	190
CP00016486	3	60	80	220	220	140	180	130	150	110	130	150	180	110	120	290	300	210	270	170	180	140	140	150	170	110	140	110	173	150	230	170	190
CP00016478	3	60	80	170	210	150	160	130	150	130	130	130	170	140	152	300	312	210	230	140	180	130	150	150	160	110	113	153	160	180	190	190	242
CP00016367	3	60	80	200	240	160	170	130	130	120	130	150	170	130	160	280	322	220	260	150	190	140	160	150	150	113	120	120	150	180	190	180	190
CP00016345	3	80	93	200	230	140	150	100	130	110	130	110	130	140	150	270	280	220	230	160	180	140	140	150	170	130	140	140	160	180	230	170	200
CP00016501	3	70	100	170	200	160	160	100	140	90	120	160	170	160	160	300	310	230	240	160	190	130	140	150	170	100	110	140	140	180	210	272	282
CP00016480	3	60	93	200	240	150	170	120	140	120	130	130	130	150	150	280	312	200	240	170	180	130	150	150	160	120	140	120	163	170	230	232	292
CP00016330	3	60	93	160	170	160	180	130	150	80	110	140	150	140	140	290	312	190	210	170	180	150	170	140	160	100	110	110	173	170	200	272	332
CP00016328	3	70	90	230	250	140	150	140	150	90	130	160	170	120	150	290	300	230	230	170	180	160	160	110	160	110	140	120	170	200	220	140	210
CP00016337	3	70	70	180	200	160	170	110	120	90	110	110	140	140	162	280	310	200	230	180	190	130	140	160	170	110	110	153	173	170	190	170	282
CP00016364	3	60	93	190	220	140	150	130	130	100	110	130	150	160	160	290	300	200	210	160	170	140	150	110	150	100	110	120	150	190	210	262	292
CP00016489	3	93	93	170	220	150	170	110	130	110	130	140	160	120	140	280	332	210	240	170	170	130	150	160	160	100	140	150	153	180	190	190	282
CP00016338	3	60	80	170	200	180	180	140	150	120	130	120	170	160	162	290	300	190	250	160	170	130	130	160	160	110	110	110	153	170	190	180	220
CP00016346	3	93	93	230	240	160	160	130	140	100	120	140	170	140	140	300	300	190	230	160	180	130	130	150	150	113	140	110	153	210	220	232	232
CP00016493	3	60	80	170	190	150	150	150	150	90	110	160	190	152	160	300	312	200	290	160	160	140	140	150	150	100	100	150	183	150	183	170	212
CP00016492	3	60	60	230	240	150	160	80	130	110	110	130	150	140	140	322	322	210	230	150	160	90	130	160	170	110	110	160	170	150	180	170	242
CP00016354	3	70	93	180	250	150	170	90	100	120	150	150	160	140	150	290	300	200	240	160	160	150	160	160	160	110	160	130	173	170	180	170	292
CP00016329	3	60	93	200	230	150	180	120	130	90	120	180	210	130	140	300	322	190	230	140	150	130	130	150	150	130	160	120	120	180	240	140	190
CP00016502	3	60	93	230	240	160	160	150	170	120	130	150	170	140	150	300	300	190	200	170	180	130	160	150	160	140	150	140	153	180	200	130	232
CP00016326	3	60	70	220	250	160	160	90	130	100	100	120	190	160	170	290	300	200	220	150	160	130	150	140	150	113	140	120	160	170	180	180	262
CP00016349	3	93	93	170	240	150	180	110	130	90	110	120	160	130	140	290	302	220	230	170	180	150	160	110	160	110	140	110	173	183	210	292	322
CP00016368	3	60	70	170	170	140	170	130	150	110	130	170	170	130	140	290	300	240	250	160	170	140	150	160	170	100	110	120	140	180	190	160	190
CP00016365	3	60	93	160	200	160	180	120	140	90	120	130	160	130	142	290	310	210	250	160	180	140	150	150	150	120	120	130	183	170	180	180	302
CP00016321	3	80	93	170	190	150	170	120	150	90	120	120	160	140	140	280	312	190	230	140	160	140	140	110	150	120	140	160	170	190	200	170	282
CP00016477	3	60	70	170	230	160	180	110	140	80	100	130	150	142	170	290	300	220	240	140	170	140	150	110	160	100	140	150	183	180	183	200	312
CP00016361	3	60	60	200	230	160	180	130	150	120	130	150	180	120	130	290	320	200	200	170	170	140	160	110	140	100	140	153	183	180	200	180	292
CP00016512	3	70	70	170	200	140	160	110	160	110	120	130	140	130	130	280	302	222	230	150	180	130	150	160	170	140	140	120	130	190	200	180	242
CP00016515	3	80	80	180	200	150	180	90	140	110	140	120	160	130	140	280	290	210	240	160	180	140	150	110	190	140	150	110	150	180	190	150	282
CP00016353	3	90	93	170	200	160	170	130	140	110	120	110	140	130	130	270	280	230	240	170	170	140	160	160	170	110	110	150	173	183	210	150	190
CP00016516	3	90	93	170	180	150	150	120	130	90	120	140	150	130	130	290	302	200	230	170	180	140	140	150	160	110	140	150	160	180	180	160	170
CP00016513	3	60	93	160	230	160	170	140	150	120	120	140	200	130	150	290	332	210	250	150	170	130	160	140	160	110	113	170	183	170	190	160	262
CP00016517	3	60	60	190	240	160	180	130	150	90	120	140	160	140	142	300	300	200	230	160	170	130	140	110	150	100	110	173	173	150	250	190	302
CP00016352	3	60	90	190	230	160	180	80	130	80	110	160	170	130	130	290	312	210	240	160	180	150	170	110	160	100	140	110	193	150	170	190	272
CP00016325	3	60	93	170	220	150	150	140	140	110	140	140	170	140	140	290	290	180	240	140	180	140	150	110	160	120	140	110	160	180	200	160	180
CP00016475	3	60	93	180	190	140	180	100	120	120	120	150	210	120	150	300	312	220	240	150	150	130	140	140	150	110	140	160	160	170	170	180	200
CP00016340	3	80	100	190	200	160	160	140	140	110	120	140	160	140	150	260	290	230	240	140	170	140	140	110	160	100	113	140	170	150	230	180	210
CP00016355	3	60	70	160	170	150	170	130	150	120	130	140	150	120	150	290	302	210	230	180	180	140	140	150	160	110	120	130	130	220	220	142	232
CP00016511	3	80	93	230	250	140	160	120	130	120	120	160	190	130	150	280	280	200	210	150	180	130	140	150	170	130	140	110	120	193	230	160	190
CP00016351	3	60	90	160	170	150	180	130	140	100	110	140	160	130	150	280	280	212	250	160	160	160	160	150	160	110	140	110	120	190	190	170	292
CP00016507	3	60	60	170	240	160	160	100	140	120	130	140	170	140	150	290	332	240	250	160	170	140	160	110	160	100	120	150	150	160	200	190	330
CP00016479	3	70	90	170	190	140	150	140	140	120	120	160	160	130	132	310	322	200	240	160	180	140	150	110	150	110	113	130	150	180	190	200	222
CP00016504	3	60	93	170	170	160	160	130	150	110	110	110	130	132	150	290	310	210	260	140	160	130	140	150	150	100	120	130	160	150	220	170	302
CP00016472	3	80	93	160	160	150	160	140	140	90	90	130	160	142	160	312	312	230	250	170	170	140	140	140	150	110	110	110	173	180	240	200	252
CP00016488	3	60	93	160	190	140	170	130	130	100	130	120	140	130	150	312	332	200	230	170	180	140	170	150	150	-9	120	120	150	183	220	180	282
CP00016514	3	90	90	170	250	140	170	140	150	100	120	130	190	150	150	280	310	200	220	150	180	160	160	150	160	110	110	110	160	180	200	142	282
CP00016347	3	93	93	160	210	140	150	90	130	110	120	120	150	130	130	290	322	230	230	170	180	130	140	150	170	100	140	110	173	170	200	252	342
CP00016348	3	60	70	170	230	150	180	80	110	120	130	170	170	140	140	280	302	210	210	150	190	140	150	160	170	100	140	120	150	190	200	232	262
CP00016510	3	60	90	230	230	180	180	120	160	120	130	140	150	120	130	322	322	220	240	160	160	150	170	160	160	140	140	110	180	150	170	180	232
CP00016350	3	60	60	170	170	140	180	130	130	110	120	170	210	120	150	290	300	220	220	160	170	150	160	150	160	113	140	160	173	150	180	190	242
CP00016518	3	80	93	160	190	150	160	130	140	90	120	140	180	132	140	280	300	210	230	160	180	140	150	160	170	110	110	153	160	190	220	160	180
CP00016509	3	90	90	160	160	140	150	130	130	110	110	120	140	140	140	290	312	190	230	170	170	140	150	150	160	100	140	130	153	190	230	180	222
CP00015888	3	70	93	230	240	150	180	110	160	90	120	150	160	140	152	290	290	200	230	160	160	130	150	160	160	110	140	130	150	200	250	242	292
CP00015759	3	70	80	230	230	170	190	120	140	100	120	130	140	130	160	300	312	190	220	140	150	140	140	150	150	113	140	150	153	190	210	190	273
CP00015760	3	60	93	230	230	160	170	120	130	100	110	150	160	130	140	280	290	230	230	140	170	130	160	140	160	110	113	130	160	170	180	140	180
CP00015918	3	60	93	170	210	170	180	110	130	120	130	130	190	152	152	280	322	200	232	170	180	150	150	150	160	140	150	150	173	170	200	242	322
CP00015756	3	80	90	170	200	140	140	80	130	110	120	140	160	130	130	290	300	220	230	170	180	140	160	150	160	140	150	150	170	180	200	232	332
CP00015880	3	70	93	190	190	140	160	130	130	120	130	120	130	130	140	290	290	230	230	160	180	130	140	170	170	110	130	120	120	170	190	222	232
CP00015916	3	70	90	170	250	160	180	130	150	100	110	140	150	140	152	280	300	230	240	150	190	130	130	110	160	100	110	120	160	170	190	210	262
CP00015753	3	70	90	170	200	150	180	130	140	90	120	130	140	130	160	300	322	210	240	160	180	150	160	160	160	110	113	140	173	150	210	272	272
CP00015885	3	60	93	230	240	140	170	130	140	120	130	130	140	130	140	312	322	210	240	160	170	140	150	110	150	100	110	110	160	190	220	200	212
CP00015896	3	70	80	170	250	170	170	110	140	100	100	150	160	130	140	270	300	210	220	170	180	160	170	110	150	110	140	130	150	180	250	282	312
CP00015899	3	60	80	170	250	150	170	130	130	120	120	100	170	150	162	280	290	200	210	170	190	130	140	150	170	110	110	163	183	180	180	302	322
CP00015909	3	70	93	180	230	150	170	100	110	110	120	150	160	120	150	290	322	210	230	160	160	140	170	150	150	110	110	130	173	160	220	180	272
CP00015894	3	70	93	170	230	140	160	130	150	120	130	130	140	120	142	290	332	190	230	150	180	130	150	150	160	110	110	110	150	180	193	180	302
CP00015724	3	60	80	160	240	160	170	130	140	110	130	160	170	140	142	290	322	190	200	160	190	140	150	110	140	110	140	130	160	220	230	122	282
CP00015906	3	80	93	170	240	160	170	140	150	120	140	120	150	140	150	290	290	200	200	140	170	140	150	160	160	110	140	110	160	210	220	160	242
CP00015734	3	80	90	160	170	150	170	120	130	90	130	110	130	130	140	290	312	210	230	160	-9	120	150	110	160	120	140	130	150	150	200	190	242
CP00015764	3	60	60	160	190	150	150	120	120	110	120	190	190	140	140	290	322	200	210	180	180	140	160	150	150	110	113	130	190	180	220	252	322
CP00015897	3	60	80	200	230	160	190	100	130	110	130	160	180	140	150	290	300	210	230	170	180	130	140	110	160	110	110	150	170	180	183	140	170
CP00015758	3	90	90	230	240	170	180	120	150	90	110	110	170	130	140	290	322	230	240	160	190	140	140	150	150	110	120	140	150	170	210	180	190
CP00015920	3	70	93	190	250	160	160	120	130	100	120	140	160	140	152	280	300	210	250	170	170	130	150	110	150	113	140	130	193	150	190	170	242
CP00015889	3	80	93	170	210	160	170	100	130	120	120	130	140	120	130	280	312	200	230	150	180	140	160	160	160	140	140	120	150	180	220	160	190
CP00015919	3	70	93	170	250	150	180	140	140	90	120	130	190	142	142	302	322	230	250	170	180	130	140	120	170	120	140	120	160	190	200	252	312
CP00015912	3	60	93	170	190	160	170	100	140	110	130	150	190	140	140	312	322	210	260	180	200	160	160	150	170	100	140	150	173	190	200	170	180
CP00015913	3	60	90	160	230	140	150	130	130	110	130	130	150	140	150	290	302	200	250	150	160	130	160	110	160	113	140	150	173	150	230	150	282
CP00015872	3	70	90	190	220	150	180	90	130	110	110	120	140	120	162	300	322	180	250	140	160	150	150	110	170	110	140	130	183	190	190	210	292
CP00015911	3	60	90	200	250	160	160	130	140	90	110	150	210	140	140	290	290	200	210	140	150	130	150	150	150	110	110	110	150	180	190	180	273
CP00015908	3	60	80	170	180	140	150	130	150	120	130	140	190	130	140	290	310	190	220	150	190	130	150	150	170	140	140	120	163	170	210	180	210
CP00015901	3	60	80	170	240	150	150	140	170	110	130	120	150	130	150	270	290	210	230	160	190	140	140	160	160	110	110	140	170	180	230	180	272
CP00015892	3	60	80	170	220	150	160	150	150	90	130	130	190	142	150	280	280	240	240	160	-9	130	150	160	170	110	140	120	160	190	210	282	282
CP00015883	3	70	93	180	190	150	180	140	140	110	140	140	140	130	142	290	290	210	210	140	170	140	140	160	160	100	140	110	120	160	190	272	292
CP00015910	3	60	93	230	240	150	150	140	140	100	120	120	150	130	140	290	312	200	210	160	180	150	150	160	170	110	140	120	150	190	200	230	252
CP00015884	3	60	70	160	190	140	160	140	160	130	130	110	130	150	150	280	322	200	230	170	180	140	170	150	170	130	140	120	140	150	180	180	190
CP00015875	3	90	100	160	230	170	190	110	130	110	120	120	140	130	162	300	300	230	240	170	170	130	140	140	150	113	113	130	150	170	190	150	282
CP00015879	3	90	93	170	240	170	180	120	160	120	120	140	140	140	160	290	312	220	220	150	170	150	170	150	160	140	160	150	173	180	180	190	272
CP00015905	3	60	93	160	200	140	150	130	140	90	130	150	190	150	160	300	312	220	240	160	180	130	160	110	160	140	140	160	193	190	190	150	282
CP00015891	3	60	60	200	260	160	160	110	140	90	120	160	190	140	140	300	322	220	252	150	190	140	150	110	160	113	120	130	140	200	210	160	262
CP00015740	3	60	70	190	230	150	160	130	130	110	110	130	160	140	160	300	322	180	200	160	180	140	140	150	160	100	140	130	173	180	190	272	312
CP00015766	3	60	90	240	250	160	180	120	130	110	110	110	150	140	140	290	322	200	232	170	180	140	150	150	160	100	120	150	173	190	193	232	272
CP00015763	3	60	80	170	250	150	160	100	130	120	130	130	140	130	140	310	312	200	220	150	160	150	160	150	160	140	140	110	140	150	190	170	200
CP00015762	3	93	93	170	230	150	180	120	130	100	120	130	160	140	172	290	322	200	222	170	180	130	140	110	150	100	140	120	150	150	240	140	150
CP00015761	3	60	80	200	210	150	150	130	140	110	140	150	150	140	150	290	322	220	230	160	170	170	180	110	160	110	120	130	160	180	220	170	252
CP00015743	3	70	93	170	200	150	160	150	160	110	130	140	150	130	140	300	312	210	230	160	160	150	150	140	160	120	140	140	150	180	190	282	340
CP00015878	3	60	60	160	190	170	170	140	150	110	120	140	190	140	150	280	290	190	200	160	170	140	170	150	160	100	110	140	173	200	220	180	312
CP00015748	3	60	70	180	220	150	160	110	120	120	130	140	150	120	150	300	312	210	230	170	190	130	130	150	160	110	150	140	160	220	220	200	342
CP00015737	3	80	93	190	230	140	170	130	140	110	120	110	170	120	130	290	332	210	232	160	170	140	170	110	150	110	110	110	130	210	220	173	200
CP00015768	3	80	93	190	200	140	150	120	150	100	100	140	180	130	160	290	322	210	230	170	170	140	150	150	160	110	110	120	160	180	190	180	272
CP00015767	3	70	90	170	200	160	180	100	120	100	110	130	160	120	140	270	280	210	230	150	180	140	150	150	170	110	140	110	173	170	230	180	180
CP00015746	3	80	93	170	200	150	170	80	120	120	130	150	160	130	142	290	290	210	260	170	200	130	140	110	150	110	140	130	163	190	190	210	282
CP00015893	3	90	93	180	240	150	150	120	130	110	110	140	140	130	140	300	322	240	240	160	170	150	150	110	150	100	110	150	163	180	210	190	200
CP00015741	3	90	93	190	240	180	180	130	150	90	120	140	210	140	142	290	310	210	220	180	200	140	150	110	160	113	120	120	150	220	220	150	272
CP00015757	3	60	93	190	240	160	180	130	150	100	120	130	160	140	150	270	332	220	220	170	170	140	150	150	160	110	110	160	160	170	220	161	180
CP00015739	3	60	80	170	180	170	170	120	140	110	130	160	160	120	140	280	280	220	250	140	200	140	150	150	170	110	110	150	173	190	240	262	272
CP00015751	3	60	60	190	230	160	160	130	140	90	120	160	180	140	150	280	280	210	230	150	170	150	150	110	140	140	150	110	153	180	220	272	350
CP00015745	3	60	70	170	190	150	160	120	150	110	140	130	210	130	142	290	332	210	240	150	170	130	150	150	170	110	110	150	183	210	230	170	180
CP00015747	3	70	80	160	200	150	150	130	140	110	130	140	160	150	152	290	312	190	240	180	200	130	150	140	170	110	140	150	163	200	200	190	312
CP00015754	3	60	90	180	290	160	180	120	150	110	120	150	180	140	150	280	300	220	220	150	200	150	150	160	180	110	110	150	183	190	220	232	242
CP00015873	3	90	90	240	250	150	160	110	140	90	110	180	180	130	130	280	290	210	210	160	170	150	150	150	180	110	150	160	173	183	230	160	190
CP00015881	3	90	93	200	250	140	160	90	150	110	130	130	190	130	160	312	322	230	250	140	160	130	150	160	160	110	140	130	150	150	220	170	220
CP00015877	3	70	93	180	240	160	160	130	140	90	110	160	160	130	140	300	300	200	240	160	170	160	160	150	170	113	140	110	130	180	180	170	232
CP00015915	3	70	93	170	200	160	170	80	130	90	140	120	160	130	152	290	300	190	230	160	180	130	160	150	160	140	140	140	173	200	210	210	210
CP00015904	3	70	93	230	240	170	170	130	130	110	130	160	180	140	152	280	322	190	210	170	180	140	150	140	150	113	150	160	170	150	210	180	292
CP00015900	3	60	90	170	250	150	180	140	150	120	130	140	180	120	120	290	322	210	220	150	190	140	150	160	160	100	110	110	153	190	200	272	302
CP00015907	3	60	93	180	200	160	180	140	140	110	120	160	160	140	150	300	332	210	240	170	180	140	150	150	160	100	110	130	173	180	183	160	190
CP00015742	3	60	60	170	210	160	180	110	150	110	120	130	140	140	160	312	322	190	250	160	190	150	180	140	170	113	140	110	160	180	190	202	332
CP00015738	3	93	93	190	200	150	160	140	140	120	130	150	150	140	150	280	290	200	240	160	160	130	140	160	160	100	140	140	163	170	180	170	282
CP00015727	3	60	93	170	170	150	160	120	130	120	120	160	200	140	140	270	300	230	240	170	180	150	160	110	150	110	140	140	170	210	240	190	262
CP00015728	3	60	80	180	230	180	180	140	140	90	110	140	160	130	152	290	310	200	250	170	180	150	150	150	160	100	113	120	153	200	220	160	170
CP00015726	3	60	80	160	250	160	180	130	140	120	130	120	150	130	140	300	310	200	240	150	160	130	150	110	150	140	160	110	140	180	220	192	292
CP00015914	3	80	93	230	240	140	150	100	150	90	110	130	140	120	152	300	302	210	210	150	170	150	160	160	180	120	140	150	150	190	220	180	272
CP00015769	3	90	90	170	170	170	170	120	150	110	130	120	210	120	150	280	300	200	230	170	200	130	140	110	160	100	120	150	160	180	220	170	190
CP00015770	3	60	80	190	230	150	170	130	140	100	130	160	160	120	152	300	322	190	220	140	180	130	140	150	170	140	140	150	150	180	220	272	302
CP00015750	3	80	93	170	200	150	180	130	140	120	130	140	140	130	140	300	312	200	250	140	160	140	150	160	160	110	140	120	173	200	220	170	190
CP00015749	3	90	93	170	250	140	160	90	140	100	110	160	170	140	162	290	300	190	220	150	190	130	130	140	160	140	140	130	163	190	210	180	242
CP00015721	3	80	80	170	250	160	170	80	120	90	110	190	190	120	140	290	322	230	230	180	190	130	150	140	170	110	110	150	173	200	220	150	190
CP00015735	3	60	93	170	180	160	170	140	150	120	140	160	170	140	150	290	322	200	230	170	190	140	150	150	170	120	140	150	173	190	200	252	282
CP00015732	3	70	93	170	180	140	170	120	140	90	90	120	160	140	142	280	312	240	240	150	170	150	160	160	170	140	150	130	163	190	200	190	282
CP00015723	3	60	90	170	180	170	180	120	130	110	140	120	170	142	160	312	322	190	240	160	160	130	140	150	160	110	120	130	173	150	180	272	272
CP00015729	3	93	93	240	250	150	150	130	130	120	130	130	170	140	152	280	290	220	230	140	160	140	140	110	110	110	113	110	160	160	190	160	160
CP00015736	3	60	60	200	250	150	160	130	150	120	140	150	180	130	150	290	332	200	210	150	160	130	140	110	150	113	140	160	173	170	210	222	292
CP00015725	3	90	93	170	170	160	180	140	140	90	110	140	200	142	150	290	332	210	220	160	170	150	150	140	150	110	160	110	110	160	210	160	160
CP00015886	3	60	93	220	240	170	180	130	130	90	120	160	160	130	142	300	312	190	210	170	190	140	160	110	160	110	150	120	170	180	200	140	302
CP00015722	3	70	90	180	240	140	160	130	150	90	120	140	200	130	130	280	322	200	240	160	170	140	150	150	150	113	140	150	160	183	183	190	190
CP00015731	3	60	80	170	230	140	150	130	140	100	130	110	140	140	140	310	322	190	200	170	190	150	150	110	150	110	140	120	120	170	190	180	210
CP00015730	3	80	93	230	250	150	170	130	150	110	120	120	140	150	150	300	332	240	240	140	160	150	160	150	150	110	140	110	140	180	220	210	282
CP00015752	3	60	60	170	240	160	180	140	140	120	130	120	140	140	140	270	290	190	220	190	190	160	160	150	150	120	140	120	153	170	200	190	292
CP00015890	3	93	93	230	250	160	180	130	130	90	120	130	130	130	150	290	302	220	240	180	190	150	150	150	160	110	140	120	160	180	220	200	272
CP00015876	3	60	93	170	230	160	170	100	150	110	130	140	150	130	140	280	300	210	260	170	170	130	140	110	150	110	140	120	130	170	190	190	312
CP00015887	3	60	60	200	250	160	160	110	150	110	130	140	170	140	150	300	312	200	220	170	170	150	160	150	160	113	140	140	173	190	230	140	180
CP00015882	3	60	93	160	160	140	170	140	160	120	130	140	140	130	150	290	312	200	230	150	180	140	170	110	150	90	140	120	150	150	180	190	262
CP00015765	3	90	90	160	170	160	180	130	130	100	110	150	170	150	150	270	300	210	240	160	180	140	160	150	160	130	150	140	150	210	220	292	302
CP00015744	3	60	90	170	200	160	170	100	110	100	100	180	190	130	140	300	312	220	252	150	200	140	150	110	160	100	110	130	140	200	210	262	302
CP00015104	1	60	90	170	170	160	180	90	140	110	120	130	160	120	130	312	322	190	210	160	170	140	140	150	160	100	120	120	173	190	200	170	312
CP00015100	1	90	93	160	230	150	150	140	170	120	130	160	160	140	140	322	342	230	240	110	170	150	180	150	160	130	140	120	160	180	180	160	272
CP00015000	1	60	80	220	240	170	180	140	140	100	120	140	150	152	160	290	312	190	210	150	180	140	140	110	160	110	140	120	170	180	183	232	272
CP00015119	1	93	93	230	230	160	160	100	150	90	110	150	190	130	162	280	302	230	250	180	180	150	160	150	160	100	110	120	170	190	190	180	292
CP00015016	1	90	90	170	220	170	170	130	140	110	120	130	140	130	140	290	300	190	250	170	170	140	150	150	150	100	140	150	163	190	210	170	302
CP00015078	1	90	90	170	230	150	180	130	130	110	120	160	180	130	140	280	300	230	240	170	190	130	160	150	160	100	110	120	173	150	200	232	302
CP00015076	1	60	60	230	240	160	180	100	170	110	120	150	170	130	140	290	310	220	250	150	160	130	130	120	150	100	110	140	173	180	180	210	252
CP00015084	1	70	90	190	230	160	160	140	150	100	130	160	180	110	140	280	300	220	230	170	180	140	150	150	160	140	140	130	150	180	220	262	282
CP00015091	1	60	90	170	180	150	180	120	130	100	120	130	210	120	150	300	322	220	240	140	160	140	150	150	160	100	110	150	153	220	240	170	242
CP00015013	1	60	93	170	200	150	160	130	130	110	120	160	180	140	140	312	332	220	240	160	180	140	160	150	160	120	140	130	183	150	200	160	170
CP00015009	1	70	80	180	230	160	180	140	150	120	120	150	170	140	150	290	292	210	210	180	180	140	150	110	160	113	150	173	183	170	200	150	170
CP00015082	1	60	93	170	170	150	160	110	130	110	110	130	200	140	150	280	290	230	230	140	160	150	160	160	160	120	150	130	173	210	220	170	292
CP00014983	1	60	90	170	250	150	190	120	120	110	130	120	140	140	160	312	322	220	230	160	170	130	140	150	150	110	140	150	150	210	210	150	262
CP00015072	1	60	93	200	200	170	170	130	140	110	140	160	160	130	130	290	322	210	240	170	190	130	140	150	160	110	140	160	173	150	190	160	190
CP00015086	1	70	93	160	180	160	160	120	120	120	140	140	170	140	142	270	322	190	250	160	170	130	140	150	150	140	140	153	163	210	230	160	262
CP00015073	1	70	80	170	190	160	180	130	140	110	120	130	130	130	140	312	312	220	240	170	180	130	140	150	160	110	110	130	183	170	183	242	252
CP00015077	1	60	93	190	200	160	170	100	150	90	100	120	140	140	152	290	300	190	210	150	190	150	170	150	160	113	150	150	173	170	240	180	252
CP00014973	1	60	60	180	210	150	160	140	150	90	120	150	160	140	140	300	300	230	240	150	160	140	150	150	160	110	140	120	160	190	200	170	262
CP00015015	1	80	93	170	180	170	180	130	150	90	110	140	160	130	130	290	300	210	230	150	150	130	160	150	160	100	110	153	173	190	220	200	312
CP00014975	1	70	80	160	230	150	160	120	130	80	110	150	210	140	150	280	300	210	220	160	160	130	160	150	170	110	140	160	170	170	200	190	202
CP00014979	1	80	93	160	200	170	170	140	150	120	120	130	160	132	142	280	322	210	240	150	160	140	170	150	160	110	140	130	160	150	210	170	190
CP00014980	1	93	93	200	230	150	180	140	140	120	120	150	170	140	140	300	300	180	220	140	170	140	140	110	150	101	110	130	150	150	190	180	180
CP00015111	1	80	90	190	230	150	180	140	150	90	120	150	170	142	142	300	322	210	250	170	170	140	150	150	160	110	120	150	163	150	180	200	242
CP00015090	1	70	93	230	240	170	170	130	130	120	130	140	210	140	142	302	312	180	240	160	180	130	150	150	160	110	140	110	150	190	200	160	190
CP00015098	1	70	93	200	240	150	160	100	140	90	100	130	160	132	150	270	280	220	220	150	160	140	150	150	160	110	140	150	160	180	190	170	262
CP00015005	1	90	100	160	180	170	180	130	160	100	130	130	140	120	152	280	290	220	230	160	180	130	140	150	150	120	140	153	160	150	183	282	312
CP00015109	1	60	70	220	240	170	180	120	140	90	120	160	190	130	130	280	290	210	210	140	180	130	140	140	170	140	140	150	153	210	230	212	292
CP00015114	1	60	93	160	170	170	180	110	130	90	130	140	190	140	150	290	300	210	240	150	160	140	160	150	170	100	130	150	170	240	240	292	302
CP00015007	1	70	93	160	190	150	160	130	140	120	130	150	190	130	140	300	312	230	250	150	170	130	140	150	150	130	140	173	183	180	220	222	322
CP00015006	1	70	93	160	230	150	160	90	150	90	140	140	140	120	140	290	310	240	250	170	180	140	150	140	150	140	140	110	150	170	180	210	292
CP00014974	1	60	90	190	240	160	170	140	160	110	120	130	160	140	160	290	290	220	240	140	190	160	160	150	150	100	113	130	173	180	240	222	232
CP00015096	1	60	60	220	230	150	150	130	130	90	120	130	140	130	162	302	322	200	240	160	170	130	160	130	140	113	113	120	160	180	180	252	252
CP00015112	1	90	93	160	180	150	170	120	150	110	120	140	170	142	150	312	322	220	220	170	170	130	150	150	160	113	140	120	163	180	193	160	222
CP00015002	1	80	93	160	200	150	170	130	130	120	130	140	140	130	140	300	312	220	240	150	160	140	140	150	150	110	140	110	153	170	190	190	200
CP00015113	1	90	90	170	230	160	180	130	140	90	110	140	150	152	160	290	312	230	230	140	160	130	130	150	170	120	140	173	173	150	180	282	282
CP00015010	1	60	90	170	210	150	160	110	150	120	120	130	160	120	142	290	290	200	230	160	170	150	150	150	160	110	140	150	173	183	220	200	282
CP00015019	1	60	90	180	200	150	180	130	140	110	120	100	120	120	140	280	332	220	260	170	190	130	150	150	150	110	140	120	150	160	220	200	262
CP00015120	1	93	93	180	200	160	190	110	150	110	120	120	170	130	150	322	332	200	210	140	150	140	170	150	160	110	160	130	163	180	220	190	210
CP00015107	1	60	60	170	200	150	180	140	150	110	120	140	160	120	150	290	312	220	240	150	180	160	170	110	150	110	140	150	150	160	180	170	272
CP00015081	1	60	60	170	230	150	180	130	130	120	140	140	160	130	140	290	312	220	230	170	180	150	150	160	160	100	110	170	173	150	220	140	200
CP00015071	1	90	90	190	230	160	180	130	140	120	120	120	120	140	150	290	322	200	220	160	190	150	150	140	160	140	140	110	173	190	220	190	242
CP00015087	1	70	93	190	270	170	180	130	130	110	120	130	130	130	130	300	312	220	220	170	170	140	150	150	160	110	140	130	160	183	220	242	262
CP00015093	1	90	90	170	200	150	170	130	150	130	140	140	150	140	140	280	310	-9	240	160	180	150	160	170	180	140	150	120	150	200	220	252	272
CP00015102	1	93	93	190	240	150	170	140	140	80	120	160	170	130	130	290	300	240	250	160	170	140	160	160	170	120	140	163	183	190	190	190	272
CP00015101	1	60	60	160	170	150	170	140	150	100	130	160	160	130	150	280	290	210	230	160	200	150	170	110	170	113	140	120	173	170	220	170	190
CP00014982	1	60	90	180	200	180	180	120	150	90	110	140	170	130	150	300	300	210	240	150	180	140	140	150	150	110	113	120	173	160	210	170	190
CP00014990	1	93	93	170	230	160	170	130	140	90	110	120	160	120	130	290	312	190	200	170	180	140	150	110	140	110	140	150	150	220	230	272	282
CP00015088	1	70	93	160	230	160	160	130	140	110	110	140	140	140	152	322	332	230	230	160	170	130	130	140	150	140	140	130	160	180	210	170	232
CP00014995	1	60	93	170	250	150	150	80	150	80	90	130	140	130	130	300	312	240	240	140	180	140	140	160	170	140	140	120	160	190	200	190	292
CP00015003	1	60	93	160	170	140	160	130	150	90	120	150	170	130	162	290	320	210	260	150	190	130	150	150	170	110	140	130	150	190	220	200	252
CP00015097	1	60	70	200	240	170	180	130	140	90	100	140	160	130	140	280	290	190	250	170	190	140	150	140	150	100	140	120	153	180	220	190	200
CP00014972	1	60	90	170	190	150	170	80	140	110	120	120	160	140	140	290	310	230	250	170	180	150	150	150	160	110	140	120	183	190	210	252	272
CP00015106	1	90	100	170	170	150	160	130	150	90	110	130	140	130	130	290	312	190	250	160	180	140	160	160	180	120	140	110	163	190	220	190	272
CP00015095	1	70	90	190	230	150	170	110	130	100	120	120	160	120	140	270	290	190	230	170	190	150	170	110	110	140	140	160	160	200	220	170	222
CP00014998	1	80	93	180	270	140	150	120	140	90	120	140	190	120	140	280	332	210	240	170	190	150	160	150	160	100	140	110	120	180	250	262	282
CP00014985	1	80	93	170	240	150	180	140	150	110	130	140	160	140	140	300	322	200	230	140	180	130	150	110	170	110	113	110	153	210	240	222	222
CP00014986	1	70	90	170	190	160	180	100	140	110	120	150	160	130	162	270	290	200	240	170	190	140	140	110	160	110	140	110	160	160	180	180	190
CP00014999	1	90	93	170	200	140	150	140	160	120	120	140	170	130	160	290	322	220	250	140	160	130	160	150	150	110	110	160	160	220	220	292	302
CP00014984	1	70	70	180	200	150	170	130	140	100	110	140	140	140	142	280	290	250	250	160	160	150	160	120	160	100	140	120	130	150	160	292	292
CP00015117	1	90	93	160	240	160	170	120	120	110	110	140	150	140	152	280	322	230	250	170	170	140	160	150	160	140	140	163	183	210	220	170	190
CP00015099	1	60	80	200	230	140	150	120	140	110	120	160	160	120	150	280	300	190	260	160	170	160	160	110	110	110	113	120	140	180	240	180	180
CP00015110	1	60	93	180	220	150	160	110	160	120	120	130	190	140	150	290	322	190	220	150	160	150	150	160	160	110	140	160	160	180	180	180	242
CP00015115	1	60	93	190	200	150	180	130	150	120	120	130	130	130	140	320	322	200	210	160	170	140	180	150	150	100	110	120	173	180	220	222	262
CP00015080	1	70	93	190	230	150	150	140	140	110	120	110	130	140	140	280	310	200	210	140	170	130	130	140	160	110	110	120	173	150	180	150	160
CP00015012	1	80	80	170	230	160	170	130	130	110	110	120	140	130	160	290	312	180	240	170	180	140	150	140	150	110	140	150	160	190	220	180	190
CP00014994	1	70	93	180	200	160	170	110	150	100	120	140	160	120	140	290	300	190	230	150	180	140	160	150	150	110	113	120	140	180	180	222	322
CP00015001	1	60	90	200	230	140	160	130	140	110	130	130	140	130	160	310	312	210	230	160	170	140	140	140	160	113	140	170	173	220	230	170	190
CP00014992	1	60	80	200	250	150	160	140	140	110	120	130	170	150	150	300	332	210	252	170	170	130	140	150	180	110	140	173	183	173	190	160	292
CP00015074	1	70	93	170	230	150	160	130	140	100	110	110	130	140	152	280	310	200	210	170	170	130	160	140	160	110	110	150	173	200	210	150	210
CP00014991	1	70	93	170	200	150	160	120	150	120	130	140	140	120	142	290	290	210	260	170	200	140	150	150	150	100	113	150	153	180	183	222	292
CP00014981	1	90	90	170	200	150	150	120	130	90	120	110	160	120	140	290	290	190	200	150	180	130	130	150	150	110	110	150	193	190	190	180	180
CP00014977	1	80	80	190	240	140	180	150	160	110	110	130	160	130	140	300	320	210	250	160	160	130	140	110	160	100	113	110	120	220	230	200	252
CP00014976	1	70	93	170	180	160	160	130	150	120	130	110	120	120	140	290	312	200	210	170	180	130	140	150	150	113	140	110	120	180	220	180	250
CP00014993	1	80	90	240	250	150	180	130	140	120	140	130	160	130	140	280	312	200	230	160	190	130	160	110	160	100	110	120	173	160	183	232	282
CP00014971	1	60	90	170	200	150	160	110	160	120	130	130	150	130	130	290	310	210	240	160	170	130	160	160	160	110	140	110	193	180	210	170	262
CP00015020	1	70	90	170	190	150	150	130	160	100	130	130	150	130	140	290	312	240	250	160	180	130	160	150	160	110	140	173	193	210	210	170	262
CP00015004	1	70	80	170	240	150	170	110	140	120	130	140	150	140	140	290	310	200	230	180	180	150	150	160	160	100	140	160	193	190	230	220	302
CP00015103	1	70	100	180	180	160	180	130	140	110	120	150	180	120	140	280	300	210	250	140	160	130	140	120	170	110	120	110	140	170	190	190	190
CP00015116	1	70	90	160	210	130	190	100	130	110	130	120	120	130	140	280	322	200	220	160	170	140	150	150	160	113	140	150	173	220	240	200	222
CP00015118	1	60	70	240	240	160	180	130	140	110	110	140	190	130	130	290	290	220	220	170	180	150	150	110	140	140	140	160	170	170	230	170	222
CP00014996	1	80	93	190	200	150	150	120	130	110	110	140	180	150	150	290	290	200	220	170	190	150	160	150	170	113	140	140	160	190	230	282	292
CP00015079	1	60	70	170	190	150	180	100	130	110	120	130	130	130	140	300	322	210	240	170	180	140	170	160	160	100	140	160	173	180	200	170	232
CP00015094	1	90	93	190	230	150	180	130	150	120	130	130	160	130	150	290	302	220	240	180	180	150	150	110	150	110	150	140	160	150	220	272	292
CP00015085	1	60	90	190	230	150	170	130	140	110	120	120	170	150	162	290	300	230	240	170	190	140	160	150	150	110	110	140	150	180	190	150	161
CP00015083	1	60	60	190	230	150	170	140	140	90	110	130	160	120	130	300	312	250	250	170	190	130	140	140	170	110	140	160	173	210	220	170	190
CP00015092	1	90	93	170	210	180	180	120	130	110	110	160	170	150	150	280	280	210	220	140	170	130	150	110	150	110	140	120	163	230	250	180	282
CP00018197	1	80	90	170	170	160	170	120	140	110	110	140	240	130	140	280	312	200	240	150	180	150	160	150	160	140	140	150	160	150	180	282	292
CP00018136	1	90	100	230	240	150	160	140	150	90	120	140	140	120	150	322	322	220	250	170	170	150	150	150	160	123	160	160	163	150	190	180	272
CP00018190	1	60	93	160	170	160	180	130	140	90	120	120	130	130	142	330	332	210	220	160	190	140	150	150	160	100	140	140	150	190	210	170	242
CP00018139	1	60	70	190	200	170	170	100	130	110	120	160	180	132	160	280	290	210	240	150	180	130	160	110	150	140	140	110	150	170	180	232	350
CP00018207	1	60	80	210	230	140	170	130	140	110	120	130	150	130	162	300	302	230	260	170	180	130	150	110	150	140	140	173	183	150	180	200	272
CP00018213	1	60	80	170	230	150	170	140	150	130	140	130	170	130	140	280	312	190	260	150	160	140	150	110	160	110	110	150	163	190	200	170	292
CP00018163	1	93	93	200	240	150	170	150	150	90	110	210	220	140	160	300	300	210	250	160	160	150	160	110	160	110	120	163	183	180	180	180	190
CP00018179	1	60	93	170	230	150	160	100	110	80	110	140	140	120	150	312	322	220	240	170	180	130	140	110	150	113	140	120	150	200	230	190	282
CP00018178	1	60	80	170	270	160	180	130	130	120	130	120	130	140	140	280	290	200	240	170	180	140	140	160	160	100	100	163	173	210	220	110	170
CP00018144	1	60	90	170	170	150	160	130	150	90	110	150	150	140	152	310	312	190	220	170	180	160	160	110	160	140	140	110	150	200	220	180	272
CP00018155	1	80	93	170	250	150	170	120	130	90	130	160	160	100	130	280	322	190	220	170	180	130	160	150	150	140	140	140	153	170	170	170	232
CP00018151	1	70	80	170	170	160	160	130	140	110	110	130	160	152	152	290	322	210	240	140	170	140	150	140	160	110	140	110	160	230	240	232	282
CP00018180	1	70	93	160	170	160	170	140	150	100	120	120	150	120	140	290	290	200	260	160	170	130	130	150	160	120	140	153	173	193	230	140	282
CP00018182	1	60	93	170	240	140	160	120	140	90	120	140	140	130	160	290	312	220	230	170	180	140	150	110	150	100	110	110	110	170	170	160	190
CP00018189	1	70	90	170	200	180	180	110	140	110	140	120	160	130	140	312	322	220	250	150	170	130	140	160	160	110	120	150	173	190	200	190	272
CP00018217	1	90	90	170	210	140	160	140	140	120	120	140	170	120	140	290	322	200	240	140	160	140	150	110	150	110	140	110	120	180	200	292	320
CP00018154	1	60	80	180	210	170	190	140	150	80	110	160	160	140	140	302	310	200	210	140	150	140	150	110	150	140	150	140	160	180	250	180	282
CP00018158	1	60	93	200	230	140	160	130	160	100	140	150	170	140	160	300	322	210	240	140	140	140	150	110	160	140	140	160	170	170	200	200	262
CP00018181	3	70	93	160	190	170	170	100	140	110	120	130	150	140	140	270	310	210	210	160	180	130	140	150	150	140	140	110	120	160	180	272	282
CP00018208	1	60	60	230	240	160	170	130	140	110	120	120	150	120	150	310	322	190	220	180	190	150	160	140	150	100	140	150	160	200	210	202	262
CP00018211	3	93	93	170	230	140	160	140	140	100	120	120	160	120	140	290	312	210	220	170	180	140	150	160	170	100	113	160	173	200	220	190	302
CP00018176	3	60	80	170	170	180	180	100	140	90	120	140	180	130	140	280	290	210	260	180	180	130	140	150	170	100	140	150	173	170	180	170	170
CP00018128	3	93	93	170	170	150	160	90	140	90	130	150	180	140	142	280	290	190	220	110	190	130	140	140	150	110	140	120	130	180	190	190	222
CP00018122	3	70	93	160	250	160	160	120	130	100	130	140	140	130	160	290	332	210	220	180	180	140	150	150	150	113	140	170	173	190	190	282	312
CP00018156	3	60	80	180	230	150	160	80	130	110	130	160	220	130	150	290	290	210	260	140	160	140	150	110	150	100	110	150	173	170	220	292	322
CP00018126	3	90	90	170	200	160	180	100	150	110	120	110	140	120	140	290	310	-9	200	160	170	130	160	170	180	100	113	160	170	190	200	160	232
CP00018187	3	93	93	200	230	160	180	100	150	80	110	160	170	120	152	290	300	200	230	170	170	140	140	160	180	110	140	150	170	170	250	180	232
CP00018143	3	60	90	170	230	150	170	100	150	130	130	160	180	150	150	290	300	240	250	180	180	140	140	160	170	113	140	163	173	150	200	160	180
CP00018188	3	60	90	170	200	150	160	120	130	130	130	140	160	140	140	312	332	212	220	160	180	120	150	160	170	100	140	140	160	180	180	140	222
CP00018219	1	60	93	170	190	150	180	130	140	110	130	130	170	130	160	290	322	240	240	160	200	140	160	110	150	113	140	153	160	183	220	242	282
CP00018205	1	60	80	170	250	150	170	140	140	100	100	160	170	130	140	312	332	200	240	170	190	130	160	160	170	100	110	150	173	190	220	190	232
CP00018124	1	60	70	200	240	140	150	120	130	90	120	130	130	140	152	280	310	200	220	150	190	170	170	120	160	100	110	140	150	150	180	180	292
CP00018160	1	60	70	160	240	150	160	130	150	110	120	130	180	140	150	290	300	210	250	170	170	140	150	150	160	140	140	140	193	183	220	160	252
CP00018199	1	60	60	160	170	160	160	140	150	120	120	150	180	140	162	290	300	230	250	170	170	130	140	110	160	110	150	153	170	193	210	180	282
CP00018137	1	60	93	170	230	160	160	140	140	90	110	160	170	110	130	280	290	230	260	170	170	140	150	150	160	100	120	120	163	190	190	272	292
CP00018215	1	70	93	160	190	170	170	130	130	120	130	130	140	140	140	290	322	200	260	170	180	140	150	150	170	110	150	173	183	170	180	282	282
CP00018171	1	60	80	170	170	140	160	130	130	90	140	110	160	140	152	280	322	200	230	160	170	140	150	110	150	100	140	140	173	210	220	150	222
CP00018157	1	60	93	160	160	170	180	130	160	110	110	130	140	120	150	280	322	220	220	150	190	150	160	160	160	140	140	150	173	150	150	270	282
CP00018165	1	80	90	190	230	170	180	120	130	120	140	170	180	140	140	280	312	190	190	170	170	140	160	160	160	113	140	110	173	200	200	170	190
CP00018191	1	60	90	200	230	150	150	130	150	130	140	140	170	120	130	290	322	230	230	170	170	150	150	110	160	110	110	163	173	180	180	252	262
CP00018141	1	60	93	190	200	160	160	100	100	90	110	140	160	130	142	322	332	220	220	170	170	150	160	150	150	100	150	153	173	180	210	150	312
CP00018204	3	80	93	220	250	150	170	120	130	110	120	150	200	130	140	280	290	200	270	160	160	150	150	140	160	110	140	160	173	183	240	312	332
CP00018127	3	70	70	240	240	160	170	130	140	110	140	120	200	140	152	290	310	230	240	170	170	130	150	140	160	100	100	140	160	180	190	200	272
CP00018194	1	60	93	160	170	160	180	130	130	100	120	130	140	130	160	312	332	240	240	160	180	150	160	110	150	110	110	140	150	190	240	140	232
CP00018168	3	93	100	230	230	150	180	120	130	120	120	120	150	130	152	280	312	220	250	170	170	160	170	150	160	100	150	153	173	220	250	120	262
CP00018216	1	93	93	170	240	160	170	120	130	120	120	120	130	130	140	280	290	230	250	150	180	140	150	120	160	110	140	120	163	170	170	180	312
CP00018192	1	90	93	170	200	140	150	80	120	110	120	160	170	130	150	280	290	210	230	170	180	150	150	110	150	110	110	120	130	150	190	150	200
CP00018184	3	70	80	170	180	150	170	130	150	90	100	140	150	120	150	290	322	200	230	140	200	130	130	150	160	100	113	130	150	150	230	242	272
CP00018134	3	70	93	200	240	160	160	130	140	110	130	160	160	132	140	290	300	230	240	160	160	130	160	140	180	113	140	130	150	180	200	222	222
CP00018142	3	90	93	230	230	140	160	130	130	90	110	140	180	140	160	290	290	240	250	140	170	140	150	110	160	140	140	140	153	180	210	160	282
CP00018220	3	60	93	160	230	140	160	120	160	110	120	160	170	130	150	280	290	210	250	170	190	140	140	150	150	100	113	150	163	150	170	170	232
CP00018186	3	90	93	180	200	150	150	120	140	80	140	120	120	140	150	290	290	200	230	160	170	150	170	110	150	110	120	110	130	210	230	272	322
CP00018131	3	70	93	160	200	140	150	100	150	130	140	130	200	130	140	300	332	220	240	140	160	140	160	110	150	110	140	160	173	190	220	150	282
CP00018183	3	60	70	170	230	150	180	130	150	100	120	160	180	130	140	290	312	210	240	160	180	140	150	160	170	100	140	120	140	150	230	190	262
CP00018209	3	60	93	170	230	180	180	140	140	120	130	120	160	130	150	280	332	210	210	170	180	130	150	150	150	100	140	120	163	200	210	232	272
CP00018193	1	70	93	160	200	150	150	140	140	100	110	120	160	120	160	312	322	210	230	170	170	150	160	110	160	100	120	140	173	150	190	180	180
CP00018177	1	60	90	170	230	150	180	130	150	110	140	130	140	130	140	290	322	200	230	160	200	140	140	150	150	110	110	110	183	150	200	150	190
CP00018214	1	60	90	180	180	140	170	130	150	100	110	160	160	140	142	290	290	210	230	160	170	130	160	120	140	110	140	163	170	200	200	160	242
CP00018145	3	90	93	180	200	150	180	120	130	120	140	120	120	130	150	290	290	210	240	170	170	130	130	150	150	110	120	120	150	180	190	190	220
CP00018185	3	60	93	200	230	180	180	100	130	110	120	180	190	120	130	310	312	220	230	180	180	140	150	150	160	110	140	110	130	190	190	222	302
CP00018201	3	60	93	230	240	140	150	130	150	120	120	150	160	140	150	290	290	220	230	170	170	130	130	150	150	140	140	130	170	200	210	222	222
CP00018153	3	60	90	170	250	170	180	110	140	120	130	130	170	140	140	290	312	190	200	150	170	160	160	110	150	113	140	130	150	170	220	152	232
CP00018121	3	80	93	200	230	160	180	90	120	110	110	120	160	130	160	300	312	200	240	150	160	140	150	150	160	110	110	130	153	150	200	190	190
CP00018175	3	60	60	230	250	160	180	130	150	120	130	140	170	140	150	280	322	210	230	170	190	150	160	110	150	110	113	130	163	183	250	160	232
CP00018146	3	93	93	170	250	150	150	150	170	110	120	140	190	142	150	322	322	200	250	160	170	150	160	110	150	113	140	153	160	170	210	190	302
CP00018148	3	60	60	170	240	170	180	140	140	100	100	120	150	130	140	312	312	190	230	160	180	140	150	110	150	140	140	140	140	170	190	160	190
CP00018195	1	60	90	170	230	170	170	110	160	80	120	120	140	142	152	290	300	200	230	150	160	140	140	150	160	140	140	163	173	220	220	190	190
CP00018132	3	60	93	170	250	150	170	100	130	80	110	160	160	142	152	280	290	200	210	160	170	160	160	110	150	140	140	120	153	150	170	190	242
CP00018210	3	93	93	170	220	150	160	140	150	90	110	120	140	120	140	290	290	210	240	170	180	140	150	150	160	100	110	150	153	200	210	242	292
CP00018135	3	80	93	180	230	150	170	120	140	110	120	150	160	150	152	290	290	200	220	180	200	140	150	140	160	110	110	130	150	230	240	200	292
CP00018164	3	60	90	170	220	150	160	140	140	110	120	130	140	120	140	290	322	210	230	170	180	130	160	140	140	100	140	130	173	170	230	180	192
CP00018133	3	60	70	170	250	140	140	130	140	110	120	170	190	132	160	290	290	200	240	150	180	150	150	150	170	110	140	160	163	200	230	170	210
CP00018149	3	93	93	190	220	150	160	110	120	80	90	120	130	110	140	322	332	200	220	140	160	110	140	150	150	110	140	110	153	170	230	180	210
CP00018170	3	70	80	160	220	160	170	130	140	90	100	140	140	140	160	280	332	210	220	150	170	130	140	150	150	113	140	110	170	190	210	222	282
CP00018166	3	60	90	160	250	140	180	110	140	130	130	160	210	142	152	300	300	210	230	160	170	130	150	150	180	110	110	110	120	180	200	170	282
CP00018173	3	60	80	190	230	160	170	110	130	130	130	130	150	130	140	280	290	200	230	160	170	140	140	110	140	140	140	110	120	190	220	170	170
CP00018212	1	70	93	170	230	150	150	130	140	130	130	120	170	140	140	280	290	200	230	170	180	150	160	160	170	100	110	120	120	200	270	190	282
CP00018172	3	90	93	170	230	150	150	140	150	110	130	110	160	140	150	290	322	200	210	160	170	140	150	140	150	140	160	150	173	180	220	200	252
CP00018202	3	80	93	170	190	150	160	120	140	110	130	140	170	130	142	280	302	200	230	170	190	140	140	140	150	100	110	140	173	190	193	252	302
CP00018125	3	60	93	170	170	170	170	130	140	90	120	140	150	120	150	290	342	190	200	160	160	120	160	150	160	110	120	150	153	190	240	262	282
CP00018198	1	60	80	160	170	150	180	140	140	110	110	140	150	130	140	300	312	200	230	160	180	140	140	150	160	140	150	110	150	200	200	272	282
CP00018129	3	60	80	170	200	160	160	120	150	110	120	130	130	130	150	290	300	210	240	160	170	130	160	150	150	100	140	110	140	180	220	262	292
CP00018140	3	60	93	170	170	150	180	130	150	120	130	120	190	140	152	280	290	210	240	150	170	130	150	110	160	120	140	140	150	210	230	190	312
CP00018196	1	80	80	200	200	140	160	130	140	120	130	150	200	140	142	290	300	190	240	170	180	150	150	150	160	110	140	110	150	170	183	200	210
CP00018218	1	60	70	160	250	150	160	130	140	90	110	140	140	140	140	300	322	220	250	180	190	140	140	160	170	110	113	150	160	170	250	150	160
CP00017467	3	60	60	170	250	150	160	130	150	90	110	130	150	130	150	310	310	200	210	170	170	140	150	150	150	110	120	120	193	170	180	232	272
CP00017499	3	60	80	160	170	140	140	140	150	90	110	130	150	130	130	290	290	220	240	150	180	140	150	110	150	140	140	110	160	200	210	90	200
CP00017430	3	80	80	160	170	160	170	140	150	130	130	150	180	130	140	290	290	210	220	150	170	130	160	150	170	140	140	163	170	180	183	180	200
CP00017510	3	60	70	170	180	150	160	130	150	90	120	140	150	140	140	290	312	230	240	150	150	140	150	150	160	110	140	120	120	190	220	190	262
CP00017437	3	90	93	230	240	150	180	100	130	120	130	150	160	120	140	280	290	220	240	160	170	130	160	110	150	140	140	110	150	180	190	180	193
CP00017429	3	60	60	170	190	150	170	130	140	100	110	150	210	120	140	290	310	190	220	170	180	140	170	160	160	110	160	120	173	170	190	190	232
CP00017432	3	70	93	170	170	140	150	120	130	110	110	140	170	120	120	280	312	210	220	160	170	140	160	160	170	100	123	173	173	180	240	262	282
CP00017447	3	60	100	160	170	160	180	150	160	120	140	140	210	130	140	290	312	210	240	150	180	130	130	150	180	100	110	150	160	180	190	212	272
CP00017442	3	60	60	200	250	150	150	100	120	110	130	110	130	120	150	270	290	250	250	140	180	150	160	160	160	120	140	130	153	180	190	232	282
CP00017484	3	60	90	180	230	150	150	140	150	90	140	150	190	140	150	290	312	230	240	140	180	150	160	110	150	113	150	120	160	180	220	170	173
CP00017504	3	90	93	180	230	140	160	140	150	90	110	120	190	140	142	290	300	220	240	170	180	120	140	110	160	110	140	150	180	183	230	170	282
CP00017423	3	60	80	230	250	160	170	130	140	120	120	140	160	130	130	280	290	190	240	170	180	140	160	110	160	113	140	130	183	150	180	282	282
CP00017518	3	60	80	200	230	140	160	100	140	90	110	140	140	140	140	290	290	210	210	150	170	130	140	150	160	110	110	110	150	180	190	232	262
CP00017455	3	60	60	170	180	150	180	130	140	110	120	120	190	130	160	270	300	220	260	160	170	140	160	150	150	110	110	120	160	170	250	170	290
CP00017497	3	90	90	160	200	160	160	140	160	110	120	140	150	110	140	290	322	200	230	180	190	130	130	110	140	113	120	130	140	150	210	212	332
CP00017456	3	60	80	190	240	150	160	130	130	120	120	150	160	130	142	290	290	190	220	170	190	150	160	150	160	110	113	183	183	183	190	190	222
CP00017514	3	70	90	230	240	140	170	130	130	110	120	140	140	140	150	300	302	200	220	150	160	140	140	160	160	110	140	130	173	170	180	180	302
CP00017489	3	90	93	170	190	140	150	130	160	90	120	140	150	130	150	280	290	200	210	160	160	150	160	150	170	110	110	110	140	180	200	150	282
CP00017424	3	70	80	170	240	170	180	130	140	90	120	120	130	120	140	280	300	241	260	170	190	150	160	150	150	140	140	110	183	220	230	180	282
CP00017468	3	60	93	230	230	160	160	130	150	110	120	160	180	130	142	290	302	200	240	170	170	140	140	150	160	100	110	120	173	170	240	180	272
CP00017511	3	80	80	160	170	140	150	130	140	110	130	210	210	130	150	312	322	210	240	140	170	140	150	160	170	100	110	130	160	160	190	190	222
CP00017438	3	93	100	170	200	160	160	130	140	100	120	120	140	120	160	290	322	200	240	140	160	160	160	110	160	100	140	120	140	160	190	160	222
CP00017463	3	80	90	200	240	160	170	140	150	120	130	120	120	140	140	302	312	200	240	160	190	130	140	140	150	140	140	173	173	183	200	190	200
CP00017469	3	60	90	200	230	150	180	130	140	90	120	140	140	122	170	300	312	200	200	140	170	150	150	160	180	110	160	150	160	200	230	160	312
CP00017436	3	80	93	160	240	160	160	130	140	110	120	150	150	140	150	300	322	220	240	160	180	140	140	140	150	123	123	120	160	170	230	170	360
CP00017491	3	93	93	200	200	170	180	100	150	90	120	150	150	132	140	300	312	240	250	150	180	150	160	140	160	110	110	150	173	180	180	200	272
CP00017452	3	60	60	170	250	150	160	80	110	130	130	130	140	130	140	290	312	230	240	150	190	140	140	160	170	110	140	120	163	190	210	200	322
CP00017520	3	80	93	170	170	170	180	90	120	120	120	140	140	130	140	322	322	190	210	150	170	150	160	150	160	140	140	120	153	180	180	190	282
CP00017434	3	60	70	170	240	140	180	90	120	120	130	130	160	130	130	290	300	230	240	160	190	150	160	130	140	100	140	110	193	150	160	170	272
CP00017472	3	60	60	200	200	160	160	140	140	100	120	150	210	140	160	280	322	240	260	160	180	120	140	150	160	140	140	130	183	180	220	272	370
CP00017507	3	60	70	160	240	170	180	120	130	80	100	100	160	140	140	290	312	230	250	170	170	140	160	140	180	100	140	120	160	180	193	140	282
CP00017479	3	70	93	170	260	150	160	130	130	100	120	140	150	140	150	300	312	240	240	180	200	150	150	110	170	120	140	120	160	200	230	212	242
CP00017475	3	90	93	170	200	150	160	130	160	110	120	140	160	140	150	290	312	230	250	160	180	130	140	150	170	110	113	110	160	180	190	252	292
CP00017464	3	60	60	160	170	160	160	140	160	120	130	130	150	130	152	300	312	212	230	150	180	130	150	150	160	120	140	150	193	190	220	160	222
CP00017477	3	80	80	230	230	170	180	100	140	120	130	120	150	130	130	280	290	200	230	170	180	130	150	150	160	100	113	110	173	180	190	140	242
CP00017500	3	70	93	200	240	160	170	80	140	110	120	140	160	120	160	290	312	240	250	140	160	130	140	140	150	120	140	150	170	170	180	180	312
CP00017461	3	60	93	180	200	170	170	100	140	110	120	160	170	120	130	312	332	220	240	170	170	130	160	110	160	110	130	110	130	170	240	140	170
CP00017427	3	60	90	170	230	160	170	90	130	90	120	180	180	140	140	290	300	200	250	180	180	130	130	160	160	140	140	140	140	220	260	200	302
CP00017444	3	80	90	230	230	150	160	110	140	110	130	120	130	120	160	270	300	190	210	160	180	140	160	110	170	110	120	130	160	170	210	212	262
CP00017476	3	80	93	160	240	140	150	140	170	110	120	160	180	130	172	280	302	230	240	150	160	150	170	150	150	110	140	120	160	180	240	132	302
CP00017493	3	93	93	220	220	130	170	80	140	100	130	120	140	120	140	290	300	200	210	160	180	130	140	160	170	100	113	150	173	180	183	190	222
CP00017440	3	60	70	170	170	160	180	140	150	120	130	140	160	120	152	290	300	190	240	150	170	140	140	150	160	113	140	120	183	180	193	180	232
CP00017509	3	60	90	190	210	110	160	120	130	90	110	110	130	140	140	280	290	220	240	160	190	130	150	150	160	100	140	150	173	170	200	190	282
CP00017439	3	70	80	200	200	160	160	120	140	110	120	150	180	130	140	290	300	230	270	140	150	130	140	140	160	120	140	120	183	200	230	170	190
CP00017428	3	80	93	180	190	140	160	120	150	100	110	170	180	120	150	280	322	240	240	160	200	150	160	150	160	113	150	130	140	150	220	242	292
CP00017502	3	70	90	170	230	170	170	110	120	120	130	130	180	120	150	300	300	210	220	130	180	140	140	160	180	110	140	120	153	160	193	170	180
CP00017471	3	60	93	170	200	160	170	90	120	110	120	100	140	130	130	290	300	230	240	170	190	150	170	110	160	100	140	110	150	190	240	150	272
CP00017459	3	60	70	160	240	170	180	120	130	110	110	140	190	152	152	290	290	230	240	150	170	130	150	150	170	110	110	110	193	180	220	210	272
CP00017425	3	60	93	170	230	150	180	150	150	110	120	100	140	130	140	290	290	222	260	160	160	130	150	150	150	120	140	120	173	180	190	200	350
CP00017465	3	60	70	160	230	150	180	130	140	100	110	120	160	120	140	290	290	240	240	170	170	150	150	160	160	110	120	173	183	160	220	292	292
CP00017516	3	80	100	170	190	160	170	130	160	130	130	160	190	140	150	290	290	210	260	140	190	140	160	150	170	110	140	130	160	180	240	160	200
CP00017498	3	90	90	160	200	150	160	160	160	110	120	120	130	130	160	280	322	200	230	170	180	130	160	110	160	110	113	130	153	200	210	210	242
CP00017426	3	90	90	160	190	170	180	120	130	90	120	140	160	140	152	280	310	220	280	160	180	130	150	150	160	110	140	110	150	220	250	180	322
CP00017481	3	60	80	190	230	150	180	130	130	90	130	140	150	130	140	290	332	200	210	140	140	150	150	150	170	100	160	120	193	180	220	180	210
CP00017422	3	60	93	160	190	150	170	120	140	90	120	160	170	140	140	290	300	230	260	150	170	130	150	110	150	110	113	163	173	180	210	160	180
CP00017512	3	90	93	170	170	110	150	110	120	100	110	120	180	140	140	300	310	190	260	170	180	140	160	150	160	110	140	150	173	173	200	170	180
CP00017460	3	60	90	170	230	150	180	100	120	90	110	130	140	140	160	310	320	200	230	140	160	130	130	150	150	100	110	130	163	190	220	160	160
CP00017443	3	60	70	190	190	140	160	130	130	120	130	110	120	150	160	290	312	230	230	170	180	140	150	150	160	130	140	140	170	160	160	302	350
CP00017457	3	70	93	230	230	150	150	100	120	110	120	130	160	120	130	280	290	210	220	140	180	130	140	140	160	110	140	140	140	190	230	180	252
CP00017446	3	80	93	170	240	160	170	130	140	110	130	140	160	130	130	290	290	230	240	150	160	130	160	110	150	100	140	110	120	210	220	272	292
CP00017431	3	60	70	170	200	150	150	120	130	90	120	150	160	140	140	280	302	240	250	160	180	130	160	150	160	110	140	153	163	150	160	200	262
CP00017462	3	70	93	230	250	140	150	130	140	80	110	120	180	130	150	280	290	190	240	150	170	140	150	150	150	110	140	153	160	190	220	232	262
CP00017445	3	80	90	170	250	140	170	140	140	120	130	140	140	110	120	300	332	200	250	170	170	140	160	160	170	110	140	120	120	200	200	170	170
CP00017435	3	60	93	250	250	140	150	130	140	120	120	130	140	130	160	280	300	250	260	160	160	120	130	110	150	110	110	150	153	150	230	190	262
CP00017449	3	60	90	180	190	150	180	120	140	100	110	140	160	130	162	290	302	230	240	160	170	150	150	110	140	110	110	110	130	190	200	210	282
CP00017454	3	60	80	170	170	160	170	140	140	90	110	150	160	130	142	290	332	250	270	160	180	140	150	140	150	110	140	140	160	170	230	180	190
CP00017501	3	93	93	170	200	150	160	130	130	120	130	140	160	150	162	290	290	220	230	160	170	150	160	140	160	100	110	150	160	150	190	170	302
CP00017451	3	60	93	200	230	160	180	120	130	110	120	140	150	120	130	290	290	190	240	180	190	140	140	150	150	110	113	110	160	200	250	170	180
CP00017490	3	60	80	210	230	150	190	100	140	120	140	140	190	130	150	280	290	210	220	160	170	130	160	110	170	100	140	110	163	190	200	180	302
CP00017470	3	80	80	160	170	150	150	130	140	110	130	150	160	130	142	300	332	190	240	160	190	130	130	160	160	113	113	140	140	190	220	170	342
CP00017506	3	70	93	210	230	160	180	140	150	110	120	140	160	120	150	280	280	200	230	160	190	150	150	160	160	110	130	110	150	200	210	232	272
CP00017466	3	80	93	160	200	160	180	130	150	90	100	160	180	130	140	290	322	230	250	160	180	130	150	150	170	110	140	120	153	190	190	180	302
CP00017441	3	70	70	180	230	150	150	80	160	120	120	140	170	140	140	280	312	210	240	160	170	150	160	150	160	100	120	130	130	190	210	170	282
CP00017473	3	90	93	170	170	170	190	130	140	90	130	180	210	130	160	280	300	210	210	180	190	140	150	160	160	100	110	160	183	150	180	170	242
CP00017453	3	70	93	170	170	150	160	140	140	110	120	130	140	110	150	310	332	200	210	140	160	140	160	160	160	110	140	110	150	180	190	212	292
CP00017513	3	90	90	200	250	150	150	130	140	120	130	140	170	140	150	300	300	200	270	170	190	140	160	140	160	120	140	130	150	180	190	200	340
CP00017508	3	60	80	220	250	160	180	130	150	90	120	140	150	120	120	280	290	210	240	150	170	150	150	110	140	110	110	120	163	180	180	173	292
CP00017505	3	90	93	160	240	150	170	130	140	120	120	130	150	120	142	290	312	240	290	170	200	140	150	140	150	110	140	140	173	180	230	222	262
CP00017421	3	80	93	200	250	150	150	140	160	110	130	120	170	130	152	290	322	240	250	160	180	140	150	110	150	110	110	110	120	180	190	190	292
CP00017496	3	60	60	170	240	150	180	110	150	90	90	160	200	120	130	290	322	190	250	140	160	130	140	110	110	110	140	140	153	160	220	200	212
CP00017433	3	90	93	160	200	160	170	120	140	120	120	180	210	130	142	290	322	210	230	160	170	130	140	150	180	140	140	150	160	180	200	150	282
CP00017458	3	70	93	170	200	180	180	140	150	90	120	160	180	130	140	310	322	210	240	170	170	140	150	150	150	140	140	120	150	180	190	130	292
CP00017478	3	93	93	190	210	150	180	100	140	80	120	120	140	120	142	312	312	230	260	160	180	130	150	110	150	100	140	110	120	220	220	160	170
CP00017492	3	90	93	200	240	140	150	80	120	130	130	110	170	120	152	280	312	200	220	150	180	150	170	140	150	110	150	110	163	190	200	262	272
CP00017517	3	90	93	170	180	150	170	130	130	120	120	120	160	130	182	270	332	220	230	160	170	140	150	110	140	120	140	120	170	180	200	292	302
CP00017503	3	60	90	170	200	170	180	130	140	90	110	130	150	120	140	280	300	220	240	180	190	150	170	140	160	100	110	150	170	160	210	150	200
CP00017694	2	60	93	170	210	150	180	130	130	130	130	140	150	140	160	280	322	210	232	140	170	140	150	110	110	110	130	130	163	240	260	150	190
CP00017741	3	60	70	180	200	150	180	130	140	110	120	140	160	140	150	280	290	230	240	180	180	130	160	150	150	140	140	120	160	190	240	140	190
CP00017734	3	80	93	160	230	160	170	110	140	90	120	130	160	130	130	300	322	220	230	160	180	130	130	140	170	100	150	130	173	150	210	212	282
CP00017717	1	60	80	170	190	170	180	120	140	80	110	140	140	140	170	290	312	190	210	150	180	150	160	150	150	110	140	150	160	170	180	170	272
CP00017690	3	60	93	170	200	140	150	130	130	110	110	120	160	130	152	280	312	200	220	150	180	150	150	150	160	100	140	153	173	190	210	180	180
CP00017755	3	70	93	160	160	150	160	130	140	110	120	140	190	120	140	280	290	190	210	180	180	140	170	140	160	100	113	120	140	220	220	252	262
CP00017712	3	93	93	160	170	140	150	130	150	110	120	160	200	130	140	270	280	210	220	160	170	130	150	140	140	110	140	170	170	200	200	160	292
CP00017688	3	70	90	170	250	150	170	110	130	120	120	160	160	130	150	280	290	220	230	160	170	130	140	140	150	140	140	130	173	170	180	190	342
CP00017714	3	70	90	170	200	140	170	100	130	110	120	140	140	140	150	280	312	210	210	140	160	150	160	110	160	100	110	160	163	180	183	180	212
CP00017680	3	60	90	180	230	160	180	130	140	110	120	130	160	142	162	280	290	210	240	170	180	140	150	140	160	100	110	150	163	150	210	242	340
CP00017710	3	60	93	160	170	150	180	140	160	120	120	160	160	142	152	300	300	220	250	150	170	130	160	160	160	110	140	160	160	180	190	170	302
CP00017733	3	60	90	170	190	150	170	100	140	110	110	120	140	120	142	280	300	190	210	160	190	130	140	160	160	100	140	150	160	180	210	210	292
CP00017682	3	70	93	170	170	150	160	120	130	90	110	120	180	120	172	302	310	190	220	150	170	130	150	150	160	110	130	130	163	170	200	170	302
CP00017763	3	60	93	240	240	150	170	80	120	100	140	140	160	140	140	280	312	240	240	170	190	150	170	150	160	113	140	120	140	210	220	222	272
CP00017695	2	60	60	160	230	140	150	140	150	110	110	130	170	150	152	290	322	220	240	180	190	140	150	140	160	100	113	140	160	170	210	170	252
CP00017730	3	60	80	160	190	160	190	90	130	100	120	130	140	140	140	290	300	190	210	140	180	130	160	110	150	113	120	160	163	180	220	252	282
CP00017757	3	60	90	180	220	170	170	110	130	110	130	130	130	120	120	290	312	200	230	160	180	140	150	110	150	110	140	120	150	180	190	170	200
CP00017770	3	80	80	230	240	150	170	140	160	90	140	120	160	140	140	280	292	200	230	180	190	140	150	110	170	100	113	153	173	183	230	160	160
CP00017697	2	60	80	190	200	140	150	130	140	120	120	120	160	140	140	290	310	210	250	160	180	130	150	160	170	100	113	150	150	180	200	190	292
CP00017739	3	90	93	170	230	140	170	130	140	110	120	150	160	140	150	312	332	200	210	170	170	130	140	160	160	120	140	130	140	190	200	262	302
CP00017681	3	90	93	170	230	160	160	150	150	90	130	150	150	140	160	300	312	230	230	140	170	130	150	150	160	140	140	130	163	180	200	160	180
CP00017685	3	80	90	170	230	150	160	80	140	110	120	110	160	120	152	322	322	190	200	160	180	150	160	110	170	110	113	140	150	200	230	170	200
CP00017696	2	90	93	210	250	150	150	110	130	100	110	140	160	140	140	300	300	210	210	170	190	140	150	160	170	90	140	110	153	180	200	222	282
CP00017679	3	70	93	170	230	170	180	130	150	110	110	130	140	120	150	302	312	190	270	160	190	150	160	170	170	110	113	120	153	180	180	220	282
CP00017766	3	80	93	170	170	170	170	120	140	110	120	160	190	120	130	302	322	200	220	180	200	140	140	150	150	110	140	120	173	150	180	262	282
CP00017702	2	90	93	170	200	160	180	120	130	110	130	130	160	120	140	280	322	200	250	150	170	150	160	150	150	140	140	120	153	190	220	170	220
CP00017715	3	93	93	170	200	150	160	110	130	80	120	160	190	130	152	290	300	242	260	180	190	150	160	110	160	113	140	120	140	180	210	282	302
CP00017676	3	70	80	170	190	150	150	140	160	110	110	140	170	130	140	290	292	200	240	180	190	140	150	150	160	113	130	120	163	180	190	170	282
CP00017700	2	60	93	170	190	140	160	100	140	110	120	120	140	110	130	280	290	220	240	110	170	140	140	140	160	90	113	150	153	170	190	170	262
CP00017723	3	93	93	180	230	150	180	100	120	90	90	120	190	142	152	300	300	210	220	170	180	140	140	110	140	140	140	120	120	180	210	190	292
CP00017724	3	60	80	160	250	170	170	100	110	100	110	130	140	150	150	312	322	190	240	150	180	150	160	150	150	100	140	120	153	160	180	160	262
CP00017725	3	60	70	160	160	170	170	130	160	120	130	140	170	130	140	290	300	220	250	160	180	140	160	160	160	110	110	150	160	180	200	190	200
CP00017673	3	60	93	170	180	170	180	100	140	120	130	120	140	150	160	322	322	220	250	160	170	140	150	150	150	110	110	110	140	170	220	180	180
CP00017735	3	60	90	170	200	180	190	130	140	90	100	130	160	120	140	290	300	190	210	140	180	150	160	110	160	110	140	163	173	170	180	200	302
CP00017737	3	90	93	170	240	160	180	130	150	90	110	130	130	140	140	290	300	190	220	160	170	150	150	110	140	110	140	130	173	220	220	190	232
CP00017760	3	70	93	170	180	150	170	110	120	110	120	120	140	130	142	290	302	230	240	160	180	150	160	150	160	110	113	160	173	183	210	140	160
CP00017731	3	60	70	160	190	150	170	130	150	120	140	130	140	130	140	290	352	200	240	160	170	140	160	110	150	110	140	120	183	200	220	190	282
CP00017706	2	60	90	160	190	150	160	100	140	100	110	120	140	140	150	280	312	220	250	140	150	150	160	140	160	113	130	150	153	160	230	190	232
CP00017672	3	70	90	160	190	180	180	110	130	110	130	120	170	130	130	290	290	200	220	140	150	130	170	150	190	100	140	130	173	150	210	292	312
CP00017769	3	80	93	200	200	150	160	140	150	120	120	130	160	130	140	290	310	190	220	170	180	140	140	150	160	110	140	120	173	200	210	170	180
CP00017698	2	90	93	180	240	140	150	120	140	100	120	120	120	150	152	280	300	190	210	140	170	140	150	150	180	100	140	120	130	150	200	170	232
CP00017699	2	80	93	170	250	150	180	140	150	110	130	140	160	142	160	312	312	190	240	160	160	150	150	140	160	110	110	150	173	180	200	222	262
CP00017683	3	90	93	200	200	140	160	130	130	100	110	140	150	140	160	290	300	190	230	170	170	140	160	110	120	140	160	110	120	180	180	150	150
CP00017765	3	70	80	160	250	160	180	110	150	120	120	140	160	120	140	280	280	250	260	160	160	150	170	160	160	110	110	150	150	180	180	160	222
CP00017756	3	90	90	160	200	150	180	130	150	110	130	180	190	142	170	290	290	220	240	160	180	140	160	150	150	100	110	150	153	180	220	180	200
CP00017677	3	60	60	160	170	160	180	140	140	90	120	140	170	132	150	290	332	230	240	150	170	140	160	160	170	140	160	153	160	150	230	210	292
CP00017752	3	93	93	180	230	150	150	120	140	100	130	120	170	140	150	312	322	230	250	170	180	140	160	150	160	140	140	150	153	170	190	272	282
CP00017686	3	60	60	160	170	150	150	130	150	110	120	160	210	130	140	280	332	210	230	140	170	150	150	160	160	110	140	140	160	170	220	330	342
CP00017736	3	80	93	190	230	160	180	130	140	120	130	140	180	150	152	300	312	190	220	160	180	140	140	160	160	113	113	110	153	170	180	160	160
CP00017753	3	93	93	170	240	150	150	130	130	80	130	150	210	130	140	280	322	240	250	170	170	140	140	150	160	140	140	150	173	190	193	190	272
CP00017727	3	93	100	200	200	150	180	140	140	120	120	120	190	130	130	302	322	190	210	150	170	130	150	150	160	110	110	110	173	180	200	200	232
CP00017721	3	93	93	160	190	150	150	120	130	110	110	170	170	150	162	290	300	220	250	150	170	140	150	150	150	123	140	150	173	170	180	200	292
CP00017754	3	60	93	180	230	140	180	120	130	90	130	150	170	130	150	312	322	200	220	140	170	130	160	150	170	110	140	130	173	170	240	180	312
CP00017692	2	80	93	180	180	160	170	160	160	110	120	180	180	130	130	290	290	190	210	170	170	140	150	150	150	110	140	130	193	183	193	282	340
CP00017718	3	90	93	230	250	170	170	130	140	110	110	140	170	132	150	290	290	220	250	110	180	130	150	150	170	100	110	163	163	200	220	190	292
CP00017691	3	70	80	170	230	160	180	130	140	100	110	140	140	140	162	300	322	220	250	160	170	140	140	140	160	110	120	110	150	180	220	190	272
CP00017726	3	70	80	210	240	150	180	100	140	90	130	120	120	140	160	290	300	250	270	160	160	140	160	150	170	110	140	110	160	190	200	222	232
CP00017705	2	60	80	170	180	150	180	130	140	90	100	150	150	150	160	300	312	220	250	170	170	130	140	110	110	110	113	140	150	170	230	170	210
CP00017701	2	60	93	160	230	160	180	110	130	110	120	130	160	142	152	290	290	200	230	140	180	130	140	110	110	150	150	120	160	170	183	150	190
CP00017711	3	60	90	200	250	170	180	130	140	110	110	140	160	120	132	280	322	230	240	160	170	150	160	150	160	110	140	130	150	180	200	160	190
CP00017704	2	60	70	190	240	160	170	130	140	110	120	180	210	130	172	290	290	180	220	180	180	140	150	150	150	110	140	150	150	150	190	160	282
CP00017761	3	70	70	160	230	160	170	120	130	110	120	130	160	150	150	290	290	210	220	140	170	140	150	110	150	110	140	130	170	210	220	160	160
CP00017720	3	70	93	170	230	140	160	140	150	110	130	150	190	120	130	322	332	210	220	140	140	130	140	110	110	113	120	120	130	150	200	160	170
CP00017678	3	80	80	170	200	160	170	90	110	110	120	160	160	142	152	290	300	190	280	160	170	140	160	140	160	110	140	130	160	180	180	170	220
CP00017671	3	70	90	170	230	150	160	130	140	110	120	140	190	120	160	280	290	190	200	170	170	140	160	150	160	110	140	120	140	180	210	272	272
CP00017722	3	60	70	170	250	150	170	100	140	80	110	120	150	140	140	290	312	200	250	130	180	130	160	140	160	110	113	120	140	190	193	160	210
CP00017675	3	80	93	180	230	160	190	140	150	90	120	130	130	130	140	300	312	220	230	160	170	140	150	150	160	110	140	130	153	170	190	190	200
CP00017709	2	90	93	170	190	160	170	100	150	110	130	150	160	132	140	290	300	230	240	170	180	140	150	150	160	110	140	130	150	170	210	220	272
CP00017684	3	60	70	160	170	160	170	140	150	120	120	120	160	140	160	290	300	230	250	140	140	140	160	150	150	110	130	130	173	210	210	160	190
CP00017729	3	70	93	200	240	160	170	120	140	120	140	110	170	150	152	290	322	200	240	160	170	140	150	150	160	140	150	130	150	183	200	170	200
CP00017751	3	60	90	160	230	150	170	140	140	90	120	150	180	142	150	290	332	190	210	170	180	130	130	150	160	120	140	173	183	180	210	170	222
CP00017703	2	60	70	170	200	160	170	130	140	110	-9	140	150	130	150	280	290	200	220	160	170	150	150	160	160	110	140	110	173	230	240	180	262
CP00017764	3	60	70	200	200	140	170	130	130	110	130	120	170	140	140	300	310	220	240	160	170	130	130	110	140	113	160	173	173	170	210	210	222
CP00017716	3	60	70	200	250	150	160	90	110	90	110	150	160	130	142	290	290	190	250	140	150	150	150	140	170	100	110	120	153	170	210	232	282
CP00017693	2	70	70	170	230	150	180	140	150	110	130	120	120	140	140	310	310	230	240	150	170	130	140	150	150	100	113	160	183	230	230	160	170
CP00017740	3	60	90	170	190	160	160	130	130	110	120	130	160	140	152	280	290	200	220	150	200	150	150	150	160	110	140	110	153	220	240	272	282
CP00017728	3	93	93	180	190	170	170	110	130	90	130	160	160	140	180	290	290	220	230	150	180	130	130	110	150	100	140	120	173	180	200	150	222
CP00017713	3	60	80	160	250	160	160	100	140	110	120	130	160	140	142	280	300	210	240	170	190	150	160	110	160	110	140	160	193	183	210	190	302
CP00017738	3	60	60	160	200	150	180	130	140	100	130	120	120	140	140	280	310	190	200	150	160	160	170	150	170	110	140	150	193	150	190	190	212
CP00017732	3	60	70	170	220	160	160	120	130	80	100	130	150	130	150	290	300	230	240	180	190	130	130	150	170	110	110	120	163	160	220	180	222
CP00017674	3	70	93	200	220	150	160	80	130	100	120	130	160	110	130	280	280	190	200	180	180	160	160	110	160	110	113	130	153	220	240	212	282
CP00017708	2	70	93	200	250	170	180	110	140	80	100	130	160	120	152	310	322	210	220	140	150	140	150	150	180	113	140	120	173	150	160	170	210
CP00015547	3	70	93	200	250	140	160	110	130	90	130	190	200	120	140	290	310	200	210	170	170	130	140	140	150	100	140	120	170	200	240	262	272
CP00015567	3	60	93	170	230	170	180	140	150	120	140	140	180	140	140	280	322	230	240	160	170	140	140	150	160	100	113	180	183	150	210	190	282
CP00015562	3	70	93	210	220	140	180	120	130	110	110	170	180	130	140	290	290	210	260	150	170	130	140	110	150	110	140	110	120	190	220	160	200
CP00015644	3	60	80	190	200	170	170	130	130	90	130	130	150	140	150	290	312	220	230	170	170	140	150	110	150	100	110	120	153	200	230	140	170
CP00015548	3	80	80	180	200	180	180	140	140	80	100	150	200	142	150	270	322	210	250	170	170	130	140	110	160	110	113	110	130	200	240	272	282
CP00015649	3	90	93	170	200	150	150	100	140	110	130	110	170	120	152	300	322	210	240	140	170	160	160	110	160	100	100	120	160	170	200	170	330
CP00015670	3	60	93	190	240	150	180	80	130	90	130	130	140	140	150	290	290	200	240	150	180	140	150	110	150	140	140	120	183	180	190	160	292
CP00015546	3	90	93	170	240	150	160	130	150	110	130	150	190	130	150	290	290	220	240	170	170	130	140	160	160	110	140	140	160	180	220	190	282
CP00015629	3	80	93	190	190	150	170	130	140	90	120	130	130	150	162	280	290	220	240	180	190	130	140	110	180	100	113	130	160	183	190	170	170
CP00015558	3	60	90	170	230	150	170	140	140	90	120	140	190	142	152	312	322	230	260	140	180	140	160	150	160	110	110	160	163	180	260	170	282
CP00015654	3	93	93	170	230	160	170	130	130	110	120	140	140	142	160	280	290	230	240	160	190	140	150	150	150	110	120	130	163	180	200	160	292
CP00015623	3	60	70	170	190	160	170	130	140	110	140	140	140	120	120	300	332	200	230	160	180	140	140	150	160	140	140	140	160	160	193	180	272
CP00015650	3	60	70	160	210	150	180	130	160	90	90	140	160	140	152	280	322	230	240	170	190	140	140	110	150	140	150	120	120	190	230	200	282
CP00015526	3	80	93	170	190	150	170	100	120	120	130	130	140	130	140	290	332	220	220	160	170	140	140	150	150	100	113	120	173	170	190	150	200
CP00015636	3	60	70	170	240	170	180	100	140	110	120	130	130	140	160	280	312	210	250	150	180	130	170	150	170	100	110	110	183	190	240	160	302
CP00015661	3	80	93	200	230	170	170	90	110	110	130	150	170	150	160	312	312	210	230	140	180	150	150	150	160	113	140	150	150	180	230	200	200
CP00015626	3	80	90	170	190	140	170	130	150	120	130	140	150	140	160	280	300	220	220	150	190	140	140	150	170	110	110	150	160	190	200	170	180
CP00015647	3	93	93	180	250	170	170	120	130	120	130	160	180	140	160	290	300	210	230	170	190	140	150	110	160	113	130	110	173	180	220	170	200
CP00015630	3	93	93	160	240	150	170	130	130	90	140	140	160	130	160	300	312	220	250	160	180	130	150	140	150	100	110	150	160	170	190	170	180
CP00015533	3	60	93	230	240	170	180	100	130	120	140	130	170	140	150	280	280	230	240	170	180	130	130	160	170	140	140	130	150	180	200	170	190
CP00015532	3	60	80	170	200	170	190	130	130	90	110	160	160	130	172	270	312	210	260	170	170	140	150	150	160	110	113	110	170	170	180	170	322
CP00015541	3	90	93	160	230	140	180	120	120	110	130	130	180	140	150	280	322	230	260	140	160	140	140	150	160	100	113	120	150	190	200	220	252
CP00015549	3	60	80	170	250	150	170	150	150	110	110	130	150	120	152	290	300	220	220	140	180	140	160	160	160	110	140	120	160	173	220	190	272
CP00015539	1	70	90	190	200	140	140	110	140	120	140	130	140	140	160	280	300	200	220	170	180	140	140	160	160	100	140	150	163	170	180	262	272
CP00015667	3	70	93	160	180	160	180	130	150	120	130	150	160	140	150	300	312	230	240	170	180	140	170	150	160	100	140	150	170	150	230	232	272
CP00015534	1	80	93	230	260	150	150	100	130	100	110	140	180	130	140	290	312	210	230	160	180	140	150	150	150	110	140	120	150	170	190	160	282
CP00015551	3	70	80	180	260	150	180	130	130	90	110	130	130	130	152	270	322	220	240	160	170	150	160	160	170	110	120	150	173	200	210	272	292
CP00015568	1	80	90	160	250	150	170	130	130	110	120	120	140	140	150	290	300	230	250	140	150	150	150	150	160	100	120	120	120	230	230	190	273
CP00015645	1	70	93	170	230	150	180	140	150	90	110	150	170	150	162	290	300	200	200	170	170	130	130	160	160	140	140	160	170	200	230	160	272
CP00015543	1	90	93	170	230	160	180	120	130	90	110	140	150	140	140	300	322	200	240	140	180	130	140	160	160	120	130	170	173	160	190	150	180
CP00015531	1	60	60	170	180	160	170	140	140	130	130	130	140	130	142	280	290	230	260	170	180	140	150	140	160	110	120	150	160	183	240	220	292
CP00015659	1	70	70	170	200	160	170	130	130	90	110	160	190	140	160	280	290	240	242	160	180	130	140	150	150	110	140	173	173	220	230	170	190
CP00015563	1	80	93	200	230	150	170	130	130	90	110	160	180	120	142	290	290	210	240	160	170	150	170	150	150	110	113	110	150	180	210	222	282
CP00015553	1	93	100	190	250	150	160	140	140	100	110	140	190	130	140	280	312	230	230	140	170	150	150	150	150	140	140	120	150	170	190	210	322
CP00015668	3	60	93	200	200	160	180	110	120	90	130	140	160	130	150	270	280	230	240	160	180	140	150	140	150	100	130	163	173	180	230	170	282
CP00015555	3	60	93	170	200	160	170	90	150	110	130	130	170	120	140	290	300	220	250	180	190	130	150	150	160	100	110	153	173	180	180	160	282
CP00015621	3	70	93	160	250	160	190	100	160	110	130	140	160	132	140	312	332	230	240	160	180	140	150	110	170	110	140	140	170	180	190	222	262
CP00015669	3	93	93	200	240	170	180	130	130	120	130	170	200	140	150	290	290	210	250	170	190	130	130	150	160	110	120	170	183	150	190	210	292
CP00015666	3	80	93	180	250	170	180	110	130	90	120	140	150	140	160	280	300	190	200	170	180	140	160	150	150	110	110	110	170	180	190	153	262
CP00015663	3	60	93	160	170	140	160	130	130	90	130	160	170	140	140	300	310	190	220	150	170	150	150	110	150	130	140	120	140	180	210	170	180
CP00015624	3	60	60	170	200	160	190	130	130	110	120	200	210	120	150	280	290	190	230	170	190	130	160	150	150	140	140	120	140	180	180	170	322
CP00015625	3	80	90	200	230	150	170	130	160	130	130	140	160	140	150	280	300	230	250	170	180	130	160	110	160	110	140	120	153	160	183	180	282
CP00015665	3	80	90	190	240	160	160	110	150	80	110	130	150	140	140	280	292	210	220	170	170	140	150	150	170	100	140	130	130	170	190	160	170
CP00015664	3	60	100	200	230	150	180	130	140	110	110	150	200	140	142	300	310	190	240	170	180	140	150	140	150	120	120	140	170	200	210	222	330
CP00015535	3	70	93	190	190	160	170	130	130	90	90	170	210	130	150	290	292	212	220	170	180	140	150	150	160	113	140	120	140	180	190	170	242
CP00015524	3	90	93	170	180	160	170	130	140	110	110	140	150	110	130	280	300	210	240	160	170	140	160	160	180	110	110	173	173	183	200	180	292
CP00015653	3	70	90	170	250	160	160	130	140	110	110	170	180	130	152	290	322	230	230	160	180	160	180	110	140	110	110	110	173	180	220	232	282
CP00015652	3	93	93	240	250	150	150	140	150	120	130	120	140	120	142	300	312	190	240	140	170	130	150	150	180	120	140	150	150	180	200	200	200
CP00015538	3	60	70	180	230	140	170	140	140	90	120	140	140	150	150	310	312	210	250	160	180	150	150	110	150	110	140	160	173	170	220	160	262
CP00015642	3	60	60	190	200	140	160	130	130	120	130	140	160	152	152	260	290	210	210	150	160	150	160	150	150	110	140	110	173	170	183	150	272
CP00015634	3	60	70	170	230	150	150	140	150	110	120	130	130	130	140	300	332	190	240	140	190	130	160	110	140	110	113	110	163	180	220	140	200
CP00015540	3	80	93	180	250	160	180	110	140	120	120	130	160	130	142	290	290	200	220	150	170	140	150	160	170	113	140	150	150	210	210	150	190
CP00015552	3	80	90	220	230	160	160	130	130	100	110	140	150	130	140	300	302	200	222	170	180	150	160	150	170	110	140	150	170	180	180	190	272
CP00015570	3	90	93	170	180	150	180	110	140	110	120	120	190	140	150	300	322	200	230	160	180	150	160	110	140	113	140	130	153	150	190	202	232
CP00015557	3	70	70	160	230	170	180	130	140	90	120	140	210	140	162	310	310	190	200	170	170	140	150	160	170	100	120	120	140	180	180	252	272
CP00015662	3	70	90	180	250	160	170	100	150	120	120	190	210	140	140	290	332	250	260	150	180	130	170	150	160	100	120	150	160	180	210	170	282
CP00015635	1	80	80	170	230	140	160	110	140	110	120	120	200	140	140	322	332	220	230	150	170	150	150	160	160	110	150	130	163	180	230	140	190
CP00015643	1	60	70	170	190	170	170	130	150	120	120	150	180	140	150	280	290	190	210	150	190	150	150	110	140	140	150	170	173	180	240	180	200
CP00015646	1	60	93	170	230	180	180	130	140	120	130	140	170	130	160	300	300	220	260	170	200	130	150	150	160	100	113	150	160	190	220	180	222
CP00015554	1	80	93	190	200	140	180	140	140	90	120	120	180	120	140	280	290	210	250	140	160	130	140	140	160	110	113	130	150	180	180	232	272
CP00015527	1	60	93	240	250	150	160	130	150	90	130	130	180	130	150	280	290	200	200	170	170	160	160	110	160	110	140	130	150	210	230	232	282
CP00015523	1	70	93	190	230	150	160	120	140	110	140	130	170	120	140	290	290	240	260	140	160	140	150	140	160	110	140	140	140	190	200	242	242
CP00015627	3	90	93	230	230	150	180	130	150	90	100	140	160	130	160	300	302	210	210	160	170	140	160	110	160	110	140	140	173	190	220	170	180
CP00015564	1	80	80	170	250	160	160	130	130	100	120	140	150	120	130	290	290	200	240	160	160	160	160	160	170	113	140	110	130	180	180	180	262
CP00015560	1	80	90	170	170	160	170	110	130	110	110	160	210	120	130	280	300	230	230	180	200	140	170	140	150	110	110	150	160	190	220	170	222
CP00015525	1	80	90	230	240	160	170	130	150	100	120	120	160	160	162	290	290	190	240	170	170	150	150	160	160	110	110	110	160	220	230	282	282
CP00015628	3	70	80	160	160	160	170	100	130	90	130	120	210	150	160	290	322	220	230	160	170	130	140	150	170	140	140	130	183	180	190	210	302
CP00015651	1	60	60	170	230	160	170	130	160	90	140	120	190	140	150	300	300	190	220	180	180	140	160	160	160	113	140	120	160	180	193	282	282
CP00017568	2	60	90	170	250	150	160	120	140	130	130	120	130	140	150	302	322	190	210	170	180	160	160	110	150	110	140	120	160	180	250	190	292
CP00017580	2	60	80	190	200	150	170	120	150	110	110	120	170	142	162	290	290	180	190	140	170	130	150	110	150	110	110	130	150	210	220	282	330
CP00017575	2	60	60	160	230	170	180	130	130	110	110	130	150	140	150	300	322	210	250	160	170	130	150	140	150	110	140	160	173	150	240	200	302
CP00017577	2	90	90	200	230	160	180	130	140	120	120	140	150	130	162	290	322	190	210	160	180	140	160	150	160	140	140	163	183	170	230	180	252
CP00017593	2	60	80	170	200	160	170	130	150	90	100	150	160	142	142	290	290	220	250	170	190	150	150	160	160	100	140	150	163	150	180	200	222
CP00017560	2	60	93	220	240	140	160	150	150	110	130	120	220	140	150	310	312	220	250	160	190	130	130	150	160	113	140	120	150	240	250	170	282
CP00017592	2	60	93	200	240	140	180	120	140	130	140	150	170	140	140	290	300	210	260	160	190	140	150	110	140	110	140	110	183	180	200	190	232
CP00017550	2	60	93	160	170	160	160	80	130	100	120	130	150	150	150	290	290	200	220	170	170	140	170	160	170	110	140	120	150	170	230	282	352
CP00017614	2	70	93	230	250	150	170	100	130	90	110	110	190	132	140	280	312	210	220	150	160	150	150	140	160	110	110	153	163	170	200	232	272
CP00017579	2	90	93	200	240	150	170	130	140	110	120	140	160	130	130	280	290	220	240	140	160	150	160	140	160	110	113	120	163	190	230	190	190
CP00017536	2	80	90	170	250	160	180	130	130	110	120	130	150	130	140	290	302	240	250	140	160	140	160	150	150	110	140	120	120	210	240	180	190
CP00017538	2	80	93	180	190	150	170	140	150	80	120	120	160	120	140	280	290	200	240	170	180	130	150	150	180	113	140	130	140	150	170	180	292
CP00017596	2	60	93	170	170	150	160	80	140	90	150	150	190	130	130	280	290	220	250	170	170	140	150	140	160	100	113	120	140	190	200	242	282
CP00017524	2	60	60	180	200	150	160	80	140	110	120	130	140	120	140	300	312	210	220	150	160	140	150	110	150	110	110	120	150	180	190	282	312
CP00017543	2	70	93	170	200	150	160	110	120	110	120	140	160	140	150	302	322	220	260	170	170	140	160	150	170	120	140	140	153	180	240	140	150
CP00017578	2	60	80	180	240	190	190	120	130	80	130	110	160	150	152	270	300	180	230	140	190	140	150	110	150	110	110	160	183	173	220	262	292
CP00017588	2	70	70	200	200	160	160	130	150	110	120	140	180	140	142	290	292	200	210	150	190	130	150	160	170	113	160	163	173	170	220	312	330
CP00017539	2	60	93	210	230	170	180	90	130	110	110	130	170	100	140	322	332	220	240	170	180	140	150	150	170	110	140	150	170	220	230	222	282
CP00017545	2	80	90	200	250	160	180	150	150	120	120	130	140	140	150	290	312	190	210	150	170	130	140	140	160	100	140	150	170	150	210	262	330
CP00017581	2	60	60	170	230	140	180	100	130	80	110	120	140	130	140	280	312	190	230	160	180	120	140	160	170	110	140	110	160	180	240	212	262
CP00017527	2	60	70	180	250	150	160	120	150	110	130	150	190	140	152	300	300	230	270	160	170	140	160	150	150	110	113	150	163	150	240	262	302
CP00017531	2	60	90	180	230	150	160	120	130	110	120	120	130	140	140	290	322	200	240	140	170	140	150	150	160	110	140	160	183	180	180	242	272
CP00017582	2	80	80	160	160	160	170	120	160	90	120	130	150	120	132	290	312	210	230	150	170	140	150	150	160	140	140	160	173	150	220	150	282
CP00017554	2	70	80	170	170	170	180	140	150	90	100	160	160	140	152	280	280	190	190	150	170	140	140	110	150	110	120	110	150	150	210	190	272
CP00017595	2	60	93	160	190	160	160	100	140	110	120	160	160	140	140	290	312	220	240	140	170	140	150	110	150	100	140	120	150	180	200	190	282
CP00017589	2	80	93	200	250	140	150	130	140	110	130	130	140	140	150	300	322	230	230	150	170	130	170	140	160	100	110	153	160	170	180	190	282
CP00017541	2	70	90	200	240	160	180	130	130	120	130	150	210	130	130	280	300	210	240	150	160	130	130	150	160	110	140	153	183	210	230	292	292
CP00017532	2	90	93	190	250	170	180	130	140	100	140	120	150	130	140	290	290	220	240	170	180	160	160	150	150	110	113	120	170	170	220	242	262
CP00017544	2	60	93	170	230	150	170	130	130	90	110	130	210	130	130	280	312	220	270	150	170	150	150	110	170	110	120	140	173	183	210	150	232
CP00017561	2	60	93	170	230	180	180	130	140	110	110	140	160	140	160	280	320	220	230	180	180	140	150	160	170	110	140	110	170	170	180	232	242
CP00017572	2	70	93	170	230	160	160	130	140	80	90	160	160	140	140	280	310	200	210	160	170	150	160	150	180	100	110	120	130	200	220	170	180
CP00017525	2	60	93	240	250	160	170	110	120	100	130	120	120	130	130	290	300	220	240	160	160	130	170	150	170	113	140	130	153	220	230	200	292
CP00017523	2	60	90	240	250	140	160	120	160	110	130	120	170	130	140	300	310	230	230	160	160	150	160	110	150	140	140	163	163	173	230	170	242
CP00017612	2	80	93	220	240	140	150	100	130	80	120	120	160	130	130	300	312	220	230	180	190	140	160	160	170	100	140	160	160	150	220	180	210
CP00017571	2	70	93	160	230	160	180	140	150	120	120	140	140	140	140	290	312	210	230	150	190	130	140	140	160	140	140	150	153	180	180	120	180
CP00017613	2	60	93	160	240	150	150	130	140	100	110	140	220	140	150	290	320	180	200	140	180	150	160	150	150	100	110	110	160	190	210	170	242
CP00017521	2	60	80	190	230	140	140	130	130	120	130	140	150	120	140	290	300	210	230	170	180	150	160	150	160	120	160	150	170	190	210	200	242
CP00017522	2	90	93	170	200	170	190	120	130	120	130	150	200	140	162	290	300	220	220	180	180	140	150	150	160	100	110	130	130	190	210	190	292
CP00017540	2	60	93	180	200	160	180	140	150	100	120	140	140	152	170	290	292	200	230	170	180	130	140	160	160	113	140	150	173	200	210	262	312
CP00017590	2	93	93	200	200	150	160	140	150	100	130	130	160	120	140	280	300	220	240	160	170	140	140	150	160	100	100	130	180	170	210	160	210
CP00017601	2	80	93	200	210	150	150	110	130	90	120	150	170	140	142	290	312	260	260	170	180	160	170	150	150	100	100	140	160	170	180	170	282
CP00017576	2	60	90	190	200	140	140	130	140	120	130	160	170	130	140	290	322	220	220	170	180	130	150	110	110	100	140	150	160	220	220	170	190
CP00017551	2	60	80	170	230	180	180	110	150	100	110	130	140	130	150	280	312	210	230	160	180	130	150	150	170	100	110	183	183	190	190	140	282
CP00017605	2	93	93	180	200	150	170	150	150	90	120	140	190	132	140	300	302	200	240	160	180	130	150	150	160	123	140	110	183	180	190	150	150
CP00017570	2	70	90	170	220	150	180	130	150	120	120	130	140	142	152	280	290	190	230	170	180	140	160	110	160	110	120	140	163	150	180	150	292
CP00017547	2	60	93	200	250	150	160	140	150	90	110	150	170	140	150	290	322	200	210	140	180	150	160	160	160	110	140	110	130	180	250	180	200
CP00017564	2	60	90	160	250	140	160	110	130	90	120	140	170	140	150	290	332	200	232	170	170	140	150	150	160	100	110	160	183	170	220	170	190
CP00017585	2	60	80	200	250	140	150	140	150	110	110	150	190	130	142	312	312	200	240	170	170	140	140	110	160	100	110	150	160	180	220	130	170
CP00017574	2	80	80	170	190	170	170	100	140	80	130	140	180	140	140	290	322	200	230	150	170	150	150	110	170	100	140	160	173	200	210	140	200
CP00017552	2	60	80	170	180	150	170	130	130	110	110	130	200	140	150	290	300	210	212	140	170	140	150	110	160	140	150	160	173	183	190	190	232
CP00017537	2	60	60	180	210	170	180	120	130	110	120	150	160	150	150	290	312	200	230	170	170	140	140	150	160	110	140	120	173	180	240	160	272
CP00017607	2	70	90	160	230	150	160	100	130	120	140	130	200	140	160	290	312	190	260	150	180	140	150	150	150	110	120	150	160	193	240	252	282
CP00017566	2	90	90	160	230	140	150	140	150	120	120	130	160	130	130	290	300	200	200	140	180	160	160	150	150	110	110	150	173	200	200	150	282
CP00017617	2	90	93	160	170	170	180	130	130	120	130	150	210	140	150	280	290	220	220	170	190	140	140	150	150	100	140	150	163	150	210	150	282
CP00017611	2	60	90	170	200	140	150	110	130	120	130	120	150	120	140	300	310	190	230	160	180	160	180	150	160	110	110	110	163	160	200	190	262
CP00017610	2	60	93	170	170	160	160	80	150	130	140	140	140	142	152	312	322	210	220	170	170	120	150	150	160	110	140	150	183	180	190	160	160
CP00017562	2	70	93	160	240	150	170	130	140	90	110	130	190	140	140	280	322	220	230	190	190	150	150	140	150	100	113	160	170	190	200	190	252
CP00017584	2	60	60	160	200	150	170	90	120	110	130	150	170	130	140	280	290	210	240	140	150	140	160	110	150	140	140	130	173	180	190	200	232
CP00017548	2	70	100	170	240	150	190	100	130	120	130	120	140	120	140	300	322	220	240	160	160	150	160	150	160	110	140	153	163	210	230	160	190
CP00017597	2	93	100	160	200	140	150	130	150	110	110	150	160	120	140	290	322	220	220	170	180	130	150	110	160	113	140	170	173	150	190	150	180
CP00017556	2	60	93	170	230	150	170	110	140	100	120	110	140	120	140	290	312	210	220	160	180	140	150	150	150	110	140	110	160	170	190	272	272
CP00017586	2	60	60	170	220	150	170	140	140	90	110	140	200	140	140	280	290	230	230	170	170	130	130	150	160	110	120	130	193	170	200	170	190
CP00017549	2	60	90	170	200	160	160	110	150	100	110	160	170	140	160	290	300	220	250	160	170	150	150	110	170	100	150	110	110	190	210	180	272
CP00017542	2	90	93	160	170	180	190	140	150	120	130	150	170	140	160	290	312	200	220	140	180	130	130	160	160	120	140	150	153	210	240	160	180
CP00017609	2	60	60	180	200	140	160	120	120	110	120	120	150	120	130	290	290	210	210	140	180	130	160	150	160	100	110	110	160	220	230	140	180
CP00017553	2	70	90	160	170	160	170	110	120	90	130	140	180	150	160	290	322	190	220	150	190	140	170	150	160	110	140	130	170	180	183	222	282
CP00017603	2	80	90	180	220	150	150	120	150	130	140	120	180	130	130	290	312	220	230	150	160	130	160	160	160	110	110	130	160	150	210	160	292
CP00017533	2	60	60	180	210	170	180	100	130	100	120	140	160	140	150	312	322	230	230	140	150	140	150	110	150	140	140	140	163	180	180	140	292
CP00017535	2	90	93	240	260	150	160	140	150	90	110	120	150	140	160	290	312	210	230	170	190	150	160	160	160	110	160	120	150	160	180	190	282
CP00017565	2	80	93	200	200	150	160	120	150	90	110	140	160	120	130	300	300	200	220	160	180	140	170	150	170	110	140	130	150	180	220	180	242
CP00017615	2	60	93	180	230	160	160	130	140	120	130	160	180	120	160	280	332	220	230	170	170	140	150	110	150	110	113	140	173	220	220	190	282
CP00017619	2	80	90	170	180	160	170	130	150	110	110	140	160	140	150	300	312	240	240	170	180	150	160	140	170	110	140	150	150	170	200	170	232
CP00017620	2	60	93	230	250	150	180	110	130	110	110	150	150	140	152	300	312	190	250	170	170	130	130	150	160	110	110	163	180	230	250	150	180
CP00017567	2	90	90	250	250	160	180	140	140	110	140	150	150	130	130	290	322	220	230	140	170	150	170	150	150	113	160	130	173	190	200	190	302
CP00017529	2	60	80	160	190	170	180	140	140	130	130	140	190	150	160	290	312	210	220	160	170	140	140	110	150	110	120	120	150	180	210	160	312
CP00017569	2	60	93	230	240	150	160	80	130	90	140	130	140	120	130	280	292	220	240	170	170	130	160	110	150	100	110	120	153	220	230	170	340
CP00017608	2	80	93	200	250	160	180	140	150	90	120	120	210	130	150	290	290	220	250	170	170	150	160	140	160	110	140	150	183	180	180	242	302
CP00017558	2	93	93	180	200	150	170	130	150	120	130	130	160	130	130	280	322	190	240	160	180	140	140	150	170	110	140	110	140	180	200	210	302
CP00017555	2	60	60	220	230	160	170	130	150	120	120	140	150	120	120	300	300	210	220	160	180	140	140	160	170	120	140	120	120	180	230	210	282
CP00017618	2	70	90	170	240	170	170	130	150	110	110	150	160	120	140	280	310	220	240	170	190	140	150	160	170	100	113	140	193	180	190	272	272
CP00017557	2	60	80	160	190	160	170	120	150	90	90	160	190	130	160	290	290	210	260	150	180	150	170	150	160	110	110	110	160	210	230	130	232
CP00017606	2	60	80	180	240	140	160	120	130	110	120	130	210	130	150	280	312	200	250	160	160	140	150	150	160	113	140	120	120	220	220	170	200
CP00017600	2	60	90	170	250	140	180	120	150	90	90	160	160	120	140	290	332	200	260	180	190	120	140	150	160	140	140	110	173	190	210	302	302
CP00017583	2	60	93	180	230	150	180	130	140	110	130	140	140	140	140	280	280	210	210	140	160	130	130	140	150	100	140	160	163	220	220	190	200
CP00017599	2	60	80	160	190	150	170	110	130	120	120	140	150	140	160	290	322	190	200	170	180	140	150	110	170	140	140	110	150	180	180	170	282
CP00017530	2	60	93	170	200	140	180	100	130	90	120	110	140	142	160	270	290	210	220	150	150	130	160	150	170	110	140	130	140	180	183	200	282
CP00017546	2	70	93	170	240	160	170	130	130	90	120	130	170	120	140	290	300	220	230	140	180	150	160	140	150	110	113	160	183	160	183	190	272
CP00017616	2	70	70	160	240	140	170	110	130	120	120	110	120	150	152	312	320	200	220	160	160	130	130	110	160	110	140	120	173	180	200	282	292
CP00017559	2	60	93	200	210	160	170	140	140	110	120	130	160	130	140	300	310	190	220	150	180	160	160	150	170	120	140	130	170	160	170	220	272
CP00017563	2	60	93	170	240	150	160	130	140	80	110	140	160	120	140	280	300	210	210	160	180	140	140	150	150	140	140	130	150	190	220	160	302
CP00017602	2	60	93	170	200	150	180	140	150	110	130	100	160	140	140	322	322	240	250	160	180	150	160	110	150	100	110	110	120	180	220	150	210
CP00017591	2	60	70	160	170	160	160	130	130	120	120	140	160	140	150	290	290	220	230	170	170	140	160	110	170	110	140	120	160	180	190	160	200
CP00017598	2	60	70	190	230	160	160	140	140	110	110	150	160	140	162	290	322	210	240	160	170	150	150	150	160	110	140	160	183	160	190	242	282
CP00017526	2	60	93	180	280	150	170	130	140	110	120	120	210	140	150	290	322	220	230	170	170	140	160	140	160	110	110	140	163	190	190	150	272
CP00017604	2	60	90	180	190	160	170	140	140	110	130	150	160	130	150	290	322	220	250	140	160	150	150	140	150	110	130	130	130	180	190	160	160
CP00015690	1	60	90	200	240	150	180	140	150	110	120	170	190	130	160	270	300	240	240	160	160	150	160	150	170	110	140	120	150	193	240	200	212
CP00015069	1	80	90	160	170	150	180	130	140	110	130	130	150	140	152	280	290	210	220	160	180	150	150	150	160	110	113	150	173	170	210	180	-9
CP00015687	1	60	90	170	170	170	180	130	140	130	140	120	140	130	140	290	300	210	240	160	170	140	150	110	140	110	140	150	160	170	170	160	232
CP00015708	1	60	70	170	200	140	160	100	130	120	130	130	140	140	140	290	332	230	230	140	150	140	150	140	160	110	150	130	170	180	220	160	170
CP00015720	1	60	60	160	210	160	180	130	140	90	120	140	230	140	140	290	300	200	260	150	170	150	150	110	160	110	140	150	160	180	220	170	280
CP00049555	1	60	70	230	230	150	150	110	130	120	120	130	140	130	140	290	300	230	240	150	170	140	160	150	160	100	110	120	160	190	240	180	210
CP00049558	1	60	60	230	250	140	150	120	130	120	140	160	210	120	130	310	322	180	210	170	180	140	150	110	150	113	140	130	140	170	180	170	222
CP00015068	1	90	93	230	250	170	170	120	150	120	120	130	180	140	150	300	312	220	230	180	180	140	140	110	170	120	160	110	130	150	180	262	272
CP00015710	1	60	60	170	230	140	160	80	140	110	120	150	170	130	160	290	332	200	220	160	180	130	160	110	150	113	150	140	163	170	183	190	262
CP00049570	1	70	93	180	230	150	180	110	130	90	130	120	120	140	150	290	290	210	240	160	170	150	150	150	160	110	140	110	170	180	220	160	190
CP00049556	1	70	80	170	200	150	170	130	130	110	110	140	140	152	170	280	290	220	220	160	170	150	150	140	150	110	140	140	173	180	190	210	282
CP00049534	3	60	90	200	230	150	160	130	130	110	120	120	180	130	140	290	322	230	230	160	170	140	160	140	150	140	160	130	150	190	230	292	292
CP00049543	3	70	80	160	170	160	180	110	150	100	110	150	210	130	152	300	300	230	240	170	180	150	160	150	150	110	140	120	140	180	220	150	200
CP00049539	3	70	70	160	240	160	160	120	130	110	110	140	140	132	140	300	312	190	230	170	180	130	160	110	150	110	140	130	173	170	230	180	200
CP00049567	3	90	93	190	240	150	150	110	140	110	130	140	170	120	142	302	312	210	210	160	170	130	140	160	170	100	110	150	153	170	180	170	292
CP00015706	1	60	60	180	200	150	150	130	140	90	110	140	150	130	142	312	322	200	210	150	170	150	160	150	150	140	150	110	130	180	220	170	302
CP00015063	3	60	90	170	190	150	150	120	140	90	120	120	170	120	160	322	332	220	220	150	170	140	150	160	170	110	140	140	173	170	170	180	262
CP00015067	3	60	70	170	210	160	160	140	150	110	110	150	170	130	162	290	300	210	230	150	180	130	150	150	160	110	140	120	160	170	220	180	282
CP00049536	3	80	90	170	200	150	160	100	120	110	120	130	130	150	160	302	332	220	260	150	220	130	150	150	160	110	140	120	140	170	190	132	262
CP00049560	3	80	93	160	200	160	160	100	150	90	110	140	160	130	140	280	280	230	240	150	170	150	170	140	160	100	140	160	183	150	220	170	170
CP00049529	3	60	60	160	190	140	180	130	140	110	130	110	140	130	140	300	312	220	230	160	180	140	160	160	160	110	140	110	160	170	190	282	292
CP00015699	1	60	90	170	170	140	180	120	150	100	110	140	160	140	142	312	312	230	230	170	190	130	170	150	150	130	140	160	170	220	220	190	282
CP00015066	3	60	60	250	250	170	180	140	150	100	110	150	160	130	150	290	310	220	250	160	180	130	170	110	150	130	140	130	153	180	190	282	302
CP00015712	1	80	93	170	170	170	170	110	130	110	120	130	160	120	140	280	290	200	220	140	140	150	150	110	160	100	113	110	120	170	180	242	262
CP00049526	3	60	90	240	250	150	170	90	130	90	120	120	130	120	142	280	300	200	200	160	170	130	140	110	170	100	140	130	150	180	220	210	222
CP00049562	3	80	93	160	200	140	170	120	130	100	120	160	190	140	140	290	300	210	240	140	150	130	140	150	160	100	140	90	150	190	220	180	222
CP00049525	3	70	90	170	200	160	170	130	140	110	130	170	180	150	170	280	290	230	240	140	160	140	150	110	140	140	140	150	160	190	230	170	272
CP00015689	1	93	93	160	240	150	180	130	150	110	110	160	170	120	150	280	290	220	240	140	180	140	140	140	160	110	113	130	130	220	240	232	312
CP00049544	3	93	93	170	190	150	170	140	140	90	120	130	150	130	140	270	290	230	240	140	150	130	150	160	160	110	140	160	160	170	220	170	210
CP00049545	3	60	60	170	190	160	170	110	140	90	110	130	160	130	130	280	280	230	240	140	140	140	150	150	180	100	113	120	140	170	220	292	302
CP00049541	3	93	93	200	200	170	180	130	140	110	110	140	160	120	140	280	312	200	220	160	180	130	140	150	150	110	140	120	170	160	220	200	282
CP00049528	3	70	80	190	200	140	160	90	160	110	130	130	160	140	140	310	312	220	230	140	170	160	160	120	170	110	140	140	150	180	200	180	190
CP00049521	3	60	90	170	200	170	190	130	130	90	130	140	180	120	140	300	322	210	230	180	190	150	150	110	160	113	140	150	153	180	180	220	262
CP00015709	1	60	93	170	200	160	180	130	150	120	120	140	160	130	150	280	332	210	252	170	170	140	150	160	160	90	110	140	173	183	220	282	302
CP00015716	1	60	93	200	210	150	170	120	170	100	110	160	170	140	150	280	322	200	240	160	180	140	150	140	160	110	110	160	163	160	180	160	292
CP00015688	1	70	90	200	230	140	170	120	140	120	130	140	150	152	160	290	332	230	240	150	160	140	150	160	180	110	140	110	120	180	250	272	330
CP00015700	1	80	93	170	230	160	170	130	130	90	120	140	150	140	162	300	322	220	230	160	170	120	140	110	160	110	140	110	153	180	220	160	180
CP00049549	3	80	93	170	170	170	170	130	130	100	110	130	190	130	152	280	322	200	240	170	180	130	140	150	170	140	140	110	163	220	260	200	282
CP00049550	3	80	93	190	200	150	160	140	150	110	130	150	160	130	150	300	302	210	240	150	170	140	150	160	170	110	110	150	173	200	240	180	282
CP00015070	3	60	93	180	220	150	180	120	140	90	110	140	190	152	170	290	300	230	240	160	170	140	140	110	150	140	140	130	140	180	180	180	272
CP00015686	1	90	93	160	230	180	180	120	130	80	120	130	160	140	152	290	312	200	242	140	180	140	160	150	150	100	160	140	173	220	240	160	282
CP00015062	3	93	93	170	210	140	150	90	120	110	120	110	160	130	140	280	290	190	200	160	160	140	140	150	170	110	113	150	163	193	200	252	282
CP00049563	3	60	70	160	180	150	170	130	150	120	130	120	140	142	160	302	320	190	190	160	160	140	150	150	160	110	140	120	173	180	240	170	262
CP00049537	3	60	70	200	230	160	180	130	160	110	120	130	140	150	160	280	280	210	230	180	190	130	140	160	170	100	113	130	163	180	180	200	210
CP00049551	3	60	70	230	240	160	170	130	150	100	120	160	170	130	130	280	290	210	240	110	180	130	140	150	160	140	140	110	163	180	220	242	292
CP00049535	3	60	93	170	200	170	170	120	130	110	120	160	160	140	160	290	332	200	270	160	170	160	160	150	160	140	140	120	160	210	230	252	252
CP00015719	1	60	93	160	210	160	180	130	140	80	120	140	230	140	140	290	322	200	220	150	170	150	150	150	160	140	140	150	173	180	220	170	330
CP00015697	1	60	90	160	170	140	160	140	140	90	120	140	160	140	150	290	300	210	230	150	160	140	140	110	150	140	160	110	130	190	200	180	282
CP00015714	1	80	93	170	210	160	180	120	130	110	120	150	160	130	140	290	300	210	240	160	170	150	160	160	160	113	150	110	130	193	250	180	252
CP00015715	1	80	90	170	180	160	180	90	130	110	120	130	160	120	130	290	300	210	250	150	170	130	160	160	160	100	113	110	110	150	250	180	242
CP00049559	3	93	93	220	240	140	170	140	140	120	130	120	130	130	140	300	322	200	240	170	180	150	150	110	160	110	140	120	150	180	220	190	220
CP00049566	3	93	100	170	170	140	140	130	130	110	120	140	170	140	150	270	290	200	230	160	160	140	160	160	170	140	140	130	143	200	220	160	190
CP00049542	3	70	93	180	200	150	180	100	120	110	130	140	160	120	152	280	290	230	240	140	180	140	170	140	160	140	140	110	130	180	220	150	163
CP00049530	3	60	93	170	200	160	160	140	150	90	130	130	190	120	130	290	312	210	220	160	160	130	140	110	150	110	113	110	173	150	220	272	312
CP00049532	3	60	60	160	180	180	180	140	150	120	130	140	160	130	140	290	290	200	230	160	170	140	160	140	160	110	130	160	173	220	230	160	190
CP00049554	3	90	93	180	230	150	160	80	140	80	90	140	140	120	130	290	300	210	240	170	200	140	140	160	160	140	140	120	140	160	220	132	170
CP00049564	3	70	93	200	240	150	180	120	130	120	120	120	150	120	140	290	300	230	270	140	180	140	150	170	170	110	113	140	150	180	210	272	302
CP00015702	1	80	80	180	250	140	170	120	140	110	120	120	140	130	152	300	300	230	250	140	170	130	140	140	150	110	120	140	150	170	180	272	312
CP00015681	1	60	80	170	230	160	180	120	150	120	140	120	160	120	150	290	332	200	230	160	190	140	140	110	180	120	140	110	120	180	230	232	252
CP00015718	1	80	93	160	230	130	170	130	150	120	120	120	150	130	150	290	290	210	220	160	170	150	150	110	140	110	140	130	163	180	190	190	282
CP00015698	1	60	90	190	230	150	170	130	140	110	120	120	170	150	162	290	300	230	240	170	190	140	160	150	150	110	110	140	150	180	190	150	161
CP00049531	3	60	60	170	220	140	160	120	150	90	110	140	180	120	130	290	302	200	200	160	180	130	130	150	160	110	140	140	150	183	200	312	322
CP00049548	3	60	70	190	200	150	150	130	150	120	130	130	180	130	150	312	322	190	240	170	170	130	150	150	170	100	140	120	150	150	193	242	292
CP00015695	1	90	90	160	180	150	170	100	130	110	120	120	190	150	150	290	312	200	250	160	200	110	150	150	150	110	140	130	140	180	190	262	282
CP00015692	1	90	93	170	180	160	170	130	140	100	120	160	200	130	150	290	300	250	250	150	180	130	160	140	160	110	140	150	150	230	230	222	232
CP00015693	1	60	70	180	210	160	180	140	150	110	120	120	130	130	140	280	312	200	220	170	170	150	150	150	160	100	140	110	163	210	220	140	272
CP00049522	3	60	90	160	240	160	160	130	140	110	120	120	160	130	140	280	300	210	260	170	180	140	150	150	150	100	110	153	173	150	170	222	222
CP00049546	3	60	80	180	200	170	170	130	150	90	110	120	140	130	140	300	322	230	240	150	160	110	140	160	160	110	140	173	183	160	220	160	160
CP00049557	3	93	93	180	250	150	180	130	150	110	130	140	160	150	150	322	332	210	240	160	190	150	160	140	150	113	140	140	183	180	220	190	282
CP00049533	3	60	93	170	250	150	170	130	130	110	130	130	150	130	130	310	312	180	210	160	190	150	150	150	170	100	140	120	160	170	170	210	282
CP00015683	1	70	90	170	200	170	180	130	140	110	110	140	170	140	140	302	312	190	200	140	150	130	160	160	170	110	110	110	130	160	190	160	292
CP00015713	1	70	100	180	200	150	180	100	120	110	130	120	130	140	150	300	302	230	250	140	180	140	150	110	170	110	140	130	140	160	210	140	200
CP00015684	1	80	80	170	230	150	160	140	150	130	130	140	160	120	130	300	322	190	210	140	180	140	150	150	150	100	110	130	170	150	240	160	170
CP00015696	1	60	60	180	190	150	170	140	140	80	130	120	160	130	130	280	322	200	230	150	160	130	140	140	150	100	110	150	160	150	230	180	282
CP00049538	3	70	93	170	240	150	170	130	150	80	130	170	200	140	140	290	322	190	230	140	180	140	150	150	150	110	140	110	130	180	220	200	210
CP00015705	1	60	90	180	230	150	150	100	130	100	120	170	170	130	140	322	332	220	240	170	190	130	140	160	160	100	140	110	160	170	180	222	292
CP00015691	1	80	90	160	170	150	170	120	150	110	110	140	200	130	162	280	280	210	240	160	170	140	170	150	150	110	140	110	183	150	190	170	262
CP00049547	1	80	93	190	230	150	150	150	160	120	130	120	200	142	150	290	300	230	250	150	180	150	160	140	150	100	120	130	170	183	220	212	302
CP00015065	1	60	90	230	250	150	160	110	140	120	130	130	150	120	130	302	332	240	250	140	150	130	150	160	160	120	140	120	173	180	180	160	190
CP00049540	1	80	90	170	180	160	170	140	150	80	110	140	160	140	150	290	290	230	240	140	160	130	130	150	150	113	140	150	160	190	210	200	222
CP00015703	1	60	93	160	240	150	150	120	130	110	110	120	160	140	140	300	300	200	210	140	140	140	150	110	170	110	140	120	120	170	200	160	210
CP00049552	1	60	90	170	230	150	180	130	140	110	120	140	170	140	140	302	312	210	220	170	170	150	150	150	150	100	110	140	170	170	183	200	242
CP00015682	1	70	93	170	200	140	170	100	150	110	130	130	130	140	140	280	290	210	250	150	160	150	150	110	150	140	140	110	173	220	250	160	190
CP00015064	3	60	100	170	170	140	170	100	130	120	120	130	150	140	150	310	312	210	230	140	180	130	130	160	160	140	140	170	183	190	210	170	190
CP00015685	1	60	70	170	190	140	150	90	130	90	120	160	170	142	152	290	300	200	220	140	160	140	140	150	150	100	110	130	163	150	220	160	232
CP00015061	3	60	60	170	190	150	160	130	130	110	120	150	180	130	152	290	300	200	210	150	170	150	160	160	170	110	140	160	173	210	230	252	332
CP00021003	1	60	93	220	240	150	180	110	150	90	110	120	140	120	150	300	300	220	220	160	170	140	160	110	140	113	150	110	150	180	200	170	190
CP00021007	1	60	70	230	230	170	190	130	140	90	120	140	180	140	162	290	300	190	240	170	190	140	140	110	170	110	140	110	160	170	180	190	312
CP00021019	1	60	93	170	210	150	180	110	120	120	130	120	130	130	150	280	312	220	250	150	170	140	150	110	150	110	140	120	150	180	220	140	232
CP00020975	1	93	93	200	230	160	160	110	150	120	130	180	200	140	140	332	332	190	250	140	170	130	140	110	160	110	140	150	173	170	220	190	322
CP00020971	1	60	60	170	210	140	160	80	130	110	130	140	190	130	130	280	322	230	230	180	180	130	150	150	160	110	113	110	170	180	190	160	302
CP00020972	1	90	93	170	200	150	180	90	130	120	140	150	180	130	130	290	300	240	250	140	170	140	140	160	160	113	140	150	183	160	240	180	212
CP00020973	1	60	93	160	160	140	190	130	150	120	130	160	170	140	140	312	312	200	240	140	180	130	140	160	160	113	130	153	160	180	220	200	272
CP00021002	1	70	93	170	170	140	150	140	150	90	110	140	160	140	140	290	290	230	240	170	170	130	150	140	150	110	140	160	173	180	230	160	170
CP00021008	1	90	93	190	200	150	150	130	140	110	120	100	120	120	140	270	290	200	250	150	170	130	150	110	150	100	113	183	193	180	240	160	200
CP00021020	1	70	80	200	200	150	180	130	150	110	120	130	160	140	140	300	332	220	240	180	190	130	140	110	150	140	140	110	130	150	180	160	282
CP00021016	1	60	90	180	230	170	180	140	140	120	130	140	160	130	140	300	312	220	250	170	180	150	170	150	160	140	140	120	163	200	230	160	222
CP00020999	1	60	90	170	200	150	160	110	130	90	130	140	200	140	140	290	312	200	240	160	170	130	150	150	160	100	140	153	160	200	210	210	282
CP00021000	1	60	60	240	250	150	150	140	150	120	120	120	140	120	130	312	322	200	230	160	180	140	150	110	150	100	110	150	150	180	180	272	282
CP00020996	1	60	60	180	230	160	180	150	150	110	110	140	160	142	150	302	312	230	240	140	180	150	160	150	170	110	140	120	160	170	190	150	292
CP00021005	1	80	93	230	240	150	160	130	150	130	130	130	150	140	160	300	312	210	250	150	180	150	170	150	150	100	113	130	183	200	200	232	232
CP00020976	1	60	90	170	250	160	180	130	150	90	120	170	180	120	120	280	290	210	250	170	170	140	140	150	150	110	113	140	173	180	220	150	282
CP00021009	1	60	93	170	200	170	180	120	140	120	120	140	160	130	130	290	300	220	240	150	170	130	140	140	150	110	140	110	120	220	240	242	262
CP00021010	1	70	93	200	230	150	160	120	150	90	120	120	190	140	140	280	312	200	220	160	170	140	160	150	160	110	110	140	153	190	220	210	292
CP00020998	1	60	80	180	250	150	150	140	150	80	120	130	150	140	152	280	300	230	250	150	160	130	150	150	150	110	110	160	160	170	170	170	200
CP00020997	1	60	90	170	250	150	170	120	140	110	110	140	180	140	140	280	300	240	240	170	180	130	150	160	170	110	140	150	183	170	200	180	302
CP00021017	1	60	80	170	200	150	160	130	130	120	130	160	200	140	160	312	312	230	232	160	180	140	160	150	150	120	140	160	163	170	190	210	262
CP00021018	1	60	100	230	250	160	170	140	150	110	120	140	150	140	142	300	312	200	240	160	170	140	140	110	150	110	110	120	140	183	230	242	292
CP00020974	1	60	70	170	170	140	180	120	130	120	120	160	190	120	140	300	312	210	230	140	170	130	140	150	150	110	123	150	163	170	200	140	180
CP00021015	1	70	93	170	200	150	170	100	110	110	110	140	150	140	150	280	312	210	220	160	170	130	170	150	150	110	140	150	160	150	190	180	190
CP00021006	1	60	90	160	170	160	170	140	140	110	130	140	160	140	142	290	312	230	250	170	190	140	150	110	160	110	140	163	183	150	190	200	242
CP00020991	1	60	80	170	200	140	160	150	150	80	110	120	150	110	150	270	302	220	220	140	180	140	140	110	150	110	140	140	173	170	200	150	150
CP00020977	1	93	93	200	230	140	180	110	150	120	120	120	150	120	130	300	300	220	250	160	170	130	150	110	160	110	113	130	160	200	200	190	262
CP00020993	1	60	93	160	200	150	150	140	140	90	120	150	170	140	170	280	290	200	250	160	170	130	140	110	160	140	140	130	140	180	183	190	210
CP00020995	1	60	93	160	250	150	150	120	140	120	130	120	150	140	142	270	332	220	240	160	190	130	150	110	150	100	140	140	173	170	193	180	222
CP00021004	1	70	90	170	170	150	150	130	150	120	120	140	150	142	150	270	300	232	270	160	170	150	160	150	170	120	140	163	170	150	183	180	272
CP00020992	1	60	90	170	230	150	170	130	140	130	130	120	140	130	150	300	322	220	230	140	170	130	130	150	170	100	140	110	110	180	180	170	-9
CP00021001	1	70	80	160	160	150	150	130	140	90	110	140	140	130	140	302	320	190	220	170	200	130	140	150	160	100	140	150	160	180	210	140	232
CP00020866	3	93	93	170	200	170	190	120	130	110	130	130	210	130	132	290	312	200	210	160	170	140	150	150	160	110	140	140	160	170	220	190	202
CP00020822	3	93	100	230	240	140	150	110	150	90	110	120	140	120	120	280	290	190	230	150	180	130	130	150	160	110	110	140	183	210	230	200	200
CP00072624	3	90	93	170	190	150	180	130	140	110	110	130	140	130	160	280	280	240	240	150	150	130	130	140	150	100	110	160	193	210	260	232	282
CP00072595	2	60	93	170	190	150	160	120	120	90	100	130	160	160	160	300	302	190	220	160	170	140	140	150	180	110	110	150	170	200	210	170	312
CP00072586	2	60	93	190	200	160	170	140	170	110	120	130	130	140	142	280	322	210	240	160	160	150	150	110	150	100	140	140	183	150	220	190	272
CP00072605	3	80	90	190	250	140	150	130	140	100	130	160	170	130	130	290	312	240	240	160	170	140	150	110	140	110	110	140	183	220	240	170	292
CP00072615	3	70	80	210	230	170	170	150	160	110	120	160	170	130	140	300	312	230	240	170	170	140	160	160	160	100	100	120	160	160	220	170	180
CP00072633	1	60	80	200	230	150	170	140	150	110	110	130	160	120	140	300	322	220	240	190	190	130	140	110	150	110	110	150	160	200	220	282	302
CP00072589	2	80	100	170	200	140	150	120	130	90	130	110	180	130	150	300	322	220	240	170	180	140	170	150	160	120	150	150	193	150	210	180	292
CP00072630	3	60	70	230	240	160	180	100	110	120	130	150	190	130	142	312	322	200	210	170	190	130	150	150	150	110	110	150	160	200	210	190	200
CP00072593	2	60	80	170	250	150	170	140	150	100	120	140	160	120	130	280	290	220	222	170	180	130	140	140	160	100	110	160	170	180	190	170	272
CP00072614	3	90	93	160	170	140	160	140	150	110	130	150	180	130	140	290	322	220	230	140	160	130	180	160	160	140	140	163	173	180	180	292	302
CP00072617	3	60	80	170	200	150	180	100	130	80	110	140	210	130	130	312	322	200	200	160	170	130	150	150	160	110	110	150	173	150	230	190	282
CP00072618	3	60	80	160	250	140	180	130	140	120	130	140	170	150	152	290	312	220	230	140	170	140	150	150	160	100	110	140	150	170	230	190	200
CP00072583	2	80	80	190	200	140	150	130	150	90	120	140	150	130	160	290	300	200	250	170	190	140	140	150	160	110	110	110	160	220	240	170	262
CP00072637	1	93	93	200	200	160	180	120	140	110	120	150	160	142	152	290	300	200	210	170	190	130	150	140	140	110	110	150	173	190	190	210	282
CP00072612	3	60	80	230	250	150	170	130	130	100	110	130	140	130	140	290	312	230	260	180	180	130	140	110	150	100	110	153	173	180	230	252	252
CP00072579	1	60	93	170	250	140	180	150	160	110	120	130	130	130	140	290	322	200	230	170	170	140	160	150	150	110	140	140	163	180	230	180	272
CP00072629	3	80	93	170	170	150	160	110	150	90	110	130	140	152	160	290	300	230	250	140	160	130	150	140	160	110	150	120	173	160	210	170	302
CP00072607	3	70	93	190	240	160	160	110	120	110	110	160	160	140	140	312	312	210	210	170	170	140	140	110	180	100	140	120	163	180	190	190	190
CP00072613	3	70	70	170	230	140	160	130	150	130	130	130	160	130	142	290	290	190	250	150	200	150	160	110	170	110	113	160	160	183	220	170	180
CP00072644	3	70	90	200	250	150	170	110	120	120	130	130	160	130	140	290	310	220	230	140	170	150	150	150	160	120	140	120	130	190	200	292	302
CP00072627	3	90	90	160	170	120	160	120	140	80	90	160	170	130	130	280	300	220	220	170	180	130	130	150	170	120	140	130	160	150	210	150	292
CP00072584	2	70	93	160	190	170	180	130	160	80	130	140	190	130	142	290	290	210	230	180	180	140	150	110	170	110	150	120	153	180	200	180	302
CP00072611	3	60	60	160	180	140	140	110	140	120	130	120	150	130	140	290	310	200	210	170	180	150	160	110	110	110	140	140	160	180	220	160	272
CP00072578	1	80	90	190	230	150	150	140	150	110	110	160	160	130	130	302	322	230	240	170	170	140	140	140	150	100	113	130	153	170	170	200	302
CP00072608	3	60	93	170	200	140	170	130	140	110	130	140	150	130	140	290	300	200	210	170	180	140	140	160	160	110	140	120	130	180	220	140	282
CP00072628	3	60	90	170	170	150	180	120	130	110	120	130	190	140	150	290	302	220	240	140	150	140	150	140	140	130	140	110	120	173	200	180	282
CP00072606	3	80	80	210	240	160	160	140	160	80	110	160	210	132	140	290	290	210	210	160	180	140	150	110	150	100	140	163	170	173	180	180	302
CP00072645	3	90	90	230	240	160	170	130	140	110	120	130	190	140	140	290	320	200	200	140	160	130	170	150	160	113	113	130	150	170	170	160	200
CP00072638	1	60	60	160	200	160	160	120	120	110	110	130	140	120	120	290	300	230	230	140	180	130	140	150	150	113	140	110	160	190	200	292	312
CP00072580	1	60	93	170	230	150	160	110	140	80	120	130	150	130	152	280	290	220	230	140	150	140	160	160	160	110	140	130	150	180	220	170	242
CP00072588	2	60	90	190	240	150	150	90	120	120	140	180	200	120	150	280	290	250	250	160	180	130	160	140	160	100	110	120	150	190	220	190	272
CP00072591	2	90	93	210	240	150	160	100	120	120	130	130	130	120	130	300	312	230	230	150	170	130	160	110	160	110	110	110	170	190	190	242	262
CP00072590	2	60	93	190	240	150	180	80	140	100	110	120	160	140	140	290	300	190	240	150	190	140	150	160	170	110	113	140	150	180	190	272	302
CP00072592	2	60	80	170	210	180	190	130	140	90	130	130	140	130	162	302	310	200	220	170	170	140	150	160	160	140	150	150	160	170	190	262	292
CP00072582	1	60	60	200	230	170	190	130	140	110	120	140	150	140	140	270	290	220	220	160	170	140	150	110	160	140	140	140	173	170	240	202	232
CP00072609	3	60	93	180	240	140	160	110	160	100	110	120	140	130	140	290	300	210	210	180	200	140	150	140	150	110	140	130	163	173	180	262	262
CP00072635	1	60	60	170	170	150	160	130	130	110	120	100	140	120	152	300	302	240	250	170	180	130	130	140	150	113	130	153	173	180	190	150	292
CP00072647	1	60	90	170	240	140	180	130	150	110	120	120	150	130	140	280	280	190	240	170	190	130	130	140	180	110	110	150	160	180	183	150	262
CP00072585	2	70	80	180	250	150	160	130	130	110	140	130	140	140	142	290	290	200	220	160	170	130	150	110	160	110	140	120	173	220	220	252	282
CP00072587	2	93	93	170	190	150	170	130	140	110	110	140	150	140	160	280	302	210	230	170	170	140	150	150	160	113	140	120	120	180	230	222	282
CP00072639	1	90	93	170	170	160	160	130	130	100	110	150	150	140	160	300	300	230	260	170	180	130	150	150	160	100	140	120	163	180	230	130	232
CP00072640	1	60	90	180	230	150	160	120	130	110	120	150	150	140	152	280	312	230	240	140	170	130	160	160	170	110	120	150	160	183	200	160	180
CP00072625	3	60	60	240	250	170	180	100	140	120	130	140	150	130	150	312	332	190	230	170	170	140	140	150	150	110	140	110	140	150	180	180	232
CP00072576	1	60	80	170	170	180	180	140	150	100	120	120	130	140	140	280	290	200	220	180	190	130	150	150	150	110	140	120	173	180	180	292	352
CP00072634	1	60	80	170	240	150	160	100	130	130	130	130	210	120	130	290	312	230	250	150	200	150	160	110	110	110	140	120	160	180	183	292	292
CP00072619	3	93	93	160	180	150	150	130	150	110	120	140	150	130	160	302	322	220	220	150	160	150	160	150	160	120	160	150	150	180	220	180	292
CP00072621	3	80	80	230	240	150	170	140	150	110	130	130	160	130	140	270	312	220	220	170	190	140	160	150	150	140	160	150	150	150	160	160	180
CP00072571	1	60	70	170	230	150	180	90	130	110	110	140	160	130	140	290	290	220	240	140	170	120	150	150	160	100	110	163	170	200	210	272	302
CP00072646	1	60	80	200	240	150	170	120	130	120	120	120	120	130	140	290	300	210	240	170	170	140	150	160	160	140	140	120	150	170	200	180	210
CP00072622	1	60	60	170	240	160	180	110	150	120	130	120	130	150	160	322	322	210	250	180	190	130	140	140	160	140	140	163	163	200	220	160	200
CP00072577	1	60	90	170	250	150	160	110	150	110	120	130	140	140	142	300	312	210	220	170	190	150	160	140	160	130	140	150	173	220	220	202	282
CP00072610	3	70	80	240	250	150	170	130	140	110	130	140	150	130	140	280	312	230	230	160	170	150	160	150	160	100	110	120	120	180	180	180	190
CP00072620	3	60	90	180	250	150	180	120	130	120	130	150	160	130	150	312	322	210	240	140	170	160	160	150	170	110	140	130	140	190	240	180	190
CP00072616	3	60	60	170	240	140	170	80	130	110	110	150	180	120	142	312	312	210	220	140	180	140	150	150	170	100	110	140	153	200	260	150	212
CP00072623	3	93	100	220	240	170	180	100	100	110	110	130	160	140	150	300	300	220	240	160	170	140	170	160	160	100	140	120	130	210	220	180	200
CP00072626	3	60	90	200	250	170	170	100	130	100	130	140	140	140	140	290	312	190	200	170	170	130	150	110	110	140	150	153	160	160	210	180	292
CP00072641	1	70	93	180	240	160	170	110	130	110	130	130	170	130	160	280	322	230	260	150	170	140	150	150	160	110	140	130	150	150	150	190	312
CP00072642	3	90	93	160	230	160	180	100	140	100	120	160	160	140	140	290	290	230	240	170	190	150	150	150	160	120	140	120	140	230	250	222	292
CP00072157	3	60	70	160	170	160	180	130	130	100	120	120	140	120	130	290	300	200	220	170	190	130	140	110	160	140	140	120	170	183	200	190	190
CP00072132	3	60	70	230	230	140	170	100	140	100	110	150	160	120	150	280	322	210	220	140	160	150	160	140	170	110	140	110	130	190	200	150	232
CP00072144	3	93	93	180	200	150	170	120	140	100	140	130	150	140	152	270	290	200	220	160	180	140	160	110	160	113	140	160	183	183	240	190	222
CP00072148	3	80	93	170	180	140	180	150	150	100	130	150	150	140	140	290	302	200	240	160	170	150	170	110	150	113	150	120	150	170	190	190	222
CP00072169	3	70	80	170	240	160	170	130	140	90	130	150	160	140	150	270	322	200	220	140	170	130	160	110	160	113	150	110	120	190	193	292	302
CP00072133	3	80	93	180	230	160	170	140	150	110	130	130	200	132	142	290	290	200	230	160	170	130	140	140	170	110	140	160	183	150	200	200	222
CP00072139	3	60	93	170	240	140	170	140	150	130	130	140	190	140	140	300	322	200	230	150	160	140	160	150	160	110	140	110	160	190	210	170	200
CP00072155	1	90	93	200	250	140	190	100	130	110	130	120	150	130	132	300	322	220	220	140	190	140	140	140	150	110	140	120	193	180	210	252	292
CP00072143	1	70	93	170	170	160	160	130	130	110	110	130	200	140	142	292	300	200	210	140	150	140	180	110	170	110	113	150	183	190	230	150	252
CP00072136	1	80	80	170	190	150	170	110	130	120	130	160	160	140	150	290	312	230	240	150	160	140	140	150	170	120	120	150	150	200	220	190	302
CP00075424	1	93	100	170	180	180	180	120	120	130	130	120	130	140	150	280	292	210	220	160	170	130	160	110	150	110	140	150	173	160	193	282	330
CP00075416	1	80	90	240	250	150	160	130	130	90	120	130	140	120	130	290	312	210	220	170	180	130	130	150	160	110	140	130	173	150	220	282	340
CP00075420	1	60	80	170	200	150	160	120	150	90	100	150	160	130	160	280	292	210	230	170	190	140	140	110	160	113	160	120	163	190	210	180	302
CP00072159	1	60	90	170	200	160	170	160	160	120	120	160	190	140	142	290	332	240	260	180	200	140	150	110	150	100	140	163	163	180	190	190	210
CP00072137	1	60	70	170	240	170	180	130	150	120	130	120	140	130	140	290	302	220	240	140	180	150	160	150	160	113	140	120	170	183	210	190	262
CP00075415	1	60	70	170	190	150	170	130	140	120	120	140	180	140	142	290	302	200	240	140	150	140	170	110	140	120	140	173	173	170	190	190	292
CP00072131	1	90	93	180	230	150	180	110	130	90	90	110	170	130	150	290	290	190	230	160	160	140	170	110	170	110	110	153	170	190	220	160	282
CP00072156	1	60	90	200	200	150	170	90	130	110	130	150	210	150	152	290	322	250	250	170	170	130	140	110	180	110	140	160	163	180	180	140	190
CP00072134	1	60	80	180	200	150	160	140	140	120	130	120	130	120	140	300	332	220	220	150	170	130	140	150	160	130	140	160	163	180	180	170	180
CP00072138	1	80	80	170	240	150	180	110	140	110	120	120	170	120	140	280	300	190	230	180	180	150	150	110	140	140	140	130	163	180	220	170	262
CP00072142	1	60	70	160	240	140	150	120	140	100	100	110	140	142	150	280	332	200	210	160	170	130	150	160	170	100	140	120	183	180	200	252	350
CP00072168	1	60	90	160	170	140	160	130	160	120	120	140	160	130	140	290	310	230	240	170	170	140	160	150	160	100	130	110	173	210	230	150	170
CP00072153	1	60	60	160	230	160	170	130	130	80	90	130	150	130	150	300	300	200	210	160	170	140	150	160	170	110	140	110	120	150	220	180	332
CP00072154	1	60	93	160	170	170	180	130	140	90	120	130	130	132	140	270	290	230	250	160	170	130	150	140	160	110	160	173	193	180	230	190	272
CP00072166	1	80	93	170	250	160	190	110	120	110	130	120	180	142	152	290	322	190	210	160	170	140	160	150	160	140	150	153	183	150	190	190	242
CP00075417	2	60	60	230	250	140	150	100	130	80	120	150	160	120	140	280	290	210	230	140	170	130	150	150	160	120	140	150	170	180	210	212	262
CP00072152	2	80	93	160	180	160	170	110	140	100	110	150	160	140	142	300	330	190	240	180	190	130	140	150	160	110	120	120	160	170	170	200	272
CP00072160	2	80	93	160	170	160	170	110	120	90	110	120	160	140	142	270	300	230	240	170	170	150	150	140	170	150	150	150	170	180	250	190	200
CP00072149	2	60	60	160	160	150	180	120	150	90	120	110	140	140	150	280	310	190	220	160	170	150	170	110	150	100	150	120	183	180	250	180	262
