

----------------------------------------------------
STRUCTURE by Pritchard, Stephens and Donnelly (2000)
     and Falush, Stephens and Pritchard (2003)
       Code by Pritchard, Falush and Hubisz
             Version 2.3.4 (Jul 2012)
----------------------------------------------------



Command line arguments:   ./structure -m mainparams_primary -e extraparams_primary -i Albania_2000_STRUCTURE.txt -o primary_output/Albania_primary_K04_rep11 -K 4 -N 2000 -L 16 -D 20264816 
Input File:    Albania_2000_STRUCTURE.txt

Run parameters:
   2000 individuals
   16 loci
   4 populations assumed
   100000 Burn-in period
   500000 Reps
RANDOMIZE turned off


--------------------------------------------
Proportion of membership of each pre-defined
 population in each of the 4 clusters

Given    Inferred Clusters              Number of
 Pop       1      2      3      4      Individuals

  1:     0.249  0.251  0.250  0.250      358
  2:     0.249  0.250  0.250  0.250      1039
  3:     0.251  0.250  0.250  0.250      603
--------------------------------------------

Allele-freq. divergence among pops (Net nucleotide distance),
computed using point estimates of P.

      1       2       3       4      
 1      -    0.0052  0.0051  0.0050  
 2   0.0052     -    0.0020  0.0013  
 3   0.0051  0.0020     -    0.0003  
 4   0.0050  0.0013  0.0003     -    

Average distances (expected heterozygosity) between individuals in same cluster:
cluster  1  : 0.8536 
cluster  2  : 0.8084 
cluster  3  : 0.8115 
cluster  4  : 0.8110 

--------------------------------------------
Estimated Ln Prob of Data   = -128325.2
Mean value of ln likelihood = -125216.0
Variance of ln likelihood   = 6218.3
Mean value of alpha         = 8.5900

Mean value of Fst_1         = 0.0002
Mean value of Fst_2         = 0.1680
Mean value of Fst_3         = 0.1680
Mean value of Fst_4         = 0.1702


Inferred ancestry of individuals:
        Label (%Miss) Pop:  Inferred clusters
  1 CP00019943    (0)    2 :  0.260 0.242 0.250 0.248 
  2 CP00019945    (0)    2 :  0.260 0.256 0.239 0.245 
  3 CP00019948    (0)    2 :  0.240 0.250 0.255 0.255 
  4 CP00019939    (0)    2 :  0.264 0.247 0.244 0.246 
  5 CP00019944    (0)    2 :  0.256 0.253 0.247 0.244 
  6 CP00019712    (0)    2 :  0.247 0.257 0.247 0.249 
  7 CP00019695    (0)    2 :  0.232 0.257 0.256 0.256 
  8 CP00019928    (0)    2 :  0.229 0.254 0.257 0.261 
  9 CP00019983    (0)    2 :  0.246 0.256 0.250 0.247 
 10 CP00019707    (0)    2 :  0.263 0.247 0.245 0.245 
 11 CP00020015    (0)    2 :  0.248 0.248 0.253 0.251 
 12 CP00019692    (0)    2 :  0.231 0.252 0.260 0.257 
 13 CP00019715    (0)    2 :  0.245 0.255 0.249 0.251 
 14 CP00019713    (0)    2 :  0.233 0.254 0.257 0.256 
 15 CP00019708    (0)    2 :  0.240 0.259 0.251 0.250 
 16 CP00019699    (0)    2 :  0.239 0.258 0.249 0.253 
 17 CP00019681    (0)    2 :  0.244 0.251 0.252 0.253 
 18 CP00019680    (0)    2 :  0.259 0.250 0.246 0.245 
 19 CP00019679    (0)    2 :  0.265 0.246 0.241 0.247 
 20 CP00019927    (0)    2 :  0.248 0.253 0.250 0.249 
 21 CP00019690    (0)    2 :  0.258 0.247 0.248 0.248 
 22 CP00019687    (0)    2 :  0.260 0.247 0.248 0.245 
 23 CP00019701    (0)    2 :  0.261 0.243 0.250 0.247 
 24 CP00019709    (0)    2 :  0.278 0.242 0.240 0.239 
 25 CP00019717    (0)    2 :  0.230 0.259 0.257 0.255 
 26 CP00019718    (0)    2 :  0.232 0.253 0.258 0.257 
 27 CP00020007    (0)    2 :  0.236 0.251 0.259 0.254 
 28 CP00019934    (0)    2 :  0.235 0.253 0.256 0.256 
 29 CP00019979    (0)    2 :  0.234 0.250 0.257 0.259 
 30 CP00019935    (0)    2 :  0.226 0.252 0.264 0.258 
 31 CP00020005    (0)    2 :  0.231 0.259 0.256 0.255 
 32 CP00019988    (0)    2 :  0.267 0.241 0.245 0.247 
 33 CP00019685    (0)    2 :  0.247 0.245 0.256 0.252 
 34 CP00019706    (0)    2 :  0.256 0.257 0.242 0.244 
 35 CP00019703    (0)    2 :  0.259 0.250 0.245 0.245 
 36 CP00019704    (0)    2 :  0.247 0.251 0.253 0.249 
 37 CP00019705    (0)    2 :  0.265 0.248 0.243 0.244 
 38 CP00019710    (0)    2 :  0.255 0.244 0.251 0.250 
 39 CP00019940    (0)    2 :  0.236 0.255 0.253 0.256 
 40 CP00019985    (0)    2 :  0.276 0.240 0.241 0.243 
 41 CP00020006    (0)    2 :  0.246 0.258 0.246 0.250 
 42 CP00019981    (0)    2 :  0.243 0.257 0.251 0.250 
 43 CP00020003    (0)    2 :  0.238 0.255 0.252 0.255 
 44 CP00020004    (0)    2 :  0.238 0.255 0.253 0.253 
 45 CP00019946    (0)    2 :  0.238 0.253 0.254 0.255 
 46 CP00019941    (0)    2 :  0.224 0.253 0.262 0.261 
 47 CP00020002    (0)    2 :  0.240 0.252 0.252 0.256 
 48 CP00020323    (0)    2 :  0.276 0.247 0.237 0.239 
 49 CP00020008    (0)    2 :  0.245 0.250 0.252 0.254 
 50 CP00019716    (0)    2 :  0.239 0.249 0.258 0.254 
 51 CP00019982    (0)    2 :  0.238 0.255 0.254 0.253 
 52 CP00019942    (0)    2 :  0.229 0.259 0.255 0.257 
 53 CP00020018    (0)    2 :  0.254 0.242 0.251 0.252 
 54 CP00019933    (0)    2 :  0.274 0.237 0.246 0.243 
 55 CP00020019    (0)    2 :  0.237 0.251 0.255 0.257 
 56 CP00019688    (0)    2 :  0.228 0.251 0.262 0.259 
 57 CP00019926    (0)    2 :  0.254 0.247 0.250 0.249 
 58 CP00020001    (0)    2 :  0.262 0.243 0.248 0.247 
 59 CP00019698    (0)    2 :  0.292 0.235 0.238 0.236 
 60 CP00019672    (0)    2 :  0.247 0.257 0.246 0.250 
 61 CP00019673    (0)    2 :  0.247 0.252 0.249 0.252 
 62 CP00019691    (0)    2 :  0.285 0.235 0.239 0.240 
 63 CP00019947    (0)    2 :  0.252 0.250 0.251 0.246 
 64 CP00019676    (0)    2 :  0.229 0.264 0.254 0.253 
 65 CP00020000    (0)    2 :  0.253 0.253 0.245 0.248 
 66 CP00019674    (0)    2 :  0.238 0.252 0.255 0.255 
 67 CP00019989    (0)    2 :  0.285 0.240 0.238 0.237 
 68 CP00020017    (0)    2 :  0.265 0.252 0.241 0.242 
 69 CP00019686    (0)    2 :  0.298 0.231 0.235 0.235 
 70 CP00019980    (0)    2 :  0.258 0.247 0.248 0.247 
 71 CP00020016    (0)    2 :  0.242 0.253 0.251 0.254 
 72 CP00019978    (0)    2 :  0.227 0.255 0.260 0.259 
 73 CP00019720    (0)    2 :  0.256 0.246 0.249 0.249 
 74 CP00019693    (0)    2 :  0.256 0.249 0.247 0.248 
 75 CP00019998    (0)    2 :  0.237 0.256 0.253 0.253 
 76 CP00019694    (0)    2 :  0.245 0.249 0.256 0.250 
 77 CP00019675    (0)    2 :  0.238 0.253 0.254 0.256 
 78 CP00019671    (0)    2 :  0.257 0.247 0.250 0.247 
 79 CP00019714    (0)    2 :  0.229 0.247 0.263 0.261 
 80 CP00019937    (0)    2 :  0.244 0.254 0.250 0.251 
 81 CP00020324    (0)    2 :  0.239 0.248 0.258 0.255 
 82 CP00020020    (0)    2 :  0.281 0.243 0.237 0.239 
 83 CP00019696    (0)    2 :  0.239 0.258 0.252 0.250 
 84 CP00019689    (0)    2 :  0.248 0.249 0.253 0.250 
 85 CP00019702    (0)    2 :  0.271 0.244 0.241 0.244 
 86 CP00019993    (0)    2 :  0.241 0.258 0.250 0.251 
 87 CP00019999    (0)    2 :  0.270 0.248 0.240 0.242 
 88 CP00019700    (0)    2 :  0.259 0.247 0.250 0.245 
 89 CP00019936    (0)    2 :  0.237 0.253 0.257 0.253 
 90 CP00019984    (0)    2 :  0.246 0.261 0.246 0.248 
 91 CP00019684    (0)    2 :  0.246 0.249 0.253 0.252 
 92 CP00019719    (0)    2 :  0.240 0.250 0.257 0.253 
 93 CP00020103    (0)    2 :  0.275 0.244 0.241 0.240 
 94 CP00020105    (0)    2 :  0.243 0.251 0.255 0.251 
 95 CP00020072    (0)    2 :  0.244 0.250 0.254 0.252 
 96 CP00020086    (0)    2 :  0.244 0.258 0.247 0.252 
 97 CP00020107    (0)    2 :  0.262 0.247 0.243 0.248 
 98 CP00020106    (0)    2 :  0.238 0.261 0.249 0.251 
 99 CP00020089    (0)    2 :  0.227 0.251 0.262 0.260 
100 CP00020094    (0)    2 :  0.235 0.256 0.257 0.253 
101 CP00020037    (0)    2 :  0.260 0.243 0.251 0.246 
102 CP00020069    (0)    2 :  0.261 0.246 0.246 0.246 
103 CP00020112    (0)    2 :  0.234 0.268 0.247 0.251 
104 CP00020083    (0)    2 :  0.256 0.250 0.246 0.249 
105 CP00020099    (0)    2 :  0.255 0.246 0.250 0.248 
106 CP00020092    (0)    2 :  0.250 0.252 0.249 0.249 
107 CP00020097    (0)    2 :  0.233 0.258 0.254 0.255 
108 CP00020098    (0)    2 :  0.252 0.247 0.253 0.248 
109 CP00020102    (0)    2 :  0.230 0.249 0.260 0.261 
110 CP00020117    (0)    2 :  0.229 0.247 0.264 0.260 
111 CP00020085    (0)    2 :  0.252 0.249 0.250 0.249 
112 CP00020078    (0)    2 :  0.271 0.243 0.243 0.243 
113 CP00020111    (0)    2 :  0.235 0.259 0.253 0.254 
114 CP00020053    (0)    2 :  0.248 0.249 0.251 0.252 
115 CP00020021    (0)    2 :  0.250 0.251 0.250 0.250 
116 CP00020041    (0)    2 :  0.235 0.251 0.259 0.255 
117 CP00020047    (0)    2 :  0.233 0.260 0.252 0.254 
118 CP00020064    (0)    2 :  0.282 0.240 0.238 0.239 
119 CP00020065    (0)    2 :  0.240 0.251 0.255 0.254 
120 CP00020046    (0)    2 :  0.235 0.257 0.254 0.254 
121 CP00020025    (0)    2 :  0.263 0.249 0.244 0.244 
122 CP00020022    (0)    2 :  0.243 0.257 0.249 0.251 
123 CP00020028    (0)    2 :  0.235 0.254 0.256 0.256 
124 CP00020062    (0)    2 :  0.233 0.253 0.258 0.256 
125 CP00020023    (0)    2 :  0.233 0.255 0.254 0.258 
126 CP00020059    (0)    2 :  0.264 0.241 0.250 0.245 
127 CP00020060    (0)    2 :  0.231 0.249 0.261 0.259 
128 CP00020057    (0)    2 :  0.233 0.260 0.251 0.256 
129 CP00020119    (0)    2 :  0.245 0.244 0.255 0.257 
130 CP00020073    (0)    2 :  0.249 0.250 0.249 0.252 
131 CP00020055    (0)    2 :  0.233 0.249 0.261 0.257 
132 CP00020071    (0)    2 :  0.256 0.253 0.244 0.246 
133 CP00020087    (0)    2 :  0.260 0.248 0.247 0.245 
134 CP00020116    (0)    2 :  0.239 0.249 0.255 0.257 
135 CP00020052    (0)    2 :  0.231 0.262 0.253 0.254 
136 CP00020067    (0)    2 :  0.255 0.247 0.247 0.250 
137 CP00020070    (0)    2 :  0.234 0.259 0.254 0.254 
138 CP00020036    (0)    2 :  0.242 0.257 0.251 0.250 
139 CP00020029    (0)    2 :  0.250 0.253 0.246 0.250 
140 CP00020031    (0)    2 :  0.250 0.250 0.251 0.249 
141 CP00020108    (0)    2 :  0.233 0.260 0.251 0.255 
142 CP00020109    (0)    2 :  0.262 0.245 0.248 0.245 
143 CP00020101    (0)    2 :  0.252 0.247 0.251 0.250 
144 CP00020076    (0)    2 :  0.248 0.251 0.249 0.251 
145 CP00020104    (0)    2 :  0.237 0.254 0.255 0.254 
146 CP00020077    (0)    2 :  0.236 0.256 0.254 0.254 
147 CP00020088    (0)    2 :  0.234 0.249 0.260 0.257 
148 CP00020100    (0)    2 :  0.253 0.246 0.253 0.249 
149 CP00020096    (0)    2 :  0.226 0.251 0.262 0.261 
150 CP00020095    (0)    2 :  0.239 0.255 0.253 0.253 
151 CP00020090    (0)    2 :  0.257 0.253 0.243 0.247 
152 CP00020061    (0)    2 :  0.234 0.255 0.254 0.257 
153 CP00020093    (0)    2 :  0.251 0.255 0.246 0.248 
154 CP00020058    (0)    2 :  0.249 0.254 0.246 0.251 
155 CP00020056    (0)    2 :  0.233 0.258 0.253 0.256 
156 CP00020054    (0)    2 :  0.252 0.249 0.249 0.249 
157 CP00020034    (0)    2 :  0.238 0.257 0.253 0.252 
158 CP00020030    (0)    2 :  0.279 0.246 0.237 0.238 
159 CP00020066    (0)    2 :  0.230 0.254 0.258 0.257 
160 CP00020068    (0)    2 :  0.268 0.244 0.244 0.245 
161 CP00020032    (0)    2 :  0.269 0.243 0.244 0.244 
162 CP00020039    (0)    2 :  0.233 0.249 0.259 0.260 
163 CP00020038    (0)    2 :  0.244 0.248 0.254 0.253 
164 CP00020026    (0)    2 :  0.235 0.252 0.255 0.258 
165 CP00020048    (0)    2 :  0.253 0.246 0.251 0.250 
166 CP00020079    (0)    2 :  0.237 0.255 0.253 0.254 
167 CP00020120    (0)    2 :  0.245 0.256 0.252 0.248 
168 CP00020074    (0)    2 :  0.242 0.257 0.248 0.253 
169 CP00020115    (0)    2 :  0.223 0.254 0.262 0.260 
170 CP00020080    (0)    2 :  0.243 0.252 0.252 0.253 
171 CP00020091    (0)    2 :  0.280 0.242 0.238 0.240 
172 CP00020081    (0)    2 :  0.229 0.255 0.259 0.257 
173 CP00020082    (0)    2 :  0.264 0.247 0.242 0.247 
174 CP00019591    (0)    2 :  0.235 0.254 0.256 0.255 
175 CP00019572    (0)    2 :  0.266 0.236 0.251 0.247 
176 CP00020202    (0)    2 :  0.235 0.260 0.252 0.252 
177 CP00019610    (0)    2 :  0.278 0.242 0.239 0.241 
178 CP00019595    (0)    2 :  0.232 0.249 0.262 0.256 
179 CP00019607    (0)    2 :  0.268 0.240 0.246 0.246 
180 CP00020203    (0)    2 :  0.269 0.247 0.241 0.243 
181 CP00020187    (0)    2 :  0.261 0.247 0.245 0.247 
182 CP00020185    (0)    2 :  0.256 0.246 0.248 0.250 
183 CP00020206    (0)    2 :  0.254 0.245 0.251 0.250 
184 CP00020190    (0)    2 :  0.240 0.258 0.250 0.252 
185 CP00020209    (0)    2 :  0.241 0.246 0.259 0.254 
186 CP00020200    (0)    2 :  0.263 0.248 0.244 0.244 
187 CP00020213    (0)    2 :  0.249 0.254 0.249 0.248 
188 CP00020218    (0)    2 :  0.273 0.243 0.243 0.241 
189 CP00020186    (0)    2 :  0.249 0.249 0.252 0.250 
190 CP00019575    (0)    2 :  0.259 0.246 0.245 0.250 
191 CP00020215    (0)    2 :  0.250 0.248 0.250 0.251 
192 CP00020219    (0)    2 :  0.274 0.247 0.236 0.242 
193 CP00020180    (0)    2 :  0.231 0.254 0.257 0.259 
194 CP00019612    (0)    2 :  0.242 0.256 0.250 0.252 
195 CP00020220    (0)    2 :  0.257 0.251 0.244 0.248 
196 CP00020217    (0)    2 :  0.237 0.250 0.255 0.258 
197 CP00020216    (0)    2 :  0.241 0.250 0.255 0.254 
198 CP00020211    (0)    2 :  0.241 0.251 0.254 0.254 
199 CP00020212    (0)    2 :  0.237 0.252 0.257 0.254 
200 CP00020205    (0)    2 :  0.260 0.238 0.252 0.249 
201 CP00019614    (0)    2 :  0.249 0.248 0.252 0.252 
202 CP00020177    (0)    2 :  0.247 0.242 0.257 0.253 
203 CP00019587    (0)    2 :  0.251 0.246 0.253 0.250 
204 CP00019602    (0)    2 :  0.254 0.248 0.248 0.250 
205 CP00019605    (0)    2 :  0.259 0.248 0.247 0.246 
206 CP00019590    (0)    2 :  0.255 0.243 0.252 0.249 
207 CP00019592    (0)    2 :  0.244 0.255 0.249 0.253 
208 CP00019603    (0)    2 :  0.229 0.256 0.257 0.258 
209 CP00019597    (0)    2 :  0.276 0.244 0.240 0.240 
210 CP00019582    (0)    2 :  0.245 0.255 0.250 0.251 
211 CP00019578    (0)    2 :  0.250 0.252 0.249 0.248 
212 CP00020176    (0)    2 :  0.257 0.244 0.249 0.249 
213 CP00020173    (0)    2 :  0.250 0.250 0.248 0.253 
214 CP00019580    (0)    2 :  0.248 0.252 0.249 0.252 
215 CP00019571    (0)    2 :  0.250 0.247 0.252 0.252 
216 CP00020192    (0)    2 :  0.269 0.248 0.240 0.244 
217 CP00020208    (0)    2 :  0.234 0.256 0.255 0.254 
218 CP00020188    (0)    2 :  0.258 0.243 0.250 0.249 
219 CP00020171    (0)    2 :  0.260 0.248 0.246 0.246 
220 CP00020195    (0)    2 :  0.244 0.253 0.252 0.250 
221 CP00020196    (0)    2 :  0.247 0.256 0.247 0.250 
222 CP00020261    (0)    2 :  0.241 0.256 0.251 0.252 
223 CP00020181    (0)    2 :  0.238 0.253 0.253 0.255 
224 CP00020183    (0)    2 :  0.244 0.260 0.248 0.248 
225 CP00020199    (0)    2 :  0.235 0.255 0.254 0.257 
226 CP00020182    (0)    2 :  0.236 0.258 0.251 0.255 
227 CP00019609    (0)    2 :  0.274 0.241 0.245 0.241 
228 CP00019588    (0)    2 :  0.268 0.239 0.246 0.246 
229 CP00019598    (0)    2 :  0.234 0.249 0.259 0.258 
230 CP00019604    (0)    2 :  0.261 0.245 0.249 0.246 
231 CP00019615    (0)    2 :  0.239 0.254 0.252 0.254 
232 CP00020214    (0)    2 :  0.268 0.244 0.244 0.244 
233 CP00020184    (0)    2 :  0.229 0.258 0.255 0.257 
234 CP00020172    (0)    2 :  0.282 0.234 0.245 0.240 
235 CP00020179    (0)    2 :  0.272 0.241 0.243 0.244 
236 CP00019586    (0)    2 :  0.229 0.262 0.254 0.256 
237 CP00019583    (0)    2 :  0.231 0.258 0.258 0.252 
238 CP00019599    (0)    2 :  0.230 0.259 0.254 0.258 
239 CP00019596    (0)    2 :  0.256 0.251 0.243 0.250 
240 CP00019589    (0)    2 :  0.229 0.262 0.255 0.254 
241 CP00019606    (0)    2 :  0.240 0.245 0.258 0.256 
242 CP00020178    (0)    2 :  0.241 0.242 0.259 0.258 
243 CP00020175    (0)    2 :  0.244 0.248 0.254 0.254 
244 CP00020174    (0)    2 :  0.243 0.253 0.253 0.250 
245 CP00019584    (0)    2 :  0.250 0.244 0.253 0.254 
246 CP00019574    (0)    2 :  0.254 0.247 0.249 0.250 
247 CP00020204    (0)    2 :  0.242 0.257 0.249 0.251 
248 CP00019611    (0)    2 :  0.260 0.246 0.249 0.245 
249 CP00020201    (0)    2 :  0.242 0.256 0.251 0.251 
250 CP00020210    (0)    2 :  0.289 0.240 0.235 0.236 
251 CP00020207    (0)    2 :  0.248 0.254 0.249 0.248 
252 CP00020194    (0)    2 :  0.248 0.252 0.248 0.251 
253 CP00020191    (0)    2 :  0.236 0.253 0.257 0.254 
254 CP00020193    (0)    2 :  0.248 0.252 0.250 0.249 
255 CP00019619    (0)    2 :  0.266 0.246 0.244 0.245 
256 CP00020398    (0)    2 :  0.239 0.256 0.253 0.251 
257 CP00020377    (0)    2 :  0.248 0.260 0.243 0.249 
258 CP00020412    (0)    2 :  0.243 0.255 0.252 0.251 
259 CP00020400    (0)    2 :  0.227 0.253 0.260 0.260 
260 CP00020399    (0)    2 :  0.254 0.243 0.253 0.250 
261 CP00020379    (0)    2 :  0.244 0.249 0.253 0.254 
262 CP00020393    (0)    2 :  0.243 0.257 0.248 0.252 
263 CP00020411    (0)    2 :  0.239 0.251 0.256 0.254 
264 CP00020374    (0)    2 :  0.240 0.253 0.254 0.253 
265 CP00019876    (0)    2 :  0.252 0.250 0.251 0.248 
266 CP00019892    (0)    2 :  0.270 0.243 0.242 0.245 
267 CP00019919    (0)    2 :  0.271 0.239 0.246 0.245 
268 CP00020418    (0)    2 :  0.240 0.252 0.253 0.255 
269 CP00019893    (0)    2 :  0.231 0.255 0.257 0.257 
270 CP00019889    (0)    2 :  0.241 0.256 0.252 0.251 
271 CP00019904    (0)    2 :  0.233 0.261 0.250 0.256 
272 CP00019909    (0)    2 :  0.266 0.248 0.245 0.241 
273 CP00020392    (0)    2 :  0.233 0.257 0.256 0.254 
274 CP00020387    (0)    2 :  0.234 0.257 0.252 0.257 
275 CP00019872    (0)    2 :  0.239 0.247 0.258 0.256 
276 CP00020395    (0)    2 :  0.254 0.251 0.245 0.249 
277 CP00020378    (0)    2 :  0.268 0.246 0.243 0.243 
278 CP00020417    (0)    2 :  0.267 0.244 0.246 0.244 
279 CP00019887    (0)    2 :  0.233 0.261 0.252 0.254 
280 CP00019884    (0)    2 :  0.264 0.245 0.245 0.246 
281 CP00019907    (0)    2 :  0.280 0.243 0.239 0.238 
282 CP00019874    (0)    2 :  0.242 0.249 0.257 0.253 
283 CP00019881    (0)    2 :  0.250 0.250 0.251 0.250 
284 CP00019871    (0)    2 :  0.246 0.243 0.254 0.257 
285 CP00019878    (0)    2 :  0.237 0.256 0.252 0.255 
286 CP00019901    (0)    2 :  0.241 0.254 0.253 0.252 
287 CP00019879    (0)    2 :  0.241 0.260 0.248 0.251 
288 CP00019902    (0)    2 :  0.274 0.246 0.241 0.238 
289 CP00019913    (0)    2 :  0.237 0.256 0.253 0.254 
290 CP00019875    (0)    2 :  0.290 0.238 0.236 0.236 
291 CP00019912    (0)    2 :  0.256 0.243 0.252 0.249 
292 CP00019898    (0)    2 :  0.276 0.236 0.245 0.242 
293 CP00019910    (0)    2 :  0.234 0.258 0.254 0.255 
294 CP00020416    (0)    2 :  0.247 0.254 0.248 0.251 
295 CP00020396    (0)    2 :  0.247 0.257 0.246 0.250 
296 CP00019900    (0)    2 :  0.253 0.247 0.251 0.249 
297 CP00019899    (0)    2 :  0.251 0.252 0.248 0.249 
298 CP00019883    (0)    2 :  0.252 0.251 0.248 0.249 
299 CP00020409    (0)    2 :  0.251 0.244 0.252 0.254 
300 CP00020415    (0)    2 :  0.263 0.243 0.249 0.246 
301 CP00020419    (0)    2 :  0.258 0.252 0.244 0.246 
302 CP00019905    (0)    2 :  0.250 0.248 0.251 0.250 
303 CP00020385    (0)    2 :  0.229 0.259 0.257 0.256 
304 CP00019920    (0)    2 :  0.254 0.246 0.249 0.251 
305 CP00019890    (0)    2 :  0.238 0.250 0.255 0.257 
306 CP00019896    (0)    2 :  0.248 0.247 0.254 0.251 
307 CP00020382    (0)    2 :  0.265 0.247 0.244 0.244 
308 CP00020381    (0)    2 :  0.256 0.246 0.248 0.249 
309 CP00020384    (0)    2 :  0.252 0.253 0.248 0.247 
310 CP00020410    (0)    2 :  0.247 0.248 0.253 0.252 
311 CP00019915    (0)    2 :  0.244 0.258 0.246 0.251 
312 CP00019885    (0)    2 :  0.286 0.238 0.238 0.238 
313 CP00020371    (0)    2 :  0.285 0.233 0.243 0.239 
314 CP00020372    (0)    2 :  0.261 0.247 0.246 0.246 
315 CP00020402    (0)    2 :  0.251 0.253 0.249 0.247 
316 CP00020414    (0)    2 :  0.274 0.244 0.242 0.240 
317 CP00020386    (0)    2 :  0.241 0.258 0.251 0.250 
318 CP00020389    (0)    2 :  0.259 0.239 0.251 0.251 
319 CP00020388    (0)    2 :  0.246 0.258 0.247 0.249 
320 CP00020413    (3)    2 :  0.253 0.253 0.248 0.246 
321 CP00020376    (0)    2 :  0.240 0.253 0.252 0.255 
322 CP00020407    (0)    2 :  0.246 0.255 0.249 0.251 
323 CP00020406    (0)    2 :  0.239 0.260 0.248 0.252 
324 CP00019873    (0)    2 :  0.244 0.241 0.258 0.257 
325 CP00019888    (0)    2 :  0.271 0.243 0.243 0.242 
326 CP00019877    (0)    2 :  0.260 0.246 0.246 0.247 
327 CP00019894    (0)    2 :  0.248 0.249 0.250 0.253 
328 CP00020375    (0)    2 :  0.286 0.237 0.239 0.238 
329 CP00020404    (0)    2 :  0.248 0.248 0.253 0.251 
330 CP00020391    (0)    2 :  0.245 0.259 0.247 0.249 
331 CP00020380    (0)    2 :  0.255 0.243 0.251 0.250 
332 CP00020408    (0)    2 :  0.231 0.259 0.253 0.257 
333 CP00020397    (0)    2 :  0.248 0.254 0.248 0.250 
334 CP00019891    (0)    2 :  0.259 0.243 0.250 0.248 
335 CP00019917    (0)    2 :  0.259 0.243 0.250 0.247 
336 CP00019906    (0)    2 :  0.234 0.253 0.257 0.256 
337 CP00019916    (0)    2 :  0.247 0.253 0.251 0.250 
338 CP00019908    (0)    2 :  0.241 0.251 0.254 0.254 
339 CP00020373    (0)    2 :  0.241 0.251 0.254 0.255 
340 CP00020383    (0)    2 :  0.248 0.242 0.256 0.253 
341 CP00019882    (0)    2 :  0.252 0.254 0.245 0.249 
342 CP00019903    (0)    2 :  0.273 0.243 0.241 0.243 
343 CP00020401    (0)    2 :  0.241 0.252 0.255 0.251 
344 CP00020403    (0)    2 :  0.243 0.249 0.254 0.254 
345 CP00019886    (0)    2 :  0.253 0.248 0.250 0.249 
346 CP00020405    (0)    2 :  0.269 0.239 0.245 0.246 
347 CP00020390    (0)    2 :  0.236 0.255 0.254 0.255 
348 CP00019911    (0)    2 :  0.247 0.254 0.249 0.250 
349 CP00019897    (0)    2 :  0.256 0.247 0.250 0.248 
350 CP00020420    (0)    2 :  0.232 0.252 0.260 0.256 
351 CP00019895    (0)    2 :  0.255 0.250 0.248 0.247 
352 CP00019918    (0)    2 :  0.285 0.231 0.243 0.241 
353 CP00019808    (0)    2 :  0.256 0.247 0.249 0.248 
354 CP00019779    (0)    2 :  0.235 0.247 0.259 0.259 
355 CP00019789    (0)    2 :  0.226 0.256 0.258 0.260 
356 CP00019791    (0)    2 :  0.235 0.247 0.260 0.258 
357 CP00019799    (0)    2 :  0.273 0.246 0.241 0.239 
358 CP00019790    (0)    2 :  0.263 0.247 0.244 0.246 
359 CP00019834    (0)    2 :  0.227 0.252 0.262 0.259 
360 CP00019801    (0)    2 :  0.241 0.251 0.253 0.255 
361 CP00019782    (0)    2 :  0.296 0.236 0.234 0.235 
362 CP00019867    (0)    2 :  0.249 0.253 0.250 0.248 
363 CP00019845    (0)    2 :  0.273 0.239 0.246 0.242 
364 CP00019792    (0)    2 :  0.251 0.254 0.246 0.249 
365 CP00019860    (0)    2 :  0.253 0.249 0.249 0.250 
366 CP00019858    (0)    2 :  0.249 0.251 0.251 0.250 
367 CP00019856    (0)    2 :  0.262 0.249 0.244 0.244 
368 CP00019857    (0)    2 :  0.225 0.257 0.259 0.259 
369 CP00019828    (0)    2 :  0.259 0.246 0.248 0.247 
370 CP00019821    (0)    2 :  0.263 0.247 0.245 0.246 
371 CP00019863    (0)    2 :  0.255 0.251 0.247 0.248 
372 CP00019846    (0)    2 :  0.254 0.247 0.248 0.251 
373 CP00019825    (0)    2 :  0.260 0.243 0.249 0.247 
374 CP00019824    (0)    2 :  0.261 0.242 0.250 0.247 
375 CP00019838    (0)    2 :  0.246 0.249 0.253 0.252 
376 CP00019868    (0)    2 :  0.230 0.245 0.265 0.260 
377 CP00019835    (0)    2 :  0.241 0.251 0.255 0.253 
378 CP00019836    (0)    2 :  0.247 0.252 0.251 0.250 
379 CP00019870    (0)    2 :  0.233 0.259 0.254 0.254 
380 CP00019833    (0)    2 :  0.254 0.248 0.250 0.248 
381 CP00019826    (0)    2 :  0.247 0.253 0.248 0.251 
382 CP00019837    (0)    2 :  0.258 0.246 0.247 0.249 
383 CP00019830    (0)    2 :  0.276 0.243 0.238 0.242 
384 CP00019822    (0)    2 :  0.252 0.254 0.246 0.249 
385 CP00019866    (0)    2 :  0.229 0.251 0.262 0.257 
386 CP00019829    (0)    2 :  0.243 0.254 0.251 0.252 
387 CP00019841    (0)    2 :  0.231 0.256 0.257 0.256 
388 CP00019831    (0)    2 :  0.232 0.250 0.261 0.257 
389 CP00019774    (0)    2 :  0.247 0.256 0.248 0.249 
390 CP00019847    (0)    2 :  0.240 0.249 0.256 0.254 
391 CP00019851    (0)    2 :  0.283 0.242 0.239 0.237 
392 CP00019844    (0)    2 :  0.234 0.262 0.250 0.254 
393 CP00019823    (0)    2 :  0.252 0.248 0.253 0.247 
394 CP00019842    (0)    2 :  0.244 0.252 0.252 0.251 
395 CP00019859    (0)    2 :  0.236 0.253 0.253 0.257 
396 CP00019827    (0)    2 :  0.243 0.255 0.252 0.250 
397 CP00019862    (0)    2 :  0.244 0.250 0.254 0.252 
398 CP00019864    (0)    2 :  0.260 0.247 0.246 0.247 
399 CP00019861    (0)    2 :  0.266 0.245 0.246 0.243 
400 CP00019865    (0)    2 :  0.235 0.259 0.254 0.253 
401 CP00019819    (0)    2 :  0.247 0.249 0.254 0.250 
402 CP00019778    (0)    2 :  0.253 0.251 0.250 0.247 
403 CP00019796    (0)    2 :  0.235 0.255 0.255 0.255 
404 CP00019803    (0)    2 :  0.253 0.245 0.253 0.249 
405 CP00019804    (0)    2 :  0.235 0.255 0.257 0.254 
406 CP00019775    (0)    2 :  0.236 0.258 0.252 0.254 
407 CP00019780    (0)    2 :  0.248 0.256 0.247 0.249 
408 CP00019820    (0)    2 :  0.249 0.244 0.255 0.253 
409 CP00019787    (0)    2 :  0.262 0.238 0.250 0.251 
410 CP00019771    (0)    2 :  0.231 0.254 0.258 0.257 
411 CP00019793    (0)    2 :  0.232 0.253 0.259 0.256 
412 CP00019788    (0)    2 :  0.261 0.252 0.242 0.244 
413 CP00019781    (0)    2 :  0.239 0.259 0.251 0.251 
414 CP00019797    (0)    2 :  0.265 0.243 0.246 0.246 
415 CP00019807    (0)    2 :  0.249 0.247 0.252 0.253 
416 CP00019800    (0)    2 :  0.242 0.257 0.250 0.251 
417 CP00019813    (0)    2 :  0.233 0.245 0.264 0.259 
418 CP00019814    (0)    2 :  0.240 0.247 0.258 0.254 
419 CP00019772    (0)    2 :  0.264 0.251 0.242 0.243 
420 CP00019794    (0)    2 :  0.256 0.248 0.249 0.247 
421 CP00019839    (0)    2 :  0.261 0.248 0.245 0.246 
422 CP00019854    (0)    2 :  0.236 0.250 0.258 0.256 
423 CP00019852    (0)    2 :  0.242 0.246 0.258 0.255 
424 CP00019855    (0)    2 :  0.256 0.247 0.249 0.248 
425 CP00019805    (0)    2 :  0.258 0.244 0.249 0.248 
426 CP00019843    (0)    2 :  0.236 0.250 0.259 0.256 
427 CP00019811    (0)    2 :  0.243 0.251 0.253 0.253 
428 CP00019817    (0)    2 :  0.239 0.260 0.251 0.249 
429 CP00019832    (0)    2 :  0.258 0.245 0.250 0.247 
430 CP00019773    (0)    2 :  0.243 0.253 0.251 0.253 
431 CP00019850    (0)    2 :  0.260 0.254 0.241 0.245 
432 CP00019853    (0)    2 :  0.238 0.255 0.254 0.254 
433 CP00019785    (0)    2 :  0.256 0.254 0.244 0.246 
434 CP00019815    (0)    2 :  0.250 0.250 0.250 0.250 
435 CP00019809    (0)    2 :  0.237 0.258 0.252 0.253 
436 CP00019840    (0)    2 :  0.255 0.244 0.251 0.250 
437 CP00019776    (0)    2 :  0.238 0.256 0.252 0.254 
438 CP00019816    (0)    2 :  0.268 0.242 0.245 0.246 
439 CP00019810    (0)    2 :  0.261 0.251 0.242 0.246 
440 CP00019848    (0)    2 :  0.246 0.257 0.249 0.248 
441 CP00019806    (0)    2 :  0.241 0.260 0.250 0.250 
442 CP00019812    (0)    2 :  0.224 0.250 0.263 0.262 
443 CP00019818    (0)    2 :  0.226 0.263 0.256 0.255 
444 CP00019849    (0)    2 :  0.252 0.255 0.246 0.247 
445 CP00019786    (0)    2 :  0.249 0.255 0.247 0.249 
446 CP00019783    (0)    2 :  0.250 0.253 0.246 0.250 
447 CP00019802    (0)    2 :  0.255 0.245 0.250 0.250 
448 CP00020014    (0)    2 :  0.246 0.250 0.253 0.251 
449 CP00021063    (0)    2 :  0.273 0.240 0.245 0.243 
450 CP00021052    (3)    2 :  0.251 0.256 0.245 0.248 
451 CP00019924    (0)    2 :  0.239 0.251 0.254 0.257 
452 CP00020013    (0)    2 :  0.281 0.238 0.241 0.241 
453 CP00019953    (0)    2 :  0.241 0.257 0.250 0.252 
454 CP00021046    (0)    2 :  0.260 0.250 0.245 0.246 
455 CP00019969    (0)    2 :  0.250 0.247 0.253 0.250 
456 CP00021024    (0)    2 :  0.272 0.248 0.240 0.240 
457 CP00019990    (0)    2 :  0.232 0.257 0.257 0.254 
458 CP00019976    (0)    2 :  0.259 0.243 0.250 0.248 
459 CP00019975    (0)    2 :  0.272 0.242 0.244 0.243 
460 CP00019994    (0)    2 :  0.227 0.254 0.261 0.257 
461 CP00020266    (0)    2 :  0.238 0.259 0.251 0.253 
462 CP00019977    (0)    2 :  0.226 0.261 0.256 0.257 
463 CP00021043    (0)    2 :  0.283 0.239 0.239 0.239 
464 CP00021030    (0)    2 :  0.240 0.255 0.253 0.252 
465 CP00019959    (0)    2 :  0.279 0.239 0.241 0.241 
466 CP00019997    (0)    2 :  0.245 0.252 0.252 0.251 
467 CP00019929    (0)    2 :  0.247 0.239 0.258 0.256 
468 CP00021047    (0)    2 :  0.255 0.246 0.250 0.249 
469 CP00019677    (0)    2 :  0.227 0.264 0.253 0.255 
470 CP00020322    (0)    2 :  0.235 0.252 0.257 0.256 
471 CP00020265    (0)    2 :  0.236 0.251 0.257 0.257 
472 CP00021036    (0)    2 :  0.225 0.256 0.260 0.258 
473 CP00020328    (0)    2 :  0.256 0.246 0.249 0.249 
474 CP00020267    (0)    2 :  0.233 0.260 0.251 0.256 
475 CP00021045    (0)    2 :  0.245 0.261 0.246 0.248 
476 CP00021038    (0)    2 :  0.260 0.250 0.245 0.246 
477 CP00021027    (0)    2 :  0.234 0.255 0.254 0.257 
478 CP00020330    (0)    2 :  0.238 0.249 0.259 0.254 
479 CP00019957    (0)    2 :  0.236 0.255 0.255 0.254 
480 CP00019956    (0)    2 :  0.251 0.244 0.252 0.253 
481 CP00021025    (0)    2 :  0.240 0.248 0.257 0.256 
482 CP00021040    (0)    2 :  0.254 0.249 0.248 0.249 
483 CP00021044    (0)    2 :  0.279 0.242 0.240 0.239 
484 CP00021051    (0)    2 :  0.266 0.239 0.249 0.247 
485 CP00021058    (0)    2 :  0.235 0.260 0.251 0.254 
486 CP00019932    (0)    2 :  0.253 0.250 0.248 0.248 
487 CP00021060    (0)    2 :  0.227 0.252 0.260 0.261 
488 CP00021032    (0)    2 :  0.264 0.247 0.246 0.243 
489 CP00021048    (0)    2 :  0.238 0.238 0.263 0.260 
490 CP00021034    (0)    2 :  0.243 0.256 0.251 0.250 
491 CP00020262    (0)    2 :  0.236 0.251 0.257 0.256 
492 CP00021050    (0)    2 :  0.256 0.253 0.246 0.245 
493 CP00019950    (0)    2 :  0.240 0.255 0.253 0.252 
494 CP00019921    (0)    2 :  0.245 0.254 0.250 0.251 
495 CP00021023    (0)    2 :  0.260 0.248 0.246 0.246 
496 CP00019996    (0)    2 :  0.231 0.256 0.257 0.255 
497 CP00019949    (0)    2 :  0.236 0.257 0.251 0.256 
498 CP00019970    (0)    2 :  0.248 0.253 0.252 0.247 
499 CP00020329    (0)    2 :  0.267 0.248 0.242 0.243 
500 CP00019930    (0)    2 :  0.245 0.249 0.252 0.253 
501 CP00020009    (0)    2 :  0.240 0.259 0.249 0.252 
502 CP00021039    (0)    2 :  0.261 0.254 0.242 0.243 
503 CP00021061    (0)    2 :  0.255 0.251 0.246 0.248 
504 CP00021021    (0)    2 :  0.251 0.253 0.249 0.248 
505 CP00020327    (0)    2 :  0.261 0.243 0.251 0.246 
506 CP00021028    (0)    2 :  0.233 0.244 0.262 0.260 
507 CP00020263    (0)    2 :  0.235 0.260 0.251 0.253 
508 CP00019960    (0)    2 :  0.290 0.239 0.234 0.237 
509 CP00019922    (0)    2 :  0.236 0.253 0.254 0.257 
510 CP00019995    (0)    2 :  0.256 0.251 0.248 0.245 
511 CP00021062    (0)    2 :  0.237 0.255 0.252 0.256 
512 CP00021059    (0)    2 :  0.247 0.244 0.255 0.253 
513 CP00020011    (0)    2 :  0.246 0.247 0.253 0.253 
514 CP00019951    (0)    2 :  0.268 0.246 0.243 0.242 
515 CP00020268    (0)    2 :  0.245 0.254 0.249 0.252 
516 CP00019678    (0)    2 :  0.252 0.250 0.248 0.249 
517 CP00019952    (0)    2 :  0.267 0.239 0.248 0.247 
518 CP00021037    (0)    2 :  0.252 0.256 0.247 0.245 
519 CP00021042    (0)    2 :  0.239 0.250 0.258 0.254 
520 CP00021041    (0)    2 :  0.272 0.242 0.242 0.243 
521 CP00020010    (0)    2 :  0.242 0.255 0.253 0.250 
522 CP00021056    (0)    2 :  0.270 0.246 0.242 0.242 
523 CP00020012    (0)    2 :  0.255 0.247 0.249 0.249 
524 CP00021031    (0)    2 :  0.254 0.252 0.247 0.247 
525 CP00019958    (0)    2 :  0.235 0.256 0.254 0.255 
526 CP00019971    (0)    2 :  0.239 0.244 0.259 0.258 
527 CP00021026    (0)    2 :  0.237 0.253 0.257 0.254 
528 CP00020321    (0)    2 :  0.238 0.258 0.249 0.254 
529 CP00019972    (0)    2 :  0.277 0.248 0.238 0.238 
530 CP00021035    (0)    2 :  0.265 0.236 0.251 0.247 
531 CP00020264    (0)    2 :  0.242 0.247 0.257 0.254 
532 CP00021049    (0)    2 :  0.245 0.250 0.254 0.251 
533 CP00021033    (0)    2 :  0.274 0.239 0.246 0.241 
534 CP00019954    (0)    2 :  0.242 0.251 0.255 0.252 
535 CP00019931    (0)    2 :  0.233 0.248 0.260 0.259 
536 CP00021054    (0)    2 :  0.235 0.256 0.254 0.255 
537 CP00021029    (0)    2 :  0.275 0.242 0.242 0.240 
538 CP00021053    (0)    2 :  0.246 0.251 0.252 0.250 
539 CP00021022    (0)    2 :  0.268 0.243 0.245 0.244 
540 CP00021055    (0)    2 :  0.225 0.263 0.254 0.258 
541 CP00020718    (0)    2 :  0.235 0.259 0.253 0.252 
542 CP00020716    (0)    2 :  0.228 0.252 0.261 0.259 
543 CP00020696    (0)    2 :  0.263 0.249 0.244 0.245 
544 CP00020714    (0)    2 :  0.236 0.253 0.257 0.255 
545 CP00020682    (0)    2 :  0.248 0.252 0.249 0.251 
546 CP00020698    (0)    2 :  0.235 0.255 0.255 0.255 
547 CP00020697    (0)    2 :  0.277 0.239 0.240 0.244 
548 CP00020688    (0)    2 :  0.243 0.251 0.252 0.254 
549 CP00020687    (0)    2 :  0.242 0.256 0.249 0.253 
550 CP00020675    (0)    2 :  0.249 0.255 0.246 0.250 
551 CP00020717    (0)    2 :  0.243 0.248 0.253 0.256 
552 CP00020676    (0)    2 :  0.243 0.252 0.253 0.252 
553 CP00020704    (0)    2 :  0.230 0.254 0.258 0.258 
554 CP00020686    (0)    2 :  0.237 0.256 0.252 0.256 
555 CP00020699    (0)    2 :  0.262 0.248 0.244 0.246 
556 CP00020700    (0)    2 :  0.258 0.243 0.249 0.250 
557 CP00020689    (0)    2 :  0.256 0.254 0.245 0.246 
558 CP00020566    (0)    2 :  0.235 0.253 0.256 0.256 
559 CP00020360    (0)    2 :  0.231 0.259 0.254 0.256 
560 CP00020345    (0)    2 :  0.235 0.257 0.254 0.254 
561 CP00020357    (0)    2 :  0.241 0.261 0.247 0.251 
562 CP00020352    (0)    2 :  0.241 0.253 0.253 0.253 
563 CP00020353    (0)    2 :  0.239 0.258 0.252 0.251 
564 CP00020342    (0)    2 :  0.246 0.248 0.255 0.251 
565 CP00020367    (0)    2 :  0.293 0.241 0.229 0.237 
566 CP00020561    (0)    2 :  0.238 0.259 0.250 0.253 
567 CP00020343    (0)    2 :  0.246 0.256 0.248 0.249 
568 CP00020569    (0)    2 :  0.234 0.253 0.257 0.256 
569 CP00020554    (0)    2 :  0.247 0.250 0.251 0.252 
570 CP00020355    (0)    2 :  0.245 0.248 0.253 0.254 
571 CP00020356    (0)    2 :  0.236 0.248 0.258 0.258 
572 CP00020562    (0)    2 :  0.285 0.241 0.237 0.237 
573 CP00020563    (0)    2 :  0.250 0.250 0.250 0.250 
574 CP00020564    (0)    2 :  0.263 0.253 0.240 0.244 
575 CP00020341    (0)    2 :  0.268 0.246 0.243 0.243 
576 CP00020695    (0)    2 :  0.225 0.263 0.255 0.257 
577 CP00020363    (0)    2 :  0.242 0.258 0.249 0.251 
578 CP00020362    (0)    2 :  0.230 0.253 0.260 0.258 
579 CP00020359    (0)    2 :  0.247 0.247 0.254 0.252 
580 CP00020551    (0)    2 :  0.243 0.251 0.254 0.251 
581 CP00020365    (0)    2 :  0.243 0.250 0.253 0.254 
582 CP00020712    (0)    2 :  0.255 0.247 0.249 0.250 
583 CP00020556    (0)    2 :  0.232 0.245 0.263 0.261 
584 CP00020559    (0)    2 :  0.242 0.257 0.250 0.251 
585 CP00020350    (0)    2 :  0.239 0.246 0.258 0.257 
586 CP00020570    (0)    2 :  0.243 0.249 0.255 0.252 
587 CP00020552    (0)    2 :  0.236 0.255 0.255 0.254 
588 CP00020560    (0)    2 :  0.243 0.254 0.252 0.251 
589 CP00020567    (0)    2 :  0.247 0.249 0.250 0.254 
590 CP00020346    (0)    2 :  0.236 0.259 0.253 0.252 
591 CP00020347    (0)    2 :  0.237 0.263 0.248 0.252 
592 CP00020558    (0)    2 :  0.240 0.251 0.256 0.254 
593 CP00020557    (0)    2 :  0.239 0.257 0.251 0.253 
594 CP00020361    (0)    2 :  0.256 0.252 0.245 0.246 
595 CP00020368    (0)    2 :  0.253 0.247 0.252 0.248 
596 CP00020348    (0)    2 :  0.269 0.242 0.245 0.244 
597 CP00020370    (0)    2 :  0.247 0.252 0.249 0.251 
598 CP00020358    (0)    2 :  0.249 0.258 0.246 0.247 
599 CP00020349    (0)    2 :  0.248 0.255 0.246 0.251 
600 CP00020553    (0)    2 :  0.259 0.250 0.245 0.246 
601 CP00020344    (0)    2 :  0.230 0.251 0.260 0.259 
602 CP00020555    (0)    2 :  0.242 0.255 0.251 0.253 
603 CP00020354    (0)    2 :  0.238 0.254 0.255 0.253 
604 CP00020565    (0)    2 :  0.229 0.253 0.262 0.256 
605 CP00020690    (0)    2 :  0.249 0.259 0.243 0.249 
606 CP00020702    (0)    2 :  0.255 0.251 0.248 0.246 
607 CP00020711    (0)    2 :  0.228 0.253 0.260 0.259 
608 CP00020692    (0)    2 :  0.261 0.249 0.244 0.246 
609 CP00020685    (0)    2 :  0.244 0.248 0.254 0.254 
610 CP00020703    (0)    2 :  0.241 0.251 0.252 0.256 
611 CP00020681    (0)    2 :  0.251 0.249 0.250 0.249 
612 CP00020706    (0)    2 :  0.257 0.244 0.251 0.248 
613 CP00020710    (0)    2 :  0.245 0.248 0.252 0.254 
614 CP00020672    (0)    2 :  0.239 0.252 0.254 0.255 
615 CP00020677    (0)    2 :  0.246 0.253 0.250 0.251 
616 CP00020691    (0)    2 :  0.239 0.252 0.255 0.254 
617 CP00020680    (0)    2 :  0.253 0.250 0.249 0.248 
618 CP00020709    (0)    2 :  0.259 0.246 0.249 0.247 
619 CP00020679    (0)    2 :  0.265 0.240 0.248 0.246 
620 CP00020671    (0)    2 :  0.257 0.249 0.245 0.248 
621 CP00020719    (0)    2 :  0.243 0.255 0.252 0.250 
622 CP00020693    (0)    2 :  0.242 0.251 0.256 0.252 
623 CP00020708    (0)    2 :  0.252 0.251 0.248 0.249 
624 CP00020705    (0)    2 :  0.246 0.250 0.253 0.251 
625 CP00020720    (0)    2 :  0.238 0.260 0.250 0.252 
626 CP00020707    (0)    2 :  0.251 0.251 0.248 0.250 
627 CP00020674    (0)    2 :  0.255 0.245 0.253 0.247 
628 CP00020673    (0)    2 :  0.230 0.251 0.261 0.258 
629 CP00020701    (0)    2 :  0.283 0.236 0.241 0.240 
630 CP00020713    (0)    2 :  0.251 0.248 0.249 0.252 
631 CP00020715    (0)    2 :  0.252 0.254 0.246 0.248 
632 CP00017120    (0)    2 :  0.233 0.259 0.253 0.255 
633 CP00017077    (0)    2 :  0.235 0.249 0.260 0.256 
634 CP00017117    (0)    2 :  0.261 0.247 0.245 0.247 
635 CP00017100    (0)    2 :  0.251 0.250 0.249 0.250 
636 CP00017118    (0)    2 :  0.235 0.259 0.253 0.252 
637 CP00017083    (0)    2 :  0.248 0.256 0.246 0.251 
638 CP00017085    (0)    2 :  0.227 0.257 0.257 0.259 
639 CP00017097    (0)    2 :  0.271 0.243 0.242 0.243 
640 CP00017092    (0)    2 :  0.262 0.244 0.249 0.245 
641 CP00017038    (0)    2 :  0.234 0.254 0.256 0.255 
642 CP00017067    (0)    2 :  0.252 0.254 0.246 0.248 
643 CP00017017    (0)    3 :  0.259 0.247 0.247 0.247 
644 CP00017012    (0)    3 :  0.261 0.249 0.246 0.245 
645 CP00017036    (0)    2 :  0.254 0.250 0.247 0.249 
646 CP00017040    (0)    2 :  0.275 0.240 0.243 0.242 
647 CP00017046    (0)    2 :  0.276 0.244 0.239 0.241 
648 CP00017059    (0)    2 :  0.264 0.244 0.245 0.247 
649 CP00017043    (0)    2 :  0.245 0.250 0.252 0.253 
650 CP00017080    (0)    2 :  0.269 0.238 0.248 0.244 
651 CP00017079    (0)    2 :  0.273 0.244 0.241 0.242 
652 CP00017056    (0)    2 :  0.240 0.251 0.256 0.253 
653 CP00017057    (0)    2 :  0.262 0.249 0.242 0.247 
654 CP00017058    (0)    2 :  0.246 0.253 0.249 0.251 
655 CP00017087    (0)    2 :  0.287 0.237 0.238 0.238 
656 CP00017072    (0)    2 :  0.245 0.249 0.253 0.252 
657 CP00017075    (0)    2 :  0.264 0.243 0.247 0.246 
658 CP00017078    (0)    2 :  0.238 0.249 0.260 0.253 
659 CP00017053    (0)    2 :  0.264 0.240 0.250 0.246 
660 CP00017052    (0)    2 :  0.245 0.243 0.259 0.254 
661 CP00017119    (0)    2 :  0.251 0.251 0.246 0.251 
662 CP00017099    (0)    2 :  0.239 0.258 0.252 0.251 
663 CP00017095    (0)    2 :  0.248 0.246 0.253 0.253 
664 CP00017115    (0)    2 :  0.235 0.258 0.253 0.253 
665 CP00017091    (0)    2 :  0.290 0.235 0.238 0.237 
666 CP00017098    (0)    2 :  0.255 0.251 0.245 0.249 
667 CP00017116    (0)    2 :  0.238 0.259 0.251 0.252 
668 CP00017114    (0)    2 :  0.241 0.257 0.252 0.251 
669 CP00017061    (0)    2 :  0.238 0.257 0.251 0.254 
670 CP00017064    (0)    2 :  0.235 0.253 0.257 0.255 
671 CP00017021    (0)    2 :  0.233 0.263 0.250 0.253 
672 CP00017042    (0)    2 :  0.261 0.247 0.246 0.246 
673 CP00017018    (0)    3 :  0.265 0.240 0.246 0.248 
674 CP00017011    (0)    3 :  0.227 0.251 0.262 0.261 
675 CP00017049    (0)    2 :  0.240 0.254 0.253 0.253 
676 CP00017023    (0)    3 :  0.248 0.246 0.255 0.251 
677 CP00017014    (0)    3 :  0.247 0.256 0.248 0.249 
678 CP00017070    (0)    2 :  0.251 0.255 0.247 0.247 
679 CP00017109    (0)    2 :  0.281 0.241 0.238 0.240 
680 CP00017068    (0)    2 :  0.253 0.252 0.247 0.249 
681 CP00017025    (0)    3 :  0.257 0.247 0.247 0.249 
682 CP00017015    (0)    3 :  0.238 0.257 0.253 0.252 
683 CP00017020    (0)    3 :  0.234 0.262 0.253 0.252 
684 CP00017110    (0)    2 :  0.252 0.250 0.247 0.250 
685 CP00017016    (0)    3 :  0.251 0.243 0.255 0.251 
686 CP00017027    (0)    3 :  0.258 0.251 0.244 0.247 
687 CP00017048    (0)    2 :  0.231 0.261 0.252 0.256 
688 CP00017094    (0)    2 :  0.262 0.235 0.253 0.250 
689 CP00017022    (0)    3 :  0.278 0.240 0.241 0.241 
690 CP00017055    (0)    2 :  0.259 0.253 0.243 0.245 
691 CP00017054    (0)    2 :  0.241 0.254 0.249 0.256 
692 CP00017024    (0)    3 :  0.247 0.259 0.246 0.248 
693 CP00017030    (0)    3 :  0.250 0.245 0.254 0.250 
694 CP00017096    (0)    2 :  0.235 0.251 0.259 0.256 
695 CP00017065    (0)    2 :  0.245 0.258 0.247 0.251 
696 CP00017050    (0)    2 :  0.242 0.254 0.253 0.252 
697 CP00017063    (0)    2 :  0.235 0.258 0.253 0.254 
698 CP00017051    (0)    2 :  0.245 0.250 0.252 0.253 
699 CP00017013    (0)    3 :  0.266 0.249 0.242 0.242 
700 CP00017076    (0)    2 :  0.253 0.247 0.251 0.250 
701 CP00017073    (0)    2 :  0.230 0.257 0.257 0.256 
702 CP00017033    (0)    2 :  0.240 0.256 0.253 0.252 
703 CP00017028    (0)    3 :  0.252 0.247 0.250 0.250 
704 CP00017031    (0)    2 :  0.257 0.250 0.246 0.247 
705 CP00017026    (0)    3 :  0.242 0.253 0.252 0.253 
706 CP00017035    (0)    2 :  0.264 0.249 0.242 0.245 
707 CP00017029    (0)    3 :  0.258 0.243 0.249 0.250 
708 CP00017111    (0)    2 :  0.230 0.257 0.256 0.257 
709 CP00017044    (0)    2 :  0.232 0.254 0.257 0.256 
710 CP00017113    (0)    2 :  0.245 0.253 0.250 0.252 
711 CP00017041    (0)    2 :  0.228 0.260 0.254 0.258 
712 CP00017069    (0)    2 :  0.239 0.257 0.252 0.252 
713 CP00017019    (0)    3 :  0.297 0.238 0.232 0.233 
714 CP00017034    (0)    2 :  0.255 0.252 0.246 0.247 
715 CP00017002    (0)    3 :  0.240 0.250 0.255 0.255 
716 CP00017047    (0)    2 :  0.247 0.250 0.251 0.251 
717 CP00017060    (0)    2 :  0.269 0.243 0.245 0.243 
718 CP00017037    (0)    2 :  0.257 0.248 0.248 0.247 
719 CP00017112    (0)    2 :  0.254 0.251 0.246 0.248 
720 CP00017090    (0)    2 :  0.266 0.248 0.242 0.245 
721 CP00049957    (0)    2 :  0.256 0.251 0.249 0.244 
722 CP00049253    (0)    2 :  0.256 0.248 0.248 0.249 
723 CP00049224    (0)    2 :  0.245 0.252 0.254 0.249 
724 CP00049921    (0)    2 :  0.242 0.257 0.247 0.253 
725 CP00049412    (0)    2 :  0.241 0.250 0.257 0.252 
726 CP00049935    (0)    2 :  0.234 0.251 0.257 0.258 
727 CP00049959    (0)    2 :  0.274 0.242 0.242 0.241 
728 CP00049956    (0)    2 :  0.270 0.246 0.242 0.242 
729 CP00049958    (0)    2 :  0.257 0.246 0.249 0.248 
730 CP00049384    (0)    2 :  0.261 0.249 0.245 0.245 
731 CP00049386    (0)    2 :  0.247 0.247 0.255 0.251 
732 CP00049400    (0)    2 :  0.272 0.239 0.244 0.245 
733 CP00049392    (0)    2 :  0.242 0.257 0.249 0.252 
734 CP00049409    (0)    2 :  0.233 0.262 0.254 0.251 
735 CP00049394    (0)    2 :  0.260 0.244 0.248 0.248 
736 CP00049262    (0)    2 :  0.250 0.256 0.246 0.248 
737 CP00049939    (0)    2 :  0.249 0.249 0.252 0.250 
738 CP00049264    (0)    2 :  0.263 0.249 0.245 0.243 
739 CP00049221    (0)    2 :  0.238 0.256 0.253 0.253 
740 CP00049266    (0)    2 :  0.240 0.249 0.256 0.255 
741 CP00049391    (0)    2 :  0.271 0.245 0.240 0.244 
742 CP00049405    (0)    2 :  0.229 0.257 0.255 0.259 
743 CP00049404    (0)    2 :  0.237 0.257 0.251 0.255 
744 CP00049393    (0)    2 :  0.262 0.244 0.248 0.246 
745 CP00049408    (0)    2 :  0.233 0.255 0.257 0.256 
746 CP00049410    (0)    2 :  0.241 0.259 0.250 0.250 
747 CP00049407    (0)    2 :  0.242 0.258 0.248 0.252 
748 CP00049250    (0)    2 :  0.265 0.248 0.244 0.242 
749 CP00049255    (0)    2 :  0.263 0.247 0.244 0.246 
750 CP00049257    (0)    2 :  0.233 0.255 0.256 0.256 
751 CP00049258    (0)    2 :  0.241 0.244 0.257 0.257 
752 CP00049248    (0)    2 :  0.258 0.256 0.241 0.245 
753 CP00049251    (0)    2 :  0.257 0.239 0.252 0.251 
754 CP00049265    (0)    2 :  0.248 0.253 0.249 0.250 
755 CP00049385    (0)    2 :  0.258 0.250 0.246 0.246 
756 CP00049397    (0)    2 :  0.259 0.245 0.247 0.249 
757 CP00049398    (0)    2 :  0.246 0.253 0.251 0.249 
758 CP00049244    (0)    2 :  0.260 0.248 0.246 0.246 
759 CP00049406    (0)    2 :  0.260 0.250 0.243 0.246 
760 CP00049411    (0)    2 :  0.229 0.255 0.260 0.257 
761 CP00049399    (0)    2 :  0.250 0.252 0.247 0.251 
762 CP00049401    (0)    2 :  0.251 0.254 0.247 0.248 
763 CP00049403    (0)    2 :  0.257 0.253 0.242 0.248 
764 CP00049941    (0)    2 :  0.263 0.251 0.242 0.245 
765 CP00049955    (0)    2 :  0.238 0.253 0.255 0.254 
766 CP00049233    (0)    2 :  0.233 0.264 0.250 0.253 
767 CP00049228    (0)    2 :  0.250 0.247 0.252 0.251 
768 CP00049954    (0)    2 :  0.255 0.250 0.250 0.246 
769 CP00049944    (0)    2 :  0.238 0.258 0.250 0.253 
770 CP00049260    (0)    2 :  0.275 0.241 0.242 0.242 
771 CP00049268    (0)    2 :  0.227 0.258 0.258 0.257 
772 CP00049239    (0)    2 :  0.268 0.240 0.246 0.245 
773 CP00049946    (0)    2 :  0.230 0.250 0.260 0.259 
774 CP00049232    (0)    2 :  0.240 0.248 0.256 0.256 
775 CP00049256    (0)    2 :  0.250 0.249 0.251 0.250 
776 CP00049259    (0)    2 :  0.250 0.248 0.253 0.249 
777 CP00049943    (0)    2 :  0.233 0.261 0.252 0.253 
778 CP00049930    (0)    2 :  0.255 0.236 0.257 0.252 
779 CP00049388    (0)    2 :  0.263 0.249 0.243 0.245 
780 CP00049413    (0)    2 :  0.249 0.250 0.251 0.250 
781 CP00049230    (0)    2 :  0.252 0.247 0.250 0.250 
782 CP00049226    (0)    2 :  0.260 0.244 0.248 0.248 
783 CP00049925    (0)    2 :  0.257 0.245 0.248 0.250 
784 CP00049387    (0)    2 :  0.254 0.256 0.242 0.247 
785 CP00049241    (0)    2 :  0.267 0.245 0.242 0.246 
786 CP00049236    (0)    2 :  0.241 0.251 0.254 0.255 
787 CP00049225    (0)    2 :  0.255 0.256 0.241 0.248 
788 CP00049229    (0)    2 :  0.238 0.252 0.254 0.256 
789 CP00049960    (0)    2 :  0.239 0.260 0.249 0.252 
790 CP00049242    (0)    2 :  0.256 0.256 0.243 0.245 
791 CP00049940    (0)    2 :  0.239 0.255 0.253 0.253 
792 CP00049948    (0)    2 :  0.240 0.257 0.249 0.254 
793 CP00049949    (0)    2 :  0.271 0.246 0.242 0.240 
794 CP00049254    (0)    2 :  0.262 0.249 0.245 0.244 
795 CP00049267    (0)    2 :  0.291 0.235 0.237 0.237 
796 CP00049261    (0)    2 :  0.246 0.251 0.250 0.253 
797 CP00049235    (0)    2 :  0.255 0.255 0.243 0.248 
798 CP00049953    (0)    2 :  0.250 0.252 0.249 0.249 
799 CP00049923    (0)    2 :  0.268 0.243 0.245 0.244 
800 CP00049947    (0)    2 :  0.236 0.253 0.257 0.254 
801 CP00049234    (0)    2 :  0.271 0.245 0.241 0.242 
802 CP00049389    (0)    2 :  0.236 0.252 0.257 0.256 
803 CP00049414    (0)    2 :  0.261 0.244 0.247 0.248 
804 CP00049390    (0)    2 :  0.236 0.248 0.258 0.258 
805 CP00049402    (0)    2 :  0.267 0.250 0.241 0.242 
806 CP00049396    (0)    2 :  0.250 0.250 0.251 0.249 
807 CP00049934    (0)    2 :  0.249 0.251 0.250 0.250 
808 CP00049246    (0)    2 :  0.279 0.244 0.238 0.240 
809 CP00049238    (0)    2 :  0.247 0.255 0.248 0.250 
810 CP00049945    (0)    2 :  0.245 0.259 0.246 0.250 
811 CP00049938    (0)    2 :  0.258 0.242 0.250 0.249 
812 CP00049928    (0)    2 :  0.263 0.244 0.248 0.245 
813 CP00049247    (0)    2 :  0.243 0.255 0.251 0.251 
814 CP00049240    (0)    2 :  0.257 0.249 0.247 0.247 
815 CP00049237    (0)    2 :  0.244 0.250 0.253 0.253 
816 CP00049243    (0)    2 :  0.246 0.261 0.243 0.249 
817 CP00049926    (0)    2 :  0.271 0.241 0.244 0.244 
818 CP00049245    (0)    2 :  0.237 0.255 0.253 0.255 
819 CP00049936    (0)    2 :  0.248 0.247 0.255 0.251 
820 CP00049927    (0)    2 :  0.243 0.249 0.253 0.254 
821 CP00049924    (0)    2 :  0.239 0.253 0.258 0.251 
822 CP00049222    (0)    2 :  0.252 0.245 0.252 0.251 
823 CP00049922    (0)    2 :  0.287 0.238 0.237 0.239 
824 CP00020222    (0)    2 :  0.234 0.249 0.260 0.257 
825 CP00020248    (0)    2 :  0.250 0.245 0.254 0.251 
826 CP00020246    (0)    2 :  0.248 0.249 0.250 0.253 
827 CP00020250    (0)    2 :  0.233 0.251 0.258 0.258 
828 CP00020247    (0)    2 :  0.230 0.261 0.254 0.255 
829 CP00020245    (0)    2 :  0.251 0.248 0.251 0.250 
830 CP00020253    (0)    2 :  0.245 0.252 0.255 0.249 
831 CP00020254    (0)    2 :  0.255 0.248 0.251 0.247 
832 CP00020227    (0)    2 :  0.269 0.244 0.244 0.242 
833 CP00020252    (0)    2 :  0.262 0.246 0.247 0.246 
834 CP00020251    (0)    2 :  0.254 0.248 0.249 0.249 
835 CP00020241    (0)    2 :  0.227 0.256 0.259 0.258 
836 CP00020240    (0)    2 :  0.255 0.242 0.253 0.250 
837 CP00020258    (0)    2 :  0.284 0.244 0.234 0.237 
838 CP00020150    (0)    2 :  0.252 0.252 0.246 0.250 
839 CP00020128    (0)    2 :  0.256 0.245 0.251 0.248 
840 CP00020224    (0)    2 :  0.237 0.255 0.254 0.254 
841 CP00020136    (0)    2 :  0.247 0.248 0.254 0.252 
842 CP00020126    (0)    2 :  0.247 0.247 0.254 0.252 
843 CP00020151    (0)    2 :  0.255 0.248 0.251 0.246 
844 CP00020130    (0)    2 :  0.236 0.257 0.252 0.254 
845 CP00020123    (0)    2 :  0.253 0.247 0.251 0.249 
846 CP00020129    (0)    2 :  0.236 0.255 0.256 0.253 
847 CP00020225    (0)    2 :  0.228 0.259 0.257 0.256 
848 CP00020161    (0)    2 :  0.231 0.250 0.260 0.259 
849 CP00020138    (0)    2 :  0.253 0.248 0.250 0.249 
850 CP00020239    (0)    2 :  0.246 0.248 0.252 0.254 
851 CP00020259    (0)    2 :  0.235 0.251 0.258 0.256 
852 CP00020135    (0)    2 :  0.230 0.264 0.251 0.255 
853 CP00020238    (0)    2 :  0.256 0.246 0.251 0.247 
854 CP00020234    (0)    2 :  0.244 0.248 0.254 0.255 
855 CP00020273    (0)    2 :  0.241 0.253 0.253 0.254 
856 CP00020282    (0)    2 :  0.238 0.251 0.257 0.255 
857 CP00020158    (0)    2 :  0.241 0.249 0.255 0.255 
858 CP00020243    (0)    2 :  0.222 0.255 0.263 0.261 
859 CP00020221    (0)    2 :  0.255 0.240 0.253 0.251 
860 CP00020229    (0)    2 :  0.241 0.257 0.250 0.252 
861 CP00020276    (0)    2 :  0.240 0.258 0.250 0.252 
862 CP00020146    (0)    2 :  0.291 0.241 0.233 0.235 
863 CP00020124    (0)    2 :  0.258 0.254 0.243 0.246 
864 CP00020156    (0)    2 :  0.239 0.250 0.255 0.256 
865 CP00020145    (0)    2 :  0.244 0.256 0.248 0.252 
866 CP00020125    (0)    2 :  0.229 0.249 0.261 0.261 
867 CP00020278    (0)    2 :  0.256 0.251 0.245 0.247 
868 CP00020132    (0)    2 :  0.233 0.250 0.260 0.256 
869 CP00020137    (0)    2 :  0.244 0.254 0.248 0.253 
870 CP00020127    (0)    2 :  0.243 0.254 0.254 0.249 
871 CP00020131    (0)    2 :  0.233 0.255 0.257 0.255 
872 CP00020260    (0)    2 :  0.267 0.247 0.242 0.245 
873 CP00020155    (0)    2 :  0.272 0.246 0.241 0.240 
874 CP00020141    (0)    2 :  0.239 0.250 0.255 0.256 
875 CP00020143    (0)    2 :  0.228 0.257 0.257 0.259 
876 CP00020142    (0)    2 :  0.245 0.253 0.251 0.251 
877 CP00020256    (0)    2 :  0.233 0.258 0.252 0.257 
878 CP00020170    (0)    2 :  0.254 0.251 0.248 0.247 
879 CP00020140    (0)    2 :  0.234 0.255 0.255 0.256 
880 CP00020147    (0)    2 :  0.259 0.254 0.240 0.248 
881 CP00020163    (0)    2 :  0.228 0.248 0.264 0.261 
882 CP00020152    (0)    2 :  0.249 0.253 0.248 0.250 
883 CP00020139    (0)    2 :  0.262 0.248 0.244 0.246 
884 CP00020162    (0)    2 :  0.231 0.240 0.267 0.262 
885 CP00020166    (0)    2 :  0.250 0.250 0.251 0.249 
886 CP00020226    (0)    2 :  0.238 0.255 0.254 0.253 
887 CP00020154    (0)    2 :  0.246 0.253 0.249 0.253 
888 CP00020257    (0)    2 :  0.266 0.246 0.243 0.245 
889 CP00020242    (0)    2 :  0.240 0.248 0.257 0.254 
890 CP00020148    (0)    2 :  0.278 0.233 0.247 0.243 
891 CP00020271    (0)    2 :  0.223 0.255 0.261 0.261 
892 CP00020233    (0)    2 :  0.272 0.242 0.245 0.241 
893 CP00020275    (0)    2 :  0.250 0.249 0.250 0.251 
894 CP00020244    (3)    2 :  0.259 0.248 0.246 0.247 
895 CP00020230    (0)    2 :  0.253 0.252 0.250 0.246 
896 CP00020279    (0)    2 :  0.250 0.242 0.253 0.254 
897 CP00020159    (0)    2 :  0.248 0.257 0.247 0.248 
898 CP00020237    (0)    2 :  0.252 0.250 0.249 0.249 
899 CP00020231    (0)    2 :  0.239 0.260 0.249 0.251 
900 CP00020281    (0)    2 :  0.249 0.250 0.250 0.251 
901 CP00020167    (0)    2 :  0.231 0.250 0.260 0.259 
902 CP00020122    (0)    2 :  0.226 0.253 0.260 0.261 
903 CP00020121    (0)    2 :  0.237 0.254 0.254 0.255 
904 CP00020157    (0)    2 :  0.281 0.245 0.235 0.240 
905 CP00020144    (0)    2 :  0.251 0.244 0.253 0.252 
906 CP00020164    (0)    2 :  0.273 0.241 0.242 0.244 
907 CP00020165    (0)    2 :  0.253 0.245 0.250 0.251 
908 CP00020255    (0)    2 :  0.264 0.247 0.245 0.244 
909 CP00020134    (0)    2 :  0.229 0.253 0.260 0.258 
910 CP00020149    (0)    2 :  0.257 0.251 0.246 0.246 
911 CP00020160    (0)    2 :  0.268 0.238 0.246 0.248 
912 CP00020228    (0)    2 :  0.240 0.251 0.254 0.255 
913 CP00020272    (0)    2 :  0.249 0.248 0.251 0.252 
914 CP00020274    (0)    2 :  0.280 0.237 0.242 0.241 
915 CP00020235    (0)    2 :  0.242 0.249 0.255 0.254 
916 CP00020280    (0)    2 :  0.259 0.241 0.251 0.249 
917 CP00020232    (0)    2 :  0.246 0.248 0.255 0.251 
918 CP00020277    (0)    2 :  0.275 0.236 0.246 0.243 
919 CP00020236    (0)    2 :  0.259 0.250 0.245 0.246 
920 CP00020223    (0)    2 :  0.236 0.257 0.254 0.253 
921 CP00016184    (0)    3 :  0.265 0.240 0.249 0.245 
922 CP00016197    (0)    3 :  0.249 0.243 0.254 0.254 
923 CP00016020    (0)    1 :  0.248 0.254 0.248 0.250 
924 CP00016181    (0)    3 :  0.257 0.243 0.249 0.251 
925 CP00016212    (0)    3 :  0.245 0.260 0.245 0.251 
926 CP00016215    (0)    3 :  0.267 0.244 0.245 0.245 
927 CP00016040    (0)    3 :  0.281 0.242 0.239 0.238 
928 CP00016051    (0)    3 :  0.248 0.248 0.251 0.253 
929 CP00016211    (0)    3 :  0.232 0.244 0.263 0.261 
930 CP00016049    (0)    3 :  0.244 0.247 0.255 0.254 
931 CP00016177    (0)    3 :  0.233 0.257 0.254 0.256 
932 CP00016060    (0)    3 :  0.244 0.253 0.251 0.252 
933 CP00016216    (0)    3 :  0.259 0.249 0.246 0.247 
934 CP00016059    (0)    3 :  0.238 0.259 0.251 0.252 
935 CP00016058    (0)    3 :  0.252 0.248 0.251 0.249 
936 CP00016178    (0)    3 :  0.238 0.249 0.259 0.254 
937 CP00016055    (0)    3 :  0.237 0.260 0.250 0.252 
938 CP00016038    (0)    3 :  0.232 0.257 0.257 0.255 
939 CP00016056    (0)    3 :  0.273 0.249 0.239 0.240 
940 CP00016185    (0)    3 :  0.234 0.254 0.256 0.256 
941 CP00016053    (0)    3 :  0.254 0.251 0.248 0.247 
942 CP00016044    (0)    1 :  0.261 0.251 0.244 0.245 
943 CP00016173    (0)    3 :  0.233 0.255 0.256 0.257 
944 CP00016213    (0)    3 :  0.244 0.253 0.253 0.250 
945 CP00016043    (0)    1 :  0.269 0.242 0.243 0.246 
946 CP00016196    (0)    3 :  0.236 0.257 0.255 0.253 
947 CP00016034    (0)    3 :  0.265 0.246 0.243 0.246 
948 CP00016182    (0)    3 :  0.247 0.250 0.250 0.253 
949 CP00016042    (0)    1 :  0.238 0.257 0.252 0.253 
950 CP00016002    (0)    1 :  0.269 0.242 0.242 0.247 
951 CP00016006    (0)    1 :  0.246 0.250 0.253 0.251 
952 CP00016005    (0)    1 :  0.267 0.240 0.246 0.247 
953 CP00016019    (0)    1 :  0.256 0.249 0.247 0.248 
954 CP00016190    (0)    3 :  0.267 0.241 0.246 0.245 
955 CP00016036    (0)    3 :  0.233 0.255 0.255 0.256 
956 CP00016008    (0)    1 :  0.238 0.252 0.255 0.255 
957 CP00016183    (0)    3 :  0.264 0.254 0.239 0.243 
958 CP00016208    (0)    3 :  0.246 0.249 0.254 0.252 
959 CP00016203    (0)    3 :  0.251 0.256 0.246 0.247 
960 CP00016172    (0)    3 :  0.238 0.254 0.253 0.254 
961 CP00016194    (0)    3 :  0.251 0.249 0.251 0.249 
962 CP00016218    (0)    3 :  0.244 0.236 0.260 0.261 
963 CP00016205    (0)    3 :  0.226 0.260 0.256 0.258 
964 CP00016050    (0)    3 :  0.250 0.250 0.254 0.246 
965 CP00016199    (0)    3 :  0.249 0.247 0.253 0.250 
966 CP00016201    (0)    3 :  0.247 0.255 0.249 0.249 
967 CP00016200    (0)    3 :  0.239 0.257 0.252 0.252 
968 CP00016004    (0)    1 :  0.263 0.247 0.244 0.247 
969 CP00016032    (0)    3 :  0.223 0.264 0.256 0.257 
970 CP00016195    (0)    3 :  0.264 0.248 0.243 0.245 
971 CP00016033    (0)    3 :  0.255 0.250 0.247 0.248 
972 CP00016012    (0)    1 :  0.242 0.258 0.250 0.250 
973 CP00016192    (0)    3 :  0.250 0.248 0.249 0.252 
974 CP00016217    (0)    3 :  0.242 0.257 0.250 0.251 
975 CP00016007    (0)    1 :  0.269 0.243 0.245 0.243 
976 CP00016191    (0)    3 :  0.264 0.248 0.243 0.245 
977 CP00016013    (0)    1 :  0.230 0.260 0.254 0.256 
978 CP00016204    (0)    3 :  0.273 0.234 0.246 0.247 
979 CP00016016    (0)    1 :  0.254 0.244 0.252 0.250 
980 CP00016206    (0)    3 :  0.249 0.256 0.247 0.248 
981 CP00016202    (0)    3 :  0.247 0.257 0.246 0.249 
982 CP00016009    (0)    1 :  0.252 0.253 0.246 0.249 
983 CP00016018    (0)    1 :  0.228 0.251 0.261 0.259 
984 CP00016052    (0)    3 :  0.233 0.253 0.257 0.258 
985 CP00016035    (0)    3 :  0.246 0.251 0.250 0.253 
986 CP00016054    (0)    3 :  0.270 0.248 0.242 0.241 
987 CP00016037    (0)    3 :  0.239 0.260 0.248 0.253 
988 CP00016039    (0)    3 :  0.257 0.256 0.239 0.247 
989 CP00016047    (0)    3 :  0.254 0.247 0.249 0.249 
990 CP00016048    (0)    3 :  0.240 0.254 0.253 0.253 
991 CP00016179    (0)    3 :  0.261 0.244 0.247 0.248 
992 CP00016180    (3)    3 :  0.245 0.252 0.252 0.251 
993 CP00016057    (0)    3 :  0.256 0.250 0.249 0.245 
994 CP00016189    (0)    3 :  0.260 0.250 0.245 0.245 
995 CP00016210    (0)    3 :  0.255 0.240 0.254 0.251 
996 CP00016209    (0)    3 :  0.268 0.240 0.247 0.246 
997 CP00016220    (0)    3 :  0.269 0.249 0.240 0.243 
998 CP00016198    (0)    3 :  0.261 0.246 0.245 0.248 
999 CP00016003    (0)    1 :  0.272 0.247 0.240 0.241 
1000 CP00016207    (0)    3 :  0.261 0.251 0.242 0.246 
1001 CP00016014    (0)    1 :  0.242 0.254 0.253 0.252 
1002 CP00016045    (0)    1 :  0.258 0.249 0.246 0.246 
1003 CP00016187    (0)    3 :  0.238 0.254 0.254 0.254 
1004 CP00016186    (0)    3 :  0.228 0.248 0.264 0.259 
1005 CP00016188    (0)    3 :  0.245 0.251 0.251 0.253 
1006 CP00016046    (0)    3 :  0.227 0.254 0.259 0.259 
1007 CP00016011    (0)    1 :  0.238 0.250 0.256 0.255 
1008 CP00016041    (0)    1 :  0.238 0.251 0.256 0.254 
1009 CP00016171    (0)    3 :  0.250 0.252 0.250 0.248 
1010 CP00016219    (0)    3 :  0.255 0.245 0.251 0.249 
1011 CP00016031    (0)    3 :  0.252 0.245 0.250 0.253 
1012 CP00016193    (0)    3 :  0.229 0.248 0.264 0.260 
1013 CP00016229    (0)    2 :  0.233 0.258 0.255 0.254 
1014 CP00015060    (0)    2 :  0.241 0.253 0.255 0.251 
1015 CP00016251    (0)    2 :  0.252 0.251 0.249 0.248 
1016 CP00015026    (0)    2 :  0.227 0.243 0.267 0.263 
1017 CP00015055    (0)    2 :  0.229 0.254 0.257 0.260 
1018 CP00016240    (0)    1 :  0.274 0.242 0.243 0.241 
1019 CP00016266    (0)    1 :  0.232 0.254 0.259 0.255 
1020 CP00016257    (0)    2 :  0.273 0.247 0.240 0.240 
1021 CP00015024    (0)    2 :  0.264 0.248 0.244 0.244 
1022 CP00015025    (0)    2 :  0.284 0.239 0.239 0.238 
1023 CP00049493    (0)    2 :  0.266 0.244 0.245 0.245 
1024 CP00016252    (0)    2 :  0.235 0.254 0.258 0.253 
1025 CP00015040    (0)    2 :  0.238 0.252 0.256 0.254 
1026 CP00015058    (0)    1 :  0.249 0.252 0.251 0.248 
1027 CP00049491    (0)    1 :  0.256 0.253 0.244 0.247 
1028 CP00015046    (0)    1 :  0.262 0.243 0.250 0.245 
1029 CP00015028    (0)    1 :  0.244 0.247 0.256 0.253 
1030 CP00015047    (0)    1 :  0.242 0.252 0.250 0.255 
1031 CP00016226    (0)    1 :  0.291 0.235 0.237 0.237 
1032 CP00016238    (0)    1 :  0.243 0.249 0.254 0.254 
1033 CP00016248    (0)    1 :  0.248 0.250 0.251 0.252 
1034 CP00015041    (0)    1 :  0.254 0.247 0.250 0.249 
1035 CP00049496    (0)    1 :  0.248 0.251 0.250 0.251 
1036 CP00015037    (0)    1 :  0.256 0.247 0.248 0.250 
1037 CP00015048    (0)    1 :  0.240 0.256 0.252 0.252 
1038 CP00016250    (0)    1 :  0.254 0.246 0.250 0.250 
1039 CP00015051    (0)    1 :  0.266 0.242 0.248 0.245 
1040 CP00016230    (0)    1 :  0.239 0.250 0.257 0.255 
1041 CP00015027    (0)    1 :  0.265 0.248 0.245 0.242 
1042 CP00049498    (0)    1 :  0.237 0.257 0.253 0.253 
1043 CP00016237    (0)    1 :  0.261 0.244 0.247 0.248 
1044 CP00016270    (0)    1 :  0.239 0.257 0.251 0.252 
1045 CP00015031    (0)    1 :  0.283 0.241 0.240 0.236 
1046 CP00016267    (0)    1 :  0.240 0.258 0.250 0.253 
1047 CP00016265    (0)    1 :  0.239 0.252 0.254 0.255 
1048 CP00016247    (0)    1 :  0.250 0.255 0.245 0.250 
1049 CP00015043    (0)    1 :  0.233 0.255 0.257 0.254 
1050 CP00016262    (0)    1 :  0.267 0.250 0.242 0.241 
1051 CP00016264    (0)    1 :  0.228 0.256 0.260 0.256 
1052 CP00049495    (0)    1 :  0.246 0.254 0.250 0.250 
1053 CP00016263    (0)    3 :  0.252 0.253 0.246 0.248 
1054 CP00015032    (0)    1 :  0.246 0.249 0.253 0.252 
1055 CP00015023    (0)    1 :  0.257 0.249 0.245 0.250 
1056 CP00016234    (0)    1 :  0.232 0.252 0.260 0.257 
1057 CP00015050    (0)    1 :  0.236 0.250 0.258 0.256 
1058 CP00015044    (0)    1 :  0.258 0.245 0.249 0.248 
1059 CP00015049    (0)    1 :  0.244 0.248 0.254 0.253 
1060 CP00016255    (0)    1 :  0.237 0.256 0.255 0.253 
1061 CP00016242    (0)    1 :  0.290 0.239 0.234 0.237 
1062 CP00049499    (0)    1 :  0.244 0.250 0.253 0.252 
1063 CP00016258    (0)    1 :  0.265 0.237 0.250 0.248 
1064 CP00016223    (0)    1 :  0.232 0.255 0.257 0.257 
1065 CP00015038    (0)    1 :  0.239 0.259 0.250 0.252 
1066 CP00016268    (0)    1 :  0.241 0.252 0.251 0.256 
1067 CP00049494    (0)    1 :  0.239 0.252 0.255 0.254 
1068 CP00016243    (0)    1 :  0.258 0.248 0.247 0.247 
1069 CP00016241    (0)    1 :  0.233 0.254 0.256 0.257 
1070 CP00016244    (0)    1 :  0.241 0.260 0.248 0.250 
1071 CP00015034    (0)    1 :  0.248 0.250 0.251 0.250 
1072 CP00016259    (0)    1 :  0.281 0.239 0.241 0.239 
1073 CP00016249    (0)    1 :  0.259 0.250 0.243 0.248 
1074 CP00015033    (0)    1 :  0.240 0.250 0.253 0.256 
1075 CP00015035    (0)    1 :  0.261 0.246 0.248 0.245 
1076 CP00015036    (0)    1 :  0.233 0.257 0.256 0.254 
1077 CP00016269    (0)    1 :  0.265 0.245 0.244 0.246 
1078 CP00049500    (0)    1 :  0.242 0.258 0.246 0.253 
1079 CP00015029    (0)    1 :  0.248 0.254 0.250 0.248 
1080 CP00015030    (0)    1 :  0.255 0.248 0.249 0.248 
1081 CP00016261    (0)    1 :  0.234 0.257 0.256 0.253 
1082 CP00015059    (0)    1 :  0.270 0.245 0.243 0.242 
1083 CP00016256    (0)    1 :  0.254 0.254 0.245 0.247 
1084 CP00015045    (0)    1 :  0.262 0.248 0.245 0.245 
1085 CP00015054    (0)    1 :  0.255 0.253 0.246 0.245 
1086 CP00015052    (0)    1 :  0.278 0.236 0.243 0.243 
1087 CP00015053    (0)    1 :  0.232 0.256 0.255 0.257 
1088 CP00016239    (0)    1 :  0.264 0.245 0.248 0.243 
1089 CP00015057    (0)    1 :  0.242 0.252 0.253 0.253 
1090 CP00016246    (0)    1 :  0.250 0.252 0.249 0.249 
1091 CP00016221    (0)    1 :  0.239 0.254 0.256 0.252 
1092 CP00016225    (0)    1 :  0.265 0.251 0.242 0.243 
1093 CP00016222    (0)    1 :  0.260 0.248 0.246 0.245 
1094 CP00016224    (0)    1 :  0.251 0.247 0.251 0.251 
1095 CP00016232    (0)    1 :  0.263 0.244 0.246 0.247 
1096 CP00016236    (0)    1 :  0.245 0.254 0.251 0.250 
1097 CP00015021    (0)    1 :  0.253 0.243 0.251 0.252 
1098 CP00015039    (0)    1 :  0.256 0.243 0.253 0.248 
1099 CP00016260    (0)    1 :  0.236 0.254 0.255 0.255 
1100 CP00016253    (0)    3 :  0.237 0.254 0.255 0.253 
1101 CP00016254    (0)    1 :  0.261 0.248 0.243 0.248 
1102 CP00049492    (0)    1 :  0.254 0.250 0.248 0.249 
1103 CP00016331    (0)    3 :  0.250 0.247 0.251 0.251 
1104 CP00016359    (0)    3 :  0.235 0.251 0.258 0.256 
1105 CP00016327    (0)    3 :  0.245 0.253 0.252 0.250 
1106 CP00016506    (0)    3 :  0.251 0.251 0.249 0.250 
1107 CP00016490    (0)    3 :  0.250 0.246 0.253 0.252 
1108 CP00016342    (0)    3 :  0.237 0.254 0.256 0.253 
1109 CP00016473    (0)    3 :  0.264 0.245 0.247 0.244 
1110 CP00016520    (0)    3 :  0.243 0.259 0.248 0.250 
1111 CP00016471    (0)    3 :  0.241 0.250 0.254 0.255 
1112 CP00016491    (0)    3 :  0.280 0.240 0.241 0.239 
1113 CP00016481    (0)    3 :  0.240 0.250 0.255 0.254 
1114 CP00016482    (0)    3 :  0.235 0.251 0.259 0.255 
1115 CP00016343    (0)    3 :  0.245 0.251 0.252 0.252 
1116 CP00016324    (0)    3 :  0.230 0.255 0.259 0.256 
1117 CP00016362    (0)    3 :  0.252 0.249 0.250 0.249 
1118 CP00016505    (0)    3 :  0.226 0.261 0.254 0.258 
1119 CP00016503    (0)    3 :  0.272 0.248 0.237 0.243 
1120 CP00016370    (0)    3 :  0.289 0.238 0.236 0.236 
1121 CP00016336    (0)    3 :  0.275 0.240 0.242 0.242 
1122 CP00016363    (0)    3 :  0.248 0.249 0.253 0.251 
1123 CP00016322    (0)    3 :  0.258 0.252 0.243 0.247 
1124 CP00016499    (0)    3 :  0.266 0.236 0.250 0.248 
1125 CP00016339    (0)    3 :  0.256 0.249 0.247 0.248 
1126 CP00016476    (0)    3 :  0.275 0.244 0.239 0.242 
1127 CP00016360    (0)    3 :  0.261 0.245 0.247 0.247 
1128 CP00016332    (0)    3 :  0.244 0.257 0.250 0.249 
1129 CP00016474    (0)    3 :  0.252 0.249 0.249 0.250 
1130 CP00016344    (0)    3 :  0.273 0.242 0.243 0.242 
1131 CP00016496    (0)    3 :  0.243 0.255 0.251 0.252 
1132 CP00016485    (0)    3 :  0.266 0.251 0.242 0.242 
1133 CP00016494    (0)    3 :  0.248 0.253 0.250 0.249 
1134 CP00016495    (0)    3 :  0.263 0.240 0.250 0.247 
1135 CP00016323    (0)    3 :  0.241 0.256 0.252 0.250 
1136 CP00016358    (0)    3 :  0.232 0.254 0.258 0.256 
1137 CP00016508    (0)    3 :  0.264 0.247 0.245 0.245 
1138 CP00016484    (0)    3 :  0.266 0.247 0.246 0.241 
1139 CP00016487    (0)    3 :  0.239 0.250 0.256 0.255 
1140 CP00016519    (0)    3 :  0.253 0.248 0.250 0.250 
1141 CP00016500    (0)    3 :  0.266 0.254 0.241 0.240 
1142 CP00016498    (0)    3 :  0.230 0.262 0.253 0.256 
1143 CP00016341    (0)    3 :  0.245 0.253 0.252 0.251 
1144 CP00016369    (0)    3 :  0.259 0.248 0.245 0.248 
1145 CP00016357    (0)    3 :  0.236 0.257 0.253 0.254 
1146 CP00016497    (0)    3 :  0.268 0.247 0.241 0.243 
1147 CP00016366    (0)    3 :  0.258 0.243 0.251 0.248 
1148 CP00016333    (0)    3 :  0.256 0.251 0.246 0.246 
1149 CP00016334    (0)    3 :  0.282 0.235 0.243 0.239 
1150 CP00016483    (0)    3 :  0.241 0.257 0.249 0.253 
1151 CP00016486    (0)    3 :  0.280 0.241 0.239 0.240 
1152 CP00016478    (0)    3 :  0.244 0.253 0.252 0.250 
1153 CP00016367    (0)    3 :  0.242 0.250 0.255 0.253 
1154 CP00016345    (0)    3 :  0.259 0.248 0.245 0.248 
1155 CP00016501    (0)    3 :  0.249 0.254 0.249 0.248 
1156 CP00016480    (0)    3 :  0.240 0.252 0.254 0.255 
1157 CP00016330    (0)    3 :  0.255 0.256 0.243 0.246 
1158 CP00016328    (0)    3 :  0.244 0.250 0.252 0.253 
1159 CP00016337    (0)    3 :  0.252 0.253 0.246 0.249 
1160 CP00016364    (0)    3 :  0.238 0.253 0.255 0.254 
1161 CP00016489    (0)    3 :  0.238 0.257 0.252 0.254 
1162 CP00016338    (0)    3 :  0.250 0.250 0.254 0.246 
1163 CP00016346    (0)    3 :  0.237 0.252 0.259 0.252 
1164 CP00016493    (0)    3 :  0.274 0.243 0.240 0.243 
1165 CP00016492    (0)    3 :  0.266 0.250 0.242 0.242 
1166 CP00016354    (0)    3 :  0.259 0.239 0.250 0.252 
1167 CP00016329    (0)    3 :  0.269 0.243 0.247 0.241 
1168 CP00016502    (0)    3 :  0.281 0.239 0.242 0.238 
1169 CP00016326    (0)    3 :  0.270 0.241 0.246 0.243 
1170 CP00016349    (0)    3 :  0.250 0.249 0.251 0.250 
1171 CP00016368    (0)    3 :  0.228 0.256 0.257 0.258 
1172 CP00016365    (0)    3 :  0.248 0.252 0.252 0.249 
1173 CP00016321    (0)    3 :  0.234 0.254 0.256 0.256 
1174 CP00016477    (0)    3 :  0.267 0.246 0.244 0.242 
1175 CP00016361    (0)    3 :  0.248 0.249 0.253 0.251 
1176 CP00016512    (0)    3 :  0.262 0.248 0.245 0.245 
1177 CP00016515    (0)    3 :  0.261 0.239 0.251 0.249 
1178 CP00016353    (0)    3 :  0.249 0.251 0.250 0.250 
1179 CP00016516    (0)    3 :  0.226 0.256 0.260 0.258 
1180 CP00016513    (0)    3 :  0.252 0.252 0.248 0.247 
1181 CP00016517    (0)    3 :  0.243 0.256 0.250 0.251 
1182 CP00016352    (0)    3 :  0.256 0.249 0.246 0.249 
1183 CP00016325    (0)    3 :  0.252 0.244 0.254 0.250 
1184 CP00016475    (0)    3 :  0.249 0.253 0.250 0.248 
1185 CP00016340    (0)    3 :  0.266 0.244 0.244 0.245 
1186 CP00016355    (0)    3 :  0.256 0.246 0.248 0.250 
1187 CP00016511    (0)    3 :  0.258 0.244 0.249 0.249 
1188 CP00016351    (0)    3 :  0.243 0.249 0.254 0.253 
1189 CP00016507    (0)    3 :  0.255 0.248 0.249 0.249 
1190 CP00016479    (0)    3 :  0.240 0.247 0.256 0.256 
1191 CP00016504    (0)    3 :  0.259 0.251 0.243 0.247 
1192 CP00016472    (0)    3 :  0.242 0.254 0.252 0.251 
1193 CP00016488    (3)    3 :  0.241 0.253 0.251 0.255 
1194 CP00016514    (0)    3 :  0.262 0.247 0.244 0.247 
1195 CP00016347    (0)    3 :  0.268 0.239 0.247 0.246 
1196 CP00016348    (0)    3 :  0.250 0.255 0.247 0.248 
1197 CP00016510    (0)    3 :  0.260 0.244 0.250 0.247 
1198 CP00016350    (0)    3 :  0.243 0.258 0.248 0.252 
1199 CP00016518    (0)    3 :  0.242 0.256 0.250 0.251 
1200 CP00016509    (0)    3 :  0.228 0.258 0.256 0.258 
1201 CP00015888    (0)    3 :  0.244 0.246 0.256 0.254 
1202 CP00015759    (0)    3 :  0.261 0.242 0.251 0.245 
1203 CP00015760    (0)    3 :  0.235 0.253 0.258 0.253 
1204 CP00015918    (0)    3 :  0.286 0.243 0.234 0.237 
1205 CP00015756    (0)    3 :  0.263 0.247 0.245 0.245 
1206 CP00015880    (0)    3 :  0.242 0.253 0.251 0.253 
1207 CP00015916    (0)    3 :  0.237 0.259 0.253 0.251 
1208 CP00015753    (0)    3 :  0.236 0.262 0.251 0.251 
1209 CP00015885    (0)    3 :  0.239 0.253 0.253 0.254 
1210 CP00015896    (0)    3 :  0.254 0.245 0.252 0.250 
1211 CP00015899    (0)    3 :  0.270 0.246 0.242 0.243 
1212 CP00015909    (0)    3 :  0.234 0.249 0.260 0.258 
1213 CP00015894    (0)    3 :  0.251 0.256 0.248 0.245 
1214 CP00015724    (0)    3 :  0.255 0.244 0.249 0.252 
1215 CP00015906    (0)    3 :  0.232 0.251 0.258 0.259 
1216 CP00015734    (3)    3 :  0.253 0.247 0.249 0.251 
1217 CP00015764    (0)    3 :  0.278 0.237 0.243 0.242 
1218 CP00015897    (0)    3 :  0.251 0.255 0.247 0.247 
1219 CP00015758    (0)    3 :  0.243 0.247 0.256 0.254 
1220 CP00015920    (0)    3 :  0.246 0.255 0.248 0.250 
1221 CP00015889    (0)    3 :  0.232 0.258 0.254 0.256 
1222 CP00015919    (0)    3 :  0.277 0.242 0.242 0.239 
1223 CP00015912    (0)    3 :  0.253 0.252 0.246 0.248 
1224 CP00015913    (0)    3 :  0.245 0.253 0.249 0.253 
1225 CP00015872    (0)    3 :  0.272 0.236 0.248 0.245 
1226 CP00015911    (0)    3 :  0.252 0.249 0.251 0.247 
1227 CP00015908    (0)    3 :  0.244 0.254 0.252 0.250 
1228 CP00015901    (0)    3 :  0.257 0.247 0.248 0.248 
1229 CP00015892    (3)    3 :  0.245 0.253 0.250 0.253 
1230 CP00015883    (0)    3 :  0.233 0.254 0.258 0.254 
1231 CP00015910    (0)    3 :  0.251 0.244 0.253 0.252 
1232 CP00015884    (0)    3 :  0.263 0.247 0.242 0.248 
1233 CP00015875    (0)    3 :  0.256 0.244 0.251 0.249 
1234 CP00015879    (0)    3 :  0.249 0.256 0.248 0.248 
1235 CP00015905    (0)    3 :  0.252 0.247 0.251 0.249 
1236 CP00015891    (0)    3 :  0.278 0.240 0.242 0.239 
1237 CP00015740    (0)    3 :  0.246 0.253 0.250 0.251 
1238 CP00015766    (0)    3 :  0.273 0.245 0.240 0.242 
1239 CP00015763    (0)    3 :  0.231 0.260 0.253 0.257 
1240 CP00015762    (0)    3 :  0.281 0.239 0.240 0.240 
1241 CP00015761    (0)    3 :  0.260 0.242 0.248 0.250 
1242 CP00015743    (0)    3 :  0.250 0.250 0.249 0.250 
1243 CP00015878    (0)    3 :  0.242 0.255 0.249 0.254 
1244 CP00015748    (0)    3 :  0.268 0.244 0.244 0.243 
1245 CP00015737    (0)    3 :  0.278 0.235 0.243 0.244 
1246 CP00015768    (0)    3 :  0.234 0.255 0.257 0.253 
1247 CP00015767    (0)    3 :  0.245 0.256 0.251 0.248 
1248 CP00015746    (0)    3 :  0.253 0.242 0.254 0.250 
1249 CP00015893    (0)    3 :  0.227 0.251 0.262 0.260 
1250 CP00015741    (0)    3 :  0.259 0.255 0.242 0.244 
1251 CP00015757    (0)    3 :  0.263 0.251 0.242 0.244 
1252 CP00015739    (0)    3 :  0.249 0.252 0.249 0.250 
1253 CP00015751    (0)    3 :  0.257 0.258 0.240 0.245 
1254 CP00015745    (0)    3 :  0.250 0.254 0.247 0.248 
1255 CP00015747    (0)    3 :  0.251 0.247 0.252 0.251 
1256 CP00015754    (0)    3 :  0.283 0.242 0.237 0.238 
1257 CP00015873    (0)    3 :  0.253 0.249 0.248 0.251 
1258 CP00015881    (0)    3 :  0.257 0.245 0.249 0.249 
1259 CP00015877    (0)    3 :  0.234 0.250 0.259 0.257 
1260 CP00015915    (0)    3 :  0.250 0.249 0.252 0.249 
1261 CP00015904    (0)    3 :  0.248 0.254 0.248 0.249 
1262 CP00015900    (0)    3 :  0.241 0.258 0.251 0.251 
1263 CP00015907    (0)    3 :  0.234 0.253 0.257 0.256 
1264 CP00015742    (0)    3 :  0.293 0.237 0.236 0.234 
1265 CP00015738    (0)    3 :  0.229 0.256 0.256 0.259 
1266 CP00015727    (0)    3 :  0.252 0.252 0.248 0.248 
1267 CP00015728    (0)    3 :  0.234 0.258 0.253 0.255 
1268 CP00015726    (0)    3 :  0.260 0.242 0.250 0.249 
1269 CP00015914    (0)    3 :  0.255 0.257 0.245 0.243 
1270 CP00015769    (0)    3 :  0.245 0.254 0.249 0.253 
1271 CP00015770    (0)    3 :  0.240 0.255 0.254 0.252 
1272 CP00015750    (0)    3 :  0.221 0.258 0.260 0.260 
1273 CP00015749    (0)    3 :  0.251 0.249 0.252 0.248 
1274 CP00015721    (0)    3 :  0.257 0.248 0.248 0.248 
1275 CP00015735    (0)    3 :  0.240 0.249 0.254 0.257 
1276 CP00015732    (0)    3 :  0.244 0.249 0.254 0.254 
1277 CP00015723    (0)    3 :  0.240 0.249 0.257 0.253 
1278 CP00015729    (0)    3 :  0.232 0.250 0.261 0.258 
1279 CP00015736    (0)    3 :  0.241 0.246 0.256 0.256 
1280 CP00015725    (0)    3 :  0.254 0.250 0.249 0.247 
1281 CP00015886    (0)    3 :  0.260 0.250 0.246 0.244 
1282 CP00015722    (0)    3 :  0.241 0.249 0.254 0.256 
1283 CP00015731    (0)    3 :  0.243 0.253 0.252 0.252 
1284 CP00015730    (0)    3 :  0.233 0.247 0.260 0.260 
1285 CP00015752    (0)    3 :  0.244 0.252 0.253 0.251 
1286 CP00015890    (0)    3 :  0.234 0.261 0.250 0.254 
1287 CP00015876    (0)    3 :  0.235 0.253 0.257 0.254 
1288 CP00015887    (0)    3 :  0.240 0.253 0.253 0.254 
1289 CP00015882    (0)    3 :  0.260 0.245 0.246 0.249 
1290 CP00015765    (0)    3 :  0.256 0.247 0.248 0.249 
1291 CP00015744    (0)    3 :  0.274 0.242 0.244 0.241 
1292 CP00015104    (0)    1 :  0.243 0.257 0.249 0.251 
1293 CP00015100    (0)    1 :  0.299 0.234 0.234 0.233 
1294 CP00015000    (0)    1 :  0.252 0.253 0.250 0.246 
1295 CP00015119    (0)    1 :  0.249 0.251 0.252 0.248 
1296 CP00015016    (0)    1 :  0.233 0.261 0.252 0.254 
1297 CP00015078    (0)    1 :  0.235 0.259 0.252 0.253 
1298 CP00015076    (0)    1 :  0.275 0.244 0.242 0.239 
1299 CP00015084    (0)    1 :  0.245 0.255 0.249 0.251 
1300 CP00015091    (0)    1 :  0.247 0.252 0.249 0.251 
1301 CP00015013    (0)    1 :  0.239 0.253 0.254 0.255 
1302 CP00015009    (0)    1 :  0.261 0.248 0.244 0.246 
1303 CP00015082    (0)    1 :  0.240 0.255 0.250 0.255 
1304 CP00014983    (0)    1 :  0.245 0.249 0.254 0.252 
1305 CP00015072    (0)    1 :  0.228 0.251 0.261 0.260 
1306 CP00015086    (0)    1 :  0.253 0.245 0.253 0.248 
1307 CP00015073    (0)    1 :  0.238 0.259 0.250 0.253 
1308 CP00015077    (0)    1 :  0.258 0.252 0.245 0.245 
1309 CP00014973    (0)    1 :  0.233 0.255 0.256 0.255 
1310 CP00015015    (0)    1 :  0.237 0.256 0.254 0.253 
1311 CP00014975    (0)    1 :  0.265 0.243 0.246 0.246 
1312 CP00014979    (0)    1 :  0.243 0.250 0.252 0.255 
1313 CP00014980    (0)    1 :  0.260 0.241 0.253 0.246 
1314 CP00015111    (0)    1 :  0.244 0.255 0.251 0.249 
1315 CP00015090    (0)    1 :  0.250 0.247 0.253 0.250 
1316 CP00015098    (0)    1 :  0.252 0.254 0.247 0.248 
1317 CP00015005    (0)    1 :  0.260 0.249 0.245 0.246 
1318 CP00015109    (0)    1 :  0.262 0.246 0.247 0.245 
1319 CP00015114    (0)    1 :  0.261 0.247 0.246 0.247 
1320 CP00015007    (0)    1 :  0.258 0.249 0.246 0.247 
1321 CP00015006    (0)    1 :  0.243 0.252 0.254 0.252 
1322 CP00014974    (0)    1 :  0.250 0.248 0.251 0.251 
1323 CP00015096    (0)    1 :  0.275 0.241 0.243 0.241 
1324 CP00015112    (0)    1 :  0.251 0.245 0.253 0.251 
1325 CP00015002    (0)    1 :  0.223 0.253 0.264 0.260 
1326 CP00015113    (0)    1 :  0.238 0.257 0.253 0.252 
1327 CP00015010    (0)    1 :  0.236 0.256 0.251 0.256 
1328 CP00015019    (0)    1 :  0.258 0.249 0.247 0.246 
1329 CP00015120    (0)    1 :  0.260 0.235 0.254 0.252 
1330 CP00015107    (0)    1 :  0.237 0.258 0.252 0.253 
1331 CP00015081    (0)    1 :  0.236 0.263 0.248 0.253 
1332 CP00015071    (0)    1 :  0.231 0.255 0.255 0.259 
1333 CP00015087    (0)    1 :  0.248 0.256 0.246 0.250 
1334 CP00015093    (3)    1 :  0.251 0.251 0.248 0.250 
1335 CP00015102    (0)    1 :  0.242 0.247 0.257 0.255 
1336 CP00015101    (0)    1 :  0.243 0.250 0.250 0.256 
1337 CP00014982    (0)    1 :  0.236 0.252 0.257 0.254 
1338 CP00014990    (0)    1 :  0.229 0.258 0.256 0.258 
1339 CP00015088    (0)    1 :  0.233 0.257 0.255 0.255 
1340 CP00014995    (0)    1 :  0.238 0.246 0.259 0.257 
1341 CP00015003    (0)    1 :  0.264 0.246 0.244 0.246 
1342 CP00015097    (0)    1 :  0.231 0.259 0.255 0.255 
1343 CP00014972    (0)    1 :  0.241 0.259 0.249 0.251 
1344 CP00015106    (0)    1 :  0.245 0.253 0.252 0.250 
1345 CP00015095    (0)    1 :  0.242 0.252 0.252 0.254 
1346 CP00014998    (0)    1 :  0.272 0.246 0.241 0.241 
1347 CP00014985    (0)    1 :  0.243 0.247 0.257 0.253 
1348 CP00014986    (0)    1 :  0.244 0.251 0.254 0.251 
1349 CP00014999    (0)    1 :  0.240 0.248 0.258 0.254 
1350 CP00014984    (0)    1 :  0.247 0.245 0.255 0.253 
1351 CP00015117    (0)    1 :  0.238 0.255 0.253 0.254 
1352 CP00015099    (0)    1 :  0.248 0.248 0.254 0.251 
1353 CP00015110    (0)    1 :  0.252 0.251 0.249 0.248 
1354 CP00015115    (0)    1 :  0.257 0.250 0.245 0.248 
1355 CP00015080    (0)    1 :  0.243 0.258 0.250 0.250 
1356 CP00015012    (0)    1 :  0.236 0.253 0.256 0.256 
1357 CP00014994    (0)    1 :  0.249 0.247 0.254 0.250 
1358 CP00015001    (0)    1 :  0.231 0.260 0.253 0.256 
1359 CP00014992    (0)    1 :  0.279 0.238 0.242 0.241 
1360 CP00015074    (0)    1 :  0.246 0.257 0.248 0.248 
1361 CP00014991    (0)    1 :  0.252 0.249 0.250 0.248 
1362 CP00014981    (0)    1 :  0.245 0.251 0.255 0.249 
1363 CP00014977    (0)    1 :  0.255 0.247 0.248 0.249 
1364 CP00014976    (0)    1 :  0.259 0.245 0.248 0.247 
1365 CP00014993    (0)    1 :  0.240 0.253 0.252 0.255 
1366 CP00014971    (0)    1 :  0.240 0.256 0.253 0.251 
1367 CP00015020    (0)    1 :  0.240 0.256 0.252 0.253 
1368 CP00015004    (0)    1 :  0.253 0.252 0.246 0.249 
1369 CP00015103    (0)    1 :  0.262 0.243 0.250 0.246 
1370 CP00015116    (0)    1 :  0.270 0.240 0.244 0.246 
1371 CP00015118    (0)    1 :  0.239 0.258 0.250 0.254 
1372 CP00014996    (0)    1 :  0.240 0.248 0.255 0.258 
1373 CP00015079    (0)    1 :  0.232 0.265 0.250 0.254 
1374 CP00015094    (0)    1 :  0.243 0.254 0.250 0.254 
1375 CP00015085    (0)    1 :  0.260 0.245 0.248 0.247 
1376 CP00015083    (0)    1 :  0.231 0.260 0.253 0.255 
1377 CP00015092    (0)    1 :  0.251 0.251 0.249 0.250 
1378 CP00018197    (0)    1 :  0.248 0.251 0.249 0.252 
1379 CP00018136    (0)    1 :  0.271 0.247 0.241 0.241 
1380 CP00018190    (0)    1 :  0.260 0.253 0.242 0.246 
1381 CP00018139    (0)    1 :  0.267 0.247 0.244 0.243 
1382 CP00018207    (0)    1 :  0.258 0.252 0.245 0.245 
1383 CP00018213    (0)    1 :  0.234 0.253 0.256 0.256 
1384 CP00018163    (0)    1 :  0.262 0.244 0.250 0.245 
1385 CP00018179    (0)    1 :  0.238 0.249 0.257 0.256 
1386 CP00018178    (0)    1 :  0.261 0.256 0.239 0.245 
1387 CP00018144    (0)    1 :  0.232 0.261 0.254 0.252 
1388 CP00018155    (0)    1 :  0.259 0.248 0.246 0.248 
1389 CP00018151    (0)    1 :  0.240 0.258 0.251 0.252 
1390 CP00018180    (0)    1 :  0.256 0.247 0.248 0.249 
1391 CP00018182    (0)    1 :  0.233 0.256 0.257 0.254 
1392 CP00018189    (0)    1 :  0.235 0.255 0.256 0.253 
1393 CP00018217    (0)    1 :  0.255 0.241 0.254 0.250 
1394 CP00018154    (0)    1 :  0.275 0.241 0.242 0.243 
1395 CP00018158    (0)    1 :  0.250 0.247 0.254 0.249 
1396 CP00018181    (0)    3 :  0.239 0.258 0.251 0.251 
1397 CP00018208    (0)    1 :  0.257 0.251 0.245 0.247 
1398 CP00018211    (0)    3 :  0.238 0.255 0.253 0.254 
1399 CP00018176    (0)    3 :  0.237 0.265 0.247 0.251 
1400 CP00018128    (0)    3 :  0.258 0.245 0.250 0.247 
1401 CP00018122    (0)    3 :  0.247 0.251 0.251 0.251 
1402 CP00018156    (0)    3 :  0.270 0.239 0.244 0.247 
1403 CP00018126    (3)    3 :  0.260 0.247 0.248 0.245 
1404 CP00018187    (0)    3 :  0.262 0.246 0.248 0.244 
1405 CP00018143    (0)    3 :  0.240 0.251 0.255 0.255 
1406 CP00018188    (0)    3 :  0.273 0.245 0.240 0.241 
1407 CP00018219    (0)    1 :  0.246 0.248 0.252 0.254 
1408 CP00018205    (0)    1 :  0.236 0.250 0.257 0.257 
1409 CP00018124    (0)    1 :  0.265 0.253 0.240 0.243 
1410 CP00018160    (0)    1 :  0.245 0.257 0.247 0.251 
1411 CP00018199    (0)    1 :  0.257 0.253 0.246 0.245 
1412 CP00018137    (0)    1 :  0.248 0.254 0.249 0.249 
1413 CP00018215    (0)    1 :  0.243 0.258 0.246 0.254 
1414 CP00018171    (0)    1 :  0.250 0.254 0.245 0.251 
1415 CP00018157    (0)    1 :  0.264 0.252 0.238 0.246 
1416 CP00018165    (0)    1 :  0.235 0.256 0.254 0.254 
1417 CP00018191    (0)    1 :  0.235 0.255 0.255 0.255 
1418 CP00018141    (0)    1 :  0.262 0.251 0.244 0.244 
1419 CP00018204    (0)    3 :  0.283 0.237 0.239 0.242 
1420 CP00018127    (0)    3 :  0.244 0.260 0.247 0.250 
1421 CP00018194    (0)    1 :  0.247 0.250 0.252 0.251 
1422 CP00018168    (0)    3 :  0.278 0.244 0.239 0.239 
1423 CP00018216    (0)    1 :  0.255 0.252 0.246 0.246 
1424 CP00018192    (0)    1 :  0.246 0.249 0.252 0.253 
1425 CP00018184    (0)    3 :  0.248 0.248 0.252 0.252 
1426 CP00018134    (0)    3 :  0.248 0.244 0.255 0.252 
1427 CP00018142    (0)    3 :  0.234 0.257 0.255 0.254 
1428 CP00018220    (0)    3 :  0.247 0.254 0.248 0.252 
1429 CP00018186    (0)    3 :  0.253 0.238 0.255 0.254 
1430 CP00018131    (0)    3 :  0.252 0.245 0.251 0.251 
1431 CP00018183    (0)    3 :  0.235 0.256 0.253 0.256 
1432 CP00018209    (0)    3 :  0.238 0.258 0.252 0.252 
1433 CP00018193    (0)    1 :  0.240 0.254 0.254 0.252 
1434 CP00018177    (0)    1 :  0.241 0.247 0.257 0.255 
1435 CP00018214    (0)    1 :  0.253 0.245 0.252 0.250 
1436 CP00018145    (0)    3 :  0.243 0.245 0.259 0.254 
1437 CP00018185    (0)    3 :  0.242 0.253 0.255 0.251 
1438 CP00018201    (0)    3 :  0.232 0.252 0.259 0.257 
1439 CP00018153    (0)    3 :  0.255 0.246 0.250 0.250 
1440 CP00018121    (0)    3 :  0.234 0.243 0.263 0.259 
1441 CP00018175    (0)    3 :  0.247 0.251 0.251 0.251 
1442 CP00018146    (0)    3 :  0.260 0.240 0.251 0.250 
1443 CP00018148    (0)    3 :  0.229 0.252 0.261 0.257 
1444 CP00018195    (0)    1 :  0.238 0.250 0.256 0.256 
1445 CP00018132    (0)    3 :  0.246 0.249 0.251 0.254 
1446 CP00018210    (0)    3 :  0.238 0.253 0.254 0.254 
1447 CP00018135    (0)    3 :  0.244 0.243 0.257 0.256 
1448 CP00018164    (0)    3 :  0.257 0.251 0.245 0.246 
1449 CP00018133    (0)    3 :  0.254 0.250 0.246 0.249 
1450 CP00018149    (0)    3 :  0.287 0.232 0.242 0.239 
1451 CP00018170    (0)    3 :  0.248 0.253 0.250 0.249 
1452 CP00018166    (0)    3 :  0.251 0.251 0.249 0.249 
1453 CP00018173    (0)    3 :  0.220 0.260 0.257 0.262 
1454 CP00018212    (0)    1 :  0.246 0.251 0.251 0.253 
1455 CP00018172    (0)    3 :  0.247 0.248 0.251 0.254 
1456 CP00018202    (0)    3 :  0.256 0.249 0.246 0.248 
1457 CP00018125    (0)    3 :  0.265 0.245 0.244 0.245 
1458 CP00018198    (0)    1 :  0.229 0.254 0.259 0.258 
1459 CP00018129    (0)    3 :  0.230 0.256 0.257 0.256 
1460 CP00018140    (0)    3 :  0.245 0.255 0.249 0.250 
1461 CP00018196    (0)    1 :  0.245 0.253 0.253 0.250 
1462 CP00018218    (0)    1 :  0.248 0.253 0.250 0.249 
1463 CP00017467    (0)    3 :  0.242 0.259 0.248 0.251 
1464 CP00017499    (0)    3 :  0.254 0.247 0.249 0.250 
1465 CP00017430    (0)    3 :  0.241 0.254 0.252 0.252 
1466 CP00017510    (0)    3 :  0.225 0.260 0.257 0.258 
1467 CP00017437    (0)    3 :  0.251 0.247 0.253 0.249 
1468 CP00017429    (0)    3 :  0.250 0.254 0.248 0.249 
1469 CP00017432    (0)    3 :  0.258 0.253 0.242 0.247 
1470 CP00017447    (0)    3 :  0.272 0.248 0.241 0.240 
1471 CP00017442    (0)    3 :  0.258 0.245 0.249 0.248 
1472 CP00017484    (0)    3 :  0.265 0.241 0.247 0.247 
1473 CP00017504    (0)    3 :  0.269 0.244 0.244 0.244 
1474 CP00017423    (0)    3 :  0.230 0.255 0.257 0.259 
1475 CP00017518    (0)    3 :  0.231 0.262 0.257 0.251 
1476 CP00017455    (0)    3 :  0.273 0.242 0.243 0.242 
1477 CP00017497    (0)    3 :  0.286 0.236 0.239 0.239 
1478 CP00017456    (0)    3 :  0.244 0.252 0.252 0.252 
1479 CP00017514    (0)    3 :  0.235 0.257 0.254 0.254 
1480 CP00017489    (0)    3 :  0.242 0.251 0.253 0.254 
1481 CP00017424    (0)    3 :  0.260 0.251 0.243 0.245 
1482 CP00017468    (0)    3 :  0.238 0.257 0.252 0.253 
1483 CP00017511    (0)    3 :  0.247 0.247 0.252 0.254 
1484 CP00017438    (0)    3 :  0.245 0.246 0.256 0.253 
1485 CP00017463    (0)    3 :  0.235 0.249 0.258 0.258 
1486 CP00017469    (0)    3 :  0.286 0.239 0.239 0.237 
1487 CP00017436    (0)    3 :  0.286 0.236 0.238 0.240 
1488 CP00017491    (0)    3 :  0.243 0.256 0.252 0.248 
1489 CP00017452    (0)    3 :  0.251 0.250 0.249 0.250 
1490 CP00017520    (0)    3 :  0.236 0.256 0.254 0.253 
1491 CP00017434    (0)    3 :  0.272 0.247 0.239 0.241 
1492 CP00017472    (0)    3 :  0.276 0.240 0.243 0.241 
1493 CP00017507    (0)    3 :  0.278 0.245 0.238 0.240 
1494 CP00017479    (0)    3 :  0.273 0.242 0.242 0.243 
1495 CP00017475    (0)    3 :  0.238 0.249 0.258 0.255 
1496 CP00017464    (0)    3 :  0.266 0.248 0.243 0.243 
1497 CP00017477    (0)    3 :  0.237 0.253 0.256 0.254 
1498 CP00017500    (0)    3 :  0.255 0.247 0.251 0.247 
1499 CP00017461    (0)    3 :  0.252 0.245 0.252 0.251 
1500 CP00017427    (0)    3 :  0.260 0.252 0.244 0.244 
1501 CP00017444    (0)    3 :  0.258 0.244 0.251 0.247 
1502 CP00017476    (0)    3 :  0.306 0.230 0.231 0.233 
1503 CP00017493    (0)    3 :  0.277 0.238 0.243 0.242 
1504 CP00017440    (0)    3 :  0.250 0.254 0.250 0.247 
1505 CP00017509    (0)    3 :  0.263 0.250 0.241 0.246 
1506 CP00017439    (0)    3 :  0.252 0.248 0.251 0.249 
1507 CP00017428    (0)    3 :  0.261 0.239 0.249 0.251 
1508 CP00017502    (0)    3 :  0.278 0.244 0.239 0.239 
1509 CP00017471    (0)    3 :  0.262 0.246 0.246 0.245 
1510 CP00017459    (0)    3 :  0.253 0.253 0.248 0.246 
1511 CP00017425    (0)    3 :  0.279 0.238 0.243 0.240 
1512 CP00017465    (0)    3 :  0.234 0.255 0.256 0.255 
1513 CP00017516    (0)    3 :  0.258 0.245 0.248 0.249 
1514 CP00017498    (0)    3 :  0.250 0.245 0.254 0.251 
1515 CP00017426    (0)    3 :  0.273 0.248 0.240 0.240 
1516 CP00017481    (0)    3 :  0.255 0.250 0.248 0.248 
1517 CP00017422    (0)    3 :  0.240 0.255 0.253 0.252 
1518 CP00017512    (0)    3 :  0.275 0.243 0.242 0.239 
1519 CP00017460    (0)    3 :  0.244 0.250 0.256 0.250 
1520 CP00017443    (0)    3 :  0.279 0.246 0.236 0.239 
1521 CP00017457    (0)    3 :  0.239 0.254 0.254 0.252 
1522 CP00017446    (0)    3 :  0.226 0.254 0.261 0.260 
1523 CP00017431    (0)    3 :  0.243 0.255 0.252 0.249 
1524 CP00017462    (0)    3 :  0.244 0.251 0.252 0.253 
1525 CP00017445    (0)    3 :  0.247 0.253 0.248 0.252 
1526 CP00017435    (0)    3 :  0.250 0.248 0.252 0.251 
1527 CP00017449    (0)    3 :  0.238 0.246 0.259 0.256 
1528 CP00017454    (0)    3 :  0.249 0.249 0.251 0.251 
1529 CP00017501    (0)    3 :  0.236 0.259 0.250 0.255 
1530 CP00017451    (0)    3 :  0.239 0.252 0.258 0.252 
1531 CP00017490    (0)    3 :  0.259 0.244 0.250 0.246 
1532 CP00017470    (0)    3 :  0.259 0.245 0.248 0.248 
1533 CP00017506    (0)    3 :  0.246 0.255 0.249 0.250 
1534 CP00017466    (0)    3 :  0.239 0.251 0.257 0.253 
1535 CP00017441    (0)    3 :  0.239 0.253 0.252 0.255 
1536 CP00017473    (0)    3 :  0.256 0.258 0.241 0.245 
1537 CP00017453    (0)    3 :  0.257 0.247 0.249 0.247 
1538 CP00017513    (0)    3 :  0.259 0.244 0.250 0.248 
1539 CP00017508    (0)    3 :  0.260 0.250 0.245 0.245 
1540 CP00017505    (0)    3 :  0.266 0.245 0.243 0.245 
1541 CP00017421    (0)    3 :  0.228 0.243 0.266 0.262 
1542 CP00017496    (0)    3 :  0.260 0.243 0.250 0.247 
1543 CP00017433    (0)    3 :  0.254 0.246 0.250 0.249 
1544 CP00017458    (0)    3 :  0.249 0.251 0.251 0.249 
1545 CP00017478    (0)    3 :  0.251 0.249 0.250 0.251 
1546 CP00017492    (0)    3 :  0.273 0.244 0.242 0.241 
1547 CP00017517    (0)    3 :  0.264 0.241 0.247 0.247 
1548 CP00017503    (0)    3 :  0.245 0.260 0.246 0.249 
1549 CP00017694    (0)    2 :  0.284 0.236 0.240 0.239 
1550 CP00017741    (0)    3 :  0.236 0.252 0.257 0.255 
1551 CP00017734    (0)    3 :  0.253 0.247 0.249 0.251 
1552 CP00017717    (0)    1 :  0.251 0.257 0.245 0.246 
1553 CP00017690    (0)    3 :  0.233 0.260 0.252 0.255 
1554 CP00017755    (0)    3 :  0.246 0.257 0.246 0.251 
1555 CP00017712    (0)    3 :  0.248 0.251 0.251 0.251 
1556 CP00017688    (0)    3 :  0.243 0.248 0.253 0.256 
1557 CP00017714    (0)    3 :  0.247 0.257 0.247 0.248 
1558 CP00017680    (0)    3 :  0.258 0.254 0.242 0.245 
1559 CP00017710    (0)    3 :  0.243 0.259 0.250 0.249 
1560 CP00017733    (0)    3 :  0.235 0.257 0.255 0.253 
1561 CP00017682    (0)    3 :  0.271 0.249 0.240 0.240 
1562 CP00017763    (0)    3 :  0.252 0.249 0.249 0.250 
1563 CP00017695    (0)    2 :  0.245 0.256 0.247 0.253 
1564 CP00017730    (0)    3 :  0.258 0.250 0.246 0.245 
1565 CP00017757    (0)    3 :  0.233 0.254 0.255 0.258 
1566 CP00017770    (0)    3 :  0.260 0.245 0.247 0.248 
1567 CP00017697    (0)    2 :  0.232 0.256 0.256 0.256 
1568 CP00017739    (0)    3 :  0.238 0.254 0.254 0.254 
1569 CP00017681    (0)    3 :  0.229 0.254 0.261 0.255 
1570 CP00017685    (0)    3 :  0.259 0.244 0.248 0.249 
1571 CP00017696    (0)    2 :  0.258 0.246 0.249 0.247 
1572 CP00017679    (0)    3 :  0.270 0.246 0.242 0.243 
1573 CP00017766    (0)    3 :  0.250 0.249 0.249 0.252 
1574 CP00017702    (0)    2 :  0.245 0.255 0.249 0.251 
1575 CP00017715    (0)    3 :  0.276 0.241 0.241 0.241 
1576 CP00017676    (0)    3 :  0.252 0.249 0.248 0.251 
1577 CP00017700    (0)    2 :  0.284 0.243 0.236 0.238 
1578 CP00017723    (0)    3 :  0.242 0.249 0.258 0.252 
1579 CP00017724    (0)    3 :  0.242 0.251 0.253 0.253 
1580 CP00017725    (0)    3 :  0.231 0.255 0.257 0.257 
1581 CP00017673    (0)    3 :  0.233 0.252 0.259 0.256 
1582 CP00017735    (0)    3 :  0.248 0.256 0.249 0.246 
1583 CP00017737    (0)    3 :  0.227 0.261 0.255 0.257 
1584 CP00017760    (0)    3 :  0.245 0.247 0.255 0.253 
1585 CP00017731    (0)    3 :  0.247 0.246 0.252 0.255 
1586 CP00017706    (0)    2 :  0.253 0.249 0.249 0.249 
1587 CP00017672    (0)    3 :  0.261 0.242 0.248 0.249 
1588 CP00017769    (0)    3 :  0.226 0.260 0.258 0.257 
1589 CP00017698    (0)    2 :  0.253 0.246 0.251 0.251 
1590 CP00017699    (0)    2 :  0.232 0.254 0.258 0.256 
1591 CP00017683    (0)    3 :  0.265 0.245 0.248 0.242 
1592 CP00017765    (0)    3 :  0.238 0.256 0.252 0.254 
1593 CP00017756    (0)    3 :  0.253 0.247 0.251 0.249 
1594 CP00017677    (0)    3 :  0.264 0.246 0.244 0.245 
1595 CP00017752    (0)    3 :  0.233 0.250 0.259 0.257 
1596 CP00017686    (0)    3 :  0.272 0.249 0.238 0.242 
1597 CP00017736    (0)    3 :  0.239 0.253 0.255 0.252 
1598 CP00017753    (0)    3 :  0.247 0.251 0.250 0.251 
1599 CP00017727    (0)    3 :  0.248 0.248 0.255 0.249 
1600 CP00017721    (0)    3 :  0.257 0.245 0.249 0.250 
1601 CP00017754    (0)    3 :  0.249 0.245 0.254 0.252 
1602 CP00017692    (0)    2 :  0.279 0.237 0.242 0.243 
1603 CP00017718    (0)    3 :  0.258 0.243 0.249 0.250 
1604 CP00017691    (0)    3 :  0.233 0.258 0.256 0.252 
1605 CP00017726    (0)    3 :  0.256 0.241 0.255 0.249 
1606 CP00017705    (0)    2 :  0.239 0.253 0.255 0.253 
1607 CP00017701    (0)    2 :  0.255 0.247 0.249 0.249 
1608 CP00017711    (0)    3 :  0.232 0.251 0.258 0.258 
1609 CP00017704    (0)    2 :  0.268 0.246 0.241 0.245 
1610 CP00017761    (0)    3 :  0.231 0.255 0.256 0.258 
1611 CP00017720    (0)    3 :  0.248 0.246 0.254 0.252 
1612 CP00017678    (0)    3 :  0.269 0.243 0.245 0.243 
1613 CP00017671    (0)    3 :  0.233 0.263 0.253 0.252 
1614 CP00017722    (0)    3 :  0.271 0.240 0.245 0.243 
1615 CP00017675    (0)    3 :  0.233 0.252 0.258 0.257 
1616 CP00017709    (0)    2 :  0.249 0.252 0.249 0.250 
1617 CP00017684    (0)    3 :  0.237 0.250 0.258 0.256 
1618 CP00017729    (0)    3 :  0.253 0.243 0.251 0.253 
1619 CP00017751    (0)    3 :  0.247 0.255 0.250 0.248 
1620 CP00017703    (3)    2 :  0.231 0.258 0.254 0.256 
1621 CP00017764    (0)    3 :  0.247 0.251 0.251 0.250 
1622 CP00017716    (0)    3 :  0.250 0.250 0.250 0.250 
1623 CP00017693    (0)    2 :  0.234 0.258 0.253 0.254 
1624 CP00017740    (0)    3 :  0.242 0.262 0.245 0.251 
1625 CP00017728    (0)    3 :  0.258 0.246 0.248 0.249 
1626 CP00017713    (0)    3 :  0.247 0.255 0.248 0.250 
1627 CP00017738    (0)    3 :  0.257 0.246 0.249 0.248 
1628 CP00017732    (0)    3 :  0.253 0.249 0.251 0.247 
1629 CP00017674    (0)    3 :  0.281 0.239 0.240 0.240 
1630 CP00017708    (0)    2 :  0.266 0.246 0.243 0.244 
1631 CP00015547    (0)    3 :  0.254 0.254 0.245 0.247 
1632 CP00015567    (0)    3 :  0.253 0.249 0.248 0.250 
1633 CP00015562    (0)    3 :  0.253 0.247 0.251 0.249 
1634 CP00015644    (0)    3 :  0.233 0.260 0.251 0.256 
1635 CP00015548    (0)    3 :  0.260 0.241 0.251 0.247 
1636 CP00015649    (0)    3 :  0.264 0.246 0.245 0.245 
1637 CP00015670    (0)    3 :  0.240 0.252 0.254 0.254 
1638 CP00015546    (0)    3 :  0.230 0.255 0.257 0.258 
1639 CP00015629    (0)    3 :  0.249 0.255 0.244 0.252 
1640 CP00015558    (0)    3 :  0.261 0.249 0.246 0.244 
1641 CP00015654    (0)    3 :  0.229 0.253 0.261 0.258 
1642 CP00015623    (0)    3 :  0.250 0.253 0.248 0.248 
1643 CP00015650    (0)    3 :  0.250 0.252 0.248 0.250 
1644 CP00015526    (0)    3 :  0.238 0.253 0.253 0.255 
1645 CP00015636    (0)    3 :  0.250 0.256 0.247 0.246 
1646 CP00015661    (0)    3 :  0.242 0.248 0.255 0.255 
1647 CP00015626    (0)    3 :  0.233 0.260 0.253 0.254 
1648 CP00015647    (0)    3 :  0.242 0.253 0.252 0.253 
1649 CP00015630    (0)    3 :  0.236 0.256 0.254 0.255 
1650 CP00015533    (0)    3 :  0.232 0.256 0.255 0.256 
1651 CP00015532    (0)    3 :  0.282 0.244 0.236 0.238 
1652 CP00015541    (0)    3 :  0.262 0.244 0.247 0.247 
1653 CP00015549    (0)    3 :  0.249 0.251 0.250 0.250 
1654 CP00015539    (0)    1 :  0.240 0.262 0.248 0.250 
1655 CP00015667    (0)    3 :  0.241 0.255 0.250 0.253 
1656 CP00015534    (0)    1 :  0.240 0.250 0.256 0.254 
1657 CP00015551    (0)    3 :  0.257 0.249 0.246 0.247 
1658 CP00015568    (0)    1 :  0.252 0.248 0.248 0.252 
1659 CP00015645    (0)    1 :  0.237 0.255 0.255 0.253 
1660 CP00015543    (0)    1 :  0.251 0.252 0.251 0.246 
1661 CP00015531    (0)    1 :  0.256 0.251 0.246 0.247 
1662 CP00015659    (0)    1 :  0.247 0.254 0.248 0.251 
1663 CP00015563    (0)    1 :  0.236 0.252 0.256 0.255 
1664 CP00015553    (0)    1 :  0.253 0.248 0.249 0.250 
1665 CP00015668    (0)    3 :  0.249 0.252 0.248 0.251 
1666 CP00015555    (0)    3 :  0.239 0.257 0.251 0.252 
1667 CP00015621    (0)    3 :  0.267 0.243 0.245 0.245 
1668 CP00015669    (0)    3 :  0.251 0.250 0.251 0.248 
1669 CP00015666    (0)    3 :  0.255 0.247 0.251 0.247 
1670 CP00015663    (0)    3 :  0.240 0.262 0.247 0.251 
1671 CP00015624    (0)    3 :  0.264 0.252 0.241 0.243 
1672 CP00015625    (0)    3 :  0.239 0.255 0.254 0.252 
1673 CP00015665    (0)    3 :  0.248 0.252 0.247 0.252 
1674 CP00015664    (0)    3 :  0.273 0.245 0.243 0.239 
1675 CP00015535    (0)    3 :  0.271 0.248 0.237 0.243 
1676 CP00015524    (0)    3 :  0.250 0.248 0.252 0.250 
1677 CP00015653    (0)    3 :  0.253 0.248 0.249 0.250 
1678 CP00015652    (0)    3 :  0.245 0.247 0.256 0.252 
1679 CP00015538    (0)    3 :  0.235 0.258 0.252 0.255 
1680 CP00015642    (0)    3 :  0.265 0.254 0.240 0.242 
1681 CP00015634    (0)    3 :  0.243 0.252 0.255 0.250 
1682 CP00015540    (0)    3 :  0.238 0.250 0.255 0.257 
1683 CP00015552    (0)    3 :  0.260 0.248 0.247 0.245 
1684 CP00015570    (0)    3 :  0.257 0.239 0.253 0.251 
1685 CP00015557    (0)    3 :  0.250 0.261 0.243 0.246 
1686 CP00015662    (0)    3 :  0.257 0.253 0.243 0.247 
1687 CP00015635    (0)    1 :  0.254 0.249 0.248 0.249 
1688 CP00015643    (0)    1 :  0.247 0.258 0.245 0.250 
1689 CP00015646    (0)    1 :  0.246 0.254 0.251 0.249 
1690 CP00015554    (0)    1 :  0.240 0.255 0.254 0.251 
1691 CP00015527    (0)    1 :  0.234 0.253 0.255 0.259 
1692 CP00015523    (0)    1 :  0.247 0.248 0.252 0.252 
1693 CP00015627    (0)    3 :  0.232 0.258 0.257 0.254 
1694 CP00015564    (0)    1 :  0.228 0.250 0.263 0.259 
1695 CP00015560    (0)    1 :  0.245 0.255 0.248 0.252 
1696 CP00015525    (0)    1 :  0.235 0.256 0.254 0.256 
1697 CP00015628    (0)    3 :  0.249 0.247 0.252 0.252 
1698 CP00015651    (0)    1 :  0.256 0.251 0.246 0.247 
1699 CP00017568    (0)    2 :  0.245 0.249 0.254 0.252 
1700 CP00017580    (0)    2 :  0.266 0.239 0.248 0.246 
1701 CP00017575    (0)    2 :  0.238 0.259 0.251 0.253 
1702 CP00017577    (0)    2 :  0.244 0.252 0.254 0.250 
1703 CP00017593    (0)    2 :  0.238 0.258 0.251 0.252 
1704 CP00017560    (0)    2 :  0.276 0.242 0.240 0.242 
1705 CP00017592    (0)    2 :  0.248 0.246 0.255 0.251 
1706 CP00017550    (0)    2 :  0.264 0.247 0.242 0.247 
1707 CP00017614    (0)    2 :  0.260 0.252 0.243 0.245 
1708 CP00017579    (0)    2 :  0.229 0.249 0.262 0.260 
1709 CP00017536    (0)    2 :  0.233 0.252 0.258 0.257 
1710 CP00017538    (0)    2 :  0.248 0.244 0.254 0.255 
1711 CP00017596    (0)    2 :  0.264 0.249 0.243 0.245 
1712 CP00017524    (0)    2 :  0.242 0.254 0.252 0.252 
1713 CP00017543    (0)    2 :  0.267 0.245 0.244 0.244 
1714 CP00017578    (0)    2 :  0.315 0.225 0.230 0.230 
1715 CP00017588    (0)    2 :  0.287 0.242 0.235 0.236 
1716 CP00017539    (0)    2 :  0.272 0.242 0.242 0.244 
1717 CP00017545    (0)    2 :  0.250 0.257 0.246 0.247 
1718 CP00017581    (0)    2 :  0.266 0.247 0.244 0.242 
1719 CP00017527    (0)    2 :  0.263 0.244 0.248 0.245 
1720 CP00017531    (0)    2 :  0.234 0.255 0.256 0.255 
1721 CP00017582    (0)    2 :  0.253 0.254 0.243 0.249 
1722 CP00017554    (0)    2 :  0.236 0.260 0.253 0.251 
1723 CP00017595    (0)    2 :  0.229 0.256 0.256 0.259 
1724 CP00017589    (0)    2 :  0.236 0.257 0.253 0.255 
1725 CP00017541    (0)    2 :  0.240 0.252 0.256 0.252 
1726 CP00017532    (0)    2 :  0.241 0.250 0.255 0.254 
1727 CP00017544    (0)    2 :  0.263 0.252 0.241 0.245 
1728 CP00017561    (0)    2 :  0.253 0.254 0.248 0.246 
1729 CP00017572    (0)    2 :  0.241 0.257 0.249 0.253 
1730 CP00017525    (0)    2 :  0.235 0.240 0.264 0.261 
1731 CP00017523    (0)    2 :  0.263 0.244 0.246 0.247 
1732 CP00017612    (0)    2 :  0.256 0.247 0.248 0.249 
1733 CP00017571    (0)    2 :  0.246 0.256 0.250 0.247 
1734 CP00017613    (0)    2 :  0.280 0.239 0.241 0.241 
1735 CP00017521    (0)    2 :  0.250 0.258 0.245 0.247 
1736 CP00017522    (0)    2 :  0.248 0.245 0.254 0.253 
1737 CP00017540    (0)    2 :  0.267 0.245 0.246 0.243 
1738 CP00017590    (0)    2 :  0.247 0.248 0.253 0.252 
1739 CP00017601    (0)    2 :  0.257 0.250 0.244 0.249 
1740 CP00017576    (0)    2 :  0.231 0.259 0.252 0.258 
1741 CP00017551    (0)    2 :  0.243 0.254 0.251 0.251 
1742 CP00017605    (0)    2 :  0.275 0.237 0.246 0.241 
1743 CP00017570    (0)    2 :  0.253 0.254 0.247 0.246 
1744 CP00017547    (0)    2 :  0.239 0.248 0.258 0.255 
1745 CP00017564    (0)    2 :  0.253 0.252 0.244 0.250 
1746 CP00017585    (0)    2 :  0.251 0.248 0.250 0.251 
1747 CP00017574    (0)    2 :  0.247 0.253 0.247 0.252 
1748 CP00017552    (0)    2 :  0.260 0.247 0.246 0.247 
1749 CP00017537    (0)    2 :  0.237 0.254 0.254 0.255 
1750 CP00017607    (0)    2 :  0.271 0.246 0.241 0.242 
1751 CP00017566    (0)    2 :  0.234 0.250 0.258 0.258 
1752 CP00017617    (0)    2 :  0.241 0.258 0.247 0.254 
1753 CP00017611    (0)    2 :  0.253 0.248 0.252 0.247 
1754 CP00017610    (0)    2 :  0.257 0.252 0.246 0.245 
1755 CP00017562    (0)    2 :  0.244 0.256 0.248 0.252 
1756 CP00017584    (0)    2 :  0.239 0.247 0.258 0.256 
1757 CP00017548    (0)    2 :  0.249 0.247 0.253 0.251 
1758 CP00017597    (0)    2 :  0.252 0.250 0.249 0.249 
1759 CP00017556    (0)    2 :  0.238 0.255 0.255 0.252 
1760 CP00017586    (0)    2 :  0.245 0.255 0.250 0.250 
1761 CP00017549    (0)    2 :  0.240 0.253 0.255 0.252 
1762 CP00017542    (0)    2 :  0.250 0.249 0.252 0.249 
1763 CP00017609    (0)    2 :  0.244 0.251 0.255 0.251 
1764 CP00017553    (0)    2 :  0.251 0.250 0.249 0.250 
1765 CP00017603    (0)    2 :  0.240 0.243 0.260 0.257 
1766 CP00017533    (0)    2 :  0.246 0.249 0.254 0.251 
1767 CP00017535    (0)    2 :  0.258 0.248 0.248 0.246 
1768 CP00017565    (0)    2 :  0.235 0.248 0.260 0.257 
1769 CP00017615    (0)    2 :  0.238 0.255 0.252 0.255 
1770 CP00017619    (0)    2 :  0.231 0.256 0.255 0.258 
1771 CP00017620    (0)    2 :  0.264 0.246 0.248 0.242 
1772 CP00017567    (0)    2 :  0.246 0.241 0.257 0.256 
1773 CP00017529    (0)    2 :  0.242 0.252 0.253 0.253 
1774 CP00017569    (0)    2 :  0.273 0.246 0.239 0.241 
1775 CP00017608    (0)    2 :  0.245 0.253 0.251 0.251 
1776 CP00017558    (0)    2 :  0.232 0.247 0.262 0.259 
1777 CP00017555    (0)    2 :  0.243 0.254 0.252 0.251 
1778 CP00017618    (0)    2 :  0.244 0.260 0.246 0.250 
1779 CP00017557    (0)    2 :  0.271 0.245 0.242 0.242 
1780 CP00017606    (0)    2 :  0.237 0.253 0.252 0.258 
1781 CP00017600    (0)    2 :  0.262 0.249 0.245 0.245 
1782 CP00017583    (0)    2 :  0.227 0.260 0.257 0.256 
1783 CP00017599    (0)    2 :  0.230 0.257 0.256 0.257 
1784 CP00017530    (0)    2 :  0.263 0.250 0.245 0.243 
1785 CP00017546    (0)    2 :  0.244 0.258 0.249 0.249 
1786 CP00017616    (0)    2 :  0.258 0.244 0.248 0.250 
1787 CP00017559    (0)    2 :  0.265 0.248 0.245 0.242 
1788 CP00017563    (0)    2 :  0.234 0.255 0.256 0.255 
1789 CP00017602    (0)    2 :  0.251 0.246 0.252 0.251 
1790 CP00017591    (0)    2 :  0.227 0.261 0.255 0.257 
1791 CP00017598    (0)    2 :  0.242 0.255 0.250 0.253 
1792 CP00017526    (0)    2 :  0.261 0.246 0.246 0.246 
1793 CP00017604    (0)    2 :  0.234 0.246 0.261 0.260 
1794 CP00015690    (0)    1 :  0.271 0.236 0.248 0.245 
1795 CP00015069    (3)    1 :  0.233 0.261 0.251 0.254 
1796 CP00015687    (0)    1 :  0.229 0.257 0.257 0.257 
1797 CP00015708    (0)    1 :  0.239 0.260 0.250 0.251 
1798 CP00015720    (0)    1 :  0.277 0.249 0.235 0.239 
1799 CP00049555    (0)    1 :  0.231 0.257 0.257 0.255 
1800 CP00049558    (0)    1 :  0.261 0.246 0.246 0.248 
1801 CP00015068    (0)    1 :  0.250 0.249 0.251 0.250 
1802 CP00015710    (0)    1 :  0.260 0.245 0.248 0.247 
1803 CP00049570    (0)    1 :  0.226 0.253 0.261 0.260 
1804 CP00049556    (0)    1 :  0.244 0.256 0.248 0.252 
1805 CP00049534    (0)    3 :  0.234 0.247 0.261 0.258 
1806 CP00049543    (0)    3 :  0.246 0.251 0.252 0.251 
1807 CP00049539    (0)    3 :  0.242 0.254 0.253 0.251 
1808 CP00049567    (0)    3 :  0.242 0.253 0.252 0.253 
1809 CP00015706    (0)    1 :  0.237 0.252 0.256 0.255 
1810 CP00015063    (0)    3 :  0.247 0.254 0.249 0.249 
1811 CP00015067    (0)    3 :  0.241 0.256 0.251 0.252 
1812 CP00049536    (0)    3 :  0.293 0.240 0.234 0.234 
1813 CP00049560    (0)    3 :  0.235 0.264 0.246 0.254 
1814 CP00049529    (0)    3 :  0.238 0.255 0.253 0.253 
1815 CP00015699    (0)    1 :  0.244 0.254 0.250 0.252 
1816 CP00015066    (0)    3 :  0.244 0.246 0.255 0.255 
1817 CP00015712    (0)    1 :  0.238 0.256 0.252 0.254 
1818 CP00049526    (0)    3 :  0.241 0.248 0.255 0.256 
1819 CP00049562    (0)    3 :  0.259 0.246 0.249 0.246 
1820 CP00049525    (0)    3 :  0.245 0.252 0.249 0.253 
1821 CP00015689    (0)    1 :  0.247 0.244 0.254 0.255 
1822 CP00049544    (0)    3 :  0.238 0.258 0.251 0.253 
1823 CP00049545    (0)    3 :  0.245 0.253 0.249 0.253 
1824 CP00049541    (0)    3 :  0.232 0.254 0.257 0.257 
1825 CP00049528    (0)    3 :  0.264 0.247 0.245 0.245 
1826 CP00049521    (0)    3 :  0.260 0.253 0.244 0.244 
1827 CP00015709    (0)    1 :  0.273 0.250 0.236 0.241 
1828 CP00015716    (0)    1 :  0.259 0.241 0.252 0.249 
1829 CP00015688    (0)    1 :  0.271 0.244 0.244 0.241 
1830 CP00015700    (0)    1 :  0.242 0.253 0.254 0.251 
1831 CP00049549    (0)    3 :  0.251 0.249 0.250 0.250 
1832 CP00049550    (0)    3 :  0.240 0.252 0.254 0.254 
1833 CP00015070    (0)    3 :  0.256 0.244 0.253 0.247 
1834 CP00015686    (0)    1 :  0.276 0.242 0.240 0.242 
1835 CP00015062    (0)    3 :  0.270 0.237 0.246 0.246 
1836 CP00049563    (0)    3 :  0.254 0.248 0.249 0.248 
1837 CP00049537    (0)    3 :  0.243 0.257 0.250 0.249 
1838 CP00049551    (0)    3 :  0.249 0.248 0.253 0.250 
1839 CP00049535    (0)    3 :  0.253 0.247 0.249 0.250 
1840 CP00015719    (0)    1 :  0.274 0.248 0.237 0.242 
1841 CP00015697    (0)    1 :  0.238 0.251 0.256 0.254 
1842 CP00015714    (0)    1 :  0.264 0.243 0.248 0.245 
1843 CP00015715    (0)    1 :  0.252 0.253 0.248 0.247 
1844 CP00049559    (0)    3 :  0.249 0.247 0.251 0.253 
1845 CP00049566    (0)    3 :  0.259 0.242 0.249 0.251 
1846 CP00049542    (0)    3 :  0.264 0.241 0.248 0.246 
1847 CP00049530    (0)    3 :  0.243 0.253 0.252 0.252 
1848 CP00049532    (0)    3 :  0.231 0.253 0.257 0.258 
1849 CP00049554    (0)    3 :  0.272 0.244 0.242 0.242 
1850 CP00049564    (0)    3 :  0.258 0.248 0.248 0.245 
1851 CP00015702    (0)    1 :  0.247 0.251 0.253 0.250 
1852 CP00015681    (0)    1 :  0.256 0.242 0.251 0.250 
1853 CP00015718    (0)    1 :  0.243 0.246 0.255 0.257 
1854 CP00015698    (0)    1 :  0.260 0.245 0.248 0.247 
1855 CP00049531    (0)    3 :  0.271 0.244 0.243 0.242 
1856 CP00049548    (0)    3 :  0.251 0.250 0.248 0.251 
1857 CP00015695    (0)    1 :  0.260 0.240 0.249 0.251 
1858 CP00015692    (0)    1 :  0.243 0.250 0.254 0.253 
1859 CP00015693    (0)    1 :  0.240 0.259 0.249 0.252 
1860 CP00049522    (0)    3 :  0.242 0.257 0.249 0.252 
1861 CP00049546    (0)    3 :  0.245 0.248 0.254 0.252 
1862 CP00049557    (0)    3 :  0.241 0.247 0.255 0.258 
1863 CP00049533    (0)    3 :  0.247 0.253 0.247 0.253 
1864 CP00015683    (0)    1 :  0.237 0.251 0.259 0.253 
1865 CP00015713    (0)    1 :  0.259 0.243 0.251 0.247 
1866 CP00015684    (0)    1 :  0.238 0.252 0.255 0.255 
1867 CP00015696    (0)    1 :  0.237 0.251 0.255 0.258 
1868 CP00049538    (0)    3 :  0.244 0.247 0.255 0.254 
1869 CP00015705    (0)    1 :  0.236 0.250 0.259 0.255 
1870 CP00015691    (0)    1 :  0.248 0.251 0.250 0.251 
1871 CP00049547    (0)    1 :  0.270 0.243 0.243 0.244 
1872 CP00015065    (0)    1 :  0.242 0.252 0.255 0.252 
1873 CP00049540    (0)    1 :  0.234 0.248 0.260 0.257 
1874 CP00015703    (0)    1 :  0.236 0.248 0.259 0.256 
1875 CP00049552    (0)    1 :  0.240 0.262 0.247 0.251 
1876 CP00015682    (0)    1 :  0.236 0.258 0.252 0.254 
1877 CP00015064    (0)    3 :  0.241 0.260 0.249 0.250 
1878 CP00015685    (0)    1 :  0.246 0.249 0.252 0.253 
1879 CP00015061    (0)    3 :  0.255 0.254 0.244 0.248 
1880 CP00021003    (0)    1 :  0.246 0.247 0.254 0.252 
1881 CP00021007    (0)    1 :  0.253 0.250 0.250 0.247 
1882 CP00021019    (0)    1 :  0.246 0.251 0.251 0.252 
1883 CP00020975    (0)    1 :  0.262 0.245 0.248 0.245 
1884 CP00020971    (0)    1 :  0.255 0.251 0.249 0.246 
1885 CP00020972    (0)    1 :  0.262 0.242 0.250 0.245 
1886 CP00020973    (0)    1 :  0.253 0.250 0.248 0.249 
1887 CP00021002    (0)    1 :  0.223 0.264 0.255 0.257 
1888 CP00021008    (0)    1 :  0.270 0.242 0.245 0.243 
1889 CP00021020    (0)    1 :  0.232 0.253 0.259 0.256 
1890 CP00021016    (0)    1 :  0.233 0.254 0.257 0.256 
1891 CP00020999    (0)    1 :  0.236 0.255 0.254 0.255 
1892 CP00021000    (0)    1 :  0.228 0.255 0.258 0.260 
1893 CP00020996    (0)    1 :  0.246 0.247 0.254 0.253 
1894 CP00021005    (0)    1 :  0.246 0.249 0.253 0.252 
1895 CP00020976    (0)    1 :  0.240 0.259 0.249 0.252 
1896 CP00021009    (0)    1 :  0.236 0.254 0.257 0.253 
1897 CP00021010    (0)    1 :  0.237 0.251 0.257 0.255 
1898 CP00020998    (0)    1 :  0.237 0.255 0.253 0.254 
1899 CP00020997    (0)    1 :  0.238 0.256 0.254 0.253 
1900 CP00021017    (0)    1 :  0.260 0.247 0.247 0.246 
1901 CP00021018    (0)    1 :  0.240 0.248 0.257 0.256 
1902 CP00020974    (0)    1 :  0.261 0.251 0.246 0.242 
1903 CP00021015    (0)    1 :  0.232 0.254 0.257 0.257 
1904 CP00021006    (0)    1 :  0.239 0.256 0.252 0.253 
1905 CP00020991    (0)    1 :  0.280 0.238 0.241 0.241 
1906 CP00020977    (0)    1 :  0.232 0.248 0.263 0.258 
1907 CP00020993    (0)    1 :  0.245 0.245 0.256 0.254 
1908 CP00020995    (0)    1 :  0.262 0.242 0.248 0.248 
1909 CP00021004    (0)    1 :  0.281 0.244 0.238 0.237 
1910 CP00020992    (3)    1 :  0.231 0.255 0.258 0.256 
1911 CP00021001    (0)    1 :  0.262 0.250 0.244 0.244 
1912 CP00020866    (0)    3 :  0.266 0.244 0.244 0.246 
1913 CP00020822    (0)    3 :  0.251 0.251 0.250 0.248 
1914 CP00072624    (0)    3 :  0.254 0.254 0.245 0.247 
1915 CP00072595    (0)    2 :  0.258 0.250 0.248 0.244 
1916 CP00072586    (0)    2 :  0.253 0.252 0.245 0.250 
1917 CP00072605    (0)    3 :  0.234 0.249 0.257 0.260 
1918 CP00072615    (0)    3 :  0.238 0.257 0.251 0.254 
1919 CP00072633    (0)    1 :  0.232 0.254 0.257 0.257 
1920 CP00072589    (0)    2 :  0.275 0.241 0.243 0.242 
1921 CP00072630    (0)    3 :  0.240 0.251 0.256 0.253 
1922 CP00072593    (0)    2 :  0.247 0.256 0.247 0.249 
1923 CP00072614    (0)    3 :  0.255 0.247 0.250 0.248 
1924 CP00072617    (0)    3 :  0.238 0.251 0.254 0.256 
1925 CP00072618    (0)    3 :  0.238 0.255 0.251 0.256 
1926 CP00072583    (0)    2 :  0.234 0.256 0.255 0.255 
1927 CP00072637    (0)    1 :  0.239 0.254 0.255 0.252 
1928 CP00072612    (0)    3 :  0.239 0.254 0.253 0.254 
1929 CP00072579    (0)    1 :  0.236 0.258 0.253 0.253 
1930 CP00072629    (0)    3 :  0.244 0.256 0.250 0.249 
1931 CP00072607    (0)    3 :  0.239 0.254 0.253 0.254 
1932 CP00072613    (0)    3 :  0.250 0.255 0.247 0.249 
1933 CP00072644    (0)    3 :  0.234 0.251 0.258 0.258 
1934 CP00072627    (0)    3 :  0.270 0.241 0.245 0.244 
1935 CP00072584    (0)    2 :  0.260 0.247 0.247 0.246 
1936 CP00072611    (0)    3 :  0.237 0.255 0.253 0.255 
1937 CP00072578    (0)    1 :  0.236 0.249 0.257 0.258 
1938 CP00072608    (0)    3 :  0.227 0.258 0.257 0.258 
1939 CP00072628    (0)    3 :  0.265 0.247 0.244 0.244 
1940 CP00072606    (0)    3 :  0.288 0.239 0.236 0.237 
1941 CP00072645    (0)    3 :  0.251 0.245 0.253 0.251 
1942 CP00072638    (0)    1 :  0.242 0.249 0.257 0.251 
1943 CP00072580    (0)    1 :  0.239 0.256 0.252 0.253 
1944 CP00072588    (0)    2 :  0.254 0.249 0.247 0.249 
1945 CP00072591    (0)    2 :  0.248 0.252 0.252 0.248 
1946 CP00072590    (0)    2 :  0.249 0.252 0.251 0.247 
1947 CP00072592    (0)    2 :  0.261 0.252 0.243 0.244 
1948 CP00072582    (0)    1 :  0.266 0.246 0.243 0.245 
1949 CP00072609    (0)    3 :  0.268 0.243 0.246 0.243 
1950 CP00072635    (0)    1 :  0.265 0.249 0.244 0.242 
1951 CP00072647    (0)    1 :  0.250 0.256 0.247 0.246 
1952 CP00072585    (0)    2 :  0.231 0.256 0.255 0.259 
1953 CP00072587    (0)    2 :  0.232 0.259 0.253 0.256 
1954 CP00072639    (0)    1 :  0.256 0.252 0.247 0.245 
1955 CP00072640    (0)    1 :  0.240 0.253 0.256 0.252 
1956 CP00072625    (0)    3 :  0.237 0.254 0.256 0.253 
1957 CP00072576    (0)    1 :  0.249 0.253 0.250 0.249 
1958 CP00072634    (0)    1 :  0.250 0.249 0.250 0.250 
1959 CP00072619    (0)    3 :  0.247 0.247 0.254 0.252 
1960 CP00072621    (0)    3 :  0.249 0.249 0.251 0.251 
1961 CP00072571    (0)    1 :  0.250 0.254 0.248 0.248 
1962 CP00072646    (0)    1 :  0.228 0.255 0.259 0.258 
1963 CP00072622    (0)    1 :  0.241 0.253 0.254 0.252 
1964 CP00072577    (0)    1 :  0.254 0.254 0.243 0.249 
1965 CP00072610    (0)    3 :  0.223 0.258 0.259 0.260 
1966 CP00072620    (0)    3 :  0.237 0.245 0.261 0.258 
1967 CP00072616    (0)    3 :  0.288 0.240 0.235 0.237 
1968 CP00072623    (0)    3 :  0.248 0.250 0.251 0.251 
1969 CP00072626    (0)    3 :  0.237 0.253 0.257 0.254 
1970 CP00072641    (0)    1 :  0.245 0.249 0.252 0.254 
1971 CP00072642    (0)    3 :  0.243 0.251 0.253 0.253 
1972 CP00072157    (0)    3 :  0.232 0.255 0.257 0.256 
1973 CP00072132    (0)    3 :  0.246 0.246 0.255 0.252 
1974 CP00072144    (0)    3 :  0.256 0.240 0.254 0.251 
1975 CP00072148    (0)    3 :  0.242 0.245 0.257 0.256 
1976 CP00072169    (0)    3 :  0.264 0.242 0.248 0.246 
1977 CP00072133    (0)    3 :  0.252 0.245 0.252 0.251 
1978 CP00072139    (0)    3 :  0.234 0.255 0.256 0.255 
1979 CP00072155    (0)    1 :  0.265 0.240 0.249 0.246 
1980 CP00072143    (0)    1 :  0.284 0.241 0.238 0.237 
1981 CP00072136    (0)    1 :  0.234 0.251 0.256 0.259 
1982 CP00075424    (0)    1 :  0.283 0.239 0.239 0.239 
1983 CP00075416    (0)    1 :  0.246 0.255 0.248 0.251 
1984 CP00075420    (0)    1 :  0.260 0.246 0.249 0.245 
1985 CP00072159    (0)    1 :  0.268 0.243 0.245 0.244 
1986 CP00072137    (0)    1 :  0.242 0.253 0.252 0.252 
1987 CP00075415    (0)    1 :  0.243 0.252 0.252 0.253 
1988 CP00072131    (0)    1 :  0.245 0.244 0.256 0.255 
1989 CP00072156    (0)    1 :  0.259 0.245 0.249 0.246 
1990 CP00072134    (0)    1 :  0.241 0.256 0.253 0.251 
1991 CP00072138    (0)    1 :  0.235 0.256 0.254 0.255 
1992 CP00072142    (0)    1 :  0.281 0.240 0.240 0.240 
1993 CP00072168    (0)    1 :  0.243 0.259 0.247 0.251 
1994 CP00072153    (0)    1 :  0.251 0.251 0.248 0.250 
1995 CP00072154    (0)    1 :  0.259 0.255 0.242 0.244 
1996 CP00072166    (0)    1 :  0.264 0.242 0.248 0.247 
1997 CP00075417    (0)    2 :  0.256 0.254 0.245 0.245 
1998 CP00072152    (0)    2 :  0.261 0.245 0.249 0.245 
1999 CP00072160    (0)    2 :  0.266 0.245 0.244 0.245 
2000 CP00072149    (0)    2 :  0.267 0.249 0.241 0.243 


Estimated Allele Frequencies in each cluster
First column gives estimated ancestral frequencies


Locus 1 : TH01 
6 alleles
0.0% missing data
  93   (0.244) 0.244 0.221 0.255 0.247 
  60   (0.278) 0.278 0.311 0.280 0.285 
  80   (0.141) 0.141 0.139 0.155 0.155 
  90   (0.157) 0.157 0.161 0.166 0.163 
  70   (0.145) 0.145 0.157 0.133 0.139 
 100   (0.034) 0.034 0.011 0.011 0.011 

Locus 2 : D2S1338 
14 alleles
0.0% missing data
 170   (0.203) 0.203 0.293 0.238 0.248 
 230   (0.116) 0.116 0.147 0.156 0.145 
 190   (0.082) 0.082 0.095 0.070 0.083 
 200   (0.134) 0.134 0.136 0.163 0.143 
 250   (0.072) 0.072 0.071 0.084 0.090 
 160   (0.104) 0.104 0.094 0.088 0.098 
 220   (0.043) 0.043 0.012 0.013 0.013 
 180   (0.073) 0.073 0.061 0.093 0.087 
 240   (0.094) 0.094 0.073 0.075 0.075 
 210   (0.048) 0.048 0.015 0.018 0.017 
 260   (0.019) 0.019 0.002 0.002 0.002 
 270   (0.008) 0.008 0.000 0.000 0.000 
 290   (0.002) 0.002 0.000 0.000 0.000 
 280   (0.002) 0.002 0.000 0.000 0.000 

Locus 3 : D3S1358 
9 alleles
0.0% missing data
 150   (0.226) 0.226 0.245 0.295 0.284 
 160   (0.252) 0.252 0.269 0.242 0.248 
 180   (0.167) 0.167 0.174 0.159 0.148 
 140   (0.118) 0.118 0.093 0.074 0.081 
 170   (0.185) 0.184 0.211 0.220 0.230 
 110   (0.004) 0.004 0.000 0.000 0.000 
 190   (0.039) 0.039 0.008 0.009 0.009 
 130   (0.007) 0.007 0.000 0.000 0.000 
 120   (0.003) 0.003 0.000 0.000 0.000 

Locus 4 : D8S1179 
10 alleles
0.0% missing data
 120   (0.124) 0.124 0.089 0.107 0.096 
 130   (0.251) 0.251 0.365 0.306 0.328 
 140   (0.224) 0.224 0.251 0.263 0.258 
 150   (0.133) 0.133 0.141 0.155 0.156 
 100   (0.070) 0.070 0.057 0.058 0.052 
 160   (0.047) 0.047 0.021 0.020 0.021 
  90   (0.036) 0.036 0.011 0.014 0.014 
 110   (0.067) 0.067 0.053 0.068 0.066 
 170   (0.011) 0.011 0.000 0.000 0.000 
  80   (0.037) 0.037 0.011 0.009 0.009 

Locus 5 : D16S539 
8 alleles
0.0% missing data
 100   (0.083) 0.083 0.068 0.091 0.077 
 110   (0.259) 0.259 0.290 0.297 0.299 
 120   (0.273) 0.274 0.314 0.295 0.301 
  90   (0.124) 0.124 0.129 0.103 0.104 
 130   (0.153) 0.153 0.160 0.165 0.169 
 140   (0.047) 0.047 0.023 0.030 0.030 
  80   (0.051) 0.052 0.017 0.018 0.020 
 150   (0.008) 0.008 0.000 0.000 0.000 

Locus 6 : D18S51 
17 alleles
0.0% missing data
 110   (0.037) 0.037 0.009 0.009 0.009 
 140   (0.159) 0.159 0.237 0.224 0.218 
 180   (0.070) 0.070 0.047 0.042 0.044 
 120   (0.088) 0.088 0.088 0.115 0.110 
 160   (0.153) 0.153 0.174 0.180 0.188 
 170   (0.079) 0.079 0.072 0.085 0.086 
 130   (0.118) 0.118 0.181 0.135 0.147 
 150   (0.117) 0.117 0.128 0.149 0.139 
 210   (0.043) 0.043 0.020 0.016 0.017 
 200   (0.034) 0.034 0.012 0.011 0.012 
 100   (0.021) 0.021 0.002 0.002 0.002 
 190   (0.058) 0.058 0.029 0.031 0.028 
 250   (0.002) 0.002 0.000 0.000 0.000 
  90   (0.003) 0.003 0.000 0.000 0.000 
 240   (0.005) 0.004 0.000 0.000 0.000 
 220   (0.010) 0.010 0.000 0.000 0.000 
 230   (0.003) 0.003 0.000 0.000 0.000 

Locus 7 : D19S433 
16 alleles
0.0% missing data
 120   (0.100) 0.100 0.096 0.086 0.086 
 130   (0.166) 0.167 0.216 0.263 0.256 
 132   (0.031) 0.031 0.009 0.007 0.007 
 150   (0.134) 0.134 0.120 0.126 0.145 
 140   (0.247) 0.247 0.371 0.332 0.334 
 110   (0.019) 0.019 0.002 0.002 0.002 
 160   (0.075) 0.075 0.063 0.069 0.061 
 162   (0.039) 0.039 0.016 0.015 0.015 
 142   (0.072) 0.072 0.050 0.054 0.049 
 152   (0.072) 0.072 0.054 0.044 0.043 
 170   (0.019) 0.019 0.002 0.002 0.002 
 182   (0.003) 0.003 0.000 0.000 0.000 
 172   (0.012) 0.012 0.001 0.001 0.001 
 180   (0.003) 0.003 0.000 0.000 0.000 
 122   (0.005) 0.005 0.000 0.000 0.000 
 100   (0.003) 0.003 0.000 0.000 0.000 

Locus 8 : D21S11 
16 alleles
0.0% missing data
 280   (0.130) 0.130 0.179 0.134 0.151 
 322   (0.115) 0.116 0.094 0.118 0.116 
 290   (0.229) 0.230 0.307 0.329 0.332 
 312   (0.109) 0.109 0.124 0.126 0.130 
 320   (0.021) 0.021 0.003 0.003 0.003 
 300   (0.148) 0.148 0.172 0.182 0.159 
 270   (0.042) 0.042 0.013 0.013 0.013 
 302   (0.051) 0.051 0.026 0.023 0.022 
 310   (0.045) 0.045 0.046 0.035 0.036 
 332   (0.064) 0.064 0.033 0.034 0.033 
 342   (0.010) 0.010 0.000 0.000 0.000 
 260   (0.005) 0.004 0.000 0.000 0.000 
 292   (0.024) 0.024 0.003 0.003 0.003 
 330   (0.004) 0.004 0.000 0.000 0.000 
 340   (0.002) 0.002 0.000 0.000 0.000 
 352   (0.002) 0.002 0.000 0.000 0.000 

Locus 9 : FGA 
21 alleles
0.1% missing data
 200   (0.103) 0.103 0.117 0.144 0.151 
 230   (0.137) 0.137 0.187 0.183 0.183 
 220   (0.153) 0.154 0.168 0.154 0.160 
 240   (0.130) 0.130 0.143 0.177 0.174 
 250   (0.087) 0.087 0.089 0.088 0.084 
 210   (0.150) 0.150 0.190 0.151 0.154 
 190   (0.076) 0.076 0.076 0.076 0.065 
 260   (0.051) 0.051 0.023 0.020 0.021 
 222   (0.011) 0.011 0.001 0.001 0.000 
 202   (0.002) 0.002 0.000 0.000 0.000 
 270   (0.025) 0.025 0.003 0.003 0.003 
 242   (0.008) 0.008 0.000 0.000 0.000 
 192   (0.002) 0.002 0.000 0.000 0.000 
 180   (0.020) 0.020 0.002 0.002 0.002 
 280   (0.006) 0.006 0.000 0.000 0.000 
 170   (0.002) 0.002 0.000 0.000 0.000 
 212   (0.009) 0.009 0.000 0.000 0.000 
 232   (0.015) 0.015 0.001 0.001 0.001 
 252   (0.009) 0.009 0.000 0.000 0.000 
 290   (0.004) 0.004 0.000 0.000 0.000 
 241   (0.002) 0.002 0.000 0.000 0.000 

Locus 10 : VWA 
11 alleles
0.1% missing data
 160   (0.161) 0.161 0.177 0.243 0.239 
 180   (0.214) 0.214 0.211 0.198 0.199 
 170   (0.257) 0.257 0.349 0.297 0.307 
 140   (0.115) 0.115 0.079 0.106 0.093 
 190   (0.087) 0.087 0.074 0.065 0.069 
 150   (0.109) 0.109 0.100 0.083 0.084 
 200   (0.036) 0.036 0.009 0.008 0.009 
 210   (0.006) 0.005 0.000 0.000 0.000 
 130   (0.005) 0.005 0.000 0.000 0.000 
 110   (0.010) 0.010 0.000 0.000 0.000 
 220   (0.002) 0.002 0.000 0.000 0.000 

Locus 11 : D10S1248 
9 alleles
0.0% missing data
 130   (0.171) 0.171 0.179 0.190 0.165 
 160   (0.157) 0.157 0.139 0.148 0.142 
 150   (0.277) 0.277 0.321 0.267 0.299 
 170   (0.068) 0.068 0.037 0.035 0.040 
 140   (0.267) 0.267 0.317 0.354 0.347 
 120   (0.027) 0.027 0.004 0.004 0.004 
 180   (0.013) 0.012 0.001 0.001 0.001 
 110   (0.015) 0.015 0.001 0.001 0.001 
  90   (0.005) 0.005 0.000 0.000 0.000 

Locus 12 : D22S1045 
9 alleles
0.0% missing data
 150   (0.319) 0.319 0.344 0.376 0.368 
 160   (0.273) 0.273 0.352 0.300 0.305 
 140   (0.090) 0.090 0.096 0.081 0.087 
 110   (0.142) 0.142 0.128 0.157 0.153 
 170   (0.114) 0.114 0.071 0.077 0.078 
 120   (0.015) 0.015 0.001 0.001 0.001 
 180   (0.034) 0.034 0.008 0.007 0.007 
 130   (0.004) 0.004 0.000 0.000 0.000 
 190   (0.009) 0.009 0.000 0.000 0.000 

Locus 13 : D2S441 
11 alleles
0.0% missing data
 140   (0.271) 0.271 0.335 0.351 0.352 
 160   (0.029) 0.029 0.006 0.006 0.006 
 100   (0.126) 0.126 0.155 0.112 0.134 
 130   (0.038) 0.038 0.013 0.012 0.013 
 113   (0.112) 0.112 0.076 0.096 0.091 
 110   (0.276) 0.276 0.341 0.356 0.337 
 150   (0.056) 0.056 0.023 0.022 0.023 
 120   (0.070) 0.070 0.048 0.045 0.043 
 123   (0.012) 0.012 0.001 0.001 0.001 
 101   (0.003) 0.003 0.000 0.000 0.000 
  90   (0.006) 0.006 0.000 0.000 0.000 

Locus 14 : D1S1656 
18 alleles
0.0% missing data
 130   (0.066) 0.066 0.070 0.120 0.115 
 150   (0.138) 0.138 0.181 0.169 0.172 
 120   (0.109) 0.109 0.133 0.133 0.138 
 170   (0.063) 0.063 0.046 0.038 0.038 
 140   (0.087) 0.088 0.075 0.066 0.072 
 110   (0.076) 0.076 0.081 0.104 0.086 
 173   (0.096) 0.096 0.118 0.093 0.105 
 153   (0.064) 0.064 0.054 0.053 0.051 
 160   (0.115) 0.115 0.129 0.117 0.122 
 183   (0.060) 0.060 0.037 0.034 0.033 
 163   (0.074) 0.074 0.065 0.061 0.057 
 193   (0.032) 0.032 0.010 0.009 0.009 
 180   (0.010) 0.010 0.001 0.001 0.001 
 100   (0.003) 0.003 0.000 0.000 0.000 
 162   (0.002) 0.002 0.000 0.000 0.000 
 190   (0.002) 0.002 0.000 0.000 0.000 
  90   (0.002) 0.002 0.000 0.000 0.000 
 143   (0.002) 0.002 0.000 0.000 0.000 

Locus 15 : D12S391 
17 alleles
0.0% missing data
 230   (0.060) 0.060 0.055 0.058 0.062 
 240   (0.053) 0.053 0.025 0.027 0.027 
 150   (0.067) 0.067 0.059 0.048 0.055 
 170   (0.093) 0.093 0.097 0.086 0.090 
 160   (0.040) 0.040 0.027 0.028 0.024 
 220   (0.107) 0.107 0.151 0.136 0.155 
 190   (0.108) 0.108 0.137 0.157 0.145 
 200   (0.090) 0.090 0.096 0.122 0.116 
 210   (0.079) 0.079 0.096 0.090 0.090 
 180   (0.158) 0.158 0.203 0.200 0.187 
 193   (0.029) 0.030 0.005 0.005 0.005 
 183   (0.051) 0.051 0.039 0.031 0.034 
 173   (0.013) 0.013 0.001 0.001 0.001 
 260   (0.017) 0.017 0.001 0.001 0.001 
 250   (0.031) 0.031 0.009 0.009 0.009 
 203   (0.002) 0.002 0.000 0.000 0.000 
 270   (0.002) 0.002 0.000 0.000 0.000 

Locus 16 : SE33 
55 alleles
0.1% missing data
 242   (0.038) 0.038 0.031 0.027 0.029 
 302   (0.041) 0.041 0.036 0.032 0.032 
 200   (0.043) 0.043 0.059 0.063 0.061 
 190   (0.051) 0.051 0.101 0.141 0.135 
 252   (0.033) 0.033 0.025 0.024 0.025 
 232   (0.038) 0.038 0.032 0.036 0.034 
 312   (0.033) 0.033 0.016 0.014 0.014 
 180   (0.054) 0.054 0.093 0.099 0.086 
 160   (0.036) 0.036 0.063 0.074 0.069 
 272   (0.044) 0.044 0.079 0.053 0.054 
 170   (0.053) 0.053 0.132 0.084 0.106 
 222   (0.032) 0.032 0.034 0.041 0.038 
 332   (0.017) 0.017 0.002 0.002 0.002 
 262   (0.042) 0.042 0.052 0.045 0.043 
 292   (0.039) 0.039 0.056 0.088 0.080 
 140   (0.032) 0.032 0.017 0.016 0.015 
 210   (0.032) 0.032 0.025 0.031 0.028 
 202   (0.015) 0.015 0.001 0.001 0.001 
 220   (0.018) 0.018 0.003 0.003 0.003 
 360   (0.007) 0.007 0.000 0.000 0.000 
 330   (0.016) 0.016 0.002 0.002 0.002 
 282   (0.055) 0.056 0.099 0.084 0.101 
 150   (0.044) 0.044 0.025 0.025 0.025 
 120   (0.009) 0.009 0.001 0.000 0.000 
 153   (0.003) 0.003 0.000 0.000 0.000 
 163   (0.003) 0.003 0.000 0.000 0.000 
 212   (0.027) 0.027 0.006 0.005 0.005 
 132   (0.006) 0.006 0.000 0.000 0.000 
 340   (0.013) 0.013 0.001 0.001 0.001 
 273   (0.009) 0.009 0.000 0.000 0.000 
 322   (0.023) 0.023 0.004 0.004 0.004 
 290   (0.005) 0.005 0.000 0.000 0.000 
 192   (0.005) 0.005 0.000 0.000 0.000 
 280   (0.003) 0.003 0.000 0.000 0.000 
 230   (0.005) 0.005 0.000 0.000 0.000 
 342   (0.008) 0.008 0.000 0.000 0.000 
 320   (0.004) 0.004 0.000 0.000 0.000 
 240   (0.002) 0.002 0.000 0.000 0.000 
 130   (0.009) 0.009 0.000 0.000 0.000 
 161   (0.005) 0.005 0.000 0.000 0.000 
 350   (0.012) 0.012 0.001 0.001 0.001 
 173   (0.006) 0.006 0.000 0.000 0.000 
 162   (0.002) 0.002 0.000 0.000 0.000 
  80   (0.002) 0.002 0.000 0.000 0.000 
 110   (0.004) 0.004 0.000 0.000 0.000 
 260   (0.002) 0.002 0.000 0.000 0.000 
 152   (0.003) 0.003 0.000 0.000 0.000 
 370   (0.003) 0.003 0.000 0.000 0.000 
 142   (0.003) 0.003 0.000 0.000 0.000 
 122   (0.002) 0.002 0.000 0.000 0.000 
 250   (0.002) 0.002 0.000 0.000 0.000 
 270   (0.002) 0.002 0.000 0.000 0.000 
  90   (0.002) 0.002 0.000 0.000 0.000 
 193   (0.002) 0.002 0.000 0.000 0.000 
 352   (0.003) 0.003 0.000 0.000 0.000 

Values of parameters used in structure:
DATAFILE=Albania_2000_STRUCTURE.txt,	OUTFILE=primary_output/Albania_primary_K04_rep11,	NUMINDS=2000,	NUMLOCI=16,	MISSING=-9,	LABEL=1,	POPDATA=1,	POPFLAG=0,	PHENOTYPE=0,	EXTRACOLS=0,	MAXPOPS=4,	BURNIN=100000,	NUMREPS=500000,	USEPOPINFO=0,	INFERALPHA=1,	INFERLAMBDA=0,	POPSPECIFICLAMBDA=0,	POPALPHAS=0,	COMPUTEPROB=1,	NOADMIX=0,	ADMBURNIN=500,	UPDATEFREQ=100,	PRINTLIKES=0,	INTERMEDSAVE=0,	PRINTKLD=0,	PRINTNET=1,	PRINTLAMBDA=1,	ANCESTDIST=0,	NUMBOXES=1000,	ANCESTPINT=0.90000,	GENSBACK=2,	MIGRPRIOR=0.01000,	PRINTQHAT=0,	PRINTQSUM=1,	ALPHA=1.0000,	FREQSCORR=1,	FPRIORMEAN=0.0100,	FPRIORSD=0.0500,	ONEFST=0,	LAMBDA=1.0000,	UNIFPRIORALPHA=1,	ALPHAMAX=10.0000,	ALPHAPRIORA=1.0000,	ALPHAPRIORB=2.0000,	ALPHAPROPSD=0.0250,	STARTATPOPINFO=0,	RANDOMIZE=0,	LINKAGE=0,	METROFREQ=10,	REPORTHITRATE=0,	MARKOVPHASE=0,	PHASED=0,	PLOIDY=2,	PHASEINFO=0	LOCPRIOR=0, 	LOCPRIORINIT=1.000000, 	LOCDATA=0, 	LOCISPOP=1, 	LOCPRIORSTEP=0.100000, 	MAXLOCPRIOR=20.000000, 	SEED=20264816,	
[STRAT parameters]:    NUMSIMSTATS=1000,	PHENOTYPECOL=-9,	POOLFREQ=10,	LOCUSxONLY=0,	EMERROR=0.00100,	MISSINGPHENO=-9,	