

----------------------------------------------------
STRUCTURE by Pritchard, Stephens and Donnelly (2000)
     and Falush, Stephens and Pritchard (2003)
       Code by Pritchard, Falush and Hubisz
             Version 2.3.4 (Jul 2012)
----------------------------------------------------



Command line arguments:   ./structure -m mainparams_primary -e extraparams_primary -i Albania_2000_STRUCTURE.txt -o primary_output/Albania_primary_K04_rep12 -K 4 -N 2000 -L 16 -D 20264817 
Input File:    Albania_2000_STRUCTURE.txt

Run parameters:
   2000 individuals
   16 loci
   4 populations assumed
   100000 Burn-in period
   500000 Reps
RANDOMIZE turned off


--------------------------------------------
Proportion of membership of each pre-defined
 population in each of the 4 clusters

Given    Inferred Clusters              Number of
 Pop       1      2      3      4      Individuals

  1:     0.250  0.250  0.249  0.250      358
  2:     0.250  0.250  0.249  0.250      1039
  3:     0.250  0.250  0.251  0.250      603
--------------------------------------------

Allele-freq. divergence among pops (Net nucleotide distance),
computed using point estimates of P.

      1       2       3       4      
 1      -    0.0037  0.0059  0.0008  
 2   0.0037     -    0.0067  0.0033  
 3   0.0059  0.0067     -    0.0054  
 4   0.0008  0.0033  0.0054     -    

Average distances (expected heterozygosity) between individuals in same cluster:
cluster  1  : 0.8093 
cluster  2  : 0.8051 
cluster  3  : 0.8546 
cluster  4  : 0.8122 

--------------------------------------------
Estimated Ln Prob of Data   = -128006.6
Mean value of ln likelihood = -125202.1
Variance of ln likelihood   = 5609.0
Mean value of alpha         = 8.6613

Mean value of Fst_1         = 0.1762
Mean value of Fst_2         = 0.1768
Mean value of Fst_3         = 0.0002
Mean value of Fst_4         = 0.1755


Inferred ancestry of individuals:
        Label (%Miss) Pop:  Inferred clusters
  1 CP00019943    (0)    2 :  0.250 0.243 0.260 0.247 
  2 CP00019945    (0)    2 :  0.243 0.259 0.259 0.239 
  3 CP00019948    (0)    2 :  0.253 0.254 0.242 0.251 
  4 CP00019939    (0)    2 :  0.243 0.248 0.262 0.247 
  5 CP00019944    (0)    2 :  0.249 0.251 0.256 0.244 
  6 CP00019712    (0)    2 :  0.250 0.258 0.247 0.246 
  7 CP00019695    (0)    2 :  0.254 0.259 0.231 0.256 
  8 CP00019928    (0)    2 :  0.255 0.255 0.230 0.261 
  9 CP00019983    (0)    2 :  0.249 0.255 0.246 0.249 
 10 CP00019707    (0)    2 :  0.246 0.246 0.261 0.247 
 11 CP00020015    (0)    2 :  0.251 0.247 0.249 0.253 
 12 CP00019692    (0)    2 :  0.261 0.255 0.229 0.255 
 13 CP00019715    (0)    2 :  0.252 0.251 0.244 0.253 
 14 CP00019713    (0)    2 :  0.257 0.254 0.232 0.256 
 15 CP00019708    (0)    2 :  0.254 0.259 0.240 0.247 
 16 CP00019699    (0)    2 :  0.248 0.263 0.237 0.251 
 17 CP00019681    (0)    2 :  0.252 0.257 0.243 0.248 
 18 CP00019680    (0)    2 :  0.245 0.249 0.259 0.247 
 19 CP00019679    (0)    2 :  0.236 0.254 0.266 0.244 
 20 CP00019927    (0)    2 :  0.254 0.245 0.250 0.251 
 21 CP00019690    (0)    2 :  0.244 0.252 0.259 0.246 
 22 CP00019687    (0)    2 :  0.247 0.246 0.261 0.246 
 23 CP00019701    (0)    2 :  0.248 0.245 0.262 0.246 
 24 CP00019709    (0)    2 :  0.243 0.241 0.278 0.237 
 25 CP00019717    (0)    2 :  0.260 0.255 0.228 0.257 
 26 CP00019718    (0)    2 :  0.261 0.254 0.231 0.255 
 27 CP00020007    (0)    2 :  0.259 0.251 0.235 0.255 
 28 CP00019934    (0)    2 :  0.252 0.254 0.233 0.261 
 29 CP00019979    (0)    2 :  0.255 0.254 0.234 0.258 
 30 CP00019935    (0)    2 :  0.264 0.250 0.225 0.261 
 31 CP00020005    (0)    2 :  0.261 0.252 0.232 0.255 
 32 CP00019988    (0)    2 :  0.243 0.244 0.269 0.244 
 33 CP00019685    (0)    2 :  0.257 0.240 0.247 0.256 
 34 CP00019706    (0)    2 :  0.245 0.257 0.255 0.243 
 35 CP00019703    (0)    2 :  0.242 0.252 0.258 0.248 
 36 CP00019704    (0)    2 :  0.254 0.247 0.245 0.254 
 37 CP00019705    (0)    2 :  0.244 0.245 0.264 0.247 
 38 CP00019710    (0)    2 :  0.253 0.246 0.254 0.246 
 39 CP00019940    (0)    2 :  0.250 0.259 0.236 0.255 
 40 CP00019985    (0)    2 :  0.243 0.239 0.277 0.241 
 41 CP00020006    (0)    2 :  0.248 0.259 0.245 0.248 
 42 CP00019981    (0)    2 :  0.250 0.259 0.241 0.250 
 43 CP00020003    (0)    2 :  0.257 0.255 0.239 0.249 
 44 CP00020004    (0)    2 :  0.258 0.251 0.238 0.253 
 45 CP00019946    (0)    2 :  0.254 0.254 0.238 0.254 
 46 CP00019941    (0)    2 :  0.260 0.257 0.223 0.259 
 47 CP00020002    (0)    2 :  0.254 0.255 0.241 0.251 
 48 CP00020323    (0)    2 :  0.235 0.249 0.278 0.237 
 49 CP00020008    (0)    2 :  0.251 0.252 0.244 0.252 
 50 CP00019716    (0)    2 :  0.258 0.242 0.239 0.262 
 51 CP00019982    (0)    2 :  0.252 0.257 0.238 0.253 
 52 CP00019942    (0)    2 :  0.261 0.260 0.228 0.252 
 53 CP00020018    (0)    2 :  0.253 0.244 0.253 0.250 
 54 CP00019933    (0)    2 :  0.247 0.234 0.273 0.246 
 55 CP00020019    (0)    2 :  0.255 0.250 0.235 0.259 
 56 CP00019688    (0)    2 :  0.258 0.249 0.228 0.265 
 57 CP00019926    (0)    2 :  0.248 0.247 0.256 0.249 
 58 CP00020001    (0)    2 :  0.246 0.241 0.265 0.248 
 59 CP00019698    (0)    2 :  0.240 0.230 0.293 0.237 
 60 CP00019672    (0)    2 :  0.252 0.259 0.244 0.245 
 61 CP00019673    (0)    2 :  0.250 0.256 0.249 0.246 
 62 CP00019691    (0)    2 :  0.237 0.235 0.288 0.240 
 63 CP00019947    (0)    2 :  0.254 0.242 0.253 0.250 
 64 CP00019676    (0)    2 :  0.255 0.261 0.230 0.254 
 65 CP00020000    (0)    2 :  0.243 0.259 0.252 0.246 
 66 CP00019674    (0)    2 :  0.257 0.253 0.239 0.251 
 67 CP00019989    (0)    2 :  0.240 0.237 0.285 0.238 
 68 CP00020017    (0)    2 :  0.241 0.248 0.266 0.245 
 69 CP00019686    (0)    2 :  0.234 0.232 0.301 0.233 
 70 CP00019980    (0)    2 :  0.244 0.245 0.259 0.251 
 71 CP00020016    (0)    2 :  0.253 0.254 0.243 0.250 
 72 CP00019978    (0)    2 :  0.256 0.260 0.226 0.258 
 73 CP00019720    (0)    2 :  0.246 0.248 0.256 0.250 
 74 CP00019693    (0)    2 :  0.244 0.251 0.258 0.247 
 75 CP00019998    (0)    2 :  0.250 0.258 0.236 0.256 
 76 CP00019694    (0)    2 :  0.257 0.245 0.246 0.252 
 77 CP00019675    (0)    2 :  0.256 0.252 0.238 0.254 
 78 CP00019671    (0)    2 :  0.251 0.247 0.256 0.247 
 79 CP00019714    (0)    2 :  0.261 0.247 0.227 0.265 
 80 CP00019937    (0)    2 :  0.250 0.252 0.243 0.254 
 81 CP00020324    (0)    2 :  0.258 0.242 0.238 0.262 
 82 CP00020020    (0)    2 :  0.240 0.245 0.281 0.234 
 83 CP00019696    (0)    2 :  0.253 0.257 0.239 0.251 
 84 CP00019689    (0)    2 :  0.255 0.243 0.248 0.255 
 85 CP00019702    (0)    2 :  0.244 0.242 0.270 0.243 
 86 CP00019993    (0)    2 :  0.254 0.258 0.239 0.248 
 87 CP00019999    (0)    2 :  0.239 0.245 0.271 0.245 
 88 CP00019700    (0)    2 :  0.247 0.245 0.259 0.249 
 89 CP00019936    (0)    2 :  0.256 0.250 0.236 0.258 
 90 CP00019984    (0)    2 :  0.244 0.262 0.243 0.251 
 91 CP00019684    (0)    2 :  0.253 0.245 0.248 0.254 
 92 CP00019719    (0)    2 :  0.256 0.242 0.241 0.260 
 93 CP00020103    (0)    2 :  0.241 0.238 0.277 0.245 
 94 CP00020105    (0)    2 :  0.253 0.252 0.243 0.252 
 95 CP00020072    (0)    2 :  0.252 0.250 0.245 0.253 
 96 CP00020086    (0)    2 :  0.249 0.258 0.245 0.248 
 97 CP00020107    (0)    2 :  0.247 0.243 0.262 0.248 
 98 CP00020106    (0)    2 :  0.252 0.263 0.238 0.246 
 99 CP00020089    (0)    2 :  0.260 0.249 0.228 0.263 
100 CP00020094    (0)    2 :  0.256 0.256 0.234 0.254 
101 CP00020037    (0)    2 :  0.250 0.239 0.260 0.251 
102 CP00020069    (0)    2 :  0.247 0.245 0.263 0.245 
103 CP00020112    (0)    2 :  0.247 0.273 0.232 0.248 
104 CP00020083    (0)    2 :  0.244 0.254 0.255 0.247 
105 CP00020099    (0)    2 :  0.251 0.248 0.255 0.246 
106 CP00020092    (0)    2 :  0.251 0.251 0.250 0.248 
107 CP00020097    (0)    2 :  0.255 0.256 0.234 0.256 
108 CP00020098    (0)    2 :  0.247 0.245 0.254 0.254 
109 CP00020102    (0)    2 :  0.263 0.245 0.229 0.263 
110 CP00020117    (0)    2 :  0.265 0.245 0.228 0.262 
111 CP00020085    (0)    2 :  0.247 0.250 0.252 0.252 
112 CP00020078    (0)    2 :  0.242 0.241 0.271 0.246 
113 CP00020111    (0)    2 :  0.259 0.255 0.235 0.251 
114 CP00020053    (0)    2 :  0.250 0.249 0.246 0.254 
115 CP00020021    (0)    2 :  0.248 0.251 0.251 0.250 
116 CP00020041    (0)    2 :  0.263 0.238 0.235 0.263 
117 CP00020047    (0)    2 :  0.249 0.260 0.232 0.258 
118 CP00020064    (0)    2 :  0.240 0.241 0.280 0.239 
119 CP00020065    (0)    2 :  0.249 0.255 0.239 0.257 
120 CP00020046    (0)    2 :  0.254 0.258 0.234 0.254 
121 CP00020025    (0)    2 :  0.242 0.249 0.262 0.247 
122 CP00020022    (0)    2 :  0.251 0.258 0.242 0.248 
123 CP00020028    (0)    2 :  0.253 0.255 0.233 0.259 
124 CP00020062    (0)    2 :  0.259 0.247 0.235 0.260 
125 CP00020023    (0)    2 :  0.249 0.266 0.232 0.253 
126 CP00020059    (0)    2 :  0.249 0.236 0.266 0.249 
127 CP00020060    (0)    2 :  0.258 0.249 0.232 0.261 
128 CP00020057    (0)    2 :  0.250 0.265 0.233 0.252 
129 CP00020119    (0)    2 :  0.257 0.241 0.246 0.255 
130 CP00020073    (0)    2 :  0.249 0.252 0.249 0.250 
131 CP00020055    (0)    2 :  0.260 0.249 0.234 0.257 
132 CP00020071    (0)    2 :  0.249 0.259 0.254 0.238 
133 CP00020087    (0)    2 :  0.244 0.250 0.259 0.248 
134 CP00020116    (0)    2 :  0.251 0.258 0.239 0.252 
135 CP00020052    (0)    2 :  0.253 0.266 0.231 0.251 
136 CP00020067    (0)    2 :  0.250 0.249 0.256 0.246 
137 CP00020070    (0)    2 :  0.259 0.255 0.232 0.254 
138 CP00020036    (0)    2 :  0.250 0.257 0.241 0.253 
139 CP00020029    (0)    2 :  0.248 0.261 0.249 0.242 
140 CP00020031    (0)    2 :  0.246 0.255 0.249 0.250 
141 CP00020108    (0)    2 :  0.248 0.264 0.231 0.256 
142 CP00020109    (0)    2 :  0.247 0.239 0.262 0.252 
143 CP00020101    (0)    2 :  0.253 0.245 0.252 0.250 
144 CP00020076    (0)    2 :  0.249 0.251 0.247 0.252 
145 CP00020104    (0)    2 :  0.257 0.250 0.238 0.255 
146 CP00020077    (0)    2 :  0.253 0.259 0.235 0.253 
147 CP00020088    (0)    2 :  0.254 0.253 0.231 0.261 
148 CP00020100    (0)    2 :  0.252 0.245 0.249 0.254 
149 CP00020096    (0)    2 :  0.263 0.249 0.226 0.261 
150 CP00020095    (0)    2 :  0.250 0.255 0.238 0.256 
151 CP00020090    (0)    2 :  0.242 0.255 0.258 0.245 
152 CP00020061    (0)    2 :  0.257 0.258 0.234 0.251 
153 CP00020093    (0)    2 :  0.242 0.259 0.253 0.246 
154 CP00020058    (0)    2 :  0.243 0.263 0.248 0.246 
155 CP00020056    (0)    2 :  0.254 0.262 0.233 0.252 
156 CP00020054    (0)    2 :  0.251 0.245 0.251 0.253 
157 CP00020034    (0)    2 :  0.250 0.260 0.237 0.252 
158 CP00020030    (0)    2 :  0.239 0.244 0.280 0.236 
159 CP00020066    (0)    2 :  0.261 0.254 0.231 0.255 
160 CP00020068    (0)    2 :  0.243 0.246 0.270 0.241 
161 CP00020032    (0)    2 :  0.239 0.247 0.268 0.246 
162 CP00020039    (0)    2 :  0.258 0.244 0.233 0.265 
163 CP00020038    (0)    2 :  0.256 0.242 0.247 0.255 
164 CP00020026    (0)    2 :  0.256 0.250 0.235 0.259 
165 CP00020048    (0)    2 :  0.248 0.249 0.253 0.250 
166 CP00020079    (0)    2 :  0.250 0.255 0.237 0.258 
167 CP00020120    (0)    2 :  0.254 0.254 0.244 0.247 
168 CP00020074    (0)    2 :  0.246 0.264 0.240 0.249 
169 CP00020115    (0)    2 :  0.262 0.252 0.224 0.262 
170 CP00020080    (0)    2 :  0.254 0.251 0.243 0.252 
171 CP00020091    (0)    2 :  0.238 0.244 0.280 0.237 
172 CP00020081    (0)    2 :  0.260 0.252 0.228 0.261 
173 CP00020082    (0)    2 :  0.243 0.254 0.262 0.241 
174 CP00019591    (0)    2 :  0.258 0.253 0.234 0.255 
175 CP00019572    (0)    2 :  0.247 0.236 0.266 0.251 
176 CP00020202    (0)    2 :  0.254 0.258 0.235 0.253 
177 CP00019610    (0)    2 :  0.241 0.243 0.277 0.239 
178 CP00019595    (0)    2 :  0.267 0.242 0.232 0.259 
179 CP00019607    (0)    2 :  0.244 0.241 0.269 0.245 
180 CP00020203    (0)    2 :  0.240 0.250 0.268 0.241 
181 CP00020187    (0)    2 :  0.244 0.247 0.260 0.250 
182 CP00020185    (0)    2 :  0.248 0.243 0.258 0.251 
183 CP00020206    (0)    2 :  0.253 0.239 0.253 0.255 
184 CP00020190    (0)    2 :  0.253 0.255 0.239 0.252 
185 CP00020209    (0)    2 :  0.255 0.241 0.241 0.263 
186 CP00020200    (0)    2 :  0.245 0.248 0.264 0.243 
187 CP00020213    (0)    2 :  0.252 0.253 0.248 0.247 
188 CP00020218    (0)    2 :  0.245 0.241 0.271 0.243 
189 CP00020186    (0)    2 :  0.255 0.245 0.249 0.251 
190 CP00019575    (0)    2 :  0.242 0.251 0.260 0.248 
191 CP00020215    (0)    2 :  0.252 0.246 0.251 0.252 
192 CP00020219    (0)    2 :  0.240 0.247 0.277 0.237 
193 CP00020180    (0)    2 :  0.256 0.257 0.230 0.257 
194 CP00019612    (0)    2 :  0.249 0.260 0.242 0.250 
195 CP00020220    (0)    2 :  0.244 0.251 0.258 0.248 
196 CP00020217    (0)    2 :  0.258 0.250 0.236 0.256 
197 CP00020216    (0)    2 :  0.257 0.251 0.243 0.249 
198 CP00020211    (0)    2 :  0.256 0.252 0.242 0.250 
199 CP00020212    (0)    2 :  0.256 0.253 0.238 0.253 
200 CP00020205    (0)    2 :  0.250 0.234 0.262 0.254 
201 CP00019614    (0)    2 :  0.257 0.244 0.248 0.252 
202 CP00020177    (0)    2 :  0.255 0.245 0.248 0.252 
203 CP00019587    (0)    2 :  0.251 0.248 0.250 0.250 
204 CP00019602    (0)    2 :  0.245 0.255 0.254 0.246 
205 CP00019605    (0)    2 :  0.247 0.247 0.260 0.245 
206 CP00019590    (0)    2 :  0.258 0.236 0.255 0.251 
207 CP00019592    (0)    2 :  0.249 0.259 0.244 0.248 
208 CP00019603    (0)    2 :  0.258 0.256 0.229 0.258 
209 CP00019597    (0)    2 :  0.236 0.252 0.274 0.238 
210 CP00019582    (0)    2 :  0.247 0.256 0.245 0.252 
211 CP00019578    (0)    2 :  0.252 0.252 0.249 0.246 
212 CP00020176    (0)    2 :  0.245 0.249 0.258 0.248 
213 CP00020173    (0)    2 :  0.250 0.254 0.249 0.247 
214 CP00019580    (0)    2 :  0.248 0.254 0.249 0.249 
215 CP00019571    (0)    2 :  0.255 0.243 0.250 0.253 
216 CP00020192    (0)    2 :  0.241 0.252 0.267 0.240 
217 CP00020208    (0)    2 :  0.255 0.255 0.234 0.256 
218 CP00020188    (0)    2 :  0.248 0.243 0.260 0.249 
219 CP00020171    (0)    2 :  0.250 0.245 0.259 0.246 
220 CP00020195    (0)    2 :  0.250 0.252 0.245 0.253 
221 CP00020196    (0)    2 :  0.247 0.257 0.247 0.249 
222 CP00020261    (0)    2 :  0.250 0.256 0.243 0.251 
223 CP00020181    (0)    2 :  0.251 0.254 0.240 0.255 
224 CP00020183    (0)    2 :  0.249 0.260 0.241 0.250 
225 CP00020199    (0)    2 :  0.258 0.254 0.234 0.253 
226 CP00020182    (0)    2 :  0.252 0.261 0.236 0.252 
227 CP00019609    (0)    2 :  0.245 0.239 0.274 0.243 
228 CP00019588    (0)    2 :  0.247 0.240 0.266 0.246 
229 CP00019598    (0)    2 :  0.256 0.251 0.235 0.258 
230 CP00019604    (0)    2 :  0.246 0.244 0.260 0.250 
231 CP00019615    (0)    2 :  0.251 0.259 0.240 0.250 
232 CP00020214    (0)    2 :  0.245 0.240 0.270 0.245 
233 CP00020184    (0)    2 :  0.256 0.258 0.228 0.258 
234 CP00020172    (0)    2 :  0.243 0.231 0.281 0.244 
235 CP00020179    (0)    2 :  0.246 0.238 0.274 0.241 
236 CP00019586    (0)    2 :  0.254 0.267 0.227 0.252 
237 CP00019583    (0)    2 :  0.261 0.253 0.231 0.255 
238 CP00019599    (0)    2 :  0.254 0.264 0.229 0.253 
239 CP00019596    (0)    2 :  0.240 0.260 0.255 0.244 
240 CP00019589    (0)    2 :  0.256 0.261 0.227 0.256 
241 CP00019606    (0)    2 :  0.256 0.243 0.241 0.260 
242 CP00020178    (0)    2 :  0.259 0.245 0.240 0.256 
243 CP00020175    (0)    2 :  0.249 0.255 0.243 0.254 
244 CP00020174    (0)    2 :  0.256 0.245 0.243 0.256 
245 CP00019584    (0)    2 :  0.252 0.244 0.250 0.254 
246 CP00019574    (0)    2 :  0.250 0.243 0.254 0.253 
247 CP00020204    (0)    2 :  0.246 0.261 0.244 0.249 
248 CP00019611    (0)    2 :  0.252 0.239 0.261 0.248 
249 CP00020201    (0)    2 :  0.253 0.256 0.243 0.248 
250 CP00020210    (0)    2 :  0.240 0.236 0.288 0.236 
251 CP00020207    (0)    2 :  0.250 0.254 0.247 0.249 
252 CP00020194    (0)    2 :  0.245 0.255 0.250 0.250 
253 CP00020191    (0)    2 :  0.253 0.255 0.235 0.257 
254 CP00020193    (0)    2 :  0.250 0.250 0.251 0.249 
255 CP00019619    (0)    2 :  0.248 0.242 0.266 0.243 
256 CP00020398    (0)    2 :  0.255 0.256 0.240 0.249 
257 CP00020377    (0)    2 :  0.241 0.262 0.249 0.248 
258 CP00020412    (0)    2 :  0.254 0.254 0.242 0.250 
259 CP00020400    (0)    2 :  0.259 0.254 0.227 0.260 
260 CP00020399    (0)    2 :  0.251 0.239 0.256 0.255 
261 CP00020379    (0)    2 :  0.250 0.252 0.245 0.254 
262 CP00020393    (0)    2 :  0.251 0.261 0.243 0.245 
263 CP00020411    (0)    2 :  0.255 0.250 0.238 0.257 
264 CP00020374    (0)    2 :  0.258 0.245 0.240 0.257 
265 CP00019876    (0)    2 :  0.254 0.245 0.250 0.251 
266 CP00019892    (0)    2 :  0.242 0.246 0.269 0.243 
267 CP00019919    (0)    2 :  0.241 0.241 0.270 0.247 
268 CP00020418    (0)    2 :  0.253 0.253 0.241 0.254 
269 CP00019893    (0)    2 :  0.257 0.260 0.231 0.252 
270 CP00019889    (0)    2 :  0.250 0.255 0.243 0.253 
271 CP00019904    (0)    2 :  0.253 0.263 0.232 0.251 
272 CP00019909    (0)    2 :  0.250 0.241 0.263 0.245 
273 CP00020392    (0)    2 :  0.258 0.252 0.231 0.259 
274 CP00020387    (0)    2 :  0.257 0.257 0.235 0.252 
275 CP00019872    (0)    2 :  0.257 0.245 0.241 0.257 
276 CP00020395    (0)    2 :  0.246 0.252 0.254 0.248 
277 CP00020378    (0)    2 :  0.243 0.243 0.270 0.244 
278 CP00020417    (0)    2 :  0.241 0.241 0.267 0.251 
279 CP00019887    (0)    2 :  0.258 0.262 0.232 0.248 
280 CP00019884    (0)    2 :  0.245 0.244 0.266 0.245 
281 CP00019907    (0)    2 :  0.236 0.246 0.280 0.238 
282 CP00019874    (0)    2 :  0.258 0.248 0.242 0.252 
283 CP00019881    (0)    2 :  0.257 0.247 0.249 0.247 
284 CP00019871    (0)    2 :  0.253 0.244 0.247 0.255 
285 CP00019878    (0)    2 :  0.252 0.257 0.235 0.256 
286 CP00019901    (0)    2 :  0.251 0.255 0.240 0.255 
287 CP00019879    (0)    2 :  0.244 0.270 0.240 0.246 
288 CP00019902    (0)    2 :  0.240 0.245 0.277 0.239 
289 CP00019913    (0)    2 :  0.258 0.256 0.236 0.250 
290 CP00019875    (0)    2 :  0.240 0.237 0.290 0.234 
291 CP00019912    (0)    2 :  0.250 0.239 0.257 0.254 
292 CP00019898    (0)    2 :  0.243 0.236 0.278 0.242 
293 CP00019910    (0)    2 :  0.253 0.257 0.233 0.257 
294 CP00020416    (0)    2 :  0.248 0.255 0.246 0.250 
295 CP00020396    (0)    2 :  0.244 0.264 0.247 0.246 
296 CP00019900    (0)    2 :  0.246 0.248 0.253 0.253 
297 CP00019899    (0)    2 :  0.245 0.256 0.251 0.247 
298 CP00019883    (0)    2 :  0.250 0.255 0.251 0.244 
299 CP00020409    (0)    2 :  0.253 0.242 0.255 0.251 
300 CP00020415    (0)    2 :  0.247 0.240 0.265 0.248 
301 CP00020419    (0)    2 :  0.245 0.251 0.258 0.245 
302 CP00019905    (0)    2 :  0.252 0.246 0.252 0.250 
303 CP00020385    (0)    2 :  0.258 0.256 0.229 0.258 
304 CP00019920    (0)    2 :  0.248 0.247 0.253 0.251 
305 CP00019890    (0)    2 :  0.253 0.250 0.239 0.257 
306 CP00019896    (0)    2 :  0.250 0.245 0.248 0.256 
307 CP00020382    (0)    2 :  0.248 0.245 0.264 0.243 
308 CP00020381    (0)    2 :  0.250 0.245 0.257 0.247 
309 CP00020384    (0)    2 :  0.246 0.252 0.253 0.249 
310 CP00020410    (0)    2 :  0.254 0.248 0.246 0.252 
311 CP00019915    (0)    2 :  0.252 0.261 0.244 0.242 
312 CP00019885    (0)    2 :  0.235 0.241 0.287 0.237 
313 CP00020371    (0)    2 :  0.242 0.228 0.286 0.244 
314 CP00020372    (0)    2 :  0.243 0.253 0.261 0.243 
315 CP00020402    (0)    2 :  0.245 0.254 0.253 0.248 
316 CP00020414    (0)    2 :  0.242 0.243 0.274 0.241 
317 CP00020386    (0)    2 :  0.247 0.260 0.241 0.251 
318 CP00020389    (0)    2 :  0.251 0.238 0.261 0.251 
319 CP00020388    (0)    2 :  0.245 0.263 0.246 0.246 
320 CP00020413    (3)    2 :  0.251 0.254 0.252 0.243 
321 CP00020376    (0)    2 :  0.251 0.255 0.240 0.253 
322 CP00020407    (0)    2 :  0.251 0.252 0.244 0.253 
323 CP00020406    (0)    2 :  0.249 0.258 0.240 0.253 
324 CP00019873    (0)    2 :  0.254 0.240 0.244 0.261 
325 CP00019888    (0)    2 :  0.245 0.240 0.272 0.243 
326 CP00019877    (0)    2 :  0.243 0.252 0.262 0.243 
327 CP00019894    (0)    2 :  0.255 0.247 0.248 0.250 
328 CP00020375    (0)    2 :  0.238 0.234 0.287 0.241 
329 CP00020404    (0)    2 :  0.256 0.241 0.249 0.254 
330 CP00020391    (0)    2 :  0.241 0.264 0.244 0.250 
331 CP00020380    (0)    2 :  0.251 0.246 0.254 0.248 
332 CP00020408    (0)    2 :  0.256 0.258 0.230 0.256 
333 CP00020397    (0)    2 :  0.249 0.253 0.247 0.251 
334 CP00019891    (0)    2 :  0.243 0.245 0.260 0.252 
335 CP00019917    (0)    2 :  0.248 0.240 0.259 0.254 
336 CP00019906    (0)    2 :  0.254 0.256 0.235 0.255 
337 CP00019916    (0)    2 :  0.253 0.250 0.247 0.250 
338 CP00019908    (0)    2 :  0.252 0.254 0.242 0.252 
339 CP00020373    (0)    2 :  0.254 0.257 0.240 0.249 
340 CP00020383    (0)    2 :  0.256 0.239 0.249 0.256 
341 CP00019882    (0)    2 :  0.248 0.256 0.251 0.244 
342 CP00019903    (0)    2 :  0.248 0.242 0.269 0.241 
343 CP00020401    (0)    2 :  0.256 0.249 0.241 0.254 
344 CP00020403    (0)    2 :  0.257 0.243 0.242 0.259 
345 CP00019886    (0)    2 :  0.249 0.249 0.252 0.250 
346 CP00020405    (0)    2 :  0.245 0.239 0.272 0.245 
347 CP00020390    (0)    2 :  0.257 0.255 0.237 0.252 
348 CP00019911    (0)    2 :  0.253 0.251 0.248 0.248 
349 CP00019897    (0)    2 :  0.249 0.243 0.257 0.251 
350 CP00020420    (0)    2 :  0.263 0.247 0.232 0.259 
351 CP00019895    (0)    2 :  0.252 0.246 0.254 0.248 
352 CP00019918    (0)    2 :  0.241 0.231 0.286 0.243 
353 CP00019808    (0)    2 :  0.251 0.246 0.256 0.247 
354 CP00019779    (0)    2 :  0.259 0.247 0.234 0.260 
355 CP00019789    (0)    2 :  0.260 0.258 0.226 0.255 
356 CP00019791    (0)    2 :  0.256 0.246 0.235 0.263 
357 CP00019799    (0)    2 :  0.242 0.241 0.273 0.244 
358 CP00019790    (0)    2 :  0.247 0.248 0.264 0.241 
359 CP00019834    (0)    2 :  0.264 0.249 0.227 0.260 
360 CP00019801    (0)    2 :  0.252 0.252 0.241 0.255 
361 CP00019782    (0)    2 :  0.231 0.236 0.299 0.234 
362 CP00019867    (0)    2 :  0.249 0.256 0.249 0.246 
363 CP00019845    (0)    2 :  0.246 0.236 0.273 0.245 
364 CP00019792    (0)    2 :  0.244 0.254 0.251 0.250 
365 CP00019860    (0)    2 :  0.252 0.245 0.253 0.250 
366 CP00019858    (0)    2 :  0.250 0.252 0.248 0.250 
367 CP00019856    (0)    2 :  0.240 0.250 0.263 0.246 
368 CP00019857    (0)    2 :  0.261 0.258 0.225 0.256 
369 CP00019828    (0)    2 :  0.245 0.248 0.259 0.248 
370 CP00019821    (0)    2 :  0.244 0.242 0.265 0.249 
371 CP00019863    (0)    2 :  0.249 0.247 0.256 0.249 
372 CP00019846    (0)    2 :  0.252 0.251 0.252 0.245 
373 CP00019825    (0)    2 :  0.247 0.243 0.264 0.246 
374 CP00019824    (0)    2 :  0.244 0.241 0.260 0.255 
375 CP00019838    (0)    2 :  0.252 0.253 0.245 0.250 
376 CP00019868    (0)    2 :  0.262 0.244 0.231 0.263 
377 CP00019835    (0)    2 :  0.255 0.246 0.239 0.259 
378 CP00019836    (0)    2 :  0.249 0.254 0.248 0.248 
379 CP00019870    (0)    2 :  0.256 0.257 0.235 0.252 
380 CP00019833    (0)    2 :  0.252 0.246 0.255 0.247 
381 CP00019826    (0)    2 :  0.249 0.258 0.247 0.245 
382 CP00019837    (0)    2 :  0.248 0.244 0.258 0.250 
383 CP00019830    (0)    2 :  0.239 0.245 0.278 0.238 
384 CP00019822    (0)    2 :  0.246 0.259 0.249 0.247 
385 CP00019866    (0)    2 :  0.262 0.250 0.228 0.260 
386 CP00019829    (0)    2 :  0.250 0.254 0.245 0.251 
387 CP00019841    (0)    2 :  0.256 0.255 0.232 0.257 
388 CP00019831    (0)    2 :  0.262 0.250 0.230 0.258 
389 CP00019774    (0)    2 :  0.244 0.259 0.247 0.249 
390 CP00019847    (0)    2 :  0.256 0.245 0.238 0.261 
391 CP00019851    (0)    2 :  0.235 0.241 0.283 0.241 
392 CP00019844    (0)    2 :  0.255 0.262 0.234 0.248 
393 CP00019823    (0)    2 :  0.252 0.244 0.251 0.252 
394 CP00019842    (0)    2 :  0.252 0.254 0.245 0.249 
395 CP00019859    (0)    2 :  0.257 0.254 0.237 0.252 
396 CP00019827    (0)    2 :  0.255 0.252 0.243 0.250 
397 CP00019862    (0)    2 :  0.255 0.246 0.245 0.253 
398 CP00019864    (0)    2 :  0.243 0.255 0.258 0.243 
399 CP00019861    (0)    2 :  0.248 0.240 0.265 0.247 
400 CP00019865    (0)    2 :  0.252 0.258 0.236 0.255 
401 CP00019819    (0)    2 :  0.252 0.249 0.246 0.253 
402 CP00019778    (0)    2 :  0.249 0.247 0.253 0.250 
403 CP00019796    (0)    2 :  0.255 0.254 0.233 0.258 
404 CP00019803    (0)    2 :  0.252 0.244 0.254 0.251 
405 CP00019804    (0)    2 :  0.257 0.249 0.236 0.258 
406 CP00019775    (0)    2 :  0.253 0.261 0.236 0.250 
407 CP00019780    (0)    2 :  0.247 0.256 0.249 0.249 
408 CP00019820    (0)    2 :  0.252 0.246 0.249 0.254 
409 CP00019787    (0)    2 :  0.254 0.236 0.263 0.248 
410 CP00019771    (0)    2 :  0.260 0.251 0.232 0.257 
411 CP00019793    (0)    2 :  0.261 0.253 0.231 0.255 
412 CP00019788    (0)    2 :  0.245 0.254 0.260 0.242 
413 CP00019781    (0)    2 :  0.252 0.259 0.241 0.248 
414 CP00019797    (0)    2 :  0.243 0.240 0.266 0.251 
415 CP00019807    (0)    2 :  0.255 0.247 0.246 0.252 
416 CP00019800    (0)    2 :  0.247 0.255 0.244 0.254 
417 CP00019813    (0)    2 :  0.260 0.244 0.234 0.262 
418 CP00019814    (0)    2 :  0.254 0.255 0.238 0.254 
419 CP00019772    (0)    2 :  0.235 0.257 0.266 0.242 
420 CP00019794    (0)    2 :  0.249 0.245 0.258 0.248 
421 CP00019839    (0)    2 :  0.244 0.253 0.258 0.245 
422 CP00019854    (0)    2 :  0.261 0.249 0.236 0.255 
423 CP00019852    (0)    2 :  0.256 0.248 0.242 0.254 
424 CP00019855    (0)    2 :  0.247 0.249 0.256 0.249 
425 CP00019805    (0)    2 :  0.250 0.243 0.258 0.249 
426 CP00019843    (0)    2 :  0.257 0.249 0.235 0.259 
427 CP00019811    (0)    2 :  0.253 0.249 0.244 0.254 
428 CP00019817    (0)    2 :  0.248 0.264 0.239 0.249 
429 CP00019832    (0)    2 :  0.249 0.239 0.258 0.254 
430 CP00019773    (0)    2 :  0.254 0.249 0.242 0.254 
431 CP00019850    (0)    2 :  0.247 0.252 0.260 0.241 
432 CP00019853    (0)    2 :  0.258 0.250 0.239 0.253 
433 CP00019785    (0)    2 :  0.245 0.255 0.256 0.244 
434 CP00019815    (0)    2 :  0.244 0.261 0.250 0.246 
435 CP00019809    (0)    2 :  0.257 0.256 0.236 0.251 
436 CP00019840    (0)    2 :  0.252 0.242 0.256 0.249 
437 CP00019776    (0)    2 :  0.253 0.259 0.238 0.250 
438 CP00019816    (0)    2 :  0.241 0.247 0.266 0.245 
439 CP00019810    (0)    2 :  0.241 0.257 0.261 0.241 
440 CP00019848    (0)    2 :  0.250 0.257 0.245 0.248 
441 CP00019806    (0)    2 :  0.248 0.261 0.241 0.250 
442 CP00019812    (0)    2 :  0.263 0.249 0.225 0.263 
443 CP00019818    (0)    2 :  0.259 0.261 0.224 0.256 
444 CP00019849    (0)    2 :  0.245 0.254 0.252 0.248 
445 CP00019786    (0)    2 :  0.246 0.258 0.248 0.248 
446 CP00019783    (0)    2 :  0.244 0.260 0.249 0.247 
447 CP00019802    (0)    2 :  0.251 0.249 0.254 0.246 
448 CP00020014    (0)    2 :  0.251 0.251 0.247 0.251 
449 CP00021063    (0)    2 :  0.245 0.241 0.271 0.243 
450 CP00021052    (3)    2 :  0.244 0.259 0.249 0.249 
451 CP00019924    (0)    2 :  0.258 0.250 0.239 0.253 
452 CP00020013    (0)    2 :  0.239 0.243 0.281 0.237 
453 CP00019953    (0)    2 :  0.250 0.260 0.239 0.252 
454 CP00021046    (0)    2 :  0.248 0.247 0.262 0.243 
455 CP00019969    (0)    2 :  0.258 0.240 0.251 0.251 
456 CP00021024    (0)    2 :  0.240 0.244 0.276 0.239 
457 CP00019990    (0)    2 :  0.257 0.251 0.231 0.262 
458 CP00019976    (0)    2 :  0.249 0.241 0.260 0.250 
459 CP00019975    (0)    2 :  0.243 0.241 0.272 0.245 
460 CP00019994    (0)    2 :  0.262 0.248 0.228 0.262 
461 CP00020266    (0)    2 :  0.246 0.265 0.238 0.251 
462 CP00019977    (0)    2 :  0.250 0.267 0.225 0.259 
463 CP00021043    (0)    2 :  0.239 0.237 0.284 0.240 
464 CP00021030    (0)    2 :  0.251 0.259 0.239 0.251 
465 CP00019959    (0)    2 :  0.243 0.240 0.281 0.237 
466 CP00019997    (0)    2 :  0.252 0.252 0.245 0.251 
467 CP00019929    (0)    2 :  0.254 0.237 0.247 0.262 
468 CP00021047    (0)    2 :  0.248 0.248 0.253 0.251 
469 CP00019677    (0)    2 :  0.256 0.263 0.227 0.254 
470 CP00020322    (0)    2 :  0.260 0.250 0.234 0.257 
471 CP00020265    (0)    2 :  0.257 0.249 0.237 0.256 
472 CP00021036    (0)    2 :  0.257 0.256 0.226 0.261 
473 CP00020328    (0)    2 :  0.252 0.247 0.255 0.245 
474 CP00020267    (0)    2 :  0.254 0.262 0.235 0.249 
475 CP00021045    (0)    2 :  0.239 0.269 0.244 0.248 
476 CP00021038    (0)    2 :  0.245 0.249 0.259 0.247 
477 CP00021027    (0)    2 :  0.252 0.253 0.234 0.261 
478 CP00020330    (0)    2 :  0.263 0.246 0.238 0.253 
479 CP00019957    (0)    2 :  0.256 0.251 0.237 0.256 
480 CP00019956    (0)    2 :  0.253 0.242 0.255 0.250 
481 CP00021025    (0)    2 :  0.255 0.246 0.241 0.258 
482 CP00021040    (0)    2 :  0.250 0.246 0.255 0.249 
483 CP00021044    (0)    2 :  0.241 0.239 0.279 0.240 
484 CP00021051    (0)    2 :  0.251 0.237 0.265 0.247 
485 CP00021058    (0)    2 :  0.252 0.261 0.235 0.252 
486 CP00019932    (0)    2 :  0.243 0.257 0.253 0.247 
487 CP00021060    (0)    2 :  0.262 0.249 0.225 0.264 
488 CP00021032    (0)    2 :  0.248 0.245 0.264 0.244 
489 CP00021048    (0)    2 :  0.264 0.239 0.238 0.259 
490 CP00021034    (0)    2 :  0.251 0.253 0.244 0.252 
491 CP00020262    (0)    2 :  0.256 0.249 0.237 0.258 
492 CP00021050    (0)    2 :  0.248 0.250 0.255 0.248 
493 CP00019950    (0)    2 :  0.250 0.255 0.239 0.256 
494 CP00019921    (0)    2 :  0.250 0.256 0.245 0.250 
495 CP00021023    (0)    2 :  0.248 0.242 0.262 0.249 
496 CP00019996    (0)    2 :  0.261 0.247 0.230 0.262 
497 CP00019949    (0)    2 :  0.256 0.256 0.237 0.251 
498 CP00019970    (0)    2 :  0.251 0.250 0.249 0.251 
499 CP00020329    (0)    2 :  0.239 0.254 0.268 0.240 
500 CP00019930    (0)    2 :  0.252 0.247 0.248 0.253 
501 CP00020009    (0)    2 :  0.247 0.261 0.238 0.254 
502 CP00021039    (0)    2 :  0.246 0.253 0.261 0.240 
503 CP00021061    (0)    2 :  0.249 0.251 0.255 0.244 
504 CP00021021    (0)    2 :  0.249 0.249 0.250 0.251 
505 CP00020327    (0)    2 :  0.247 0.241 0.261 0.251 
506 CP00021028    (0)    2 :  0.261 0.245 0.233 0.261 
507 CP00020263    (0)    2 :  0.251 0.261 0.234 0.255 
508 CP00019960    (0)    2 :  0.235 0.239 0.290 0.236 
509 CP00019922    (0)    2 :  0.256 0.252 0.237 0.255 
510 CP00019995    (0)    2 :  0.249 0.242 0.256 0.253 
511 CP00021062    (0)    2 :  0.251 0.259 0.237 0.253 
512 CP00021059    (0)    2 :  0.262 0.240 0.245 0.252 
513 CP00020011    (0)    2 :  0.252 0.250 0.245 0.252 
514 CP00019951    (0)    2 :  0.244 0.245 0.269 0.242 
515 CP00020268    (0)    2 :  0.250 0.258 0.244 0.249 
516 CP00019678    (0)    2 :  0.248 0.252 0.255 0.245 
517 CP00019952    (0)    2 :  0.247 0.239 0.267 0.246 
518 CP00021037    (0)    2 :  0.250 0.253 0.251 0.246 
519 CP00021042    (0)    2 :  0.261 0.245 0.239 0.256 
520 CP00021041    (0)    2 :  0.242 0.240 0.273 0.245 
521 CP00020010    (0)    2 :  0.252 0.257 0.243 0.248 
522 CP00021056    (0)    2 :  0.239 0.247 0.269 0.246 
523 CP00020012    (0)    2 :  0.244 0.248 0.259 0.249 
524 CP00021031    (0)    2 :  0.247 0.252 0.255 0.246 
525 CP00019958    (0)    2 :  0.255 0.259 0.233 0.253 
526 CP00019971    (0)    2 :  0.258 0.241 0.238 0.263 
527 CP00021026    (0)    2 :  0.256 0.252 0.237 0.255 
528 CP00020321    (0)    2 :  0.246 0.263 0.238 0.253 
529 CP00019972    (0)    2 :  0.237 0.247 0.275 0.240 
530 CP00021035    (0)    2 :  0.252 0.236 0.266 0.246 
531 CP00020264    (0)    2 :  0.252 0.247 0.242 0.259 
532 CP00021049    (0)    2 :  0.255 0.246 0.245 0.254 
533 CP00021033    (0)    2 :  0.244 0.236 0.275 0.245 
534 CP00019954    (0)    2 :  0.255 0.248 0.242 0.254 
535 CP00019931    (0)    2 :  0.262 0.244 0.235 0.260 
536 CP00021054    (0)    2 :  0.257 0.258 0.233 0.251 
537 CP00021029    (0)    2 :  0.242 0.242 0.276 0.240 
538 CP00021053    (0)    2 :  0.247 0.251 0.247 0.255 
539 CP00021022    (0)    2 :  0.246 0.242 0.266 0.247 
540 CP00021055    (0)    2 :  0.251 0.275 0.224 0.250 
541 CP00020718    (0)    2 :  0.257 0.256 0.234 0.254 
542 CP00020716    (0)    2 :  0.257 0.254 0.226 0.262 
543 CP00020696    (0)    2 :  0.243 0.249 0.264 0.244 
544 CP00020714    (0)    2 :  0.259 0.246 0.235 0.260 
545 CP00020682    (0)    2 :  0.248 0.256 0.246 0.251 
546 CP00020698    (0)    2 :  0.255 0.256 0.236 0.252 
547 CP00020697    (0)    2 :  0.237 0.247 0.277 0.239 
548 CP00020688    (0)    2 :  0.250 0.252 0.242 0.256 
549 CP00020687    (0)    2 :  0.249 0.258 0.242 0.252 
550 CP00020675    (0)    2 :  0.246 0.258 0.249 0.248 
551 CP00020717    (0)    2 :  0.255 0.248 0.243 0.254 
552 CP00020676    (0)    2 :  0.256 0.250 0.243 0.251 
553 CP00020704    (0)    2 :  0.260 0.251 0.229 0.261 
554 CP00020686    (0)    2 :  0.253 0.258 0.237 0.253 
555 CP00020699    (0)    2 :  0.246 0.251 0.260 0.243 
556 CP00020700    (0)    2 :  0.249 0.239 0.260 0.251 
557 CP00020689    (0)    2 :  0.245 0.256 0.256 0.244 
558 CP00020566    (0)    2 :  0.252 0.258 0.233 0.257 
559 CP00020360    (0)    2 :  0.259 0.263 0.229 0.249 
560 CP00020345    (0)    2 :  0.259 0.250 0.234 0.257 
561 CP00020357    (0)    2 :  0.246 0.269 0.240 0.246 
562 CP00020352    (0)    2 :  0.250 0.257 0.243 0.250 
563 CP00020353    (0)    2 :  0.253 0.257 0.238 0.252 
564 CP00020342    (0)    2 :  0.249 0.252 0.246 0.253 
565 CP00020367    (0)    2 :  0.232 0.241 0.295 0.232 
566 CP00020561    (0)    2 :  0.246 0.265 0.238 0.251 
567 CP00020343    (0)    2 :  0.241 0.262 0.247 0.250 
568 CP00020569    (0)    2 :  0.254 0.253 0.234 0.259 
569 CP00020554    (0)    2 :  0.250 0.250 0.247 0.253 
570 CP00020355    (0)    2 :  0.253 0.250 0.247 0.250 
571 CP00020356    (0)    2 :  0.257 0.247 0.236 0.260 
572 CP00020562    (0)    2 :  0.238 0.237 0.287 0.238 
573 CP00020563    (0)    2 :  0.251 0.250 0.250 0.249 
574 CP00020564    (0)    2 :  0.242 0.253 0.263 0.242 
575 CP00020341    (0)    2 :  0.240 0.250 0.266 0.243 
576 CP00020695    (0)    2 :  0.254 0.265 0.223 0.257 
577 CP00020363    (0)    2 :  0.251 0.261 0.240 0.248 
578 CP00020362    (0)    2 :  0.261 0.253 0.229 0.258 
579 CP00020359    (0)    2 :  0.253 0.245 0.247 0.255 
580 CP00020551    (0)    2 :  0.257 0.248 0.241 0.254 
581 CP00020365    (0)    2 :  0.257 0.250 0.244 0.249 
582 CP00020712    (0)    2 :  0.252 0.247 0.254 0.247 
583 CP00020556    (0)    2 :  0.262 0.242 0.234 0.262 
584 CP00020559    (0)    2 :  0.249 0.260 0.242 0.249 
585 CP00020350    (0)    2 :  0.253 0.249 0.238 0.260 
586 CP00020570    (0)    2 :  0.257 0.249 0.243 0.251 
587 CP00020552    (0)    2 :  0.258 0.253 0.237 0.252 
588 CP00020560    (0)    2 :  0.253 0.257 0.242 0.248 
589 CP00020567    (0)    2 :  0.251 0.252 0.246 0.251 
590 CP00020346    (0)    2 :  0.253 0.256 0.236 0.255 
591 CP00020347    (0)    2 :  0.246 0.268 0.235 0.252 
592 CP00020558    (0)    2 :  0.261 0.244 0.241 0.255 
593 CP00020557    (0)    2 :  0.250 0.262 0.238 0.250 
594 CP00020361    (0)    2 :  0.249 0.249 0.257 0.245 
595 CP00020368    (0)    2 :  0.251 0.246 0.252 0.251 
596 CP00020348    (0)    2 :  0.247 0.240 0.269 0.243 
597 CP00020370    (0)    2 :  0.247 0.256 0.247 0.250 
598 CP00020358    (0)    2 :  0.247 0.256 0.251 0.246 
599 CP00020349    (0)    2 :  0.248 0.257 0.247 0.249 
600 CP00020553    (0)    2 :  0.243 0.253 0.259 0.245 
601 CP00020344    (0)    2 :  0.259 0.251 0.232 0.258 
602 CP00020555    (0)    2 :  0.254 0.256 0.241 0.249 
603 CP00020354    (0)    2 :  0.254 0.259 0.238 0.249 
604 CP00020565    (0)    2 :  0.257 0.254 0.229 0.260 
605 CP00020690    (0)    2 :  0.245 0.263 0.248 0.245 
606 CP00020702    (0)    2 :  0.248 0.251 0.254 0.247 
607 CP00020711    (0)    2 :  0.261 0.251 0.226 0.261 
608 CP00020692    (0)    2 :  0.244 0.249 0.263 0.244 
609 CP00020685    (0)    2 :  0.249 0.254 0.243 0.254 
610 CP00020703    (0)    2 :  0.251 0.255 0.242 0.252 
611 CP00020681    (0)    2 :  0.252 0.246 0.253 0.249 
612 CP00020706    (0)    2 :  0.249 0.244 0.258 0.249 
613 CP00020710    (0)    2 :  0.252 0.246 0.246 0.257 
614 CP00020672    (0)    2 :  0.254 0.250 0.240 0.256 
615 CP00020677    (0)    2 :  0.254 0.247 0.247 0.252 
616 CP00020691    (0)    2 :  0.253 0.253 0.239 0.255 
617 CP00020680    (0)    2 :  0.247 0.251 0.252 0.250 
618 CP00020709    (0)    2 :  0.247 0.244 0.259 0.250 
619 CP00020679    (0)    2 :  0.249 0.238 0.266 0.247 
620 CP00020671    (0)    2 :  0.248 0.247 0.258 0.247 
621 CP00020719    (0)    2 :  0.256 0.248 0.243 0.253 
622 CP00020693    (0)    2 :  0.253 0.250 0.243 0.254 
623 CP00020708    (0)    2 :  0.249 0.249 0.253 0.249 
624 CP00020705    (0)    2 :  0.252 0.250 0.246 0.252 
625 CP00020720    (0)    2 :  0.248 0.265 0.238 0.250 
626 CP00020707    (0)    2 :  0.248 0.256 0.250 0.247 
627 CP00020674    (0)    2 :  0.251 0.244 0.255 0.250 
628 CP00020673    (0)    2 :  0.261 0.249 0.232 0.258 
629 CP00020701    (0)    2 :  0.239 0.235 0.286 0.239 
630 CP00020713    (0)    2 :  0.251 0.246 0.253 0.250 
631 CP00020715    (0)    2 :  0.248 0.256 0.252 0.244 
632 CP00017120    (0)    2 :  0.255 0.259 0.231 0.255 
633 CP00017077    (0)    2 :  0.259 0.245 0.235 0.261 
634 CP00017117    (0)    2 :  0.243 0.251 0.261 0.244 
635 CP00017100    (0)    2 :  0.248 0.248 0.253 0.251 
636 CP00017118    (0)    2 :  0.255 0.260 0.234 0.251 
637 CP00017083    (0)    2 :  0.247 0.262 0.246 0.245 
638 CP00017085    (0)    2 :  0.255 0.254 0.228 0.263 
639 CP00017097    (0)    2 :  0.244 0.244 0.270 0.242 
640 CP00017092    (0)    2 :  0.248 0.244 0.263 0.245 
641 CP00017038    (0)    2 :  0.257 0.256 0.234 0.253 
642 CP00017067    (0)    2 :  0.242 0.261 0.253 0.244 
643 CP00017017    (0)    3 :  0.246 0.247 0.258 0.248 
644 CP00017012    (0)    3 :  0.242 0.250 0.262 0.246 
645 CP00017036    (0)    2 :  0.247 0.253 0.255 0.246 
646 CP00017040    (0)    2 :  0.240 0.242 0.275 0.242 
647 CP00017046    (0)    2 :  0.239 0.241 0.275 0.244 
648 CP00017059    (0)    2 :  0.244 0.244 0.263 0.249 
649 CP00017043    (0)    2 :  0.251 0.245 0.245 0.259 
650 CP00017080    (0)    2 :  0.250 0.236 0.268 0.246 
651 CP00017079    (0)    2 :  0.243 0.244 0.273 0.240 
652 CP00017056    (0)    2 :  0.257 0.248 0.238 0.257 
653 CP00017057    (0)    2 :  0.244 0.248 0.263 0.245 
654 CP00017058    (0)    2 :  0.249 0.253 0.248 0.250 
655 CP00017087    (0)    2 :  0.235 0.243 0.288 0.233 
656 CP00017072    (0)    2 :  0.253 0.250 0.246 0.251 
657 CP00017075    (0)    2 :  0.246 0.246 0.265 0.243 
658 CP00017078    (0)    2 :  0.260 0.243 0.238 0.258 
659 CP00017053    (0)    2 :  0.247 0.241 0.265 0.247 
660 CP00017052    (0)    2 :  0.255 0.242 0.246 0.257 
661 CP00017119    (0)    2 :  0.246 0.256 0.252 0.246 
662 CP00017099    (0)    2 :  0.257 0.256 0.238 0.249 
663 CP00017095    (0)    2 :  0.251 0.247 0.248 0.255 
664 CP00017115    (0)    2 :  0.252 0.262 0.235 0.251 
665 CP00017091    (0)    2 :  0.241 0.234 0.290 0.235 
666 CP00017098    (0)    2 :  0.251 0.253 0.254 0.243 
667 CP00017116    (0)    2 :  0.244 0.267 0.236 0.253 
668 CP00017114    (0)    2 :  0.249 0.257 0.239 0.255 
669 CP00017061    (0)    2 :  0.252 0.259 0.238 0.250 
670 CP00017064    (0)    2 :  0.258 0.247 0.235 0.260 
671 CP00017021    (0)    2 :  0.250 0.267 0.232 0.250 
672 CP00017042    (0)    2 :  0.247 0.247 0.262 0.244 
673 CP00017018    (0)    3 :  0.245 0.244 0.266 0.244 
674 CP00017011    (0)    3 :  0.258 0.256 0.225 0.260 
675 CP00017049    (0)    2 :  0.247 0.257 0.241 0.255 
676 CP00017023    (0)    3 :  0.251 0.250 0.247 0.252 
677 CP00017014    (0)    3 :  0.250 0.255 0.247 0.248 
678 CP00017070    (0)    2 :  0.252 0.249 0.251 0.249 
679 CP00017109    (0)    2 :  0.239 0.241 0.282 0.237 
680 CP00017068    (0)    2 :  0.247 0.250 0.253 0.251 
681 CP00017025    (0)    3 :  0.247 0.252 0.255 0.246 
682 CP00017015    (0)    3 :  0.259 0.252 0.238 0.251 
683 CP00017020    (0)    3 :  0.250 0.266 0.232 0.252 
684 CP00017110    (0)    2 :  0.248 0.253 0.253 0.246 
685 CP00017016    (0)    3 :  0.256 0.236 0.253 0.255 
686 CP00017027    (0)    3 :  0.240 0.256 0.258 0.246 
687 CP00017048    (0)    2 :  0.252 0.263 0.230 0.254 
688 CP00017094    (0)    2 :  0.250 0.236 0.262 0.252 
689 CP00017022    (0)    3 :  0.241 0.237 0.279 0.243 
690 CP00017055    (0)    2 :  0.243 0.253 0.258 0.246 
691 CP00017054    (0)    2 :  0.252 0.258 0.242 0.249 
692 CP00017024    (0)    3 :  0.247 0.261 0.248 0.244 
693 CP00017030    (0)    3 :  0.253 0.244 0.251 0.253 
694 CP00017096    (0)    2 :  0.263 0.245 0.236 0.257 
695 CP00017065    (0)    2 :  0.241 0.269 0.243 0.247 
696 CP00017050    (0)    2 :  0.251 0.254 0.243 0.252 
697 CP00017063    (0)    2 :  0.253 0.259 0.236 0.252 
698 CP00017051    (0)    2 :  0.251 0.254 0.245 0.250 
699 CP00017013    (0)    3 :  0.239 0.249 0.267 0.244 
700 CP00017076    (0)    2 :  0.250 0.251 0.254 0.245 
701 CP00017073    (0)    2 :  0.253 0.260 0.231 0.256 
702 CP00017033    (0)    2 :  0.251 0.259 0.241 0.249 
703 CP00017028    (0)    3 :  0.252 0.245 0.253 0.251 
704 CP00017031    (0)    2 :  0.247 0.248 0.258 0.247 
705 CP00017026    (0)    3 :  0.255 0.249 0.241 0.256 
706 CP00017035    (0)    2 :  0.239 0.248 0.265 0.247 
707 CP00017029    (0)    3 :  0.247 0.247 0.256 0.251 
708 CP00017111    (0)    2 :  0.257 0.259 0.230 0.255 
709 CP00017044    (0)    2 :  0.255 0.254 0.233 0.258 
710 CP00017113    (0)    2 :  0.247 0.254 0.245 0.254 
711 CP00017041    (0)    2 :  0.254 0.264 0.227 0.255 
712 CP00017069    (0)    2 :  0.252 0.259 0.239 0.250 
713 CP00017019    (0)    3 :  0.232 0.238 0.298 0.232 
714 CP00017034    (0)    2 :  0.248 0.251 0.254 0.247 
715 CP00017002    (0)    3 :  0.253 0.249 0.239 0.259 
716 CP00017047    (0)    2 :  0.248 0.247 0.248 0.257 
717 CP00017060    (0)    2 :  0.245 0.243 0.269 0.244 
718 CP00017037    (0)    2 :  0.249 0.246 0.257 0.249 
719 CP00017112    (0)    2 :  0.246 0.252 0.253 0.249 
720 CP00017090    (0)    2 :  0.244 0.248 0.266 0.242 
721 CP00049957    (0)    2 :  0.250 0.248 0.255 0.247 
722 CP00049253    (0)    2 :  0.248 0.247 0.257 0.248 
723 CP00049224    (0)    2 :  0.251 0.249 0.245 0.255 
724 CP00049921    (0)    2 :  0.248 0.262 0.243 0.247 
725 CP00049412    (0)    2 :  0.258 0.247 0.240 0.255 
726 CP00049935    (0)    2 :  0.259 0.256 0.232 0.253 
727 CP00049959    (0)    2 :  0.240 0.240 0.276 0.243 
728 CP00049956    (0)    2 :  0.242 0.244 0.271 0.243 
729 CP00049958    (0)    2 :  0.252 0.243 0.258 0.247 
730 CP00049384    (0)    2 :  0.244 0.252 0.260 0.243 
731 CP00049386    (0)    2 :  0.256 0.245 0.246 0.253 
732 CP00049400    (0)    2 :  0.248 0.237 0.272 0.243 
733 CP00049392    (0)    2 :  0.251 0.262 0.243 0.245 
734 CP00049409    (0)    2 :  0.251 0.264 0.233 0.252 
735 CP00049394    (0)    2 :  0.251 0.243 0.260 0.245 
736 CP00049262    (0)    2 :  0.246 0.258 0.250 0.246 
737 CP00049939    (0)    2 :  0.252 0.249 0.249 0.249 
738 CP00049264    (0)    2 :  0.244 0.249 0.265 0.241 
739 CP00049221    (0)    2 :  0.253 0.253 0.238 0.256 
740 CP00049266    (0)    2 :  0.254 0.253 0.239 0.254 
741 CP00049391    (0)    2 :  0.239 0.245 0.274 0.242 
742 CP00049405    (0)    2 :  0.256 0.256 0.230 0.258 
743 CP00049404    (0)    2 :  0.254 0.258 0.235 0.252 
744 CP00049393    (0)    2 :  0.252 0.243 0.261 0.244 
745 CP00049408    (0)    2 :  0.254 0.256 0.231 0.259 
746 CP00049410    (0)    2 :  0.250 0.260 0.243 0.248 
747 CP00049407    (0)    2 :  0.249 0.260 0.243 0.247 
748 CP00049250    (0)    2 :  0.245 0.252 0.264 0.240 
749 CP00049255    (0)    2 :  0.243 0.248 0.264 0.245 
750 CP00049257    (0)    2 :  0.258 0.252 0.233 0.257 
751 CP00049258    (0)    2 :  0.259 0.240 0.241 0.259 
752 CP00049248    (0)    2 :  0.240 0.264 0.257 0.239 
753 CP00049251    (0)    2 :  0.254 0.233 0.257 0.256 
754 CP00049265    (0)    2 :  0.246 0.254 0.246 0.254 
755 CP00049385    (0)    2 :  0.247 0.251 0.257 0.244 
756 CP00049397    (0)    2 :  0.250 0.248 0.260 0.242 
757 CP00049398    (0)    2 :  0.253 0.246 0.244 0.257 
758 CP00049244    (0)    2 :  0.250 0.243 0.260 0.246 
759 CP00049406    (0)    2 :  0.243 0.252 0.261 0.243 
760 CP00049411    (0)    2 :  0.259 0.255 0.228 0.257 
761 CP00049399    (0)    2 :  0.248 0.256 0.250 0.246 
762 CP00049401    (0)    2 :  0.247 0.256 0.247 0.250 
763 CP00049403    (0)    2 :  0.241 0.260 0.257 0.242 
764 CP00049941    (0)    2 :  0.240 0.259 0.263 0.239 
765 CP00049955    (0)    2 :  0.254 0.255 0.238 0.253 
766 CP00049233    (0)    2 :  0.247 0.267 0.231 0.256 
767 CP00049228    (0)    2 :  0.255 0.244 0.251 0.250 
768 CP00049954    (0)    2 :  0.252 0.244 0.256 0.248 
769 CP00049944    (0)    2 :  0.249 0.263 0.239 0.249 
770 CP00049260    (0)    2 :  0.246 0.235 0.275 0.244 
771 CP00049268    (0)    2 :  0.255 0.261 0.226 0.258 
772 CP00049239    (0)    2 :  0.249 0.236 0.270 0.245 
773 CP00049946    (0)    2 :  0.261 0.252 0.230 0.257 
774 CP00049232    (0)    2 :  0.256 0.247 0.240 0.257 
775 CP00049256    (0)    2 :  0.249 0.250 0.252 0.249 
776 CP00049259    (0)    2 :  0.251 0.248 0.249 0.252 
777 CP00049943    (0)    2 :  0.253 0.258 0.234 0.255 
778 CP00049930    (0)    2 :  0.256 0.235 0.255 0.254 
779 CP00049388    (0)    2 :  0.244 0.250 0.262 0.244 
780 CP00049413    (0)    2 :  0.253 0.244 0.250 0.252 
781 CP00049230    (0)    2 :  0.251 0.243 0.254 0.252 
782 CP00049226    (0)    2 :  0.249 0.241 0.260 0.250 
783 CP00049925    (0)    2 :  0.245 0.248 0.259 0.249 
784 CP00049387    (0)    2 :  0.241 0.263 0.254 0.242 
785 CP00049241    (0)    2 :  0.241 0.250 0.266 0.243 
786 CP00049236    (0)    2 :  0.256 0.253 0.240 0.252 
787 CP00049225    (0)    2 :  0.238 0.266 0.253 0.244 
788 CP00049229    (0)    2 :  0.259 0.251 0.239 0.252 
789 CP00049960    (0)    2 :  0.249 0.263 0.238 0.250 
790 CP00049242    (0)    2 :  0.245 0.257 0.256 0.242 
791 CP00049940    (0)    2 :  0.258 0.252 0.239 0.251 
792 CP00049948    (0)    2 :  0.252 0.260 0.242 0.247 
793 CP00049949    (0)    2 :  0.243 0.247 0.272 0.238 
794 CP00049254    (0)    2 :  0.249 0.246 0.262 0.243 
795 CP00049267    (0)    2 :  0.237 0.233 0.290 0.240 
796 CP00049261    (0)    2 :  0.247 0.256 0.248 0.249 
797 CP00049235    (0)    2 :  0.243 0.259 0.256 0.241 
798 CP00049953    (0)    2 :  0.251 0.249 0.251 0.249 
799 CP00049923    (0)    2 :  0.245 0.243 0.270 0.243 
800 CP00049947    (0)    2 :  0.254 0.253 0.236 0.257 
801 CP00049234    (0)    2 :  0.237 0.248 0.271 0.244 
802 CP00049389    (0)    2 :  0.261 0.247 0.236 0.256 
803 CP00049414    (0)    2 :  0.249 0.241 0.261 0.249 
804 CP00049390    (0)    2 :  0.258 0.248 0.235 0.259 
805 CP00049402    (0)    2 :  0.242 0.249 0.267 0.242 
806 CP00049396    (0)    2 :  0.256 0.250 0.249 0.246 
807 CP00049934    (0)    2 :  0.246 0.254 0.250 0.250 
808 CP00049246    (0)    2 :  0.240 0.243 0.278 0.240 
809 CP00049238    (0)    2 :  0.251 0.255 0.247 0.247 
810 CP00049945    (0)    2 :  0.244 0.264 0.246 0.247 
811 CP00049938    (0)    2 :  0.246 0.246 0.258 0.249 
812 CP00049928    (0)    2 :  0.250 0.238 0.263 0.249 
813 CP00049247    (0)    2 :  0.248 0.255 0.243 0.255 
814 CP00049240    (0)    2 :  0.248 0.249 0.256 0.247 
815 CP00049237    (0)    2 :  0.251 0.248 0.246 0.255 
816 CP00049243    (0)    2 :  0.243 0.266 0.245 0.246 
817 CP00049926    (0)    2 :  0.242 0.243 0.272 0.243 
818 CP00049245    (0)    2 :  0.255 0.254 0.236 0.255 
819 CP00049936    (0)    2 :  0.250 0.247 0.249 0.254 
820 CP00049927    (0)    2 :  0.251 0.248 0.246 0.255 
821 CP00049924    (0)    2 :  0.257 0.247 0.238 0.258 
822 CP00049222    (0)    2 :  0.251 0.246 0.253 0.251 
823 CP00049922    (0)    2 :  0.240 0.238 0.288 0.234 
824 CP00020222    (0)    2 :  0.258 0.244 0.235 0.263 
825 CP00020248    (0)    2 :  0.252 0.247 0.250 0.251 
826 CP00020246    (0)    2 :  0.249 0.255 0.247 0.249 
827 CP00020250    (0)    2 :  0.256 0.250 0.233 0.261 
828 CP00020247    (0)    2 :  0.258 0.258 0.232 0.251 
829 CP00020245    (0)    2 :  0.253 0.250 0.251 0.247 
830 CP00020253    (0)    2 :  0.258 0.246 0.246 0.250 
831 CP00020254    (0)    2 :  0.252 0.249 0.255 0.244 
832 CP00020227    (0)    2 :  0.240 0.250 0.270 0.241 
833 CP00020252    (0)    2 :  0.245 0.249 0.262 0.244 
834 CP00020251    (0)    2 :  0.247 0.249 0.252 0.252 
835 CP00020241    (0)    2 :  0.258 0.252 0.228 0.262 
836 CP00020240    (0)    2 :  0.254 0.239 0.254 0.252 
837 CP00020258    (0)    2 :  0.233 0.248 0.281 0.238 
838 CP00020150    (0)    2 :  0.249 0.253 0.252 0.246 
839 CP00020128    (0)    2 :  0.245 0.250 0.257 0.248 
840 CP00020224    (0)    2 :  0.249 0.257 0.237 0.257 
841 CP00020136    (0)    2 :  0.254 0.246 0.248 0.252 
842 CP00020126    (0)    2 :  0.255 0.246 0.246 0.253 
843 CP00020151    (0)    2 :  0.248 0.244 0.254 0.254 
844 CP00020130    (0)    2 :  0.260 0.255 0.237 0.249 
845 CP00020123    (0)    2 :  0.250 0.244 0.251 0.255 
846 CP00020129    (0)    2 :  0.254 0.258 0.236 0.252 
847 CP00020225    (0)    2 :  0.257 0.255 0.229 0.259 
848 CP00020161    (0)    2 :  0.260 0.250 0.232 0.258 
849 CP00020138    (0)    2 :  0.247 0.249 0.253 0.251 
850 CP00020239    (0)    2 :  0.250 0.247 0.248 0.254 
851 CP00020259    (0)    2 :  0.256 0.250 0.234 0.260 
852 CP00020135    (0)    2 :  0.248 0.268 0.231 0.254 
853 CP00020238    (0)    2 :  0.250 0.244 0.257 0.249 
854 CP00020234    (0)    2 :  0.251 0.248 0.245 0.255 
855 CP00020273    (0)    2 :  0.251 0.256 0.240 0.253 
856 CP00020282    (0)    2 :  0.251 0.252 0.237 0.259 
857 CP00020158    (0)    2 :  0.255 0.248 0.241 0.255 
858 CP00020243    (0)    2 :  0.267 0.256 0.220 0.257 
859 CP00020221    (0)    2 :  0.249 0.243 0.253 0.254 
860 CP00020229    (0)    2 :  0.248 0.262 0.237 0.252 
861 CP00020276    (0)    2 :  0.246 0.264 0.240 0.250 
862 CP00020146    (0)    2 :  0.235 0.242 0.290 0.232 
863 CP00020124    (0)    2 :  0.242 0.255 0.257 0.247 
864 CP00020156    (0)    2 :  0.256 0.249 0.240 0.256 
865 CP00020145    (0)    2 :  0.250 0.255 0.244 0.251 
866 CP00020125    (0)    2 :  0.260 0.251 0.227 0.262 
867 CP00020278    (0)    2 :  0.246 0.247 0.257 0.251 
868 CP00020132    (0)    2 :  0.259 0.253 0.233 0.255 
869 CP00020137    (0)    2 :  0.253 0.254 0.247 0.246 
870 CP00020127    (0)    2 :  0.254 0.250 0.244 0.252 
871 CP00020131    (0)    2 :  0.254 0.258 0.233 0.255 
872 CP00020260    (0)    2 :  0.239 0.254 0.266 0.241 
873 CP00020155    (0)    2 :  0.245 0.244 0.271 0.240 
874 CP00020141    (0)    2 :  0.256 0.247 0.238 0.259 
875 CP00020143    (0)    2 :  0.259 0.257 0.228 0.256 
876 CP00020142    (0)    2 :  0.249 0.254 0.247 0.251 
877 CP00020256    (0)    2 :  0.249 0.267 0.231 0.253 
878 CP00020170    (0)    2 :  0.250 0.248 0.254 0.248 
879 CP00020140    (0)    2 :  0.254 0.260 0.235 0.252 
880 CP00020147    (0)    2 :  0.241 0.259 0.256 0.243 
881 CP00020163    (0)    2 :  0.263 0.245 0.226 0.265 
882 CP00020152    (0)    2 :  0.254 0.249 0.248 0.249 
883 CP00020139    (0)    2 :  0.243 0.252 0.263 0.243 
884 CP00020162    (0)    2 :  0.262 0.237 0.231 0.269 
885 CP00020166    (0)    2 :  0.252 0.251 0.250 0.247 
886 CP00020226    (0)    2 :  0.262 0.251 0.238 0.248 
887 CP00020154    (0)    2 :  0.250 0.254 0.244 0.252 
888 CP00020257    (0)    2 :  0.241 0.247 0.267 0.244 
889 CP00020242    (0)    2 :  0.254 0.253 0.242 0.252 
890 CP00020148    (0)    2 :  0.244 0.236 0.279 0.241 
891 CP00020271    (0)    2 :  0.262 0.254 0.222 0.262 
892 CP00020233    (0)    2 :  0.242 0.244 0.272 0.242 
893 CP00020275    (0)    2 :  0.255 0.245 0.250 0.250 
894 CP00020244    (3)    2 :  0.249 0.240 0.262 0.249 
895 CP00020230    (0)    2 :  0.246 0.255 0.251 0.248 
896 CP00020279    (0)    2 :  0.253 0.241 0.251 0.256 
897 CP00020159    (0)    2 :  0.246 0.258 0.248 0.248 
898 CP00020237    (0)    2 :  0.247 0.254 0.254 0.245 
899 CP00020231    (0)    2 :  0.245 0.267 0.240 0.249 
900 CP00020281    (0)    2 :  0.249 0.252 0.248 0.252 
901 CP00020167    (0)    2 :  0.260 0.251 0.230 0.259 
902 CP00020122    (0)    2 :  0.256 0.254 0.226 0.264 
903 CP00020121    (0)    2 :  0.252 0.255 0.237 0.255 
904 CP00020157    (0)    2 :  0.237 0.244 0.283 0.236 
905 CP00020144    (0)    2 :  0.249 0.248 0.251 0.252 
906 CP00020164    (0)    2 :  0.243 0.241 0.273 0.243 
907 CP00020165    (0)    2 :  0.250 0.249 0.255 0.246 
908 CP00020255    (0)    2 :  0.243 0.244 0.265 0.248 
909 CP00020134    (0)    2 :  0.259 0.252 0.227 0.262 
910 CP00020149    (0)    2 :  0.243 0.255 0.258 0.244 
911 CP00020160    (0)    2 :  0.246 0.243 0.267 0.244 
912 CP00020228    (0)    2 :  0.255 0.251 0.240 0.254 
913 CP00020272    (0)    2 :  0.248 0.249 0.248 0.255 
914 CP00020274    (0)    2 :  0.242 0.233 0.282 0.243 
915 CP00020235    (0)    2 :  0.252 0.250 0.242 0.256 
916 CP00020280    (0)    2 :  0.249 0.240 0.261 0.249 
917 CP00020232    (0)    2 :  0.260 0.242 0.244 0.255 
918 CP00020277    (0)    2 :  0.241 0.237 0.276 0.246 
919 CP00020236    (0)    2 :  0.245 0.252 0.259 0.244 
920 CP00020223    (0)    2 :  0.256 0.252 0.237 0.255 
921 CP00016184    (0)    3 :  0.247 0.239 0.266 0.248 
922 CP00016197    (0)    3 :  0.254 0.238 0.248 0.259 
923 CP00016020    (0)    1 :  0.245 0.260 0.246 0.250 
924 CP00016181    (0)    3 :  0.247 0.246 0.256 0.250 
925 CP00016212    (0)    3 :  0.242 0.266 0.244 0.248 
926 CP00016215    (0)    3 :  0.242 0.247 0.267 0.244 
927 CP00016040    (0)    3 :  0.238 0.242 0.281 0.239 
928 CP00016051    (0)    3 :  0.250 0.246 0.249 0.255 
929 CP00016211    (0)    3 :  0.258 0.246 0.231 0.265 
930 CP00016049    (0)    3 :  0.256 0.244 0.245 0.256 
931 CP00016177    (0)    3 :  0.252 0.260 0.233 0.255 
932 CP00016060    (0)    3 :  0.250 0.257 0.243 0.250 
933 CP00016216    (0)    3 :  0.244 0.251 0.258 0.247 
934 CP00016059    (0)    3 :  0.252 0.263 0.238 0.247 
935 CP00016058    (0)    3 :  0.249 0.248 0.252 0.251 
936 CP00016178    (0)    3 :  0.255 0.249 0.238 0.259 
937 CP00016055    (0)    3 :  0.250 0.261 0.237 0.252 
938 CP00016038    (0)    3 :  0.254 0.259 0.230 0.257 
939 CP00016056    (0)    3 :  0.240 0.251 0.272 0.237 
940 CP00016185    (0)    3 :  0.259 0.255 0.232 0.254 
941 CP00016053    (0)    3 :  0.251 0.249 0.254 0.245 
942 CP00016044    (0)    1 :  0.246 0.251 0.259 0.244 
943 CP00016173    (0)    3 :  0.256 0.257 0.232 0.255 
944 CP00016213    (0)    3 :  0.252 0.248 0.244 0.256 
945 CP00016043    (0)    1 :  0.243 0.242 0.271 0.244 
946 CP00016196    (0)    3 :  0.256 0.252 0.233 0.259 
947 CP00016034    (0)    3 :  0.242 0.249 0.266 0.243 
948 CP00016182    (0)    3 :  0.254 0.247 0.247 0.253 
949 CP00016042    (0)    1 :  0.250 0.258 0.237 0.256 
950 CP00016002    (0)    1 :  0.245 0.243 0.269 0.242 
951 CP00016006    (0)    1 :  0.255 0.245 0.245 0.255 
952 CP00016005    (0)    1 :  0.245 0.240 0.267 0.247 
953 CP00016019    (0)    1 :  0.250 0.250 0.256 0.243 
954 CP00016190    (0)    3 :  0.244 0.239 0.267 0.250 
955 CP00016036    (0)    3 :  0.255 0.258 0.233 0.254 
956 CP00016008    (0)    1 :  0.257 0.250 0.240 0.253 
957 CP00016183    (0)    3 :  0.241 0.254 0.265 0.241 
958 CP00016208    (0)    3 :  0.251 0.252 0.246 0.251 
959 CP00016203    (0)    3 :  0.247 0.259 0.249 0.244 
960 CP00016172    (0)    3 :  0.255 0.256 0.237 0.252 
961 CP00016194    (0)    3 :  0.254 0.249 0.252 0.245 
962 CP00016218    (0)    3 :  0.257 0.238 0.246 0.260 
963 CP00016205    (0)    3 :  0.253 0.262 0.225 0.260 
964 CP00016050    (0)    3 :  0.254 0.240 0.249 0.257 
965 CP00016199    (0)    3 :  0.253 0.242 0.248 0.257 
966 CP00016201    (0)    3 :  0.249 0.259 0.247 0.246 
967 CP00016200    (0)    3 :  0.249 0.257 0.238 0.255 
968 CP00016004    (0)    1 :  0.244 0.250 0.261 0.245 
969 CP00016032    (0)    3 :  0.255 0.266 0.223 0.256 
970 CP00016195    (0)    3 :  0.245 0.248 0.264 0.243 
971 CP00016033    (0)    3 :  0.246 0.249 0.255 0.249 
972 CP00016012    (0)    1 :  0.253 0.256 0.243 0.248 
973 CP00016192    (0)    3 :  0.246 0.251 0.252 0.250 
974 CP00016217    (0)    3 :  0.252 0.255 0.241 0.252 
975 CP00016007    (0)    1 :  0.244 0.243 0.268 0.245 
976 CP00016191    (0)    3 :  0.247 0.244 0.265 0.243 
977 CP00016013    (0)    1 :  0.251 0.267 0.228 0.254 
978 CP00016204    (0)    3 :  0.244 0.232 0.274 0.249 
979 CP00016016    (0)    1 :  0.251 0.241 0.253 0.255 
980 CP00016206    (0)    3 :  0.248 0.255 0.251 0.246 
981 CP00016202    (0)    3 :  0.243 0.260 0.248 0.249 
982 CP00016009    (0)    1 :  0.251 0.251 0.250 0.249 
983 CP00016018    (0)    1 :  0.257 0.257 0.229 0.257 
984 CP00016052    (0)    3 :  0.259 0.252 0.233 0.256 
985 CP00016035    (0)    3 :  0.252 0.254 0.244 0.250 
986 CP00016054    (0)    3 :  0.239 0.250 0.268 0.244 
987 CP00016037    (0)    3 :  0.249 0.263 0.238 0.250 
988 CP00016039    (0)    3 :  0.239 0.265 0.258 0.239 
989 CP00016047    (0)    3 :  0.251 0.243 0.256 0.250 
990 CP00016048    (0)    3 :  0.252 0.259 0.239 0.250 
991 CP00016179    (0)    3 :  0.245 0.247 0.261 0.247 
992 CP00016180    (3)    3 :  0.255 0.256 0.243 0.246 
993 CP00016057    (0)    3 :  0.249 0.246 0.255 0.249 
994 CP00016189    (0)    3 :  0.247 0.248 0.260 0.246 
995 CP00016210    (0)    3 :  0.251 0.238 0.255 0.257 
996 CP00016209    (0)    3 :  0.247 0.240 0.269 0.244 
997 CP00016220    (0)    3 :  0.239 0.255 0.267 0.239 
998 CP00016198    (0)    3 :  0.240 0.252 0.263 0.245 
999 CP00016003    (0)    1 :  0.239 0.249 0.273 0.239 
1000 CP00016207    (0)    3 :  0.246 0.249 0.262 0.243 
1001 CP00016014    (0)    1 :  0.258 0.248 0.241 0.253 
1002 CP00016045    (0)    1 :  0.248 0.249 0.256 0.247 
1003 CP00016187    (0)    3 :  0.251 0.261 0.238 0.250 
1004 CP00016186    (0)    3 :  0.262 0.244 0.230 0.264 
1005 CP00016188    (0)    3 :  0.250 0.254 0.246 0.250 
1006 CP00016046    (0)    3 :  0.263 0.253 0.226 0.258 
1007 CP00016011    (0)    1 :  0.260 0.249 0.239 0.252 
1008 CP00016041    (0)    1 :  0.258 0.247 0.237 0.257 
1009 CP00016171    (0)    3 :  0.251 0.253 0.249 0.248 
1010 CP00016219    (0)    3 :  0.249 0.245 0.258 0.247 
1011 CP00016031    (0)    3 :  0.253 0.246 0.253 0.248 
1012 CP00016193    (0)    3 :  0.261 0.247 0.229 0.263 
1013 CP00016229    (0)    2 :  0.259 0.250 0.234 0.257 
1014 CP00015060    (0)    2 :  0.257 0.247 0.240 0.255 
1015 CP00016251    (0)    2 :  0.249 0.250 0.252 0.249 
1016 CP00015026    (0)    2 :  0.259 0.242 0.229 0.270 
1017 CP00015055    (0)    2 :  0.256 0.252 0.230 0.261 
1018 CP00016240    (0)    1 :  0.240 0.242 0.277 0.241 
1019 CP00016266    (0)    1 :  0.254 0.261 0.232 0.254 
1020 CP00016257    (0)    2 :  0.236 0.250 0.274 0.240 
1021 CP00015024    (0)    2 :  0.242 0.249 0.265 0.245 
1022 CP00015025    (0)    2 :  0.242 0.240 0.283 0.235 
1023 CP00049493    (0)    2 :  0.242 0.248 0.266 0.244 
1024 CP00016252    (0)    2 :  0.263 0.247 0.235 0.255 
1025 CP00015040    (0)    2 :  0.252 0.254 0.240 0.255 
1026 CP00015058    (0)    1 :  0.252 0.250 0.250 0.248 
1027 CP00049491    (0)    1 :  0.248 0.251 0.257 0.243 
1028 CP00015046    (0)    1 :  0.250 0.239 0.259 0.252 
1029 CP00015028    (0)    1 :  0.253 0.247 0.244 0.256 
1030 CP00015047    (0)    1 :  0.251 0.258 0.242 0.249 
1031 CP00016226    (0)    1 :  0.235 0.237 0.291 0.237 
1032 CP00016238    (0)    1 :  0.258 0.243 0.246 0.253 
1033 CP00016248    (0)    1 :  0.253 0.251 0.247 0.249 
1034 CP00015041    (0)    1 :  0.250 0.246 0.254 0.251 
1035 CP00049496    (0)    1 :  0.253 0.252 0.247 0.248 
1036 CP00015037    (0)    1 :  0.247 0.247 0.254 0.252 
1037 CP00015048    (0)    1 :  0.252 0.256 0.241 0.251 
1038 CP00016250    (0)    1 :  0.246 0.247 0.256 0.251 
1039 CP00015051    (0)    1 :  0.249 0.237 0.267 0.247 
1040 CP00016230    (0)    1 :  0.259 0.246 0.238 0.256 
1041 CP00015027    (0)    1 :  0.251 0.242 0.265 0.243 
1042 CP00049498    (0)    1 :  0.250 0.260 0.237 0.253 
1043 CP00016237    (0)    1 :  0.247 0.243 0.263 0.247 
1044 CP00016270    (0)    1 :  0.262 0.251 0.239 0.247 
1045 CP00015031    (0)    1 :  0.238 0.236 0.285 0.241 
1046 CP00016267    (0)    1 :  0.247 0.257 0.239 0.257 
1047 CP00016265    (0)    1 :  0.256 0.254 0.238 0.252 
1048 CP00016247    (0)    1 :  0.244 0.258 0.251 0.247 
1049 CP00015043    (0)    1 :  0.258 0.251 0.234 0.256 
1050 CP00016262    (0)    1 :  0.240 0.250 0.267 0.243 
1051 CP00016264    (0)    1 :  0.265 0.253 0.227 0.254 
1052 CP00049495    (0)    1 :  0.246 0.259 0.246 0.249 
1053 CP00016263    (0)    3 :  0.247 0.252 0.255 0.246 
1054 CP00015032    (0)    1 :  0.250 0.247 0.247 0.256 
1055 CP00015023    (0)    1 :  0.242 0.254 0.256 0.248 
1056 CP00016234    (0)    1 :  0.256 0.252 0.232 0.260 
1057 CP00015050    (0)    1 :  0.262 0.245 0.236 0.257 
1058 CP00015044    (0)    1 :  0.249 0.245 0.259 0.247 
1059 CP00015049    (0)    1 :  0.253 0.248 0.244 0.255 
1060 CP00016255    (0)    1 :  0.255 0.250 0.237 0.258 
1061 CP00016242    (0)    1 :  0.232 0.245 0.288 0.235 
1062 CP00049499    (0)    1 :  0.254 0.249 0.243 0.254 
1063 CP00016258    (0)    1 :  0.250 0.231 0.266 0.254 
1064 CP00016223    (0)    1 :  0.259 0.252 0.231 0.258 
1065 CP00015038    (0)    1 :  0.249 0.264 0.239 0.247 
1066 CP00016268    (0)    1 :  0.249 0.253 0.240 0.258 
1067 CP00049494    (0)    1 :  0.257 0.249 0.240 0.254 
1068 CP00016243    (0)    1 :  0.249 0.246 0.260 0.245 
1069 CP00016241    (0)    1 :  0.260 0.253 0.232 0.255 
1070 CP00016244    (0)    1 :  0.246 0.264 0.240 0.250 
1071 CP00015034    (0)    1 :  0.260 0.244 0.244 0.252 
1072 CP00016259    (0)    1 :  0.242 0.236 0.281 0.241 
1073 CP00016249    (0)    1 :  0.243 0.253 0.261 0.244 
1074 CP00015033    (0)    1 :  0.255 0.253 0.240 0.252 
1075 CP00015035    (0)    1 :  0.247 0.248 0.262 0.244 
1076 CP00015036    (0)    1 :  0.257 0.255 0.232 0.255 
1077 CP00016269    (0)    1 :  0.241 0.248 0.266 0.244 
1078 CP00049500    (0)    1 :  0.246 0.263 0.242 0.249 
1079 CP00015029    (0)    1 :  0.252 0.251 0.247 0.250 
1080 CP00015030    (0)    1 :  0.248 0.245 0.255 0.252 
1081 CP00016261    (0)    1 :  0.255 0.254 0.233 0.258 
1082 CP00015059    (0)    1 :  0.245 0.245 0.272 0.239 
1083 CP00016256    (0)    1 :  0.243 0.258 0.255 0.244 
1084 CP00015045    (0)    1 :  0.244 0.246 0.264 0.247 
1085 CP00015054    (0)    1 :  0.246 0.249 0.256 0.248 
1086 CP00015052    (0)    1 :  0.242 0.236 0.279 0.243 
1087 CP00015053    (0)    1 :  0.252 0.261 0.230 0.257 
1088 CP00016239    (0)    1 :  0.249 0.244 0.262 0.245 
1089 CP00015057    (0)    1 :  0.252 0.253 0.243 0.252 
1090 CP00016246    (0)    1 :  0.250 0.252 0.250 0.249 
1091 CP00016221    (0)    1 :  0.254 0.253 0.238 0.254 
1092 CP00016225    (0)    1 :  0.243 0.249 0.265 0.244 
1093 CP00016222    (0)    1 :  0.250 0.244 0.262 0.245 
1094 CP00016224    (0)    1 :  0.248 0.249 0.251 0.252 
1095 CP00016232    (0)    1 :  0.244 0.249 0.264 0.243 
1096 CP00016236    (0)    1 :  0.254 0.252 0.245 0.249 
1097 CP00015021    (0)    1 :  0.251 0.243 0.256 0.250 
1098 CP00015039    (0)    1 :  0.252 0.239 0.258 0.252 
1099 CP00016260    (0)    1 :  0.251 0.253 0.237 0.259 
1100 CP00016253    (0)    3 :  0.252 0.254 0.236 0.257 
1101 CP00016254    (0)    1 :  0.243 0.251 0.261 0.245 
1102 CP00049492    (0)    1 :  0.246 0.252 0.256 0.246 
1103 CP00016331    (0)    3 :  0.252 0.246 0.252 0.250 
1104 CP00016359    (0)    3 :  0.257 0.249 0.234 0.259 
1105 CP00016327    (0)    3 :  0.256 0.248 0.247 0.249 
1106 CP00016506    (0)    3 :  0.248 0.254 0.251 0.247 
1107 CP00016490    (0)    3 :  0.251 0.244 0.250 0.255 
1108 CP00016342    (0)    3 :  0.254 0.256 0.235 0.256 
1109 CP00016473    (0)    3 :  0.250 0.241 0.264 0.245 
1110 CP00016520    (0)    3 :  0.248 0.262 0.243 0.247 
1111 CP00016471    (0)    3 :  0.252 0.253 0.243 0.253 
1112 CP00016491    (0)    3 :  0.242 0.237 0.281 0.241 
1113 CP00016481    (0)    3 :  0.253 0.252 0.240 0.255 
1114 CP00016482    (0)    3 :  0.257 0.245 0.234 0.264 
1115 CP00016343    (0)    3 :  0.251 0.250 0.246 0.254 
1116 CP00016324    (0)    3 :  0.259 0.254 0.230 0.256 
1117 CP00016362    (0)    3 :  0.254 0.248 0.249 0.249 
1118 CP00016505    (0)    3 :  0.255 0.267 0.226 0.252 
1119 CP00016503    (0)    3 :  0.239 0.254 0.273 0.234 
1120 CP00016370    (0)    3 :  0.238 0.238 0.288 0.236 
1121 CP00016336    (0)    3 :  0.240 0.241 0.276 0.243 
1122 CP00016363    (0)    3 :  0.250 0.252 0.247 0.251 
1123 CP00016322    (0)    3 :  0.243 0.252 0.261 0.243 
1124 CP00016499    (0)    3 :  0.249 0.232 0.269 0.251 
1125 CP00016339    (0)    3 :  0.245 0.252 0.256 0.247 
1126 CP00016476    (0)    3 :  0.237 0.241 0.276 0.245 
1127 CP00016360    (0)    3 :  0.245 0.240 0.264 0.251 
1128 CP00016332    (0)    3 :  0.250 0.258 0.244 0.248 
1129 CP00016474    (0)    3 :  0.246 0.257 0.251 0.246 
1130 CP00016344    (0)    3 :  0.242 0.242 0.274 0.242 
1131 CP00016496    (0)    3 :  0.249 0.259 0.242 0.249 
1132 CP00016485    (0)    3 :  0.242 0.249 0.269 0.241 
1133 CP00016494    (0)    3 :  0.248 0.252 0.247 0.253 
1134 CP00016495    (0)    3 :  0.251 0.235 0.265 0.249 
1135 CP00016323    (0)    3 :  0.255 0.255 0.241 0.250 
1136 CP00016358    (0)    3 :  0.254 0.257 0.231 0.257 
1137 CP00016508    (0)    3 :  0.245 0.245 0.264 0.247 
1138 CP00016484    (0)    3 :  0.243 0.241 0.268 0.249 
1139 CP00016487    (0)    3 :  0.260 0.244 0.241 0.256 
1140 CP00016519    (0)    3 :  0.251 0.247 0.255 0.248 
1141 CP00016500    (0)    3 :  0.235 0.258 0.266 0.241 
1142 CP00016498    (0)    3 :  0.250 0.270 0.229 0.251 
1143 CP00016341    (0)    3 :  0.259 0.246 0.245 0.251 
1144 CP00016369    (0)    3 :  0.243 0.250 0.258 0.249 
1145 CP00016357    (0)    3 :  0.255 0.256 0.234 0.255 
1146 CP00016497    (0)    3 :  0.235 0.253 0.269 0.243 
1147 CP00016366    (0)    3 :  0.256 0.238 0.258 0.248 
1148 CP00016333    (0)    3 :  0.246 0.252 0.256 0.245 
1149 CP00016334    (0)    3 :  0.243 0.234 0.283 0.240 
1150 CP00016483    (0)    3 :  0.248 0.262 0.240 0.250 
1151 CP00016486    (0)    3 :  0.242 0.239 0.281 0.239 
1152 CP00016478    (0)    3 :  0.253 0.254 0.244 0.249 
1153 CP00016367    (0)    3 :  0.259 0.247 0.242 0.253 
1154 CP00016345    (0)    3 :  0.248 0.247 0.260 0.245 
1155 CP00016501    (0)    3 :  0.247 0.254 0.250 0.249 
1156 CP00016480    (0)    3 :  0.253 0.256 0.238 0.253 
1157 CP00016330    (0)    3 :  0.244 0.259 0.252 0.245 
1158 CP00016328    (0)    3 :  0.254 0.246 0.245 0.255 
1159 CP00016337    (0)    3 :  0.245 0.258 0.253 0.245 
1160 CP00016364    (0)    3 :  0.259 0.250 0.237 0.254 
1161 CP00016489    (0)    3 :  0.252 0.260 0.239 0.249 
1162 CP00016338    (0)    3 :  0.254 0.240 0.249 0.257 
1163 CP00016346    (0)    3 :  0.258 0.253 0.236 0.254 
1164 CP00016493    (0)    3 :  0.240 0.243 0.274 0.244 
1165 CP00016492    (0)    3 :  0.241 0.253 0.266 0.240 
1166 CP00016354    (0)    3 :  0.248 0.239 0.258 0.254 
1167 CP00016329    (0)    3 :  0.249 0.241 0.270 0.241 
1168 CP00016502    (0)    3 :  0.245 0.233 0.280 0.242 
1169 CP00016326    (0)    3 :  0.249 0.239 0.269 0.243 
1170 CP00016349    (0)    3 :  0.249 0.249 0.249 0.253 
1171 CP00016368    (0)    3 :  0.258 0.257 0.228 0.258 
1172 CP00016365    (0)    3 :  0.248 0.253 0.247 0.252 
1173 CP00016321    (0)    3 :  0.254 0.256 0.234 0.256 
1174 CP00016477    (0)    3 :  0.243 0.244 0.270 0.244 
1175 CP00016361    (0)    3 :  0.255 0.245 0.247 0.253 
1176 CP00016512    (0)    3 :  0.247 0.249 0.260 0.244 
1177 CP00016515    (0)    3 :  0.247 0.238 0.261 0.253 
1178 CP00016353    (0)    3 :  0.250 0.252 0.248 0.250 
1179 CP00016516    (0)    3 :  0.261 0.253 0.226 0.259 
1180 CP00016513    (0)    3 :  0.250 0.253 0.253 0.244 
1181 CP00016517    (0)    3 :  0.250 0.257 0.243 0.250 
1182 CP00016352    (0)    3 :  0.246 0.252 0.254 0.249 
1183 CP00016325    (0)    3 :  0.250 0.243 0.252 0.254 
1184 CP00016475    (0)    3 :  0.254 0.248 0.249 0.249 
1185 CP00016340    (0)    3 :  0.243 0.249 0.267 0.241 
1186 CP00016355    (0)    3 :  0.251 0.245 0.255 0.249 
1187 CP00016511    (0)    3 :  0.248 0.247 0.261 0.244 
1188 CP00016351    (0)    3 :  0.256 0.250 0.241 0.254 
1189 CP00016507    (0)    3 :  0.248 0.245 0.255 0.251 
1190 CP00016479    (0)    3 :  0.250 0.249 0.241 0.260 
1191 CP00016504    (0)    3 :  0.240 0.258 0.259 0.242 
1192 CP00016472    (0)    3 :  0.250 0.256 0.243 0.251 
1193 CP00016488    (3)    3 :  0.261 0.249 0.241 0.249 
1194 CP00016514    (0)    3 :  0.246 0.243 0.262 0.248 
1195 CP00016347    (0)    3 :  0.246 0.242 0.268 0.243 
1196 CP00016348    (0)    3 :  0.247 0.255 0.250 0.248 
1197 CP00016510    (0)    3 :  0.253 0.237 0.259 0.251 
1198 CP00016350    (0)    3 :  0.252 0.257 0.241 0.249 
1199 CP00016518    (0)    3 :  0.254 0.254 0.243 0.249 
1200 CP00016509    (0)    3 :  0.258 0.260 0.227 0.256 
1201 CP00015888    (0)    3 :  0.251 0.247 0.244 0.259 
1202 CP00015759    (0)    3 :  0.254 0.239 0.261 0.246 
1203 CP00015760    (0)    3 :  0.257 0.257 0.235 0.251 
1204 CP00015918    (0)    3 :  0.235 0.243 0.286 0.236 
1205 CP00015756    (0)    3 :  0.249 0.244 0.261 0.246 
1206 CP00015880    (0)    3 :  0.254 0.257 0.239 0.250 
1207 CP00015916    (0)    3 :  0.254 0.259 0.237 0.250 
1208 CP00015753    (0)    3 :  0.250 0.259 0.234 0.257 
1209 CP00015885    (0)    3 :  0.254 0.251 0.241 0.253 
1210 CP00015896    (0)    3 :  0.253 0.241 0.256 0.250 
1211 CP00015899    (0)    3 :  0.243 0.243 0.273 0.241 
1212 CP00015909    (0)    3 :  0.260 0.246 0.234 0.260 
1213 CP00015894    (0)    3 :  0.251 0.248 0.253 0.248 
1214 CP00015724    (0)    3 :  0.246 0.248 0.256 0.250 
1215 CP00015906    (0)    3 :  0.254 0.252 0.233 0.260 
1216 CP00015734    (3)    3 :  0.247 0.247 0.254 0.253 
1217 CP00015764    (0)    3 :  0.242 0.239 0.279 0.240 
1218 CP00015897    (0)    3 :  0.249 0.253 0.252 0.245 
1219 CP00015758    (0)    3 :  0.255 0.244 0.243 0.258 
1220 CP00015920    (0)    3 :  0.246 0.263 0.246 0.245 
1221 CP00015889    (0)    3 :  0.259 0.255 0.233 0.253 
1222 CP00015919    (0)    3 :  0.239 0.243 0.278 0.240 
1223 CP00015912    (0)    3 :  0.249 0.252 0.252 0.247 
1224 CP00015913    (0)    3 :  0.251 0.253 0.244 0.251 
1225 CP00015872    (0)    3 :  0.246 0.233 0.272 0.248 
1226 CP00015911    (0)    3 :  0.250 0.249 0.252 0.249 
1227 CP00015908    (0)    3 :  0.254 0.250 0.243 0.253 
1228 CP00015901    (0)    3 :  0.250 0.241 0.257 0.251 
1229 CP00015892    (3)    3 :  0.250 0.254 0.246 0.250 
1230 CP00015883    (0)    3 :  0.257 0.256 0.231 0.255 
1231 CP00015910    (0)    3 :  0.253 0.242 0.250 0.256 
1232 CP00015884    (0)    3 :  0.248 0.247 0.264 0.241 
1233 CP00015875    (0)    3 :  0.253 0.244 0.257 0.246 
1234 CP00015879    (0)    3 :  0.250 0.253 0.247 0.250 
1235 CP00015905    (0)    3 :  0.255 0.242 0.252 0.250 
1236 CP00015891    (0)    3 :  0.239 0.239 0.280 0.242 
1237 CP00015740    (0)    3 :  0.251 0.255 0.245 0.249 
1238 CP00015766    (0)    3 :  0.239 0.249 0.270 0.241 
1239 CP00015763    (0)    3 :  0.257 0.256 0.230 0.256 
1240 CP00015762    (0)    3 :  0.239 0.241 0.282 0.238 
1241 CP00015761    (0)    3 :  0.247 0.243 0.262 0.248 
1242 CP00015743    (0)    3 :  0.251 0.248 0.250 0.250 
1243 CP00015878    (0)    3 :  0.254 0.253 0.242 0.251 
1244 CP00015748    (0)    3 :  0.246 0.240 0.271 0.243 
1245 CP00015737    (0)    3 :  0.242 0.233 0.280 0.245 
1246 CP00015768    (0)    3 :  0.263 0.249 0.233 0.255 
1247 CP00015767    (0)    3 :  0.251 0.254 0.245 0.250 
1248 CP00015746    (0)    3 :  0.252 0.243 0.253 0.252 
1249 CP00015893    (0)    3 :  0.259 0.251 0.225 0.264 
1250 CP00015741    (0)    3 :  0.242 0.254 0.259 0.246 
1251 CP00015757    (0)    3 :  0.246 0.249 0.264 0.242 
1252 CP00015739    (0)    3 :  0.247 0.253 0.248 0.252 
1253 CP00015751    (0)    3 :  0.241 0.264 0.255 0.240 
1254 CP00015745    (0)    3 :  0.243 0.257 0.252 0.248 
1255 CP00015747    (0)    3 :  0.249 0.246 0.251 0.254 
1256 CP00015754    (0)    3 :  0.237 0.241 0.283 0.239 
1257 CP00015873    (0)    3 :  0.246 0.251 0.254 0.249 
1258 CP00015881    (0)    3 :  0.246 0.245 0.259 0.251 
1259 CP00015877    (0)    3 :  0.256 0.252 0.232 0.260 
1260 CP00015915    (0)    3 :  0.250 0.247 0.249 0.254 
1261 CP00015904    (0)    3 :  0.247 0.260 0.248 0.245 
1262 CP00015900    (0)    3 :  0.253 0.252 0.240 0.255 
1263 CP00015907    (0)    3 :  0.252 0.257 0.234 0.256 
1264 CP00015742    (0)    3 :  0.237 0.235 0.293 0.235 
1265 CP00015738    (0)    3 :  0.255 0.259 0.229 0.257 
1266 CP00015727    (0)    3 :  0.248 0.253 0.252 0.247 
1267 CP00015728    (0)    3 :  0.251 0.263 0.232 0.254 
1268 CP00015726    (0)    3 :  0.249 0.239 0.261 0.251 
1269 CP00015914    (0)    3 :  0.249 0.247 0.255 0.249 
1270 CP00015769    (0)    3 :  0.248 0.254 0.245 0.253 
1271 CP00015770    (0)    3 :  0.256 0.249 0.240 0.255 
1272 CP00015750    (0)    3 :  0.261 0.256 0.222 0.262 
1273 CP00015749    (0)    3 :  0.247 0.252 0.252 0.250 
1274 CP00015721    (0)    3 :  0.245 0.249 0.258 0.248 
1275 CP00015735    (0)    3 :  0.252 0.252 0.241 0.254 
1276 CP00015732    (0)    3 :  0.249 0.252 0.244 0.255 
1277 CP00015723    (0)    3 :  0.252 0.246 0.238 0.263 
1278 CP00015729    (0)    3 :  0.259 0.248 0.234 0.259 
1279 CP00015736    (0)    3 :  0.256 0.247 0.242 0.255 
1280 CP00015725    (0)    3 :  0.246 0.248 0.257 0.249 
1281 CP00015886    (0)    3 :  0.247 0.246 0.261 0.246 
1282 CP00015722    (0)    3 :  0.254 0.250 0.242 0.254 
1283 CP00015731    (0)    3 :  0.257 0.249 0.243 0.251 
1284 CP00015730    (0)    3 :  0.265 0.241 0.235 0.260 
1285 CP00015752    (0)    3 :  0.256 0.247 0.242 0.256 
1286 CP00015890    (0)    3 :  0.254 0.260 0.233 0.253 
1287 CP00015876    (0)    3 :  0.261 0.252 0.236 0.251 
1288 CP00015887    (0)    3 :  0.257 0.250 0.241 0.252 
1289 CP00015882    (0)    3 :  0.253 0.244 0.259 0.244 
1290 CP00015765    (0)    3 :  0.250 0.243 0.257 0.249 
1291 CP00015744    (0)    3 :  0.246 0.237 0.274 0.244 
1292 CP00015104    (0)    1 :  0.249 0.256 0.243 0.251 
1293 CP00015100    (0)    1 :  0.231 0.236 0.299 0.233 
1294 CP00015000    (0)    1 :  0.253 0.249 0.250 0.249 
1295 CP00015119    (0)    1 :  0.255 0.251 0.248 0.247 
1296 CP00015016    (0)    1 :  0.251 0.265 0.231 0.252 
1297 CP00015078    (0)    1 :  0.252 0.263 0.233 0.252 
1298 CP00015076    (0)    1 :  0.240 0.246 0.275 0.239 
1299 CP00015084    (0)    1 :  0.252 0.254 0.244 0.249 
1300 CP00015091    (0)    1 :  0.250 0.250 0.247 0.253 
1301 CP00015013    (0)    1 :  0.251 0.254 0.239 0.255 
1302 CP00015009    (0)    1 :  0.242 0.250 0.262 0.246 
1303 CP00015082    (0)    1 :  0.248 0.261 0.239 0.251 
1304 CP00014983    (0)    1 :  0.256 0.244 0.245 0.255 
1305 CP00015072    (0)    1 :  0.257 0.257 0.229 0.257 
1306 CP00015086    (0)    1 :  0.249 0.247 0.254 0.250 
1307 CP00015073    (0)    1 :  0.249 0.264 0.237 0.249 
1308 CP00015077    (0)    1 :  0.250 0.247 0.257 0.245 
1309 CP00014973    (0)    1 :  0.256 0.254 0.233 0.257 
1310 CP00015015    (0)    1 :  0.255 0.255 0.237 0.253 
1311 CP00014975    (0)    1 :  0.247 0.243 0.264 0.246 
1312 CP00014979    (0)    1 :  0.247 0.255 0.244 0.253 
1313 CP00014980    (0)    1 :  0.253 0.236 0.260 0.251 
1314 CP00015111    (0)    1 :  0.250 0.251 0.244 0.255 
1315 CP00015090    (0)    1 :  0.251 0.246 0.250 0.252 
1316 CP00015098    (0)    1 :  0.248 0.252 0.252 0.248 
1317 CP00015005    (0)    1 :  0.247 0.248 0.260 0.244 
1318 CP00015109    (0)    1 :  0.242 0.250 0.264 0.244 
1319 CP00015114    (0)    1 :  0.248 0.245 0.261 0.245 
1320 CP00015007    (0)    1 :  0.245 0.251 0.259 0.244 
1321 CP00015006    (0)    1 :  0.252 0.253 0.243 0.253 
1322 CP00014974    (0)    1 :  0.248 0.254 0.247 0.252 
1323 CP00015096    (0)    1 :  0.244 0.243 0.275 0.238 
1324 CP00015112    (0)    1 :  0.252 0.245 0.252 0.251 
1325 CP00015002    (0)    1 :  0.268 0.248 0.223 0.261 
1326 CP00015113    (0)    1 :  0.255 0.257 0.238 0.250 
1327 CP00015010    (0)    1 :  0.251 0.256 0.237 0.257 
1328 CP00015019    (0)    1 :  0.248 0.245 0.257 0.250 
1329 CP00015120    (0)    1 :  0.251 0.233 0.263 0.253 
1330 CP00015107    (0)    1 :  0.254 0.253 0.236 0.257 
1331 CP00015081    (0)    1 :  0.249 0.266 0.235 0.250 
1332 CP00015071    (0)    1 :  0.255 0.256 0.229 0.259 
1333 CP00015087    (0)    1 :  0.251 0.257 0.246 0.245 
1334 CP00015093    (3)    1 :  0.246 0.250 0.251 0.254 
1335 CP00015102    (0)    1 :  0.253 0.249 0.239 0.259 
1336 CP00015101    (0)    1 :  0.251 0.255 0.243 0.251 
1337 CP00014982    (0)    1 :  0.257 0.251 0.236 0.256 
1338 CP00014990    (0)    1 :  0.255 0.260 0.228 0.257 
1339 CP00015088    (0)    1 :  0.253 0.267 0.232 0.248 
1340 CP00014995    (0)    1 :  0.262 0.243 0.239 0.257 
1341 CP00015003    (0)    1 :  0.244 0.246 0.267 0.244 
1342 CP00015097    (0)    1 :  0.254 0.264 0.229 0.253 
1343 CP00014972    (0)    1 :  0.244 0.268 0.238 0.250 
1344 CP00015106    (0)    1 :  0.252 0.251 0.243 0.255 
1345 CP00015095    (0)    1 :  0.249 0.253 0.243 0.255 
1346 CP00014998    (0)    1 :  0.244 0.243 0.273 0.241 
1347 CP00014985    (0)    1 :  0.252 0.246 0.244 0.258 
1348 CP00014986    (0)    1 :  0.254 0.248 0.245 0.253 
1349 CP00014999    (0)    1 :  0.256 0.246 0.240 0.258 
1350 CP00014984    (0)    1 :  0.251 0.250 0.244 0.255 
1351 CP00015117    (0)    1 :  0.251 0.262 0.237 0.250 
1352 CP00015099    (0)    1 :  0.257 0.240 0.247 0.256 
1353 CP00015110    (0)    1 :  0.249 0.248 0.252 0.250 
1354 CP00015115    (0)    1 :  0.248 0.249 0.256 0.247 
1355 CP00015080    (0)    1 :  0.245 0.264 0.243 0.248 
1356 CP00015012    (0)    1 :  0.259 0.253 0.235 0.253 
1357 CP00014994    (0)    1 :  0.255 0.243 0.250 0.252 
1358 CP00015001    (0)    1 :  0.252 0.265 0.232 0.251 
1359 CP00014992    (0)    1 :  0.242 0.237 0.281 0.240 
1360 CP00015074    (0)    1 :  0.244 0.262 0.246 0.249 
1361 CP00014991    (0)    1 :  0.250 0.249 0.252 0.249 
1362 CP00014981    (0)    1 :  0.254 0.246 0.244 0.257 
1363 CP00014977    (0)    1 :  0.245 0.249 0.256 0.250 
1364 CP00014976    (0)    1 :  0.249 0.243 0.259 0.248 
1365 CP00014993    (0)    1 :  0.251 0.256 0.239 0.254 
1366 CP00014971    (0)    1 :  0.251 0.254 0.239 0.256 
1367 CP00015020    (0)    1 :  0.249 0.258 0.238 0.255 
1368 CP00015004    (0)    1 :  0.243 0.258 0.253 0.246 
1369 CP00015103    (0)    1 :  0.247 0.241 0.263 0.249 
1370 CP00015116    (0)    1 :  0.243 0.239 0.270 0.248 
1371 CP00015118    (0)    1 :  0.248 0.266 0.237 0.249 
1372 CP00014996    (0)    1 :  0.260 0.250 0.239 0.251 
1373 CP00015079    (0)    1 :  0.251 0.269 0.230 0.250 
1374 CP00015094    (0)    1 :  0.251 0.253 0.242 0.255 
1375 CP00015085    (0)    1 :  0.252 0.241 0.259 0.248 
1376 CP00015083    (0)    1 :  0.250 0.266 0.230 0.253 
1377 CP00015092    (0)    1 :  0.249 0.254 0.252 0.245 
1378 CP00018197    (0)    1 :  0.251 0.254 0.247 0.249 
1379 CP00018136    (0)    1 :  0.243 0.244 0.270 0.243 
1380 CP00018190    (0)    1 :  0.242 0.255 0.260 0.244 
1381 CP00018139    (0)    1 :  0.245 0.249 0.264 0.242 
1382 CP00018207    (0)    1 :  0.247 0.251 0.257 0.246 
1383 CP00018213    (0)    1 :  0.254 0.251 0.234 0.261 
1384 CP00018163    (0)    1 :  0.248 0.237 0.261 0.254 
1385 CP00018179    (0)    1 :  0.261 0.248 0.240 0.251 
1386 CP00018178    (0)    1 :  0.236 0.263 0.259 0.242 
1387 CP00018144    (0)    1 :  0.256 0.254 0.230 0.259 
1388 CP00018155    (0)    1 :  0.249 0.250 0.257 0.245 
1389 CP00018151    (0)    1 :  0.248 0.266 0.239 0.247 
1390 CP00018180    (0)    1 :  0.246 0.250 0.257 0.248 
1391 CP00018182    (0)    1 :  0.259 0.254 0.233 0.254 
1392 CP00018189    (0)    1 :  0.250 0.255 0.234 0.260 
1393 CP00018217    (0)    1 :  0.251 0.238 0.257 0.254 
1394 CP00018154    (0)    1 :  0.242 0.241 0.276 0.241 
1395 CP00018158    (0)    1 :  0.254 0.243 0.252 0.251 
1396 CP00018181    (0)    3 :  0.253 0.260 0.239 0.249 
1397 CP00018208    (0)    1 :  0.247 0.251 0.255 0.247 
1398 CP00018211    (0)    3 :  0.250 0.258 0.238 0.253 
1399 CP00018176    (0)    3 :  0.248 0.267 0.237 0.248 
1400 CP00018128    (0)    3 :  0.247 0.246 0.259 0.247 
1401 CP00018122    (0)    3 :  0.257 0.252 0.248 0.244 
1402 CP00018156    (0)    3 :  0.244 0.240 0.270 0.246 
1403 CP00018126    (3)    3 :  0.245 0.248 0.259 0.248 
1404 CP00018187    (0)    3 :  0.250 0.243 0.261 0.246 
1405 CP00018143    (0)    3 :  0.257 0.246 0.240 0.257 
1406 CP00018188    (0)    3 :  0.240 0.243 0.275 0.242 
1407 CP00018219    (0)    1 :  0.254 0.249 0.246 0.251 
1408 CP00018205    (0)    1 :  0.256 0.252 0.235 0.258 
1409 CP00018124    (0)    1 :  0.240 0.253 0.265 0.243 
1410 CP00018160    (0)    1 :  0.248 0.259 0.246 0.246 
1411 CP00018199    (0)    1 :  0.247 0.253 0.257 0.243 
1412 CP00018137    (0)    1 :  0.247 0.261 0.246 0.246 
1413 CP00018215    (0)    1 :  0.251 0.261 0.242 0.246 
1414 CP00018171    (0)    1 :  0.244 0.258 0.251 0.247 
1415 CP00018157    (0)    1 :  0.243 0.254 0.263 0.240 
1416 CP00018165    (0)    1 :  0.253 0.256 0.235 0.257 
1417 CP00018191    (0)    1 :  0.257 0.252 0.234 0.257 
1418 CP00018141    (0)    1 :  0.248 0.251 0.261 0.240 
1419 CP00018204    (0)    3 :  0.238 0.240 0.283 0.239 
1420 CP00018127    (0)    3 :  0.240 0.271 0.241 0.248 
1421 CP00018194    (0)    1 :  0.255 0.246 0.247 0.251 
1422 CP00018168    (0)    3 :  0.242 0.243 0.277 0.239 
1423 CP00018216    (0)    1 :  0.247 0.254 0.253 0.246 
1424 CP00018192    (0)    1 :  0.251 0.250 0.245 0.253 
1425 CP00018184    (0)    3 :  0.250 0.250 0.248 0.252 
1426 CP00018134    (0)    3 :  0.246 0.248 0.249 0.257 
1427 CP00018142    (0)    3 :  0.257 0.257 0.236 0.251 
1428 CP00018220    (0)    3 :  0.247 0.262 0.246 0.245 
1429 CP00018186    (0)    3 :  0.248 0.238 0.252 0.261 
1430 CP00018131    (0)    3 :  0.253 0.242 0.254 0.251 
1431 CP00018183    (0)    3 :  0.255 0.257 0.235 0.253 
1432 CP00018209    (0)    3 :  0.250 0.263 0.235 0.252 
1433 CP00018193    (0)    1 :  0.255 0.251 0.239 0.256 
1434 CP00018177    (0)    1 :  0.257 0.245 0.241 0.257 
1435 CP00018214    (0)    1 :  0.246 0.249 0.253 0.253 
1436 CP00018145    (0)    3 :  0.255 0.244 0.242 0.259 
1437 CP00018185    (0)    3 :  0.258 0.250 0.241 0.252 
1438 CP00018201    (0)    3 :  0.254 0.256 0.233 0.257 
1439 CP00018153    (0)    3 :  0.249 0.245 0.253 0.252 
1440 CP00018121    (0)    3 :  0.259 0.243 0.233 0.264 
1441 CP00018175    (0)    3 :  0.253 0.250 0.248 0.249 
1442 CP00018146    (0)    3 :  0.251 0.240 0.260 0.249 
1443 CP00018148    (0)    3 :  0.265 0.246 0.229 0.260 
1444 CP00018195    (0)    1 :  0.257 0.249 0.238 0.256 
1445 CP00018132    (0)    3 :  0.254 0.253 0.243 0.250 
1446 CP00018210    (0)    3 :  0.252 0.255 0.237 0.255 
1447 CP00018135    (0)    3 :  0.253 0.245 0.244 0.258 
1448 CP00018164    (0)    3 :  0.243 0.257 0.256 0.244 
1449 CP00018133    (0)    3 :  0.243 0.253 0.256 0.248 
1450 CP00018149    (0)    3 :  0.243 0.228 0.288 0.241 
1451 CP00018170    (0)    3 :  0.251 0.255 0.250 0.244 
1452 CP00018166    (0)    3 :  0.249 0.247 0.253 0.251 
1453 CP00018173    (0)    3 :  0.259 0.265 0.220 0.257 
1454 CP00018212    (0)    1 :  0.251 0.253 0.244 0.252 
1455 CP00018172    (0)    3 :  0.249 0.249 0.248 0.254 
1456 CP00018202    (0)    3 :  0.247 0.254 0.256 0.244 
1457 CP00018125    (0)    3 :  0.251 0.239 0.265 0.246 
1458 CP00018198    (0)    1 :  0.261 0.250 0.227 0.261 
1459 CP00018129    (0)    3 :  0.260 0.254 0.229 0.257 
1460 CP00018140    (0)    3 :  0.246 0.256 0.247 0.251 
1461 CP00018196    (0)    1 :  0.253 0.247 0.245 0.256 
1462 CP00018218    (0)    1 :  0.252 0.251 0.250 0.247 
1463 CP00017467    (0)    3 :  0.251 0.260 0.240 0.249 
1464 CP00017499    (0)    3 :  0.248 0.246 0.254 0.251 
1465 CP00017430    (0)    3 :  0.255 0.251 0.240 0.254 
1466 CP00017510    (0)    3 :  0.261 0.260 0.225 0.254 
1467 CP00017437    (0)    3 :  0.254 0.242 0.250 0.254 
1468 CP00017429    (0)    3 :  0.251 0.255 0.247 0.246 
1469 CP00017432    (0)    3 :  0.247 0.253 0.257 0.243 
1470 CP00017447    (0)    3 :  0.238 0.250 0.272 0.240 
1471 CP00017442    (0)    3 :  0.251 0.244 0.257 0.249 
1472 CP00017484    (0)    3 :  0.246 0.241 0.265 0.247 
1473 CP00017504    (0)    3 :  0.241 0.244 0.270 0.245 
1474 CP00017423    (0)    3 :  0.260 0.256 0.230 0.254 
1475 CP00017518    (0)    3 :  0.259 0.259 0.230 0.252 
1476 CP00017455    (0)    3 :  0.246 0.238 0.271 0.245 
1477 CP00017497    (0)    3 :  0.234 0.240 0.288 0.238 
1478 CP00017456    (0)    3 :  0.251 0.254 0.243 0.251 
1479 CP00017514    (0)    3 :  0.260 0.251 0.234 0.255 
1480 CP00017489    (0)    3 :  0.257 0.245 0.242 0.256 
1481 CP00017424    (0)    3 :  0.244 0.251 0.260 0.245 
1482 CP00017468    (0)    3 :  0.256 0.257 0.236 0.251 
1483 CP00017511    (0)    3 :  0.251 0.248 0.250 0.251 
1484 CP00017438    (0)    3 :  0.256 0.242 0.245 0.256 
1485 CP00017463    (0)    3 :  0.254 0.248 0.233 0.265 
1486 CP00017469    (0)    3 :  0.239 0.233 0.290 0.239 
1487 CP00017436    (0)    3 :  0.238 0.241 0.287 0.235 
1488 CP00017491    (0)    3 :  0.250 0.251 0.243 0.255 
1489 CP00017452    (0)    3 :  0.252 0.247 0.252 0.249 
1490 CP00017520    (0)    3 :  0.260 0.253 0.236 0.251 
1491 CP00017434    (0)    3 :  0.236 0.250 0.270 0.244 
1492 CP00017472    (0)    3 :  0.241 0.240 0.277 0.243 
1493 CP00017507    (0)    3 :  0.237 0.251 0.277 0.235 
1494 CP00017479    (0)    3 :  0.243 0.242 0.275 0.240 
1495 CP00017475    (0)    3 :  0.257 0.252 0.237 0.254 
1496 CP00017464    (0)    3 :  0.243 0.247 0.266 0.243 
1497 CP00017477    (0)    3 :  0.256 0.254 0.235 0.254 
1498 CP00017500    (0)    3 :  0.248 0.247 0.255 0.249 
1499 CP00017461    (0)    3 :  0.250 0.245 0.253 0.252 
1500 CP00017427    (0)    3 :  0.244 0.250 0.262 0.244 
1501 CP00017444    (0)    3 :  0.251 0.235 0.259 0.254 
1502 CP00017476    (0)    3 :  0.233 0.231 0.305 0.231 
1503 CP00017493    (0)    3 :  0.242 0.236 0.277 0.245 
1504 CP00017440    (0)    3 :  0.253 0.251 0.249 0.248 
1505 CP00017509    (0)    3 :  0.239 0.256 0.262 0.243 
1506 CP00017439    (0)    3 :  0.246 0.254 0.252 0.247 
1507 CP00017428    (0)    3 :  0.248 0.239 0.263 0.250 
1508 CP00017502    (0)    3 :  0.244 0.239 0.278 0.239 
1509 CP00017471    (0)    3 :  0.247 0.246 0.261 0.246 
1510 CP00017459    (0)    3 :  0.247 0.254 0.251 0.248 
1511 CP00017425    (0)    3 :  0.244 0.236 0.277 0.244 
1512 CP00017465    (0)    3 :  0.252 0.257 0.233 0.258 
1513 CP00017516    (0)    3 :  0.247 0.244 0.260 0.248 
1514 CP00017498    (0)    3 :  0.250 0.246 0.248 0.256 
1515 CP00017426    (0)    3 :  0.239 0.246 0.273 0.242 
1516 CP00017481    (0)    3 :  0.252 0.246 0.256 0.246 
1517 CP00017422    (0)    3 :  0.250 0.259 0.239 0.252 
1518 CP00017512    (0)    3 :  0.241 0.240 0.274 0.245 
1519 CP00017460    (0)    3 :  0.252 0.250 0.246 0.252 
1520 CP00017443    (0)    3 :  0.241 0.246 0.278 0.235 
1521 CP00017457    (0)    3 :  0.254 0.256 0.241 0.249 
1522 CP00017446    (0)    3 :  0.258 0.258 0.223 0.260 
1523 CP00017431    (0)    3 :  0.250 0.254 0.241 0.255 
1524 CP00017462    (0)    3 :  0.257 0.251 0.242 0.250 
1525 CP00017445    (0)    3 :  0.252 0.248 0.247 0.253 
1526 CP00017435    (0)    3 :  0.252 0.245 0.251 0.252 
1527 CP00017449    (0)    3 :  0.256 0.247 0.237 0.260 
1528 CP00017454    (0)    3 :  0.249 0.252 0.249 0.249 
1529 CP00017501    (0)    3 :  0.250 0.265 0.235 0.250 
1530 CP00017451    (0)    3 :  0.259 0.248 0.238 0.254 
1531 CP00017490    (0)    3 :  0.252 0.241 0.259 0.249 
1532 CP00017470    (0)    3 :  0.248 0.243 0.261 0.249 
1533 CP00017506    (0)    3 :  0.246 0.257 0.245 0.252 
1534 CP00017466    (0)    3 :  0.259 0.250 0.238 0.254 
1535 CP00017441    (0)    3 :  0.249 0.259 0.238 0.254 
1536 CP00017473    (0)    3 :  0.241 0.260 0.257 0.242 
1537 CP00017453    (0)    3 :  0.249 0.244 0.259 0.248 
1538 CP00017513    (0)    3 :  0.251 0.237 0.258 0.253 
1539 CP00017508    (0)    3 :  0.246 0.248 0.261 0.245 
1540 CP00017505    (0)    3 :  0.243 0.246 0.267 0.244 
1541 CP00017421    (0)    3 :  0.264 0.242 0.227 0.267 
1542 CP00017496    (0)    3 :  0.248 0.237 0.263 0.251 
1543 CP00017433    (0)    3 :  0.250 0.246 0.255 0.249 
1544 CP00017458    (0)    3 :  0.250 0.252 0.249 0.248 
1545 CP00017478    (0)    3 :  0.250 0.249 0.251 0.250 
1546 CP00017492    (0)    3 :  0.241 0.240 0.272 0.247 
1547 CP00017517    (0)    3 :  0.247 0.241 0.263 0.249 
1548 CP00017503    (0)    3 :  0.245 0.261 0.244 0.250 
1549 CP00017694    (0)    2 :  0.240 0.235 0.287 0.238 
1550 CP00017741    (0)    3 :  0.256 0.256 0.235 0.252 
1551 CP00017734    (0)    3 :  0.246 0.253 0.254 0.247 
1552 CP00017717    (0)    1 :  0.248 0.256 0.249 0.247 
1553 CP00017690    (0)    3 :  0.255 0.261 0.231 0.253 
1554 CP00017755    (0)    3 :  0.247 0.263 0.246 0.244 
1555 CP00017712    (0)    3 :  0.245 0.256 0.249 0.250 
1556 CP00017688    (0)    3 :  0.251 0.255 0.242 0.252 
1557 CP00017714    (0)    3 :  0.250 0.255 0.249 0.247 
1558 CP00017680    (0)    3 :  0.237 0.262 0.257 0.243 
1559 CP00017710    (0)    3 :  0.248 0.260 0.242 0.250 
1560 CP00017733    (0)    3 :  0.255 0.255 0.235 0.256 
1561 CP00017682    (0)    3 :  0.238 0.250 0.269 0.242 
1562 CP00017763    (0)    3 :  0.245 0.253 0.252 0.250 
1563 CP00017695    (0)    2 :  0.246 0.263 0.246 0.246 
1564 CP00017730    (0)    3 :  0.247 0.251 0.258 0.243 
1565 CP00017757    (0)    3 :  0.257 0.251 0.233 0.259 
1566 CP00017770    (0)    3 :  0.242 0.248 0.262 0.248 
1567 CP00017697    (0)    2 :  0.250 0.259 0.231 0.260 
1568 CP00017739    (0)    3 :  0.255 0.252 0.240 0.252 
1569 CP00017681    (0)    3 :  0.261 0.249 0.231 0.259 
1570 CP00017685    (0)    3 :  0.247 0.240 0.260 0.254 
1571 CP00017696    (0)    2 :  0.250 0.241 0.260 0.248 
1572 CP00017679    (0)    3 :  0.249 0.240 0.269 0.242 
1573 CP00017766    (0)    3 :  0.255 0.248 0.249 0.248 
1574 CP00017702    (0)    2 :  0.249 0.258 0.244 0.249 
1575 CP00017715    (0)    3 :  0.242 0.242 0.277 0.239 
1576 CP00017676    (0)    3 :  0.248 0.255 0.251 0.246 
1577 CP00017700    (0)    2 :  0.239 0.245 0.282 0.234 
1578 CP00017723    (0)    3 :  0.258 0.247 0.241 0.254 
1579 CP00017724    (0)    3 :  0.261 0.247 0.242 0.250 
1580 CP00017725    (0)    3 :  0.257 0.253 0.230 0.260 
1581 CP00017673    (0)    3 :  0.265 0.242 0.233 0.260 
1582 CP00017735    (0)    3 :  0.249 0.251 0.247 0.252 
1583 CP00017737    (0)    3 :  0.252 0.264 0.226 0.258 
1584 CP00017760    (0)    3 :  0.251 0.248 0.245 0.255 
1585 CP00017731    (0)    3 :  0.253 0.248 0.247 0.252 
1586 CP00017706    (0)    2 :  0.248 0.254 0.251 0.247 
1587 CP00017672    (0)    3 :  0.245 0.246 0.260 0.249 
1588 CP00017769    (0)    3 :  0.255 0.260 0.225 0.260 
1589 CP00017698    (0)    2 :  0.249 0.246 0.251 0.254 
1590 CP00017699    (0)    2 :  0.256 0.248 0.232 0.264 
1591 CP00017683    (0)    3 :  0.253 0.238 0.265 0.245 
1592 CP00017765    (0)    3 :  0.249 0.254 0.240 0.258 
1593 CP00017756    (0)    3 :  0.252 0.241 0.252 0.255 
1594 CP00017677    (0)    3 :  0.246 0.246 0.265 0.243 
1595 CP00017752    (0)    3 :  0.261 0.249 0.231 0.259 
1596 CP00017686    (0)    3 :  0.240 0.250 0.273 0.238 
1597 CP00017736    (0)    3 :  0.260 0.246 0.240 0.253 
1598 CP00017753    (0)    3 :  0.251 0.252 0.246 0.250 
1599 CP00017727    (0)    3 :  0.252 0.244 0.246 0.258 
1600 CP00017721    (0)    3 :  0.250 0.246 0.256 0.248 
1601 CP00017754    (0)    3 :  0.258 0.239 0.250 0.253 
1602 CP00017692    (0)    2 :  0.244 0.237 0.278 0.241 
1603 CP00017718    (0)    3 :  0.247 0.247 0.257 0.249 
1604 CP00017691    (0)    3 :  0.256 0.255 0.233 0.256 
1605 CP00017726    (0)    3 :  0.252 0.235 0.254 0.259 
1606 CP00017705    (0)    2 :  0.256 0.248 0.240 0.255 
1607 CP00017701    (0)    2 :  0.249 0.250 0.256 0.245 
1608 CP00017711    (0)    3 :  0.258 0.250 0.233 0.260 
1609 CP00017704    (0)    2 :  0.244 0.248 0.268 0.240 
1610 CP00017761    (0)    3 :  0.254 0.261 0.232 0.253 
1611 CP00017720    (0)    3 :  0.252 0.244 0.252 0.253 
1612 CP00017678    (0)    3 :  0.241 0.243 0.269 0.246 
1613 CP00017671    (0)    3 :  0.255 0.260 0.231 0.255 
1614 CP00017722    (0)    3 :  0.244 0.241 0.271 0.243 
1615 CP00017675    (0)    3 :  0.259 0.249 0.233 0.258 
1616 CP00017709    (0)    2 :  0.248 0.253 0.248 0.250 
1617 CP00017684    (0)    3 :  0.252 0.254 0.237 0.257 
1618 CP00017729    (0)    3 :  0.247 0.244 0.253 0.256 
1619 CP00017751    (0)    3 :  0.246 0.256 0.248 0.249 
1620 CP00017703    (3)    2 :  0.258 0.258 0.230 0.255 
1621 CP00017764    (0)    3 :  0.245 0.256 0.247 0.252 
1622 CP00017716    (0)    3 :  0.247 0.256 0.249 0.248 
1623 CP00017693    (0)    2 :  0.245 0.268 0.235 0.252 
1624 CP00017740    (0)    3 :  0.246 0.266 0.240 0.248 
1625 CP00017728    (0)    3 :  0.244 0.252 0.257 0.247 
1626 CP00017713    (0)    3 :  0.246 0.259 0.248 0.247 
1627 CP00017738    (0)    3 :  0.248 0.243 0.256 0.253 
1628 CP00017732    (0)    3 :  0.252 0.247 0.254 0.248 
1629 CP00017674    (0)    3 :  0.241 0.238 0.281 0.240 
1630 CP00017708    (0)    2 :  0.241 0.249 0.268 0.242 
1631 CP00015547    (0)    3 :  0.244 0.258 0.254 0.244 
1632 CP00015567    (0)    3 :  0.247 0.254 0.254 0.245 
1633 CP00015562    (0)    3 :  0.251 0.248 0.254 0.248 
1634 CP00015644    (0)    3 :  0.254 0.264 0.233 0.250 
1635 CP00015548    (0)    3 :  0.248 0.238 0.261 0.253 
1636 CP00015649    (0)    3 :  0.245 0.245 0.263 0.247 
1637 CP00015670    (0)    3 :  0.256 0.252 0.239 0.253 
1638 CP00015546    (0)    3 :  0.259 0.255 0.231 0.256 
1639 CP00015629    (0)    3 :  0.243 0.263 0.249 0.245 
1640 CP00015558    (0)    3 :  0.246 0.249 0.261 0.244 
1641 CP00015654    (0)    3 :  0.260 0.252 0.230 0.258 
1642 CP00015623    (0)    3 :  0.254 0.248 0.249 0.248 
1643 CP00015650    (0)    3 :  0.250 0.255 0.251 0.243 
1644 CP00015526    (0)    3 :  0.259 0.253 0.237 0.252 
1645 CP00015636    (0)    3 :  0.246 0.258 0.251 0.246 
1646 CP00015661    (0)    3 :  0.255 0.244 0.245 0.256 
1647 CP00015626    (0)    3 :  0.258 0.253 0.233 0.256 
1648 CP00015647    (0)    3 :  0.251 0.253 0.243 0.252 
1649 CP00015630    (0)    3 :  0.253 0.259 0.235 0.253 
1650 CP00015533    (0)    3 :  0.252 0.260 0.233 0.255 
1651 CP00015532    (0)    3 :  0.237 0.246 0.283 0.234 
1652 CP00015541    (0)    3 :  0.247 0.246 0.264 0.243 
1653 CP00015549    (0)    3 :  0.253 0.248 0.247 0.252 
1654 CP00015539    (0)    1 :  0.250 0.259 0.239 0.252 
1655 CP00015667    (0)    3 :  0.249 0.260 0.240 0.251 
1656 CP00015534    (0)    1 :  0.263 0.247 0.239 0.251 
1657 CP00015551    (0)    3 :  0.244 0.247 0.255 0.253 
1658 CP00015568    (0)    1 :  0.248 0.254 0.251 0.247 
1659 CP00015645    (0)    1 :  0.251 0.256 0.238 0.255 
1660 CP00015543    (0)    1 :  0.251 0.250 0.252 0.247 
1661 CP00015531    (0)    1 :  0.245 0.253 0.255 0.247 
1662 CP00015659    (0)    1 :  0.244 0.263 0.247 0.247 
1663 CP00015563    (0)    1 :  0.255 0.252 0.237 0.256 
1664 CP00015553    (0)    1 :  0.252 0.250 0.254 0.244 
1665 CP00015668    (0)    3 :  0.246 0.259 0.249 0.246 
1666 CP00015555    (0)    3 :  0.251 0.258 0.239 0.252 
1667 CP00015621    (0)    3 :  0.247 0.241 0.269 0.242 
1668 CP00015669    (0)    3 :  0.247 0.252 0.253 0.248 
1669 CP00015666    (0)    3 :  0.255 0.240 0.255 0.250 
1670 CP00015663    (0)    3 :  0.248 0.264 0.240 0.248 
1671 CP00015624    (0)    3 :  0.246 0.251 0.265 0.238 
1672 CP00015625    (0)    3 :  0.258 0.252 0.238 0.253 
1673 CP00015665    (0)    3 :  0.247 0.257 0.249 0.248 
1674 CP00015664    (0)    3 :  0.238 0.245 0.273 0.243 
1675 CP00015535    (0)    3 :  0.241 0.254 0.270 0.235 
1676 CP00015524    (0)    3 :  0.252 0.246 0.249 0.253 
1677 CP00015653    (0)    3 :  0.250 0.252 0.251 0.248 
1678 CP00015652    (0)    3 :  0.255 0.237 0.245 0.263 
1679 CP00015538    (0)    3 :  0.254 0.257 0.236 0.253 
1680 CP00015642    (0)    3 :  0.244 0.252 0.261 0.242 
1681 CP00015634    (0)    3 :  0.252 0.249 0.244 0.255 
1682 CP00015540    (0)    3 :  0.251 0.253 0.239 0.257 
1683 CP00015552    (0)    3 :  0.251 0.244 0.258 0.247 
1684 CP00015570    (0)    3 :  0.250 0.240 0.256 0.254 
1685 CP00015557    (0)    3 :  0.242 0.264 0.250 0.244 
1686 CP00015662    (0)    3 :  0.240 0.258 0.257 0.245 
1687 CP00015635    (0)    1 :  0.245 0.250 0.258 0.248 
1688 CP00015643    (0)    1 :  0.247 0.259 0.246 0.247 
1689 CP00015646    (0)    1 :  0.253 0.250 0.246 0.251 
1690 CP00015554    (0)    1 :  0.249 0.256 0.239 0.256 
1691 CP00015527    (0)    1 :  0.256 0.254 0.233 0.257 
1692 CP00015523    (0)    1 :  0.248 0.254 0.247 0.251 
1693 CP00015627    (0)    3 :  0.261 0.249 0.232 0.258 
1694 CP00015564    (0)    1 :  0.267 0.242 0.226 0.264 
1695 CP00015560    (0)    1 :  0.248 0.258 0.245 0.249 
1696 CP00015525    (0)    1 :  0.254 0.254 0.236 0.256 
1697 CP00015628    (0)    3 :  0.255 0.245 0.250 0.250 
1698 CP00015651    (0)    1 :  0.253 0.248 0.255 0.244 
1699 CP00017568    (0)    2 :  0.257 0.244 0.243 0.256 
1700 CP00017580    (0)    2 :  0.245 0.239 0.266 0.249 
1701 CP00017575    (0)    2 :  0.252 0.261 0.237 0.250 
1702 CP00017577    (0)    2 :  0.255 0.248 0.244 0.252 
1703 CP00017593    (0)    2 :  0.248 0.260 0.238 0.255 
1704 CP00017560    (0)    2 :  0.240 0.242 0.277 0.241 
1705 CP00017592    (0)    2 :  0.249 0.246 0.248 0.256 
1706 CP00017550    (0)    2 :  0.248 0.247 0.265 0.240 
1707 CP00017614    (0)    2 :  0.243 0.255 0.258 0.244 
1708 CP00017579    (0)    2 :  0.258 0.256 0.227 0.259 
1709 CP00017536    (0)    2 :  0.261 0.251 0.231 0.257 
1710 CP00017538    (0)    2 :  0.251 0.245 0.247 0.256 
1711 CP00017596    (0)    2 :  0.244 0.255 0.262 0.240 
1712 CP00017524    (0)    2 :  0.257 0.248 0.243 0.252 
1713 CP00017543    (0)    2 :  0.247 0.242 0.268 0.243 
1714 CP00017578    (0)    2 :  0.231 0.222 0.318 0.230 
1715 CP00017588    (0)    2 :  0.234 0.244 0.288 0.234 
1716 CP00017539    (0)    2 :  0.241 0.244 0.275 0.240 
1717 CP00017545    (0)    2 :  0.246 0.256 0.251 0.247 
1718 CP00017581    (0)    2 :  0.250 0.240 0.267 0.243 
1719 CP00017527    (0)    2 :  0.250 0.239 0.262 0.248 
1720 CP00017531    (0)    2 :  0.253 0.257 0.232 0.257 
1721 CP00017582    (0)    2 :  0.247 0.257 0.254 0.243 
1722 CP00017554    (0)    2 :  0.248 0.260 0.235 0.256 
1723 CP00017595    (0)    2 :  0.255 0.263 0.228 0.253 
1724 CP00017589    (0)    2 :  0.255 0.259 0.236 0.249 
1725 CP00017541    (0)    2 :  0.252 0.253 0.240 0.255 
1726 CP00017532    (0)    2 :  0.257 0.250 0.238 0.254 
1727 CP00017544    (0)    2 :  0.243 0.254 0.261 0.242 
1728 CP00017561    (0)    2 :  0.249 0.256 0.251 0.245 
1729 CP00017572    (0)    2 :  0.244 0.265 0.240 0.251 
1730 CP00017525    (0)    2 :  0.262 0.238 0.234 0.266 
1731 CP00017523    (0)    2 :  0.243 0.247 0.261 0.249 
1732 CP00017612    (0)    2 :  0.252 0.243 0.255 0.249 
1733 CP00017571    (0)    2 :  0.251 0.256 0.246 0.247 
1734 CP00017613    (0)    2 :  0.240 0.243 0.278 0.239 
1735 CP00017521    (0)    2 :  0.250 0.254 0.250 0.247 
1736 CP00017522    (0)    2 :  0.252 0.247 0.248 0.253 
1737 CP00017540    (0)    2 :  0.246 0.242 0.267 0.244 
1738 CP00017590    (0)    2 :  0.250 0.249 0.247 0.254 
1739 CP00017601    (0)    2 :  0.246 0.253 0.257 0.245 
1740 CP00017576    (0)    2 :  0.251 0.263 0.232 0.255 
1741 CP00017551    (0)    2 :  0.253 0.253 0.245 0.249 
1742 CP00017605    (0)    2 :  0.245 0.233 0.276 0.246 
1743 CP00017570    (0)    2 :  0.249 0.250 0.251 0.250 
1744 CP00017547    (0)    2 :  0.258 0.243 0.240 0.260 
1745 CP00017564    (0)    2 :  0.245 0.256 0.255 0.244 
1746 CP00017585    (0)    2 :  0.250 0.248 0.252 0.251 
1747 CP00017574    (0)    2 :  0.248 0.255 0.247 0.250 
1748 CP00017552    (0)    2 :  0.246 0.251 0.259 0.243 
1749 CP00017537    (0)    2 :  0.258 0.253 0.236 0.252 
1750 CP00017607    (0)    2 :  0.242 0.246 0.272 0.240 
1751 CP00017566    (0)    2 :  0.258 0.245 0.233 0.264 
1752 CP00017617    (0)    2 :  0.251 0.261 0.241 0.247 
1753 CP00017611    (0)    2 :  0.252 0.239 0.253 0.256 
1754 CP00017610    (0)    2 :  0.248 0.247 0.261 0.244 
1755 CP00017562    (0)    2 :  0.243 0.267 0.244 0.246 
1756 CP00017584    (0)    2 :  0.257 0.249 0.237 0.257 
1757 CP00017548    (0)    2 :  0.252 0.243 0.250 0.255 
1758 CP00017597    (0)    2 :  0.249 0.251 0.252 0.247 
1759 CP00017556    (0)    2 :  0.257 0.252 0.236 0.255 
1760 CP00017586    (0)    2 :  0.247 0.260 0.245 0.248 
1761 CP00017549    (0)    2 :  0.252 0.251 0.238 0.258 
1762 CP00017542    (0)    2 :  0.250 0.244 0.252 0.254 
1763 CP00017609    (0)    2 :  0.253 0.250 0.244 0.253 
1764 CP00017553    (0)    2 :  0.252 0.247 0.253 0.248 
1765 CP00017603    (0)    2 :  0.257 0.240 0.240 0.264 
1766 CP00017533    (0)    2 :  0.257 0.246 0.248 0.249 
1767 CP00017535    (0)    2 :  0.249 0.245 0.258 0.249 
1768 CP00017565    (0)    2 :  0.262 0.241 0.235 0.262 
1769 CP00017615    (0)    2 :  0.255 0.256 0.239 0.250 
1770 CP00017619    (0)    2 :  0.254 0.258 0.230 0.258 
1771 CP00017620    (0)    2 :  0.248 0.243 0.265 0.244 
1772 CP00017567    (0)    2 :  0.256 0.243 0.246 0.255 
1773 CP00017529    (0)    2 :  0.256 0.246 0.244 0.253 
1774 CP00017569    (0)    2 :  0.240 0.250 0.273 0.238 
1775 CP00017608    (0)    2 :  0.249 0.254 0.244 0.253 
1776 CP00017558    (0)    2 :  0.261 0.242 0.233 0.264 
1777 CP00017555    (0)    2 :  0.260 0.246 0.244 0.250 
1778 CP00017618    (0)    2 :  0.244 0.264 0.242 0.249 
1779 CP00017557    (0)    2 :  0.239 0.249 0.271 0.240 
1780 CP00017606    (0)    2 :  0.254 0.255 0.236 0.255 
1781 CP00017600    (0)    2 :  0.243 0.248 0.265 0.245 
1782 CP00017583    (0)    2 :  0.253 0.265 0.227 0.255 
1783 CP00017599    (0)    2 :  0.260 0.253 0.231 0.256 
1784 CP00017530    (0)    2 :  0.249 0.242 0.264 0.245 
1785 CP00017546    (0)    2 :  0.247 0.261 0.243 0.249 
1786 CP00017616    (0)    2 :  0.248 0.243 0.258 0.251 
1787 CP00017559    (0)    2 :  0.244 0.247 0.262 0.246 
1788 CP00017563    (0)    2 :  0.257 0.254 0.235 0.255 
1789 CP00017602    (0)    2 :  0.250 0.244 0.252 0.254 
1790 CP00017591    (0)    2 :  0.259 0.262 0.226 0.252 
1791 CP00017598    (0)    2 :  0.250 0.262 0.242 0.247 
1792 CP00017526    (0)    2 :  0.247 0.247 0.259 0.247 
1793 CP00017604    (0)    2 :  0.257 0.249 0.234 0.260 
1794 CP00015690    (0)    1 :  0.248 0.228 0.271 0.254 
1795 CP00015069    (3)    1 :  0.251 0.261 0.232 0.255 
1796 CP00015687    (0)    1 :  0.256 0.256 0.229 0.259 
1797 CP00015708    (0)    1 :  0.249 0.263 0.240 0.248 
1798 CP00015720    (0)    1 :  0.236 0.250 0.277 0.237 
1799 CP00049555    (0)    1 :  0.261 0.255 0.229 0.254 
1800 CP00049558    (0)    1 :  0.245 0.247 0.263 0.245 
1801 CP00015068    (0)    1 :  0.254 0.244 0.250 0.252 
1802 CP00015710    (0)    1 :  0.251 0.241 0.260 0.247 
1803 CP00049570    (0)    1 :  0.258 0.252 0.227 0.263 
1804 CP00049556    (0)    1 :  0.252 0.258 0.243 0.247 
1805 CP00049534    (0)    3 :  0.261 0.249 0.232 0.258 
1806 CP00049543    (0)    3 :  0.256 0.246 0.246 0.251 
1807 CP00049539    (0)    3 :  0.254 0.254 0.241 0.250 
1808 CP00049567    (0)    3 :  0.253 0.250 0.241 0.255 
1809 CP00015706    (0)    1 :  0.258 0.249 0.237 0.256 
1810 CP00015063    (0)    3 :  0.255 0.246 0.246 0.253 
1811 CP00015067    (0)    3 :  0.254 0.257 0.242 0.247 
1812 CP00049536    (0)    3 :  0.239 0.235 0.292 0.234 
1813 CP00049560    (0)    3 :  0.243 0.276 0.235 0.246 
1814 CP00049529    (0)    3 :  0.260 0.251 0.236 0.252 
1815 CP00015699    (0)    1 :  0.252 0.257 0.245 0.246 
1816 CP00015066    (0)    3 :  0.256 0.248 0.244 0.252 
1817 CP00015712    (0)    1 :  0.252 0.260 0.237 0.251 
1818 CP00049526    (0)    3 :  0.252 0.245 0.242 0.261 
1819 CP00049562    (0)    3 :  0.246 0.247 0.260 0.247 
1820 CP00049525    (0)    3 :  0.246 0.259 0.245 0.250 
1821 CP00015689    (0)    1 :  0.251 0.249 0.247 0.253 
1822 CP00049544    (0)    3 :  0.249 0.261 0.239 0.251 
1823 CP00049545    (0)    3 :  0.250 0.259 0.245 0.246 
1824 CP00049541    (0)    3 :  0.259 0.255 0.232 0.255 
1825 CP00049528    (0)    3 :  0.244 0.245 0.263 0.247 
1826 CP00049521    (0)    3 :  0.250 0.246 0.261 0.243 
1827 CP00015709    (0)    1 :  0.240 0.249 0.274 0.236 
1828 CP00015716    (0)    1 :  0.248 0.243 0.260 0.250 
1829 CP00015688    (0)    1 :  0.245 0.238 0.272 0.245 
1830 CP00015700    (0)    1 :  0.259 0.246 0.245 0.251 
1831 CP00049549    (0)    3 :  0.252 0.250 0.250 0.248 
1832 CP00049550    (0)    3 :  0.256 0.247 0.239 0.258 
1833 CP00015070    (0)    3 :  0.254 0.239 0.255 0.252 
1834 CP00015686    (0)    1 :  0.241 0.244 0.275 0.240 
1835 CP00015062    (0)    3 :  0.244 0.238 0.272 0.247 
1836 CP00049563    (0)    3 :  0.253 0.242 0.251 0.254 
1837 CP00049537    (0)    3 :  0.250 0.258 0.244 0.248 
1838 CP00049551    (0)    3 :  0.251 0.251 0.248 0.250 
1839 CP00049535    (0)    3 :  0.247 0.253 0.254 0.246 
1840 CP00015719    (0)    1 :  0.238 0.250 0.274 0.238 
1841 CP00015697    (0)    1 :  0.258 0.248 0.239 0.255 
1842 CP00015714    (0)    1 :  0.246 0.242 0.265 0.247 
1843 CP00015715    (0)    1 :  0.246 0.253 0.251 0.250 
1844 CP00049559    (0)    3 :  0.251 0.245 0.249 0.255 
1845 CP00049566    (0)    3 :  0.250 0.239 0.261 0.250 
1846 CP00049542    (0)    3 :  0.247 0.242 0.265 0.246 
1847 CP00049530    (0)    3 :  0.251 0.250 0.244 0.255 
1848 CP00049532    (0)    3 :  0.254 0.257 0.231 0.258 
1849 CP00049554    (0)    3 :  0.245 0.240 0.274 0.241 
1850 CP00049564    (0)    3 :  0.248 0.244 0.258 0.251 
1851 CP00015702    (0)    1 :  0.253 0.247 0.247 0.254 
1852 CP00015681    (0)    1 :  0.250 0.241 0.258 0.251 
1853 CP00015718    (0)    1 :  0.255 0.249 0.242 0.255 
1854 CP00015698    (0)    1 :  0.252 0.241 0.260 0.248 
1855 CP00049531    (0)    3 :  0.245 0.238 0.273 0.244 
1856 CP00049548    (0)    3 :  0.252 0.251 0.249 0.249 
1857 CP00015695    (0)    1 :  0.253 0.237 0.258 0.251 
1858 CP00015692    (0)    1 :  0.247 0.256 0.244 0.253 
1859 CP00015693    (0)    1 :  0.246 0.263 0.238 0.253 
1860 CP00049522    (0)    3 :  0.247 0.262 0.240 0.251 
1861 CP00049546    (0)    3 :  0.254 0.244 0.247 0.255 
1862 CP00049557    (0)    3 :  0.256 0.246 0.244 0.253 
1863 CP00049533    (0)    3 :  0.253 0.255 0.247 0.246 
1864 CP00015683    (0)    1 :  0.258 0.247 0.237 0.259 
1865 CP00015713    (0)    1 :  0.248 0.239 0.259 0.253 
1866 CP00015684    (0)    1 :  0.255 0.250 0.239 0.256 
1867 CP00015696    (0)    1 :  0.254 0.255 0.235 0.256 
1868 CP00049538    (0)    3 :  0.254 0.244 0.246 0.257 
1869 CP00015705    (0)    1 :  0.258 0.248 0.236 0.257 
1870 CP00015691    (0)    1 :  0.251 0.252 0.248 0.249 
1871 CP00049547    (0)    1 :  0.241 0.244 0.270 0.245 
1872 CP00015065    (0)    1 :  0.254 0.248 0.243 0.255 
1873 CP00049540    (0)    1 :  0.254 0.251 0.235 0.259 
1874 CP00015703    (0)    1 :  0.259 0.246 0.236 0.259 
1875 CP00049552    (0)    1 :  0.250 0.262 0.239 0.249 
1876 CP00015682    (0)    1 :  0.250 0.259 0.237 0.254 
1877 CP00015064    (0)    3 :  0.247 0.266 0.243 0.244 
1878 CP00015685    (0)    1 :  0.250 0.252 0.246 0.252 
1879 CP00015061    (0)    3 :  0.246 0.257 0.254 0.243 
1880 CP00021003    (0)    1 :  0.255 0.241 0.247 0.257 
1881 CP00021007    (0)    1 :  0.254 0.245 0.255 0.246 
1882 CP00021019    (0)    1 :  0.252 0.250 0.246 0.252 
1883 CP00020975    (0)    1 :  0.246 0.243 0.266 0.246 
1884 CP00020971    (0)    1 :  0.251 0.251 0.256 0.243 
1885 CP00020972    (0)    1 :  0.249 0.238 0.264 0.249 
1886 CP00020973    (0)    1 :  0.246 0.251 0.254 0.249 
1887 CP00021002    (0)    1 :  0.249 0.274 0.224 0.253 
1888 CP00021008    (0)    1 :  0.241 0.243 0.269 0.248 
1889 CP00021020    (0)    1 :  0.257 0.251 0.234 0.258 
1890 CP00021016    (0)    1 :  0.255 0.254 0.233 0.258 
1891 CP00020999    (0)    1 :  0.252 0.257 0.237 0.254 
1892 CP00021000    (0)    1 :  0.261 0.250 0.226 0.263 
1893 CP00020996    (0)    1 :  0.259 0.246 0.244 0.252 
1894 CP00021005    (0)    1 :  0.251 0.249 0.245 0.254 
1895 CP00020976    (0)    1 :  0.253 0.256 0.242 0.249 
1896 CP00021009    (0)    1 :  0.258 0.254 0.235 0.253 
1897 CP00021010    (0)    1 :  0.257 0.247 0.237 0.258 
1898 CP00020998    (0)    1 :  0.252 0.255 0.237 0.256 
1899 CP00020997    (0)    1 :  0.253 0.254 0.238 0.254 
1900 CP00021017    (0)    1 :  0.251 0.244 0.259 0.246 
1901 CP00021018    (0)    1 :  0.259 0.247 0.241 0.254 
1902 CP00020974    (0)    1 :  0.246 0.247 0.262 0.244 
1903 CP00021015    (0)    1 :  0.260 0.254 0.232 0.254 
1904 CP00021006    (0)    1 :  0.249 0.261 0.238 0.252 
1905 CP00020991    (0)    1 :  0.245 0.231 0.280 0.244 
1906 CP00020977    (0)    1 :  0.261 0.242 0.232 0.266 
1907 CP00020993    (0)    1 :  0.252 0.246 0.246 0.256 
1908 CP00020995    (0)    1 :  0.247 0.240 0.263 0.250 
1909 CP00021004    (0)    1 :  0.241 0.238 0.279 0.242 
1910 CP00020992    (3)    1 :  0.261 0.251 0.230 0.258 
1911 CP00021001    (0)    1 :  0.245 0.251 0.262 0.243 
1912 CP00020866    (0)    3 :  0.246 0.244 0.267 0.243 
1913 CP00020822    (0)    3 :  0.248 0.247 0.253 0.253 
1914 CP00072624    (0)    3 :  0.242 0.263 0.253 0.243 
1915 CP00072595    (0)    2 :  0.247 0.245 0.259 0.249 
1916 CP00072586    (0)    2 :  0.242 0.258 0.252 0.248 
1917 CP00072605    (0)    3 :  0.255 0.250 0.235 0.260 
1918 CP00072615    (0)    3 :  0.252 0.261 0.237 0.250 
1919 CP00072633    (0)    1 :  0.257 0.251 0.234 0.258 
1920 CP00072589    (0)    2 :  0.244 0.236 0.276 0.244 
1921 CP00072630    (0)    3 :  0.254 0.248 0.242 0.256 
1922 CP00072593    (0)    2 :  0.246 0.261 0.245 0.248 
1923 CP00072614    (0)    3 :  0.250 0.247 0.255 0.249 
1924 CP00072617    (0)    3 :  0.257 0.251 0.238 0.254 
1925 CP00072618    (0)    3 :  0.255 0.254 0.238 0.252 
1926 CP00072583    (0)    2 :  0.259 0.250 0.235 0.256 
1927 CP00072637    (0)    1 :  0.251 0.257 0.240 0.253 
1928 CP00072612    (0)    3 :  0.254 0.260 0.239 0.247 
1929 CP00072579    (0)    1 :  0.256 0.256 0.235 0.253 
1930 CP00072629    (0)    3 :  0.247 0.258 0.244 0.250 
1931 CP00072607    (0)    3 :  0.250 0.263 0.240 0.248 
1932 CP00072613    (0)    3 :  0.246 0.256 0.249 0.249 
1933 CP00072644    (0)    3 :  0.255 0.254 0.234 0.258 
1934 CP00072627    (0)    3 :  0.241 0.244 0.270 0.245 
1935 CP00072584    (0)    2 :  0.250 0.246 0.258 0.245 
1936 CP00072611    (0)    3 :  0.253 0.252 0.237 0.257 
1937 CP00072578    (0)    1 :  0.257 0.254 0.233 0.256 
1938 CP00072608    (0)    3 :  0.262 0.255 0.229 0.254 
1939 CP00072628    (0)    3 :  0.244 0.249 0.263 0.244 
1940 CP00072606    (0)    3 :  0.234 0.243 0.288 0.236 
1941 CP00072645    (0)    3 :  0.249 0.246 0.251 0.254 
1942 CP00072638    (0)    1 :  0.259 0.249 0.242 0.251 
1943 CP00072580    (0)    1 :  0.252 0.256 0.239 0.252 
1944 CP00072588    (0)    2 :  0.244 0.252 0.252 0.251 
1945 CP00072591    (0)    2 :  0.254 0.249 0.247 0.250 
1946 CP00072590    (0)    2 :  0.249 0.249 0.248 0.254 
1947 CP00072592    (0)    2 :  0.248 0.248 0.260 0.244 
1948 CP00072582    (0)    1 :  0.248 0.246 0.264 0.243 
1949 CP00072609    (0)    3 :  0.247 0.240 0.268 0.245 
1950 CP00072635    (0)    1 :  0.246 0.251 0.263 0.241 
1951 CP00072647    (0)    1 :  0.246 0.254 0.250 0.249 
1952 CP00072585    (0)    2 :  0.254 0.260 0.231 0.255 
1953 CP00072587    (0)    2 :  0.257 0.263 0.232 0.248 
1954 CP00072639    (0)    1 :  0.247 0.255 0.255 0.242 
1955 CP00072640    (0)    1 :  0.255 0.249 0.240 0.256 
1956 CP00072625    (0)    3 :  0.265 0.246 0.237 0.253 
1957 CP00072576    (0)    1 :  0.250 0.252 0.247 0.252 
1958 CP00072634    (0)    1 :  0.253 0.246 0.248 0.252 
1959 CP00072619    (0)    3 :  0.259 0.238 0.246 0.258 
1960 CP00072621    (0)    3 :  0.254 0.243 0.250 0.254 
1961 CP00072571    (0)    1 :  0.244 0.260 0.249 0.247 
1962 CP00072646    (0)    1 :  0.261 0.250 0.226 0.263 
1963 CP00072622    (0)    1 :  0.250 0.250 0.243 0.257 
1964 CP00072577    (0)    1 :  0.245 0.254 0.255 0.246 
1965 CP00072610    (0)    3 :  0.264 0.258 0.221 0.257 
1966 CP00072620    (0)    3 :  0.263 0.240 0.237 0.260 
1967 CP00072616    (0)    3 :  0.239 0.237 0.290 0.235 
1968 CP00072623    (0)    3 :  0.252 0.248 0.248 0.251 
1969 CP00072626    (0)    3 :  0.260 0.249 0.236 0.255 
1970 CP00072641    (0)    1 :  0.250 0.252 0.247 0.251 
1971 CP00072642    (0)    3 :  0.249 0.255 0.245 0.251 
1972 CP00072157    (0)    3 :  0.259 0.254 0.231 0.255 
1973 CP00072132    (0)    3 :  0.256 0.245 0.245 0.253 
1974 CP00072144    (0)    3 :  0.249 0.240 0.256 0.254 
1975 CP00072148    (0)    3 :  0.256 0.242 0.243 0.259 
1976 CP00072169    (0)    3 :  0.248 0.242 0.264 0.246 
1977 CP00072133    (0)    3 :  0.247 0.246 0.253 0.254 
1978 CP00072139    (0)    3 :  0.256 0.251 0.234 0.258 
1979 CP00072155    (0)    1 :  0.251 0.238 0.266 0.245 
1980 CP00072143    (0)    1 :  0.235 0.245 0.288 0.233 
1981 CP00072136    (0)    1 :  0.255 0.250 0.235 0.260 
1982 CP00075424    (0)    1 :  0.239 0.237 0.284 0.241 
1983 CP00075416    (0)    1 :  0.250 0.255 0.247 0.249 
1984 CP00075420    (0)    1 :  0.249 0.244 0.261 0.245 
1985 CP00072159    (0)    1 :  0.241 0.248 0.267 0.244 
1986 CP00072137    (0)    1 :  0.254 0.253 0.240 0.253 
1987 CP00075415    (0)    1 :  0.252 0.256 0.241 0.251 
1988 CP00072131    (0)    1 :  0.257 0.241 0.246 0.257 
1989 CP00072156    (0)    1 :  0.247 0.245 0.261 0.248 
1990 CP00072134    (0)    1 :  0.252 0.252 0.241 0.255 
1991 CP00072138    (0)    1 :  0.252 0.256 0.234 0.259 
1992 CP00072142    (0)    1 :  0.239 0.241 0.281 0.239 
1993 CP00072168    (0)    1 :  0.244 0.268 0.243 0.245 
1994 CP00072153    (0)    1 :  0.255 0.246 0.251 0.248 
1995 CP00072154    (0)    1 :  0.237 0.261 0.258 0.244 
1996 CP00072166    (0)    1 :  0.248 0.241 0.265 0.246 
1997 CP00075417    (0)    2 :  0.246 0.253 0.258 0.243 
1998 CP00072152    (0)    2 :  0.247 0.244 0.260 0.249 
1999 CP00072160    (0)    2 :  0.242 0.247 0.266 0.245 
2000 CP00072149    (0)    2 :  0.245 0.247 0.266 0.242 


Estimated Allele Frequencies in each cluster
First column gives estimated ancestral frequencies


Locus 1 : TH01 
6 alleles
0.0% missing data
  93   (0.250) 0.252 0.228 0.250 0.237 
  60   (0.269) 0.302 0.308 0.269 0.273 
  80   (0.144) 0.156 0.129 0.144 0.162 
  90   (0.157) 0.157 0.149 0.157 0.184 
  70   (0.144) 0.123 0.175 0.144 0.132 
 100   (0.035) 0.010 0.011 0.035 0.011 

Locus 2 : D2S1338 
14 alleles
0.0% missing data
 170   (0.202) 0.239 0.294 0.202 0.247 
 230   (0.117) 0.165 0.141 0.117 0.142 
 190   (0.078) 0.078 0.103 0.078 0.072 
 200   (0.131) 0.154 0.129 0.132 0.161 
 250   (0.076) 0.088 0.070 0.076 0.082 
 160   (0.103) 0.089 0.103 0.104 0.088 
 220   (0.044) 0.014 0.011 0.044 0.012 
 180   (0.073) 0.084 0.060 0.073 0.097 
 240   (0.093) 0.071 0.071 0.093 0.082 
 210   (0.050) 0.016 0.015 0.050 0.016 
 260   (0.019) 0.002 0.002 0.019 0.002 
 270   (0.008) 0.000 0.000 0.008 0.000 
 290   (0.002) 0.000 0.000 0.002 0.000 
 280   (0.002) 0.000 0.000 0.002 0.000 

Locus 3 : D3S1358 
9 alleles
0.0% missing data
 150   (0.222) 0.294 0.231 0.222 0.304 
 160   (0.253) 0.239 0.288 0.253 0.230 
 180   (0.165) 0.156 0.162 0.165 0.166 
 140   (0.125) 0.078 0.085 0.125 0.077 
 170   (0.182) 0.223 0.225 0.182 0.215 
 110   (0.004) 0.000 0.000 0.004 0.000 
 190   (0.040) 0.010 0.008 0.040 0.008 
 130   (0.007) 0.000 0.000 0.007 0.000 
 120   (0.003) 0.000 0.000 0.003 0.000 

Locus 4 : D8S1179 
10 alleles
0.0% missing data
 120   (0.123) 0.100 0.092 0.123 0.101 
 130   (0.246) 0.331 0.375 0.246 0.298 
 140   (0.220) 0.243 0.263 0.220 0.271 
 150   (0.136) 0.156 0.125 0.136 0.169 
 100   (0.070) 0.067 0.051 0.070 0.051 
 160   (0.046) 0.020 0.022 0.046 0.021 
  90   (0.037) 0.012 0.011 0.037 0.014 
 110   (0.074) 0.064 0.050 0.074 0.066 
 170   (0.011) 0.000 0.000 0.011 0.000 
  80   (0.037) 0.009 0.009 0.037 0.010 

Locus 5 : D16S539 
8 alleles
0.0% missing data
 100   (0.083) 0.091 0.061 0.083 0.083 
 110   (0.251) 0.300 0.315 0.251 0.279 
 120   (0.274) 0.292 0.314 0.274 0.303 
  90   (0.128) 0.102 0.125 0.128 0.106 
 130   (0.155) 0.169 0.143 0.155 0.179 
 140   (0.049) 0.026 0.024 0.049 0.032 
  80   (0.052) 0.019 0.017 0.052 0.019 
 150   (0.008) 0.000 0.000 0.008 0.000 

Locus 6 : D18S51 
17 alleles
0.0% missing data
 110   (0.037) 0.009 0.008 0.037 0.009 
 140   (0.160) 0.254 0.220 0.160 0.204 
 180   (0.071) 0.047 0.045 0.071 0.041 
 120   (0.081) 0.111 0.078 0.081 0.132 
 160   (0.154) 0.154 0.205 0.154 0.183 
 170   (0.080) 0.081 0.074 0.080 0.087 
 130   (0.117) 0.133 0.187 0.117 0.146 
 150   (0.120) 0.155 0.118 0.120 0.140 
 210   (0.044) 0.015 0.021 0.044 0.016 
 200   (0.035) 0.010 0.012 0.035 0.010 
 100   (0.022) 0.002 0.002 0.022 0.002 
 190   (0.058) 0.029 0.029 0.059 0.029 
 250   (0.002) 0.000 0.000 0.002 0.000 
  90   (0.003) 0.000 0.000 0.003 0.000 
 240   (0.005) 0.000 0.000 0.004 0.000 
 220   (0.010) 0.000 0.000 0.010 0.000 
 230   (0.003) 0.000 0.000 0.003 0.000 

Locus 7 : D19S433 
16 alleles
0.0% missing data
 120   (0.102) 0.091 0.081 0.102 0.094 
 130   (0.158) 0.276 0.216 0.158 0.251 
 132   (0.032) 0.007 0.009 0.032 0.007 
 150   (0.137) 0.143 0.119 0.137 0.126 
 140   (0.246) 0.302 0.399 0.246 0.337 
 110   (0.019) 0.002 0.002 0.019 0.002 
 160   (0.076) 0.070 0.052 0.076 0.069 
 162   (0.041) 0.014 0.016 0.041 0.014 
 142   (0.072) 0.048 0.051 0.072 0.053 
 152   (0.070) 0.044 0.053 0.070 0.044 
 170   (0.019) 0.002 0.002 0.019 0.002 
 182   (0.003) 0.000 0.000 0.003 0.000 
 172   (0.012) 0.001 0.001 0.012 0.001 
 180   (0.003) 0.000 0.000 0.003 0.000 
 122   (0.006) 0.000 0.000 0.005 0.000 
 100   (0.003) 0.000 0.000 0.003 0.000 

Locus 8 : D21S11 
16 alleles
0.0% missing data
 280   (0.128) 0.128 0.200 0.128 0.137 
 322   (0.122) 0.121 0.089 0.123 0.111 
 290   (0.219) 0.316 0.332 0.219 0.330 
 312   (0.111) 0.133 0.121 0.111 0.124 
 320   (0.021) 0.003 0.002 0.021 0.003 
 300   (0.148) 0.192 0.138 0.148 0.183 
 270   (0.043) 0.013 0.011 0.043 0.014 
 302   (0.048) 0.026 0.021 0.048 0.026 
 310   (0.045) 0.028 0.053 0.044 0.035 
 332   (0.068) 0.035 0.028 0.068 0.032 
 342   (0.010) 0.000 0.000 0.010 0.000 
 260   (0.005) 0.000 0.000 0.005 0.000 
 292   (0.024) 0.003 0.003 0.024 0.003 
 330   (0.004) 0.000 0.000 0.004 0.000 
 340   (0.002) 0.000 0.000 0.002 0.000 
 352   (0.002) 0.000 0.000 0.002 0.000 

Locus 9 : FGA 
21 alleles
0.1% missing data
 200   (0.103) 0.147 0.114 0.103 0.152 
 230   (0.134) 0.192 0.198 0.134 0.166 
 220   (0.151) 0.166 0.159 0.152 0.159 
 240   (0.132) 0.163 0.152 0.132 0.177 
 250   (0.083) 0.075 0.097 0.084 0.091 
 210   (0.155) 0.153 0.188 0.156 0.148 
 190   (0.075) 0.078 0.060 0.075 0.079 
 260   (0.051) 0.019 0.025 0.051 0.021 
 222   (0.011) 0.000 0.000 0.011 0.000 
 202   (0.002) 0.000 0.000 0.002 0.000 
 270   (0.025) 0.003 0.003 0.025 0.003 
 242   (0.008) 0.000 0.000 0.008 0.000 
 192   (0.002) 0.000 0.000 0.002 0.000 
 180   (0.020) 0.002 0.002 0.020 0.002 
 280   (0.006) 0.000 0.000 0.006 0.000 
 170   (0.002) 0.000 0.000 0.002 0.000 
 212   (0.009) 0.000 0.000 0.009 0.000 
 232   (0.015) 0.001 0.001 0.015 0.001 
 252   (0.009) 0.000 0.000 0.009 0.000 
 290   (0.004) 0.000 0.000 0.004 0.000 
 241   (0.002) 0.000 0.000 0.002 0.000 

Locus 10 : VWA 
11 alleles
0.1% missing data
 160   (0.158) 0.239 0.159 0.158 0.264 
 180   (0.211) 0.198 0.216 0.211 0.196 
 170   (0.252) 0.307 0.363 0.252 0.288 
 140   (0.120) 0.100 0.081 0.120 0.092 
 190   (0.091) 0.065 0.072 0.091 0.066 
 150   (0.109) 0.082 0.101 0.109 0.084 
 200   (0.037) 0.008 0.008 0.037 0.008 
 210   (0.006) 0.000 0.000 0.005 0.000 
 130   (0.005) 0.000 0.000 0.005 0.000 
 110   (0.010) 0.000 0.000 0.010 0.000 
 220   (0.002) 0.000 0.000 0.002 0.000 

Locus 11 : D10S1248 
9 alleles
0.0% missing data
 130   (0.174) 0.166 0.192 0.174 0.173 
 160   (0.147) 0.158 0.122 0.147 0.158 
 150   (0.274) 0.264 0.336 0.274 0.291 
 170   (0.069) 0.038 0.037 0.069 0.037 
 140   (0.274) 0.369 0.308 0.274 0.335 
 120   (0.028) 0.004 0.004 0.028 0.004 
 180   (0.013) 0.001 0.001 0.013 0.001 
 110   (0.016) 0.001 0.001 0.015 0.001 
  90   (0.006) 0.000 0.000 0.005 0.000 

Locus 12 : D22S1045 
9 alleles
0.0% missing data
 150   (0.314) 0.393 0.345 0.314 0.355 
 160   (0.274) 0.298 0.343 0.274 0.315 
 140   (0.089) 0.068 0.119 0.089 0.078 
 110   (0.145) 0.151 0.123 0.145 0.161 
 170   (0.114) 0.083 0.061 0.114 0.082 
 120   (0.016) 0.001 0.001 0.016 0.001 
 180   (0.035) 0.007 0.007 0.035 0.008 
 130   (0.004) 0.000 0.000 0.004 0.000 
 190   (0.010) 0.000 0.000 0.009 0.000 

Locus 13 : D2S441 
11 alleles
0.0% missing data
 140   (0.270) 0.365 0.332 0.270 0.342 
 160   (0.030) 0.007 0.005 0.030 0.007 
 100   (0.117) 0.106 0.188 0.117 0.116 
 130   (0.039) 0.011 0.014 0.039 0.011 
 113   (0.114) 0.092 0.085 0.114 0.084 
 110   (0.282) 0.353 0.309 0.282 0.366 
 150   (0.057) 0.023 0.022 0.057 0.023 
 120   (0.071) 0.042 0.043 0.071 0.051 
 123   (0.012) 0.001 0.001 0.012 0.001 
 101   (0.003) 0.000 0.000 0.003 0.000 
  90   (0.006) 0.000 0.000 0.006 0.000 

Locus 14 : D1S1656 
18 alleles
0.0% missing data
 130   (0.067) 0.110 0.075 0.067 0.118 
 150   (0.141) 0.168 0.162 0.141 0.190 
 120   (0.106) 0.153 0.138 0.106 0.116 
 170   (0.063) 0.036 0.051 0.063 0.035 
 140   (0.091) 0.076 0.065 0.091 0.068 
 110   (0.076) 0.099 0.070 0.076 0.101 
 173   (0.090) 0.093 0.127 0.090 0.101 
 153   (0.063) 0.058 0.052 0.063 0.050 
 160   (0.115) 0.115 0.141 0.115 0.113 
 183   (0.062) 0.030 0.040 0.062 0.033 
 163   (0.072) 0.054 0.069 0.072 0.062 
 193   (0.032) 0.008 0.010 0.032 0.010 
 180   (0.010) 0.001 0.000 0.010 0.001 
 100   (0.003) 0.000 0.000 0.003 0.000 
 162   (0.002) 0.000 0.000 0.002 0.000 
 190   (0.002) 0.000 0.000 0.002 0.000 
  90   (0.002) 0.000 0.000 0.002 0.000 
 143   (0.002) 0.000 0.000 0.002 0.000 

Locus 15 : D12S391 
17 alleles
0.0% missing data
 230   (0.065) 0.050 0.067 0.065 0.053 
 240   (0.052) 0.028 0.024 0.052 0.028 
 150   (0.067) 0.048 0.063 0.067 0.051 
 170   (0.089) 0.095 0.096 0.089 0.085 
 160   (0.040) 0.028 0.024 0.040 0.027 
 220   (0.112) 0.140 0.152 0.112 0.145 
 190   (0.103) 0.167 0.138 0.103 0.139 
 200   (0.088) 0.113 0.085 0.088 0.136 
 210   (0.079) 0.077 0.108 0.079 0.092 
 180   (0.157) 0.204 0.189 0.157 0.198 
 193   (0.030) 0.005 0.005 0.030 0.005 
 183   (0.051) 0.033 0.039 0.051 0.032 
 173   (0.013) 0.001 0.001 0.013 0.001 
 260   (0.017) 0.001 0.001 0.017 0.001 
 250   (0.032) 0.009 0.008 0.032 0.009 
 203   (0.002) 0.000 0.000 0.002 0.000 
 270   (0.002) 0.000 0.000 0.002 0.000 

Locus 16 : SE33 
55 alleles
0.1% missing data
 242   (0.036) 0.027 0.036 0.036 0.026 
 302   (0.042) 0.032 0.036 0.043 0.031 
 200   (0.041) 0.063 0.050 0.041 0.073 
 190   (0.052) 0.134 0.114 0.052 0.130 
 252   (0.036) 0.021 0.030 0.036 0.020 
 232   (0.032) 0.036 0.040 0.032 0.033 
 312   (0.036) 0.014 0.013 0.036 0.013 
 180   (0.051) 0.110 0.071 0.051 0.100 
 160   (0.042) 0.071 0.058 0.042 0.071 
 272   (0.035) 0.049 0.079 0.035 0.068 
 170   (0.051) 0.076 0.153 0.051 0.096 
 222   (0.034) 0.034 0.034 0.034 0.043 
 332   (0.017) 0.002 0.002 0.017 0.002 
 262   (0.040) 0.054 0.044 0.040 0.045 
 292   (0.037) 0.088 0.056 0.037 0.082 
 140   (0.034) 0.014 0.016 0.034 0.015 
 210   (0.034) 0.030 0.022 0.034 0.031 
 202   (0.015) 0.001 0.001 0.015 0.001 
 220   (0.019) 0.003 0.003 0.019 0.003 
 360   (0.007) 0.000 0.000 0.007 0.000 
 330   (0.017) 0.002 0.002 0.017 0.002 
 282   (0.056) 0.101 0.104 0.057 0.078 
 150   (0.045) 0.026 0.023 0.045 0.025 
 120   (0.009) 0.000 0.000 0.009 0.000 
 153   (0.003) 0.000 0.000 0.003 0.000 
 163   (0.003) 0.000 0.000 0.003 0.000 
 212   (0.029) 0.005 0.005 0.029 0.005 
 132   (0.006) 0.000 0.000 0.006 0.000 
 340   (0.013) 0.001 0.001 0.013 0.001 
 273   (0.009) 0.000 0.000 0.009 0.000 
 322   (0.024) 0.004 0.003 0.024 0.004 
 290   (0.005) 0.000 0.000 0.005 0.000 
 192   (0.005) 0.000 0.000 0.005 0.000 
 280   (0.004) 0.000 0.000 0.004 0.000 
 230   (0.005) 0.000 0.000 0.005 0.000 
 342   (0.009) 0.000 0.000 0.008 0.000 
 320   (0.004) 0.000 0.000 0.003 0.000 
 240   (0.002) 0.000 0.000 0.002 0.000 
 130   (0.009) 0.000 0.000 0.009 0.000 
 161   (0.005) 0.000 0.000 0.005 0.000 
 350   (0.012) 0.001 0.001 0.012 0.001 
 173   (0.006) 0.000 0.000 0.006 0.000 
 162   (0.002) 0.000 0.000 0.002 0.000 
  80   (0.002) 0.000 0.000 0.002 0.000 
 110   (0.004) 0.000 0.000 0.003 0.000 
 260   (0.002) 0.000 0.000 0.002 0.000 
 152   (0.003) 0.000 0.000 0.003 0.000 
 370   (0.003) 0.000 0.000 0.003 0.000 
 142   (0.003) 0.000 0.000 0.003 0.000 
 122   (0.002) 0.000 0.000 0.002 0.000 
 250   (0.002) 0.000 0.000 0.002 0.000 
 270   (0.002) 0.000 0.000 0.002 0.000 
  90   (0.002) 0.000 0.000 0.002 0.000 
 193   (0.002) 0.000 0.000 0.002 0.000 
 352   (0.003) 0.000 0.000 0.003 0.000 

Values of parameters used in structure:
DATAFILE=Albania_2000_STRUCTURE.txt,	OUTFILE=primary_output/Albania_primary_K04_rep12,	NUMINDS=2000,	NUMLOCI=16,	MISSING=-9,	LABEL=1,	POPDATA=1,	POPFLAG=0,	PHENOTYPE=0,	EXTRACOLS=0,	MAXPOPS=4,	BURNIN=100000,	NUMREPS=500000,	USEPOPINFO=0,	INFERALPHA=1,	INFERLAMBDA=0,	POPSPECIFICLAMBDA=0,	POPALPHAS=0,	COMPUTEPROB=1,	NOADMIX=0,	ADMBURNIN=500,	UPDATEFREQ=100,	PRINTLIKES=0,	INTERMEDSAVE=0,	PRINTKLD=0,	PRINTNET=1,	PRINTLAMBDA=1,	ANCESTDIST=0,	NUMBOXES=1000,	ANCESTPINT=0.90000,	GENSBACK=2,	MIGRPRIOR=0.01000,	PRINTQHAT=0,	PRINTQSUM=1,	ALPHA=1.0000,	FREQSCORR=1,	FPRIORMEAN=0.0100,	FPRIORSD=0.0500,	ONEFST=0,	LAMBDA=1.0000,	UNIFPRIORALPHA=1,	ALPHAMAX=10.0000,	ALPHAPRIORA=1.0000,	ALPHAPRIORB=2.0000,	ALPHAPROPSD=0.0250,	STARTATPOPINFO=0,	RANDOMIZE=0,	LINKAGE=0,	METROFREQ=10,	REPORTHITRATE=0,	MARKOVPHASE=0,	PHASED=0,	PLOIDY=2,	PHASEINFO=0	LOCPRIOR=0, 	LOCPRIORINIT=1.000000, 	LOCDATA=0, 	LOCISPOP=1, 	LOCPRIORSTEP=0.100000, 	MAXLOCPRIOR=20.000000, 	SEED=20264817,	
[STRAT parameters]:    NUMSIMSTATS=1000,	PHENOTYPECOL=-9,	POOLFREQ=10,	LOCUSxONLY=0,	EMERROR=0.00100,	MISSINGPHENO=-9,	