

----------------------------------------------------
STRUCTURE by Pritchard, Stephens and Donnelly (2000)
     and Falush, Stephens and Pritchard (2003)
       Code by Pritchard, Falush and Hubisz
             Version 2.3.4 (Jul 2012)
----------------------------------------------------



Command line arguments:   ./structure -m mainparams_primary -e extraparams_primary -i Albania_2000_STRUCTURE.txt -o primary_output/Albania_primary_K05_rep07 -K 5 -N 2000 -L 16 -D 20265812 
Input File:    Albania_2000_STRUCTURE.txt

Run parameters:
   2000 individuals
   16 loci
   5 populations assumed
   100000 Burn-in period
   500000 Reps
RANDOMIZE turned off


--------------------------------------------
Proportion of membership of each pre-defined
 population in each of the 5 clusters

Given    Inferred Clusters                     Number of
 Pop       1      2      3      4      5      Individuals

  1:     0.200  0.199  0.200  0.200  0.200      358
  2:     0.200  0.199  0.200  0.200  0.200      1039
  3:     0.200  0.201  0.200  0.200  0.200      603
--------------------------------------------

Allele-freq. divergence among pops (Net nucleotide distance),
computed using point estimates of P.

      1       2       3       4       5      
 1      -    0.0059  0.0009  0.0016  0.0009  
 2   0.0059     -    0.0053  0.0057  0.0055  
 3   0.0009  0.0053     -    0.0008  0.0006  
 4   0.0016  0.0057  0.0008     -    0.0012  
 5   0.0009  0.0055  0.0006  0.0012     -    

Average distances (expected heterozygosity) between individuals in same cluster:
cluster  1  : 0.8098 
cluster  2  : 0.8582 
cluster  3  : 0.8135 
cluster  4  : 0.8120 
cluster  5  : 0.8127 

--------------------------------------------
Estimated Ln Prob of Data   = -129407.6
Mean value of ln likelihood = -125098.6
Variance of ln likelihood   = 8618.0
Mean value of alpha         = 8.4978

Mean value of Fst_1         = 0.2265
Mean value of Fst_2         = 0.0003
Mean value of Fst_3         = 0.2211
Mean value of Fst_4         = 0.2194
Mean value of Fst_5         = 0.2228


Inferred ancestry of individuals:
        Label (%Miss) Pop:  Inferred clusters
  1 CP00019943    (0)    2 :  0.196 0.207 0.199 0.200 0.198 
  2 CP00019945    (0)    2 :  0.203 0.205 0.198 0.197 0.197 
  3 CP00019948    (0)    2 :  0.200 0.192 0.201 0.203 0.203 
  4 CP00019939    (0)    2 :  0.199 0.211 0.196 0.195 0.200 
  5 CP00019944    (0)    2 :  0.201 0.202 0.200 0.198 0.198 
  6 CP00019712    (0)    2 :  0.203 0.197 0.201 0.198 0.200 
  7 CP00019695    (0)    2 :  0.205 0.188 0.203 0.201 0.203 
  8 CP00019928    (0)    2 :  0.203 0.184 0.205 0.201 0.207 
  9 CP00019983    (0)    2 :  0.201 0.197 0.200 0.202 0.201 
 10 CP00019707    (0)    2 :  0.198 0.208 0.197 0.198 0.199 
 11 CP00020015    (0)    2 :  0.199 0.199 0.202 0.199 0.200 
 12 CP00019692    (0)    2 :  0.204 0.184 0.203 0.207 0.201 
 13 CP00019715    (0)    2 :  0.203 0.196 0.202 0.199 0.201 
 14 CP00019713    (0)    2 :  0.203 0.187 0.204 0.204 0.203 
 15 CP00019708    (0)    2 :  0.202 0.192 0.202 0.202 0.201 
 16 CP00019699    (0)    2 :  0.204 0.191 0.202 0.197 0.207 
 17 CP00019681    (0)    2 :  0.203 0.193 0.202 0.203 0.198 
 18 CP00019680    (0)    2 :  0.199 0.206 0.197 0.199 0.199 
 19 CP00019679    (0)    2 :  0.197 0.215 0.195 0.193 0.200 
 20 CP00019927    (0)    2 :  0.199 0.195 0.202 0.201 0.203 
 21 CP00019690    (0)    2 :  0.199 0.207 0.198 0.197 0.200 
 22 CP00019687    (0)    2 :  0.198 0.209 0.198 0.197 0.198 
 23 CP00019701    (0)    2 :  0.197 0.212 0.198 0.197 0.196 
 24 CP00019709    (0)    2 :  0.194 0.221 0.194 0.198 0.193 
 25 CP00019717    (0)    2 :  0.204 0.183 0.204 0.206 0.204 
 26 CP00019718    (0)    2 :  0.201 0.185 0.206 0.205 0.202 
 27 CP00020007    (0)    2 :  0.200 0.190 0.205 0.205 0.200 
 28 CP00019934    (0)    2 :  0.203 0.189 0.203 0.202 0.203 
 29 CP00019979    (0)    2 :  0.203 0.188 0.205 0.202 0.202 
 30 CP00019935    (0)    2 :  0.202 0.183 0.206 0.206 0.203 
 31 CP00020005    (0)    2 :  0.203 0.187 0.205 0.205 0.200 
 32 CP00019988    (0)    2 :  0.196 0.212 0.195 0.197 0.199 
 33 CP00019685    (0)    2 :  0.196 0.201 0.201 0.202 0.200 
 34 CP00019706    (0)    2 :  0.202 0.207 0.198 0.197 0.196 
 35 CP00019703    (0)    2 :  0.197 0.209 0.196 0.198 0.201 
 36 CP00019704    (0)    2 :  0.198 0.197 0.200 0.203 0.201 
 37 CP00019705    (0)    2 :  0.198 0.210 0.199 0.197 0.196 
 38 CP00019710    (0)    2 :  0.198 0.205 0.200 0.200 0.196 
 39 CP00019940    (0)    2 :  0.205 0.188 0.202 0.202 0.203 
 40 CP00019985    (0)    2 :  0.195 0.222 0.194 0.195 0.194 
 41 CP00020006    (0)    2 :  0.204 0.196 0.201 0.199 0.199 
 42 CP00019981    (0)    2 :  0.203 0.193 0.201 0.200 0.203 
 43 CP00020003    (0)    2 :  0.205 0.191 0.202 0.203 0.200 
 44 CP00020004    (0)    2 :  0.202 0.191 0.200 0.205 0.201 
 45 CP00019946    (0)    2 :  0.202 0.190 0.199 0.205 0.204 
 46 CP00019941    (0)    2 :  0.204 0.181 0.208 0.204 0.202 
 47 CP00020002    (0)    2 :  0.203 0.193 0.202 0.199 0.202 
 48 CP00020323    (0)    2 :  0.197 0.224 0.193 0.192 0.195 
 49 CP00020008    (0)    2 :  0.201 0.196 0.203 0.202 0.199 
 50 CP00019716    (0)    2 :  0.198 0.192 0.202 0.203 0.205 
 51 CP00019982    (0)    2 :  0.202 0.190 0.202 0.202 0.204 
 52 CP00019942    (0)    2 :  0.206 0.182 0.203 0.207 0.202 
 53 CP00020018    (0)    2 :  0.198 0.205 0.198 0.201 0.198 
 54 CP00019933    (0)    2 :  0.191 0.222 0.194 0.197 0.196 
 55 CP00020019    (0)    2 :  0.202 0.189 0.205 0.203 0.201 
 56 CP00019688    (0)    2 :  0.201 0.183 0.206 0.207 0.204 
 57 CP00019926    (0)    2 :  0.197 0.203 0.199 0.201 0.200 
 58 CP00020001    (0)    2 :  0.196 0.205 0.200 0.199 0.199 
 59 CP00019698    (0)    2 :  0.190 0.237 0.191 0.192 0.190 
 60 CP00019672    (0)    2 :  0.205 0.197 0.202 0.200 0.196 
 61 CP00019673    (0)    2 :  0.202 0.198 0.201 0.200 0.198 
 62 CP00019691    (0)    2 :  0.191 0.231 0.194 0.190 0.193 
 63 CP00019947    (0)    2 :  0.197 0.202 0.201 0.201 0.199 
 64 CP00019676    (0)    2 :  0.206 0.183 0.203 0.202 0.206 
 65 CP00020000    (0)    2 :  0.202 0.202 0.198 0.195 0.203 
 66 CP00019674    (0)    2 :  0.202 0.191 0.204 0.201 0.201 
 67 CP00019989    (0)    2 :  0.190 0.230 0.193 0.193 0.195 
 68 CP00020017    (0)    2 :  0.198 0.211 0.196 0.197 0.199 
 69 CP00019686    (0)    2 :  0.188 0.242 0.188 0.191 0.191 
 70 CP00019980    (0)    2 :  0.197 0.207 0.199 0.197 0.200 
 71 CP00020016    (0)    2 :  0.203 0.193 0.202 0.200 0.202 
 72 CP00019978    (0)    2 :  0.203 0.182 0.205 0.204 0.205 
 73 CP00019720    (0)    2 :  0.197 0.204 0.200 0.198 0.200 
 74 CP00019693    (0)    2 :  0.200 0.204 0.200 0.196 0.200 
 75 CP00019998    (0)    2 :  0.204 0.190 0.201 0.202 0.204 
 76 CP00019694    (0)    2 :  0.197 0.195 0.201 0.207 0.200 
 77 CP00019675    (0)    2 :  0.203 0.192 0.203 0.201 0.201 
 78 CP00019671    (0)    2 :  0.198 0.204 0.201 0.200 0.197 
 79 CP00019714    (0)    2 :  0.200 0.183 0.207 0.206 0.204 
 80 CP00019937    (0)    2 :  0.203 0.194 0.201 0.201 0.201 
 81 CP00020324    (0)    2 :  0.197 0.191 0.203 0.204 0.205 
 82 CP00020020    (0)    2 :  0.196 0.225 0.193 0.194 0.192 
 83 CP00019696    (0)    2 :  0.205 0.191 0.200 0.203 0.202 
 84 CP00019689    (0)    2 :  0.198 0.197 0.202 0.204 0.200 
 85 CP00019702    (0)    2 :  0.196 0.218 0.195 0.194 0.197 
 86 CP00019993    (0)    2 :  0.205 0.191 0.201 0.203 0.199 
 87 CP00019999    (0)    2 :  0.197 0.215 0.195 0.195 0.197 
 88 CP00019700    (0)    2 :  0.196 0.207 0.196 0.200 0.200 
 89 CP00019936    (0)    2 :  0.203 0.189 0.202 0.203 0.203 
 90 CP00019984    (0)    2 :  0.204 0.196 0.202 0.197 0.201 
 91 CP00019684    (0)    2 :  0.199 0.199 0.200 0.202 0.200 
 92 CP00019719    (0)    2 :  0.198 0.192 0.206 0.201 0.202 
 93 CP00020103    (0)    2 :  0.194 0.220 0.197 0.192 0.197 
 94 CP00020105    (0)    2 :  0.202 0.194 0.204 0.201 0.199 
 95 CP00020072    (0)    2 :  0.201 0.195 0.206 0.200 0.198 
 96 CP00020086    (0)    2 :  0.204 0.194 0.199 0.202 0.201 
 97 CP00020107    (0)    2 :  0.198 0.211 0.196 0.196 0.199 
 98 CP00020106    (0)    2 :  0.205 0.191 0.201 0.200 0.203 
 99 CP00020089    (0)    2 :  0.200 0.183 0.204 0.206 0.206 
100 CP00020094    (0)    2 :  0.203 0.187 0.204 0.204 0.202 
101 CP00020037    (0)    2 :  0.193 0.208 0.198 0.200 0.200 
102 CP00020069    (0)    2 :  0.197 0.208 0.197 0.198 0.201 
103 CP00020112    (0)    2 :  0.208 0.189 0.200 0.200 0.203 
104 CP00020083    (0)    2 :  0.201 0.201 0.199 0.199 0.201 
105 CP00020099    (0)    2 :  0.201 0.204 0.201 0.199 0.196 
106 CP00020092    (0)    2 :  0.200 0.201 0.201 0.199 0.199 
107 CP00020097    (0)    2 :  0.204 0.188 0.206 0.202 0.200 
108 CP00020098    (0)    2 :  0.200 0.202 0.201 0.200 0.197 
109 CP00020102    (0)    2 :  0.199 0.185 0.203 0.208 0.205 
110 CP00020117    (0)    2 :  0.200 0.184 0.205 0.207 0.203 
111 CP00020085    (0)    2 :  0.197 0.203 0.198 0.200 0.202 
112 CP00020078    (0)    2 :  0.198 0.211 0.197 0.198 0.196 
113 CP00020111    (0)    2 :  0.205 0.189 0.203 0.202 0.201 
114 CP00020053    (0)    2 :  0.200 0.196 0.200 0.203 0.200 
115 CP00020021    (0)    2 :  0.200 0.200 0.200 0.198 0.201 
116 CP00020041    (0)    2 :  0.197 0.191 0.204 0.204 0.205 
117 CP00020047    (0)    2 :  0.207 0.187 0.204 0.199 0.202 
118 CP00020064    (0)    2 :  0.194 0.228 0.194 0.191 0.193 
119 CP00020065    (0)    2 :  0.202 0.191 0.202 0.201 0.204 
120 CP00020046    (0)    2 :  0.204 0.188 0.203 0.202 0.203 
121 CP00020025    (0)    2 :  0.199 0.210 0.197 0.196 0.198 
122 CP00020022    (0)    2 :  0.204 0.191 0.205 0.198 0.202 
123 CP00020028    (0)    2 :  0.203 0.188 0.203 0.202 0.204 
124 CP00020062    (0)    2 :  0.201 0.187 0.204 0.202 0.206 
125 CP00020023    (0)    2 :  0.206 0.187 0.201 0.201 0.204 
126 CP00020059    (0)    2 :  0.194 0.209 0.199 0.201 0.198 
127 CP00020060    (0)    2 :  0.201 0.187 0.205 0.203 0.203 
128 CP00020057    (0)    2 :  0.206 0.187 0.201 0.202 0.202 
129 CP00020119    (0)    2 :  0.198 0.198 0.202 0.200 0.202 
130 CP00020073    (0)    2 :  0.203 0.199 0.199 0.199 0.200 
131 CP00020055    (0)    2 :  0.201 0.187 0.203 0.207 0.203 
132 CP00020071    (0)    2 :  0.202 0.205 0.196 0.201 0.195 
133 CP00020087    (0)    2 :  0.198 0.208 0.197 0.199 0.199 
134 CP00020116    (0)    2 :  0.203 0.192 0.202 0.201 0.202 
135 CP00020052    (0)    2 :  0.205 0.187 0.202 0.203 0.203 
136 CP00020067    (0)    2 :  0.201 0.204 0.201 0.198 0.195 
137 CP00020070    (0)    2 :  0.204 0.187 0.203 0.205 0.202 
138 CP00020036    (0)    2 :  0.203 0.194 0.202 0.199 0.202 
139 CP00020029    (0)    2 :  0.203 0.199 0.197 0.200 0.200 
140 CP00020031    (0)    2 :  0.200 0.202 0.201 0.197 0.200 
141 CP00020108    (0)    2 :  0.207 0.187 0.203 0.200 0.204 
142 CP00020109    (0)    2 :  0.194 0.210 0.199 0.198 0.200 
143 CP00020101    (0)    2 :  0.198 0.199 0.199 0.202 0.202 
144 CP00020076    (0)    2 :  0.201 0.198 0.201 0.198 0.202 
145 CP00020104    (0)    2 :  0.203 0.192 0.202 0.203 0.201 
146 CP00020077    (0)    2 :  0.205 0.190 0.202 0.201 0.202 
147 CP00020088    (0)    2 :  0.201 0.188 0.203 0.204 0.204 
148 CP00020100    (0)    2 :  0.197 0.202 0.200 0.202 0.199 
149 CP00020096    (0)    2 :  0.202 0.184 0.207 0.203 0.203 
150 CP00020095    (0)    2 :  0.203 0.191 0.201 0.200 0.205 
151 CP00020090    (0)    2 :  0.202 0.204 0.199 0.195 0.200 
152 CP00020061    (0)    2 :  0.203 0.188 0.202 0.203 0.204 
153 CP00020093    (0)    2 :  0.202 0.201 0.197 0.196 0.203 
154 CP00020058    (0)    2 :  0.202 0.199 0.197 0.198 0.203 
155 CP00020056    (0)    2 :  0.205 0.186 0.201 0.203 0.204 
156 CP00020054    (0)    2 :  0.198 0.202 0.203 0.198 0.199 
157 CP00020034    (0)    2 :  0.203 0.190 0.201 0.201 0.206 
158 CP00020030    (0)    2 :  0.196 0.225 0.194 0.191 0.194 
159 CP00020066    (0)    2 :  0.202 0.185 0.204 0.205 0.204 
160 CP00020068    (0)    2 :  0.197 0.212 0.197 0.197 0.198 
161 CP00020032    (0)    2 :  0.195 0.215 0.196 0.196 0.199 
162 CP00020039    (0)    2 :  0.199 0.188 0.206 0.201 0.206 
163 CP00020038    (0)    2 :  0.199 0.195 0.202 0.201 0.202 
164 CP00020026    (0)    2 :  0.203 0.188 0.202 0.203 0.204 
165 CP00020048    (0)    2 :  0.199 0.201 0.199 0.201 0.199 
166 CP00020079    (0)    2 :  0.204 0.190 0.204 0.199 0.203 
167 CP00020120    (0)    2 :  0.202 0.195 0.202 0.204 0.198 
168 CP00020074    (0)    2 :  0.205 0.194 0.198 0.200 0.203 
169 CP00020115    (0)    2 :  0.204 0.180 0.208 0.204 0.205 
170 CP00020080    (0)    2 :  0.203 0.195 0.202 0.202 0.197 
171 CP00020091    (0)    2 :  0.196 0.224 0.194 0.192 0.194 
172 CP00020081    (0)    2 :  0.202 0.185 0.205 0.204 0.204 
173 CP00020082    (0)    2 :  0.201 0.212 0.196 0.193 0.197 
174 CP00019591    (0)    2 :  0.203 0.188 0.204 0.204 0.201 
175 CP00019572    (0)    2 :  0.191 0.215 0.199 0.199 0.196 
176 CP00020202    (0)    2 :  0.205 0.189 0.201 0.202 0.204 
177 CP00019610    (0)    2 :  0.196 0.222 0.194 0.193 0.194 
178 CP00019595    (0)    2 :  0.197 0.187 0.205 0.209 0.201 
179 CP00019607    (0)    2 :  0.196 0.217 0.197 0.196 0.195 
180 CP00020203    (0)    2 :  0.198 0.217 0.196 0.193 0.196 
181 CP00020187    (0)    2 :  0.198 0.211 0.197 0.198 0.196 
182 CP00020185    (0)    2 :  0.197 0.203 0.200 0.200 0.199 
183 CP00020206    (0)    2 :  0.197 0.205 0.200 0.198 0.200 
184 CP00020190    (0)    2 :  0.204 0.191 0.203 0.200 0.201 
185 CP00020209    (0)    2 :  0.196 0.194 0.205 0.202 0.204 
186 CP00020200    (0)    2 :  0.198 0.209 0.198 0.197 0.199 
187 CP00020213    (0)    2 :  0.202 0.197 0.199 0.202 0.200 
188 CP00020218    (0)    2 :  0.194 0.218 0.197 0.197 0.194 
189 CP00020186    (0)    2 :  0.199 0.198 0.199 0.203 0.201 
190 CP00019575    (0)    2 :  0.199 0.207 0.198 0.195 0.201 
191 CP00020215    (0)    2 :  0.198 0.200 0.200 0.203 0.198 
192 CP00020219    (0)    2 :  0.199 0.221 0.193 0.193 0.194 
193 CP00020180    (0)    2 :  0.205 0.185 0.203 0.201 0.206 
194 CP00019612    (0)    2 :  0.204 0.191 0.201 0.201 0.204 
195 CP00020220    (0)    2 :  0.200 0.207 0.197 0.196 0.200 
196 CP00020217    (0)    2 :  0.202 0.189 0.204 0.204 0.201 
197 CP00020216    (0)    2 :  0.200 0.193 0.202 0.203 0.202 
198 CP00020211    (0)    2 :  0.200 0.191 0.201 0.206 0.201 
199 CP00020212    (0)    2 :  0.202 0.191 0.201 0.203 0.203 
200 CP00020205    (0)    2 :  0.196 0.207 0.199 0.200 0.198 
201 CP00019614    (0)    2 :  0.200 0.199 0.200 0.202 0.199 
202 CP00020177    (0)    2 :  0.197 0.200 0.202 0.202 0.199 
203 CP00019587    (0)    2 :  0.199 0.200 0.200 0.201 0.200 
204 CP00019602    (0)    2 :  0.199 0.202 0.198 0.202 0.200 
205 CP00019605    (0)    2 :  0.199 0.207 0.198 0.199 0.198 
206 CP00019590    (0)    2 :  0.195 0.203 0.199 0.205 0.198 
207 CP00019592    (0)    2 :  0.205 0.194 0.202 0.198 0.201 
208 CP00019603    (0)    2 :  0.204 0.185 0.205 0.203 0.203 
209 CP00019597    (0)    2 :  0.197 0.219 0.194 0.193 0.197 
210 CP00019582    (0)    2 :  0.203 0.195 0.201 0.200 0.202 
211 CP00019578    (0)    2 :  0.200 0.200 0.200 0.201 0.199 
212 CP00020176    (0)    2 :  0.198 0.204 0.199 0.197 0.202 
213 CP00020173    (0)    2 :  0.202 0.199 0.199 0.200 0.200 
214 CP00019580    (0)    2 :  0.202 0.196 0.200 0.198 0.204 
215 CP00019571    (0)    2 :  0.197 0.201 0.202 0.203 0.198 
216 CP00020192    (0)    2 :  0.201 0.214 0.196 0.194 0.194 
217 CP00020208    (0)    2 :  0.202 0.188 0.204 0.205 0.202 
218 CP00020188    (0)    2 :  0.198 0.206 0.200 0.201 0.195 
219 CP00020171    (0)    2 :  0.198 0.202 0.199 0.202 0.199 
220 CP00020195    (0)    2 :  0.200 0.196 0.202 0.200 0.203 
221 CP00020196    (0)    2 :  0.202 0.197 0.199 0.198 0.203 
222 CP00020261    (0)    2 :  0.204 0.196 0.201 0.199 0.200 
223 CP00020181    (0)    2 :  0.202 0.190 0.203 0.199 0.206 
224 CP00020183    (0)    2 :  0.205 0.195 0.202 0.200 0.199 
225 CP00020199    (0)    2 :  0.203 0.189 0.202 0.205 0.201 
226 CP00020182    (0)    2 :  0.206 0.190 0.203 0.200 0.201 
227 CP00019609    (0)    2 :  0.194 0.219 0.197 0.195 0.194 
228 CP00019588    (0)    2 :  0.196 0.217 0.197 0.196 0.195 
229 CP00019598    (0)    2 :  0.201 0.188 0.204 0.204 0.202 
230 CP00019604    (0)    2 :  0.198 0.211 0.198 0.196 0.197 
231 CP00019615    (0)    2 :  0.203 0.190 0.201 0.202 0.204 
232 CP00020214    (0)    2 :  0.196 0.216 0.197 0.196 0.195 
233 CP00020184    (0)    2 :  0.205 0.184 0.203 0.203 0.204 
234 CP00020172    (0)    2 :  0.188 0.227 0.193 0.196 0.195 
235 CP00020179    (0)    2 :  0.195 0.220 0.195 0.197 0.193 
236 CP00019586    (0)    2 :  0.208 0.182 0.205 0.201 0.204 
237 CP00019583    (0)    2 :  0.202 0.186 0.204 0.207 0.202 
238 CP00019599    (0)    2 :  0.209 0.184 0.204 0.200 0.204 
239 CP00019596    (0)    2 :  0.206 0.203 0.197 0.194 0.200 
240 CP00019589    (0)    2 :  0.205 0.184 0.204 0.204 0.204 
241 CP00019606    (0)    2 :  0.199 0.193 0.204 0.202 0.202 
242 CP00020178    (0)    2 :  0.198 0.192 0.204 0.204 0.201 
243 CP00020175    (0)    2 :  0.201 0.197 0.199 0.200 0.203 
244 CP00020174    (0)    2 :  0.199 0.193 0.203 0.204 0.201 
245 CP00019584    (0)    2 :  0.200 0.200 0.199 0.202 0.199 
246 CP00019574    (0)    2 :  0.198 0.203 0.201 0.196 0.202 
247 CP00020204    (0)    2 :  0.205 0.193 0.200 0.201 0.201 
248 CP00019611    (0)    2 :  0.195 0.210 0.198 0.200 0.197 
249 CP00020201    (0)    2 :  0.203 0.193 0.200 0.203 0.202 
250 CP00020210    (0)    2 :  0.192 0.228 0.194 0.194 0.191 
251 CP00020207    (0)    2 :  0.202 0.198 0.202 0.199 0.200 
252 CP00020194    (0)    2 :  0.200 0.198 0.200 0.200 0.203 
253 CP00020191    (0)    2 :  0.202 0.188 0.202 0.204 0.204 
254 CP00020193    (0)    2 :  0.200 0.199 0.203 0.199 0.198 
255 CP00019619    (0)    2 :  0.195 0.212 0.199 0.198 0.196 
256 CP00020398    (0)    2 :  0.203 0.190 0.201 0.203 0.202 
257 CP00020377    (0)    2 :  0.205 0.199 0.199 0.194 0.203 
258 CP00020412    (0)    2 :  0.203 0.194 0.203 0.201 0.200 
259 CP00020400    (0)    2 :  0.202 0.183 0.205 0.204 0.206 
260 CP00020399    (0)    2 :  0.196 0.202 0.202 0.200 0.199 
261 CP00020379    (0)    2 :  0.200 0.196 0.203 0.200 0.202 
262 CP00020393    (0)    2 :  0.204 0.194 0.200 0.201 0.201 
263 CP00020411    (0)    2 :  0.201 0.191 0.204 0.205 0.199 
264 CP00020374    (0)    2 :  0.201 0.192 0.202 0.202 0.202 
265 CP00019876    (0)    2 :  0.198 0.200 0.200 0.201 0.201 
266 CP00019892    (0)    2 :  0.197 0.213 0.196 0.197 0.196 
267 CP00019919    (0)    2 :  0.195 0.217 0.197 0.194 0.198 
268 CP00020418    (0)    2 :  0.202 0.192 0.200 0.203 0.202 
269 CP00019893    (0)    2 :  0.203 0.186 0.199 0.206 0.206 
270 CP00019889    (0)    2 :  0.204 0.193 0.201 0.201 0.201 
271 CP00019904    (0)    2 :  0.206 0.187 0.204 0.201 0.203 
272 CP00019909    (0)    2 :  0.193 0.213 0.196 0.201 0.197 
273 CP00020392    (0)    2 :  0.204 0.186 0.203 0.204 0.203 
274 CP00020387    (0)    2 :  0.206 0.188 0.201 0.203 0.202 
275 CP00019872    (0)    2 :  0.199 0.191 0.204 0.203 0.203 
276 CP00020395    (0)    2 :  0.199 0.204 0.197 0.198 0.201 
277 CP00020378    (0)    2 :  0.197 0.211 0.195 0.198 0.199 
278 CP00020417    (0)    2 :  0.195 0.212 0.199 0.198 0.197 
279 CP00019887    (0)    2 :  0.205 0.188 0.201 0.203 0.203 
280 CP00019884    (0)    2 :  0.195 0.211 0.198 0.198 0.198 
281 CP00019907    (0)    2 :  0.196 0.226 0.193 0.192 0.193 
282 CP00019874    (0)    2 :  0.199 0.195 0.202 0.203 0.200 
283 CP00019881    (0)    2 :  0.200 0.198 0.199 0.206 0.197 
284 CP00019871    (0)    2 :  0.200 0.198 0.200 0.202 0.199 
285 CP00019878    (0)    2 :  0.205 0.188 0.203 0.201 0.204 
286 CP00019901    (0)    2 :  0.203 0.193 0.203 0.197 0.203 
287 CP00019879    (0)    2 :  0.207 0.193 0.201 0.197 0.201 
288 CP00019902    (0)    2 :  0.195 0.219 0.194 0.195 0.196 
289 CP00019913    (0)    2 :  0.205 0.189 0.201 0.202 0.202 
290 CP00019875    (0)    2 :  0.194 0.227 0.193 0.196 0.190 
291 CP00019912    (0)    2 :  0.195 0.205 0.200 0.200 0.200 
292 CP00019898    (0)    2 :  0.192 0.224 0.196 0.194 0.193 
293 CP00019910    (0)    2 :  0.205 0.187 0.203 0.202 0.203 
294 CP00020416    (0)    2 :  0.202 0.195 0.202 0.198 0.203 
295 CP00020396    (0)    2 :  0.204 0.196 0.202 0.197 0.201 
296 CP00019900    (0)    2 :  0.200 0.202 0.198 0.200 0.201 
297 CP00019899    (0)    2 :  0.202 0.201 0.199 0.197 0.200 
298 CP00019883    (0)    2 :  0.202 0.199 0.199 0.202 0.198 
299 CP00020409    (0)    2 :  0.197 0.203 0.203 0.201 0.196 
300 CP00020415    (0)    2 :  0.196 0.211 0.199 0.198 0.196 
301 CP00020419    (0)    2 :  0.200 0.207 0.198 0.197 0.199 
302 CP00019905    (0)    2 :  0.196 0.201 0.200 0.202 0.201 
303 CP00020385    (0)    2 :  0.205 0.185 0.203 0.204 0.203 
304 CP00019920    (0)    2 :  0.200 0.207 0.200 0.194 0.198 
305 CP00019890    (0)    2 :  0.201 0.189 0.206 0.200 0.204 
306 CP00019896    (0)    2 :  0.199 0.199 0.203 0.199 0.199 
307 CP00020382    (0)    2 :  0.197 0.210 0.195 0.202 0.197 
308 CP00020381    (0)    2 :  0.198 0.206 0.198 0.199 0.200 
309 CP00020384    (0)    2 :  0.200 0.200 0.200 0.198 0.201 
310 CP00020410    (0)    2 :  0.200 0.197 0.199 0.202 0.202 
311 CP00019915    (0)    2 :  0.203 0.195 0.201 0.200 0.200 
312 CP00019885    (0)    2 :  0.193 0.229 0.192 0.192 0.194 
313 CP00020371    (0)    2 :  0.190 0.230 0.194 0.192 0.193 
314 CP00020372    (0)    2 :  0.198 0.209 0.199 0.198 0.197 
315 CP00020402    (0)    2 :  0.200 0.203 0.199 0.197 0.201 
316 CP00020414    (0)    2 :  0.193 0.219 0.195 0.197 0.196 
317 CP00020386    (0)    2 :  0.204 0.193 0.201 0.198 0.203 
318 CP00020389    (0)    2 :  0.195 0.208 0.199 0.199 0.199 
319 CP00020388    (0)    2 :  0.204 0.194 0.202 0.197 0.202 
320 CP00020413    (3)    2 :  0.200 0.202 0.198 0.204 0.197 
321 CP00020376    (0)    2 :  0.204 0.192 0.202 0.202 0.200 
322 CP00020407    (0)    2 :  0.203 0.194 0.200 0.202 0.202 
323 CP00020406    (0)    2 :  0.204 0.192 0.200 0.201 0.203 
324 CP00019873    (0)    2 :  0.197 0.198 0.204 0.200 0.200 
325 CP00019888    (0)    2 :  0.195 0.217 0.196 0.198 0.195 
326 CP00019877    (0)    2 :  0.199 0.207 0.198 0.197 0.199 
327 CP00019894    (0)    2 :  0.200 0.198 0.200 0.202 0.200 
328 CP00020375    (0)    2 :  0.192 0.228 0.193 0.193 0.194 
329 CP00020404    (0)    2 :  0.197 0.197 0.202 0.202 0.201 
330 CP00020391    (0)    2 :  0.203 0.195 0.199 0.198 0.204 
331 CP00020380    (0)    2 :  0.197 0.204 0.199 0.202 0.198 
332 CP00020408    (0)    2 :  0.204 0.185 0.202 0.203 0.205 
333 CP00020397    (0)    2 :  0.203 0.197 0.203 0.198 0.200 
334 CP00019891    (0)    2 :  0.197 0.207 0.202 0.197 0.198 
335 CP00019917    (0)    2 :  0.197 0.206 0.200 0.199 0.199 
336 CP00019906    (0)    2 :  0.203 0.187 0.204 0.202 0.204 
337 CP00019916    (0)    2 :  0.201 0.197 0.200 0.201 0.202 
338 CP00019908    (0)    2 :  0.201 0.195 0.201 0.201 0.202 
339 CP00020373    (0)    2 :  0.203 0.191 0.202 0.203 0.200 
340 CP00020383    (0)    2 :  0.196 0.201 0.202 0.201 0.200 
341 CP00019882    (0)    2 :  0.202 0.200 0.201 0.197 0.200 
342 CP00019903    (0)    2 :  0.195 0.220 0.198 0.197 0.190 
343 CP00020401    (0)    2 :  0.200 0.192 0.201 0.204 0.202 
344 CP00020403    (0)    2 :  0.198 0.195 0.205 0.200 0.202 
345 CP00019886    (0)    2 :  0.198 0.203 0.201 0.199 0.199 
346 CP00020405    (0)    2 :  0.196 0.213 0.198 0.198 0.195 
347 CP00020390    (0)    2 :  0.205 0.189 0.202 0.203 0.200 
348 CP00019911    (0)    2 :  0.201 0.198 0.199 0.200 0.201 
349 CP00019897    (0)    2 :  0.197 0.204 0.200 0.200 0.199 
350 CP00020420    (0)    2 :  0.201 0.185 0.204 0.207 0.203 
351 CP00019895    (0)    2 :  0.200 0.204 0.198 0.200 0.199 
352 CP00019918    (0)    2 :  0.189 0.230 0.194 0.194 0.193 
353 CP00019808    (0)    2 :  0.198 0.203 0.200 0.201 0.198 
354 CP00019779    (0)    2 :  0.201 0.189 0.204 0.205 0.201 
355 CP00019789    (0)    2 :  0.205 0.182 0.205 0.204 0.203 
356 CP00019791    (0)    2 :  0.198 0.190 0.205 0.204 0.203 
357 CP00019799    (0)    2 :  0.195 0.217 0.198 0.195 0.195 
358 CP00019790    (0)    2 :  0.199 0.208 0.194 0.202 0.198 
359 CP00019834    (0)    2 :  0.202 0.184 0.205 0.205 0.203 
360 CP00019801    (0)    2 :  0.200 0.193 0.201 0.202 0.205 
361 CP00019782    (0)    2 :  0.192 0.237 0.193 0.188 0.190 
362 CP00019867    (0)    2 :  0.204 0.195 0.201 0.202 0.198 
363 CP00019845    (0)    2 :  0.194 0.218 0.196 0.197 0.195 
364 CP00019792    (0)    2 :  0.201 0.199 0.199 0.198 0.203 
365 CP00019860    (0)    2 :  0.199 0.201 0.199 0.202 0.200 
366 CP00019858    (0)    2 :  0.201 0.201 0.201 0.200 0.197 
367 CP00019856    (0)    2 :  0.199 0.209 0.198 0.196 0.198 
368 CP00019857    (0)    2 :  0.206 0.182 0.204 0.205 0.203 
369 CP00019828    (0)    2 :  0.200 0.206 0.198 0.197 0.198 
370 CP00019821    (0)    2 :  0.197 0.210 0.197 0.198 0.198 
371 CP00019863    (0)    2 :  0.197 0.207 0.197 0.199 0.200 
372 CP00019846    (0)    2 :  0.200 0.203 0.200 0.200 0.197 
373 CP00019825    (0)    2 :  0.200 0.208 0.199 0.199 0.194 
374 CP00019824    (0)    2 :  0.195 0.209 0.198 0.197 0.201 
375 CP00019838    (0)    2 :  0.203 0.198 0.199 0.201 0.199 
376 CP00019868    (0)    2 :  0.199 0.186 0.207 0.204 0.204 
377 CP00019835    (0)    2 :  0.202 0.192 0.204 0.201 0.201 
378 CP00019836    (0)    2 :  0.200 0.199 0.201 0.199 0.200 
379 CP00019870    (0)    2 :  0.205 0.187 0.202 0.204 0.202 
380 CP00019833    (0)    2 :  0.198 0.203 0.199 0.201 0.198 
381 CP00019826    (0)    2 :  0.203 0.198 0.199 0.199 0.201 
382 CP00019837    (0)    2 :  0.197 0.206 0.198 0.200 0.199 
383 CP00019830    (0)    2 :  0.196 0.220 0.194 0.195 0.195 
384 CP00019822    (0)    2 :  0.204 0.201 0.198 0.198 0.200 
385 CP00019866    (0)    2 :  0.201 0.184 0.205 0.208 0.202 
386 CP00019829    (0)    2 :  0.202 0.196 0.200 0.200 0.202 
387 CP00019841    (0)    2 :  0.204 0.186 0.202 0.204 0.204 
388 CP00019831    (0)    2 :  0.200 0.186 0.205 0.206 0.202 
389 CP00019774    (0)    2 :  0.202 0.198 0.198 0.200 0.202 
390 CP00019847    (0)    2 :  0.199 0.191 0.204 0.203 0.203 
391 CP00019851    (0)    2 :  0.194 0.224 0.196 0.193 0.192 
392 CP00019844    (0)    2 :  0.207 0.189 0.201 0.200 0.203 
393 CP00019823    (0)    2 :  0.196 0.203 0.200 0.202 0.199 
394 CP00019842    (0)    2 :  0.202 0.195 0.200 0.202 0.201 
395 CP00019859    (0)    2 :  0.203 0.189 0.200 0.206 0.202 
396 CP00019827    (0)    2 :  0.202 0.192 0.199 0.206 0.200 
397 CP00019862    (0)    2 :  0.199 0.195 0.201 0.203 0.202 
398 CP00019864    (0)    2 :  0.200 0.208 0.197 0.198 0.198 
399 CP00019861    (0)    2 :  0.195 0.213 0.198 0.198 0.195 
400 CP00019865    (0)    2 :  0.205 0.188 0.202 0.202 0.203 
401 CP00019819    (0)    2 :  0.199 0.199 0.201 0.200 0.200 
402 CP00019778    (0)    2 :  0.199 0.201 0.200 0.200 0.199 
403 CP00019796    (0)    2 :  0.204 0.188 0.202 0.202 0.204 
404 CP00019803    (0)    2 :  0.199 0.204 0.199 0.200 0.199 
405 CP00019804    (0)    2 :  0.200 0.190 0.205 0.203 0.202 
406 CP00019775    (0)    2 :  0.207 0.189 0.202 0.201 0.202 
407 CP00019780    (0)    2 :  0.202 0.197 0.200 0.199 0.202 
408 CP00019820    (0)    2 :  0.197 0.201 0.200 0.201 0.201 
409 CP00019787    (0)    2 :  0.194 0.210 0.197 0.203 0.196 
410 CP00019771    (0)    2 :  0.203 0.187 0.205 0.204 0.201 
411 CP00019793    (0)    2 :  0.202 0.185 0.206 0.207 0.200 
412 CP00019788    (0)    2 :  0.201 0.208 0.196 0.199 0.196 
413 CP00019781    (0)    2 :  0.204 0.192 0.203 0.201 0.200 
414 CP00019797    (0)    2 :  0.194 0.212 0.197 0.198 0.199 
415 CP00019807    (0)    2 :  0.198 0.200 0.202 0.202 0.198 
416 CP00019800    (0)    2 :  0.203 0.192 0.202 0.200 0.204 
417 CP00019813    (0)    2 :  0.200 0.188 0.204 0.205 0.203 
418 CP00019814    (0)    2 :  0.201 0.192 0.202 0.204 0.201 
419 CP00019772    (0)    2 :  0.202 0.211 0.195 0.194 0.199 
420 CP00019794    (0)    2 :  0.198 0.203 0.202 0.200 0.197 
421 CP00019839    (0)    2 :  0.201 0.209 0.198 0.196 0.195 
422 CP00019854    (0)    2 :  0.199 0.189 0.203 0.206 0.204 
423 CP00019852    (0)    2 :  0.199 0.196 0.201 0.202 0.201 
424 CP00019855    (0)    2 :  0.199 0.203 0.200 0.198 0.201 
425 CP00019805    (0)    2 :  0.197 0.205 0.199 0.200 0.199 
426 CP00019843    (0)    2 :  0.200 0.188 0.204 0.204 0.204 
427 CP00019811    (0)    2 :  0.198 0.194 0.200 0.205 0.203 
428 CP00019817    (0)    2 :  0.206 0.193 0.201 0.199 0.202 
429 CP00019832    (0)    2 :  0.195 0.207 0.200 0.200 0.198 
430 CP00019773    (0)    2 :  0.203 0.195 0.201 0.201 0.200 
431 CP00019850    (0)    2 :  0.202 0.208 0.196 0.198 0.198 
432 CP00019853    (0)    2 :  0.202 0.190 0.201 0.204 0.202 
433 CP00019785    (0)    2 :  0.200 0.205 0.195 0.199 0.201 
434 CP00019815    (0)    2 :  0.202 0.203 0.199 0.196 0.200 
435 CP00019809    (0)    2 :  0.205 0.188 0.203 0.203 0.201 
436 CP00019840    (0)    2 :  0.196 0.202 0.201 0.200 0.200 
437 CP00019776    (0)    2 :  0.202 0.190 0.202 0.204 0.202 
438 CP00019816    (0)    2 :  0.197 0.214 0.196 0.195 0.198 
439 CP00019810    (0)    2 :  0.202 0.208 0.196 0.197 0.196 
440 CP00019848    (0)    2 :  0.203 0.195 0.200 0.202 0.199 
441 CP00019806    (0)    2 :  0.206 0.192 0.201 0.201 0.200 
442 CP00019812    (0)    2 :  0.200 0.181 0.207 0.206 0.206 
443 CP00019818    (0)    2 :  0.205 0.182 0.205 0.203 0.204 
444 CP00019849    (0)    2 :  0.203 0.202 0.199 0.199 0.197 
445 CP00019786    (0)    2 :  0.203 0.198 0.199 0.200 0.200 
446 CP00019783    (0)    2 :  0.203 0.201 0.200 0.195 0.201 
447 CP00019802    (0)    2 :  0.199 0.205 0.197 0.201 0.197 
448 CP00020014    (0)    2 :  0.199 0.197 0.200 0.203 0.200 
449 CP00021063    (0)    2 :  0.194 0.217 0.196 0.196 0.197 
450 CP00021052    (3)    2 :  0.204 0.201 0.198 0.196 0.200 
451 CP00019924    (0)    2 :  0.201 0.192 0.203 0.202 0.202 
452 CP00020013    (0)    2 :  0.193 0.224 0.192 0.196 0.195 
453 CP00019953    (0)    2 :  0.204 0.192 0.202 0.200 0.202 
454 CP00021046    (0)    2 :  0.199 0.207 0.198 0.200 0.196 
455 CP00019969    (0)    2 :  0.196 0.200 0.201 0.205 0.199 
456 CP00021024    (0)    2 :  0.198 0.216 0.195 0.195 0.197 
457 CP00019990    (0)    2 :  0.202 0.185 0.205 0.203 0.206 
458 CP00019976    (0)    2 :  0.197 0.208 0.200 0.198 0.197 
459 CP00019975    (0)    2 :  0.196 0.218 0.197 0.194 0.196 
460 CP00019994    (0)    2 :  0.201 0.183 0.208 0.203 0.204 
461 CP00020266    (0)    2 :  0.204 0.191 0.200 0.197 0.208 
462 CP00019977    (0)    2 :  0.205 0.182 0.206 0.200 0.206 
463 CP00021043    (0)    2 :  0.192 0.228 0.195 0.192 0.193 
464 CP00021030    (0)    2 :  0.204 0.193 0.203 0.200 0.200 
465 CP00019959    (0)    2 :  0.194 0.223 0.194 0.196 0.194 
466 CP00019997    (0)    2 :  0.200 0.196 0.202 0.202 0.200 
467 CP00019929    (0)    2 :  0.195 0.200 0.203 0.199 0.203 
468 CP00021047    (0)    2 :  0.201 0.204 0.199 0.200 0.197 
469 CP00019677    (0)    2 :  0.207 0.182 0.204 0.202 0.206 
470 CP00020322    (0)    2 :  0.201 0.189 0.202 0.206 0.203 
471 CP00020265    (0)    2 :  0.201 0.189 0.203 0.205 0.202 
472 CP00021036    (0)    2 :  0.205 0.182 0.206 0.202 0.204 
473 CP00020328    (0)    2 :  0.198 0.205 0.198 0.200 0.199 
474 CP00020267    (0)    2 :  0.205 0.188 0.199 0.203 0.206 
475 CP00021045    (0)    2 :  0.204 0.195 0.199 0.197 0.206 
476 CP00021038    (0)    2 :  0.200 0.206 0.197 0.198 0.198 
477 CP00021027    (0)    2 :  0.204 0.188 0.203 0.199 0.206 
478 CP00020330    (0)    2 :  0.199 0.190 0.206 0.206 0.198 
479 CP00019957    (0)    2 :  0.201 0.189 0.202 0.204 0.204 
480 CP00019956    (0)    2 :  0.198 0.203 0.203 0.201 0.196 
481 CP00021025    (0)    2 :  0.198 0.193 0.204 0.201 0.204 
482 CP00021040    (0)    2 :  0.198 0.203 0.197 0.202 0.200 
483 CP00021044    (0)    2 :  0.195 0.223 0.196 0.193 0.192 
484 CP00021051    (0)    2 :  0.195 0.215 0.196 0.199 0.196 
485 CP00021058    (0)    2 :  0.207 0.190 0.203 0.200 0.199 
486 CP00019932    (0)    2 :  0.200 0.203 0.199 0.197 0.201 
487 CP00021060    (0)    2 :  0.205 0.182 0.205 0.204 0.203 
488 CP00021032    (0)    2 :  0.198 0.211 0.198 0.199 0.194 
489 CP00021048    (0)    2 :  0.196 0.194 0.204 0.205 0.200 
490 CP00021034    (0)    2 :  0.203 0.196 0.200 0.198 0.203 
491 CP00020262    (0)    2 :  0.201 0.189 0.203 0.205 0.202 
492 CP00021050    (0)    2 :  0.200 0.203 0.199 0.199 0.199 
493 CP00019950    (0)    2 :  0.202 0.191 0.202 0.202 0.202 
494 CP00019921    (0)    2 :  0.202 0.195 0.201 0.199 0.202 
495 CP00021023    (0)    2 :  0.197 0.205 0.198 0.200 0.200 
496 CP00019996    (0)    2 :  0.203 0.185 0.205 0.204 0.203 
497 CP00019949    (0)    2 :  0.204 0.188 0.202 0.203 0.202 
498 CP00019970    (0)    2 :  0.199 0.199 0.201 0.201 0.200 
499 CP00020329    (0)    2 :  0.198 0.213 0.197 0.196 0.196 
500 CP00019930    (0)    2 :  0.201 0.200 0.202 0.198 0.200 
501 CP00020009    (0)    2 :  0.206 0.192 0.199 0.201 0.201 
502 CP00021039    (0)    2 :  0.200 0.207 0.197 0.197 0.198 
503 CP00021061    (0)    2 :  0.200 0.204 0.201 0.198 0.198 
504 CP00021021    (0)    2 :  0.197 0.200 0.199 0.199 0.204 
505 CP00020327    (0)    2 :  0.195 0.209 0.200 0.199 0.198 
506 CP00021028    (0)    2 :  0.199 0.186 0.204 0.210 0.202 
507 CP00020263    (0)    2 :  0.203 0.188 0.201 0.201 0.207 
508 CP00019960    (0)    2 :  0.192 0.232 0.192 0.191 0.192 
509 CP00019922    (0)    2 :  0.204 0.190 0.201 0.204 0.202 
510 CP00019995    (0)    2 :  0.197 0.204 0.201 0.198 0.200 
511 CP00021062    (0)    2 :  0.205 0.189 0.201 0.199 0.205 
512 CP00021059    (0)    2 :  0.197 0.199 0.201 0.206 0.197 
513 CP00020011    (0)    2 :  0.198 0.195 0.201 0.202 0.204 
514 CP00019951    (0)    2 :  0.198 0.211 0.198 0.196 0.197 
515 CP00020268    (0)    2 :  0.202 0.196 0.202 0.198 0.202 
516 CP00019678    (0)    2 :  0.200 0.202 0.200 0.200 0.199 
517 CP00019952    (0)    2 :  0.196 0.212 0.199 0.196 0.196 
518 CP00021037    (0)    2 :  0.200 0.201 0.199 0.201 0.199 
519 CP00021042    (0)    2 :  0.199 0.193 0.203 0.205 0.200 
520 CP00021041    (0)    2 :  0.195 0.217 0.196 0.195 0.197 
521 CP00020010    (0)    2 :  0.203 0.194 0.201 0.202 0.201 
522 CP00021056    (0)    2 :  0.197 0.215 0.195 0.194 0.198 
523 CP00020012    (0)    2 :  0.199 0.205 0.201 0.196 0.199 
524 CP00021031    (0)    2 :  0.200 0.202 0.199 0.197 0.202 
525 CP00019958    (0)    2 :  0.205 0.187 0.203 0.204 0.202 
526 CP00019971    (0)    2 :  0.199 0.193 0.203 0.203 0.202 
527 CP00021026    (0)    2 :  0.203 0.190 0.201 0.204 0.202 
528 CP00020321    (0)    2 :  0.205 0.190 0.203 0.199 0.202 
529 CP00019972    (0)    2 :  0.196 0.221 0.194 0.193 0.195 
530 CP00021035    (0)    2 :  0.193 0.212 0.197 0.203 0.194 
531 CP00020264    (0)    2 :  0.201 0.195 0.200 0.202 0.202 
532 CP00021049    (0)    2 :  0.199 0.195 0.202 0.203 0.201 
533 CP00021033    (0)    2 :  0.194 0.218 0.198 0.197 0.194 
534 CP00019954    (0)    2 :  0.202 0.193 0.204 0.203 0.199 
535 CP00019931    (0)    2 :  0.199 0.188 0.204 0.208 0.201 
536 CP00021054    (0)    2 :  0.206 0.189 0.204 0.202 0.199 
537 CP00021029    (0)    2 :  0.195 0.222 0.195 0.195 0.193 
538 CP00021053    (0)    2 :  0.199 0.196 0.200 0.202 0.203 
539 CP00021022    (0)    2 :  0.195 0.211 0.200 0.198 0.197 
540 CP00021055    (0)    2 :  0.209 0.182 0.203 0.198 0.207 
541 CP00020718    (0)    2 :  0.202 0.188 0.201 0.205 0.204 
542 CP00020716    (0)    2 :  0.202 0.183 0.204 0.205 0.206 
543 CP00020696    (0)    2 :  0.198 0.209 0.197 0.195 0.201 
544 CP00020714    (0)    2 :  0.201 0.189 0.203 0.203 0.204 
545 CP00020682    (0)    2 :  0.200 0.197 0.202 0.199 0.203 
546 CP00020698    (0)    2 :  0.205 0.188 0.200 0.204 0.204 
547 CP00020697    (0)    2 :  0.196 0.223 0.194 0.194 0.193 
548 CP00020688    (0)    2 :  0.201 0.193 0.204 0.199 0.204 
549 CP00020687    (0)    2 :  0.204 0.193 0.201 0.199 0.203 
550 CP00020675    (0)    2 :  0.204 0.200 0.198 0.197 0.201 
551 CP00020717    (0)    2 :  0.202 0.194 0.200 0.202 0.202 
552 CP00020676    (0)    2 :  0.199 0.194 0.201 0.206 0.200 
553 CP00020704    (0)    2 :  0.201 0.183 0.205 0.206 0.205 
554 CP00020686    (0)    2 :  0.205 0.189 0.201 0.203 0.202 
555 CP00020699    (0)    2 :  0.201 0.210 0.198 0.196 0.195 
556 CP00020700    (0)    2 :  0.195 0.205 0.200 0.198 0.202 
557 CP00020689    (0)    2 :  0.203 0.206 0.198 0.196 0.197 
558 CP00020566    (0)    2 :  0.204 0.188 0.204 0.201 0.203 
559 CP00020360    (0)    2 :  0.207 0.185 0.204 0.205 0.199 
560 CP00020345    (0)    2 :  0.204 0.187 0.204 0.204 0.201 
561 CP00020357    (0)    2 :  0.208 0.193 0.198 0.200 0.201 
562 CP00020352    (0)    2 :  0.202 0.193 0.204 0.199 0.203 
563 CP00020353    (0)    2 :  0.204 0.189 0.201 0.202 0.204 
564 CP00020342    (0)    2 :  0.197 0.197 0.202 0.202 0.201 
565 CP00020367    (0)    2 :  0.193 0.234 0.192 0.187 0.193 
566 CP00020561    (0)    2 :  0.204 0.191 0.201 0.197 0.207 
567 CP00020343    (0)    2 :  0.205 0.197 0.199 0.196 0.204 
568 CP00020569    (0)    2 :  0.204 0.188 0.203 0.201 0.204 
569 CP00020554    (0)    2 :  0.200 0.197 0.200 0.201 0.201 
570 CP00020355    (0)    2 :  0.200 0.196 0.201 0.201 0.203 
571 CP00020356    (0)    2 :  0.201 0.190 0.207 0.200 0.202 
572 CP00020562    (0)    2 :  0.192 0.227 0.193 0.194 0.194 
573 CP00020563    (0)    2 :  0.201 0.202 0.198 0.200 0.199 
574 CP00020564    (0)    2 :  0.202 0.209 0.198 0.193 0.198 
575 CP00020341    (0)    2 :  0.198 0.214 0.194 0.197 0.197 
576 CP00020695    (0)    2 :  0.207 0.180 0.205 0.203 0.205 
577 CP00020363    (0)    2 :  0.203 0.193 0.200 0.203 0.201 
578 CP00020362    (0)    2 :  0.204 0.183 0.204 0.206 0.203 
579 CP00020359    (0)    2 :  0.199 0.197 0.202 0.201 0.200 
580 CP00020551    (0)    2 :  0.200 0.195 0.200 0.202 0.202 
581 CP00020365    (0)    2 :  0.201 0.194 0.202 0.205 0.199 
582 CP00020712    (0)    2 :  0.198 0.203 0.196 0.203 0.200 
583 CP00020556    (0)    2 :  0.198 0.187 0.205 0.205 0.205 
584 CP00020559    (0)    2 :  0.204 0.194 0.201 0.198 0.202 
585 CP00020350    (0)    2 :  0.201 0.191 0.203 0.203 0.202 
586 CP00020570    (0)    2 :  0.200 0.194 0.202 0.203 0.201 
587 CP00020552    (0)    2 :  0.202 0.190 0.201 0.204 0.203 
588 CP00020560    (0)    2 :  0.203 0.195 0.201 0.200 0.201 
589 CP00020567    (0)    2 :  0.204 0.195 0.203 0.198 0.200 
590 CP00020346    (0)    2 :  0.204 0.189 0.204 0.203 0.201 
591 CP00020347    (0)    2 :  0.207 0.188 0.200 0.200 0.205 
592 CP00020558    (0)    2 :  0.199 0.192 0.202 0.206 0.200 
593 CP00020557    (0)    2 :  0.206 0.190 0.201 0.201 0.201 
594 CP00020361    (0)    2 :  0.199 0.204 0.197 0.201 0.198 
595 CP00020368    (0)    2 :  0.197 0.204 0.202 0.199 0.197 
596 CP00020348    (0)    2 :  0.194 0.213 0.196 0.200 0.196 
597 CP00020370    (0)    2 :  0.203 0.199 0.201 0.199 0.198 
598 CP00020358    (0)    2 :  0.204 0.199 0.201 0.196 0.200 
599 CP00020349    (0)    2 :  0.203 0.197 0.200 0.199 0.200 
600 CP00020553    (0)    2 :  0.200 0.204 0.198 0.199 0.199 
601 CP00020344    (0)    2 :  0.202 0.185 0.205 0.207 0.200 
602 CP00020555    (0)    2 :  0.203 0.195 0.200 0.201 0.201 
603 CP00020354    (0)    2 :  0.202 0.191 0.199 0.203 0.204 
604 CP00020565    (0)    2 :  0.204 0.185 0.205 0.203 0.202 
605 CP00020690    (0)    2 :  0.207 0.201 0.199 0.195 0.198 
606 CP00020702    (0)    2 :  0.200 0.203 0.200 0.198 0.199 
607 CP00020711    (0)    2 :  0.202 0.183 0.204 0.208 0.203 
608 CP00020692    (0)    2 :  0.199 0.209 0.198 0.197 0.197 
609 CP00020685    (0)    2 :  0.201 0.197 0.199 0.200 0.203 
610 CP00020703    (0)    2 :  0.204 0.195 0.199 0.200 0.202 
611 CP00020681    (0)    2 :  0.201 0.198 0.200 0.202 0.199 
612 CP00020706    (0)    2 :  0.197 0.207 0.197 0.199 0.200 
613 CP00020710    (0)    2 :  0.199 0.196 0.200 0.203 0.202 
614 CP00020672    (0)    2 :  0.200 0.193 0.203 0.201 0.203 
615 CP00020677    (0)    2 :  0.202 0.194 0.202 0.201 0.201 
616 CP00020691    (0)    2 :  0.205 0.192 0.200 0.203 0.200 
617 CP00020680    (0)    2 :  0.200 0.202 0.201 0.197 0.200 
618 CP00020709    (0)    2 :  0.197 0.208 0.199 0.197 0.198 
619 CP00020679    (0)    2 :  0.194 0.211 0.198 0.201 0.196 
620 CP00020671    (0)    2 :  0.199 0.204 0.198 0.198 0.201 
621 CP00020719    (0)    2 :  0.202 0.193 0.200 0.203 0.202 
622 CP00020693    (0)    2 :  0.200 0.195 0.203 0.203 0.201 
623 CP00020708    (0)    2 :  0.201 0.201 0.198 0.201 0.199 
624 CP00020705    (0)    2 :  0.200 0.198 0.201 0.201 0.200 
625 CP00020720    (0)    2 :  0.206 0.191 0.200 0.199 0.204 
626 CP00020707    (0)    2 :  0.203 0.200 0.200 0.197 0.200 
627 CP00020674    (0)    2 :  0.199 0.204 0.200 0.200 0.197 
628 CP00020673    (0)    2 :  0.202 0.186 0.207 0.205 0.200 
629 CP00020701    (0)    2 :  0.191 0.228 0.193 0.194 0.194 
630 CP00020713    (0)    2 :  0.201 0.201 0.198 0.199 0.201 
631 CP00020715    (0)    2 :  0.202 0.201 0.201 0.198 0.198 
632 CP00017120    (0)    2 :  0.207 0.186 0.204 0.203 0.200 
633 CP00017077    (0)    2 :  0.200 0.190 0.205 0.203 0.202 
634 CP00017117    (0)    2 :  0.199 0.209 0.196 0.197 0.198 
635 CP00017100    (0)    2 :  0.200 0.200 0.203 0.199 0.199 
636 CP00017118    (0)    2 :  0.203 0.189 0.201 0.203 0.204 
637 CP00017083    (0)    2 :  0.204 0.201 0.196 0.199 0.201 
638 CP00017085    (0)    2 :  0.204 0.182 0.207 0.200 0.206 
639 CP00017097    (0)    2 :  0.196 0.218 0.196 0.194 0.197 
640 CP00017092    (0)    2 :  0.196 0.209 0.197 0.202 0.196 
641 CP00017038    (0)    2 :  0.203 0.187 0.201 0.206 0.203 
642 CP00017067    (0)    2 :  0.202 0.200 0.199 0.198 0.202 
643 CP00017017    (0)    3 :  0.198 0.208 0.196 0.199 0.199 
644 CP00017012    (0)    3 :  0.197 0.206 0.196 0.200 0.200 
645 CP00017036    (0)    2 :  0.200 0.200 0.200 0.199 0.201 
646 CP00017040    (0)    2 :  0.193 0.220 0.196 0.195 0.196 
647 CP00017046    (0)    2 :  0.196 0.221 0.193 0.194 0.197 
648 CP00017059    (0)    2 :  0.196 0.212 0.198 0.197 0.197 
649 CP00017043    (0)    2 :  0.199 0.196 0.202 0.200 0.203 
650 CP00017080    (0)    2 :  0.192 0.214 0.199 0.200 0.195 
651 CP00017079    (0)    2 :  0.197 0.218 0.196 0.193 0.196 
652 CP00017056    (0)    2 :  0.200 0.193 0.203 0.204 0.201 
653 CP00017057    (0)    2 :  0.200 0.208 0.196 0.197 0.199 
654 CP00017058    (0)    2 :  0.202 0.198 0.203 0.198 0.199 
655 CP00017087    (0)    2 :  0.192 0.231 0.192 0.192 0.192 
656 CP00017072    (0)    2 :  0.200 0.195 0.202 0.201 0.201 
657 CP00017075    (0)    2 :  0.196 0.211 0.197 0.198 0.197 
658 CP00017078    (0)    2 :  0.196 0.191 0.205 0.206 0.202 
659 CP00017053    (0)    2 :  0.194 0.210 0.199 0.199 0.198 
660 CP00017052    (0)    2 :  0.195 0.196 0.203 0.204 0.201 
661 CP00017119    (0)    2 :  0.202 0.201 0.198 0.198 0.201 
662 CP00017099    (0)    2 :  0.203 0.191 0.200 0.205 0.201 
663 CP00017095    (0)    2 :  0.198 0.198 0.200 0.201 0.202 
664 CP00017115    (0)    2 :  0.206 0.187 0.203 0.202 0.202 
665 CP00017091    (0)    2 :  0.190 0.232 0.194 0.193 0.191 
666 CP00017098    (0)    2 :  0.201 0.205 0.196 0.202 0.197 
667 CP00017116    (0)    2 :  0.205 0.191 0.200 0.199 0.205 
668 CP00017114    (0)    2 :  0.205 0.193 0.200 0.200 0.202 
669 CP00017061    (0)    2 :  0.204 0.191 0.201 0.202 0.202 
670 CP00017064    (0)    2 :  0.200 0.188 0.205 0.203 0.204 
671 CP00017021    (0)    2 :  0.207 0.187 0.202 0.199 0.204 
672 CP00017042    (0)    2 :  0.199 0.207 0.198 0.199 0.196 
673 CP00017018    (0)    3 :  0.196 0.211 0.197 0.198 0.197 
674 CP00017011    (0)    3 :  0.203 0.182 0.205 0.205 0.204 
675 CP00017049    (0)    2 :  0.203 0.192 0.202 0.198 0.205 
676 CP00017023    (0)    3 :  0.198 0.198 0.201 0.202 0.200 
677 CP00017014    (0)    3 :  0.203 0.199 0.199 0.198 0.201 
678 CP00017070    (0)    2 :  0.200 0.202 0.197 0.201 0.200 
679 CP00017109    (0)    2 :  0.195 0.228 0.193 0.193 0.192 
680 CP00017068    (0)    2 :  0.200 0.202 0.198 0.199 0.202 
681 CP00017025    (0)    3 :  0.200 0.202 0.198 0.202 0.199 
682 CP00017015    (0)    3 :  0.203 0.190 0.201 0.203 0.202 
683 CP00017020    (0)    3 :  0.207 0.186 0.204 0.201 0.202 
684 CP00017110    (0)    2 :  0.202 0.201 0.198 0.199 0.200 
685 CP00017016    (0)    3 :  0.194 0.202 0.202 0.201 0.201 
686 CP00017027    (0)    3 :  0.202 0.208 0.196 0.193 0.200 
687 CP00017048    (0)    2 :  0.206 0.186 0.203 0.200 0.205 
688 CP00017094    (0)    2 :  0.195 0.212 0.199 0.197 0.196 
689 CP00017022    (0)    3 :  0.193 0.223 0.194 0.194 0.195 
690 CP00017055    (0)    2 :  0.200 0.209 0.199 0.195 0.197 
691 CP00017054    (0)    2 :  0.204 0.193 0.198 0.202 0.203 
692 CP00017024    (0)    3 :  0.205 0.197 0.199 0.201 0.198 
693 CP00017030    (0)    3 :  0.199 0.202 0.202 0.200 0.197 
694 CP00017096    (0)    2 :  0.199 0.189 0.204 0.205 0.202 
695 CP00017065    (0)    2 :  0.205 0.194 0.201 0.196 0.203 
696 CP00017050    (0)    2 :  0.202 0.193 0.201 0.202 0.203 
697 CP00017063    (0)    2 :  0.205 0.189 0.201 0.202 0.203 
698 CP00017051    (0)    2 :  0.203 0.196 0.202 0.199 0.201 
699 CP00017013    (0)    3 :  0.199 0.212 0.196 0.195 0.198 
700 CP00017076    (0)    2 :  0.201 0.198 0.202 0.201 0.198 
701 CP00017073    (0)    2 :  0.205 0.185 0.204 0.201 0.205 
702 CP00017033    (0)    2 :  0.202 0.191 0.199 0.204 0.205 
703 CP00017028    (0)    3 :  0.199 0.202 0.199 0.200 0.200 
704 CP00017031    (0)    2 :  0.202 0.204 0.198 0.198 0.198 
705 CP00017026    (0)    3 :  0.201 0.193 0.203 0.202 0.201 
706 CP00017035    (0)    2 :  0.200 0.210 0.197 0.194 0.199 
707 CP00017029    (0)    3 :  0.198 0.207 0.199 0.199 0.197 
708 CP00017111    (0)    2 :  0.204 0.185 0.204 0.204 0.203 
709 CP00017044    (0)    2 :  0.202 0.187 0.205 0.203 0.203 
710 CP00017113    (0)    2 :  0.199 0.196 0.200 0.203 0.203 
711 CP00017041    (0)    2 :  0.207 0.184 0.206 0.200 0.204 
712 CP00017069    (0)    2 :  0.203 0.190 0.203 0.201 0.203 
713 CP00017019    (0)    3 :  0.192 0.239 0.191 0.189 0.189 
714 CP00017034    (0)    2 :  0.200 0.202 0.201 0.199 0.198 
715 CP00017002    (0)    3 :  0.201 0.190 0.204 0.202 0.203 
716 CP00017047    (0)    2 :  0.200 0.199 0.202 0.197 0.201 
717 CP00017060    (0)    2 :  0.195 0.218 0.194 0.197 0.195 
718 CP00017037    (0)    2 :  0.198 0.206 0.198 0.199 0.199 
719 CP00017112    (0)    2 :  0.200 0.203 0.200 0.198 0.200 
720 CP00017090    (0)    2 :  0.199 0.215 0.197 0.196 0.194 
721 CP00049957    (0)    2 :  0.199 0.203 0.199 0.200 0.198 
722 CP00049253    (0)    2 :  0.199 0.207 0.197 0.197 0.200 
723 CP00049224    (0)    2 :  0.199 0.195 0.202 0.201 0.203 
724 CP00049921    (0)    2 :  0.204 0.195 0.198 0.200 0.203 
725 CP00049412    (0)    2 :  0.200 0.192 0.202 0.206 0.200 
726 CP00049935    (0)    2 :  0.203 0.187 0.203 0.206 0.201 
727 CP00049959    (0)    2 :  0.194 0.220 0.196 0.195 0.194 
728 CP00049956    (0)    2 :  0.196 0.216 0.197 0.197 0.193 
729 CP00049958    (0)    2 :  0.198 0.208 0.199 0.198 0.197 
730 CP00049384    (0)    2 :  0.198 0.210 0.197 0.196 0.199 
731 CP00049386    (0)    2 :  0.196 0.196 0.203 0.205 0.201 
732 CP00049400    (0)    2 :  0.195 0.215 0.195 0.199 0.196 
733 CP00049392    (0)    2 :  0.204 0.192 0.202 0.200 0.202 
734 CP00049409    (0)    2 :  0.207 0.186 0.205 0.200 0.202 
735 CP00049394    (0)    2 :  0.196 0.209 0.199 0.199 0.197 
736 CP00049262    (0)    2 :  0.202 0.199 0.200 0.199 0.200 
737 CP00049939    (0)    2 :  0.199 0.200 0.201 0.201 0.198 
738 CP00049264    (0)    2 :  0.198 0.210 0.197 0.198 0.197 
739 CP00049221    (0)    2 :  0.204 0.189 0.205 0.201 0.201 
740 CP00049266    (0)    2 :  0.200 0.193 0.201 0.202 0.204 
741 CP00049391    (0)    2 :  0.196 0.217 0.195 0.194 0.199 
742 CP00049405    (0)    2 :  0.205 0.184 0.204 0.202 0.204 
743 CP00049404    (0)    2 :  0.204 0.189 0.202 0.202 0.202 
744 CP00049393    (0)    2 :  0.195 0.211 0.197 0.200 0.197 
745 CP00049408    (0)    2 :  0.202 0.186 0.202 0.205 0.204 
746 CP00049410    (0)    2 :  0.205 0.194 0.201 0.200 0.200 
747 CP00049407    (0)    2 :  0.207 0.192 0.198 0.201 0.201 
748 CP00049250    (0)    2 :  0.199 0.213 0.197 0.196 0.195 
749 CP00049255    (0)    2 :  0.199 0.213 0.198 0.192 0.198 
750 CP00049257    (0)    2 :  0.202 0.185 0.204 0.203 0.205 
751 CP00049258    (0)    2 :  0.196 0.192 0.204 0.205 0.202 
752 CP00049248    (0)    2 :  0.201 0.208 0.196 0.194 0.200 
753 CP00049251    (0)    2 :  0.192 0.208 0.202 0.200 0.198 
754 CP00049265    (0)    2 :  0.202 0.195 0.199 0.199 0.205 
755 CP00049385    (0)    2 :  0.198 0.206 0.196 0.200 0.200 
756 CP00049397    (0)    2 :  0.199 0.207 0.197 0.201 0.196 
757 CP00049398    (0)    2 :  0.199 0.195 0.202 0.202 0.202 
758 CP00049244    (0)    2 :  0.197 0.208 0.198 0.200 0.197 
759 CP00049406    (0)    2 :  0.202 0.207 0.198 0.197 0.197 
760 CP00049411    (0)    2 :  0.203 0.183 0.206 0.205 0.203 
761 CP00049399    (0)    2 :  0.203 0.200 0.198 0.200 0.199 
762 CP00049401    (0)    2 :  0.204 0.198 0.200 0.199 0.200 
763 CP00049403    (0)    2 :  0.203 0.206 0.198 0.193 0.200 
764 CP00049941    (0)    2 :  0.201 0.211 0.197 0.194 0.196 
765 CP00049955    (0)    2 :  0.203 0.192 0.203 0.202 0.201 
766 CP00049233    (0)    2 :  0.208 0.185 0.202 0.200 0.205 
767 CP00049228    (0)    2 :  0.198 0.202 0.201 0.201 0.199 
768 CP00049954    (0)    2 :  0.197 0.204 0.199 0.201 0.199 
769 CP00049944    (0)    2 :  0.205 0.190 0.203 0.198 0.204 
770 CP00049260    (0)    2 :  0.195 0.221 0.194 0.198 0.192 
771 CP00049268    (0)    2 :  0.205 0.183 0.203 0.204 0.205 
772 CP00049239    (0)    2 :  0.196 0.218 0.197 0.197 0.192 
773 CP00049946    (0)    2 :  0.201 0.186 0.201 0.206 0.206 
774 CP00049232    (0)    2 :  0.201 0.191 0.202 0.205 0.201 
775 CP00049256    (0)    2 :  0.199 0.202 0.200 0.199 0.200 
776 CP00049259    (0)    2 :  0.198 0.199 0.200 0.204 0.199 
777 CP00049943    (0)    2 :  0.205 0.187 0.203 0.200 0.205 
778 CP00049930    (0)    2 :  0.192 0.205 0.201 0.203 0.198 
779 CP00049388    (0)    2 :  0.198 0.211 0.195 0.198 0.198 
780 CP00049413    (0)    2 :  0.199 0.198 0.200 0.200 0.203 
781 CP00049230    (0)    2 :  0.198 0.201 0.201 0.201 0.199 
782 CP00049226    (0)    2 :  0.196 0.209 0.198 0.198 0.198 
783 CP00049925    (0)    2 :  0.198 0.207 0.199 0.196 0.199 
784 CP00049387    (0)    2 :  0.205 0.203 0.198 0.194 0.200 
785 CP00049241    (0)    2 :  0.197 0.211 0.198 0.196 0.198 
786 CP00049236    (0)    2 :  0.202 0.192 0.200 0.205 0.201 
787 CP00049225    (0)    2 :  0.205 0.205 0.196 0.194 0.199 
788 CP00049229    (0)    2 :  0.202 0.191 0.202 0.205 0.200 
789 CP00049960    (0)    2 :  0.204 0.191 0.198 0.203 0.204 
790 CP00049242    (0)    2 :  0.203 0.204 0.198 0.197 0.199 
791 CP00049940    (0)    2 :  0.204 0.191 0.199 0.204 0.201 
792 CP00049948    (0)    2 :  0.203 0.192 0.202 0.199 0.204 
793 CP00049949    (0)    2 :  0.196 0.221 0.196 0.194 0.194 
794 CP00049254    (0)    2 :  0.196 0.209 0.196 0.202 0.197 
795 CP00049267    (0)    2 :  0.188 0.235 0.191 0.192 0.194 
796 CP00049261    (0)    2 :  0.201 0.198 0.199 0.199 0.203 
797 CP00049235    (0)    2 :  0.203 0.202 0.200 0.194 0.200 
798 CP00049953    (0)    2 :  0.201 0.202 0.199 0.200 0.199 
799 CP00049923    (0)    2 :  0.195 0.213 0.198 0.198 0.196 
800 CP00049947    (0)    2 :  0.201 0.188 0.203 0.204 0.203 
801 CP00049234    (0)    2 :  0.196 0.215 0.195 0.194 0.199 
802 CP00049389    (0)    2 :  0.203 0.190 0.202 0.206 0.200 
803 CP00049414    (0)    2 :  0.196 0.210 0.199 0.198 0.196 
804 CP00049390    (0)    2 :  0.200 0.188 0.204 0.205 0.203 
805 CP00049402    (0)    2 :  0.197 0.213 0.194 0.198 0.197 
806 CP00049396    (0)    2 :  0.200 0.201 0.201 0.202 0.196 
807 CP00049934    (0)    2 :  0.202 0.202 0.197 0.198 0.201 
808 CP00049246    (0)    2 :  0.195 0.221 0.194 0.196 0.194 
809 CP00049238    (0)    2 :  0.202 0.197 0.198 0.203 0.201 
810 CP00049945    (0)    2 :  0.204 0.197 0.200 0.197 0.202 
811 CP00049938    (0)    2 :  0.198 0.205 0.199 0.200 0.198 
812 CP00049928    (0)    2 :  0.193 0.212 0.198 0.200 0.197 
813 CP00049247    (0)    2 :  0.204 0.193 0.201 0.201 0.201 
814 CP00049240    (0)    2 :  0.199 0.204 0.200 0.200 0.197 
815 CP00049237    (0)    2 :  0.201 0.197 0.202 0.200 0.201 
816 CP00049243    (0)    2 :  0.206 0.196 0.200 0.197 0.201 
817 CP00049926    (0)    2 :  0.196 0.217 0.195 0.195 0.196 
818 CP00049245    (0)    2 :  0.204 0.190 0.200 0.203 0.203 
819 CP00049936    (0)    2 :  0.197 0.199 0.201 0.202 0.201 
820 CP00049927    (0)    2 :  0.199 0.195 0.202 0.201 0.202 
821 CP00049924    (0)    2 :  0.200 0.192 0.203 0.204 0.200 
822 CP00049222    (0)    2 :  0.198 0.200 0.200 0.200 0.201 
823 CP00049922    (0)    2 :  0.194 0.230 0.192 0.195 0.190 
824 CP00020222    (0)    2 :  0.199 0.187 0.207 0.205 0.202 
825 CP00020248    (0)    2 :  0.198 0.202 0.200 0.201 0.199 
826 CP00020246    (0)    2 :  0.201 0.199 0.200 0.201 0.199 
827 CP00020250    (0)    2 :  0.203 0.187 0.205 0.204 0.201 
828 CP00020247    (0)    2 :  0.206 0.186 0.206 0.202 0.200 
829 CP00020245    (0)    2 :  0.199 0.203 0.201 0.201 0.196 
830 CP00020253    (0)    2 :  0.198 0.196 0.200 0.206 0.199 
831 CP00020254    (0)    2 :  0.198 0.204 0.197 0.203 0.198 
832 CP00020227    (0)    2 :  0.198 0.217 0.196 0.195 0.195 
833 CP00020252    (0)    2 :  0.197 0.209 0.198 0.197 0.199 
834 CP00020251    (0)    2 :  0.199 0.202 0.199 0.197 0.202 
835 CP00020241    (0)    2 :  0.203 0.184 0.205 0.203 0.204 
836 CP00020240    (0)    2 :  0.197 0.207 0.201 0.200 0.196 
837 CP00020258    (0)    2 :  0.197 0.227 0.193 0.192 0.191 
838 CP00020150    (0)    2 :  0.199 0.202 0.198 0.199 0.202 
839 CP00020128    (0)    2 :  0.197 0.204 0.197 0.201 0.200 
840 CP00020224    (0)    2 :  0.204 0.189 0.202 0.200 0.205 
841 CP00020136    (0)    2 :  0.199 0.198 0.200 0.203 0.201 
842 CP00020126    (0)    2 :  0.199 0.197 0.200 0.203 0.201 
843 CP00020151    (0)    2 :  0.196 0.205 0.199 0.200 0.201 
844 CP00020130    (0)    2 :  0.203 0.189 0.201 0.207 0.200 
845 CP00020123    (0)    2 :  0.197 0.200 0.202 0.202 0.199 
846 CP00020129    (0)    2 :  0.204 0.189 0.200 0.206 0.201 
847 CP00020225    (0)    2 :  0.204 0.183 0.205 0.204 0.205 
848 CP00020161    (0)    2 :  0.200 0.187 0.205 0.206 0.202 
849 CP00020138    (0)    2 :  0.200 0.203 0.200 0.198 0.199 
850 CP00020239    (0)    2 :  0.200 0.196 0.202 0.200 0.202 
851 CP00020259    (0)    2 :  0.201 0.188 0.202 0.202 0.206 
852 CP00020135    (0)    2 :  0.208 0.185 0.200 0.198 0.209 
853 CP00020238    (0)    2 :  0.199 0.204 0.201 0.201 0.196 
854 CP00020234    (0)    2 :  0.200 0.196 0.203 0.200 0.201 
855 CP00020273    (0)    2 :  0.203 0.192 0.201 0.203 0.201 
856 CP00020282    (0)    2 :  0.201 0.192 0.203 0.202 0.202 
857 CP00020158    (0)    2 :  0.200 0.194 0.202 0.201 0.203 
858 CP00020243    (0)    2 :  0.205 0.179 0.205 0.207 0.204 
859 CP00020221    (0)    2 :  0.194 0.205 0.201 0.199 0.201 
860 CP00020229    (0)    2 :  0.206 0.192 0.201 0.200 0.202 
861 CP00020276    (0)    2 :  0.205 0.193 0.201 0.199 0.202 
862 CP00020146    (0)    2 :  0.192 0.235 0.190 0.192 0.191 
863 CP00020124    (0)    2 :  0.201 0.209 0.196 0.194 0.200 
864 CP00020156    (0)    2 :  0.201 0.190 0.202 0.203 0.205 
865 CP00020145    (0)    2 :  0.205 0.195 0.201 0.199 0.200 
866 CP00020125    (0)    2 :  0.201 0.184 0.205 0.204 0.205 
867 CP00020278    (0)    2 :  0.200 0.204 0.198 0.198 0.200 
868 CP00020132    (0)    2 :  0.201 0.187 0.203 0.205 0.204 
869 CP00020137    (0)    2 :  0.205 0.196 0.201 0.201 0.198 
870 CP00020127    (0)    2 :  0.198 0.196 0.202 0.204 0.200 
871 CP00020131    (0)    2 :  0.203 0.186 0.203 0.204 0.204 
872 CP00020260    (0)    2 :  0.199 0.213 0.195 0.196 0.197 
873 CP00020155    (0)    2 :  0.197 0.219 0.195 0.196 0.194 
874 CP00020141    (0)    2 :  0.201 0.191 0.204 0.203 0.201 
875 CP00020143    (0)    2 :  0.205 0.184 0.204 0.204 0.203 
876 CP00020142    (0)    2 :  0.201 0.196 0.200 0.202 0.201 
877 CP00020256    (0)    2 :  0.206 0.186 0.203 0.198 0.206 
878 CP00020170    (0)    2 :  0.200 0.204 0.200 0.199 0.196 
879 CP00020140    (0)    2 :  0.205 0.188 0.202 0.202 0.203 
880 CP00020147    (0)    2 :  0.203 0.207 0.197 0.193 0.200 
881 CP00020163    (0)    2 :  0.199 0.185 0.206 0.205 0.205 
882 CP00020152    (0)    2 :  0.201 0.198 0.200 0.203 0.198 
883 CP00020139    (0)    2 :  0.200 0.210 0.198 0.195 0.198 
884 CP00020162    (0)    2 :  0.196 0.189 0.208 0.203 0.204 
885 CP00020166    (0)    2 :  0.198 0.201 0.198 0.201 0.202 
886 CP00020226    (0)    2 :  0.201 0.190 0.202 0.206 0.201 
887 CP00020154    (0)    2 :  0.203 0.197 0.201 0.198 0.201 
888 CP00020257    (0)    2 :  0.197 0.213 0.197 0.194 0.199 
889 CP00020242    (0)    2 :  0.201 0.193 0.202 0.203 0.201 
890 CP00020148    (0)    2 :  0.191 0.222 0.196 0.196 0.194 
891 CP00020271    (0)    2 :  0.204 0.180 0.205 0.206 0.205 
892 CP00020233    (0)    2 :  0.193 0.218 0.196 0.196 0.196 
893 CP00020275    (0)    2 :  0.199 0.199 0.200 0.201 0.202 
894 CP00020244    (3)    2 :  0.199 0.205 0.199 0.199 0.199 
895 CP00020230    (0)    2 :  0.198 0.202 0.199 0.201 0.200 
896 CP00020279    (0)    2 :  0.198 0.200 0.202 0.198 0.203 
897 CP00020159    (0)    2 :  0.203 0.198 0.201 0.198 0.200 
898 CP00020237    (0)    2 :  0.200 0.200 0.198 0.202 0.200 
899 CP00020231    (0)    2 :  0.204 0.193 0.201 0.199 0.204 
900 CP00020281    (0)    2 :  0.201 0.198 0.203 0.197 0.200 
901 CP00020167    (0)    2 :  0.199 0.187 0.204 0.205 0.204 
902 CP00020122    (0)    2 :  0.204 0.183 0.208 0.201 0.204 
903 CP00020121    (0)    2 :  0.202 0.190 0.204 0.199 0.205 
904 CP00020157    (0)    2 :  0.196 0.225 0.192 0.190 0.197 
905 CP00020144    (0)    2 :  0.199 0.201 0.199 0.199 0.202 
906 CP00020164    (0)    2 :  0.195 0.218 0.195 0.197 0.195 
907 CP00020165    (0)    2 :  0.198 0.203 0.199 0.200 0.200 
908 CP00020255    (0)    2 :  0.199 0.212 0.198 0.194 0.196 
909 CP00020134    (0)    2 :  0.202 0.183 0.206 0.204 0.205 
910 CP00020149    (0)    2 :  0.200 0.206 0.197 0.198 0.200 
911 CP00020160    (0)    2 :  0.195 0.216 0.196 0.197 0.196 
912 CP00020228    (0)    2 :  0.202 0.192 0.203 0.201 0.202 
913 CP00020272    (0)    2 :  0.200 0.199 0.201 0.198 0.203 
914 CP00020274    (0)    2 :  0.192 0.223 0.194 0.196 0.195 
915 CP00020235    (0)    2 :  0.201 0.192 0.201 0.203 0.203 
916 CP00020280    (0)    2 :  0.196 0.207 0.199 0.200 0.198 
917 CP00020232    (0)    2 :  0.198 0.198 0.202 0.204 0.199 
918 CP00020277    (0)    2 :  0.192 0.223 0.196 0.194 0.195 
919 CP00020236    (0)    2 :  0.200 0.205 0.197 0.199 0.200 
920 CP00020223    (0)    2 :  0.203 0.190 0.203 0.202 0.202 
921 CP00016184    (0)    3 :  0.194 0.216 0.198 0.196 0.196 
922 CP00016197    (0)    3 :  0.198 0.200 0.202 0.201 0.199 
923 CP00016020    (0)    1 :  0.203 0.196 0.200 0.199 0.201 
924 CP00016181    (0)    3 :  0.200 0.204 0.199 0.201 0.197 
925 CP00016212    (0)    3 :  0.206 0.196 0.199 0.196 0.202 
926 CP00016215    (0)    3 :  0.198 0.213 0.196 0.197 0.197 
927 CP00016040    (0)    3 :  0.194 0.223 0.193 0.195 0.194 
928 CP00016051    (0)    3 :  0.200 0.198 0.199 0.200 0.203 
929 CP00016211    (0)    3 :  0.199 0.187 0.206 0.203 0.205 
930 CP00016049    (0)    3 :  0.198 0.196 0.203 0.200 0.203 
931 CP00016177    (0)    3 :  0.204 0.186 0.203 0.200 0.208 
932 CP00016060    (0)    3 :  0.202 0.194 0.202 0.201 0.201 
933 CP00016216    (0)    3 :  0.197 0.208 0.196 0.198 0.201 
934 CP00016059    (0)    3 :  0.204 0.189 0.202 0.203 0.202 
935 CP00016058    (0)    3 :  0.199 0.201 0.201 0.200 0.199 
936 CP00016178    (0)    3 :  0.200 0.191 0.203 0.203 0.203 
937 CP00016055    (0)    3 :  0.207 0.190 0.203 0.199 0.202 
938 CP00016038    (0)    3 :  0.206 0.186 0.204 0.201 0.204 
939 CP00016056    (0)    3 :  0.198 0.218 0.192 0.196 0.196 
940 CP00016185    (0)    3 :  0.201 0.187 0.202 0.206 0.204 
941 CP00016053    (0)    3 :  0.199 0.202 0.200 0.201 0.197 
942 CP00016044    (0)    1 :  0.197 0.208 0.197 0.199 0.198 
943 CP00016173    (0)    3 :  0.203 0.186 0.202 0.205 0.204 
944 CP00016213    (0)    3 :  0.199 0.195 0.203 0.202 0.202 
945 CP00016043    (0)    1 :  0.197 0.216 0.194 0.196 0.196 
946 CP00016196    (0)    3 :  0.201 0.188 0.202 0.205 0.205 
947 CP00016034    (0)    3 :  0.198 0.212 0.197 0.196 0.198 
948 CP00016182    (0)    3 :  0.199 0.198 0.198 0.203 0.202 
949 CP00016042    (0)    1 :  0.204 0.191 0.204 0.200 0.201 
950 CP00016002    (0)    1 :  0.198 0.214 0.195 0.198 0.196 
951 CP00016006    (0)    1 :  0.200 0.196 0.198 0.204 0.203 
952 CP00016005    (0)    1 :  0.195 0.214 0.197 0.197 0.197 
953 CP00016019    (0)    1 :  0.199 0.205 0.197 0.201 0.198 
954 CP00016190    (0)    3 :  0.196 0.213 0.200 0.196 0.195 
955 CP00016036    (0)    3 :  0.202 0.188 0.201 0.204 0.205 
956 CP00016008    (0)    1 :  0.202 0.192 0.203 0.202 0.201 
957 CP00016183    (0)    3 :  0.200 0.212 0.196 0.194 0.198 
958 CP00016208    (0)    3 :  0.202 0.198 0.199 0.201 0.201 
959 CP00016203    (0)    3 :  0.203 0.201 0.198 0.198 0.200 
960 CP00016172    (0)    3 :  0.204 0.190 0.204 0.202 0.200 
961 CP00016194    (0)    3 :  0.200 0.199 0.199 0.204 0.199 
962 CP00016218    (0)    3 :  0.194 0.200 0.203 0.201 0.201 
963 CP00016205    (0)    3 :  0.205 0.182 0.204 0.203 0.206 
964 CP00016050    (0)    3 :  0.196 0.201 0.201 0.202 0.200 
965 CP00016199    (0)    3 :  0.197 0.198 0.201 0.201 0.203 
966 CP00016201    (0)    3 :  0.203 0.195 0.203 0.201 0.198 
967 CP00016200    (0)    3 :  0.204 0.192 0.202 0.199 0.203 
968 CP00016004    (0)    1 :  0.198 0.211 0.198 0.195 0.198 
969 CP00016032    (0)    3 :  0.208 0.180 0.204 0.204 0.204 
970 CP00016195    (0)    3 :  0.201 0.212 0.197 0.195 0.195 
971 CP00016033    (0)    3 :  0.200 0.207 0.199 0.195 0.199 
972 CP00016012    (0)    1 :  0.202 0.193 0.200 0.205 0.201 
973 CP00016192    (0)    3 :  0.199 0.201 0.202 0.198 0.201 
974 CP00016217    (0)    3 :  0.202 0.194 0.201 0.201 0.202 
975 CP00016007    (0)    1 :  0.196 0.213 0.197 0.199 0.194 
976 CP00016191    (0)    3 :  0.199 0.209 0.195 0.200 0.197 
977 CP00016013    (0)    1 :  0.207 0.184 0.202 0.203 0.204 
978 CP00016204    (0)    3 :  0.192 0.218 0.197 0.197 0.196 
979 CP00016016    (0)    1 :  0.199 0.204 0.200 0.199 0.198 
980 CP00016206    (0)    3 :  0.201 0.200 0.199 0.198 0.203 
981 CP00016202    (0)    3 :  0.204 0.195 0.199 0.200 0.201 
982 CP00016009    (0)    1 :  0.203 0.201 0.197 0.202 0.197 
983 CP00016018    (0)    1 :  0.203 0.184 0.205 0.205 0.203 
984 CP00016052    (0)    3 :  0.203 0.187 0.203 0.203 0.204 
985 CP00016035    (0)    3 :  0.203 0.196 0.202 0.200 0.198 
986 CP00016054    (0)    3 :  0.197 0.214 0.195 0.197 0.197 
987 CP00016037    (0)    3 :  0.206 0.192 0.198 0.202 0.202 
988 CP00016039    (0)    3 :  0.206 0.206 0.196 0.193 0.199 
989 CP00016047    (0)    3 :  0.198 0.203 0.198 0.201 0.200 
990 CP00016048    (0)    3 :  0.204 0.192 0.202 0.200 0.201 
991 CP00016179    (0)    3 :  0.198 0.211 0.200 0.196 0.195 
992 CP00016180    (3)    3 :  0.202 0.197 0.202 0.199 0.199 
993 CP00016057    (0)    3 :  0.199 0.202 0.202 0.199 0.198 
994 CP00016189    (0)    3 :  0.197 0.207 0.198 0.199 0.199 
995 CP00016210    (0)    3 :  0.196 0.206 0.200 0.199 0.199 
996 CP00016209    (0)    3 :  0.194 0.214 0.198 0.200 0.194 
997 CP00016220    (0)    3 :  0.200 0.214 0.196 0.194 0.195 
998 CP00016198    (0)    3 :  0.198 0.212 0.197 0.194 0.199 
999 CP00016003    (0)    1 :  0.199 0.218 0.196 0.194 0.194 
1000 CP00016207    (0)    3 :  0.199 0.206 0.197 0.198 0.200 
1001 CP00016014    (0)    1 :  0.200 0.194 0.202 0.204 0.201 
1002 CP00016045    (0)    1 :  0.198 0.207 0.199 0.199 0.197 
1003 CP00016187    (0)    3 :  0.201 0.190 0.202 0.203 0.203 
1004 CP00016186    (0)    3 :  0.199 0.186 0.207 0.203 0.205 
1005 CP00016188    (0)    3 :  0.200 0.196 0.201 0.199 0.203 
1006 CP00016046    (0)    3 :  0.206 0.182 0.203 0.206 0.203 
1007 CP00016011    (0)    1 :  0.202 0.190 0.203 0.206 0.199 
1008 CP00016041    (0)    1 :  0.199 0.191 0.202 0.205 0.202 
1009 CP00016171    (0)    3 :  0.202 0.198 0.200 0.201 0.199 
1010 CP00016219    (0)    3 :  0.198 0.202 0.198 0.201 0.200 
1011 CP00016031    (0)    3 :  0.200 0.203 0.201 0.200 0.196 
1012 CP00016193    (0)    3 :  0.199 0.184 0.205 0.208 0.205 
1013 CP00016229    (0)    2 :  0.202 0.186 0.202 0.203 0.207 
1014 CP00015060    (0)    2 :  0.201 0.193 0.202 0.205 0.200 
1015 CP00016251    (0)    2 :  0.200 0.202 0.201 0.199 0.198 
1016 CP00015026    (0)    2 :  0.199 0.186 0.206 0.202 0.205 
1017 CP00015055    (0)    2 :  0.203 0.185 0.203 0.203 0.205 
1018 CP00016240    (0)    1 :  0.195 0.222 0.194 0.195 0.195 
1019 CP00016266    (0)    1 :  0.204 0.186 0.202 0.204 0.204 
1020 CP00016257    (0)    2 :  0.197 0.216 0.193 0.197 0.198 
1021 CP00015024    (0)    2 :  0.198 0.212 0.196 0.196 0.198 
1022 CP00015025    (0)    2 :  0.192 0.227 0.193 0.194 0.193 
1023 CP00049493    (0)    2 :  0.197 0.213 0.197 0.195 0.198 
1024 CP00016252    (0)    2 :  0.201 0.189 0.202 0.206 0.202 
1025 CP00015040    (0)    2 :  0.201 0.192 0.201 0.202 0.204 
1026 CP00015058    (0)    1 :  0.199 0.200 0.200 0.201 0.200 
1027 CP00049491    (0)    1 :  0.201 0.206 0.197 0.198 0.199 
1028 CP00015046    (0)    1 :  0.193 0.209 0.199 0.200 0.199 
1029 CP00015028    (0)    1 :  0.199 0.196 0.204 0.201 0.200 
1030 CP00015047    (0)    1 :  0.204 0.194 0.201 0.199 0.202 
1031 CP00016226    (0)    1 :  0.193 0.233 0.191 0.192 0.191 
1032 CP00016238    (0)    1 :  0.198 0.193 0.201 0.205 0.203 
1033 CP00016248    (0)    1 :  0.201 0.198 0.201 0.202 0.199 
1034 CP00015041    (0)    1 :  0.202 0.203 0.198 0.200 0.196 
1035 CP00049496    (0)    1 :  0.202 0.197 0.201 0.201 0.200 
1036 CP00015037    (0)    1 :  0.199 0.205 0.199 0.197 0.200 
1037 CP00015048    (0)    1 :  0.201 0.193 0.200 0.202 0.203 
1038 CP00016250    (0)    1 :  0.199 0.206 0.199 0.198 0.199 
1039 CP00015051    (0)    1 :  0.195 0.212 0.198 0.198 0.197 
1040 CP00016230    (0)    1 :  0.198 0.191 0.202 0.206 0.202 
1041 CP00015027    (0)    1 :  0.195 0.213 0.196 0.198 0.197 
1042 CP00049498    (0)    1 :  0.204 0.189 0.204 0.201 0.202 
1043 CP00016237    (0)    1 :  0.199 0.208 0.198 0.197 0.198 
1044 CP00016270    (0)    1 :  0.203 0.191 0.202 0.205 0.200 
1045 CP00015031    (0)    1 :  0.192 0.226 0.193 0.194 0.195 
1046 CP00016267    (0)    1 :  0.204 0.192 0.201 0.199 0.204 
1047 CP00016265    (0)    1 :  0.201 0.190 0.200 0.206 0.203 
1048 CP00016247    (0)    1 :  0.204 0.201 0.197 0.197 0.201 
1049 CP00015043    (0)    1 :  0.203 0.187 0.205 0.205 0.200 
1050 CP00016262    (0)    1 :  0.198 0.211 0.199 0.195 0.196 
1051 CP00016264    (0)    1 :  0.202 0.182 0.205 0.209 0.202 
1052 CP00049495    (0)    1 :  0.201 0.198 0.199 0.201 0.201 
1053 CP00016263    (0)    3 :  0.200 0.202 0.198 0.199 0.200 
1054 CP00015032    (0)    1 :  0.199 0.197 0.201 0.199 0.204 
1055 CP00015023    (0)    1 :  0.201 0.204 0.199 0.196 0.199 
1056 CP00016234    (0)    1 :  0.201 0.185 0.204 0.205 0.205 
1057 CP00015050    (0)    1 :  0.199 0.189 0.205 0.204 0.203 
1058 CP00015044    (0)    1 :  0.198 0.207 0.199 0.199 0.197 
1059 CP00015049    (0)    1 :  0.199 0.195 0.203 0.203 0.199 
1060 CP00016255    (0)    1 :  0.200 0.191 0.203 0.204 0.202 
1061 CP00016242    (0)    1 :  0.194 0.232 0.192 0.189 0.194 
1062 CP00049499    (0)    1 :  0.200 0.195 0.201 0.203 0.201 
1063 CP00016258    (0)    1 :  0.193 0.213 0.199 0.197 0.198 
1064 CP00016223    (0)    1 :  0.201 0.187 0.204 0.205 0.203 
1065 CP00015038    (0)    1 :  0.205 0.189 0.199 0.202 0.205 
1066 CP00016268    (0)    1 :  0.203 0.191 0.202 0.196 0.207 
1067 CP00049494    (0)    1 :  0.199 0.192 0.205 0.202 0.202 
1068 CP00016243    (0)    1 :  0.197 0.209 0.199 0.199 0.196 
1069 CP00016241    (0)    1 :  0.204 0.187 0.204 0.203 0.203 
1070 CP00016244    (0)    1 :  0.206 0.193 0.200 0.201 0.201 
1071 CP00015034    (0)    1 :  0.198 0.200 0.200 0.204 0.198 
1072 CP00016259    (0)    1 :  0.193 0.227 0.193 0.195 0.193 
1073 CP00016249    (0)    1 :  0.200 0.207 0.199 0.198 0.196 
1074 CP00015033    (0)    1 :  0.201 0.192 0.201 0.203 0.203 
1075 CP00015035    (0)    1 :  0.197 0.207 0.199 0.199 0.197 
1076 CP00015036    (0)    1 :  0.203 0.187 0.203 0.204 0.204 
1077 CP00016269    (0)    1 :  0.197 0.208 0.196 0.197 0.202 
1078 CP00049500    (0)    1 :  0.207 0.195 0.200 0.196 0.202 
1079 CP00015029    (0)    1 :  0.202 0.197 0.202 0.199 0.200 
1080 CP00015030    (0)    1 :  0.198 0.205 0.198 0.199 0.199 
1081 CP00016261    (0)    1 :  0.202 0.188 0.201 0.202 0.206 
1082 CP00015059    (0)    1 :  0.196 0.214 0.196 0.199 0.196 
1083 CP00016256    (0)    1 :  0.202 0.200 0.200 0.198 0.200 
1084 CP00015045    (0)    1 :  0.199 0.209 0.199 0.197 0.196 
1085 CP00015054    (0)    1 :  0.200 0.202 0.199 0.198 0.201 
1086 CP00015052    (0)    1 :  0.194 0.221 0.197 0.194 0.194 
1087 CP00015053    (0)    1 :  0.207 0.185 0.203 0.201 0.205 
1088 CP00016239    (0)    1 :  0.196 0.210 0.197 0.200 0.197 
1089 CP00015057    (0)    1 :  0.201 0.194 0.202 0.200 0.203 
1090 CP00016246    (0)    1 :  0.201 0.198 0.199 0.202 0.200 
1091 CP00016221    (0)    1 :  0.204 0.190 0.202 0.205 0.199 
1092 CP00016225    (0)    1 :  0.200 0.212 0.196 0.195 0.197 
1093 CP00016222    (0)    1 :  0.197 0.207 0.197 0.200 0.198 
1094 CP00016224    (0)    1 :  0.200 0.201 0.200 0.199 0.200 
1095 CP00016232    (0)    1 :  0.198 0.213 0.196 0.197 0.198 
1096 CP00016236    (0)    1 :  0.202 0.196 0.200 0.201 0.200 
1097 CP00015021    (0)    1 :  0.199 0.206 0.199 0.199 0.198 
1098 CP00015039    (0)    1 :  0.196 0.202 0.201 0.201 0.200 
1099 CP00016260    (0)    1 :  0.201 0.189 0.204 0.202 0.205 
1100 CP00016253    (0)    3 :  0.204 0.191 0.202 0.202 0.201 
1101 CP00016254    (0)    1 :  0.198 0.210 0.196 0.197 0.199 
1102 CP00049492    (0)    1 :  0.199 0.203 0.198 0.199 0.201 
1103 CP00016331    (0)    3 :  0.199 0.198 0.199 0.203 0.201 
1104 CP00016359    (0)    3 :  0.202 0.189 0.206 0.202 0.201 
1105 CP00016327    (0)    3 :  0.199 0.196 0.203 0.203 0.198 
1106 CP00016506    (0)    3 :  0.202 0.200 0.199 0.198 0.201 
1107 CP00016490    (0)    3 :  0.197 0.200 0.200 0.199 0.203 
1108 CP00016342    (0)    3 :  0.203 0.190 0.202 0.204 0.201 
1109 CP00016473    (0)    3 :  0.196 0.212 0.198 0.199 0.195 
1110 CP00016520    (0)    3 :  0.202 0.195 0.201 0.199 0.203 
1111 CP00016471    (0)    3 :  0.201 0.194 0.202 0.201 0.202 
1112 CP00016491    (0)    3 :  0.193 0.225 0.195 0.192 0.195 
1113 CP00016481    (0)    3 :  0.201 0.192 0.202 0.203 0.202 
1114 CP00016482    (0)    3 :  0.199 0.190 0.203 0.203 0.205 
1115 CP00016343    (0)    3 :  0.200 0.196 0.200 0.200 0.204 
1116 CP00016324    (0)    3 :  0.204 0.186 0.204 0.204 0.202 
1117 CP00016362    (0)    3 :  0.200 0.200 0.200 0.202 0.199 
1118 CP00016505    (0)    3 :  0.207 0.181 0.204 0.202 0.205 
1119 CP00016503    (0)    3 :  0.200 0.219 0.195 0.192 0.194 
1120 CP00016370    (0)    3 :  0.194 0.229 0.191 0.194 0.192 
1121 CP00016336    (0)    3 :  0.195 0.220 0.196 0.193 0.195 
1122 CP00016363    (0)    3 :  0.200 0.197 0.201 0.202 0.201 
1123 CP00016322    (0)    3 :  0.201 0.206 0.199 0.197 0.199 
1124 CP00016499    (0)    3 :  0.194 0.215 0.198 0.196 0.196 
1125 CP00016339    (0)    3 :  0.198 0.206 0.199 0.198 0.199 
1126 CP00016476    (0)    3 :  0.196 0.221 0.194 0.192 0.197 
1127 CP00016360    (0)    3 :  0.197 0.208 0.200 0.196 0.199 
1128 CP00016332    (0)    3 :  0.203 0.196 0.200 0.202 0.200 
1129 CP00016474    (0)    3 :  0.201 0.201 0.200 0.199 0.199 
1130 CP00016344    (0)    3 :  0.193 0.218 0.194 0.196 0.198 
1131 CP00016496    (0)    3 :  0.203 0.194 0.200 0.201 0.203 
1132 CP00016485    (0)    3 :  0.200 0.210 0.200 0.194 0.195 
1133 CP00016494    (0)    3 :  0.202 0.198 0.200 0.199 0.201 
1134 CP00016495    (0)    3 :  0.195 0.210 0.200 0.199 0.196 
1135 CP00016323    (0)    3 :  0.204 0.193 0.201 0.204 0.199 
1136 CP00016358    (0)    3 :  0.203 0.187 0.202 0.203 0.204 
1137 CP00016508    (0)    3 :  0.197 0.210 0.198 0.196 0.199 
1138 CP00016484    (0)    3 :  0.195 0.213 0.198 0.198 0.196 
1139 CP00016487    (0)    3 :  0.200 0.191 0.203 0.203 0.203 
1140 CP00016519    (0)    3 :  0.197 0.205 0.200 0.200 0.198 
1141 CP00016500    (0)    3 :  0.201 0.210 0.196 0.194 0.199 
1142 CP00016498    (0)    3 :  0.208 0.184 0.203 0.201 0.204 
1143 CP00016341    (0)    3 :  0.201 0.195 0.201 0.204 0.198 
1144 CP00016369    (0)    3 :  0.199 0.207 0.200 0.195 0.200 
1145 CP00016357    (0)    3 :  0.203 0.189 0.201 0.203 0.204 
1146 CP00016497    (0)    3 :  0.197 0.216 0.197 0.193 0.198 
1147 CP00016366    (0)    3 :  0.194 0.207 0.199 0.202 0.198 
1148 CP00016333    (0)    3 :  0.201 0.204 0.198 0.197 0.200 
1149 CP00016334    (0)    3 :  0.191 0.226 0.194 0.196 0.192 
1150 CP00016483    (0)    3 :  0.203 0.191 0.199 0.201 0.206 
1151 CP00016486    (0)    3 :  0.194 0.223 0.195 0.193 0.195 
1152 CP00016478    (0)    3 :  0.203 0.193 0.202 0.200 0.201 
1153 CP00016367    (0)    3 :  0.199 0.194 0.202 0.205 0.200 
1154 CP00016345    (0)    3 :  0.200 0.207 0.198 0.197 0.199 
1155 CP00016501    (0)    3 :  0.201 0.199 0.198 0.199 0.203 
1156 CP00016480    (0)    3 :  0.205 0.191 0.203 0.202 0.199 
1157 CP00016330    (0)    3 :  0.203 0.203 0.197 0.198 0.200 
1158 CP00016328    (0)    3 :  0.199 0.195 0.202 0.201 0.204 
1159 CP00016337    (0)    3 :  0.201 0.202 0.197 0.198 0.201 
1160 CP00016364    (0)    3 :  0.202 0.192 0.205 0.202 0.200 
1161 CP00016489    (0)    3 :  0.203 0.190 0.202 0.202 0.203 
1162 CP00016338    (0)    3 :  0.196 0.201 0.201 0.202 0.200 
1163 CP00016346    (0)    3 :  0.201 0.189 0.202 0.206 0.202 
1164 CP00016493    (0)    3 :  0.196 0.219 0.196 0.191 0.197 
1165 CP00016492    (0)    3 :  0.199 0.213 0.197 0.193 0.198 
1166 CP00016354    (0)    3 :  0.194 0.211 0.198 0.197 0.200 
1167 CP00016329    (0)    3 :  0.193 0.213 0.198 0.202 0.194 
1168 CP00016502    (0)    3 :  0.191 0.225 0.194 0.195 0.195 
1169 CP00016326    (0)    3 :  0.194 0.217 0.194 0.200 0.194 
1170 CP00016349    (0)    3 :  0.201 0.199 0.200 0.200 0.200 
1171 CP00016368    (0)    3 :  0.204 0.184 0.206 0.202 0.205 
1172 CP00016365    (0)    3 :  0.200 0.196 0.201 0.202 0.201 
1173 CP00016321    (0)    3 :  0.202 0.187 0.204 0.201 0.205 
1174 CP00016477    (0)    3 :  0.199 0.212 0.198 0.194 0.197 
1175 CP00016361    (0)    3 :  0.198 0.199 0.203 0.200 0.200 
1176 CP00016512    (0)    3 :  0.198 0.209 0.199 0.198 0.196 
1177 CP00016515    (0)    3 :  0.194 0.210 0.199 0.198 0.198 
1178 CP00016353    (0)    3 :  0.201 0.198 0.200 0.200 0.200 
1179 CP00016516    (0)    3 :  0.203 0.182 0.205 0.206 0.205 
1180 CP00016513    (0)    3 :  0.201 0.201 0.200 0.200 0.198 
1181 CP00016517    (0)    3 :  0.204 0.193 0.202 0.199 0.202 
1182 CP00016352    (0)    3 :  0.201 0.204 0.200 0.198 0.197 
1183 CP00016325    (0)    3 :  0.196 0.203 0.201 0.200 0.200 
1184 CP00016475    (0)    3 :  0.202 0.199 0.199 0.201 0.199 
1185 CP00016340    (0)    3 :  0.197 0.214 0.198 0.195 0.197 
1186 CP00016355    (0)    3 :  0.198 0.207 0.197 0.199 0.199 
1187 CP00016511    (0)    3 :  0.199 0.208 0.200 0.199 0.195 
1188 CP00016351    (0)    3 :  0.200 0.197 0.201 0.202 0.200 
1189 CP00016507    (0)    3 :  0.198 0.204 0.199 0.197 0.202 
1190 CP00016479    (0)    3 :  0.199 0.194 0.202 0.201 0.204 
1191 CP00016504    (0)    3 :  0.203 0.207 0.197 0.193 0.200 
1192 CP00016472    (0)    3 :  0.204 0.193 0.201 0.200 0.202 
1193 CP00016488    (3)    3 :  0.202 0.193 0.200 0.206 0.199 
1194 CP00016514    (0)    3 :  0.199 0.211 0.195 0.198 0.197 
1195 CP00016347    (0)    3 :  0.195 0.215 0.196 0.198 0.196 
1196 CP00016348    (0)    3 :  0.202 0.199 0.201 0.196 0.201 
1197 CP00016510    (0)    3 :  0.196 0.208 0.199 0.201 0.196 
1198 CP00016350    (0)    3 :  0.205 0.192 0.200 0.201 0.201 
1199 CP00016518    (0)    3 :  0.200 0.194 0.203 0.202 0.201 
1200 CP00016509    (0)    3 :  0.204 0.184 0.202 0.206 0.205 
1201 CP00015888    (0)    3 :  0.198 0.195 0.204 0.200 0.203 
1202 CP00015759    (0)    3 :  0.195 0.209 0.199 0.202 0.194 
1203 CP00015760    (0)    3 :  0.201 0.190 0.203 0.204 0.201 
1204 CP00015918    (0)    3 :  0.196 0.227 0.193 0.192 0.192 
1205 CP00015756    (0)    3 :  0.196 0.209 0.197 0.198 0.199 
1206 CP00015880    (0)    3 :  0.202 0.193 0.204 0.202 0.199 
1207 CP00015916    (0)    3 :  0.204 0.191 0.201 0.202 0.202 
1208 CP00015753    (0)    3 :  0.204 0.188 0.202 0.202 0.204 
1209 CP00015885    (0)    3 :  0.203 0.192 0.203 0.201 0.200 
1210 CP00015896    (0)    3 :  0.196 0.203 0.199 0.203 0.200 
1211 CP00015899    (0)    3 :  0.197 0.216 0.196 0.195 0.196 
1212 CP00015909    (0)    3 :  0.200 0.189 0.205 0.205 0.201 
1213 CP00015894    (0)    3 :  0.200 0.201 0.200 0.201 0.199 
1214 CP00015724    (0)    3 :  0.198 0.206 0.198 0.196 0.201 
1215 CP00015906    (0)    3 :  0.203 0.187 0.207 0.200 0.203 
1216 CP00015734    (3)    3 :  0.198 0.203 0.201 0.197 0.200 
1217 CP00015764    (0)    3 :  0.193 0.222 0.194 0.197 0.195 
1218 CP00015897    (0)    3 :  0.200 0.200 0.201 0.197 0.202 
1219 CP00015758    (0)    3 :  0.198 0.194 0.201 0.204 0.203 
1220 CP00015920    (0)    3 :  0.203 0.196 0.202 0.199 0.200 
1221 CP00015889    (0)    3 :  0.204 0.187 0.204 0.204 0.201 
1222 CP00015919    (0)    3 :  0.194 0.218 0.196 0.196 0.196 
1223 CP00015912    (0)    3 :  0.200 0.200 0.200 0.198 0.201 
1224 CP00015913    (0)    3 :  0.203 0.195 0.199 0.201 0.201 
1225 CP00015872    (0)    3 :  0.192 0.217 0.199 0.197 0.196 
1226 CP00015911    (0)    3 :  0.198 0.204 0.199 0.200 0.199 
1227 CP00015908    (0)    3 :  0.202 0.193 0.200 0.203 0.202 
1228 CP00015901    (0)    3 :  0.197 0.207 0.200 0.197 0.198 
1229 CP00015892    (3)    3 :  0.204 0.196 0.200 0.199 0.201 
1230 CP00015883    (0)    3 :  0.204 0.187 0.206 0.203 0.201 
1231 CP00015910    (0)    3 :  0.196 0.202 0.202 0.199 0.200 
1232 CP00015884    (0)    3 :  0.199 0.209 0.197 0.199 0.196 
1233 CP00015875    (0)    3 :  0.196 0.205 0.198 0.203 0.198 
1234 CP00015879    (0)    3 :  0.203 0.197 0.197 0.204 0.199 
1235 CP00015905    (0)    3 :  0.198 0.199 0.198 0.204 0.200 
1236 CP00015891    (0)    3 :  0.193 0.223 0.195 0.193 0.196 
1237 CP00015740    (0)    3 :  0.202 0.197 0.202 0.199 0.200 
1238 CP00015766    (0)    3 :  0.197 0.219 0.195 0.194 0.196 
1239 CP00015763    (0)    3 :  0.206 0.186 0.202 0.203 0.204 
1240 CP00015762    (0)    3 :  0.193 0.224 0.195 0.196 0.192 
1241 CP00015761    (0)    3 :  0.196 0.210 0.198 0.196 0.200 
1242 CP00015743    (0)    3 :  0.199 0.201 0.199 0.199 0.202 
1243 CP00015878    (0)    3 :  0.203 0.192 0.202 0.203 0.200 
1244 CP00015748    (0)    3 :  0.197 0.215 0.195 0.196 0.196 
1245 CP00015737    (0)    3 :  0.193 0.227 0.196 0.192 0.193 
1246 CP00015768    (0)    3 :  0.200 0.188 0.205 0.205 0.202 
1247 CP00015767    (0)    3 :  0.202 0.197 0.201 0.202 0.199 
1248 CP00015746    (0)    3 :  0.196 0.203 0.202 0.200 0.198 
1249 CP00015893    (0)    3 :  0.202 0.181 0.205 0.205 0.206 
1250 CP00015741    (0)    3 :  0.201 0.204 0.198 0.198 0.199 
1251 CP00015757    (0)    3 :  0.201 0.211 0.196 0.196 0.195 
1252 CP00015739    (0)    3 :  0.202 0.198 0.202 0.199 0.198 
1253 CP00015751    (0)    3 :  0.204 0.207 0.198 0.194 0.198 
1254 CP00015745    (0)    3 :  0.203 0.200 0.201 0.196 0.201 
1255 CP00015747    (0)    3 :  0.197 0.198 0.201 0.201 0.202 
1256 CP00015754    (0)    3 :  0.196 0.225 0.194 0.193 0.192 
1257 CP00015873    (0)    3 :  0.199 0.203 0.201 0.197 0.200 
1258 CP00015881    (0)    3 :  0.198 0.207 0.198 0.197 0.200 
1259 CP00015877    (0)    3 :  0.200 0.187 0.203 0.203 0.206 
1260 CP00015915    (0)    3 :  0.198 0.198 0.199 0.203 0.202 
1261 CP00015904    (0)    3 :  0.201 0.197 0.201 0.202 0.200 
1262 CP00015900    (0)    3 :  0.202 0.191 0.203 0.201 0.204 
1263 CP00015907    (0)    3 :  0.204 0.187 0.204 0.201 0.204 
1264 CP00015742    (0)    3 :  0.191 0.235 0.191 0.192 0.191 
1265 CP00015738    (0)    3 :  0.205 0.184 0.204 0.202 0.206 
1266 CP00015727    (0)    3 :  0.200 0.200 0.199 0.200 0.201 
1267 CP00015728    (0)    3 :  0.204 0.187 0.204 0.201 0.204 
1268 CP00015726    (0)    3 :  0.195 0.211 0.198 0.198 0.197 
1269 CP00015914    (0)    3 :  0.200 0.203 0.200 0.199 0.199 
1270 CP00015769    (0)    3 :  0.202 0.196 0.202 0.198 0.203 
1271 CP00015770    (0)    3 :  0.201 0.191 0.203 0.204 0.202 
1272 CP00015750    (0)    3 :  0.204 0.178 0.207 0.204 0.206 
1273 CP00015749    (0)    3 :  0.199 0.201 0.198 0.201 0.201 
1274 CP00015721    (0)    3 :  0.199 0.202 0.199 0.198 0.202 
1275 CP00015735    (0)    3 :  0.202 0.192 0.201 0.201 0.204 
1276 CP00015732    (0)    3 :  0.200 0.195 0.201 0.201 0.204 
1277 CP00015723    (0)    3 :  0.201 0.193 0.202 0.203 0.201 
1278 CP00015729    (0)    3 :  0.201 0.188 0.208 0.203 0.199 
1279 CP00015736    (0)    3 :  0.200 0.195 0.202 0.202 0.202 
1280 CP00015725    (0)    3 :  0.200 0.204 0.200 0.198 0.198 
1281 CP00015886    (0)    3 :  0.197 0.205 0.200 0.199 0.199 
1282 CP00015722    (0)    3 :  0.201 0.193 0.201 0.202 0.203 
1283 CP00015731    (0)    3 :  0.199 0.195 0.202 0.203 0.201 
1284 CP00015730    (0)    3 :  0.199 0.187 0.204 0.207 0.202 
1285 CP00015752    (0)    3 :  0.200 0.192 0.200 0.204 0.203 
1286 CP00015890    (0)    3 :  0.207 0.187 0.202 0.203 0.201 
1287 CP00015876    (0)    3 :  0.202 0.189 0.204 0.205 0.201 
1288 CP00015887    (0)    3 :  0.202 0.192 0.201 0.204 0.201 
1289 CP00015882    (0)    3 :  0.198 0.208 0.196 0.203 0.196 
1290 CP00015765    (0)    3 :  0.199 0.203 0.197 0.200 0.201 
1291 CP00015744    (0)    3 :  0.194 0.218 0.196 0.195 0.196 
1292 CP00015104    (0)    1 :  0.204 0.192 0.203 0.199 0.202 
1293 CP00015100    (0)    1 :  0.189 0.244 0.189 0.189 0.190 
1294 CP00015000    (0)    1 :  0.200 0.200 0.201 0.201 0.198 
1295 CP00015119    (0)    1 :  0.200 0.198 0.201 0.203 0.198 
1296 CP00015016    (0)    1 :  0.205 0.186 0.202 0.203 0.204 
1297 CP00015078    (0)    1 :  0.205 0.188 0.203 0.201 0.203 
1298 CP00015076    (0)    1 :  0.197 0.220 0.193 0.195 0.195 
1299 CP00015084    (0)    1 :  0.203 0.197 0.199 0.200 0.201 
1300 CP00015091    (0)    1 :  0.202 0.195 0.202 0.199 0.201 
1301 CP00015013    (0)    1 :  0.202 0.191 0.203 0.201 0.204 
1302 CP00015009    (0)    1 :  0.199 0.206 0.198 0.195 0.201 
1303 CP00015082    (0)    1 :  0.206 0.192 0.201 0.197 0.204 
1304 CP00014983    (0)    1 :  0.200 0.194 0.200 0.204 0.201 
1305 CP00015072    (0)    1 :  0.203 0.184 0.205 0.206 0.203 
1306 CP00015086    (0)    1 :  0.199 0.202 0.199 0.202 0.198 
1307 CP00015073    (0)    1 :  0.208 0.189 0.203 0.199 0.201 
1308 CP00015077    (0)    1 :  0.197 0.204 0.197 0.202 0.199 
1309 CP00014973    (0)    1 :  0.203 0.188 0.203 0.201 0.205 
1310 CP00015015    (0)    1 :  0.205 0.188 0.202 0.203 0.203 
1311 CP00014975    (0)    1 :  0.196 0.212 0.197 0.197 0.198 
1312 CP00014979    (0)    1 :  0.201 0.194 0.201 0.200 0.203 
1313 CP00014980    (0)    1 :  0.193 0.211 0.200 0.201 0.196 
1314 CP00015111    (0)    1 :  0.202 0.194 0.204 0.199 0.202 
1315 CP00015090    (0)    1 :  0.198 0.201 0.202 0.201 0.198 
1316 CP00015098    (0)    1 :  0.202 0.200 0.198 0.199 0.200 
1317 CP00015005    (0)    1 :  0.201 0.205 0.196 0.202 0.196 
1318 CP00015109    (0)    1 :  0.198 0.208 0.198 0.199 0.198 
1319 CP00015114    (0)    1 :  0.197 0.205 0.198 0.200 0.199 
1320 CP00015007    (0)    1 :  0.201 0.205 0.197 0.199 0.197 
1321 CP00015006    (0)    1 :  0.200 0.194 0.199 0.204 0.203 
1322 CP00014974    (0)    1 :  0.202 0.197 0.200 0.201 0.201 
1323 CP00015096    (0)    1 :  0.193 0.221 0.194 0.197 0.195 
1324 CP00015112    (0)    1 :  0.200 0.199 0.199 0.204 0.197 
1325 CP00015002    (0)    1 :  0.203 0.180 0.204 0.210 0.203 
1326 CP00015113    (0)    1 :  0.205 0.191 0.199 0.204 0.201 
1327 CP00015010    (0)    1 :  0.206 0.190 0.201 0.198 0.204 
1328 CP00015019    (0)    1 :  0.200 0.206 0.197 0.199 0.198 
1329 CP00015120    (0)    1 :  0.194 0.208 0.200 0.200 0.198 
1330 CP00015107    (0)    1 :  0.203 0.189 0.201 0.203 0.205 
1331 CP00015081    (0)    1 :  0.208 0.188 0.202 0.199 0.203 
1332 CP00015071    (0)    1 :  0.205 0.184 0.204 0.203 0.203 
1333 CP00015087    (0)    1 :  0.206 0.199 0.201 0.199 0.195 
1334 CP00015093    (3)    1 :  0.198 0.201 0.199 0.199 0.202 
1335 CP00015102    (0)    1 :  0.199 0.192 0.205 0.203 0.202 
1336 CP00015101    (0)    1 :  0.202 0.195 0.201 0.200 0.202 
1337 CP00014982    (0)    1 :  0.201 0.189 0.202 0.205 0.203 
1338 CP00014990    (0)    1 :  0.205 0.184 0.203 0.204 0.204 
1339 CP00015088    (0)    1 :  0.205 0.186 0.200 0.203 0.205 
1340 CP00014995    (0)    1 :  0.198 0.191 0.204 0.205 0.202 
1341 CP00015003    (0)    1 :  0.198 0.212 0.195 0.195 0.200 
1342 CP00015097    (0)    1 :  0.205 0.184 0.202 0.204 0.205 
1343 CP00014972    (0)    1 :  0.205 0.192 0.201 0.199 0.203 
1344 CP00015106    (0)    1 :  0.201 0.196 0.201 0.202 0.200 
1345 CP00015095    (0)    1 :  0.200 0.195 0.202 0.200 0.203 
1346 CP00014998    (0)    1 :  0.197 0.217 0.195 0.196 0.195 
1347 CP00014985    (0)    1 :  0.197 0.194 0.204 0.202 0.203 
1348 CP00014986    (0)    1 :  0.199 0.197 0.202 0.202 0.200 
1349 CP00014999    (0)    1 :  0.201 0.190 0.201 0.205 0.203 
1350 CP00014984    (0)    1 :  0.198 0.198 0.201 0.201 0.201 
1351 CP00015117    (0)    1 :  0.205 0.189 0.201 0.203 0.202 
1352 CP00015099    (0)    1 :  0.196 0.197 0.204 0.204 0.199 
1353 CP00015110    (0)    1 :  0.200 0.199 0.200 0.201 0.199 
1354 CP00015115    (0)    1 :  0.201 0.207 0.199 0.197 0.195 
1355 CP00015080    (0)    1 :  0.206 0.195 0.203 0.197 0.199 
1356 CP00015012    (0)    1 :  0.202 0.190 0.203 0.204 0.201 
1357 CP00014994    (0)    1 :  0.195 0.199 0.200 0.206 0.200 
1358 CP00015001    (0)    1 :  0.208 0.186 0.203 0.200 0.204 
1359 CP00014992    (0)    1 :  0.194 0.226 0.195 0.193 0.191 
1360 CP00015074    (0)    1 :  0.205 0.197 0.200 0.196 0.202 
1361 CP00014991    (0)    1 :  0.199 0.200 0.200 0.201 0.200 
1362 CP00014981    (0)    1 :  0.197 0.197 0.201 0.205 0.200 
1363 CP00014977    (0)    1 :  0.200 0.205 0.201 0.195 0.199 
1364 CP00014976    (0)    1 :  0.197 0.210 0.198 0.200 0.196 
1365 CP00014993    (0)    1 :  0.204 0.193 0.202 0.199 0.201 
1366 CP00014971    (0)    1 :  0.203 0.193 0.202 0.200 0.202 
1367 CP00015020    (0)    1 :  0.205 0.192 0.201 0.199 0.203 
1368 CP00015004    (0)    1 :  0.201 0.203 0.198 0.197 0.202 
1369 CP00015103    (0)    1 :  0.195 0.211 0.199 0.198 0.197 
1370 CP00015116    (0)    1 :  0.196 0.216 0.195 0.197 0.196 
1371 CP00015118    (0)    1 :  0.206 0.190 0.200 0.200 0.204 
1372 CP00014996    (0)    1 :  0.201 0.190 0.202 0.205 0.202 
1373 CP00015079    (0)    1 :  0.208 0.186 0.203 0.199 0.204 
1374 CP00015094    (0)    1 :  0.204 0.192 0.202 0.202 0.200 
1375 CP00015085    (0)    1 :  0.196 0.208 0.198 0.200 0.198 
1376 CP00015083    (0)    1 :  0.208 0.185 0.203 0.200 0.204 
1377 CP00015092    (0)    1 :  0.203 0.200 0.199 0.201 0.197 
1378 CP00018197    (0)    1 :  0.202 0.200 0.198 0.201 0.200 
1379 CP00018136    (0)    1 :  0.196 0.217 0.195 0.197 0.195 
1380 CP00018190    (0)    1 :  0.201 0.207 0.198 0.195 0.199 
1381 CP00018139    (0)    1 :  0.196 0.215 0.195 0.198 0.196 
1382 CP00018207    (0)    1 :  0.202 0.205 0.198 0.198 0.197 
1383 CP00018213    (0)    1 :  0.203 0.189 0.206 0.199 0.204 
1384 CP00018163    (0)    1 :  0.193 0.210 0.199 0.199 0.199 
1385 CP00018179    (0)    1 :  0.201 0.191 0.201 0.207 0.201 
1386 CP00018178    (0)    1 :  0.204 0.211 0.197 0.190 0.198 
1387 CP00018144    (0)    1 :  0.204 0.187 0.201 0.204 0.204 
1388 CP00018155    (0)    1 :  0.198 0.207 0.196 0.201 0.199 
1389 CP00018151    (0)    1 :  0.207 0.192 0.201 0.199 0.202 
1390 CP00018180    (0)    1 :  0.199 0.205 0.197 0.200 0.200 
1391 CP00018182    (0)    1 :  0.204 0.187 0.203 0.205 0.201 
1392 CP00018189    (0)    1 :  0.203 0.188 0.203 0.203 0.204 
1393 CP00018217    (0)    1 :  0.195 0.206 0.200 0.199 0.199 
1394 CP00018154    (0)    1 :  0.195 0.218 0.195 0.196 0.196 
1395 CP00018158    (0)    1 :  0.198 0.201 0.201 0.199 0.201 
1396 CP00018181    (0)    3 :  0.204 0.193 0.200 0.204 0.199 
1397 CP00018208    (0)    1 :  0.200 0.205 0.197 0.198 0.200 
1398 CP00018211    (0)    3 :  0.204 0.188 0.203 0.201 0.204 
1399 CP00018176    (0)    3 :  0.206 0.189 0.200 0.199 0.206 
1400 CP00018128    (0)    3 :  0.196 0.208 0.198 0.199 0.199 
1401 CP00018122    (0)    3 :  0.201 0.194 0.199 0.207 0.198 
1402 CP00018156    (0)    3 :  0.197 0.218 0.197 0.193 0.195 
1403 CP00018126    (3)    3 :  0.196 0.208 0.199 0.196 0.200 
1404 CP00018187    (0)    3 :  0.196 0.209 0.199 0.199 0.197 
1405 CP00018143    (0)    3 :  0.199 0.192 0.204 0.204 0.201 
1406 CP00018188    (0)    3 :  0.195 0.218 0.195 0.196 0.197 
1407 CP00018219    (0)    1 :  0.201 0.197 0.201 0.201 0.200 
1408 CP00018205    (0)    1 :  0.202 0.189 0.203 0.201 0.205 
1409 CP00018124    (0)    1 :  0.202 0.210 0.196 0.196 0.196 
1410 CP00018160    (0)    1 :  0.205 0.196 0.200 0.198 0.201 
1411 CP00018199    (0)    1 :  0.199 0.205 0.197 0.198 0.200 
1412 CP00018137    (0)    1 :  0.203 0.198 0.201 0.198 0.199 
1413 CP00018215    (0)    1 :  0.204 0.194 0.199 0.203 0.201 
1414 CP00018171    (0)    1 :  0.203 0.201 0.199 0.196 0.201 
1415 CP00018157    (0)    1 :  0.203 0.210 0.193 0.199 0.195 
1416 CP00018165    (0)    1 :  0.202 0.189 0.204 0.201 0.204 
1417 CP00018191    (0)    1 :  0.203 0.188 0.203 0.202 0.203 
1418 CP00018141    (0)    1 :  0.201 0.202 0.198 0.201 0.198 
1419 CP00018204    (0)    3 :  0.194 0.225 0.195 0.193 0.193 
1420 CP00018127    (0)    3 :  0.207 0.195 0.199 0.196 0.203 
1421 CP00018194    (0)    1 :  0.199 0.197 0.201 0.203 0.199 
1422 CP00018168    (0)    3 :  0.197 0.222 0.195 0.196 0.191 
1423 CP00018216    (0)    1 :  0.201 0.203 0.200 0.201 0.196 
1424 CP00018192    (0)    1 :  0.201 0.196 0.202 0.200 0.201 
1425 CP00018184    (0)    3 :  0.200 0.198 0.200 0.200 0.202 
1426 CP00018134    (0)    3 :  0.196 0.200 0.200 0.199 0.204 
1427 CP00018142    (0)    3 :  0.203 0.188 0.203 0.203 0.203 
1428 CP00018220    (0)    3 :  0.205 0.195 0.201 0.199 0.201 
1429 CP00018186    (0)    3 :  0.196 0.204 0.201 0.200 0.200 
1430 CP00018131    (0)    3 :  0.199 0.201 0.200 0.201 0.200 
1431 CP00018183    (0)    3 :  0.203 0.188 0.203 0.203 0.203 
1432 CP00018209    (0)    3 :  0.205 0.189 0.204 0.201 0.201 
1433 CP00018193    (0)    1 :  0.200 0.191 0.203 0.203 0.203 
1434 CP00018177    (0)    1 :  0.199 0.193 0.204 0.203 0.201 
1435 CP00018214    (0)    1 :  0.198 0.204 0.201 0.196 0.201 
1436 CP00018145    (0)    3 :  0.198 0.195 0.202 0.205 0.199 
1437 CP00018185    (0)    3 :  0.200 0.192 0.203 0.206 0.200 
1438 CP00018201    (0)    3 :  0.203 0.187 0.202 0.203 0.204 
1439 CP00018153    (0)    3 :  0.198 0.206 0.198 0.199 0.200 
1440 CP00018121    (0)    3 :  0.198 0.189 0.206 0.204 0.203 
1441 CP00018175    (0)    3 :  0.201 0.197 0.202 0.200 0.201 
1442 CP00018146    (0)    3 :  0.194 0.207 0.198 0.201 0.200 
1443 CP00018148    (0)    3 :  0.201 0.184 0.205 0.207 0.203 
1444 CP00018195    (0)    1 :  0.202 0.191 0.203 0.205 0.200 
1445 CP00018132    (0)    3 :  0.200 0.196 0.202 0.203 0.200 
1446 CP00018210    (0)    3 :  0.202 0.189 0.203 0.202 0.204 
1447 CP00018135    (0)    3 :  0.200 0.195 0.202 0.201 0.201 
1448 CP00018164    (0)    3 :  0.201 0.208 0.196 0.196 0.200 
1449 CP00018133    (0)    3 :  0.200 0.203 0.198 0.196 0.203 
1450 CP00018149    (0)    3 :  0.190 0.229 0.194 0.197 0.190 
1451 CP00018170    (0)    3 :  0.201 0.198 0.197 0.204 0.199 
1452 CP00018166    (0)    3 :  0.199 0.202 0.201 0.198 0.200 
1453 CP00018173    (0)    3 :  0.208 0.179 0.209 0.201 0.204 
1454 CP00018212    (0)    1 :  0.200 0.199 0.201 0.199 0.202 
1455 CP00018172    (0)    3 :  0.201 0.200 0.200 0.198 0.203 
1456 CP00018202    (0)    3 :  0.202 0.203 0.200 0.197 0.199 
1457 CP00018125    (0)    3 :  0.194 0.214 0.195 0.200 0.196 
1458 CP00018198    (0)    1 :  0.202 0.184 0.204 0.204 0.205 
1459 CP00018129    (0)    3 :  0.206 0.184 0.204 0.204 0.202 
1460 CP00018140    (0)    3 :  0.204 0.194 0.201 0.199 0.202 
1461 CP00018196    (0)    1 :  0.199 0.195 0.202 0.200 0.203 
1462 CP00018218    (0)    1 :  0.199 0.196 0.199 0.203 0.203 
1463 CP00017467    (0)    3 :  0.205 0.194 0.200 0.199 0.201 
1464 CP00017499    (0)    3 :  0.200 0.205 0.197 0.197 0.200 
1465 CP00017430    (0)    3 :  0.202 0.192 0.201 0.202 0.203 
1466 CP00017510    (0)    3 :  0.207 0.182 0.203 0.205 0.204 
1467 CP00017437    (0)    3 :  0.197 0.203 0.200 0.202 0.198 
1468 CP00017429    (0)    3 :  0.202 0.200 0.199 0.200 0.199 
1469 CP00017432    (0)    3 :  0.203 0.206 0.197 0.197 0.197 
1470 CP00017447    (0)    3 :  0.198 0.217 0.193 0.195 0.196 
1471 CP00017442    (0)    3 :  0.197 0.207 0.199 0.200 0.198 
1472 CP00017484    (0)    3 :  0.195 0.213 0.197 0.197 0.199 
1473 CP00017504    (0)    3 :  0.197 0.215 0.195 0.195 0.198 
1474 CP00017423    (0)    3 :  0.203 0.186 0.203 0.206 0.203 
1475 CP00017518    (0)    3 :  0.204 0.185 0.203 0.204 0.204 
1476 CP00017455    (0)    3 :  0.195 0.219 0.195 0.196 0.195 
1477 CP00017497    (0)    3 :  0.192 0.228 0.191 0.194 0.195 
1478 CP00017456    (0)    3 :  0.202 0.194 0.203 0.201 0.201 
1479 CP00017514    (0)    3 :  0.203 0.188 0.202 0.205 0.202 
1480 CP00017489    (0)    3 :  0.200 0.193 0.203 0.202 0.202 
1481 CP00017424    (0)    3 :  0.200 0.210 0.196 0.197 0.197 
1482 CP00017468    (0)    3 :  0.204 0.190 0.204 0.202 0.200 
1483 CP00017511    (0)    3 :  0.199 0.199 0.202 0.197 0.202 
1484 CP00017438    (0)    3 :  0.196 0.197 0.203 0.203 0.202 
1485 CP00017463    (0)    3 :  0.203 0.187 0.203 0.202 0.205 
1486 CP00017469    (0)    3 :  0.190 0.231 0.194 0.191 0.193 
1487 CP00017436    (0)    3 :  0.193 0.231 0.191 0.192 0.193 
1488 CP00017491    (0)    3 :  0.200 0.195 0.200 0.202 0.203 
1489 CP00017452    (0)    3 :  0.200 0.201 0.201 0.199 0.199 
1490 CP00017520    (0)    3 :  0.201 0.188 0.201 0.208 0.202 
1491 CP00017434    (0)    3 :  0.198 0.219 0.196 0.192 0.196 
1492 CP00017472    (0)    3 :  0.194 0.223 0.194 0.194 0.195 
1493 CP00017507    (0)    3 :  0.196 0.222 0.192 0.195 0.194 
1494 CP00017479    (0)    3 :  0.194 0.219 0.196 0.195 0.196 
1495 CP00017475    (0)    3 :  0.200 0.190 0.202 0.205 0.203 
1496 CP00017464    (0)    3 :  0.199 0.214 0.196 0.196 0.195 
1497 CP00017477    (0)    3 :  0.202 0.189 0.207 0.203 0.199 
1498 CP00017500    (0)    3 :  0.198 0.202 0.200 0.201 0.199 
1499 CP00017461    (0)    3 :  0.198 0.201 0.200 0.201 0.200 
1500 CP00017427    (0)    3 :  0.199 0.207 0.195 0.199 0.200 
1501 CP00017444    (0)    3 :  0.194 0.207 0.202 0.198 0.198 
1502 CP00017476    (0)    3 :  0.188 0.245 0.189 0.190 0.188 
1503 CP00017493    (0)    3 :  0.191 0.222 0.195 0.197 0.195 
1504 CP00017440    (0)    3 :  0.199 0.199 0.200 0.202 0.199 
1505 CP00017509    (0)    3 :  0.202 0.212 0.195 0.194 0.198 
1506 CP00017439    (0)    3 :  0.199 0.201 0.200 0.198 0.202 
1507 CP00017428    (0)    3 :  0.196 0.207 0.200 0.198 0.199 
1508 CP00017502    (0)    3 :  0.193 0.224 0.195 0.196 0.192 
1509 CP00017471    (0)    3 :  0.197 0.207 0.199 0.200 0.197 
1510 CP00017459    (0)    3 :  0.202 0.200 0.199 0.202 0.198 
1511 CP00017425    (0)    3 :  0.193 0.226 0.193 0.195 0.193 
1512 CP00017465    (0)    3 :  0.204 0.188 0.203 0.202 0.204 
1513 CP00017516    (0)    3 :  0.198 0.206 0.200 0.197 0.199 
1514 CP00017498    (0)    3 :  0.198 0.198 0.202 0.201 0.202 
1515 CP00017426    (0)    3 :  0.197 0.220 0.193 0.197 0.194 
1516 CP00017481    (0)    3 :  0.198 0.203 0.202 0.199 0.197 
1517 CP00017422    (0)    3 :  0.203 0.192 0.202 0.202 0.201 
1518 CP00017512    (0)    3 :  0.192 0.222 0.194 0.195 0.197 
1519 CP00017460    (0)    3 :  0.200 0.199 0.203 0.200 0.198 
1520 CP00017443    (0)    3 :  0.196 0.224 0.194 0.193 0.193 
1521 CP00017457    (0)    3 :  0.203 0.191 0.203 0.204 0.200 
1522 CP00017446    (0)    3 :  0.205 0.181 0.205 0.205 0.204 
1523 CP00017431    (0)    3 :  0.201 0.194 0.200 0.202 0.202 
1524 CP00017462    (0)    3 :  0.201 0.195 0.202 0.203 0.199 
1525 CP00017445    (0)    3 :  0.198 0.198 0.202 0.198 0.203 
1526 CP00017435    (0)    3 :  0.199 0.201 0.200 0.202 0.198 
1527 CP00017449    (0)    3 :  0.200 0.192 0.204 0.202 0.202 
1528 CP00017454    (0)    3 :  0.200 0.199 0.199 0.200 0.202 
1529 CP00017501    (0)    3 :  0.205 0.188 0.201 0.200 0.206 
1530 CP00017451    (0)    3 :  0.198 0.191 0.204 0.206 0.202 
1531 CP00017490    (0)    3 :  0.196 0.206 0.201 0.200 0.197 
1532 CP00017470    (0)    3 :  0.196 0.208 0.198 0.197 0.201 
1533 CP00017506    (0)    3 :  0.203 0.197 0.201 0.197 0.202 
1534 CP00017466    (0)    3 :  0.198 0.190 0.203 0.206 0.203 
1535 CP00017441    (0)    3 :  0.203 0.192 0.201 0.198 0.205 
1536 CP00017473    (0)    3 :  0.202 0.203 0.199 0.195 0.201 
1537 CP00017453    (0)    3 :  0.198 0.207 0.199 0.198 0.198 
1538 CP00017513    (0)    3 :  0.195 0.209 0.197 0.198 0.201 
1539 CP00017508    (0)    3 :  0.198 0.209 0.198 0.197 0.197 
1540 CP00017505    (0)    3 :  0.198 0.214 0.196 0.197 0.195 
1541 CP00017421    (0)    3 :  0.198 0.184 0.208 0.207 0.203 
1542 CP00017496    (0)    3 :  0.195 0.208 0.199 0.199 0.199 
1543 CP00017433    (0)    3 :  0.197 0.201 0.199 0.202 0.200 
1544 CP00017458    (0)    3 :  0.199 0.200 0.199 0.201 0.201 
1545 CP00017478    (0)    3 :  0.201 0.200 0.202 0.200 0.197 
1546 CP00017492    (0)    3 :  0.196 0.217 0.197 0.196 0.194 
1547 CP00017517    (0)    3 :  0.196 0.212 0.198 0.198 0.196 
1548 CP00017503    (0)    3 :  0.204 0.194 0.199 0.199 0.203 
1549 CP00017694    (0)    2 :  0.191 0.227 0.195 0.194 0.193 
1550 CP00017741    (0)    3 :  0.202 0.188 0.201 0.206 0.202 
1551 CP00017734    (0)    3 :  0.200 0.202 0.199 0.199 0.200 
1552 CP00017717    (0)    1 :  0.201 0.200 0.198 0.200 0.201 
1553 CP00017690    (0)    3 :  0.206 0.186 0.203 0.204 0.201 
1554 CP00017755    (0)    3 :  0.204 0.195 0.198 0.202 0.201 
1555 CP00017712    (0)    3 :  0.202 0.199 0.201 0.197 0.201 
1556 CP00017688    (0)    3 :  0.202 0.197 0.199 0.202 0.200 
1557 CP00017714    (0)    3 :  0.201 0.198 0.200 0.200 0.200 
1558 CP00017680    (0)    3 :  0.203 0.206 0.199 0.194 0.198 
1559 CP00017710    (0)    3 :  0.203 0.192 0.200 0.201 0.204 
1560 CP00017733    (0)    3 :  0.202 0.188 0.203 0.202 0.204 
1561 CP00017682    (0)    3 :  0.197 0.216 0.194 0.194 0.198 
1562 CP00017763    (0)    3 :  0.200 0.201 0.199 0.201 0.200 
1563 CP00017695    (0)    2 :  0.206 0.194 0.198 0.197 0.204 
1564 CP00017730    (0)    3 :  0.198 0.206 0.197 0.200 0.199 
1565 CP00017757    (0)    3 :  0.203 0.188 0.205 0.202 0.202 
1566 CP00017770    (0)    3 :  0.198 0.208 0.201 0.195 0.198 
1567 CP00017697    (0)    2 :  0.202 0.185 0.205 0.201 0.207 
1568 CP00017739    (0)    3 :  0.203 0.191 0.202 0.201 0.202 
1569 CP00017681    (0)    3 :  0.201 0.186 0.205 0.204 0.204 
1570 CP00017685    (0)    3 :  0.195 0.207 0.199 0.196 0.202 
1571 CP00017696    (0)    2 :  0.195 0.208 0.198 0.200 0.199 
1572 CP00017679    (0)    3 :  0.195 0.215 0.196 0.199 0.195 
1573 CP00017766    (0)    3 :  0.201 0.198 0.200 0.205 0.197 
1574 CP00017702    (0)    2 :  0.203 0.197 0.200 0.200 0.200 
1575 CP00017715    (0)    3 :  0.194 0.219 0.194 0.197 0.195 
1576 CP00017676    (0)    3 :  0.200 0.201 0.199 0.199 0.201 
1577 CP00017700    (0)    2 :  0.195 0.229 0.192 0.192 0.192 
1578 CP00017723    (0)    3 :  0.200 0.192 0.203 0.206 0.199 
1579 CP00017724    (0)    3 :  0.200 0.194 0.201 0.207 0.198 
1580 CP00017725    (0)    3 :  0.202 0.185 0.202 0.206 0.206 
1581 CP00017673    (0)    3 :  0.201 0.186 0.203 0.209 0.200 
1582 CP00017735    (0)    3 :  0.200 0.197 0.200 0.200 0.203 
1583 CP00017737    (0)    3 :  0.209 0.182 0.203 0.201 0.205 
1584 CP00017760    (0)    3 :  0.199 0.196 0.202 0.203 0.200 
1585 CP00017731    (0)    3 :  0.199 0.201 0.200 0.200 0.199 
1586 CP00017706    (0)    2 :  0.201 0.201 0.197 0.201 0.200 
1587 CP00017672    (0)    3 :  0.199 0.208 0.199 0.198 0.196 
1588 CP00017769    (0)    3 :  0.205 0.181 0.205 0.204 0.205 
1589 CP00017698    (0)    2 :  0.199 0.200 0.202 0.199 0.200 
1590 CP00017699    (0)    2 :  0.201 0.187 0.205 0.203 0.205 
1591 CP00017683    (0)    3 :  0.193 0.211 0.197 0.202 0.197 
1592 CP00017765    (0)    3 :  0.201 0.192 0.203 0.201 0.203 
1593 CP00017756    (0)    3 :  0.197 0.201 0.198 0.202 0.201 
1594 CP00017677    (0)    3 :  0.198 0.210 0.195 0.198 0.199 
1595 CP00017752    (0)    3 :  0.202 0.186 0.202 0.207 0.203 
1596 CP00017686    (0)    3 :  0.199 0.219 0.194 0.192 0.197 
1597 CP00017736    (0)    3 :  0.200 0.191 0.206 0.205 0.198 
1598 CP00017753    (0)    3 :  0.201 0.198 0.200 0.200 0.200 
1599 CP00017727    (0)    3 :  0.199 0.197 0.202 0.202 0.201 
1600 CP00017721    (0)    3 :  0.201 0.205 0.197 0.199 0.198 
1601 CP00017754    (0)    3 :  0.199 0.198 0.202 0.203 0.199 
1602 CP00017692    (0)    2 :  0.194 0.223 0.195 0.195 0.194 
1603 CP00017718    (0)    3 :  0.197 0.207 0.198 0.200 0.197 
1604 CP00017691    (0)    3 :  0.203 0.187 0.202 0.204 0.203 
1605 CP00017726    (0)    3 :  0.193 0.205 0.202 0.200 0.200 
1606 CP00017705    (0)    2 :  0.202 0.191 0.202 0.202 0.204 
1607 CP00017701    (0)    2 :  0.199 0.202 0.200 0.200 0.198 
1608 CP00017711    (0)    3 :  0.199 0.188 0.204 0.204 0.204 
1609 CP00017704    (0)    2 :  0.198 0.216 0.196 0.197 0.194 
1610 CP00017761    (0)    3 :  0.206 0.186 0.206 0.202 0.200 
1611 CP00017720    (0)    3 :  0.198 0.198 0.204 0.199 0.200 
1612 CP00017678    (0)    3 :  0.193 0.218 0.196 0.194 0.198 
1613 CP00017671    (0)    3 :  0.205 0.187 0.202 0.204 0.203 
1614 CP00017722    (0)    3 :  0.193 0.219 0.196 0.197 0.195 
1615 CP00017675    (0)    3 :  0.204 0.188 0.204 0.203 0.202 
1616 CP00017709    (0)    2 :  0.200 0.202 0.199 0.199 0.201 
1617 CP00017684    (0)    3 :  0.201 0.190 0.203 0.202 0.203 
1618 CP00017729    (0)    3 :  0.198 0.203 0.200 0.197 0.203 
1619 CP00017751    (0)    3 :  0.201 0.197 0.199 0.200 0.203 
1620 CP00017703    (3)    2 :  0.206 0.186 0.203 0.204 0.201 
1621 CP00017764    (0)    3 :  0.202 0.198 0.199 0.200 0.202 
1622 CP00017716    (0)    3 :  0.200 0.200 0.200 0.199 0.201 
1623 CP00017693    (0)    2 :  0.206 0.189 0.201 0.199 0.205 
1624 CP00017740    (0)    3 :  0.208 0.194 0.200 0.199 0.199 
1625 CP00017728    (0)    3 :  0.199 0.207 0.197 0.200 0.198 
1626 CP00017713    (0)    3 :  0.203 0.197 0.200 0.197 0.202 
1627 CP00017738    (0)    3 :  0.196 0.205 0.199 0.201 0.199 
1628 CP00017732    (0)    3 :  0.199 0.202 0.200 0.202 0.197 
1629 CP00017674    (0)    3 :  0.192 0.224 0.194 0.196 0.193 
1630 CP00017708    (0)    2 :  0.197 0.211 0.197 0.198 0.196 
1631 CP00015547    (0)    3 :  0.201 0.202 0.199 0.197 0.200 
1632 CP00015567    (0)    3 :  0.199 0.203 0.198 0.199 0.200 
1633 CP00015562    (0)    3 :  0.200 0.202 0.201 0.200 0.197 
1634 CP00015644    (0)    3 :  0.207 0.186 0.204 0.201 0.202 
1635 CP00015548    (0)    3 :  0.195 0.208 0.201 0.198 0.198 
1636 CP00015649    (0)    3 :  0.196 0.210 0.198 0.194 0.201 
1637 CP00015670    (0)    3 :  0.202 0.192 0.204 0.203 0.199 
1638 CP00015546    (0)    3 :  0.206 0.184 0.201 0.205 0.204 
1639 CP00015629    (0)    3 :  0.205 0.198 0.201 0.195 0.201 
1640 CP00015558    (0)    3 :  0.198 0.207 0.197 0.199 0.199 
1641 CP00015654    (0)    3 :  0.202 0.185 0.206 0.206 0.202 
1642 CP00015623    (0)    3 :  0.199 0.201 0.199 0.202 0.199 
1643 CP00015650    (0)    3 :  0.201 0.199 0.197 0.202 0.201 
1644 CP00015526    (0)    3 :  0.204 0.188 0.203 0.205 0.200 
1645 CP00015636    (0)    3 :  0.204 0.199 0.202 0.199 0.197 
1646 CP00015661    (0)    3 :  0.200 0.195 0.201 0.202 0.202 
1647 CP00015626    (0)    3 :  0.204 0.186 0.204 0.203 0.204 
1648 CP00015647    (0)    3 :  0.202 0.194 0.201 0.201 0.202 
1649 CP00015630    (0)    3 :  0.203 0.188 0.201 0.204 0.204 
1650 CP00015533    (0)    3 :  0.205 0.187 0.203 0.201 0.204 
1651 CP00015532    (0)    3 :  0.195 0.227 0.193 0.191 0.194 
1652 CP00015541    (0)    3 :  0.197 0.209 0.199 0.198 0.196 
1653 CP00015549    (0)    3 :  0.201 0.199 0.200 0.201 0.199 
1654 CP00015539    (0)    1 :  0.205 0.192 0.201 0.200 0.201 
1655 CP00015667    (0)    3 :  0.205 0.192 0.200 0.201 0.202 
1656 CP00015534    (0)    1 :  0.199 0.194 0.203 0.205 0.200 
1657 CP00015551    (0)    3 :  0.200 0.206 0.199 0.196 0.199 
1658 CP00015568    (0)    1 :  0.200 0.202 0.198 0.200 0.199 
1659 CP00015645    (0)    1 :  0.203 0.192 0.202 0.199 0.204 
1660 CP00015543    (0)    1 :  0.198 0.200 0.200 0.203 0.200 
1661 CP00015531    (0)    1 :  0.202 0.205 0.199 0.196 0.199 
1662 CP00015659    (0)    1 :  0.204 0.200 0.197 0.199 0.201 
1663 CP00015563    (0)    1 :  0.200 0.190 0.203 0.204 0.203 
1664 CP00015553    (0)    1 :  0.199 0.202 0.200 0.201 0.198 
1665 CP00015668    (0)    3 :  0.202 0.199 0.199 0.199 0.201 
1666 CP00015555    (0)    3 :  0.205 0.191 0.201 0.202 0.202 
1667 CP00015621    (0)    3 :  0.194 0.213 0.196 0.199 0.197 
1668 CP00015669    (0)    3 :  0.201 0.199 0.201 0.200 0.200 
1669 CP00015666    (0)    3 :  0.195 0.207 0.199 0.203 0.196 
1670 CP00015663    (0)    3 :  0.205 0.192 0.199 0.201 0.204 
1671 CP00015624    (0)    3 :  0.199 0.211 0.195 0.197 0.198 
1672 CP00015625    (0)    3 :  0.200 0.192 0.202 0.204 0.201 
1673 CP00015665    (0)    3 :  0.204 0.199 0.202 0.195 0.200 
1674 CP00015664    (0)    3 :  0.194 0.218 0.196 0.194 0.197 
1675 CP00015535    (0)    3 :  0.199 0.216 0.195 0.195 0.195 
1676 CP00015524    (0)    3 :  0.200 0.202 0.200 0.200 0.198 
1677 CP00015653    (0)    3 :  0.200 0.204 0.197 0.199 0.200 
1678 CP00015652    (0)    3 :  0.197 0.196 0.202 0.201 0.203 
1679 CP00015538    (0)    3 :  0.206 0.189 0.201 0.202 0.202 
1680 CP00015642    (0)    3 :  0.201 0.211 0.196 0.196 0.196 
1681 CP00015634    (0)    3 :  0.201 0.194 0.203 0.201 0.201 
1682 CP00015540    (0)    3 :  0.202 0.190 0.204 0.202 0.203 
1683 CP00015552    (0)    3 :  0.196 0.208 0.198 0.200 0.198 
1684 CP00015570    (0)    3 :  0.195 0.206 0.200 0.200 0.199 
1685 CP00015557    (0)    3 :  0.202 0.200 0.198 0.198 0.202 
1686 CP00015662    (0)    3 :  0.201 0.205 0.195 0.197 0.202 
1687 CP00015635    (0)    1 :  0.199 0.202 0.200 0.197 0.201 
1688 CP00015643    (0)    1 :  0.203 0.197 0.200 0.199 0.201 
1689 CP00015646    (0)    1 :  0.200 0.197 0.201 0.202 0.200 
1690 CP00015554    (0)    1 :  0.201 0.191 0.204 0.200 0.204 
1691 CP00015527    (0)    1 :  0.203 0.188 0.203 0.201 0.205 
1692 CP00015523    (0)    1 :  0.201 0.196 0.204 0.198 0.200 
1693 CP00015627    (0)    3 :  0.202 0.187 0.204 0.204 0.203 
1694 CP00015564    (0)    1 :  0.198 0.185 0.206 0.207 0.205 
1695 CP00015560    (0)    1 :  0.202 0.197 0.201 0.199 0.202 
1696 CP00015525    (0)    1 :  0.204 0.190 0.201 0.202 0.203 
1697 CP00015628    (0)    3 :  0.198 0.198 0.199 0.203 0.201 
1698 CP00015651    (0)    1 :  0.199 0.203 0.196 0.204 0.199 
1699 CP00017568    (0)    2 :  0.198 0.194 0.202 0.204 0.202 
1700 CP00017580    (0)    2 :  0.195 0.214 0.198 0.195 0.197 
1701 CP00017575    (0)    2 :  0.207 0.190 0.201 0.201 0.201 
1702 CP00017577    (0)    2 :  0.198 0.195 0.200 0.205 0.202 
1703 CP00017593    (0)    2 :  0.204 0.190 0.201 0.199 0.205 
1704 CP00017560    (0)    2 :  0.197 0.219 0.193 0.195 0.196 
1705 CP00017592    (0)    2 :  0.199 0.198 0.203 0.199 0.202 
1706 CP00017550    (0)    2 :  0.200 0.214 0.194 0.197 0.195 
1707 CP00017614    (0)    2 :  0.200 0.208 0.197 0.197 0.198 
1708 CP00017579    (0)    2 :  0.202 0.183 0.205 0.207 0.203 
1709 CP00017536    (0)    2 :  0.201 0.186 0.205 0.206 0.201 
1710 CP00017538    (0)    2 :  0.198 0.199 0.202 0.202 0.200 
1711 CP00017596    (0)    2 :  0.200 0.210 0.197 0.196 0.197 
1712 CP00017524    (0)    2 :  0.203 0.192 0.202 0.203 0.200 
1713 CP00017543    (0)    2 :  0.195 0.208 0.197 0.202 0.197 
1714 CP00017578    (0)    2 :  0.187 0.254 0.189 0.186 0.185 
1715 CP00017588    (0)    2 :  0.195 0.227 0.192 0.192 0.195 
1716 CP00017539    (0)    2 :  0.197 0.219 0.194 0.196 0.195 
1717 CP00017545    (0)    2 :  0.203 0.200 0.199 0.197 0.200 
1718 CP00017581    (0)    2 :  0.196 0.213 0.197 0.200 0.195 
1719 CP00017527    (0)    2 :  0.196 0.209 0.198 0.200 0.197 
1720 CP00017531    (0)    2 :  0.204 0.186 0.205 0.202 0.202 
1721 CP00017582    (0)    2 :  0.204 0.201 0.197 0.199 0.199 
1722 CP00017554    (0)    2 :  0.203 0.189 0.203 0.202 0.203 
1723 CP00017595    (0)    2 :  0.206 0.183 0.203 0.203 0.204 
1724 CP00017589    (0)    2 :  0.204 0.189 0.200 0.203 0.204 
1725 CP00017541    (0)    2 :  0.202 0.192 0.202 0.202 0.201 
1726 CP00017532    (0)    2 :  0.200 0.192 0.202 0.206 0.200 
1727 CP00017544    (0)    2 :  0.203 0.208 0.198 0.196 0.196 
1728 CP00017561    (0)    2 :  0.201 0.201 0.199 0.200 0.198 
1729 CP00017572    (0)    2 :  0.204 0.193 0.202 0.197 0.204 
1730 CP00017525    (0)    2 :  0.197 0.189 0.204 0.207 0.202 
1731 CP00017523    (0)    2 :  0.197 0.210 0.198 0.196 0.199 
1732 CP00017612    (0)    2 :  0.198 0.201 0.200 0.202 0.199 
1733 CP00017571    (0)    2 :  0.201 0.198 0.197 0.202 0.201 
1734 CP00017613    (0)    2 :  0.194 0.224 0.194 0.193 0.195 
1735 CP00017521    (0)    2 :  0.202 0.199 0.201 0.197 0.201 
1736 CP00017522    (0)    2 :  0.199 0.198 0.201 0.202 0.200 
1737 CP00017540    (0)    2 :  0.197 0.212 0.196 0.198 0.197 
1738 CP00017590    (0)    2 :  0.200 0.199 0.203 0.198 0.201 
1739 CP00017601    (0)    2 :  0.201 0.203 0.197 0.197 0.201 
1740 CP00017576    (0)    2 :  0.207 0.184 0.203 0.200 0.206 
1741 CP00017551    (0)    2 :  0.203 0.194 0.203 0.201 0.199 
1742 CP00017605    (0)    2 :  0.192 0.217 0.195 0.199 0.196 
1743 CP00017570    (0)    2 :  0.200 0.199 0.200 0.201 0.199 
1744 CP00017547    (0)    2 :  0.198 0.192 0.202 0.203 0.205 
1745 CP00017564    (0)    2 :  0.202 0.204 0.197 0.196 0.202 
1746 CP00017585    (0)    2 :  0.200 0.202 0.201 0.196 0.201 
1747 CP00017574    (0)    2 :  0.201 0.197 0.202 0.197 0.203 
1748 CP00017552    (0)    2 :  0.200 0.210 0.198 0.195 0.197 
1749 CP00017537    (0)    2 :  0.205 0.190 0.204 0.204 0.198 
1750 CP00017607    (0)    2 :  0.196 0.217 0.194 0.197 0.196 
1751 CP00017566    (0)    2 :  0.201 0.187 0.204 0.204 0.205 
1752 CP00017617    (0)    2 :  0.207 0.191 0.199 0.203 0.201 
1753 CP00017611    (0)    2 :  0.195 0.205 0.200 0.201 0.200 
1754 CP00017610    (0)    2 :  0.200 0.206 0.199 0.198 0.196 
1755 CP00017562    (0)    2 :  0.205 0.193 0.199 0.199 0.204 
1756 CP00017584    (0)    2 :  0.201 0.192 0.202 0.203 0.202 
1757 CP00017548    (0)    2 :  0.197 0.199 0.201 0.202 0.201 
1758 CP00017597    (0)    2 :  0.200 0.199 0.199 0.202 0.200 
1759 CP00017556    (0)    2 :  0.202 0.191 0.202 0.204 0.200 
1760 CP00017586    (0)    2 :  0.203 0.196 0.199 0.198 0.204 
1761 CP00017549    (0)    2 :  0.201 0.192 0.203 0.201 0.203 
1762 CP00017542    (0)    2 :  0.199 0.200 0.200 0.202 0.200 
1763 CP00017609    (0)    2 :  0.201 0.194 0.203 0.202 0.200 
1764 CP00017553    (0)    2 :  0.199 0.200 0.197 0.203 0.201 
1765 CP00017603    (0)    2 :  0.199 0.193 0.205 0.202 0.202 
1766 CP00017533    (0)    2 :  0.199 0.197 0.200 0.205 0.199 
1767 CP00017535    (0)    2 :  0.197 0.207 0.197 0.198 0.200 
1768 CP00017565    (0)    2 :  0.197 0.187 0.206 0.207 0.203 
1769 CP00017615    (0)    2 :  0.206 0.190 0.201 0.202 0.201 
1770 CP00017619    (0)    2 :  0.204 0.186 0.202 0.201 0.208 
1771 CP00017620    (0)    2 :  0.196 0.212 0.198 0.200 0.195 
1772 CP00017567    (0)    2 :  0.197 0.197 0.201 0.204 0.201 
1773 CP00017529    (0)    2 :  0.202 0.192 0.204 0.203 0.199 
1774 CP00017569    (0)    2 :  0.199 0.218 0.195 0.193 0.195 
1775 CP00017608    (0)    2 :  0.201 0.194 0.201 0.201 0.203 
1776 CP00017558    (0)    2 :  0.199 0.186 0.206 0.207 0.203 
1777 CP00017555    (0)    2 :  0.200 0.194 0.202 0.205 0.199 
1778 CP00017618    (0)    2 :  0.205 0.194 0.200 0.199 0.202 
1779 CP00017557    (0)    2 :  0.198 0.217 0.194 0.195 0.196 
1780 CP00017606    (0)    2 :  0.206 0.190 0.204 0.200 0.201 
1781 CP00017600    (0)    2 :  0.198 0.209 0.196 0.197 0.200 
1782 CP00017583    (0)    2 :  0.208 0.182 0.203 0.202 0.204 
1783 CP00017599    (0)    2 :  0.202 0.186 0.203 0.205 0.204 
1784 CP00017530    (0)    2 :  0.198 0.210 0.195 0.199 0.198 
1785 CP00017546    (0)    2 :  0.204 0.194 0.200 0.200 0.202 
1786 CP00017616    (0)    2 :  0.199 0.207 0.198 0.200 0.197 
1787 CP00017559    (0)    2 :  0.196 0.211 0.196 0.199 0.198 
1788 CP00017563    (0)    2 :  0.202 0.187 0.204 0.203 0.203 
1789 CP00017602    (0)    2 :  0.197 0.199 0.201 0.201 0.202 
1790 CP00017591    (0)    2 :  0.206 0.183 0.203 0.204 0.204 
1791 CP00017598    (0)    2 :  0.204 0.194 0.201 0.199 0.202 
1792 CP00017526    (0)    2 :  0.198 0.208 0.197 0.199 0.197 
1793 CP00017604    (0)    2 :  0.202 0.189 0.206 0.202 0.201 
1794 CP00015690    (0)    1 :  0.192 0.216 0.197 0.197 0.197 
1795 CP00015069    (3)    1 :  0.206 0.187 0.202 0.202 0.203 
1796 CP00015687    (0)    1 :  0.203 0.186 0.204 0.202 0.204 
1797 CP00015708    (0)    1 :  0.204 0.192 0.202 0.198 0.204 
1798 CP00015720    (0)    1 :  0.196 0.225 0.191 0.190 0.197 
1799 CP00049555    (0)    1 :  0.203 0.184 0.206 0.206 0.201 
1800 CP00049558    (0)    1 :  0.196 0.210 0.198 0.197 0.199 
1801 CP00015068    (0)    1 :  0.199 0.200 0.201 0.203 0.197 
1802 CP00015710    (0)    1 :  0.197 0.207 0.198 0.200 0.198 
1803 CP00049570    (0)    1 :  0.202 0.183 0.207 0.204 0.204 
1804 CP00049556    (0)    1 :  0.204 0.195 0.199 0.203 0.199 
1805 CP00049534    (0)    3 :  0.200 0.188 0.204 0.205 0.204 
1806 CP00049543    (0)    3 :  0.200 0.196 0.200 0.203 0.201 
1807 CP00049539    (0)    3 :  0.202 0.194 0.198 0.204 0.202 
1808 CP00049567    (0)    3 :  0.202 0.192 0.204 0.199 0.203 
1809 CP00015706    (0)    1 :  0.201 0.190 0.202 0.202 0.205 
1810 CP00015063    (0)    3 :  0.202 0.196 0.200 0.202 0.200 
1811 CP00015067    (0)    3 :  0.204 0.194 0.199 0.202 0.202 
1812 CP00049536    (0)    3 :  0.194 0.236 0.191 0.192 0.188 
1813 CP00049560    (0)    3 :  0.209 0.189 0.200 0.197 0.206 
1814 CP00049529    (0)    3 :  0.203 0.191 0.201 0.204 0.201 
1815 CP00015699    (0)    1 :  0.204 0.195 0.198 0.202 0.202 
1816 CP00015066    (0)    3 :  0.199 0.196 0.200 0.205 0.201 
1817 CP00015712    (0)    1 :  0.205 0.190 0.205 0.201 0.200 
1818 CP00049526    (0)    3 :  0.199 0.194 0.204 0.201 0.202 
1819 CP00049562    (0)    3 :  0.196 0.208 0.198 0.199 0.198 
1820 CP00049525    (0)    3 :  0.202 0.198 0.199 0.197 0.203 
1821 CP00015689    (0)    1 :  0.201 0.195 0.202 0.201 0.201 
1822 CP00049544    (0)    3 :  0.205 0.191 0.201 0.199 0.204 
1823 CP00049545    (0)    3 :  0.204 0.195 0.203 0.199 0.198 
1824 CP00049541    (0)    3 :  0.203 0.186 0.202 0.207 0.202 
1825 CP00049528    (0)    3 :  0.197 0.211 0.198 0.196 0.199 
1826 CP00049521    (0)    3 :  0.196 0.208 0.196 0.200 0.200 
1827 CP00015709    (0)    1 :  0.199 0.220 0.193 0.193 0.194 
1828 CP00015716    (0)    1 :  0.195 0.209 0.199 0.198 0.198 
1829 CP00015688    (0)    1 :  0.194 0.218 0.197 0.198 0.194 
1830 CP00015700    (0)    1 :  0.199 0.196 0.202 0.204 0.199 
1831 CP00049549    (0)    3 :  0.201 0.201 0.199 0.201 0.198 
1832 CP00049550    (0)    3 :  0.201 0.192 0.204 0.201 0.202 
1833 CP00015070    (0)    3 :  0.196 0.204 0.199 0.203 0.198 
1834 CP00015686    (0)    1 :  0.197 0.220 0.195 0.197 0.192 
1835 CP00015062    (0)    3 :  0.192 0.217 0.197 0.197 0.197 
1836 CP00049563    (0)    3 :  0.197 0.203 0.199 0.202 0.199 
1837 CP00049537    (0)    3 :  0.203 0.194 0.201 0.201 0.201 
1838 CP00049551    (0)    3 :  0.200 0.201 0.201 0.201 0.198 
1839 CP00049535    (0)    3 :  0.198 0.203 0.198 0.200 0.201 
1840 CP00015719    (0)    1 :  0.199 0.219 0.191 0.194 0.197 
1841 CP00015697    (0)    1 :  0.200 0.192 0.201 0.204 0.203 
1842 CP00015714    (0)    1 :  0.194 0.211 0.199 0.198 0.198 
1843 CP00015715    (0)    1 :  0.201 0.200 0.202 0.199 0.198 
1844 CP00049559    (0)    3 :  0.199 0.199 0.202 0.201 0.200 
1845 CP00049566    (0)    3 :  0.195 0.212 0.198 0.196 0.199 
1846 CP00049542    (0)    3 :  0.195 0.212 0.197 0.199 0.196 
1847 CP00049530    (0)    3 :  0.204 0.192 0.203 0.201 0.200 
1848 CP00049532    (0)    3 :  0.204 0.187 0.203 0.202 0.204 
1849 CP00049554    (0)    3 :  0.194 0.219 0.195 0.196 0.195 
1850 CP00049564    (0)    3 :  0.196 0.204 0.201 0.200 0.200 
1851 CP00015702    (0)    1 :  0.199 0.195 0.202 0.203 0.200 
1852 CP00015681    (0)    1 :  0.197 0.206 0.201 0.198 0.198 
1853 CP00015718    (0)    1 :  0.200 0.197 0.201 0.202 0.200 
1854 CP00015698    (0)    1 :  0.196 0.208 0.198 0.200 0.198 
1855 CP00049531    (0)    3 :  0.195 0.213 0.196 0.197 0.198 
1856 CP00049548    (0)    3 :  0.201 0.198 0.202 0.200 0.199 
1857 CP00015695    (0)    1 :  0.196 0.208 0.197 0.202 0.197 
1858 CP00015692    (0)    1 :  0.202 0.196 0.199 0.201 0.203 
1859 CP00015693    (0)    1 :  0.207 0.191 0.202 0.199 0.200 
1860 CP00049522    (0)    3 :  0.204 0.193 0.200 0.201 0.202 
1861 CP00049546    (0)    3 :  0.198 0.199 0.202 0.201 0.199 
1862 CP00049557    (0)    3 :  0.200 0.192 0.200 0.204 0.203 
1863 CP00049533    (0)    3 :  0.202 0.198 0.199 0.200 0.200 
1864 CP00015683    (0)    1 :  0.199 0.191 0.204 0.204 0.202 
1865 CP00015713    (0)    1 :  0.196 0.206 0.201 0.199 0.198 
1866 CP00015684    (0)    1 :  0.200 0.190 0.207 0.200 0.204 
1867 CP00015696    (0)    1 :  0.203 0.190 0.202 0.202 0.202 
1868 CP00049538    (0)    3 :  0.199 0.195 0.201 0.203 0.202 
1869 CP00015705    (0)    1 :  0.202 0.190 0.202 0.203 0.204 
1870 CP00015691    (0)    1 :  0.202 0.198 0.201 0.201 0.199 
1871 CP00049547    (0)    1 :  0.197 0.214 0.198 0.194 0.198 
1872 CP00015065    (0)    1 :  0.201 0.195 0.204 0.202 0.199 
1873 CP00049540    (0)    1 :  0.201 0.189 0.201 0.204 0.205 
1874 CP00015703    (0)    1 :  0.199 0.189 0.207 0.203 0.202 
1875 CP00049552    (0)    1 :  0.207 0.190 0.201 0.199 0.203 
1876 CP00015682    (0)    1 :  0.206 0.190 0.203 0.200 0.201 
1877 CP00015064    (0)    3 :  0.206 0.195 0.199 0.198 0.202 
1878 CP00015685    (0)    1 :  0.202 0.197 0.203 0.199 0.199 
1879 CP00015061    (0)    3 :  0.202 0.204 0.198 0.196 0.200 
1880 CP00021003    (0)    1 :  0.197 0.196 0.202 0.202 0.203 
1881 CP00021007    (0)    1 :  0.196 0.201 0.200 0.202 0.200 
1882 CP00021019    (0)    1 :  0.203 0.195 0.203 0.202 0.197 
1883 CP00020975    (0)    1 :  0.197 0.208 0.199 0.198 0.198 
1884 CP00020971    (0)    1 :  0.200 0.203 0.200 0.201 0.197 
1885 CP00020972    (0)    1 :  0.192 0.210 0.199 0.201 0.197 
1886 CP00020973    (0)    1 :  0.201 0.202 0.197 0.199 0.201 
1887 CP00021002    (0)    1 :  0.209 0.181 0.201 0.200 0.209 
1888 CP00021008    (0)    1 :  0.196 0.215 0.199 0.195 0.196 
1889 CP00021020    (0)    1 :  0.202 0.186 0.204 0.204 0.203 
1890 CP00021016    (0)    1 :  0.202 0.187 0.204 0.206 0.201 
1891 CP00020999    (0)    1 :  0.203 0.189 0.201 0.201 0.206 
1892 CP00021000    (0)    1 :  0.202 0.182 0.205 0.205 0.206 
1893 CP00020996    (0)    1 :  0.200 0.194 0.201 0.203 0.201 
1894 CP00021005    (0)    1 :  0.201 0.196 0.203 0.199 0.201 
1895 CP00020976    (0)    1 :  0.204 0.191 0.200 0.202 0.202 
1896 CP00021009    (0)    1 :  0.203 0.187 0.203 0.207 0.199 
1897 CP00021010    (0)    1 :  0.201 0.188 0.204 0.205 0.202 
1898 CP00020998    (0)    1 :  0.204 0.191 0.201 0.199 0.204 
1899 CP00020997    (0)    1 :  0.201 0.190 0.202 0.203 0.204 
1900 CP00021017    (0)    1 :  0.197 0.208 0.197 0.199 0.198 
1901 CP00021018    (0)    1 :  0.200 0.192 0.204 0.203 0.200 
1902 CP00020974    (0)    1 :  0.198 0.209 0.198 0.198 0.197 
1903 CP00021015    (0)    1 :  0.203 0.186 0.202 0.207 0.201 
1904 CP00021006    (0)    1 :  0.204 0.190 0.202 0.200 0.203 
1905 CP00020991    (0)    1 :  0.194 0.220 0.195 0.197 0.195 
1906 CP00020977    (0)    1 :  0.198 0.186 0.207 0.205 0.204 
1907 CP00020993    (0)    1 :  0.198 0.198 0.201 0.200 0.203 
1908 CP00020995    (0)    1 :  0.196 0.208 0.198 0.200 0.198 
1909 CP00021004    (0)    1 :  0.193 0.224 0.194 0.194 0.194 
1910 CP00020992    (3)    1 :  0.203 0.185 0.204 0.205 0.203 
1911 CP00021001    (0)    1 :  0.198 0.209 0.195 0.199 0.199 
1912 CP00020866    (0)    3 :  0.197 0.214 0.197 0.197 0.195 
1913 CP00020822    (0)    3 :  0.200 0.200 0.199 0.199 0.201 
1914 CP00072624    (0)    3 :  0.205 0.205 0.197 0.196 0.197 
1915 CP00072595    (0)    2 :  0.198 0.204 0.200 0.198 0.199 
1916 CP00072586    (0)    2 :  0.203 0.202 0.200 0.196 0.198 
1917 CP00072605    (0)    3 :  0.202 0.188 0.205 0.200 0.204 
1918 CP00072615    (0)    3 :  0.203 0.191 0.203 0.200 0.203 
1919 CP00072633    (0)    1 :  0.203 0.186 0.204 0.202 0.205 
1920 CP00072589    (0)    2 :  0.193 0.217 0.196 0.198 0.196 
1921 CP00072630    (0)    3 :  0.201 0.192 0.203 0.201 0.203 
1922 CP00072593    (0)    2 :  0.202 0.199 0.199 0.198 0.202 
1923 CP00072614    (0)    3 :  0.199 0.203 0.197 0.200 0.200 
1924 CP00072617    (0)    3 :  0.202 0.192 0.202 0.202 0.202 
1925 CP00072618    (0)    3 :  0.205 0.189 0.201 0.201 0.203 
1926 CP00072583    (0)    2 :  0.202 0.188 0.205 0.201 0.203 
1927 CP00072637    (0)    1 :  0.203 0.191 0.202 0.202 0.202 
1928 CP00072612    (0)    3 :  0.203 0.192 0.202 0.202 0.201 
1929 CP00072579    (0)    1 :  0.204 0.189 0.202 0.204 0.201 
1930 CP00072629    (0)    3 :  0.203 0.195 0.201 0.198 0.203 
1931 CP00072607    (0)    3 :  0.204 0.191 0.204 0.200 0.200 
1932 CP00072613    (0)    3 :  0.201 0.199 0.201 0.197 0.202 
1933 CP00072644    (0)    3 :  0.202 0.187 0.205 0.203 0.203 
1934 CP00072627    (0)    3 :  0.197 0.215 0.194 0.198 0.196 
1935 CP00072584    (0)    2 :  0.196 0.204 0.200 0.202 0.198 
1936 CP00072611    (0)    3 :  0.203 0.190 0.203 0.201 0.203 
1937 CP00072578    (0)    1 :  0.202 0.188 0.203 0.202 0.205 
1938 CP00072608    (0)    3 :  0.203 0.184 0.204 0.206 0.203 
1939 CP00072628    (0)    3 :  0.200 0.212 0.195 0.197 0.195 
1940 CP00072606    (0)    3 :  0.193 0.229 0.194 0.190 0.194 
1941 CP00072645    (0)    3 :  0.199 0.203 0.200 0.199 0.200 
1942 CP00072638    (0)    1 :  0.201 0.191 0.203 0.205 0.200 
1943 CP00072580    (0)    1 :  0.204 0.191 0.203 0.200 0.201 
1944 CP00072588    (0)    2 :  0.200 0.202 0.200 0.198 0.199 
1945 CP00072591    (0)    2 :  0.201 0.197 0.204 0.201 0.197 
1946 CP00072590    (0)    2 :  0.199 0.197 0.201 0.201 0.202 
1947 CP00072592    (0)    2 :  0.200 0.208 0.197 0.197 0.198 
1948 CP00072582    (0)    1 :  0.199 0.212 0.196 0.198 0.195 
1949 CP00072609    (0)    3 :  0.195 0.215 0.197 0.198 0.195 
1950 CP00072635    (0)    1 :  0.199 0.209 0.195 0.200 0.197 
1951 CP00072647    (0)    1 :  0.203 0.200 0.199 0.198 0.201 
1952 CP00072585    (0)    2 :  0.207 0.186 0.203 0.202 0.203 
1953 CP00072587    (0)    2 :  0.205 0.187 0.202 0.205 0.201 
1954 CP00072639    (0)    1 :  0.200 0.207 0.197 0.198 0.198 
1955 CP00072640    (0)    1 :  0.201 0.193 0.204 0.201 0.201 
1956 CP00072625    (0)    3 :  0.201 0.190 0.203 0.208 0.199 
1957 CP00072576    (0)    1 :  0.202 0.199 0.199 0.200 0.199 
1958 CP00072634    (0)    1 :  0.201 0.200 0.203 0.198 0.199 
1959 CP00072619    (0)    3 :  0.198 0.196 0.200 0.205 0.201 
1960 CP00072621    (0)    3 :  0.200 0.199 0.202 0.201 0.198 
1961 CP00072571    (0)    1 :  0.202 0.199 0.200 0.197 0.201 
1962 CP00072646    (0)    1 :  0.201 0.182 0.206 0.206 0.204 
1963 CP00072622    (0)    1 :  0.203 0.192 0.202 0.200 0.202 
1964 CP00072577    (0)    1 :  0.204 0.204 0.196 0.197 0.199 
1965 CP00072610    (0)    3 :  0.204 0.179 0.206 0.207 0.204 
1966 CP00072620    (0)    3 :  0.197 0.190 0.204 0.206 0.202 
1967 CP00072616    (0)    3 :  0.194 0.227 0.194 0.193 0.193 
1968 CP00072623    (0)    3 :  0.200 0.199 0.200 0.201 0.199 
1969 CP00072626    (0)    3 :  0.199 0.190 0.202 0.207 0.202 
1970 CP00072641    (0)    1 :  0.203 0.195 0.202 0.200 0.200 
1971 CP00072642    (0)    3 :  0.200 0.195 0.199 0.202 0.203 
1972 CP00072157    (0)    3 :  0.203 0.186 0.203 0.205 0.204 
1973 CP00072132    (0)    3 :  0.199 0.196 0.203 0.202 0.201 
1974 CP00072144    (0)    3 :  0.195 0.204 0.200 0.202 0.198 
1975 CP00072148    (0)    3 :  0.197 0.195 0.202 0.202 0.203 
1976 CP00072169    (0)    3 :  0.196 0.210 0.198 0.198 0.198 
1977 CP00072133    (0)    3 :  0.199 0.203 0.201 0.197 0.201 
1978 CP00072139    (0)    3 :  0.202 0.187 0.202 0.202 0.206 
1979 CP00072155    (0)    1 :  0.195 0.211 0.198 0.201 0.196 
1980 CP00072143    (0)    1 :  0.194 0.227 0.194 0.191 0.194 
1981 CP00072136    (0)    1 :  0.201 0.188 0.205 0.201 0.205 
1982 CP00075424    (0)    1 :  0.195 0.226 0.193 0.194 0.191 
1983 CP00075416    (0)    1 :  0.204 0.198 0.198 0.200 0.199 
1984 CP00075420    (0)    1 :  0.196 0.208 0.199 0.199 0.198 
1985 CP00072159    (0)    1 :  0.196 0.210 0.198 0.198 0.198 
1986 CP00072137    (0)    1 :  0.202 0.192 0.201 0.204 0.201 
1987 CP00075415    (0)    1 :  0.202 0.194 0.201 0.201 0.201 
1988 CP00072131    (0)    1 :  0.197 0.198 0.203 0.202 0.200 
1989 CP00072156    (0)    1 :  0.196 0.207 0.199 0.200 0.198 
1990 CP00072134    (0)    1 :  0.203 0.192 0.202 0.202 0.202 
1991 CP00072138    (0)    1 :  0.203 0.188 0.204 0.200 0.205 
1992 CP00072142    (0)    1 :  0.194 0.224 0.195 0.192 0.195 
1993 CP00072168    (0)    1 :  0.207 0.194 0.198 0.198 0.204 
1994 CP00072153    (0)    1 :  0.200 0.201 0.201 0.201 0.196 
1995 CP00072154    (0)    1 :  0.203 0.209 0.196 0.196 0.198 
1996 CP00072166    (0)    1 :  0.194 0.208 0.200 0.200 0.197 
1997 CP00075417    (0)    2 :  0.200 0.206 0.198 0.197 0.199 
1998 CP00072152    (0)    2 :  0.196 0.210 0.196 0.198 0.199 
1999 CP00072160    (0)    2 :  0.196 0.210 0.197 0.196 0.201 
2000 CP00072149    (0)    2 :  0.198 0.211 0.196 0.200 0.196 


Estimated Allele Frequencies in each cluster
First column gives estimated ancestral frequencies


Locus 1 : TH01 
6 alleles
0.0% missing data
  93   (0.238) 0.229 0.238 0.245 0.266 0.232 
  60   (0.276) 0.311 0.276 0.286 0.283 0.286 
  80   (0.142) 0.141 0.142 0.165 0.135 0.156 
  90   (0.159) 0.158 0.159 0.156 0.168 0.167 
  70   (0.147) 0.150 0.147 0.137 0.136 0.148 
 100   (0.039) 0.011 0.039 0.011 0.012 0.011 

Locus 2 : D2S1338 
14 alleles
0.0% missing data
 170   (0.198) 0.278 0.199 0.243 0.238 0.270 
 230   (0.117) 0.144 0.117 0.164 0.151 0.130 
 190   (0.082) 0.096 0.082 0.091 0.070 0.074 
 200   (0.127) 0.125 0.127 0.151 0.158 0.157 
 250   (0.077) 0.071 0.077 0.078 0.090 0.081 
 160   (0.101) 0.098 0.101 0.081 0.101 0.098 
 220   (0.045) 0.013 0.045 0.014 0.016 0.013 
 180   (0.075) 0.078 0.075 0.079 0.082 0.079 
 240   (0.090) 0.078 0.090 0.078 0.073 0.077 
 210   (0.050) 0.017 0.050 0.018 0.019 0.017 
 260   (0.022) 0.002 0.022 0.002 0.002 0.002 
 270   (0.010) 0.000 0.010 0.000 0.000 0.000 
 290   (0.002) 0.000 0.002 0.000 0.000 0.000 
 280   (0.002) 0.000 0.002 0.000 0.000 0.000 

Locus 3 : D3S1358 
9 alleles
0.0% missing data
 150   (0.223) 0.251 0.223 0.282 0.271 0.287 
 160   (0.248) 0.275 0.249 0.248 0.235 0.258 
 180   (0.163) 0.162 0.163 0.165 0.165 0.155 
 140   (0.122) 0.090 0.122 0.081 0.076 0.088 
 170   (0.184) 0.212 0.184 0.214 0.244 0.202 
 110   (0.005) 0.000 0.004 0.000 0.000 0.000 
 190   (0.043) 0.009 0.043 0.010 0.010 0.009 
 130   (0.009) 0.000 0.009 0.000 0.000 0.000 
 120   (0.004) 0.000 0.003 0.000 0.000 0.000 

Locus 4 : D8S1179 
10 alleles
0.0% missing data
 120   (0.120) 0.096 0.120 0.106 0.110 0.088 
 130   (0.248) 0.351 0.248 0.321 0.325 0.317 
 140   (0.214) 0.256 0.214 0.258 0.248 0.270 
 150   (0.131) 0.146 0.131 0.147 0.143 0.164 
 100   (0.073) 0.052 0.073 0.055 0.063 0.054 
 160   (0.047) 0.023 0.047 0.022 0.022 0.022 
  90   (0.040) 0.012 0.040 0.013 0.014 0.014 
 110   (0.072) 0.054 0.072 0.067 0.064 0.059 
 170   (0.014) 0.001 0.013 0.001 0.001 0.001 
  80   (0.040) 0.011 0.040 0.011 0.010 0.011 

Locus 5 : D16S539 
8 alleles
0.0% missing data
 100   (0.088) 0.068 0.088 0.078 0.086 0.078 
 110   (0.254) 0.307 0.254 0.293 0.290 0.289 
 120   (0.265) 0.309 0.265 0.305 0.306 0.295 
  90   (0.125) 0.113 0.125 0.101 0.110 0.126 
 130   (0.152) 0.158 0.152 0.174 0.158 0.165 
 140   (0.052) 0.026 0.052 0.029 0.028 0.028 
  80   (0.054) 0.019 0.054 0.020 0.021 0.018 
 150   (0.010) 0.000 0.009 0.000 0.000 0.000 

Locus 6 : D18S51 
17 alleles
0.0% missing data
 110   (0.042) 0.009 0.042 0.010 0.009 0.010 
 140   (0.147) 0.217 0.147 0.210 0.253 0.219 
 180   (0.069) 0.041 0.069 0.047 0.046 0.050 
 120   (0.082) 0.088 0.082 0.112 0.115 0.105 
 160   (0.151) 0.179 0.152 0.177 0.168 0.195 
 170   (0.079) 0.081 0.080 0.080 0.073 0.089 
 130   (0.114) 0.190 0.114 0.162 0.131 0.131 
 150   (0.122) 0.127 0.122 0.139 0.140 0.137 
 210   (0.047) 0.020 0.047 0.018 0.016 0.019 
 200   (0.036) 0.012 0.036 0.013 0.012 0.012 
 100   (0.025) 0.002 0.025 0.003 0.003 0.003 
 190   (0.057) 0.031 0.057 0.030 0.033 0.031 
 250   (0.002) 0.000 0.002 0.000 0.000 0.000 
  90   (0.004) 0.000 0.003 0.000 0.000 0.000 
 240   (0.006) 0.000 0.005 0.000 0.000 0.000 
 220   (0.012) 0.000 0.012 0.000 0.001 0.000 
 230   (0.004) 0.000 0.003 0.000 0.000 0.000 

Locus 7 : D19S433 
16 alleles
0.0% missing data
 120   (0.099) 0.085 0.099 0.095 0.088 0.093 
 130   (0.158) 0.227 0.158 0.255 0.260 0.226 
 132   (0.035) 0.008 0.035 0.008 0.008 0.009 
 150   (0.134) 0.138 0.134 0.125 0.134 0.126 
 140   (0.232) 0.358 0.232 0.328 0.320 0.368 
 110   (0.022) 0.002 0.022 0.002 0.002 0.002 
 160   (0.080) 0.059 0.080 0.063 0.070 0.062 
 162   (0.043) 0.016 0.043 0.015 0.016 0.016 
 142   (0.073) 0.051 0.073 0.057 0.049 0.052 
 152   (0.071) 0.053 0.071 0.049 0.049 0.043 
 170   (0.022) 0.002 0.022 0.002 0.002 0.002 
 182   (0.004) 0.000 0.003 0.000 0.000 0.000 
 172   (0.014) 0.001 0.014 0.001 0.001 0.001 
 180   (0.004) 0.000 0.003 0.000 0.000 0.000 
 122   (0.007) 0.000 0.007 0.000 0.000 0.000 
 100   (0.004) 0.000 0.003 0.000 0.000 0.000 

Locus 8 : D21S11 
16 alleles
0.0% missing data
 280   (0.129) 0.182 0.129 0.158 0.135 0.138 
 322   (0.113) 0.097 0.113 0.105 0.121 0.119 
 290   (0.222) 0.311 0.222 0.316 0.317 0.331 
 312   (0.104) 0.139 0.104 0.127 0.127 0.115 
 320   (0.024) 0.003 0.024 0.003 0.003 0.003 
 300   (0.145) 0.150 0.145 0.176 0.181 0.175 
 270   (0.046) 0.014 0.046 0.015 0.014 0.013 
 302   (0.050) 0.024 0.050 0.025 0.028 0.025 
 310   (0.047) 0.045 0.047 0.035 0.034 0.042 
 332   (0.066) 0.032 0.066 0.036 0.036 0.035 
 342   (0.012) 0.001 0.012 0.001 0.001 0.000 
 260   (0.006) 0.000 0.005 0.000 0.000 0.000 
 292   (0.026) 0.004 0.026 0.004 0.004 0.004 
 330   (0.005) 0.000 0.004 0.000 0.000 0.000 
 340   (0.002) 0.000 0.002 0.000 0.000 0.000 
 352   (0.002) 0.000 0.002 0.000 0.000 0.000 

Locus 9 : FGA 
21 alleles
0.1% missing data
 200   (0.109) 0.121 0.109 0.144 0.130 0.140 
 230   (0.136) 0.185 0.136 0.180 0.177 0.186 
 220   (0.134) 0.186 0.134 0.147 0.181 0.146 
 240   (0.128) 0.151 0.128 0.164 0.166 0.170 
 250   (0.084) 0.089 0.084 0.089 0.083 0.088 
 210   (0.147) 0.175 0.147 0.171 0.148 0.165 
 190   (0.074) 0.060 0.074 0.073 0.085 0.073 
 260   (0.054) 0.024 0.054 0.023 0.020 0.023 
 222   (0.013) 0.001 0.013 0.001 0.001 0.001 
 202   (0.002) 0.000 0.002 0.000 0.000 0.000 
 270   (0.027) 0.004 0.028 0.004 0.004 0.004 
 242   (0.010) 0.000 0.010 0.000 0.000 0.000 
 192   (0.002) 0.000 0.002 0.000 0.000 0.000 
 180   (0.023) 0.002 0.023 0.003 0.002 0.002 
 280   (0.008) 0.000 0.008 0.000 0.000 0.000 
 170   (0.002) 0.000 0.002 0.000 0.000 0.000 
 212   (0.010) 0.000 0.010 0.000 0.000 0.000 
 232   (0.017) 0.001 0.017 0.001 0.001 0.001 
 252   (0.011) 0.000 0.011 0.000 0.000 0.000 
 290   (0.005) 0.000 0.004 0.000 0.000 0.000 
 241   (0.002) 0.000 0.002 0.000 0.000 0.000 

Locus 10 : VWA 
11 alleles
0.1% missing data
 160   (0.164) 0.188 0.164 0.228 0.221 0.225 
 180   (0.205) 0.202 0.205 0.191 0.227 0.202 
 170   (0.251) 0.340 0.251 0.316 0.297 0.308 
 140   (0.118) 0.087 0.118 0.103 0.094 0.090 
 190   (0.084) 0.074 0.084 0.066 0.066 0.078 
 150   (0.113) 0.100 0.113 0.084 0.085 0.087 
 200   (0.039) 0.009 0.039 0.010 0.009 0.009 
 210   (0.007) 0.000 0.007 0.000 0.000 0.000 
 130   (0.006) 0.000 0.006 0.000 0.000 0.000 
 110   (0.012) 0.000 0.012 0.000 0.000 0.000 
 220   (0.002) 0.000 0.002 0.000 0.000 0.000 

Locus 11 : D10S1248 
9 alleles
0.0% missing data
 130   (0.173) 0.186 0.173 0.168 0.178 0.176 
 160   (0.154) 0.127 0.154 0.138 0.155 0.158 
 150   (0.268) 0.315 0.268 0.299 0.268 0.306 
 170   (0.071) 0.038 0.071 0.036 0.044 0.037 
 140   (0.264) 0.327 0.264 0.352 0.347 0.317 
 120   (0.031) 0.004 0.031 0.004 0.005 0.005 
 180   (0.015) 0.001 0.015 0.001 0.001 0.001 
 110   (0.018) 0.001 0.018 0.001 0.001 0.001 
  90   (0.007) 0.000 0.007 0.000 0.000 0.000 

Locus 12 : D22S1045 
9 alleles
0.0% missing data
 150   (0.306) 0.360 0.306 0.350 0.400 0.343 
 160   (0.271) 0.330 0.271 0.312 0.297 0.328 
 140   (0.093) 0.100 0.093 0.082 0.073 0.094 
 110   (0.145) 0.133 0.145 0.161 0.142 0.144 
 170   (0.114) 0.068 0.114 0.085 0.078 0.081 
 120   (0.018) 0.001 0.018 0.001 0.001 0.001 
 180   (0.038) 0.008 0.038 0.009 0.008 0.008 
 130   (0.005) 0.000 0.004 0.000 0.000 0.000 
 190   (0.011) 0.000 0.011 0.000 0.001 0.000 

Locus 13 : D2S441 
11 alleles
0.0% missing data
 140   (0.270) 0.342 0.270 0.324 0.364 0.338 
 160   (0.033) 0.006 0.033 0.007 0.007 0.007 
 100   (0.115) 0.159 0.115 0.141 0.102 0.142 
 130   (0.041) 0.015 0.041 0.012 0.014 0.013 
 113   (0.112) 0.079 0.112 0.088 0.103 0.088 
 110   (0.275) 0.333 0.275 0.356 0.339 0.335 
 150   (0.057) 0.022 0.058 0.024 0.025 0.027 
 120   (0.072) 0.044 0.072 0.047 0.046 0.049 
 123   (0.014) 0.001 0.014 0.001 0.001 0.001 
 101   (0.004) 0.000 0.003 0.000 0.000 0.000 
  90   (0.008) 0.000 0.008 0.000 0.000 0.000 

Locus 14 : D1S1656 
18 alleles
0.0% missing data
 130   (0.070) 0.082 0.070 0.103 0.096 0.111 
 150   (0.135) 0.166 0.135 0.165 0.168 0.193 
 120   (0.105) 0.134 0.105 0.142 0.149 0.111 
 170   (0.063) 0.044 0.063 0.044 0.036 0.044 
 140   (0.084) 0.072 0.084 0.068 0.077 0.074 
 110   (0.079) 0.084 0.079 0.097 0.096 0.077 
 173   (0.092) 0.130 0.093 0.099 0.095 0.097 
 153   (0.062) 0.050 0.062 0.053 0.060 0.053 
 160   (0.114) 0.127 0.114 0.116 0.114 0.134 
 183   (0.061) 0.037 0.061 0.038 0.033 0.037 
 163   (0.073) 0.060 0.074 0.064 0.063 0.060 
 193   (0.034) 0.011 0.034 0.011 0.011 0.009 
 180   (0.012) 0.001 0.012 0.001 0.001 0.001 
 100   (0.004) 0.000 0.003 0.000 0.000 0.000 
 162   (0.002) 0.000 0.002 0.000 0.000 0.000 
 190   (0.002) 0.000 0.002 0.000 0.000 0.000 
  90   (0.002) 0.000 0.002 0.000 0.000 0.000 
 143   (0.002) 0.000 0.002 0.000 0.000 0.000 

Locus 15 : D12S391 
17 alleles
0.0% missing data
 230   (0.064) 0.064 0.064 0.051 0.055 0.061 
 240   (0.051) 0.026 0.051 0.030 0.032 0.026 
 150   (0.066) 0.061 0.066 0.055 0.054 0.050 
 170   (0.093) 0.095 0.093 0.083 0.093 0.093 
 160   (0.044) 0.023 0.044 0.026 0.028 0.026 
 220   (0.103) 0.162 0.103 0.141 0.140 0.141 
 190   (0.104) 0.135 0.104 0.156 0.157 0.132 
 200   (0.089) 0.092 0.089 0.121 0.102 0.125 
 210   (0.076) 0.098 0.076 0.091 0.080 0.098 
 180   (0.149) 0.187 0.149 0.193 0.210 0.196 
 193   (0.033) 0.005 0.033 0.005 0.006 0.005 
 183   (0.053) 0.041 0.053 0.035 0.031 0.034 
 173   (0.015) 0.001 0.015 0.001 0.001 0.001 
 260   (0.020) 0.002 0.020 0.002 0.002 0.002 
 250   (0.034) 0.009 0.034 0.010 0.010 0.010 
 203   (0.002) 0.000 0.002 0.000 0.000 0.000 
 270   (0.002) 0.000 0.002 0.000 0.000 0.000 

Locus 16 : SE33 
55 alleles
0.1% missing data
 242   (0.033) 0.032 0.033 0.035 0.029 0.028 
 302   (0.038) 0.035 0.038 0.034 0.034 0.036 
 200   (0.041) 0.066 0.041 0.054 0.053 0.069 
 190   (0.043) 0.110 0.043 0.124 0.133 0.127 
 252   (0.035) 0.024 0.035 0.024 0.023 0.028 
 232   (0.036) 0.037 0.036 0.035 0.034 0.034 
 312   (0.029) 0.017 0.029 0.018 0.017 0.015 
 180   (0.053) 0.077 0.053 0.096 0.111 0.079 
 160   (0.040) 0.063 0.040 0.083 0.064 0.053 
 272   (0.040) 0.071 0.040 0.060 0.057 0.061 
 170   (0.044) 0.121 0.044 0.104 0.068 0.133 
 222   (0.035) 0.032 0.035 0.035 0.040 0.039 
 332   (0.018) 0.002 0.018 0.002 0.002 0.002 
 262   (0.042) 0.051 0.042 0.045 0.050 0.040 
 292   (0.033) 0.068 0.033 0.077 0.081 0.070 
 140   (0.032) 0.016 0.032 0.019 0.018 0.015 
 210   (0.029) 0.025 0.029 0.030 0.032 0.031 
 202   (0.017) 0.001 0.018 0.002 0.002 0.001 
 220   (0.022) 0.003 0.022 0.003 0.003 0.003 
 360   (0.008) 0.000 0.008 0.000 0.000 0.000 
 330   (0.019) 0.002 0.019 0.002 0.002 0.002 
 282   (0.054) 0.105 0.054 0.075 0.100 0.091 
 150   (0.038) 0.026 0.038 0.027 0.031 0.028 
 120   (0.011) 0.001 0.011 0.001 0.001 0.000 
 153   (0.003) 0.000 0.003 0.000 0.000 0.000 
 163   (0.003) 0.000 0.003 0.000 0.000 0.000 
 212   (0.030) 0.005 0.031 0.006 0.006 0.006 
 132   (0.007) 0.000 0.007 0.000 0.000 0.000 
 340   (0.015) 0.001 0.016 0.001 0.001 0.001 
 273   (0.011) 0.001 0.011 0.000 0.001 0.000 
 322   (0.025) 0.004 0.025 0.004 0.005 0.005 
 290   (0.006) 0.000 0.006 0.000 0.000 0.000 
 192   (0.007) 0.000 0.006 0.000 0.000 0.000 
 280   (0.004) 0.000 0.004 0.000 0.000 0.000 
 230   (0.006) 0.000 0.006 0.000 0.000 0.000 
 342   (0.010) 0.000 0.010 0.000 0.000 0.000 
 320   (0.004) 0.000 0.004 0.000 0.000 0.000 
 240   (0.002) 0.000 0.002 0.000 0.000 0.000 
 130   (0.011) 0.000 0.011 0.000 0.000 0.000 
 161   (0.006) 0.000 0.006 0.000 0.000 0.000 
 350   (0.014) 0.001 0.014 0.001 0.001 0.001 
 173   (0.007) 0.000 0.007 0.000 0.000 0.000 
 162   (0.002) 0.000 0.002 0.000 0.000 0.000 
  80   (0.002) 0.000 0.002 0.000 0.000 0.000 
 110   (0.005) 0.000 0.004 0.000 0.000 0.000 
 260   (0.002) 0.000 0.002 0.000 0.000 0.000 
 152   (0.003) 0.000 0.003 0.000 0.000 0.000 
 370   (0.003) 0.000 0.003 0.000 0.000 0.000 
 142   (0.003) 0.000 0.003 0.000 0.000 0.000 
 122   (0.002) 0.000 0.002 0.000 0.000 0.000 
 250   (0.002) 0.000 0.002 0.000 0.000 0.000 
 270   (0.002) 0.000 0.002 0.000 0.000 0.000 
  90   (0.002) 0.000 0.002 0.000 0.000 0.000 
 193   (0.003) 0.000 0.002 0.000 0.000 0.000 
 352   (0.003) 0.000 0.003 0.000 0.000 0.000 

Values of parameters used in structure:
DATAFILE=Albania_2000_STRUCTURE.txt,	OUTFILE=primary_output/Albania_primary_K05_rep07,	NUMINDS=2000,	NUMLOCI=16,	MISSING=-9,	LABEL=1,	POPDATA=1,	POPFLAG=0,	PHENOTYPE=0,	EXTRACOLS=0,	MAXPOPS=5,	BURNIN=100000,	NUMREPS=500000,	USEPOPINFO=0,	INFERALPHA=1,	INFERLAMBDA=0,	POPSPECIFICLAMBDA=0,	POPALPHAS=0,	COMPUTEPROB=1,	NOADMIX=0,	ADMBURNIN=500,	UPDATEFREQ=100,	PRINTLIKES=0,	INTERMEDSAVE=0,	PRINTKLD=0,	PRINTNET=1,	PRINTLAMBDA=1,	ANCESTDIST=0,	NUMBOXES=1000,	ANCESTPINT=0.90000,	GENSBACK=2,	MIGRPRIOR=0.01000,	PRINTQHAT=0,	PRINTQSUM=1,	ALPHA=1.0000,	FREQSCORR=1,	FPRIORMEAN=0.0100,	FPRIORSD=0.0500,	ONEFST=0,	LAMBDA=1.0000,	UNIFPRIORALPHA=1,	ALPHAMAX=10.0000,	ALPHAPRIORA=1.0000,	ALPHAPRIORB=2.0000,	ALPHAPROPSD=0.0250,	STARTATPOPINFO=0,	RANDOMIZE=0,	LINKAGE=0,	METROFREQ=10,	REPORTHITRATE=0,	MARKOVPHASE=0,	PHASED=0,	PLOIDY=2,	PHASEINFO=0	LOCPRIOR=0, 	LOCPRIORINIT=1.000000, 	LOCDATA=0, 	LOCISPOP=1, 	LOCPRIORSTEP=0.100000, 	MAXLOCPRIOR=20.000000, 	SEED=20265812,	
[STRAT parameters]:    NUMSIMSTATS=1000,	PHENOTYPECOL=-9,	POOLFREQ=10,	LOCUSxONLY=0,	EMERROR=0.00100,	MISSINGPHENO=-9,	