

----------------------------------------------------
STRUCTURE by Pritchard, Stephens and Donnelly (2000)
     and Falush, Stephens and Pritchard (2003)
       Code by Pritchard, Falush and Hubisz
             Version 2.3.4 (Jul 2012)
----------------------------------------------------



Command line arguments:   ./structure -m mainparams_primary -e extraparams_primary -i Albania_2000_STRUCTURE.txt -o primary_output/Albania_primary_K05_rep06 -K 5 -N 2000 -L 16 -D 20265811 
Input File:    Albania_2000_STRUCTURE.txt

Run parameters:
   2000 individuals
   16 loci
   5 populations assumed
   100000 Burn-in period
   500000 Reps
RANDOMIZE turned off


--------------------------------------------
Proportion of membership of each pre-defined
 population in each of the 5 clusters

Given    Inferred Clusters                     Number of
 Pop       1      2      3      4      5      Individuals

  1:     0.200  0.200  0.200  0.200  0.199      358
  2:     0.200  0.200  0.200  0.200  0.199      1039
  3:     0.200  0.200  0.200  0.200  0.201      603
--------------------------------------------

Allele-freq. divergence among pops (Net nucleotide distance),
computed using point estimates of P.

      1       2       3       4       5      
 1      -    0.0054  0.0019  0.0016  0.0059  
 2   0.0054     -    0.0019  0.0024  0.0075  
 3   0.0019  0.0019     -    0.0007  0.0048  
 4   0.0016  0.0024  0.0007     -    0.0057  
 5   0.0059  0.0075  0.0048  0.0057     -    

Average distances (expected heterozygosity) between individuals in same cluster:
cluster  1  : 0.8112 
cluster  2  : 0.8076 
cluster  3  : 0.8151 
cluster  4  : 0.8111 
cluster  5  : 0.8573 

--------------------------------------------
Estimated Ln Prob of Data   = -129339.0
Mean value of ln likelihood = -125097.7
Variance of ln likelihood   = 8482.7
Mean value of alpha         = 8.4197

Mean value of Fst_1         = 0.2146
Mean value of Fst_2         = 0.2316
Mean value of Fst_3         = 0.2132
Mean value of Fst_4         = 0.2189
Mean value of Fst_5         = 0.0000


Inferred ancestry of individuals:
        Label (%Miss) Pop:  Inferred clusters
  1 CP00019943    (0)    2 :  0.195 0.204 0.199 0.197 0.206 
  2 CP00019945    (0)    2 :  0.201 0.193 0.197 0.202 0.207 
  3 CP00019948    (0)    2 :  0.198 0.205 0.203 0.204 0.191 
  4 CP00019939    (0)    2 :  0.200 0.194 0.198 0.198 0.211 
  5 CP00019944    (0)    2 :  0.200 0.194 0.200 0.201 0.205 
  6 CP00019712    (0)    2 :  0.201 0.198 0.200 0.202 0.198 
  7 CP00019695    (0)    2 :  0.205 0.202 0.202 0.205 0.186 
  8 CP00019928    (0)    2 :  0.205 0.208 0.203 0.202 0.183 
  9 CP00019983    (0)    2 :  0.204 0.195 0.202 0.203 0.197 
 10 CP00019707    (0)    2 :  0.202 0.195 0.196 0.197 0.209 
 11 CP00020015    (0)    2 :  0.198 0.201 0.202 0.201 0.198 
 12 CP00019692    (0)    2 :  0.198 0.211 0.202 0.204 0.185 
 13 CP00019715    (0)    2 :  0.204 0.197 0.200 0.203 0.196 
 14 CP00019713    (0)    2 :  0.201 0.203 0.204 0.206 0.187 
 15 CP00019708    (0)    2 :  0.200 0.202 0.201 0.205 0.193 
 16 CP00019699    (0)    2 :  0.207 0.200 0.202 0.201 0.190 
 17 CP00019681    (0)    2 :  0.199 0.207 0.199 0.203 0.193 
 18 CP00019680    (0)    2 :  0.200 0.196 0.198 0.199 0.206 
 19 CP00019679    (0)    2 :  0.203 0.192 0.196 0.194 0.215 
 20 CP00019927    (0)    2 :  0.199 0.199 0.203 0.201 0.198 
 21 CP00019690    (0)    2 :  0.200 0.196 0.198 0.198 0.208 
 22 CP00019687    (0)    2 :  0.199 0.196 0.200 0.197 0.208 
 23 CP00019701    (0)    2 :  0.193 0.202 0.197 0.197 0.212 
 24 CP00019709    (0)    2 :  0.193 0.197 0.194 0.195 0.221 
 25 CP00019717    (0)    2 :  0.205 0.205 0.204 0.201 0.184 
 26 CP00019718    (0)    2 :  0.201 0.208 0.204 0.201 0.187 
 27 CP00020007    (0)    2 :  0.197 0.206 0.202 0.205 0.190 
 28 CP00019934    (0)    2 :  0.202 0.202 0.202 0.204 0.190 
 29 CP00019979    (0)    2 :  0.200 0.207 0.203 0.202 0.188 
 30 CP00019935    (0)    2 :  0.199 0.215 0.204 0.200 0.183 
 31 CP00020005    (0)    2 :  0.202 0.203 0.202 0.207 0.186 
 32 CP00019988    (0)    2 :  0.198 0.195 0.198 0.197 0.212 
 33 CP00019685    (0)    2 :  0.195 0.204 0.202 0.199 0.200 
 34 CP00019706    (0)    2 :  0.206 0.194 0.195 0.200 0.206 
 35 CP00019703    (0)    2 :  0.203 0.194 0.198 0.197 0.207 
 36 CP00019704    (0)    2 :  0.199 0.201 0.202 0.203 0.196 
 37 CP00019705    (0)    2 :  0.201 0.195 0.196 0.197 0.212 
 38 CP00019710    (0)    2 :  0.194 0.203 0.198 0.200 0.205 
 39 CP00019940    (0)    2 :  0.206 0.201 0.202 0.203 0.188 
 40 CP00019985    (0)    2 :  0.193 0.197 0.194 0.194 0.221 
 41 CP00020006    (0)    2 :  0.207 0.197 0.200 0.201 0.194 
 42 CP00019981    (0)    2 :  0.206 0.197 0.202 0.203 0.192 
 43 CP00020003    (0)    2 :  0.200 0.205 0.202 0.204 0.188 
 44 CP00020004    (0)    2 :  0.201 0.204 0.201 0.205 0.189 
 45 CP00019946    (0)    2 :  0.203 0.204 0.202 0.202 0.189 
 46 CP00019941    (0)    2 :  0.199 0.210 0.203 0.207 0.181 
 47 CP00020002    (0)    2 :  0.199 0.204 0.201 0.202 0.193 
 48 CP00020323    (0)    2 :  0.201 0.188 0.194 0.194 0.222 
 49 CP00020008    (0)    2 :  0.200 0.202 0.201 0.202 0.195 
 50 CP00019716    (0)    2 :  0.202 0.204 0.203 0.199 0.191 
 51 CP00019982    (0)    2 :  0.204 0.200 0.203 0.202 0.191 
 52 CP00019942    (0)    2 :  0.200 0.206 0.203 0.208 0.183 
 53 CP00020018    (0)    2 :  0.194 0.207 0.199 0.198 0.203 
 54 CP00019933    (0)    2 :  0.191 0.199 0.195 0.192 0.223 
 55 CP00020019    (0)    2 :  0.203 0.203 0.201 0.202 0.191 
 56 CP00019688    (0)    2 :  0.203 0.206 0.204 0.204 0.183 
 57 CP00019926    (0)    2 :  0.198 0.199 0.203 0.198 0.202 
 58 CP00020001    (0)    2 :  0.197 0.198 0.203 0.196 0.206 
 59 CP00019698    (0)    2 :  0.188 0.192 0.192 0.191 0.237 
 60 CP00019672    (0)    2 :  0.203 0.201 0.197 0.203 0.196 
 61 CP00019673    (0)    2 :  0.201 0.200 0.200 0.202 0.196 
 62 CP00019691    (0)    2 :  0.193 0.191 0.194 0.191 0.230 
 63 CP00019947    (0)    2 :  0.200 0.198 0.202 0.199 0.201 
 64 CP00019676    (0)    2 :  0.206 0.201 0.204 0.206 0.184 
 65 CP00020000    (0)    2 :  0.204 0.196 0.199 0.199 0.202 
 66 CP00019674    (0)    2 :  0.197 0.207 0.201 0.205 0.190 
 67 CP00019989    (0)    2 :  0.193 0.193 0.193 0.193 0.228 
 68 CP00020017    (0)    2 :  0.204 0.191 0.196 0.197 0.213 
 69 CP00019686    (0)    2 :  0.190 0.190 0.192 0.188 0.240 
 70 CP00019980    (0)    2 :  0.201 0.198 0.200 0.197 0.205 
 71 CP00020016    (0)    2 :  0.201 0.203 0.201 0.201 0.193 
 72 CP00019978    (0)    2 :  0.203 0.206 0.205 0.205 0.182 
 73 CP00019720    (0)    2 :  0.199 0.198 0.200 0.198 0.204 
 74 CP00019693    (0)    2 :  0.201 0.198 0.200 0.197 0.205 
 75 CP00019998    (0)    2 :  0.208 0.197 0.202 0.204 0.189 
 76 CP00019694    (0)    2 :  0.199 0.201 0.204 0.200 0.196 
 77 CP00019675    (0)    2 :  0.201 0.204 0.201 0.201 0.192 
 78 CP00019671    (0)    2 :  0.198 0.205 0.197 0.198 0.202 
 79 CP00019714    (0)    2 :  0.199 0.213 0.202 0.203 0.183 
 80 CP00019937    (0)    2 :  0.203 0.200 0.200 0.201 0.195 
 81 CP00020324    (0)    2 :  0.203 0.204 0.204 0.198 0.190 
 82 CP00020020    (0)    2 :  0.194 0.195 0.192 0.194 0.225 
 83 CP00019696    (0)    2 :  0.203 0.200 0.202 0.205 0.190 
 84 CP00019689    (0)    2 :  0.197 0.202 0.202 0.201 0.197 
 85 CP00019702    (0)    2 :  0.193 0.199 0.195 0.196 0.217 
 86 CP00019993    (0)    2 :  0.204 0.200 0.201 0.203 0.191 
 87 CP00019999    (0)    2 :  0.201 0.191 0.196 0.197 0.215 
 88 CP00019700    (0)    2 :  0.198 0.196 0.201 0.197 0.207 
 89 CP00019936    (0)    2 :  0.200 0.206 0.203 0.201 0.190 
 90 CP00019984    (0)    2 :  0.211 0.191 0.199 0.203 0.197 
 91 CP00019684    (0)    2 :  0.198 0.202 0.202 0.200 0.198 
 92 CP00019719    (0)    2 :  0.201 0.201 0.205 0.203 0.191 
 93 CP00020103    (0)    2 :  0.198 0.192 0.197 0.195 0.218 
 94 CP00020105    (0)    2 :  0.200 0.203 0.202 0.202 0.194 
 95 CP00020072    (0)    2 :  0.200 0.201 0.203 0.201 0.195 
 96 CP00020086    (0)    2 :  0.205 0.199 0.199 0.202 0.194 
 97 CP00020107    (0)    2 :  0.199 0.196 0.198 0.196 0.211 
 98 CP00020106    (0)    2 :  0.204 0.200 0.201 0.203 0.192 
 99 CP00020089    (0)    2 :  0.202 0.205 0.208 0.201 0.185 
100 CP00020094    (0)    2 :  0.199 0.206 0.203 0.203 0.189 
101 CP00020037    (0)    2 :  0.197 0.198 0.199 0.196 0.210 
102 CP00020069    (0)    2 :  0.198 0.195 0.200 0.201 0.207 
103 CP00020112    (0)    2 :  0.213 0.193 0.200 0.205 0.189 
104 CP00020083    (0)    2 :  0.203 0.196 0.200 0.199 0.202 
105 CP00020099    (0)    2 :  0.195 0.204 0.198 0.199 0.203 
106 CP00020092    (0)    2 :  0.200 0.200 0.200 0.199 0.202 
107 CP00020097    (0)    2 :  0.205 0.202 0.203 0.204 0.186 
108 CP00020098    (0)    2 :  0.197 0.198 0.202 0.201 0.202 
109 CP00020102    (0)    2 :  0.203 0.212 0.203 0.197 0.185 
110 CP00020117    (0)    2 :  0.196 0.214 0.203 0.203 0.184 
111 CP00020085    (0)    2 :  0.200 0.198 0.200 0.200 0.202 
112 CP00020078    (0)    2 :  0.196 0.194 0.197 0.199 0.214 
113 CP00020111    (0)    2 :  0.198 0.206 0.202 0.206 0.188 
114 CP00020053    (0)    2 :  0.202 0.204 0.198 0.201 0.195 
115 CP00020021    (0)    2 :  0.202 0.197 0.202 0.199 0.200 
116 CP00020041    (0)    2 :  0.200 0.204 0.207 0.200 0.190 
117 CP00020047    (0)    2 :  0.206 0.198 0.201 0.205 0.189 
118 CP00020064    (0)    2 :  0.192 0.193 0.192 0.195 0.228 
119 CP00020065    (0)    2 :  0.201 0.201 0.203 0.204 0.192 
120 CP00020046    (0)    2 :  0.203 0.199 0.203 0.206 0.189 
121 CP00020025    (0)    2 :  0.199 0.196 0.196 0.198 0.211 
122 CP00020022    (0)    2 :  0.206 0.197 0.202 0.202 0.192 
123 CP00020028    (0)    2 :  0.204 0.202 0.204 0.202 0.188 
124 CP00020062    (0)    2 :  0.201 0.207 0.206 0.199 0.188 
125 CP00020023    (0)    2 :  0.206 0.198 0.203 0.204 0.188 
126 CP00020059    (0)    2 :  0.198 0.199 0.199 0.196 0.208 
127 CP00020060    (0)    2 :  0.201 0.209 0.204 0.201 0.186 
128 CP00020057    (0)    2 :  0.209 0.198 0.201 0.205 0.187 
129 CP00020119    (0)    2 :  0.195 0.209 0.201 0.197 0.198 
130 CP00020073    (0)    2 :  0.203 0.199 0.200 0.199 0.199 
131 CP00020055    (0)    2 :  0.198 0.205 0.205 0.203 0.188 
132 CP00020071    (0)    2 :  0.198 0.202 0.196 0.199 0.205 
133 CP00020087    (0)    2 :  0.200 0.196 0.198 0.197 0.210 
134 CP00020116    (0)    2 :  0.199 0.203 0.201 0.205 0.192 
135 CP00020052    (0)    2 :  0.208 0.197 0.203 0.206 0.186 
136 CP00020067    (0)    2 :  0.194 0.203 0.197 0.201 0.206 
137 CP00020070    (0)    2 :  0.201 0.205 0.203 0.203 0.187 
138 CP00020036    (0)    2 :  0.203 0.196 0.202 0.203 0.196 
139 CP00020029    (0)    2 :  0.203 0.197 0.200 0.201 0.199 
140 CP00020031    (0)    2 :  0.202 0.197 0.199 0.200 0.201 
141 CP00020108    (0)    2 :  0.209 0.199 0.200 0.204 0.188 
142 CP00020109    (0)    2 :  0.199 0.196 0.199 0.196 0.210 
143 CP00020101    (0)    2 :  0.199 0.200 0.203 0.198 0.200 
144 CP00020076    (0)    2 :  0.199 0.201 0.200 0.202 0.198 
145 CP00020104    (0)    2 :  0.200 0.200 0.205 0.204 0.191 
146 CP00020077    (0)    2 :  0.203 0.204 0.201 0.202 0.189 
147 CP00020088    (0)    2 :  0.203 0.208 0.201 0.200 0.187 
148 CP00020100    (0)    2 :  0.200 0.200 0.200 0.199 0.201 
149 CP00020096    (0)    2 :  0.198 0.212 0.206 0.202 0.183 
150 CP00020095    (0)    2 :  0.207 0.196 0.202 0.202 0.193 
151 CP00020090    (0)    2 :  0.205 0.193 0.199 0.200 0.203 
152 CP00020061    (0)    2 :  0.202 0.208 0.202 0.202 0.186 
153 CP00020093    (0)    2 :  0.204 0.194 0.201 0.200 0.202 
154 CP00020058    (0)    2 :  0.205 0.197 0.200 0.201 0.197 
155 CP00020056    (0)    2 :  0.205 0.201 0.204 0.204 0.187 
156 CP00020054    (0)    2 :  0.199 0.198 0.201 0.199 0.203 
157 CP00020034    (0)    2 :  0.202 0.199 0.205 0.203 0.192 
158 CP00020030    (0)    2 :  0.194 0.190 0.195 0.196 0.225 
159 CP00020066    (0)    2 :  0.200 0.207 0.203 0.204 0.186 
160 CP00020068    (0)    2 :  0.197 0.196 0.198 0.197 0.212 
161 CP00020032    (0)    2 :  0.198 0.194 0.196 0.196 0.217 
162 CP00020039    (0)    2 :  0.199 0.206 0.205 0.202 0.187 
163 CP00020038    (0)    2 :  0.198 0.203 0.202 0.201 0.196 
164 CP00020026    (0)    2 :  0.201 0.204 0.203 0.202 0.190 
165 CP00020048    (0)    2 :  0.200 0.202 0.199 0.200 0.200 
166 CP00020079    (0)    2 :  0.208 0.196 0.204 0.202 0.190 
167 CP00020120    (0)    2 :  0.202 0.200 0.202 0.201 0.196 
168 CP00020074    (0)    2 :  0.205 0.197 0.202 0.203 0.194 
169 CP00020115    (0)    2 :  0.201 0.210 0.204 0.205 0.181 
170 CP00020080    (0)    2 :  0.202 0.201 0.199 0.203 0.196 
171 CP00020091    (0)    2 :  0.194 0.193 0.193 0.194 0.225 
172 CP00020081    (0)    2 :  0.201 0.208 0.203 0.204 0.185 
173 CP00020082    (0)    2 :  0.202 0.194 0.197 0.198 0.209 
174 CP00019591    (0)    2 :  0.201 0.206 0.204 0.200 0.189 
175 CP00019572    (0)    2 :  0.190 0.200 0.198 0.197 0.215 
176 CP00020202    (0)    2 :  0.206 0.202 0.201 0.202 0.189 
177 CP00019610    (0)    2 :  0.194 0.194 0.195 0.194 0.224 
178 CP00019595    (0)    2 :  0.195 0.210 0.203 0.204 0.188 
179 CP00019607    (0)    2 :  0.196 0.199 0.196 0.195 0.215 
180 CP00020203    (0)    2 :  0.201 0.191 0.196 0.197 0.215 
181 CP00020187    (0)    2 :  0.200 0.195 0.195 0.199 0.210 
182 CP00020185    (0)    2 :  0.199 0.201 0.198 0.198 0.204 
183 CP00020206    (0)    2 :  0.195 0.200 0.201 0.202 0.203 
184 CP00020190    (0)    2 :  0.203 0.196 0.203 0.205 0.193 
185 CP00020209    (0)    2 :  0.198 0.203 0.204 0.201 0.193 
186 CP00020200    (0)    2 :  0.197 0.196 0.199 0.200 0.208 
187 CP00020213    (0)    2 :  0.201 0.198 0.201 0.201 0.199 
188 CP00020218    (0)    2 :  0.194 0.198 0.195 0.196 0.217 
189 CP00020186    (0)    2 :  0.199 0.203 0.202 0.199 0.196 
190 CP00019575    (0)    2 :  0.201 0.195 0.200 0.198 0.207 
191 CP00020215    (0)    2 :  0.200 0.203 0.198 0.198 0.201 
192 CP00020219    (0)    2 :  0.199 0.189 0.194 0.199 0.219 
193 CP00020180    (0)    2 :  0.204 0.204 0.205 0.203 0.185 
194 CP00019612    (0)    2 :  0.205 0.200 0.202 0.200 0.193 
195 CP00020220    (0)    2 :  0.203 0.195 0.198 0.196 0.208 
196 CP00020217    (0)    2 :  0.199 0.209 0.201 0.201 0.189 
197 CP00020216    (0)    2 :  0.201 0.205 0.201 0.199 0.193 
198 CP00020211    (0)    2 :  0.200 0.202 0.204 0.202 0.192 
199 CP00020212    (0)    2 :  0.201 0.204 0.203 0.203 0.190 
200 CP00020205    (0)    2 :  0.193 0.201 0.199 0.200 0.208 
201 CP00019614    (0)    2 :  0.195 0.205 0.200 0.200 0.200 
202 CP00020177    (0)    2 :  0.195 0.208 0.199 0.197 0.200 
203 CP00019587    (0)    2 :  0.201 0.201 0.200 0.197 0.200 
204 CP00019602    (0)    2 :  0.202 0.197 0.200 0.201 0.201 
205 CP00019605    (0)    2 :  0.198 0.196 0.200 0.199 0.207 
206 CP00019590    (0)    2 :  0.194 0.205 0.200 0.201 0.200 
207 CP00019592    (0)    2 :  0.205 0.198 0.202 0.203 0.193 
208 CP00019603    (0)    2 :  0.201 0.204 0.202 0.208 0.185 
209 CP00019597    (0)    2 :  0.199 0.190 0.194 0.196 0.221 
210 CP00019582    (0)    2 :  0.205 0.196 0.202 0.200 0.196 
211 CP00019578    (0)    2 :  0.199 0.204 0.198 0.200 0.199 
212 CP00020176    (0)    2 :  0.199 0.198 0.200 0.198 0.204 
213 CP00020173    (0)    2 :  0.200 0.201 0.200 0.202 0.197 
214 CP00019580    (0)    2 :  0.205 0.199 0.201 0.199 0.196 
215 CP00019571    (0)    2 :  0.198 0.205 0.199 0.196 0.203 
216 CP00020192    (0)    2 :  0.199 0.193 0.194 0.197 0.217 
217 CP00020208    (0)    2 :  0.203 0.201 0.204 0.205 0.187 
218 CP00020188    (0)    2 :  0.195 0.199 0.198 0.201 0.206 
219 CP00020171    (0)    2 :  0.199 0.199 0.198 0.200 0.204 
220 CP00020195    (0)    2 :  0.201 0.197 0.203 0.202 0.196 
221 CP00020196    (0)    2 :  0.206 0.198 0.201 0.199 0.196 
222 CP00020261    (0)    2 :  0.203 0.201 0.201 0.202 0.193 
223 CP00020181    (0)    2 :  0.203 0.202 0.204 0.200 0.191 
224 CP00020183    (0)    2 :  0.203 0.199 0.200 0.204 0.195 
225 CP00020199    (0)    2 :  0.202 0.201 0.202 0.205 0.189 
226 CP00020182    (0)    2 :  0.204 0.200 0.203 0.204 0.188 
227 CP00019609    (0)    2 :  0.192 0.198 0.196 0.195 0.219 
228 CP00019588    (0)    2 :  0.195 0.201 0.194 0.193 0.218 
229 CP00019598    (0)    2 :  0.199 0.209 0.202 0.201 0.188 
230 CP00019604    (0)    2 :  0.196 0.196 0.198 0.198 0.213 
231 CP00019615    (0)    2 :  0.204 0.201 0.202 0.201 0.192 
232 CP00020214    (0)    2 :  0.197 0.194 0.198 0.196 0.215 
233 CP00020184    (0)    2 :  0.205 0.202 0.204 0.205 0.184 
234 CP00020172    (0)    2 :  0.190 0.198 0.194 0.193 0.225 
235 CP00020179    (0)    2 :  0.192 0.195 0.198 0.197 0.218 
236 CP00019586    (0)    2 :  0.208 0.203 0.201 0.204 0.184 
237 CP00019583    (0)    2 :  0.203 0.204 0.204 0.204 0.185 
238 CP00019599    (0)    2 :  0.205 0.201 0.203 0.204 0.186 
239 CP00019596    (0)    2 :  0.203 0.193 0.198 0.202 0.204 
240 CP00019589    (0)    2 :  0.208 0.202 0.202 0.205 0.183 
241 CP00019606    (0)    2 :  0.198 0.207 0.203 0.200 0.192 
242 CP00020178    (0)    2 :  0.193 0.215 0.200 0.200 0.192 
243 CP00020175    (0)    2 :  0.197 0.202 0.201 0.204 0.196 
244 CP00020174    (0)    2 :  0.201 0.202 0.202 0.202 0.193 
245 CP00019584    (0)    2 :  0.198 0.205 0.200 0.199 0.198 
246 CP00019574    (0)    2 :  0.199 0.201 0.200 0.196 0.204 
247 CP00020204    (0)    2 :  0.208 0.199 0.200 0.200 0.194 
248 CP00019611    (0)    2 :  0.195 0.200 0.199 0.196 0.210 
249 CP00020201    (0)    2 :  0.205 0.198 0.202 0.202 0.192 
250 CP00020210    (0)    2 :  0.193 0.196 0.192 0.192 0.228 
251 CP00020207    (0)    2 :  0.202 0.200 0.200 0.200 0.197 
252 CP00020194    (0)    2 :  0.206 0.197 0.202 0.199 0.196 
253 CP00020191    (0)    2 :  0.204 0.203 0.203 0.202 0.188 
254 CP00020193    (0)    2 :  0.200 0.200 0.201 0.200 0.199 
255 CP00019619    (0)    2 :  0.194 0.196 0.196 0.199 0.214 
256 CP00020398    (0)    2 :  0.203 0.205 0.203 0.200 0.190 
257 CP00020377    (0)    2 :  0.207 0.192 0.198 0.203 0.200 
258 CP00020412    (0)    2 :  0.200 0.203 0.200 0.203 0.195 
259 CP00020400    (0)    2 :  0.200 0.209 0.204 0.205 0.182 
260 CP00020399    (0)    2 :  0.195 0.206 0.201 0.195 0.202 
261 CP00020379    (0)    2 :  0.202 0.201 0.202 0.199 0.196 
262 CP00020393    (0)    2 :  0.202 0.198 0.201 0.206 0.192 
263 CP00020411    (0)    2 :  0.202 0.206 0.200 0.200 0.192 
264 CP00020374    (0)    2 :  0.196 0.203 0.204 0.204 0.193 
265 CP00019876    (0)    2 :  0.197 0.199 0.201 0.202 0.200 
266 CP00019892    (0)    2 :  0.198 0.196 0.195 0.197 0.214 
267 CP00019919    (0)    2 :  0.196 0.197 0.196 0.194 0.217 
268 CP00020418    (0)    2 :  0.201 0.201 0.204 0.202 0.191 
269 CP00019893    (0)    2 :  0.201 0.205 0.205 0.203 0.186 
270 CP00019889    (0)    2 :  0.206 0.197 0.202 0.203 0.193 
271 CP00019904    (0)    2 :  0.206 0.203 0.202 0.203 0.186 
272 CP00019909    (0)    2 :  0.196 0.200 0.195 0.196 0.213 
273 CP00020392    (0)    2 :  0.203 0.205 0.201 0.205 0.186 
274 CP00020387    (0)    2 :  0.202 0.203 0.204 0.206 0.187 
275 CP00019872    (0)    2 :  0.199 0.207 0.203 0.197 0.193 
276 CP00020395    (0)    2 :  0.203 0.195 0.198 0.200 0.204 
277 CP00020378    (0)    2 :  0.201 0.194 0.197 0.198 0.210 
278 CP00020417    (0)    2 :  0.201 0.193 0.198 0.196 0.212 
279 CP00019887    (0)    2 :  0.203 0.203 0.202 0.206 0.186 
280 CP00019884    (0)    2 :  0.197 0.197 0.200 0.198 0.208 
281 CP00019907    (0)    2 :  0.194 0.190 0.194 0.194 0.228 
282 CP00019874    (0)    2 :  0.196 0.206 0.203 0.200 0.194 
283 CP00019881    (0)    2 :  0.196 0.207 0.198 0.201 0.199 
284 CP00019871    (0)    2 :  0.196 0.203 0.201 0.200 0.200 
285 CP00019878    (0)    2 :  0.207 0.201 0.201 0.204 0.186 
286 CP00019901    (0)    2 :  0.202 0.199 0.203 0.202 0.194 
287 CP00019879    (0)    2 :  0.209 0.194 0.202 0.204 0.192 
288 CP00019902    (0)    2 :  0.198 0.189 0.197 0.197 0.219 
289 CP00019913    (0)    2 :  0.200 0.204 0.203 0.204 0.189 
290 CP00019875    (0)    2 :  0.192 0.193 0.191 0.193 0.231 
291 CP00019912    (0)    2 :  0.198 0.202 0.200 0.195 0.205 
292 CP00019898    (0)    2 :  0.189 0.197 0.196 0.193 0.225 
293 CP00019910    (0)    2 :  0.205 0.200 0.203 0.206 0.187 
294 CP00020416    (0)    2 :  0.204 0.198 0.200 0.203 0.196 
295 CP00020396    (0)    2 :  0.206 0.195 0.201 0.202 0.196 
296 CP00019900    (0)    2 :  0.198 0.198 0.199 0.201 0.203 
297 CP00019899    (0)    2 :  0.202 0.197 0.200 0.202 0.199 
298 CP00019883    (0)    2 :  0.199 0.201 0.198 0.203 0.199 
299 CP00020409    (0)    2 :  0.195 0.202 0.202 0.200 0.200 
300 CP00020415    (0)    2 :  0.196 0.197 0.200 0.196 0.210 
301 CP00020419    (0)    2 :  0.203 0.194 0.198 0.199 0.206 
302 CP00019905    (0)    2 :  0.199 0.202 0.201 0.197 0.200 
303 CP00020385    (0)    2 :  0.204 0.202 0.204 0.206 0.184 
304 CP00019920    (0)    2 :  0.197 0.198 0.199 0.200 0.205 
305 CP00019890    (0)    2 :  0.201 0.207 0.202 0.200 0.191 
306 CP00019896    (0)    2 :  0.200 0.201 0.200 0.199 0.200 
307 CP00020382    (0)    2 :  0.196 0.196 0.197 0.199 0.212 
308 CP00020381    (0)    2 :  0.197 0.202 0.200 0.197 0.205 
309 CP00020384    (0)    2 :  0.202 0.197 0.201 0.201 0.199 
310 CP00020410    (0)    2 :  0.197 0.202 0.203 0.200 0.198 
311 CP00019915    (0)    2 :  0.200 0.201 0.200 0.205 0.194 
312 CP00019885    (0)    2 :  0.193 0.193 0.192 0.193 0.229 
313 CP00020371    (0)    2 :  0.190 0.195 0.194 0.192 0.228 
314 CP00020372    (0)    2 :  0.199 0.197 0.197 0.197 0.210 
315 CP00020402    (0)    2 :  0.203 0.196 0.201 0.198 0.203 
316 CP00020414    (0)    2 :  0.197 0.192 0.196 0.195 0.220 
317 CP00020386    (0)    2 :  0.208 0.195 0.203 0.202 0.192 
318 CP00020389    (0)    2 :  0.194 0.203 0.200 0.196 0.207 
319 CP00020388    (0)    2 :  0.205 0.196 0.201 0.204 0.194 
320 CP00020413    (3)    2 :  0.201 0.200 0.198 0.200 0.200 
321 CP00020376    (0)    2 :  0.202 0.203 0.201 0.203 0.191 
322 CP00020407    (0)    2 :  0.206 0.198 0.199 0.199 0.198 
323 CP00020406    (0)    2 :  0.207 0.195 0.202 0.204 0.191 
324 CP00019873    (0)    2 :  0.194 0.210 0.200 0.199 0.197 
325 CP00019888    (0)    2 :  0.195 0.195 0.196 0.196 0.219 
326 CP00019877    (0)    2 :  0.201 0.198 0.197 0.196 0.207 
327 CP00019894    (0)    2 :  0.198 0.205 0.200 0.199 0.198 
328 CP00020375    (0)    2 :  0.193 0.193 0.195 0.193 0.226 
329 CP00020404    (0)    2 :  0.199 0.201 0.202 0.200 0.197 
330 CP00020391    (0)    2 :  0.209 0.192 0.200 0.202 0.197 
331 CP00020380    (0)    2 :  0.196 0.203 0.199 0.198 0.204 
332 CP00020408    (0)    2 :  0.207 0.201 0.203 0.206 0.184 
333 CP00020397    (0)    2 :  0.202 0.198 0.199 0.202 0.200 
334 CP00019891    (0)    2 :  0.199 0.195 0.201 0.199 0.206 
335 CP00019917    (0)    2 :  0.199 0.198 0.200 0.197 0.206 
336 CP00019906    (0)    2 :  0.204 0.202 0.204 0.203 0.187 
337 CP00019916    (0)    2 :  0.202 0.198 0.203 0.200 0.198 
338 CP00019908    (0)    2 :  0.202 0.201 0.201 0.200 0.196 
339 CP00020373    (0)    2 :  0.197 0.205 0.200 0.207 0.190 
340 CP00020383    (0)    2 :  0.194 0.206 0.202 0.196 0.202 
341 CP00019882    (0)    2 :  0.204 0.199 0.200 0.201 0.197 
342 CP00019903    (0)    2 :  0.193 0.202 0.192 0.193 0.219 
343 CP00020401    (0)    2 :  0.200 0.203 0.204 0.201 0.193 
344 CP00020403    (0)    2 :  0.198 0.205 0.201 0.201 0.194 
345 CP00019886    (0)    2 :  0.198 0.204 0.197 0.196 0.204 
346 CP00020405    (0)    2 :  0.195 0.199 0.195 0.196 0.214 
347 CP00020390    (0)    2 :  0.203 0.203 0.203 0.203 0.188 
348 CP00019911    (0)    2 :  0.202 0.199 0.203 0.200 0.196 
349 CP00019897    (0)    2 :  0.197 0.199 0.199 0.201 0.204 
350 CP00020420    (0)    2 :  0.198 0.207 0.204 0.204 0.187 
351 CP00019895    (0)    2 :  0.196 0.200 0.200 0.201 0.204 
352 CP00019918    (0)    2 :  0.187 0.199 0.192 0.192 0.230 
353 CP00019808    (0)    2 :  0.198 0.204 0.199 0.198 0.201 
354 CP00019779    (0)    2 :  0.198 0.207 0.203 0.203 0.189 
355 CP00019789    (0)    2 :  0.204 0.205 0.205 0.204 0.182 
356 CP00019791    (0)    2 :  0.202 0.211 0.200 0.197 0.189 
357 CP00019799    (0)    2 :  0.196 0.194 0.196 0.197 0.218 
358 CP00019790    (0)    2 :  0.199 0.197 0.198 0.197 0.209 
359 CP00019834    (0)    2 :  0.198 0.209 0.206 0.204 0.183 
360 CP00019801    (0)    2 :  0.207 0.202 0.202 0.199 0.190 
361 CP00019782    (0)    2 :  0.191 0.187 0.190 0.192 0.241 
362 CP00019867    (0)    2 :  0.203 0.200 0.200 0.201 0.197 
363 CP00019845    (0)    2 :  0.194 0.198 0.196 0.194 0.217 
364 CP00019792    (0)    2 :  0.203 0.194 0.201 0.202 0.200 
365 CP00019860    (0)    2 :  0.196 0.201 0.201 0.202 0.201 
366 CP00019858    (0)    2 :  0.200 0.198 0.200 0.200 0.202 
367 CP00019856    (0)    2 :  0.203 0.193 0.197 0.199 0.209 
368 CP00019857    (0)    2 :  0.202 0.208 0.204 0.205 0.182 
369 CP00019828    (0)    2 :  0.199 0.199 0.199 0.197 0.206 
370 CP00019821    (0)    2 :  0.200 0.194 0.197 0.200 0.208 
371 CP00019863    (0)    2 :  0.201 0.197 0.199 0.196 0.207 
372 CP00019846    (0)    2 :  0.196 0.202 0.198 0.201 0.203 
373 CP00019825    (0)    2 :  0.195 0.197 0.199 0.199 0.209 
374 CP00019824    (0)    2 :  0.200 0.200 0.197 0.194 0.209 
375 CP00019838    (0)    2 :  0.198 0.204 0.200 0.202 0.197 
376 CP00019868    (0)    2 :  0.198 0.215 0.204 0.200 0.184 
377 CP00019835    (0)    2 :  0.199 0.204 0.202 0.202 0.193 
378 CP00019836    (0)    2 :  0.203 0.197 0.201 0.201 0.199 
379 CP00019870    (0)    2 :  0.202 0.202 0.204 0.206 0.186 
380 CP00019833    (0)    2 :  0.194 0.200 0.200 0.200 0.205 
381 CP00019826    (0)    2 :  0.202 0.197 0.201 0.202 0.197 
382 CP00019837    (0)    2 :  0.198 0.200 0.199 0.198 0.205 
383 CP00019830    (0)    2 :  0.195 0.196 0.196 0.194 0.218 
384 CP00019822    (0)    2 :  0.202 0.196 0.197 0.203 0.202 
385 CP00019866    (0)    2 :  0.201 0.215 0.201 0.199 0.184 
386 CP00019829    (0)    2 :  0.201 0.199 0.200 0.204 0.196 
387 CP00019841    (0)    2 :  0.202 0.203 0.204 0.203 0.188 
388 CP00019831    (0)    2 :  0.201 0.208 0.204 0.201 0.186 
389 CP00019774    (0)    2 :  0.204 0.195 0.200 0.204 0.198 
390 CP00019847    (0)    2 :  0.202 0.206 0.202 0.199 0.191 
391 CP00019851    (0)    2 :  0.195 0.191 0.193 0.196 0.225 
392 CP00019844    (0)    2 :  0.205 0.200 0.203 0.205 0.187 
393 CP00019823    (0)    2 :  0.195 0.199 0.201 0.202 0.203 
394 CP00019842    (0)    2 :  0.202 0.205 0.199 0.199 0.194 
395 CP00019859    (0)    2 :  0.201 0.206 0.203 0.201 0.190 
396 CP00019827    (0)    2 :  0.200 0.201 0.203 0.202 0.194 
397 CP00019862    (0)    2 :  0.201 0.202 0.202 0.202 0.194 
398 CP00019864    (0)    2 :  0.201 0.200 0.195 0.196 0.208 
399 CP00019861    (0)    2 :  0.197 0.198 0.196 0.196 0.213 
400 CP00019865    (0)    2 :  0.203 0.198 0.205 0.204 0.190 
401 CP00019819    (0)    2 :  0.199 0.202 0.200 0.200 0.198 
402 CP00019778    (0)    2 :  0.199 0.199 0.201 0.199 0.203 
403 CP00019796    (0)    2 :  0.202 0.203 0.202 0.204 0.190 
404 CP00019803    (0)    2 :  0.196 0.200 0.200 0.200 0.204 
405 CP00019804    (0)    2 :  0.204 0.199 0.205 0.202 0.189 
406 CP00019775    (0)    2 :  0.202 0.204 0.201 0.204 0.189 
407 CP00019780    (0)    2 :  0.206 0.196 0.201 0.201 0.197 
408 CP00019820    (0)    2 :  0.197 0.204 0.200 0.198 0.201 
409 CP00019787    (0)    2 :  0.190 0.209 0.196 0.193 0.212 
410 CP00019771    (0)    2 :  0.197 0.206 0.205 0.207 0.185 
411 CP00019793    (0)    2 :  0.196 0.212 0.203 0.204 0.185 
412 CP00019788    (0)    2 :  0.201 0.193 0.198 0.201 0.207 
413 CP00019781    (0)    2 :  0.202 0.198 0.201 0.206 0.193 
414 CP00019797    (0)    2 :  0.198 0.196 0.197 0.196 0.213 
415 CP00019807    (0)    2 :  0.194 0.204 0.199 0.203 0.200 
416 CP00019800    (0)    2 :  0.206 0.195 0.203 0.201 0.195 
417 CP00019813    (0)    2 :  0.198 0.212 0.203 0.199 0.187 
418 CP00019814    (0)    2 :  0.201 0.207 0.201 0.200 0.191 
419 CP00019772    (0)    2 :  0.209 0.189 0.196 0.194 0.212 
420 CP00019794    (0)    2 :  0.196 0.201 0.200 0.199 0.204 
421 CP00019839    (0)    2 :  0.199 0.197 0.195 0.200 0.209 
422 CP00019854    (0)    2 :  0.197 0.209 0.203 0.202 0.189 
423 CP00019852    (0)    2 :  0.195 0.207 0.199 0.201 0.198 
424 CP00019855    (0)    2 :  0.199 0.198 0.200 0.199 0.203 
425 CP00019805    (0)    2 :  0.197 0.203 0.200 0.195 0.205 
426 CP00019843    (0)    2 :  0.200 0.206 0.204 0.200 0.189 
427 CP00019811    (0)    2 :  0.202 0.203 0.202 0.198 0.195 
428 CP00019817    (0)    2 :  0.205 0.197 0.201 0.204 0.193 
429 CP00019832    (0)    2 :  0.198 0.197 0.198 0.198 0.209 
430 CP00019773    (0)    2 :  0.201 0.202 0.200 0.202 0.195 
431 CP00019850    (0)    2 :  0.200 0.195 0.198 0.201 0.206 
432 CP00019853    (0)    2 :  0.199 0.202 0.206 0.204 0.190 
433 CP00019785    (0)    2 :  0.203 0.193 0.198 0.200 0.205 
434 CP00019815    (0)    2 :  0.201 0.197 0.198 0.200 0.204 
435 CP00019809    (0)    2 :  0.202 0.206 0.201 0.204 0.187 
436 CP00019840    (0)    2 :  0.196 0.203 0.201 0.199 0.202 
437 CP00019776    (0)    2 :  0.204 0.202 0.201 0.202 0.191 
438 CP00019816    (0)    2 :  0.199 0.197 0.196 0.196 0.212 
439 CP00019810    (0)    2 :  0.201 0.194 0.195 0.201 0.208 
440 CP00019848    (0)    2 :  0.202 0.199 0.198 0.203 0.197 
441 CP00019806    (0)    2 :  0.207 0.195 0.201 0.204 0.193 
442 CP00019812    (0)    2 :  0.198 0.212 0.205 0.202 0.182 
443 CP00019818    (0)    2 :  0.208 0.208 0.200 0.203 0.182 
444 CP00019849    (0)    2 :  0.204 0.193 0.198 0.202 0.203 
445 CP00019786    (0)    2 :  0.206 0.194 0.199 0.202 0.199 
446 CP00019783    (0)    2 :  0.202 0.197 0.198 0.202 0.201 
447 CP00019802    (0)    2 :  0.197 0.202 0.198 0.198 0.205 
448 CP00020014    (0)    2 :  0.198 0.201 0.203 0.199 0.197 
449 CP00021063    (0)    2 :  0.197 0.197 0.196 0.193 0.217 
450 CP00021052    (3)    2 :  0.206 0.194 0.198 0.201 0.201 
451 CP00019924    (0)    2 :  0.199 0.210 0.200 0.199 0.192 
452 CP00020013    (0)    2 :  0.195 0.194 0.194 0.194 0.223 
453 CP00019953    (0)    2 :  0.206 0.199 0.202 0.203 0.191 
454 CP00021046    (0)    2 :  0.198 0.197 0.198 0.201 0.206 
455 CP00019969    (0)    2 :  0.195 0.206 0.200 0.199 0.200 
456 CP00021024    (0)    2 :  0.198 0.192 0.197 0.196 0.217 
457 CP00019990    (0)    2 :  0.203 0.201 0.207 0.203 0.187 
458 CP00019976    (0)    2 :  0.198 0.204 0.197 0.194 0.207 
459 CP00019975    (0)    2 :  0.194 0.195 0.196 0.195 0.219 
460 CP00019994    (0)    2 :  0.202 0.209 0.205 0.202 0.183 
461 CP00020266    (0)    2 :  0.206 0.197 0.203 0.203 0.191 
462 CP00019977    (0)    2 :  0.207 0.200 0.204 0.207 0.182 
463 CP00021043    (0)    2 :  0.191 0.193 0.194 0.194 0.228 
464 CP00021030    (0)    2 :  0.204 0.202 0.200 0.203 0.191 
465 CP00019959    (0)    2 :  0.195 0.193 0.196 0.193 0.224 
466 CP00019997    (0)    2 :  0.205 0.200 0.201 0.199 0.196 
467 CP00019929    (0)    2 :  0.195 0.207 0.203 0.195 0.199 
468 CP00021047    (0)    2 :  0.200 0.198 0.201 0.200 0.202 
469 CP00019677    (0)    2 :  0.207 0.202 0.203 0.205 0.183 
470 CP00020322    (0)    2 :  0.200 0.207 0.204 0.201 0.188 
471 CP00020265    (0)    2 :  0.200 0.206 0.204 0.202 0.188 
472 CP00021036    (0)    2 :  0.206 0.203 0.205 0.205 0.182 
473 CP00020328    (0)    2 :  0.197 0.202 0.199 0.197 0.204 
474 CP00020267    (0)    2 :  0.206 0.201 0.204 0.204 0.185 
475 CP00021045    (0)    2 :  0.212 0.194 0.198 0.199 0.197 
476 CP00021038    (0)    2 :  0.199 0.197 0.197 0.200 0.207 
477 CP00021027    (0)    2 :  0.201 0.201 0.204 0.204 0.189 
478 CP00020330    (0)    2 :  0.195 0.212 0.202 0.201 0.189 
479 CP00019957    (0)    2 :  0.203 0.204 0.202 0.202 0.190 
480 CP00019956    (0)    2 :  0.195 0.202 0.202 0.200 0.200 
481 CP00021025    (0)    2 :  0.197 0.205 0.204 0.199 0.194 
482 CP00021040    (0)    2 :  0.197 0.198 0.201 0.201 0.203 
483 CP00021044    (0)    2 :  0.196 0.193 0.195 0.194 0.222 
484 CP00021051    (0)    2 :  0.190 0.205 0.196 0.195 0.214 
485 CP00021058    (0)    2 :  0.207 0.197 0.201 0.205 0.190 
486 CP00019932    (0)    2 :  0.202 0.198 0.198 0.197 0.204 
487 CP00021060    (0)    2 :  0.200 0.209 0.205 0.204 0.182 
488 CP00021032    (0)    2 :  0.194 0.200 0.196 0.198 0.211 
489 CP00021048    (0)    2 :  0.194 0.217 0.201 0.195 0.193 
490 CP00021034    (0)    2 :  0.203 0.195 0.203 0.204 0.195 
491 CP00020262    (0)    2 :  0.202 0.203 0.203 0.201 0.190 
492 CP00021050    (0)    2 :  0.200 0.194 0.199 0.202 0.205 
493 CP00019950    (0)    2 :  0.207 0.203 0.201 0.200 0.189 
494 CP00019921    (0)    2 :  0.200 0.201 0.201 0.203 0.194 
495 CP00021023    (0)    2 :  0.196 0.196 0.201 0.200 0.207 
496 CP00019996    (0)    2 :  0.204 0.205 0.204 0.202 0.185 
497 CP00019949    (0)    2 :  0.204 0.202 0.202 0.203 0.190 
498 CP00019970    (0)    2 :  0.202 0.197 0.201 0.201 0.198 
499 CP00020329    (0)    2 :  0.202 0.192 0.196 0.197 0.213 
500 CP00019930    (0)    2 :  0.198 0.199 0.202 0.200 0.201 
501 CP00020009    (0)    2 :  0.209 0.194 0.200 0.204 0.193 
502 CP00021039    (0)    2 :  0.199 0.192 0.200 0.202 0.208 
503 CP00021061    (0)    2 :  0.200 0.200 0.199 0.199 0.202 
504 CP00021021    (0)    2 :  0.203 0.198 0.201 0.200 0.198 
505 CP00020327    (0)    2 :  0.198 0.198 0.198 0.198 0.209 
506 CP00021028    (0)    2 :  0.195 0.213 0.201 0.204 0.187 
507 CP00020263    (0)    2 :  0.207 0.198 0.202 0.204 0.189 
508 CP00019960    (0)    2 :  0.193 0.188 0.191 0.192 0.235 
509 CP00019922    (0)    2 :  0.202 0.202 0.204 0.202 0.189 
510 CP00019995    (0)    2 :  0.200 0.197 0.200 0.200 0.204 
511 CP00021062    (0)    2 :  0.204 0.202 0.202 0.204 0.189 
512 CP00021059    (0)    2 :  0.195 0.211 0.200 0.198 0.196 
513 CP00020011    (0)    2 :  0.200 0.205 0.201 0.199 0.195 
514 CP00019951    (0)    2 :  0.197 0.198 0.196 0.196 0.213 
515 CP00020268    (0)    2 :  0.201 0.201 0.200 0.200 0.197 
516 CP00019678    (0)    2 :  0.197 0.199 0.202 0.201 0.201 
517 CP00019952    (0)    2 :  0.192 0.202 0.197 0.195 0.214 
518 CP00021037    (0)    2 :  0.201 0.193 0.200 0.203 0.203 
519 CP00021042    (0)    2 :  0.196 0.206 0.204 0.202 0.192 
520 CP00021041    (0)    2 :  0.194 0.195 0.197 0.196 0.219 
521 CP00020010    (0)    2 :  0.203 0.200 0.201 0.203 0.193 
522 CP00021056    (0)    2 :  0.198 0.191 0.197 0.197 0.218 
523 CP00020012    (0)    2 :  0.198 0.197 0.201 0.199 0.205 
524 CP00021031    (0)    2 :  0.202 0.197 0.201 0.197 0.202 
525 CP00019958    (0)    2 :  0.204 0.206 0.200 0.202 0.188 
526 CP00019971    (0)    2 :  0.196 0.210 0.203 0.199 0.192 
527 CP00021026    (0)    2 :  0.200 0.203 0.203 0.204 0.190 
528 CP00020321    (0)    2 :  0.209 0.198 0.201 0.201 0.191 
529 CP00019972    (0)    2 :  0.200 0.190 0.193 0.195 0.222 
530 CP00021035    (0)    2 :  0.190 0.208 0.197 0.196 0.209 
531 CP00020264    (0)    2 :  0.201 0.202 0.203 0.200 0.195 
532 CP00021049    (0)    2 :  0.200 0.202 0.202 0.202 0.194 
533 CP00021033    (0)    2 :  0.193 0.198 0.195 0.194 0.220 
534 CP00019954    (0)    2 :  0.202 0.204 0.200 0.200 0.193 
535 CP00019931    (0)    2 :  0.197 0.206 0.205 0.204 0.188 
536 CP00021054    (0)    2 :  0.202 0.207 0.200 0.203 0.188 
537 CP00021029    (0)    2 :  0.190 0.196 0.195 0.198 0.221 
538 CP00021053    (0)    2 :  0.205 0.199 0.202 0.199 0.196 
539 CP00021022    (0)    2 :  0.198 0.197 0.198 0.196 0.211 
540 CP00021055    (0)    2 :  0.209 0.201 0.203 0.205 0.181 
541 CP00020718    (0)    2 :  0.204 0.203 0.201 0.205 0.187 
542 CP00020716    (0)    2 :  0.202 0.207 0.203 0.204 0.184 
543 CP00020696    (0)    2 :  0.200 0.197 0.198 0.196 0.209 
544 CP00020714    (0)    2 :  0.200 0.205 0.204 0.203 0.188 
545 CP00020682    (0)    2 :  0.203 0.199 0.201 0.199 0.199 
546 CP00020698    (0)    2 :  0.202 0.205 0.204 0.202 0.187 
547 CP00020697    (0)    2 :  0.195 0.198 0.194 0.192 0.221 
548 CP00020688    (0)    2 :  0.202 0.204 0.201 0.199 0.195 
549 CP00020687    (0)    2 :  0.207 0.197 0.201 0.203 0.193 
550 CP00020675    (0)    2 :  0.205 0.196 0.198 0.200 0.200 
551 CP00020717    (0)    2 :  0.201 0.204 0.203 0.200 0.193 
552 CP00020676    (0)    2 :  0.201 0.204 0.201 0.199 0.195 
553 CP00020704    (0)    2 :  0.202 0.210 0.202 0.201 0.185 
554 CP00020686    (0)    2 :  0.204 0.201 0.201 0.206 0.188 
555 CP00020699    (0)    2 :  0.199 0.196 0.196 0.200 0.210 
556 CP00020700    (0)    2 :  0.196 0.202 0.200 0.196 0.206 
557 CP00020689    (0)    2 :  0.202 0.194 0.198 0.200 0.206 
558 CP00020566    (0)    2 :  0.205 0.202 0.202 0.204 0.187 
559 CP00020360    (0)    2 :  0.199 0.209 0.201 0.206 0.185 
560 CP00020345    (0)    2 :  0.200 0.203 0.203 0.204 0.189 
561 CP00020357    (0)    2 :  0.211 0.196 0.198 0.202 0.192 
562 CP00020352    (0)    2 :  0.202 0.204 0.202 0.201 0.190 
563 CP00020353    (0)    2 :  0.205 0.202 0.202 0.201 0.190 
564 CP00020342    (0)    2 :  0.200 0.204 0.200 0.199 0.197 
565 CP00020367    (0)    2 :  0.193 0.186 0.192 0.193 0.236 
566 CP00020561    (0)    2 :  0.206 0.197 0.203 0.203 0.191 
567 CP00020343    (0)    2 :  0.207 0.195 0.201 0.200 0.197 
568 CP00020569    (0)    2 :  0.203 0.204 0.204 0.200 0.190 
569 CP00020554    (0)    2 :  0.199 0.201 0.200 0.202 0.197 
570 CP00020355    (0)    2 :  0.199 0.206 0.201 0.200 0.195 
571 CP00020356    (0)    2 :  0.199 0.204 0.204 0.204 0.190 
572 CP00020562    (0)    2 :  0.192 0.193 0.194 0.194 0.227 
573 CP00020563    (0)    2 :  0.200 0.199 0.200 0.202 0.200 
574 CP00020564    (0)    2 :  0.201 0.192 0.198 0.200 0.210 
575 CP00020341    (0)    2 :  0.200 0.193 0.195 0.196 0.215 
576 CP00020695    (0)    2 :  0.208 0.202 0.204 0.205 0.181 
577 CP00020363    (0)    2 :  0.203 0.200 0.201 0.204 0.192 
578 CP00020362    (0)    2 :  0.200 0.213 0.201 0.205 0.182 
579 CP00020359    (0)    2 :  0.196 0.206 0.200 0.200 0.198 
580 CP00020551    (0)    2 :  0.198 0.205 0.201 0.202 0.195 
581 CP00020365    (0)    2 :  0.196 0.205 0.204 0.202 0.194 
582 CP00020712    (0)    2 :  0.198 0.201 0.200 0.198 0.203 
583 CP00020556    (0)    2 :  0.194 0.211 0.206 0.202 0.187 
584 CP00020559    (0)    2 :  0.204 0.198 0.201 0.204 0.193 
585 CP00020350    (0)    2 :  0.200 0.204 0.202 0.203 0.192 
586 CP00020570    (0)    2 :  0.198 0.208 0.201 0.199 0.195 
587 CP00020552    (0)    2 :  0.202 0.203 0.204 0.201 0.189 
588 CP00020560    (0)    2 :  0.200 0.198 0.203 0.206 0.193 
589 CP00020567    (0)    2 :  0.201 0.204 0.201 0.198 0.196 
590 CP00020346    (0)    2 :  0.206 0.200 0.201 0.203 0.190 
591 CP00020347    (0)    2 :  0.212 0.194 0.201 0.204 0.189 
592 CP00020558    (0)    2 :  0.197 0.207 0.203 0.201 0.192 
593 CP00020557    (0)    2 :  0.207 0.198 0.201 0.204 0.191 
594 CP00020361    (0)    2 :  0.200 0.195 0.199 0.203 0.202 
595 CP00020368    (0)    2 :  0.195 0.201 0.199 0.200 0.204 
596 CP00020348    (0)    2 :  0.192 0.197 0.197 0.199 0.215 
597 CP00020370    (0)    2 :  0.205 0.197 0.200 0.200 0.199 
598 CP00020358    (0)    2 :  0.204 0.193 0.201 0.202 0.200 
599 CP00020349    (0)    2 :  0.201 0.198 0.202 0.203 0.197 
600 CP00020553    (0)    2 :  0.203 0.194 0.200 0.199 0.204 
601 CP00020344    (0)    2 :  0.197 0.210 0.202 0.205 0.185 
602 CP00020555    (0)    2 :  0.203 0.202 0.200 0.204 0.191 
603 CP00020354    (0)    2 :  0.202 0.204 0.202 0.201 0.191 
604 CP00020565    (0)    2 :  0.201 0.207 0.204 0.203 0.185 
605 CP00020690    (0)    2 :  0.207 0.194 0.199 0.201 0.199 
606 CP00020702    (0)    2 :  0.199 0.197 0.199 0.203 0.203 
607 CP00020711    (0)    2 :  0.203 0.207 0.205 0.202 0.182 
608 CP00020692    (0)    2 :  0.201 0.195 0.199 0.198 0.208 
609 CP00020685    (0)    2 :  0.197 0.202 0.201 0.204 0.196 
610 CP00020703    (0)    2 :  0.201 0.200 0.202 0.202 0.195 
611 CP00020681    (0)    2 :  0.201 0.201 0.200 0.199 0.198 
612 CP00020706    (0)    2 :  0.198 0.197 0.201 0.198 0.206 
613 CP00020710    (0)    2 :  0.199 0.201 0.203 0.201 0.195 
614 CP00020672    (0)    2 :  0.200 0.203 0.201 0.202 0.194 
615 CP00020677    (0)    2 :  0.201 0.205 0.199 0.199 0.197 
616 CP00020691    (0)    2 :  0.200 0.203 0.201 0.205 0.192 
617 CP00020680    (0)    2 :  0.203 0.198 0.198 0.197 0.204 
618 CP00020709    (0)    2 :  0.197 0.200 0.199 0.197 0.207 
619 CP00020679    (0)    2 :  0.192 0.201 0.198 0.196 0.213 
620 CP00020671    (0)    2 :  0.199 0.200 0.198 0.198 0.205 
621 CP00020719    (0)    2 :  0.202 0.202 0.202 0.201 0.193 
622 CP00020693    (0)    2 :  0.201 0.204 0.201 0.199 0.195 
623 CP00020708    (0)    2 :  0.200 0.199 0.201 0.199 0.201 
624 CP00020705    (0)    2 :  0.200 0.202 0.201 0.199 0.199 
625 CP00020720    (0)    2 :  0.205 0.195 0.202 0.206 0.191 
626 CP00020707    (0)    2 :  0.202 0.196 0.201 0.200 0.200 
627 CP00020674    (0)    2 :  0.197 0.201 0.199 0.198 0.205 
628 CP00020673    (0)    2 :  0.198 0.208 0.206 0.203 0.185 
629 CP00020701    (0)    2 :  0.193 0.194 0.194 0.191 0.227 
630 CP00020713    (0)    2 :  0.199 0.199 0.202 0.199 0.201 
631 CP00020715    (0)    2 :  0.199 0.199 0.199 0.201 0.202 
632 CP00017120    (0)    2 :  0.205 0.201 0.200 0.207 0.188 
633 CP00017077    (0)    2 :  0.199 0.209 0.204 0.200 0.189 
634 CP00017117    (0)    2 :  0.199 0.198 0.196 0.199 0.208 
635 CP00017100    (0)    2 :  0.199 0.198 0.200 0.200 0.202 
636 CP00017118    (0)    2 :  0.203 0.203 0.203 0.203 0.188 
637 CP00017083    (0)    2 :  0.201 0.199 0.197 0.203 0.200 
638 CP00017085    (0)    2 :  0.207 0.202 0.206 0.202 0.184 
639 CP00017097    (0)    2 :  0.195 0.196 0.196 0.194 0.219 
640 CP00017092    (0)    2 :  0.196 0.200 0.198 0.196 0.210 
641 CP00017038    (0)    2 :  0.202 0.206 0.202 0.202 0.187 
642 CP00017067    (0)    2 :  0.205 0.194 0.200 0.201 0.200 
643 CP00017017    (0)    3 :  0.198 0.196 0.198 0.200 0.208 
644 CP00017012    (0)    3 :  0.205 0.194 0.198 0.197 0.206 
645 CP00017036    (0)    2 :  0.202 0.197 0.201 0.200 0.200 
646 CP00017040    (0)    2 :  0.195 0.196 0.194 0.193 0.221 
647 CP00017046    (0)    2 :  0.198 0.193 0.194 0.192 0.222 
648 CP00017059    (0)    2 :  0.201 0.197 0.197 0.195 0.210 
649 CP00017043    (0)    2 :  0.202 0.199 0.201 0.201 0.197 
650 CP00017080    (0)    2 :  0.190 0.203 0.197 0.194 0.216 
651 CP00017079    (0)    2 :  0.197 0.195 0.194 0.194 0.221 
652 CP00017056    (0)    2 :  0.201 0.205 0.202 0.200 0.193 
653 CP00017057    (0)    2 :  0.200 0.194 0.198 0.199 0.208 
654 CP00017058    (0)    2 :  0.202 0.196 0.202 0.202 0.197 
655 CP00017087    (0)    2 :  0.192 0.190 0.193 0.194 0.230 
656 CP00017072    (0)    2 :  0.198 0.201 0.202 0.203 0.196 
657 CP00017075    (0)    2 :  0.195 0.202 0.199 0.195 0.208 
658 CP00017078    (0)    2 :  0.198 0.207 0.204 0.201 0.191 
659 CP00017053    (0)    2 :  0.195 0.202 0.199 0.194 0.210 
660 CP00017052    (0)    2 :  0.197 0.207 0.203 0.197 0.196 
661 CP00017119    (0)    2 :  0.202 0.197 0.199 0.199 0.203 
662 CP00017099    (0)    2 :  0.206 0.199 0.202 0.203 0.190 
663 CP00017095    (0)    2 :  0.201 0.201 0.200 0.201 0.196 
664 CP00017115    (0)    2 :  0.203 0.204 0.201 0.206 0.186 
665 CP00017091    (0)    2 :  0.190 0.196 0.192 0.191 0.232 
666 CP00017098    (0)    2 :  0.198 0.200 0.199 0.199 0.205 
667 CP00017116    (0)    2 :  0.212 0.195 0.201 0.201 0.191 
668 CP00017114    (0)    2 :  0.206 0.197 0.199 0.202 0.196 
669 CP00017061    (0)    2 :  0.205 0.201 0.201 0.203 0.191 
670 CP00017064    (0)    2 :  0.203 0.204 0.204 0.202 0.188 
671 CP00017021    (0)    2 :  0.208 0.195 0.203 0.208 0.187 
672 CP00017042    (0)    2 :  0.197 0.197 0.199 0.199 0.208 
673 CP00017018    (0)    3 :  0.197 0.201 0.197 0.195 0.211 
674 CP00017011    (0)    3 :  0.200 0.210 0.203 0.205 0.182 
675 CP00017049    (0)    2 :  0.202 0.201 0.203 0.201 0.193 
676 CP00017023    (0)    3 :  0.199 0.202 0.201 0.198 0.199 
677 CP00017014    (0)    3 :  0.203 0.197 0.200 0.201 0.199 
678 CP00017070    (0)    2 :  0.200 0.196 0.202 0.200 0.203 
679 CP00017109    (0)    2 :  0.194 0.193 0.194 0.194 0.225 
680 CP00017068    (0)    2 :  0.201 0.195 0.200 0.202 0.202 
681 CP00017025    (0)    3 :  0.203 0.200 0.198 0.197 0.203 
682 CP00017015    (0)    3 :  0.201 0.202 0.203 0.204 0.190 
683 CP00017020    (0)    3 :  0.208 0.200 0.200 0.205 0.187 
684 CP00017110    (0)    2 :  0.202 0.200 0.199 0.200 0.200 
685 CP00017016    (0)    3 :  0.194 0.206 0.202 0.197 0.202 
686 CP00017027    (0)    3 :  0.202 0.192 0.199 0.198 0.210 
687 CP00017048    (0)    2 :  0.208 0.200 0.201 0.204 0.187 
688 CP00017094    (0)    2 :  0.192 0.204 0.198 0.195 0.212 
689 CP00017022    (0)    3 :  0.196 0.193 0.194 0.194 0.223 
690 CP00017055    (0)    2 :  0.201 0.193 0.197 0.200 0.209 
691 CP00017054    (0)    2 :  0.202 0.201 0.202 0.204 0.190 
692 CP00017024    (0)    3 :  0.204 0.195 0.198 0.203 0.199 
693 CP00017030    (0)    3 :  0.197 0.202 0.201 0.200 0.201 
694 CP00017096    (0)    2 :  0.197 0.204 0.205 0.205 0.188 
695 CP00017065    (0)    2 :  0.208 0.194 0.202 0.204 0.192 
696 CP00017050    (0)    2 :  0.204 0.198 0.204 0.201 0.193 
697 CP00017063    (0)    2 :  0.206 0.202 0.201 0.203 0.188 
698 CP00017051    (0)    2 :  0.200 0.201 0.201 0.202 0.196 
699 CP00017013    (0)    3 :  0.198 0.193 0.199 0.198 0.212 
700 CP00017076    (0)    2 :  0.197 0.205 0.200 0.199 0.200 
701 CP00017073    (0)    2 :  0.207 0.201 0.205 0.202 0.186 
702 CP00017033    (0)    2 :  0.204 0.202 0.205 0.200 0.190 
703 CP00017028    (0)    3 :  0.197 0.204 0.200 0.197 0.201 
704 CP00017031    (0)    2 :  0.196 0.199 0.199 0.202 0.204 
705 CP00017026    (0)    3 :  0.202 0.201 0.201 0.203 0.192 
706 CP00017035    (0)    2 :  0.200 0.192 0.198 0.199 0.211 
707 CP00017029    (0)    3 :  0.195 0.200 0.196 0.202 0.208 
708 CP00017111    (0)    2 :  0.202 0.202 0.204 0.207 0.185 
709 CP00017044    (0)    2 :  0.203 0.204 0.204 0.201 0.188 
710 CP00017113    (0)    2 :  0.207 0.200 0.200 0.198 0.195 
711 CP00017041    (0)    2 :  0.206 0.205 0.203 0.203 0.183 
712 CP00017069    (0)    2 :  0.205 0.201 0.202 0.201 0.192 
713 CP00017019    (0)    3 :  0.193 0.184 0.192 0.193 0.238 
714 CP00017034    (0)    2 :  0.202 0.198 0.197 0.199 0.204 
715 CP00017002    (0)    3 :  0.201 0.205 0.201 0.201 0.191 
716 CP00017047    (0)    2 :  0.201 0.201 0.199 0.198 0.200 
717 CP00017060    (0)    2 :  0.195 0.198 0.196 0.194 0.217 
718 CP00017037    (0)    2 :  0.197 0.201 0.198 0.199 0.205 
719 CP00017112    (0)    2 :  0.203 0.197 0.198 0.199 0.203 
720 CP00017090    (0)    2 :  0.197 0.194 0.196 0.198 0.214 
721 CP00049957    (0)    2 :  0.198 0.196 0.199 0.200 0.207 
722 CP00049253    (0)    2 :  0.201 0.196 0.200 0.197 0.207 
723 CP00049224    (0)    2 :  0.203 0.198 0.204 0.200 0.196 
724 CP00049921    (0)    2 :  0.204 0.199 0.200 0.201 0.196 
725 CP00049412    (0)    2 :  0.200 0.206 0.202 0.202 0.191 
726 CP00049935    (0)    2 :  0.200 0.209 0.201 0.202 0.187 
727 CP00049959    (0)    2 :  0.197 0.190 0.195 0.197 0.221 
728 CP00049956    (0)    2 :  0.197 0.193 0.195 0.197 0.218 
729 CP00049958    (0)    2 :  0.191 0.203 0.197 0.200 0.209 
730 CP00049384    (0)    2 :  0.197 0.196 0.198 0.200 0.209 
731 CP00049386    (0)    2 :  0.194 0.208 0.201 0.200 0.196 
732 CP00049400    (0)    2 :  0.196 0.198 0.197 0.195 0.215 
733 CP00049392    (0)    2 :  0.203 0.201 0.203 0.202 0.191 
734 CP00049409    (0)    2 :  0.208 0.200 0.201 0.203 0.189 
735 CP00049394    (0)    2 :  0.196 0.201 0.198 0.198 0.207 
736 CP00049262    (0)    2 :  0.208 0.194 0.199 0.200 0.199 
737 CP00049939    (0)    2 :  0.198 0.199 0.200 0.203 0.200 
738 CP00049264    (0)    2 :  0.201 0.193 0.200 0.198 0.208 
739 CP00049221    (0)    2 :  0.203 0.203 0.201 0.204 0.189 
740 CP00049266    (0)    2 :  0.202 0.205 0.201 0.200 0.192 
741 CP00049391    (0)    2 :  0.199 0.191 0.196 0.196 0.217 
742 CP00049405    (0)    2 :  0.205 0.207 0.203 0.200 0.185 
743 CP00049404    (0)    2 :  0.207 0.200 0.203 0.202 0.188 
744 CP00049393    (0)    2 :  0.193 0.202 0.199 0.197 0.209 
745 CP00049408    (0)    2 :  0.204 0.206 0.203 0.200 0.187 
746 CP00049410    (0)    2 :  0.206 0.197 0.202 0.203 0.192 
747 CP00049407    (0)    2 :  0.203 0.196 0.201 0.205 0.194 
748 CP00049250    (0)    2 :  0.199 0.195 0.195 0.196 0.214 
749 CP00049255    (0)    2 :  0.198 0.195 0.198 0.197 0.211 
750 CP00049257    (0)    2 :  0.200 0.207 0.204 0.203 0.187 
751 CP00049258    (0)    2 :  0.198 0.212 0.201 0.196 0.193 
752 CP00049248    (0)    2 :  0.200 0.195 0.195 0.198 0.211 
753 CP00049251    (0)    2 :  0.191 0.205 0.199 0.197 0.207 
754 CP00049265    (0)    2 :  0.206 0.198 0.200 0.199 0.197 
755 CP00049385    (0)    2 :  0.200 0.199 0.198 0.201 0.202 
756 CP00049397    (0)    2 :  0.193 0.201 0.199 0.200 0.207 
757 CP00049398    (0)    2 :  0.205 0.200 0.200 0.199 0.195 
758 CP00049244    (0)    2 :  0.197 0.202 0.198 0.197 0.207 
759 CP00049406    (0)    2 :  0.200 0.194 0.198 0.201 0.208 
760 CP00049411    (0)    2 :  0.201 0.205 0.206 0.204 0.184 
761 CP00049399    (0)    2 :  0.201 0.197 0.200 0.202 0.199 
762 CP00049401    (0)    2 :  0.205 0.197 0.197 0.202 0.200 
763 CP00049403    (0)    2 :  0.202 0.194 0.198 0.200 0.205 
764 CP00049941    (0)    2 :  0.201 0.192 0.196 0.200 0.212 
765 CP00049955    (0)    2 :  0.203 0.204 0.201 0.201 0.191 
766 CP00049233    (0)    2 :  0.213 0.194 0.200 0.205 0.188 
767 CP00049228    (0)    2 :  0.197 0.205 0.200 0.196 0.202 
768 CP00049954    (0)    2 :  0.197 0.200 0.200 0.201 0.203 
769 CP00049944    (0)    2 :  0.205 0.197 0.204 0.203 0.191 
770 CP00049260    (0)    2 :  0.194 0.195 0.194 0.195 0.222 
771 CP00049268    (0)    2 :  0.207 0.206 0.203 0.201 0.183 
772 CP00049239    (0)    2 :  0.191 0.200 0.197 0.197 0.216 
773 CP00049946    (0)    2 :  0.200 0.209 0.205 0.202 0.184 
774 CP00049232    (0)    2 :  0.198 0.203 0.202 0.206 0.191 
775 CP00049256    (0)    2 :  0.200 0.197 0.202 0.200 0.201 
776 CP00049259    (0)    2 :  0.201 0.202 0.201 0.197 0.199 
777 CP00049943    (0)    2 :  0.207 0.196 0.206 0.203 0.189 
778 CP00049930    (0)    2 :  0.191 0.211 0.201 0.192 0.205 
779 CP00049388    (0)    2 :  0.199 0.197 0.198 0.199 0.208 
780 CP00049413    (0)    2 :  0.200 0.200 0.202 0.200 0.198 
781 CP00049230    (0)    2 :  0.197 0.198 0.205 0.200 0.200 
782 CP00049226    (0)    2 :  0.195 0.200 0.197 0.198 0.209 
783 CP00049925    (0)    2 :  0.198 0.198 0.198 0.199 0.207 
784 CP00049387    (0)    2 :  0.208 0.193 0.199 0.199 0.202 
785 CP00049241    (0)    2 :  0.199 0.194 0.196 0.198 0.213 
786 CP00049236    (0)    2 :  0.198 0.204 0.200 0.204 0.194 
787 CP00049225    (0)    2 :  0.208 0.191 0.197 0.200 0.204 
788 CP00049229    (0)    2 :  0.197 0.208 0.203 0.203 0.189 
789 CP00049960    (0)    2 :  0.207 0.198 0.200 0.203 0.191 
790 CP00049242    (0)    2 :  0.203 0.195 0.198 0.201 0.203 
791 CP00049940    (0)    2 :  0.201 0.202 0.203 0.203 0.191 
792 CP00049948    (0)    2 :  0.204 0.201 0.202 0.202 0.191 
793 CP00049949    (0)    2 :  0.195 0.192 0.195 0.197 0.220 
794 CP00049254    (0)    2 :  0.197 0.196 0.197 0.198 0.212 
795 CP00049267    (0)    2 :  0.193 0.192 0.192 0.189 0.234 
796 CP00049261    (0)    2 :  0.200 0.200 0.200 0.200 0.200 
797 CP00049235    (0)    2 :  0.202 0.196 0.199 0.200 0.203 
798 CP00049953    (0)    2 :  0.199 0.198 0.200 0.202 0.201 
799 CP00049923    (0)    2 :  0.196 0.198 0.198 0.195 0.213 
800 CP00049947    (0)    2 :  0.200 0.204 0.203 0.203 0.190 
801 CP00049234    (0)    2 :  0.200 0.193 0.196 0.196 0.215 
802 CP00049389    (0)    2 :  0.197 0.207 0.202 0.203 0.191 
803 CP00049414    (0)    2 :  0.195 0.199 0.198 0.198 0.210 
804 CP00049390    (0)    2 :  0.198 0.205 0.203 0.205 0.190 
805 CP00049402    (0)    2 :  0.204 0.191 0.195 0.198 0.211 
806 CP00049396    (0)    2 :  0.196 0.209 0.197 0.198 0.200 
807 CP00049934    (0)    2 :  0.203 0.198 0.200 0.200 0.200 
808 CP00049246    (0)    2 :  0.198 0.191 0.194 0.197 0.220 
809 CP00049238    (0)    2 :  0.203 0.197 0.200 0.201 0.199 
810 CP00049945    (0)    2 :  0.206 0.193 0.203 0.202 0.196 
811 CP00049938    (0)    2 :  0.198 0.201 0.197 0.198 0.206 
812 CP00049928    (0)    2 :  0.194 0.198 0.198 0.200 0.211 
813 CP00049247    (0)    2 :  0.205 0.196 0.203 0.201 0.196 
814 CP00049240    (0)    2 :  0.199 0.201 0.198 0.198 0.205 
815 CP00049237    (0)    2 :  0.201 0.201 0.203 0.201 0.194 
816 CP00049243    (0)    2 :  0.209 0.192 0.199 0.203 0.197 
817 CP00049926    (0)    2 :  0.196 0.196 0.195 0.196 0.218 
818 CP00049245    (0)    2 :  0.204 0.202 0.202 0.204 0.188 
819 CP00049936    (0)    2 :  0.199 0.202 0.201 0.201 0.198 
820 CP00049927    (0)    2 :  0.201 0.203 0.203 0.198 0.195 
821 CP00049924    (0)    2 :  0.199 0.204 0.203 0.204 0.191 
822 CP00049222    (0)    2 :  0.199 0.203 0.200 0.198 0.200 
823 CP00049922    (0)    2 :  0.190 0.195 0.194 0.195 0.227 
824 CP00020222    (0)    2 :  0.198 0.209 0.204 0.200 0.189 
825 CP00020248    (0)    2 :  0.196 0.206 0.199 0.198 0.202 
826 CP00020246    (0)    2 :  0.201 0.200 0.200 0.202 0.198 
827 CP00020250    (0)    2 :  0.198 0.205 0.204 0.206 0.187 
828 CP00020247    (0)    2 :  0.203 0.205 0.204 0.204 0.184 
829 CP00020245    (0)    2 :  0.196 0.203 0.198 0.201 0.203 
830 CP00020253    (0)    2 :  0.196 0.205 0.201 0.201 0.198 
831 CP00020254    (0)    2 :  0.195 0.202 0.201 0.199 0.204 
832 CP00020227    (0)    2 :  0.198 0.194 0.197 0.194 0.217 
833 CP00020252    (0)    2 :  0.197 0.200 0.198 0.196 0.209 
834 CP00020251    (0)    2 :  0.202 0.199 0.201 0.198 0.201 
835 CP00020241    (0)    2 :  0.204 0.203 0.205 0.204 0.184 
836 CP00020240    (0)    2 :  0.193 0.204 0.199 0.199 0.205 
837 CP00020258    (0)    2 :  0.199 0.187 0.191 0.195 0.228 
838 CP00020150    (0)    2 :  0.200 0.200 0.200 0.200 0.201 
839 CP00020128    (0)    2 :  0.202 0.198 0.199 0.197 0.204 
840 CP00020224    (0)    2 :  0.208 0.198 0.202 0.200 0.191 
841 CP00020136    (0)    2 :  0.197 0.203 0.203 0.200 0.198 
842 CP00020126    (0)    2 :  0.196 0.205 0.200 0.202 0.197 
843 CP00020151    (0)    2 :  0.200 0.200 0.199 0.195 0.205 
844 CP00020130    (0)    2 :  0.198 0.204 0.202 0.205 0.190 
845 CP00020123    (0)    2 :  0.199 0.201 0.199 0.200 0.201 
846 CP00020129    (0)    2 :  0.200 0.204 0.202 0.204 0.190 
847 CP00020225    (0)    2 :  0.206 0.201 0.205 0.203 0.185 
848 CP00020161    (0)    2 :  0.200 0.208 0.204 0.202 0.186 
849 CP00020138    (0)    2 :  0.199 0.202 0.198 0.200 0.200 
850 CP00020239    (0)    2 :  0.202 0.200 0.204 0.199 0.195 
851 CP00020259    (0)    2 :  0.200 0.203 0.205 0.203 0.189 
852 CP00020135    (0)    2 :  0.209 0.197 0.204 0.204 0.186 
853 CP00020238    (0)    2 :  0.197 0.200 0.198 0.200 0.205 
854 CP00020234    (0)    2 :  0.197 0.204 0.201 0.202 0.196 
855 CP00020273    (0)    2 :  0.202 0.203 0.200 0.202 0.192 
856 CP00020282    (0)    2 :  0.205 0.200 0.202 0.201 0.191 
857 CP00020158    (0)    2 :  0.200 0.201 0.203 0.202 0.195 
858 CP00020243    (0)    2 :  0.199 0.213 0.204 0.206 0.179 
859 CP00020221    (0)    2 :  0.196 0.205 0.198 0.196 0.205 
860 CP00020229    (0)    2 :  0.211 0.196 0.199 0.202 0.192 
861 CP00020276    (0)    2 :  0.208 0.195 0.202 0.202 0.194 
862 CP00020146    (0)    2 :  0.193 0.190 0.190 0.192 0.235 
863 CP00020124    (0)    2 :  0.204 0.191 0.196 0.198 0.210 
864 CP00020156    (0)    2 :  0.198 0.209 0.201 0.201 0.191 
865 CP00020145    (0)    2 :  0.205 0.201 0.199 0.200 0.194 
866 CP00020125    (0)    2 :  0.201 0.210 0.204 0.202 0.183 
867 CP00020278    (0)    2 :  0.205 0.194 0.198 0.199 0.204 
868 CP00020132    (0)    2 :  0.197 0.208 0.204 0.202 0.189 
869 CP00020137    (0)    2 :  0.199 0.200 0.201 0.204 0.196 
870 CP00020127    (0)    2 :  0.203 0.196 0.203 0.203 0.195 
871 CP00020131    (0)    2 :  0.204 0.203 0.204 0.203 0.187 
872 CP00020260    (0)    2 :  0.198 0.196 0.196 0.199 0.211 
873 CP00020155    (0)    2 :  0.196 0.194 0.194 0.198 0.218 
874 CP00020141    (0)    2 :  0.199 0.206 0.202 0.202 0.191 
875 CP00020143    (0)    2 :  0.203 0.206 0.202 0.204 0.184 
876 CP00020142    (0)    2 :  0.201 0.198 0.201 0.202 0.198 
877 CP00020256    (0)    2 :  0.207 0.199 0.203 0.204 0.187 
878 CP00020170    (0)    2 :  0.200 0.199 0.196 0.199 0.206 
879 CP00020140    (0)    2 :  0.203 0.203 0.203 0.202 0.189 
880 CP00020147    (0)    2 :  0.203 0.195 0.195 0.199 0.207 
881 CP00020163    (0)    2 :  0.198 0.211 0.205 0.202 0.184 
882 CP00020152    (0)    2 :  0.200 0.202 0.200 0.201 0.197 
883 CP00020139    (0)    2 :  0.197 0.199 0.196 0.200 0.209 
884 CP00020162    (0)    2 :  0.194 0.212 0.204 0.201 0.188 
885 CP00020166    (0)    2 :  0.197 0.202 0.200 0.198 0.203 
886 CP00020226    (0)    2 :  0.201 0.206 0.203 0.202 0.188 
887 CP00020154    (0)    2 :  0.203 0.200 0.200 0.201 0.196 
888 CP00020257    (0)    2 :  0.198 0.194 0.198 0.198 0.213 
889 CP00020242    (0)    2 :  0.199 0.202 0.201 0.203 0.194 
890 CP00020148    (0)    2 :  0.190 0.203 0.194 0.191 0.222 
891 CP00020271    (0)    2 :  0.201 0.208 0.204 0.206 0.181 
892 CP00020233    (0)    2 :  0.195 0.195 0.198 0.194 0.217 
893 CP00020275    (0)    2 :  0.197 0.202 0.202 0.199 0.200 
894 CP00020244    (3)    2 :  0.199 0.197 0.200 0.199 0.205 
895 CP00020230    (0)    2 :  0.202 0.195 0.200 0.201 0.202 
896 CP00020279    (0)    2 :  0.200 0.204 0.201 0.194 0.200 
897 CP00020159    (0)    2 :  0.206 0.196 0.198 0.201 0.198 
898 CP00020237    (0)    2 :  0.200 0.200 0.199 0.200 0.201 
899 CP00020231    (0)    2 :  0.210 0.196 0.202 0.200 0.192 
900 CP00020281    (0)    2 :  0.199 0.200 0.201 0.202 0.198 
901 CP00020167    (0)    2 :  0.202 0.208 0.205 0.198 0.187 
902 CP00020122    (0)    2 :  0.203 0.207 0.203 0.204 0.182 
903 CP00020121    (0)    2 :  0.203 0.202 0.204 0.202 0.190 
904 CP00020157    (0)    2 :  0.198 0.188 0.195 0.194 0.226 
905 CP00020144    (0)    2 :  0.196 0.203 0.201 0.198 0.202 
906 CP00020164    (0)    2 :  0.197 0.197 0.194 0.194 0.218 
907 CP00020165    (0)    2 :  0.194 0.199 0.200 0.203 0.203 
908 CP00020255    (0)    2 :  0.201 0.191 0.198 0.197 0.213 
909 CP00020134    (0)    2 :  0.204 0.207 0.202 0.203 0.184 
910 CP00020149    (0)    2 :  0.201 0.197 0.198 0.199 0.205 
911 CP00020160    (0)    2 :  0.195 0.201 0.196 0.195 0.214 
912 CP00020228    (0)    2 :  0.200 0.206 0.201 0.203 0.190 
913 CP00020272    (0)    2 :  0.203 0.199 0.201 0.199 0.199 
914 CP00020274    (0)    2 :  0.194 0.195 0.196 0.196 0.220 
915 CP00020235    (0)    2 :  0.203 0.203 0.202 0.199 0.193 
916 CP00020280    (0)    2 :  0.195 0.203 0.199 0.196 0.207 
917 CP00020232    (0)    2 :  0.196 0.206 0.201 0.201 0.196 
918 CP00020277    (0)    2 :  0.191 0.196 0.196 0.194 0.223 
919 CP00020236    (0)    2 :  0.200 0.198 0.198 0.199 0.206 
920 CP00020223    (0)    2 :  0.202 0.201 0.205 0.203 0.190 
921 CP00016184    (0)    3 :  0.194 0.199 0.197 0.195 0.215 
922 CP00016197    (0)    3 :  0.195 0.206 0.200 0.200 0.199 
923 CP00016020    (0)    1 :  0.204 0.197 0.200 0.203 0.196 
924 CP00016181    (0)    3 :  0.197 0.202 0.197 0.200 0.203 
925 CP00016212    (0)    3 :  0.208 0.193 0.199 0.204 0.196 
926 CP00016215    (0)    3 :  0.197 0.195 0.197 0.198 0.213 
927 CP00016040    (0)    3 :  0.197 0.191 0.193 0.195 0.224 
928 CP00016051    (0)    3 :  0.202 0.199 0.201 0.200 0.198 
929 CP00016211    (0)    3 :  0.197 0.207 0.204 0.203 0.189 
930 CP00016049    (0)    3 :  0.195 0.202 0.203 0.203 0.197 
931 CP00016177    (0)    3 :  0.207 0.203 0.202 0.200 0.188 
932 CP00016060    (0)    3 :  0.200 0.202 0.200 0.202 0.196 
933 CP00016216    (0)    3 :  0.202 0.195 0.198 0.196 0.209 
934 CP00016059    (0)    3 :  0.204 0.202 0.202 0.203 0.190 
935 CP00016058    (0)    3 :  0.197 0.200 0.201 0.199 0.202 
936 CP00016178    (0)    3 :  0.202 0.205 0.203 0.198 0.191 
937 CP00016055    (0)    3 :  0.205 0.198 0.204 0.204 0.189 
938 CP00016038    (0)    3 :  0.206 0.203 0.203 0.201 0.187 
939 CP00016056    (0)    3 :  0.202 0.191 0.194 0.195 0.217 
940 CP00016185    (0)    3 :  0.203 0.205 0.203 0.201 0.187 
941 CP00016053    (0)    3 :  0.197 0.201 0.200 0.200 0.202 
942 CP00016044    (0)    1 :  0.199 0.198 0.196 0.198 0.210 
943 CP00016173    (0)    3 :  0.204 0.205 0.204 0.202 0.186 
944 CP00016213    (0)    3 :  0.202 0.200 0.201 0.201 0.196 
945 CP00016043    (0)    1 :  0.195 0.194 0.198 0.198 0.215 
946 CP00016196    (0)    3 :  0.204 0.203 0.203 0.203 0.187 
947 CP00016034    (0)    3 :  0.199 0.194 0.198 0.198 0.211 
948 CP00016182    (0)    3 :  0.199 0.201 0.201 0.200 0.198 
949 CP00016042    (0)    1 :  0.208 0.200 0.202 0.200 0.190 
950 CP00016002    (0)    1 :  0.197 0.196 0.197 0.197 0.213 
951 CP00016006    (0)    1 :  0.200 0.202 0.201 0.200 0.196 
952 CP00016005    (0)    1 :  0.195 0.199 0.198 0.197 0.212 
953 CP00016019    (0)    1 :  0.198 0.201 0.197 0.197 0.206 
954 CP00016190    (0)    3 :  0.195 0.199 0.195 0.198 0.213 
955 CP00016036    (0)    3 :  0.202 0.203 0.203 0.203 0.189 
956 CP00016008    (0)    1 :  0.199 0.207 0.203 0.199 0.191 
957 CP00016183    (0)    3 :  0.201 0.193 0.196 0.199 0.210 
958 CP00016208    (0)    3 :  0.200 0.199 0.200 0.202 0.198 
959 CP00016203    (0)    3 :  0.204 0.197 0.198 0.201 0.200 
960 CP00016172    (0)    3 :  0.201 0.203 0.202 0.204 0.191 
961 CP00016194    (0)    3 :  0.199 0.203 0.202 0.199 0.197 
962 CP00016218    (0)    3 :  0.191 0.212 0.201 0.196 0.200 
963 CP00016205    (0)    3 :  0.210 0.201 0.203 0.204 0.182 
964 CP00016050    (0)    3 :  0.198 0.198 0.202 0.201 0.201 
965 CP00016199    (0)    3 :  0.201 0.200 0.201 0.199 0.199 
966 CP00016201    (0)    3 :  0.203 0.199 0.200 0.202 0.195 
967 CP00016200    (0)    3 :  0.206 0.200 0.201 0.201 0.192 
968 CP00016004    (0)    1 :  0.200 0.196 0.197 0.198 0.210 
969 CP00016032    (0)    3 :  0.208 0.200 0.205 0.206 0.180 
970 CP00016195    (0)    3 :  0.196 0.194 0.197 0.202 0.211 
971 CP00016033    (0)    3 :  0.199 0.199 0.197 0.198 0.208 
972 CP00016012    (0)    1 :  0.201 0.201 0.201 0.203 0.193 
973 CP00016192    (0)    3 :  0.200 0.200 0.200 0.199 0.200 
974 CP00016217    (0)    3 :  0.203 0.198 0.203 0.203 0.193 
975 CP00016007    (0)    1 :  0.196 0.195 0.196 0.197 0.217 
976 CP00016191    (0)    3 :  0.200 0.198 0.198 0.196 0.208 
977 CP00016013    (0)    1 :  0.208 0.202 0.202 0.206 0.182 
978 CP00016204    (0)    3 :  0.191 0.198 0.195 0.196 0.219 
979 CP00016016    (0)    1 :  0.193 0.202 0.200 0.200 0.205 
980 CP00016206    (0)    3 :  0.202 0.196 0.202 0.200 0.201 
981 CP00016202    (0)    3 :  0.207 0.197 0.198 0.202 0.196 
982 CP00016009    (0)    1 :  0.201 0.201 0.196 0.201 0.201 
983 CP00016018    (0)    1 :  0.201 0.208 0.203 0.205 0.183 
984 CP00016052    (0)    3 :  0.200 0.206 0.204 0.203 0.187 
985 CP00016035    (0)    3 :  0.198 0.206 0.198 0.203 0.196 
986 CP00016054    (0)    3 :  0.199 0.191 0.197 0.197 0.216 
987 CP00016037    (0)    3 :  0.204 0.198 0.200 0.206 0.192 
988 CP00016039    (0)    3 :  0.205 0.190 0.197 0.202 0.207 
989 CP00016047    (0)    3 :  0.199 0.199 0.200 0.197 0.204 
990 CP00016048    (0)    3 :  0.203 0.199 0.201 0.203 0.194 
991 CP00016179    (0)    3 :  0.198 0.200 0.196 0.195 0.210 
992 CP00016180    (3)    3 :  0.198 0.204 0.200 0.202 0.196 
993 CP00016057    (0)    3 :  0.202 0.200 0.198 0.198 0.202 
994 CP00016189    (0)    3 :  0.201 0.196 0.199 0.199 0.205 
995 CP00016210    (0)    3 :  0.197 0.205 0.199 0.195 0.205 
996 CP00016209    (0)    3 :  0.193 0.198 0.199 0.197 0.214 
997 CP00016220    (0)    3 :  0.202 0.193 0.194 0.197 0.214 
998 CP00016198    (0)    3 :  0.199 0.194 0.198 0.197 0.212 
999 CP00016003    (0)    1 :  0.199 0.188 0.197 0.199 0.217 
1000 CP00016207    (0)    3 :  0.200 0.195 0.201 0.198 0.206 
1001 CP00016014    (0)    1 :  0.198 0.201 0.201 0.206 0.194 
1002 CP00016045    (0)    1 :  0.199 0.198 0.196 0.201 0.207 
1003 CP00016187    (0)    3 :  0.202 0.204 0.202 0.202 0.190 
1004 CP00016186    (0)    3 :  0.199 0.207 0.206 0.203 0.185 
1005 CP00016188    (0)    3 :  0.201 0.200 0.202 0.201 0.196 
1006 CP00016046    (0)    3 :  0.202 0.205 0.205 0.206 0.183 
1007 CP00016011    (0)    1 :  0.197 0.208 0.201 0.204 0.191 
1008 CP00016041    (0)    1 :  0.201 0.204 0.202 0.201 0.192 
1009 CP00016171    (0)    3 :  0.199 0.201 0.200 0.201 0.199 
1010 CP00016219    (0)    3 :  0.199 0.200 0.201 0.197 0.203 
1011 CP00016031    (0)    3 :  0.193 0.206 0.198 0.201 0.201 
1012 CP00016193    (0)    3 :  0.198 0.214 0.204 0.197 0.186 
1013 CP00016229    (0)    2 :  0.205 0.202 0.204 0.201 0.188 
1014 CP00015060    (0)    2 :  0.200 0.201 0.202 0.203 0.194 
1015 CP00016251    (0)    2 :  0.199 0.200 0.200 0.200 0.202 
1016 CP00015026    (0)    2 :  0.198 0.211 0.206 0.199 0.186 
1017 CP00015055    (0)    2 :  0.203 0.204 0.207 0.202 0.185 
1018 CP00016240    (0)    1 :  0.194 0.193 0.197 0.195 0.220 
1019 CP00016266    (0)    1 :  0.204 0.202 0.204 0.203 0.187 
1020 CP00016257    (0)    2 :  0.202 0.189 0.195 0.196 0.217 
1021 CP00015024    (0)    2 :  0.200 0.193 0.197 0.197 0.213 
1022 CP00015025    (0)    2 :  0.194 0.197 0.193 0.192 0.224 
1023 CP00049493    (0)    2 :  0.197 0.196 0.196 0.197 0.214 
1024 CP00016252    (0)    2 :  0.198 0.205 0.205 0.204 0.189 
1025 CP00015040    (0)    2 :  0.199 0.200 0.204 0.203 0.194 
1026 CP00015058    (0)    1 :  0.199 0.198 0.205 0.200 0.198 
1027 CP00049491    (0)    1 :  0.198 0.196 0.200 0.201 0.205 
1028 CP00015046    (0)    1 :  0.195 0.200 0.198 0.199 0.208 
1029 CP00015028    (0)    1 :  0.199 0.204 0.202 0.199 0.196 
1030 CP00015047    (0)    1 :  0.202 0.204 0.200 0.201 0.193 
1031 CP00016226    (0)    1 :  0.193 0.191 0.192 0.191 0.234 
1032 CP00016238    (0)    1 :  0.199 0.205 0.203 0.198 0.195 
1033 CP00016248    (0)    1 :  0.199 0.206 0.200 0.199 0.196 
1034 CP00015041    (0)    1 :  0.199 0.198 0.198 0.203 0.203 
1035 CP00049496    (0)    1 :  0.201 0.202 0.200 0.201 0.196 
1036 CP00015037    (0)    1 :  0.198 0.198 0.196 0.202 0.206 
1037 CP00015048    (0)    1 :  0.207 0.202 0.201 0.199 0.191 
1038 CP00016250    (0)    1 :  0.201 0.201 0.200 0.195 0.203 
1039 CP00015051    (0)    1 :  0.198 0.199 0.197 0.194 0.212 
1040 CP00016230    (0)    1 :  0.199 0.209 0.203 0.200 0.190 
1041 CP00015027    (0)    1 :  0.198 0.196 0.197 0.196 0.213 
1042 CP00049498    (0)    1 :  0.205 0.200 0.201 0.205 0.189 
1043 CP00016237    (0)    1 :  0.196 0.199 0.199 0.198 0.208 
1044 CP00016270    (0)    1 :  0.201 0.202 0.203 0.203 0.191 
1045 CP00015031    (0)    1 :  0.194 0.191 0.196 0.192 0.228 
1046 CP00016267    (0)    1 :  0.209 0.198 0.201 0.199 0.193 
1047 CP00016265    (0)    1 :  0.200 0.204 0.203 0.201 0.191 
1048 CP00016247    (0)    1 :  0.202 0.196 0.199 0.202 0.201 
1049 CP00015043    (0)    1 :  0.203 0.203 0.203 0.203 0.188 
1050 CP00016262    (0)    1 :  0.202 0.190 0.197 0.199 0.212 
1051 CP00016264    (0)    1 :  0.199 0.208 0.204 0.206 0.183 
1052 CP00049495    (0)    1 :  0.203 0.197 0.199 0.202 0.198 
1053 CP00016263    (0)    3 :  0.201 0.196 0.200 0.200 0.202 
1054 CP00015032    (0)    1 :  0.202 0.202 0.201 0.197 0.198 
1055 CP00015023    (0)    1 :  0.201 0.197 0.198 0.200 0.204 
1056 CP00016234    (0)    1 :  0.202 0.204 0.204 0.203 0.187 
1057 CP00015050    (0)    1 :  0.197 0.211 0.203 0.202 0.188 
1058 CP00015044    (0)    1 :  0.197 0.201 0.199 0.198 0.206 
1059 CP00015049    (0)    1 :  0.203 0.202 0.202 0.200 0.193 
1060 CP00016255    (0)    1 :  0.204 0.201 0.201 0.201 0.192 
1061 CP00016242    (0)    1 :  0.196 0.190 0.190 0.190 0.234 
1062 CP00049499    (0)    1 :  0.198 0.202 0.202 0.202 0.196 
1063 CP00016258    (0)    1 :  0.194 0.201 0.198 0.193 0.213 
1064 CP00016223    (0)    1 :  0.203 0.203 0.204 0.203 0.187 
1065 CP00015038    (0)    1 :  0.208 0.199 0.202 0.202 0.189 
1066 CP00016268    (0)    1 :  0.206 0.200 0.202 0.199 0.192 
1067 CP00049494    (0)    1 :  0.197 0.204 0.205 0.202 0.192 
1068 CP00016243    (0)    1 :  0.196 0.200 0.199 0.198 0.208 
1069 CP00016241    (0)    1 :  0.199 0.206 0.204 0.205 0.185 
1070 CP00016244    (0)    1 :  0.208 0.196 0.200 0.204 0.192 
1071 CP00015034    (0)    1 :  0.196 0.208 0.198 0.200 0.199 
1072 CP00016259    (0)    1 :  0.191 0.194 0.194 0.193 0.228 
1073 CP00016249    (0)    1 :  0.201 0.195 0.198 0.200 0.207 
1074 CP00015033    (0)    1 :  0.201 0.209 0.199 0.201 0.191 
1075 CP00015035    (0)    1 :  0.197 0.196 0.199 0.200 0.209 
1076 CP00015036    (0)    1 :  0.199 0.202 0.204 0.207 0.187 
1077 CP00016269    (0)    1 :  0.201 0.196 0.199 0.196 0.208 
1078 CP00049500    (0)    1 :  0.207 0.196 0.200 0.204 0.193 
1079 CP00015029    (0)    1 :  0.202 0.201 0.200 0.199 0.197 
1080 CP00015030    (0)    1 :  0.200 0.198 0.198 0.200 0.205 
1081 CP00016261    (0)    1 :  0.204 0.201 0.204 0.203 0.188 
1082 CP00015059    (0)    1 :  0.196 0.198 0.195 0.197 0.214 
1083 CP00016256    (0)    1 :  0.204 0.195 0.199 0.199 0.203 
1084 CP00015045    (0)    1 :  0.199 0.197 0.197 0.199 0.209 
1085 CP00015054    (0)    1 :  0.204 0.192 0.200 0.202 0.202 
1086 CP00015052    (0)    1 :  0.193 0.197 0.196 0.193 0.221 
1087 CP00015053    (0)    1 :  0.207 0.202 0.204 0.202 0.185 
1088 CP00016239    (0)    1 :  0.198 0.198 0.197 0.196 0.210 
1089 CP00015057    (0)    1 :  0.201 0.203 0.201 0.201 0.195 
1090 CP00016246    (0)    1 :  0.204 0.198 0.199 0.200 0.199 
1091 CP00016221    (0)    1 :  0.200 0.203 0.203 0.205 0.190 
1092 CP00016225    (0)    1 :  0.197 0.193 0.198 0.199 0.213 
1093 CP00016222    (0)    1 :  0.199 0.196 0.200 0.199 0.206 
1094 CP00016224    (0)    1 :  0.201 0.200 0.201 0.199 0.200 
1095 CP00016232    (0)    1 :  0.195 0.198 0.197 0.198 0.213 
1096 CP00016236    (0)    1 :  0.201 0.206 0.200 0.198 0.195 
1097 CP00015021    (0)    1 :  0.198 0.200 0.202 0.198 0.202 
1098 CP00015039    (0)    1 :  0.200 0.201 0.201 0.196 0.202 
1099 CP00016260    (0)    1 :  0.204 0.202 0.202 0.202 0.190 
1100 CP00016253    (0)    3 :  0.202 0.200 0.203 0.206 0.190 
1101 CP00016254    (0)    1 :  0.202 0.198 0.195 0.196 0.210 
1102 CP00049492    (0)    1 :  0.201 0.199 0.200 0.198 0.202 
1103 CP00016331    (0)    3 :  0.198 0.203 0.200 0.200 0.198 
1104 CP00016359    (0)    3 :  0.202 0.204 0.203 0.203 0.187 
1105 CP00016327    (0)    3 :  0.197 0.203 0.201 0.205 0.194 
1106 CP00016506    (0)    3 :  0.203 0.199 0.199 0.200 0.199 
1107 CP00016490    (0)    3 :  0.202 0.199 0.201 0.198 0.200 
1108 CP00016342    (0)    3 :  0.204 0.202 0.200 0.203 0.191 
1109 CP00016473    (0)    3 :  0.195 0.199 0.196 0.198 0.213 
1110 CP00016520    (0)    3 :  0.203 0.197 0.201 0.205 0.194 
1111 CP00016471    (0)    3 :  0.200 0.203 0.203 0.203 0.192 
1112 CP00016491    (0)    3 :  0.194 0.195 0.196 0.191 0.225 
1113 CP00016481    (0)    3 :  0.204 0.208 0.201 0.196 0.191 
1114 CP00016482    (0)    3 :  0.202 0.205 0.203 0.200 0.190 
1115 CP00016343    (0)    3 :  0.202 0.200 0.202 0.199 0.197 
1116 CP00016324    (0)    3 :  0.201 0.207 0.204 0.203 0.184 
1117 CP00016362    (0)    3 :  0.198 0.208 0.198 0.196 0.200 
1118 CP00016505    (0)    3 :  0.206 0.206 0.203 0.205 0.181 
1119 CP00016503    (0)    3 :  0.200 0.192 0.194 0.197 0.217 
1120 CP00016370    (0)    3 :  0.194 0.194 0.191 0.191 0.229 
1121 CP00016336    (0)    3 :  0.196 0.196 0.193 0.196 0.219 
1122 CP00016363    (0)    3 :  0.201 0.202 0.201 0.200 0.196 
1123 CP00016322    (0)    3 :  0.201 0.196 0.200 0.199 0.205 
1124 CP00016499    (0)    3 :  0.192 0.198 0.200 0.195 0.215 
1125 CP00016339    (0)    3 :  0.201 0.199 0.198 0.197 0.205 
1126 CP00016476    (0)    3 :  0.201 0.191 0.195 0.191 0.223 
1127 CP00016360    (0)    3 :  0.200 0.195 0.198 0.198 0.208 
1128 CP00016332    (0)    3 :  0.206 0.198 0.200 0.201 0.196 
1129 CP00016474    (0)    3 :  0.200 0.199 0.200 0.200 0.201 
1130 CP00016344    (0)    3 :  0.195 0.194 0.197 0.196 0.218 
1131 CP00016496    (0)    3 :  0.207 0.197 0.201 0.200 0.196 
1132 CP00016485    (0)    3 :  0.197 0.197 0.195 0.202 0.210 
1133 CP00016494    (0)    3 :  0.202 0.197 0.201 0.202 0.198 
1134 CP00016495    (0)    3 :  0.192 0.203 0.197 0.198 0.210 
1135 CP00016323    (0)    3 :  0.200 0.202 0.201 0.204 0.193 
1136 CP00016358    (0)    3 :  0.206 0.202 0.203 0.204 0.186 
1137 CP00016508    (0)    3 :  0.201 0.194 0.197 0.196 0.212 
1138 CP00016484    (0)    3 :  0.199 0.194 0.197 0.196 0.213 
1139 CP00016487    (0)    3 :  0.199 0.205 0.205 0.199 0.192 
1140 CP00016519    (0)    3 :  0.196 0.201 0.199 0.198 0.205 
1141 CP00016500    (0)    3 :  0.206 0.187 0.196 0.199 0.212 
1142 CP00016498    (0)    3 :  0.210 0.198 0.203 0.205 0.183 
1143 CP00016341    (0)    3 :  0.200 0.203 0.202 0.200 0.195 
1144 CP00016369    (0)    3 :  0.203 0.195 0.198 0.197 0.207 
1145 CP00016357    (0)    3 :  0.205 0.202 0.202 0.203 0.188 
1146 CP00016497    (0)    3 :  0.202 0.190 0.196 0.197 0.215 
1147 CP00016366    (0)    3 :  0.192 0.203 0.200 0.197 0.208 
1148 CP00016333    (0)    3 :  0.199 0.195 0.198 0.202 0.205 
1149 CP00016334    (0)    3 :  0.189 0.201 0.193 0.191 0.226 
1150 CP00016483    (0)    3 :  0.206 0.197 0.201 0.203 0.192 
1151 CP00016486    (0)    3 :  0.191 0.191 0.194 0.197 0.226 
1152 CP00016478    (0)    3 :  0.202 0.200 0.202 0.200 0.195 
1153 CP00016367    (0)    3 :  0.200 0.206 0.201 0.200 0.193 
1154 CP00016345    (0)    3 :  0.197 0.198 0.198 0.200 0.207 
1155 CP00016501    (0)    3 :  0.206 0.195 0.202 0.200 0.197 
1156 CP00016480    (0)    3 :  0.203 0.202 0.200 0.203 0.192 
1157 CP00016330    (0)    3 :  0.205 0.191 0.198 0.202 0.204 
1158 CP00016328    (0)    3 :  0.198 0.202 0.204 0.200 0.196 
1159 CP00016337    (0)    3 :  0.201 0.197 0.200 0.202 0.200 
1160 CP00016364    (0)    3 :  0.202 0.206 0.201 0.200 0.190 
1161 CP00016489    (0)    3 :  0.205 0.200 0.203 0.202 0.190 
1162 CP00016338    (0)    3 :  0.197 0.198 0.202 0.201 0.201 
1163 CP00016346    (0)    3 :  0.202 0.202 0.205 0.200 0.191 
1164 CP00016493    (0)    3 :  0.198 0.194 0.195 0.195 0.219 
1165 CP00016492    (0)    3 :  0.202 0.193 0.196 0.197 0.213 
1166 CP00016354    (0)    3 :  0.197 0.200 0.198 0.194 0.211 
1167 CP00016329    (0)    3 :  0.191 0.201 0.197 0.198 0.212 
1168 CP00016502    (0)    3 :  0.193 0.193 0.196 0.192 0.226 
1169 CP00016326    (0)    3 :  0.194 0.199 0.197 0.195 0.215 
1170 CP00016349    (0)    3 :  0.200 0.201 0.198 0.200 0.200 
1171 CP00016368    (0)    3 :  0.202 0.205 0.206 0.204 0.183 
1172 CP00016365    (0)    3 :  0.202 0.200 0.200 0.200 0.198 
1173 CP00016321    (0)    3 :  0.203 0.205 0.203 0.202 0.186 
1174 CP00016477    (0)    3 :  0.198 0.194 0.198 0.196 0.213 
1175 CP00016361    (0)    3 :  0.196 0.201 0.203 0.201 0.199 
1176 CP00016512    (0)    3 :  0.196 0.200 0.196 0.198 0.209 
1177 CP00016515    (0)    3 :  0.195 0.202 0.197 0.196 0.210 
1178 CP00016353    (0)    3 :  0.200 0.200 0.199 0.204 0.197 
1179 CP00016516    (0)    3 :  0.200 0.211 0.203 0.205 0.181 
1180 CP00016513    (0)    3 :  0.198 0.199 0.201 0.201 0.201 
1181 CP00016517    (0)    3 :  0.200 0.197 0.202 0.204 0.195 
1182 CP00016352    (0)    3 :  0.200 0.200 0.196 0.200 0.204 
1183 CP00016325    (0)    3 :  0.197 0.200 0.201 0.198 0.203 
1184 CP00016475    (0)    3 :  0.199 0.200 0.202 0.201 0.197 
1185 CP00016340    (0)    3 :  0.196 0.195 0.197 0.197 0.214 
1186 CP00016355    (0)    3 :  0.195 0.199 0.200 0.198 0.208 
1187 CP00016511    (0)    3 :  0.194 0.201 0.198 0.201 0.207 
1188 CP00016351    (0)    3 :  0.200 0.204 0.199 0.200 0.197 
1189 CP00016507    (0)    3 :  0.201 0.196 0.201 0.199 0.204 
1190 CP00016479    (0)    3 :  0.202 0.207 0.202 0.196 0.194 
1191 CP00016504    (0)    3 :  0.204 0.193 0.198 0.198 0.206 
1192 CP00016472    (0)    3 :  0.200 0.198 0.203 0.205 0.193 
1193 CP00016488    (3)    3 :  0.197 0.205 0.202 0.204 0.192 
1194 CP00016514    (0)    3 :  0.201 0.193 0.198 0.198 0.211 
1195 CP00016347    (0)    3 :  0.193 0.203 0.195 0.197 0.214 
1196 CP00016348    (0)    3 :  0.204 0.199 0.198 0.199 0.200 
1197 CP00016510    (0)    3 :  0.193 0.201 0.197 0.199 0.210 
1198 CP00016350    (0)    3 :  0.203 0.197 0.202 0.206 0.192 
1199 CP00016518    (0)    3 :  0.201 0.200 0.203 0.201 0.194 
1200 CP00016509    (0)    3 :  0.205 0.205 0.203 0.204 0.184 
1201 CP00015888    (0)    3 :  0.200 0.203 0.201 0.199 0.196 
1202 CP00015759    (0)    3 :  0.192 0.204 0.198 0.198 0.208 
1203 CP00015760    (0)    3 :  0.200 0.206 0.203 0.202 0.188 
1204 CP00015918    (0)    3 :  0.197 0.190 0.191 0.196 0.227 
1205 CP00015756    (0)    3 :  0.197 0.198 0.197 0.198 0.211 
1206 CP00015880    (0)    3 :  0.200 0.206 0.198 0.201 0.194 
1207 CP00015916    (0)    3 :  0.205 0.201 0.202 0.201 0.190 
1208 CP00015753    (0)    3 :  0.211 0.196 0.201 0.205 0.188 
1209 CP00015885    (0)    3 :  0.200 0.204 0.202 0.202 0.192 
1210 CP00015896    (0)    3 :  0.199 0.202 0.201 0.195 0.202 
1211 CP00015899    (0)    3 :  0.196 0.195 0.197 0.196 0.217 
1212 CP00015909    (0)    3 :  0.199 0.208 0.204 0.201 0.189 
1213 CP00015894    (0)    3 :  0.199 0.195 0.202 0.201 0.202 
1214 CP00015724    (0)    3 :  0.197 0.198 0.200 0.198 0.206 
1215 CP00015906    (0)    3 :  0.203 0.201 0.205 0.204 0.186 
1216 CP00015734    (3)    3 :  0.199 0.199 0.198 0.200 0.203 
1217 CP00015764    (0)    3 :  0.193 0.200 0.195 0.192 0.220 
1218 CP00015897    (0)    3 :  0.200 0.196 0.202 0.201 0.202 
1219 CP00015758    (0)    3 :  0.198 0.207 0.202 0.199 0.194 
1220 CP00015920    (0)    3 :  0.204 0.198 0.200 0.201 0.197 
1221 CP00015889    (0)    3 :  0.201 0.204 0.203 0.207 0.186 
1222 CP00015919    (0)    3 :  0.195 0.196 0.195 0.194 0.220 
1223 CP00015912    (0)    3 :  0.205 0.199 0.199 0.198 0.199 
1224 CP00015913    (0)    3 :  0.201 0.199 0.201 0.205 0.195 
1225 CP00015872    (0)    3 :  0.192 0.203 0.196 0.191 0.218 
1226 CP00015911    (0)    3 :  0.200 0.198 0.200 0.198 0.204 
1227 CP00015908    (0)    3 :  0.203 0.202 0.200 0.201 0.194 
1228 CP00015901    (0)    3 :  0.198 0.199 0.198 0.198 0.207 
1229 CP00015892    (3)    3 :  0.204 0.200 0.202 0.200 0.194 
1230 CP00015883    (0)    3 :  0.202 0.206 0.200 0.204 0.187 
1231 CP00015910    (0)    3 :  0.196 0.207 0.198 0.197 0.202 
1232 CP00015884    (0)    3 :  0.197 0.196 0.197 0.200 0.210 
1233 CP00015875    (0)    3 :  0.194 0.205 0.199 0.198 0.204 
1234 CP00015879    (0)    3 :  0.204 0.196 0.199 0.204 0.198 
1235 CP00015905    (0)    3 :  0.197 0.203 0.201 0.199 0.199 
1236 CP00015891    (0)    3 :  0.196 0.193 0.196 0.192 0.223 
1237 CP00015740    (0)    3 :  0.203 0.201 0.199 0.200 0.197 
1238 CP00015766    (0)    3 :  0.201 0.193 0.193 0.194 0.219 
1239 CP00015763    (0)    3 :  0.204 0.203 0.201 0.204 0.187 
1240 CP00015762    (0)    3 :  0.193 0.194 0.193 0.195 0.225 
1241 CP00015761    (0)    3 :  0.198 0.199 0.199 0.195 0.209 
1242 CP00015743    (0)    3 :  0.199 0.201 0.201 0.198 0.201 
1243 CP00015878    (0)    3 :  0.202 0.200 0.203 0.204 0.192 
1244 CP00015748    (0)    3 :  0.194 0.196 0.200 0.195 0.214 
1245 CP00015737    (0)    3 :  0.188 0.197 0.195 0.193 0.227 
1246 CP00015768    (0)    3 :  0.200 0.207 0.203 0.203 0.187 
1247 CP00015767    (0)    3 :  0.203 0.196 0.201 0.204 0.195 
1248 CP00015746    (0)    3 :  0.195 0.208 0.199 0.198 0.200 
1249 CP00015893    (0)    3 :  0.203 0.210 0.205 0.201 0.182 
1250 CP00015741    (0)    3 :  0.204 0.192 0.198 0.200 0.206 
1251 CP00015757    (0)    3 :  0.201 0.192 0.197 0.199 0.211 
1252 CP00015739    (0)    3 :  0.204 0.199 0.199 0.200 0.198 
1253 CP00015751    (0)    3 :  0.205 0.189 0.198 0.201 0.207 
1254 CP00015745    (0)    3 :  0.205 0.196 0.200 0.201 0.198 
1255 CP00015747    (0)    3 :  0.200 0.200 0.200 0.201 0.199 
1256 CP00015754    (0)    3 :  0.196 0.190 0.194 0.193 0.227 
1257 CP00015873    (0)    3 :  0.199 0.200 0.199 0.200 0.202 
1258 CP00015881    (0)    3 :  0.198 0.198 0.199 0.197 0.207 
1259 CP00015877    (0)    3 :  0.204 0.204 0.205 0.201 0.187 
1260 CP00015915    (0)    3 :  0.201 0.202 0.201 0.200 0.197 
1261 CP00015904    (0)    3 :  0.205 0.197 0.201 0.200 0.197 
1262 CP00015900    (0)    3 :  0.204 0.199 0.203 0.202 0.193 
1263 CP00015907    (0)    3 :  0.203 0.201 0.204 0.205 0.187 
1264 CP00015742    (0)    3 :  0.192 0.189 0.193 0.191 0.235 
1265 CP00015738    (0)    3 :  0.206 0.204 0.204 0.204 0.183 
1266 CP00015727    (0)    3 :  0.202 0.199 0.200 0.200 0.199 
1267 CP00015728    (0)    3 :  0.204 0.201 0.202 0.205 0.188 
1268 CP00015726    (0)    3 :  0.195 0.199 0.198 0.196 0.212 
1269 CP00015914    (0)    3 :  0.203 0.196 0.198 0.198 0.205 
1270 CP00015769    (0)    3 :  0.204 0.197 0.203 0.203 0.194 
1271 CP00015770    (0)    3 :  0.204 0.203 0.202 0.199 0.192 
1272 CP00015750    (0)    3 :  0.200 0.206 0.205 0.209 0.181 
1273 CP00015749    (0)    3 :  0.203 0.198 0.201 0.197 0.202 
1274 CP00015721    (0)    3 :  0.198 0.199 0.200 0.199 0.204 
1275 CP00015735    (0)    3 :  0.201 0.203 0.204 0.201 0.191 
1276 CP00015732    (0)    3 :  0.202 0.202 0.202 0.202 0.192 
1277 CP00015723    (0)    3 :  0.204 0.201 0.201 0.203 0.192 
1278 CP00015729    (0)    3 :  0.199 0.207 0.204 0.202 0.188 
1279 CP00015736    (0)    3 :  0.199 0.206 0.203 0.199 0.193 
1280 CP00015725    (0)    3 :  0.201 0.192 0.201 0.201 0.204 
1281 CP00015886    (0)    3 :  0.198 0.198 0.199 0.200 0.206 
1282 CP00015722    (0)    3 :  0.198 0.206 0.201 0.203 0.192 
1283 CP00015731    (0)    3 :  0.200 0.205 0.201 0.200 0.195 
1284 CP00015730    (0)    3 :  0.197 0.209 0.205 0.202 0.187 
1285 CP00015752    (0)    3 :  0.203 0.202 0.200 0.201 0.194 
1286 CP00015890    (0)    3 :  0.205 0.202 0.200 0.204 0.189 
1287 CP00015876    (0)    3 :  0.198 0.209 0.202 0.202 0.189 
1288 CP00015887    (0)    3 :  0.199 0.203 0.204 0.202 0.192 
1289 CP00015882    (0)    3 :  0.191 0.202 0.197 0.201 0.209 
1290 CP00015765    (0)    3 :  0.202 0.198 0.201 0.197 0.203 
1291 CP00015744    (0)    3 :  0.196 0.197 0.197 0.193 0.217 
1292 CP00015104    (0)    1 :  0.204 0.201 0.199 0.203 0.193 
1293 CP00015100    (0)    1 :  0.192 0.187 0.188 0.188 0.245 
1294 CP00015000    (0)    1 :  0.201 0.197 0.199 0.202 0.200 
1295 CP00015119    (0)    1 :  0.198 0.208 0.199 0.197 0.198 
1296 CP00015016    (0)    1 :  0.209 0.200 0.201 0.203 0.186 
1297 CP00015078    (0)    1 :  0.207 0.200 0.201 0.204 0.188 
1298 CP00015076    (0)    1 :  0.197 0.193 0.195 0.195 0.220 
1299 CP00015084    (0)    1 :  0.202 0.200 0.202 0.200 0.196 
1300 CP00015091    (0)    1 :  0.203 0.199 0.201 0.201 0.195 
1301 CP00015013    (0)    1 :  0.204 0.200 0.202 0.202 0.191 
1302 CP00015009    (0)    1 :  0.199 0.196 0.198 0.199 0.208 
1303 CP00015082    (0)    1 :  0.207 0.198 0.201 0.201 0.192 
1304 CP00014983    (0)    1 :  0.201 0.204 0.201 0.199 0.194 
1305 CP00015072    (0)    1 :  0.200 0.208 0.203 0.205 0.183 
1306 CP00015086    (0)    1 :  0.198 0.201 0.202 0.200 0.199 
1307 CP00015073    (0)    1 :  0.206 0.200 0.200 0.204 0.189 
1308 CP00015077    (0)    1 :  0.201 0.196 0.201 0.199 0.203 
1309 CP00014973    (0)    1 :  0.203 0.205 0.203 0.201 0.188 
1310 CP00015015    (0)    1 :  0.202 0.203 0.203 0.203 0.189 
1311 CP00014975    (0)    1 :  0.197 0.198 0.198 0.197 0.209 
1312 CP00014979    (0)    1 :  0.203 0.199 0.201 0.202 0.195 
1313 CP00014980    (0)    1 :  0.193 0.202 0.199 0.195 0.212 
1314 CP00015111    (0)    1 :  0.202 0.199 0.202 0.201 0.197 
1315 CP00015090    (0)    1 :  0.196 0.202 0.200 0.201 0.202 
1316 CP00015098    (0)    1 :  0.205 0.198 0.199 0.200 0.200 
1317 CP00015005    (0)    1 :  0.199 0.196 0.197 0.201 0.207 
1318 CP00015109    (0)    1 :  0.199 0.198 0.197 0.197 0.208 
1319 CP00015114    (0)    1 :  0.200 0.197 0.200 0.197 0.207 
1320 CP00015007    (0)    1 :  0.199 0.199 0.199 0.198 0.205 
1321 CP00015006    (0)    1 :  0.200 0.202 0.203 0.200 0.195 
1322 CP00014974    (0)    1 :  0.206 0.200 0.199 0.198 0.197 
1323 CP00015096    (0)    1 :  0.193 0.198 0.196 0.195 0.218 
1324 CP00015112    (0)    1 :  0.197 0.204 0.201 0.199 0.199 
1325 CP00015002    (0)    1 :  0.197 0.212 0.205 0.206 0.181 
1326 CP00015113    (0)    1 :  0.201 0.200 0.202 0.207 0.190 
1327 CP00015010    (0)    1 :  0.203 0.200 0.203 0.204 0.190 
1328 CP00015019    (0)    1 :  0.199 0.198 0.198 0.199 0.207 
1329 CP00015120    (0)    1 :  0.191 0.204 0.200 0.197 0.208 
1330 CP00015107    (0)    1 :  0.206 0.199 0.203 0.202 0.190 
1331 CP00015081    (0)    1 :  0.204 0.198 0.201 0.207 0.190 
1332 CP00015071    (0)    1 :  0.203 0.203 0.202 0.207 0.185 
1333 CP00015087    (0)    1 :  0.201 0.201 0.197 0.203 0.199 
1334 CP00015093    (3)    1 :  0.206 0.196 0.199 0.198 0.201 
1335 CP00015102    (0)    1 :  0.200 0.208 0.200 0.199 0.193 
1336 CP00015101    (0)    1 :  0.200 0.202 0.201 0.202 0.194 
1337 CP00014982    (0)    1 :  0.198 0.205 0.204 0.204 0.189 
1338 CP00014990    (0)    1 :  0.204 0.205 0.204 0.205 0.183 
1339 CP00015088    (0)    1 :  0.205 0.200 0.204 0.204 0.187 
1340 CP00014995    (0)    1 :  0.195 0.214 0.201 0.200 0.191 
1341 CP00015003    (0)    1 :  0.197 0.198 0.199 0.196 0.210 
1342 CP00015097    (0)    1 :  0.204 0.200 0.204 0.206 0.186 
1343 CP00014972    (0)    1 :  0.210 0.198 0.199 0.200 0.192 
1344 CP00015106    (0)    1 :  0.201 0.200 0.199 0.202 0.197 
1345 CP00015095    (0)    1 :  0.204 0.202 0.202 0.200 0.193 
1346 CP00014998    (0)    1 :  0.196 0.195 0.196 0.197 0.216 
1347 CP00014985    (0)    1 :  0.202 0.202 0.204 0.196 0.197 
1348 CP00014986    (0)    1 :  0.200 0.201 0.202 0.203 0.195 
1349 CP00014999    (0)    1 :  0.200 0.205 0.204 0.200 0.191 
1350 CP00014984    (0)    1 :  0.200 0.201 0.200 0.199 0.200 
1351 CP00015117    (0)    1 :  0.206 0.200 0.201 0.205 0.189 
1352 CP00015099    (0)    1 :  0.197 0.203 0.204 0.200 0.196 
1353 CP00015110    (0)    1 :  0.203 0.198 0.200 0.200 0.199 
1354 CP00015115    (0)    1 :  0.198 0.200 0.196 0.199 0.207 
1355 CP00015080    (0)    1 :  0.206 0.196 0.200 0.204 0.195 
1356 CP00015012    (0)    1 :  0.197 0.207 0.201 0.204 0.190 
1357 CP00014994    (0)    1 :  0.198 0.203 0.203 0.198 0.198 
1358 CP00015001    (0)    1 :  0.202 0.200 0.202 0.208 0.187 
1359 CP00014992    (0)    1 :  0.191 0.194 0.194 0.193 0.227 
1360 CP00015074    (0)    1 :  0.209 0.194 0.199 0.202 0.196 
1361 CP00014991    (0)    1 :  0.199 0.201 0.201 0.198 0.200 
1362 CP00014981    (0)    1 :  0.200 0.203 0.202 0.199 0.196 
1363 CP00014977    (0)    1 :  0.198 0.198 0.200 0.199 0.205 
1364 CP00014976    (0)    1 :  0.194 0.199 0.199 0.199 0.209 
1365 CP00014993    (0)    1 :  0.204 0.200 0.200 0.203 0.193 
1366 CP00014971    (0)    1 :  0.205 0.200 0.200 0.201 0.193 
1367 CP00015020    (0)    1 :  0.207 0.200 0.200 0.200 0.192 
1368 CP00015004    (0)    1 :  0.204 0.197 0.198 0.198 0.203 
1369 CP00015103    (0)    1 :  0.194 0.198 0.199 0.197 0.212 
1370 CP00015116    (0)    1 :  0.196 0.198 0.195 0.195 0.216 
1371 CP00015118    (0)    1 :  0.205 0.202 0.199 0.203 0.191 
1372 CP00014996    (0)    1 :  0.198 0.209 0.202 0.202 0.188 
1373 CP00015079    (0)    1 :  0.211 0.198 0.200 0.205 0.186 
1374 CP00015094    (0)    1 :  0.203 0.202 0.199 0.201 0.194 
1375 CP00015085    (0)    1 :  0.195 0.203 0.198 0.197 0.207 
1376 CP00015083    (0)    1 :  0.205 0.201 0.204 0.205 0.186 
1377 CP00015092    (0)    1 :  0.200 0.198 0.199 0.203 0.200 
1378 CP00018197    (0)    1 :  0.203 0.200 0.198 0.200 0.198 
1379 CP00018136    (0)    1 :  0.198 0.193 0.195 0.196 0.218 
1380 CP00018190    (0)    1 :  0.203 0.195 0.196 0.199 0.208 
1381 CP00018139    (0)    1 :  0.199 0.194 0.197 0.198 0.212 
1382 CP00018207    (0)    1 :  0.199 0.197 0.197 0.200 0.207 
1383 CP00018213    (0)    1 :  0.203 0.204 0.202 0.202 0.188 
1384 CP00018163    (0)    1 :  0.196 0.195 0.201 0.196 0.211 
1385 CP00018179    (0)    1 :  0.195 0.210 0.204 0.202 0.190 
1386 CP00018178    (0)    1 :  0.206 0.187 0.195 0.201 0.212 
1387 CP00018144    (0)    1 :  0.210 0.198 0.203 0.203 0.186 
1388 CP00018155    (0)    1 :  0.200 0.201 0.196 0.196 0.207 
1389 CP00018151    (0)    1 :  0.207 0.196 0.201 0.205 0.191 
1390 CP00018180    (0)    1 :  0.198 0.197 0.201 0.201 0.204 
1391 CP00018182    (0)    1 :  0.198 0.205 0.203 0.207 0.186 
1392 CP00018189    (0)    1 :  0.205 0.200 0.201 0.204 0.190 
1393 CP00018217    (0)    1 :  0.194 0.202 0.199 0.197 0.207 
1394 CP00018154    (0)    1 :  0.197 0.194 0.197 0.195 0.217 
1395 CP00018158    (0)    1 :  0.197 0.203 0.203 0.198 0.200 
1396 CP00018181    (0)    3 :  0.207 0.199 0.200 0.203 0.191 
1397 CP00018208    (0)    1 :  0.204 0.197 0.198 0.197 0.203 
1398 CP00018211    (0)    3 :  0.203 0.201 0.203 0.204 0.189 
1399 CP00018176    (0)    3 :  0.208 0.197 0.200 0.205 0.190 
1400 CP00018128    (0)    3 :  0.197 0.201 0.198 0.195 0.209 
1401 CP00018122    (0)    3 :  0.197 0.206 0.200 0.201 0.195 
1402 CP00018156    (0)    3 :  0.193 0.200 0.195 0.194 0.217 
1403 CP00018126    (3)    3 :  0.201 0.194 0.200 0.198 0.207 
1404 CP00018187    (0)    3 :  0.195 0.197 0.200 0.198 0.209 
1405 CP00018143    (0)    3 :  0.199 0.202 0.205 0.203 0.192 
1406 CP00018188    (0)    3 :  0.199 0.192 0.196 0.195 0.217 
1407 CP00018219    (0)    1 :  0.199 0.205 0.202 0.201 0.194 
1408 CP00018205    (0)    1 :  0.203 0.204 0.203 0.201 0.189 
1409 CP00018124    (0)    1 :  0.205 0.189 0.195 0.198 0.212 
1410 CP00018160    (0)    1 :  0.203 0.196 0.202 0.203 0.196 
1411 CP00018199    (0)    1 :  0.200 0.194 0.202 0.199 0.205 
1412 CP00018137    (0)    1 :  0.203 0.203 0.197 0.199 0.198 
1413 CP00018215    (0)    1 :  0.203 0.199 0.200 0.205 0.192 
1414 CP00018171    (0)    1 :  0.205 0.195 0.200 0.201 0.199 
1415 CP00018157    (0)    1 :  0.201 0.191 0.195 0.202 0.211 
1416 CP00018165    (0)    1 :  0.204 0.200 0.202 0.206 0.187 
1417 CP00018191    (0)    1 :  0.200 0.205 0.204 0.204 0.188 
1418 CP00018141    (0)    1 :  0.203 0.197 0.198 0.199 0.203 
1419 CP00018204    (0)    3 :  0.193 0.194 0.192 0.194 0.226 
1420 CP00018127    (0)    3 :  0.212 0.193 0.200 0.201 0.194 
1421 CP00018194    (0)    1 :  0.199 0.202 0.201 0.202 0.196 
1422 CP00018168    (0)    3 :  0.194 0.195 0.192 0.198 0.221 
1423 CP00018216    (0)    1 :  0.200 0.199 0.196 0.201 0.203 
1424 CP00018192    (0)    1 :  0.198 0.205 0.200 0.201 0.196 
1425 CP00018184    (0)    3 :  0.201 0.200 0.202 0.199 0.198 
1426 CP00018134    (0)    3 :  0.202 0.202 0.202 0.194 0.200 
1427 CP00018142    (0)    3 :  0.200 0.202 0.205 0.205 0.187 
1428 CP00018220    (0)    3 :  0.203 0.200 0.199 0.202 0.195 
1429 CP00018186    (0)    3 :  0.197 0.203 0.200 0.198 0.203 
1430 CP00018131    (0)    3 :  0.198 0.202 0.201 0.200 0.199 
1431 CP00018183    (0)    3 :  0.201 0.204 0.202 0.205 0.188 
1432 CP00018209    (0)    3 :  0.208 0.199 0.199 0.204 0.190 
1433 CP00018193    (0)    1 :  0.203 0.202 0.203 0.202 0.190 
1434 CP00018177    (0)    1 :  0.196 0.205 0.201 0.204 0.195 
1435 CP00018214    (0)    1 :  0.199 0.197 0.200 0.199 0.205 
1436 CP00018145    (0)    3 :  0.196 0.209 0.200 0.201 0.194 
1437 CP00018185    (0)    3 :  0.197 0.209 0.201 0.200 0.194 
1438 CP00018201    (0)    3 :  0.203 0.207 0.203 0.199 0.188 
1439 CP00018153    (0)    3 :  0.200 0.198 0.199 0.197 0.206 
1440 CP00018121    (0)    3 :  0.195 0.210 0.203 0.205 0.188 
1441 CP00018175    (0)    3 :  0.199 0.200 0.202 0.200 0.199 
1442 CP00018146    (0)    3 :  0.194 0.203 0.200 0.194 0.209 
1443 CP00018148    (0)    3 :  0.198 0.211 0.204 0.203 0.184 
1444 CP00018195    (0)    1 :  0.196 0.204 0.202 0.207 0.191 
1445 CP00018132    (0)    3 :  0.200 0.202 0.199 0.202 0.195 
1446 CP00018210    (0)    3 :  0.204 0.202 0.203 0.201 0.190 
1447 CP00018135    (0)    3 :  0.197 0.206 0.201 0.200 0.196 
1448 CP00018164    (0)    3 :  0.201 0.194 0.198 0.199 0.208 
1449 CP00018133    (0)    3 :  0.201 0.197 0.199 0.201 0.203 
1450 CP00018149    (0)    3 :  0.189 0.198 0.193 0.193 0.228 
1451 CP00018170    (0)    3 :  0.202 0.199 0.202 0.201 0.197 
1452 CP00018166    (0)    3 :  0.199 0.197 0.200 0.201 0.203 
1453 CP00018173    (0)    3 :  0.203 0.208 0.203 0.207 0.179 
1454 CP00018212    (0)    1 :  0.199 0.202 0.199 0.201 0.198 
1455 CP00018172    (0)    3 :  0.200 0.200 0.202 0.199 0.199 
1456 CP00018202    (0)    3 :  0.198 0.203 0.199 0.199 0.202 
1457 CP00018125    (0)    3 :  0.195 0.198 0.198 0.196 0.212 
1458 CP00018198    (0)    1 :  0.201 0.207 0.203 0.205 0.184 
1459 CP00018129    (0)    3 :  0.204 0.205 0.204 0.204 0.184 
1460 CP00018140    (0)    3 :  0.205 0.196 0.201 0.203 0.195 
1461 CP00018196    (0)    1 :  0.202 0.199 0.202 0.200 0.196 
1462 CP00018218    (0)    1 :  0.201 0.199 0.202 0.200 0.197 
1463 CP00017467    (0)    3 :  0.207 0.199 0.198 0.201 0.195 
1464 CP00017499    (0)    3 :  0.197 0.200 0.198 0.199 0.206 
1465 CP00017430    (0)    3 :  0.203 0.200 0.204 0.201 0.193 
1466 CP00017510    (0)    3 :  0.201 0.207 0.204 0.206 0.181 
1467 CP00017437    (0)    3 :  0.198 0.201 0.200 0.198 0.204 
1468 CP00017429    (0)    3 :  0.202 0.200 0.198 0.201 0.199 
1469 CP00017432    (0)    3 :  0.200 0.196 0.199 0.202 0.204 
1470 CP00017447    (0)    3 :  0.201 0.192 0.195 0.196 0.216 
1471 CP00017442    (0)    3 :  0.197 0.200 0.199 0.197 0.206 
1472 CP00017484    (0)    3 :  0.195 0.200 0.198 0.195 0.212 
1473 CP00017504    (0)    3 :  0.195 0.196 0.197 0.197 0.215 
1474 CP00017423    (0)    3 :  0.200 0.208 0.203 0.205 0.184 
1475 CP00017518    (0)    3 :  0.202 0.202 0.204 0.205 0.187 
1476 CP00017455    (0)    3 :  0.194 0.199 0.193 0.196 0.217 
1477 CP00017497    (0)    3 :  0.194 0.191 0.194 0.191 0.229 
1478 CP00017456    (0)    3 :  0.203 0.205 0.199 0.199 0.194 
1479 CP00017514    (0)    3 :  0.200 0.203 0.203 0.205 0.189 
1480 CP00017489    (0)    3 :  0.200 0.203 0.202 0.203 0.192 
1481 CP00017424    (0)    3 :  0.200 0.192 0.198 0.200 0.210 
1482 CP00017468    (0)    3 :  0.200 0.205 0.200 0.205 0.189 
1483 CP00017511    (0)    3 :  0.200 0.204 0.201 0.198 0.197 
1484 CP00017438    (0)    3 :  0.199 0.205 0.203 0.199 0.194 
1485 CP00017463    (0)    3 :  0.200 0.204 0.203 0.205 0.189 
1486 CP00017469    (0)    3 :  0.189 0.191 0.193 0.194 0.232 
1487 CP00017436    (0)    3 :  0.192 0.194 0.191 0.192 0.231 
1488 CP00017491    (0)    3 :  0.204 0.196 0.203 0.201 0.196 
1489 CP00017452    (0)    3 :  0.198 0.203 0.199 0.199 0.202 
1490 CP00017520    (0)    3 :  0.201 0.205 0.202 0.204 0.188 
1491 CP00017434    (0)    3 :  0.201 0.190 0.193 0.196 0.221 
1492 CP00017472    (0)    3 :  0.197 0.193 0.195 0.194 0.221 
1493 CP00017507    (0)    3 :  0.197 0.190 0.195 0.198 0.220 
1494 CP00017479    (0)    3 :  0.196 0.196 0.197 0.195 0.217 
1495 CP00017475    (0)    3 :  0.200 0.205 0.204 0.202 0.190 
1496 CP00017464    (0)    3 :  0.198 0.196 0.196 0.195 0.215 
1497 CP00017477    (0)    3 :  0.199 0.207 0.201 0.204 0.189 
1498 CP00017500    (0)    3 :  0.199 0.199 0.201 0.199 0.202 
1499 CP00017461    (0)    3 :  0.197 0.201 0.201 0.201 0.200 
1500 CP00017427    (0)    3 :  0.198 0.195 0.201 0.197 0.209 
1501 CP00017444    (0)    3 :  0.198 0.202 0.199 0.196 0.204 
1502 CP00017476    (0)    3 :  0.187 0.192 0.187 0.187 0.247 
1503 CP00017493    (0)    3 :  0.193 0.196 0.196 0.193 0.222 
1504 CP00017440    (0)    3 :  0.200 0.196 0.202 0.202 0.199 
1505 CP00017509    (0)    3 :  0.203 0.193 0.195 0.198 0.210 
1506 CP00017439    (0)    3 :  0.198 0.199 0.200 0.201 0.202 
1507 CP00017428    (0)    3 :  0.196 0.202 0.201 0.195 0.205 
1508 CP00017502    (0)    3 :  0.193 0.193 0.195 0.195 0.224 
1509 CP00017471    (0)    3 :  0.198 0.200 0.197 0.198 0.208 
1510 CP00017459    (0)    3 :  0.202 0.196 0.199 0.203 0.201 
1511 CP00017425    (0)    3 :  0.189 0.199 0.193 0.193 0.227 
1512 CP00017465    (0)    3 :  0.204 0.202 0.203 0.203 0.189 
1513 CP00017516    (0)    3 :  0.199 0.198 0.200 0.197 0.206 
1514 CP00017498    (0)    3 :  0.201 0.202 0.200 0.200 0.197 
1515 CP00017426    (0)    3 :  0.199 0.190 0.194 0.197 0.220 
1516 CP00017481    (0)    3 :  0.197 0.201 0.199 0.199 0.204 
1517 CP00017422    (0)    3 :  0.203 0.200 0.204 0.202 0.191 
1518 CP00017512    (0)    3 :  0.198 0.193 0.194 0.193 0.222 
1519 CP00017460    (0)    3 :  0.200 0.201 0.202 0.201 0.196 
1520 CP00017443    (0)    3 :  0.195 0.191 0.194 0.196 0.223 
1521 CP00017457    (0)    3 :  0.200 0.207 0.202 0.202 0.190 
1522 CP00017446    (0)    3 :  0.205 0.208 0.203 0.203 0.181 
1523 CP00017431    (0)    3 :  0.204 0.199 0.201 0.201 0.194 
1524 CP00017462    (0)    3 :  0.199 0.206 0.201 0.201 0.194 
1525 CP00017445    (0)    3 :  0.199 0.199 0.201 0.202 0.199 
1526 CP00017435    (0)    3 :  0.196 0.202 0.199 0.200 0.202 
1527 CP00017449    (0)    3 :  0.197 0.209 0.202 0.201 0.191 
1528 CP00017454    (0)    3 :  0.199 0.200 0.201 0.201 0.199 
1529 CP00017501    (0)    3 :  0.207 0.199 0.202 0.203 0.189 
1530 CP00017451    (0)    3 :  0.197 0.207 0.203 0.204 0.190 
1531 CP00017490    (0)    3 :  0.196 0.202 0.198 0.198 0.206 
1532 CP00017470    (0)    3 :  0.198 0.201 0.199 0.195 0.207 
1533 CP00017506    (0)    3 :  0.206 0.194 0.200 0.202 0.198 
1534 CP00017466    (0)    3 :  0.198 0.207 0.203 0.200 0.192 
1535 CP00017441    (0)    3 :  0.206 0.203 0.201 0.200 0.190 
1536 CP00017473    (0)    3 :  0.207 0.190 0.199 0.201 0.202 
1537 CP00017453    (0)    3 :  0.200 0.197 0.198 0.198 0.206 
1538 CP00017513    (0)    3 :  0.197 0.199 0.200 0.194 0.210 
1539 CP00017508    (0)    3 :  0.197 0.195 0.199 0.198 0.211 
1540 CP00017505    (0)    3 :  0.196 0.197 0.196 0.197 0.214 
1541 CP00017421    (0)    3 :  0.195 0.216 0.203 0.200 0.185 
1542 CP00017496    (0)    3 :  0.194 0.199 0.202 0.196 0.208 
1543 CP00017433    (0)    3 :  0.197 0.202 0.200 0.201 0.199 
1544 CP00017458    (0)    3 :  0.201 0.202 0.199 0.198 0.201 
1545 CP00017478    (0)    3 :  0.197 0.201 0.201 0.201 0.199 
1546 CP00017492    (0)    3 :  0.197 0.195 0.195 0.196 0.217 
1547 CP00017517    (0)    3 :  0.195 0.201 0.196 0.197 0.212 
1548 CP00017503    (0)    3 :  0.210 0.192 0.202 0.200 0.197 
1549 CP00017694    (0)    2 :  0.191 0.192 0.193 0.194 0.229 
1550 CP00017741    (0)    3 :  0.200 0.206 0.202 0.204 0.189 
1551 CP00017734    (0)    3 :  0.200 0.201 0.199 0.199 0.201 
1552 CP00017717    (0)    1 :  0.205 0.196 0.198 0.201 0.200 
1553 CP00017690    (0)    3 :  0.206 0.202 0.201 0.205 0.186 
1554 CP00017755    (0)    3 :  0.204 0.199 0.201 0.202 0.194 
1555 CP00017712    (0)    3 :  0.202 0.198 0.201 0.200 0.199 
1556 CP00017688    (0)    3 :  0.199 0.203 0.199 0.201 0.197 
1557 CP00017714    (0)    3 :  0.205 0.194 0.201 0.203 0.197 
1558 CP00017680    (0)    3 :  0.206 0.191 0.196 0.201 0.206 
1559 CP00017710    (0)    3 :  0.206 0.196 0.201 0.202 0.194 
1560 CP00017733    (0)    3 :  0.208 0.201 0.203 0.201 0.187 
1561 CP00017682    (0)    3 :  0.200 0.193 0.195 0.196 0.215 
1562 CP00017763    (0)    3 :  0.205 0.200 0.199 0.196 0.199 
1563 CP00017695    (0)    2 :  0.206 0.198 0.201 0.201 0.194 
1564 CP00017730    (0)    3 :  0.202 0.196 0.200 0.198 0.204 
1565 CP00017757    (0)    3 :  0.200 0.207 0.203 0.202 0.189 
1566 CP00017770    (0)    3 :  0.198 0.196 0.200 0.199 0.207 
1567 CP00017697    (0)    2 :  0.207 0.201 0.203 0.201 0.187 
1568 CP00017739    (0)    3 :  0.201 0.203 0.203 0.202 0.191 
1569 CP00017681    (0)    3 :  0.202 0.204 0.207 0.202 0.185 
1570 CP00017685    (0)    3 :  0.198 0.200 0.200 0.196 0.205 
1571 CP00017696    (0)    2 :  0.198 0.199 0.199 0.195 0.210 
1572 CP00017679    (0)    3 :  0.195 0.196 0.197 0.198 0.214 
1573 CP00017766    (0)    3 :  0.196 0.207 0.199 0.202 0.196 
1574 CP00017702    (0)    2 :  0.204 0.198 0.200 0.202 0.196 
1575 CP00017715    (0)    3 :  0.195 0.197 0.196 0.193 0.218 
1576 CP00017676    (0)    3 :  0.199 0.204 0.198 0.199 0.200 
1577 CP00017700    (0)    2 :  0.192 0.195 0.190 0.194 0.229 
1578 CP00017723    (0)    3 :  0.196 0.208 0.202 0.202 0.193 
1579 CP00017724    (0)    3 :  0.201 0.204 0.203 0.201 0.192 
1580 CP00017725    (0)    3 :  0.202 0.203 0.205 0.204 0.186 
1581 CP00017673    (0)    3 :  0.198 0.206 0.206 0.204 0.187 
1582 CP00017735    (0)    3 :  0.204 0.195 0.201 0.201 0.199 
1583 CP00017737    (0)    3 :  0.208 0.198 0.204 0.206 0.184 
1584 CP00017760    (0)    3 :  0.198 0.206 0.201 0.201 0.194 
1585 CP00017731    (0)    3 :  0.195 0.204 0.199 0.202 0.200 
1586 CP00017706    (0)    2 :  0.202 0.196 0.199 0.201 0.202 
1587 CP00017672    (0)    3 :  0.197 0.200 0.195 0.198 0.209 
1588 CP00017769    (0)    3 :  0.207 0.204 0.203 0.206 0.182 
1589 CP00017698    (0)    2 :  0.201 0.201 0.198 0.200 0.200 
1590 CP00017699    (0)    2 :  0.203 0.204 0.204 0.201 0.188 
1591 CP00017683    (0)    3 :  0.195 0.196 0.199 0.200 0.211 
1592 CP00017765    (0)    3 :  0.206 0.198 0.204 0.200 0.193 
1593 CP00017756    (0)    3 :  0.199 0.199 0.201 0.198 0.203 
1594 CP00017677    (0)    3 :  0.197 0.194 0.198 0.201 0.209 
1595 CP00017752    (0)    3 :  0.200 0.210 0.203 0.201 0.185 
1596 CP00017686    (0)    3 :  0.199 0.192 0.194 0.197 0.217 
1597 CP00017736    (0)    3 :  0.198 0.203 0.205 0.204 0.191 
1598 CP00017753    (0)    3 :  0.202 0.203 0.198 0.200 0.197 
1599 CP00017727    (0)    3 :  0.198 0.202 0.200 0.202 0.198 
1600 CP00017721    (0)    3 :  0.197 0.203 0.198 0.197 0.205 
1601 CP00017754    (0)    3 :  0.194 0.206 0.201 0.199 0.198 
1602 CP00017692    (0)    2 :  0.190 0.201 0.195 0.194 0.220 
1603 CP00017718    (0)    3 :  0.196 0.200 0.198 0.198 0.208 
1604 CP00017691    (0)    3 :  0.203 0.199 0.204 0.205 0.190 
1605 CP00017726    (0)    3 :  0.197 0.202 0.199 0.197 0.205 
1606 CP00017705    (0)    2 :  0.200 0.203 0.205 0.202 0.190 
1607 CP00017701    (0)    2 :  0.195 0.201 0.198 0.203 0.203 
1608 CP00017711    (0)    3 :  0.201 0.204 0.204 0.202 0.188 
1609 CP00017704    (0)    2 :  0.196 0.199 0.194 0.196 0.214 
1610 CP00017761    (0)    3 :  0.203 0.202 0.205 0.205 0.185 
1611 CP00017720    (0)    3 :  0.196 0.204 0.203 0.198 0.198 
1612 CP00017678    (0)    3 :  0.198 0.193 0.196 0.195 0.218 
1613 CP00017671    (0)    3 :  0.209 0.199 0.201 0.205 0.185 
1614 CP00017722    (0)    3 :  0.194 0.198 0.197 0.193 0.218 
1615 CP00017675    (0)    3 :  0.199 0.208 0.202 0.202 0.189 
1616 CP00017709    (0)    2 :  0.205 0.198 0.199 0.197 0.200 
1617 CP00017684    (0)    3 :  0.202 0.201 0.204 0.203 0.190 
1618 CP00017729    (0)    3 :  0.198 0.201 0.201 0.199 0.201 
1619 CP00017751    (0)    3 :  0.205 0.197 0.201 0.200 0.197 
1620 CP00017703    (3)    2 :  0.203 0.201 0.203 0.207 0.186 
1621 CP00017764    (0)    3 :  0.204 0.197 0.201 0.199 0.198 
1622 CP00017716    (0)    3 :  0.202 0.200 0.200 0.198 0.200 
1623 CP00017693    (0)    2 :  0.208 0.198 0.203 0.204 0.188 
1624 CP00017740    (0)    3 :  0.210 0.193 0.199 0.205 0.193 
1625 CP00017728    (0)    3 :  0.199 0.200 0.198 0.197 0.207 
1626 CP00017713    (0)    3 :  0.206 0.195 0.200 0.200 0.198 
1627 CP00017738    (0)    3 :  0.200 0.198 0.197 0.199 0.205 
1628 CP00017732    (0)    3 :  0.200 0.201 0.201 0.198 0.201 
1629 CP00017674    (0)    3 :  0.195 0.195 0.195 0.194 0.221 
1630 CP00017708    (0)    2 :  0.200 0.195 0.196 0.197 0.212 
1631 CP00015547    (0)    3 :  0.203 0.195 0.199 0.199 0.204 
1632 CP00015567    (0)    3 :  0.199 0.197 0.200 0.200 0.203 
1633 CP00015562    (0)    3 :  0.194 0.203 0.201 0.201 0.202 
1634 CP00015644    (0)    3 :  0.204 0.201 0.202 0.207 0.187 
1635 CP00015548    (0)    3 :  0.196 0.197 0.200 0.199 0.208 
1636 CP00015649    (0)    3 :  0.202 0.197 0.198 0.196 0.208 
1637 CP00015670    (0)    3 :  0.199 0.205 0.201 0.202 0.193 
1638 CP00015546    (0)    3 :  0.203 0.205 0.204 0.205 0.183 
1639 CP00015629    (0)    3 :  0.206 0.198 0.198 0.201 0.197 
1640 CP00015558    (0)    3 :  0.198 0.197 0.197 0.199 0.208 
1641 CP00015654    (0)    3 :  0.200 0.207 0.204 0.204 0.184 
1642 CP00015623    (0)    3 :  0.199 0.198 0.202 0.201 0.200 
1643 CP00015650    (0)    3 :  0.197 0.202 0.199 0.202 0.199 
1644 CP00015526    (0)    3 :  0.200 0.209 0.200 0.203 0.188 
1645 CP00015636    (0)    3 :  0.205 0.194 0.200 0.202 0.200 
1646 CP00015661    (0)    3 :  0.198 0.205 0.204 0.198 0.195 
1647 CP00015626    (0)    3 :  0.206 0.201 0.204 0.203 0.187 
1648 CP00015647    (0)    3 :  0.200 0.200 0.204 0.202 0.194 
1649 CP00015630    (0)    3 :  0.204 0.203 0.203 0.202 0.188 
1650 CP00015533    (0)    3 :  0.205 0.201 0.203 0.204 0.188 
1651 CP00015532    (0)    3 :  0.195 0.191 0.193 0.195 0.226 
1652 CP00015541    (0)    3 :  0.197 0.201 0.198 0.198 0.207 
1653 CP00015549    (0)    3 :  0.201 0.200 0.199 0.199 0.201 
1654 CP00015539    (0)    1 :  0.208 0.196 0.200 0.204 0.192 
1655 CP00015667    (0)    3 :  0.206 0.196 0.201 0.203 0.194 
1656 CP00015534    (0)    1 :  0.195 0.212 0.201 0.200 0.193 
1657 CP00015551    (0)    3 :  0.205 0.196 0.195 0.198 0.206 
1658 CP00015568    (0)    1 :  0.197 0.200 0.198 0.202 0.204 
1659 CP00015645    (0)    1 :  0.203 0.199 0.204 0.203 0.191 
1660 CP00015543    (0)    1 :  0.200 0.199 0.201 0.200 0.201 
1661 CP00015531    (0)    1 :  0.201 0.196 0.198 0.199 0.205 
1662 CP00015659    (0)    1 :  0.202 0.196 0.200 0.204 0.198 
1663 CP00015563    (0)    1 :  0.201 0.206 0.204 0.200 0.189 
1664 CP00015553    (0)    1 :  0.197 0.207 0.197 0.196 0.202 
1665 CP00015668    (0)    3 :  0.201 0.198 0.200 0.204 0.197 
1666 CP00015555    (0)    3 :  0.205 0.197 0.205 0.202 0.191 
1667 CP00015621    (0)    3 :  0.195 0.199 0.198 0.194 0.213 
1668 CP00015669    (0)    3 :  0.201 0.198 0.200 0.199 0.202 
1669 CP00015666    (0)    3 :  0.195 0.201 0.199 0.198 0.207 
1670 CP00015663    (0)    3 :  0.209 0.195 0.202 0.202 0.193 
1671 CP00015624    (0)    3 :  0.200 0.194 0.198 0.200 0.209 
1672 CP00015625    (0)    3 :  0.200 0.200 0.204 0.203 0.193 
1673 CP00015665    (0)    3 :  0.206 0.199 0.199 0.198 0.199 
1674 CP00015664    (0)    3 :  0.200 0.193 0.195 0.192 0.219 
1675 CP00015535    (0)    3 :  0.197 0.197 0.195 0.197 0.215 
1676 CP00015524    (0)    3 :  0.199 0.201 0.199 0.201 0.200 
1677 CP00015653    (0)    3 :  0.198 0.199 0.200 0.200 0.204 
1678 CP00015652    (0)    3 :  0.198 0.205 0.203 0.196 0.198 
1679 CP00015538    (0)    3 :  0.201 0.201 0.204 0.205 0.188 
1680 CP00015642    (0)    3 :  0.201 0.191 0.194 0.202 0.212 
1681 CP00015634    (0)    3 :  0.201 0.200 0.203 0.202 0.195 
1682 CP00015540    (0)    3 :  0.203 0.203 0.201 0.202 0.191 
1683 CP00015552    (0)    3 :  0.198 0.199 0.197 0.197 0.210 
1684 CP00015570    (0)    3 :  0.195 0.203 0.199 0.196 0.207 
1685 CP00015557    (0)    3 :  0.209 0.191 0.199 0.203 0.198 
1686 CP00015662    (0)    3 :  0.207 0.192 0.199 0.198 0.203 
1687 CP00015635    (0)    1 :  0.200 0.196 0.200 0.201 0.203 
1688 CP00015643    (0)    1 :  0.205 0.193 0.202 0.202 0.197 
1689 CP00015646    (0)    1 :  0.201 0.202 0.202 0.199 0.196 
1690 CP00015554    (0)    1 :  0.204 0.198 0.203 0.202 0.193 
1691 CP00015527    (0)    1 :  0.203 0.203 0.204 0.202 0.188 
1692 CP00015523    (0)    1 :  0.200 0.204 0.201 0.200 0.195 
1693 CP00015627    (0)    3 :  0.199 0.206 0.204 0.205 0.187 
1694 CP00015564    (0)    1 :  0.199 0.209 0.206 0.202 0.183 
1695 CP00015560    (0)    1 :  0.203 0.201 0.201 0.199 0.196 
1696 CP00015525    (0)    1 :  0.203 0.200 0.204 0.206 0.187 
1697 CP00015628    (0)    3 :  0.198 0.204 0.201 0.200 0.197 
1698 CP00015651    (0)    1 :  0.199 0.199 0.201 0.200 0.201 
1699 CP00017568    (0)    2 :  0.201 0.204 0.200 0.200 0.195 
1700 CP00017580    (0)    2 :  0.195 0.200 0.198 0.194 0.213 
1701 CP00017575    (0)    2 :  0.204 0.198 0.202 0.204 0.192 
1702 CP00017577    (0)    2 :  0.200 0.203 0.200 0.203 0.194 
1703 CP00017593    (0)    2 :  0.208 0.197 0.203 0.201 0.191 
1704 CP00017560    (0)    2 :  0.196 0.193 0.196 0.194 0.221 
1705 CP00017592    (0)    2 :  0.199 0.198 0.202 0.201 0.200 
1706 CP00017550    (0)    2 :  0.196 0.197 0.196 0.200 0.211 
1707 CP00017614    (0)    2 :  0.203 0.193 0.196 0.199 0.209 
1708 CP00017579    (0)    2 :  0.199 0.211 0.201 0.204 0.184 
1709 CP00017536    (0)    2 :  0.201 0.208 0.201 0.203 0.188 
1710 CP00017538    (0)    2 :  0.198 0.205 0.201 0.198 0.198 
1711 CP00017596    (0)    2 :  0.198 0.200 0.196 0.198 0.208 
1712 CP00017524    (0)    2 :  0.199 0.204 0.202 0.202 0.193 
1713 CP00017543    (0)    2 :  0.197 0.198 0.198 0.198 0.209 
1714 CP00017578    (0)    2 :  0.185 0.188 0.188 0.186 0.253 
1715 CP00017588    (0)    2 :  0.196 0.187 0.194 0.195 0.228 
1716 CP00017539    (0)    2 :  0.195 0.196 0.195 0.194 0.219 
1717 CP00017545    (0)    2 :  0.205 0.192 0.200 0.201 0.202 
1718 CP00017581    (0)    2 :  0.195 0.197 0.197 0.200 0.212 
1719 CP00017527    (0)    2 :  0.197 0.201 0.198 0.195 0.209 
1720 CP00017531    (0)    2 :  0.206 0.203 0.201 0.204 0.186 
1721 CP00017582    (0)    2 :  0.201 0.196 0.199 0.205 0.199 
1722 CP00017554    (0)    2 :  0.210 0.193 0.202 0.205 0.189 
1723 CP00017595    (0)    2 :  0.205 0.205 0.203 0.204 0.182 
1724 CP00017589    (0)    2 :  0.202 0.200 0.203 0.203 0.191 
1725 CP00017541    (0)    2 :  0.203 0.202 0.201 0.201 0.193 
1726 CP00017532    (0)    2 :  0.201 0.207 0.200 0.200 0.192 
1727 CP00017544    (0)    2 :  0.201 0.195 0.196 0.201 0.207 
1728 CP00017561    (0)    2 :  0.201 0.195 0.198 0.203 0.203 
1729 CP00017572    (0)    2 :  0.208 0.196 0.201 0.202 0.193 
1730 CP00017525    (0)    2 :  0.195 0.215 0.204 0.198 0.189 
1731 CP00017523    (0)    2 :  0.198 0.198 0.196 0.197 0.211 
1732 CP00017612    (0)    2 :  0.199 0.201 0.199 0.199 0.201 
1733 CP00017571    (0)    2 :  0.200 0.196 0.202 0.203 0.200 
1734 CP00017613    (0)    2 :  0.195 0.195 0.193 0.193 0.225 
1735 CP00017521    (0)    2 :  0.202 0.197 0.200 0.198 0.202 
1736 CP00017522    (0)    2 :  0.201 0.204 0.200 0.197 0.198 
1737 CP00017540    (0)    2 :  0.195 0.196 0.198 0.198 0.214 
1738 CP00017590    (0)    2 :  0.203 0.199 0.202 0.198 0.198 
1739 CP00017601    (0)    2 :  0.202 0.199 0.199 0.198 0.202 
1740 CP00017576    (0)    2 :  0.206 0.201 0.204 0.204 0.186 
1741 CP00017551    (0)    2 :  0.199 0.203 0.200 0.202 0.195 
1742 CP00017605    (0)    2 :  0.191 0.198 0.197 0.194 0.220 
1743 CP00017570    (0)    2 :  0.203 0.194 0.198 0.203 0.201 
1744 CP00017547    (0)    2 :  0.199 0.204 0.205 0.199 0.194 
1745 CP00017564    (0)    2 :  0.201 0.195 0.199 0.202 0.204 
1746 CP00017585    (0)    2 :  0.198 0.201 0.200 0.199 0.202 
1747 CP00017574    (0)    2 :  0.204 0.197 0.202 0.201 0.196 
1748 CP00017552    (0)    2 :  0.198 0.197 0.196 0.200 0.209 
1749 CP00017537    (0)    2 :  0.199 0.203 0.202 0.207 0.189 
1750 CP00017607    (0)    2 :  0.200 0.193 0.196 0.198 0.213 
1751 CP00017566    (0)    2 :  0.200 0.207 0.202 0.204 0.187 
1752 CP00017617    (0)    2 :  0.208 0.196 0.200 0.205 0.191 
1753 CP00017611    (0)    2 :  0.198 0.199 0.199 0.199 0.205 
1754 CP00017610    (0)    2 :  0.199 0.197 0.200 0.199 0.205 
1755 CP00017562    (0)    2 :  0.208 0.198 0.200 0.200 0.194 
1756 CP00017584    (0)    2 :  0.199 0.208 0.202 0.200 0.191 
1757 CP00017548    (0)    2 :  0.200 0.199 0.201 0.200 0.200 
1758 CP00017597    (0)    2 :  0.200 0.199 0.200 0.199 0.201 
1759 CP00017556    (0)    2 :  0.203 0.204 0.200 0.202 0.191 
1760 CP00017586    (0)    2 :  0.202 0.198 0.200 0.202 0.198 
1761 CP00017549    (0)    2 :  0.206 0.198 0.204 0.200 0.192 
1762 CP00017542    (0)    2 :  0.201 0.196 0.203 0.199 0.201 
1763 CP00017609    (0)    2 :  0.199 0.203 0.203 0.203 0.192 
1764 CP00017553    (0)    2 :  0.201 0.200 0.202 0.200 0.198 
1765 CP00017603    (0)    2 :  0.199 0.208 0.202 0.200 0.192 
1766 CP00017533    (0)    2 :  0.197 0.203 0.202 0.202 0.197 
1767 CP00017535    (0)    2 :  0.199 0.197 0.198 0.198 0.207 
1768 CP00017565    (0)    2 :  0.197 0.208 0.206 0.200 0.189 
1769 CP00017615    (0)    2 :  0.199 0.202 0.205 0.206 0.188 
1770 CP00017619    (0)    2 :  0.207 0.201 0.204 0.202 0.186 
1771 CP00017620    (0)    2 :  0.196 0.197 0.197 0.197 0.213 
1772 CP00017567    (0)    2 :  0.196 0.211 0.199 0.196 0.198 
1773 CP00017529    (0)    2 :  0.200 0.202 0.203 0.202 0.193 
1774 CP00017569    (0)    2 :  0.197 0.195 0.195 0.197 0.216 
1775 CP00017608    (0)    2 :  0.202 0.199 0.202 0.202 0.195 
1776 CP00017558    (0)    2 :  0.198 0.211 0.203 0.202 0.186 
1777 CP00017555    (0)    2 :  0.196 0.205 0.203 0.203 0.194 
1778 CP00017618    (0)    2 :  0.213 0.194 0.199 0.200 0.194 
1779 CP00017557    (0)    2 :  0.198 0.193 0.196 0.197 0.217 
1780 CP00017606    (0)    2 :  0.200 0.205 0.202 0.205 0.189 
1781 CP00017600    (0)    2 :  0.198 0.195 0.199 0.197 0.210 
1782 CP00017583    (0)    2 :  0.205 0.201 0.205 0.206 0.184 
1783 CP00017599    (0)    2 :  0.202 0.204 0.204 0.205 0.184 
1784 CP00017530    (0)    2 :  0.196 0.195 0.200 0.201 0.208 
1785 CP00017546    (0)    2 :  0.206 0.196 0.201 0.202 0.195 
1786 CP00017616    (0)    2 :  0.195 0.200 0.199 0.201 0.206 
1787 CP00017559    (0)    2 :  0.204 0.195 0.195 0.196 0.210 
1788 CP00017563    (0)    2 :  0.202 0.206 0.204 0.201 0.187 
1789 CP00017602    (0)    2 :  0.200 0.200 0.202 0.198 0.201 
1790 CP00017591    (0)    2 :  0.203 0.203 0.205 0.207 0.182 
1791 CP00017598    (0)    2 :  0.205 0.202 0.201 0.200 0.192 
1792 CP00017526    (0)    2 :  0.198 0.199 0.196 0.198 0.209 
1793 CP00017604    (0)    2 :  0.200 0.208 0.204 0.199 0.189 
1794 CP00015690    (0)    1 :  0.193 0.201 0.198 0.194 0.215 
1795 CP00015069    (3)    1 :  0.210 0.198 0.201 0.203 0.188 
1796 CP00015687    (0)    1 :  0.204 0.203 0.203 0.204 0.185 
1797 CP00015708    (0)    1 :  0.205 0.194 0.203 0.204 0.193 
1798 CP00015720    (0)    1 :  0.197 0.187 0.194 0.196 0.226 
1799 CP00049555    (0)    1 :  0.201 0.209 0.202 0.204 0.184 
1800 CP00049558    (0)    1 :  0.197 0.202 0.197 0.195 0.208 
1801 CP00015068    (0)    1 :  0.198 0.201 0.200 0.200 0.201 
1802 CP00015710    (0)    1 :  0.194 0.203 0.199 0.199 0.205 
1803 CP00049570    (0)    1 :  0.200 0.206 0.205 0.205 0.183 
1804 CP00049556    (0)    1 :  0.201 0.201 0.199 0.204 0.195 
1805 CP00049534    (0)    3 :  0.198 0.212 0.202 0.201 0.188 
1806 CP00049543    (0)    3 :  0.200 0.202 0.203 0.200 0.195 
1807 CP00049539    (0)    3 :  0.200 0.201 0.203 0.203 0.193 
1808 CP00049567    (0)    3 :  0.203 0.203 0.201 0.199 0.194 
1809 CP00015706    (0)    1 :  0.199 0.206 0.203 0.202 0.190 
1810 CP00015063    (0)    3 :  0.201 0.202 0.201 0.202 0.194 
1811 CP00015067    (0)    3 :  0.202 0.202 0.202 0.201 0.192 
1812 CP00049536    (0)    3 :  0.192 0.192 0.189 0.192 0.235 
1813 CP00049560    (0)    3 :  0.210 0.193 0.202 0.205 0.189 
1814 CP00049529    (0)    3 :  0.199 0.205 0.201 0.204 0.191 
1815 CP00015699    (0)    1 :  0.200 0.199 0.202 0.203 0.196 
1816 CP00015066    (0)    3 :  0.198 0.206 0.202 0.197 0.197 
1817 CP00015712    (0)    1 :  0.205 0.201 0.202 0.203 0.189 
1818 CP00049526    (0)    3 :  0.201 0.204 0.203 0.199 0.194 
1819 CP00049562    (0)    3 :  0.199 0.199 0.199 0.195 0.208 
1820 CP00049525    (0)    3 :  0.203 0.198 0.200 0.201 0.197 
1821 CP00015689    (0)    1 :  0.198 0.203 0.202 0.199 0.198 
1822 CP00049544    (0)    3 :  0.206 0.201 0.202 0.202 0.189 
1823 CP00049545    (0)    3 :  0.202 0.205 0.199 0.200 0.194 
1824 CP00049541    (0)    3 :  0.200 0.205 0.204 0.204 0.187 
1825 CP00049528    (0)    3 :  0.200 0.194 0.197 0.196 0.212 
1826 CP00049521    (0)    3 :  0.199 0.195 0.201 0.197 0.208 
1827 CP00015709    (0)    1 :  0.196 0.190 0.195 0.200 0.220 
1828 CP00015716    (0)    1 :  0.197 0.199 0.200 0.196 0.208 
1829 CP00015688    (0)    1 :  0.195 0.193 0.196 0.199 0.217 
1830 CP00015700    (0)    1 :  0.197 0.201 0.204 0.203 0.195 
1831 CP00049549    (0)    3 :  0.199 0.201 0.199 0.201 0.200 
1832 CP00049550    (0)    3 :  0.201 0.204 0.203 0.201 0.191 
1833 CP00015070    (0)    3 :  0.195 0.203 0.200 0.199 0.204 
1834 CP00015686    (0)    1 :  0.195 0.193 0.194 0.199 0.219 
1835 CP00015062    (0)    3 :  0.194 0.201 0.197 0.195 0.214 
1836 CP00049563    (0)    3 :  0.197 0.201 0.199 0.202 0.202 
1837 CP00049537    (0)    3 :  0.204 0.197 0.202 0.203 0.194 
1838 CP00049551    (0)    3 :  0.198 0.203 0.199 0.200 0.200 
1839 CP00049535    (0)    3 :  0.202 0.198 0.200 0.201 0.199 
1840 CP00015719    (0)    1 :  0.199 0.189 0.194 0.197 0.221 
1841 CP00015697    (0)    1 :  0.198 0.203 0.204 0.203 0.192 
1842 CP00015714    (0)    1 :  0.198 0.198 0.199 0.197 0.209 
1843 CP00015715    (0)    1 :  0.203 0.194 0.200 0.202 0.201 
1844 CP00049559    (0)    3 :  0.198 0.203 0.200 0.199 0.199 
1845 CP00049566    (0)    3 :  0.193 0.198 0.199 0.199 0.211 
1846 CP00049542    (0)    3 :  0.194 0.198 0.198 0.198 0.213 
1847 CP00049530    (0)    3 :  0.201 0.200 0.202 0.203 0.194 
1848 CP00049532    (0)    3 :  0.199 0.201 0.204 0.208 0.188 
1849 CP00049554    (0)    3 :  0.192 0.198 0.196 0.196 0.218 
1850 CP00049564    (0)    3 :  0.200 0.198 0.199 0.197 0.205 
1851 CP00015702    (0)    1 :  0.200 0.203 0.200 0.200 0.198 
1852 CP00015681    (0)    1 :  0.194 0.199 0.201 0.201 0.205 
1853 CP00015718    (0)    1 :  0.195 0.206 0.200 0.202 0.197 
1854 CP00015698    (0)    1 :  0.195 0.203 0.198 0.197 0.208 
1855 CP00049531    (0)    3 :  0.192 0.199 0.198 0.197 0.214 
1856 CP00049548    (0)    3 :  0.201 0.202 0.199 0.199 0.198 
1857 CP00015695    (0)    1 :  0.194 0.205 0.198 0.198 0.206 
1858 CP00015692    (0)    1 :  0.203 0.199 0.202 0.200 0.196 
1859 CP00015693    (0)    1 :  0.209 0.195 0.199 0.205 0.191 
1860 CP00049522    (0)    3 :  0.208 0.201 0.198 0.201 0.192 
1861 CP00049546    (0)    3 :  0.196 0.201 0.203 0.201 0.198 
1862 CP00049557    (0)    3 :  0.198 0.204 0.204 0.201 0.193 
1863 CP00049533    (0)    3 :  0.202 0.205 0.197 0.199 0.197 
1864 CP00015683    (0)    1 :  0.201 0.202 0.203 0.202 0.191 
1865 CP00015713    (0)    1 :  0.196 0.199 0.200 0.197 0.208 
1866 CP00015684    (0)    1 :  0.202 0.204 0.203 0.200 0.191 
1867 CP00015696    (0)    1 :  0.201 0.205 0.202 0.203 0.189 
1868 CP00049538    (0)    3 :  0.199 0.203 0.204 0.199 0.196 
1869 CP00015705    (0)    1 :  0.202 0.207 0.203 0.199 0.188 
1870 CP00015691    (0)    1 :  0.200 0.202 0.198 0.201 0.198 
1871 CP00049547    (0)    1 :  0.197 0.196 0.197 0.194 0.215 
1872 CP00015065    (0)    1 :  0.199 0.203 0.202 0.202 0.195 
1873 CP00049540    (0)    1 :  0.203 0.207 0.205 0.197 0.189 
1874 CP00015703    (0)    1 :  0.198 0.210 0.202 0.201 0.188 
1875 CP00049552    (0)    1 :  0.205 0.200 0.200 0.203 0.192 
1876 CP00015682    (0)    1 :  0.205 0.196 0.203 0.206 0.191 
1877 CP00015064    (0)    3 :  0.207 0.195 0.200 0.202 0.196 
1878 CP00015685    (0)    1 :  0.200 0.200 0.201 0.201 0.198 
1879 CP00015061    (0)    3 :  0.203 0.195 0.198 0.201 0.202 
1880 CP00021003    (0)    1 :  0.197 0.202 0.203 0.201 0.198 
1881 CP00021007    (0)    1 :  0.195 0.200 0.202 0.202 0.201 
1882 CP00021019    (0)    1 :  0.199 0.202 0.200 0.203 0.195 
1883 CP00020975    (0)    1 :  0.196 0.196 0.201 0.199 0.208 
1884 CP00020971    (0)    1 :  0.197 0.202 0.199 0.198 0.203 
1885 CP00020972    (0)    1 :  0.195 0.201 0.199 0.196 0.209 
1886 CP00020973    (0)    1 :  0.201 0.195 0.202 0.200 0.203 
1887 CP00021002    (0)    1 :  0.208 0.198 0.206 0.207 0.181 
1888 CP00021008    (0)    1 :  0.197 0.195 0.198 0.196 0.214 
1889 CP00021020    (0)    1 :  0.203 0.201 0.205 0.204 0.187 
1890 CP00021016    (0)    1 :  0.201 0.205 0.202 0.203 0.188 
1891 CP00020999    (0)    1 :  0.205 0.200 0.204 0.203 0.188 
1892 CP00021000    (0)    1 :  0.202 0.209 0.204 0.202 0.183 
1893 CP00020996    (0)    1 :  0.196 0.208 0.200 0.200 0.196 
1894 CP00021005    (0)    1 :  0.202 0.201 0.201 0.198 0.198 
1895 CP00020976    (0)    1 :  0.201 0.199 0.205 0.205 0.191 
1896 CP00021009    (0)    1 :  0.198 0.206 0.202 0.206 0.188 
1897 CP00021010    (0)    1 :  0.200 0.207 0.203 0.202 0.188 
1898 CP00020998    (0)    1 :  0.205 0.201 0.202 0.201 0.192 
1899 CP00020997    (0)    1 :  0.205 0.202 0.203 0.200 0.190 
1900 CP00021017    (0)    1 :  0.197 0.201 0.197 0.198 0.207 
1901 CP00021018    (0)    1 :  0.195 0.207 0.203 0.202 0.193 
1902 CP00020974    (0)    1 :  0.198 0.196 0.199 0.199 0.209 
1903 CP00021015    (0)    1 :  0.202 0.206 0.203 0.203 0.186 
1904 CP00021006    (0)    1 :  0.203 0.199 0.202 0.204 0.192 
1905 CP00020991    (0)    1 :  0.192 0.197 0.195 0.196 0.220 
1906 CP00020977    (0)    1 :  0.196 0.209 0.206 0.202 0.187 
1907 CP00020993    (0)    1 :  0.197 0.203 0.202 0.200 0.198 
1908 CP00020995    (0)    1 :  0.198 0.201 0.198 0.195 0.207 
1909 CP00021004    (0)    1 :  0.198 0.189 0.193 0.195 0.225 
1910 CP00020992    (3)    1 :  0.201 0.205 0.204 0.204 0.186 
1911 CP00021001    (0)    1 :  0.200 0.196 0.197 0.198 0.208 
1912 CP00020866    (0)    3 :  0.194 0.199 0.196 0.199 0.211 
1913 CP00020822    (0)    3 :  0.198 0.199 0.203 0.199 0.202 
1914 CP00072624    (0)    3 :  0.206 0.193 0.197 0.200 0.204 
1915 CP00072595    (0)    2 :  0.201 0.198 0.199 0.199 0.203 
1916 CP00072586    (0)    2 :  0.205 0.195 0.197 0.200 0.203 
1917 CP00072605    (0)    3 :  0.200 0.208 0.203 0.200 0.189 
1918 CP00072615    (0)    3 :  0.205 0.200 0.203 0.202 0.189 
1919 CP00072633    (0)    1 :  0.202 0.205 0.206 0.201 0.186 
1920 CP00072589    (0)    2 :  0.195 0.196 0.196 0.193 0.220 
1921 CP00072630    (0)    3 :  0.200 0.204 0.202 0.200 0.193 
1922 CP00072593    (0)    2 :  0.204 0.197 0.199 0.199 0.200 
1923 CP00072614    (0)    3 :  0.199 0.200 0.200 0.197 0.205 
1924 CP00072617    (0)    3 :  0.197 0.205 0.201 0.206 0.191 
1925 CP00072618    (0)    3 :  0.200 0.202 0.202 0.204 0.192 
1926 CP00072583    (0)    2 :  0.200 0.203 0.204 0.205 0.189 
1927 CP00072637    (0)    1 :  0.202 0.202 0.202 0.202 0.191 
1928 CP00072612    (0)    3 :  0.200 0.204 0.202 0.203 0.191 
1929 CP00072579    (0)    1 :  0.203 0.201 0.201 0.204 0.190 
1930 CP00072629    (0)    3 :  0.204 0.196 0.202 0.201 0.196 
1931 CP00072607    (0)    3 :  0.202 0.203 0.201 0.203 0.190 
1932 CP00072613    (0)    3 :  0.203 0.195 0.202 0.201 0.199 
1933 CP00072644    (0)    3 :  0.203 0.209 0.200 0.199 0.188 
1934 CP00072627    (0)    3 :  0.199 0.197 0.195 0.194 0.215 
1935 CP00072584    (0)    2 :  0.195 0.201 0.199 0.200 0.205 
1936 CP00072611    (0)    3 :  0.204 0.201 0.203 0.203 0.190 
1937 CP00072578    (0)    1 :  0.199 0.213 0.201 0.199 0.188 
1938 CP00072608    (0)    3 :  0.200 0.206 0.205 0.206 0.183 
1939 CP00072628    (0)    3 :  0.197 0.195 0.196 0.200 0.212 
1940 CP00072606    (0)    3 :  0.197 0.190 0.193 0.191 0.229 
1941 CP00072645    (0)    3 :  0.199 0.202 0.200 0.198 0.201 
1942 CP00072638    (0)    1 :  0.196 0.208 0.203 0.202 0.191 
1943 CP00072580    (0)    1 :  0.204 0.202 0.201 0.203 0.190 
1944 CP00072588    (0)    2 :  0.202 0.198 0.199 0.199 0.202 
1945 CP00072591    (0)    2 :  0.199 0.203 0.200 0.201 0.197 
1946 CP00072590    (0)    2 :  0.205 0.200 0.200 0.198 0.197 
1947 CP00072592    (0)    2 :  0.200 0.198 0.195 0.199 0.208 
1948 CP00072582    (0)    1 :  0.196 0.196 0.197 0.199 0.211 
1949 CP00072609    (0)    3 :  0.193 0.200 0.196 0.195 0.216 
1950 CP00072635    (0)    1 :  0.197 0.196 0.198 0.199 0.211 
1951 CP00072647    (0)    1 :  0.205 0.195 0.199 0.201 0.200 
1952 CP00072585    (0)    2 :  0.202 0.203 0.204 0.206 0.185 
1953 CP00072587    (0)    2 :  0.203 0.207 0.201 0.204 0.185 
1954 CP00072639    (0)    1 :  0.203 0.195 0.199 0.198 0.206 
1955 CP00072640    (0)    1 :  0.203 0.202 0.203 0.202 0.191 
1956 CP00072625    (0)    3 :  0.198 0.204 0.203 0.204 0.191 
1957 CP00072576    (0)    1 :  0.202 0.197 0.198 0.201 0.202 
1958 CP00072634    (0)    1 :  0.199 0.202 0.200 0.200 0.199 
1959 CP00072619    (0)    3 :  0.199 0.206 0.201 0.197 0.197 
1960 CP00072621    (0)    3 :  0.201 0.201 0.200 0.199 0.200 
1961 CP00072571    (0)    1 :  0.206 0.197 0.197 0.200 0.200 
1962 CP00072646    (0)    1 :  0.202 0.210 0.203 0.205 0.182 
1963 CP00072622    (0)    1 :  0.202 0.198 0.204 0.203 0.194 
1964 CP00072577    (0)    1 :  0.203 0.194 0.199 0.200 0.204 
1965 CP00072610    (0)    3 :  0.203 0.209 0.204 0.205 0.180 
1966 CP00072620    (0)    3 :  0.197 0.211 0.203 0.199 0.190 
1967 CP00072616    (0)    3 :  0.194 0.193 0.194 0.193 0.227 
1968 CP00072623    (0)    3 :  0.202 0.199 0.201 0.199 0.200 
1969 CP00072626    (0)    3 :  0.202 0.201 0.205 0.201 0.191 
1970 CP00072641    (0)    1 :  0.201 0.201 0.200 0.202 0.196 
1971 CP00072642    (0)    3 :  0.203 0.201 0.200 0.200 0.195 
1972 CP00072157    (0)    3 :  0.198 0.205 0.204 0.207 0.186 
1973 CP00072132    (0)    3 :  0.199 0.204 0.202 0.199 0.196 
1974 CP00072144    (0)    3 :  0.197 0.203 0.200 0.197 0.202 
1975 CP00072148    (0)    3 :  0.198 0.207 0.202 0.197 0.196 
1976 CP00072169    (0)    3 :  0.197 0.199 0.199 0.195 0.209 
1977 CP00072133    (0)    3 :  0.197 0.200 0.200 0.199 0.203 
1978 CP00072139    (0)    3 :  0.203 0.202 0.205 0.201 0.189 
1979 CP00072155    (0)    1 :  0.195 0.202 0.197 0.194 0.213 
1980 CP00072143    (0)    1 :  0.195 0.190 0.194 0.194 0.227 
1981 CP00072136    (0)    1 :  0.202 0.205 0.204 0.201 0.188 
1982 CP00075424    (0)    1 :  0.195 0.191 0.193 0.195 0.226 
1983 CP00075416    (0)    1 :  0.200 0.200 0.199 0.202 0.198 
1984 CP00075420    (0)    1 :  0.197 0.200 0.199 0.197 0.207 
1985 CP00072159    (0)    1 :  0.198 0.197 0.197 0.198 0.210 
1986 CP00072137    (0)    1 :  0.201 0.204 0.200 0.202 0.193 
1987 CP00075415    (0)    1 :  0.199 0.203 0.200 0.203 0.195 
1988 CP00072131    (0)    1 :  0.193 0.207 0.203 0.200 0.197 
1989 CP00072156    (0)    1 :  0.196 0.197 0.200 0.200 0.207 
1990 CP00072134    (0)    1 :  0.204 0.198 0.202 0.203 0.192 
1991 CP00072138    (0)    1 :  0.204 0.202 0.203 0.202 0.189 
1992 CP00072142    (0)    1 :  0.195 0.192 0.195 0.195 0.222 
1993 CP00072168    (0)    1 :  0.207 0.194 0.199 0.206 0.193 
1994 CP00072153    (0)    1 :  0.197 0.199 0.200 0.202 0.201 
1995 CP00072154    (0)    1 :  0.203 0.188 0.196 0.203 0.209 
1996 CP00072166    (0)    1 :  0.196 0.201 0.197 0.197 0.208 
1997 CP00075417    (0)    2 :  0.202 0.197 0.199 0.197 0.206 
1998 CP00072152    (0)    2 :  0.200 0.199 0.197 0.195 0.210 
1999 CP00072160    (0)    2 :  0.198 0.195 0.199 0.197 0.211 
2000 CP00072149    (0)    2 :  0.199 0.194 0.197 0.199 0.211 


Estimated Allele Frequencies in each cluster
First column gives estimated ancestral frequencies


Locus 1 : TH01 
6 alleles
0.0% missing data
  93   (0.240) 0.218 0.270 0.247 0.234 0.240 
  60   (0.275) 0.282 0.294 0.291 0.300 0.275 
  80   (0.146) 0.140 0.157 0.152 0.144 0.146 
  90   (0.160) 0.181 0.149 0.156 0.164 0.160 
  70   (0.140) 0.168 0.119 0.143 0.147 0.140 
 100   (0.039) 0.012 0.010 0.011 0.011 0.039 

Locus 2 : D2S1338 
14 alleles
0.0% missing data
 170   (0.191) 0.300 0.215 0.259 0.263 0.191 
 230   (0.114) 0.113 0.178 0.145 0.155 0.114 
 190   (0.078) 0.097 0.084 0.074 0.081 0.078 
 200   (0.131) 0.136 0.142 0.157 0.153 0.131 
 250   (0.084) 0.072 0.094 0.081 0.066 0.084 
 160   (0.101) 0.096 0.088 0.093 0.102 0.101 
 220   (0.046) 0.014 0.014 0.014 0.014 0.046 
 180   (0.072) 0.068 0.094 0.084 0.075 0.072 
 240   (0.096) 0.083 0.073 0.073 0.072 0.096 
 210   (0.050) 0.019 0.017 0.018 0.017 0.050 
 260   (0.022) 0.002 0.002 0.002 0.002 0.022 
 270   (0.010) 0.000 0.000 0.000 0.000 0.010 
 290   (0.002) 0.000 0.000 0.000 0.000 0.002 
 280   (0.002) 0.000 0.000 0.000 0.000 0.002 

Locus 3 : D3S1358 
9 alleles
0.0% missing data
 150   (0.219) 0.253 0.328 0.268 0.246 0.219 
 160   (0.238) 0.282 0.235 0.257 0.252 0.238 
 180   (0.179) 0.161 0.130 0.156 0.186 0.179 
 140   (0.129) 0.082 0.071 0.087 0.088 0.129 
 170   (0.176) 0.214 0.227 0.221 0.219 0.175 
 110   (0.004) 0.000 0.000 0.000 0.000 0.004 
 190   (0.043) 0.009 0.009 0.011 0.010 0.043 
 130   (0.009) 0.000 0.000 0.000 0.000 0.009 
 120   (0.003) 0.000 0.000 0.000 0.000 0.003 

Locus 4 : D8S1179 
10 alleles
0.0% missing data
 120   (0.107) 0.091 0.119 0.099 0.104 0.107 
 130   (0.249) 0.342 0.309 0.312 0.350 0.249 
 140   (0.221) 0.266 0.252 0.255 0.252 0.221 
 150   (0.142) 0.140 0.141 0.168 0.141 0.142 
 100   (0.071) 0.057 0.059 0.056 0.055 0.071 
 160   (0.048) 0.023 0.022 0.022 0.021 0.048 
  90   (0.040) 0.013 0.015 0.014 0.011 0.040 
 110   (0.072) 0.055 0.071 0.064 0.055 0.072 
 170   (0.013) 0.001 0.000 0.001 0.001 0.013 
  80   (0.038) 0.012 0.012 0.010 0.011 0.038 

Locus 5 : D16S539 
8 alleles
0.0% missing data
 100   (0.084) 0.072 0.085 0.086 0.071 0.084 
 110   (0.252) 0.298 0.314 0.278 0.290 0.252 
 120   (0.265) 0.303 0.295 0.295 0.321 0.265 
  90   (0.125) 0.117 0.099 0.121 0.113 0.125 
 130   (0.162) 0.160 0.161 0.168 0.157 0.162 
 140   (0.049) 0.028 0.028 0.030 0.027 0.049 
  80   (0.053) 0.020 0.019 0.022 0.020 0.053 
 150   (0.009) 0.000 0.000 0.000 0.000 0.009 

Locus 6 : D18S51 
17 alleles
0.0% missing data
 110   (0.040) 0.009 0.010 0.010 0.010 0.040 
 140   (0.159) 0.185 0.231 0.231 0.241 0.159 
 180   (0.068) 0.043 0.046 0.052 0.045 0.068 
 120   (0.080) 0.091 0.123 0.100 0.108 0.080 
 160   (0.154) 0.201 0.166 0.179 0.170 0.154 
 170   (0.078) 0.072 0.089 0.089 0.073 0.078 
 130   (0.118) 0.194 0.118 0.130 0.167 0.118 
 150   (0.117) 0.134 0.154 0.141 0.119 0.117 
 210   (0.043) 0.022 0.015 0.019 0.021 0.043 
 200   (0.035) 0.013 0.011 0.013 0.013 0.035 
 100   (0.024) 0.003 0.003 0.003 0.003 0.024 
 190   (0.058) 0.031 0.034 0.031 0.029 0.058 
 250   (0.002) 0.000 0.000 0.000 0.000 0.002 
  90   (0.003) 0.000 0.000 0.000 0.000 0.003 
 240   (0.005) 0.000 0.000 0.000 0.000 0.005 
 220   (0.012) 0.001 0.000 0.001 0.000 0.012 
 230   (0.003) 0.000 0.000 0.000 0.000 0.003 

Locus 7 : D19S433 
16 alleles
0.0% missing data
 120   (0.099) 0.081 0.087 0.106 0.087 0.099 
 130   (0.152) 0.189 0.336 0.216 0.234 0.152 
 132   (0.034) 0.010 0.007 0.009 0.009 0.034 
 150   (0.133) 0.122 0.126 0.140 0.136 0.133 
 140   (0.249) 0.408 0.277 0.340 0.332 0.249 
 110   (0.022) 0.002 0.002 0.002 0.003 0.022 
 160   (0.071) 0.061 0.060 0.070 0.071 0.071 
 162   (0.041) 0.016 0.015 0.017 0.017 0.041 
 142   (0.076) 0.050 0.049 0.053 0.053 0.076 
 152   (0.071) 0.057 0.039 0.043 0.055 0.071 
 170   (0.022) 0.002 0.002 0.002 0.002 0.022 
 182   (0.003) 0.000 0.000 0.000 0.000 0.003 
 172   (0.014) 0.001 0.001 0.001 0.001 0.014 
 180   (0.003) 0.000 0.000 0.000 0.000 0.003 
 122   (0.006) 0.000 0.000 0.000 0.000 0.006 
 100   (0.003) 0.000 0.000 0.000 0.000 0.003 

Locus 8 : D21S11 
16 alleles
0.0% missing data
 280   (0.124) 0.196 0.120 0.138 0.163 0.124 
 322   (0.114) 0.103 0.131 0.114 0.093 0.114 
 290   (0.222) 0.299 0.331 0.315 0.331 0.222 
 312   (0.104) 0.111 0.137 0.126 0.133 0.104 
 320   (0.023) 0.003 0.003 0.003 0.003 0.023 
 300   (0.153) 0.157 0.173 0.190 0.154 0.153 
 270   (0.043) 0.015 0.014 0.015 0.015 0.043 
 302   (0.052) 0.022 0.029 0.023 0.026 0.052 
 310   (0.046) 0.055 0.028 0.034 0.038 0.046 
 332   (0.065) 0.034 0.029 0.038 0.039 0.065 
 342   (0.012) 0.001 0.000 0.001 0.001 0.012 
 260   (0.006) 0.000 0.000 0.000 0.000 0.006 
 292   (0.027) 0.004 0.004 0.004 0.004 0.027 
 330   (0.004) 0.000 0.000 0.000 0.000 0.004 
 340   (0.002) 0.000 0.000 0.000 0.000 0.002 
 352   (0.002) 0.000 0.000 0.000 0.000 0.002 

Locus 9 : FGA 
21 alleles
0.1% missing data
 200   (0.104) 0.111 0.146 0.142 0.142 0.104 
 230   (0.142) 0.165 0.190 0.180 0.185 0.142 
 220   (0.146) 0.173 0.163 0.151 0.163 0.146 
 240   (0.118) 0.159 0.181 0.170 0.152 0.118 
 250   (0.089) 0.090 0.074 0.091 0.089 0.089 
 210   (0.147) 0.188 0.146 0.159 0.166 0.147 
 190   (0.069) 0.080 0.069 0.075 0.071 0.069 
 260   (0.053) 0.025 0.022 0.022 0.023 0.053 
 222   (0.013) 0.001 0.001 0.001 0.001 0.013 
 202   (0.002) 0.000 0.000 0.000 0.000 0.002 
 270   (0.028) 0.004 0.003 0.004 0.004 0.028 
 242   (0.010) 0.000 0.000 0.000 0.000 0.010 
 192   (0.002) 0.000 0.000 0.000 0.000 0.002 
 180   (0.023) 0.002 0.002 0.002 0.003 0.023 
 280   (0.008) 0.000 0.000 0.000 0.000 0.008 
 170   (0.002) 0.000 0.000 0.000 0.000 0.002 
 212   (0.010) 0.000 0.000 0.000 0.000 0.010 
 232   (0.017) 0.001 0.001 0.001 0.001 0.017 
 252   (0.010) 0.000 0.000 0.000 0.000 0.010 
 290   (0.004) 0.000 0.000 0.000 0.000 0.004 
 241   (0.002) 0.000 0.000 0.000 0.000 0.002 

Locus 10 : VWA 
11 alleles
0.1% missing data
 160   (0.163) 0.188 0.244 0.225 0.206 0.163 
 180   (0.216) 0.205 0.211 0.199 0.197 0.216 
 170   (0.244) 0.335 0.292 0.308 0.334 0.244 
 140   (0.119) 0.083 0.108 0.095 0.087 0.119 
 190   (0.087) 0.079 0.063 0.071 0.067 0.087 
 150   (0.107) 0.101 0.072 0.091 0.099 0.107 
 200   (0.038) 0.010 0.009 0.011 0.010 0.038 
 210   (0.007) 0.000 0.000 0.000 0.000 0.007 
 130   (0.006) 0.000 0.000 0.000 0.000 0.005 
 110   (0.012) 0.000 0.000 0.000 0.000 0.011 
 220   (0.002) 0.000 0.000 0.000 0.000 0.002 

Locus 11 : D10S1248 
9 alleles
0.0% missing data
 130   (0.175) 0.182 0.167 0.187 0.172 0.175 
 160   (0.148) 0.158 0.142 0.146 0.138 0.148 
 150   (0.276) 0.336 0.268 0.286 0.290 0.276 
 170   (0.073) 0.038 0.039 0.039 0.036 0.073 
 140   (0.258) 0.279 0.377 0.336 0.357 0.258 
 120   (0.030) 0.005 0.005 0.005 0.005 0.030 
 180   (0.015) 0.001 0.001 0.001 0.001 0.015 
 110   (0.018) 0.001 0.001 0.001 0.001 0.018 
  90   (0.007) 0.000 0.000 0.000 0.000 0.007 

Locus 12 : D22S1045 
9 alleles
0.0% missing data
 150   (0.306) 0.341 0.418 0.350 0.344 0.306 
 160   (0.270) 0.354 0.271 0.310 0.333 0.270 
 140   (0.100) 0.097 0.066 0.088 0.092 0.100 
 110   (0.140) 0.122 0.157 0.162 0.144 0.140 
 170   (0.112) 0.075 0.080 0.081 0.077 0.112 
 120   (0.018) 0.001 0.001 0.001 0.001 0.018 
 180   (0.038) 0.008 0.008 0.008 0.009 0.038 
 130   (0.004) 0.000 0.000 0.000 0.000 0.004 
 190   (0.011) 0.001 0.000 0.001 0.000 0.011 

Locus 13 : D2S441 
11 alleles
0.0% missing data
 140   (0.270) 0.318 0.367 0.335 0.346 0.270 
 160   (0.033) 0.007 0.007 0.007 0.007 0.033 
 100   (0.107) 0.188 0.103 0.126 0.134 0.107 
 130   (0.041) 0.015 0.012 0.013 0.015 0.041 
 113   (0.107) 0.078 0.104 0.098 0.081 0.107 
 110   (0.285) 0.317 0.342 0.348 0.346 0.285 
 150   (0.057) 0.025 0.023 0.025 0.025 0.057 
 120   (0.075) 0.051 0.041 0.047 0.044 0.075 
 123   (0.014) 0.001 0.001 0.001 0.001 0.014 
 101   (0.003) 0.000 0.000 0.000 0.000 0.003 
  90   (0.008) 0.000 0.000 0.000 0.000 0.008 

Locus 14 : D1S1656 
18 alleles
0.0% missing data
 130   (0.068) 0.081 0.125 0.105 0.084 0.068 
 150   (0.140) 0.195 0.167 0.174 0.150 0.140 
 120   (0.104) 0.109 0.171 0.120 0.138 0.104 
 170   (0.066) 0.049 0.034 0.042 0.040 0.066 
 140   (0.082) 0.070 0.076 0.078 0.070 0.082 
 110   (0.082) 0.072 0.082 0.097 0.100 0.082 
 173   (0.089) 0.113 0.087 0.098 0.127 0.089 
 153   (0.064) 0.051 0.050 0.057 0.056 0.064 
 160   (0.106) 0.141 0.111 0.125 0.121 0.106 
 183   (0.064) 0.040 0.031 0.036 0.035 0.064 
 163   (0.074) 0.068 0.055 0.057 0.067 0.074 
 193   (0.036) 0.011 0.009 0.010 0.010 0.036 
 180   (0.012) 0.001 0.001 0.001 0.001 0.012 
 100   (0.003) 0.000 0.000 0.000 0.000 0.003 
 162   (0.002) 0.000 0.000 0.000 0.000 0.002 
 190   (0.002) 0.000 0.000 0.000 0.000 0.002 
  90   (0.002) 0.000 0.000 0.000 0.000 0.002 
 143   (0.002) 0.000 0.000 0.000 0.000 0.002 

Locus 15 : D12S391 
17 alleles
0.0% missing data
 230   (0.062) 0.054 0.053 0.057 0.067 0.062 
 240   (0.054) 0.027 0.027 0.029 0.028 0.054 
 150   (0.070) 0.061 0.042 0.048 0.066 0.070 
 170   (0.088) 0.094 0.102 0.081 0.091 0.089 
 160   (0.044) 0.028 0.023 0.028 0.025 0.044 
 220   (0.103) 0.141 0.135 0.157 0.151 0.103 
 190   (0.105) 0.121 0.198 0.133 0.127 0.105 
 200   (0.087) 0.100 0.118 0.113 0.111 0.087 
 210   (0.078) 0.122 0.072 0.092 0.080 0.078 
 180   (0.152) 0.198 0.182 0.208 0.195 0.152 
 193   (0.033) 0.006 0.005 0.006 0.005 0.033 
 183   (0.051) 0.036 0.032 0.035 0.040 0.051 
 173   (0.015) 0.001 0.001 0.001 0.001 0.015 
 260   (0.020) 0.002 0.002 0.002 0.002 0.020 
 250   (0.034) 0.010 0.009 0.010 0.010 0.034 
 203   (0.002) 0.000 0.000 0.000 0.000 0.002 
 270   (0.002) 0.000 0.000 0.000 0.000 0.002 

Locus 16 : SE33 
55 alleles
0.1% missing data
 242   (0.034) 0.033 0.027 0.029 0.033 0.034 
 302   (0.040) 0.035 0.036 0.036 0.030 0.040 
 200   (0.045) 0.052 0.062 0.068 0.056 0.045 
 190   (0.050) 0.089 0.139 0.120 0.138 0.050 
 252   (0.030) 0.029 0.022 0.028 0.025 0.030 
 232   (0.038) 0.039 0.031 0.033 0.035 0.038 
 312   (0.032) 0.017 0.015 0.016 0.015 0.033 
 180   (0.053) 0.081 0.093 0.102 0.088 0.053 
 160   (0.033) 0.059 0.065 0.076 0.070 0.033 
 272   (0.043) 0.096 0.038 0.047 0.065 0.043 
 170   (0.049) 0.137 0.078 0.094 0.111 0.049 
 222   (0.032) 0.042 0.045 0.037 0.025 0.032 
 332   (0.019) 0.002 0.002 0.002 0.002 0.019 
 262   (0.040) 0.043 0.055 0.044 0.047 0.040 
 292   (0.038) 0.065 0.093 0.071 0.061 0.038 
 140   (0.032) 0.015 0.016 0.018 0.020 0.032 
 210   (0.030) 0.026 0.033 0.031 0.026 0.030 
 202   (0.017) 0.002 0.002 0.002 0.002 0.017 
 220   (0.020) 0.004 0.004 0.004 0.004 0.020 
 360   (0.008) 0.000 0.000 0.000 0.000 0.008 
 330   (0.018) 0.002 0.002 0.002 0.002 0.019 
 282   (0.041) 0.087 0.100 0.095 0.101 0.041 
 150   (0.041) 0.027 0.025 0.027 0.029 0.041 
 120   (0.011) 0.001 0.001 0.001 0.001 0.011 
 153   (0.003) 0.000 0.000 0.000 0.000 0.003 
 163   (0.003) 0.000 0.000 0.000 0.000 0.003 
 212   (0.028) 0.007 0.006 0.007 0.006 0.028 
 132   (0.007) 0.000 0.000 0.000 0.000 0.007 
 340   (0.015) 0.001 0.001 0.001 0.001 0.015 
 273   (0.011) 0.001 0.000 0.001 0.000 0.011 
 322   (0.025) 0.005 0.004 0.005 0.005 0.025 
 290   (0.006) 0.000 0.000 0.000 0.000 0.006 
 192   (0.006) 0.000 0.000 0.000 0.000 0.006 
 280   (0.004) 0.000 0.000 0.000 0.000 0.004 
 230   (0.006) 0.000 0.000 0.000 0.000 0.006 
 342   (0.010) 0.000 0.000 0.000 0.000 0.010 
 320   (0.004) 0.000 0.000 0.000 0.000 0.004 
 240   (0.002) 0.000 0.000 0.000 0.000 0.002 
 130   (0.011) 0.001 0.000 0.001 0.000 0.011 
 161   (0.006) 0.000 0.000 0.000 0.000 0.006 
 350   (0.014) 0.001 0.001 0.001 0.001 0.014 
 173   (0.007) 0.000 0.000 0.000 0.000 0.007 
 162   (0.002) 0.000 0.000 0.000 0.000 0.002 
  80   (0.002) 0.000 0.000 0.000 0.000 0.002 
 110   (0.004) 0.000 0.000 0.000 0.000 0.004 
 260   (0.002) 0.000 0.000 0.000 0.000 0.002 
 152   (0.003) 0.000 0.000 0.000 0.000 0.003 
 370   (0.003) 0.000 0.000 0.000 0.000 0.003 
 142   (0.003) 0.000 0.000 0.000 0.000 0.003 
 122   (0.002) 0.000 0.000 0.000 0.000 0.002 
 250   (0.002) 0.000 0.000 0.000 0.000 0.002 
 270   (0.002) 0.000 0.000 0.000 0.000 0.002 
  90   (0.002) 0.000 0.000 0.000 0.000 0.002 
 193   (0.002) 0.000 0.000 0.000 0.000 0.002 
 352   (0.003) 0.000 0.000 0.000 0.000 0.003 

Values of parameters used in structure:
DATAFILE=Albania_2000_STRUCTURE.txt,	OUTFILE=primary_output/Albania_primary_K05_rep06,	NUMINDS=2000,	NUMLOCI=16,	MISSING=-9,	LABEL=1,	POPDATA=1,	POPFLAG=0,	PHENOTYPE=0,	EXTRACOLS=0,	MAXPOPS=5,	BURNIN=100000,	NUMREPS=500000,	USEPOPINFO=0,	INFERALPHA=1,	INFERLAMBDA=0,	POPSPECIFICLAMBDA=0,	POPALPHAS=0,	COMPUTEPROB=1,	NOADMIX=0,	ADMBURNIN=500,	UPDATEFREQ=100,	PRINTLIKES=0,	INTERMEDSAVE=0,	PRINTKLD=0,	PRINTNET=1,	PRINTLAMBDA=1,	ANCESTDIST=0,	NUMBOXES=1000,	ANCESTPINT=0.90000,	GENSBACK=2,	MIGRPRIOR=0.01000,	PRINTQHAT=0,	PRINTQSUM=1,	ALPHA=1.0000,	FREQSCORR=1,	FPRIORMEAN=0.0100,	FPRIORSD=0.0500,	ONEFST=0,	LAMBDA=1.0000,	UNIFPRIORALPHA=1,	ALPHAMAX=10.0000,	ALPHAPRIORA=1.0000,	ALPHAPRIORB=2.0000,	ALPHAPROPSD=0.0250,	STARTATPOPINFO=0,	RANDOMIZE=0,	LINKAGE=0,	METROFREQ=10,	REPORTHITRATE=0,	MARKOVPHASE=0,	PHASED=0,	PLOIDY=2,	PHASEINFO=0	LOCPRIOR=0, 	LOCPRIORINIT=1.000000, 	LOCDATA=0, 	LOCISPOP=1, 	LOCPRIORSTEP=0.100000, 	MAXLOCPRIOR=20.000000, 	SEED=20265811,	
[STRAT parameters]:    NUMSIMSTATS=1000,	PHENOTYPECOL=-9,	POOLFREQ=10,	LOCUSxONLY=0,	EMERROR=0.00100,	MISSINGPHENO=-9,	