

----------------------------------------------------
STRUCTURE by Pritchard, Stephens and Donnelly (2000)
     and Falush, Stephens and Pritchard (2003)
       Code by Pritchard, Falush and Hubisz
             Version 2.3.4 (Jul 2012)
----------------------------------------------------



Command line arguments:   ./structure -m mainparams_primary -e extraparams_primary -i Albania_2000_STRUCTURE.txt -o primary_output/Albania_primary_K04_rep13 -K 4 -N 2000 -L 16 -D 20264818 
Input File:    Albania_2000_STRUCTURE.txt

Run parameters:
   2000 individuals
   16 loci
   4 populations assumed
   100000 Burn-in period
   500000 Reps
RANDOMIZE turned off


--------------------------------------------
Proportion of membership of each pre-defined
 population in each of the 4 clusters

Given    Inferred Clusters              Number of
 Pop       1      2      3      4      Individuals

  1:     0.250  0.251  0.250  0.249      358
  2:     0.250  0.250  0.250  0.249      1039
  3:     0.250  0.250  0.250  0.251      603
--------------------------------------------

Allele-freq. divergence among pops (Net nucleotide distance),
computed using point estimates of P.

      1       2       3       4      
 1      -    0.0013  0.0061  0.0052  
 2   0.0013     -    0.0116  0.0072  
 3   0.0061  0.0116     -    0.0093  
 4   0.0052  0.0072  0.0093     -    

Average distances (expected heterozygosity) between individuals in same cluster:
cluster  1  : 0.8101 
cluster  2  : 0.8027 
cluster  3  : 0.8064 
cluster  4  : 0.8544 

--------------------------------------------
Estimated Ln Prob of Data   = -128178.1
Mean value of ln likelihood = -125206.7
Variance of ln likelihood   = 5942.6
Mean value of alpha         = 8.7348

Mean value of Fst_1         = 0.1741
Mean value of Fst_2         = 0.1747
Mean value of Fst_3         = 0.1785
Mean value of Fst_4         = 0.0001


Inferred ancestry of individuals:
        Label (%Miss) Pop:  Inferred clusters
  1 CP00019943    (0)    2 :  0.246 0.242 0.253 0.260 
  2 CP00019945    (0)    2 :  0.251 0.258 0.235 0.256 
  3 CP00019948    (0)    2 :  0.252 0.251 0.257 0.239 
  4 CP00019939    (0)    2 :  0.246 0.249 0.240 0.265 
  5 CP00019944    (0)    2 :  0.247 0.255 0.238 0.260 
  6 CP00019712    (0)    2 :  0.254 0.259 0.242 0.244 
  7 CP00019695    (0)    2 :  0.258 0.258 0.251 0.232 
  8 CP00019928    (0)    2 :  0.257 0.252 0.264 0.228 
  9 CP00019983    (0)    2 :  0.256 0.260 0.240 0.244 
 10 CP00019707    (0)    2 :  0.249 0.249 0.242 0.260 
 11 CP00020015    (0)    2 :  0.249 0.245 0.258 0.248 
 12 CP00019692    (0)    2 :  0.254 0.252 0.264 0.230 
 13 CP00019715    (0)    2 :  0.252 0.251 0.251 0.246 
 14 CP00019713    (0)    2 :  0.254 0.257 0.257 0.232 
 15 CP00019708    (0)    2 :  0.256 0.259 0.243 0.241 
 16 CP00019699    (0)    2 :  0.259 0.261 0.242 0.238 
 17 CP00019681    (0)    2 :  0.252 0.254 0.251 0.243 
 18 CP00019680    (0)    2 :  0.250 0.250 0.244 0.256 
 19 CP00019679    (0)    2 :  0.247 0.247 0.240 0.266 
 20 CP00019927    (0)    2 :  0.249 0.250 0.252 0.249 
 21 CP00019690    (0)    2 :  0.247 0.250 0.245 0.258 
 22 CP00019687    (0)    2 :  0.247 0.248 0.245 0.260 
 23 CP00019701    (0)    2 :  0.245 0.241 0.251 0.262 
 24 CP00019709    (0)    2 :  0.240 0.238 0.244 0.278 
 25 CP00019717    (0)    2 :  0.257 0.258 0.257 0.228 
 26 CP00019718    (0)    2 :  0.255 0.252 0.263 0.230 
 27 CP00020007    (0)    2 :  0.252 0.250 0.262 0.236 
 28 CP00019934    (0)    2 :  0.255 0.253 0.258 0.234 
 29 CP00019979    (0)    2 :  0.254 0.248 0.263 0.235 
 30 CP00019935    (0)    2 :  0.256 0.247 0.270 0.226 
 31 CP00020005    (0)    2 :  0.254 0.257 0.256 0.234 
 32 CP00019988    (0)    2 :  0.243 0.243 0.246 0.268 
 33 CP00019685    (0)    2 :  0.246 0.240 0.267 0.247 
 34 CP00019706    (0)    2 :  0.255 0.260 0.230 0.255 
 35 CP00019703    (0)    2 :  0.250 0.253 0.240 0.256 
 36 CP00019704    (0)    2 :  0.250 0.250 0.254 0.245 
 37 CP00019705    (0)    2 :  0.247 0.245 0.244 0.264 
 38 CP00019710    (0)    2 :  0.244 0.243 0.256 0.257 
 39 CP00019940    (0)    2 :  0.257 0.258 0.252 0.234 
 40 CP00019985    (0)    2 :  0.240 0.238 0.246 0.276 
 41 CP00020006    (0)    2 :  0.253 0.261 0.238 0.249 
 42 CP00019981    (0)    2 :  0.257 0.261 0.242 0.240 
 43 CP00020003    (0)    2 :  0.250 0.257 0.255 0.238 
 44 CP00020004    (0)    2 :  0.252 0.255 0.255 0.238 
 45 CP00019946    (0)    2 :  0.253 0.257 0.250 0.239 
 46 CP00019941    (0)    2 :  0.256 0.251 0.271 0.223 
 47 CP00020002    (0)    2 :  0.252 0.252 0.256 0.239 
 48 CP00020323    (0)    2 :  0.246 0.258 0.220 0.276 
 49 CP00020008    (0)    2 :  0.250 0.252 0.253 0.245 
 50 CP00019716    (0)    2 :  0.250 0.245 0.265 0.240 
 51 CP00019982    (0)    2 :  0.252 0.259 0.249 0.239 
 52 CP00019942    (0)    2 :  0.256 0.260 0.256 0.228 
 53 CP00020018    (0)    2 :  0.244 0.241 0.259 0.255 
 54 CP00019933    (0)    2 :  0.240 0.235 0.253 0.272 
 55 CP00020019    (0)    2 :  0.254 0.247 0.264 0.235 
 56 CP00019688    (0)    2 :  0.255 0.246 0.272 0.227 
 57 CP00019926    (0)    2 :  0.248 0.250 0.246 0.257 
 58 CP00020001    (0)    2 :  0.244 0.241 0.253 0.262 
 59 CP00019698    (0)    2 :  0.233 0.232 0.242 0.293 
 60 CP00019672    (0)    2 :  0.255 0.259 0.241 0.245 
 61 CP00019673    (0)    2 :  0.252 0.258 0.242 0.248 
 62 CP00019691    (0)    2 :  0.236 0.235 0.240 0.289 
 63 CP00019947    (0)    2 :  0.249 0.249 0.249 0.253 
 64 CP00019676    (0)    2 :  0.261 0.262 0.248 0.229 
 65 CP00020000    (0)    2 :  0.254 0.253 0.238 0.254 
 66 CP00019674    (0)    2 :  0.253 0.250 0.257 0.239 
 67 CP00019989    (0)    2 :  0.240 0.236 0.239 0.286 
 68 CP00020017    (0)    2 :  0.249 0.251 0.238 0.262 
 69 CP00019686    (0)    2 :  0.231 0.231 0.234 0.303 
 70 CP00019980    (0)    2 :  0.247 0.242 0.252 0.260 
 71 CP00020016    (0)    2 :  0.253 0.252 0.252 0.243 
 72 CP00019978    (0)    2 :  0.258 0.253 0.263 0.225 
 73 CP00019720    (0)    2 :  0.248 0.244 0.252 0.255 
 74 CP00019693    (0)    2 :  0.249 0.247 0.246 0.257 
 75 CP00019998    (0)    2 :  0.258 0.257 0.246 0.239 
 76 CP00019694    (0)    2 :  0.249 0.250 0.255 0.246 
 77 CP00019675    (0)    2 :  0.252 0.251 0.258 0.238 
 78 CP00019671    (0)    2 :  0.250 0.243 0.250 0.257 
 79 CP00019714    (0)    2 :  0.253 0.242 0.280 0.224 
 80 CP00019937    (0)    2 :  0.255 0.250 0.255 0.240 
 81 CP00020324    (0)    2 :  0.252 0.241 0.268 0.238 
 82 CP00020020    (0)    2 :  0.243 0.243 0.234 0.280 
 83 CP00019696    (0)    2 :  0.256 0.260 0.246 0.238 
 84 CP00019689    (0)    2 :  0.251 0.244 0.258 0.248 
 85 CP00019702    (0)    2 :  0.243 0.241 0.245 0.270 
 86 CP00019993    (0)    2 :  0.257 0.260 0.245 0.238 
 87 CP00019999    (0)    2 :  0.245 0.246 0.236 0.273 
 88 CP00019700    (0)    2 :  0.246 0.245 0.250 0.258 
 89 CP00019936    (0)    2 :  0.255 0.249 0.259 0.236 
 90 CP00019984    (0)    2 :  0.258 0.262 0.235 0.245 
 91 CP00019684    (0)    2 :  0.249 0.249 0.255 0.247 
 92 CP00019719    (0)    2 :  0.253 0.244 0.264 0.239 
 93 CP00020103    (0)    2 :  0.245 0.239 0.241 0.274 
 94 CP00020105    (0)    2 :  0.252 0.248 0.256 0.243 
 95 CP00020072    (0)    2 :  0.251 0.248 0.258 0.243 
 96 CP00020086    (0)    2 :  0.254 0.261 0.241 0.243 
 97 CP00020107    (0)    2 :  0.246 0.246 0.245 0.263 
 98 CP00020106    (0)    2 :  0.258 0.263 0.239 0.239 
 99 CP00020089    (0)    2 :  0.252 0.249 0.272 0.227 
100 CP00020094    (0)    2 :  0.256 0.256 0.256 0.233 
101 CP00020037    (0)    2 :  0.246 0.242 0.252 0.260 
102 CP00020069    (0)    2 :  0.246 0.246 0.247 0.260 
103 CP00020112    (0)    2 :  0.265 0.272 0.228 0.235 
104 CP00020083    (0)    2 :  0.250 0.254 0.242 0.254 
105 CP00020099    (0)    2 :  0.247 0.248 0.250 0.255 
106 CP00020092    (0)    2 :  0.252 0.250 0.247 0.251 
107 CP00020097    (0)    2 :  0.257 0.258 0.253 0.233 
108 CP00020098    (0)    2 :  0.247 0.246 0.252 0.255 
109 CP00020102    (0)    2 :  0.251 0.244 0.275 0.229 
110 CP00020117    (0)    2 :  0.253 0.243 0.278 0.227 
111 CP00020085    (0)    2 :  0.250 0.249 0.250 0.251 
112 CP00020078    (0)    2 :  0.243 0.243 0.245 0.268 
113 CP00020111    (0)    2 :  0.254 0.256 0.255 0.235 
114 CP00020053    (0)    2 :  0.251 0.249 0.253 0.246 
115 CP00020021    (0)    2 :  0.250 0.254 0.247 0.249 
116 CP00020041    (0)    2 :  0.250 0.244 0.268 0.239 
117 CP00020047    (0)    2 :  0.258 0.262 0.248 0.232 
118 CP00020064    (0)    2 :  0.241 0.239 0.238 0.282 
119 CP00020065    (0)    2 :  0.253 0.250 0.257 0.240 
120 CP00020046    (0)    2 :  0.257 0.261 0.249 0.234 
121 CP00020025    (0)    2 :  0.247 0.249 0.242 0.262 
122 CP00020022    (0)    2 :  0.257 0.258 0.246 0.239 
123 CP00020028    (0)    2 :  0.254 0.255 0.258 0.233 
124 CP00020062    (0)    2 :  0.254 0.248 0.265 0.233 
125 CP00020023    (0)    2 :  0.256 0.262 0.248 0.234 
126 CP00020059    (0)    2 :  0.243 0.236 0.256 0.265 
127 CP00020060    (0)    2 :  0.253 0.242 0.271 0.234 
128 CP00020057    (0)    2 :  0.255 0.265 0.245 0.235 
129 CP00020119    (0)    2 :  0.246 0.237 0.271 0.246 
130 CP00020073    (0)    2 :  0.251 0.253 0.248 0.248 
131 CP00020055    (0)    2 :  0.250 0.249 0.267 0.234 
132 CP00020071    (0)    2 :  0.251 0.261 0.232 0.256 
133 CP00020087    (0)    2 :  0.249 0.248 0.244 0.260 
134 CP00020116    (0)    2 :  0.252 0.253 0.252 0.243 
135 CP00020052    (0)    2 :  0.257 0.275 0.235 0.232 
136 CP00020067    (0)    2 :  0.247 0.248 0.251 0.253 
137 CP00020070    (0)    2 :  0.257 0.257 0.254 0.233 
138 CP00020036    (0)    2 :  0.255 0.256 0.245 0.243 
139 CP00020029    (0)    2 :  0.251 0.261 0.236 0.252 
140 CP00020031    (0)    2 :  0.252 0.254 0.243 0.251 
141 CP00020108    (0)    2 :  0.260 0.261 0.247 0.232 
142 CP00020109    (0)    2 :  0.247 0.240 0.252 0.261 
143 CP00020101    (0)    2 :  0.247 0.245 0.257 0.251 
144 CP00020076    (0)    2 :  0.252 0.251 0.251 0.247 
145 CP00020104    (0)    2 :  0.251 0.252 0.258 0.239 
146 CP00020077    (0)    2 :  0.255 0.258 0.250 0.236 
147 CP00020088    (0)    2 :  0.254 0.249 0.265 0.232 
148 CP00020100    (0)    2 :  0.246 0.244 0.257 0.253 
149 CP00020096    (0)    2 :  0.253 0.246 0.274 0.226 
150 CP00020095    (0)    2 :  0.256 0.257 0.251 0.236 
151 CP00020090    (0)    2 :  0.253 0.257 0.235 0.255 
152 CP00020061    (0)    2 :  0.255 0.260 0.253 0.233 
153 CP00020093    (0)    2 :  0.255 0.260 0.233 0.252 
154 CP00020058    (0)    2 :  0.254 0.262 0.235 0.250 
155 CP00020056    (0)    2 :  0.256 0.262 0.249 0.233 
156 CP00020054    (0)    2 :  0.249 0.244 0.254 0.254 
157 CP00020034    (0)    2 :  0.258 0.257 0.246 0.239 
158 CP00020030    (0)    2 :  0.242 0.245 0.233 0.280 
159 CP00020066    (0)    2 :  0.252 0.255 0.261 0.232 
160 CP00020068    (0)    2 :  0.243 0.246 0.243 0.267 
161 CP00020032    (0)    2 :  0.245 0.244 0.244 0.268 
162 CP00020039    (0)    2 :  0.251 0.241 0.275 0.233 
163 CP00020038    (0)    2 :  0.249 0.244 0.263 0.245 
164 CP00020026    (0)    2 :  0.254 0.250 0.263 0.233 
165 CP00020048    (0)    2 :  0.249 0.248 0.250 0.253 
166 CP00020079    (0)    2 :  0.254 0.255 0.253 0.238 
167 CP00020120    (0)    2 :  0.253 0.261 0.243 0.244 
168 CP00020074    (0)    2 :  0.255 0.264 0.238 0.242 
169 CP00020115    (0)    2 :  0.256 0.250 0.271 0.223 
170 CP00020080    (0)    2 :  0.251 0.254 0.252 0.243 
171 CP00020091    (0)    2 :  0.240 0.243 0.235 0.282 
172 CP00020081    (0)    2 :  0.257 0.248 0.266 0.229 
173 CP00020082    (0)    2 :  0.246 0.255 0.231 0.267 
174 CP00019591    (0)    2 :  0.254 0.253 0.258 0.235 
175 CP00019572    (0)    2 :  0.239 0.234 0.262 0.265 
176 CP00020202    (0)    2 :  0.258 0.263 0.244 0.235 
177 CP00019610    (0)    2 :  0.243 0.242 0.237 0.277 
178 CP00019595    (0)    2 :  0.250 0.243 0.274 0.233 
179 CP00019607    (0)    2 :  0.242 0.242 0.247 0.268 
180 CP00020203    (0)    2 :  0.246 0.252 0.233 0.269 
181 CP00020187    (0)    2 :  0.248 0.246 0.246 0.259 
182 CP00020185    (0)    2 :  0.246 0.241 0.255 0.258 
183 CP00020206    (0)    2 :  0.246 0.242 0.259 0.252 
184 CP00020190    (0)    2 :  0.256 0.256 0.250 0.238 
185 CP00020209    (0)    2 :  0.251 0.239 0.271 0.240 
186 CP00020200    (0)    2 :  0.247 0.246 0.245 0.262 
187 CP00020213    (0)    2 :  0.252 0.253 0.247 0.248 
188 CP00020218    (0)    2 :  0.243 0.240 0.245 0.271 
189 CP00020186    (0)    2 :  0.250 0.250 0.252 0.249 
190 CP00019575    (0)    2 :  0.247 0.245 0.245 0.263 
191 CP00020215    (0)    2 :  0.249 0.249 0.254 0.248 
192 CP00020219    (0)    2 :  0.241 0.250 0.230 0.279 
193 CP00020180    (0)    2 :  0.254 0.254 0.260 0.232 
194 CP00019612    (0)    2 :  0.256 0.260 0.242 0.242 
195 CP00020220    (0)    2 :  0.249 0.249 0.243 0.259 
196 CP00020217    (0)    2 :  0.251 0.246 0.265 0.238 
197 CP00020216    (0)    2 :  0.252 0.250 0.255 0.243 
198 CP00020211    (0)    2 :  0.250 0.256 0.254 0.241 
199 CP00020212    (0)    2 :  0.254 0.255 0.252 0.239 
200 CP00020205    (0)    2 :  0.241 0.233 0.266 0.260 
201 CP00019614    (0)    2 :  0.247 0.243 0.261 0.249 
202 CP00020177    (0)    2 :  0.247 0.239 0.268 0.246 
203 CP00019587    (0)    2 :  0.247 0.247 0.253 0.253 
204 CP00019602    (0)    2 :  0.247 0.257 0.241 0.254 
205 CP00019605    (0)    2 :  0.247 0.251 0.245 0.257 
206 CP00019590    (0)    2 :  0.243 0.239 0.264 0.254 
207 CP00019592    (0)    2 :  0.256 0.259 0.242 0.242 
208 CP00019603    (0)    2 :  0.254 0.256 0.262 0.228 
209 CP00019597    (0)    2 :  0.246 0.252 0.228 0.275 
210 CP00019582    (0)    2 :  0.254 0.255 0.246 0.245 
211 CP00019578    (0)    2 :  0.252 0.252 0.247 0.249 
212 CP00020176    (0)    2 :  0.247 0.246 0.248 0.258 
213 CP00020173    (0)    2 :  0.249 0.254 0.246 0.251 
214 CP00019580    (0)    2 :  0.252 0.253 0.248 0.248 
215 CP00019571    (0)    2 :  0.247 0.241 0.262 0.250 
216 CP00020192    (0)    2 :  0.247 0.253 0.235 0.266 
217 CP00020208    (0)    2 :  0.256 0.261 0.251 0.233 
218 CP00020188    (0)    2 :  0.244 0.239 0.257 0.259 
219 CP00020171    (0)    2 :  0.247 0.249 0.246 0.258 
220 CP00020195    (0)    2 :  0.254 0.250 0.251 0.245 
221 CP00020196    (0)    2 :  0.255 0.258 0.241 0.246 
222 CP00020261    (0)    2 :  0.253 0.256 0.247 0.244 
223 CP00020181    (0)    2 :  0.255 0.252 0.256 0.237 
224 CP00020183    (0)    2 :  0.257 0.260 0.239 0.243 
225 CP00020199    (0)    2 :  0.252 0.257 0.256 0.235 
226 CP00020182    (0)    2 :  0.254 0.263 0.245 0.238 
227 CP00019609    (0)    2 :  0.243 0.238 0.247 0.271 
228 CP00019588    (0)    2 :  0.241 0.236 0.254 0.269 
229 CP00019598    (0)    2 :  0.252 0.248 0.265 0.235 
230 CP00019604    (0)    2 :  0.246 0.244 0.251 0.259 
231 CP00019615    (0)    2 :  0.255 0.257 0.250 0.239 
232 CP00020214    (0)    2 :  0.241 0.243 0.246 0.270 
233 CP00020184    (0)    2 :  0.256 0.259 0.256 0.230 
234 CP00020172    (0)    2 :  0.237 0.230 0.253 0.280 
235 CP00020179    (0)    2 :  0.238 0.243 0.246 0.273 
236 CP00019586    (0)    2 :  0.262 0.264 0.247 0.227 
237 CP00019583    (0)    2 :  0.256 0.257 0.255 0.233 
238 CP00019599    (0)    2 :  0.258 0.263 0.249 0.230 
239 CP00019596    (0)    2 :  0.250 0.262 0.233 0.255 
240 CP00019589    (0)    2 :  0.258 0.263 0.249 0.229 
241 CP00019606    (0)    2 :  0.250 0.242 0.268 0.240 
242 CP00020178    (0)    2 :  0.250 0.238 0.271 0.241 
243 CP00020175    (0)    2 :  0.250 0.252 0.254 0.243 
244 CP00020174    (0)    2 :  0.252 0.250 0.257 0.241 
245 CP00019584    (0)    2 :  0.243 0.246 0.258 0.253 
246 CP00019574    (0)    2 :  0.250 0.241 0.255 0.253 
247 CP00020204    (0)    2 :  0.257 0.263 0.238 0.242 
248 CP00019611    (0)    2 :  0.245 0.241 0.254 0.260 
249 CP00020201    (0)    2 :  0.253 0.263 0.243 0.241 
250 CP00020210    (0)    2 :  0.241 0.236 0.234 0.288 
251 CP00020207    (0)    2 :  0.254 0.253 0.245 0.247 
252 CP00020194    (0)    2 :  0.252 0.254 0.246 0.248 
253 CP00020191    (0)    2 :  0.255 0.254 0.256 0.235 
254 CP00020193    (0)    2 :  0.251 0.249 0.251 0.249 
255 CP00019619    (0)    2 :  0.245 0.246 0.246 0.263 
256 CP00020398    (0)    2 :  0.255 0.257 0.248 0.239 
257 CP00020377    (0)    2 :  0.258 0.260 0.231 0.251 
258 CP00020412    (0)    2 :  0.254 0.253 0.248 0.245 
259 CP00020400    (0)    2 :  0.255 0.250 0.268 0.227 
260 CP00020399    (0)    2 :  0.247 0.235 0.263 0.255 
261 CP00020379    (0)    2 :  0.251 0.247 0.258 0.244 
262 CP00020393    (0)    2 :  0.254 0.260 0.242 0.244 
263 CP00020411    (0)    2 :  0.252 0.250 0.260 0.238 
264 CP00020374    (0)    2 :  0.250 0.247 0.263 0.240 
265 CP00019876    (0)    2 :  0.249 0.247 0.253 0.251 
266 CP00019892    (0)    2 :  0.242 0.245 0.244 0.269 
267 CP00019919    (0)    2 :  0.244 0.237 0.249 0.270 
268 CP00020418    (0)    2 :  0.251 0.253 0.255 0.241 
269 CP00019893    (0)    2 :  0.254 0.261 0.253 0.232 
270 CP00019889    (0)    2 :  0.255 0.259 0.245 0.242 
271 CP00019904    (0)    2 :  0.261 0.262 0.246 0.232 
272 CP00019909    (0)    2 :  0.249 0.243 0.244 0.264 
273 CP00020392    (0)    2 :  0.257 0.254 0.258 0.230 
274 CP00020387    (0)    2 :  0.252 0.264 0.249 0.236 
275 CP00019872    (0)    2 :  0.250 0.241 0.270 0.239 
276 CP00020395    (0)    2 :  0.250 0.254 0.242 0.254 
277 CP00020378    (0)    2 :  0.245 0.246 0.239 0.270 
278 CP00020417    (0)    2 :  0.245 0.241 0.247 0.267 
279 CP00019887    (0)    2 :  0.256 0.267 0.244 0.233 
280 CP00019884    (0)    2 :  0.245 0.244 0.246 0.265 
281 CP00019907    (0)    2 :  0.242 0.246 0.232 0.279 
282 CP00019874    (0)    2 :  0.249 0.249 0.259 0.244 
283 CP00019881    (0)    2 :  0.247 0.248 0.254 0.252 
284 CP00019871    (0)    2 :  0.243 0.241 0.269 0.247 
285 CP00019878    (0)    2 :  0.256 0.257 0.252 0.234 
286 CP00019901    (0)    2 :  0.254 0.253 0.251 0.241 
287 CP00019879    (0)    2 :  0.256 0.271 0.232 0.241 
288 CP00019902    (0)    2 :  0.244 0.249 0.232 0.275 
289 CP00019913    (0)    2 :  0.252 0.258 0.255 0.235 
290 CP00019875    (0)    2 :  0.236 0.237 0.237 0.290 
291 CP00019912    (0)    2 :  0.247 0.238 0.255 0.260 
292 CP00019898    (0)    2 :  0.239 0.233 0.251 0.278 
293 CP00019910    (0)    2 :  0.256 0.261 0.248 0.235 
294 CP00020416    (0)    2 :  0.254 0.255 0.245 0.246 
295 CP00020396    (0)    2 :  0.257 0.259 0.237 0.247 
296 CP00019900    (0)    2 :  0.249 0.250 0.249 0.252 
297 CP00019899    (0)    2 :  0.252 0.254 0.243 0.251 
298 CP00019883    (0)    2 :  0.251 0.252 0.247 0.250 
299 CP00020409    (0)    2 :  0.244 0.241 0.261 0.254 
300 CP00020415    (0)    2 :  0.242 0.239 0.254 0.264 
301 CP00020419    (0)    2 :  0.250 0.255 0.237 0.257 
302 CP00019905    (0)    2 :  0.248 0.246 0.253 0.253 
303 CP00020385    (0)    2 :  0.257 0.259 0.256 0.228 
304 CP00019920    (0)    2 :  0.246 0.246 0.253 0.256 
305 CP00019890    (0)    2 :  0.254 0.244 0.262 0.240 
306 CP00019896    (0)    2 :  0.250 0.242 0.259 0.249 
307 CP00020382    (0)    2 :  0.247 0.246 0.245 0.262 
308 CP00020381    (0)    2 :  0.245 0.244 0.253 0.258 
309 CP00020384    (0)    2 :  0.252 0.252 0.242 0.254 
310 CP00020410    (0)    2 :  0.249 0.248 0.255 0.248 
311 CP00019915    (0)    2 :  0.252 0.261 0.240 0.247 
312 CP00019885    (0)    2 :  0.240 0.238 0.235 0.287 
313 CP00020371    (0)    2 :  0.237 0.229 0.251 0.284 
314 CP00020372    (0)    2 :  0.247 0.249 0.241 0.263 
315 CP00020402    (0)    2 :  0.252 0.253 0.241 0.253 
316 CP00020414    (0)    2 :  0.243 0.247 0.238 0.272 
317 CP00020386    (0)    2 :  0.257 0.262 0.241 0.240 
318 CP00020389    (0)    2 :  0.241 0.234 0.263 0.262 
319 CP00020388    (0)    2 :  0.258 0.259 0.238 0.245 
320 CP00020413    (3)    2 :  0.252 0.256 0.239 0.253 
321 CP00020376    (0)    2 :  0.253 0.252 0.255 0.241 
322 CP00020407    (0)    2 :  0.253 0.255 0.244 0.247 
323 CP00020406    (0)    2 :  0.256 0.262 0.243 0.239 
324 CP00019873    (0)    2 :  0.247 0.236 0.275 0.243 
325 CP00019888    (0)    2 :  0.241 0.237 0.249 0.273 
326 CP00019877    (0)    2 :  0.247 0.249 0.243 0.261 
327 CP00019894    (0)    2 :  0.248 0.249 0.252 0.250 
328 CP00020375    (0)    2 :  0.238 0.235 0.240 0.287 
329 CP00020404    (0)    2 :  0.248 0.242 0.262 0.248 
330 CP00020391    (0)    2 :  0.258 0.265 0.233 0.244 
331 CP00020380    (0)    2 :  0.245 0.243 0.257 0.255 
332 CP00020408    (0)    2 :  0.256 0.262 0.251 0.231 
333 CP00020397    (0)    2 :  0.253 0.254 0.248 0.245 
334 CP00019891    (0)    2 :  0.246 0.241 0.253 0.259 
335 CP00019917    (0)    2 :  0.246 0.244 0.252 0.259 
336 CP00019906    (0)    2 :  0.255 0.255 0.257 0.234 
337 CP00019916    (0)    2 :  0.251 0.251 0.251 0.247 
338 CP00019908    (0)    2 :  0.251 0.255 0.252 0.241 
339 CP00020373    (0)    2 :  0.252 0.254 0.255 0.239 
340 CP00020383    (0)    2 :  0.245 0.238 0.267 0.250 
341 CP00019882    (0)    2 :  0.254 0.255 0.241 0.250 
342 CP00019903    (0)    2 :  0.244 0.242 0.244 0.270 
343 CP00020401    (0)    2 :  0.251 0.252 0.254 0.242 
344 CP00020403    (0)    2 :  0.252 0.243 0.262 0.243 
345 CP00019886    (0)    2 :  0.251 0.242 0.253 0.253 
346 CP00020405    (0)    2 :  0.240 0.238 0.250 0.271 
347 CP00020390    (0)    2 :  0.254 0.260 0.250 0.237 
348 CP00019911    (0)    2 :  0.251 0.257 0.245 0.247 
349 CP00019897    (0)    2 :  0.247 0.244 0.255 0.255 
350 CP00020420    (0)    2 :  0.251 0.248 0.269 0.232 
351 CP00019895    (0)    2 :  0.248 0.250 0.248 0.254 
352 CP00019918    (0)    2 :  0.235 0.225 0.256 0.285 
353 CP00019808    (0)    2 :  0.249 0.244 0.253 0.254 
354 CP00019779    (0)    2 :  0.249 0.245 0.270 0.236 
355 CP00019789    (0)    2 :  0.256 0.259 0.261 0.225 
356 CP00019791    (0)    2 :  0.252 0.242 0.271 0.236 
357 CP00019799    (0)    2 :  0.244 0.242 0.240 0.273 
358 CP00019790    (0)    2 :  0.243 0.253 0.239 0.264 
359 CP00019834    (0)    2 :  0.252 0.249 0.271 0.227 
360 CP00019801    (0)    2 :  0.254 0.253 0.252 0.240 
361 CP00019782    (0)    2 :  0.235 0.235 0.234 0.297 
362 CP00019867    (0)    2 :  0.253 0.255 0.244 0.247 
363 CP00019845    (0)    2 :  0.242 0.236 0.249 0.273 
364 CP00019792    (0)    2 :  0.253 0.254 0.243 0.250 
365 CP00019860    (0)    2 :  0.246 0.249 0.252 0.253 
366 CP00019858    (0)    2 :  0.250 0.253 0.249 0.248 
367 CP00019856    (0)    2 :  0.249 0.247 0.241 0.263 
368 CP00019857    (0)    2 :  0.256 0.258 0.261 0.225 
369 CP00019828    (0)    2 :  0.245 0.251 0.247 0.257 
370 CP00019821    (0)    2 :  0.246 0.247 0.242 0.264 
371 CP00019863    (0)    2 :  0.248 0.253 0.242 0.256 
372 CP00019846    (0)    2 :  0.246 0.251 0.248 0.255 
373 CP00019825    (0)    2 :  0.243 0.241 0.251 0.265 
374 CP00019824    (0)    2 :  0.248 0.237 0.256 0.260 
375 CP00019838    (0)    2 :  0.249 0.253 0.253 0.245 
376 CP00019868    (0)    2 :  0.251 0.239 0.280 0.230 
377 CP00019835    (0)    2 :  0.252 0.246 0.263 0.239 
378 CP00019836    (0)    2 :  0.251 0.256 0.245 0.247 
379 CP00019870    (0)    2 :  0.254 0.262 0.251 0.233 
380 CP00019833    (0)    2 :  0.246 0.245 0.254 0.255 
381 CP00019826    (0)    2 :  0.252 0.258 0.242 0.248 
382 CP00019837    (0)    2 :  0.246 0.247 0.250 0.257 
383 CP00019830    (0)    2 :  0.242 0.243 0.238 0.277 
384 CP00019822    (0)    2 :  0.251 0.263 0.237 0.250 
385 CP00019866    (0)    2 :  0.256 0.247 0.270 0.227 
386 CP00019829    (0)    2 :  0.251 0.257 0.247 0.245 
387 CP00019841    (0)    2 :  0.256 0.256 0.257 0.230 
388 CP00019831    (0)    2 :  0.252 0.247 0.267 0.233 
389 CP00019774    (0)    2 :  0.255 0.259 0.239 0.248 
390 CP00019847    (0)    2 :  0.252 0.243 0.266 0.239 
391 CP00019851    (0)    2 :  0.242 0.241 0.235 0.282 
392 CP00019844    (0)    2 :  0.256 0.268 0.241 0.235 
393 CP00019823    (0)    2 :  0.248 0.246 0.255 0.251 
394 CP00019842    (0)    2 :  0.253 0.255 0.248 0.244 
395 CP00019859    (0)    2 :  0.251 0.253 0.258 0.238 
396 CP00019827    (0)    2 :  0.252 0.257 0.249 0.242 
397 CP00019862    (0)    2 :  0.251 0.246 0.261 0.242 
398 CP00019864    (0)    2 :  0.248 0.253 0.239 0.259 
399 CP00019861    (0)    2 :  0.245 0.245 0.245 0.266 
400 CP00019865    (0)    2 :  0.256 0.260 0.249 0.235 
401 CP00019819    (0)    2 :  0.248 0.248 0.255 0.248 
402 CP00019778    (0)    2 :  0.250 0.246 0.250 0.254 
403 CP00019796    (0)    2 :  0.254 0.255 0.257 0.234 
404 CP00019803    (0)    2 :  0.246 0.244 0.255 0.255 
405 CP00019804    (0)    2 :  0.252 0.251 0.260 0.236 
406 CP00019775    (0)    2 :  0.257 0.261 0.246 0.236 
407 CP00019780    (0)    2 :  0.254 0.258 0.241 0.247 
408 CP00019820    (0)    2 :  0.245 0.243 0.261 0.250 
409 CP00019787    (0)    2 :  0.239 0.230 0.267 0.264 
410 CP00019771    (0)    2 :  0.252 0.256 0.261 0.231 
411 CP00019793    (0)    2 :  0.255 0.249 0.267 0.230 
412 CP00019788    (0)    2 :  0.249 0.260 0.233 0.258 
413 CP00019781    (0)    2 :  0.254 0.257 0.247 0.241 
414 CP00019797    (0)    2 :  0.244 0.241 0.251 0.263 
415 CP00019807    (0)    2 :  0.247 0.244 0.262 0.247 
416 CP00019800    (0)    2 :  0.256 0.254 0.247 0.243 
417 CP00019813    (0)    2 :  0.252 0.237 0.277 0.234 
418 CP00019814    (0)    2 :  0.252 0.249 0.258 0.241 
419 CP00019772    (0)    2 :  0.252 0.259 0.224 0.265 
420 CP00019794    (0)    2 :  0.249 0.242 0.254 0.255 
421 CP00019839    (0)    2 :  0.249 0.251 0.242 0.258 
422 CP00019854    (0)    2 :  0.251 0.245 0.268 0.236 
423 CP00019852    (0)    2 :  0.249 0.244 0.265 0.242 
424 CP00019855    (0)    2 :  0.249 0.246 0.250 0.255 
425 CP00019805    (0)    2 :  0.244 0.243 0.255 0.258 
426 CP00019843    (0)    2 :  0.251 0.248 0.265 0.235 
427 CP00019811    (0)    2 :  0.250 0.251 0.255 0.244 
428 CP00019817    (0)    2 :  0.258 0.264 0.238 0.240 
429 CP00019832    (0)    2 :  0.247 0.239 0.257 0.257 
430 CP00019773    (0)    2 :  0.252 0.252 0.253 0.244 
431 CP00019850    (0)    2 :  0.248 0.259 0.233 0.260 
432 CP00019853    (0)    2 :  0.251 0.256 0.255 0.238 
433 CP00019785    (0)    2 :  0.250 0.261 0.234 0.256 
434 CP00019815    (0)    2 :  0.252 0.258 0.238 0.252 
435 CP00019809    (0)    2 :  0.256 0.259 0.250 0.235 
436 CP00019840    (0)    2 :  0.247 0.242 0.258 0.253 
437 CP00019776    (0)    2 :  0.253 0.259 0.248 0.239 
438 CP00019816    (0)    2 :  0.245 0.242 0.248 0.265 
439 CP00019810    (0)    2 :  0.249 0.258 0.233 0.259 
440 CP00019848    (0)    2 :  0.256 0.260 0.241 0.243 
441 CP00019806    (0)    2 :  0.257 0.265 0.236 0.241 
442 CP00019812    (0)    2 :  0.255 0.242 0.279 0.224 
443 CP00019818    (0)    2 :  0.263 0.258 0.252 0.226 
444 CP00019849    (0)    2 :  0.251 0.260 0.238 0.250 
445 CP00019786    (0)    2 :  0.255 0.257 0.239 0.249 
446 CP00019783    (0)    2 :  0.257 0.257 0.239 0.247 
447 CP00019802    (0)    2 :  0.246 0.247 0.250 0.257 
448 CP00020014    (0)    2 :  0.249 0.251 0.252 0.248 
449 CP00021063    (0)    2 :  0.243 0.238 0.244 0.274 
450 CP00021052    (3)    2 :  0.255 0.260 0.235 0.250 
451 CP00019924    (0)    2 :  0.252 0.247 0.264 0.238 
452 CP00020013    (0)    2 :  0.241 0.242 0.236 0.281 
453 CP00019953    (0)    2 :  0.257 0.262 0.241 0.240 
454 CP00021046    (0)    2 :  0.246 0.252 0.241 0.260 
455 CP00019969    (0)    2 :  0.249 0.240 0.263 0.248 
456 CP00021024    (0)    2 :  0.242 0.249 0.232 0.278 
457 CP00019990    (0)    2 :  0.255 0.252 0.262 0.232 
458 CP00019976    (0)    2 :  0.245 0.241 0.256 0.258 
459 CP00019975    (0)    2 :  0.243 0.238 0.246 0.273 
460 CP00019994    (0)    2 :  0.257 0.246 0.270 0.227 
461 CP00020266    (0)    2 :  0.259 0.260 0.243 0.238 
462 CP00019977    (0)    2 :  0.261 0.261 0.251 0.226 
463 CP00021043    (0)    2 :  0.237 0.234 0.243 0.286 
464 CP00021030    (0)    2 :  0.254 0.255 0.249 0.242 
465 CP00019959    (0)    2 :  0.238 0.241 0.243 0.279 
466 CP00019997    (0)    2 :  0.252 0.252 0.250 0.245 
467 CP00019929    (0)    2 :  0.246 0.231 0.275 0.247 
468 CP00021047    (0)    2 :  0.247 0.249 0.249 0.255 
469 CP00019677    (0)    2 :  0.262 0.264 0.248 0.226 
470 CP00020322    (0)    2 :  0.252 0.251 0.262 0.236 
471 CP00020265    (0)    2 :  0.249 0.250 0.266 0.236 
472 CP00021036    (0)    2 :  0.257 0.256 0.260 0.226 
473 CP00020328    (0)    2 :  0.247 0.245 0.253 0.255 
474 CP00020267    (0)    2 :  0.255 0.265 0.244 0.236 
475 CP00021045    (0)    2 :  0.262 0.264 0.229 0.245 
476 CP00021038    (0)    2 :  0.249 0.250 0.243 0.258 
477 CP00021027    (0)    2 :  0.255 0.251 0.260 0.234 
478 CP00020330    (0)    2 :  0.251 0.245 0.267 0.237 
479 CP00019957    (0)    2 :  0.255 0.253 0.256 0.236 
480 CP00019956    (0)    2 :  0.244 0.241 0.261 0.254 
481 CP00021025    (0)    2 :  0.251 0.243 0.266 0.240 
482 CP00021040    (0)    2 :  0.246 0.248 0.252 0.255 
483 CP00021044    (0)    2 :  0.241 0.241 0.239 0.279 
484 CP00021051    (0)    2 :  0.243 0.234 0.257 0.266 
485 CP00021058    (0)    2 :  0.255 0.265 0.244 0.237 
486 CP00019932    (0)    2 :  0.253 0.254 0.241 0.252 
487 CP00021060    (0)    2 :  0.253 0.249 0.272 0.226 
488 CP00021032    (0)    2 :  0.247 0.245 0.244 0.264 
489 CP00021048    (0)    2 :  0.244 0.233 0.283 0.240 
490 CP00021034    (0)    2 :  0.253 0.255 0.247 0.245 
491 CP00020262    (0)    2 :  0.251 0.248 0.264 0.237 
492 CP00021050    (0)    2 :  0.251 0.252 0.242 0.254 
493 CP00019950    (0)    2 :  0.257 0.253 0.252 0.238 
494 CP00019921    (0)    2 :  0.255 0.252 0.249 0.244 
495 CP00021023    (0)    2 :  0.247 0.244 0.251 0.258 
496 CP00019996    (0)    2 :  0.256 0.250 0.262 0.232 
497 CP00019949    (0)    2 :  0.256 0.258 0.250 0.236 
498 CP00019970    (0)    2 :  0.252 0.256 0.245 0.247 
499 CP00020329    (0)    2 :  0.248 0.252 0.233 0.268 
500 CP00019930    (0)    2 :  0.249 0.248 0.256 0.247 
501 CP00020009    (0)    2 :  0.255 0.266 0.240 0.239 
502 CP00021039    (0)    2 :  0.249 0.256 0.234 0.261 
503 CP00021061    (0)    2 :  0.249 0.252 0.244 0.256 
504 CP00021021    (0)    2 :  0.254 0.247 0.246 0.253 
505 CP00020327    (0)    2 :  0.246 0.241 0.253 0.260 
506 CP00021028    (0)    2 :  0.249 0.241 0.279 0.231 
507 CP00020263    (0)    2 :  0.258 0.262 0.245 0.235 
508 CP00019960    (0)    2 :  0.239 0.240 0.233 0.288 
509 CP00019922    (0)    2 :  0.251 0.257 0.254 0.238 
510 CP00019995    (0)    2 :  0.251 0.241 0.251 0.258 
511 CP00021062    (0)    2 :  0.255 0.254 0.253 0.239 
512 CP00021059    (0)    2 :  0.247 0.242 0.264 0.247 
513 CP00020011    (0)    2 :  0.251 0.245 0.257 0.246 
514 CP00019951    (0)    2 :  0.246 0.245 0.241 0.268 
515 CP00020268    (0)    2 :  0.256 0.254 0.247 0.244 
516 CP00019678    (0)    2 :  0.249 0.249 0.248 0.255 
517 CP00019952    (0)    2 :  0.241 0.236 0.253 0.270 
518 CP00021037    (0)    2 :  0.254 0.257 0.239 0.251 
519 CP00021042    (0)    2 :  0.250 0.246 0.266 0.239 
520 CP00021041    (0)    2 :  0.243 0.239 0.246 0.272 
521 CP00020010    (0)    2 :  0.252 0.262 0.245 0.241 
522 CP00021056    (0)    2 :  0.246 0.246 0.240 0.268 
523 CP00020012    (0)    2 :  0.247 0.246 0.248 0.259 
524 CP00021031    (0)    2 :  0.251 0.251 0.244 0.254 
525 CP00019958    (0)    2 :  0.257 0.254 0.254 0.235 
526 CP00019971    (0)    2 :  0.248 0.236 0.275 0.240 
527 CP00021026    (0)    2 :  0.253 0.255 0.256 0.236 
528 CP00020321    (0)    2 :  0.258 0.264 0.241 0.237 
529 CP00019972    (0)    2 :  0.246 0.245 0.234 0.276 
530 CP00021035    (0)    2 :  0.239 0.233 0.262 0.265 
531 CP00020264    (0)    2 :  0.251 0.246 0.262 0.242 
532 CP00021049    (0)    2 :  0.251 0.249 0.256 0.244 
533 CP00021033    (0)    2 :  0.242 0.233 0.249 0.276 
534 CP00019954    (0)    2 :  0.252 0.249 0.257 0.242 
535 CP00019931    (0)    2 :  0.249 0.244 0.272 0.235 
536 CP00021054    (0)    2 :  0.255 0.260 0.250 0.235 
537 CP00021029    (0)    2 :  0.240 0.243 0.242 0.275 
538 CP00021053    (0)    2 :  0.252 0.251 0.248 0.248 
539 CP00021022    (0)    2 :  0.246 0.242 0.246 0.266 
540 CP00021055    (0)    2 :  0.264 0.271 0.240 0.226 
541 CP00020718    (0)    2 :  0.257 0.257 0.252 0.233 
542 CP00020716    (0)    2 :  0.257 0.248 0.268 0.228 
543 CP00020696    (0)    2 :  0.249 0.248 0.241 0.262 
544 CP00020714    (0)    2 :  0.253 0.248 0.265 0.235 
545 CP00020682    (0)    2 :  0.253 0.252 0.247 0.248 
546 CP00020698    (0)    2 :  0.253 0.257 0.255 0.235 
547 CP00020697    (0)    2 :  0.241 0.243 0.239 0.277 
548 CP00020688    (0)    2 :  0.255 0.245 0.259 0.240 
549 CP00020687    (0)    2 :  0.254 0.258 0.244 0.244 
550 CP00020675    (0)    2 :  0.253 0.259 0.240 0.249 
551 CP00020717    (0)    2 :  0.249 0.249 0.258 0.244 
552 CP00020676    (0)    2 :  0.249 0.256 0.250 0.244 
553 CP00020704    (0)    2 :  0.258 0.250 0.263 0.229 
554 CP00020686    (0)    2 :  0.255 0.266 0.246 0.233 
555 CP00020699    (0)    2 :  0.246 0.253 0.238 0.263 
556 CP00020700    (0)    2 :  0.246 0.236 0.260 0.259 
557 CP00020689    (0)    2 :  0.251 0.258 0.234 0.257 
558 CP00020566    (0)    2 :  0.258 0.253 0.257 0.232 
559 CP00020360    (0)    2 :  0.256 0.263 0.249 0.232 
560 CP00020345    (0)    2 :  0.255 0.256 0.257 0.232 
561 CP00020357    (0)    2 :  0.258 0.270 0.234 0.238 
562 CP00020352    (0)    2 :  0.256 0.251 0.250 0.242 
563 CP00020353    (0)    2 :  0.256 0.260 0.248 0.236 
564 CP00020342    (0)    2 :  0.251 0.249 0.256 0.244 
565 CP00020367    (0)    2 :  0.236 0.238 0.229 0.297 
566 CP00020561    (0)    2 :  0.259 0.260 0.243 0.238 
567 CP00020343    (0)    2 :  0.256 0.255 0.240 0.248 
568 CP00020569    (0)    2 :  0.255 0.254 0.259 0.232 
569 CP00020554    (0)    2 :  0.251 0.251 0.251 0.247 
570 CP00020355    (0)    2 :  0.250 0.247 0.257 0.246 
571 CP00020356    (0)    2 :  0.251 0.243 0.268 0.237 
572 CP00020562    (0)    2 :  0.240 0.238 0.236 0.286 
573 CP00020563    (0)    2 :  0.248 0.253 0.248 0.250 
574 CP00020564    (0)    2 :  0.250 0.255 0.234 0.262 
575 CP00020341    (0)    2 :  0.247 0.250 0.234 0.269 
576 CP00020695    (0)    2 :  0.260 0.263 0.252 0.224 
577 CP00020363    (0)    2 :  0.255 0.261 0.244 0.239 
578 CP00020362    (0)    2 :  0.255 0.250 0.267 0.227 
579 CP00020359    (0)    2 :  0.250 0.242 0.261 0.246 
580 CP00020551    (0)    2 :  0.252 0.251 0.254 0.243 
581 CP00020365    (0)    2 :  0.246 0.251 0.258 0.245 
582 CP00020712    (0)    2 :  0.247 0.244 0.254 0.255 
583 CP00020556    (0)    2 :  0.248 0.236 0.283 0.233 
584 CP00020559    (0)    2 :  0.257 0.261 0.241 0.241 
585 CP00020350    (0)    2 :  0.249 0.247 0.265 0.239 
586 CP00020570    (0)    2 :  0.252 0.249 0.256 0.243 
587 CP00020552    (0)    2 :  0.253 0.257 0.253 0.237 
588 CP00020560    (0)    2 :  0.250 0.259 0.248 0.244 
589 CP00020567    (0)    2 :  0.249 0.250 0.254 0.247 
590 CP00020346    (0)    2 :  0.256 0.256 0.252 0.236 
591 CP00020347    (0)    2 :  0.261 0.271 0.234 0.235 
592 CP00020558    (0)    2 :  0.250 0.248 0.265 0.238 
593 CP00020557    (0)    2 :  0.255 0.266 0.239 0.241 
594 CP00020361    (0)    2 :  0.246 0.253 0.243 0.258 
595 CP00020368    (0)    2 :  0.249 0.244 0.255 0.251 
596 CP00020348    (0)    2 :  0.242 0.241 0.250 0.268 
597 CP00020370    (0)    2 :  0.251 0.258 0.245 0.246 
598 CP00020358    (0)    2 :  0.252 0.262 0.236 0.250 
599 CP00020349    (0)    2 :  0.252 0.259 0.241 0.248 
600 CP00020553    (0)    2 :  0.252 0.248 0.241 0.259 
601 CP00020344    (0)    2 :  0.253 0.246 0.271 0.231 
602 CP00020555    (0)    2 :  0.252 0.255 0.250 0.243 
603 CP00020354    (0)    2 :  0.255 0.258 0.248 0.239 
604 CP00020565    (0)    2 :  0.257 0.251 0.264 0.228 
605 CP00020690    (0)    2 :  0.255 0.266 0.232 0.247 
606 CP00020702    (0)    2 :  0.249 0.251 0.246 0.254 
607 CP00020711    (0)    2 :  0.253 0.255 0.264 0.228 
608 CP00020692    (0)    2 :  0.246 0.253 0.238 0.263 
609 CP00020685    (0)    2 :  0.251 0.252 0.254 0.243 
610 CP00020703    (0)    2 :  0.249 0.258 0.251 0.243 
611 CP00020681    (0)    2 :  0.250 0.247 0.253 0.249 
612 CP00020706    (0)    2 :  0.246 0.242 0.254 0.258 
613 CP00020710    (0)    2 :  0.249 0.243 0.262 0.247 
614 CP00020672    (0)    2 :  0.254 0.247 0.260 0.239 
615 CP00020677    (0)    2 :  0.254 0.246 0.255 0.245 
616 CP00020691    (0)    2 :  0.252 0.254 0.256 0.238 
617 CP00020680    (0)    2 :  0.252 0.250 0.247 0.251 
618 CP00020709    (0)    2 :  0.248 0.243 0.253 0.255 
619 CP00020679    (0)    2 :  0.242 0.236 0.259 0.264 
620 CP00020671    (0)    2 :  0.250 0.246 0.249 0.255 
621 CP00020719    (0)    2 :  0.254 0.252 0.254 0.240 
622 CP00020693    (0)    2 :  0.253 0.249 0.257 0.241 
623 CP00020708    (0)    2 :  0.250 0.250 0.248 0.252 
624 CP00020705    (0)    2 :  0.250 0.250 0.252 0.248 
625 CP00020720    (0)    2 :  0.258 0.266 0.238 0.237 
626 CP00020707    (0)    2 :  0.252 0.253 0.242 0.253 
627 CP00020674    (0)    2 :  0.246 0.245 0.253 0.256 
628 CP00020673    (0)    2 :  0.252 0.249 0.269 0.230 
629 CP00020701    (0)    2 :  0.237 0.235 0.243 0.285 
630 CP00020713    (0)    2 :  0.245 0.249 0.251 0.255 
631 CP00020715    (0)    2 :  0.251 0.255 0.244 0.250 
632 CP00017120    (0)    2 :  0.255 0.261 0.253 0.230 
633 CP00017077    (0)    2 :  0.253 0.244 0.269 0.235 
634 CP00017117    (0)    2 :  0.248 0.252 0.239 0.261 
635 CP00017100    (0)    2 :  0.251 0.250 0.248 0.251 
636 CP00017118    (0)    2 :  0.257 0.260 0.246 0.237 
637 CP00017083    (0)    2 :  0.254 0.264 0.235 0.247 
638 CP00017085    (0)    2 :  0.258 0.255 0.263 0.225 
639 CP00017097    (0)    2 :  0.244 0.243 0.239 0.274 
640 CP00017092    (0)    2 :  0.245 0.242 0.250 0.263 
641 CP00017038    (0)    2 :  0.254 0.257 0.255 0.234 
642 CP00017067    (0)    2 :  0.253 0.259 0.235 0.253 
643 CP00017017    (0)    3 :  0.246 0.251 0.243 0.260 
644 CP00017012    (0)    3 :  0.249 0.251 0.239 0.261 
645 CP00017036    (0)    2 :  0.252 0.254 0.242 0.252 
646 CP00017040    (0)    2 :  0.243 0.238 0.244 0.274 
647 CP00017046    (0)    2 :  0.243 0.243 0.238 0.276 
648 CP00017059    (0)    2 :  0.244 0.243 0.249 0.264 
649 CP00017043    (0)    2 :  0.252 0.247 0.258 0.244 
650 CP00017080    (0)    2 :  0.240 0.232 0.259 0.269 
651 CP00017079    (0)    2 :  0.243 0.243 0.239 0.276 
652 CP00017056    (0)    2 :  0.252 0.252 0.255 0.241 
653 CP00017057    (0)    2 :  0.247 0.253 0.239 0.262 
654 CP00017058    (0)    2 :  0.250 0.253 0.249 0.248 
655 CP00017087    (0)    2 :  0.238 0.241 0.233 0.289 
656 CP00017072    (0)    2 :  0.248 0.251 0.255 0.246 
657 CP00017075    (0)    2 :  0.243 0.244 0.249 0.264 
658 CP00017078    (0)    2 :  0.252 0.242 0.270 0.236 
659 CP00017053    (0)    2 :  0.244 0.237 0.255 0.264 
660 CP00017052    (0)    2 :  0.249 0.239 0.268 0.245 
661 CP00017119    (0)    2 :  0.250 0.255 0.242 0.253 
662 CP00017099    (0)    2 :  0.255 0.263 0.242 0.239 
663 CP00017095    (0)    2 :  0.248 0.242 0.260 0.250 
664 CP00017115    (0)    2 :  0.255 0.258 0.251 0.236 
665 CP00017091    (0)    2 :  0.237 0.233 0.241 0.289 
666 CP00017098    (0)    2 :  0.245 0.259 0.240 0.256 
667 CP00017116    (0)    2 :  0.261 0.265 0.238 0.237 
668 CP00017114    (0)    2 :  0.258 0.256 0.247 0.240 
669 CP00017061    (0)    2 :  0.255 0.262 0.246 0.238 
670 CP00017064    (0)    2 :  0.255 0.249 0.263 0.233 
671 CP00017021    (0)    2 :  0.259 0.267 0.241 0.234 
672 CP00017042    (0)    2 :  0.246 0.248 0.244 0.262 
673 CP00017018    (0)    3 :  0.243 0.241 0.250 0.266 
674 CP00017011    (0)    3 :  0.256 0.248 0.270 0.226 
675 CP00017049    (0)    2 :  0.256 0.253 0.251 0.240 
676 CP00017023    (0)    3 :  0.248 0.245 0.260 0.247 
677 CP00017014    (0)    3 :  0.253 0.259 0.242 0.246 
678 CP00017070    (0)    2 :  0.251 0.259 0.240 0.251 
679 CP00017109    (0)    2 :  0.237 0.239 0.241 0.282 
680 CP00017068    (0)    2 :  0.249 0.251 0.246 0.254 
681 CP00017025    (0)    3 :  0.248 0.248 0.246 0.258 
682 CP00017015    (0)    3 :  0.254 0.256 0.252 0.238 
683 CP00017020    (0)    3 :  0.261 0.264 0.242 0.233 
684 CP00017110    (0)    2 :  0.250 0.254 0.244 0.252 
685 CP00017016    (0)    3 :  0.247 0.232 0.269 0.251 
686 CP00017027    (0)    3 :  0.251 0.255 0.236 0.258 
687 CP00017048    (0)    2 :  0.259 0.264 0.244 0.232 
688 CP00017094    (0)    2 :  0.241 0.231 0.264 0.264 
689 CP00017022    (0)    3 :  0.241 0.236 0.245 0.279 
690 CP00017055    (0)    2 :  0.251 0.256 0.235 0.258 
691 CP00017054    (0)    2 :  0.251 0.260 0.247 0.242 
692 CP00017024    (0)    3 :  0.254 0.260 0.236 0.249 
693 CP00017030    (0)    3 :  0.246 0.242 0.259 0.252 
694 CP00017096    (0)    2 :  0.251 0.249 0.266 0.235 
695 CP00017065    (0)    2 :  0.258 0.266 0.234 0.243 
696 CP00017050    (0)    2 :  0.253 0.260 0.247 0.240 
697 CP00017063    (0)    2 :  0.257 0.257 0.249 0.237 
698 CP00017051    (0)    2 :  0.250 0.252 0.254 0.244 
699 CP00017013    (0)    3 :  0.248 0.251 0.235 0.267 
700 CP00017076    (0)    2 :  0.249 0.246 0.252 0.253 
701 CP00017073    (0)    2 :  0.258 0.260 0.251 0.231 
702 CP00017033    (0)    2 :  0.255 0.257 0.248 0.240 
703 CP00017028    (0)    3 :  0.247 0.243 0.256 0.253 
704 CP00017031    (0)    2 :  0.249 0.251 0.242 0.258 
705 CP00017026    (0)    3 :  0.254 0.251 0.255 0.240 
706 CP00017035    (0)    2 :  0.247 0.249 0.238 0.266 
707 CP00017029    (0)    3 :  0.245 0.247 0.252 0.256 
708 CP00017111    (0)    2 :  0.255 0.260 0.255 0.231 
709 CP00017044    (0)    2 :  0.256 0.252 0.259 0.232 
710 CP00017113    (0)    2 :  0.253 0.255 0.246 0.245 
711 CP00017041    (0)    2 :  0.259 0.258 0.253 0.229 
712 CP00017069    (0)    2 :  0.256 0.260 0.244 0.239 
713 CP00017019    (0)    3 :  0.237 0.240 0.225 0.298 
714 CP00017034    (0)    2 :  0.250 0.251 0.243 0.256 
715 CP00017002    (0)    3 :  0.253 0.247 0.261 0.239 
716 CP00017047    (0)    2 :  0.252 0.248 0.255 0.246 
717 CP00017060    (0)    2 :  0.243 0.243 0.245 0.270 
718 CP00017037    (0)    2 :  0.249 0.246 0.248 0.256 
719 CP00017112    (0)    2 :  0.251 0.253 0.240 0.257 
720 CP00017090    (0)    2 :  0.244 0.248 0.241 0.267 
721 CP00049957    (0)    2 :  0.251 0.251 0.243 0.256 
722 CP00049253    (0)    2 :  0.247 0.248 0.249 0.256 
723 CP00049224    (0)    2 :  0.254 0.249 0.253 0.245 
724 CP00049921    (0)    2 :  0.254 0.264 0.239 0.243 
725 CP00049412    (0)    2 :  0.250 0.250 0.261 0.239 
726 CP00049935    (0)    2 :  0.251 0.254 0.262 0.233 
727 CP00049959    (0)    2 :  0.242 0.240 0.244 0.273 
728 CP00049956    (0)    2 :  0.244 0.247 0.240 0.269 
729 CP00049958    (0)    2 :  0.244 0.242 0.256 0.258 
730 CP00049384    (0)    2 :  0.249 0.250 0.240 0.262 
731 CP00049386    (0)    2 :  0.249 0.240 0.269 0.243 
732 CP00049400    (0)    2 :  0.239 0.239 0.248 0.274 
733 CP00049392    (0)    2 :  0.255 0.260 0.245 0.240 
734 CP00049409    (0)    2 :  0.263 0.262 0.245 0.230 
735 CP00049394    (0)    2 :  0.247 0.241 0.252 0.260 
736 CP00049262    (0)    2 :  0.255 0.261 0.234 0.250 
737 CP00049939    (0)    2 :  0.250 0.251 0.250 0.250 
738 CP00049264    (0)    2 :  0.247 0.254 0.237 0.263 
739 CP00049221    (0)    2 :  0.256 0.254 0.253 0.236 
740 CP00049266    (0)    2 :  0.254 0.250 0.257 0.239 
741 CP00049391    (0)    2 :  0.245 0.248 0.236 0.271 
742 CP00049405    (0)    2 :  0.258 0.256 0.260 0.226 
743 CP00049404    (0)    2 :  0.255 0.262 0.245 0.238 
744 CP00049393    (0)    2 :  0.243 0.245 0.249 0.263 
745 CP00049408    (0)    2 :  0.256 0.255 0.258 0.230 
746 CP00049410    (0)    2 :  0.255 0.264 0.238 0.242 
747 CP00049407    (0)    2 :  0.252 0.262 0.242 0.243 
748 CP00049250    (0)    2 :  0.248 0.252 0.232 0.267 
749 CP00049255    (0)    2 :  0.247 0.248 0.241 0.264 
750 CP00049257    (0)    2 :  0.254 0.252 0.262 0.231 
751 CP00049258    (0)    2 :  0.250 0.236 0.275 0.240 
752 CP00049248    (0)    2 :  0.255 0.260 0.227 0.258 
753 CP00049251    (0)    2 :  0.243 0.230 0.270 0.256 
754 CP00049265    (0)    2 :  0.255 0.253 0.246 0.246 
755 CP00049385    (0)    2 :  0.248 0.253 0.242 0.258 
756 CP00049397    (0)    2 :  0.242 0.247 0.251 0.260 
757 CP00049398    (0)    2 :  0.253 0.249 0.253 0.245 
758 CP00049244    (0)    2 :  0.246 0.246 0.248 0.261 
759 CP00049406    (0)    2 :  0.248 0.255 0.239 0.258 
760 CP00049411    (0)    2 :  0.257 0.252 0.263 0.228 
761 CP00049399    (0)    2 :  0.250 0.258 0.245 0.247 
762 CP00049401    (0)    2 :  0.254 0.255 0.240 0.251 
763 CP00049403    (0)    2 :  0.251 0.259 0.231 0.259 
764 CP00049941    (0)    2 :  0.250 0.258 0.228 0.264 
765 CP00049955    (0)    2 :  0.252 0.255 0.253 0.239 
766 CP00049233    (0)    2 :  0.263 0.266 0.241 0.230 
767 CP00049228    (0)    2 :  0.247 0.243 0.259 0.252 
768 CP00049954    (0)    2 :  0.247 0.244 0.253 0.255 
769 CP00049944    (0)    2 :  0.258 0.261 0.244 0.237 
770 CP00049260    (0)    2 :  0.239 0.240 0.246 0.276 
771 CP00049268    (0)    2 :  0.262 0.260 0.251 0.227 
772 CP00049239    (0)    2 :  0.239 0.238 0.253 0.270 
773 CP00049946    (0)    2 :  0.251 0.249 0.268 0.232 
774 CP00049232    (0)    2 :  0.247 0.247 0.267 0.239 
775 CP00049256    (0)    2 :  0.249 0.249 0.252 0.251 
776 CP00049259    (0)    2 :  0.250 0.249 0.253 0.247 
777 CP00049943    (0)    2 :  0.258 0.260 0.247 0.235 
778 CP00049930    (0)    2 :  0.243 0.229 0.276 0.252 
779 CP00049388    (0)    2 :  0.244 0.252 0.238 0.266 
780 CP00049413    (0)    2 :  0.251 0.245 0.256 0.248 
781 CP00049230    (0)    2 :  0.245 0.244 0.258 0.252 
782 CP00049226    (0)    2 :  0.244 0.241 0.256 0.259 
783 CP00049925    (0)    2 :  0.246 0.246 0.251 0.258 
784 CP00049387    (0)    2 :  0.255 0.262 0.230 0.252 
785 CP00049241    (0)    2 :  0.246 0.244 0.242 0.267 
786 CP00049236    (0)    2 :  0.250 0.252 0.258 0.241 
787 CP00049225    (0)    2 :  0.254 0.267 0.226 0.254 
788 CP00049229    (0)    2 :  0.251 0.251 0.260 0.238 
789 CP00049960    (0)    2 :  0.259 0.263 0.238 0.240 
790 CP00049242    (0)    2 :  0.251 0.260 0.231 0.258 
791 CP00049940    (0)    2 :  0.252 0.256 0.251 0.241 
792 CP00049948    (0)    2 :  0.256 0.259 0.244 0.241 
793 CP00049949    (0)    2 :  0.244 0.250 0.234 0.272 
794 CP00049254    (0)    2 :  0.246 0.252 0.242 0.260 
795 CP00049267    (0)    2 :  0.238 0.232 0.241 0.289 
796 CP00049261    (0)    2 :  0.252 0.250 0.249 0.250 
797 CP00049235    (0)    2 :  0.252 0.258 0.233 0.256 
798 CP00049953    (0)    2 :  0.250 0.256 0.243 0.252 
799 CP00049923    (0)    2 :  0.245 0.243 0.244 0.268 
800 CP00049947    (0)    2 :  0.253 0.251 0.258 0.238 
801 CP00049234    (0)    2 :  0.247 0.246 0.238 0.269 
802 CP00049389    (0)    2 :  0.251 0.250 0.264 0.235 
803 CP00049414    (0)    2 :  0.244 0.243 0.251 0.261 
804 CP00049390    (0)    2 :  0.252 0.245 0.268 0.235 
805 CP00049402    (0)    2 :  0.246 0.252 0.232 0.270 
806 CP00049396    (0)    2 :  0.250 0.246 0.252 0.251 
807 CP00049934    (0)    2 :  0.250 0.255 0.241 0.253 
808 CP00049246    (0)    2 :  0.242 0.244 0.238 0.277 
809 CP00049238    (0)    2 :  0.251 0.257 0.244 0.248 
810 CP00049945    (0)    2 :  0.254 0.266 0.233 0.247 
811 CP00049938    (0)    2 :  0.245 0.242 0.255 0.258 
812 CP00049928    (0)    2 :  0.244 0.242 0.252 0.262 
813 CP00049247    (0)    2 :  0.252 0.259 0.245 0.243 
814 CP00049240    (0)    2 :  0.249 0.249 0.245 0.257 
815 CP00049237    (0)    2 :  0.248 0.251 0.255 0.247 
816 CP00049243    (0)    2 :  0.258 0.265 0.232 0.245 
817 CP00049926    (0)    2 :  0.243 0.242 0.242 0.273 
818 CP00049245    (0)    2 :  0.253 0.257 0.252 0.238 
819 CP00049936    (0)    2 :  0.248 0.245 0.260 0.247 
820 CP00049927    (0)    2 :  0.248 0.248 0.259 0.244 
821 CP00049924    (0)    2 :  0.254 0.250 0.257 0.239 
822 CP00049222    (0)    2 :  0.249 0.245 0.257 0.249 
823 CP00049922    (0)    2 :  0.233 0.239 0.240 0.288 
824 CP00020222    (0)    2 :  0.253 0.242 0.274 0.231 
825 CP00020248    (0)    2 :  0.248 0.244 0.256 0.251 
826 CP00020246    (0)    2 :  0.249 0.253 0.251 0.247 
827 CP00020250    (0)    2 :  0.254 0.246 0.269 0.231 
828 CP00020247    (0)    2 :  0.256 0.261 0.251 0.232 
829 CP00020245    (0)    2 :  0.248 0.250 0.251 0.251 
830 CP00020253    (0)    2 :  0.251 0.248 0.254 0.247 
831 CP00020254    (0)    2 :  0.249 0.253 0.245 0.254 
832 CP00020227    (0)    2 :  0.245 0.251 0.234 0.270 
833 CP00020252    (0)    2 :  0.248 0.248 0.243 0.261 
834 CP00020251    (0)    2 :  0.249 0.246 0.248 0.256 
835 CP00020241    (0)    2 :  0.256 0.254 0.263 0.227 
836 CP00020240    (0)    2 :  0.243 0.238 0.265 0.255 
837 CP00020258    (0)    2 :  0.243 0.250 0.228 0.279 
838 CP00020150    (0)    2 :  0.250 0.255 0.244 0.251 
839 CP00020128    (0)    2 :  0.247 0.245 0.251 0.257 
840 CP00020224    (0)    2 :  0.257 0.256 0.251 0.236 
841 CP00020136    (0)    2 :  0.247 0.247 0.259 0.247 
842 CP00020126    (0)    2 :  0.249 0.244 0.261 0.245 
843 CP00020151    (0)    2 :  0.250 0.244 0.252 0.254 
844 CP00020130    (0)    2 :  0.252 0.256 0.254 0.237 
845 CP00020123    (0)    2 :  0.249 0.242 0.257 0.252 
846 CP00020129    (0)    2 :  0.255 0.259 0.249 0.237 
847 CP00020225    (0)    2 :  0.257 0.259 0.255 0.229 
848 CP00020161    (0)    2 :  0.251 0.248 0.269 0.232 
849 CP00020138    (0)    2 :  0.251 0.246 0.251 0.252 
850 CP00020239    (0)    2 :  0.249 0.248 0.257 0.246 
851 CP00020259    (0)    2 :  0.252 0.249 0.264 0.236 
852 CP00020135    (0)    2 :  0.264 0.267 0.237 0.231 
853 CP00020238    (0)    2 :  0.246 0.246 0.252 0.256 
854 CP00020234    (0)    2 :  0.250 0.244 0.263 0.243 
855 CP00020273    (0)    2 :  0.255 0.255 0.251 0.240 
856 CP00020282    (0)    2 :  0.252 0.253 0.258 0.238 
857 CP00020158    (0)    2 :  0.250 0.248 0.260 0.242 
858 CP00020243    (0)    2 :  0.256 0.252 0.271 0.221 
859 CP00020221    (0)    2 :  0.248 0.237 0.264 0.251 
860 CP00020229    (0)    2 :  0.257 0.263 0.241 0.239 
861 CP00020276    (0)    2 :  0.257 0.265 0.237 0.241 
862 CP00020146    (0)    2 :  0.237 0.243 0.227 0.293 
863 CP00020124    (0)    2 :  0.252 0.256 0.234 0.258 
864 CP00020156    (0)    2 :  0.254 0.243 0.265 0.238 
865 CP00020145    (0)    2 :  0.255 0.256 0.247 0.241 
866 CP00020125    (0)    2 :  0.252 0.248 0.272 0.228 
867 CP00020278    (0)    2 :  0.249 0.252 0.243 0.256 
868 CP00020132    (0)    2 :  0.252 0.250 0.265 0.233 
869 CP00020137    (0)    2 :  0.249 0.260 0.246 0.244 
870 CP00020127    (0)    2 :  0.251 0.257 0.246 0.246 
871 CP00020131    (0)    2 :  0.257 0.259 0.252 0.233 
872 CP00020260    (0)    2 :  0.247 0.252 0.236 0.266 
873 CP00020155    (0)    2 :  0.245 0.248 0.238 0.269 
874 CP00020141    (0)    2 :  0.251 0.248 0.265 0.237 
875 CP00020143    (0)    2 :  0.255 0.256 0.260 0.229 
876 CP00020142    (0)    2 :  0.251 0.257 0.247 0.245 
877 CP00020256    (0)    2 :  0.259 0.262 0.246 0.233 
878 CP00020170    (0)    2 :  0.251 0.247 0.247 0.255 
879 CP00020140    (0)    2 :  0.254 0.257 0.253 0.236 
880 CP00020147    (0)    2 :  0.253 0.258 0.231 0.259 
881 CP00020163    (0)    2 :  0.252 0.241 0.278 0.229 
882 CP00020152    (0)    2 :  0.249 0.253 0.250 0.249 
883 CP00020139    (0)    2 :  0.247 0.248 0.241 0.264 
884 CP00020162    (0)    2 :  0.248 0.230 0.290 0.232 
885 CP00020166    (0)    2 :  0.252 0.248 0.249 0.251 
886 CP00020226    (0)    2 :  0.250 0.255 0.257 0.239 
887 CP00020154    (0)    2 :  0.251 0.253 0.248 0.247 
888 CP00020257    (0)    2 :  0.247 0.248 0.238 0.267 
889 CP00020242    (0)    2 :  0.249 0.254 0.255 0.242 
890 CP00020148    (0)    2 :  0.238 0.229 0.254 0.279 
891 CP00020271    (0)    2 :  0.254 0.255 0.268 0.223 
892 CP00020233    (0)    2 :  0.244 0.245 0.237 0.274 
893 CP00020275    (0)    2 :  0.249 0.247 0.254 0.250 
894 CP00020244    (3)    2 :  0.245 0.244 0.248 0.263 
895 CP00020230    (0)    2 :  0.253 0.256 0.238 0.253 
896 CP00020279    (0)    2 :  0.247 0.237 0.266 0.250 
897 CP00020159    (0)    2 :  0.255 0.260 0.238 0.247 
898 CP00020237    (0)    2 :  0.251 0.252 0.247 0.250 
899 CP00020231    (0)    2 :  0.259 0.266 0.236 0.238 
900 CP00020281    (0)    2 :  0.250 0.248 0.256 0.246 
901 CP00020167    (0)    2 :  0.252 0.248 0.266 0.233 
902 CP00020122    (0)    2 :  0.258 0.248 0.269 0.226 
903 CP00020121    (0)    2 :  0.255 0.250 0.256 0.239 
904 CP00020157    (0)    2 :  0.242 0.246 0.230 0.281 
905 CP00020144    (0)    2 :  0.249 0.245 0.254 0.251 
906 CP00020164    (0)    2 :  0.241 0.241 0.245 0.273 
907 CP00020165    (0)    2 :  0.247 0.247 0.253 0.253 
908 CP00020255    (0)    2 :  0.247 0.246 0.244 0.264 
909 CP00020134    (0)    2 :  0.257 0.251 0.263 0.229 
910 CP00020149    (0)    2 :  0.251 0.254 0.238 0.258 
911 CP00020160    (0)    2 :  0.242 0.239 0.250 0.269 
912 CP00020228    (0)    2 :  0.252 0.247 0.259 0.242 
913 CP00020272    (0)    2 :  0.251 0.246 0.256 0.247 
914 CP00020274    (0)    2 :  0.237 0.236 0.247 0.280 
915 CP00020235    (0)    2 :  0.252 0.248 0.261 0.239 
916 CP00020280    (0)    2 :  0.243 0.239 0.258 0.260 
917 CP00020232    (0)    2 :  0.247 0.245 0.262 0.246 
918 CP00020277    (0)    2 :  0.238 0.233 0.253 0.276 
919 CP00020236    (0)    2 :  0.250 0.251 0.242 0.258 
920 CP00020223    (0)    2 :  0.254 0.254 0.255 0.237 
921 CP00016184    (0)    3 :  0.245 0.237 0.254 0.263 
922 CP00016197    (0)    3 :  0.246 0.239 0.266 0.249 
923 CP00016020    (0)    1 :  0.256 0.255 0.243 0.246 
924 CP00016181    (0)    3 :  0.244 0.245 0.255 0.257 
925 CP00016212    (0)    3 :  0.258 0.264 0.231 0.246 
926 CP00016215    (0)    3 :  0.241 0.247 0.244 0.268 
927 CP00016040    (0)    3 :  0.240 0.245 0.236 0.279 
928 CP00016051    (0)    3 :  0.249 0.247 0.253 0.250 
929 CP00016211    (0)    3 :  0.250 0.240 0.280 0.230 
930 CP00016049    (0)    3 :  0.249 0.243 0.263 0.245 
931 CP00016177    (0)    3 :  0.259 0.257 0.252 0.232 
932 CP00016060    (0)    3 :  0.254 0.254 0.250 0.242 
933 CP00016216    (0)    3 :  0.249 0.252 0.238 0.260 
934 CP00016059    (0)    3 :  0.256 0.265 0.243 0.237 
935 CP00016058    (0)    3 :  0.249 0.247 0.251 0.252 
936 CP00016178    (0)    3 :  0.254 0.248 0.262 0.237 
937 CP00016055    (0)    3 :  0.256 0.262 0.246 0.236 
938 CP00016038    (0)    3 :  0.259 0.259 0.252 0.230 
939 CP00016056    (0)    3 :  0.246 0.253 0.228 0.273 
940 CP00016185    (0)    3 :  0.253 0.259 0.253 0.235 
941 CP00016053    (0)    3 :  0.249 0.251 0.244 0.256 
942 CP00016044    (0)    1 :  0.249 0.252 0.239 0.260 
943 CP00016173    (0)    3 :  0.254 0.258 0.257 0.231 
944 CP00016213    (0)    3 :  0.253 0.248 0.255 0.244 
945 CP00016043    (0)    1 :  0.240 0.246 0.244 0.270 
946 CP00016196    (0)    3 :  0.256 0.254 0.256 0.234 
947 CP00016034    (0)    3 :  0.246 0.250 0.238 0.265 
948 CP00016182    (0)    3 :  0.248 0.250 0.256 0.246 
949 CP00016042    (0)    1 :  0.257 0.258 0.250 0.235 
950 CP00016002    (0)    1 :  0.240 0.245 0.245 0.270 
951 CP00016006    (0)    1 :  0.250 0.249 0.256 0.246 
952 CP00016005    (0)    1 :  0.243 0.235 0.254 0.269 
953 CP00016019    (0)    1 :  0.245 0.253 0.244 0.258 
954 CP00016190    (0)    3 :  0.243 0.236 0.255 0.266 
955 CP00016036    (0)    3 :  0.255 0.257 0.255 0.233 
956 CP00016008    (0)    1 :  0.251 0.247 0.260 0.243 
957 CP00016183    (0)    3 :  0.249 0.256 0.229 0.266 
958 CP00016208    (0)    3 :  0.250 0.254 0.250 0.247 
959 CP00016203    (0)    3 :  0.254 0.260 0.235 0.251 
960 CP00016172    (0)    3 :  0.256 0.257 0.251 0.237 
961 CP00016194    (0)    3 :  0.250 0.249 0.251 0.250 
962 CP00016218    (0)    3 :  0.242 0.228 0.283 0.246 
963 CP00016205    (0)    3 :  0.260 0.261 0.254 0.225 
964 CP00016050    (0)    3 :  0.251 0.244 0.257 0.249 
965 CP00016199    (0)    3 :  0.249 0.246 0.257 0.248 
966 CP00016201    (0)    3 :  0.254 0.258 0.242 0.247 
967 CP00016200    (0)    3 :  0.257 0.257 0.247 0.240 
968 CP00016004    (0)    1 :  0.248 0.250 0.240 0.262 
969 CP00016032    (0)    3 :  0.259 0.271 0.245 0.225 
970 CP00016195    (0)    3 :  0.246 0.251 0.241 0.262 
971 CP00016033    (0)    3 :  0.252 0.246 0.246 0.257 
972 CP00016012    (0)    1 :  0.253 0.257 0.248 0.243 
973 CP00016192    (0)    3 :  0.251 0.245 0.254 0.250 
974 CP00016217    (0)    3 :  0.256 0.258 0.245 0.241 
975 CP00016007    (0)    1 :  0.243 0.247 0.240 0.269 
976 CP00016191    (0)    3 :  0.245 0.248 0.243 0.265 
977 CP00016013    (0)    1 :  0.258 0.269 0.244 0.228 
978 CP00016204    (0)    3 :  0.237 0.230 0.260 0.272 
979 CP00016016    (0)    1 :  0.245 0.238 0.261 0.256 
980 CP00016206    (0)    3 :  0.254 0.255 0.239 0.252 
981 CP00016202    (0)    3 :  0.257 0.260 0.238 0.244 
982 CP00016009    (0)    1 :  0.250 0.255 0.244 0.251 
983 CP00016018    (0)    1 :  0.252 0.253 0.268 0.227 
984 CP00016052    (0)    3 :  0.253 0.252 0.262 0.234 
985 CP00016035    (0)    3 :  0.252 0.249 0.255 0.244 
986 CP00016054    (0)    3 :  0.249 0.249 0.235 0.267 
987 CP00016037    (0)    3 :  0.255 0.265 0.239 0.241 
988 CP00016039    (0)    3 :  0.250 0.263 0.227 0.260 
989 CP00016047    (0)    3 :  0.246 0.244 0.254 0.255 
990 CP00016048    (0)    3 :  0.254 0.257 0.249 0.240 
991 CP00016179    (0)    3 :  0.245 0.244 0.249 0.261 
992 CP00016180    (3)    3 :  0.252 0.255 0.247 0.246 
993 CP00016057    (0)    3 :  0.251 0.245 0.248 0.256 
994 CP00016189    (0)    3 :  0.249 0.251 0.241 0.259 
995 CP00016210    (0)    3 :  0.245 0.234 0.265 0.256 
996 CP00016209    (0)    3 :  0.240 0.240 0.249 0.271 
997 CP00016220    (0)    3 :  0.248 0.252 0.233 0.267 
998 CP00016198    (0)    3 :  0.246 0.248 0.241 0.264 
999 CP00016003    (0)    1 :  0.244 0.251 0.230 0.275 
1000 CP00016207    (0)    3 :  0.248 0.252 0.239 0.261 
1001 CP00016014    (0)    1 :  0.252 0.256 0.253 0.239 
1002 CP00016045    (0)    1 :  0.248 0.249 0.245 0.258 
1003 CP00016187    (0)    3 :  0.258 0.258 0.249 0.236 
1004 CP00016186    (0)    3 :  0.253 0.242 0.276 0.230 
1005 CP00016188    (0)    3 :  0.252 0.251 0.254 0.243 
1006 CP00016046    (0)    3 :  0.253 0.257 0.265 0.225 
1007 CP00016011    (0)    1 :  0.250 0.252 0.259 0.239 
1008 CP00016041    (0)    1 :  0.251 0.250 0.260 0.239 
1009 CP00016171    (0)    3 :  0.252 0.254 0.243 0.251 
1010 CP00016219    (0)    3 :  0.245 0.245 0.253 0.256 
1011 CP00016031    (0)    3 :  0.243 0.243 0.259 0.254 
1012 CP00016193    (0)    3 :  0.251 0.242 0.278 0.229 
1013 CP00016229    (0)    2 :  0.257 0.252 0.257 0.233 
1014 CP00015060    (0)    2 :  0.251 0.252 0.259 0.238 
1015 CP00016251    (0)    2 :  0.252 0.248 0.248 0.252 
1016 CP00015026    (0)    2 :  0.251 0.235 0.287 0.228 
1017 CP00015055    (0)    2 :  0.253 0.253 0.265 0.230 
1018 CP00016240    (0)    1 :  0.241 0.244 0.239 0.275 
1019 CP00016266    (0)    1 :  0.258 0.259 0.251 0.232 
1020 CP00016257    (0)    2 :  0.247 0.252 0.230 0.271 
1021 CP00015024    (0)    2 :  0.248 0.252 0.238 0.263 
1022 CP00015025    (0)    2 :  0.240 0.237 0.238 0.285 
1023 CP00049493    (0)    2 :  0.245 0.245 0.241 0.268 
1024 CP00016252    (0)    2 :  0.253 0.252 0.259 0.236 
1025 CP00015040    (0)    2 :  0.253 0.251 0.256 0.240 
1026 CP00015058    (0)    1 :  0.249 0.250 0.253 0.249 
1027 CP00049491    (0)    1 :  0.248 0.252 0.243 0.258 
1028 CP00015046    (0)    1 :  0.247 0.237 0.258 0.258 
1029 CP00015028    (0)    1 :  0.250 0.242 0.263 0.245 
1030 CP00015047    (0)    1 :  0.252 0.253 0.250 0.244 
1031 CP00016226    (0)    1 :  0.236 0.238 0.236 0.290 
1032 CP00016238    (0)    1 :  0.248 0.247 0.261 0.244 
1033 CP00016248    (0)    1 :  0.248 0.250 0.252 0.249 
1034 CP00015041    (0)    1 :  0.247 0.246 0.253 0.253 
1035 CP00049496    (0)    1 :  0.250 0.254 0.249 0.247 
1036 CP00015037    (0)    1 :  0.248 0.244 0.252 0.255 
1037 CP00015048    (0)    1 :  0.257 0.258 0.244 0.241 
1038 CP00016250    (0)    1 :  0.247 0.246 0.251 0.256 
1039 CP00015051    (0)    1 :  0.243 0.236 0.251 0.269 
1040 CP00016230    (0)    1 :  0.250 0.250 0.260 0.240 
1041 CP00015027    (0)    1 :  0.245 0.246 0.243 0.266 
1042 CP00049498    (0)    1 :  0.258 0.255 0.251 0.236 
1043 CP00016237    (0)    1 :  0.244 0.244 0.249 0.262 
1044 CP00016270    (0)    1 :  0.251 0.260 0.247 0.241 
1045 CP00015031    (0)    1 :  0.240 0.240 0.235 0.285 
1046 CP00016267    (0)    1 :  0.258 0.259 0.245 0.238 
1047 CP00016265    (0)    1 :  0.253 0.256 0.252 0.238 
1048 CP00016247    (0)    1 :  0.253 0.260 0.234 0.253 
1049 CP00015043    (0)    1 :  0.254 0.254 0.259 0.234 
1050 CP00016262    (0)    1 :  0.249 0.251 0.234 0.266 
1051 CP00016264    (0)    1 :  0.255 0.254 0.264 0.227 
1052 CP00049495    (0)    1 :  0.254 0.258 0.244 0.244 
1053 CP00016263    (0)    3 :  0.250 0.251 0.244 0.255 
1054 CP00015032    (0)    1 :  0.251 0.245 0.255 0.249 
1055 CP00015023    (0)    1 :  0.252 0.247 0.246 0.255 
1056 CP00016234    (0)    1 :  0.253 0.249 0.266 0.231 
1057 CP00015050    (0)    1 :  0.251 0.243 0.270 0.236 
1058 CP00015044    (0)    1 :  0.246 0.247 0.248 0.259 
1059 CP00015049    (0)    1 :  0.250 0.253 0.254 0.243 
1060 CP00016255    (0)    1 :  0.255 0.254 0.254 0.236 
1061 CP00016242    (0)    1 :  0.242 0.239 0.231 0.288 
1062 CP00049499    (0)    1 :  0.248 0.248 0.261 0.243 
1063 CP00016258    (0)    1 :  0.243 0.233 0.263 0.262 
1064 CP00016223    (0)    1 :  0.254 0.256 0.256 0.233 
1065 CP00015038    (0)    1 :  0.258 0.266 0.238 0.238 
1066 CP00016268    (0)    1 :  0.256 0.247 0.257 0.239 
1067 CP00049494    (0)    1 :  0.252 0.248 0.258 0.242 
1068 CP00016243    (0)    1 :  0.245 0.246 0.250 0.259 
1069 CP00016241    (0)    1 :  0.252 0.253 0.261 0.233 
1070 CP00016244    (0)    1 :  0.256 0.268 0.236 0.240 
1071 CP00015034    (0)    1 :  0.250 0.244 0.259 0.247 
1072 CP00016259    (0)    1 :  0.241 0.239 0.243 0.278 
1073 CP00016249    (0)    1 :  0.247 0.252 0.238 0.262 
1074 CP00015033    (0)    1 :  0.253 0.248 0.260 0.239 
1075 CP00015035    (0)    1 :  0.244 0.244 0.249 0.264 
1076 CP00015036    (0)    1 :  0.256 0.254 0.258 0.232 
1077 CP00016269    (0)    1 :  0.247 0.246 0.240 0.267 
1078 CP00049500    (0)    1 :  0.257 0.264 0.236 0.243 
1079 CP00015029    (0)    1 :  0.254 0.250 0.249 0.247 
1080 CP00015030    (0)    1 :  0.249 0.244 0.252 0.255 
1081 CP00016261    (0)    1 :  0.256 0.257 0.253 0.233 
1082 CP00015059    (0)    1 :  0.243 0.245 0.242 0.270 
1083 CP00016256    (0)    1 :  0.254 0.255 0.239 0.252 
1084 CP00015045    (0)    1 :  0.247 0.246 0.243 0.264 
1085 CP00015054    (0)    1 :  0.252 0.255 0.240 0.253 
1086 CP00015052    (0)    1 :  0.240 0.233 0.251 0.275 
1087 CP00015053    (0)    1 :  0.257 0.260 0.253 0.230 
1088 CP00016239    (0)    1 :  0.244 0.245 0.245 0.267 
1089 CP00015057    (0)    1 :  0.253 0.252 0.253 0.242 
1090 CP00016246    (0)    1 :  0.252 0.255 0.243 0.250 
1091 CP00016221    (0)    1 :  0.255 0.256 0.253 0.236 
1092 CP00016225    (0)    1 :  0.249 0.250 0.237 0.265 
1093 CP00016222    (0)    1 :  0.244 0.249 0.243 0.264 
1094 CP00016224    (0)    1 :  0.249 0.249 0.251 0.251 
1095 CP00016232    (0)    1 :  0.244 0.245 0.245 0.265 
1096 CP00016236    (0)    1 :  0.253 0.255 0.248 0.245 
1097 CP00015021    (0)    1 :  0.242 0.245 0.257 0.256 
1098 CP00015039    (0)    1 :  0.247 0.236 0.260 0.258 
1099 CP00016260    (0)    1 :  0.255 0.250 0.258 0.236 
1100 CP00016253    (0)    3 :  0.253 0.259 0.251 0.237 
1101 CP00016254    (0)    1 :  0.247 0.248 0.242 0.263 
1102 CP00049492    (0)    1 :  0.249 0.250 0.246 0.254 
1103 CP00016331    (0)    3 :  0.250 0.248 0.251 0.251 
1104 CP00016359    (0)    3 :  0.253 0.249 0.263 0.234 
1105 CP00016327    (0)    3 :  0.252 0.248 0.254 0.246 
1106 CP00016506    (0)    3 :  0.252 0.255 0.241 0.251 
1107 CP00016490    (0)    3 :  0.250 0.243 0.258 0.249 
1108 CP00016342    (0)    3 :  0.255 0.256 0.250 0.240 
1109 CP00016473    (0)    3 :  0.245 0.246 0.246 0.262 
1110 CP00016520    (0)    3 :  0.256 0.260 0.241 0.243 
1111 CP00016471    (0)    3 :  0.251 0.250 0.258 0.241 
1112 CP00016491    (0)    3 :  0.241 0.234 0.245 0.279 
1113 CP00016481    (0)    3 :  0.254 0.248 0.260 0.238 
1114 CP00016482    (0)    3 :  0.254 0.247 0.265 0.234 
1115 CP00016343    (0)    3 :  0.252 0.249 0.254 0.245 
1116 CP00016324    (0)    3 :  0.255 0.257 0.257 0.231 
1117 CP00016362    (0)    3 :  0.251 0.247 0.251 0.251 
1118 CP00016505    (0)    3 :  0.260 0.263 0.252 0.225 
1119 CP00016503    (0)    3 :  0.244 0.255 0.226 0.275 
1120 CP00016370    (0)    3 :  0.239 0.238 0.233 0.289 
1121 CP00016336    (0)    3 :  0.241 0.239 0.245 0.275 
1122 CP00016363    (0)    3 :  0.253 0.250 0.252 0.245 
1123 CP00016322    (0)    3 :  0.249 0.253 0.241 0.257 
1124 CP00016499    (0)    3 :  0.238 0.231 0.262 0.269 
1125 CP00016339    (0)    3 :  0.249 0.251 0.244 0.255 
1126 CP00016476    (0)    3 :  0.243 0.243 0.240 0.275 
1127 CP00016360    (0)    3 :  0.247 0.240 0.249 0.263 
1128 CP00016332    (0)    3 :  0.254 0.263 0.239 0.245 
1129 CP00016474    (0)    3 :  0.251 0.252 0.246 0.251 
1130 CP00016344    (0)    3 :  0.242 0.242 0.244 0.272 
1131 CP00016496    (0)    3 :  0.253 0.258 0.244 0.245 
1132 CP00016485    (0)    3 :  0.247 0.246 0.239 0.267 
1133 CP00016494    (0)    3 :  0.253 0.256 0.243 0.248 
1134 CP00016495    (0)    3 :  0.242 0.234 0.261 0.263 
1135 CP00016323    (0)    3 :  0.255 0.259 0.245 0.240 
1136 CP00016358    (0)    3 :  0.256 0.257 0.254 0.233 
1137 CP00016508    (0)    3 :  0.247 0.250 0.239 0.263 
1138 CP00016484    (0)    3 :  0.246 0.241 0.244 0.269 
1139 CP00016487    (0)    3 :  0.250 0.245 0.264 0.240 
1140 CP00016519    (0)    3 :  0.246 0.246 0.257 0.251 
1141 CP00016500    (0)    3 :  0.252 0.258 0.224 0.266 
1142 CP00016498    (0)    3 :  0.260 0.269 0.240 0.231 
1143 CP00016341    (0)    3 :  0.248 0.250 0.253 0.249 
1144 CP00016369    (0)    3 :  0.250 0.245 0.246 0.259 
1145 CP00016357    (0)    3 :  0.256 0.259 0.248 0.237 
1146 CP00016497    (0)    3 :  0.247 0.250 0.233 0.270 
1147 CP00016366    (0)    3 :  0.245 0.239 0.260 0.256 
1148 CP00016333    (0)    3 :  0.252 0.252 0.239 0.257 
1149 CP00016334    (0)    3 :  0.237 0.233 0.250 0.280 
1150 CP00016483    (0)    3 :  0.256 0.262 0.242 0.240 
1151 CP00016486    (0)    3 :  0.240 0.239 0.241 0.279 
1152 CP00016478    (0)    3 :  0.255 0.252 0.250 0.243 
1153 CP00016367    (0)    3 :  0.251 0.250 0.258 0.241 
1154 CP00016345    (0)    3 :  0.247 0.250 0.244 0.259 
1155 CP00016501    (0)    3 :  0.254 0.256 0.242 0.248 
1156 CP00016480    (0)    3 :  0.251 0.258 0.252 0.240 
1157 CP00016330    (0)    3 :  0.253 0.259 0.233 0.255 
1158 CP00016328    (0)    3 :  0.251 0.246 0.257 0.246 
1159 CP00016337    (0)    3 :  0.250 0.259 0.238 0.253 
1160 CP00016364    (0)    3 :  0.253 0.250 0.258 0.239 
1161 CP00016489    (0)    3 :  0.253 0.260 0.248 0.238 
1162 CP00016338    (0)    3 :  0.250 0.244 0.257 0.249 
1163 CP00016346    (0)    3 :  0.253 0.253 0.254 0.240 
1164 CP00016493    (0)    3 :  0.244 0.239 0.244 0.273 
1165 CP00016492    (0)    3 :  0.251 0.252 0.231 0.266 
1166 CP00016354    (0)    3 :  0.243 0.236 0.261 0.260 
1167 CP00016329    (0)    3 :  0.244 0.240 0.247 0.269 
1168 CP00016502    (0)    3 :  0.239 0.236 0.242 0.283 
1169 CP00016326    (0)    3 :  0.243 0.241 0.245 0.271 
1170 CP00016349    (0)    3 :  0.251 0.247 0.253 0.249 
1171 CP00016368    (0)    3 :  0.256 0.255 0.261 0.228 
1172 CP00016365    (0)    3 :  0.254 0.251 0.250 0.245 
1173 CP00016321    (0)    3 :  0.256 0.252 0.258 0.234 
1174 CP00016477    (0)    3 :  0.245 0.245 0.241 0.269 
1175 CP00016361    (0)    3 :  0.250 0.246 0.258 0.247 
1176 CP00016512    (0)    3 :  0.249 0.250 0.240 0.261 
1177 CP00016515    (0)    3 :  0.243 0.235 0.263 0.259 
1178 CP00016353    (0)    3 :  0.250 0.254 0.250 0.246 
1179 CP00016516    (0)    3 :  0.258 0.250 0.266 0.226 
1180 CP00016513    (0)    3 :  0.250 0.252 0.245 0.253 
1181 CP00016517    (0)    3 :  0.254 0.256 0.249 0.241 
1182 CP00016352    (0)    3 :  0.249 0.246 0.250 0.256 
1183 CP00016325    (0)    3 :  0.248 0.243 0.257 0.252 
1184 CP00016475    (0)    3 :  0.251 0.250 0.249 0.250 
1185 CP00016340    (0)    3 :  0.246 0.248 0.241 0.265 
1186 CP00016355    (0)    3 :  0.245 0.245 0.252 0.258 
1187 CP00016511    (0)    3 :  0.245 0.246 0.249 0.261 
1188 CP00016351    (0)    3 :  0.251 0.249 0.257 0.242 
1189 CP00016507    (0)    3 :  0.247 0.247 0.249 0.257 
1190 CP00016479    (0)    3 :  0.252 0.243 0.265 0.240 
1191 CP00016504    (0)    3 :  0.252 0.255 0.234 0.259 
1192 CP00016472    (0)    3 :  0.254 0.257 0.248 0.241 
1193 CP00016488    (3)    3 :  0.247 0.255 0.256 0.242 
1194 CP00016514    (0)    3 :  0.245 0.247 0.245 0.263 
1195 CP00016347    (0)    3 :  0.244 0.239 0.249 0.268 
1196 CP00016348    (0)    3 :  0.253 0.254 0.239 0.254 
1197 CP00016510    (0)    3 :  0.244 0.238 0.257 0.261 
1198 CP00016350    (0)    3 :  0.255 0.259 0.245 0.240 
1199 CP00016518    (0)    3 :  0.254 0.257 0.248 0.242 
1200 CP00016509    (0)    3 :  0.258 0.264 0.249 0.229 
1201 CP00015888    (0)    3 :  0.251 0.241 0.262 0.245 
1202 CP00015759    (0)    3 :  0.245 0.238 0.258 0.259 
1203 CP00015760    (0)    3 :  0.255 0.255 0.252 0.238 
1204 CP00015918    (0)    3 :  0.241 0.243 0.229 0.287 
1205 CP00015756    (0)    3 :  0.247 0.246 0.244 0.263 
1206 CP00015880    (0)    3 :  0.254 0.255 0.249 0.242 
1207 CP00015916    (0)    3 :  0.257 0.260 0.244 0.239 
1208 CP00015753    (0)    3 :  0.260 0.261 0.247 0.232 
1209 CP00015885    (0)    3 :  0.250 0.250 0.259 0.241 
1210 CP00015896    (0)    3 :  0.243 0.241 0.259 0.257 
1211 CP00015899    (0)    3 :  0.242 0.246 0.242 0.270 
1212 CP00015909    (0)    3 :  0.250 0.243 0.270 0.237 
1213 CP00015894    (0)    3 :  0.253 0.253 0.243 0.251 
1214 CP00015724    (0)    3 :  0.245 0.247 0.250 0.257 
1215 CP00015906    (0)    3 :  0.254 0.250 0.263 0.233 
1216 CP00015734    (3)    3 :  0.248 0.245 0.254 0.253 
1217 CP00015764    (0)    3 :  0.240 0.238 0.244 0.278 
1218 CP00015897    (0)    3 :  0.252 0.253 0.242 0.253 
1219 CP00015758    (0)    3 :  0.250 0.242 0.265 0.243 
1220 CP00015920    (0)    3 :  0.255 0.257 0.241 0.247 
1221 CP00015889    (0)    3 :  0.255 0.261 0.253 0.231 
1222 CP00015919    (0)    3 :  0.244 0.240 0.240 0.276 
1223 CP00015912    (0)    3 :  0.252 0.256 0.240 0.253 
1224 CP00015913    (0)    3 :  0.251 0.259 0.245 0.245 
1225 CP00015872    (0)    3 :  0.241 0.232 0.256 0.271 
1226 CP00015911    (0)    3 :  0.250 0.251 0.245 0.254 
1227 CP00015908    (0)    3 :  0.255 0.253 0.250 0.242 
1228 CP00015901    (0)    3 :  0.248 0.244 0.252 0.256 
1229 CP00015892    (3)    3 :  0.251 0.255 0.250 0.244 
1230 CP00015883    (0)    3 :  0.254 0.251 0.261 0.234 
1231 CP00015910    (0)    3 :  0.249 0.240 0.263 0.249 
1232 CP00015884    (0)    3 :  0.243 0.251 0.242 0.264 
1233 CP00015875    (0)    3 :  0.245 0.242 0.255 0.258 
1234 CP00015879    (0)    3 :  0.252 0.257 0.244 0.247 
1235 CP00015905    (0)    3 :  0.245 0.246 0.256 0.252 
1236 CP00015891    (0)    3 :  0.242 0.238 0.241 0.279 
1237 CP00015740    (0)    3 :  0.252 0.255 0.247 0.247 
1238 CP00015766    (0)    3 :  0.245 0.249 0.231 0.275 
1239 CP00015763    (0)    3 :  0.258 0.258 0.254 0.229 
1240 CP00015762    (0)    3 :  0.240 0.240 0.240 0.280 
1241 CP00015761    (0)    3 :  0.245 0.241 0.252 0.261 
1242 CP00015743    (0)    3 :  0.248 0.251 0.250 0.251 
1243 CP00015878    (0)    3 :  0.251 0.256 0.250 0.243 
1244 CP00015748    (0)    3 :  0.241 0.243 0.246 0.270 
1245 CP00015737    (0)    3 :  0.236 0.229 0.254 0.281 
1246 CP00015768    (0)    3 :  0.255 0.249 0.264 0.232 
1247 CP00015767    (0)    3 :  0.254 0.263 0.238 0.245 
1248 CP00015746    (0)    3 :  0.246 0.238 0.264 0.253 
1249 CP00015893    (0)    3 :  0.254 0.247 0.273 0.225 
1250 CP00015741    (0)    3 :  0.251 0.254 0.237 0.258 
1251 CP00015757    (0)    3 :  0.248 0.253 0.237 0.262 
1252 CP00015739    (0)    3 :  0.252 0.254 0.246 0.248 
1253 CP00015751    (0)    3 :  0.254 0.264 0.226 0.257 
1254 CP00015745    (0)    3 :  0.255 0.257 0.238 0.250 
1255 CP00015747    (0)    3 :  0.248 0.245 0.256 0.252 
1256 CP00015754    (0)    3 :  0.243 0.243 0.232 0.282 
1257 CP00015873    (0)    3 :  0.249 0.249 0.249 0.253 
1258 CP00015881    (0)    3 :  0.247 0.244 0.251 0.259 
1259 CP00015877    (0)    3 :  0.254 0.247 0.262 0.237 
1260 CP00015915    (0)    3 :  0.251 0.247 0.253 0.249 
1261 CP00015904    (0)    3 :  0.253 0.257 0.241 0.249 
1262 CP00015900    (0)    3 :  0.257 0.251 0.254 0.238 
1263 CP00015907    (0)    3 :  0.254 0.255 0.258 0.233 
1264 CP00015742    (0)    3 :  0.237 0.238 0.233 0.292 
1265 CP00015738    (0)    3 :  0.255 0.258 0.258 0.229 
1266 CP00015727    (0)    3 :  0.251 0.253 0.244 0.252 
1267 CP00015728    (0)    3 :  0.260 0.257 0.251 0.232 
1268 CP00015726    (0)    3 :  0.244 0.239 0.257 0.260 
1269 CP00015914    (0)    3 :  0.253 0.251 0.241 0.256 
1270 CP00015769    (0)    3 :  0.252 0.254 0.249 0.245 
1271 CP00015770    (0)    3 :  0.255 0.249 0.257 0.240 
1272 CP00015750    (0)    3 :  0.257 0.255 0.267 0.220 
1273 CP00015749    (0)    3 :  0.252 0.252 0.243 0.252 
1274 CP00015721    (0)    3 :  0.249 0.249 0.247 0.256 
1275 CP00015735    (0)    3 :  0.250 0.252 0.257 0.241 
1276 CP00015732    (0)    3 :  0.250 0.249 0.257 0.244 
1277 CP00015723    (0)    3 :  0.251 0.245 0.264 0.239 
1278 CP00015729    (0)    3 :  0.252 0.245 0.269 0.235 
1279 CP00015736    (0)    3 :  0.248 0.243 0.266 0.242 
1280 CP00015725    (0)    3 :  0.248 0.248 0.246 0.258 
1281 CP00015886    (0)    3 :  0.248 0.245 0.247 0.260 
1282 CP00015722    (0)    3 :  0.249 0.247 0.263 0.241 
1283 CP00015731    (0)    3 :  0.253 0.252 0.252 0.242 
1284 CP00015730    (0)    3 :  0.247 0.241 0.278 0.233 
1285 CP00015752    (0)    3 :  0.252 0.251 0.255 0.242 
1286 CP00015890    (0)    3 :  0.257 0.261 0.249 0.233 
1287 CP00015876    (0)    3 :  0.252 0.250 0.260 0.238 
1288 CP00015887    (0)    3 :  0.250 0.255 0.254 0.241 
1289 CP00015882    (0)    3 :  0.242 0.245 0.253 0.260 
1290 CP00015765    (0)    3 :  0.245 0.247 0.251 0.256 
1291 CP00015744    (0)    3 :  0.243 0.237 0.248 0.271 
1292 CP00015104    (0)    1 :  0.256 0.255 0.245 0.244 
1293 CP00015100    (0)    1 :  0.236 0.235 0.231 0.298 
1294 CP00015000    (0)    1 :  0.250 0.250 0.247 0.252 
1295 CP00015119    (0)    1 :  0.253 0.250 0.248 0.248 
1296 CP00015016    (0)    1 :  0.260 0.265 0.243 0.232 
1297 CP00015078    (0)    1 :  0.259 0.263 0.244 0.234 
1298 CP00015076    (0)    1 :  0.247 0.247 0.234 0.272 
1299 CP00015084    (0)    1 :  0.252 0.258 0.245 0.246 
1300 CP00015091    (0)    1 :  0.253 0.249 0.252 0.246 
1301 CP00015013    (0)    1 :  0.255 0.254 0.254 0.238 
1302 CP00015009    (0)    1 :  0.249 0.246 0.244 0.261 
1303 CP00015082    (0)    1 :  0.256 0.261 0.243 0.240 
1304 CP00014983    (0)    1 :  0.250 0.247 0.259 0.244 
1305 CP00015072    (0)    1 :  0.252 0.252 0.268 0.227 
1306 CP00015086    (0)    1 :  0.246 0.247 0.251 0.255 
1307 CP00015073    (0)    1 :  0.259 0.265 0.241 0.235 
1308 CP00015077    (0)    1 :  0.249 0.251 0.242 0.258 
1309 CP00014973    (0)    1 :  0.258 0.251 0.257 0.234 
1310 CP00015015    (0)    1 :  0.255 0.254 0.255 0.236 
1311 CP00014975    (0)    1 :  0.244 0.243 0.247 0.267 
1312 CP00014979    (0)    1 :  0.252 0.248 0.258 0.243 
1313 CP00014980    (0)    1 :  0.245 0.237 0.258 0.259 
1314 CP00015111    (0)    1 :  0.255 0.248 0.254 0.243 
1315 CP00015090    (0)    1 :  0.246 0.244 0.259 0.250 
1316 CP00015098    (0)    1 :  0.253 0.253 0.243 0.251 
1317 CP00015005    (0)    1 :  0.245 0.252 0.243 0.260 
1318 CP00015109    (0)    1 :  0.246 0.248 0.241 0.264 
1319 CP00015114    (0)    1 :  0.245 0.246 0.247 0.262 
1320 CP00015007    (0)    1 :  0.248 0.254 0.241 0.257 
1321 CP00015006    (0)    1 :  0.253 0.252 0.252 0.243 
1322 CP00014974    (0)    1 :  0.251 0.254 0.245 0.249 
1323 CP00015096    (0)    1 :  0.243 0.243 0.242 0.272 
1324 CP00015112    (0)    1 :  0.245 0.246 0.259 0.250 
1325 CP00015002    (0)    1 :  0.253 0.248 0.278 0.222 
1326 CP00015113    (0)    1 :  0.253 0.263 0.245 0.239 
1327 CP00015010    (0)    1 :  0.254 0.258 0.251 0.237 
1328 CP00015019    (0)    1 :  0.247 0.250 0.245 0.258 
1329 CP00015120    (0)    1 :  0.239 0.228 0.270 0.262 
1330 CP00015107    (0)    1 :  0.256 0.255 0.252 0.237 
1331 CP00015081    (0)    1 :  0.259 0.267 0.240 0.234 
1332 CP00015071    (0)    1 :  0.256 0.256 0.259 0.229 
1333 CP00015087    (0)    1 :  0.252 0.259 0.243 0.246 
1334 CP00015093    (3)    1 :  0.251 0.253 0.246 0.250 
1335 CP00015102    (0)    1 :  0.252 0.242 0.267 0.239 
1336 CP00015101    (0)    1 :  0.251 0.250 0.256 0.243 
1337 CP00014982    (0)    1 :  0.253 0.248 0.263 0.236 
1338 CP00014990    (0)    1 :  0.257 0.260 0.254 0.230 
1339 CP00015088    (0)    1 :  0.258 0.264 0.242 0.237 
1340 CP00014995    (0)    1 :  0.249 0.239 0.275 0.237 
1341 CP00015003    (0)    1 :  0.246 0.247 0.242 0.265 
1342 CP00015097    (0)    1 :  0.258 0.264 0.249 0.229 
1343 CP00014972    (0)    1 :  0.261 0.266 0.236 0.237 
1344 CP00015106    (0)    1 :  0.252 0.252 0.253 0.242 
1345 CP00015095    (0)    1 :  0.253 0.250 0.253 0.244 
1346 CP00014998    (0)    1 :  0.242 0.245 0.240 0.273 
1347 CP00014985    (0)    1 :  0.252 0.244 0.262 0.242 
1348 CP00014986    (0)    1 :  0.250 0.250 0.254 0.245 
1349 CP00014999    (0)    1 :  0.251 0.247 0.264 0.238 
1350 CP00014984    (0)    1 :  0.248 0.249 0.258 0.245 
1351 CP00015117    (0)    1 :  0.255 0.263 0.244 0.238 
1352 CP00015099    (0)    1 :  0.250 0.243 0.259 0.248 
1353 CP00015110    (0)    1 :  0.252 0.249 0.247 0.251 
1354 CP00015115    (0)    1 :  0.248 0.250 0.247 0.255 
1355 CP00015080    (0)    1 :  0.256 0.264 0.237 0.242 
1356 CP00015012    (0)    1 :  0.252 0.254 0.259 0.234 
1357 CP00014994    (0)    1 :  0.248 0.242 0.260 0.250 
1358 CP00015001    (0)    1 :  0.257 0.266 0.245 0.232 
1359 CP00014992    (0)    1 :  0.237 0.238 0.246 0.279 
1360 CP00015074    (0)    1 :  0.257 0.263 0.234 0.246 
1361 CP00014991    (0)    1 :  0.249 0.248 0.253 0.250 
1362 CP00014981    (0)    1 :  0.253 0.249 0.253 0.245 
1363 CP00014977    (0)    1 :  0.248 0.247 0.249 0.255 
1364 CP00014976    (0)    1 :  0.244 0.245 0.250 0.260 
1365 CP00014993    (0)    1 :  0.252 0.258 0.248 0.242 
1366 CP00014971    (0)    1 :  0.256 0.253 0.251 0.240 
1367 CP00015020    (0)    1 :  0.256 0.259 0.246 0.239 
1368 CP00015004    (0)    1 :  0.253 0.258 0.237 0.252 
1369 CP00015103    (0)    1 :  0.244 0.238 0.254 0.263 
1370 CP00015116    (0)    1 :  0.241 0.242 0.248 0.270 
1371 CP00015118    (0)    1 :  0.259 0.263 0.239 0.239 
1372 CP00014996    (0)    1 :  0.249 0.251 0.262 0.239 
1373 CP00015079    (0)    1 :  0.262 0.269 0.238 0.232 
1374 CP00015094    (0)    1 :  0.254 0.250 0.256 0.240 
1375 CP00015085    (0)    1 :  0.245 0.243 0.254 0.258 
1376 CP00015083    (0)    1 :  0.260 0.264 0.247 0.230 
1377 CP00015092    (0)    1 :  0.247 0.259 0.239 0.255 
1378 CP00018197    (0)    1 :  0.250 0.258 0.246 0.246 
1379 CP00018136    (0)    1 :  0.246 0.245 0.239 0.270 
1380 CP00018190    (0)    1 :  0.253 0.252 0.237 0.257 
1381 CP00018139    (0)    1 :  0.244 0.250 0.238 0.268 
1382 CP00018207    (0)    1 :  0.251 0.253 0.240 0.256 
1383 CP00018213    (0)    1 :  0.256 0.249 0.262 0.233 
1384 CP00018163    (0)    1 :  0.244 0.239 0.257 0.260 
1385 CP00018179    (0)    1 :  0.248 0.248 0.264 0.241 
1386 CP00018178    (0)    1 :  0.253 0.263 0.226 0.257 
1387 CP00018144    (0)    1 :  0.259 0.262 0.246 0.233 
1388 CP00018155    (0)    1 :  0.249 0.247 0.246 0.259 
1389 CP00018151    (0)    1 :  0.256 0.266 0.235 0.244 
1390 CP00018180    (0)    1 :  0.247 0.252 0.244 0.257 
1391 CP00018182    (0)    1 :  0.255 0.252 0.260 0.233 
1392 CP00018189    (0)    1 :  0.256 0.254 0.255 0.234 
1393 CP00018217    (0)    1 :  0.244 0.237 0.262 0.257 
1394 CP00018154    (0)    1 :  0.241 0.241 0.242 0.276 
1395 CP00018158    (0)    1 :  0.247 0.243 0.256 0.253 
1396 CP00018181    (0)    3 :  0.252 0.265 0.241 0.242 
1397 CP00018208    (0)    1 :  0.252 0.252 0.240 0.257 
1398 CP00018211    (0)    3 :  0.256 0.255 0.253 0.236 
1399 CP00018176    (0)    3 :  0.263 0.267 0.234 0.236 
1400 CP00018128    (0)    3 :  0.248 0.245 0.250 0.258 
1401 CP00018122    (0)    3 :  0.247 0.253 0.252 0.248 
1402 CP00018156    (0)    3 :  0.241 0.235 0.252 0.271 
1403 CP00018126    (3)    3 :  0.249 0.247 0.243 0.261 
1404 CP00018187    (0)    3 :  0.245 0.243 0.247 0.265 
1405 CP00018143    (0)    3 :  0.251 0.249 0.262 0.238 
1406 CP00018188    (0)    3 :  0.243 0.247 0.238 0.271 
1407 CP00018219    (0)    1 :  0.249 0.248 0.259 0.244 
1408 CP00018205    (0)    1 :  0.252 0.251 0.263 0.234 
1409 CP00018124    (0)    1 :  0.251 0.257 0.230 0.263 
1410 CP00018160    (0)    1 :  0.253 0.264 0.238 0.246 
1411 CP00018199    (0)    1 :  0.250 0.257 0.236 0.257 
1412 CP00018137    (0)    1 :  0.255 0.256 0.242 0.247 
1413 CP00018215    (0)    1 :  0.251 0.265 0.241 0.243 
1414 CP00018171    (0)    1 :  0.252 0.259 0.239 0.250 
1415 CP00018157    (0)    1 :  0.246 0.263 0.229 0.262 
1416 CP00018165    (0)    1 :  0.256 0.255 0.253 0.236 
1417 CP00018191    (0)    1 :  0.255 0.253 0.260 0.233 
1418 CP00018141    (0)    1 :  0.249 0.252 0.239 0.259 
1419 CP00018204    (0)    3 :  0.237 0.239 0.240 0.283 
1420 CP00018127    (0)    3 :  0.260 0.266 0.231 0.244 
1421 CP00018194    (0)    1 :  0.249 0.249 0.255 0.247 
1422 CP00018168    (0)    3 :  0.242 0.244 0.238 0.277 
1423 CP00018216    (0)    1 :  0.251 0.256 0.239 0.254 
1424 CP00018192    (0)    1 :  0.251 0.247 0.257 0.245 
1425 CP00018184    (0)    3 :  0.251 0.247 0.255 0.247 
1426 CP00018134    (0)    3 :  0.249 0.244 0.257 0.250 
1427 CP00018142    (0)    3 :  0.254 0.259 0.252 0.235 
1428 CP00018220    (0)    3 :  0.253 0.257 0.240 0.250 
1429 CP00018186    (0)    3 :  0.244 0.232 0.269 0.254 
1430 CP00018131    (0)    3 :  0.245 0.245 0.258 0.252 
1431 CP00018183    (0)    3 :  0.256 0.255 0.256 0.233 
1432 CP00018209    (0)    3 :  0.258 0.258 0.246 0.238 
1433 CP00018193    (0)    1 :  0.254 0.254 0.255 0.238 
1434 CP00018177    (0)    1 :  0.251 0.243 0.267 0.239 
1435 CP00018214    (0)    1 :  0.249 0.244 0.253 0.255 
1436 CP00018145    (0)    3 :  0.247 0.239 0.271 0.243 
1437 CP00018185    (0)    3 :  0.254 0.248 0.260 0.239 
1438 CP00018201    (0)    3 :  0.255 0.252 0.259 0.234 
1439 CP00018153    (0)    3 :  0.246 0.246 0.250 0.258 
1440 CP00018121    (0)    3 :  0.250 0.237 0.281 0.232 
1441 CP00018175    (0)    3 :  0.248 0.251 0.251 0.249 
1442 CP00018146    (0)    3 :  0.243 0.235 0.264 0.258 
1443 CP00018148    (0)    3 :  0.253 0.248 0.272 0.228 
1444 CP00018195    (0)    1 :  0.248 0.249 0.264 0.239 
1445 CP00018132    (0)    3 :  0.250 0.248 0.256 0.246 
1446 CP00018210    (0)    3 :  0.257 0.251 0.256 0.236 
1447 CP00018135    (0)    3 :  0.248 0.241 0.266 0.245 
1448 CP00018164    (0)    3 :  0.252 0.260 0.230 0.258 
1449 CP00018133    (0)    3 :  0.251 0.251 0.241 0.257 
1450 CP00018149    (0)    3 :  0.235 0.229 0.248 0.287 
1451 CP00018170    (0)    3 :  0.250 0.258 0.244 0.248 
1452 CP00018166    (0)    3 :  0.249 0.245 0.250 0.256 
1453 CP00018173    (0)    3 :  0.260 0.260 0.258 0.222 
1454 CP00018212    (0)    1 :  0.251 0.252 0.252 0.245 
1455 CP00018172    (0)    3 :  0.248 0.249 0.254 0.249 
1456 CP00018202    (0)    3 :  0.250 0.251 0.245 0.253 
1457 CP00018125    (0)    3 :  0.241 0.243 0.249 0.267 
1458 CP00018198    (0)    1 :  0.255 0.251 0.265 0.229 
1459 CP00018129    (0)    3 :  0.255 0.256 0.259 0.230 
1460 CP00018140    (0)    3 :  0.254 0.256 0.245 0.245 
1461 CP00018196    (0)    1 :  0.252 0.248 0.255 0.244 
1462 CP00018218    (0)    1 :  0.251 0.255 0.246 0.248 
1463 CP00017467    (0)    3 :  0.256 0.259 0.241 0.243 
1464 CP00017499    (0)    3 :  0.249 0.244 0.253 0.253 
1465 CP00017430    (0)    3 :  0.254 0.256 0.251 0.239 
1466 CP00017510    (0)    3 :  0.258 0.261 0.255 0.225 
1467 CP00017437    (0)    3 :  0.248 0.245 0.256 0.251 
1468 CP00017429    (0)    3 :  0.251 0.255 0.243 0.251 
1469 CP00017432    (0)    3 :  0.247 0.258 0.236 0.259 
1470 CP00017447    (0)    3 :  0.247 0.249 0.232 0.272 
1471 CP00017442    (0)    3 :  0.245 0.246 0.250 0.259 
1472 CP00017484    (0)    3 :  0.244 0.237 0.253 0.266 
1473 CP00017504    (0)    3 :  0.243 0.243 0.243 0.270 
1474 CP00017423    (0)    3 :  0.253 0.255 0.262 0.230 
1475 CP00017518    (0)    3 :  0.258 0.260 0.249 0.233 
1476 CP00017455    (0)    3 :  0.244 0.236 0.247 0.273 
1477 CP00017497    (0)    3 :  0.238 0.240 0.234 0.287 
1478 CP00017456    (0)    3 :  0.254 0.252 0.253 0.241 
1479 CP00017514    (0)    3 :  0.254 0.256 0.255 0.236 
1480 CP00017489    (0)    3 :  0.249 0.248 0.260 0.242 
1481 CP00017424    (0)    3 :  0.248 0.258 0.234 0.259 
1482 CP00017468    (0)    3 :  0.256 0.253 0.252 0.238 
1483 CP00017511    (0)    3 :  0.249 0.245 0.258 0.248 
1484 CP00017438    (0)    3 :  0.248 0.244 0.264 0.244 
1485 CP00017463    (0)    3 :  0.251 0.250 0.267 0.232 
1486 CP00017469    (0)    3 :  0.237 0.236 0.240 0.288 
1487 CP00017436    (0)    3 :  0.239 0.239 0.234 0.288 
1488 CP00017491    (0)    3 :  0.254 0.255 0.250 0.242 
1489 CP00017452    (0)    3 :  0.249 0.248 0.252 0.251 
1490 CP00017520    (0)    3 :  0.253 0.256 0.255 0.235 
1491 CP00017434    (0)    3 :  0.248 0.247 0.233 0.272 
1492 CP00017472    (0)    3 :  0.242 0.242 0.242 0.274 
1493 CP00017507    (0)    3 :  0.242 0.251 0.228 0.279 
1494 CP00017479    (0)    3 :  0.242 0.243 0.241 0.274 
1495 CP00017475    (0)    3 :  0.252 0.252 0.259 0.237 
1496 CP00017464    (0)    3 :  0.247 0.251 0.236 0.266 
1497 CP00017477    (0)    3 :  0.256 0.249 0.261 0.234 
1498 CP00017500    (0)    3 :  0.247 0.248 0.248 0.257 
1499 CP00017461    (0)    3 :  0.247 0.242 0.258 0.253 
1500 CP00017427    (0)    3 :  0.249 0.255 0.237 0.259 
1501 CP00017444    (0)    3 :  0.246 0.234 0.258 0.261 
1502 CP00017476    (0)    3 :  0.233 0.228 0.235 0.304 
1503 CP00017493    (0)    3 :  0.238 0.236 0.250 0.276 
1504 CP00017440    (0)    3 :  0.252 0.252 0.245 0.251 
1505 CP00017509    (0)    3 :  0.248 0.258 0.232 0.263 
1506 CP00017439    (0)    3 :  0.251 0.251 0.245 0.252 
1507 CP00017428    (0)    3 :  0.243 0.234 0.263 0.260 
1508 CP00017502    (0)    3 :  0.241 0.243 0.237 0.280 
1509 CP00017471    (0)    3 :  0.246 0.246 0.248 0.260 
1510 CP00017459    (0)    3 :  0.252 0.254 0.241 0.254 
1511 CP00017425    (0)    3 :  0.239 0.235 0.250 0.276 
1512 CP00017465    (0)    3 :  0.256 0.257 0.255 0.232 
1513 CP00017516    (0)    3 :  0.245 0.245 0.250 0.260 
1514 CP00017498    (0)    3 :  0.251 0.245 0.256 0.248 
1515 CP00017426    (0)    3 :  0.244 0.251 0.231 0.273 
1516 CP00017481    (0)    3 :  0.249 0.248 0.248 0.255 
1517 CP00017422    (0)    3 :  0.256 0.258 0.247 0.239 
1518 CP00017512    (0)    3 :  0.246 0.243 0.237 0.274 
1519 CP00017460    (0)    3 :  0.252 0.251 0.252 0.245 
1520 CP00017443    (0)    3 :  0.242 0.250 0.229 0.279 
1521 CP00017457    (0)    3 :  0.256 0.257 0.248 0.239 
1522 CP00017446    (0)    3 :  0.258 0.253 0.266 0.224 
1523 CP00017431    (0)    3 :  0.254 0.258 0.247 0.242 
1524 CP00017462    (0)    3 :  0.251 0.249 0.255 0.245 
1525 CP00017445    (0)    3 :  0.252 0.247 0.252 0.249 
1526 CP00017435    (0)    3 :  0.248 0.245 0.257 0.249 
1527 CP00017449    (0)    3 :  0.251 0.241 0.270 0.238 
1528 CP00017454    (0)    3 :  0.251 0.252 0.249 0.248 
1529 CP00017501    (0)    3 :  0.259 0.261 0.245 0.234 
1530 CP00017451    (0)    3 :  0.253 0.247 0.262 0.239 
1531 CP00017490    (0)    3 :  0.246 0.240 0.255 0.259 
1532 CP00017470    (0)    3 :  0.248 0.241 0.254 0.258 
1533 CP00017506    (0)    3 :  0.254 0.256 0.243 0.247 
1534 CP00017466    (0)    3 :  0.254 0.249 0.261 0.235 
1535 CP00017441    (0)    3 :  0.255 0.254 0.251 0.240 
1536 CP00017473    (0)    3 :  0.256 0.259 0.230 0.254 
1537 CP00017453    (0)    3 :  0.246 0.247 0.248 0.259 
1538 CP00017513    (0)    3 :  0.244 0.240 0.257 0.259 
1539 CP00017508    (0)    3 :  0.248 0.248 0.244 0.260 
1540 CP00017505    (0)    3 :  0.244 0.248 0.242 0.265 
1541 CP00017421    (0)    3 :  0.250 0.234 0.289 0.226 
1542 CP00017496    (0)    3 :  0.244 0.236 0.257 0.264 
1543 CP00017433    (0)    3 :  0.246 0.246 0.254 0.254 
1544 CP00017458    (0)    3 :  0.251 0.250 0.252 0.248 
1545 CP00017478    (0)    3 :  0.249 0.247 0.254 0.251 
1546 CP00017492    (0)    3 :  0.243 0.238 0.244 0.275 
1547 CP00017517    (0)    3 :  0.244 0.238 0.255 0.262 
1548 CP00017503    (0)    3 :  0.257 0.265 0.234 0.244 
1549 CP00017694    (0)    2 :  0.236 0.236 0.243 0.285 
1550 CP00017741    (0)    3 :  0.253 0.256 0.256 0.236 
1551 CP00017734    (0)    3 :  0.249 0.248 0.249 0.254 
1552 CP00017717    (0)    1 :  0.254 0.257 0.237 0.251 
1553 CP00017690    (0)    3 :  0.259 0.265 0.246 0.230 
1554 CP00017755    (0)    3 :  0.254 0.264 0.235 0.247 
1555 CP00017712    (0)    3 :  0.252 0.252 0.245 0.250 
1556 CP00017688    (0)    3 :  0.250 0.250 0.256 0.244 
1557 CP00017714    (0)    3 :  0.250 0.262 0.238 0.250 
1558 CP00017680    (0)    3 :  0.255 0.258 0.231 0.256 
1559 CP00017710    (0)    3 :  0.260 0.258 0.241 0.242 
1560 CP00017733    (0)    3 :  0.257 0.257 0.252 0.235 
1561 CP00017682    (0)    3 :  0.250 0.247 0.233 0.269 
1562 CP00017763    (0)    3 :  0.249 0.251 0.249 0.251 
1563 CP00017695    (0)    2 :  0.257 0.259 0.239 0.245 
1564 CP00017730    (0)    3 :  0.249 0.255 0.238 0.258 
1565 CP00017757    (0)    3 :  0.253 0.251 0.262 0.234 
1566 CP00017770    (0)    3 :  0.247 0.248 0.246 0.259 
1567 CP00017697    (0)    2 :  0.258 0.256 0.256 0.230 
1568 CP00017739    (0)    3 :  0.252 0.253 0.254 0.241 
1569 CP00017681    (0)    3 :  0.255 0.254 0.260 0.231 
1570 CP00017685    (0)    3 :  0.248 0.238 0.253 0.261 
1571 CP00017696    (0)    2 :  0.244 0.244 0.252 0.261 
1572 CP00017679    (0)    3 :  0.241 0.244 0.244 0.271 
1573 CP00017766    (0)    3 :  0.248 0.248 0.256 0.249 
1574 CP00017702    (0)    2 :  0.254 0.260 0.241 0.246 
1575 CP00017715    (0)    3 :  0.242 0.240 0.243 0.275 
1576 CP00017676    (0)    3 :  0.250 0.252 0.247 0.251 
1577 CP00017700    (0)    2 :  0.242 0.243 0.232 0.282 
1578 CP00017723    (0)    3 :  0.250 0.242 0.266 0.242 
1579 CP00017724    (0)    3 :  0.248 0.252 0.257 0.243 
1580 CP00017725    (0)    3 :  0.254 0.254 0.260 0.231 
1581 CP00017673    (0)    3 :  0.251 0.247 0.269 0.232 
1582 CP00017735    (0)    3 :  0.254 0.255 0.244 0.247 
1583 CP00017737    (0)    3 :  0.259 0.266 0.247 0.228 
1584 CP00017760    (0)    3 :  0.250 0.244 0.262 0.244 
1585 CP00017731    (0)    3 :  0.245 0.248 0.260 0.247 
1586 CP00017706    (0)    2 :  0.250 0.257 0.239 0.253 
1587 CP00017672    (0)    3 :  0.245 0.242 0.252 0.261 
1588 CP00017769    (0)    3 :  0.262 0.259 0.256 0.223 
1589 CP00017698    (0)    2 :  0.249 0.241 0.256 0.254 
1590 CP00017699    (0)    2 :  0.254 0.248 0.267 0.231 
1591 CP00017683    (0)    3 :  0.243 0.244 0.248 0.265 
1592 CP00017765    (0)    3 :  0.255 0.254 0.252 0.239 
1593 CP00017756    (0)    3 :  0.247 0.244 0.258 0.251 
1594 CP00017677    (0)    3 :  0.246 0.249 0.241 0.264 
1595 CP00017752    (0)    3 :  0.252 0.247 0.269 0.232 
1596 CP00017686    (0)    3 :  0.246 0.251 0.231 0.272 
1597 CP00017736    (0)    3 :  0.252 0.247 0.262 0.239 
1598 CP00017753    (0)    3 :  0.250 0.251 0.252 0.247 
1599 CP00017727    (0)    3 :  0.251 0.241 0.262 0.247 
1600 CP00017721    (0)    3 :  0.245 0.246 0.252 0.257 
1601 CP00017754    (0)    3 :  0.245 0.241 0.262 0.253 
1602 CP00017692    (0)    2 :  0.238 0.234 0.249 0.280 
1603 CP00017718    (0)    3 :  0.243 0.245 0.254 0.258 
1604 CP00017691    (0)    3 :  0.256 0.257 0.254 0.233 
1605 CP00017726    (0)    3 :  0.246 0.234 0.265 0.255 
1606 CP00017705    (0)    2 :  0.254 0.249 0.258 0.239 
1607 CP00017701    (0)    2 :  0.248 0.246 0.249 0.257 
1608 CP00017711    (0)    3 :  0.251 0.249 0.266 0.233 
1609 CP00017704    (0)    2 :  0.244 0.248 0.240 0.267 
1610 CP00017761    (0)    3 :  0.254 0.259 0.253 0.234 
1611 CP00017720    (0)    3 :  0.249 0.238 0.261 0.251 
1612 CP00017678    (0)    3 :  0.245 0.238 0.245 0.271 
1613 CP00017671    (0)    3 :  0.260 0.261 0.245 0.233 
1614 CP00017722    (0)    3 :  0.242 0.242 0.244 0.271 
1615 CP00017675    (0)    3 :  0.254 0.247 0.267 0.232 
1616 CP00017709    (0)    2 :  0.252 0.251 0.246 0.251 
1617 CP00017684    (0)    3 :  0.254 0.252 0.258 0.236 
1618 CP00017729    (0)    3 :  0.245 0.240 0.260 0.256 
1619 CP00017751    (0)    3 :  0.255 0.255 0.243 0.247 
1620 CP00017703    (3)    2 :  0.255 0.265 0.249 0.231 
1621 CP00017764    (0)    3 :  0.252 0.256 0.246 0.247 
1622 CP00017716    (0)    3 :  0.252 0.251 0.244 0.253 
1623 CP00017693    (0)    2 :  0.262 0.265 0.240 0.233 
1624 CP00017740    (0)    3 :  0.258 0.271 0.230 0.242 
1625 CP00017728    (0)    3 :  0.247 0.248 0.248 0.256 
1626 CP00017713    (0)    3 :  0.254 0.259 0.241 0.247 
1627 CP00017738    (0)    3 :  0.247 0.244 0.253 0.256 
1628 CP00017732    (0)    3 :  0.248 0.253 0.245 0.253 
1629 CP00017674    (0)    3 :  0.238 0.241 0.240 0.281 
1630 CP00017708    (0)    2 :  0.246 0.246 0.241 0.267 
1631 CP00015547    (0)    3 :  0.251 0.254 0.237 0.259 
1632 CP00015567    (0)    3 :  0.248 0.251 0.250 0.251 
1633 CP00015562    (0)    3 :  0.247 0.246 0.251 0.255 
1634 CP00015644    (0)    3 :  0.257 0.263 0.247 0.233 
1635 CP00015548    (0)    3 :  0.243 0.235 0.261 0.262 
1636 CP00015649    (0)    3 :  0.247 0.242 0.245 0.266 
1637 CP00015670    (0)    3 :  0.251 0.251 0.258 0.239 
1638 CP00015546    (0)    3 :  0.253 0.256 0.260 0.230 
1639 CP00015629    (0)    3 :  0.255 0.259 0.239 0.247 
1640 CP00015558    (0)    3 :  0.248 0.248 0.242 0.261 
1641 CP00015654    (0)    3 :  0.253 0.251 0.267 0.229 
1642 CP00015623    (0)    3 :  0.248 0.254 0.245 0.252 
1643 CP00015650    (0)    3 :  0.248 0.256 0.243 0.252 
1644 CP00015526    (0)    3 :  0.254 0.252 0.260 0.235 
1645 CP00015636    (0)    3 :  0.254 0.261 0.235 0.249 
1646 CP00015661    (0)    3 :  0.247 0.247 0.262 0.244 
1647 CP00015626    (0)    3 :  0.258 0.258 0.252 0.232 
1648 CP00015647    (0)    3 :  0.250 0.252 0.255 0.243 
1649 CP00015630    (0)    3 :  0.257 0.257 0.250 0.236 
1650 CP00015533    (0)    3 :  0.256 0.260 0.250 0.234 
1651 CP00015532    (0)    3 :  0.242 0.243 0.232 0.283 
1652 CP00015541    (0)    3 :  0.245 0.244 0.246 0.264 
1653 CP00015549    (0)    3 :  0.251 0.249 0.253 0.247 
1654 CP00015539    (0)    1 :  0.257 0.263 0.239 0.241 
1655 CP00015667    (0)    3 :  0.254 0.259 0.244 0.243 
1656 CP00015534    (0)    1 :  0.250 0.246 0.264 0.239 
1657 CP00015551    (0)    3 :  0.250 0.247 0.248 0.254 
1658 CP00015568    (0)    1 :  0.250 0.254 0.245 0.252 
1659 CP00015645    (0)    1 :  0.255 0.256 0.250 0.240 
1660 CP00015543    (0)    1 :  0.250 0.255 0.243 0.251 
1661 CP00015531    (0)    1 :  0.250 0.253 0.241 0.256 
1662 CP00015659    (0)    1 :  0.252 0.264 0.238 0.247 
1663 CP00015563    (0)    1 :  0.251 0.248 0.265 0.236 
1664 CP00015553    (0)    1 :  0.248 0.249 0.249 0.254 
1665 CP00015668    (0)    3 :  0.250 0.257 0.244 0.249 
1666 CP00015555    (0)    3 :  0.255 0.263 0.245 0.237 
1667 CP00015621    (0)    3 :  0.242 0.242 0.247 0.269 
1668 CP00015669    (0)    3 :  0.250 0.251 0.248 0.251 
1669 CP00015666    (0)    3 :  0.246 0.241 0.256 0.257 
1670 CP00015663    (0)    3 :  0.260 0.266 0.233 0.241 
1671 CP00015624    (0)    3 :  0.247 0.254 0.232 0.266 
1672 CP00015625    (0)    3 :  0.251 0.259 0.251 0.240 
1673 CP00015665    (0)    3 :  0.253 0.254 0.242 0.251 
1674 CP00015664    (0)    3 :  0.246 0.243 0.238 0.273 
1675 CP00015535    (0)    3 :  0.246 0.250 0.233 0.271 
1676 CP00015524    (0)    3 :  0.248 0.250 0.253 0.249 
1677 CP00015653    (0)    3 :  0.248 0.252 0.245 0.255 
1678 CP00015652    (0)    3 :  0.249 0.237 0.271 0.244 
1679 CP00015538    (0)    3 :  0.253 0.259 0.252 0.236 
1680 CP00015642    (0)    3 :  0.248 0.254 0.234 0.264 
1681 CP00015634    (0)    3 :  0.253 0.251 0.253 0.243 
1682 CP00015540    (0)    3 :  0.255 0.247 0.262 0.237 
1683 CP00015552    (0)    3 :  0.248 0.246 0.246 0.259 
1684 CP00015570    (0)    3 :  0.244 0.236 0.261 0.259 
1685 CP00015557    (0)    3 :  0.257 0.265 0.228 0.249 
1686 CP00015662    (0)    3 :  0.252 0.256 0.234 0.258 
1687 CP00015635    (0)    1 :  0.250 0.249 0.246 0.255 
1688 CP00015643    (0)    1 :  0.253 0.264 0.235 0.248 
1689 CP00015646    (0)    1 :  0.254 0.252 0.249 0.245 
1690 CP00015554    (0)    1 :  0.256 0.252 0.251 0.240 
1691 CP00015527    (0)    1 :  0.252 0.254 0.258 0.236 
1692 CP00015523    (0)    1 :  0.254 0.247 0.252 0.247 
1693 CP00015627    (0)    3 :  0.256 0.250 0.262 0.232 
1694 CP00015564    (0)    1 :  0.253 0.245 0.275 0.227 
1695 CP00015560    (0)    1 :  0.255 0.256 0.243 0.247 
1696 CP00015525    (0)    1 :  0.254 0.257 0.254 0.235 
1697 CP00015628    (0)    3 :  0.248 0.247 0.257 0.248 
1698 CP00015651    (0)    1 :  0.246 0.254 0.242 0.258 
1699 CP00017568    (0)    2 :  0.249 0.246 0.261 0.244 
1700 CP00017580    (0)    2 :  0.242 0.237 0.255 0.266 
1701 CP00017575    (0)    2 :  0.255 0.264 0.243 0.238 
1702 CP00017577    (0)    2 :  0.252 0.254 0.250 0.244 
1703 CP00017593    (0)    2 :  0.257 0.260 0.248 0.235 
1704 CP00017560    (0)    2 :  0.241 0.244 0.238 0.277 
1705 CP00017592    (0)    2 :  0.248 0.244 0.257 0.251 
1706 CP00017550    (0)    2 :  0.243 0.251 0.239 0.267 
1707 CP00017614    (0)    2 :  0.250 0.253 0.236 0.262 
1708 CP00017579    (0)    2 :  0.254 0.250 0.269 0.227 
1709 CP00017536    (0)    2 :  0.254 0.253 0.261 0.232 
1710 CP00017538    (0)    2 :  0.249 0.241 0.264 0.246 
1711 CP00017596    (0)    2 :  0.250 0.250 0.238 0.262 
1712 CP00017524    (0)    2 :  0.251 0.251 0.255 0.243 
1713 CP00017543    (0)    2 :  0.244 0.244 0.246 0.266 
1714 CP00017578    (0)    2 :  0.226 0.222 0.236 0.317 
1715 CP00017588    (0)    2 :  0.238 0.247 0.226 0.288 
1716 CP00017539    (0)    2 :  0.241 0.248 0.238 0.273 
1717 CP00017545    (0)    2 :  0.254 0.257 0.239 0.251 
1718 CP00017581    (0)    2 :  0.244 0.245 0.243 0.268 
1719 CP00017527    (0)    2 :  0.244 0.239 0.253 0.264 
1720 CP00017531    (0)    2 :  0.259 0.256 0.254 0.231 
1721 CP00017582    (0)    2 :  0.250 0.261 0.237 0.252 
1722 CP00017554    (0)    2 :  0.260 0.257 0.248 0.235 
1723 CP00017595    (0)    2 :  0.256 0.261 0.252 0.230 
1724 CP00017589    (0)    2 :  0.254 0.259 0.250 0.236 
1725 CP00017541    (0)    2 :  0.254 0.254 0.254 0.239 
1726 CP00017532    (0)    2 :  0.252 0.249 0.260 0.240 
1727 CP00017544    (0)    2 :  0.249 0.255 0.235 0.260 
1728 CP00017561    (0)    2 :  0.253 0.257 0.237 0.253 
1729 CP00017572    (0)    2 :  0.258 0.262 0.238 0.242 
1730 CP00017525    (0)    2 :  0.247 0.233 0.287 0.234 
1731 CP00017523    (0)    2 :  0.247 0.245 0.245 0.263 
1732 CP00017612    (0)    2 :  0.249 0.246 0.252 0.253 
1733 CP00017571    (0)    2 :  0.253 0.261 0.239 0.247 
1734 CP00017613    (0)    2 :  0.243 0.239 0.240 0.279 
1735 CP00017521    (0)    2 :  0.254 0.254 0.241 0.251 
1736 CP00017522    (0)    2 :  0.249 0.244 0.260 0.247 
1737 CP00017540    (0)    2 :  0.243 0.243 0.247 0.267 
1738 CP00017590    (0)    2 :  0.251 0.245 0.259 0.245 
1739 CP00017601    (0)    2 :  0.251 0.249 0.243 0.257 
1740 CP00017576    (0)    2 :  0.258 0.261 0.250 0.232 
1741 CP00017551    (0)    2 :  0.253 0.254 0.252 0.242 
1742 CP00017605    (0)    2 :  0.239 0.233 0.256 0.272 
1743 CP00017570    (0)    2 :  0.253 0.254 0.244 0.249 
1744 CP00017547    (0)    2 :  0.249 0.245 0.265 0.241 
1745 CP00017564    (0)    2 :  0.250 0.254 0.240 0.256 
1746 CP00017585    (0)    2 :  0.248 0.244 0.257 0.251 
1747 CP00017574    (0)    2 :  0.253 0.254 0.247 0.246 
1748 CP00017552    (0)    2 :  0.245 0.251 0.243 0.261 
1749 CP00017537    (0)    2 :  0.251 0.255 0.256 0.238 
1750 CP00017607    (0)    2 :  0.245 0.250 0.232 0.273 
1751 CP00017566    (0)    2 :  0.253 0.246 0.267 0.233 
1752 CP00017617    (0)    2 :  0.253 0.266 0.241 0.240 
1753 CP00017611    (0)    2 :  0.248 0.242 0.255 0.255 
1754 CP00017610    (0)    2 :  0.247 0.250 0.245 0.258 
1755 CP00017562    (0)    2 :  0.257 0.265 0.235 0.243 
1756 CP00017584    (0)    2 :  0.249 0.248 0.263 0.240 
1757 CP00017548    (0)    2 :  0.249 0.245 0.258 0.248 
1758 CP00017597    (0)    2 :  0.250 0.254 0.246 0.250 
1759 CP00017556    (0)    2 :  0.255 0.250 0.258 0.238 
1760 CP00017586    (0)    2 :  0.255 0.257 0.242 0.247 
1761 CP00017549    (0)    2 :  0.255 0.251 0.254 0.239 
1762 CP00017542    (0)    2 :  0.249 0.250 0.249 0.251 
1763 CP00017609    (0)    2 :  0.252 0.251 0.252 0.245 
1764 CP00017553    (0)    2 :  0.247 0.251 0.249 0.253 
1765 CP00017603    (0)    2 :  0.251 0.236 0.277 0.236 
1766 CP00017533    (0)    2 :  0.247 0.248 0.257 0.247 
1767 CP00017535    (0)    2 :  0.246 0.249 0.246 0.260 
1768 CP00017565    (0)    2 :  0.251 0.241 0.274 0.233 
1769 CP00017615    (0)    2 :  0.252 0.257 0.254 0.238 
1770 CP00017619    (0)    2 :  0.257 0.257 0.253 0.234 
1771 CP00017620    (0)    2 :  0.245 0.247 0.242 0.266 
1772 CP00017567    (0)    2 :  0.247 0.237 0.270 0.247 
1773 CP00017529    (0)    2 :  0.249 0.247 0.261 0.243 
1774 CP00017569    (0)    2 :  0.245 0.249 0.233 0.273 
1775 CP00017608    (0)    2 :  0.255 0.252 0.252 0.241 
1776 CP00017558    (0)    2 :  0.252 0.238 0.280 0.230 
1777 CP00017555    (0)    2 :  0.250 0.251 0.254 0.245 
1778 CP00017618    (0)    2 :  0.258 0.264 0.236 0.243 
1779 CP00017557    (0)    2 :  0.246 0.245 0.237 0.273 
1780 CP00017606    (0)    2 :  0.252 0.254 0.256 0.237 
1781 CP00017600    (0)    2 :  0.248 0.247 0.244 0.261 
1782 CP00017583    (0)    2 :  0.257 0.265 0.250 0.228 
1783 CP00017599    (0)    2 :  0.255 0.255 0.258 0.232 
1784 CP00017530    (0)    2 :  0.245 0.249 0.243 0.264 
1785 CP00017546    (0)    2 :  0.256 0.263 0.237 0.244 
1786 CP00017616    (0)    2 :  0.242 0.244 0.254 0.261 
1787 CP00017559    (0)    2 :  0.249 0.248 0.238 0.265 
1788 CP00017563    (0)    2 :  0.254 0.254 0.257 0.235 
1789 CP00017602    (0)    2 :  0.249 0.245 0.258 0.249 
1790 CP00017591    (0)    2 :  0.258 0.264 0.250 0.227 
1791 CP00017598    (0)    2 :  0.255 0.260 0.242 0.243 
1792 CP00017526    (0)    2 :  0.248 0.246 0.248 0.258 
1793 CP00017604    (0)    2 :  0.252 0.244 0.270 0.234 
1794 CP00015690    (0)    1 :  0.239 0.230 0.260 0.271 
1795 CP00015069    (3)    1 :  0.260 0.265 0.243 0.233 
1796 CP00015687    (0)    1 :  0.256 0.255 0.257 0.232 
1797 CP00015708    (0)    1 :  0.259 0.265 0.236 0.240 
1798 CP00015720    (0)    1 :  0.246 0.252 0.225 0.278 
1799 CP00049555    (0)    1 :  0.259 0.255 0.256 0.230 
1800 CP00049558    (0)    1 :  0.246 0.241 0.250 0.263 
1801 CP00015068    (0)    1 :  0.248 0.244 0.258 0.250 
1802 CP00015710    (0)    1 :  0.245 0.242 0.252 0.261 
1803 CP00049570    (0)    1 :  0.254 0.248 0.272 0.227 
1804 CP00049556    (0)    1 :  0.252 0.262 0.244 0.242 
1805 CP00049534    (0)    3 :  0.252 0.247 0.267 0.234 
1806 CP00049543    (0)    3 :  0.251 0.249 0.254 0.245 
1807 CP00049539    (0)    3 :  0.252 0.260 0.243 0.245 
1808 CP00049567    (0)    3 :  0.253 0.247 0.257 0.243 
1809 CP00015706    (0)    1 :  0.253 0.247 0.263 0.237 
1810 CP00015063    (0)    3 :  0.254 0.251 0.250 0.245 
1811 CP00015067    (0)    3 :  0.254 0.261 0.241 0.243 
1812 CP00049536    (0)    3 :  0.239 0.240 0.231 0.290 
1813 CP00049560    (0)    3 :  0.263 0.271 0.231 0.235 
1814 CP00049529    (0)    3 :  0.252 0.255 0.254 0.239 
1815 CP00015699    (0)    1 :  0.250 0.260 0.246 0.245 
1816 CP00015066    (0)    3 :  0.248 0.245 0.264 0.243 
1817 CP00015712    (0)    1 :  0.257 0.258 0.248 0.237 
1818 CP00049526    (0)    3 :  0.250 0.244 0.263 0.242 
1819 CP00049562    (0)    3 :  0.246 0.248 0.247 0.258 
1820 CP00049525    (0)    3 :  0.253 0.257 0.243 0.247 
1821 CP00015689    (0)    1 :  0.247 0.243 0.259 0.251 
1822 CP00049544    (0)    3 :  0.259 0.259 0.244 0.238 
1823 CP00049545    (0)    3 :  0.254 0.256 0.247 0.244 
1824 CP00049541    (0)    3 :  0.250 0.259 0.258 0.233 
1825 CP00049528    (0)    3 :  0.247 0.250 0.240 0.263 
1826 CP00049521    (0)    3 :  0.247 0.252 0.240 0.260 
1827 CP00015709    (0)    1 :  0.243 0.254 0.232 0.271 
1828 CP00015716    (0)    1 :  0.243 0.241 0.256 0.260 
1829 CP00015688    (0)    1 :  0.242 0.240 0.246 0.272 
1830 CP00015700    (0)    1 :  0.250 0.252 0.256 0.243 
1831 CP00049549    (0)    3 :  0.246 0.253 0.251 0.251 
1832 CP00049550    (0)    3 :  0.252 0.248 0.260 0.240 
1833 CP00015070    (0)    3 :  0.245 0.238 0.261 0.256 
1834 CP00015686    (0)    1 :  0.240 0.247 0.237 0.277 
1835 CP00015062    (0)    3 :  0.240 0.236 0.252 0.273 
1836 CP00049563    (0)    3 :  0.248 0.242 0.256 0.254 
1837 CP00049537    (0)    3 :  0.254 0.261 0.241 0.243 
1838 CP00049551    (0)    3 :  0.249 0.248 0.255 0.248 
1839 CP00049535    (0)    3 :  0.248 0.255 0.244 0.252 
1840 CP00015719    (0)    1 :  0.245 0.253 0.228 0.274 
1841 CP00015697    (0)    1 :  0.251 0.250 0.258 0.241 
1842 CP00015714    (0)    1 :  0.245 0.243 0.248 0.265 
1843 CP00015715    (0)    1 :  0.254 0.252 0.243 0.251 
1844 CP00049559    (0)    3 :  0.247 0.245 0.259 0.248 
1845 CP00049566    (0)    3 :  0.241 0.241 0.256 0.262 
1846 CP00049542    (0)    3 :  0.242 0.241 0.252 0.265 
1847 CP00049530    (0)    3 :  0.251 0.249 0.257 0.243 
1848 CP00049532    (0)    3 :  0.255 0.256 0.258 0.231 
1849 CP00049554    (0)    3 :  0.242 0.239 0.245 0.274 
1850 CP00049564    (0)    3 :  0.251 0.244 0.250 0.255 
1851 CP00015702    (0)    1 :  0.251 0.244 0.257 0.248 
1852 CP00015681    (0)    1 :  0.245 0.240 0.257 0.258 
1853 CP00015718    (0)    1 :  0.248 0.244 0.266 0.242 
1854 CP00015698    (0)    1 :  0.245 0.243 0.254 0.258 
1855 CP00049531    (0)    3 :  0.242 0.240 0.246 0.272 
1856 CP00049548    (0)    3 :  0.251 0.250 0.252 0.248 
1857 CP00015695    (0)    1 :  0.240 0.238 0.261 0.260 
1858 CP00015692    (0)    1 :  0.253 0.256 0.245 0.246 
1859 CP00015693    (0)    1 :  0.258 0.262 0.242 0.239 
1860 CP00049522    (0)    3 :  0.258 0.262 0.241 0.239 
1861 CP00049546    (0)    3 :  0.247 0.246 0.262 0.244 
1862 CP00049557    (0)    3 :  0.245 0.245 0.267 0.242 
1863 CP00049533    (0)    3 :  0.251 0.255 0.247 0.247 
1864 CP00015683    (0)    1 :  0.252 0.250 0.259 0.239 
1865 CP00015713    (0)    1 :  0.245 0.239 0.256 0.259 
1866 CP00015684    (0)    1 :  0.256 0.245 0.261 0.238 
1867 CP00015696    (0)    1 :  0.254 0.252 0.257 0.236 
1868 CP00049538    (0)    3 :  0.249 0.244 0.261 0.246 
1869 CP00015705    (0)    1 :  0.253 0.247 0.265 0.235 
1870 CP00015691    (0)    1 :  0.250 0.250 0.252 0.248 
1871 CP00049547    (0)    1 :  0.245 0.240 0.245 0.270 
1872 CP00015065    (0)    1 :  0.252 0.249 0.257 0.242 
1873 CP00049540    (0)    1 :  0.252 0.248 0.265 0.235 
1874 CP00015703    (0)    1 :  0.253 0.244 0.266 0.238 
1875 CP00049552    (0)    1 :  0.258 0.263 0.240 0.239 
1876 CP00015682    (0)    1 :  0.253 0.264 0.247 0.236 
1877 CP00015064    (0)    3 :  0.257 0.268 0.233 0.242 
1878 CP00015685    (0)    1 :  0.250 0.247 0.253 0.249 
1879 CP00015061    (0)    3 :  0.253 0.260 0.234 0.253 
1880 CP00021003    (0)    1 :  0.249 0.237 0.266 0.248 
1881 CP00021007    (0)    1 :  0.247 0.245 0.253 0.256 
1882 CP00021019    (0)    1 :  0.250 0.250 0.252 0.247 
1883 CP00020975    (0)    1 :  0.244 0.243 0.248 0.265 
1884 CP00020971    (0)    1 :  0.251 0.251 0.244 0.255 
1885 CP00020972    (0)    1 :  0.243 0.240 0.253 0.264 
1886 CP00020973    (0)    1 :  0.248 0.253 0.245 0.253 
1887 CP00021002    (0)    1 :  0.264 0.272 0.239 0.224 
1888 CP00021008    (0)    1 :  0.244 0.242 0.246 0.268 
1889 CP00021020    (0)    1 :  0.253 0.255 0.261 0.231 
1890 CP00021016    (0)    1 :  0.254 0.254 0.259 0.233 
1891 CP00020999    (0)    1 :  0.255 0.258 0.251 0.236 
1892 CP00021000    (0)    1 :  0.256 0.249 0.270 0.226 
1893 CP00020996    (0)    1 :  0.250 0.244 0.262 0.244 
1894 CP00021005    (0)    1 :  0.252 0.246 0.254 0.248 
1895 CP00020976    (0)    1 :  0.253 0.260 0.247 0.240 
1896 CP00021009    (0)    1 :  0.254 0.253 0.258 0.235 
1897 CP00021010    (0)    1 :  0.252 0.248 0.265 0.235 
1898 CP00020998    (0)    1 :  0.258 0.251 0.253 0.238 
1899 CP00020997    (0)    1 :  0.256 0.258 0.250 0.236 
1900 CP00021017    (0)    1 :  0.246 0.246 0.248 0.259 
1901 CP00021018    (0)    1 :  0.249 0.245 0.266 0.240 
1902 CP00020974    (0)    1 :  0.248 0.250 0.238 0.263 
1903 CP00021015    (0)    1 :  0.252 0.256 0.259 0.233 
1904 CP00021006    (0)    1 :  0.256 0.261 0.246 0.237 
1905 CP00020991    (0)    1 :  0.239 0.234 0.250 0.277 
1906 CP00020977    (0)    1 :  0.253 0.236 0.279 0.232 
1907 CP00020993    (0)    1 :  0.248 0.245 0.262 0.245 
1908 CP00020995    (0)    1 :  0.244 0.241 0.254 0.260 
1909 CP00021004    (0)    1 :  0.242 0.243 0.236 0.279 
1910 CP00020992    (3)    1 :  0.256 0.251 0.262 0.231 
1911 CP00021001    (0)    1 :  0.249 0.250 0.237 0.264 
1912 CP00020866    (0)    3 :  0.241 0.243 0.249 0.267 
1913 CP00020822    (0)    3 :  0.252 0.247 0.250 0.252 
1914 CP00072624    (0)    3 :  0.253 0.262 0.230 0.255 
1915 CP00072595    (0)    2 :  0.251 0.244 0.247 0.259 
1916 CP00072586    (0)    2 :  0.251 0.256 0.243 0.250 
1917 CP00072605    (0)    3 :  0.253 0.244 0.269 0.234 
1918 CP00072615    (0)    3 :  0.256 0.260 0.244 0.240 
1919 CP00072633    (0)    1 :  0.254 0.252 0.263 0.231 
1920 CP00072589    (0)    2 :  0.241 0.237 0.249 0.273 
1921 CP00072630    (0)    3 :  0.252 0.246 0.261 0.242 
1922 CP00072593    (0)    2 :  0.257 0.255 0.242 0.245 
1923 CP00072614    (0)    3 :  0.248 0.249 0.250 0.253 
1924 CP00072617    (0)    3 :  0.250 0.252 0.260 0.237 
1925 CP00072618    (0)    3 :  0.253 0.255 0.254 0.238 
1926 CP00072583    (0)    2 :  0.255 0.251 0.260 0.234 
1927 CP00072637    (0)    1 :  0.254 0.256 0.250 0.240 
1928 CP00072612    (0)    3 :  0.255 0.261 0.248 0.235 
1929 CP00072579    (0)    1 :  0.256 0.260 0.248 0.235 
1930 CP00072629    (0)    3 :  0.257 0.257 0.242 0.245 
1931 CP00072607    (0)    3 :  0.252 0.257 0.250 0.241 
1932 CP00072613    (0)    3 :  0.255 0.255 0.240 0.250 
1933 CP00072644    (0)    3 :  0.255 0.249 0.264 0.232 
1934 CP00072627    (0)    3 :  0.246 0.243 0.243 0.268 
1935 CP00072584    (0)    2 :  0.247 0.245 0.249 0.258 
1936 CP00072611    (0)    3 :  0.254 0.252 0.256 0.238 
1937 CP00072578    (0)    1 :  0.256 0.243 0.267 0.234 
1938 CP00072608    (0)    3 :  0.253 0.258 0.260 0.230 
1939 CP00072628    (0)    3 :  0.247 0.252 0.237 0.265 
1940 CP00072606    (0)    3 :  0.240 0.241 0.231 0.288 
1941 CP00072645    (0)    3 :  0.247 0.243 0.255 0.254 
1942 CP00072638    (0)    1 :  0.251 0.249 0.257 0.243 
1943 CP00072580    (0)    1 :  0.258 0.254 0.248 0.239 
1944 CP00072588    (0)    2 :  0.251 0.250 0.245 0.254 
1945 CP00072591    (0)    2 :  0.254 0.249 0.250 0.247 
1946 CP00072590    (0)    2 :  0.254 0.248 0.250 0.247 
1947 CP00072592    (0)    2 :  0.249 0.250 0.241 0.260 
1948 CP00072582    (0)    1 :  0.243 0.249 0.241 0.266 
1949 CP00072609    (0)    3 :  0.242 0.239 0.248 0.270 
1950 CP00072635    (0)    1 :  0.248 0.253 0.237 0.262 
1951 CP00072647    (0)    1 :  0.254 0.259 0.237 0.249 
1952 CP00072585    (0)    2 :  0.253 0.262 0.254 0.231 
1953 CP00072587    (0)    2 :  0.255 0.265 0.247 0.233 
1954 CP00072639    (0)    1 :  0.251 0.260 0.231 0.259 
1955 CP00072640    (0)    1 :  0.253 0.254 0.252 0.241 
1956 CP00072625    (0)    3 :  0.251 0.250 0.261 0.238 
1957 CP00072576    (0)    1 :  0.253 0.257 0.246 0.244 
1958 CP00072634    (0)    1 :  0.250 0.248 0.254 0.248 
1959 CP00072619    (0)    3 :  0.248 0.242 0.264 0.246 
1960 CP00072621    (0)    3 :  0.249 0.247 0.255 0.248 
1961 CP00072571    (0)    1 :  0.256 0.255 0.240 0.248 
1962 CP00072646    (0)    1 :  0.257 0.251 0.267 0.226 
1963 CP00072622    (0)    1 :  0.252 0.254 0.253 0.241 
1964 CP00072577    (0)    1 :  0.248 0.261 0.236 0.255 
1965 CP00072610    (0)    3 :  0.258 0.260 0.261 0.222 
1966 CP00072620    (0)    3 :  0.248 0.240 0.275 0.237 
1967 CP00072616    (0)    3 :  0.238 0.240 0.234 0.289 
1968 CP00072623    (0)    3 :  0.249 0.250 0.252 0.249 
1969 CP00072626    (0)    3 :  0.250 0.254 0.259 0.237 
1970 CP00072641    (0)    1 :  0.250 0.249 0.254 0.247 
1971 CP00072642    (0)    3 :  0.253 0.256 0.248 0.243 
1972 CP00072157    (0)    3 :  0.254 0.256 0.259 0.231 
1973 CP00072132    (0)    3 :  0.249 0.244 0.259 0.249 
1974 CP00072144    (0)    3 :  0.243 0.238 0.264 0.255 
1975 CP00072148    (0)    3 :  0.248 0.236 0.273 0.243 
1976 CP00072169    (0)    3 :  0.244 0.241 0.251 0.264 
1977 CP00072133    (0)    3 :  0.248 0.242 0.259 0.252 
1978 CP00072139    (0)    3 :  0.255 0.250 0.259 0.235 
1979 CP00072155    (0)    1 :  0.242 0.238 0.254 0.266 
1980 CP00072143    (0)    1 :  0.241 0.247 0.226 0.285 
1981 CP00072136    (0)    1 :  0.253 0.246 0.267 0.233 
1982 CP00075424    (0)    1 :  0.236 0.241 0.238 0.285 
1983 CP00075416    (0)    1 :  0.251 0.257 0.247 0.246 
1984 CP00075420    (0)    1 :  0.247 0.244 0.250 0.259 
1985 CP00072159    (0)    1 :  0.245 0.245 0.244 0.266 
1986 CP00072137    (0)    1 :  0.253 0.253 0.254 0.240 
1987 CP00075415    (0)    1 :  0.252 0.252 0.254 0.242 
1988 CP00072131    (0)    1 :  0.246 0.237 0.270 0.248 
1989 CP00072156    (0)    1 :  0.244 0.245 0.251 0.260 
1990 CP00072134    (0)    1 :  0.256 0.255 0.249 0.239 
1991 CP00072138    (0)    1 :  0.258 0.255 0.252 0.235 
1992 CP00072142    (0)    1 :  0.240 0.242 0.238 0.280 
1993 CP00072168    (0)    1 :  0.259 0.267 0.232 0.242 
1994 CP00072153    (0)    1 :  0.248 0.251 0.249 0.251 
1995 CP00072154    (0)    1 :  0.251 0.262 0.227 0.259 
1996 CP00072166    (0)    1 :  0.245 0.236 0.257 0.263 
1997 CP00075417    (0)    2 :  0.250 0.253 0.236 0.261 
1998 CP00072152    (0)    2 :  0.246 0.241 0.250 0.262 
1999 CP00072160    (0)    2 :  0.245 0.244 0.244 0.267 
2000 CP00072149    (0)    2 :  0.246 0.250 0.237 0.267 


Estimated Allele Frequencies in each cluster
First column gives estimated ancestral frequencies


Locus 1 : TH01 
6 alleles
0.0% missing data
  93   (0.248) 0.225 0.210 0.285 0.248 
  60   (0.273) 0.300 0.319 0.260 0.273 
  80   (0.131) 0.151 0.122 0.187 0.131 
  90   (0.162) 0.164 0.163 0.159 0.162 
  70   (0.150) 0.150 0.175 0.099 0.150 
 100   (0.035) 0.011 0.011 0.010 0.035 

Locus 2 : D2S1338 
14 alleles
0.0% missing data
 170   (0.198) 0.284 0.314 0.186 0.198 
 230   (0.120) 0.150 0.128 0.166 0.120 
 190   (0.081) 0.089 0.099 0.062 0.081 
 200   (0.124) 0.135 0.136 0.180 0.124 
 250   (0.077) 0.070 0.063 0.107 0.077 
 160   (0.107) 0.093 0.109 0.074 0.107 
 220   (0.043) 0.012 0.013 0.014 0.043 
 180   (0.075) 0.072 0.049 0.119 0.075 
 240   (0.095) 0.078 0.071 0.074 0.095 
 210   (0.050) 0.016 0.016 0.016 0.050 
 260   (0.019) 0.002 0.002 0.002 0.019 
 270   (0.008) 0.000 0.000 0.000 0.008 
 290   (0.002) 0.000 0.000 0.000 0.002 
 280   (0.002) 0.000 0.000 0.000 0.002 

Locus 3 : D3S1358 
9 alleles
0.0% missing data
 150   (0.215) 0.272 0.217 0.347 0.215 
 160   (0.257) 0.270 0.296 0.188 0.257 
 180   (0.162) 0.169 0.167 0.151 0.163 
 140   (0.126) 0.084 0.088 0.066 0.126 
 170   (0.185) 0.197 0.225 0.238 0.185 
 110   (0.004) 0.000 0.000 0.000 0.004 
 190   (0.040) 0.008 0.007 0.010 0.040 
 130   (0.007) 0.000 0.000 0.000 0.007 
 120   (0.003) 0.000 0.000 0.000 0.003 

Locus 4 : D8S1179 
10 alleles
0.0% missing data
 120   (0.122) 0.094 0.089 0.111 0.122 
 130   (0.254) 0.337 0.393 0.265 0.254 
 140   (0.218) 0.264 0.253 0.261 0.218 
 150   (0.127) 0.147 0.120 0.191 0.127 
 100   (0.070) 0.056 0.057 0.054 0.070 
 160   (0.047) 0.021 0.023 0.017 0.047 
  90   (0.037) 0.013 0.011 0.014 0.037 
 110   (0.075) 0.057 0.043 0.079 0.075 
 170   (0.011) 0.000 0.000 0.000 0.011 
  80   (0.037) 0.010 0.010 0.008 0.037 

Locus 5 : D16S539 
8 alleles
0.0% missing data
 100   (0.079) 0.072 0.062 0.106 0.079 
 110   (0.265) 0.295 0.319 0.267 0.265 
 120   (0.266) 0.315 0.313 0.290 0.266 
  90   (0.126) 0.121 0.122 0.092 0.126 
 130   (0.153) 0.156 0.146 0.192 0.153 
 140   (0.050) 0.024 0.022 0.034 0.050 
  80   (0.054) 0.017 0.016 0.019 0.054 
 150   (0.008) 0.000 0.000 0.000 0.008 

Locus 6 : D18S51 
17 alleles
0.0% missing data
 110   (0.038) 0.008 0.009 0.008 0.038 
 140   (0.157) 0.212 0.237 0.232 0.157 
 180   (0.069) 0.046 0.044 0.044 0.069 
 120   (0.079) 0.101 0.074 0.148 0.079 
 160   (0.156) 0.188 0.177 0.174 0.156 
 170   (0.082) 0.077 0.070 0.093 0.082 
 130   (0.111) 0.174 0.205 0.091 0.112 
 150   (0.123) 0.131 0.126 0.153 0.123 
 210   (0.045) 0.019 0.020 0.013 0.045 
 200   (0.036) 0.012 0.011 0.010 0.036 
 100   (0.022) 0.002 0.002 0.002 0.022 
 190   (0.060) 0.029 0.026 0.031 0.060 
 250   (0.002) 0.000 0.000 0.000 0.002 
  90   (0.003) 0.000 0.000 0.000 0.003 
 240   (0.005) 0.000 0.000 0.000 0.004 
 220   (0.010) 0.000 0.000 0.000 0.010 
 230   (0.003) 0.000 0.000 0.000 0.003 

Locus 7 : D19S433 
16 alleles
0.0% missing data
 120   (0.102) 0.091 0.081 0.094 0.102 
 130   (0.152) 0.238 0.186 0.325 0.152 
 132   (0.032) 0.008 0.008 0.006 0.032 
 150   (0.142) 0.111 0.124 0.148 0.142 
 140   (0.246) 0.369 0.423 0.245 0.247 
 110   (0.019) 0.002 0.002 0.002 0.019 
 160   (0.075) 0.061 0.061 0.071 0.075 
 162   (0.040) 0.015 0.017 0.012 0.040 
 142   (0.072) 0.051 0.045 0.057 0.072 
 152   (0.074) 0.051 0.051 0.036 0.074 
 170   (0.019) 0.002 0.002 0.002 0.019 
 182   (0.003) 0.000 0.000 0.000 0.003 
 172   (0.012) 0.001 0.001 0.001 0.012 
 180   (0.003) 0.000 0.000 0.000 0.003 
 122   (0.005) 0.000 0.000 0.000 0.005 
 100   (0.003) 0.000 0.000 0.000 0.003 

Locus 8 : D21S11 
16 alleles
0.0% missing data
 280   (0.128) 0.170 0.211 0.084 0.128 
 322   (0.116) 0.101 0.085 0.142 0.116 
 290   (0.227) 0.323 0.306 0.341 0.227 
 312   (0.108) 0.114 0.129 0.137 0.108 
 320   (0.021) 0.003 0.002 0.003 0.021 
 300   (0.153) 0.168 0.148 0.193 0.153 
 270   (0.043) 0.012 0.012 0.014 0.043 
 302   (0.050) 0.026 0.020 0.026 0.050 
 310   (0.043) 0.048 0.051 0.020 0.043 
 332   (0.065) 0.032 0.031 0.036 0.065 
 342   (0.010) 0.000 0.000 0.000 0.010 
 260   (0.005) 0.000 0.000 0.000 0.005 
 292   (0.024) 0.003 0.003 0.003 0.024 
 330   (0.004) 0.000 0.000 0.000 0.004 
 340   (0.002) 0.000 0.000 0.000 0.002 
 352   (0.002) 0.000 0.000 0.000 0.002 

Locus 9 : FGA 
21 alleles
0.1% missing data
 200   (0.108) 0.121 0.111 0.175 0.108 
 230   (0.136) 0.191 0.199 0.164 0.137 
 220   (0.145) 0.167 0.172 0.152 0.145 
 240   (0.123) 0.152 0.139 0.210 0.123 
 250   (0.083) 0.092 0.098 0.074 0.083 
 210   (0.161) 0.168 0.186 0.129 0.161 
 190   (0.079) 0.076 0.065 0.072 0.079 
 260   (0.051) 0.025 0.023 0.017 0.051 
 222   (0.011) 0.000 0.000 0.000 0.011 
 202   (0.002) 0.000 0.000 0.000 0.002 
 270   (0.025) 0.003 0.003 0.003 0.025 
 242   (0.008) 0.000 0.000 0.000 0.008 
 192   (0.002) 0.000 0.000 0.000 0.002 
 180   (0.020) 0.002 0.002 0.002 0.020 
 280   (0.006) 0.000 0.000 0.000 0.006 
 170   (0.002) 0.000 0.000 0.000 0.002 
 212   (0.009) 0.000 0.000 0.000 0.009 
 232   (0.015) 0.001 0.001 0.001 0.015 
 252   (0.009) 0.000 0.000 0.000 0.009 
 290   (0.004) 0.000 0.000 0.000 0.004 
 241   (0.002) 0.000 0.000 0.000 0.002 

Locus 10 : VWA 
11 alleles
0.1% missing data
 160   (0.161) 0.193 0.149 0.318 0.161 
 180   (0.207) 0.211 0.222 0.182 0.207 
 170   (0.259) 0.327 0.361 0.262 0.259 
 140   (0.120) 0.089 0.077 0.108 0.120 
 190   (0.086) 0.069 0.081 0.058 0.086 
 150   (0.109) 0.102 0.102 0.064 0.109 
 200   (0.036) 0.008 0.008 0.009 0.036 
 210   (0.006) 0.000 0.000 0.000 0.005 
 130   (0.005) 0.000 0.000 0.000 0.005 
 110   (0.010) 0.000 0.000 0.000 0.010 
 220   (0.002) 0.000 0.000 0.000 0.002 

Locus 11 : D10S1248 
9 alleles
0.0% missing data
 130   (0.174) 0.182 0.194 0.155 0.174 
 160   (0.154) 0.141 0.139 0.150 0.154 
 150   (0.268) 0.320 0.334 0.243 0.268 
 170   (0.071) 0.034 0.032 0.043 0.071 
 140   (0.271) 0.317 0.294 0.404 0.271 
 120   (0.027) 0.004 0.004 0.004 0.027 
 180   (0.013) 0.001 0.001 0.001 0.013 
 110   (0.015) 0.001 0.001 0.001 0.015 
  90   (0.005) 0.000 0.000 0.000 0.005 

Locus 12 : D22S1045 
9 alleles
0.0% missing data
 150   (0.316) 0.349 0.341 0.400 0.317 
 160   (0.268) 0.335 0.361 0.265 0.268 
 140   (0.095) 0.099 0.112 0.049 0.095 
 110   (0.145) 0.132 0.111 0.191 0.145 
 170   (0.113) 0.075 0.066 0.086 0.113 
 120   (0.016) 0.001 0.001 0.001 0.016 
 180   (0.034) 0.008 0.008 0.007 0.034 
 130   (0.004) 0.000 0.000 0.000 0.004 
 190   (0.010) 0.000 0.000 0.000 0.009 

Locus 13 : D2S441 
11 alleles
0.0% missing data
 140   (0.277) 0.324 0.357 0.351 0.277 
 160   (0.030) 0.006 0.006 0.007 0.030 
 100   (0.119) 0.158 0.172 0.078 0.119 
 130   (0.037) 0.013 0.015 0.010 0.037 
 113   (0.112) 0.084 0.073 0.107 0.112 
 110   (0.276) 0.344 0.312 0.378 0.276 
 150   (0.057) 0.023 0.021 0.024 0.057 
 120   (0.071) 0.048 0.044 0.045 0.071 
 123   (0.012) 0.001 0.001 0.001 0.012 
 101   (0.003) 0.000 0.000 0.000 0.003 
  90   (0.006) 0.000 0.000 0.000 0.006 

Locus 14 : D1S1656 
18 alleles
0.0% missing data
 130   (0.070) 0.089 0.057 0.154 0.070 
 150   (0.145) 0.176 0.173 0.168 0.145 
 120   (0.111) 0.130 0.134 0.138 0.111 
 170   (0.064) 0.046 0.049 0.026 0.064 
 140   (0.086) 0.071 0.070 0.074 0.086 
 110   (0.080) 0.083 0.067 0.117 0.080 
 173   (0.087) 0.109 0.140 0.076 0.087 
 153   (0.060) 0.054 0.056 0.054 0.060 
 160   (0.115) 0.132 0.135 0.103 0.115 
 183   (0.058) 0.039 0.040 0.029 0.058 
 163   (0.073) 0.062 0.069 0.053 0.073 
 193   (0.033) 0.010 0.010 0.008 0.033 
 180   (0.010) 0.000 0.000 0.001 0.010 
 100   (0.003) 0.000 0.000 0.000 0.003 
 162   (0.002) 0.000 0.000 0.000 0.002 
 190   (0.002) 0.000 0.000 0.000 0.002 
  90   (0.002) 0.000 0.000 0.000 0.002 
 143   (0.002) 0.000 0.000 0.000 0.002 

Locus 15 : D12S391 
17 alleles
0.0% missing data
 230   (0.064) 0.059 0.073 0.039 0.064 
 240   (0.055) 0.025 0.026 0.026 0.055 
 150   (0.061) 0.059 0.061 0.048 0.061 
 170   (0.096) 0.096 0.090 0.084 0.096 
 160   (0.044) 0.024 0.028 0.022 0.044 
 220   (0.110) 0.136 0.166 0.137 0.110 
 190   (0.102) 0.145 0.124 0.175 0.102 
 200   (0.091) 0.108 0.075 0.149 0.091 
 210   (0.076) 0.102 0.096 0.081 0.076 
 180   (0.153) 0.196 0.200 0.199 0.153 
 193   (0.030) 0.005 0.005 0.004 0.030 
 183   (0.050) 0.035 0.043 0.026 0.050 
 173   (0.013) 0.001 0.001 0.001 0.013 
 260   (0.017) 0.001 0.001 0.001 0.017 
 250   (0.033) 0.008 0.009 0.009 0.033 
 203   (0.002) 0.000 0.000 0.000 0.002 
 270   (0.002) 0.000 0.000 0.000 0.002 

Locus 16 : SE33 
55 alleles
0.1% missing data
 242   (0.034) 0.036 0.030 0.024 0.034 
 302   (0.037) 0.037 0.034 0.034 0.037 
 200   (0.041) 0.058 0.053 0.075 0.041 
 190   (0.047) 0.108 0.096 0.177 0.047 
 252   (0.031) 0.027 0.032 0.016 0.031 
 232   (0.043) 0.034 0.037 0.027 0.043 
 312   (0.036) 0.013 0.014 0.013 0.036 
 180   (0.052) 0.091 0.098 0.092 0.052 
 160   (0.038) 0.063 0.060 0.081 0.038 
 272   (0.040) 0.078 0.075 0.038 0.040 
 170   (0.058) 0.136 0.130 0.052 0.058 
 222   (0.031) 0.036 0.034 0.045 0.031 
 332   (0.016) 0.002 0.002 0.002 0.016 
 262   (0.044) 0.047 0.049 0.043 0.044 
 292   (0.036) 0.065 0.054 0.109 0.036 
 140   (0.033) 0.016 0.015 0.015 0.033 
 210   (0.031) 0.029 0.023 0.034 0.031 
 202   (0.015) 0.001 0.001 0.001 0.015 
 220   (0.020) 0.003 0.003 0.003 0.020 
 360   (0.007) 0.000 0.000 0.000 0.007 
 330   (0.017) 0.002 0.002 0.002 0.017 
 282   (0.062) 0.078 0.119 0.080 0.062 
 150   (0.040) 0.026 0.027 0.025 0.041 
 120   (0.009) 0.000 0.000 0.000 0.009 
 153   (0.003) 0.000 0.000 0.000 0.003 
 163   (0.003) 0.000 0.000 0.000 0.003 
 212   (0.029) 0.005 0.005 0.005 0.030 
 132   (0.006) 0.000 0.000 0.000 0.006 
 340   (0.013) 0.001 0.001 0.001 0.013 
 273   (0.009) 0.000 0.000 0.000 0.009 
 322   (0.024) 0.004 0.004 0.004 0.024 
 290   (0.005) 0.000 0.000 0.000 0.005 
 192   (0.005) 0.000 0.000 0.000 0.005 
 280   (0.004) 0.000 0.000 0.000 0.004 
 230   (0.005) 0.000 0.000 0.000 0.005 
 342   (0.008) 0.000 0.000 0.000 0.008 
 320   (0.004) 0.000 0.000 0.000 0.004 
 240   (0.002) 0.000 0.000 0.000 0.002 
 130   (0.009) 0.000 0.000 0.000 0.009 
 161   (0.005) 0.000 0.000 0.000 0.005 
 350   (0.012) 0.001 0.001 0.001 0.012 
 173   (0.006) 0.000 0.000 0.000 0.006 
 162   (0.002) 0.000 0.000 0.000 0.002 
  80   (0.002) 0.000 0.000 0.000 0.002 
 110   (0.004) 0.000 0.000 0.000 0.004 
 260   (0.002) 0.000 0.000 0.000 0.002 
 152   (0.003) 0.000 0.000 0.000 0.003 
 370   (0.003) 0.000 0.000 0.000 0.003 
 142   (0.003) 0.000 0.000 0.000 0.003 
 122   (0.002) 0.000 0.000 0.000 0.002 
 250   (0.002) 0.000 0.000 0.000 0.002 
 270   (0.002) 0.000 0.000 0.000 0.002 
  90   (0.002) 0.000 0.000 0.000 0.002 
 193   (0.002) 0.000 0.000 0.000 0.002 
 352   (0.003) 0.000 0.000 0.000 0.003 

Values of parameters used in structure:
DATAFILE=Albania_2000_STRUCTURE.txt,	OUTFILE=primary_output/Albania_primary_K04_rep13,	NUMINDS=2000,	NUMLOCI=16,	MISSING=-9,	LABEL=1,	POPDATA=1,	POPFLAG=0,	PHENOTYPE=0,	EXTRACOLS=0,	MAXPOPS=4,	BURNIN=100000,	NUMREPS=500000,	USEPOPINFO=0,	INFERALPHA=1,	INFERLAMBDA=0,	POPSPECIFICLAMBDA=0,	POPALPHAS=0,	COMPUTEPROB=1,	NOADMIX=0,	ADMBURNIN=500,	UPDATEFREQ=100,	PRINTLIKES=0,	INTERMEDSAVE=0,	PRINTKLD=0,	PRINTNET=1,	PRINTLAMBDA=1,	ANCESTDIST=0,	NUMBOXES=1000,	ANCESTPINT=0.90000,	GENSBACK=2,	MIGRPRIOR=0.01000,	PRINTQHAT=0,	PRINTQSUM=1,	ALPHA=1.0000,	FREQSCORR=1,	FPRIORMEAN=0.0100,	FPRIORSD=0.0500,	ONEFST=0,	LAMBDA=1.0000,	UNIFPRIORALPHA=1,	ALPHAMAX=10.0000,	ALPHAPRIORA=1.0000,	ALPHAPRIORB=2.0000,	ALPHAPROPSD=0.0250,	STARTATPOPINFO=0,	RANDOMIZE=0,	LINKAGE=0,	METROFREQ=10,	REPORTHITRATE=0,	MARKOVPHASE=0,	PHASED=0,	PLOIDY=2,	PHASEINFO=0	LOCPRIOR=0, 	LOCPRIORINIT=1.000000, 	LOCDATA=0, 	LOCISPOP=1, 	LOCPRIORSTEP=0.100000, 	MAXLOCPRIOR=20.000000, 	SEED=20264818,	
[STRAT parameters]:    NUMSIMSTATS=1000,	PHENOTYPECOL=-9,	POOLFREQ=10,	LOCUSxONLY=0,	EMERROR=0.00100,	MISSINGPHENO=-9,	