

----------------------------------------------------
STRUCTURE by Pritchard, Stephens and Donnelly (2000)
     and Falush, Stephens and Pritchard (2003)
       Code by Pritchard, Falush and Hubisz
             Version 2.3.4 (Jul 2012)
----------------------------------------------------



Command line arguments:   ./structure -m mainparams_primary -e extraparams_primary -i Albania_2000_STRUCTURE.txt -o primary_output/Albania_primary_K03_rep15 -K 3 -N 2000 -L 16 -D 20263820 
Input File:    Albania_2000_STRUCTURE.txt

Run parameters:
   2000 individuals
   16 loci
   3 populations assumed
   100000 Burn-in period
   500000 Reps
RANDOMIZE turned off


--------------------------------------------
Proportion of membership of each pre-defined
 population in each of the 3 clusters

Given    Inferred Clusters       Number of
 Pop       1      2      3      Individuals

  1:     0.334  0.332  0.334      358
  2:     0.334  0.332  0.334      1039
  3:     0.333  0.334  0.333      603
--------------------------------------------

Allele-freq. divergence among pops (Net nucleotide distance),
computed using point estimates of P.

      1       2       3      
 1      -    0.0044  0.0001  
 2   0.0044     -    0.0046  
 3   0.0001  0.0046     -    

Average distances (expected heterozygosity) between individuals in same cluster:
cluster  1  : 0.8086 
cluster  2  : 0.8475 
cluster  3  : 0.8085 

--------------------------------------------
Estimated Ln Prob of Data   = -127116.4
Mean value of ln likelihood = -125341.5
Variance of ln likelihood   = 3549.9
Mean value of alpha         = 8.5968

Mean value of Fst_1         = 0.1225
Mean value of Fst_2         = 0.0013
Mean value of Fst_3         = 0.1249


Inferred ancestry of individuals:
        Label (%Miss) Pop:  Inferred clusters
  1 CP00019943    (0)    2 :  0.327 0.346 0.327 
  2 CP00019945    (0)    2 :  0.324 0.353 0.323 
  3 CP00019948    (0)    2 :  0.338 0.324 0.338 
  4 CP00019939    (0)    2 :  0.324 0.351 0.326 
  5 CP00019944    (0)    2 :  0.325 0.350 0.325 
  6 CP00019712    (0)    2 :  0.336 0.330 0.334 
  7 CP00019695    (0)    2 :  0.347 0.307 0.346 
  8 CP00019928    (0)    2 :  0.348 0.302 0.350 
  9 CP00019983    (0)    2 :  0.335 0.333 0.333 
 10 CP00019707    (0)    2 :  0.323 0.350 0.327 
 11 CP00020015    (0)    2 :  0.333 0.333 0.335 
 12 CP00019692    (0)    2 :  0.346 0.309 0.345 
 13 CP00019715    (0)    2 :  0.335 0.330 0.336 
 14 CP00019713    (0)    2 :  0.347 0.308 0.345 
 15 CP00019708    (0)    2 :  0.338 0.324 0.338 
 16 CP00019699    (0)    2 :  0.342 0.315 0.343 
 17 CP00019681    (0)    2 :  0.337 0.328 0.336 
 18 CP00019680    (0)    2 :  0.327 0.345 0.328 
 19 CP00019679    (0)    2 :  0.326 0.347 0.327 
 20 CP00019927    (0)    2 :  0.330 0.340 0.330 
 21 CP00019690    (0)    2 :  0.329 0.341 0.330 
 22 CP00019687    (0)    2 :  0.325 0.349 0.326 
 23 CP00019701    (0)    2 :  0.328 0.344 0.328 
 24 CP00019709    (0)    2 :  0.315 0.369 0.316 
 25 CP00019717    (0)    2 :  0.348 0.305 0.346 
 26 CP00019718    (0)    2 :  0.348 0.305 0.347 
 27 CP00020007    (0)    2 :  0.342 0.314 0.344 
 28 CP00019934    (0)    2 :  0.345 0.310 0.345 
 29 CP00019979    (0)    2 :  0.346 0.308 0.346 
 30 CP00019935    (0)    2 :  0.352 0.298 0.350 
 31 CP00020005    (0)    2 :  0.345 0.311 0.344 
 32 CP00019988    (0)    2 :  0.319 0.363 0.318 
 33 CP00019685    (0)    2 :  0.338 0.323 0.339 
 34 CP00019706    (0)    2 :  0.331 0.340 0.329 
 35 CP00019703    (0)    2 :  0.333 0.335 0.332 
 36 CP00019704    (0)    2 :  0.335 0.328 0.337 
 37 CP00019705    (0)    2 :  0.322 0.356 0.322 
 38 CP00019710    (0)    2 :  0.330 0.339 0.332 
 39 CP00019940    (0)    2 :  0.343 0.313 0.344 
 40 CP00019985    (0)    2 :  0.316 0.367 0.317 
 41 CP00020006    (0)    2 :  0.335 0.333 0.332 
 42 CP00019981    (0)    2 :  0.336 0.326 0.339 
 43 CP00020003    (0)    2 :  0.341 0.318 0.341 
 44 CP00020004    (0)    2 :  0.344 0.316 0.341 
 45 CP00019946    (0)    2 :  0.342 0.319 0.339 
 46 CP00019941    (0)    2 :  0.351 0.297 0.353 
 47 CP00020002    (0)    2 :  0.340 0.319 0.341 
 48 CP00020323    (0)    2 :  0.319 0.366 0.316 
 49 CP00020008    (0)    2 :  0.337 0.328 0.335 
 50 CP00019716    (0)    2 :  0.340 0.319 0.341 
 51 CP00019982    (0)    2 :  0.340 0.317 0.342 
 52 CP00019942    (0)    2 :  0.346 0.307 0.347 
 53 CP00020018    (0)    2 :  0.333 0.335 0.331 
 54 CP00019933    (0)    2 :  0.321 0.356 0.323 
 55 CP00020019    (0)    2 :  0.343 0.317 0.340 
 56 CP00019688    (0)    2 :  0.348 0.301 0.350 
 57 CP00019926    (0)    2 :  0.330 0.342 0.328 
 58 CP00020001    (0)    2 :  0.322 0.355 0.323 
 59 CP00019698    (0)    2 :  0.308 0.387 0.306 
 60 CP00019672    (0)    2 :  0.336 0.329 0.334 
 61 CP00019673    (0)    2 :  0.335 0.331 0.334 
 62 CP00019691    (0)    2 :  0.311 0.377 0.312 
 63 CP00019947    (0)    2 :  0.330 0.342 0.327 
 64 CP00019676    (0)    2 :  0.344 0.311 0.345 
 65 CP00020000    (0)    2 :  0.331 0.339 0.330 
 66 CP00019674    (0)    2 :  0.339 0.322 0.339 
 67 CP00019989    (0)    2 :  0.311 0.377 0.312 
 68 CP00020017    (0)    2 :  0.321 0.357 0.322 
 69 CP00019686    (0)    2 :  0.303 0.394 0.303 
 70 CP00019980    (0)    2 :  0.328 0.344 0.328 
 71 CP00020016    (0)    2 :  0.338 0.326 0.337 
 72 CP00019978    (0)    2 :  0.350 0.297 0.353 
 73 CP00019720    (0)    2 :  0.328 0.343 0.328 
 74 CP00019693    (0)    2 :  0.329 0.345 0.326 
 75 CP00019998    (0)    2 :  0.340 0.319 0.342 
 76 CP00019694    (0)    2 :  0.333 0.334 0.334 
 77 CP00019675    (0)    2 :  0.343 0.316 0.341 
 78 CP00019671    (0)    2 :  0.327 0.346 0.326 
 79 CP00019714    (0)    2 :  0.351 0.299 0.350 
 80 CP00019937    (0)    2 :  0.339 0.325 0.336 
 81 CP00020324    (0)    2 :  0.342 0.315 0.343 
 82 CP00020020    (0)    2 :  0.313 0.374 0.313 
 83 CP00019696    (0)    2 :  0.338 0.323 0.339 
 84 CP00019689    (0)    2 :  0.334 0.334 0.332 
 85 CP00019702    (0)    2 :  0.321 0.356 0.323 
 86 CP00019993    (0)    2 :  0.338 0.327 0.335 
 87 CP00019999    (0)    2 :  0.318 0.363 0.319 
 88 CP00019700    (0)    2 :  0.329 0.343 0.328 
 89 CP00019936    (0)    2 :  0.343 0.315 0.342 
 90 CP00019984    (0)    2 :  0.336 0.327 0.336 
 91 CP00019684    (0)    2 :  0.337 0.329 0.334 
 92 CP00019719    (0)    2 :  0.338 0.323 0.338 
 93 CP00020103    (0)    2 :  0.317 0.368 0.315 
 94 CP00020105    (0)    2 :  0.339 0.324 0.337 
 95 CP00020072    (0)    2 :  0.337 0.326 0.337 
 96 CP00020086    (0)    2 :  0.336 0.329 0.335 
 97 CP00020107    (0)    2 :  0.328 0.347 0.325 
 98 CP00020106    (0)    2 :  0.341 0.319 0.340 
 99 CP00020089    (0)    2 :  0.350 0.300 0.349 
100 CP00020094    (0)    2 :  0.343 0.314 0.343 
101 CP00020037    (0)    2 :  0.326 0.345 0.329 
102 CP00020069    (0)    2 :  0.321 0.355 0.323 
103 CP00020112    (0)    2 :  0.344 0.312 0.344 
104 CP00020083    (0)    2 :  0.331 0.342 0.327 
105 CP00020099    (0)    2 :  0.332 0.338 0.330 
106 CP00020092    (0)    2 :  0.333 0.335 0.332 
107 CP00020097    (0)    2 :  0.345 0.310 0.345 
108 CP00020098    (0)    2 :  0.331 0.340 0.329 
109 CP00020102    (0)    2 :  0.350 0.298 0.351 
110 CP00020117    (0)    2 :  0.348 0.303 0.349 
111 CP00020085    (0)    2 :  0.334 0.332 0.334 
112 CP00020078    (0)    2 :  0.316 0.368 0.316 
113 CP00020111    (0)    2 :  0.345 0.313 0.342 
114 CP00020053    (0)    2 :  0.337 0.325 0.338 
115 CP00020021    (0)    2 :  0.332 0.336 0.332 
116 CP00020041    (0)    2 :  0.342 0.315 0.342 
117 CP00020047    (0)    2 :  0.346 0.308 0.346 
118 CP00020064    (0)    2 :  0.314 0.369 0.317 
119 CP00020065    (0)    2 :  0.339 0.321 0.340 
120 CP00020046    (0)    2 :  0.344 0.312 0.344 
121 CP00020025    (0)    2 :  0.325 0.347 0.327 
122 CP00020022    (0)    2 :  0.337 0.328 0.335 
123 CP00020028    (0)    2 :  0.346 0.308 0.346 
124 CP00020062    (0)    2 :  0.347 0.309 0.344 
125 CP00020023    (0)    2 :  0.346 0.307 0.347 
126 CP00020059    (0)    2 :  0.321 0.355 0.323 
127 CP00020060    (0)    2 :  0.348 0.306 0.347 
128 CP00020057    (0)    2 :  0.344 0.312 0.345 
129 CP00020119    (0)    2 :  0.337 0.326 0.336 
130 CP00020073    (0)    2 :  0.335 0.333 0.332 
131 CP00020055    (0)    2 :  0.344 0.310 0.346 
132 CP00020071    (0)    2 :  0.329 0.344 0.327 
133 CP00020087    (0)    2 :  0.328 0.344 0.327 
134 CP00020116    (0)    2 :  0.341 0.318 0.341 
135 CP00020052    (0)    2 :  0.346 0.309 0.345 
136 CP00020067    (0)    2 :  0.330 0.342 0.329 
137 CP00020070    (0)    2 :  0.344 0.312 0.344 
138 CP00020036    (0)    2 :  0.338 0.322 0.339 
139 CP00020029    (0)    2 :  0.334 0.334 0.332 
140 CP00020031    (0)    2 :  0.336 0.329 0.335 
141 CP00020108    (0)    2 :  0.343 0.310 0.347 
142 CP00020109    (0)    2 :  0.327 0.345 0.328 
143 CP00020101    (0)    2 :  0.328 0.342 0.330 
144 CP00020076    (0)    2 :  0.335 0.331 0.334 
145 CP00020104    (0)    2 :  0.345 0.314 0.342 
146 CP00020077    (0)    2 :  0.344 0.314 0.342 
147 CP00020088    (0)    2 :  0.349 0.304 0.347 
148 CP00020100    (0)    2 :  0.330 0.336 0.334 
149 CP00020096    (0)    2 :  0.351 0.298 0.351 
150 CP00020095    (0)    2 :  0.340 0.319 0.341 
151 CP00020090    (0)    2 :  0.326 0.350 0.324 
152 CP00020061    (0)    2 :  0.346 0.310 0.343 
153 CP00020093    (0)    2 :  0.329 0.341 0.331 
154 CP00020058    (0)    2 :  0.337 0.327 0.336 
155 CP00020056    (0)    2 :  0.345 0.311 0.344 
156 CP00020054    (0)    2 :  0.331 0.338 0.331 
157 CP00020034    (0)    2 :  0.341 0.319 0.340 
158 CP00020030    (0)    2 :  0.315 0.370 0.314 
159 CP00020066    (0)    2 :  0.346 0.307 0.347 
160 CP00020068    (0)    2 :  0.319 0.361 0.320 
161 CP00020032    (0)    2 :  0.323 0.351 0.326 
162 CP00020039    (0)    2 :  0.345 0.308 0.347 
163 CP00020038    (0)    2 :  0.334 0.330 0.336 
164 CP00020026    (0)    2 :  0.344 0.314 0.342 
165 CP00020048    (0)    2 :  0.331 0.338 0.331 
166 CP00020079    (0)    2 :  0.342 0.316 0.342 
167 CP00020120    (0)    2 :  0.335 0.331 0.334 
168 CP00020074    (0)    2 :  0.338 0.324 0.339 
169 CP00020115    (0)    2 :  0.352 0.294 0.353 
170 CP00020080    (0)    2 :  0.338 0.324 0.338 
171 CP00020091    (0)    2 :  0.316 0.369 0.315 
172 CP00020081    (0)    2 :  0.348 0.302 0.350 
173 CP00020082    (0)    2 :  0.327 0.350 0.323 
174 CP00019591    (0)    2 :  0.343 0.316 0.341 
175 CP00019572    (0)    2 :  0.324 0.347 0.329 
176 CP00020202    (0)    2 :  0.343 0.314 0.343 
177 CP00019610    (0)    2 :  0.317 0.367 0.316 
178 CP00019595    (0)    2 :  0.345 0.308 0.347 
179 CP00019607    (0)    2 :  0.324 0.355 0.321 
180 CP00020203    (0)    2 :  0.321 0.359 0.320 
181 CP00020187    (0)    2 :  0.328 0.344 0.328 
182 CP00020185    (0)    2 :  0.327 0.344 0.329 
183 CP00020206    (0)    2 :  0.332 0.336 0.332 
184 CP00020190    (0)    2 :  0.336 0.326 0.338 
185 CP00020209    (0)    2 :  0.339 0.322 0.338 
186 CP00020200    (0)    2 :  0.324 0.353 0.324 
187 CP00020213    (0)    2 :  0.332 0.333 0.334 
188 CP00020218    (0)    2 :  0.320 0.361 0.319 
189 CP00020186    (0)    2 :  0.334 0.338 0.329 
190 CP00019575    (0)    2 :  0.329 0.342 0.329 
191 CP00020215    (0)    2 :  0.334 0.334 0.331 
192 CP00020219    (0)    2 :  0.312 0.373 0.315 
193 CP00020180    (0)    2 :  0.346 0.307 0.346 
194 CP00019612    (0)    2 :  0.337 0.326 0.337 
195 CP00020220    (0)    2 :  0.329 0.343 0.328 
196 CP00020217    (0)    2 :  0.341 0.315 0.344 
197 CP00020216    (0)    2 :  0.336 0.326 0.338 
198 CP00020211    (0)    2 :  0.338 0.323 0.339 
199 CP00020212    (0)    2 :  0.340 0.320 0.340 
200 CP00020205    (0)    2 :  0.326 0.349 0.325 
201 CP00019614    (0)    2 :  0.334 0.333 0.333 
202 CP00020177    (0)    2 :  0.338 0.322 0.339 
203 CP00019587    (0)    2 :  0.333 0.333 0.334 
204 CP00019602    (0)    2 :  0.329 0.341 0.330 
205 CP00019605    (0)    2 :  0.328 0.345 0.326 
206 CP00019590    (0)    2 :  0.329 0.341 0.330 
207 CP00019592    (0)    2 :  0.339 0.323 0.338 
208 CP00019603    (0)    2 :  0.348 0.303 0.349 
209 CP00019597    (0)    2 :  0.316 0.367 0.317 
210 CP00019582    (0)    2 :  0.336 0.330 0.334 
211 CP00019578    (0)    2 :  0.333 0.336 0.332 
212 CP00020176    (0)    2 :  0.328 0.344 0.328 
213 CP00020173    (0)    2 :  0.333 0.332 0.335 
214 CP00019580    (0)    2 :  0.336 0.331 0.334 
215 CP00019571    (0)    2 :  0.334 0.331 0.335 
216 CP00020192    (0)    2 :  0.325 0.352 0.323 
217 CP00020208    (0)    2 :  0.345 0.310 0.346 
218 CP00020188    (0)    2 :  0.325 0.349 0.326 
219 CP00020171    (0)    2 :  0.322 0.355 0.323 
220 CP00020195    (0)    2 :  0.336 0.329 0.336 
221 CP00020196    (0)    2 :  0.333 0.334 0.333 
222 CP00020261    (0)    2 :  0.338 0.324 0.337 
223 CP00020181    (0)    2 :  0.342 0.315 0.342 
224 CP00020183    (0)    2 :  0.337 0.327 0.336 
225 CP00020199    (0)    2 :  0.342 0.314 0.344 
226 CP00020182    (0)    2 :  0.344 0.316 0.340 
227 CP00019609    (0)    2 :  0.319 0.362 0.318 
228 CP00019588    (0)    2 :  0.324 0.351 0.325 
229 CP00019598    (0)    2 :  0.343 0.313 0.344 
230 CP00019604    (0)    2 :  0.328 0.346 0.326 
231 CP00019615    (0)    2 :  0.339 0.323 0.339 
232 CP00020214    (0)    2 :  0.322 0.356 0.323 
233 CP00020184    (0)    2 :  0.348 0.304 0.348 
234 CP00020172    (0)    2 :  0.316 0.367 0.317 
235 CP00020179    (0)    2 :  0.320 0.361 0.319 
236 CP00019586    (0)    2 :  0.347 0.305 0.348 
237 CP00019583    (0)    2 :  0.346 0.308 0.345 
238 CP00019599    (0)    2 :  0.346 0.309 0.345 
239 CP00019596    (0)    2 :  0.333 0.337 0.330 
240 CP00019589    (0)    2 :  0.347 0.305 0.348 
241 CP00019606    (0)    2 :  0.342 0.315 0.343 
242 CP00020178    (0)    2 :  0.340 0.319 0.341 
243 CP00020175    (0)    2 :  0.340 0.320 0.340 
244 CP00020174    (0)    2 :  0.337 0.327 0.336 
245 CP00019584    (0)    2 :  0.334 0.334 0.332 
246 CP00019574    (0)    2 :  0.331 0.339 0.329 
247 CP00020204    (0)    2 :  0.338 0.325 0.337 
248 CP00019611    (0)    2 :  0.329 0.344 0.327 
249 CP00020201    (0)    2 :  0.338 0.323 0.339 
250 CP00020210    (0)    2 :  0.306 0.390 0.304 
251 CP00020207    (0)    2 :  0.333 0.334 0.333 
252 CP00020194    (0)    2 :  0.332 0.336 0.333 
253 CP00020191    (0)    2 :  0.342 0.316 0.342 
254 CP00020193    (0)    2 :  0.335 0.332 0.334 
255 CP00019619    (0)    2 :  0.324 0.356 0.320 
256 CP00020398    (0)    2 :  0.338 0.323 0.339 
257 CP00020377    (0)    2 :  0.332 0.333 0.335 
258 CP00020412    (0)    2 :  0.337 0.326 0.338 
259 CP00020400    (0)    2 :  0.350 0.298 0.352 
260 CP00020399    (0)    2 :  0.329 0.341 0.329 
261 CP00020379    (0)    2 :  0.336 0.327 0.336 
262 CP00020393    (0)    2 :  0.336 0.327 0.337 
263 CP00020411    (0)    2 :  0.342 0.315 0.343 
264 CP00020374    (0)    2 :  0.340 0.322 0.338 
265 CP00019876    (0)    2 :  0.331 0.336 0.333 
266 CP00019892    (0)    2 :  0.320 0.357 0.323 
267 CP00019919    (0)    2 :  0.322 0.356 0.323 
268 CP00020418    (0)    2 :  0.339 0.324 0.337 
269 CP00019893    (0)    2 :  0.347 0.307 0.345 
270 CP00019889    (0)    2 :  0.337 0.326 0.337 
271 CP00019904    (0)    2 :  0.345 0.311 0.344 
272 CP00019909    (0)    2 :  0.324 0.353 0.323 
273 CP00020392    (0)    2 :  0.346 0.308 0.346 
274 CP00020387    (0)    2 :  0.344 0.315 0.341 
275 CP00019872    (0)    2 :  0.339 0.320 0.341 
276 CP00020395    (0)    2 :  0.331 0.337 0.332 
277 CP00020378    (0)    2 :  0.319 0.362 0.318 
278 CP00020417    (0)    2 :  0.322 0.354 0.324 
279 CP00019887    (0)    2 :  0.345 0.311 0.345 
280 CP00019884    (0)    2 :  0.321 0.357 0.322 
281 CP00019907    (0)    2 :  0.317 0.368 0.315 
282 CP00019874    (0)    2 :  0.340 0.321 0.338 
283 CP00019881    (0)    2 :  0.331 0.340 0.329 
284 CP00019871    (0)    2 :  0.337 0.325 0.338 
285 CP00019878    (0)    2 :  0.342 0.315 0.342 
286 CP00019901    (0)    2 :  0.339 0.323 0.338 
287 CP00019879    (0)    2 :  0.340 0.319 0.341 
288 CP00019902    (0)    2 :  0.315 0.368 0.316 
289 CP00019913    (0)    2 :  0.344 0.314 0.343 
290 CP00019875    (0)    2 :  0.305 0.390 0.305 
291 CP00019912    (0)    2 :  0.329 0.342 0.329 
292 CP00019898    (0)    2 :  0.319 0.360 0.321 
293 CP00019910    (0)    2 :  0.344 0.312 0.343 
294 CP00020416    (0)    2 :  0.335 0.332 0.333 
295 CP00020396    (0)    2 :  0.332 0.334 0.334 
296 CP00019900    (0)    2 :  0.333 0.334 0.333 
297 CP00019899    (0)    2 :  0.334 0.333 0.333 
298 CP00019883    (0)    2 :  0.330 0.339 0.331 
299 CP00020409    (0)    2 :  0.334 0.333 0.333 
300 CP00020415    (0)    2 :  0.326 0.348 0.326 
301 CP00020419    (0)    2 :  0.326 0.349 0.325 
302 CP00019905    (0)    2 :  0.332 0.335 0.332 
303 CP00020385    (0)    2 :  0.350 0.303 0.347 
304 CP00019920    (0)    2 :  0.333 0.335 0.332 
305 CP00019890    (0)    2 :  0.342 0.317 0.341 
306 CP00019896    (0)    2 :  0.335 0.330 0.335 
307 CP00020382    (0)    2 :  0.324 0.352 0.324 
308 CP00020381    (0)    2 :  0.331 0.339 0.330 
309 CP00020384    (0)    2 :  0.328 0.344 0.329 
310 CP00020410    (0)    2 :  0.334 0.330 0.336 
311 CP00019915    (0)    2 :  0.335 0.332 0.333 
312 CP00019885    (0)    2 :  0.310 0.378 0.311 
313 CP00020371    (0)    2 :  0.315 0.372 0.314 
314 CP00020372    (0)    2 :  0.324 0.349 0.327 
315 CP00020402    (0)    2 :  0.332 0.336 0.331 
316 CP00020414    (0)    2 :  0.318 0.362 0.320 
317 CP00020386    (0)    2 :  0.338 0.324 0.338 
318 CP00020389    (0)    2 :  0.328 0.344 0.327 
319 CP00020388    (0)    2 :  0.333 0.332 0.335 
320 CP00020413    (3)    2 :  0.331 0.339 0.329 
321 CP00020376    (0)    2 :  0.340 0.319 0.341 
322 CP00020407    (0)    2 :  0.334 0.332 0.334 
323 CP00020406    (0)    2 :  0.341 0.319 0.340 
324 CP00019873    (0)    2 :  0.342 0.316 0.342 
325 CP00019888    (0)    2 :  0.319 0.361 0.320 
326 CP00019877    (0)    2 :  0.325 0.348 0.327 
327 CP00019894    (0)    2 :  0.335 0.333 0.332 
328 CP00020375    (0)    2 :  0.307 0.387 0.306 
329 CP00020404    (0)    2 :  0.333 0.334 0.334 
330 CP00020391    (0)    2 :  0.338 0.324 0.338 
331 CP00020380    (0)    2 :  0.331 0.337 0.332 
332 CP00020408    (0)    2 :  0.348 0.306 0.346 
333 CP00020397    (0)    2 :  0.335 0.332 0.334 
334 CP00019891    (0)    2 :  0.325 0.348 0.327 
335 CP00019917    (0)    2 :  0.329 0.343 0.327 
336 CP00019906    (0)    2 :  0.342 0.313 0.345 
337 CP00019916    (0)    2 :  0.336 0.329 0.335 
338 CP00019908    (0)    2 :  0.340 0.317 0.342 
339 CP00020373    (0)    2 :  0.339 0.324 0.338 
340 CP00020383    (0)    2 :  0.336 0.328 0.336 
341 CP00019882    (0)    2 :  0.332 0.340 0.328 
342 CP00019903    (0)    2 :  0.324 0.355 0.321 
343 CP00020401    (0)    2 :  0.338 0.325 0.337 
344 CP00020403    (0)    2 :  0.340 0.320 0.340 
345 CP00019886    (0)    2 :  0.333 0.333 0.334 
346 CP00020405    (0)    2 :  0.319 0.363 0.318 
347 CP00020390    (0)    2 :  0.344 0.316 0.340 
348 CP00019911    (0)    2 :  0.333 0.334 0.333 
349 CP00019897    (0)    2 :  0.327 0.345 0.328 
350 CP00020420    (0)    2 :  0.342 0.312 0.346 
351 CP00019895    (0)    2 :  0.330 0.341 0.330 
352 CP00019918    (0)    2 :  0.314 0.372 0.314 
353 CP00019808    (0)    2 :  0.329 0.341 0.330 
354 CP00019779    (0)    2 :  0.343 0.311 0.345 
355 CP00019789    (0)    2 :  0.350 0.298 0.352 
356 CP00019791    (0)    2 :  0.346 0.307 0.346 
357 CP00019799    (0)    2 :  0.314 0.371 0.315 
358 CP00019790    (0)    2 :  0.326 0.350 0.323 
359 CP00019834    (0)    2 :  0.351 0.298 0.350 
360 CP00019801    (0)    2 :  0.341 0.319 0.340 
361 CP00019782    (0)    2 :  0.303 0.392 0.305 
362 CP00019867    (0)    2 :  0.331 0.339 0.330 
363 CP00019845    (0)    2 :  0.320 0.360 0.320 
364 CP00019792    (0)    2 :  0.331 0.338 0.331 
365 CP00019860    (0)    2 :  0.329 0.340 0.331 
366 CP00019858    (0)    2 :  0.337 0.325 0.338 
367 CP00019856    (0)    2 :  0.323 0.352 0.325 
368 CP00019857    (0)    2 :  0.352 0.297 0.351 
369 CP00019828    (0)    2 :  0.329 0.343 0.328 
370 CP00019821    (0)    2 :  0.323 0.353 0.324 
371 CP00019863    (0)    2 :  0.332 0.336 0.331 
372 CP00019846    (0)    2 :  0.332 0.337 0.331 
373 CP00019825    (0)    2 :  0.322 0.355 0.323 
374 CP00019824    (0)    2 :  0.330 0.339 0.331 
375 CP00019838    (0)    2 :  0.341 0.321 0.338 
376 CP00019868    (0)    2 :  0.348 0.303 0.350 
377 CP00019835    (0)    2 :  0.341 0.320 0.339 
378 CP00019836    (0)    2 :  0.336 0.327 0.338 
379 CP00019870    (0)    2 :  0.344 0.312 0.344 
380 CP00019833    (0)    2 :  0.327 0.346 0.328 
381 CP00019826    (0)    2 :  0.337 0.330 0.333 
382 CP00019837    (0)    2 :  0.330 0.340 0.330 
383 CP00019830    (0)    2 :  0.316 0.369 0.315 
384 CP00019822    (0)    2 :  0.333 0.331 0.335 
385 CP00019866    (0)    2 :  0.350 0.300 0.350 
386 CP00019829    (0)    2 :  0.339 0.324 0.338 
387 CP00019841    (0)    2 :  0.348 0.307 0.345 
388 CP00019831    (0)    2 :  0.346 0.307 0.347 
389 CP00019774    (0)    2 :  0.334 0.330 0.336 
390 CP00019847    (0)    2 :  0.341 0.318 0.341 
391 CP00019851    (0)    2 :  0.309 0.380 0.310 
392 CP00019844    (0)    2 :  0.343 0.315 0.342 
393 CP00019823    (0)    2 :  0.334 0.330 0.336 
394 CP00019842    (0)    2 :  0.337 0.328 0.335 
395 CP00019859    (0)    2 :  0.343 0.316 0.340 
396 CP00019827    (0)    2 :  0.336 0.329 0.335 
397 CP00019862    (0)    2 :  0.336 0.327 0.337 
398 CP00019864    (0)    2 :  0.331 0.341 0.328 
399 CP00019861    (0)    2 :  0.322 0.353 0.325 
400 CP00019865    (0)    2 :  0.344 0.313 0.343 
401 CP00019819    (0)    2 :  0.333 0.330 0.337 
402 CP00019778    (0)    2 :  0.329 0.342 0.329 
403 CP00019796    (0)    2 :  0.343 0.314 0.343 
404 CP00019803    (0)    2 :  0.332 0.337 0.331 
405 CP00019804    (0)    2 :  0.342 0.313 0.345 
406 CP00019775    (0)    2 :  0.342 0.317 0.341 
407 CP00019780    (0)    2 :  0.335 0.332 0.333 
408 CP00019820    (0)    2 :  0.336 0.327 0.337 
409 CP00019787    (0)    2 :  0.327 0.346 0.328 
410 CP00019771    (0)    2 :  0.346 0.307 0.347 
411 CP00019793    (0)    2 :  0.347 0.307 0.346 
412 CP00019788    (0)    2 :  0.326 0.347 0.327 
413 CP00019781    (0)    2 :  0.337 0.323 0.341 
414 CP00019797    (0)    2 :  0.324 0.350 0.325 
415 CP00019807    (0)    2 :  0.336 0.325 0.339 
416 CP00019800    (0)    2 :  0.336 0.327 0.337 
417 CP00019813    (0)    2 :  0.345 0.308 0.347 
418 CP00019814    (0)    2 :  0.341 0.319 0.340 
419 CP00019772    (0)    2 :  0.323 0.354 0.324 
420 CP00019794    (0)    2 :  0.326 0.347 0.326 
421 CP00019839    (0)    2 :  0.330 0.341 0.330 
422 CP00019854    (0)    2 :  0.342 0.316 0.342 
423 CP00019852    (0)    2 :  0.342 0.316 0.341 
424 CP00019855    (0)    2 :  0.329 0.343 0.328 
425 CP00019805    (0)    2 :  0.329 0.344 0.328 
426 CP00019843    (0)    2 :  0.344 0.311 0.345 
427 CP00019811    (0)    2 :  0.339 0.321 0.340 
428 CP00019817    (0)    2 :  0.340 0.320 0.340 
429 CP00019832    (0)    2 :  0.329 0.343 0.328 
430 CP00019773    (0)    2 :  0.336 0.326 0.338 
431 CP00019850    (0)    2 :  0.327 0.348 0.324 
432 CP00019853    (0)    2 :  0.341 0.320 0.339 
433 CP00019785    (0)    2 :  0.331 0.337 0.333 
434 CP00019815    (0)    2 :  0.335 0.329 0.336 
435 CP00019809    (0)    2 :  0.339 0.323 0.338 
436 CP00019840    (0)    2 :  0.326 0.345 0.329 
437 CP00019776    (0)    2 :  0.342 0.318 0.341 
438 CP00019816    (0)    2 :  0.323 0.353 0.324 
439 CP00019810    (0)    2 :  0.326 0.348 0.326 
440 CP00019848    (0)    2 :  0.335 0.330 0.335 
441 CP00019806    (0)    2 :  0.335 0.328 0.337 
442 CP00019812    (0)    2 :  0.354 0.291 0.355 
443 CP00019818    (0)    2 :  0.349 0.299 0.351 
444 CP00019849    (0)    2 :  0.333 0.335 0.332 
445 CP00019786    (0)    2 :  0.330 0.337 0.333 
446 CP00019783    (0)    2 :  0.337 0.328 0.335 
447 CP00019802    (0)    2 :  0.333 0.337 0.330 
448 CP00020014    (0)    2 :  0.338 0.326 0.335 
449 CP00021063    (0)    2 :  0.316 0.366 0.318 
450 CP00021052    (3)    2 :  0.334 0.332 0.333 
451 CP00019924    (0)    2 :  0.343 0.317 0.340 
452 CP00020013    (0)    2 :  0.314 0.371 0.315 
453 CP00019953    (0)    2 :  0.341 0.320 0.339 
454 CP00021046    (0)    2 :  0.323 0.354 0.323 
455 CP00019969    (0)    2 :  0.334 0.331 0.335 
456 CP00021024    (0)    2 :  0.316 0.367 0.317 
457 CP00019990    (0)    2 :  0.344 0.311 0.345 
458 CP00019976    (0)    2 :  0.330 0.340 0.329 
459 CP00019975    (0)    2 :  0.319 0.360 0.321 
460 CP00019994    (0)    2 :  0.348 0.301 0.351 
461 CP00020266    (0)    2 :  0.344 0.314 0.343 
462 CP00019977    (0)    2 :  0.350 0.297 0.352 
463 CP00021043    (0)    2 :  0.311 0.379 0.310 
464 CP00021030    (0)    2 :  0.341 0.321 0.339 
465 CP00019959    (0)    2 :  0.315 0.369 0.317 
466 CP00019997    (0)    2 :  0.336 0.328 0.337 
467 CP00019929    (0)    2 :  0.339 0.323 0.338 
468 CP00021047    (0)    2 :  0.333 0.337 0.330 
469 CP00019677    (0)    2 :  0.347 0.305 0.348 
470 CP00020322    (0)    2 :  0.344 0.312 0.344 
471 CP00020265    (0)    2 :  0.345 0.310 0.345 
472 CP00021036    (0)    2 :  0.351 0.299 0.350 
473 CP00020328    (0)    2 :  0.331 0.338 0.331 
474 CP00020267    (0)    2 :  0.346 0.309 0.345 
475 CP00021045    (0)    2 :  0.336 0.325 0.338 
476 CP00021038    (0)    2 :  0.326 0.349 0.325 
477 CP00021027    (0)    2 :  0.344 0.311 0.344 
478 CP00020330    (0)    2 :  0.341 0.317 0.342 
479 CP00019957    (0)    2 :  0.342 0.316 0.343 
480 CP00019956    (0)    2 :  0.334 0.333 0.333 
481 CP00021025    (0)    2 :  0.341 0.319 0.341 
482 CP00021040    (0)    2 :  0.332 0.336 0.332 
483 CP00021044    (0)    2 :  0.313 0.376 0.312 
484 CP00021051    (0)    2 :  0.328 0.346 0.326 
485 CP00021058    (0)    2 :  0.342 0.313 0.345 
486 CP00019932    (0)    2 :  0.334 0.332 0.334 
487 CP00021060    (0)    2 :  0.351 0.298 0.350 
488 CP00021032    (0)    2 :  0.320 0.357 0.322 
489 CP00021048    (0)    2 :  0.346 0.306 0.347 
490 CP00021034    (0)    2 :  0.337 0.328 0.335 
491 CP00020262    (0)    2 :  0.343 0.316 0.341 
492 CP00021050    (0)    2 :  0.328 0.344 0.328 
493 CP00019950    (0)    2 :  0.339 0.321 0.340 
494 CP00019921    (0)    2 :  0.337 0.327 0.336 
495 CP00021023    (0)    2 :  0.326 0.348 0.326 
496 CP00019996    (0)    2 :  0.346 0.308 0.346 
497 CP00019949    (0)    2 :  0.342 0.318 0.340 
498 CP00019970    (0)    2 :  0.333 0.334 0.332 
499 CP00020329    (0)    2 :  0.320 0.355 0.324 
500 CP00019930    (0)    2 :  0.338 0.324 0.337 
501 CP00020009    (0)    2 :  0.341 0.317 0.342 
502 CP00021039    (0)    2 :  0.322 0.355 0.323 
503 CP00021061    (0)    2 :  0.327 0.346 0.327 
504 CP00021021    (0)    2 :  0.332 0.337 0.332 
505 CP00020327    (0)    2 :  0.324 0.349 0.327 
506 CP00021028    (0)    2 :  0.345 0.309 0.347 
507 CP00020263    (0)    2 :  0.342 0.312 0.346 
508 CP00019960    (0)    2 :  0.310 0.383 0.307 
509 CP00019922    (0)    2 :  0.346 0.312 0.342 
510 CP00019995    (0)    2 :  0.326 0.345 0.328 
511 CP00021062    (0)    2 :  0.340 0.316 0.344 
512 CP00021059    (0)    2 :  0.335 0.329 0.337 
513 CP00020011    (0)    2 :  0.336 0.329 0.336 
514 CP00019951    (0)    2 :  0.318 0.363 0.320 
515 CP00020268    (0)    2 :  0.339 0.323 0.338 
516 CP00019678    (0)    2 :  0.331 0.339 0.330 
517 CP00019952    (0)    2 :  0.322 0.356 0.322 
518 CP00021037    (0)    2 :  0.329 0.341 0.329 
519 CP00021042    (0)    2 :  0.342 0.316 0.342 
520 CP00021041    (0)    2 :  0.318 0.364 0.318 
521 CP00020010    (0)    2 :  0.338 0.325 0.337 
522 CP00021056    (0)    2 :  0.321 0.358 0.320 
523 CP00020012    (0)    2 :  0.329 0.341 0.330 
524 CP00021031    (0)    2 :  0.330 0.341 0.329 
525 CP00019958    (0)    2 :  0.343 0.312 0.344 
526 CP00019971    (0)    2 :  0.343 0.316 0.341 
527 CP00021026    (0)    2 :  0.342 0.317 0.341 
528 CP00020321    (0)    2 :  0.343 0.316 0.341 
529 CP00019972    (0)    2 :  0.316 0.365 0.318 
530 CP00021035    (0)    2 :  0.325 0.350 0.325 
531 CP00020264    (0)    2 :  0.341 0.320 0.340 
532 CP00021049    (0)    2 :  0.335 0.329 0.336 
533 CP00021033    (0)    2 :  0.316 0.366 0.318 
534 CP00019954    (0)    2 :  0.338 0.324 0.338 
535 CP00019931    (0)    2 :  0.347 0.307 0.346 
536 CP00021054    (0)    2 :  0.345 0.313 0.342 
537 CP00021029    (0)    2 :  0.316 0.367 0.317 
538 CP00021053    (0)    2 :  0.337 0.329 0.334 
539 CP00021022    (0)    2 :  0.321 0.359 0.320 
540 CP00021055    (0)    2 :  0.351 0.298 0.352 
541 CP00020718    (0)    2 :  0.345 0.311 0.344 
542 CP00020716    (0)    2 :  0.348 0.299 0.353 
543 CP00020696    (0)    2 :  0.323 0.351 0.327 
544 CP00020714    (0)    2 :  0.342 0.317 0.341 
545 CP00020682    (0)    2 :  0.334 0.331 0.334 
546 CP00020698    (0)    2 :  0.345 0.312 0.343 
547 CP00020697    (0)    2 :  0.318 0.365 0.317 
548 CP00020688    (0)    2 :  0.340 0.320 0.340 
549 CP00020687    (0)    2 :  0.339 0.323 0.338 
550 CP00020675    (0)    2 :  0.335 0.331 0.334 
551 CP00020717    (0)    2 :  0.338 0.325 0.336 
552 CP00020676    (0)    2 :  0.337 0.326 0.336 
553 CP00020704    (0)    2 :  0.348 0.304 0.348 
554 CP00020686    (0)    2 :  0.345 0.314 0.341 
555 CP00020699    (0)    2 :  0.325 0.351 0.324 
556 CP00020700    (0)    2 :  0.324 0.348 0.327 
557 CP00020689    (0)    2 :  0.328 0.345 0.327 
558 CP00020566    (0)    2 :  0.346 0.309 0.345 
559 CP00020360    (0)    2 :  0.345 0.311 0.343 
560 CP00020345    (0)    2 :  0.344 0.314 0.343 
561 CP00020357    (0)    2 :  0.342 0.316 0.342 
562 CP00020352    (0)    2 :  0.338 0.325 0.338 
563 CP00020353    (0)    2 :  0.341 0.318 0.341 
564 CP00020342    (0)    2 :  0.336 0.326 0.338 
565 CP00020367    (0)    2 :  0.304 0.392 0.304 
566 CP00020561    (0)    2 :  0.343 0.314 0.343 
567 CP00020343    (0)    2 :  0.334 0.331 0.334 
568 CP00020569    (0)    2 :  0.346 0.309 0.345 
569 CP00020554    (0)    2 :  0.335 0.329 0.336 
570 CP00020355    (0)    2 :  0.337 0.328 0.335 
571 CP00020356    (0)    2 :  0.344 0.313 0.343 
572 CP00020562    (0)    2 :  0.306 0.387 0.307 
573 CP00020563    (0)    2 :  0.335 0.332 0.333 
574 CP00020564    (0)    2 :  0.324 0.355 0.321 
575 CP00020341    (0)    2 :  0.321 0.358 0.321 
576 CP00020695    (0)    2 :  0.353 0.296 0.352 
577 CP00020363    (0)    2 :  0.338 0.325 0.337 
578 CP00020362    (0)    2 :  0.349 0.301 0.350 
579 CP00020359    (0)    2 :  0.334 0.331 0.335 
580 CP00020551    (0)    2 :  0.337 0.324 0.338 
581 CP00020365    (0)    2 :  0.338 0.325 0.338 
582 CP00020712    (0)    2 :  0.332 0.337 0.332 
583 CP00020556    (0)    2 :  0.346 0.305 0.349 
584 CP00020559    (0)    2 :  0.339 0.322 0.338 
585 CP00020350    (0)    2 :  0.342 0.315 0.343 
586 CP00020570    (0)    2 :  0.338 0.325 0.336 
587 CP00020552    (0)    2 :  0.343 0.315 0.342 
588 CP00020560    (0)    2 :  0.337 0.325 0.338 
589 CP00020567    (0)    2 :  0.335 0.333 0.332 
590 CP00020346    (0)    2 :  0.341 0.317 0.342 
591 CP00020347    (0)    2 :  0.344 0.313 0.343 
592 CP00020558    (0)    2 :  0.340 0.320 0.340 
593 CP00020557    (0)    2 :  0.338 0.324 0.338 
594 CP00020361    (0)    2 :  0.324 0.350 0.326 
595 CP00020368    (0)    2 :  0.334 0.331 0.335 
596 CP00020348    (0)    2 :  0.319 0.360 0.321 
597 CP00020370    (0)    2 :  0.337 0.326 0.337 
598 CP00020358    (0)    2 :  0.332 0.338 0.330 
599 CP00020349    (0)    2 :  0.334 0.332 0.333 
600 CP00020553    (0)    2 :  0.324 0.348 0.327 
601 CP00020344    (0)    2 :  0.345 0.308 0.347 
602 CP00020555    (0)    2 :  0.338 0.322 0.339 
603 CP00020354    (0)    2 :  0.341 0.318 0.341 
604 CP00020565    (0)    2 :  0.349 0.301 0.350 
605 CP00020690    (0)    2 :  0.337 0.328 0.335 
606 CP00020702    (0)    2 :  0.330 0.339 0.331 
607 CP00020711    (0)    2 :  0.349 0.301 0.350 
608 CP00020692    (0)    2 :  0.325 0.350 0.325 
609 CP00020685    (0)    2 :  0.339 0.320 0.340 
610 CP00020703    (0)    2 :  0.344 0.318 0.339 
611 CP00020681    (0)    2 :  0.331 0.339 0.330 
612 CP00020706    (0)    2 :  0.328 0.344 0.328 
613 CP00020710    (0)    2 :  0.335 0.329 0.336 
614 CP00020672    (0)    2 :  0.342 0.316 0.342 
615 CP00020677    (0)    2 :  0.334 0.333 0.333 
616 CP00020691    (0)    2 :  0.342 0.317 0.341 
617 CP00020680    (0)    2 :  0.332 0.336 0.333 
618 CP00020709    (0)    2 :  0.329 0.345 0.327 
619 CP00020679    (0)    2 :  0.324 0.351 0.325 
620 CP00020671    (0)    2 :  0.328 0.343 0.328 
621 CP00020719    (0)    2 :  0.339 0.325 0.336 
622 CP00020693    (0)    2 :  0.342 0.316 0.342 
623 CP00020708    (0)    2 :  0.332 0.339 0.329 
624 CP00020705    (0)    2 :  0.337 0.327 0.336 
625 CP00020720    (0)    2 :  0.341 0.319 0.340 
626 CP00020707    (0)    2 :  0.330 0.341 0.329 
627 CP00020674    (0)    2 :  0.331 0.339 0.330 
628 CP00020673    (0)    2 :  0.348 0.305 0.348 
629 CP00020701    (0)    2 :  0.310 0.378 0.311 
630 CP00020713    (0)    2 :  0.331 0.338 0.331 
631 CP00020715    (0)    2 :  0.333 0.336 0.331 
632 CP00017120    (0)    2 :  0.344 0.311 0.345 
633 CP00017077    (0)    2 :  0.344 0.313 0.343 
634 CP00017117    (0)    2 :  0.328 0.347 0.325 
635 CP00017100    (0)    2 :  0.331 0.340 0.329 
636 CP00017118    (0)    2 :  0.344 0.314 0.342 
637 CP00017083    (0)    2 :  0.339 0.322 0.338 
638 CP00017085    (0)    2 :  0.351 0.300 0.349 
639 CP00017097    (0)    2 :  0.320 0.359 0.320 
640 CP00017092    (0)    2 :  0.326 0.347 0.327 
641 CP00017038    (0)    2 :  0.344 0.312 0.344 
642 CP00017067    (0)    2 :  0.330 0.340 0.330 
643 CP00017017    (0)    3 :  0.330 0.343 0.327 
644 CP00017012    (0)    3 :  0.322 0.353 0.325 
645 CP00017036    (0)    2 :  0.328 0.346 0.326 
646 CP00017040    (0)    2 :  0.317 0.364 0.319 
647 CP00017046    (0)    2 :  0.317 0.367 0.316 
648 CP00017059    (0)    2 :  0.325 0.347 0.328 
649 CP00017043    (0)    2 :  0.337 0.324 0.339 
650 CP00017080    (0)    2 :  0.319 0.359 0.322 
651 CP00017079    (0)    2 :  0.316 0.366 0.319 
652 CP00017056    (0)    2 :  0.342 0.316 0.342 
653 CP00017057    (0)    2 :  0.326 0.351 0.324 
654 CP00017058    (0)    2 :  0.335 0.331 0.335 
655 CP00017087    (0)    2 :  0.311 0.378 0.311 
656 CP00017072    (0)    2 :  0.336 0.327 0.337 
657 CP00017075    (0)    2 :  0.327 0.349 0.324 
658 CP00017078    (0)    2 :  0.341 0.318 0.341 
659 CP00017053    (0)    2 :  0.324 0.352 0.324 
660 CP00017052    (0)    2 :  0.338 0.324 0.338 
661 CP00017119    (0)    2 :  0.332 0.335 0.333 
662 CP00017099    (0)    2 :  0.340 0.322 0.339 
663 CP00017095    (0)    2 :  0.335 0.329 0.336 
664 CP00017115    (0)    2 :  0.344 0.311 0.344 
665 CP00017091    (0)    2 :  0.307 0.384 0.308 
666 CP00017098    (0)    2 :  0.333 0.338 0.329 
667 CP00017116    (0)    2 :  0.342 0.316 0.342 
668 CP00017114    (0)    2 :  0.340 0.320 0.340 
669 CP00017061    (0)    2 :  0.342 0.316 0.343 
670 CP00017064    (0)    2 :  0.342 0.316 0.341 
671 CP00017021    (0)    2 :  0.343 0.312 0.345 
672 CP00017042    (0)    2 :  0.324 0.352 0.323 
673 CP00017018    (0)    3 :  0.323 0.355 0.322 
674 CP00017011    (0)    3 :  0.351 0.298 0.351 
675 CP00017049    (0)    2 :  0.341 0.317 0.342 
676 CP00017023    (0)    3 :  0.336 0.327 0.337 
677 CP00017014    (0)    3 :  0.337 0.328 0.335 
678 CP00017070    (0)    2 :  0.333 0.335 0.332 
679 CP00017109    (0)    2 :  0.314 0.373 0.314 
680 CP00017068    (0)    2 :  0.329 0.341 0.330 
681 CP00017025    (0)    3 :  0.325 0.348 0.327 
682 CP00017015    (0)    3 :  0.339 0.322 0.339 
683 CP00017020    (0)    3 :  0.342 0.313 0.345 
684 CP00017110    (0)    2 :  0.330 0.341 0.329 
685 CP00017016    (0)    3 :  0.335 0.331 0.334 
686 CP00017027    (0)    3 :  0.329 0.343 0.328 
687 CP00017048    (0)    2 :  0.345 0.306 0.348 
688 CP00017094    (0)    2 :  0.328 0.345 0.327 
689 CP00017022    (0)    3 :  0.316 0.368 0.316 
690 CP00017055    (0)    2 :  0.330 0.342 0.328 
691 CP00017054    (0)    2 :  0.340 0.323 0.336 
692 CP00017024    (0)    3 :  0.331 0.335 0.334 
693 CP00017030    (0)    3 :  0.334 0.331 0.336 
694 CP00017096    (0)    2 :  0.343 0.313 0.344 
695 CP00017065    (0)    2 :  0.337 0.328 0.335 
696 CP00017050    (0)    2 :  0.337 0.327 0.336 
697 CP00017063    (0)    2 :  0.344 0.311 0.345 
698 CP00017051    (0)    2 :  0.338 0.324 0.339 
699 CP00017013    (0)    3 :  0.320 0.362 0.319 
700 CP00017076    (0)    2 :  0.329 0.341 0.330 
701 CP00017073    (0)    2 :  0.346 0.309 0.346 
702 CP00017033    (0)    2 :  0.339 0.322 0.339 
703 CP00017028    (0)    3 :  0.332 0.336 0.332 
704 CP00017031    (0)    2 :  0.326 0.351 0.323 
705 CP00017026    (0)    3 :  0.338 0.323 0.339 
706 CP00017035    (0)    2 :  0.323 0.357 0.321 
707 CP00017029    (0)    3 :  0.330 0.338 0.332 
708 CP00017111    (0)    2 :  0.345 0.307 0.348 
709 CP00017044    (0)    2 :  0.345 0.311 0.344 
710 CP00017113    (0)    2 :  0.338 0.325 0.337 
711 CP00017041    (0)    2 :  0.350 0.302 0.348 
712 CP00017069    (0)    2 :  0.339 0.325 0.337 
713 CP00017019    (0)    3 :  0.303 0.395 0.302 
714 CP00017034    (0)    2 :  0.328 0.344 0.329 
715 CP00017002    (0)    3 :  0.340 0.319 0.341 
716 CP00017047    (0)    2 :  0.337 0.327 0.336 
717 CP00017060    (0)    2 :  0.324 0.352 0.324 
718 CP00017037    (0)    2 :  0.329 0.341 0.330 
719 CP00017112    (0)    2 :  0.331 0.340 0.330 
720 CP00017090    (0)    2 :  0.325 0.352 0.323 
721 CP00049957    (0)    2 :  0.327 0.346 0.328 
722 CP00049253    (0)    2 :  0.331 0.338 0.331 
723 CP00049224    (0)    2 :  0.337 0.327 0.336 
724 CP00049921    (0)    2 :  0.340 0.321 0.339 
725 CP00049412    (0)    2 :  0.341 0.319 0.340 
726 CP00049935    (0)    2 :  0.346 0.308 0.346 
727 CP00049959    (0)    2 :  0.318 0.364 0.318 
728 CP00049956    (0)    2 :  0.319 0.363 0.318 
729 CP00049958    (0)    2 :  0.328 0.342 0.330 
730 CP00049384    (0)    2 :  0.328 0.342 0.329 
731 CP00049386    (0)    2 :  0.336 0.326 0.338 
732 CP00049400    (0)    2 :  0.316 0.365 0.319 
733 CP00049392    (0)    2 :  0.337 0.327 0.336 
734 CP00049409    (0)    2 :  0.344 0.313 0.343 
735 CP00049394    (0)    2 :  0.327 0.347 0.326 
736 CP00049262    (0)    2 :  0.332 0.337 0.332 
737 CP00049939    (0)    2 :  0.331 0.336 0.333 
738 CP00049264    (0)    2 :  0.322 0.358 0.320 
739 CP00049221    (0)    2 :  0.340 0.320 0.340 
740 CP00049266    (0)    2 :  0.343 0.317 0.341 
741 CP00049391    (0)    2 :  0.317 0.365 0.318 
742 CP00049405    (0)    2 :  0.350 0.303 0.347 
743 CP00049404    (0)    2 :  0.341 0.319 0.341 
744 CP00049393    (0)    2 :  0.328 0.346 0.326 
745 CP00049408    (0)    2 :  0.347 0.305 0.348 
746 CP00049410    (0)    2 :  0.337 0.327 0.335 
747 CP00049407    (0)    2 :  0.338 0.325 0.337 
748 CP00049250    (0)    2 :  0.323 0.353 0.324 
749 CP00049255    (0)    2 :  0.326 0.348 0.326 
750 CP00049257    (0)    2 :  0.343 0.313 0.343 
751 CP00049258    (0)    2 :  0.341 0.317 0.342 
752 CP00049248    (0)    2 :  0.333 0.334 0.333 
753 CP00049251    (0)    2 :  0.332 0.336 0.332 
754 CP00049265    (0)    2 :  0.335 0.329 0.336 
755 CP00049385    (0)    2 :  0.327 0.343 0.330 
756 CP00049397    (0)    2 :  0.328 0.344 0.328 
757 CP00049398    (0)    2 :  0.334 0.332 0.334 
758 CP00049244    (0)    2 :  0.327 0.346 0.327 
759 CP00049406    (0)    2 :  0.323 0.354 0.323 
760 CP00049411    (0)    2 :  0.349 0.303 0.348 
761 CP00049399    (0)    2 :  0.338 0.327 0.335 
762 CP00049401    (0)    2 :  0.330 0.338 0.332 
763 CP00049403    (0)    2 :  0.329 0.343 0.328 
764 CP00049941    (0)    2 :  0.326 0.349 0.325 
765 CP00049955    (0)    2 :  0.343 0.318 0.339 
766 CP00049233    (0)    2 :  0.346 0.308 0.346 
767 CP00049228    (0)    2 :  0.333 0.335 0.332 
768 CP00049954    (0)    2 :  0.327 0.343 0.330 
769 CP00049944    (0)    2 :  0.341 0.320 0.339 
770 CP00049260    (0)    2 :  0.315 0.370 0.315 
771 CP00049268    (0)    2 :  0.350 0.302 0.348 
772 CP00049239    (0)    2 :  0.324 0.354 0.322 
773 CP00049946    (0)    2 :  0.348 0.305 0.347 
774 CP00049232    (0)    2 :  0.338 0.323 0.339 
775 CP00049256    (0)    2 :  0.333 0.334 0.333 
776 CP00049259    (0)    2 :  0.337 0.329 0.334 
777 CP00049943    (0)    2 :  0.343 0.313 0.344 
778 CP00049930    (0)    2 :  0.336 0.329 0.336 
779 CP00049388    (0)    2 :  0.328 0.348 0.325 
780 CP00049413    (0)    2 :  0.330 0.337 0.333 
781 CP00049230    (0)    2 :  0.333 0.335 0.332 
782 CP00049226    (0)    2 :  0.328 0.344 0.328 
783 CP00049925    (0)    2 :  0.331 0.337 0.331 
784 CP00049387    (0)    2 :  0.333 0.338 0.329 
785 CP00049241    (0)    2 :  0.319 0.360 0.321 
786 CP00049236    (0)    2 :  0.339 0.320 0.341 
787 CP00049225    (0)    2 :  0.334 0.332 0.333 
788 CP00049229    (0)    2 :  0.340 0.321 0.339 
789 CP00049960    (0)    2 :  0.340 0.318 0.342 
790 CP00049242    (0)    2 :  0.326 0.348 0.326 
791 CP00049940    (0)    2 :  0.341 0.321 0.338 
792 CP00049948    (0)    2 :  0.338 0.326 0.337 
793 CP00049949    (0)    2 :  0.322 0.357 0.322 
794 CP00049254    (0)    2 :  0.325 0.350 0.326 
795 CP00049267    (0)    2 :  0.310 0.379 0.311 
796 CP00049261    (0)    2 :  0.335 0.330 0.336 
797 CP00049235    (0)    2 :  0.327 0.347 0.326 
798 CP00049953    (0)    2 :  0.333 0.336 0.331 
799 CP00049923    (0)    2 :  0.320 0.361 0.319 
800 CP00049947    (0)    2 :  0.344 0.314 0.342 
801 CP00049234    (0)    2 :  0.320 0.358 0.322 
802 CP00049389    (0)    2 :  0.343 0.315 0.343 
803 CP00049414    (0)    2 :  0.327 0.346 0.327 
804 CP00049390    (0)    2 :  0.342 0.314 0.344 
805 CP00049402    (0)    2 :  0.322 0.356 0.322 
806 CP00049396    (0)    2 :  0.334 0.333 0.333 
807 CP00049934    (0)    2 :  0.334 0.333 0.333 
808 CP00049246    (0)    2 :  0.314 0.373 0.313 
809 CP00049238    (0)    2 :  0.335 0.328 0.336 
810 CP00049945    (0)    2 :  0.337 0.329 0.334 
811 CP00049938    (0)    2 :  0.326 0.347 0.327 
812 CP00049928    (0)    2 :  0.324 0.350 0.326 
813 CP00049247    (0)    2 :  0.339 0.323 0.338 
814 CP00049240    (0)    2 :  0.328 0.345 0.327 
815 CP00049237    (0)    2 :  0.339 0.324 0.337 
816 CP00049243    (0)    2 :  0.337 0.328 0.336 
817 CP00049926    (0)    2 :  0.318 0.362 0.319 
818 CP00049245    (0)    2 :  0.343 0.315 0.342 
819 CP00049936    (0)    2 :  0.335 0.328 0.337 
820 CP00049927    (0)    2 :  0.340 0.323 0.337 
821 CP00049924    (0)    2 :  0.343 0.316 0.342 
822 CP00049222    (0)    2 :  0.334 0.335 0.331 
823 CP00049922    (0)    2 :  0.308 0.383 0.308 
824 CP00020222    (0)    2 :  0.347 0.307 0.346 
825 CP00020248    (0)    2 :  0.336 0.328 0.336 
826 CP00020246    (0)    2 :  0.338 0.325 0.337 
827 CP00020250    (0)    2 :  0.347 0.306 0.347 
828 CP00020247    (0)    2 :  0.346 0.313 0.341 
829 CP00020245    (0)    2 :  0.332 0.333 0.335 
830 CP00020253    (0)    2 :  0.334 0.331 0.335 
831 CP00020254    (0)    2 :  0.331 0.338 0.330 
832 CP00020227    (0)    2 :  0.323 0.356 0.321 
833 CP00020252    (0)    2 :  0.323 0.351 0.326 
834 CP00020251    (0)    2 :  0.330 0.340 0.330 
835 CP00020241    (0)    2 :  0.350 0.300 0.350 
836 CP00020240    (0)    2 :  0.334 0.331 0.334 
837 CP00020258    (0)    2 :  0.314 0.372 0.314 
838 CP00020150    (0)    2 :  0.332 0.335 0.333 
839 CP00020128    (0)    2 :  0.327 0.344 0.329 
840 CP00020224    (0)    2 :  0.344 0.314 0.343 
841 CP00020136    (0)    2 :  0.337 0.328 0.335 
842 CP00020126    (0)    2 :  0.336 0.329 0.335 
843 CP00020151    (0)    2 :  0.332 0.335 0.333 
844 CP00020130    (0)    2 :  0.341 0.318 0.341 
845 CP00020123    (0)    2 :  0.329 0.339 0.332 
846 CP00020129    (0)    2 :  0.342 0.316 0.341 
847 CP00020225    (0)    2 :  0.349 0.302 0.349 
848 CP00020161    (0)    2 :  0.346 0.307 0.347 
849 CP00020138    (0)    2 :  0.331 0.336 0.333 
850 CP00020239    (0)    2 :  0.334 0.332 0.334 
851 CP00020259    (0)    2 :  0.342 0.314 0.344 
852 CP00020135    (0)    2 :  0.347 0.306 0.347 
853 CP00020238    (0)    2 :  0.328 0.343 0.329 
854 CP00020234    (0)    2 :  0.337 0.326 0.337 
855 CP00020273    (0)    2 :  0.340 0.321 0.340 
856 CP00020282    (0)    2 :  0.344 0.312 0.343 
857 CP00020158    (0)    2 :  0.336 0.324 0.340 
858 CP00020243    (0)    2 :  0.354 0.292 0.354 
859 CP00020221    (0)    2 :  0.333 0.334 0.333 
860 CP00020229    (0)    2 :  0.339 0.321 0.339 
861 CP00020276    (0)    2 :  0.339 0.320 0.341 
862 CP00020146    (0)    2 :  0.309 0.382 0.308 
863 CP00020124    (0)    2 :  0.331 0.339 0.331 
864 CP00020156    (0)    2 :  0.341 0.318 0.341 
865 CP00020145    (0)    2 :  0.338 0.325 0.336 
866 CP00020125    (0)    2 :  0.351 0.297 0.352 
867 CP00020278    (0)    2 :  0.329 0.339 0.331 
868 CP00020132    (0)    2 :  0.346 0.306 0.348 
869 CP00020137    (0)    2 :  0.337 0.327 0.336 
870 CP00020127    (0)    2 :  0.336 0.328 0.336 
871 CP00020131    (0)    2 :  0.347 0.308 0.345 
872 CP00020260    (0)    2 :  0.324 0.352 0.324 
873 CP00020155    (0)    2 :  0.321 0.359 0.320 
874 CP00020141    (0)    2 :  0.342 0.316 0.343 
875 CP00020143    (0)    2 :  0.350 0.302 0.348 
876 CP00020142    (0)    2 :  0.338 0.324 0.337 
877 CP00020256    (0)    2 :  0.345 0.310 0.345 
878 CP00020170    (0)    2 :  0.331 0.339 0.330 
879 CP00020140    (0)    2 :  0.344 0.310 0.345 
880 CP00020147    (0)    2 :  0.329 0.342 0.329 
881 CP00020163    (0)    2 :  0.351 0.296 0.353 
882 CP00020152    (0)    2 :  0.333 0.337 0.330 
883 CP00020139    (0)    2 :  0.324 0.351 0.325 
884 CP00020162    (0)    2 :  0.350 0.298 0.352 
885 CP00020166    (0)    2 :  0.334 0.331 0.335 
886 CP00020226    (0)    2 :  0.340 0.321 0.339 
887 CP00020154    (0)    2 :  0.337 0.327 0.336 
888 CP00020257    (0)    2 :  0.323 0.355 0.322 
889 CP00020242    (0)    2 :  0.339 0.321 0.340 
890 CP00020148    (0)    2 :  0.314 0.370 0.316 
891 CP00020271    (0)    2 :  0.353 0.293 0.354 
892 CP00020233    (0)    2 :  0.318 0.365 0.317 
893 CP00020275    (0)    2 :  0.332 0.338 0.330 
894 CP00020244    (3)    2 :  0.321 0.356 0.322 
895 CP00020230    (0)    2 :  0.331 0.335 0.334 
896 CP00020279    (0)    2 :  0.334 0.336 0.330 
897 CP00020159    (0)    2 :  0.331 0.334 0.334 
898 CP00020237    (0)    2 :  0.329 0.341 0.331 
899 CP00020231    (0)    2 :  0.342 0.318 0.340 
900 CP00020281    (0)    2 :  0.335 0.329 0.336 
901 CP00020167    (0)    2 :  0.346 0.305 0.349 
902 CP00020122    (0)    2 :  0.351 0.297 0.352 
903 CP00020121    (0)    2 :  0.340 0.319 0.342 
904 CP00020157    (0)    2 :  0.315 0.372 0.314 
905 CP00020144    (0)    2 :  0.334 0.334 0.332 
906 CP00020164    (0)    2 :  0.319 0.364 0.318 
907 CP00020165    (0)    2 :  0.330 0.339 0.331 
908 CP00020255    (0)    2 :  0.324 0.352 0.323 
909 CP00020134    (0)    2 :  0.350 0.302 0.348 
910 CP00020149    (0)    2 :  0.329 0.343 0.328 
911 CP00020160    (0)    2 :  0.325 0.352 0.323 
912 CP00020228    (0)    2 :  0.340 0.319 0.340 
913 CP00020272    (0)    2 :  0.334 0.331 0.335 
914 CP00020274    (0)    2 :  0.311 0.378 0.311 
915 CP00020235    (0)    2 :  0.339 0.320 0.341 
916 CP00020280    (0)    2 :  0.329 0.343 0.328 
917 CP00020232    (0)    2 :  0.335 0.330 0.335 
918 CP00020277    (0)    2 :  0.318 0.362 0.320 
919 CP00020236    (0)    2 :  0.327 0.345 0.328 
920 CP00020223    (0)    2 :  0.342 0.315 0.342 
921 CP00016184    (0)    3 :  0.328 0.345 0.327 
922 CP00016197    (0)    3 :  0.335 0.331 0.334 
923 CP00016020    (0)    1 :  0.334 0.334 0.332 
924 CP00016181    (0)    3 :  0.330 0.340 0.330 
925 CP00016212    (0)    3 :  0.337 0.324 0.338 
926 CP00016215    (0)    3 :  0.321 0.356 0.323 
927 CP00016040    (0)    3 :  0.312 0.376 0.312 
928 CP00016051    (0)    3 :  0.332 0.336 0.332 
929 CP00016211    (0)    3 :  0.348 0.303 0.349 
930 CP00016049    (0)    3 :  0.336 0.327 0.336 
931 CP00016177    (0)    3 :  0.346 0.308 0.347 
932 CP00016060    (0)    3 :  0.339 0.322 0.340 
933 CP00016216    (0)    3 :  0.330 0.341 0.330 
934 CP00016059    (0)    3 :  0.342 0.316 0.341 
935 CP00016058    (0)    3 :  0.333 0.334 0.333 
936 CP00016178    (0)    3 :  0.341 0.317 0.342 
937 CP00016055    (0)    3 :  0.341 0.318 0.341 
938 CP00016038    (0)    3 :  0.349 0.304 0.347 
939 CP00016056    (0)    3 :  0.318 0.362 0.320 
940 CP00016185    (0)    3 :  0.345 0.310 0.345 
941 CP00016053    (0)    3 :  0.328 0.342 0.330 
942 CP00016044    (0)    1 :  0.327 0.344 0.329 
943 CP00016173    (0)    3 :  0.347 0.308 0.345 
944 CP00016213    (0)    3 :  0.336 0.327 0.337 
945 CP00016043    (0)    1 :  0.323 0.358 0.319 
946 CP00016196    (0)    3 :  0.345 0.311 0.345 
947 CP00016034    (0)    3 :  0.325 0.353 0.322 
948 CP00016182    (0)    3 :  0.336 0.329 0.335 
949 CP00016042    (0)    1 :  0.343 0.314 0.343 
950 CP00016002    (0)    1 :  0.322 0.357 0.321 
951 CP00016006    (0)    1 :  0.337 0.326 0.336 
952 CP00016005    (0)    1 :  0.321 0.357 0.322 
953 CP00016019    (0)    1 :  0.329 0.341 0.330 
954 CP00016190    (0)    3 :  0.321 0.354 0.324 
955 CP00016036    (0)    3 :  0.345 0.308 0.347 
956 CP00016008    (0)    1 :  0.339 0.325 0.336 
957 CP00016183    (0)    3 :  0.325 0.352 0.324 
958 CP00016208    (0)    3 :  0.339 0.324 0.337 
959 CP00016203    (0)    3 :  0.332 0.337 0.331 
960 CP00016172    (0)    3 :  0.340 0.320 0.340 
961 CP00016194    (0)    3 :  0.331 0.337 0.331 
962 CP00016218    (0)    3 :  0.342 0.314 0.344 
963 CP00016205    (0)    3 :  0.348 0.299 0.353 
964 CP00016050    (0)    3 :  0.334 0.333 0.333 
965 CP00016199    (0)    3 :  0.332 0.335 0.333 
966 CP00016201    (0)    3 :  0.333 0.336 0.331 
967 CP00016200    (0)    3 :  0.342 0.318 0.340 
968 CP00016004    (0)    1 :  0.328 0.346 0.326 
969 CP00016032    (0)    3 :  0.353 0.295 0.351 
970 CP00016195    (0)    3 :  0.324 0.353 0.323 
971 CP00016033    (0)    3 :  0.331 0.339 0.330 
972 CP00016012    (0)    1 :  0.338 0.325 0.337 
973 CP00016192    (0)    3 :  0.332 0.336 0.332 
974 CP00016217    (0)    3 :  0.338 0.325 0.337 
975 CP00016007    (0)    1 :  0.320 0.361 0.318 
976 CP00016191    (0)    3 :  0.321 0.359 0.320 
977 CP00016013    (0)    1 :  0.349 0.302 0.349 
978 CP00016204    (0)    3 :  0.319 0.360 0.321 
979 CP00016016    (0)    1 :  0.329 0.341 0.330 
980 CP00016206    (0)    3 :  0.331 0.336 0.332 
981 CP00016202    (0)    3 :  0.335 0.331 0.334 
982 CP00016009    (0)    1 :  0.332 0.336 0.331 
983 CP00016018    (0)    1 :  0.348 0.301 0.350 
984 CP00016052    (0)    3 :  0.345 0.310 0.344 
985 CP00016035    (0)    3 :  0.338 0.322 0.340 
986 CP00016054    (0)    3 :  0.320 0.358 0.322 
987 CP00016037    (0)    3 :  0.340 0.321 0.339 
988 CP00016039    (0)    3 :  0.331 0.341 0.329 
989 CP00016047    (0)    3 :  0.327 0.343 0.330 
990 CP00016048    (0)    3 :  0.338 0.322 0.340 
991 CP00016179    (0)    3 :  0.327 0.343 0.330 
992 CP00016180    (3)    3 :  0.337 0.325 0.338 
993 CP00016057    (0)    3 :  0.325 0.348 0.327 
994 CP00016189    (0)    3 :  0.323 0.353 0.324 
995 CP00016210    (0)    3 :  0.331 0.337 0.331 
996 CP00016209    (0)    3 :  0.318 0.362 0.319 
997 CP00016220    (0)    3 :  0.320 0.357 0.323 
998 CP00016198    (0)    3 :  0.325 0.347 0.327 
999 CP00016003    (0)    1 :  0.318 0.365 0.317 
1000 CP00016207    (0)    3 :  0.322 0.357 0.321 
1001 CP00016014    (0)    1 :  0.338 0.325 0.337 
1002 CP00016045    (0)    1 :  0.328 0.343 0.329 
1003 CP00016187    (0)    3 :  0.341 0.317 0.342 
1004 CP00016186    (0)    3 :  0.349 0.301 0.350 
1005 CP00016188    (0)    3 :  0.334 0.328 0.338 
1006 CP00016046    (0)    3 :  0.351 0.302 0.348 
1007 CP00016011    (0)    1 :  0.339 0.321 0.340 
1008 CP00016041    (0)    1 :  0.341 0.315 0.344 
1009 CP00016171    (0)    3 :  0.331 0.338 0.331 
1010 CP00016219    (0)    3 :  0.328 0.343 0.329 
1011 CP00016031    (0)    3 :  0.334 0.333 0.333 
1012 CP00016193    (0)    3 :  0.352 0.296 0.352 
1013 CP00016229    (0)    2 :  0.344 0.313 0.344 
1014 CP00015060    (0)    2 :  0.340 0.321 0.339 
1015 CP00016251    (0)    2 :  0.334 0.334 0.333 
1016 CP00015026    (0)    2 :  0.352 0.298 0.350 
1017 CP00015055    (0)    2 :  0.350 0.303 0.347 
1018 CP00016240    (0)    1 :  0.318 0.366 0.317 
1019 CP00016266    (0)    1 :  0.347 0.308 0.345 
1020 CP00016257    (0)    2 :  0.320 0.361 0.320 
1021 CP00015024    (0)    2 :  0.325 0.349 0.326 
1022 CP00015025    (0)    2 :  0.309 0.378 0.313 
1023 CP00049493    (0)    2 :  0.323 0.354 0.323 
1024 CP00016252    (0)    2 :  0.343 0.315 0.342 
1025 CP00015040    (0)    2 :  0.339 0.320 0.340 
1026 CP00015058    (0)    1 :  0.336 0.330 0.334 
1027 CP00049491    (0)    1 :  0.330 0.342 0.328 
1028 CP00015046    (0)    1 :  0.324 0.350 0.326 
1029 CP00015028    (0)    1 :  0.337 0.327 0.336 
1030 CP00015047    (0)    1 :  0.340 0.321 0.339 
1031 CP00016226    (0)    1 :  0.309 0.383 0.309 
1032 CP00016238    (0)    1 :  0.336 0.327 0.337 
1033 CP00016248    (0)    1 :  0.334 0.334 0.332 
1034 CP00015041    (0)    1 :  0.329 0.342 0.329 
1035 CP00049496    (0)    1 :  0.333 0.332 0.335 
1036 CP00015037    (0)    1 :  0.330 0.338 0.332 
1037 CP00015048    (0)    1 :  0.339 0.324 0.337 
1038 CP00016250    (0)    1 :  0.334 0.336 0.330 
1039 CP00015051    (0)    1 :  0.320 0.360 0.320 
1040 CP00016230    (0)    1 :  0.342 0.317 0.341 
1041 CP00015027    (0)    1 :  0.322 0.354 0.324 
1042 CP00049498    (0)    1 :  0.341 0.316 0.343 
1043 CP00016237    (0)    1 :  0.324 0.350 0.326 
1044 CP00016270    (0)    1 :  0.335 0.330 0.335 
1045 CP00015031    (0)    1 :  0.311 0.378 0.311 
1046 CP00016267    (0)    1 :  0.342 0.318 0.340 
1047 CP00016265    (0)    1 :  0.343 0.316 0.341 
1048 CP00016247    (0)    1 :  0.335 0.332 0.333 
1049 CP00015043    (0)    1 :  0.343 0.314 0.343 
1050 CP00016262    (0)    1 :  0.320 0.361 0.320 
1051 CP00016264    (0)    1 :  0.345 0.306 0.349 
1052 CP00049495    (0)    1 :  0.338 0.322 0.340 
1053 CP00016263    (0)    3 :  0.328 0.343 0.329 
1054 CP00015032    (0)    1 :  0.335 0.329 0.336 
1055 CP00015023    (0)    1 :  0.329 0.343 0.328 
1056 CP00016234    (0)    1 :  0.344 0.310 0.347 
1057 CP00015050    (0)    1 :  0.343 0.313 0.344 
1058 CP00015044    (0)    1 :  0.328 0.346 0.326 
1059 CP00015049    (0)    1 :  0.337 0.327 0.336 
1060 CP00016255    (0)    1 :  0.343 0.313 0.343 
1061 CP00016242    (0)    1 :  0.310 0.380 0.311 
1062 CP00049499    (0)    1 :  0.336 0.326 0.338 
1063 CP00016258    (0)    1 :  0.327 0.347 0.326 
1064 CP00016223    (0)    1 :  0.344 0.310 0.346 
1065 CP00015038    (0)    1 :  0.339 0.322 0.339 
1066 CP00016268    (0)    1 :  0.342 0.318 0.340 
1067 CP00049494    (0)    1 :  0.339 0.321 0.340 
1068 CP00016243    (0)    1 :  0.328 0.343 0.329 
1069 CP00016241    (0)    1 :  0.344 0.312 0.344 
1070 CP00016244    (0)    1 :  0.340 0.321 0.340 
1071 CP00015034    (0)    1 :  0.336 0.326 0.338 
1072 CP00016259    (0)    1 :  0.317 0.368 0.315 
1073 CP00016249    (0)    1 :  0.325 0.347 0.328 
1074 CP00015033    (0)    1 :  0.338 0.321 0.341 
1075 CP00015035    (0)    1 :  0.324 0.351 0.325 
1076 CP00015036    (0)    1 :  0.344 0.310 0.346 
1077 CP00016269    (0)    1 :  0.322 0.357 0.321 
1078 CP00049500    (0)    1 :  0.340 0.321 0.340 
1079 CP00015029    (0)    1 :  0.334 0.333 0.334 
1080 CP00015030    (0)    1 :  0.330 0.339 0.331 
1081 CP00016261    (0)    1 :  0.346 0.307 0.347 
1082 CP00015059    (0)    1 :  0.317 0.363 0.321 
1083 CP00016256    (0)    1 :  0.327 0.347 0.325 
1084 CP00015045    (0)    1 :  0.323 0.353 0.325 
1085 CP00015054    (0)    1 :  0.325 0.348 0.327 
1086 CP00015052    (0)    1 :  0.315 0.370 0.315 
1087 CP00015053    (0)    1 :  0.347 0.307 0.346 
1088 CP00016239    (0)    1 :  0.321 0.355 0.325 
1089 CP00015057    (0)    1 :  0.338 0.323 0.339 
1090 CP00016246    (0)    1 :  0.330 0.337 0.333 
1091 CP00016221    (0)    1 :  0.342 0.319 0.338 
1092 CP00016225    (0)    1 :  0.323 0.355 0.322 
1093 CP00016222    (0)    1 :  0.323 0.351 0.326 
1094 CP00016224    (0)    1 :  0.335 0.332 0.333 
1095 CP00016232    (0)    1 :  0.324 0.349 0.327 
1096 CP00016236    (0)    1 :  0.337 0.328 0.336 
1097 CP00015021    (0)    1 :  0.335 0.333 0.331 
1098 CP00015039    (0)    1 :  0.327 0.345 0.328 
1099 CP00016260    (0)    1 :  0.343 0.314 0.343 
1100 CP00016253    (0)    3 :  0.342 0.316 0.342 
1101 CP00016254    (0)    1 :  0.326 0.347 0.327 
1102 CP00049492    (0)    1 :  0.329 0.341 0.330 
1103 CP00016331    (0)    3 :  0.333 0.335 0.332 
1104 CP00016359    (0)    3 :  0.346 0.310 0.344 
1105 CP00016327    (0)    3 :  0.333 0.334 0.334 
1106 CP00016506    (0)    3 :  0.334 0.334 0.333 
1107 CP00016490    (0)    3 :  0.332 0.334 0.334 
1108 CP00016342    (0)    3 :  0.340 0.318 0.342 
1109 CP00016473    (0)    3 :  0.324 0.350 0.326 
1110 CP00016520    (0)    3 :  0.336 0.326 0.338 
1111 CP00016471    (0)    3 :  0.339 0.320 0.340 
1112 CP00016491    (0)    3 :  0.314 0.371 0.316 
1113 CP00016481    (0)    3 :  0.342 0.317 0.341 
1114 CP00016482    (0)    3 :  0.344 0.313 0.343 
1115 CP00016343    (0)    3 :  0.336 0.326 0.337 
1116 CP00016324    (0)    3 :  0.346 0.308 0.346 
1117 CP00016362    (0)    3 :  0.330 0.341 0.329 
1118 CP00016505    (0)    3 :  0.350 0.299 0.351 
1119 CP00016503    (0)    3 :  0.318 0.365 0.317 
1120 CP00016370    (0)    3 :  0.307 0.386 0.307 
1121 CP00016336    (0)    3 :  0.317 0.365 0.318 
1122 CP00016363    (0)    3 :  0.333 0.333 0.334 
1123 CP00016322    (0)    3 :  0.328 0.344 0.327 
1124 CP00016499    (0)    3 :  0.325 0.350 0.325 
1125 CP00016339    (0)    3 :  0.331 0.338 0.330 
1126 CP00016476    (0)    3 :  0.320 0.360 0.320 
1127 CP00016360    (0)    3 :  0.323 0.353 0.324 
1128 CP00016332    (0)    3 :  0.335 0.330 0.336 
1129 CP00016474    (0)    3 :  0.332 0.335 0.333 
1130 CP00016344    (0)    3 :  0.318 0.364 0.319 
1131 CP00016496    (0)    3 :  0.338 0.325 0.338 
1132 CP00016485    (0)    3 :  0.318 0.364 0.319 
1133 CP00016494    (0)    3 :  0.335 0.331 0.334 
1134 CP00016495    (0)    3 :  0.325 0.350 0.325 
1135 CP00016323    (0)    3 :  0.338 0.327 0.335 
1136 CP00016358    (0)    3 :  0.347 0.307 0.346 
1137 CP00016508    (0)    3 :  0.323 0.354 0.324 
1138 CP00016484    (0)    3 :  0.318 0.363 0.319 
1139 CP00016487    (0)    3 :  0.340 0.323 0.338 
1140 CP00016519    (0)    3 :  0.334 0.330 0.336 
1141 CP00016500    (0)    3 :  0.318 0.362 0.320 
1142 CP00016498    (0)    3 :  0.348 0.306 0.346 
1143 CP00016341    (0)    3 :  0.334 0.334 0.333 
1144 CP00016369    (0)    3 :  0.327 0.343 0.329 
1145 CP00016357    (0)    3 :  0.343 0.314 0.343 
1146 CP00016497    (0)    3 :  0.321 0.357 0.322 
1147 CP00016366    (0)    3 :  0.329 0.342 0.328 
1148 CP00016333    (0)    3 :  0.328 0.343 0.329 
1149 CP00016334    (0)    3 :  0.315 0.369 0.316 
1150 CP00016483    (0)    3 :  0.336 0.325 0.339 
1151 CP00016486    (0)    3 :  0.312 0.378 0.310 
1152 CP00016478    (0)    3 :  0.335 0.329 0.336 
1153 CP00016367    (0)    3 :  0.338 0.325 0.337 
1154 CP00016345    (0)    3 :  0.325 0.350 0.325 
1155 CP00016501    (0)    3 :  0.334 0.334 0.332 
1156 CP00016480    (0)    3 :  0.339 0.320 0.341 
1157 CP00016330    (0)    3 :  0.330 0.339 0.331 
1158 CP00016328    (0)    3 :  0.336 0.326 0.338 
1159 CP00016337    (0)    3 :  0.334 0.334 0.331 
1160 CP00016364    (0)    3 :  0.341 0.320 0.339 
1161 CP00016489    (0)    3 :  0.341 0.317 0.341 
1162 CP00016338    (0)    3 :  0.335 0.332 0.333 
1163 CP00016346    (0)    3 :  0.341 0.319 0.341 
1164 CP00016493    (0)    3 :  0.318 0.364 0.318 
1165 CP00016492    (0)    3 :  0.321 0.357 0.322 
1166 CP00016354    (0)    3 :  0.332 0.336 0.332 
1167 CP00016329    (0)    3 :  0.317 0.365 0.318 
1168 CP00016502    (0)    3 :  0.313 0.375 0.312 
1169 CP00016326    (0)    3 :  0.320 0.361 0.319 
1170 CP00016349    (0)    3 :  0.333 0.333 0.334 
1171 CP00016368    (0)    3 :  0.349 0.302 0.349 
1172 CP00016365    (0)    3 :  0.333 0.334 0.333 
1173 CP00016321    (0)    3 :  0.344 0.311 0.345 
1174 CP00016477    (0)    3 :  0.320 0.360 0.320 
1175 CP00016361    (0)    3 :  0.336 0.329 0.335 
1176 CP00016512    (0)    3 :  0.327 0.347 0.326 
1177 CP00016515    (0)    3 :  0.328 0.344 0.328 
1178 CP00016353    (0)    3 :  0.333 0.333 0.334 
1179 CP00016516    (0)    3 :  0.350 0.300 0.351 
1180 CP00016513    (0)    3 :  0.328 0.342 0.330 
1181 CP00016517    (0)    3 :  0.337 0.329 0.335 
1182 CP00016352    (0)    3 :  0.329 0.341 0.330 
1183 CP00016325    (0)    3 :  0.334 0.330 0.336 
1184 CP00016475    (0)    3 :  0.331 0.340 0.329 
1185 CP00016340    (0)    3 :  0.324 0.353 0.323 
1186 CP00016355    (0)    3 :  0.332 0.338 0.330 
1187 CP00016511    (0)    3 :  0.325 0.349 0.325 
1188 CP00016351    (0)    3 :  0.341 0.316 0.343 
1189 CP00016507    (0)    3 :  0.330 0.338 0.331 
1190 CP00016479    (0)    3 :  0.341 0.317 0.342 
1191 CP00016504    (0)    3 :  0.327 0.347 0.326 
1192 CP00016472    (0)    3 :  0.338 0.326 0.336 
1193 CP00016488    (3)    3 :  0.338 0.325 0.337 
1194 CP00016514    (0)    3 :  0.327 0.346 0.327 
1195 CP00016347    (0)    3 :  0.322 0.356 0.322 
1196 CP00016348    (0)    3 :  0.331 0.338 0.331 
1197 CP00016510    (0)    3 :  0.327 0.345 0.328 
1198 CP00016350    (0)    3 :  0.336 0.328 0.336 
1199 CP00016518    (0)    3 :  0.339 0.323 0.338 
1200 CP00016509    (0)    3 :  0.351 0.299 0.350 
1201 CP00015888    (0)    3 :  0.338 0.324 0.338 
1202 CP00015759    (0)    3 :  0.328 0.344 0.328 
1203 CP00015760    (0)    3 :  0.342 0.316 0.342 
1204 CP00015918    (0)    3 :  0.306 0.385 0.309 
1205 CP00015756    (0)    3 :  0.322 0.355 0.324 
1206 CP00015880    (0)    3 :  0.340 0.323 0.337 
1207 CP00015916    (0)    3 :  0.341 0.318 0.340 
1208 CP00015753    (0)    3 :  0.344 0.312 0.344 
1209 CP00015885    (0)    3 :  0.339 0.320 0.341 
1210 CP00015896    (0)    3 :  0.330 0.341 0.329 
1211 CP00015899    (0)    3 :  0.317 0.366 0.317 
1212 CP00015909    (0)    3 :  0.345 0.312 0.343 
1213 CP00015894    (0)    3 :  0.329 0.345 0.326 
1214 CP00015724    (0)    3 :  0.333 0.336 0.331 
1215 CP00015906    (0)    3 :  0.345 0.307 0.347 
1216 CP00015734    (3)    3 :  0.332 0.336 0.333 
1217 CP00015764    (0)    3 :  0.314 0.372 0.314 
1218 CP00015897    (0)    3 :  0.329 0.342 0.329 
1219 CP00015758    (0)    3 :  0.338 0.324 0.339 
1220 CP00015920    (0)    3 :  0.335 0.330 0.335 
1221 CP00015889    (0)    3 :  0.344 0.310 0.345 
1222 CP00015919    (0)    3 :  0.314 0.371 0.316 
1223 CP00015912    (0)    3 :  0.331 0.337 0.332 
1224 CP00015913    (0)    3 :  0.336 0.329 0.335 
1225 CP00015872    (0)    3 :  0.322 0.356 0.322 
1226 CP00015911    (0)    3 :  0.333 0.336 0.332 
1227 CP00015908    (0)    3 :  0.336 0.327 0.337 
1228 CP00015901    (0)    3 :  0.328 0.343 0.329 
1229 CP00015892    (3)    3 :  0.338 0.328 0.334 
1230 CP00015883    (0)    3 :  0.346 0.308 0.347 
1231 CP00015910    (0)    3 :  0.335 0.328 0.337 
1232 CP00015884    (0)    3 :  0.319 0.360 0.320 
1233 CP00015875    (0)    3 :  0.330 0.341 0.329 
1234 CP00015879    (0)    3 :  0.333 0.335 0.333 
1235 CP00015905    (0)    3 :  0.331 0.338 0.331 
1236 CP00015891    (0)    3 :  0.315 0.369 0.316 
1237 CP00015740    (0)    3 :  0.337 0.327 0.336 
1238 CP00015766    (0)    3 :  0.318 0.362 0.320 
1239 CP00015763    (0)    3 :  0.346 0.306 0.348 
1240 CP00015762    (0)    3 :  0.312 0.375 0.313 
1241 CP00015761    (0)    3 :  0.327 0.345 0.328 
1242 CP00015743    (0)    3 :  0.334 0.332 0.334 
1243 CP00015878    (0)    3 :  0.337 0.326 0.337 
1244 CP00015748    (0)    3 :  0.320 0.362 0.318 
1245 CP00015737    (0)    3 :  0.317 0.367 0.316 
1246 CP00015768    (0)    3 :  0.344 0.314 0.343 
1247 CP00015767    (0)    3 :  0.335 0.332 0.333 
1248 CP00015746    (0)    3 :  0.332 0.335 0.332 
1249 CP00015893    (0)    3 :  0.350 0.298 0.352 
1250 CP00015741    (0)    3 :  0.326 0.348 0.326 
1251 CP00015757    (0)    3 :  0.325 0.352 0.323 
1252 CP00015739    (0)    3 :  0.333 0.335 0.332 
1253 CP00015751    (0)    3 :  0.329 0.344 0.327 
1254 CP00015745    (0)    3 :  0.333 0.338 0.329 
1255 CP00015747    (0)    3 :  0.332 0.334 0.333 
1256 CP00015754    (0)    3 :  0.312 0.378 0.309 
1257 CP00015873    (0)    3 :  0.330 0.340 0.330 
1258 CP00015881    (0)    3 :  0.329 0.342 0.329 
1259 CP00015877    (0)    3 :  0.344 0.311 0.345 
1260 CP00015915    (0)    3 :  0.332 0.333 0.335 
1261 CP00015904    (0)    3 :  0.331 0.337 0.332 
1262 CP00015900    (0)    3 :  0.340 0.322 0.339 
1263 CP00015907    (0)    3 :  0.343 0.312 0.345 
1264 CP00015742    (0)    3 :  0.306 0.388 0.306 
1265 CP00015738    (0)    3 :  0.348 0.304 0.348 
1266 CP00015727    (0)    3 :  0.327 0.344 0.329 
1267 CP00015728    (0)    3 :  0.346 0.307 0.347 
1268 CP00015726    (0)    3 :  0.329 0.341 0.330 
1269 CP00015914    (0)    3 :  0.327 0.345 0.328 
1270 CP00015769    (0)    3 :  0.336 0.325 0.339 
1271 CP00015770    (0)    3 :  0.338 0.324 0.338 
1272 CP00015750    (0)    3 :  0.354 0.290 0.356 
1273 CP00015749    (0)    3 :  0.333 0.335 0.332 
1274 CP00015721    (0)    3 :  0.327 0.348 0.325 
1275 CP00015735    (0)    3 :  0.340 0.321 0.339 
1276 CP00015732    (0)    3 :  0.338 0.323 0.339 
1277 CP00015723    (0)    3 :  0.340 0.319 0.341 
1278 CP00015729    (0)    3 :  0.345 0.308 0.347 
1279 CP00015736    (0)    3 :  0.340 0.322 0.338 
1280 CP00015725    (0)    3 :  0.329 0.342 0.329 
1281 CP00015886    (0)    3 :  0.321 0.357 0.322 
1282 CP00015722    (0)    3 :  0.337 0.322 0.340 
1283 CP00015731    (0)    3 :  0.336 0.324 0.339 
1284 CP00015730    (0)    3 :  0.346 0.307 0.347 
1285 CP00015752    (0)    3 :  0.335 0.327 0.338 
1286 CP00015890    (0)    3 :  0.345 0.313 0.343 
1287 CP00015876    (0)    3 :  0.341 0.316 0.342 
1288 CP00015887    (0)    3 :  0.339 0.321 0.339 
1289 CP00015882    (0)    3 :  0.324 0.349 0.326 
1290 CP00015765    (0)    3 :  0.329 0.345 0.327 
1291 CP00015744    (0)    3 :  0.319 0.362 0.318 
1292 CP00015104    (0)    1 :  0.336 0.327 0.337 
1293 CP00015100    (0)    1 :  0.306 0.386 0.308 
1294 CP00015000    (0)    1 :  0.327 0.343 0.330 
1295 CP00015119    (0)    1 :  0.335 0.332 0.333 
1296 CP00015016    (0)    1 :  0.345 0.309 0.346 
1297 CP00015078    (0)    1 :  0.343 0.314 0.342 
1298 CP00015076    (0)    1 :  0.318 0.366 0.317 
1299 CP00015084    (0)    1 :  0.339 0.327 0.335 
1300 CP00015091    (0)    1 :  0.335 0.330 0.334 
1301 CP00015013    (0)    1 :  0.340 0.318 0.342 
1302 CP00015009    (0)    1 :  0.325 0.352 0.324 
1303 CP00015082    (0)    1 :  0.341 0.319 0.340 
1304 CP00014983    (0)    1 :  0.335 0.331 0.335 
1305 CP00015072    (0)    1 :  0.348 0.301 0.351 
1306 CP00015086    (0)    1 :  0.329 0.342 0.329 
1307 CP00015073    (0)    1 :  0.342 0.319 0.339 
1308 CP00015077    (0)    1 :  0.325 0.351 0.324 
1309 CP00014973    (0)    1 :  0.343 0.312 0.344 
1310 CP00015015    (0)    1 :  0.343 0.316 0.341 
1311 CP00014975    (0)    1 :  0.322 0.355 0.323 
1312 CP00014979    (0)    1 :  0.336 0.325 0.339 
1313 CP00014980    (0)    1 :  0.330 0.339 0.330 
1314 CP00015111    (0)    1 :  0.334 0.330 0.335 
1315 CP00015090    (0)    1 :  0.335 0.329 0.337 
1316 CP00015098    (0)    1 :  0.331 0.337 0.332 
1317 CP00015005    (0)    1 :  0.325 0.350 0.324 
1318 CP00015109    (0)    1 :  0.324 0.354 0.323 
1319 CP00015114    (0)    1 :  0.325 0.351 0.324 
1320 CP00015007    (0)    1 :  0.328 0.345 0.327 
1321 CP00015006    (0)    1 :  0.340 0.320 0.340 
1322 CP00014974    (0)    1 :  0.335 0.333 0.332 
1323 CP00015096    (0)    1 :  0.318 0.364 0.318 
1324 CP00015112    (0)    1 :  0.334 0.333 0.333 
1325 CP00015002    (0)    1 :  0.353 0.293 0.354 
1326 CP00015113    (0)    1 :  0.342 0.320 0.338 
1327 CP00015010    (0)    1 :  0.342 0.318 0.339 
1328 CP00015019    (0)    1 :  0.328 0.346 0.326 
1329 CP00015120    (0)    1 :  0.326 0.345 0.328 
1330 CP00015107    (0)    1 :  0.340 0.318 0.341 
1331 CP00015081    (0)    1 :  0.343 0.315 0.343 
1332 CP00015071    (0)    1 :  0.347 0.304 0.349 
1333 CP00015087    (0)    1 :  0.336 0.329 0.335 
1334 CP00015093    (3)    1 :  0.333 0.333 0.334 
1335 CP00015102    (0)    1 :  0.339 0.317 0.344 
1336 CP00015101    (0)    1 :  0.338 0.324 0.338 
1337 CP00014982    (0)    1 :  0.343 0.315 0.342 
1338 CP00014990    (0)    1 :  0.349 0.303 0.348 
1339 CP00015088    (0)    1 :  0.343 0.312 0.345 
1340 CP00014995    (0)    1 :  0.344 0.311 0.345 
1341 CP00015003    (0)    1 :  0.324 0.355 0.321 
1342 CP00015097    (0)    1 :  0.346 0.306 0.348 
1343 CP00014972    (0)    1 :  0.340 0.318 0.342 
1344 CP00015106    (0)    1 :  0.338 0.323 0.339 
1345 CP00015095    (0)    1 :  0.340 0.321 0.339 
1346 CP00014998    (0)    1 :  0.319 0.364 0.317 
1347 CP00014985    (0)    1 :  0.340 0.321 0.339 
1348 CP00014986    (0)    1 :  0.337 0.327 0.337 
1349 CP00014999    (0)    1 :  0.341 0.319 0.340 
1350 CP00014984    (0)    1 :  0.340 0.320 0.340 
1351 CP00015117    (0)    1 :  0.339 0.319 0.343 
1352 CP00015099    (0)    1 :  0.332 0.335 0.332 
1353 CP00015110    (0)    1 :  0.329 0.342 0.329 
1354 CP00015115    (0)    1 :  0.331 0.341 0.328 
1355 CP00015080    (0)    1 :  0.337 0.326 0.337 
1356 CP00015012    (0)    1 :  0.347 0.308 0.345 
1357 CP00014994    (0)    1 :  0.331 0.338 0.331 
1358 CP00015001    (0)    1 :  0.346 0.307 0.347 
1359 CP00014992    (0)    1 :  0.317 0.367 0.316 
1360 CP00015074    (0)    1 :  0.334 0.329 0.336 
1361 CP00014991    (0)    1 :  0.333 0.336 0.331 
1362 CP00014981    (0)    1 :  0.337 0.329 0.335 
1363 CP00014977    (0)    1 :  0.329 0.344 0.327 
1364 CP00014976    (0)    1 :  0.328 0.345 0.327 
1365 CP00014993    (0)    1 :  0.340 0.319 0.340 
1366 CP00014971    (0)    1 :  0.339 0.321 0.340 
1367 CP00015020    (0)    1 :  0.342 0.318 0.340 
1368 CP00015004    (0)    1 :  0.333 0.334 0.333 
1369 CP00015103    (0)    1 :  0.324 0.350 0.326 
1370 CP00015116    (0)    1 :  0.323 0.353 0.323 
1371 CP00015118    (0)    1 :  0.342 0.316 0.342 
1372 CP00014996    (0)    1 :  0.342 0.320 0.339 
1373 CP00015079    (0)    1 :  0.346 0.308 0.346 
1374 CP00015094    (0)    1 :  0.339 0.325 0.336 
1375 CP00015085    (0)    1 :  0.328 0.344 0.328 
1376 CP00015083    (0)    1 :  0.347 0.305 0.347 
1377 CP00015092    (0)    1 :  0.331 0.341 0.328 
1378 CP00018197    (0)    1 :  0.338 0.325 0.337 
1379 CP00018136    (0)    1 :  0.320 0.358 0.322 
1380 CP00018190    (0)    1 :  0.327 0.345 0.329 
1381 CP00018139    (0)    1 :  0.322 0.356 0.322 
1382 CP00018207    (0)    1 :  0.326 0.348 0.326 
1383 CP00018213    (0)    1 :  0.346 0.307 0.346 
1384 CP00018163    (0)    1 :  0.325 0.348 0.328 
1385 CP00018179    (0)    1 :  0.341 0.319 0.340 
1386 CP00018178    (0)    1 :  0.332 0.336 0.331 
1387 CP00018144    (0)    1 :  0.345 0.310 0.345 
1388 CP00018155    (0)    1 :  0.328 0.342 0.330 
1389 CP00018151    (0)    1 :  0.339 0.322 0.338 
1390 CP00018180    (0)    1 :  0.331 0.340 0.329 
1391 CP00018182    (0)    1 :  0.344 0.312 0.344 
1392 CP00018189    (0)    1 :  0.344 0.310 0.346 
1393 CP00018217    (0)    1 :  0.331 0.337 0.332 
1394 CP00018154    (0)    1 :  0.314 0.371 0.315 
1395 CP00018158    (0)    1 :  0.330 0.338 0.332 
1396 CP00018181    (0)    3 :  0.339 0.322 0.339 
1397 CP00018208    (0)    1 :  0.328 0.344 0.329 
1398 CP00018211    (0)    3 :  0.341 0.318 0.341 
1399 CP00018176    (0)    3 :  0.342 0.318 0.340 
1400 CP00018128    (0)    3 :  0.329 0.343 0.329 
1401 CP00018122    (0)    3 :  0.335 0.333 0.333 
1402 CP00018156    (0)    3 :  0.322 0.357 0.321 
1403 CP00018126    (3)    3 :  0.326 0.347 0.327 
1404 CP00018187    (0)    3 :  0.322 0.354 0.324 
1405 CP00018143    (0)    3 :  0.341 0.319 0.340 
1406 CP00018188    (0)    3 :  0.318 0.363 0.319 
1407 CP00018219    (0)    1 :  0.339 0.325 0.337 
1408 CP00018205    (0)    1 :  0.345 0.308 0.347 
1409 CP00018124    (0)    1 :  0.322 0.355 0.323 
1410 CP00018160    (0)    1 :  0.334 0.331 0.334 
1411 CP00018199    (0)    1 :  0.327 0.348 0.324 
1412 CP00018137    (0)    1 :  0.337 0.326 0.338 
1413 CP00018215    (0)    1 :  0.339 0.324 0.337 
1414 CP00018171    (0)    1 :  0.331 0.338 0.332 
1415 CP00018157    (0)    1 :  0.326 0.351 0.324 
1416 CP00018165    (0)    1 :  0.343 0.313 0.343 
1417 CP00018191    (0)    1 :  0.344 0.313 0.344 
1418 CP00018141    (0)    1 :  0.322 0.357 0.321 
1419 CP00018204    (0)    3 :  0.312 0.376 0.312 
1420 CP00018127    (0)    3 :  0.337 0.323 0.340 
1421 CP00018194    (0)    1 :  0.334 0.333 0.333 
1422 CP00018168    (0)    3 :  0.315 0.370 0.315 
1423 CP00018216    (0)    1 :  0.329 0.341 0.330 
1424 CP00018192    (0)    1 :  0.334 0.333 0.334 
1425 CP00018184    (0)    3 :  0.336 0.329 0.335 
1426 CP00018134    (0)    3 :  0.336 0.328 0.336 
1427 CP00018142    (0)    3 :  0.344 0.313 0.343 
1428 CP00018220    (0)    3 :  0.332 0.335 0.332 
1429 CP00018186    (0)    3 :  0.331 0.335 0.334 
1430 CP00018131    (0)    3 :  0.331 0.338 0.331 
1431 CP00018183    (0)    3 :  0.343 0.316 0.342 
1432 CP00018209    (0)    3 :  0.339 0.320 0.341 
1433 CP00018193    (0)    1 :  0.340 0.317 0.342 
1434 CP00018177    (0)    1 :  0.338 0.323 0.339 
1435 CP00018214    (0)    1 :  0.330 0.336 0.333 
1436 CP00018145    (0)    3 :  0.339 0.321 0.340 
1437 CP00018185    (0)    3 :  0.340 0.322 0.338 
1438 CP00018201    (0)    3 :  0.346 0.310 0.344 
1439 CP00018153    (0)    3 :  0.331 0.336 0.333 
1440 CP00018121    (0)    3 :  0.347 0.306 0.347 
1441 CP00018175    (0)    3 :  0.334 0.332 0.334 
1442 CP00018146    (0)    3 :  0.327 0.343 0.330 
1443 CP00018148    (0)    3 :  0.346 0.305 0.350 
1444 CP00018195    (0)    1 :  0.339 0.318 0.343 
1445 CP00018132    (0)    3 :  0.333 0.330 0.337 
1446 CP00018210    (0)    3 :  0.343 0.315 0.342 
1447 CP00018135    (0)    3 :  0.339 0.323 0.338 
1448 CP00018164    (0)    3 :  0.331 0.338 0.330 
1449 CP00018133    (0)    3 :  0.330 0.341 0.330 
1450 CP00018149    (0)    3 :  0.311 0.378 0.311 
1451 CP00018170    (0)    3 :  0.336 0.331 0.333 
1452 CP00018166    (0)    3 :  0.329 0.342 0.330 
1453 CP00018173    (0)    3 :  0.355 0.291 0.354 
1454 CP00018212    (0)    1 :  0.341 0.318 0.341 
1455 CP00018172    (0)    3 :  0.334 0.331 0.335 
1456 CP00018202    (0)    3 :  0.329 0.344 0.327 
1457 CP00018125    (0)    3 :  0.324 0.352 0.324 
1458 CP00018198    (0)    1 :  0.348 0.303 0.349 
1459 CP00018129    (0)    3 :  0.346 0.311 0.343 
1460 CP00018140    (0)    3 :  0.333 0.331 0.336 
1461 CP00018196    (0)    1 :  0.334 0.331 0.335 
1462 CP00018218    (0)    1 :  0.333 0.333 0.334 
1463 CP00017467    (0)    3 :  0.336 0.325 0.339 
1464 CP00017499    (0)    3 :  0.332 0.336 0.331 
1465 CP00017430    (0)    3 :  0.337 0.326 0.336 
1466 CP00017510    (0)    3 :  0.351 0.300 0.350 
1467 CP00017437    (0)    3 :  0.335 0.330 0.335 
1468 CP00017429    (0)    3 :  0.334 0.333 0.334 
1469 CP00017432    (0)    3 :  0.328 0.347 0.325 
1470 CP00017447    (0)    3 :  0.318 0.365 0.317 
1471 CP00017442    (0)    3 :  0.327 0.344 0.328 
1472 CP00017484    (0)    3 :  0.326 0.348 0.326 
1473 CP00017504    (0)    3 :  0.323 0.354 0.323 
1474 CP00017423    (0)    3 :  0.348 0.306 0.346 
1475 CP00017518    (0)    3 :  0.343 0.313 0.344 
1476 CP00017455    (0)    3 :  0.319 0.361 0.320 
1477 CP00017497    (0)    3 :  0.309 0.381 0.310 
1478 CP00017456    (0)    3 :  0.337 0.327 0.336 
1479 CP00017514    (0)    3 :  0.343 0.315 0.343 
1480 CP00017489    (0)    3 :  0.337 0.328 0.335 
1481 CP00017424    (0)    3 :  0.329 0.343 0.328 
1482 CP00017468    (0)    3 :  0.340 0.321 0.339 
1483 CP00017511    (0)    3 :  0.335 0.328 0.336 
1484 CP00017438    (0)    3 :  0.339 0.321 0.340 
1485 CP00017463    (0)    3 :  0.344 0.310 0.346 
1486 CP00017469    (0)    3 :  0.313 0.373 0.314 
1487 CP00017436    (0)    3 :  0.313 0.375 0.312 
1488 CP00017491    (0)    3 :  0.336 0.327 0.337 
1489 CP00017452    (0)    3 :  0.331 0.336 0.332 
1490 CP00017520    (0)    3 :  0.340 0.319 0.341 
1491 CP00017434    (0)    3 :  0.320 0.359 0.321 
1492 CP00017472    (0)    3 :  0.318 0.363 0.319 
1493 CP00017507    (0)    3 :  0.314 0.370 0.315 
1494 CP00017479    (0)    3 :  0.318 0.363 0.319 
1495 CP00017475    (0)    3 :  0.342 0.318 0.340 
1496 CP00017464    (0)    3 :  0.324 0.352 0.324 
1497 CP00017477    (0)    3 :  0.343 0.313 0.343 
1498 CP00017500    (0)    3 :  0.326 0.345 0.329 
1499 CP00017461    (0)    3 :  0.332 0.334 0.333 
1500 CP00017427    (0)    3 :  0.326 0.349 0.325 
1501 CP00017444    (0)    3 :  0.326 0.347 0.326 
1502 CP00017476    (0)    3 :  0.299 0.403 0.298 
1503 CP00017493    (0)    3 :  0.317 0.365 0.318 
1504 CP00017440    (0)    3 :  0.330 0.340 0.331 
1505 CP00017509    (0)    3 :  0.329 0.346 0.325 
1506 CP00017439    (0)    3 :  0.331 0.338 0.332 
1507 CP00017428    (0)    3 :  0.326 0.350 0.324 
1508 CP00017502    (0)    3 :  0.315 0.371 0.314 
1509 CP00017471    (0)    3 :  0.325 0.348 0.326 
1510 CP00017459    (0)    3 :  0.329 0.341 0.330 
1511 CP00017425    (0)    3 :  0.318 0.365 0.317 
1512 CP00017465    (0)    3 :  0.348 0.306 0.346 
1513 CP00017516    (0)    3 :  0.326 0.349 0.325 
1514 CP00017498    (0)    3 :  0.335 0.330 0.335 
1515 CP00017426    (0)    3 :  0.320 0.361 0.319 
1516 CP00017481    (0)    3 :  0.330 0.341 0.329 
1517 CP00017422    (0)    3 :  0.341 0.319 0.340 
1518 CP00017512    (0)    3 :  0.320 0.360 0.320 
1519 CP00017460    (0)    3 :  0.339 0.322 0.339 
1520 CP00017443    (0)    3 :  0.313 0.375 0.312 
1521 CP00017457    (0)    3 :  0.340 0.321 0.339 
1522 CP00017446    (0)    3 :  0.352 0.296 0.352 
1523 CP00017431    (0)    3 :  0.338 0.326 0.337 
1524 CP00017462    (0)    3 :  0.336 0.327 0.336 
1525 CP00017445    (0)    3 :  0.335 0.327 0.338 
1526 CP00017435    (0)    3 :  0.333 0.334 0.333 
1527 CP00017449    (0)    3 :  0.345 0.311 0.344 
1528 CP00017454    (0)    3 :  0.333 0.333 0.334 
1529 CP00017501    (0)    3 :  0.344 0.312 0.344 
1530 CP00017451    (0)    3 :  0.341 0.321 0.338 
1531 CP00017490    (0)    3 :  0.327 0.345 0.328 
1532 CP00017470    (0)    3 :  0.329 0.343 0.328 
1533 CP00017506    (0)    3 :  0.335 0.329 0.335 
1534 CP00017466    (0)    3 :  0.342 0.319 0.340 
1535 CP00017441    (0)    3 :  0.344 0.313 0.343 
1536 CP00017473    (0)    3 :  0.327 0.344 0.329 
1537 CP00017453    (0)    3 :  0.328 0.343 0.330 
1538 CP00017513    (0)    3 :  0.330 0.337 0.333 
1539 CP00017508    (0)    3 :  0.327 0.349 0.324 
1540 CP00017505    (0)    3 :  0.324 0.353 0.323 
1541 CP00017421    (0)    3 :  0.351 0.296 0.353 
1542 CP00017496    (0)    3 :  0.324 0.352 0.324 
1543 CP00017433    (0)    3 :  0.327 0.345 0.328 
1544 CP00017458    (0)    3 :  0.334 0.331 0.335 
1545 CP00017478    (0)    3 :  0.333 0.334 0.333 
1546 CP00017492    (0)    3 :  0.314 0.370 0.316 
1547 CP00017517    (0)    3 :  0.326 0.347 0.327 
1548 CP00017503    (0)    3 :  0.335 0.330 0.335 
1549 CP00017694    (0)    2 :  0.310 0.378 0.312 
1550 CP00017741    (0)    3 :  0.341 0.315 0.343 
1551 CP00017734    (0)    3 :  0.332 0.339 0.329 
1552 CP00017717    (0)    1 :  0.332 0.336 0.332 
1553 CP00017690    (0)    3 :  0.345 0.309 0.345 
1554 CP00017755    (0)    3 :  0.334 0.332 0.334 
1555 CP00017712    (0)    3 :  0.332 0.334 0.333 
1556 CP00017688    (0)    3 :  0.340 0.319 0.341 
1557 CP00017714    (0)    3 :  0.332 0.334 0.334 
1558 CP00017680    (0)    3 :  0.329 0.342 0.329 
1559 CP00017710    (0)    3 :  0.335 0.328 0.337 
1560 CP00017733    (0)    3 :  0.342 0.314 0.343 
1561 CP00017682    (0)    3 :  0.321 0.359 0.320 
1562 CP00017763    (0)    3 :  0.332 0.335 0.333 
1563 CP00017695    (0)    2 :  0.336 0.328 0.336 
1564 CP00017730    (0)    3 :  0.328 0.347 0.325 
1565 CP00017757    (0)    3 :  0.344 0.311 0.344 
1566 CP00017770    (0)    3 :  0.329 0.342 0.329 
1567 CP00017697    (0)    2 :  0.345 0.308 0.346 
1568 CP00017739    (0)    3 :  0.338 0.322 0.340 
1569 CP00017681    (0)    3 :  0.348 0.306 0.346 
1570 CP00017685    (0)    3 :  0.325 0.349 0.326 
1571 CP00017696    (0)    2 :  0.330 0.340 0.329 
1572 CP00017679    (0)    3 :  0.319 0.364 0.317 
1573 CP00017766    (0)    3 :  0.332 0.338 0.330 
1574 CP00017702    (0)    2 :  0.336 0.327 0.337 
1575 CP00017715    (0)    3 :  0.316 0.368 0.316 
1576 CP00017676    (0)    3 :  0.336 0.331 0.333 
1577 CP00017700    (0)    2 :  0.315 0.370 0.315 
1578 CP00017723    (0)    3 :  0.337 0.323 0.340 
1579 CP00017724    (0)    3 :  0.337 0.326 0.337 
1580 CP00017725    (0)    3 :  0.347 0.306 0.347 
1581 CP00017673    (0)    3 :  0.344 0.310 0.346 
1582 CP00017735    (0)    3 :  0.332 0.335 0.333 
1583 CP00017737    (0)    3 :  0.349 0.303 0.348 
1584 CP00017760    (0)    3 :  0.337 0.325 0.338 
1585 CP00017731    (0)    3 :  0.339 0.322 0.339 
1586 CP00017706    (0)    2 :  0.333 0.334 0.333 
1587 CP00017672    (0)    3 :  0.330 0.344 0.327 
1588 CP00017769    (0)    3 :  0.350 0.299 0.351 
1589 CP00017698    (0)    2 :  0.329 0.338 0.333 
1590 CP00017699    (0)    2 :  0.347 0.308 0.345 
1591 CP00017683    (0)    3 :  0.320 0.359 0.321 
1592 CP00017765    (0)    3 :  0.341 0.318 0.341 
1593 CP00017756    (0)    3 :  0.333 0.336 0.331 
1594 CP00017677    (0)    3 :  0.325 0.351 0.324 
1595 CP00017752    (0)    3 :  0.347 0.304 0.349 
1596 CP00017686    (0)    3 :  0.320 0.359 0.321 
1597 CP00017736    (0)    3 :  0.339 0.321 0.339 
1598 CP00017753    (0)    3 :  0.334 0.327 0.338 
1599 CP00017727    (0)    3 :  0.332 0.333 0.335 
1600 CP00017721    (0)    3 :  0.332 0.340 0.329 
1601 CP00017754    (0)    3 :  0.332 0.337 0.331 
1602 CP00017692    (0)    2 :  0.315 0.372 0.313 
1603 CP00017718    (0)    3 :  0.332 0.336 0.332 
1604 CP00017691    (0)    3 :  0.344 0.310 0.346 
1605 CP00017726    (0)    3 :  0.331 0.336 0.333 
1606 CP00017705    (0)    2 :  0.341 0.319 0.340 
1607 CP00017701    (0)    2 :  0.324 0.349 0.326 
1608 CP00017711    (0)    3 :  0.346 0.306 0.348 
1609 CP00017704    (0)    2 :  0.324 0.355 0.321 
1610 CP00017761    (0)    3 :  0.346 0.310 0.345 
1611 CP00017720    (0)    3 :  0.332 0.334 0.333 
1612 CP00017678    (0)    3 :  0.320 0.358 0.321 
1613 CP00017671    (0)    3 :  0.343 0.312 0.345 
1614 CP00017722    (0)    3 :  0.321 0.355 0.324 
1615 CP00017675    (0)    3 :  0.346 0.308 0.346 
1616 CP00017709    (0)    2 :  0.334 0.331 0.334 
1617 CP00017684    (0)    3 :  0.343 0.314 0.343 
1618 CP00017729    (0)    3 :  0.330 0.338 0.332 
1619 CP00017751    (0)    3 :  0.334 0.333 0.333 
1620 CP00017703    (3)    2 :  0.348 0.307 0.345 
1621 CP00017764    (0)    3 :  0.338 0.324 0.337 
1622 CP00017716    (0)    3 :  0.334 0.335 0.331 
1623 CP00017693    (0)    2 :  0.345 0.308 0.347 
1624 CP00017740    (0)    3 :  0.341 0.323 0.337 
1625 CP00017728    (0)    3 :  0.332 0.339 0.329 
1626 CP00017713    (0)    3 :  0.333 0.333 0.334 
1627 CP00017738    (0)    3 :  0.326 0.343 0.331 
1628 CP00017732    (0)    3 :  0.332 0.341 0.327 
1629 CP00017674    (0)    3 :  0.315 0.372 0.313 
1630 CP00017708    (0)    2 :  0.320 0.358 0.322 
1631 CP00015547    (0)    3 :  0.326 0.345 0.329 
1632 CP00015567    (0)    3 :  0.332 0.335 0.333 
1633 CP00015562    (0)    3 :  0.330 0.342 0.328 
1634 CP00015644    (0)    3 :  0.346 0.310 0.344 
1635 CP00015548    (0)    3 :  0.325 0.349 0.326 
1636 CP00015649    (0)    3 :  0.324 0.348 0.328 
1637 CP00015670    (0)    3 :  0.340 0.319 0.341 
1638 CP00015546    (0)    3 :  0.347 0.307 0.346 
1639 CP00015629    (0)    3 :  0.337 0.329 0.335 
1640 CP00015558    (0)    3 :  0.326 0.347 0.327 
1641 CP00015654    (0)    3 :  0.348 0.304 0.348 
1642 CP00015623    (0)    3 :  0.332 0.336 0.332 
1643 CP00015650    (0)    3 :  0.332 0.337 0.331 
1644 CP00015526    (0)    3 :  0.341 0.320 0.340 
1645 CP00015636    (0)    3 :  0.332 0.338 0.330 
1646 CP00015661    (0)    3 :  0.339 0.324 0.337 
1647 CP00015626    (0)    3 :  0.345 0.313 0.342 
1648 CP00015647    (0)    3 :  0.339 0.323 0.338 
1649 CP00015630    (0)    3 :  0.345 0.311 0.344 
1650 CP00015533    (0)    3 :  0.345 0.309 0.345 
1651 CP00015532    (0)    3 :  0.311 0.376 0.312 
1652 CP00015541    (0)    3 :  0.323 0.354 0.323 
1653 CP00015549    (0)    3 :  0.335 0.329 0.336 
1654 CP00015539    (0)    1 :  0.339 0.322 0.339 
1655 CP00015667    (0)    3 :  0.338 0.325 0.338 
1656 CP00015534    (0)    1 :  0.342 0.317 0.341 
1657 CP00015551    (0)    3 :  0.331 0.339 0.331 
1658 CP00015568    (0)    1 :  0.335 0.330 0.335 
1659 CP00015645    (0)    1 :  0.343 0.314 0.343 
1660 CP00015543    (0)    1 :  0.331 0.337 0.332 
1661 CP00015531    (0)    1 :  0.330 0.339 0.331 
1662 CP00015659    (0)    1 :  0.340 0.323 0.337 
1663 CP00015563    (0)    1 :  0.344 0.316 0.340 
1664 CP00015553    (0)    1 :  0.330 0.338 0.332 
1665 CP00015668    (0)    3 :  0.335 0.331 0.333 
1666 CP00015555    (0)    3 :  0.342 0.319 0.338 
1667 CP00015621    (0)    3 :  0.320 0.360 0.320 
1668 CP00015669    (0)    3 :  0.330 0.339 0.331 
1669 CP00015666    (0)    3 :  0.330 0.340 0.330 
1670 CP00015663    (0)    3 :  0.338 0.323 0.338 
1671 CP00015624    (0)    3 :  0.318 0.362 0.319 
1672 CP00015625    (0)    3 :  0.341 0.319 0.340 
1673 CP00015665    (0)    3 :  0.336 0.330 0.334 
1674 CP00015664    (0)    3 :  0.317 0.364 0.319 
1675 CP00015535    (0)    3 :  0.322 0.357 0.321 
1676 CP00015524    (0)    3 :  0.336 0.329 0.335 
1677 CP00015653    (0)    3 :  0.333 0.336 0.331 
1678 CP00015652    (0)    3 :  0.335 0.327 0.338 
1679 CP00015538    (0)    3 :  0.342 0.314 0.344 
1680 CP00015642    (0)    3 :  0.321 0.356 0.323 
1681 CP00015634    (0)    3 :  0.336 0.326 0.337 
1682 CP00015540    (0)    3 :  0.339 0.320 0.340 
1683 CP00015552    (0)    3 :  0.326 0.347 0.327 
1684 CP00015570    (0)    3 :  0.329 0.339 0.332 
1685 CP00015557    (0)    3 :  0.332 0.334 0.335 
1686 CP00015662    (0)    3 :  0.330 0.342 0.328 
1687 CP00015635    (0)    1 :  0.327 0.346 0.328 
1688 CP00015643    (0)    1 :  0.332 0.337 0.331 
1689 CP00015646    (0)    1 :  0.339 0.325 0.336 
1690 CP00015554    (0)    1 :  0.338 0.324 0.338 
1691 CP00015527    (0)    1 :  0.345 0.311 0.344 
1692 CP00015523    (0)    1 :  0.336 0.329 0.336 
1693 CP00015627    (0)    3 :  0.346 0.308 0.346 
1694 CP00015564    (0)    1 :  0.350 0.302 0.348 
1695 CP00015560    (0)    1 :  0.338 0.326 0.336 
1696 CP00015525    (0)    1 :  0.347 0.310 0.342 
1697 CP00015628    (0)    3 :  0.334 0.333 0.333 
1698 CP00015651    (0)    1 :  0.329 0.344 0.327 
1699 CP00017568    (0)    2 :  0.335 0.328 0.337 
1700 CP00017580    (0)    2 :  0.326 0.351 0.323 
1701 CP00017575    (0)    2 :  0.339 0.322 0.338 
1702 CP00017577    (0)    2 :  0.336 0.328 0.336 
1703 CP00017593    (0)    2 :  0.342 0.318 0.340 
1704 CP00017560    (0)    2 :  0.316 0.369 0.314 
1705 CP00017592    (0)    2 :  0.331 0.334 0.334 
1706 CP00017550    (0)    2 :  0.325 0.353 0.322 
1707 CP00017614    (0)    2 :  0.326 0.346 0.327 
1708 CP00017579    (0)    2 :  0.349 0.298 0.353 
1709 CP00017536    (0)    2 :  0.345 0.310 0.345 
1710 CP00017538    (0)    2 :  0.336 0.328 0.336 
1711 CP00017596    (0)    2 :  0.327 0.346 0.327 
1712 CP00017524    (0)    2 :  0.336 0.329 0.335 
1713 CP00017543    (0)    2 :  0.317 0.364 0.319 
1714 CP00017578    (0)    2 :  0.290 0.419 0.291 
1715 CP00017588    (0)    2 :  0.310 0.383 0.307 
1716 CP00017539    (0)    2 :  0.321 0.360 0.318 
1717 CP00017545    (0)    2 :  0.331 0.338 0.331 
1718 CP00017581    (0)    2 :  0.318 0.362 0.320 
1719 CP00017527    (0)    2 :  0.321 0.357 0.322 
1720 CP00017531    (0)    2 :  0.343 0.312 0.346 
1721 CP00017582    (0)    2 :  0.331 0.342 0.327 
1722 CP00017554    (0)    2 :  0.339 0.318 0.342 
1723 CP00017595    (0)    2 :  0.348 0.305 0.347 
1724 CP00017589    (0)    2 :  0.342 0.315 0.343 
1725 CP00017541    (0)    2 :  0.342 0.320 0.339 
1726 CP00017532    (0)    2 :  0.340 0.320 0.340 
1727 CP00017544    (0)    2 :  0.323 0.352 0.324 
1728 CP00017561    (0)    2 :  0.329 0.340 0.330 
1729 CP00017572    (0)    2 :  0.340 0.319 0.341 
1730 CP00017525    (0)    2 :  0.348 0.306 0.347 
1731 CP00017523    (0)    2 :  0.324 0.348 0.327 
1732 CP00017612    (0)    2 :  0.328 0.342 0.329 
1733 CP00017571    (0)    2 :  0.336 0.328 0.336 
1734 CP00017613    (0)    2 :  0.317 0.364 0.319 
1735 CP00017521    (0)    2 :  0.330 0.339 0.330 
1736 CP00017522    (0)    2 :  0.337 0.328 0.335 
1737 CP00017540    (0)    2 :  0.322 0.355 0.323 
1738 CP00017590    (0)    2 :  0.338 0.322 0.340 
1739 CP00017601    (0)    2 :  0.329 0.343 0.328 
1740 CP00017576    (0)    2 :  0.346 0.308 0.346 
1741 CP00017551    (0)    2 :  0.337 0.329 0.335 
1742 CP00017605    (0)    2 :  0.316 0.366 0.318 
1743 CP00017570    (0)    2 :  0.327 0.344 0.329 
1744 CP00017547    (0)    2 :  0.341 0.318 0.341 
1745 CP00017564    (0)    2 :  0.331 0.337 0.332 
1746 CP00017585    (0)    2 :  0.334 0.332 0.335 
1747 CP00017574    (0)    2 :  0.334 0.331 0.335 
1748 CP00017552    (0)    2 :  0.326 0.347 0.328 
1749 CP00017537    (0)    2 :  0.339 0.321 0.340 
1750 CP00017607    (0)    2 :  0.320 0.364 0.316 
1751 CP00017566    (0)    2 :  0.345 0.312 0.344 
1752 CP00017617    (0)    2 :  0.337 0.326 0.337 
1753 CP00017611    (0)    2 :  0.330 0.339 0.332 
1754 CP00017610    (0)    2 :  0.325 0.347 0.327 
1755 CP00017562    (0)    2 :  0.337 0.325 0.338 
1756 CP00017584    (0)    2 :  0.340 0.318 0.341 
1757 CP00017548    (0)    2 :  0.335 0.329 0.336 
1758 CP00017597    (0)    2 :  0.330 0.341 0.329 
1759 CP00017556    (0)    2 :  0.340 0.317 0.343 
1760 CP00017586    (0)    2 :  0.336 0.326 0.338 
1761 CP00017549    (0)    2 :  0.341 0.320 0.339 
1762 CP00017542    (0)    2 :  0.334 0.334 0.332 
1763 CP00017609    (0)    2 :  0.335 0.331 0.334 
1764 CP00017553    (0)    2 :  0.332 0.339 0.329 
1765 CP00017603    (0)    2 :  0.344 0.314 0.342 
1766 CP00017533    (0)    2 :  0.331 0.335 0.334 
1767 CP00017535    (0)    2 :  0.330 0.342 0.328 
1768 CP00017565    (0)    2 :  0.344 0.313 0.343 
1769 CP00017615    (0)    2 :  0.341 0.322 0.337 
1770 CP00017619    (0)    2 :  0.347 0.307 0.347 
1771 CP00017620    (0)    2 :  0.322 0.356 0.322 
1772 CP00017567    (0)    2 :  0.338 0.324 0.338 
1773 CP00017529    (0)    2 :  0.336 0.326 0.337 
1774 CP00017569    (0)    2 :  0.322 0.358 0.320 
1775 CP00017608    (0)    2 :  0.336 0.328 0.337 
1776 CP00017558    (0)    2 :  0.345 0.307 0.347 
1777 CP00017555    (0)    2 :  0.336 0.331 0.333 
1778 CP00017618    (0)    2 :  0.337 0.325 0.338 
1779 CP00017557    (0)    2 :  0.321 0.361 0.318 
1780 CP00017606    (0)    2 :  0.341 0.317 0.342 
1781 CP00017600    (0)    2 :  0.324 0.353 0.323 
1782 CP00017583    (0)    2 :  0.348 0.301 0.351 
1783 CP00017599    (0)    2 :  0.346 0.309 0.345 
1784 CP00017530    (0)    2 :  0.321 0.360 0.320 
1785 CP00017546    (0)    2 :  0.337 0.326 0.337 
1786 CP00017616    (0)    2 :  0.328 0.344 0.328 
1787 CP00017559    (0)    2 :  0.321 0.356 0.324 
1788 CP00017563    (0)    2 :  0.343 0.314 0.343 
1789 CP00017602    (0)    2 :  0.331 0.335 0.334 
1790 CP00017591    (0)    2 :  0.348 0.303 0.348 
1791 CP00017598    (0)    2 :  0.339 0.323 0.338 
1792 CP00017526    (0)    2 :  0.326 0.343 0.331 
1793 CP00017604    (0)    2 :  0.346 0.307 0.347 
1794 CP00015690    (0)    1 :  0.319 0.361 0.319 
1795 CP00015069    (3)    1 :  0.345 0.312 0.343 
1796 CP00015687    (0)    1 :  0.347 0.303 0.350 
1797 CP00015708    (0)    1 :  0.339 0.322 0.339 
1798 CP00015720    (0)    1 :  0.319 0.361 0.320 
1799 CP00049555    (0)    1 :  0.348 0.304 0.348 
1800 CP00049558    (0)    1 :  0.325 0.348 0.327 
1801 CP00015068    (0)    1 :  0.332 0.337 0.331 
1802 CP00015710    (0)    1 :  0.323 0.354 0.323 
1803 CP00049570    (0)    1 :  0.349 0.299 0.352 
1804 CP00049556    (0)    1 :  0.340 0.322 0.338 
1805 CP00049534    (0)    3 :  0.348 0.306 0.347 
1806 CP00049543    (0)    3 :  0.334 0.334 0.333 
1807 CP00049539    (0)    3 :  0.339 0.324 0.337 
1808 CP00049567    (0)    3 :  0.339 0.323 0.338 
1809 CP00015706    (0)    1 :  0.341 0.317 0.342 
1810 CP00015063    (0)    3 :  0.335 0.333 0.333 
1811 CP00015067    (0)    3 :  0.340 0.324 0.336 
1812 CP00049536    (0)    3 :  0.308 0.387 0.305 
1813 CP00049560    (0)    3 :  0.345 0.311 0.344 
1814 CP00049529    (0)    3 :  0.342 0.317 0.341 
1815 CP00015699    (0)    1 :  0.335 0.331 0.334 
1816 CP00015066    (0)    3 :  0.339 0.323 0.338 
1817 CP00015712    (0)    1 :  0.340 0.320 0.340 
1818 CP00049526    (0)    3 :  0.341 0.318 0.341 
1819 CP00049562    (0)    3 :  0.330 0.341 0.330 
1820 CP00049525    (0)    3 :  0.338 0.323 0.339 
1821 CP00015689    (0)    1 :  0.335 0.331 0.334 
1822 CP00049544    (0)    3 :  0.342 0.315 0.343 
1823 CP00049545    (0)    3 :  0.337 0.329 0.335 
1824 CP00049541    (0)    3 :  0.345 0.311 0.344 
1825 CP00049528    (0)    3 :  0.323 0.354 0.324 
1826 CP00049521    (0)    3 :  0.324 0.352 0.323 
1827 CP00015709    (0)    1 :  0.320 0.362 0.318 
1828 CP00015716    (0)    1 :  0.329 0.340 0.331 
1829 CP00015688    (0)    1 :  0.318 0.363 0.318 
1830 CP00015700    (0)    1 :  0.340 0.322 0.338 
1831 CP00049549    (0)    3 :  0.334 0.332 0.334 
1832 CP00049550    (0)    3 :  0.341 0.321 0.337 
1833 CP00015070    (0)    3 :  0.328 0.342 0.330 
1834 CP00015686    (0)    1 :  0.318 0.366 0.317 
1835 CP00015062    (0)    3 :  0.317 0.366 0.317 
1836 CP00049563    (0)    3 :  0.330 0.340 0.330 
1837 CP00049537    (0)    3 :  0.336 0.330 0.334 
1838 CP00049551    (0)    3 :  0.336 0.328 0.336 
1839 CP00049535    (0)    3 :  0.330 0.339 0.331 
1840 CP00015719    (0)    1 :  0.319 0.360 0.320 
1841 CP00015697    (0)    1 :  0.342 0.318 0.340 
1842 CP00015714    (0)    1 :  0.323 0.356 0.321 
1843 CP00015715    (0)    1 :  0.332 0.338 0.330 
1844 CP00049559    (0)    3 :  0.333 0.331 0.337 
1845 CP00049566    (0)    3 :  0.327 0.343 0.330 
1846 CP00049542    (0)    3 :  0.324 0.350 0.326 
1847 CP00049530    (0)    3 :  0.337 0.328 0.335 
1848 CP00049532    (0)    3 :  0.347 0.305 0.348 
1849 CP00049554    (0)    3 :  0.321 0.357 0.322 
1850 CP00049564    (0)    3 :  0.325 0.349 0.326 
1851 CP00015702    (0)    1 :  0.332 0.334 0.335 
1852 CP00015681    (0)    1 :  0.326 0.348 0.326 
1853 CP00015718    (0)    1 :  0.341 0.318 0.340 
1854 CP00015698    (0)    1 :  0.327 0.345 0.328 
1855 CP00049531    (0)    3 :  0.315 0.371 0.314 
1856 CP00049548    (0)    3 :  0.333 0.335 0.331 
1857 CP00015695    (0)    1 :  0.328 0.343 0.328 
1858 CP00015692    (0)    1 :  0.339 0.323 0.338 
1859 CP00015693    (0)    1 :  0.339 0.319 0.341 
1860 CP00049522    (0)    3 :  0.342 0.319 0.339 
1861 CP00049546    (0)    3 :  0.339 0.321 0.340 
1862 CP00049557    (0)    3 :  0.337 0.324 0.339 
1863 CP00049533    (0)    3 :  0.336 0.327 0.337 
1864 CP00015683    (0)    1 :  0.343 0.314 0.343 
1865 CP00015713    (0)    1 :  0.326 0.347 0.327 
1866 CP00015684    (0)    1 :  0.340 0.320 0.340 
1867 CP00015696    (0)    1 :  0.344 0.313 0.343 
1868 CP00049538    (0)    3 :  0.336 0.327 0.337 
1869 CP00015705    (0)    1 :  0.347 0.308 0.346 
1870 CP00015691    (0)    1 :  0.334 0.333 0.333 
1871 CP00049547    (0)    1 :  0.318 0.363 0.318 
1872 CP00015065    (0)    1 :  0.338 0.323 0.339 
1873 CP00049540    (0)    1 :  0.345 0.310 0.345 
1874 CP00015703    (0)    1 :  0.341 0.314 0.344 
1875 CP00049552    (0)    1 :  0.338 0.324 0.339 
1876 CP00015682    (0)    1 :  0.342 0.316 0.342 
1877 CP00015064    (0)    3 :  0.336 0.326 0.339 
1878 CP00015685    (0)    1 :  0.335 0.331 0.334 
1879 CP00015061    (0)    3 :  0.329 0.342 0.328 
1880 CP00021003    (0)    1 :  0.335 0.330 0.335 
1881 CP00021007    (0)    1 :  0.328 0.343 0.329 
1882 CP00021019    (0)    1 :  0.332 0.334 0.334 
1883 CP00020975    (0)    1 :  0.321 0.356 0.322 
1884 CP00020971    (0)    1 :  0.327 0.346 0.327 
1885 CP00020972    (0)    1 :  0.324 0.351 0.324 
1886 CP00020973    (0)    1 :  0.331 0.338 0.331 
1887 CP00021002    (0)    1 :  0.353 0.294 0.353 
1888 CP00021008    (0)    1 :  0.321 0.358 0.321 
1889 CP00021020    (0)    1 :  0.346 0.310 0.344 
1890 CP00021016    (0)    1 :  0.346 0.306 0.347 
1891 CP00020999    (0)    1 :  0.345 0.311 0.344 
1892 CP00021000    (0)    1 :  0.349 0.301 0.350 
1893 CP00020996    (0)    1 :  0.335 0.331 0.334 
1894 CP00021005    (0)    1 :  0.335 0.331 0.334 
1895 CP00020976    (0)    1 :  0.337 0.329 0.334 
1896 CP00021009    (0)    1 :  0.341 0.317 0.342 
1897 CP00021010    (0)    1 :  0.344 0.312 0.344 
1898 CP00020998    (0)    1 :  0.340 0.319 0.341 
1899 CP00020997    (0)    1 :  0.342 0.317 0.341 
1900 CP00021017    (0)    1 :  0.326 0.347 0.327 
1901 CP00021018    (0)    1 :  0.340 0.320 0.341 
1902 CP00020974    (0)    1 :  0.322 0.356 0.323 
1903 CP00021015    (0)    1 :  0.344 0.311 0.345 
1904 CP00021006    (0)    1 :  0.339 0.319 0.342 
1905 CP00020991    (0)    1 :  0.309 0.381 0.310 
1906 CP00020977    (0)    1 :  0.346 0.308 0.346 
1907 CP00020993    (0)    1 :  0.337 0.323 0.340 
1908 CP00020995    (0)    1 :  0.326 0.349 0.325 
1909 CP00021004    (0)    1 :  0.311 0.375 0.313 
1910 CP00020992    (3)    1 :  0.346 0.306 0.347 
1911 CP00021001    (0)    1 :  0.325 0.349 0.326 
1912 CP00020866    (0)    3 :  0.321 0.354 0.324 
1913 CP00020822    (0)    3 :  0.330 0.341 0.329 
1914 CP00072624    (0)    3 :  0.334 0.335 0.331 
1915 CP00072595    (0)    2 :  0.326 0.351 0.324 
1916 CP00072586    (0)    2 :  0.331 0.337 0.332 
1917 CP00072605    (0)    3 :  0.347 0.307 0.346 
1918 CP00072615    (0)    3 :  0.342 0.316 0.342 
1919 CP00072633    (0)    1 :  0.347 0.311 0.343 
1920 CP00072589    (0)    2 :  0.316 0.369 0.315 
1921 CP00072630    (0)    3 :  0.337 0.326 0.337 
1922 CP00072593    (0)    2 :  0.338 0.324 0.338 
1923 CP00072614    (0)    3 :  0.330 0.340 0.329 
1924 CP00072617    (0)    3 :  0.342 0.317 0.342 
1925 CP00072618    (0)    3 :  0.339 0.320 0.341 
1926 CP00072583    (0)    2 :  0.344 0.314 0.341 
1927 CP00072637    (0)    1 :  0.339 0.322 0.339 
1928 CP00072612    (0)    3 :  0.343 0.318 0.340 
1929 CP00072579    (0)    1 :  0.340 0.319 0.341 
1930 CP00072629    (0)    3 :  0.337 0.329 0.334 
1931 CP00072607    (0)    3 :  0.337 0.323 0.339 
1932 CP00072613    (0)    3 :  0.333 0.335 0.332 
1933 CP00072644    (0)    3 :  0.346 0.306 0.347 
1934 CP00072627    (0)    3 :  0.322 0.357 0.320 
1935 CP00072584    (0)    2 :  0.325 0.351 0.323 
1936 CP00072611    (0)    3 :  0.340 0.317 0.343 
1937 CP00072578    (0)    1 :  0.346 0.310 0.344 
1938 CP00072608    (0)    3 :  0.347 0.305 0.348 
1939 CP00072628    (0)    3 :  0.326 0.350 0.324 
1940 CP00072606    (0)    3 :  0.307 0.387 0.306 
1941 CP00072645    (0)    3 :  0.333 0.333 0.334 
1942 CP00072638    (0)    1 :  0.337 0.328 0.335 
1943 CP00072580    (0)    1 :  0.339 0.320 0.340 
1944 CP00072588    (0)    2 :  0.331 0.338 0.330 
1945 CP00072591    (0)    2 :  0.332 0.336 0.332 
1946 CP00072590    (0)    2 :  0.332 0.336 0.333 
1947 CP00072592    (0)    2 :  0.326 0.348 0.326 
1948 CP00072582    (0)    1 :  0.322 0.355 0.323 
1949 CP00072609    (0)    3 :  0.319 0.360 0.320 
1950 CP00072635    (0)    1 :  0.324 0.354 0.322 
1951 CP00072647    (0)    1 :  0.329 0.341 0.329 
1952 CP00072585    (0)    2 :  0.350 0.305 0.346 
1953 CP00072587    (0)    2 :  0.347 0.310 0.344 
1954 CP00072639    (0)    1 :  0.331 0.341 0.328 
1955 CP00072640    (0)    1 :  0.339 0.321 0.340 
1956 CP00072625    (0)    3 :  0.337 0.324 0.339 
1957 CP00072576    (0)    1 :  0.337 0.328 0.335 
1958 CP00072634    (0)    1 :  0.334 0.333 0.334 
1959 CP00072619    (0)    3 :  0.337 0.326 0.336 
1960 CP00072621    (0)    3 :  0.334 0.333 0.333 
1961 CP00072571    (0)    1 :  0.335 0.331 0.335 
1962 CP00072646    (0)    1 :  0.349 0.300 0.351 
1963 CP00072622    (0)    1 :  0.337 0.324 0.339 
1964 CP00072577    (0)    1 :  0.333 0.337 0.330 
1965 CP00072610    (0)    3 :  0.352 0.295 0.353 
1966 CP00072620    (0)    3 :  0.342 0.314 0.344 
1967 CP00072616    (0)    3 :  0.303 0.394 0.303 
1968 CP00072623    (0)    3 :  0.334 0.332 0.334 
1969 CP00072626    (0)    3 :  0.343 0.313 0.344 
1970 CP00072641    (0)    1 :  0.335 0.330 0.335 
1971 CP00072642    (0)    3 :  0.339 0.323 0.338 
1972 CP00072157    (0)    3 :  0.344 0.309 0.347 
1973 CP00072132    (0)    3 :  0.333 0.331 0.336 
1974 CP00072144    (0)    3 :  0.330 0.339 0.332 
1975 CP00072148    (0)    3 :  0.339 0.323 0.339 
1976 CP00072169    (0)    3 :  0.324 0.352 0.324 
1977 CP00072133    (0)    3 :  0.332 0.336 0.332 
1978 CP00072139    (0)    3 :  0.342 0.313 0.346 
1979 CP00072155    (0)    1 :  0.322 0.354 0.323 
1980 CP00072143    (0)    1 :  0.309 0.383 0.308 
1981 CP00072136    (0)    1 :  0.344 0.312 0.344 
1982 CP00075424    (0)    1 :  0.312 0.377 0.311 
1983 CP00075416    (0)    1 :  0.340 0.325 0.335 
1984 CP00075420    (0)    1 :  0.328 0.346 0.326 
1985 CP00072159    (0)    1 :  0.320 0.359 0.321 
1986 CP00072137    (0)    1 :  0.337 0.323 0.340 
1987 CP00075415    (0)    1 :  0.338 0.323 0.339 
1988 CP00072131    (0)    1 :  0.339 0.324 0.337 
1989 CP00072156    (0)    1 :  0.324 0.349 0.327 
1990 CP00072134    (0)    1 :  0.338 0.324 0.338 
1991 CP00072138    (0)    1 :  0.344 0.314 0.343 
1992 CP00072142    (0)    1 :  0.311 0.376 0.312 
1993 CP00072168    (0)    1 :  0.338 0.324 0.338 
1994 CP00072153    (0)    1 :  0.333 0.336 0.331 
1995 CP00072154    (0)    1 :  0.328 0.343 0.329 
1996 CP00072166    (0)    1 :  0.320 0.358 0.323 
1997 CP00075417    (0)    2 :  0.323 0.352 0.325 
1998 CP00072152    (0)    2 :  0.326 0.347 0.327 
1999 CP00072160    (0)    2 :  0.319 0.361 0.320 
2000 CP00072149    (0)    2 :  0.318 0.363 0.318 


Estimated Allele Frequencies in each cluster
First column gives estimated ancestral frequencies


Locus 1 : TH01 
6 alleles
0.0% missing data
  93   (0.245) 0.235 0.246 0.245 
  60   (0.287) 0.289 0.288 0.289 
  80   (0.142) 0.152 0.141 0.150 
  90   (0.153) 0.168 0.153 0.165 
  70   (0.142) 0.147 0.142 0.141 
 100   (0.031) 0.010 0.031 0.010 

Locus 2 : D2S1338 
14 alleles
0.0% missing data
 170   (0.215) 0.263 0.217 0.256 
 230   (0.119) 0.151 0.119 0.153 
 190   (0.085) 0.086 0.084 0.078 
 200   (0.132) 0.147 0.132 0.152 
 250   (0.071) 0.081 0.071 0.086 
 160   (0.102) 0.094 0.103 0.091 
 220   (0.040) 0.011 0.040 0.010 
 180   (0.070) 0.080 0.070 0.085 
 240   (0.094) 0.070 0.095 0.073 
 210   (0.045) 0.014 0.045 0.014 
 260   (0.016) 0.002 0.015 0.002 
 270   (0.007) 0.000 0.006 0.000 
 290   (0.002) 0.000 0.001 0.000 
 280   (0.002) 0.000 0.001 0.000 

Locus 3 : D3S1358 
9 alleles
0.0% missing data
 150   (0.215) 0.282 0.216 0.291 
 160   (0.261) 0.256 0.262 0.240 
 180   (0.171) 0.158 0.171 0.157 
 140   (0.125) 0.074 0.126 0.074 
 170   (0.181) 0.223 0.181 0.230 
 110   (0.004) 0.000 0.003 0.000 
 190   (0.035) 0.007 0.035 0.007 
 130   (0.006) 0.000 0.005 0.000 
 120   (0.003) 0.000 0.002 0.000 

Locus 4 : D8S1179 
10 alleles
0.0% missing data
 120   (0.124) 0.094 0.125 0.093 
 130   (0.263) 0.340 0.264 0.333 
 140   (0.220) 0.260 0.220 0.267 
 150   (0.136) 0.152 0.136 0.151 
 100   (0.069) 0.054 0.068 0.055 
 160   (0.045) 0.019 0.044 0.018 
  90   (0.033) 0.012 0.032 0.012 
 110   (0.069) 0.060 0.069 0.061 
 170   (0.009) 0.000 0.009 0.000 
  80   (0.033) 0.008 0.033 0.008 

Locus 5 : D16S539 
8 alleles
0.0% missing data
 100   (0.078) 0.079 0.078 0.082 
 110   (0.265) 0.298 0.266 0.295 
 120   (0.286) 0.301 0.287 0.299 
  90   (0.120) 0.116 0.120 0.110 
 130   (0.153) 0.162 0.153 0.170 
 140   (0.044) 0.028 0.043 0.027 
  80   (0.047) 0.016 0.047 0.017 
 150   (0.007) 0.000 0.006 0.000 

Locus 6 : D18S51 
17 alleles
0.0% missing data
 110   (0.033) 0.007 0.033 0.007 
 140   (0.163) 0.230 0.164 0.234 
 180   (0.071) 0.042 0.072 0.039 
 120   (0.082) 0.106 0.082 0.114 
 160   (0.159) 0.181 0.160 0.181 
 170   (0.075) 0.084 0.075 0.082 
 130   (0.126) 0.158 0.127 0.151 
 150   (0.125) 0.137 0.126 0.136 
 210   (0.040) 0.016 0.040 0.016 
 200   (0.032) 0.010 0.032 0.010 
 100   (0.018) 0.002 0.018 0.002 
 190   (0.055) 0.027 0.056 0.027 
 250   (0.002) 0.000 0.001 0.000 
  90   (0.003) 0.000 0.002 0.000 
 240   (0.004) 0.000 0.003 0.000 
 220   (0.009) 0.000 0.008 0.000 
 230   (0.003) 0.000 0.002 0.000 

Locus 7 : D19S433 
16 alleles
0.0% missing data
 120   (0.103) 0.087 0.104 0.085 
 130   (0.164) 0.252 0.165 0.259 
 132   (0.028) 0.007 0.027 0.007 
 150   (0.138) 0.126 0.140 0.128 
 140   (0.259) 0.354 0.261 0.349 
 110   (0.016) 0.002 0.016 0.002 
 160   (0.073) 0.066 0.073 0.062 
 162   (0.036) 0.015 0.035 0.014 
 142   (0.073) 0.047 0.073 0.048 
 152   (0.071) 0.042 0.072 0.045 
 170   (0.016) 0.002 0.015 0.002 
 182   (0.003) 0.000 0.002 0.000 
 172   (0.010) 0.000 0.009 0.000 
 180   (0.003) 0.000 0.002 0.000 
 122   (0.005) 0.000 0.004 0.000 
 100   (0.003) 0.000 0.002 0.000 

Locus 8 : D21S11 
16 alleles
0.0% missing data
 280   (0.135) 0.158 0.136 0.152 
 322   (0.116) 0.104 0.117 0.112 
 290   (0.235) 0.334 0.237 0.327 
 312   (0.112) 0.126 0.112 0.128 
 320   (0.018) 0.002 0.017 0.002 
 300   (0.154) 0.170 0.155 0.172 
 270   (0.039) 0.011 0.039 0.011 
 302   (0.047) 0.022 0.047 0.022 
 310   (0.042) 0.039 0.042 0.040 
 332   (0.062) 0.030 0.063 0.030 
 342   (0.009) 0.000 0.008 0.000 
 260   (0.004) 0.000 0.003 0.000 
 292   (0.020) 0.003 0.019 0.003 
 330   (0.004) 0.000 0.003 0.000 
 340   (0.002) 0.000 0.001 0.000 
 352   (0.002) 0.000 0.001 0.000 

Locus 9 : FGA 
21 alleles
0.1% missing data
 200   (0.104) 0.136 0.105 0.145 
 230   (0.148) 0.185 0.149 0.184 
 220   (0.153) 0.164 0.155 0.157 
 240   (0.123) 0.171 0.123 0.173 
 250   (0.084) 0.088 0.085 0.087 
 210   (0.165) 0.159 0.167 0.157 
 190   (0.081) 0.069 0.082 0.068 
 260   (0.044) 0.021 0.045 0.020 
 222   (0.009) 0.000 0.009 0.000 
 202   (0.002) 0.000 0.001 0.000 
 270   (0.021) 0.003 0.021 0.003 
 242   (0.007) 0.000 0.006 0.000 
 192   (0.002) 0.000 0.001 0.000 
 180   (0.016) 0.002 0.016 0.002 
 280   (0.006) 0.000 0.005 0.000 
 170   (0.002) 0.000 0.001 0.000 
 212   (0.007) 0.000 0.007 0.000 
 232   (0.012) 0.001 0.012 0.001 
 252   (0.007) 0.000 0.007 0.000 
 290   (0.004) 0.000 0.003 0.000 
 241   (0.002) 0.000 0.001 0.000 

Locus 10 : VWA 
11 alleles
0.1% missing data
 160   (0.163) 0.221 0.164 0.231 
 180   (0.211) 0.205 0.212 0.198 
 170   (0.265) 0.321 0.266 0.320 
 140   (0.113) 0.088 0.113 0.093 
 190   (0.087) 0.068 0.087 0.066 
 150   (0.110) 0.088 0.110 0.084 
 200   (0.031) 0.008 0.031 0.007 
 210   (0.005) 0.000 0.004 0.000 
 130   (0.004) 0.000 0.003 0.000 
 110   (0.008) 0.000 0.007 0.000 
 220   (0.002) 0.000 0.001 0.000 

Locus 11 : D10S1248 
9 alleles
0.0% missing data
 130   (0.175) 0.182 0.175 0.172 
 160   (0.151) 0.141 0.151 0.147 
 150   (0.277) 0.302 0.278 0.294 
 170   (0.066) 0.034 0.066 0.035 
 140   (0.281) 0.335 0.281 0.348 
 120   (0.023) 0.003 0.023 0.004 
 180   (0.011) 0.001 0.010 0.001 
 110   (0.013) 0.001 0.012 0.001 
  90   (0.005) 0.000 0.004 0.000 

Locus 12 : D22S1045 
9 alleles
0.0% missing data
 150   (0.336) 0.359 0.338 0.358 
 160   (0.271) 0.327 0.271 0.325 
 140   (0.088) 0.090 0.087 0.088 
 110   (0.140) 0.144 0.141 0.150 
 170   (0.111) 0.072 0.111 0.072 
 120   (0.013) 0.001 0.012 0.001 
 180   (0.030) 0.006 0.030 0.006 
 130   (0.004) 0.000 0.003 0.000 
 190   (0.008) 0.000 0.007 0.000 

Locus 13 : D2S441 
11 alleles
0.0% missing data
 140   (0.284) 0.344 0.285 0.353 
 160   (0.025) 0.006 0.025 0.006 
 100   (0.120) 0.141 0.120 0.134 
 130   (0.033) 0.012 0.033 0.012 
 113   (0.108) 0.086 0.108 0.087 
 110   (0.291) 0.347 0.292 0.343 
 150   (0.054) 0.020 0.054 0.019 
 120   (0.067) 0.043 0.066 0.045 
 123   (0.010) 0.001 0.009 0.001 
 101   (0.003) 0.000 0.002 0.000 
  90   (0.006) 0.000 0.005 0.000 

Locus 14 : D1S1656 
18 alleles
0.0% missing data
 130   (0.063) 0.106 0.063 0.109 
 150   (0.145) 0.176 0.146 0.174 
 120   (0.115) 0.134 0.115 0.135 
 170   (0.063) 0.037 0.064 0.038 
 140   (0.090) 0.066 0.091 0.069 
 110   (0.077) 0.090 0.077 0.093 
 173   (0.094) 0.110 0.094 0.104 
 153   (0.060) 0.055 0.060 0.053 
 160   (0.114) 0.124 0.115 0.124 
 183   (0.059) 0.032 0.059 0.032 
 163   (0.072) 0.060 0.072 0.061 
 193   (0.029) 0.008 0.028 0.009 
 180   (0.009) 0.000 0.008 0.001 
 100   (0.003) 0.000 0.002 0.000 
 162   (0.002) 0.000 0.001 0.000 
 190   (0.002) 0.000 0.001 0.000 
  90   (0.002) 0.000 0.001 0.000 
 143   (0.002) 0.000 0.001 0.000 

Locus 15 : D12S391 
17 alleles
0.0% missing data
 230   (0.060) 0.060 0.060 0.056 
 240   (0.051) 0.025 0.051 0.024 
 150   (0.068) 0.052 0.068 0.052 
 170   (0.093) 0.090 0.093 0.091 
 160   (0.040) 0.025 0.039 0.025 
 220   (0.110) 0.153 0.110 0.149 
 190   (0.104) 0.150 0.105 0.156 
 200   (0.086) 0.113 0.087 0.118 
 210   (0.081) 0.094 0.080 0.092 
 180   (0.175) 0.192 0.177 0.192 
 193   (0.025) 0.004 0.025 0.004 
 183   (0.050) 0.033 0.050 0.034 
 173   (0.010) 0.000 0.010 0.000 
 260   (0.014) 0.001 0.014 0.001 
 250   (0.029) 0.008 0.028 0.007 
 203   (0.002) 0.000 0.001 0.000 
 270   (0.002) 0.000 0.001 0.000 

Locus 16 : SE33 
55 alleles
0.1% missing data
 242   (0.037) 0.028 0.038 0.028 
 302   (0.040) 0.033 0.042 0.031 
 200   (0.045) 0.061 0.046 0.062 
 190   (0.060) 0.123 0.061 0.137 
 252   (0.034) 0.024 0.035 0.022 
 232   (0.038) 0.033 0.039 0.033 
 312   (0.032) 0.012 0.034 0.012 
 180   (0.060) 0.095 0.062 0.093 
 160   (0.038) 0.070 0.038 0.074 
 272   (0.045) 0.063 0.046 0.064 
 170   (0.058) 0.113 0.059 0.109 
 222   (0.028) 0.041 0.028 0.039 
 332   (0.014) 0.001 0.014 0.002 
 262   (0.048) 0.044 0.050 0.043 
 292   (0.039) 0.079 0.039 0.079 
 140   (0.031) 0.013 0.032 0.014 
 210   (0.030) 0.028 0.031 0.029 
 202   (0.013) 0.001 0.012 0.001 
 220   (0.016) 0.003 0.016 0.002 
 360   (0.006) 0.000 0.005 0.000 
 330   (0.014) 0.002 0.014 0.001 
 282   (0.060) 0.102 0.062 0.091 
 150   (0.045) 0.020 0.047 0.021 
 120   (0.007) 0.000 0.007 0.000 
 153   (0.003) 0.000 0.002 0.000 
 163   (0.003) 0.000 0.002 0.000 
 212   (0.024) 0.004 0.025 0.004 
 132   (0.005) 0.000 0.005 0.000 
 340   (0.011) 0.001 0.010 0.001 
 273   (0.008) 0.000 0.007 0.000 
 322   (0.020) 0.003 0.021 0.003 
 290   (0.005) 0.000 0.004 0.000 
 192   (0.005) 0.000 0.004 0.000 
 280   (0.003) 0.000 0.003 0.000 
 230   (0.005) 0.000 0.004 0.000 
 342   (0.007) 0.000 0.007 0.000 
 320   (0.004) 0.000 0.003 0.000 
 240   (0.002) 0.000 0.001 0.000 
 130   (0.008) 0.000 0.007 0.000 
 161   (0.005) 0.000 0.004 0.000 
 350   (0.010) 0.001 0.010 0.001 
 173   (0.005) 0.000 0.005 0.000 
 162   (0.002) 0.000 0.001 0.000 
  80   (0.002) 0.000 0.001 0.000 
 110   (0.003) 0.000 0.003 0.000 
 260   (0.002) 0.000 0.001 0.000 
 152   (0.003) 0.000 0.002 0.000 
 370   (0.003) 0.000 0.002 0.000 
 142   (0.003) 0.000 0.002 0.000 
 122   (0.002) 0.000 0.001 0.000 
 250   (0.002) 0.000 0.001 0.000 
 270   (0.002) 0.000 0.001 0.000 
  90   (0.002) 0.000 0.001 0.000 
 193   (0.002) 0.000 0.001 0.000 
 352   (0.003) 0.000 0.002 0.000 

Values of parameters used in structure:
DATAFILE=Albania_2000_STRUCTURE.txt,	OUTFILE=primary_output/Albania_primary_K03_rep15,	NUMINDS=2000,	NUMLOCI=16,	MISSING=-9,	LABEL=1,	POPDATA=1,	POPFLAG=0,	PHENOTYPE=0,	EXTRACOLS=0,	MAXPOPS=3,	BURNIN=100000,	NUMREPS=500000,	USEPOPINFO=0,	INFERALPHA=1,	INFERLAMBDA=0,	POPSPECIFICLAMBDA=0,	POPALPHAS=0,	COMPUTEPROB=1,	NOADMIX=0,	ADMBURNIN=500,	UPDATEFREQ=100,	PRINTLIKES=0,	INTERMEDSAVE=0,	PRINTKLD=0,	PRINTNET=1,	PRINTLAMBDA=1,	ANCESTDIST=0,	NUMBOXES=1000,	ANCESTPINT=0.90000,	GENSBACK=2,	MIGRPRIOR=0.01000,	PRINTQHAT=0,	PRINTQSUM=1,	ALPHA=1.0000,	FREQSCORR=1,	FPRIORMEAN=0.0100,	FPRIORSD=0.0500,	ONEFST=0,	LAMBDA=1.0000,	UNIFPRIORALPHA=1,	ALPHAMAX=10.0000,	ALPHAPRIORA=1.0000,	ALPHAPRIORB=2.0000,	ALPHAPROPSD=0.0250,	STARTATPOPINFO=0,	RANDOMIZE=0,	LINKAGE=0,	METROFREQ=10,	REPORTHITRATE=0,	MARKOVPHASE=0,	PHASED=0,	PLOIDY=2,	PHASEINFO=0	LOCPRIOR=0, 	LOCPRIORINIT=1.000000, 	LOCDATA=0, 	LOCISPOP=1, 	LOCPRIORSTEP=0.100000, 	MAXLOCPRIOR=20.000000, 	SEED=20263820,	
[STRAT parameters]:    NUMSIMSTATS=1000,	PHENOTYPECOL=-9,	POOLFREQ=10,	LOCUSxONLY=0,	EMERROR=0.00100,	MISSINGPHENO=-9,	