

----------------------------------------------------
STRUCTURE by Pritchard, Stephens and Donnelly (2000)
     and Falush, Stephens and Pritchard (2003)
       Code by Pritchard, Falush and Hubisz
             Version 2.3.4 (Jul 2012)
----------------------------------------------------


Reading file "mainparams_primary".
datafile is
Albania_2000_STRUCTURE.txt
Reading file "extraparams_primary".
Reading file "Albania_2000_STRUCTURE.txt".


Data file "Albania_2000_STRUCTURE.txt" (truncated) --

Ind:   Label Pop : Genotype_data . . . .
  1: CP00019943    2  : 93 170 150 120 100 110 120  . . . . 242
  1: CP00019943    2  : 93 230 160 130 110 140 130  . . . . 302
  2: CP00019945    2  : 60 190 180 130 120 140 132  . . . . 200
  2: CP00019945    2  : 93 200 180 140 120 180 150  . . . . 302
  3: CP00019948    2  : 60 170 160 120  90 120 140  . . . . 190
  3: CP00019948    2  : 80 250 180 140 120 180 150  . . . . 252
  4: CP00019939    2  : 60 170 150 140 120 160 140  . . . . 200
  4: CP00019939    2  : 90 200 180 150 120 170 140  . . . . 232

      *******   

1999: CP00072160    2  : 80 160 160 110  90 120 140  . . . . 190
1999: CP00072160    2  : 93 170 170 120 110 160 142  . . . . 200
2000: CP00072149    2  : 60 160 150 120  90 110 140  . . . . 180
2000: CP00072149    2  : 60 160 180 150 120 140 150  . . . . 262

Number of alleles per locus: min= 6; ave=15.4; max=55


--------------------------------------

Finished initialization; starting MCMC 
500000 iterations + 100000 burnin


--------------------------------------------
Proportion of membership of each pre-defined
 population in each of the 3 clusters

Given    Inferred Clusters       Number of
 Pop       1      2      3      Individuals

  1:     0.343  0.332  0.324      358
  2:     0.333  0.335  0.332      1039
  3:     0.332  0.322  0.346      603
--------------------------------------------

 Rep#:   Lambda   Alpha      F1    F2    F3     D1,2  D1,3  D2,3    Ln Like 
  100:    1.00    1.020    0.010 0.002 0.005    0.005 0.007 0.004   --  
  200:    1.00    1.104    0.008 0.002 0.008    0.005 0.006 0.004   --  
  300:    1.00    0.965    0.008 0.002 0.006    0.004 0.008 0.004   --  
  400:    1.00    1.009    0.008 0.002 0.007    0.004 0.006 0.004   --  
  500:    1.00    0.882    0.008 0.002 0.007    0.004 0.006 0.005   --  
  600:    1.00    0.886    0.006 0.002 0.009    0.003 0.006 0.004   --  
  700:    1.00    1.030    0.006 0.002 0.009    0.004 0.007 0.004   --  
  800:    1.00    0.992    0.006 0.002 0.012    0.003 0.008 0.006   --  
  900:    1.00    1.014    0.006 0.002 0.011    0.003 0.006 0.005   --  

--------------------------------------------
Proportion of membership of each pre-defined
 population in each of the 3 clusters

Given    Inferred Clusters       Number of
 Pop       1      2      3      Individuals

  1:     0.328  0.340  0.332      358
  2:     0.332  0.329  0.340      1039
  3:     0.331  0.344  0.325      603
--------------------------------------------

 Rep#:   Lambda   Alpha      F1    F2    F3     D1,2  D1,3  D2,3    Ln Like 
 1000:    1.00    1.047    0.007 0.002 0.011    0.004 0.006 0.005   --  
 1100:    1.00    0.929    0.006 0.003 0.010    0.004 0.009 0.006   --  
 1200:    1.00    0.834    0.007 0.003 0.010    0.004 0.008 0.003   --  
 1300:    1.00    0.795    0.007 0.002 0.007    0.004 0.005 0.004   --  
 1400:    1.00    0.835    0.008 0.002 0.007    0.004 0.006 0.003   --  
 1500:    1.00    0.872    0.008 0.002 0.006    0.003 0.006 0.004   --  
 1600:    1.00    0.872    0.007 0.002 0.006    0.004 0.006 0.005   --  
 1700:    1.00    0.935    0.006 0.002 0.006    0.004 0.008 0.004   --  
 1800:    1.00    0.760    0.006 0.002 0.006    0.003 0.004 0.003   --  
 1900:    1.00    0.729    0.007 0.002 0.005    0.004 0.005 0.003   --  

--------------------------------------------
Proportion of membership of each pre-defined
 population in each of the 3 clusters

Given    Inferred Clusters       Number of
 Pop       1      2      3      Individuals

  1:     0.350  0.315  0.335      358
  2:     0.327  0.338  0.335      1039
  3:     0.334  0.329  0.337      603
--------------------------------------------

 Rep#:   Lambda   Alpha      F1    F2    F3     D1,2  D1,3  D2,3    Ln Like 
 2000:    1.00    0.677    0.007 0.001 0.005    0.005 0.007 0.004   --  
 2100:    1.00    0.671    0.007 0.001 0.005    0.004 0.007 0.004   --  
 2200:    1.00    0.674    0.007 0.001 0.005    0.004 0.007 0.003   --  
 2300:    1.00    0.596    0.007 0.001 0.005    0.003 0.004 0.002   --  
 2400:    1.00    0.590    0.005 0.001 0.006    0.003 0.005 0.003   --  
 2500:    1.00    0.758    0.005 0.001 0.006    0.003 0.004 0.003   --  
 2600:    1.00    0.810    0.004 0.001 0.007    0.003 0.004 0.003   --  
 2700:    1.00    0.759    0.003 0.001 0.006    0.002 0.004 0.004   --  
 2800:    1.00    0.659    0.003 0.001 0.006    0.002 0.005 0.003   --  
 2900:    1.00    0.639    0.003 0.001 0.006    0.002 0.004 0.003   --  

--------------------------------------------
Proportion of membership of each pre-defined
 population in each of the 3 clusters

Given    Inferred Clusters       Number of
 Pop       1      2      3      Individuals

  1:     0.325  0.361  0.315      358
  2:     0.341  0.328  0.331      1039
  3:     0.318  0.366  0.316      603
--------------------------------------------

 Rep#:   Lambda   Alpha      F1    F2    F3     D1,2  D1,3  D2,3    Ln Like 
 3000:    1.00    0.539    0.004 0.001 0.007    0.002 0.004 0.003   --  
 3100:    1.00    0.641    0.004 0.002 0.007    0.003 0.004 0.003   --  
 3200:    1.00    0.700    0.003 0.002 0.007    0.002 0.004 0.004   --  
 3300:    1.00    0.738    0.003 0.002 0.006    0.002 0.003 0.002   --  
 3400:    1.00    0.729    0.003 0.002 0.006    0.002 0.004 0.003   --  
 3500:    1.00    0.769    0.004 0.002 0.007    0.002 0.005 0.003   --  
 3600:    1.00    0.833    0.004 0.002 0.007    0.002 0.005 0.004   --  
 3700:    1.00    0.891    0.004 0.001 0.006    0.002 0.004 0.003   --  
 3800:    1.00    0.919    0.004 0.001 0.006    0.002 0.004 0.003   --  
 3900:    1.00    0.910    0.004 0.001 0.006    0.002 0.004 0.003   --  

--------------------------------------------
Proportion of membership of each pre-defined
 population in each of the 3 clusters

Given    Inferred Clusters       Number of
 Pop       1      2      3      Individuals

  1:     0.330  0.354  0.316      358
  2:     0.336  0.326  0.338      1039
  3:     0.328  0.342  0.330      603
--------------------------------------------

 Rep#:   Lambda   Alpha      F1    F2    F3     D1,2  D1,3  D2,3    Ln Like 
 4000:    1.00    1.019    0.004 0.001 0.006    0.002 0.004 0.003   --  
 4100:    1.00    1.224    0.004 0.001 0.006    0.002 0.004 0.003   --  
 4200:    1.00    1.184    0.006 0.001 0.006    0.003 0.006 0.004   --  
 4300:    1.00    1.425    0.006 0.001 0.008    0.003 0.004 0.004   --  
 4400:    1.00    1.322    0.006 0.001 0.008    0.003 0.005 0.004   --  
 4500:    1.00    1.473    0.009 0.001 0.012    0.004 0.008 0.005   --  
 4600:    1.00    1.584    0.010 0.001 0.013    0.005 0.009 0.007   --  
 4700:    1.00    1.587    0.010 0.001 0.014    0.004 0.009 0.006   --  
 4800:    1.00    1.464    0.012 0.001 0.015    0.006 0.010 0.005   --  
 4900:    1.00    1.603    0.017 0.001 0.013    0.008 0.012 0.006   --  

--------------------------------------------
Proportion of membership of each pre-defined
 population in each of the 3 clusters

Given    Inferred Clusters       Number of
 Pop       1      2      3      Individuals

  1:     0.335  0.316  0.349      358
  2:     0.330  0.326  0.344      1039
  3:     0.328  0.339  0.333      603
--------------------------------------------

 Rep#:   Lambda   Alpha      F1    F2    F3     D1,2  D1,3  D2,3    Ln Like 
 5000:    1.00    1.813    0.018 0.001 0.011    0.008 0.012 0.006   --  
 5100:    1.00    1.961    0.020 0.001 0.010    0.007 0.011 0.005   --  
 5200:    1.00    1.929    0.018 0.001 0.012    0.007 0.010 0.006   --  
 5300:    1.00    2.279    0.012 0.001 0.015    0.004 0.011 0.006   --  
 5400:    1.00    2.605    0.011 0.001 0.022    0.003 0.012 0.011   --  
 5500:    1.00    2.913    0.015 0.001 0.023    0.006 0.015 0.010   --  
 5600:    1.00    3.085    0.020 0.001 0.034    0.007 0.017 0.016   --  
 5700:    1.00    3.365    0.016 0.001 0.032    0.007 0.019 0.009   --  
 5800:    1.00    3.214    0.030 0.001 0.032    0.014 0.028 0.013   --  
 5900:    1.00    3.403    0.044 0.001 0.041    0.016 0.041 0.022   --  

--------------------------------------------
Proportion of membership of each pre-defined
 population in each of the 3 clusters

Given    Inferred Clusters       Number of
 Pop       1      2      3      Individuals

  1:     0.336  0.335  0.329      358
  2:     0.334  0.334  0.332      1039
  3:     0.338  0.325  0.337      603
--------------------------------------------

 Rep#:   Lambda   Alpha      F1    F2    F3     D1,2  D1,3  D2,3    Ln Like 
 6000:    1.00    3.208    0.036 0.001 0.050    0.015 0.030 0.019   --  
 6100:    1.00    3.297    0.031 0.001 0.040    0.014 0.032 0.015   --  
 6200:    1.00    2.993    0.025 0.001 0.034    0.009 0.022 0.012   --  
 6300:    1.00    3.595    0.041 0.001 0.036    0.012 0.024 0.010   --  
 6400:    1.00    3.518    0.045 0.001 0.023    0.017 0.031 0.011   --  
 6500:    1.00    3.437    0.042 0.001 0.035    0.016 0.029 0.014   --  
 6600:    1.00    3.233    0.033 0.001 0.027    0.011 0.023 0.010   --  
 6700:    1.00    3.565    0.040 0.001 0.027    0.020 0.038 0.013   --  
 6800:    1.00    3.633    0.060 0.001 0.020    0.020 0.027 0.008   --  
 6900:    1.00    3.967    0.071 0.001 0.025    0.028 0.038 0.011   --  

--------------------------------------------
Proportion of membership of each pre-defined
 population in each of the 3 clusters

Given    Inferred Clusters       Number of
 Pop       1      2      3      Individuals

  1:     0.329  0.334  0.337      358
  2:     0.327  0.340  0.334      1039
  3:     0.333  0.333  0.334      603
--------------------------------------------

 Rep#:   Lambda   Alpha      F1    F2    F3     D1,2  D1,3  D2,3    Ln Like 
 7000:    1.00    3.730    0.061 0.001 0.028    0.025 0.039 0.010   --  
 7100:    1.00    4.006    0.052 0.001 0.031    0.022 0.044 0.016   --  
 7200:    1.00    3.744    0.042 0.001 0.053    0.017 0.044 0.022   --  
 7300:    1.00    3.646    0.056 0.001 0.053    0.018 0.043 0.024   --  
 7400:    1.00    3.815    0.062 0.001 0.050    0.021 0.038 0.021   --  
 7500:    1.00    4.113    0.061 0.001 0.038    0.023 0.043 0.017   --  
 7600:    1.00    4.340    0.073 0.001 0.054    0.033 0.052 0.017   --  
 7700:    1.00    3.917    0.082 0.001 0.041    0.033 0.051 0.014   --  
 7800:    1.00    3.972    0.066 0.001 0.040    0.023 0.047 0.019   --  
 7900:    1.00    3.517    0.059 0.001 0.039    0.021 0.033 0.018   --  

--------------------------------------------
Proportion of membership of each pre-defined
 population in each of the 3 clusters

Given    Inferred Clusters       Number of
 Pop       1      2      3      Individuals

  1:     0.330  0.328  0.341      358
  2:     0.340  0.329  0.330      1039
  3:     0.339  0.327  0.334      603
--------------------------------------------

 Rep#:   Lambda   Alpha      F1    F2    F3     D1,2  D1,3  D2,3    Ln Like 
 8000:    1.00    3.465    0.080 0.001 0.044    0.020 0.042 0.015   --  
 8100:    1.00    3.509    0.074 0.001 0.045    0.031 0.043 0.014   --  
 8200:    1.00    3.267    0.064 0.001 0.031    0.017 0.033 0.014   --  
 8300:    1.00    2.988    0.064 0.001 0.036    0.024 0.040 0.013   --  
 8400:    1.00    3.198    0.056 0.001 0.034    0.024 0.038 0.015   --  
 8500:    1.00    3.092    0.062 0.001 0.043    0.026 0.046 0.018   --  
 8600:    1.00    3.057    0.065 0.001 0.036    0.021 0.036 0.018   --  
 8700:    1.00    3.717    0.059 0.001 0.049    0.021 0.039 0.019   --  
 8800:    1.00    3.707    0.044 0.001 0.061    0.018 0.044 0.024   --  
 8900:    1.00    3.769    0.062 0.001 0.051    0.021 0.036 0.019   --  

--------------------------------------------
Proportion of membership of each pre-defined
 population in each of the 3 clusters

Given    Inferred Clusters       Number of
 Pop       1      2      3      Individuals

  1:     0.342  0.343  0.315      358
  2:     0.334  0.332  0.333      1039
  3:     0.330  0.338  0.332      603
--------------------------------------------

 Rep#:   Lambda   Alpha      F1    F2    F3     D1,2  D1,3  D2,3    Ln Like 
 9000:    1.00    3.861    0.079 0.001 0.044    0.023 0.042 0.019   --  
 9100:    1.00    3.622    0.082 0.001 0.040    0.027 0.038 0.018   --  
 9200:    1.00    4.091    0.065 0.001 0.052    0.027 0.043 0.018   --  
 9300:    1.00    4.130    0.053 0.001 0.033    0.014 0.034 0.016   --  
 9400:    1.00    4.117    0.062 0.001 0.030    0.017 0.032 0.015   --  
 9500:    1.00    4.363    0.069 0.001 0.048    0.019 0.034 0.016   --  
 9600:    1.00    4.499    0.047 0.001 0.063    0.018 0.041 0.027   --  
 9700:    1.00    4.775    0.053 0.001 0.070    0.020 0.046 0.022   --  
 9800:    1.00    5.281    0.057 0.001 0.071    0.025 0.051 0.025   --  
 9900:    1.00    5.087    0.059 0.001 0.068    0.021 0.048 0.023   --  

--------------------------------------------
Proportion of membership of each pre-defined
 population in each of the 3 clusters

Given    Inferred Clusters       Number of
 Pop       1      2      3      Individuals

  1:     0.335  0.338  0.327      358
  2:     0.342  0.328  0.329      1039
  3:     0.332  0.334  0.334      603
--------------------------------------------

 Rep#:   Lambda   Alpha      F1    F2    F3     D1,2  D1,3  D2,3    Ln Like 
10000:    1.00    5.241    0.077 0.001 0.069    0.028 0.061 0.024   --  
10100:    1.00    5.480    0.063 0.001 0.073    0.028 0.055 0.023   --  
10200:    1.00    5.558    0.076 0.001 0.096    0.032 0.063 0.022   --  
10300:    1.00    5.302    0.066 0.001 0.061    0.025 0.053 0.023   --  
10400:    1.00    5.177    0.065 0.001 0.062    0.032 0.062 0.029   --  
10500:    1.00    5.236    0.087 0.001 0.055    0.038 0.058 0.025   --  
10600:    1.00    5.308    0.094 0.001 0.057    0.034 0.065 0.035   --  
10700:    1.00    5.255    0.080 0.001 0.086    0.035 0.057 0.032   --  
10800:    1.00    5.326    0.102 0.001 0.075    0.040 0.075 0.030   --  
10900:    1.00    5.280    0.102 0.001 0.096    0.032 0.065 0.038   --  

--------------------------------------------
Proportion of membership of each pre-defined
 population in each of the 3 clusters

Given    Inferred Clusters       Number of
 Pop       1      2      3      Individuals

  1:     0.326  0.346  0.328      358
  2:     0.338  0.334  0.328      1039
  3:     0.334  0.336  0.329      603
--------------------------------------------

 Rep#:   Lambda   Alpha      F1    F2    F3     D1,2  D1,3  D2,3    Ln Like 
11000:    1.00    5.321    0.077 0.001 0.073    0.031 0.056 0.028   --  
11100:    1.00    5.094    0.065 0.001 0.069    0.028 0.052 0.026   --  
11200:    1.00    5.241    0.094 0.001 0.080    0.038 0.059 0.028   --  
11300:    1.00    5.233    0.122 0.001 0.056    0.042 0.056 0.022   --  
11400:    1.00    5.409    0.125 0.001 0.063    0.034 0.061 0.026   --  
11500:    1.00    5.236    0.109 0.001 0.091    0.039 0.078 0.037   --  
11600:    1.00    5.380    0.097 0.001 0.074    0.034 0.066 0.033   --  
11700:    1.00    5.350    0.104 0.001 0.098    0.039 0.070 0.029   --  
11800:    1.00    5.592    0.106 0.001 0.101    0.045 0.089 0.037   --  
11900:    1.00    5.480    0.116 0.001 0.085    0.042 0.090 0.034   --  

--------------------------------------------
Proportion of membership of each pre-defined
 population in each of the 3 clusters

Given    Inferred Clusters       Number of
 Pop       1      2      3      Individuals

  1:     0.335  0.329  0.336      358
  2:     0.337  0.330  0.332      1039
  3:     0.332  0.339  0.330      603
--------------------------------------------

 Rep#:   Lambda   Alpha      F1    F2    F3     D1,2  D1,3  D2,3    Ln Like 
12000:    1.00    5.354    0.138 0.001 0.101    0.036 0.082 0.031   --  
12100:    1.00    5.388    0.115 0.001 0.110    0.038 0.095 0.040   --  
12200:    1.00    5.003    0.134 0.001 0.082    0.029 0.071 0.035   --  
12300:    1.00    5.201    0.108 0.001 0.098    0.036 0.074 0.037   --  
12400:    1.00    5.552    0.081 0.001 0.104    0.033 0.076 0.035   --  
12500:    1.00    5.279    0.087 0.001 0.083    0.035 0.073 0.031   --  
12600:    1.00    5.575    0.088 0.001 0.071    0.024 0.057 0.029   --  
12700:    1.00    5.182    0.098 0.001 0.085    0.029 0.070 0.028   --  
12800:    1.00    5.295    0.067 0.001 0.080    0.023 0.053 0.024   --  
12900:    1.00    4.885    0.071 0.001 0.045    0.028 0.055 0.023   --  

--------------------------------------------
Proportion of membership of each pre-defined
 population in each of the 3 clusters

Given    Inferred Clusters       Number of
 Pop       1      2      3      Individuals

  1:     0.336  0.323  0.342      358
  2:     0.338  0.333  0.329      1039
  3:     0.332  0.333  0.335      603
--------------------------------------------

 Rep#:   Lambda   Alpha      F1    F2    F3     D1,2  D1,3  D2,3    Ln Like 
13000:    1.00    4.866    0.112 0.001 0.072    0.033 0.065 0.026   --  
13100:    1.00    5.247    0.071 0.001 0.089    0.025 0.063 0.036   --  
13200:    1.00    5.394    0.062 0.001 0.085    0.025 0.065 0.031   --  
13300:    1.00    5.395    0.063 0.001 0.087    0.024 0.064 0.031   --  
13400:    1.00    5.501    0.085 0.001 0.095    0.033 0.068 0.035   --  
13500:    1.00    5.145    0.073 0.001 0.093    0.026 0.063 0.030   --  
13600:    1.00    4.943    0.114 0.001 0.110    0.037 0.076 0.032   --  
13700:    1.00    4.813    0.085 0.001 0.083    0.033 0.069 0.032   --  
13800:    1.00    5.287    0.117 0.001 0.095    0.035 0.078 0.039   --  
13900:    1.00    5.386    0.120 0.001 0.068    0.041 0.071 0.029   --  

--------------------------------------------
Proportion of membership of each pre-defined
 population in each of the 3 clusters

Given    Inferred Clusters       Number of
 Pop       1      2      3      Individuals

  1:     0.326  0.339  0.335      358
  2:     0.341  0.331  0.328      1039
  3:     0.335  0.336  0.329      603
--------------------------------------------

 Rep#:   Lambda   Alpha      F1    F2    F3     D1,2  D1,3  D2,3    Ln Like 
14000:    1.00    5.278    0.096 0.001 0.070    0.046 0.063 0.019   --  
14100:    1.00    5.293    0.117 0.001 0.088    0.061 0.076 0.020   --  
14200:    1.00    5.307    0.100 0.001 0.074    0.044 0.065 0.030   --  
14300:    1.00    6.156    0.076 0.001 0.078    0.038 0.072 0.028   --  
14400:    1.00    6.210    0.095 0.001 0.091    0.042 0.069 0.028   --  
14500:    1.00    6.234    0.079 0.001 0.087    0.031 0.071 0.035   --  
14600:    1.00    5.847    0.089 0.001 0.090    0.032 0.075 0.033   --  
14700:    1.00    6.153    0.110 0.001 0.069    0.035 0.060 0.024   --  
14800:    1.00    6.451    0.131 0.001 0.081    0.034 0.075 0.027   --  
14900:    1.00    6.417    0.130 0.001 0.087    0.036 0.082 0.029   --  

--------------------------------------------
Proportion of membership of each pre-defined
 population in each of the 3 clusters

Given    Inferred Clusters       Number of
 Pop       1      2      3      Individuals

  1:     0.331  0.335  0.334      358
  2:     0.335  0.331  0.334      1039
  3:     0.330  0.336  0.334      603
--------------------------------------------

 Rep#:   Lambda   Alpha      F1    F2    F3     D1,2  D1,3  D2,3    Ln Like 
15000:    1.00    6.369    0.118 0.001 0.069    0.038 0.072 0.023   --  
15100:    1.00    6.198    0.113 0.001 0.077    0.046 0.090 0.030   --  
15200:    1.00    6.529    0.141 0.001 0.102    0.042 0.087 0.037   --  
15300:    1.00    6.597    0.088 0.001 0.087    0.039 0.078 0.031   --  
15400:    1.00    6.758    0.105 0.001 0.089    0.037 0.068 0.027   --  
15500:    1.00    7.172    0.122 0.001 0.098    0.046 0.076 0.031   --  
15600:    1.00    7.388    0.121 0.001 0.081    0.038 0.065 0.032   --  
15700:    1.00    7.525    0.136 0.001 0.066    0.043 0.080 0.029   --  
15800:    1.00    7.464    0.130 0.001 0.081    0.050 0.098 0.034   --  
15900:    1.00    7.559    0.131 0.001 0.083    0.048 0.082 0.028   --  

--------------------------------------------
Proportion of membership of each pre-defined
 population in each of the 3 clusters

Given    Inferred Clusters       Number of
 Pop       1      2      3      Individuals

  1:     0.325  0.346  0.329      358
  2:     0.331  0.335  0.334      1039
  3:     0.339  0.334  0.327      603
--------------------------------------------

 Rep#:   Lambda   Alpha      F1    F2    F3     D1,2  D1,3  D2,3    Ln Like 
16000:    1.00    7.712    0.147 0.001 0.071    0.050 0.090 0.031   --  
16100:    1.00    7.696    0.121 0.001 0.088    0.044 0.071 0.028   --  
16200:    1.00    7.904    0.139 0.001 0.068    0.048 0.086 0.034   --  
16300:    1.00    7.949    0.139 0.001 0.119    0.039 0.088 0.041   --  
16400:    1.00    7.811    0.110 0.001 0.154    0.041 0.107 0.054   --  
16500:    1.00    8.068    0.097 0.001 0.168    0.038 0.115 0.069   --  
16600:    1.00    8.595    0.094 0.001 0.226    0.032 0.121 0.085   --  
16700:    1.00    8.982    0.084 0.001 0.217    0.030 0.136 0.092   --  
16800:    1.00    9.102    0.099 0.001 0.184    0.035 0.130 0.091   --  
16900:    1.00    8.739    0.106 0.001 0.158    0.037 0.122 0.076   --  

--------------------------------------------
Proportion of membership of each pre-defined
 population in each of the 3 clusters

Given    Inferred Clusters       Number of
 Pop       1      2      3      Individuals

  1:     0.338  0.328  0.334      358
  2:     0.337  0.328  0.335      1039
  3:     0.330  0.342  0.329      603
--------------------------------------------

 Rep#:   Lambda   Alpha      F1    F2    F3     D1,2  D1,3  D2,3    Ln Like 
17000:    1.00    8.627    0.111 0.001 0.174    0.041 0.103 0.059   --  
17100:    1.00    8.570    0.107 0.001 0.137    0.036 0.096 0.058   --  
17200:    1.00    8.356    0.084 0.001 0.156    0.032 0.096 0.059   --  
17300:    1.00    8.635    0.144 0.001 0.132    0.039 0.089 0.059   --  
17400:    1.00    9.034    0.109 0.001 0.097    0.040 0.077 0.047   --  
17500:    1.00    8.959    0.125 0.001 0.140    0.036 0.086 0.047   --  
17600:    1.00    9.059    0.112 0.001 0.138    0.041 0.114 0.068   --  
17700:    1.00    9.027    0.146 0.001 0.131    0.044 0.127 0.065   --  
17800:    1.00    9.119    0.093 0.001 0.129    0.039 0.109 0.054   --  
17900:    1.00    9.104    0.078 0.001 0.130    0.035 0.095 0.049   --  

--------------------------------------------
Proportion of membership of each pre-defined
 population in each of the 3 clusters

Given    Inferred Clusters       Number of
 Pop       1      2      3      Individuals

  1:     0.331  0.329  0.340      358
  2:     0.333  0.332  0.335      1039
  3:     0.338  0.332  0.329      603
--------------------------------------------

 Rep#:   Lambda   Alpha      F1    F2    F3     D1,2  D1,3  D2,3    Ln Like 
18000:    1.00    9.120    0.081 0.001 0.121    0.027 0.072 0.038   --  
18100:    1.00    8.854    0.075 0.001 0.118    0.024 0.080 0.044   --  
18200:    1.00    8.541    0.079 0.001 0.106    0.031 0.071 0.037   --  
18300:    1.00    8.243    0.100 0.001 0.125    0.038 0.091 0.045   --  
18400:    1.00    8.075    0.098 0.001 0.108    0.045 0.078 0.047   --  
18500:    1.00    8.162    0.119 0.001 0.092    0.040 0.110 0.052   --  
18600:    1.00    8.480    0.132 0.001 0.138    0.052 0.114 0.049   --  
18700:    1.00    8.142    0.163 0.001 0.133    0.054 0.119 0.058   --  
18800:    1.00    8.259    0.148 0.001 0.128    0.053 0.112 0.054   --  
18900:    1.00    8.556    0.140 0.001 0.111    0.054 0.104 0.048   --  

--------------------------------------------
Proportion of membership of each pre-defined
 population in each of the 3 clusters

Given    Inferred Clusters       Number of
 Pop       1      2      3      Individuals

  1:     0.336  0.329  0.335      358
  2:     0.331  0.331  0.338      1039
  3:     0.334  0.329  0.337      603
--------------------------------------------

 Rep#:   Lambda   Alpha      F1    F2    F3     D1,2  D1,3  D2,3    Ln Like 
19000:    1.00    8.962    0.163 0.001 0.191    0.059 0.115 0.055   --  
19100:    1.00    9.270    0.124 0.001 0.157    0.063 0.125 0.054   --  
19200:    1.00    9.599    0.146 0.001 0.129    0.060 0.132 0.054   --  
19300:    1.00    9.530    0.109 0.001 0.169    0.055 0.130 0.052   --  
19400:    1.00    9.802    0.104 0.001 0.132    0.033 0.094 0.053   --  
19500:    1.00    9.683    0.106 0.001 0.156    0.047 0.109 0.052   --  
19600:    1.00    9.953    0.135 0.001 0.128    0.055 0.120 0.050   --  
19700:    1.00    9.888    0.113 0.001 0.122    0.048 0.110 0.048   --  
19800:    1.00    9.504    0.147 0.001 0.143    0.048 0.115 0.052   --  
19900:    1.00    8.916    0.178 0.001 0.096    0.054 0.113 0.045   --  

--------------------------------------------
Proportion of membership of each pre-defined
 population in each of the 3 clusters

Given    Inferred Clusters       Number of
 Pop       1      2      3      Individuals

  1:     0.333  0.332  0.335      358
  2:     0.335  0.332  0.334      1039
  3:     0.335  0.328  0.337      603
--------------------------------------------

 Rep#:   Lambda   Alpha      F1    F2    F3     D1,2  D1,3  D2,3    Ln Like 
20000:    1.00    8.949    0.163 0.001 0.123    0.057 0.107 0.046   --  
20100:    1.00    8.759    0.182 0.001 0.109    0.068 0.131 0.043   --  
20200:    1.00    8.790    0.168 0.001 0.135    0.069 0.117 0.042   --  
20300:    1.00    8.929    0.201 0.001 0.132    0.067 0.130 0.043   --  
20400:    1.00    9.164    0.175 0.001 0.138    0.070 0.128 0.042   --  
20500:    1.00    9.410    0.195 0.001 0.132    0.072 0.133 0.052   --  
20600:    1.00    9.527    0.167 0.001 0.120    0.069 0.126 0.049   --  
20700:    1.00    9.832    0.146 0.001 0.092    0.064 0.111 0.044   --  
20800:    1.00    9.873    0.171 0.001 0.137    0.065 0.119 0.051   --  
20900:    1.00    9.863    0.192 0.001 0.159    0.081 0.146 0.053   --  

--------------------------------------------
Proportion of membership of each pre-defined
 population in each of the 3 clusters

Given    Inferred Clusters       Number of
 Pop       1      2      3      Individuals

  1:     0.326  0.340  0.334      358
  2:     0.334  0.331  0.335      1039
  3:     0.337  0.333  0.330      603
--------------------------------------------

 Rep#:   Lambda   Alpha      F1    F2    F3     D1,2  D1,3  D2,3    Ln Like 
21000:    1.00    9.814    0.184 0.001 0.123    0.072 0.134 0.043   --  
21100:    1.00    9.742    0.163 0.001 0.134    0.060 0.139 0.065   --  
21200:    1.00    9.917    0.147 0.001 0.139    0.073 0.153 0.055   --  
21300:    1.00    9.825    0.167 0.001 0.154    0.071 0.159 0.059   --  
21400:    1.00    9.942    0.221 0.001 0.141    0.075 0.158 0.060   --  
21500:    1.00    9.564    0.169 0.001 0.194    0.074 0.143 0.062   --  
21600:    1.00    9.474    0.156 0.001 0.152    0.059 0.127 0.055   --  
21700:    1.00    9.456    0.181 0.001 0.147    0.054 0.141 0.071   --  
21800:    1.00    9.846    0.130 0.001 0.131    0.052 0.119 0.063   --  
21900:    1.00    9.965    0.133 0.001 0.153    0.052 0.134 0.065   --  

--------------------------------------------
Proportion of membership of each pre-defined
 population in each of the 3 clusters

Given    Inferred Clusters       Number of
 Pop       1      2      3      Individuals

  1:     0.333  0.330  0.337      358
  2:     0.334  0.330  0.337      1039
  3:     0.331  0.336  0.333      603
--------------------------------------------

 Rep#:   Lambda   Alpha      F1    F2    F3     D1,2  D1,3  D2,3    Ln Like 
22000:    1.00    9.936    0.161 0.001 0.161    0.058 0.141 0.075   --  
22100:    1.00    9.685    0.146 0.001 0.160    0.063 0.130 0.054   --  
22200:    1.00    9.995    0.175 0.001 0.121    0.064 0.140 0.052   --  
22300:    1.00    9.744    0.146 0.000 0.122    0.045 0.124 0.059   --  
22400:    1.00    9.692    0.174 0.000 0.149    0.056 0.134 0.064   --  
22500:    1.00    9.893    0.125 0.000 0.146    0.053 0.124 0.048   --  
22600:    1.00    9.937    0.154 0.000 0.147    0.054 0.121 0.058   --  
22700:    1.00    9.744    0.142 0.000 0.178    0.057 0.128 0.060   --  
22800:    1.00    9.832    0.139 0.000 0.176    0.059 0.153 0.080   --  
22900:    1.00    9.689    0.164 0.000 0.168    0.060 0.132 0.067   --  

--------------------------------------------
Proportion of membership of each pre-defined
 population in each of the 3 clusters

Given    Inferred Clusters       Number of
 Pop       1      2      3      Individuals

  1:     0.336  0.330  0.334      358
  2:     0.337  0.329  0.334      1039
  3:     0.326  0.343  0.331      603
--------------------------------------------

 Rep#:   Lambda   Alpha      F1    F2    F3     D1,2  D1,3  D2,3    Ln Like 
23000:    1.00    9.823    0.184 0.000 0.184    0.062 0.132 0.067   --  
23100:    1.00    9.913    0.131 0.000 0.216    0.043 0.135 0.075   --  
23200:    1.00    9.969    0.123 0.000 0.158    0.037 0.104 0.070   --  
23300:    1.00    9.923    0.142 0.000 0.120    0.055 0.100 0.052   --  
23400:    1.00    9.822    0.155 0.000 0.165    0.067 0.126 0.059   --  
23500:    1.00    9.805    0.167 0.000 0.123    0.080 0.128 0.053   --  
23600:    1.00    9.688    0.158 0.000 0.153    0.067 0.114 0.048   --  
23700:    1.00    9.795    0.144 0.000 0.136    0.056 0.112 0.044   --  
23800:    1.00    9.977    0.173 0.000 0.139    0.058 0.118 0.045   --  
23900:    1.00    9.888    0.169 0.000 0.147    0.055 0.117 0.053   --  

--------------------------------------------
Proportion of membership of each pre-defined
 population in each of the 3 clusters

Given    Inferred Clusters       Number of
 Pop       1      2      3      Individuals

  1:     0.334  0.328  0.338      358
  2:     0.338  0.331  0.331      1039
  3:     0.336  0.331  0.333      603
--------------------------------------------

 Rep#:   Lambda   Alpha      F1    F2    F3     D1,2  D1,3  D2,3    Ln Like 
24000:    1.00    9.663    0.153 0.000 0.101    0.054 0.091 0.040   --  
24100:    1.00    9.453    0.141 0.000 0.127    0.058 0.085 0.039   --  
24200:    1.00    9.667    0.171 0.000 0.163    0.064 0.117 0.052   --  
24300:    1.00    9.594    0.173 0.000 0.178    0.054 0.103 0.058   --  
24400:    1.00    9.603    0.130 0.000 0.159    0.060 0.126 0.058   --  
24500:    1.00    9.359    0.142 0.000 0.144    0.059 0.141 0.067   --  
24600:    1.00    9.789    0.107 0.000 0.158    0.047 0.123 0.064   --  
24700:    1.00    9.596    0.118 0.000 0.175    0.051 0.136 0.075   --  
24800:    1.00    9.241    0.102 0.000 0.186    0.045 0.115 0.067   --  
24900:    1.00    9.142    0.093 0.000 0.183    0.044 0.104 0.063   --  

--------------------------------------------
Proportion of membership of each pre-defined
 population in each of the 3 clusters

Given    Inferred Clusters       Number of
 Pop       1      2      3      Individuals

  1:     0.341  0.331  0.328      358
  2:     0.339  0.326  0.335      1039
  3:     0.337  0.336  0.328      603
--------------------------------------------

 Rep#:   Lambda   Alpha      F1    F2    F3     D1,2  D1,3  D2,3    Ln Like 
25000:    1.00    9.052    0.119 0.000 0.136    0.054 0.126 0.074   --  
25100:    1.00    9.279    0.159 0.000 0.138    0.068 0.133 0.066   --  
25200:    1.00    9.411    0.127 0.000 0.155    0.058 0.133 0.075   --  
25300:    1.00    9.692    0.132 0.000 0.160    0.059 0.146 0.078   --  
25400:    1.00    9.663    0.130 0.000 0.118    0.053 0.133 0.077   --  
25500:    1.00    9.870    0.142 0.000 0.138    0.045 0.135 0.085   --  
25600:    1.00    9.754    0.112 0.000 0.178    0.047 0.103 0.052   --  
25700:    1.00    9.670    0.153 0.000 0.166    0.048 0.113 0.065   --  
25800:    1.00    9.629    0.145 0.000 0.123    0.045 0.090 0.045   --  
25900:    1.00    9.271    0.136 0.000 0.111    0.052 0.104 0.043   --  

--------------------------------------------
Proportion of membership of each pre-defined
 population in each of the 3 clusters

Given    Inferred Clusters       Number of
 Pop       1      2      3      Individuals

  1:     0.326  0.337  0.336      358
  2:     0.336  0.330  0.335      1039
  3:     0.332  0.333  0.335      603
--------------------------------------------

 Rep#:   Lambda   Alpha      F1    F2    F3     D1,2  D1,3  D2,3    Ln Like 
26000:    1.00    8.939    0.148 0.000 0.133    0.062 0.114 0.052   --  
26100:    1.00    9.415    0.152 0.000 0.127    0.051 0.109 0.053   --  
26200:    1.00    9.735    0.183 0.000 0.134    0.063 0.128 0.046   --  
26300:    1.00    9.866    0.188 0.000 0.126    0.055 0.113 0.047   --  
26400:    1.00    9.987    0.118 0.000 0.133    0.055 0.125 0.056   --  
26500:    1.00    9.680    0.122 0.000 0.108    0.056 0.101 0.047   --  
26600:    1.00    9.894    0.131 0.000 0.137    0.059 0.117 0.056   --  
26700:    1.00    9.755    0.157 0.000 0.141    0.054 0.112 0.048   --  
26800:    1.00    9.985    0.189 0.000 0.129    0.068 0.121 0.046   --  
26900:    1.00    9.883    0.161 0.000 0.183    0.053 0.117 0.051   --  

--------------------------------------------
Proportion of membership of each pre-defined
 population in each of the 3 clusters

Given    Inferred Clusters       Number of
 Pop       1      2      3      Individuals

  1:     0.329  0.334  0.337      358
  2:     0.335  0.330  0.335      1039
  3:     0.341  0.330  0.329      603
--------------------------------------------

 Rep#:   Lambda   Alpha      F1    F2    F3     D1,2  D1,3  D2,3    Ln Like 
27000:    1.00    9.676    0.148 0.000 0.138    0.050 0.119 0.048   --  
27100:    1.00    9.906    0.170 0.000 0.155    0.050 0.108 0.049   --  
27200:    1.00    9.406    0.139 0.000 0.145    0.047 0.102 0.049   --  
27300:    1.00    9.197    0.154 0.000 0.137    0.050 0.110 0.051   --  
27400:    1.00    9.310    0.171 0.000 0.154    0.044 0.108 0.055   --  
27500:    1.00    9.384    0.181 0.000 0.124    0.051 0.108 0.046   --  
27600:    1.00    9.542    0.112 0.000 0.130    0.043 0.098 0.054   --  
27700:    1.00    9.399    0.127 0.000 0.110    0.045 0.080 0.040   --  
27800:    1.00    9.526    0.129 0.000 0.123    0.045 0.085 0.047   --  
27900:    1.00    9.586    0.120 0.000 0.137    0.042 0.070 0.044   --  

--------------------------------------------
Proportion of membership of each pre-defined
 population in each of the 3 clusters

Given    Inferred Clusters       Number of
 Pop       1      2      3      Individuals

  1:     0.334  0.323  0.343      358
  2:     0.336  0.328  0.336      1039
  3:     0.334  0.331  0.335      603
--------------------------------------------

 Rep#:   Lambda   Alpha      F1    F2    F3     D1,2  D1,3  D2,3    Ln Like 
28000:    1.00    9.644    0.165 0.000 0.112    0.050 0.099 0.048   --  
28100:    1.00    9.748    0.151 0.000 0.153    0.050 0.129 0.057   --  
28200:    1.00    9.648    0.134 0.000 0.191    0.052 0.128 0.056   --  
28300:    1.00    9.660    0.127 0.000 0.105    0.054 0.098 0.042   --  
28400:    1.00    9.526    0.153 0.000 0.151    0.055 0.108 0.048   --  
28500:    1.00    9.663    0.102 0.000 0.133    0.047 0.083 0.043   --  
28600:    1.00    9.764    0.133 0.000 0.107    0.050 0.091 0.042   --  
28700:    1.00    9.927    0.124 0.000 0.134    0.052 0.103 0.040   --  
28800:    1.00    9.809    0.134 0.000 0.142    0.054 0.113 0.050   --  
28900:    1.00    9.939    0.154 0.000 0.119    0.060 0.118 0.038   --  

--------------------------------------------
Proportion of membership of each pre-defined
 population in each of the 3 clusters

Given    Inferred Clusters       Number of
 Pop       1      2      3      Individuals

  1:     0.332  0.342  0.326      358
  2:     0.334  0.332  0.334      1039
  3:     0.336  0.335  0.329      603
--------------------------------------------

 Rep#:   Lambda   Alpha      F1    F2    F3     D1,2  D1,3  D2,3    Ln Like 
29000:    1.00    9.656    0.163 0.000 0.119    0.061 0.121 0.037   --  
29100:    1.00    9.663    0.133 0.000 0.117    0.054 0.132 0.048   --  
29200:    1.00    9.943    0.120 0.000 0.115    0.052 0.123 0.045   --  
29300:    1.00    9.990    0.133 0.000 0.091    0.056 0.125 0.045   --  
29400:    1.00    9.875    0.155 0.000 0.089    0.049 0.119 0.042   --  
29500:    1.00    9.947    0.213 0.000 0.139    0.067 0.145 0.053   --  
29600:    1.00    9.908    0.174 0.000 0.115    0.055 0.127 0.055   --  
29700:    1.00    9.930    0.159 0.000 0.116    0.059 0.112 0.046   --  
29800:    1.00    9.773    0.180 0.000 0.101    0.062 0.135 0.045   --  
29900:    1.00    9.571    0.131 0.000 0.108    0.062 0.095 0.034   --  

--------------------------------------------
Proportion of membership of each pre-defined
 population in each of the 3 clusters

Given    Inferred Clusters       Number of
 Pop       1      2      3      Individuals

  1:     0.339  0.329  0.332      358
  2:     0.335  0.333  0.332      1039
  3:     0.335  0.335  0.330      603
--------------------------------------------

 Rep#:   Lambda   Alpha      F1    F2    F3     D1,2  D1,3  D2,3    Ln Like 
30000:    1.00    9.302    0.127 0.000 0.089    0.054 0.101 0.040   --  
30100:    1.00    9.272    0.135 0.000 0.104    0.049 0.092 0.038   --  
30200:    1.00    8.825    0.169 0.000 0.097    0.058 0.111 0.041   --  
30300:    1.00    9.231    0.165 0.000 0.104    0.052 0.103 0.037   --  
30400:    1.00    9.441    0.157 0.000 0.093    0.055 0.099 0.034   --  
30500:    1.00    9.720    0.146 0.000 0.085    0.057 0.112 0.038   --  
30600:    1.00    9.802    0.178 0.000 0.090    0.060 0.105 0.041   --  
30700:    1.00    9.905    0.139 0.000 0.089    0.053 0.093 0.038   --  
30800:    1.00    9.603    0.146 0.000 0.077    0.054 0.095 0.035   --  
30900:    1.00    9.582    0.147 0.000 0.124    0.067 0.118 0.044   --  

--------------------------------------------
Proportion of membership of each pre-defined
 population in each of the 3 clusters

Given    Inferred Clusters       Number of
 Pop       1      2      3      Individuals

  1:     0.331  0.339  0.330      358
  2:     0.335  0.331  0.333      1039
  3:     0.334  0.329  0.337      603
--------------------------------------------

 Rep#:   Lambda   Alpha      F1    F2    F3     D1,2  D1,3  D2,3    Ln Like 
31000:    1.00    9.793    0.135 0.000 0.102    0.067 0.140 0.060   --  
31100:    1.00    9.905    0.151 0.000 0.118    0.063 0.129 0.047   --  
31200:    1.00    9.744    0.140 0.000 0.128    0.059 0.119 0.041   --  
31300:    1.00    9.832    0.189 0.000 0.113    0.067 0.128 0.043   --  
31400:    1.00    9.869    0.140 0.000 0.111    0.058 0.112 0.045   --  
31500:    1.00    9.900    0.158 0.000 0.103    0.065 0.115 0.045   --  
31600:    1.00    9.736    0.200 0.000 0.098    0.067 0.128 0.044   --  
31700:    1.00    9.641    0.155 0.000 0.089    0.061 0.116 0.043   --  
31800:    1.00    9.132    0.133 0.000 0.128    0.055 0.106 0.046   --  
31900:    1.00    9.426    0.164 0.000 0.083    0.055 0.107 0.041   --  

--------------------------------------------
Proportion of membership of each pre-defined
 population in each of the 3 clusters

Given    Inferred Clusters       Number of
 Pop       1      2      3      Individuals

  1:     0.337  0.331  0.332      358
  2:     0.338  0.330  0.332      1039
  3:     0.329  0.340  0.332      603
--------------------------------------------

 Rep#:   Lambda   Alpha      F1    F2    F3     D1,2  D1,3  D2,3    Ln Like 
32000:    1.00    9.253    0.132 0.000 0.110    0.053 0.101 0.039   --  
32100:    1.00    9.001    0.180 0.000 0.109    0.055 0.094 0.037   --  
32200:    1.00    8.870    0.159 0.000 0.099    0.061 0.095 0.036   --  
32300:    1.00    8.940    0.175 0.000 0.097    0.069 0.116 0.038   --  
32400:    1.00    8.926    0.185 0.000 0.086    0.060 0.109 0.034   --  
32500:    1.00    9.067    0.222 0.000 0.090    0.064 0.128 0.034   --  
32600:    1.00    9.212    0.174 0.000 0.067    0.067 0.118 0.033   --  
32700:    1.00    9.465    0.122 0.000 0.058    0.052 0.074 0.026   --  
32800:    1.00    9.254    0.126 0.000 0.058    0.046 0.081 0.030   --  
32900:    1.00    9.468    0.139 0.000 0.075    0.045 0.084 0.034   --  

--------------------------------------------
Proportion of membership of each pre-defined
 population in each of the 3 clusters

Given    Inferred Clusters       Number of
 Pop       1      2      3      Individuals

  1:     0.326  0.333  0.341      358
  2:     0.334  0.334  0.333      1039
  3:     0.338  0.331  0.331      603
--------------------------------------------

 Rep#:   Lambda   Alpha      F1    F2    F3     D1,2  D1,3  D2,3    Ln Like 
33000:    1.00    9.576    0.152 0.000 0.070    0.048 0.081 0.029   --  
33100:    1.00    9.565    0.123 0.000 0.077    0.056 0.099 0.035   --  
33200:    1.00    9.454    0.158 0.000 0.089    0.055 0.095 0.030   --  
33300:    1.00    9.646    0.149 0.000 0.081    0.057 0.103 0.033   --  
33400:    1.00    9.660    0.185 0.000 0.105    0.062 0.109 0.036   --  
33500:    1.00    9.471    0.128 0.000 0.106    0.046 0.105 0.043   --  
33600:    1.00    9.928    0.159 0.000 0.114    0.044 0.088 0.045   --  
33700:    1.00    9.840    0.140 0.000 0.107    0.044 0.082 0.039   --  
33800:    1.00    9.892    0.132 0.000 0.138    0.043 0.101 0.056   --  
33900:    1.00    9.905    0.138 0.000 0.122    0.046 0.092 0.056   --  

--------------------------------------------
Proportion of membership of each pre-defined
 population in each of the 3 clusters

Given    Inferred Clusters       Number of
 Pop       1      2      3      Individuals

  1:     0.333  0.324  0.343      358
  2:     0.335  0.331  0.334      1039
  3:     0.334  0.333  0.332      603
--------------------------------------------

 Rep#:   Lambda   Alpha      F1    F2    F3     D1,2  D1,3  D2,3    Ln Like 
34000:    1.00    9.552    0.132 0.000 0.114    0.052 0.093 0.040   --  
34100:    1.00    9.586    0.148 0.000 0.101    0.055 0.121 0.045   --  
34200:    1.00    9.466    0.123 0.000 0.139    0.052 0.111 0.052   --  
34300:    1.00    9.525    0.141 0.000 0.116    0.050 0.087 0.040   --  
34400:    1.00    9.869    0.121 0.000 0.144    0.055 0.104 0.053   --  
34500:    1.00    9.834    0.121 0.000 0.145    0.057 0.110 0.051   --  
34600:    1.00    9.588    0.175 0.000 0.130    0.068 0.124 0.052   --  
34700:    1.00    9.466    0.151 0.000 0.128    0.075 0.131 0.050   --  
34800:    1.00    9.457    0.168 0.000 0.136    0.080 0.132 0.049   --  
34900:    1.00    9.927    0.151 0.000 0.115    0.060 0.111 0.054   --  

--------------------------------------------
Proportion of membership of each pre-defined
 population in each of the 3 clusters

Given    Inferred Clusters       Number of
 Pop       1      2      3      Individuals

  1:     0.338  0.330  0.331      358
  2:     0.335  0.331  0.334      1039
  3:     0.331  0.336  0.333      603
--------------------------------------------

 Rep#:   Lambda   Alpha      F1    F2    F3     D1,2  D1,3  D2,3    Ln Like 
35000:    1.00    9.997    0.106 0.000 0.120    0.051 0.098 0.045   --  
35100:    1.00    9.984    0.116 0.000 0.127    0.050 0.096 0.051   --  
35200:    1.00    9.985    0.119 0.000 0.137    0.057 0.102 0.038   --  
35300:    1.00    9.749    0.143 0.000 0.113    0.064 0.118 0.038   --  
35400:    1.00    9.450    0.133 0.000 0.111    0.055 0.118 0.042   --  
35500:    1.00    9.362    0.120 0.000 0.117    0.043 0.110 0.043   --  
35600:    1.00    9.261    0.127 0.000 0.101    0.037 0.090 0.041   --  
35700:    1.00    8.775    0.169 0.000 0.112    0.052 0.120 0.047   --  
35800:    1.00    8.554    0.132 0.000 0.123    0.051 0.104 0.040   --  
35900:    1.00    8.592    0.145 0.000 0.132    0.057 0.107 0.045   --  

--------------------------------------------
Proportion of membership of each pre-defined
 population in each of the 3 clusters

Given    Inferred Clusters       Number of
 Pop       1      2      3      Individuals

  1:     0.328  0.336  0.335      358
  2:     0.332  0.327  0.342      1039
  3:     0.338  0.333  0.330      603
--------------------------------------------

 Rep#:   Lambda   Alpha      F1    F2    F3     D1,2  D1,3  D2,3    Ln Like 
36000:    1.00    8.896    0.138 0.000 0.119    0.055 0.104 0.038   --  
36100:    1.00    9.095    0.132 0.000 0.102    0.058 0.110 0.034   --  
36200:    1.00    8.710    0.142 0.000 0.105    0.058 0.116 0.041   --  
36300:    1.00    8.379    0.119 0.000 0.096    0.050 0.095 0.045   --  
36400:    1.00    8.632    0.144 0.000 0.108    0.050 0.096 0.048   --  
36500:    1.00    8.637    0.140 0.000 0.109    0.047 0.100 0.041   --  
36600:    1.00    8.444    0.119 0.000 0.138    0.044 0.090 0.051   --  
36700:    1.00    8.402    0.120 0.000 0.121    0.043 0.108 0.058   --  
36800:    1.00    8.330    0.131 0.000 0.119    0.040 0.105 0.059   --  
36900:    1.00    8.114    0.126 0.000 0.112    0.045 0.108 0.071   --  

--------------------------------------------
Proportion of membership of each pre-defined
 population in each of the 3 clusters

Given    Inferred Clusters       Number of
 Pop       1      2      3      Individuals

  1:     0.326  0.340  0.334      358
  2:     0.331  0.335  0.333      1039
  3:     0.337  0.334  0.329      603
--------------------------------------------

 Rep#:   Lambda   Alpha      F1    F2    F3     D1,2  D1,3  D2,3    Ln Like 
37000:    1.00    8.087    0.132 0.000 0.122    0.049 0.106 0.053   --  
37100:    1.00    8.095    0.134 0.000 0.115    0.052 0.100 0.052   --  
37200:    1.00    8.044    0.197 0.000 0.108    0.052 0.100 0.050   --  
37300:    1.00    7.726    0.125 0.000 0.109    0.048 0.093 0.046   --  
37400:    1.00    7.709    0.155 0.000 0.123    0.066 0.107 0.052   --  
37500:    1.00    7.515    0.146 0.000 0.114    0.055 0.083 0.043   --  
37600:    1.00    7.286    0.136 0.000 0.101    0.058 0.087 0.034   --  
37700:    1.00    6.920    0.154 0.000 0.116    0.057 0.098 0.049   --  
37800:    1.00    6.775    0.159 0.000 0.102    0.054 0.103 0.048   --  
37900:    1.00    6.976    0.120 0.000 0.107    0.060 0.119 0.043   --  

--------------------------------------------
Proportion of membership of each pre-defined
 population in each of the 3 clusters

Given    Inferred Clusters       Number of
 Pop       1      2      3      Individuals

  1:     0.340  0.334  0.327      358
  2:     0.337  0.333  0.329      1039
  3:     0.331  0.335  0.334      603
--------------------------------------------

 Rep#:   Lambda   Alpha      F1    F2    F3     D1,2  D1,3  D2,3    Ln Like 
38000:    1.00    6.970    0.148 0.000 0.101    0.064 0.106 0.033   --  
38100:    1.00    7.158    0.124 0.000 0.087    0.067 0.100 0.031   --  
38200:    1.00    7.264    0.168 0.000 0.078    0.063 0.111 0.037   --  
38300:    1.00    6.814    0.159 0.000 0.103    0.065 0.117 0.034   --  
38400:    1.00    7.022    0.189 0.000 0.069    0.064 0.103 0.030   --  
38500:    1.00    7.002    0.165 0.000 0.075    0.059 0.078 0.024   --  
38600:    1.00    7.221    0.142 0.000 0.061    0.065 0.087 0.022   --  
38700:    1.00    7.525    0.151 0.000 0.068    0.069 0.101 0.026   --  
38800:    1.00    7.327    0.164 0.000 0.080    0.065 0.100 0.030   --  
38900:    1.00    7.204    0.155 0.000 0.054    0.060 0.075 0.021   --  

--------------------------------------------
Proportion of membership of each pre-defined
 population in each of the 3 clusters

Given    Inferred Clusters       Number of
 Pop       1      2      3      Individuals

  1:     0.335  0.334  0.331      358
  2:     0.333  0.332  0.335      1039
  3:     0.328  0.333  0.339      603
--------------------------------------------

 Rep#:   Lambda   Alpha      F1    F2    F3     D1,2  D1,3  D2,3    Ln Like 
39000:    1.00    6.808    0.165 0.000 0.049    0.063 0.088 0.020   --  
39100:    1.00    6.820    0.128 0.000 0.046    0.059 0.082 0.017   --  
39200:    1.00    6.602    0.118 0.000 0.063    0.048 0.072 0.022   --  
39300:    1.00    6.775    0.154 0.000 0.093    0.059 0.084 0.037   --  
39400:    1.00    6.980    0.239 0.000 0.096    0.070 0.103 0.027   --  
39500:    1.00    6.649    0.200 0.000 0.082    0.065 0.106 0.037   --  
39600:    1.00    6.562    0.193 0.000 0.073    0.061 0.089 0.030   --  
39700:    1.00    6.655    0.132 0.000 0.073    0.048 0.087 0.027   --  
39800:    1.00    6.781    0.135 0.000 0.067    0.050 0.089 0.034   --  
39900:    1.00    6.656    0.140 0.000 0.085    0.048 0.076 0.033   --  

--------------------------------------------
Proportion of membership of each pre-defined
 population in each of the 3 clusters

Given    Inferred Clusters       Number of
 Pop       1      2      3      Individuals

  1:     0.333  0.335  0.332      358
  2:     0.333  0.333  0.334      1039
  3:     0.334  0.332  0.334      603
--------------------------------------------

 Rep#:   Lambda   Alpha      F1    F2    F3     D1,2  D1,3  D2,3    Ln Like 
40000:    1.00    6.885    0.145 0.000 0.115    0.050 0.096 0.031   --  
40100:    1.00    7.048    0.126 0.000 0.083    0.052 0.093 0.028   --  
40200:    1.00    7.181    0.139 0.000 0.077    0.050 0.090 0.031   --  
40300:    1.00    7.035    0.100 0.000 0.089    0.045 0.083 0.029   --  
40400:    1.00    7.203    0.119 0.000 0.096    0.043 0.074 0.031   --  
40500:    1.00    7.075    0.120 0.000 0.098    0.047 0.082 0.033   --  
40600:    1.00    7.193    0.117 0.000 0.105    0.048 0.100 0.047   --  
40700:    1.00    7.189    0.157 0.000 0.138    0.048 0.103 0.046   --  
40800:    1.00    6.812    0.125 0.000 0.121    0.041 0.079 0.041   --  
40900:    1.00    6.722    0.124 0.000 0.093    0.047 0.089 0.032   --  

--------------------------------------------
Proportion of membership of each pre-defined
 population in each of the 3 clusters

Given    Inferred Clusters       Number of
 Pop       1      2      3      Individuals

  1:     0.342  0.326  0.332      358
  2:     0.340  0.328  0.332      1039
  3:     0.331  0.330  0.338      603
--------------------------------------------

 Rep#:   Lambda   Alpha      F1    F2    F3     D1,2  D1,3  D2,3    Ln Like 
41000:    1.00    6.376    0.145 0.000 0.088    0.046 0.099 0.036   --  
41100:    1.00    6.417    0.139 0.000 0.112    0.058 0.104 0.043   --  
41200:    1.00    6.311    0.117 0.000 0.099    0.052 0.101 0.035   --  
41300:    1.00    6.525    0.127 0.000 0.107    0.055 0.121 0.039   --  
41400:    1.00    6.440    0.161 0.000 0.090    0.063 0.112 0.034   --  
41500:    1.00    6.418    0.123 0.000 0.093    0.049 0.104 0.041   --  
41600:    1.00    6.545    0.096 0.000 0.094    0.054 0.098 0.043   --  
41700:    1.00    6.706    0.124 0.000 0.103    0.041 0.100 0.046   --  
41800:    1.00    6.758    0.112 0.000 0.106    0.051 0.104 0.043   --  
41900:    1.00    6.751    0.159 0.000 0.109    0.056 0.118 0.050   --  

--------------------------------------------
Proportion of membership of each pre-defined
 population in each of the 3 clusters

Given    Inferred Clusters       Number of
 Pop       1      2      3      Individuals

  1:     0.328  0.345  0.327      358
  2:     0.328  0.339  0.333      1039
  3:     0.328  0.338  0.334      603
--------------------------------------------

 Rep#:   Lambda   Alpha      F1    F2    F3     D1,2  D1,3  D2,3    Ln Like 
42000:    1.00    7.029    0.137 0.000 0.100    0.061 0.123 0.043   --  
42100:    1.00    7.127    0.159 0.000 0.106    0.055 0.097 0.037   --  
42200:    1.00    7.339    0.122 0.000 0.089    0.057 0.100 0.035   --  
42300:    1.00    7.770    0.141 0.000 0.069    0.052 0.082 0.030   --  
42400:    1.00    8.133    0.162 0.000 0.070    0.065 0.085 0.022   --  
42500:    1.00    7.995    0.161 0.000 0.070    0.069 0.094 0.031   --  
42600:    1.00    8.487    0.169 0.000 0.071    0.076 0.110 0.031   --  
42700:    1.00    8.541    0.187 0.000 0.090    0.086 0.125 0.032   --  
42800:    1.00    8.402    0.192 0.000 0.077    0.061 0.108 0.028   --  
42900:    1.00    8.309    0.154 0.000 0.068    0.052 0.101 0.031   --  

--------------------------------------------
Proportion of membership of each pre-defined
 population in each of the 3 clusters

Given    Inferred Clusters       Number of
 Pop       1      2      3      Individuals

  1:     0.330  0.340  0.330      358
  2:     0.337  0.336  0.327      1039
  3:     0.334  0.331  0.335      603
--------------------------------------------

 Rep#:   Lambda   Alpha      F1    F2    F3     D1,2  D1,3  D2,3    Ln Like 
43000:    1.00    8.295    0.131 0.000 0.108    0.055 0.102 0.040   --  
43100:    1.00    8.156    0.131 0.000 0.072    0.060 0.114 0.033   --  
43200:    1.00    8.106    0.172 0.000 0.076    0.057 0.081 0.026   --  
43300:    1.00    8.361    0.170 0.000 0.094    0.052 0.097 0.034   --  
43400:    1.00    8.524    0.199 0.000 0.119    0.049 0.093 0.036   --  
43500:    1.00    8.743    0.232 0.000 0.099    0.052 0.092 0.032   --  
43600:    1.00    8.958    0.163 0.000 0.109    0.053 0.097 0.040   --  
43700:    1.00    8.384    0.135 0.000 0.108    0.040 0.083 0.043   --  
43800:    1.00    8.280    0.129 0.000 0.120    0.041 0.086 0.039   --  
43900:    1.00    8.425    0.121 0.000 0.142    0.046 0.101 0.048   --  

--------------------------------------------
Proportion of membership of each pre-defined
 population in each of the 3 clusters

Given    Inferred Clusters       Number of
 Pop       1      2      3      Individuals

  1:     0.330  0.340  0.330      358
  2:     0.333  0.332  0.335      1039
  3:     0.336  0.330  0.334      603
--------------------------------------------

 Rep#:   Lambda   Alpha      F1    F2    F3     D1,2  D1,3  D2,3    Ln Like 
44000:    1.00    8.031    0.095 0.000 0.144    0.037 0.087 0.056   --  
44100:    1.00    7.891    0.128 0.000 0.139    0.042 0.098 0.050   --  
44200:    1.00    7.804    0.108 0.000 0.115    0.039 0.085 0.048   --  
44300:    1.00    7.832    0.095 0.000 0.116    0.040 0.090 0.053   --  
44400:    1.00    7.516    0.142 0.000 0.066    0.044 0.068 0.034   --  
44500:    1.00    7.149    0.139 0.000 0.098    0.054 0.099 0.054   --  
44600:    1.00    7.154    0.170 0.000 0.197    0.059 0.115 0.055   --  
44700:    1.00    6.950    0.128 0.000 0.130    0.044 0.092 0.045   --  
44800:    1.00    6.879    0.132 0.000 0.092    0.045 0.089 0.038   --  
44900:    1.00    6.532    0.140 0.000 0.099    0.038 0.081 0.034   --  

--------------------------------------------
Proportion of membership of each pre-defined
 population in each of the 3 clusters

Given    Inferred Clusters       Number of
 Pop       1      2      3      Individuals

  1:     0.337  0.328  0.335      358
  2:     0.334  0.336  0.330      1039
  3:     0.332  0.336  0.332      603
--------------------------------------------

 Rep#:   Lambda   Alpha      F1    F2    F3     D1,2  D1,3  D2,3    Ln Like 
45000:    1.00    6.718    0.118 0.000 0.084    0.043 0.086 0.040   --  
45100:    1.00    6.701    0.122 0.000 0.085    0.042 0.080 0.028   --  
45200:    1.00    7.018    0.119 0.000 0.114    0.040 0.087 0.043   --  
45300:    1.00    6.754    0.091 0.001 0.100    0.040 0.090 0.036   --  
45400:    1.00    7.081    0.101 0.001 0.085    0.037 0.070 0.033   --  
45500:    1.00    7.019    0.094 0.001 0.110    0.033 0.069 0.034   --  
45600:    1.00    6.965    0.104 0.001 0.102    0.036 0.073 0.038   --  
45700:    1.00    6.907    0.085 0.001 0.102    0.040 0.082 0.045   --  
45800:    1.00    6.877    0.078 0.001 0.104    0.035 0.074 0.043   --  
45900:    1.00    6.769    0.095 0.001 0.089    0.037 0.084 0.040   --  

--------------------------------------------
Proportion of membership of each pre-defined
 population in each of the 3 clusters

Given    Inferred Clusters       Number of
 Pop       1      2      3      Individuals

  1:     0.344  0.321  0.335      358
  2:     0.325  0.336  0.339      1039
  3:     0.336  0.333  0.331      603
--------------------------------------------

 Rep#:   Lambda   Alpha      F1    F2    F3     D1,2  D1,3  D2,3    Ln Like 
46000:    1.00    6.672    0.134 0.001 0.089    0.040 0.075 0.037   --  
46100:    1.00    6.964    0.129 0.001 0.096    0.054 0.089 0.039   --  
46200:    1.00    6.528    0.167 0.001 0.086    0.051 0.085 0.033   --  
46300:    1.00    6.601    0.190 0.001 0.086    0.059 0.098 0.040   --  
46400:    1.00    6.380    0.146 0.001 0.073    0.048 0.085 0.038   --  
46500:    1.00    6.527    0.132 0.001 0.093    0.051 0.108 0.039   --  
46600:    1.00    6.627    0.144 0.001 0.079    0.046 0.097 0.038   --  
46700:    1.00    6.814    0.136 0.001 0.089    0.053 0.102 0.040   --  
46800:    1.00    7.068    0.114 0.001 0.081    0.036 0.070 0.029   --  
46900:    1.00    7.119    0.087 0.001 0.090    0.036 0.084 0.042   --  

--------------------------------------------
Proportion of membership of each pre-defined
 population in each of the 3 clusters

Given    Inferred Clusters       Number of
 Pop       1      2      3      Individuals

  1:     0.342  0.331  0.328      358
  2:     0.332  0.333  0.335      1039
  3:     0.336  0.331  0.333      603
--------------------------------------------

 Rep#:   Lambda   Alpha      F1    F2    F3     D1,2  D1,3  D2,3    Ln Like 
47000:    1.00    7.086    0.131 0.001 0.082    0.039 0.087 0.036   --  
47100:    1.00    7.157    0.170 0.001 0.086    0.053 0.089 0.032   --  
47200:    1.00    6.951    0.122 0.001 0.110    0.062 0.081 0.037   --  
47300:    1.00    7.724    0.132 0.001 0.068    0.067 0.100 0.035   --  
47400:    1.00    7.797    0.158 0.001 0.078    0.056 0.089 0.040   --  
47500:    1.00    7.785    0.163 0.001 0.076    0.050 0.088 0.029   --  
47600:    1.00    8.120    0.138 0.001 0.083    0.053 0.090 0.029   --  
47700:    1.00    8.375    0.140 0.001 0.086    0.048 0.088 0.028   --  
47800:    1.00    8.559    0.086 0.001 0.098    0.042 0.070 0.024   --  
47900:    1.00    8.481    0.117 0.001 0.082    0.048 0.082 0.030   --  

--------------------------------------------
Proportion of membership of each pre-defined
 population in each of the 3 clusters

Given    Inferred Clusters       Number of
 Pop       1      2      3      Individuals

  1:     0.334  0.330  0.336      358
  2:     0.335  0.334  0.331      1039
  3:     0.336  0.338  0.326      603
--------------------------------------------

 Rep#:   Lambda   Alpha      F1    F2    F3     D1,2  D1,3  D2,3    Ln Like 
48000:    1.00    8.560    0.091 0.001 0.079    0.037 0.071 0.035   --  
48100:    1.00    8.583    0.110 0.001 0.084    0.045 0.088 0.031   --  
48200:    1.00    8.398    0.118 0.001 0.081    0.053 0.100 0.033   --  
48300:    1.00    8.022    0.113 0.001 0.067    0.051 0.092 0.032   --  
48400:    1.00    7.633    0.117 0.000 0.065    0.057 0.092 0.030   --  
48500:    1.00    7.432    0.149 0.000 0.097    0.055 0.112 0.042   --  
48600:    1.00    7.670    0.112 0.000 0.097    0.043 0.083 0.036   --  
48700:    1.00    7.582    0.092 0.000 0.108    0.038 0.087 0.042   --  
48800:    1.00    8.195    0.104 0.000 0.097    0.047 0.091 0.033   --  
48900:    1.00    8.241    0.118 0.000 0.106    0.049 0.092 0.040   --  

--------------------------------------------
Proportion of membership of each pre-defined
 population in each of the 3 clusters

Given    Inferred Clusters       Number of
 Pop       1      2      3      Individuals

  1:     0.332  0.346  0.322      358
  2:     0.336  0.333  0.331      1039
  3:     0.338  0.331  0.331      603
--------------------------------------------

 Rep#:   Lambda   Alpha      F1    F2    F3     D1,2  D1,3  D2,3    Ln Like 
49000:    1.00    7.920    0.106 0.000 0.111    0.050 0.093 0.036   --  
49100:    1.00    8.258    0.110 0.000 0.086    0.046 0.092 0.043   --  
49200:    1.00    8.494    0.123 0.000 0.092    0.058 0.098 0.039   --  
49300:    1.00    9.008    0.142 0.000 0.096    0.051 0.087 0.037   --  
49400:    1.00    9.053    0.093 0.000 0.111    0.039 0.090 0.047   --  
49500:    1.00    8.455    0.105 0.000 0.108    0.046 0.100 0.047   --  
49600:    1.00    8.786    0.146 0.000 0.142    0.065 0.142 0.064   --  
49700:    1.00    8.130    0.136 0.000 0.138    0.051 0.119 0.056   --  
49800:    1.00    8.383    0.138 0.000 0.101    0.061 0.121 0.038   --  
49900:    1.00    8.294    0.110 0.000 0.095    0.048 0.102 0.036   --  

--------------------------------------------
Proportion of membership of each pre-defined
 population in each of the 3 clusters

Given    Inferred Clusters       Number of
 Pop       1      2      3      Individuals

  1:     0.328  0.334  0.338      358
  2:     0.328  0.334  0.338      1039
  3:     0.338  0.337  0.325      603
--------------------------------------------

 Rep#:   Lambda   Alpha      F1    F2    F3     D1,2  D1,3  D2,3    Ln Like 
50000:    1.00    8.563    0.155 0.000 0.083    0.054 0.110 0.036   --  
50100:    1.00    8.582    0.123 0.000 0.103    0.055 0.107 0.038   --  
50200:    1.00    8.453    0.134 0.000 0.082    0.055 0.094 0.032   --  
50300:    1.00    8.196    0.125 0.000 0.119    0.057 0.111 0.040   --  
50400:    1.00    8.316    0.146 0.000 0.089    0.061 0.114 0.032   --  
50500:    1.00    8.656    0.174 0.000 0.111    0.063 0.115 0.032   --  
50600:    1.00    8.351    0.145 0.000 0.118    0.059 0.097 0.030   --  
50700:    1.00    8.558    0.132 0.000 0.123    0.048 0.092 0.034   --  
50800:    1.00    8.733    0.128 0.000 0.124    0.058 0.120 0.039   --  
50900:    1.00    8.889    0.108 0.000 0.130    0.047 0.108 0.051   --  

--------------------------------------------
Proportion of membership of each pre-defined
 population in each of the 3 clusters

Given    Inferred Clusters       Number of
 Pop       1      2      3      Individuals

  1:     0.331  0.342  0.327      358
  2:     0.334  0.334  0.332      1039
  3:     0.331  0.335  0.335      603
--------------------------------------------

 Rep#:   Lambda   Alpha      F1    F2    F3     D1,2  D1,3  D2,3    Ln Like 
51000:    1.00    8.906    0.130 0.000 0.116    0.048 0.111 0.049   --  
51100:    1.00    8.483    0.114 0.000 0.092    0.042 0.085 0.041   --  
51200:    1.00    8.445    0.149 0.000 0.088    0.049 0.099 0.045   --  
51300:    1.00    8.444    0.108 0.000 0.097    0.041 0.085 0.041   --  
51400:    1.00    7.896    0.103 0.000 0.113    0.054 0.102 0.053   --  
51500:    1.00    8.081    0.110 0.000 0.101    0.053 0.099 0.041   --  
51600:    1.00    8.231    0.106 0.000 0.106    0.052 0.108 0.044   --  
51700:    1.00    8.448    0.108 0.000 0.132    0.051 0.103 0.046   --  
51800:    1.00    8.481    0.129 0.000 0.104    0.057 0.091 0.039   --  
51900:    1.00    8.953    0.185 0.000 0.119    0.058 0.090 0.039   --  

--------------------------------------------
Proportion of membership of each pre-defined
 population in each of the 3 clusters

Given    Inferred Clusters       Number of
 Pop       1      2      3      Individuals

  1:     0.335  0.331  0.335      358
  2:     0.337  0.332  0.332      1039
  3:     0.331  0.334  0.335      603
--------------------------------------------

 Rep#:   Lambda   Alpha      F1    F2    F3     D1,2  D1,3  D2,3    Ln Like 
52000:    1.00    9.281    0.162 0.000 0.088    0.070 0.093 0.041   --  
52100:    1.00    8.971    0.119 0.000 0.103    0.061 0.099 0.047   --  
52200:    1.00    9.041    0.179 0.000 0.113    0.058 0.102 0.050   --  
52300:    1.00    8.721    0.134 0.000 0.070    0.061 0.101 0.032   --  
52400:    1.00    8.818    0.146 0.000 0.063    0.047 0.066 0.025   --  
52500:    1.00    8.876    0.121 0.000 0.071    0.055 0.092 0.032   --  
52600:    1.00    9.168    0.192 0.000 0.071    0.060 0.107 0.037   --  
52700:    1.00    9.476    0.197 0.000 0.081    0.054 0.077 0.027   --  
52800:    1.00    9.382    0.150 0.000 0.085    0.064 0.102 0.041   --  
52900:    1.00    9.151    0.163 0.000 0.074    0.057 0.084 0.033   --  

--------------------------------------------
Proportion of membership of each pre-defined
 population in each of the 3 clusters

Given    Inferred Clusters       Number of
 Pop       1      2      3      Individuals

  1:     0.334  0.337  0.329      358
  2:     0.337  0.330  0.333      1039
  3:     0.340  0.330  0.330      603
--------------------------------------------

 Rep#:   Lambda   Alpha      F1    F2    F3     D1,2  D1,3  D2,3    Ln Like 
53000:    1.00    9.021    0.144 0.000 0.096    0.058 0.080 0.030   --  
53100:    1.00    9.709    0.165 0.000 0.070    0.068 0.070 0.026   --  
53200:    1.00    9.840    0.154 0.000 0.090    0.071 0.101 0.033   --  
53300:    1.00    9.706    0.144 0.000 0.106    0.072 0.130 0.042   --  
53400:    1.00    9.798    0.158 0.000 0.084    0.067 0.121 0.039   --  
53500:    1.00    9.707    0.110 0.000 0.090    0.058 0.088 0.025   --  
53600:    1.00    9.996    0.141 0.000 0.087    0.056 0.096 0.032   --  
53700:    1.00    9.754    0.118 0.000 0.082    0.047 0.083 0.034   --  
53800:    1.00    9.504    0.151 0.000 0.098    0.058 0.089 0.032   --  
53900:    1.00    9.652    0.214 0.000 0.086    0.061 0.102 0.033   --  

--------------------------------------------
Proportion of membership of each pre-defined
 population in each of the 3 clusters

Given    Inferred Clusters       Number of
 Pop       1      2      3      Individuals

  1:     0.334  0.324  0.341      358
  2:     0.332  0.335  0.333      1039
  3:     0.336  0.336  0.328      603
--------------------------------------------

 Rep#:   Lambda   Alpha      F1    F2    F3     D1,2  D1,3  D2,3    Ln Like 
54000:    1.00    9.783    0.246 0.000 0.100    0.065 0.113 0.042   --  
54100:    1.00    9.578    0.170 0.000 0.079    0.046 0.086 0.043   --  
54200:    1.00    9.596    0.137 0.000 0.105    0.050 0.091 0.041   --  
54300:    1.00    9.382    0.153 0.000 0.119    0.047 0.086 0.049   --  
54400:    1.00    9.661    0.138 0.000 0.112    0.049 0.093 0.049   --  
54500:    1.00    9.636    0.159 0.000 0.119    0.048 0.098 0.054   --  
54600:    1.00    9.262    0.128 0.000 0.116    0.042 0.102 0.047   --  
54700:    1.00    9.199    0.126 0.000 0.112    0.038 0.093 0.048   --  
54800:    1.00    9.231    0.126 0.000 0.145    0.042 0.108 0.048   --  
54900:    1.00    8.869    0.140 0.000 0.114    0.033 0.100 0.056   --  

--------------------------------------------
Proportion of membership of each pre-defined
 population in each of the 3 clusters

Given    Inferred Clusters       Number of
 Pop       1      2      3      Individuals

  1:     0.333  0.335  0.333      358
  2:     0.334  0.329  0.336      1039
  3:     0.335  0.334  0.332      603
--------------------------------------------

 Rep#:   Lambda   Alpha      F1    F2    F3     D1,2  D1,3  D2,3    Ln Like 
55000:    1.00    8.870    0.090 0.000 0.146    0.035 0.104 0.051   --  
55100:    1.00    8.796    0.104 0.000 0.144    0.041 0.108 0.049   --  
55200:    1.00    8.633    0.122 0.000 0.104    0.042 0.107 0.043   --  
55300:    1.00    8.912    0.126 0.000 0.110    0.051 0.108 0.049   --  
55400:    1.00    9.304    0.128 0.000 0.111    0.045 0.088 0.039   --  
55500:    1.00    9.343    0.151 0.000 0.103    0.051 0.089 0.037   --  
55600:    1.00    9.274    0.162 0.000 0.101    0.063 0.103 0.038   --  
55700:    1.00    9.365    0.180 0.000 0.110    0.061 0.102 0.041   --  
55800:    1.00    9.455    0.163 0.000 0.103    0.057 0.114 0.051   --  
55900:    1.00    9.179    0.167 0.000 0.122    0.058 0.124 0.055   --  

--------------------------------------------
Proportion of membership of each pre-defined
 population in each of the 3 clusters

Given    Inferred Clusters       Number of
 Pop       1      2      3      Individuals

  1:     0.339  0.335  0.326      358
  2:     0.333  0.335  0.332      1039
  3:     0.334  0.337  0.329      603
--------------------------------------------

 Rep#:   Lambda   Alpha      F1    F2    F3     D1,2  D1,3  D2,3    Ln Like 
56000:    1.00    8.906    0.159 0.000 0.120    0.057 0.123 0.054   --  
56100:    1.00    8.886    0.113 0.000 0.139    0.059 0.133 0.047   --  
56200:    1.00    8.883    0.177 0.000 0.108    0.062 0.118 0.044   --  
56300:    1.00    8.801    0.126 0.000 0.088    0.059 0.106 0.033   --  
56400:    1.00    8.692    0.148 0.000 0.082    0.053 0.080 0.033   --  
56500:    1.00    8.370    0.146 0.000 0.096    0.062 0.095 0.040   --  
56600:    1.00    8.113    0.119 0.000 0.120    0.067 0.102 0.042   --  
56700:    1.00    8.303    0.134 0.000 0.114    0.071 0.115 0.040   --  
56800:    1.00    8.730    0.132 0.000 0.097    0.064 0.101 0.035   --  
56900:    1.00    8.421    0.145 0.000 0.106    0.062 0.114 0.037   --  

--------------------------------------------
Proportion of membership of each pre-defined
 population in each of the 3 clusters

Given    Inferred Clusters       Number of
 Pop       1      2      3      Individuals

  1:     0.329  0.337  0.333      358
  2:     0.334  0.335  0.331      1039
  3:     0.336  0.332  0.332      603
--------------------------------------------

 Rep#:   Lambda   Alpha      F1    F2    F3     D1,2  D1,3  D2,3    Ln Like 
57000:    1.00    8.668    0.150 0.000 0.137    0.056 0.109 0.043   --  
57100:    1.00    8.378    0.158 0.000 0.124    0.059 0.113 0.046   --  
57200:    1.00    7.977    0.145 0.000 0.127    0.052 0.122 0.044   --  
57300:    1.00    7.881    0.118 0.001 0.107    0.047 0.091 0.045   --  
57400:    1.00    7.821    0.116 0.001 0.109    0.045 0.094 0.040   --  
57500:    1.00    8.191    0.145 0.001 0.120    0.052 0.115 0.046   --  
57600:    1.00    8.104    0.138 0.001 0.097    0.051 0.102 0.041   --  
57700:    1.00    7.872    0.124 0.001 0.132    0.046 0.102 0.046   --  
57800:    1.00    8.156    0.152 0.001 0.139    0.055 0.115 0.059   --  
57900:    1.00    7.889    0.125 0.001 0.126    0.042 0.106 0.067   --  

--------------------------------------------
Proportion of membership of each pre-defined
 population in each of the 3 clusters

Given    Inferred Clusters       Number of
 Pop       1      2      3      Individuals

  1:     0.338  0.330  0.332      358
  2:     0.336  0.331  0.332      1039
  3:     0.332  0.331  0.336      603
--------------------------------------------

 Rep#:   Lambda   Alpha      F1    F2    F3     D1,2  D1,3  D2,3    Ln Like 
58000:    1.00    7.362    0.127 0.001 0.151    0.040 0.096 0.062   --  
58100:    1.00    7.345    0.136 0.001 0.194    0.048 0.110 0.069   --  
58200:    1.00    7.577    0.121 0.001 0.157    0.051 0.119 0.057   --  
58300:    1.00    7.047    0.144 0.001 0.130    0.056 0.125 0.055   --  
58400:    1.00    7.381    0.144 0.001 0.076    0.050 0.095 0.043   --  
58500:    1.00    6.993    0.099 0.001 0.079    0.050 0.086 0.040   --  
58600:    1.00    7.395    0.110 0.001 0.092    0.047 0.079 0.043   --  
58700:    1.00    7.573    0.135 0.001 0.113    0.054 0.108 0.040   --  
58800:    1.00    7.285    0.137 0.001 0.094    0.065 0.125 0.047   --  
58900:    1.00    7.236    0.121 0.001 0.119    0.042 0.104 0.049   --  

--------------------------------------------
Proportion of membership of each pre-defined
 population in each of the 3 clusters

Given    Inferred Clusters       Number of
 Pop       1      2      3      Individuals

  1:     0.333  0.336  0.331      358
  2:     0.333  0.335  0.332      1039
  3:     0.338  0.329  0.333      603
--------------------------------------------

 Rep#:   Lambda   Alpha      F1    F2    F3     D1,2  D1,3  D2,3    Ln Like 
59000:    1.00    7.011    0.118 0.001 0.100    0.040 0.084 0.048   --  
59100:    1.00    7.033    0.140 0.001 0.104    0.043 0.088 0.038   --  
59200:    1.00    6.926    0.109 0.001 0.120    0.040 0.094 0.042   --  
59300:    1.00    7.286    0.116 0.001 0.145    0.049 0.106 0.049   --  
59400:    1.00    7.394    0.148 0.001 0.117    0.060 0.095 0.053   --  
59500:    1.00    7.220    0.139 0.001 0.133    0.050 0.097 0.049   --  
59600:    1.00    7.045    0.148 0.001 0.114    0.061 0.125 0.046   --  
59700:    1.00    7.026    0.121 0.001 0.105    0.050 0.095 0.041   --  
59800:    1.00    7.457    0.117 0.001 0.097    0.049 0.090 0.039   --  
59900:    1.00    7.349    0.163 0.001 0.092    0.053 0.091 0.035   --  

--------------------------------------------
Proportion of membership of each pre-defined
 population in each of the 3 clusters

Given    Inferred Clusters       Number of
 Pop       1      2      3      Individuals

  1:     0.327  0.332  0.341      358
  2:     0.334  0.328  0.338      1039
  3:     0.332  0.333  0.334      603
--------------------------------------------

 Rep#:   Lambda   Alpha      F1    F2    F3     D1,2  D1,3  D2,3    Ln Like 
60000:    1.00    7.412    0.150 0.001 0.122    0.065 0.107 0.038   --  
60100:    1.00    7.345    0.161 0.001 0.089    0.064 0.096 0.035   --  
60200:    1.00    7.332    0.151 0.001 0.123    0.065 0.102 0.039   --  
60300:    1.00    7.040    0.141 0.001 0.087    0.051 0.097 0.037   --  
60400:    1.00    7.152    0.107 0.001 0.162    0.054 0.115 0.045   --  
60500:    1.00    7.049    0.147 0.001 0.099    0.059 0.108 0.038   --  
60600:    1.00    7.515    0.146 0.001 0.092    0.066 0.103 0.030   --  
60700:    1.00    7.483    0.151 0.001 0.075    0.067 0.104 0.032   --  
60800:    1.00    7.546    0.153 0.001 0.077    0.064 0.105 0.033   --  
60900:    1.00    7.477    0.138 0.001 0.101    0.055 0.096 0.032   --  

--------------------------------------------
Proportion of membership of each pre-defined
 population in each of the 3 clusters

Given    Inferred Clusters       Number of
 Pop       1      2      3      Individuals

  1:     0.333  0.330  0.337      358
  2:     0.334  0.331  0.335      1039
  3:     0.336  0.334  0.331      603
--------------------------------------------

 Rep#:   Lambda   Alpha      F1    F2    F3     D1,2  D1,3  D2,3    Ln Like 
61000:    1.00    7.410    0.162 0.001 0.099    0.057 0.088 0.024   --  
61100:    1.00    7.278    0.158 0.001 0.068    0.066 0.100 0.024   --  
61200:    1.00    7.553    0.109 0.001 0.067    0.045 0.086 0.027   --  
61300:    1.00    7.520    0.102 0.001 0.075    0.056 0.095 0.025   --  
61400:    1.00    8.066    0.141 0.001 0.077    0.064 0.099 0.032   --  
61500:    1.00    8.293    0.140 0.001 0.114    0.059 0.111 0.046   --  
61600:    1.00    8.668    0.139 0.001 0.095    0.046 0.111 0.040   --  
61700:    1.00    8.639    0.119 0.001 0.099    0.047 0.100 0.031   --  
61800:    1.00    8.474    0.133 0.001 0.092    0.043 0.085 0.034   --  
61900:    1.00    8.498    0.150 0.001 0.091    0.052 0.098 0.035   --  

--------------------------------------------
Proportion of membership of each pre-defined
 population in each of the 3 clusters

Given    Inferred Clusters       Number of
 Pop       1      2      3      Individuals

  1:     0.336  0.337  0.327      358
  2:     0.335  0.329  0.336      1039
  3:     0.332  0.334  0.334      603
--------------------------------------------

 Rep#:   Lambda   Alpha      F1    F2    F3     D1,2  D1,3  D2,3    Ln Like 
62000:    1.00    8.593    0.146 0.001 0.069    0.058 0.090 0.028   --  
62100:    1.00    8.637    0.145 0.001 0.066    0.052 0.088 0.024   --  
62200:    1.00    8.132    0.187 0.001 0.085    0.064 0.109 0.025   --  
62300:    1.00    8.204    0.207 0.001 0.073    0.062 0.088 0.024   --  
62400:    1.00    8.539    0.136 0.000 0.085    0.064 0.110 0.033   --  
62500:    1.00    9.038    0.176 0.000 0.086    0.057 0.102 0.033   --  
62600:    1.00    8.848    0.208 0.000 0.072    0.063 0.092 0.031   --  
62700:    1.00    8.889    0.198 0.000 0.092    0.057 0.088 0.029   --  
62800:    1.00    8.727    0.182 0.000 0.098    0.072 0.110 0.027   --  
62900:    1.00    8.637    0.203 0.000 0.129    0.080 0.146 0.037   --  

--------------------------------------------
Proportion of membership of each pre-defined
 population in each of the 3 clusters

Given    Inferred Clusters       Number of
 Pop       1      2      3      Individuals

  1:     0.325  0.337  0.337      358
  2:     0.330  0.332  0.338      1039
  3:     0.337  0.325  0.338      603
--------------------------------------------

 Rep#:   Lambda   Alpha      F1    F2    F3     D1,2  D1,3  D2,3    Ln Like 
63000:    1.00    8.575    0.169 0.000 0.096    0.062 0.106 0.037   --  
63100:    1.00    8.736    0.142 0.000 0.116    0.066 0.124 0.048   --  
63200:    1.00    8.539    0.149 0.000 0.079    0.058 0.093 0.033   --  
63300:    1.00    8.306    0.150 0.000 0.099    0.050 0.087 0.035   --  
63400:    1.00    8.177    0.133 0.000 0.097    0.058 0.096 0.037   --  
63500:    1.00    8.581    0.105 0.000 0.087    0.042 0.075 0.030   --  
63600:    1.00    8.915    0.087 0.000 0.079    0.040 0.065 0.027   --  
63700:    1.00    9.173    0.096 0.000 0.084    0.046 0.081 0.029   --  
63800:    1.00    8.881    0.148 0.000 0.102    0.068 0.117 0.037   --  
63900:    1.00    8.560    0.119 0.000 0.133    0.054 0.107 0.046   --  

--------------------------------------------
Proportion of membership of each pre-defined
 population in each of the 3 clusters

Given    Inferred Clusters       Number of
 Pop       1      2      3      Individuals

  1:     0.340  0.324  0.337      358
  2:     0.331  0.335  0.333      1039
  3:     0.337  0.332  0.331      603
--------------------------------------------

 Rep#:   Lambda   Alpha      F1    F2    F3     D1,2  D1,3  D2,3    Ln Like 
64000:    1.00    8.642    0.123 0.000 0.117    0.058 0.126 0.057   --  
64100:    1.00    8.511    0.119 0.000 0.136    0.038 0.101 0.054   --  
64200:    1.00    8.928    0.136 0.000 0.174    0.052 0.122 0.059   --  
64300:    1.00    8.892    0.144 0.000 0.162    0.064 0.121 0.054   --  
64400:    1.00    8.340    0.112 0.000 0.144    0.057 0.122 0.059   --  
64500:    1.00    8.214    0.152 0.000 0.142    0.047 0.112 0.064   --  
64600:    1.00    8.538    0.138 0.000 0.150    0.050 0.122 0.058   --  
64700:    1.00    8.326    0.134 0.000 0.094    0.053 0.116 0.054   --  
64800:    1.00    8.746    0.179 0.000 0.089    0.066 0.119 0.040   --  
64900:    1.00    8.541    0.170 0.000 0.086    0.066 0.119 0.037   --  

--------------------------------------------
Proportion of membership of each pre-defined
 population in each of the 3 clusters

Given    Inferred Clusters       Number of
 Pop       1      2      3      Individuals

  1:     0.329  0.338  0.332      358
  2:     0.336  0.331  0.333      1039
  3:     0.333  0.328  0.339      603
--------------------------------------------

 Rep#:   Lambda   Alpha      F1    F2    F3     D1,2  D1,3  D2,3    Ln Like 
65000:    1.00    8.418    0.122 0.001 0.075    0.045 0.091 0.033   --  
65100:    1.00    8.588    0.106 0.001 0.076    0.046 0.104 0.038   --  
65200:    1.00    8.596    0.146 0.001 0.090    0.049 0.098 0.035   --  
65300:    1.00    8.199    0.118 0.001 0.107    0.044 0.086 0.037   --  
65400:    1.00    8.306    0.112 0.001 0.123    0.050 0.089 0.034   --  
65500:    1.00    8.575    0.129 0.001 0.103    0.047 0.099 0.040   --  
65600:    1.00    8.646    0.145 0.001 0.119    0.051 0.101 0.034   --  
65700:    1.00    8.762    0.129 0.001 0.111    0.055 0.097 0.038   --  
65800:    1.00    8.620    0.120 0.001 0.122    0.037 0.081 0.039   --  
65900:    1.00    9.003    0.092 0.001 0.085    0.048 0.100 0.040   --  

--------------------------------------------
Proportion of membership of each pre-defined
 population in each of the 3 clusters

Given    Inferred Clusters       Number of
 Pop       1      2      3      Individuals

  1:     0.327  0.333  0.340      358
  2:     0.335  0.332  0.333      1039
  3:     0.324  0.340  0.335      603
--------------------------------------------

 Rep#:   Lambda   Alpha      F1    F2    F3     D1,2  D1,3  D2,3    Ln Like 
66000:    1.00    8.891    0.113 0.001 0.081    0.038 0.093 0.037   --  
66100:    1.00    9.224    0.100 0.001 0.117    0.040 0.092 0.044   --  
66200:    1.00    9.119    0.137 0.001 0.121    0.051 0.100 0.044   --  
66300:    1.00    8.859    0.133 0.001 0.174    0.041 0.087 0.044   --  
66400:    1.00    8.850    0.147 0.001 0.129    0.051 0.116 0.047   --  
66500:    1.00    9.484    0.145 0.001 0.092    0.044 0.102 0.044   --  
66600:    1.00    8.940    0.131 0.001 0.120    0.045 0.101 0.035   --  
66700:    1.00    8.726    0.139 0.001 0.114    0.041 0.114 0.048   --  
66800:    1.00    8.718    0.089 0.001 0.126    0.042 0.098 0.051   --  
66900:    1.00    8.171    0.131 0.001 0.137    0.040 0.094 0.047   --  

--------------------------------------------
Proportion of membership of each pre-defined
 population in each of the 3 clusters

Given    Inferred Clusters       Number of
 Pop       1      2      3      Individuals

  1:     0.332  0.327  0.341      358
  2:     0.334  0.330  0.336      1039
  3:     0.334  0.334  0.332      603
--------------------------------------------

 Rep#:   Lambda   Alpha      F1    F2    F3     D1,2  D1,3  D2,3    Ln Like 
67000:    1.00    8.134    0.102 0.001 0.129    0.036 0.090 0.050   --  
67100:    1.00    8.503    0.092 0.001 0.155    0.037 0.101 0.068   --  
67200:    1.00    7.952    0.124 0.001 0.157    0.041 0.099 0.052   --  
67300:    1.00    8.394    0.088 0.001 0.127    0.032 0.100 0.056   --  
67400:    1.00    8.297    0.103 0.001 0.141    0.040 0.108 0.059   --  
67500:    1.00    7.912    0.129 0.001 0.161    0.045 0.112 0.056   --  
67600:    1.00    8.124    0.112 0.001 0.133    0.042 0.111 0.057   --  
67700:    1.00    7.910    0.182 0.001 0.130    0.050 0.104 0.041   --  
67800:    1.00    7.750    0.151 0.001 0.138    0.052 0.130 0.058   --  
67900:    1.00    7.780    0.118 0.001 0.112    0.053 0.118 0.057   --  

--------------------------------------------
Proportion of membership of each pre-defined
 population in each of the 3 clusters

Given    Inferred Clusters       Number of
 Pop       1      2      3      Individuals

  1:     0.333  0.320  0.346      358
  2:     0.338  0.328  0.335      1039
  3:     0.329  0.338  0.333      603
--------------------------------------------

 Rep#:   Lambda   Alpha      F1    F2    F3     D1,2  D1,3  D2,3    Ln Like 
68000:    1.00    7.969    0.141 0.001 0.123    0.056 0.103 0.049   --  
68100:    1.00    8.177    0.160 0.001 0.136    0.051 0.103 0.047   --  
68200:    1.00    8.075    0.118 0.001 0.109    0.046 0.094 0.043   --  
68300:    1.00    7.927    0.156 0.001 0.120    0.045 0.103 0.050   --  
68400:    1.00    8.065    0.125 0.001 0.130    0.048 0.102 0.047   --  
68500:    1.00    8.236    0.144 0.001 0.123    0.043 0.103 0.048   --  
68600:    1.00    8.118    0.065 0.001 0.114    0.027 0.070 0.040   --  
68700:    1.00    7.702    0.059 0.001 0.096    0.022 0.065 0.035   --  
68800:    1.00    7.906    0.073 0.001 0.083    0.028 0.071 0.047   --  
68900:    1.00    7.609    0.091 0.001 0.086    0.037 0.078 0.038   --  

--------------------------------------------
Proportion of membership of each pre-defined
 population in each of the 3 clusters

Given    Inferred Clusters       Number of
 Pop       1      2      3      Individuals

  1:     0.334  0.332  0.334      358
  2:     0.340  0.327  0.333      1039
  3:     0.341  0.335  0.325      603
--------------------------------------------

 Rep#:   Lambda   Alpha      F1    F2    F3     D1,2  D1,3  D2,3    Ln Like 
69000:    1.00    7.942    0.115 0.001 0.084    0.044 0.100 0.038   --  
69100:    1.00    8.158    0.100 0.001 0.085    0.041 0.078 0.030   --  
69200:    1.00    7.882    0.127 0.001 0.091    0.042 0.087 0.032   --  
69300:    1.00    7.601    0.134 0.001 0.099    0.042 0.095 0.035   --  
69400:    1.00    7.529    0.114 0.001 0.081    0.041 0.071 0.040   --  
69500:    1.00    7.578    0.090 0.001 0.128    0.040 0.097 0.057   --  
69600:    1.00    7.285    0.118 0.001 0.112    0.043 0.098 0.058   --  
69700:    1.00    7.370    0.133 0.001 0.100    0.042 0.088 0.055   --  
69800:    1.00    7.443    0.124 0.001 0.107    0.039 0.094 0.053   --  
69900:    1.00    7.938    0.115 0.001 0.099    0.044 0.085 0.047   --  

--------------------------------------------
Proportion of membership of each pre-defined
 population in each of the 3 clusters

Given    Inferred Clusters       Number of
 Pop       1      2      3      Individuals

  1:     0.337  0.327  0.336      358
  2:     0.334  0.333  0.333      1039
  3:     0.336  0.333  0.332      603
--------------------------------------------

 Rep#:   Lambda   Alpha      F1    F2    F3     D1,2  D1,3  D2,3    Ln Like 
70000:    1.00    7.681    0.098 0.001 0.107    0.026 0.075 0.041   --  
70100:    1.00    7.850    0.056 0.001 0.095    0.024 0.058 0.036   --  
70200:    1.00    7.991    0.098 0.001 0.083    0.038 0.076 0.035   --  
70300:    1.00    8.064    0.090 0.001 0.102    0.040 0.094 0.048   --  
70400:    1.00    8.503    0.117 0.001 0.075    0.037 0.089 0.036   --  
70500:    1.00    8.253    0.100 0.001 0.094    0.041 0.105 0.050   --  
70600:    1.00    8.162    0.095 0.001 0.109    0.044 0.100 0.052   --  
70700:    1.00    8.400    0.101 0.001 0.108    0.040 0.091 0.046   --  
70800:    1.00    8.573    0.122 0.001 0.122    0.051 0.102 0.049   --  
70900:    1.00    8.685    0.114 0.001 0.130    0.051 0.107 0.044   --  

--------------------------------------------
Proportion of membership of each pre-defined
 population in each of the 3 clusters

Given    Inferred Clusters       Number of
 Pop       1      2      3      Individuals

  1:     0.335  0.327  0.338      358
  2:     0.335  0.333  0.331      1039
  3:     0.332  0.336  0.332      603
--------------------------------------------

 Rep#:   Lambda   Alpha      F1    F2    F3     D1,2  D1,3  D2,3    Ln Like 
71000:    1.00    8.416    0.168 0.001 0.142    0.054 0.112 0.051   --  
71100:    1.00    7.938    0.143 0.001 0.093    0.057 0.108 0.040   --  
71200:    1.00    7.478    0.129 0.001 0.109    0.056 0.112 0.041   --  
71300:    1.00    7.382    0.173 0.001 0.110    0.055 0.101 0.035   --  
71400:    1.00    7.507    0.146 0.001 0.095    0.052 0.102 0.038   --  
71500:    1.00    7.556    0.135 0.001 0.119    0.060 0.101 0.039   --  
71600:    1.00    7.207    0.162 0.001 0.119    0.056 0.103 0.046   --  
71700:    1.00    7.458    0.156 0.001 0.102    0.066 0.129 0.043   --  
71800:    1.00    7.620    0.121 0.001 0.110    0.056 0.128 0.048   --  
71900:    1.00    7.591    0.143 0.001 0.105    0.056 0.100 0.037   --  

--------------------------------------------
Proportion of membership of each pre-defined
 population in each of the 3 clusters

Given    Inferred Clusters       Number of
 Pop       1      2      3      Individuals

  1:     0.326  0.336  0.338      358
  2:     0.328  0.338  0.333      1039
  3:     0.335  0.335  0.329      603
--------------------------------------------

 Rep#:   Lambda   Alpha      F1    F2    F3     D1,2  D1,3  D2,3    Ln Like 
72000:    1.00    7.261    0.153 0.001 0.105    0.061 0.082 0.037   --  
72100:    1.00    7.165    0.137 0.001 0.102    0.067 0.112 0.042   --  
72200:    1.00    7.081    0.136 0.001 0.102    0.062 0.114 0.043   --  
72300:    1.00    7.094    0.158 0.001 0.098    0.057 0.121 0.045   --  
72400:    1.00    7.067    0.149 0.001 0.085    0.037 0.096 0.055   --  
72500:    1.00    6.949    0.172 0.001 0.124    0.045 0.112 0.052   --  
72600:    1.00    6.678    0.127 0.001 0.121    0.039 0.086 0.045   --  
72700:    1.00    6.234    0.102 0.001 0.135    0.049 0.089 0.050   --  
72800:    1.00    6.307    0.131 0.001 0.116    0.049 0.101 0.045   --  
72900:    1.00    6.896    0.139 0.001 0.105    0.058 0.104 0.042   --  

--------------------------------------------
Proportion of membership of each pre-defined
 population in each of the 3 clusters

Given    Inferred Clusters       Number of
 Pop       1      2      3      Individuals

  1:     0.320  0.338  0.342      358
  2:     0.340  0.328  0.331      1039
  3:     0.337  0.331  0.333      603
--------------------------------------------

 Rep#:   Lambda   Alpha      F1    F2    F3     D1,2  D1,3  D2,3    Ln Like 
73000:    1.00    6.943    0.127 0.001 0.096    0.061 0.104 0.039   --  
73100:    1.00    7.617    0.168 0.001 0.113    0.057 0.111 0.039   --  
73200:    1.00    7.687    0.136 0.001 0.130    0.056 0.111 0.040   --  
73300:    1.00    8.029    0.177 0.001 0.148    0.080 0.134 0.046   --  
73400:    1.00    7.683    0.167 0.001 0.122    0.088 0.134 0.041   --  
73500:    1.00    7.799    0.178 0.001 0.123    0.078 0.121 0.048   --  
73600:    1.00    7.995    0.158 0.001 0.152    0.064 0.106 0.044   --  
73700:    1.00    7.805    0.134 0.001 0.112    0.045 0.086 0.038   --  
73800:    1.00    8.088    0.158 0.001 0.117    0.045 0.085 0.043   --  
73900:    1.00    7.843    0.127 0.001 0.104    0.040 0.091 0.048   --  

--------------------------------------------
Proportion of membership of each pre-defined
 population in each of the 3 clusters

Given    Inferred Clusters       Number of
 Pop       1      2      3      Individuals

  1:     0.330  0.329  0.341      358
  2:     0.331  0.333  0.336      1039
  3:     0.333  0.334  0.334      603
--------------------------------------------

 Rep#:   Lambda   Alpha      F1    F2    F3     D1,2  D1,3  D2,3    Ln Like 
74000:    1.00    8.129    0.112 0.001 0.101    0.044 0.098 0.043   --  
74100:    1.00    8.584    0.116 0.001 0.114    0.047 0.107 0.049   --  
74200:    1.00    8.742    0.105 0.001 0.102    0.046 0.095 0.049   --  
74300:    1.00    8.651    0.111 0.001 0.100    0.039 0.078 0.039   --  
74400:    1.00    8.535    0.129 0.001 0.105    0.047 0.093 0.039   --  
74500:    1.00    8.727    0.116 0.001 0.144    0.051 0.110 0.043   --  
74600:    1.00    8.399    0.117 0.001 0.142    0.052 0.119 0.049   --  
74700:    1.00    8.134    0.112 0.001 0.118    0.047 0.110 0.049   --  
74800:    1.00    8.112    0.147 0.001 0.128    0.041 0.110 0.051   --  
74900:    1.00    8.497    0.085 0.001 0.137    0.044 0.092 0.045   --  

--------------------------------------------
Proportion of membership of each pre-defined
 population in each of the 3 clusters

Given    Inferred Clusters       Number of
 Pop       1      2      3      Individuals

  1:     0.331  0.331  0.337      358
  2:     0.335  0.331  0.334      1039
  3:     0.339  0.340  0.321      603
--------------------------------------------

 Rep#:   Lambda   Alpha      F1    F2    F3     D1,2  D1,3  D2,3    Ln Like 
75000:    1.00    8.431    0.091 0.001 0.182    0.041 0.123 0.062   --  
75100:    1.00    8.391    0.099 0.001 0.135    0.037 0.107 0.061   --  
75200:    1.00    8.067    0.092 0.001 0.110    0.037 0.105 0.055   --  
75300:    1.00    7.799    0.081 0.001 0.104    0.035 0.091 0.057   --  
75400:    1.00    8.024    0.050 0.001 0.171    0.024 0.098 0.071   --  
75500:    1.00    8.046    0.079 0.001 0.137    0.035 0.091 0.057   --  
75600:    1.00    7.787    0.111 0.001 0.149    0.043 0.102 0.056   --  
75700:    1.00    7.622    0.119 0.001 0.136    0.041 0.098 0.059   --  
75800:    1.00    7.928    0.126 0.001 0.163    0.049 0.120 0.061   --  
75900:    1.00    7.687    0.155 0.001 0.194    0.057 0.140 0.067   --  

--------------------------------------------
Proportion of membership of each pre-defined
 population in each of the 3 clusters

Given    Inferred Clusters       Number of
 Pop       1      2      3      Individuals

  1:     0.336  0.328  0.336      358
  2:     0.338  0.330  0.332      1039
  3:     0.329  0.335  0.335      603
--------------------------------------------

 Rep#:   Lambda   Alpha      F1    F2    F3     D1,2  D1,3  D2,3    Ln Like 
76000:    1.00    8.014    0.177 0.001 0.149    0.072 0.132 0.061   --  
76100:    1.00    8.179    0.153 0.001 0.149    0.053 0.127 0.056   --  
76200:    1.00    8.284    0.123 0.001 0.188    0.060 0.149 0.057   --  
76300:    1.00    8.424    0.179 0.001 0.166    0.075 0.147 0.058   --  
76400:    1.00    8.495    0.151 0.001 0.154    0.050 0.112 0.052   --  
76500:    1.00    8.261    0.138 0.001 0.125    0.045 0.109 0.058   --  
76600:    1.00    8.339    0.172 0.001 0.118    0.047 0.108 0.059   --  
76700:    1.00    8.341    0.168 0.001 0.114    0.049 0.094 0.051   --  
76800:    1.00    8.104    0.128 0.001 0.123    0.038 0.097 0.050   --  
76900:    1.00    7.573    0.104 0.001 0.105    0.040 0.074 0.039   --  

--------------------------------------------
Proportion of membership of each pre-defined
 population in each of the 3 clusters

Given    Inferred Clusters       Number of
 Pop       1      2      3      Individuals

  1:     0.340  0.328  0.333      358
  2:     0.336  0.334  0.330      1039
  3:     0.339  0.326  0.335      603
--------------------------------------------

 Rep#:   Lambda   Alpha      F1    F2    F3     D1,2  D1,3  D2,3    Ln Like 
77000:    1.00    7.566    0.121 0.001 0.114    0.041 0.089 0.044   --  
77100:    1.00    7.951    0.156 0.001 0.120    0.050 0.093 0.042   --  
77200:    1.00    7.904    0.156 0.001 0.097    0.058 0.099 0.043   --  
77300:    1.00    8.118    0.121 0.001 0.114    0.046 0.098 0.046   --  
77400:    1.00    7.790    0.123 0.001 0.129    0.049 0.100 0.043   --  
77500:    1.00    7.756    0.142 0.001 0.130    0.054 0.127 0.051   --  
77600:    1.00    7.892    0.148 0.001 0.118    0.055 0.114 0.046   --  
77700:    1.00    7.829    0.128 0.001 0.119    0.047 0.109 0.056   --  
77800:    1.00    7.819    0.115 0.001 0.134    0.038 0.100 0.048   --  
77900:    1.00    7.645    0.138 0.001 0.108    0.038 0.092 0.046   --  

--------------------------------------------
Proportion of membership of each pre-defined
 population in each of the 3 clusters

Given    Inferred Clusters       Number of
 Pop       1      2      3      Individuals

  1:     0.334  0.328  0.338      358
  2:     0.333  0.336  0.331      1039
  3:     0.336  0.329  0.335      603
--------------------------------------------

 Rep#:   Lambda   Alpha      F1    F2    F3     D1,2  D1,3  D2,3    Ln Like 
78000:    1.00    8.082    0.132 0.001 0.126    0.044 0.099 0.043   --  
78100:    1.00    7.796    0.133 0.001 0.143    0.046 0.095 0.038   --  
78200:    1.00    8.117    0.112 0.001 0.115    0.051 0.094 0.037   --  
78300:    1.00    8.136    0.119 0.001 0.116    0.044 0.099 0.038   --  
78400:    1.00    8.034    0.156 0.001 0.094    0.048 0.100 0.041   --  
78500:    1.00    8.184    0.143 0.001 0.076    0.046 0.091 0.033   --  
78600:    1.00    8.159    0.129 0.001 0.108    0.061 0.096 0.038   --  
78700:    1.00    7.995    0.145 0.001 0.113    0.047 0.090 0.038   --  
78800:    1.00    8.137    0.090 0.001 0.140    0.042 0.102 0.053   --  
78900:    1.00    7.983    0.105 0.001 0.161    0.050 0.111 0.056   --  

--------------------------------------------
Proportion of membership of each pre-defined
 population in each of the 3 clusters

Given    Inferred Clusters       Number of
 Pop       1      2      3      Individuals

  1:     0.331  0.336  0.333      358
  2:     0.332  0.332  0.336      1039
  3:     0.329  0.337  0.335      603
--------------------------------------------

 Rep#:   Lambda   Alpha      F1    F2    F3     D1,2  D1,3  D2,3    Ln Like 
79000:    1.00    7.992    0.140 0.001 0.124    0.049 0.112 0.057   --  
79100:    1.00    7.907    0.138 0.001 0.115    0.055 0.114 0.049   --  
79200:    1.00    8.411    0.157 0.001 0.170    0.052 0.102 0.054   --  
79300:    1.00    8.064    0.149 0.001 0.100    0.041 0.091 0.035   --  
79400:    1.00    8.431    0.111 0.001 0.115    0.051 0.096 0.041   --  
79500:    1.00    8.481    0.123 0.001 0.153    0.057 0.109 0.048   --  
79600:    1.00    8.760    0.134 0.001 0.138    0.053 0.105 0.049   --  
79700:    1.00    8.798    0.143 0.001 0.114    0.066 0.137 0.045   --  
79800:    1.00    8.974    0.147 0.001 0.117    0.060 0.123 0.049   --  
79900:    1.00    9.072    0.142 0.001 0.112    0.056 0.113 0.049   --  

--------------------------------------------
Proportion of membership of each pre-defined
 population in each of the 3 clusters

Given    Inferred Clusters       Number of
 Pop       1      2      3      Individuals

  1:     0.334  0.331  0.335      358
  2:     0.332  0.333  0.335      1039
  3:     0.336  0.326  0.338      603
--------------------------------------------

 Rep#:   Lambda   Alpha      F1    F2    F3     D1,2  D1,3  D2,3    Ln Like 
80000:    1.00    9.104    0.121 0.001 0.119    0.045 0.093 0.037   --  
80100:    1.00    9.125    0.133 0.001 0.103    0.045 0.093 0.040   --  
80200:    1.00    9.373    0.128 0.001 0.083    0.044 0.082 0.038   --  
80300:    1.00    9.436    0.119 0.001 0.086    0.048 0.086 0.030   --  
80400:    1.00    9.665    0.184 0.001 0.094    0.059 0.102 0.037   --  
80500:    1.00    9.923    0.123 0.001 0.088    0.062 0.101 0.037   --  
80600:    1.00    9.406    0.178 0.001 0.099    0.057 0.096 0.047   --  
80700:    1.00    9.449    0.142 0.001 0.103    0.052 0.106 0.044   --  
80800:    1.00    9.605    0.093 0.001 0.115    0.038 0.082 0.034   --  
80900:    1.00    9.747    0.130 0.001 0.103    0.046 0.103 0.047   --  

--------------------------------------------
Proportion of membership of each pre-defined
 population in each of the 3 clusters

Given    Inferred Clusters       Number of
 Pop       1      2      3      Individuals

  1:     0.326  0.340  0.334      358
  2:     0.337  0.332  0.331      1039
  3:     0.333  0.339  0.328      603
--------------------------------------------

 Rep#:   Lambda   Alpha      F1    F2    F3     D1,2  D1,3  D2,3    Ln Like 
81000:    1.00    9.863    0.126 0.001 0.114    0.055 0.121 0.040   --  
81100:    1.00    9.751    0.116 0.001 0.107    0.065 0.123 0.036   --  
81200:    1.00    9.572    0.194 0.001 0.096    0.076 0.117 0.038   --  
81300:    1.00    9.554    0.174 0.001 0.097    0.091 0.134 0.042   --  
81400:    1.00    9.588    0.159 0.001 0.106    0.063 0.119 0.044   --  
81500:    1.00    8.935    0.122 0.001 0.106    0.062 0.111 0.034   --  
81600:    1.00    8.615    0.154 0.001 0.093    0.057 0.089 0.036   --  
81700:    1.00    8.802    0.165 0.001 0.079    0.057 0.089 0.027   --  
81800:    1.00    8.798    0.154 0.001 0.079    0.059 0.097 0.030   --  
81900:    1.00    8.521    0.152 0.001 0.089    0.066 0.097 0.033   --  

--------------------------------------------
Proportion of membership of each pre-defined
 population in each of the 3 clusters

Given    Inferred Clusters       Number of
 Pop       1      2      3      Individuals

  1:     0.339  0.331  0.330      358
  2:     0.332  0.332  0.336      1039
  3:     0.330  0.337  0.333      603
--------------------------------------------

 Rep#:   Lambda   Alpha      F1    F2    F3     D1,2  D1,3  D2,3    Ln Like 
82000:    1.00    8.498    0.139 0.001 0.105    0.065 0.100 0.041   --  
82100:    1.00    8.322    0.129 0.001 0.139    0.050 0.098 0.047   --  
82200:    1.00    8.142    0.124 0.001 0.140    0.034 0.071 0.043   --  
82300:    1.00    8.447    0.114 0.001 0.153    0.044 0.083 0.047   --  
82400:    1.00    8.424    0.112 0.001 0.136    0.041 0.102 0.050   --  
82500:    1.00    8.456    0.124 0.001 0.113    0.041 0.115 0.064   --  
82600:    1.00    8.069    0.182 0.001 0.118    0.044 0.090 0.050   --  
82700:    1.00    7.737    0.142 0.001 0.117    0.048 0.103 0.056   --  
82800:    1.00    7.233    0.121 0.001 0.126    0.046 0.099 0.044   --  
82900:    1.00    7.701    0.119 0.001 0.111    0.046 0.104 0.048   --  

--------------------------------------------
Proportion of membership of each pre-defined
 population in each of the 3 clusters

Given    Inferred Clusters       Number of
 Pop       1      2      3      Individuals

  1:     0.335  0.334  0.331      358
  2:     0.337  0.332  0.331      1039
  3:     0.335  0.330  0.334      603
--------------------------------------------

 Rep#:   Lambda   Alpha      F1    F2    F3     D1,2  D1,3  D2,3    Ln Like 
83000:    1.00    7.702    0.116 0.001 0.121    0.045 0.103 0.043   --  
83100:    1.00    8.160    0.154 0.001 0.081    0.044 0.081 0.036   --  
83200:    1.00    8.185    0.151 0.001 0.136    0.046 0.093 0.042   --  
83300:    1.00    8.289    0.139 0.001 0.104    0.050 0.105 0.041   --  
83400:    1.00    7.965    0.101 0.001 0.133    0.042 0.097 0.045   --  
83500:    1.00    8.206    0.130 0.001 0.112    0.058 0.105 0.040   --  
83600:    1.00    8.066    0.143 0.001 0.129    0.056 0.103 0.036   --  
83700:    1.00    7.823    0.124 0.001 0.117    0.052 0.114 0.043   --  
83800:    1.00    8.059    0.148 0.001 0.132    0.058 0.127 0.060   --  
83900:    1.00    8.257    0.129 0.000 0.136    0.051 0.116 0.053   --  

--------------------------------------------
Proportion of membership of each pre-defined
 population in each of the 3 clusters

Given    Inferred Clusters       Number of
 Pop       1      2      3      Individuals

  1:     0.327  0.336  0.337      358
  2:     0.335  0.331  0.334      1039
  3:     0.338  0.332  0.330      603
--------------------------------------------

 Rep#:   Lambda   Alpha      F1    F2    F3     D1,2  D1,3  D2,3    Ln Like 
84000:    1.00    8.514    0.117 0.000 0.132    0.044 0.116 0.057   --  
84100:    1.00    8.652    0.097 0.000 0.162    0.042 0.115 0.067   --  
84200:    1.00    9.259    0.093 0.000 0.143    0.036 0.115 0.066   --  
84300:    1.00    9.389    0.089 0.000 0.116    0.030 0.091 0.052   --  
84400:    1.00    9.587    0.118 0.000 0.149    0.036 0.103 0.053   --  
84500:    1.00    9.651    0.130 0.000 0.117    0.044 0.120 0.049   --  
84600:    1.00    9.962    0.135 0.000 0.119    0.053 0.129 0.050   --  
84700:    1.00    9.687    0.109 0.000 0.134    0.047 0.122 0.047   --  
84800:    1.00    9.890    0.116 0.000 0.151    0.052 0.129 0.052   --  
84900:    1.00    9.698    0.141 0.000 0.114    0.052 0.120 0.048   --  

--------------------------------------------
Proportion of membership of each pre-defined
 population in each of the 3 clusters

Given    Inferred Clusters       Number of
 Pop       1      2      3      Individuals

  1:     0.335  0.322  0.343      358
  2:     0.337  0.329  0.334      1039
  3:     0.329  0.336  0.335      603
--------------------------------------------

 Rep#:   Lambda   Alpha      F1    F2    F3     D1,2  D1,3  D2,3    Ln Like 
85000:    1.00    9.438    0.136 0.000 0.179    0.053 0.122 0.062   --  
85100:    1.00    9.428    0.117 0.000 0.168    0.051 0.117 0.048   --  
85200:    1.00    9.791    0.126 0.000 0.135    0.052 0.124 0.049   --  
85300:    1.00    9.618    0.131 0.000 0.152    0.048 0.113 0.051   --  
85400:    1.00    9.497    0.129 0.000 0.164    0.045 0.100 0.048   --  
85500:    1.00    9.095    0.158 0.000 0.140    0.056 0.114 0.049   --  
85600:    1.00    8.971    0.142 0.000 0.132    0.057 0.113 0.042   --  
85700:    1.00    8.823    0.133 0.000 0.103    0.064 0.102 0.039   --  
85800:    1.00    9.108    0.154 0.000 0.135    0.058 0.125 0.047   --  
85900:    1.00    8.394    0.144 0.000 0.104    0.064 0.117 0.038   --  

--------------------------------------------
Proportion of membership of each pre-defined
 population in each of the 3 clusters

Given    Inferred Clusters       Number of
 Pop       1      2      3      Individuals

  1:     0.332  0.333  0.335      358
  2:     0.338  0.330  0.332      1039
  3:     0.330  0.336  0.334      603
--------------------------------------------

 Rep#:   Lambda   Alpha      F1    F2    F3     D1,2  D1,3  D2,3    Ln Like 
86000:    1.00    8.253    0.127 0.000 0.090    0.054 0.100 0.029   --  
86100:    1.00    8.101    0.147 0.001 0.088    0.059 0.113 0.034   --  
86200:    1.00    7.886    0.151 0.001 0.101    0.052 0.093 0.032   --  
86300:    1.00    8.128    0.124 0.001 0.101    0.052 0.109 0.048   --  
86400:    1.00    8.549    0.141 0.001 0.119    0.057 0.109 0.045   --  
86500:    1.00    8.456    0.152 0.001 0.125    0.057 0.119 0.050   --  
86600:    1.00    8.181    0.127 0.001 0.134    0.054 0.121 0.048   --  
86700:    1.00    8.726    0.159 0.000 0.165    0.074 0.158 0.058   --  
86800:    1.00    8.922    0.166 0.000 0.109    0.059 0.130 0.057   --  
86900:    1.00    9.122    0.155 0.000 0.189    0.063 0.145 0.059   --  

--------------------------------------------
Proportion of membership of each pre-defined
 population in each of the 3 clusters

Given    Inferred Clusters       Number of
 Pop       1      2      3      Individuals

  1:     0.330  0.330  0.340      358
  2:     0.334  0.329  0.337      1039
  3:     0.339  0.333  0.329      603
--------------------------------------------

 Rep#:   Lambda   Alpha      F1    F2    F3     D1,2  D1,3  D2,3    Ln Like 
87000:    1.00    8.988    0.166 0.000 0.186    0.048 0.134 0.059   --  
87100:    1.00    9.316    0.114 0.000 0.144    0.046 0.130 0.057   --  
87200:    1.00    9.410    0.147 0.000 0.167    0.054 0.132 0.061   --  
87300:    1.00    9.567    0.125 0.000 0.142    0.046 0.115 0.061   --  
87400:    1.00    9.990    0.128 0.000 0.115    0.042 0.107 0.062   --  
87500:    1.00    9.718    0.129 0.000 0.121    0.046 0.095 0.048   --  
87600:    1.00    9.575    0.145 0.001 0.164    0.045 0.096 0.050   --  
87700:    1.00    9.308    0.145 0.001 0.116    0.051 0.109 0.057   --  
87800:    1.00    9.010    0.158 0.001 0.112    0.052 0.103 0.062   --  
87900:    1.00    9.186    0.120 0.001 0.123    0.049 0.104 0.044   --  

--------------------------------------------
Proportion of membership of each pre-defined
 population in each of the 3 clusters

Given    Inferred Clusters       Number of
 Pop       1      2      3      Individuals

  1:     0.333  0.335  0.332      358
  2:     0.335  0.330  0.336      1039
  3:     0.324  0.339  0.336      603
--------------------------------------------

 Rep#:   Lambda   Alpha      F1    F2    F3     D1,2  D1,3  D2,3    Ln Like 
88000:    1.00    9.525    0.096 0.001 0.099    0.050 0.081 0.050   --  
88100:    1.00    9.993    0.127 0.001 0.157    0.046 0.113 0.052   --  
88200:    1.00    9.878    0.139 0.001 0.146    0.058 0.116 0.051   --  
88300:    1.00    9.468    0.139 0.001 0.119    0.068 0.122 0.050   --  
88400:    1.00    9.453    0.155 0.001 0.122    0.053 0.127 0.059   --  
88500:    1.00    9.578    0.131 0.001 0.104    0.051 0.108 0.042   --  
88600:    1.00    9.307    0.127 0.001 0.107    0.049 0.096 0.040   --  
88700:    1.00    9.052    0.130 0.001 0.134    0.038 0.105 0.052   --  
88800:    1.00    8.916    0.119 0.001 0.102    0.042 0.087 0.039   --  
88900:    1.00    8.902    0.118 0.001 0.106    0.045 0.093 0.034   --  

--------------------------------------------
Proportion of membership of each pre-defined
 population in each of the 3 clusters

Given    Inferred Clusters       Number of
 Pop       1      2      3      Individuals

  1:     0.329  0.329  0.342      358
  2:     0.333  0.333  0.334      1039
  3:     0.332  0.333  0.335      603
--------------------------------------------

 Rep#:   Lambda   Alpha      F1    F2    F3     D1,2  D1,3  D2,3    Ln Like 
89000:    1.00    9.017    0.105 0.001 0.104    0.045 0.096 0.036   --  
89100:    1.00    8.973    0.124 0.001 0.106    0.044 0.090 0.036   --  
89200:    1.00    8.504    0.120 0.001 0.141    0.038 0.097 0.051   --  
89300:    1.00    8.401    0.103 0.001 0.137    0.042 0.087 0.046   --  
89400:    1.00    8.795    0.138 0.001 0.103    0.050 0.097 0.041   --  
89500:    1.00    9.045    0.162 0.001 0.109    0.061 0.109 0.034   --  
89600:    1.00    8.812    0.170 0.001 0.118    0.062 0.101 0.037   --  
89700:    1.00    9.146    0.166 0.001 0.102    0.054 0.098 0.040   --  
89800:    1.00    9.152    0.131 0.001 0.105    0.040 0.091 0.051   --  
89900:    1.00    8.852    0.120 0.001 0.121    0.046 0.093 0.047   --  

--------------------------------------------
Proportion of membership of each pre-defined
 population in each of the 3 clusters

Given    Inferred Clusters       Number of
 Pop       1      2      3      Individuals

  1:     0.335  0.328  0.337      358
  2:     0.339  0.329  0.332      1039
  3:     0.333  0.337  0.330      603
--------------------------------------------

 Rep#:   Lambda   Alpha      F1    F2    F3     D1,2  D1,3  D2,3    Ln Like 
90000:    1.00    8.547    0.133 0.001 0.137    0.049 0.106 0.057   --  
90100:    1.00    8.308    0.142 0.001 0.134    0.044 0.107 0.056   --  
90200:    1.00    8.490    0.154 0.001 0.130    0.045 0.102 0.056   --  
90300:    1.00    8.484    0.121 0.001 0.122    0.048 0.093 0.050   --  
90400:    1.00    8.196    0.118 0.001 0.130    0.054 0.110 0.050   --  
90500:    1.00    8.430    0.141 0.001 0.119    0.055 0.113 0.058   --  
90600:    1.00    8.573    0.126 0.001 0.101    0.048 0.094 0.046   --  
90700:    1.00    8.240    0.116 0.001 0.107    0.042 0.112 0.061   --  
90800:    1.00    7.898    0.122 0.001 0.123    0.047 0.109 0.054   --  
90900:    1.00    7.495    0.114 0.001 0.095    0.042 0.083 0.038   --  

--------------------------------------------
Proportion of membership of each pre-defined
 population in each of the 3 clusters

Given    Inferred Clusters       Number of
 Pop       1      2      3      Individuals

  1:     0.321  0.340  0.339      358
  2:     0.338  0.329  0.332      1039
  3:     0.332  0.336  0.332      603
--------------------------------------------

 Rep#:   Lambda   Alpha      F1    F2    F3     D1,2  D1,3  D2,3    Ln Like 
91000:    1.00    7.395    0.113 0.001 0.112    0.045 0.099 0.035   --  
91100:    1.00    7.142    0.109 0.001 0.118    0.032 0.078 0.033   --  
91200:    1.00    7.103    0.082 0.001 0.098    0.034 0.070 0.033   --  
91300:    1.00    6.755    0.100 0.001 0.092    0.046 0.082 0.042   --  
91400:    1.00    6.604    0.161 0.001 0.095    0.048 0.090 0.033   --  
91500:    1.00    6.796    0.118 0.001 0.120    0.039 0.084 0.041   --  
91600:    1.00    7.050    0.077 0.001 0.114    0.038 0.088 0.045   --  
91700:    1.00    6.924    0.092 0.001 0.089    0.034 0.077 0.037   --  
91800:    1.00    6.945    0.086 0.001 0.091    0.030 0.073 0.040   --  
91900:    1.00    7.086    0.097 0.001 0.100    0.032 0.071 0.035   --  

--------------------------------------------
Proportion of membership of each pre-defined
 population in each of the 3 clusters

Given    Inferred Clusters       Number of
 Pop       1      2      3      Individuals

  1:     0.336  0.343  0.322      358
  2:     0.333  0.336  0.331      1039
  3:     0.326  0.337  0.336      603
--------------------------------------------

 Rep#:   Lambda   Alpha      F1    F2    F3     D1,2  D1,3  D2,3    Ln Like 
92000:    1.00    6.817    0.096 0.001 0.086    0.036 0.075 0.033   --  
92100:    1.00    7.032    0.075 0.001 0.067    0.030 0.067 0.037   --  
92200:    1.00    6.837    0.080 0.001 0.084    0.026 0.061 0.030   --  
92300:    1.00    6.730    0.063 0.001 0.078    0.021 0.054 0.028   --  
92400:    1.00    6.755    0.056 0.001 0.064    0.023 0.059 0.026   --  
92500:    1.00    6.476    0.071 0.001 0.086    0.026 0.061 0.026   --  
92600:    1.00    6.509    0.067 0.001 0.073    0.028 0.066 0.027   --  
92700:    1.00    6.969    0.069 0.001 0.049    0.026 0.057 0.022   --  
92800:    1.00    7.240    0.122 0.001 0.079    0.046 0.094 0.029   --  
92900:    1.00    7.351    0.106 0.001 0.087    0.040 0.083 0.028   --  

--------------------------------------------
Proportion of membership of each pre-defined
 population in each of the 3 clusters

Given    Inferred Clusters       Number of
 Pop       1      2      3      Individuals

  1:     0.336  0.331  0.333      358
  2:     0.336  0.331  0.333      1039
  3:     0.338  0.329  0.333      603
--------------------------------------------

 Rep#:   Lambda   Alpha      F1    F2    F3     D1,2  D1,3  D2,3    Ln Like 
93000:    1.00    7.361    0.139 0.001 0.085    0.043 0.085 0.029   --  
93100:    1.00    7.382    0.110 0.001 0.079    0.041 0.081 0.031   --  
93200:    1.00    7.103    0.135 0.001 0.070    0.051 0.088 0.032   --  
93300:    1.00    6.949    0.117 0.001 0.069    0.044 0.080 0.027   --  
93400:    1.00    7.241    0.110 0.001 0.117    0.046 0.108 0.044   --  
93500:    1.00    6.925    0.110 0.001 0.117    0.043 0.090 0.034   --  
93600:    1.00    7.019    0.142 0.001 0.093    0.050 0.095 0.036   --  
93700:    1.00    7.118    0.110 0.001 0.088    0.043 0.085 0.035   --  
93800:    1.00    7.293    0.113 0.001 0.070    0.048 0.084 0.027   --  
93900:    1.00    7.548    0.112 0.001 0.055    0.046 0.085 0.027   --  

--------------------------------------------
Proportion of membership of each pre-defined
 population in each of the 3 clusters

Given    Inferred Clusters       Number of
 Pop       1      2      3      Individuals

  1:     0.334  0.321  0.345      358
  2:     0.333  0.334  0.333      1039
  3:     0.338  0.332  0.329      603
--------------------------------------------

 Rep#:   Lambda   Alpha      F1    F2    F3     D1,2  D1,3  D2,3    Ln Like 
94000:    1.00    7.459    0.140 0.001 0.088    0.045 0.088 0.039   --  
94100:    1.00    7.395    0.137 0.001 0.109    0.051 0.113 0.051   --  
94200:    1.00    7.333    0.119 0.001 0.100    0.049 0.105 0.040   --  
94300:    1.00    7.591    0.100 0.001 0.133    0.049 0.108 0.051   --  
94400:    1.00    7.901    0.130 0.001 0.119    0.041 0.121 0.062   --  
94500:    1.00    8.113    0.163 0.001 0.136    0.057 0.117 0.044   --  
94600:    1.00    8.448    0.146 0.001 0.157    0.053 0.113 0.051   --  
94700:    1.00    8.287    0.174 0.001 0.121    0.068 0.118 0.043   --  
94800:    1.00    8.439    0.161 0.001 0.106    0.053 0.099 0.035   --  
94900:    1.00    8.392    0.122 0.001 0.107    0.049 0.096 0.030   --  

--------------------------------------------
Proportion of membership of each pre-defined
 population in each of the 3 clusters

Given    Inferred Clusters       Number of
 Pop       1      2      3      Individuals

  1:     0.326  0.330  0.344      358
  2:     0.330  0.335  0.335      1039
  3:     0.331  0.338  0.331      603
--------------------------------------------

 Rep#:   Lambda   Alpha      F1    F2    F3     D1,2  D1,3  D2,3    Ln Like 
95000:    1.00    8.586    0.136 0.001 0.103    0.043 0.084 0.036   --  
95100:    1.00    8.850    0.113 0.001 0.103    0.055 0.083 0.040   --  
95200:    1.00    9.004    0.110 0.001 0.120    0.058 0.096 0.040   --  
95300:    1.00    9.172    0.111 0.001 0.138    0.049 0.105 0.047   --  
95400:    1.00    8.995    0.139 0.001 0.126    0.048 0.112 0.053   --  
95500:    1.00    9.193    0.138 0.001 0.110    0.042 0.081 0.045   --  
95600:    1.00    8.932    0.092 0.001 0.112    0.044 0.094 0.055   --  
95700:    1.00    9.006    0.104 0.000 0.146    0.043 0.091 0.060   --  
95800:    1.00    8.761    0.115 0.000 0.125    0.033 0.091 0.057   --  
95900:    1.00    9.173    0.124 0.000 0.143    0.041 0.094 0.057   --  

--------------------------------------------
Proportion of membership of each pre-defined
 population in each of the 3 clusters

Given    Inferred Clusters       Number of
 Pop       1      2      3      Individuals

  1:     0.331  0.335  0.335      358
  2:     0.337  0.333  0.330      1039
  3:     0.335  0.332  0.333      603
--------------------------------------------

 Rep#:   Lambda   Alpha      F1    F2    F3     D1,2  D1,3  D2,3    Ln Like 
96000:    1.00    9.137    0.119 0.000 0.103    0.049 0.100 0.045   --  
96100:    1.00    9.290    0.136 0.000 0.117    0.050 0.110 0.039   --  
96200:    1.00    9.492    0.119 0.000 0.098    0.045 0.093 0.040   --  
96300:    1.00    9.344    0.124 0.000 0.102    0.035 0.068 0.038   --  
96400:    1.00    9.675    0.098 0.000 0.116    0.040 0.101 0.047   --  
96500:    1.00    9.191    0.167 0.000 0.141    0.049 0.111 0.048   --  
96600:    1.00    9.238    0.150 0.000 0.111    0.046 0.111 0.046   --  
96700:    1.00    9.510    0.123 0.000 0.123    0.054 0.118 0.044   --  
96800:    1.00    9.172    0.136 0.000 0.106    0.054 0.104 0.040   --  
96900:    1.00    9.341    0.108 0.000 0.121    0.049 0.104 0.042   --  

--------------------------------------------
Proportion of membership of each pre-defined
 population in each of the 3 clusters

Given    Inferred Clusters       Number of
 Pop       1      2      3      Individuals

  1:     0.326  0.333  0.340      358
  2:     0.332  0.335  0.334      1039
  3:     0.336  0.331  0.334      603
--------------------------------------------

 Rep#:   Lambda   Alpha      F1    F2    F3     D1,2  D1,3  D2,3    Ln Like 
97000:    1.00    9.564    0.125 0.000 0.139    0.057 0.118 0.052   --  
97100:    1.00    9.639    0.112 0.000 0.113    0.047 0.106 0.059   --  
97200:    1.00    9.762    0.071 0.000 0.128    0.038 0.089 0.050   --  
97300:    1.00    9.959    0.095 0.000 0.128    0.037 0.087 0.044   --  
97400:    1.00    9.969    0.111 0.000 0.120    0.043 0.097 0.046   --  
97500:    1.00    9.886    0.120 0.000 0.096    0.051 0.104 0.044   --  
97600:    1.00    9.885    0.124 0.000 0.107    0.052 0.114 0.056   --  
97700:    1.00    9.807    0.111 0.000 0.123    0.044 0.089 0.048   --  
97800:    1.00    9.482    0.093 0.000 0.115    0.053 0.110 0.048   --  
97900:    1.00    9.426    0.150 0.000 0.134    0.043 0.080 0.046   --  

--------------------------------------------
Proportion of membership of each pre-defined
 population in each of the 3 clusters

Given    Inferred Clusters       Number of
 Pop       1      2      3      Individuals

  1:     0.333  0.335  0.332      358
  2:     0.338  0.330  0.332      1039
  3:     0.335  0.334  0.331      603
--------------------------------------------

 Rep#:   Lambda   Alpha      F1    F2    F3     D1,2  D1,3  D2,3    Ln Like 
98000:    1.00    9.598    0.129 0.000 0.110    0.048 0.100 0.048   --  
98100:    1.00    9.818    0.148 0.000 0.124    0.048 0.093 0.054   --  
98200:    1.00    9.606    0.144 0.000 0.126    0.056 0.116 0.053   --  
98300:    1.00    9.586    0.173 0.000 0.123    0.053 0.116 0.055   --  
98400:    1.00    9.513    0.140 0.000 0.104    0.049 0.095 0.045   --  
98500:    1.00    9.676    0.176 0.000 0.122    0.066 0.131 0.048   --  
98600:    1.00    9.809    0.153 0.000 0.111    0.052 0.102 0.045   --  
98700:    1.00    9.848    0.155 0.000 0.123    0.063 0.097 0.045   --  
98800:    1.00    9.633    0.130 0.000 0.134    0.051 0.106 0.047   --  
98900:    1.00    9.338    0.112 0.000 0.099    0.051 0.115 0.048   --  

--------------------------------------------
Proportion of membership of each pre-defined
 population in each of the 3 clusters

Given    Inferred Clusters       Number of
 Pop       1      2      3      Individuals

  1:     0.334  0.331  0.335      358
  2:     0.338  0.326  0.336      1039
  3:     0.332  0.335  0.333      603
--------------------------------------------

 Rep#:   Lambda   Alpha      F1    F2    F3     D1,2  D1,3  D2,3    Ln Like 
99000:    1.00    9.349    0.140 0.000 0.180    0.045 0.112 0.055   --  
99100:    1.00    9.239    0.130 0.000 0.136    0.050 0.092 0.045   --  
99200:    1.00    9.299    0.171 0.000 0.157    0.065 0.107 0.042   --  
99300:    1.00    9.435    0.150 0.000 0.153    0.061 0.133 0.057   --  
99400:    1.00    9.592    0.181 0.000 0.128    0.062 0.105 0.041   --  
99500:    1.00    9.260    0.201 0.000 0.105    0.065 0.105 0.052   --  
99600:    1.00    9.635    0.216 0.000 0.107    0.076 0.121 0.051   --  
99700:    1.00    9.968    0.198 0.000 0.098    0.069 0.120 0.058   --  
99800:    1.00    9.945    0.132 0.000 0.129    0.066 0.114 0.046   --  
99900:    1.00    9.697    0.154 0.000 0.105    0.056 0.107 0.047   --  
100000:    1.00    9.734    0.192 0.000 0.108    0.066 0.107 0.052   --  

BURNIN completed
  Rep#:   Lambda   Alpha      F1    F2    F3     D1,2  D1,3  D2,3    Ln Like  Est Ln P(D)
100100:    1.00    9.415    0.174 0.001 0.097    0.076 0.138 0.046   -125357    0 
100200:    1.00    9.188    0.173 0.001 0.106    0.083 0.142 0.045   -125367    0 
100300:    1.00    9.144    0.157 0.001 0.101    0.062 0.101 0.036   -125396    0 
100400:    1.00    9.075    0.153 0.001 0.096    0.062 0.113 0.042   -125376    0 
100500:    1.00    8.800    0.176 0.001 0.113    0.059 0.113 0.040   -125346    0 
100600:    1.00    8.917    0.180 0.001 0.096    0.059 0.114 0.038   -125345    0 
100700:    1.00    9.352    0.157 0.001 0.102    0.058 0.103 0.034   -125367    0 
100800:    1.00    9.493    0.149 0.001 0.110    0.057 0.125 0.043   -125365    0 
100900:    1.00    9.155    0.137 0.001 0.107    0.051 0.101 0.035   -125382    0 

--------------------------------------------
Proportion of membership of each pre-defined
 population in each of the 3 clusters

Given    Inferred Clusters       Number of
 Pop       1      2      3      Individuals

  1:     0.334  0.338  0.328      358
  2:     0.337  0.336  0.328      1039
  3:     0.330  0.334  0.336      603
--------------------------------------------

  Rep#:   Lambda   Alpha      F1    F2    F3     D1,2  D1,3  D2,3    Ln Like  Est Ln P(D)
101000:    1.00    9.689    0.168 0.001 0.084    0.051 0.091 0.029   -125392    0 
101100:    1.00    9.575    0.161 0.001 0.083    0.053 0.101 0.032   -125411    0 
101200:    1.00    9.768    0.142 0.000 0.104    0.047 0.087 0.031   -125401    0 
101300:    1.00    9.780    0.140 0.000 0.090    0.052 0.103 0.036   -125393    0 
101400:    1.00    9.651    0.157 0.000 0.114    0.052 0.125 0.051   -125402    0 
101500:    1.00    9.448    0.171 0.000 0.141    0.062 0.111 0.039   -125335    0 
101600:    1.00    9.676    0.103 0.000 0.130    0.055 0.119 0.045   -125377    0 
101700:    1.00    9.611    0.107 0.000 0.186    0.064 0.140 0.058   -125259    0 
101800:    1.00    9.989    0.122 0.000 0.133    0.051 0.134 0.061   -125362    0 
101900:    1.00    9.698    0.119 0.000 0.170    0.051 0.136 0.064   -125318    0 

--------------------------------------------
Proportion of membership of each pre-defined
 population in each of the 3 clusters

Given    Inferred Clusters       Number of
 Pop       1      2      3      Individuals

  1:     0.330  0.336  0.334      358
  2:     0.331  0.333  0.336      1039
  3:     0.332  0.334  0.334      603
--------------------------------------------

  Rep#:   Lambda   Alpha      F1    F2    F3     D1,2  D1,3  D2,3    Ln Like  Est Ln P(D)
102000:    1.00    9.227    0.099 0.000 0.162    0.053 0.128 0.065   -125360    0 
102100:    1.00    9.472    0.127 0.000 0.138    0.044 0.115 0.059   -125340    0 
102200:    1.00    9.193    0.151 0.000 0.149    0.038 0.101 0.048   -125345    0 
102300:    1.00    8.982    0.114 0.000 0.140    0.042 0.104 0.055   -125342    0 
102400:    1.00    8.981    0.118 0.000 0.107    0.046 0.093 0.053   -125380    0 
102500:    1.00    9.038    0.148 0.000 0.120    0.047 0.121 0.061   -125313    0 
102600:    1.00    9.415    0.149 0.000 0.152    0.047 0.121 0.062   -125312    0 
102700:    1.00    9.342    0.127 0.000 0.130    0.037 0.098 0.056   -125387    0 
102800:    1.00    9.293    0.126 0.000 0.129    0.047 0.116 0.053   -125321    0 
102900:    1.00    9.309    0.114 0.000 0.128    0.054 0.104 0.041   -125321    0 

--------------------------------------------
Proportion of membership of each pre-defined
 population in each of the 3 clusters

Given    Inferred Clusters       Number of
 Pop       1      2      3      Individuals

  1:     0.336  0.330  0.333      358
  2:     0.334  0.331  0.334      1039
  3:     0.332  0.328  0.339      603
--------------------------------------------

  Rep#:   Lambda   Alpha      F1    F2    F3     D1,2  D1,3  D2,3    Ln Like  Est Ln P(D)
103000:    1.00    9.296    0.147 0.000 0.151    0.055 0.123 0.057   -125298    0 
103100:    1.00    9.048    0.131 0.000 0.150    0.070 0.134 0.052   -125285    0 
103200:    1.00    9.310    0.157 0.000 0.148    0.065 0.138 0.054   -125289    0 
103300:    1.00    9.333    0.134 0.000 0.118    0.059 0.120 0.055   -125302    0 
103400:    1.00    9.659    0.142 0.000 0.103    0.047 0.087 0.048   -125453    0 
103500:    1.00    9.734    0.146 0.000 0.111    0.047 0.103 0.048   -125429    0 
103600:    1.00    9.561    0.161 0.000 0.117    0.053 0.101 0.044   -125321    0 
103700:    1.00    9.597    0.119 0.000 0.102    0.051 0.110 0.042   -125352    0 
103800:    1.00    9.275    0.127 0.000 0.117    0.050 0.107 0.051   -125327    0 
103900:    1.00    9.065    0.139 0.000 0.099    0.050 0.105 0.052   -125357    0 

--------------------------------------------
Proportion of membership of each pre-defined
 population in each of the 3 clusters

Given    Inferred Clusters       Number of
 Pop       1      2      3      Individuals

  1:     0.328  0.332  0.340      358
  2:     0.334  0.333  0.333      1039
  3:     0.337  0.325  0.338      603
--------------------------------------------

  Rep#:   Lambda   Alpha      F1    F2    F3     D1,2  D1,3  D2,3    Ln Like  Est Ln P(D)
104000:    1.00    9.137    0.122 0.000 0.141    0.057 0.133 0.061   -125267    0 
104100:    1.00    9.404    0.157 0.000 0.141    0.064 0.121 0.051   -125323    0 
104200:    1.00    9.319    0.153 0.000 0.129    0.066 0.140 0.054   -125322    0 
104300:    1.00    9.459    0.184 0.000 0.140    0.079 0.159 0.053   -125257    0 
104400:    1.00    9.450    0.128 0.000 0.122    0.069 0.118 0.046   -125335    0 
104500:    1.00    9.255    0.152 0.000 0.111    0.064 0.128 0.051   -125356    0 
104600:    1.00    9.385    0.156 0.000 0.129    0.055 0.128 0.054   -125310    0 
104700:    1.00    9.912    0.158 0.000 0.126    0.056 0.120 0.062   -125308    0 
104800:    1.00    9.777    0.138 0.000 0.113    0.041 0.117 0.069   -125324    0 
104900:    1.00    9.953    0.124 0.000 0.181    0.044 0.114 0.061   -125379    0 

--------------------------------------------
Proportion of membership of each pre-defined
 population in each of the 3 clusters

Given    Inferred Clusters       Number of
 Pop       1      2      3      Individuals

  1:     0.333  0.330  0.337      358
  2:     0.334  0.332  0.334      1039
  3:     0.338  0.334  0.328      603
--------------------------------------------

  Rep#:   Lambda   Alpha      F1    F2    F3     D1,2  D1,3  D2,3    Ln Like  Est Ln P(D)
105000:    1.00    9.522    0.125 0.000 0.157    0.040 0.110 0.062   -125331    0 
105100:    1.00    9.813    0.093 0.000 0.134    0.041 0.107 0.054   -125415    0 
105200:    1.00    9.741    0.142 0.000 0.157    0.046 0.131 0.067   -125345    0 
105300:    1.00    9.988    0.107 0.000 0.107    0.043 0.113 0.061   -125370    0 
105400:    1.00    9.873    0.096 0.000 0.143    0.037 0.114 0.068   -125380    0 
105500:    1.00    9.698    0.095 0.000 0.150    0.032 0.105 0.060   -125379    0 
105600:    1.00    9.958    0.077 0.000 0.132    0.034 0.092 0.052   -125412    0 
105700:    1.00    9.960    0.101 0.000 0.145    0.046 0.108 0.053   -125410    0 
105800:    1.00    9.902    0.089 0.000 0.120    0.041 0.092 0.042   -125468    0 
105900:    1.00    9.829    0.121 0.000 0.095    0.062 0.111 0.037   -125424    0 

--------------------------------------------
Proportion of membership of each pre-defined
 population in each of the 3 clusters

Given    Inferred Clusters       Number of
 Pop       1      2      3      Individuals

  1:     0.329  0.334  0.337      358
  2:     0.335  0.337  0.329      1039
  3:     0.332  0.336  0.332      603
--------------------------------------------

  Rep#:   Lambda   Alpha      F1    F2    F3     D1,2  D1,3  D2,3    Ln Like  Est Ln P(D)
106000:    1.00    9.673    0.142 0.000 0.077    0.066 0.094 0.037   -125449    0 
106100:    1.00    9.458    0.146 0.000 0.108    0.063 0.104 0.035   -125408    0 
106200:    1.00    9.499    0.151 0.000 0.083    0.061 0.096 0.031   -125416    0 
106300:    1.00    9.950    0.161 0.000 0.096    0.073 0.113 0.038   -125439    0 
106400:    1.00    9.944    0.152 0.000 0.107    0.081 0.111 0.039   -125372    0 
106500:    1.00    9.981    0.161 0.000 0.123    0.080 0.113 0.041   -125408    0 
106600:    1.00    9.898    0.205 0.000 0.125    0.053 0.082 0.045   -125417    0 
106700:    1.00    9.879    0.168 0.000 0.143    0.051 0.099 0.049   -125392    0 
106800:    1.00    9.581    0.147 0.000 0.121    0.052 0.108 0.056   -125426    0 
106900:    1.00    9.184    0.138 0.000 0.122    0.046 0.117 0.055   -125357    0 

--------------------------------------------
Proportion of membership of each pre-defined
 population in each of the 3 clusters

Given    Inferred Clusters       Number of
 Pop       1      2      3      Individuals

  1:     0.322  0.337  0.341      358
  2:     0.328  0.335  0.337      1039
  3:     0.334  0.332  0.334      603
--------------------------------------------

  Rep#:   Lambda   Alpha      F1    F2    F3     D1,2  D1,3  D2,3    Ln Like  Est Ln P(D)
107000:    1.00    8.927    0.092 0.000 0.110    0.048 0.102 0.041   -125401    0 
107100:    1.00    9.219    0.128 0.000 0.104    0.047 0.094 0.040   -125401    0 
107200:    1.00    9.230    0.123 0.000 0.095    0.049 0.089 0.032   -125374    0 
107300:    1.00    9.324    0.106 0.000 0.070    0.048 0.071 0.027   -125416    0 
107400:    1.00    8.888    0.139 0.000 0.095    0.065 0.107 0.038   -125345    0 
107500:    1.00    8.694    0.117 0.000 0.084    0.053 0.102 0.040   -125344    0 
107600:    1.00    8.735    0.128 0.000 0.099    0.054 0.096 0.029   -125424    0 
107700:    1.00    8.922    0.123 0.000 0.074    0.053 0.067 0.027   -125440    0 
107800:    1.00    9.272    0.137 0.000 0.058    0.052 0.069 0.023   -125486    0 
107900:    1.00    9.107    0.151 0.000 0.061    0.065 0.102 0.017   -125444    0 

--------------------------------------------
Proportion of membership of each pre-defined
 population in each of the 3 clusters

Given    Inferred Clusters       Number of
 Pop       1      2      3      Individuals

  1:     0.335  0.331  0.334      358
  2:     0.339  0.330  0.331      1039
  3:     0.331  0.330  0.339      603
--------------------------------------------

  Rep#:   Lambda   Alpha      F1    F2    F3     D1,2  D1,3  D2,3    Ln Like  Est Ln P(D)
108000:    1.00    8.805    0.138 0.000 0.080    0.056 0.101 0.025   -125405    0 
108100:    1.00    8.222    0.118 0.000 0.094    0.049 0.091 0.030   -125373    0 
108200:    1.00    8.235    0.121 0.000 0.113    0.050 0.089 0.034   -125447    0 
108300:    1.00    8.266    0.135 0.000 0.104    0.044 0.081 0.031   -125389    0 
108400:    1.00    8.569    0.108 0.000 0.118    0.042 0.092 0.043   -125426    0 
108500:    1.00    8.857    0.132 0.000 0.088    0.043 0.072 0.040   -125345    0 
108600:    1.00    8.800    0.127 0.000 0.082    0.055 0.082 0.033   -125375    0 
108700:    1.00    8.964    0.116 0.000 0.092    0.060 0.105 0.041   -125322    0 
108800:    1.00    9.132    0.131 0.000 0.089    0.047 0.080 0.041   -125379    0 
108900:    1.00    9.330    0.152 0.000 0.123    0.056 0.096 0.041   -125356    0 

--------------------------------------------
Proportion of membership of each pre-defined
 population in each of the 3 clusters

Given    Inferred Clusters       Number of
 Pop       1      2      3      Individuals

  1:     0.332  0.329  0.338      358
  2:     0.335  0.332  0.333      1039
  3:     0.333  0.336  0.332      603
--------------------------------------------

  Rep#:   Lambda   Alpha      F1    F2    F3     D1,2  D1,3  D2,3    Ln Like  Est Ln P(D)
109000:    1.00    8.972    0.152 0.000 0.137    0.061 0.120 0.052   -125375    0 
109100:    1.00    9.301    0.125 0.000 0.118    0.049 0.091 0.042   -125322    0 
109200:    1.00    9.159    0.134 0.000 0.103    0.053 0.090 0.045   -125393    0 
109300:    1.00    8.868    0.152 0.000 0.099    0.057 0.093 0.058   -125291    0 
109400:    1.00    8.439    0.168 0.000 0.125    0.067 0.120 0.054   -125283    0 
109500:    1.00    8.400    0.129 0.000 0.117    0.049 0.106 0.055   -125322    0 
109600:    1.00    8.447    0.109 0.000 0.171    0.048 0.113 0.054   -125250    0 
109700:    1.00    8.454    0.139 0.000 0.162    0.055 0.137 0.068   -125293    0 
109800:    1.00    8.597    0.121 0.000 0.179    0.047 0.134 0.077   -125225    0 
109900:    1.00    8.783    0.145 0.000 0.184    0.047 0.131 0.067   -125244    0 

--------------------------------------------
Proportion of membership of each pre-defined
 population in each of the 3 clusters

Given    Inferred Clusters       Number of
 Pop       1      2      3      Individuals

  1:     0.332  0.332  0.336      358
  2:     0.333  0.330  0.337      1039
  3:     0.333  0.336  0.331      603
--------------------------------------------

  Rep#:   Lambda   Alpha      F1    F2    F3     D1,2  D1,3  D2,3    Ln Like  Est Ln P(D)
110000:    1.00    8.750    0.170 0.000 0.124    0.055 0.120 0.056   -125268    0 
110100:    1.00    8.704    0.210 0.000 0.129    0.058 0.117 0.059   -125289    0 
110200:    1.00    8.272    0.196 0.000 0.151    0.057 0.122 0.058   -125284    0 
110300:    1.00    8.847    0.153 0.000 0.150    0.055 0.109 0.045   -125293    0 
110400:    1.00    9.072    0.151 0.000 0.147    0.048 0.113 0.054   -125304    0 
110500:    1.00    8.694    0.162 0.000 0.131    0.055 0.106 0.044   -125303    0 
110600:    1.00    8.724    0.143 0.000 0.106    0.052 0.105 0.041   -125352    0 
110700:    1.00    8.509    0.169 0.000 0.083    0.052 0.099 0.039   -125333    0 
110800:    1.00    8.587    0.196 0.000 0.069    0.063 0.104 0.028   -125341    0 
110900:    1.00    8.260    0.193 0.000 0.108    0.068 0.115 0.033   -125323    0 

--------------------------------------------
Proportion of membership of each pre-defined
 population in each of the 3 clusters

Given    Inferred Clusters       Number of
 Pop       1      2      3      Individuals

  1:     0.331  0.333  0.336      358
  2:     0.332  0.329  0.339      1039
  3:     0.329  0.336  0.336      603
--------------------------------------------

  Rep#:   Lambda   Alpha      F1    F2    F3     D1,2  D1,3  D2,3    Ln Like  Est Ln P(D)
111000:    1.00    8.107    0.169 0.000 0.067    0.050 0.079 0.026   -125419    0 
111100:    1.00    7.953    0.178 0.000 0.067    0.064 0.112 0.028   -125371    0 
111200:    1.00    7.924    0.161 0.000 0.072    0.061 0.107 0.030   -125370    0 
111300:    1.00    7.838    0.160 0.000 0.064    0.054 0.092 0.030   -125392    0 
111400:    1.00    7.685    0.125 0.000 0.068    0.050 0.092 0.029   -125316    0 
111500:    1.00    7.684    0.110 0.000 0.064    0.052 0.082 0.023   -125375    0 
111600:    1.00    7.609    0.158 0.000 0.070    0.049 0.078 0.024   -125388    0 
111700:    1.00    7.871    0.164 0.000 0.059    0.062 0.090 0.022   -125377    0 
111800:    1.00    7.847    0.166 0.000 0.077    0.066 0.085 0.022   -125358    0 
111900:    1.00    8.073    0.145 0.000 0.079    0.063 0.083 0.028   -125326    0 

--------------------------------------------
Proportion of membership of each pre-defined
 population in each of the 3 clusters

Given    Inferred Clusters       Number of
 Pop       1      2      3      Individuals

  1:     0.327  0.337  0.335      358
  2:     0.335  0.333  0.333      1039
  3:     0.330  0.337  0.333      603
--------------------------------------------

  Rep#:   Lambda   Alpha      F1    F2    F3     D1,2  D1,3  D2,3    Ln Like  Est Ln P(D)
112000:    1.00    7.965    0.172 0.000 0.093    0.057 0.085 0.037   -125326    0 
112100:    1.00    8.083    0.158 0.000 0.099    0.058 0.105 0.044   -125286    0 
112200:    1.00    8.082    0.131 0.000 0.139    0.059 0.108 0.051   -125349    0 
112300:    1.00    8.404    0.163 0.000 0.183    0.069 0.137 0.055   -125312    0 
112400:    1.00    8.637    0.151 0.000 0.161    0.078 0.157 0.066   -125280    0 
112500:    1.00    8.888    0.145 0.000 0.127    0.065 0.120 0.054   -125288    0 
112600:    1.00    8.993    0.120 0.000 0.105    0.057 0.107 0.050   -125379    0 
112700:    1.00    8.827    0.119 0.000 0.128    0.058 0.106 0.044   -125339    0 
112800:    1.00    8.573    0.181 0.000 0.116    0.060 0.113 0.048   -125334    0 
112900:    1.00    8.999    0.155 0.000 0.129    0.051 0.097 0.042   -125396    0 

--------------------------------------------
Proportion of membership of each pre-defined
 population in each of the 3 clusters

Given    Inferred Clusters       Number of
 Pop       1      2      3      Individuals

  1:     0.332  0.338  0.331      358
  2:     0.330  0.336  0.334      1039
  3:     0.332  0.331  0.337      603
--------------------------------------------

  Rep#:   Lambda   Alpha      F1    F2    F3     D1,2  D1,3  D2,3    Ln Like  Est Ln P(D)
113000:    1.00    8.685    0.126 0.000 0.132    0.046 0.101 0.048   -125358    0 
113100:    1.00    9.021    0.129 0.000 0.108    0.051 0.113 0.047   -125360    0 
113200:    1.00    8.971    0.114 0.000 0.091    0.048 0.078 0.034   -125419    0 
113300:    1.00    9.241    0.098 0.000 0.115    0.038 0.082 0.046   -125365    0 
113400:    1.00    9.424    0.094 0.000 0.149    0.037 0.078 0.041   -125450    0 
113500:    1.00    9.402    0.069 0.000 0.121    0.034 0.091 0.051   -125387    0 
113600:    1.00    9.644    0.088 0.000 0.153    0.040 0.119 0.057   -125382    0 
113700:    1.00    9.756    0.088 0.000 0.165    0.036 0.115 0.053   -125412    0 
113800:    1.00    9.667    0.087 0.000 0.177    0.037 0.124 0.067   -125350    0 
113900:    1.00    9.859    0.071 0.000 0.137    0.036 0.122 0.064   -125343    0 

--------------------------------------------
Proportion of membership of each pre-defined
 population in each of the 3 clusters

Given    Inferred Clusters       Number of
 Pop       1      2      3      Individuals

  1:     0.326  0.335  0.339      358
  2:     0.337  0.333  0.330      1039
  3:     0.330  0.330  0.340      603
--------------------------------------------

  Rep#:   Lambda   Alpha      F1    F2    F3     D1,2  D1,3  D2,3    Ln Like  Est Ln P(D)
114000:    1.00    9.908    0.111 0.000 0.115    0.036 0.096 0.054   -125303    0 
114100:    1.00    9.876    0.089 0.000 0.146    0.033 0.103 0.061   -125419    0 
114200:    1.00    9.715    0.073 0.000 0.123    0.032 0.092 0.058   -125432    0 
114300:    1.00    9.575    0.051 0.000 0.133    0.021 0.075 0.062   -125375    0 
114400:    1.00    9.442    0.061 0.000 0.159    0.024 0.086 0.068   -125427    0 
114500:    1.00    9.461    0.079 0.000 0.161    0.024 0.080 0.059   -125478    0 
114600:    1.00    9.702    0.053 0.000 0.174    0.019 0.067 0.054   -125438    0 
114700:    1.00    9.780    0.061 0.000 0.150    0.015 0.077 0.061   -125482    0 
114800:    1.00    9.897    0.067 0.000 0.217    0.024 0.091 0.064   -125445    0 
114900:    1.00    9.402    0.067 0.000 0.171    0.026 0.106 0.075   -125429    0 

--------------------------------------------
Proportion of membership of each pre-defined
 population in each of the 3 clusters

Given    Inferred Clusters       Number of
 Pop       1      2      3      Individuals

  1:     0.333  0.331  0.336      358
  2:     0.336  0.333  0.331      1039
  3:     0.334  0.336  0.331      603
--------------------------------------------

  Rep#:   Lambda   Alpha      F1    F2    F3     D1,2  D1,3  D2,3    Ln Like  Est Ln P(D)
115000:    1.00    9.567    0.081 0.000 0.148    0.030 0.104 0.069   -125397    0 
115100:    1.00    9.714    0.059 0.000 0.183    0.025 0.110 0.077   -125404    0 
115200:    1.00    9.835    0.072 0.000 0.246    0.025 0.107 0.070   -125404    0 
115300:    1.00    9.694    0.068 0.000 0.183    0.027 0.092 0.062   -125416    0 
115400:    1.00    9.452    0.070 0.000 0.151    0.023 0.089 0.061   -125426    0 
115500:    1.00    9.533    0.088 0.000 0.163    0.027 0.109 0.059   -125410    0 
115600:    1.00    9.527    0.064 0.000 0.111    0.029 0.103 0.050   -125377    0 
115700:    1.00    9.709    0.053 0.000 0.125    0.023 0.075 0.043   -125464    0 
115800:    1.00    9.469    0.078 0.000 0.155    0.029 0.107 0.051   -125431    0 
115900:    1.00    9.800    0.073 0.000 0.136    0.030 0.090 0.042   -125455    0 

--------------------------------------------
Proportion of membership of each pre-defined
 population in each of the 3 clusters

Given    Inferred Clusters       Number of
 Pop       1      2      3      Individuals

  1:     0.332  0.326  0.342      358
  2:     0.333  0.333  0.335      1039
  3:     0.333  0.335  0.331      603
--------------------------------------------

  Rep#:   Lambda   Alpha      F1    F2    F3     D1,2  D1,3  D2,3    Ln Like  Est Ln P(D)
116000:    1.00    9.962    0.067 0.000 0.103    0.026 0.071 0.038   -125483    0 
116100:    1.00    9.728    0.096 0.000 0.124    0.038 0.100 0.050   -125395    0 
116200:    1.00    9.928    0.080 0.000 0.145    0.031 0.097 0.047   -125420    0 
116300:    1.00    9.718    0.097 0.000 0.129    0.039 0.122 0.059   -125401    0 
116400:    1.00    9.833    0.151 0.000 0.170    0.042 0.089 0.047   -125382    0 
116500:    1.00    9.906    0.103 0.000 0.150    0.043 0.098 0.052   -125411    0 
116600:    1.00    9.972    0.082 0.000 0.115    0.036 0.094 0.042   -125440    0 
116700:    1.00    9.899    0.113 0.000 0.116    0.046 0.094 0.035   -125393    0 
116800:    1.00    9.940    0.095 0.000 0.086    0.049 0.099 0.041   -125417    0 
116900:    1.00    9.800    0.128 0.000 0.107    0.041 0.108 0.050   -125347    0 

--------------------------------------------
Proportion of membership of each pre-defined
 population in each of the 3 clusters

Given    Inferred Clusters       Number of
 Pop       1      2      3      Individuals

  1:     0.331  0.331  0.338      358
  2:     0.339  0.331  0.330      1039
  3:     0.336  0.333  0.331      603
--------------------------------------------

  Rep#:   Lambda   Alpha      F1    F2    F3     D1,2  D1,3  D2,3    Ln Like  Est Ln P(D)
117000:    1.00    9.496    0.144 0.000 0.124    0.047 0.113 0.041   -125394    0 
117100:    1.00    9.713    0.121 0.000 0.082    0.042 0.095 0.039   -125420    0 
117200:    1.00    9.991    0.159 0.000 0.100    0.049 0.126 0.048   -125448    0 
117300:    1.00    9.706    0.115 0.000 0.107    0.048 0.118 0.044   -125378    0 
117400:    1.00    9.992    0.112 0.000 0.115    0.047 0.132 0.052   -125412    0 
117500:    1.00    9.782    0.114 0.000 0.088    0.052 0.118 0.044   -125419    0 
117600:    1.00    9.276    0.136 0.000 0.101    0.045 0.100 0.038   -125397    0 
117700:    1.00    9.271    0.102 0.000 0.133    0.047 0.107 0.045   -125348    0 
117800:    1.00    9.275    0.137 0.000 0.079    0.057 0.115 0.041   -125346    0 
117900:    1.00    9.096    0.120 0.000 0.106    0.052 0.112 0.040   -125353    0 

--------------------------------------------
Proportion of membership of each pre-defined
 population in each of the 3 clusters

Given    Inferred Clusters       Number of
 Pop       1      2      3      Individuals

  1:     0.342  0.327  0.331      358
  2:     0.336  0.334  0.329      1039
  3:     0.334  0.334  0.332      603
--------------------------------------------

  Rep#:   Lambda   Alpha      F1    F2    F3     D1,2  D1,3  D2,3    Ln Like  Est Ln P(D)
118000:    1.00    8.688    0.125 0.000 0.102    0.052 0.103 0.043   -125313    0 
118100:    1.00    8.709    0.129 0.000 0.086    0.061 0.103 0.036   -125328    0 
118200:    1.00    8.924    0.146 0.000 0.129    0.056 0.123 0.044   -125343    0 
118300:    1.00    9.086    0.125 0.000 0.141    0.047 0.107 0.036   -125398    0 
118400:    1.00    9.028    0.136 0.000 0.081    0.045 0.098 0.036   -125367    0 
118500:    1.00    8.845    0.128 0.000 0.085    0.061 0.113 0.032   -125377    0 
118600:    1.00    8.885    0.113 0.000 0.094    0.050 0.093 0.034   -125392    0 
118700:    1.00    9.100    0.126 0.000 0.074    0.048 0.092 0.028   -125436    0 
118800:    1.00    9.078    0.130 0.000 0.075    0.043 0.079 0.031   -125431    0 
118900:    1.00    9.011    0.131 0.000 0.066    0.052 0.107 0.038   -125392    0 

--------------------------------------------
Proportion of membership of each pre-defined
 population in each of the 3 clusters

Given    Inferred Clusters       Number of
 Pop       1      2      3      Individuals

  1:     0.342  0.327  0.332      358
  2:     0.331  0.333  0.336      1039
  3:     0.334  0.330  0.336      603
--------------------------------------------

  Rep#:   Lambda   Alpha      F1    F2    F3     D1,2  D1,3  D2,3    Ln Like  Est Ln P(D)
119000:    1.00    9.200    0.156 0.000 0.112    0.062 0.123 0.038   -125385    0 
119100:    1.00    9.192    0.121 0.000 0.089    0.052 0.111 0.041   -125355    0 
119200:    1.00    9.358    0.136 0.000 0.083    0.046 0.103 0.040   -125409    0 
119300:    1.00    9.753    0.113 0.000 0.069    0.040 0.088 0.035   -125473    0 
119400:    1.00    9.309    0.125 0.000 0.069    0.047 0.092 0.031   -125434    0 
119500:    1.00    9.482    0.089 0.000 0.108    0.040 0.098 0.037   -125388    0 
119600:    1.00    8.884    0.117 0.000 0.078    0.040 0.075 0.030   -125426    0 
119700:    1.00    9.006    0.134 0.000 0.094    0.053 0.098 0.034   -125334    0 
119800:    1.00    8.852    0.152 0.000 0.105    0.057 0.087 0.033   -125389    0 
119900:    1.00    9.275    0.133 0.000 0.081    0.059 0.096 0.039   -125373    0 

--------------------------------------------
Proportion of membership of each pre-defined
 population in each of the 3 clusters

Given    Inferred Clusters       Number of
 Pop       1      2      3      Individuals

  1:     0.331  0.332  0.337      358
  2:     0.334  0.339  0.327      1039
  3:     0.329  0.336  0.334      603
--------------------------------------------

  Rep#:   Lambda   Alpha      F1    F2    F3     D1,2  D1,3  D2,3    Ln Like  Est Ln P(D)
120000:    1.00    9.131    0.112 0.000 0.090    0.046 0.076 0.041   -125380    0 
120100:    1.00    9.014    0.128 0.000 0.080    0.054 0.072 0.039   -125444    0 
120200:    1.00    8.587    0.125 0.000 0.081    0.059 0.098 0.038   -125346    0 
120300:    1.00    8.467    0.137 0.000 0.106    0.053 0.097 0.036   -125369    0 
120400:    1.00    8.775    0.140 0.000 0.090    0.052 0.097 0.038   -125393    0 
120500:    1.00    8.460    0.093 0.000 0.081    0.045 0.081 0.031   -125375    0 
120600:    1.00    8.256    0.110 0.000 0.079    0.041 0.087 0.035   -125423    0 
120700:    1.00    7.999    0.104 0.000 0.092    0.041 0.087 0.034   -125412    0 
120800:    1.00    8.027    0.119 0.000 0.081    0.033 0.066 0.028   -125464    0 
120900:    1.00    7.729    0.133 0.000 0.062    0.043 0.070 0.025   -125508    0 

--------------------------------------------
Proportion of membership of each pre-defined
 population in each of the 3 clusters

Given    Inferred Clusters       Number of
 Pop       1      2      3      Individuals

  1:     0.334  0.331  0.335      358
  2:     0.335  0.333  0.332      1039
  3:     0.333  0.336  0.332      603
--------------------------------------------

  Rep#:   Lambda   Alpha      F1    F2    F3     D1,2  D1,3  D2,3    Ln Like  Est Ln P(D)
121000:    1.00    7.804    0.111 0.000 0.061    0.044 0.061 0.016   -125458    0 
121100:    1.00    7.943    0.110 0.000 0.055    0.044 0.065 0.018   -125408    0 
121200:    1.00    7.629    0.150 0.000 0.050    0.050 0.071 0.019   -125467    0 
121300:    1.00    7.684    0.174 0.000 0.056    0.065 0.091 0.021   -125395    0 
121400:    1.00    7.555    0.252 0.000 0.057    0.062 0.092 0.023   -125401    0 
121500:    1.00    7.724    0.194 0.000 0.077    0.072 0.110 0.031   -125355    0 
121600:    1.00    7.802    0.168 0.000 0.072    0.064 0.087 0.027   -125369    0 
121700:    1.00    8.137    0.154 0.000 0.084    0.063 0.099 0.031   -125374    0 
121800:    1.00    8.301    0.160 0.000 0.090    0.063 0.102 0.031   -125432    0 
121900:    1.00    8.431    0.149 0.000 0.130    0.066 0.134 0.055   -125297    0 

--------------------------------------------
Proportion of membership of each pre-defined
 population in each of the 3 clusters

Given    Inferred Clusters       Number of
 Pop       1      2      3      Individuals

  1:     0.324  0.334  0.341      358
  2:     0.335  0.334  0.331      1039
  3:     0.328  0.335  0.337      603
--------------------------------------------

  Rep#:   Lambda   Alpha      F1    F2    F3     D1,2  D1,3  D2,3    Ln Like  Est Ln P(D)
122000:    1.00    8.572    0.132 0.000 0.134    0.066 0.126 0.046   -125325    0 
122100:    1.00    8.548    0.138 0.000 0.133    0.056 0.113 0.044   -125292    0 
122200:    1.00    8.582    0.134 0.000 0.125    0.060 0.125 0.047   -125305    0 
122300:    1.00    8.661    0.181 0.000 0.150    0.061 0.137 0.055   -125288    0 
122400:    1.00    8.614    0.130 0.000 0.152    0.063 0.129 0.050   -125320    0 
122500:    1.00    8.488    0.153 0.000 0.124    0.058 0.133 0.054   -125343    0 
122600:    1.00    8.936    0.129 0.000 0.151    0.056 0.133 0.066   -125337    0 
122700:    1.00    9.004    0.127 0.000 0.135    0.059 0.125 0.053   -125346    0 
122800:    1.00    9.360    0.135 0.000 0.145    0.049 0.121 0.056   -125365    0 
122900:    1.00    9.546    0.119 0.000 0.183    0.047 0.124 0.064   -125309    0 

--------------------------------------------
Proportion of membership of each pre-defined
 population in each of the 3 clusters

Given    Inferred Clusters       Number of
 Pop       1      2      3      Individuals

  1:     0.337  0.332  0.331      358
  2:     0.332  0.334  0.334      1039
  3:     0.335  0.336  0.329      603
--------------------------------------------

  Rep#:   Lambda   Alpha      F1    F2    F3     D1,2  D1,3  D2,3    Ln Like  Est Ln P(D)
123000:    1.00    9.712    0.120 0.000 0.120    0.042 0.093 0.050   -125442    0 
123100:    1.00    9.584    0.119 0.000 0.130    0.046 0.114 0.054   -125335    0 
123200:    1.00    9.785    0.115 0.000 0.134    0.049 0.132 0.069   -125312    0 
123300:    1.00    9.770    0.112 0.000 0.145    0.038 0.117 0.069   -125376    0 
123400:    1.00    9.621    0.093 0.000 0.174    0.038 0.113 0.063   -125341    0 
123500:    1.00    9.722    0.092 0.000 0.157    0.034 0.122 0.076   -125343    0 
123600:    1.00    9.618    0.091 0.000 0.164    0.027 0.109 0.076   -125362    0 
123700:    1.00    9.774    0.070 0.000 0.252    0.026 0.105 0.080   -125352    0 
123800:    1.00    9.740    0.069 0.000 0.192    0.025 0.106 0.085   -125365    0 
123900:    1.00    9.923    0.059 0.000 0.209    0.028 0.125 0.099   -125343    0 

--------------------------------------------
Proportion of membership of each pre-defined
 population in each of the 3 clusters

Given    Inferred Clusters       Number of
 Pop       1      2      3      Individuals

  1:     0.336  0.332  0.332      358
  2:     0.329  0.340  0.331      1039
  3:     0.332  0.337  0.331      603
--------------------------------------------

  Rep#:   Lambda   Alpha      F1    F2    F3     D1,2  D1,3  D2,3    Ln Like  Est Ln P(D)
124000:    1.00    9.566    0.069 0.000 0.154    0.023 0.110 0.087   -125371    0 
124100:    1.00    9.729    0.059 0.000 0.161    0.026 0.096 0.074   -125411    0 
124200:    1.00    9.853    0.084 0.000 0.162    0.038 0.112 0.071   -125370    0 
124300:    1.00    9.962    0.102 0.000 0.162    0.042 0.120 0.070   -125396    0 
124400:    1.00    9.942    0.158 0.000 0.176    0.044 0.138 0.074   -125294    0 
124500:    1.00    9.878    0.147 0.000 0.161    0.052 0.136 0.068   -125333    0 
124600:    1.00    9.918    0.149 0.000 0.188    0.062 0.158 0.073   -125260    0 
124700:    1.00    9.908    0.129 0.000 0.219    0.056 0.118 0.060   -125348    0 
124800:    1.00    9.939    0.143 0.000 0.146    0.053 0.114 0.064   -125353    0 
124900:    1.00    9.844    0.118 0.000 0.188    0.057 0.107 0.056   -125390    0 

--------------------------------------------
Proportion of membership of each pre-defined
 population in each of the 3 clusters

Given    Inferred Clusters       Number of
 Pop       1      2      3      Individuals

  1:     0.336  0.338  0.327      358
  2:     0.332  0.332  0.335      1039
  3:     0.334  0.334  0.332      603
--------------------------------------------

  Rep#:   Lambda   Alpha      F1    F2    F3     D1,2  D1,3  D2,3    Ln Like  Est Ln P(D)
125000:    1.00    9.590    0.117 0.000 0.162    0.048 0.109 0.056   -125360    0 
125100:    1.00    9.464    0.112 0.000 0.145    0.049 0.117 0.068   -125306    0 
125200:    1.00    9.080    0.113 0.000 0.136    0.055 0.121 0.062   -125337    0 
125300:    1.00    9.254    0.130 0.000 0.175    0.051 0.123 0.062   -125356    0 
125400:    1.00    9.504    0.148 0.000 0.154    0.051 0.127 0.058   -125350    0 
125500:    1.00    9.153    0.112 0.000 0.146    0.052 0.118 0.052   -125380    0 
125600:    1.00    9.177    0.098 0.000 0.125    0.052 0.119 0.049   -125358    0 
125700:    1.00    9.145    0.136 0.000 0.117    0.057 0.108 0.043   -125373    0 
125800:    1.00    9.566    0.164 0.000 0.130    0.056 0.106 0.040   -125343    0 
125900:    1.00    9.963    0.155 0.000 0.098    0.057 0.101 0.041   -125374    0 

--------------------------------------------
Proportion of membership of each pre-defined
 population in each of the 3 clusters

Given    Inferred Clusters       Number of
 Pop       1      2      3      Individuals

  1:     0.339  0.325  0.336      358
  2:     0.331  0.335  0.334      1039
  3:     0.336  0.329  0.334      603
--------------------------------------------

  Rep#:   Lambda   Alpha      F1    F2    F3     D1,2  D1,3  D2,3    Ln Like  Est Ln P(D)
126000:    1.00    9.529    0.128 0.000 0.110    0.053 0.104 0.043   -125330    0 
126100:    1.00    9.887    0.138 0.000 0.113    0.057 0.108 0.049   -125418    0 
126200:    1.00    9.656    0.120 0.000 0.143    0.053 0.112 0.052   -125399    0 
126300:    1.00    8.925    0.120 0.000 0.111    0.054 0.105 0.046   -125356    0 
126400:    1.00    8.960    0.104 0.000 0.127    0.051 0.091 0.045   -125328    0 
126500:    1.00    8.891    0.123 0.000 0.141    0.049 0.082 0.043   -125360    0 
126600:    1.00    9.073    0.134 0.000 0.139    0.053 0.108 0.049   -125300    0 
126700:    1.00    8.920    0.169 0.000 0.178    0.067 0.133 0.064   -125293    0 
126800:    1.00    8.666    0.155 0.000 0.138    0.058 0.121 0.060   -125296    0 
126900:    1.00    8.578    0.157 0.000 0.163    0.054 0.110 0.064   -125301    0 

--------------------------------------------
Proportion of membership of each pre-defined
 population in each of the 3 clusters

Given    Inferred Clusters       Number of
 Pop       1      2      3      Individuals

  1:     0.339  0.334  0.327      358
  2:     0.335  0.331  0.335      1039
  3:     0.339  0.332  0.330      603
--------------------------------------------

  Rep#:   Lambda   Alpha      F1    F2    F3     D1,2  D1,3  D2,3    Ln Like  Est Ln P(D)
127000:    1.00    8.865    0.113 0.000 0.150    0.057 0.138 0.072   -125267    0 
127100:    1.00    9.061    0.123 0.000 0.162    0.055 0.134 0.069   -125323    0 
127200:    1.00    9.046    0.093 0.000 0.171    0.035 0.112 0.066   -125316    0 
127300:    1.00    8.994    0.092 0.000 0.185    0.038 0.102 0.065   -125368    0 
127400:    1.00    8.926    0.105 0.000 0.175    0.034 0.104 0.057   -125387    0 
127500:    1.00    9.117    0.099 0.000 0.174    0.039 0.088 0.057   -125364    0 
127600:    1.00    8.774    0.123 0.000 0.100    0.047 0.120 0.055   -125300    0 
127700:    1.00    8.627    0.128 0.000 0.121    0.052 0.121 0.056   -125304    0 
127800:    1.00    8.980    0.098 0.000 0.107    0.045 0.114 0.062   -125301    0 
127900:    1.00    8.562    0.135 0.000 0.125    0.047 0.102 0.055   -125356    0 

--------------------------------------------
Proportion of membership of each pre-defined
 population in each of the 3 clusters

Given    Inferred Clusters       Number of
 Pop       1      2      3      Individuals

  1:     0.330  0.334  0.336      358
  2:     0.334  0.331  0.335      1039
  3:     0.335  0.336  0.329      603
--------------------------------------------

  Rep#:   Lambda   Alpha      F1    F2    F3     D1,2  D1,3  D2,3    Ln Like  Est Ln P(D)
128000:    1.00    8.851    0.120 0.000 0.136    0.048 0.097 0.053   -125391    0 
128100:    1.00    9.198    0.090 0.000 0.181    0.044 0.121 0.062   -125344    0 
128200:    1.00    9.083    0.139 0.000 0.143    0.042 0.126 0.068   -125284    0 
128300:    1.00    8.915    0.114 0.000 0.153    0.045 0.134 0.063   -125291    0 
128400:    1.00    9.086    0.131 0.000 0.120    0.047 0.117 0.060   -125359    0 
128500:    1.00    8.763    0.101 0.000 0.123    0.045 0.120 0.061   -125306    0 
128600:    1.00    8.609    0.152 0.000 0.103    0.056 0.129 0.058   -125328    0 
128700:    1.00    8.753    0.114 0.000 0.103    0.047 0.103 0.047   -125387    0 
128800:    1.00    8.869    0.149 0.000 0.111    0.044 0.111 0.052   -125399    0 
128900:    1.00    9.045    0.131 0.000 0.125    0.054 0.115 0.053   -125298    0 

--------------------------------------------
Proportion of membership of each pre-defined
 population in each of the 3 clusters

Given    Inferred Clusters       Number of
 Pop       1      2      3      Individuals

  1:     0.331  0.339  0.330      358
  2:     0.337  0.331  0.332      1039
  3:     0.327  0.341  0.332      603
--------------------------------------------

  Rep#:   Lambda   Alpha      F1    F2    F3     D1,2  D1,3  D2,3    Ln Like  Est Ln P(D)
129000:    1.00    9.146    0.137 0.000 0.116    0.055 0.113 0.054   -125388    0 
129100:    1.00    9.263    0.145 0.000 0.120    0.058 0.111 0.047   -125368    0 
129200:    1.00    9.552    0.191 0.000 0.144    0.063 0.146 0.067   -125354    0 
129300:    1.00    9.813    0.156 0.000 0.157    0.054 0.122 0.063   -125329    0 
129400:    1.00    9.590    0.162 0.000 0.152    0.065 0.156 0.070   -125192    0 
129500:    1.00    9.730    0.175 0.000 0.177    0.059 0.156 0.064   -125254    0 
129600:    1.00    9.420    0.142 0.000 0.140    0.058 0.138 0.056   -125354    0 
129700:    1.00    9.214    0.137 0.000 0.116    0.053 0.118 0.052   -125327    0 
129800:    1.00    9.544    0.163 0.000 0.096    0.059 0.119 0.048   -125297    0 
129900:    1.00    9.641    0.193 0.000 0.111    0.056 0.126 0.049   -125324    0 

--------------------------------------------
Proportion of membership of each pre-defined
 population in each of the 3 clusters

Given    Inferred Clusters       Number of
 Pop       1      2      3      Individuals

  1:     0.337  0.327  0.336      358
  2:     0.336  0.329  0.335      1039
  3:     0.333  0.337  0.330      603
--------------------------------------------

  Rep#:   Lambda   Alpha      F1    F2    F3     D1,2  D1,3  D2,3    Ln Like  Est Ln P(D)
130000:    1.00    9.777    0.136 0.000 0.123    0.047 0.114 0.051   -125366    0 
130100:    1.00    9.671    0.138 0.000 0.143    0.054 0.115 0.056   -125389    0 
130200:    1.00    9.751    0.117 0.000 0.174    0.048 0.116 0.061   -125361    0 
130300:    1.00    9.511    0.100 0.000 0.158    0.045 0.116 0.065   -125373    0 
130400:    1.00    9.540    0.099 0.000 0.144    0.049 0.112 0.057   -125342    0 
130500:    1.00    9.521    0.099 0.000 0.169    0.049 0.123 0.059   -125381    0 
130600:    1.00    9.288    0.111 0.000 0.141    0.053 0.113 0.054   -125373    0 
130700:    1.00    9.509    0.106 0.000 0.152    0.053 0.115 0.050   -125334    0 
130800:    1.00    9.265    0.137 0.000 0.120    0.051 0.114 0.052   -125346    0 
130900:    1.00    9.555    0.145 0.000 0.134    0.061 0.136 0.056   -125335    0 

--------------------------------------------
Proportion of membership of each pre-defined
 population in each of the 3 clusters

Given    Inferred Clusters       Number of
 Pop       1      2      3      Individuals

  1:     0.329  0.334  0.337      358
  2:     0.330  0.333  0.337      1039
  3:     0.332  0.332  0.336      603
--------------------------------------------

  Rep#:   Lambda   Alpha      F1    F2    F3     D1,2  D1,3  D2,3    Ln Like  Est Ln P(D)
131000:    1.00    9.488    0.136 0.000 0.101    0.050 0.117 0.053   -125328    0 
131100:    1.00    9.797    0.129 0.000 0.122    0.043 0.109 0.053   -125328    0 
131200:    1.00    9.633    0.119 0.000 0.137    0.039 0.103 0.053   -125388    0 
131300:    1.00    9.913    0.094 0.000 0.162    0.044 0.101 0.051   -125362    0 
131400:    1.00    9.470    0.109 0.000 0.141    0.046 0.117 0.054   -125343    0 
131500:    1.00    9.547    0.080 0.000 0.167    0.047 0.127 0.055   -125349    0 
131600:    1.00    9.628    0.116 0.000 0.122    0.044 0.112 0.054   -125372    0 
131700:    1.00    9.512    0.117 0.000 0.102    0.042 0.085 0.040   -125404    0 
131800:    1.00    9.951    0.127 0.000 0.086    0.044 0.086 0.034   -125374    0 
131900:    1.00    9.968    0.117 0.000 0.123    0.047 0.091 0.039   -125401    0 

--------------------------------------------
Proportion of membership of each pre-defined
 population in each of the 3 clusters

Given    Inferred Clusters       Number of
 Pop       1      2      3      Individuals

  1:     0.335  0.339  0.326      358
  2:     0.334  0.334  0.332      1039
  3:     0.337  0.335  0.328      603
--------------------------------------------

  Rep#:   Lambda   Alpha      F1    F2    F3     D1,2  D1,3  D2,3    Ln Like  Est Ln P(D)
132000:    1.00    9.817    0.121 0.000 0.144    0.047 0.094 0.046   -125438    0 
132100:    1.00    9.901    0.123 0.000 0.146    0.047 0.114 0.053   -125357    0 
132200:    1.00    9.791    0.099 0.000 0.141    0.036 0.114 0.060   -125389    0 
132300:    1.00    9.915    0.094 0.000 0.130    0.038 0.108 0.056   -125368    0 
132400:    1.00    9.957    0.090 0.000 0.129    0.037 0.096 0.045   -125410    0 
132500:    1.00    9.656    0.121 0.000 0.117    0.046 0.110 0.053   -125356    0 
132600:    1.00    9.842    0.118 0.000 0.115    0.051 0.111 0.052   -125351    0 
132700:    1.00    9.418    0.106 0.000 0.166    0.052 0.138 0.061   -125313    0 
132800:    1.00    9.428    0.138 0.000 0.161    0.047 0.144 0.071   -125269    0 
132900:    1.00    9.350    0.136 0.000 0.163    0.055 0.126 0.060   -125287    0 

--------------------------------------------
Proportion of membership of each pre-defined
 population in each of the 3 clusters

Given    Inferred Clusters       Number of
 Pop       1      2      3      Individuals

  1:     0.333  0.326  0.341      358
  2:     0.332  0.332  0.335      1039
  3:     0.330  0.335  0.335      603
--------------------------------------------

  Rep#:   Lambda   Alpha      F1    F2    F3     D1,2  D1,3  D2,3    Ln Like  Est Ln P(D)
133000:    1.00    9.165    0.161 0.000 0.153    0.045 0.113 0.060   -125352    0 
133100:    1.00    8.979    0.112 0.000 0.121    0.046 0.116 0.056   -125402    0 
133200:    1.00    9.332    0.136 0.000 0.127    0.048 0.118 0.049   -125335    0 
133300:    1.00    9.388    0.132 0.000 0.154    0.049 0.127 0.058   -125264    0 
133400:    1.00    9.714    0.175 0.000 0.174    0.047 0.121 0.058   -125290    0 
133500:    1.00    9.351    0.135 0.000 0.138    0.044 0.106 0.050   -125350    0 
133600:    1.00    9.835    0.115 0.000 0.195    0.049 0.145 0.070   -125345    0 
133700:    1.00    9.575    0.111 0.000 0.160    0.036 0.120 0.062   -125383    0 
133800:    1.00    9.783    0.083 0.000 0.122    0.031 0.100 0.048   -125417    0 
133900:    1.00    9.923    0.100 0.000 0.114    0.029 0.084 0.044   -125510    0 

--------------------------------------------
Proportion of membership of each pre-defined
 population in each of the 3 clusters

Given    Inferred Clusters       Number of
 Pop       1      2      3      Individuals

  1:     0.337  0.333  0.330      358
  2:     0.329  0.338  0.333      1039
  3:     0.332  0.334  0.334      603
--------------------------------------------

  Rep#:   Lambda   Alpha      F1    F2    F3     D1,2  D1,3  D2,3    Ln Like  Est Ln P(D)
134000:    1.00    9.948    0.132 0.000 0.141    0.040 0.114 0.048   -125376    0 
134100:    1.00    9.511    0.098 0.000 0.118    0.045 0.103 0.051   -125356    0 
134200:    1.00    9.660    0.103 0.000 0.108    0.054 0.108 0.042   -125380    0 
134300:    1.00    9.580    0.121 0.000 0.105    0.053 0.098 0.040   -125390    0 
134400:    1.00    9.306    0.091 0.000 0.123    0.051 0.099 0.046   -125368    0 
134500:    1.00    9.232    0.127 0.000 0.103    0.061 0.116 0.046   -125390    0 
134600:    1.00    9.558    0.126 0.000 0.083    0.049 0.091 0.038   -125447    0 
134700:    1.00    9.750    0.111 0.000 0.108    0.044 0.096 0.043   -125452    0 
134800:    1.00    9.469    0.118 0.000 0.143    0.051 0.117 0.052   -125408    0 
134900:    1.00    9.524    0.119 0.000 0.122    0.054 0.122 0.050   -125328    0 

--------------------------------------------
Proportion of membership of each pre-defined
 population in each of the 3 clusters

Given    Inferred Clusters       Number of
 Pop       1      2      3      Individuals

  1:     0.334  0.334  0.332      358
  2:     0.335  0.333  0.332      1039
  3:     0.334  0.336  0.330      603
--------------------------------------------

  Rep#:   Lambda   Alpha      F1    F2    F3     D1,2  D1,3  D2,3    Ln Like  Est Ln P(D)
135000:    1.00    9.166    0.101 0.000 0.169    0.055 0.125 0.052   -125302    0 
135100:    1.00    9.813    0.104 0.000 0.123    0.046 0.113 0.056   -125380    0 
135200:    1.00    9.869    0.108 0.000 0.133    0.056 0.128 0.057   -125340    0 
135300:    1.00    9.984    0.145 0.000 0.125    0.075 0.138 0.051   -125366    0 
135400:    1.00    9.660    0.144 0.000 0.149    0.074 0.145 0.055   -125298    0 
135500:    1.00    9.986    0.166 0.000 0.111    0.069 0.126 0.048   -125309    0 
135600:    1.00    9.712    0.120 0.000 0.122    0.066 0.128 0.051   -125297    0 
135700:    1.00    9.609    0.139 0.000 0.169    0.073 0.119 0.046   -125336    0 
135800:    1.00    9.822    0.155 0.000 0.121    0.059 0.099 0.042   -125326    0 
135900:    1.00    9.955    0.177 0.000 0.121    0.058 0.080 0.031   -125420    0 

--------------------------------------------
Proportion of membership of each pre-defined
 population in each of the 3 clusters

Given    Inferred Clusters       Number of
 Pop       1      2      3      Individuals

  1:     0.328  0.338  0.333      358
  2:     0.333  0.334  0.333      1039
  3:     0.338  0.336  0.325      603
--------------------------------------------

  Rep#:   Lambda   Alpha      F1    F2    F3     D1,2  D1,3  D2,3    Ln Like  Est Ln P(D)
136000:    1.00    9.703    0.137 0.000 0.116    0.055 0.084 0.035   -125393    0 
136100:    1.00    9.650    0.194 0.000 0.074    0.057 0.085 0.034   -125393    0 
136200:    1.00    9.866    0.178 0.000 0.084    0.056 0.101 0.036   -125411    0 
136300:    1.00    9.641    0.195 0.000 0.110    0.065 0.112 0.039   -125315    0 
136400:    1.00    9.821    0.160 0.000 0.082    0.059 0.093 0.036   -125435    0 
136500:    1.00    9.812    0.165 0.000 0.098    0.061 0.103 0.040   -125362    0 
136600:    1.00    9.919    0.143 0.000 0.132    0.056 0.119 0.054   -125369    0 
136700:    1.00    9.771    0.108 0.000 0.137    0.060 0.132 0.055   -125357    0 
136800:    1.00    9.875    0.124 0.000 0.150    0.060 0.139 0.062   -125357    0 
136900:    1.00    9.984    0.120 0.000 0.161    0.050 0.122 0.065   -125349    0 

--------------------------------------------
Proportion of membership of each pre-defined
 population in each of the 3 clusters

Given    Inferred Clusters       Number of
 Pop       1      2      3      Individuals

  1:     0.341  0.330  0.329      358
  2:     0.331  0.335  0.334      1039
  3:     0.333  0.335  0.332      603
--------------------------------------------

  Rep#:   Lambda   Alpha      F1    F2    F3     D1,2  D1,3  D2,3    Ln Like  Est Ln P(D)
137000:    1.00    9.389    0.132 0.000 0.088    0.049 0.097 0.048   -125391    0 
137100:    1.00    9.563    0.107 0.000 0.098    0.042 0.091 0.053   -125399    0 
137200:    1.00    9.153    0.082 0.000 0.100    0.042 0.080 0.042   -125435    0 
137300:    1.00    8.903    0.086 0.000 0.104    0.041 0.085 0.043   -125376    0 
137400:    1.00    9.062    0.082 0.000 0.131    0.040 0.092 0.042   -125367    0 
137500:    1.00    9.212    0.104 0.000 0.094    0.036 0.093 0.045   -125373    0 
137600:    1.00    9.045    0.091 0.000 0.126    0.037 0.099 0.050   -125437    0 
137700:    1.00    9.236    0.101 0.000 0.139    0.046 0.122 0.049   -125348    0 
137800:    1.00    9.108    0.111 0.000 0.133    0.048 0.100 0.040   -125416    0 
137900:    1.00    9.396    0.110 0.000 0.111    0.045 0.096 0.042   -125415    0 

--------------------------------------------
Proportion of membership of each pre-defined
 population in each of the 3 clusters

Given    Inferred Clusters       Number of
 Pop       1      2      3      Individuals

  1:     0.333  0.338  0.329      358
  2:     0.331  0.333  0.335      1039
  3:     0.337  0.337  0.326      603
--------------------------------------------

  Rep#:   Lambda   Alpha      F1    F2    F3     D1,2  D1,3  D2,3    Ln Like  Est Ln P(D)
138000:    1.00    9.234    0.107 0.000 0.094    0.043 0.085 0.041   -125398    0 
138100:    1.00    9.024    0.127 0.000 0.109    0.042 0.079 0.032   -125430    0 
138200:    1.00    9.234    0.106 0.000 0.122    0.047 0.093 0.034   -125408    0 
138300:    1.00    9.239    0.117 0.000 0.107    0.055 0.118 0.041   -125371    0 
138400:    1.00    9.377    0.137 0.000 0.097    0.052 0.096 0.034   -125347    0 
138500:    1.00    9.875    0.151 0.000 0.098    0.049 0.097 0.040   -125365    0 
138600:    1.00    9.604    0.137 0.000 0.101    0.052 0.122 0.042   -125356    0 
138700:    1.00    9.559    0.113 0.000 0.114    0.041 0.097 0.040   -125380    0 
138800:    1.00    9.270    0.091 0.000 0.102    0.037 0.091 0.044   -125352    0 
138900:    1.00    9.132    0.091 0.000 0.113    0.035 0.089 0.045   -125422    0 

--------------------------------------------
Proportion of membership of each pre-defined
 population in each of the 3 clusters

Given    Inferred Clusters       Number of
 Pop       1      2      3      Individuals

  1:     0.328  0.336  0.336      358
  2:     0.336  0.330  0.334      1039
  3:     0.328  0.342  0.330      603
--------------------------------------------

  Rep#:   Lambda   Alpha      F1    F2    F3     D1,2  D1,3  D2,3    Ln Like  Est Ln P(D)
139000:    1.00    8.994    0.094 0.000 0.147    0.036 0.095 0.051   -125350    0 
139100:    1.00    9.133    0.108 0.000 0.127    0.037 0.096 0.054   -125390    0 
139200:    1.00    9.553    0.129 0.000 0.156    0.046 0.105 0.050   -125380    0 
139300:    1.00    9.712    0.143 0.000 0.130    0.061 0.127 0.045   -125317    0 
139400:    1.00    9.282    0.134 0.000 0.134    0.063 0.155 0.057   -125271    0 
139500:    1.00    9.437    0.124 0.000 0.160    0.055 0.136 0.053   -125343    0 
139600:    1.00    9.202    0.126 0.000 0.125    0.051 0.118 0.048   -125401    0 
139700:    1.00    9.228    0.128 0.000 0.117    0.050 0.111 0.047   -125396    0 
139800:    1.00    9.087    0.155 0.000 0.113    0.053 0.117 0.048   -125349    0 
139900:    1.00    9.171    0.130 0.000 0.146    0.051 0.101 0.044   -125352    0 

--------------------------------------------
Proportion of membership of each pre-defined
 population in each of the 3 clusters

Given    Inferred Clusters       Number of
 Pop       1      2      3      Individuals

  1:     0.327  0.339  0.335      358
  2:     0.333  0.332  0.335      1039
  3:     0.326  0.338  0.336      603
--------------------------------------------

  Rep#:   Lambda   Alpha      F1    F2    F3     D1,2  D1,3  D2,3    Ln Like  Est Ln P(D)
140000:    1.00    8.967    0.129 0.000 0.148    0.058 0.114 0.048   -125379    0 
140100:    1.00    8.651    0.171 0.000 0.117    0.067 0.108 0.043   -125323    0 
140200:    1.00    8.680    0.168 0.000 0.120    0.063 0.113 0.040   -125320    0 
140300:    1.00    9.123    0.115 0.000 0.089    0.052 0.101 0.043   -125405    0 
140400:    1.00    9.072    0.133 0.000 0.108    0.054 0.102 0.033   -125329    0 
140500:    1.00    8.898    0.109 0.000 0.104    0.056 0.109 0.034   -125372    0 
140600:    1.00    8.915    0.142 0.000 0.069    0.054 0.090 0.026   -125444    0 
140700:    1.00    9.140    0.157 0.000 0.081    0.062 0.108 0.028   -125375    0 
140800:    1.00    9.125    0.134 0.000 0.134    0.061 0.106 0.033   -125374    0 
140900:    1.00    9.046    0.126 0.000 0.076    0.051 0.088 0.029   -125408    0 

--------------------------------------------
Proportion of membership of each pre-defined
 population in each of the 3 clusters

Given    Inferred Clusters       Number of
 Pop       1      2      3      Individuals

  1:     0.335  0.337  0.328      358
  2:     0.335  0.336  0.329      1039
  3:     0.333  0.335  0.332      603
--------------------------------------------

  Rep#:   Lambda   Alpha      F1    F2    F3     D1,2  D1,3  D2,3    Ln Like  Est Ln P(D)
141000:    1.00    9.103    0.143 0.000 0.088    0.054 0.087 0.028   -125391    0 
141100:    1.00    8.860    0.109 0.000 0.113    0.052 0.105 0.042   -125324    0 
141200:    1.00    8.745    0.145 0.000 0.107    0.047 0.077 0.030   -125383    0 
141300:    1.00    9.189    0.137 0.000 0.106    0.058 0.116 0.034   -125368    0 
141400:    1.00    9.020    0.128 0.000 0.111    0.063 0.117 0.037   -125309    0 
141500:    1.00    9.061    0.132 0.000 0.089    0.059 0.110 0.034   -125308    0 
141600:    1.00    9.364    0.145 0.000 0.073    0.054 0.098 0.031   -125382    0 
141700:    1.00    9.516    0.208 0.000 0.078    0.062 0.130 0.037   -125349    0 
141800:    1.00    9.396    0.158 0.000 0.117    0.063 0.122 0.037   -125299    0 
141900:    1.00    9.907    0.137 0.000 0.122    0.053 0.131 0.043   -125318    0 

--------------------------------------------
Proportion of membership of each pre-defined
 population in each of the 3 clusters

Given    Inferred Clusters       Number of
 Pop       1      2      3      Individuals

  1:     0.334  0.336  0.331      358
  2:     0.334  0.334  0.331      1039
  3:     0.335  0.333  0.332      603
--------------------------------------------

  Rep#:   Lambda   Alpha      F1    F2    F3     D1,2  D1,3  D2,3    Ln Like  Est Ln P(D)
142000:    1.00    9.872    0.110 0.000 0.113    0.046 0.116 0.041   -125373    0 
142100:    1.00    9.599    0.109 0.000 0.099    0.037 0.089 0.040   -125398    0 
142200:    1.00    9.873    0.102 0.000 0.117    0.035 0.082 0.039   -125428    0 
142300:    1.00    9.871    0.120 0.000 0.105    0.042 0.081 0.037   -125419    0 
142400:    1.00    9.783    0.140 0.000 0.124    0.048 0.100 0.037   -125424    0 
142500:    1.00    9.741    0.128 0.000 0.091    0.055 0.107 0.036   -125385    0 
142600:    1.00    9.735    0.104 0.000 0.095    0.046 0.091 0.038   -125424    0 
142700:    1.00    9.664    0.111 0.000 0.097    0.046 0.090 0.032   -125403    0 
142800:    1.00    9.506    0.073 0.000 0.083    0.033 0.064 0.034   -125456    0 
142900:    1.00    9.815    0.085 0.000 0.087    0.028 0.072 0.039   -125454    0 

--------------------------------------------
Proportion of membership of each pre-defined
 population in each of the 3 clusters

Given    Inferred Clusters       Number of
 Pop       1      2      3      Individuals

  1:     0.340  0.328  0.332      358
  2:     0.330  0.334  0.336      1039
  3:     0.336  0.331  0.333      603
--------------------------------------------

  Rep#:   Lambda   Alpha      F1    F2    F3     D1,2  D1,3  D2,3    Ln Like  Est Ln P(D)
143000:    1.00    9.926    0.078 0.000 0.091    0.027 0.087 0.047   -125481    0 
143100:    1.00    9.839    0.075 0.000 0.086    0.032 0.082 0.047   -125456    0 
143200:    1.00    9.570    0.088 0.000 0.102    0.035 0.078 0.038   -125489    0 
143300:    1.00    9.566    0.109 0.000 0.098    0.036 0.084 0.042   -125464    0 
143400:    1.00    9.488    0.120 0.000 0.103    0.049 0.096 0.035   -125422    0 
143500:    1.00    9.311    0.093 0.000 0.096    0.044 0.077 0.034   -125444    0 
143600:    1.00    9.134    0.124 0.000 0.084    0.049 0.086 0.032   -125414    0 
143700:    1.00    9.211    0.103 0.000 0.122    0.051 0.096 0.035   -125398    0 
143800:    1.00    8.846    0.097 0.000 0.134    0.052 0.107 0.041   -125397    0 
143900:    1.00    8.735    0.101 0.000 0.101    0.046 0.100 0.041   -125360    0 

--------------------------------------------
Proportion of membership of each pre-defined
 population in each of the 3 clusters

Given    Inferred Clusters       Number of
 Pop       1      2      3      Individuals

  1:     0.333  0.337  0.329      358
  2:     0.334  0.331  0.334      1039
  3:     0.339  0.327  0.334      603
--------------------------------------------

  Rep#:   Lambda   Alpha      F1    F2    F3     D1,2  D1,3  D2,3    Ln Like  Est Ln P(D)
144000:    1.00    8.709    0.121 0.000 0.097    0.053 0.091 0.032   -125409    0 
144100:    1.00    8.853    0.106 0.000 0.122    0.046 0.107 0.042   -125327    0 
144200:    1.00    8.960    0.094 0.000 0.147    0.035 0.087 0.039   -125396    0 
144300:    1.00    9.054    0.105 0.000 0.078    0.036 0.071 0.036   -125413    0 
144400:    1.00    9.141    0.084 0.000 0.076    0.042 0.056 0.029   -125474    0 
144500:    1.00    8.631    0.112 0.000 0.101    0.046 0.077 0.037   -125376    0 
144600:    1.00    8.604    0.131 0.000 0.102    0.050 0.085 0.038   -125413    0 
144700:    1.00    8.999    0.098 0.000 0.095    0.056 0.090 0.031   -125452    0 
144800:    1.00    9.412    0.128 0.000 0.096    0.068 0.107 0.033   -125325    0 
144900:    1.00    9.654    0.140 0.000 0.105    0.057 0.101 0.037   -125362    0 

--------------------------------------------
Proportion of membership of each pre-defined
 population in each of the 3 clusters

Given    Inferred Clusters       Number of
 Pop       1      2      3      Individuals

  1:     0.333  0.337  0.331      358
  2:     0.335  0.335  0.330      1039
  3:     0.335  0.335  0.330      603
--------------------------------------------

  Rep#:   Lambda   Alpha      F1    F2    F3     D1,2  D1,3  D2,3    Ln Like  Est Ln P(D)
145000:    1.00    9.319    0.123 0.000 0.094    0.065 0.119 0.041   -125392    0 
145100:    1.00    8.991    0.110 0.000 0.103    0.053 0.098 0.042   -125363    0 
145200:    1.00    9.156    0.088 0.000 0.105    0.042 0.095 0.050   -125387    0 
145300:    1.00    8.867    0.063 0.000 0.127    0.034 0.095 0.056   -125395    0 
145400:    1.00    8.690    0.099 0.000 0.172    0.040 0.106 0.066   -125315    0 
145500:    1.00    8.764    0.134 0.000 0.171    0.049 0.125 0.067   -125336    0 
145600:    1.00    8.532    0.106 0.000 0.138    0.048 0.118 0.052   -125382    0 
145700:    1.00    8.699    0.105 0.000 0.130    0.041 0.101 0.049   -125289    0 
145800:    1.00    8.465    0.107 0.000 0.128    0.043 0.095 0.037   -125314    0 
145900:    1.00    8.220    0.117 0.000 0.119    0.044 0.109 0.040   -125333    0 

--------------------------------------------
Proportion of membership of each pre-defined
 population in each of the 3 clusters

Given    Inferred Clusters       Number of
 Pop       1      2      3      Individuals

  1:     0.341  0.327  0.332      358
  2:     0.330  0.333  0.337      1039
  3:     0.335  0.331  0.335      603
--------------------------------------------

  Rep#:   Lambda   Alpha      F1    F2    F3     D1,2  D1,3  D2,3    Ln Like  Est Ln P(D)
146000:    1.00    8.098    0.140 0.000 0.125    0.042 0.106 0.040   -125333    0 
146100:    1.00    8.278    0.128 0.000 0.116    0.038 0.108 0.042   -125281    0 
146200:    1.00    8.211    0.151 0.000 0.123    0.050 0.122 0.050   -125277    0 
146300:    1.00    8.009    0.128 0.000 0.132    0.046 0.123 0.057   -125271    0 
146400:    1.00    7.936    0.099 0.000 0.156    0.045 0.127 0.069   -125190    0 
146500:    1.00    7.906    0.102 0.000 0.146    0.054 0.142 0.073   -125241    0 
146600:    1.00    7.997    0.093 0.000 0.128    0.053 0.124 0.059   -125276    0 
146700:    1.00    8.144    0.096 0.000 0.138    0.039 0.106 0.058   -125314    0 
146800:    1.00    8.205    0.100 0.000 0.121    0.038 0.101 0.059   -125328    0 
146900:    1.00    7.926    0.108 0.000 0.169    0.036 0.097 0.056   -125245    0 

--------------------------------------------
Proportion of membership of each pre-defined
 population in each of the 3 clusters

Given    Inferred Clusters       Number of
 Pop       1      2      3      Individuals

  1:     0.335  0.331  0.334      358
  2:     0.335  0.332  0.333      1039
  3:     0.337  0.330  0.332      603
--------------------------------------------

  Rep#:   Lambda   Alpha      F1    F2    F3     D1,2  D1,3  D2,3    Ln Like  Est Ln P(D)
147000:    1.00    8.269    0.112 0.000 0.155    0.038 0.111 0.070   -125309    0 
147100:    1.00    8.134    0.089 0.000 0.159    0.038 0.095 0.057   -125388    0 
147200:    1.00    7.838    0.097 0.000 0.139    0.047 0.097 0.055   -125288    0 
147300:    1.00    8.001    0.088 0.000 0.133    0.044 0.097 0.061   -125302    0 
147400:    1.00    8.528    0.093 0.000 0.124    0.035 0.108 0.068   -125367    0 
147500:    1.00    8.477    0.102 0.000 0.130    0.034 0.097 0.069   -125340    0 
147600:    1.00    8.312    0.103 0.000 0.169    0.033 0.087 0.057   -125295    0 
147700:    1.00    8.431    0.086 0.000 0.199    0.038 0.103 0.061   -125315    0 
147800:    1.00    7.997    0.092 0.000 0.177    0.041 0.110 0.065   -125265    0 
147900:    1.00    8.024    0.090 0.000 0.189    0.036 0.103 0.072   -125281    0 

--------------------------------------------
Proportion of membership of each pre-defined
 population in each of the 3 clusters

Given    Inferred Clusters       Number of
 Pop       1      2      3      Individuals

  1:     0.342  0.333  0.324      358
  2:     0.334  0.331  0.334      1039
  3:     0.333  0.331  0.336      603
--------------------------------------------

  Rep#:   Lambda   Alpha      F1    F2    F3     D1,2  D1,3  D2,3    Ln Like  Est Ln P(D)
148000:    1.00    8.488    0.080 0.000 0.166    0.036 0.098 0.069   -125368    0 
148100:    1.00    8.560    0.090 0.000 0.146    0.041 0.112 0.067   -125305    0 
148200:    1.00    8.303    0.086 0.000 0.170    0.034 0.101 0.076   -125343    0 
148300:    1.00    8.951    0.083 0.000 0.142    0.039 0.112 0.069   -125365    0 
148400:    1.00    8.835    0.083 0.000 0.187    0.034 0.102 0.070   -125328    0 
148500:    1.00    9.110    0.090 0.000 0.164    0.041 0.114 0.069   -125343    0 
148600:    1.00    9.152    0.102 0.000 0.192    0.039 0.125 0.077   -125269    0 
148700:    1.00    8.415    0.111 0.000 0.190    0.044 0.113 0.073   -125259    0 
148800:    1.00    8.442    0.096 0.000 0.140    0.038 0.091 0.060   -125347    0 
148900:    1.00    8.590    0.089 0.000 0.138    0.040 0.099 0.061   -125326    0 

--------------------------------------------
Proportion of membership of each pre-defined
 population in each of the 3 clusters

Given    Inferred Clusters       Number of
 Pop       1      2      3      Individuals

  1:     0.330  0.337  0.333      358
  2:     0.336  0.330  0.335      1039
  3:     0.331  0.333  0.336      603
--------------------------------------------

  Rep#:   Lambda   Alpha      F1    F2    F3     D1,2  D1,3  D2,3    Ln Like  Est Ln P(D)
149000:    1.00    8.583    0.078 0.000 0.106    0.026 0.080 0.061   -125352    0 
149100:    1.00    8.437    0.069 0.000 0.122    0.034 0.097 0.059   -125319    0 
149200:    1.00    8.557    0.089 0.000 0.132    0.035 0.097 0.060   -125342    0 
149300:    1.00    8.397    0.091 0.000 0.131    0.031 0.088 0.052   -125405    0 
149400:    1.00    8.569    0.085 0.000 0.104    0.031 0.091 0.053   -125398    0 
149500:    1.00    8.533    0.093 0.000 0.123    0.032 0.095 0.056   -125360    0 
149600:    1.00    8.380    0.075 0.000 0.130    0.031 0.088 0.054   -125417    0 
149700:    1.00    8.075    0.088 0.000 0.112    0.026 0.067 0.042   -125333    0 
149800:    1.00    8.256    0.078 0.000 0.119    0.031 0.090 0.059   -125379    0 
149900:    1.00    7.971    0.058 0.000 0.106    0.027 0.070 0.054   -125428    0 

--------------------------------------------
Proportion of membership of each pre-defined
 population in each of the 3 clusters

Given    Inferred Clusters       Number of
 Pop       1      2      3      Individuals

  1:     0.328  0.335  0.337      358
  2:     0.333  0.335  0.332      1039
  3:     0.337  0.338  0.326      603
--------------------------------------------

  Rep#:   Lambda   Alpha      F1    F2    F3     D1,2  D1,3  D2,3    Ln Like  Est Ln P(D)
150000:    1.00    7.860    0.076 0.000 0.132    0.041 0.081 0.051   -125398    0 
150100:    1.00    7.776    0.067 0.000 0.167    0.033 0.077 0.050   -125394    0 
150200:    1.00    7.379    0.062 0.000 0.184    0.035 0.102 0.065   -125318    0 
150300:    1.00    7.619    0.073 0.000 0.146    0.039 0.095 0.054   -125305    0 
150400:    1.00    7.511    0.084 0.000 0.155    0.038 0.082 0.046   -125386    0 
150500:    1.00    7.782    0.074 0.000 0.149    0.039 0.091 0.056   -125319    0 
150600:    1.00    7.692    0.093 0.000 0.129    0.045 0.087 0.045   -125319    0 
150700:    1.00    7.687    0.075 0.000 0.134    0.031 0.070 0.048   -125360    0 
150800:    1.00    7.746    0.119 0.000 0.162    0.044 0.091 0.051   -125302    0 
150900:    1.00    8.021    0.103 0.000 0.156    0.036 0.094 0.056   -125297    0 

--------------------------------------------
Proportion of membership of each pre-defined
 population in each of the 3 clusters

Given    Inferred Clusters       Number of
 Pop       1      2      3      Individuals

  1:     0.337  0.323  0.340      358
  2:     0.331  0.335  0.333      1039
  3:     0.337  0.332  0.331      603
--------------------------------------------

  Rep#:   Lambda   Alpha      F1    F2    F3     D1,2  D1,3  D2,3    Ln Like  Est Ln P(D)
151000:    1.00    8.128    0.090 0.000 0.136    0.038 0.099 0.056   -125338    0 
151100:    1.00    7.926    0.123 0.000 0.153    0.039 0.090 0.062   -125297    0 
151200:    1.00    7.953    0.108 0.000 0.145    0.056 0.105 0.065   -125315    0 
151300:    1.00    8.014    0.110 0.000 0.180    0.050 0.125 0.070   -125318    0 
151400:    1.00    7.790    0.103 0.000 0.155    0.052 0.111 0.053   -125296    0 
151500:    1.00    7.332    0.106 0.000 0.168    0.043 0.116 0.067   -125297    0 
151600:    1.00    7.365    0.097 0.000 0.179    0.039 0.091 0.053   -125290    0 
151700:    1.00    7.552    0.121 0.000 0.151    0.037 0.087 0.045   -125323    0 
151800:    1.00    7.320    0.104 0.000 0.197    0.037 0.100 0.058   -125228    0 
151900:    1.00    7.639    0.109 0.000 0.132    0.041 0.102 0.048   -125407    0 

--------------------------------------------
Proportion of membership of each pre-defined
 population in each of the 3 clusters

Given    Inferred Clusters       Number of
 Pop       1      2      3      Individuals

  1:     0.337  0.339  0.324      358
  2:     0.332  0.333  0.335      1039
  3:     0.335  0.330  0.335      603
--------------------------------------------

  Rep#:   Lambda   Alpha      F1    F2    F3     D1,2  D1,3  D2,3    Ln Like  Est Ln P(D)
152000:    1.00    7.917    0.089 0.000 0.145    0.042 0.100 0.053   -125325    0 
152100:    1.00    8.051    0.100 0.000 0.160    0.041 0.108 0.060   -125293    0 
152200:    1.00    8.343    0.092 0.000 0.152    0.040 0.101 0.065   -125396    0 
152300:    1.00    8.254    0.103 0.000 0.187    0.044 0.096 0.066   -125278    0 
152400:    1.00    7.862    0.116 0.000 0.220    0.047 0.109 0.067   -125349    0 
152500:    1.00    8.027    0.104 0.000 0.150    0.041 0.091 0.065   -125350    0 
152600:    1.00    7.840    0.112 0.000 0.115    0.041 0.103 0.071   -125356    0 
152700:    1.00    7.834    0.123 0.000 0.160    0.046 0.094 0.059   -125308    0 
152800:    1.00    7.808    0.158 0.000 0.128    0.057 0.118 0.053   -125265    0 
152900:    1.00    8.047    0.174 0.000 0.108    0.057 0.102 0.048   -125325    0 

--------------------------------------------
Proportion of membership of each pre-defined
 population in each of the 3 clusters

Given    Inferred Clusters       Number of
 Pop       1      2      3      Individuals

  1:     0.339  0.329  0.333      358
  2:     0.330  0.332  0.338      1039
  3:     0.335  0.333  0.332      603
--------------------------------------------

  Rep#:   Lambda   Alpha      F1    F2    F3     D1,2  D1,3  D2,3    Ln Like  Est Ln P(D)
153000:    1.00    8.044    0.181 0.000 0.108    0.052 0.085 0.044   -125351    0 
153100:    1.00    8.167    0.154 0.000 0.152    0.046 0.095 0.045   -125351    0 
153200:    1.00    8.444    0.129 0.000 0.122    0.043 0.098 0.054   -125340    0 
153300:    1.00    8.236    0.109 0.000 0.115    0.047 0.094 0.052   -125337    0 
153400:    1.00    8.002    0.099 0.000 0.133    0.043 0.098 0.044   -125309    0 
153500:    1.00    8.018    0.095 0.000 0.109    0.037 0.094 0.051   -125363    0 
153600:    1.00    7.987    0.158 0.000 0.122    0.049 0.114 0.047   -125385    0 
153700:    1.00    8.093    0.145 0.000 0.099    0.053 0.111 0.041   -125381    0 
153800:    1.00    7.955    0.131 0.000 0.156    0.051 0.111 0.050   -125248    0 
153900:    1.00    8.514    0.163 0.000 0.181    0.060 0.114 0.054   -125297    0 

--------------------------------------------
Proportion of membership of each pre-defined
 population in each of the 3 clusters

Given    Inferred Clusters       Number of
 Pop       1      2      3      Individuals

  1:     0.339  0.331  0.330      358
  2:     0.331  0.332  0.337      1039
  3:     0.332  0.337  0.331      603
--------------------------------------------

  Rep#:   Lambda   Alpha      F1    F2    F3     D1,2  D1,3  D2,3    Ln Like  Est Ln P(D)
154000:    1.00    8.390    0.121 0.000 0.119    0.048 0.104 0.051   -125338    0 
154100:    1.00    8.444    0.107 0.000 0.154    0.052 0.113 0.047   -125272    0 
154200:    1.00    8.457    0.128 0.000 0.108    0.057 0.099 0.045   -125337    0 
154300:    1.00    8.328    0.148 0.000 0.127    0.054 0.089 0.042   -125361    0 
154400:    1.00    8.341    0.100 0.000 0.112    0.043 0.079 0.039   -125383    0 
154500:    1.00    8.291    0.106 0.000 0.114    0.039 0.096 0.043   -125353    0 
154600:    1.00    8.371    0.078 0.000 0.101    0.044 0.095 0.034   -125427    0 
154700:    1.00    8.297    0.059 0.000 0.106    0.031 0.083 0.042   -125369    0 
154800:    1.00    8.219    0.057 0.000 0.106    0.021 0.059 0.039   -125451    0 
154900:    1.00    7.970    0.072 0.000 0.087    0.025 0.078 0.043   -125391    0 

--------------------------------------------
Proportion of membership of each pre-defined
 population in each of the 3 clusters

Given    Inferred Clusters       Number of
 Pop       1      2      3      Individuals

  1:     0.322  0.343  0.335      358
  2:     0.333  0.327  0.340      1039
  3:     0.338  0.330  0.331      603
--------------------------------------------

  Rep#:   Lambda   Alpha      F1    F2    F3     D1,2  D1,3  D2,3    Ln Like  Est Ln P(D)
155000:    1.00    8.141    0.057 0.000 0.117    0.017 0.085 0.055   -125367    0 
155100:    1.00    8.398    0.069 0.000 0.121    0.028 0.096 0.056   -125330    0 
155200:    1.00    8.280    0.064 0.000 0.150    0.023 0.092 0.058   -125387    0 
155300:    1.00    7.918    0.061 0.000 0.128    0.027 0.106 0.060   -125384    0 
155400:    1.00    8.051    0.068 0.000 0.136    0.027 0.097 0.053   -125351    0 
155500:    1.00    8.092    0.077 0.000 0.140    0.037 0.094 0.043   -125341    0 
155600:    1.00    7.798    0.098 0.000 0.108    0.037 0.096 0.041   -125341    0 
155700:    1.00    7.700    0.105 0.000 0.118    0.043 0.101 0.040   -125323    0 
155800:    1.00    7.685    0.089 0.000 0.105    0.038 0.082 0.043   -125350    0 
155900:    1.00    7.668    0.122 0.000 0.151    0.036 0.093 0.055   -125242    0 

--------------------------------------------
Proportion of membership of each pre-defined
 population in each of the 3 clusters

Given    Inferred Clusters       Number of
 Pop       1      2      3      Individuals

  1:     0.330  0.330  0.340      358
  2:     0.331  0.330  0.338      1039
  3:     0.335  0.331  0.334      603
--------------------------------------------

  Rep#:   Lambda   Alpha      F1    F2    F3     D1,2  D1,3  D2,3    Ln Like  Est Ln P(D)
156000:    1.00    7.487    0.113 0.000 0.117    0.041 0.113 0.056   -125282    0 
156100:    1.00    7.824    0.120 0.000 0.147    0.039 0.119 0.060   -125308    0 
156200:    1.00    8.146    0.112 0.000 0.130    0.036 0.088 0.043   -125364    0 
156300:    1.00    7.925    0.121 0.000 0.136    0.048 0.100 0.045   -125358    0 
156400:    1.00    7.729    0.144 0.000 0.132    0.052 0.128 0.053   -125251    0 
156500:    1.00    7.555    0.160 0.000 0.130    0.049 0.107 0.057   -125217    0 
156600:    1.00    7.238    0.145 0.000 0.154    0.057 0.108 0.046   -125267    0 
156700:    1.00    7.011    0.134 0.000 0.137    0.057 0.119 0.047   -125195    0 
156800:    1.00    6.790    0.146 0.000 0.127    0.055 0.118 0.052   -125192    0 
156900:    1.00    6.812    0.111 0.000 0.145    0.056 0.137 0.064   -125208    0 

--------------------------------------------
Proportion of membership of each pre-defined
 population in each of the 3 clusters

Given    Inferred Clusters       Number of
 Pop       1      2      3      Individuals

  1:     0.340  0.330  0.330      358
  2:     0.330  0.333  0.337      1039
  3:     0.334  0.338  0.328      603
--------------------------------------------

  Rep#:   Lambda   Alpha      F1    F2    F3     D1,2  D1,3  D2,3    Ln Like  Est Ln P(D)
157000:    1.00    7.059    0.099 0.000 0.150    0.051 0.116 0.058   -125225    0 
157100:    1.00    6.998    0.115 0.000 0.133    0.038 0.103 0.056   -125231    0 
157200:    1.00    7.030    0.112 0.000 0.131    0.040 0.092 0.046   -125298    0 
157300:    1.00    7.246    0.131 0.000 0.106    0.033 0.073 0.041   -125312    0 
157400:    1.00    7.379    0.138 0.000 0.126    0.047 0.098 0.044   -125349    0 
157500:    1.00    7.608    0.134 0.000 0.113    0.066 0.096 0.038   -125263    0 
157600:    1.00    7.819    0.191 0.000 0.097    0.054 0.084 0.034   -125374    0 
157700:    1.00    7.643    0.150 0.000 0.096    0.050 0.095 0.037   -125313    0 
157800:    1.00    7.685    0.138 0.000 0.117    0.053 0.102 0.042   -125297    0 
157900:    1.00    7.775    0.092 0.000 0.103    0.036 0.083 0.046   -125400    0 

--------------------------------------------
Proportion of membership of each pre-defined
 population in each of the 3 clusters

Given    Inferred Clusters       Number of
 Pop       1      2      3      Individuals

  1:     0.343  0.331  0.327      358
  2:     0.335  0.331  0.334      1039
  3:     0.333  0.340  0.327      603
--------------------------------------------

  Rep#:   Lambda   Alpha      F1    F2    F3     D1,2  D1,3  D2,3    Ln Like  Est Ln P(D)
158000:    1.00    8.082    0.105 0.000 0.107    0.045 0.094 0.038   -125425    0 
158100:    1.00    7.959    0.127 0.000 0.097    0.048 0.101 0.039   -125316    0 
158200:    1.00    7.845    0.137 0.000 0.122    0.052 0.099 0.037   -125328    0 
158300:    1.00    8.302    0.124 0.000 0.115    0.055 0.108 0.046   -125316    0 
158400:    1.00    8.308    0.102 0.000 0.114    0.054 0.098 0.040   -125302    0 
158500:    1.00    8.434    0.099 0.000 0.123    0.047 0.095 0.045   -125340    0 
158600:    1.00    8.602    0.102 0.000 0.120    0.046 0.080 0.042   -125335    0 
158700:    1.00    8.598    0.095 0.000 0.125    0.044 0.080 0.042   -125394    0 
158800:    1.00    8.397    0.089 0.000 0.124    0.042 0.092 0.051   -125386    0 
158900:    1.00    8.349    0.074 0.000 0.131    0.032 0.072 0.047   -125391    0 

--------------------------------------------
Proportion of membership of each pre-defined
 population in each of the 3 clusters

Given    Inferred Clusters       Number of
 Pop       1      2      3      Individuals

  1:     0.332  0.327  0.341      358
  2:     0.329  0.334  0.337      1039
  3:     0.336  0.329  0.335      603
--------------------------------------------

  Rep#:   Lambda   Alpha      F1    F2    F3     D1,2  D1,3  D2,3    Ln Like  Est Ln P(D)
159000:    1.00    7.909    0.136 0.000 0.138    0.042 0.083 0.044   -125308    0 
159100:    1.00    7.609    0.106 0.000 0.096    0.055 0.092 0.042   -125373    0 
159200:    1.00    7.784    0.119 0.000 0.121    0.049 0.081 0.040   -125325    0 
159300:    1.00    7.632    0.129 0.000 0.124    0.045 0.081 0.044   -125357    0 
159400:    1.00    7.420    0.115 0.000 0.105    0.052 0.089 0.037   -125311    0 
159500:    1.00    7.794    0.143 0.000 0.113    0.046 0.085 0.044   -125280    0 
159600:    1.00    7.738    0.149 0.000 0.107    0.067 0.108 0.044   -125210    0 
159700:    1.00    7.987    0.136 0.000 0.118    0.053 0.088 0.035   -125317    0 
159800:    1.00    7.917    0.108 0.000 0.099    0.043 0.085 0.041   -125375    0 
159900:    1.00    7.760    0.116 0.000 0.081    0.029 0.062 0.036   -125402    0 

--------------------------------------------
Proportion of membership of each pre-defined
 population in each of the 3 clusters

Given    Inferred Clusters       Number of
 Pop       1      2      3      Individuals

  1:     0.332  0.338  0.330      358
  2:     0.337  0.330  0.333      1039
  3:     0.337  0.331  0.332      603
--------------------------------------------

  Rep#:   Lambda   Alpha      F1    F2    F3     D1,2  D1,3  D2,3    Ln Like  Est Ln P(D)
160000:    1.00    8.021    0.091 0.000 0.102    0.040 0.084 0.041   -125348    0 
160100:    1.00    8.555    0.115 0.000 0.090    0.037 0.095 0.041   -125288    0 
160200:    1.00    8.557    0.102 0.000 0.102    0.037 0.082 0.041   -125453    0 
160300:    1.00    9.020    0.106 0.000 0.085    0.040 0.078 0.038   -125414    0 
160400:    1.00    8.805    0.077 0.000 0.104    0.034 0.070 0.036   -125466    0 
160500:    1.00    9.264    0.081 0.000 0.101    0.027 0.059 0.039   -125498    0 
160600:    1.00    9.554    0.088 0.000 0.100    0.029 0.073 0.042   -125493    0 
160700:    1.00    9.894    0.075 0.000 0.103    0.036 0.097 0.043   -125449    0 
160800:    1.00    9.928    0.094 0.000 0.118    0.035 0.086 0.037   -125429    0 
160900:    1.00    9.792    0.107 0.000 0.112    0.035 0.087 0.042   -125433    0 

--------------------------------------------
Proportion of membership of each pre-defined
 population in each of the 3 clusters

Given    Inferred Clusters       Number of
 Pop       1      2      3      Individuals

  1:     0.338  0.340  0.321      358
  2:     0.336  0.329  0.335      1039
  3:     0.327  0.334  0.339      603
--------------------------------------------

  Rep#:   Lambda   Alpha      F1    F2    F3     D1,2  D1,3  D2,3    Ln Like  Est Ln P(D)
161000:    1.00    9.996    0.112 0.000 0.099    0.038 0.083 0.033   -125429    0 
161100:    1.00    9.744    0.079 0.000 0.090    0.034 0.076 0.035   -125490    0 
161200:    1.00    9.623    0.116 0.000 0.079    0.042 0.098 0.040   -125420    0 
161300:    1.00    9.583    0.101 0.000 0.094    0.043 0.105 0.042   -125421    0 
161400:    1.00    9.999    0.104 0.000 0.090    0.043 0.096 0.037   -125465    0 
161500:    1.00    9.873    0.093 0.000 0.077    0.038 0.083 0.034   -125484    0 
161600:    1.00    9.901    0.081 0.000 0.102    0.034 0.069 0.040   -125485    0 
161700:    1.00    9.623    0.112 0.000 0.108    0.036 0.098 0.055   -125431    0 
161800:    1.00    9.632    0.127 0.000 0.125    0.050 0.127 0.064   -125374    0 
161900:    1.00    9.620    0.086 0.000 0.103    0.032 0.070 0.053   -125449    0 

--------------------------------------------
Proportion of membership of each pre-defined
 population in each of the 3 clusters

Given    Inferred Clusters       Number of
 Pop       1      2      3      Individuals

  1:     0.324  0.342  0.334      358
  2:     0.329  0.336  0.336      1039
  3:     0.330  0.334  0.336      603
--------------------------------------------

  Rep#:   Lambda   Alpha      F1    F2    F3     D1,2  D1,3  D2,3    Ln Like  Est Ln P(D)
162000:    1.00    9.522    0.088 0.000 0.113    0.032 0.077 0.052   -125472    0 
162100:    1.00    9.173    0.121 0.000 0.137    0.040 0.098 0.058   -125366    0 
162200:    1.00    9.465    0.112 0.000 0.127    0.040 0.089 0.059   -125377    0 
162300:    1.00    8.885    0.151 0.000 0.137    0.053 0.117 0.055   -125380    0 
162400:    1.00    8.848    0.132 0.000 0.096    0.059 0.098 0.040   -125362    0 
162500:    1.00    8.286    0.096 0.000 0.111    0.055 0.119 0.057   -125354    0 
162600:    1.00    7.713    0.125 0.000 0.100    0.045 0.084 0.043   -125341    0 
162700:    1.00    7.669    0.108 0.000 0.111    0.038 0.080 0.039   -125341    0 
162800:    1.00    7.761    0.090 0.000 0.118    0.034 0.101 0.057   -125286    0 
162900:    1.00    7.905    0.118 0.000 0.095    0.041 0.086 0.037   -125352    0 

--------------------------------------------
Proportion of membership of each pre-defined
 population in each of the 3 clusters

Given    Inferred Clusters       Number of
 Pop       1      2      3      Individuals

  1:     0.329  0.337  0.334      358
  2:     0.339  0.330  0.331      1039
  3:     0.328  0.338  0.334      603
--------------------------------------------

  Rep#:   Lambda   Alpha      F1    F2    F3     D1,2  D1,3  D2,3    Ln Like  Est Ln P(D)
163000:    1.00    7.860    0.082 0.000 0.122    0.036 0.092 0.048   -125335    0 
163100:    1.00    7.981    0.090 0.000 0.123    0.040 0.107 0.047   -125339    0 
163200:    1.00    7.825    0.067 0.000 0.117    0.031 0.090 0.050   -125324    0 
163300:    1.00    7.424    0.139 0.000 0.162    0.051 0.131 0.055   -125248    0 
163400:    1.00    6.930    0.125 0.000 0.107    0.045 0.095 0.048   -125243    0 
163500:    1.00    7.004    0.151 0.000 0.145    0.055 0.115 0.047   -125191    0 
163600:    1.00    7.013    0.131 0.000 0.175    0.052 0.117 0.054   -125255    0 
163700:    1.00    7.388    0.103 0.000 0.098    0.038 0.089 0.046   -125295    0 
163800:    1.00    7.053    0.106 0.000 0.109    0.036 0.089 0.039   -125287    0 
163900:    1.00    6.510    0.109 0.000 0.122    0.031 0.090 0.045   -125308    0 

--------------------------------------------
Proportion of membership of each pre-defined
 population in each of the 3 clusters

Given    Inferred Clusters       Number of
 Pop       1      2      3      Individuals

  1:     0.337  0.336  0.327      358
  2:     0.331  0.328  0.342      1039
  3:     0.331  0.335  0.334      603
--------------------------------------------

  Rep#:   Lambda   Alpha      F1    F2    F3     D1,2  D1,3  D2,3    Ln Like  Est Ln P(D)
164000:    1.00    6.467    0.078 0.000 0.132    0.028 0.091 0.051   -125382    0 
164100:    1.00    6.685    0.052 0.000 0.119    0.022 0.072 0.053   -125346    0 
164200:    1.00    6.727    0.051 0.000 0.127    0.020 0.073 0.047   -125316    0 
164300:    1.00    6.542    0.050 0.000 0.116    0.022 0.084 0.055   -125303    0 
164400:    1.00    6.344    0.068 0.000 0.141    0.021 0.074 0.055   -125372    0 
164500:    1.00    6.392    0.052 0.000 0.120    0.023 0.084 0.052   -125338    0 
164600:    1.00    6.133    0.051 0.000 0.144    0.016 0.069 0.052   -125360    0 
164700:    1.00    6.219    0.038 0.000 0.104    0.018 0.067 0.045   -125360    0 
164800:    1.00    6.516    0.049 0.000 0.133    0.021 0.067 0.039   -125327    0 
164900:    1.00    6.491    0.079 0.000 0.095    0.027 0.076 0.038   -125299    0 

--------------------------------------------
Proportion of membership of each pre-defined
 population in each of the 3 clusters

Given    Inferred Clusters       Number of
 Pop       1      2      3      Individuals

  1:     0.336  0.339  0.324      358
  2:     0.336  0.332  0.332      1039
  3:     0.339  0.326  0.335      603
--------------------------------------------

  Rep#:   Lambda   Alpha      F1    F2    F3     D1,2  D1,3  D2,3    Ln Like  Est Ln P(D)
165000:    1.00    6.602    0.063 0.000 0.086    0.025 0.065 0.033   -125409    0 
165100:    1.00    6.366    0.089 0.000 0.118    0.029 0.097 0.047   -125262    0 
165200:    1.00    6.239    0.111 0.000 0.140    0.035 0.102 0.049   -125214    0 
165300:    1.00    6.394    0.109 0.000 0.125    0.035 0.087 0.044   -125311    0 
165400:    1.00    6.185    0.105 0.000 0.115    0.034 0.073 0.039   -125293    0 
165500:    1.00    6.427    0.123 0.000 0.133    0.030 0.074 0.044   -125288    0 
165600:    1.00    6.611    0.087 0.000 0.136    0.030 0.086 0.044   -125332    0 
165700:    1.00    6.392    0.073 0.000 0.122    0.032 0.087 0.041   -125290    0 
165800:    1.00    6.381    0.066 0.000 0.126    0.033 0.082 0.043   -125318    0 
165900:    1.00    6.516    0.084 0.000 0.098    0.041 0.082 0.037   -125372    0 

--------------------------------------------
Proportion of membership of each pre-defined
 population in each of the 3 clusters

Given    Inferred Clusters       Number of
 Pop       1      2      3      Individuals

  1:     0.344  0.332  0.325      358
  2:     0.330  0.337  0.333      1039
  3:     0.331  0.332  0.337      603
--------------------------------------------

  Rep#:   Lambda   Alpha      F1    F2    F3     D1,2  D1,3  D2,3    Ln Like  Est Ln P(D)
166000:    1.00    6.580    0.123 0.000 0.098    0.048 0.104 0.050   -125238    0 
166100:    1.00    6.734    0.112 0.000 0.083    0.042 0.107 0.049   -125193    0 
166200:    1.00    6.749    0.104 0.000 0.122    0.044 0.103 0.056   -125245    0 
166300:    1.00    6.592    0.085 0.000 0.123    0.038 0.107 0.057   -125169    0 
166400:    1.00    6.711    0.075 0.000 0.131    0.035 0.087 0.045   -125329    0 
166500:    1.00    6.476    0.091 0.000 0.130    0.035 0.090 0.049   -125257    0 
166600:    1.00    6.172    0.086 0.000 0.101    0.032 0.082 0.044   -125247    0 
166700:    1.00    5.689    0.083 0.000 0.130    0.033 0.096 0.045   -125237    0 
166800:    1.00    5.701    0.089 0.000 0.105    0.038 0.103 0.049   -125201    0 
166900:    1.00    5.831    0.071 0.000 0.103    0.034 0.083 0.043   -125183    0 

--------------------------------------------
Proportion of membership of each pre-defined
 population in each of the 3 clusters

Given    Inferred Clusters       Number of
 Pop       1      2      3      Individuals

  1:     0.327  0.339  0.334      358
  2:     0.336  0.335  0.329      1039
  3:     0.330  0.333  0.337      603
--------------------------------------------

  Rep#:   Lambda   Alpha      F1    F2    F3     D1,2  D1,3  D2,3    Ln Like  Est Ln P(D)
167000:    1.00    5.442    0.070 0.000 0.108    0.033 0.088 0.045   -125221    0 
167100:    1.00    5.578    0.097 0.000 0.103    0.035 0.082 0.042   -125240    0 
167200:    1.00    5.699    0.082 0.000 0.071    0.035 0.071 0.030   -125292    0 
167300:    1.00    5.510    0.103 0.000 0.072    0.034 0.071 0.028   -125273    0 
167400:    1.00    5.330    0.074 0.000 0.110    0.025 0.061 0.035   -125162    0 
167500:    1.00    5.565    0.089 0.000 0.079    0.029 0.058 0.029   -125271    0 
167600:    1.00    5.875    0.069 0.000 0.087    0.027 0.068 0.035   -125278    0 
167700:    1.00    5.902    0.062 0.000 0.095    0.025 0.065 0.037   -125279    0 
167800:    1.00    6.239    0.077 0.000 0.113    0.028 0.070 0.034   -125271    0 
167900:    1.00    6.404    0.066 0.000 0.104    0.027 0.077 0.040   -125269    0 

--------------------------------------------
Proportion of membership of each pre-defined
 population in each of the 3 clusters

Given    Inferred Clusters       Number of
 Pop       1      2      3      Individuals

  1:     0.342  0.330  0.329      358
  2:     0.340  0.332  0.328      1039
  3:     0.335  0.332  0.333      603
--------------------------------------------

  Rep#:   Lambda   Alpha      F1    F2    F3     D1,2  D1,3  D2,3    Ln Like  Est Ln P(D)
168000:    1.00    6.366    0.076 0.000 0.095    0.028 0.084 0.047   -125285    0 
168100:    1.00    5.988    0.069 0.000 0.110    0.028 0.073 0.043   -125304    0 
168200:    1.00    5.894    0.101 0.000 0.158    0.037 0.095 0.046   -125229    0 
168300:    1.00    5.691    0.076 0.000 0.130    0.038 0.104 0.050   -125206    0 
168400:    1.00    5.626    0.101 0.000 0.118    0.038 0.088 0.043   -125168    0 
168500:    1.00    5.328    0.090 0.000 0.131    0.038 0.093 0.040   -125213    0 
168600:    1.00    5.171    0.095 0.000 0.111    0.042 0.105 0.045   -125136    0 
168700:    1.00    5.267    0.088 0.000 0.129    0.036 0.092 0.046   -125167    0 
168800:    1.00    5.422    0.124 0.000 0.114    0.052 0.114 0.039   -125163    0 
168900:    1.00    5.454    0.133 0.000 0.116    0.038 0.081 0.038   -125237    0 

--------------------------------------------
Proportion of membership of each pre-defined
 population in each of the 3 clusters

Given    Inferred Clusters       Number of
 Pop       1      2      3      Individuals

  1:     0.337  0.341  0.322      358
  2:     0.337  0.335  0.328      1039
  3:     0.329  0.337  0.334      603
--------------------------------------------

  Rep#:   Lambda   Alpha      F1    F2    F3     D1,2  D1,3  D2,3    Ln Like  Est Ln P(D)
169000:    1.00    5.582    0.103 0.000 0.103    0.037 0.078 0.037   -125204    0 
169100:    1.00    5.287    0.098 0.000 0.138    0.038 0.085 0.039   -125185    0 
169200:    1.00    5.367    0.097 0.000 0.104    0.043 0.083 0.032   -125182    0 
169300:    1.00    5.591    0.081 0.000 0.102    0.034 0.078 0.035   -125254    0 
169400:    1.00    5.410    0.083 0.000 0.086    0.032 0.070 0.032   -125260    0 
169500:    1.00    5.536    0.070 0.000 0.075    0.032 0.057 0.026   -125288    0 
169600:    1.00    5.305    0.077 0.000 0.090    0.032 0.069 0.031   -125289    0 
169700:    1.00    5.292    0.086 0.000 0.101    0.033 0.072 0.033   -125263    0 
169800:    1.00    5.323    0.083 0.000 0.136    0.035 0.074 0.038   -125251    0 
169900:    1.00    5.126    0.081 0.000 0.121    0.036 0.072 0.036   -125223    0 

--------------------------------------------
Proportion of membership of each pre-defined
 population in each of the 3 clusters

Given    Inferred Clusters       Number of
 Pop       1      2      3      Individuals

  1:     0.328  0.339  0.333      358
  2:     0.329  0.336  0.334      1039
  3:     0.330  0.337  0.333      603
--------------------------------------------

  Rep#:   Lambda   Alpha      F1    F2    F3     D1,2  D1,3  D2,3    Ln Like  Est Ln P(D)
170000:    1.00    5.278    0.093 0.000 0.117    0.032 0.077 0.039   -125286    0 
170100:    1.00    5.796    0.079 0.000 0.115    0.032 0.081 0.040   -125260    0 
170200:    1.00    6.051    0.116 0.000 0.121    0.036 0.091 0.047   -125252    0 
170300:    1.00    6.247    0.106 0.000 0.125    0.037 0.075 0.044   -125328    0 
170400:    1.00    6.158    0.121 0.000 0.104    0.039 0.083 0.044   -125341    0 
170500:    1.00    6.214    0.108 0.000 0.111    0.043 0.075 0.035   -125259    0 
170600:    1.00    6.444    0.153 0.000 0.100    0.053 0.089 0.032   -125272    0 
170700:    1.00    6.186    0.124 0.000 0.114    0.044 0.072 0.031   -125302    0 
170800:    1.00    5.786    0.107 0.000 0.076    0.043 0.058 0.023   -125315    0 
170900:    1.00    5.876    0.091 0.000 0.060    0.038 0.057 0.026   -125346    0 

--------------------------------------------
Proportion of membership of each pre-defined
 population in each of the 3 clusters

Given    Inferred Clusters       Number of
 Pop       1      2      3      Individuals

  1:     0.336  0.338  0.327      358
  2:     0.334  0.335  0.331      1039
  3:     0.334  0.337  0.328      603
--------------------------------------------

  Rep#:   Lambda   Alpha      F1    F2    F3     D1,2  D1,3  D2,3    Ln Like  Est Ln P(D)
171000:    1.00    5.916    0.119 0.000 0.065    0.040 0.061 0.027   -125385    0 
171100:    1.00    6.065    0.125 0.000 0.086    0.046 0.073 0.034   -125285    0 
171200:    1.00    5.980    0.123 0.000 0.094    0.049 0.080 0.037   -125321    0 
171300:    1.00    5.796    0.117 0.000 0.091    0.045 0.084 0.037   -125224    0 
171400:    1.00    5.888    0.135 0.000 0.096    0.041 0.089 0.037   -125298    0 
171500:    1.00    6.175    0.102 0.000 0.094    0.044 0.091 0.036   -125280    0 
171600:    1.00    6.067    0.112 0.000 0.081    0.044 0.078 0.028   -125366    0 
171700:    1.00    6.172    0.100 0.000 0.065    0.042 0.076 0.024   -125361    0 
171800:    1.00    6.337    0.117 0.000 0.067    0.043 0.080 0.027   -125336    0 
171900:    1.00    5.903    0.123 0.000 0.062    0.034 0.058 0.019   -125371    0 

--------------------------------------------
Proportion of membership of each pre-defined
 population in each of the 3 clusters

Given    Inferred Clusters       Number of
 Pop       1      2      3      Individuals

  1:     0.335  0.329  0.336      358
  2:     0.335  0.332  0.334      1039
  3:     0.336  0.331  0.333      603
--------------------------------------------

  Rep#:   Lambda   Alpha      F1    F2    F3     D1,2  D1,3  D2,3    Ln Like  Est Ln P(D)
172000:    1.00    5.514    0.097 0.000 0.047    0.038 0.083 0.026   -125315    0 
172100:    1.00    5.333    0.125 0.000 0.059    0.036 0.066 0.019   -125318    0 
172200:    1.00    5.369    0.096 0.000 0.042    0.035 0.064 0.018   -125357    0 
172300:    1.00    5.317    0.088 0.000 0.038    0.032 0.045 0.016   -125409    0 
172400:    1.00    5.205    0.069 0.000 0.063    0.028 0.047 0.020   -125365    0 
172500:    1.00    5.158    0.072 0.000 0.066    0.026 0.051 0.025   -125456    0 
172600:    1.00    5.077    0.089 0.000 0.067    0.033 0.063 0.028   -125353    0 
172700:    1.00    5.064    0.093 0.000 0.069    0.038 0.079 0.035   -125263    0 
172800:    1.00    4.852    0.092 0.000 0.068    0.038 0.060 0.032   -125338    0 
172900:    1.00    5.047    0.072 0.000 0.078    0.032 0.061 0.043   -125251    0 

--------------------------------------------
Proportion of membership of each pre-defined
 population in each of the 3 clusters

Given    Inferred Clusters       Number of
 Pop       1      2      3      Individuals

  1:     0.336  0.328  0.335      358
  2:     0.330  0.331  0.339      1039
  3:     0.322  0.339  0.339      603
--------------------------------------------

  Rep#:   Lambda   Alpha      F1    F2    F3     D1,2  D1,3  D2,3    Ln Like  Est Ln P(D)
173000:    1.00    5.012    0.081 0.000 0.106    0.027 0.067 0.051   -125249    0 
173100:    1.00    5.077    0.062 0.000 0.090    0.031 0.061 0.038   -125320    0 
173200:    1.00    5.199    0.063 0.000 0.086    0.028 0.063 0.037   -125265    0 
173300:    1.00    5.038    0.072 0.000 0.080    0.031 0.059 0.038   -125285    0 
173400:    1.00    5.334    0.083 0.000 0.097    0.032 0.075 0.043   -125252    0 
173500:    1.00    5.355    0.081 0.000 0.122    0.033 0.081 0.045   -125231    0 
173600:    1.00    5.646    0.080 0.000 0.111    0.031 0.061 0.040   -125239    0 
173700:    1.00    5.495    0.096 0.000 0.145    0.034 0.086 0.050   -125255    0 
173800:    1.00    5.487    0.099 0.000 0.147    0.035 0.078 0.047   -125251    0 
173900:    1.00    5.792    0.104 0.000 0.130    0.035 0.080 0.057   -125226    0 

--------------------------------------------
Proportion of membership of each pre-defined
 population in each of the 3 clusters

Given    Inferred Clusters       Number of
 Pop       1      2      3      Individuals

  1:     0.334  0.342  0.325      358
  2:     0.336  0.326  0.338      1039
  3:     0.329  0.335  0.336      603
--------------------------------------------

  Rep#:   Lambda   Alpha      F1    F2    F3     D1,2  D1,3  D2,3    Ln Like  Est Ln P(D)
174000:    1.00    5.884    0.107 0.000 0.106    0.043 0.088 0.051   -125192    0 
174100:    1.00    6.286    0.098 0.000 0.119    0.041 0.087 0.050   -125235    0 
174200:    1.00    6.074    0.112 0.000 0.112    0.049 0.114 0.054   -125125    0 
174300:    1.00    6.087    0.113 0.000 0.131    0.048 0.074 0.039   -125291    0 
174400:    1.00    6.118    0.074 0.000 0.104    0.040 0.077 0.043   -125275    0 
174500:    1.00    6.118    0.118 0.000 0.100    0.042 0.070 0.040   -125285    0 
174600:    1.00    6.273    0.090 0.000 0.121    0.039 0.084 0.047   -125262    0 
174700:    1.00    6.519    0.126 0.000 0.117    0.046 0.096 0.044   -125240    0 
174800:    1.00    6.613    0.159 0.000 0.137    0.047 0.111 0.055   -125310    0 
174900:    1.00    6.595    0.112 0.000 0.157    0.042 0.097 0.055   -125196    0 

--------------------------------------------
Proportion of membership of each pre-defined
 population in each of the 3 clusters

Given    Inferred Clusters       Number of
 Pop       1      2      3      Individuals

  1:     0.334  0.338  0.329      358
  2:     0.336  0.328  0.336      1039
  3:     0.342  0.323  0.335      603
--------------------------------------------

  Rep#:   Lambda   Alpha      F1    F2    F3     D1,2  D1,3  D2,3    Ln Like  Est Ln P(D)
175000:    1.00    6.741    0.106 0.000 0.146    0.030 0.095 0.066   -125293    0 
175100:    1.00    6.905    0.091 0.000 0.164    0.030 0.090 0.071   -125327    0 
175200:    1.00    7.077    0.093 0.000 0.128    0.033 0.090 0.062   -125256    0 
175300:    1.00    6.849    0.099 0.000 0.127    0.036 0.093 0.061   -125257    0 
175400:    1.00    6.828    0.102 0.000 0.138    0.037 0.076 0.048   -125293    0 
175500:    1.00    7.540    0.089 0.000 0.099    0.049 0.099 0.056   -125285    0 
175600:    1.00    7.552    0.115 0.000 0.108    0.051 0.095 0.048   -125314    0 
175700:    1.00    7.879    0.115 0.000 0.091    0.046 0.085 0.048   -125419    0 
175800:    1.00    7.716    0.095 0.000 0.106    0.043 0.097 0.049   -125358    0 
175900:    1.00    7.511    0.122 0.000 0.105    0.045 0.123 0.060   -125324    0 

--------------------------------------------
Proportion of membership of each pre-defined
 population in each of the 3 clusters

Given    Inferred Clusters       Number of
 Pop       1      2      3      Individuals

  1:     0.349  0.328  0.323      358
  2:     0.337  0.332  0.330      1039
  3:     0.334  0.330  0.336      603
--------------------------------------------

  Rep#:   Lambda   Alpha      F1    F2    F3     D1,2  D1,3  D2,3    Ln Like  Est Ln P(D)
176000:    1.00    7.731    0.093 0.000 0.103    0.037 0.106 0.057   -125294    0 
176100:    1.00    7.163    0.084 0.000 0.094    0.037 0.095 0.057   -125279    0 
176200:    1.00    7.415    0.092 0.000 0.118    0.040 0.083 0.048   -125306    0 
176300:    1.00    7.302    0.089 0.000 0.131    0.028 0.077 0.059   -125336    0 
176400:    1.00    7.146    0.080 0.000 0.114    0.033 0.098 0.064   -125279    0 
176500:    1.00    7.107    0.078 0.000 0.125    0.033 0.094 0.063   -125301    0 
176600:    1.00    7.195    0.089 0.000 0.168    0.029 0.091 0.061   -125359    0 
176700:    1.00    7.300    0.057 0.000 0.176    0.025 0.105 0.066   -125304    0 
176800:    1.00    7.263    0.097 0.000 0.127    0.028 0.108 0.063   -125314    0 
176900:    1.00    6.818    0.086 0.000 0.110    0.030 0.077 0.048   -125321    0 

--------------------------------------------
Proportion of membership of each pre-defined
 population in each of the 3 clusters

Given    Inferred Clusters       Number of
 Pop       1      2      3      Individuals

  1:     0.333  0.334  0.333      358
  2:     0.338  0.324  0.337      1039
  3:     0.333  0.335  0.332      603
--------------------------------------------

  Rep#:   Lambda   Alpha      F1    F2    F3     D1,2  D1,3  D2,3    Ln Like  Est Ln P(D)
177000:    1.00    6.790    0.076 0.000 0.135    0.031 0.079 0.041   -125362    0 
177100:    1.00    7.096    0.078 0.000 0.116    0.035 0.085 0.040   -125291    0 
177200:    1.00    6.784    0.077 0.000 0.111    0.027 0.074 0.041   -125345    0 
177300:    1.00    6.534    0.095 0.000 0.163    0.033 0.075 0.047   -125313    0 
177400:    1.00    6.354    0.091 0.000 0.173    0.031 0.077 0.046   -125234    0 
177500:    1.00    6.246    0.076 0.000 0.134    0.033 0.077 0.041   -125296    0 
177600:    1.00    5.899    0.080 0.000 0.119    0.029 0.056 0.037   -125302    0 
177700:    1.00    5.485    0.072 0.000 0.108    0.029 0.069 0.043   -125283    0 
177800:    1.00    5.748    0.075 0.000 0.084    0.032 0.057 0.025   -125270    0 
177900:    1.00    5.651    0.078 0.000 0.107    0.026 0.063 0.038   -125338    0 

--------------------------------------------
Proportion of membership of each pre-defined
 population in each of the 3 clusters

Given    Inferred Clusters       Number of
 Pop       1      2      3      Individuals

  1:     0.336  0.337  0.327      358
  2:     0.339  0.335  0.326      1039
  3:     0.337  0.335  0.328      603
--------------------------------------------

  Rep#:   Lambda   Alpha      F1    F2    F3     D1,2  D1,3  D2,3    Ln Like  Est Ln P(D)
178000:    1.00    5.343    0.075 0.000 0.097    0.025 0.060 0.040   -125221    0 
178100:    1.00    5.214    0.079 0.000 0.120    0.028 0.082 0.046   -125188    0 
178200:    1.00    5.635    0.065 0.000 0.086    0.025 0.070 0.042   -125326    0 
178300:    1.00    5.570    0.070 0.000 0.116    0.025 0.068 0.038   -125249    0 
178400:    1.00    5.241    0.077 0.000 0.110    0.027 0.071 0.037   -125276    0 
178500:    1.00    5.041    0.074 0.000 0.090    0.024 0.068 0.040   -125237    0 
178600:    1.00    4.864    0.077 0.000 0.094    0.030 0.074 0.034   -125238    0 
178700:    1.00    4.694    0.066 0.000 0.092    0.027 0.075 0.044   -125216    0 
178800:    1.00    5.079    0.063 0.000 0.093    0.034 0.073 0.038   -125277    0 
178900:    1.00    4.951    0.060 0.000 0.102    0.031 0.066 0.038   -125244    0 

--------------------------------------------
Proportion of membership of each pre-defined
 population in each of the 3 clusters

Given    Inferred Clusters       Number of
 Pop       1      2      3      Individuals

  1:     0.334  0.326  0.340      358
  2:     0.332  0.331  0.337      1039
  3:     0.331  0.336  0.333      603
--------------------------------------------

  Rep#:   Lambda   Alpha      F1    F2    F3     D1,2  D1,3  D2,3    Ln Like  Est Ln P(D)
179000:    1.00    4.831    0.067 0.000 0.115    0.033 0.065 0.035   -125206    0 
179100:    1.00    5.138    0.075 0.000 0.109    0.038 0.071 0.038   -125260    0 
179200:    1.00    5.172    0.103 0.000 0.094    0.039 0.079 0.036   -125203    0 
179300:    1.00    5.469    0.084 0.000 0.114    0.039 0.080 0.036   -125260    0 
179400:    1.00    5.118    0.089 0.000 0.117    0.039 0.067 0.031   -125207    0 
179500:    1.00    4.950    0.060 0.000 0.107    0.040 0.081 0.035   -125230    0 
179600:    1.00    5.077    0.078 0.000 0.093    0.034 0.086 0.041   -125263    0 
179700:    1.00    5.188    0.093 0.000 0.075    0.038 0.090 0.035   -125246    0 
179800:    1.00    5.161    0.083 0.000 0.082    0.036 0.072 0.030   -125262    0 
179900:    1.00    5.097    0.090 0.000 0.082    0.037 0.070 0.036   -125290    0 

--------------------------------------------
Proportion of membership of each pre-defined
 population in each of the 3 clusters

Given    Inferred Clusters       Number of
 Pop       1      2      3      Individuals

  1:     0.342  0.326  0.332      358
  2:     0.337  0.335  0.329      1039
  3:     0.333  0.331  0.336      603
--------------------------------------------

  Rep#:   Lambda   Alpha      F1    F2    F3     D1,2  D1,3  D2,3    Ln Like  Est Ln P(D)
180000:    1.00    5.064    0.106 0.000 0.085    0.033 0.072 0.036   -125258    0 
180100:    1.00    5.452    0.084 0.000 0.089    0.034 0.072 0.031   -125311    0 
180200:    1.00    5.327    0.077 0.000 0.094    0.021 0.057 0.032   -125275    0 
180300:    1.00    5.395    0.076 0.000 0.111    0.019 0.062 0.039   -125318    0 
180400:    1.00    5.154    0.076 0.000 0.102    0.032 0.068 0.030   -125352    0 
180500:    1.00    5.263    0.065 0.000 0.083    0.022 0.060 0.030   -125320    0 
180600:    1.00    5.195    0.053 0.000 0.087    0.021 0.062 0.034   -125375    0 
180700:    1.00    5.049    0.079 0.000 0.079    0.024 0.058 0.036   -125322    0 
180800:    1.00    4.771    0.063 0.000 0.083    0.021 0.055 0.037   -125293    0 
180900:    1.00    5.091    0.065 0.000 0.124    0.019 0.056 0.040   -125343    0 

--------------------------------------------
Proportion of membership of each pre-defined
 population in each of the 3 clusters

Given    Inferred Clusters       Number of
 Pop       1      2      3      Individuals

  1:     0.336  0.333  0.331      358
  2:     0.330  0.328  0.342      1039
  3:     0.335  0.334  0.331      603
--------------------------------------------

  Rep#:   Lambda   Alpha      F1    F2    F3     D1,2  D1,3  D2,3    Ln Like  Est Ln P(D)
181000:    1.00    5.532    0.055 0.000 0.097    0.018 0.058 0.041   -125397    0 
181100:    1.00    5.576    0.060 0.000 0.089    0.017 0.048 0.032   -125387    0 
181200:    1.00    5.619    0.043 0.000 0.073    0.015 0.046 0.032   -125351    0 
181300:    1.00    5.432    0.050 0.000 0.086    0.020 0.052 0.030   -125307    0 
181400:    1.00    5.171    0.041 0.000 0.085    0.017 0.057 0.036   -125346    0 
181500:    1.00    5.171    0.054 0.000 0.097    0.024 0.065 0.037   -125350    0 
181600:    1.00    4.839    0.044 0.000 0.098    0.017 0.045 0.034   -125338    0 
181700:    1.00    4.826    0.063 0.000 0.088    0.024 0.061 0.033   -125307    0 
181800:    1.00    4.987    0.063 0.000 0.091    0.022 0.065 0.037   -125263    0 
181900:    1.00    4.710    0.089 0.000 0.076    0.024 0.058 0.034   -125262    0 

--------------------------------------------
Proportion of membership of each pre-defined
 population in each of the 3 clusters

Given    Inferred Clusters       Number of
 Pop       1      2      3      Individuals

  1:     0.334  0.335  0.331      358
  2:     0.335  0.340  0.325      1039
  3:     0.328  0.340  0.332      603
--------------------------------------------

  Rep#:   Lambda   Alpha      F1    F2    F3     D1,2  D1,3  D2,3    Ln Like  Est Ln P(D)
182000:    1.00    4.511    0.052 0.000 0.076    0.022 0.051 0.030   -125369    0 
182100:    1.00    4.730    0.046 0.000 0.079    0.018 0.064 0.040   -125285    0 
182200:    1.00    4.873    0.066 0.000 0.114    0.023 0.077 0.042   -125237    0 
182300:    1.00    4.818    0.046 0.000 0.102    0.020 0.064 0.037   -125319    0 
182400:    1.00    4.976    0.048 0.000 0.093    0.017 0.058 0.031   -125304    0 
182500:    1.00    5.312    0.045 0.000 0.102    0.015 0.059 0.036   -125336    0 
182600:    1.00    5.482    0.054 0.000 0.121    0.018 0.074 0.042   -125300    0 
182700:    1.00    5.747    0.054 0.000 0.097    0.017 0.069 0.046   -125343    0 
182800:    1.00    5.797    0.063 0.000 0.102    0.019 0.064 0.040   -125315    0 
182900:    1.00    5.962    0.048 0.000 0.131    0.021 0.075 0.041   -125309    0 

--------------------------------------------
Proportion of membership of each pre-defined
 population in each of the 3 clusters

Given    Inferred Clusters       Number of
 Pop       1      2      3      Individuals

  1:     0.340  0.337  0.323      358
  2:     0.326  0.337  0.337      1039
  3:     0.329  0.333  0.338      603
--------------------------------------------

  Rep#:   Lambda   Alpha      F1    F2    F3     D1,2  D1,3  D2,3    Ln Like  Est Ln P(D)
183000:    1.00    6.204    0.053 0.000 0.076    0.020 0.064 0.033   -125365    0 
183100:    1.00    5.885    0.052 0.000 0.081    0.024 0.078 0.036   -125388    0 
183200:    1.00    5.699    0.058 0.000 0.082    0.023 0.067 0.034   -125335    0 
183300:    1.00    5.859    0.063 0.000 0.103    0.023 0.067 0.034   -125330    0 
183400:    1.00    6.192    0.078 0.000 0.092    0.030 0.061 0.026   -125365    0 
183500:    1.00    6.272    0.079 0.000 0.094    0.030 0.064 0.031   -125375    0 
183600:    1.00    6.475    0.102 0.000 0.085    0.036 0.072 0.028   -125374    0 
183700:    1.00    6.718    0.067 0.000 0.107    0.028 0.073 0.034   -125372    0 
183800:    1.00    6.738    0.079 0.000 0.105    0.030 0.073 0.032   -125366    0 
183900:    1.00    6.831    0.096 0.000 0.100    0.031 0.085 0.040   -125274    0 

--------------------------------------------
Proportion of membership of each pre-defined
 population in each of the 3 clusters

Given    Inferred Clusters       Number of
 Pop       1      2      3      Individuals

  1:     0.341  0.333  0.326      358
  2:     0.335  0.332  0.333      1039
  3:     0.338  0.329  0.333      603
--------------------------------------------

  Rep#:   Lambda   Alpha      F1    F2    F3     D1,2  D1,3  D2,3    Ln Like  Est Ln P(D)
184000:    1.00    6.456    0.096 0.000 0.106    0.031 0.080 0.043   -125312    0 
184100:    1.00    6.575    0.084 0.000 0.103    0.030 0.072 0.043   -125305    0 
184200:    1.00    6.514    0.072 0.000 0.114    0.028 0.070 0.037   -125361    0 
184300:    1.00    6.640    0.071 0.000 0.154    0.025 0.083 0.050   -125395    0 
184400:    1.00    6.654    0.077 0.000 0.151    0.034 0.083 0.045   -125362    0 
184500:    1.00    7.015    0.085 0.000 0.126    0.033 0.075 0.043   -125347    0 
184600:    1.00    6.723    0.116 0.000 0.120    0.041 0.084 0.036   -125181    0 
184700:    1.00    6.425    0.122 0.000 0.118    0.032 0.083 0.037   -125308    0 
184800:    1.00    6.519    0.077 0.000 0.108    0.032 0.090 0.044   -125306    0 
184900:    1.00    6.377    0.076 0.000 0.102    0.033 0.075 0.040   -125303    0 

--------------------------------------------
Proportion of membership of each pre-defined
 population in each of the 3 clusters

Given    Inferred Clusters       Number of
 Pop       1      2      3      Individuals

  1:     0.333  0.332  0.335      358
  2:     0.338  0.334  0.328      1039
  3:     0.330  0.335  0.335      603
--------------------------------------------

  Rep#:   Lambda   Alpha      F1    F2    F3     D1,2  D1,3  D2,3    Ln Like  Est Ln P(D)
185000:    1.00    6.688    0.070 0.000 0.121    0.031 0.065 0.040   -125344    0 
185100:    1.00    6.237    0.093 0.000 0.097    0.037 0.081 0.040   -125277    0 
185200:    1.00    6.476    0.110 0.000 0.112    0.037 0.087 0.044   -125289    0 
185300:    1.00    6.063    0.079 0.000 0.136    0.040 0.091 0.043   -125240    0 
185400:    1.00    6.211    0.109 0.000 0.144    0.037 0.090 0.050   -125179    0 
185500:    1.00    6.728    0.104 0.000 0.140    0.041 0.098 0.053   -125261    0 
185600:    1.00    7.264    0.107 0.000 0.164    0.040 0.103 0.062   -125300    0 
185700:    1.00    7.212    0.137 0.000 0.160    0.047 0.092 0.049   -125293    0 
185800:    1.00    7.237    0.138 0.000 0.136    0.050 0.110 0.061   -125246    0 
185900:    1.00    7.352    0.122 0.000 0.154    0.050 0.113 0.064   -125305    0 

--------------------------------------------
Proportion of membership of each pre-defined
 population in each of the 3 clusters

Given    Inferred Clusters       Number of
 Pop       1      2      3      Individuals

  1:     0.324  0.335  0.341      358
  2:     0.331  0.333  0.336      1039
  3:     0.330  0.340  0.330      603
--------------------------------------------

  Rep#:   Lambda   Alpha      F1    F2    F3     D1,2  D1,3  D2,3    Ln Like  Est Ln P(D)
186000:    1.00    7.745    0.137 0.000 0.160    0.047 0.114 0.067   -125280    0 
186100:    1.00    7.817    0.105 0.000 0.145    0.043 0.099 0.056   -125257    0 
186200:    1.00    7.875    0.104 0.000 0.170    0.044 0.106 0.058   -125304    0 
186300:    1.00    7.659    0.129 0.000 0.170    0.054 0.104 0.054   -125285    0 
186400:    1.00    7.537    0.092 0.000 0.141    0.044 0.104 0.052   -125254    0 
186500:    1.00    7.502    0.091 0.000 0.156    0.042 0.095 0.048   -125342    0 
186600:    1.00    7.422    0.120 0.000 0.107    0.044 0.095 0.044   -125317    0 
186700:    1.00    7.270    0.100 0.000 0.121    0.045 0.089 0.043   -125309    0 
186800:    1.00    7.143    0.077 0.000 0.119    0.034 0.076 0.039   -125339    0 
186900:    1.00    7.526    0.090 0.000 0.121    0.035 0.088 0.044   -125371    0 

--------------------------------------------
Proportion of membership of each pre-defined
 population in each of the 3 clusters

Given    Inferred Clusters       Number of
 Pop       1      2      3      Individuals

  1:     0.334  0.326  0.340      358
  2:     0.334  0.327  0.339      1039
  3:     0.328  0.335  0.337      603
--------------------------------------------

  Rep#:   Lambda   Alpha      F1    F2    F3     D1,2  D1,3  D2,3    Ln Like  Est Ln P(D)
187000:    1.00    7.316    0.079 0.000 0.129    0.035 0.072 0.038   -125324    0 
187100:    1.00    7.060    0.094 0.000 0.100    0.040 0.081 0.035   -125341    0 
187200:    1.00    7.133    0.067 0.000 0.104    0.033 0.067 0.033   -125374    0 
187300:    1.00    7.012    0.071 0.000 0.159    0.031 0.083 0.045   -125342    0 
187400:    1.00    6.854    0.079 0.000 0.141    0.033 0.081 0.047   -125307    0 
187500:    1.00    6.831    0.083 0.000 0.117    0.040 0.092 0.045   -125358    0 
187600:    1.00    7.071    0.108 0.000 0.156    0.046 0.111 0.048   -125328    0 
187700:    1.00    7.435    0.092 0.000 0.163    0.041 0.110 0.052   -125279    0 
187800:    1.00    7.583    0.096 0.000 0.173    0.040 0.115 0.057   -125264    0 
187900:    1.00    7.604    0.108 0.000 0.178    0.039 0.117 0.060   -125269    0 

--------------------------------------------
Proportion of membership of each pre-defined
 population in each of the 3 clusters

Given    Inferred Clusters       Number of
 Pop       1      2      3      Individuals

  1:     0.337  0.327  0.336      358
  2:     0.333  0.328  0.339      1039
  3:     0.331  0.338  0.331      603
--------------------------------------------

  Rep#:   Lambda   Alpha      F1    F2    F3     D1,2  D1,3  D2,3    Ln Like  Est Ln P(D)
188000:    1.00    7.620    0.114 0.000 0.142    0.046 0.102 0.049   -125239    0 
188100:    1.00    7.895    0.103 0.000 0.163    0.044 0.100 0.047   -125353    0 
188200:    1.00    7.761    0.123 0.000 0.141    0.052 0.103 0.041   -125303    0 
188300:    1.00    7.507    0.128 0.000 0.120    0.046 0.087 0.039   -125265    0 
188400:    1.00    7.562    0.156 0.000 0.118    0.055 0.102 0.046   -125235    0 
188500:    1.00    7.186    0.139 0.000 0.151    0.056 0.102 0.051   -125279    0 
188600:    1.00    7.088    0.159 0.000 0.162    0.062 0.120 0.055   -125239    0 
188700:    1.00    7.215    0.103 0.000 0.147    0.053 0.094 0.053   -125251    0 
188800:    1.00    7.417    0.104 0.000 0.149    0.057 0.109 0.051   -125292    0 
188900:    1.00    7.253    0.114 0.000 0.142    0.054 0.118 0.056   -125261    0 

--------------------------------------------
Proportion of membership of each pre-defined
 population in each of the 3 clusters

Given    Inferred Clusters       Number of
 Pop       1      2      3      Individuals

  1:     0.342  0.330  0.328      358
  2:     0.339  0.330  0.331      1039
  3:     0.337  0.335  0.329      603
--------------------------------------------

  Rep#:   Lambda   Alpha      F1    F2    F3     D1,2  D1,3  D2,3    Ln Like  Est Ln P(D)
189000:    1.00    7.522    0.118 0.000 0.133    0.055 0.121 0.063   -125265    0 
189100:    1.00    7.703    0.109 0.000 0.182    0.055 0.097 0.053   -125268    0 
189200:    1.00    7.946    0.159 0.000 0.166    0.066 0.118 0.050   -125303    0 
189300:    1.00    8.384    0.125 0.000 0.156    0.055 0.106 0.060   -125340    0 
189400:    1.00    8.368    0.099 0.000 0.153    0.045 0.092 0.054   -125381    0 
189500:    1.00    8.745    0.115 0.000 0.154    0.061 0.114 0.054   -125299    0 
189600:    1.00    9.084    0.126 0.000 0.127    0.047 0.098 0.053   -125352    0 
189700:    1.00    8.992    0.114 0.000 0.128    0.047 0.095 0.050   -125390    0 
189800:    1.00    8.906    0.083 0.000 0.145    0.037 0.092 0.053   -125344    0 
189900:    1.00    8.654    0.087 0.000 0.153    0.027 0.090 0.053   -125369    0 

--------------------------------------------
Proportion of membership of each pre-defined
 population in each of the 3 clusters

Given    Inferred Clusters       Number of
 Pop       1      2      3      Individuals

  1:     0.335  0.329  0.336      358
  2:     0.335  0.331  0.333      1039
  3:     0.331  0.341  0.328      603
--------------------------------------------

  Rep#:   Lambda   Alpha      F1    F2    F3     D1,2  D1,3  D2,3    Ln Like  Est Ln P(D)
190000:    1.00    8.301    0.103 0.000 0.147    0.036 0.096 0.050   -125370    0 
190100:    1.00    8.373    0.110 0.000 0.218    0.043 0.108 0.056   -125301    0 
190200:    1.00    8.733    0.088 0.000 0.141    0.046 0.103 0.055   -125357    0 
190300:    1.00    8.820    0.080 0.000 0.141    0.040 0.094 0.049   -125425    0 
190400:    1.00    8.859    0.097 0.000 0.093    0.045 0.096 0.047   -125400    0 
190500:    1.00    8.903    0.094 0.000 0.096    0.039 0.089 0.046   -125387    0 
190600:    1.00    8.728    0.099 0.000 0.089    0.042 0.090 0.037   -125431    0 
190700:    1.00    8.676    0.091 0.000 0.107    0.050 0.092 0.031   -125487    0 
190800:    1.00    8.673    0.078 0.000 0.111    0.030 0.075 0.039   -125459    0 
190900:    1.00    8.953    0.122 0.000 0.087    0.041 0.079 0.037   -125394    0 

--------------------------------------------
Proportion of membership of each pre-defined
 population in each of the 3 clusters

Given    Inferred Clusters       Number of
 Pop       1      2      3      Individuals

  1:     0.327  0.341  0.332      358
  2:     0.335  0.332  0.333      1039
  3:     0.335  0.332  0.333      603
--------------------------------------------

  Rep#:   Lambda   Alpha      F1    F2    F3     D1,2  D1,3  D2,3    Ln Like  Est Ln P(D)
191000:    1.00    9.169    0.104 0.000 0.093    0.047 0.079 0.033   -125449    0 
191100:    1.00    9.279    0.141 0.000 0.092    0.048 0.083 0.034   -125458    0 
191200:    1.00    9.537    0.133 0.000 0.093    0.042 0.088 0.037   -125454    0 
191300:    1.00    9.261    0.093 0.000 0.090    0.043 0.084 0.035   -125456    0 
191400:    1.00    9.174    0.089 0.000 0.103    0.035 0.072 0.034   -125441    0 
191500:    1.00    8.794    0.125 0.000 0.096    0.037 0.076 0.033   -125408    0 
191600:    1.00    9.082    0.087 0.000 0.099    0.037 0.080 0.042   -125391    0 
191700:    1.00    8.940    0.096 0.000 0.160    0.043 0.102 0.049   -125380    0 
191800:    1.00    8.846    0.095 0.000 0.152    0.035 0.093 0.050   -125368    0 
191900:    1.00    8.593    0.090 0.000 0.158    0.041 0.099 0.057   -125373    0 

--------------------------------------------
Proportion of membership of each pre-defined
 population in each of the 3 clusters

Given    Inferred Clusters       Number of
 Pop       1      2      3      Individuals

  1:     0.333  0.338  0.329      358
  2:     0.331  0.333  0.336      1039
  3:     0.338  0.330  0.332      603
--------------------------------------------

  Rep#:   Lambda   Alpha      F1    F2    F3     D1,2  D1,3  D2,3    Ln Like  Est Ln P(D)
192000:    1.00    9.032    0.143 0.000 0.148    0.051 0.109 0.052   -125369    0 
192100:    1.00    9.212    0.120 0.000 0.169    0.049 0.109 0.061   -125334    0 
192200:    1.00    8.990    0.109 0.000 0.132    0.043 0.091 0.056   -125372    0 
192300:    1.00    8.943    0.093 0.000 0.124    0.041 0.107 0.058   -125352    0 
192400:    1.00    9.300    0.084 0.000 0.127    0.034 0.086 0.055   -125413    0 
192500:    1.00    9.334    0.093 0.000 0.125    0.035 0.091 0.051   -125392    0 
192600:    1.00    9.573    0.121 0.000 0.116    0.043 0.087 0.046   -125415    0 
192700:    1.00    9.175    0.110 0.000 0.139    0.048 0.093 0.044   -125370    0 
192800:    1.00    9.197    0.134 0.000 0.122    0.051 0.089 0.046   -125416    0 
192900:    1.00    9.631    0.117 0.000 0.151    0.052 0.118 0.061   -125354    0 

--------------------------------------------
Proportion of membership of each pre-defined
 population in each of the 3 clusters

Given    Inferred Clusters       Number of
 Pop       1      2      3      Individuals

  1:     0.337  0.332  0.331      358
  2:     0.331  0.335  0.334      1039
  3:     0.331  0.331  0.338      603
--------------------------------------------

  Rep#:   Lambda   Alpha      F1    F2    F3     D1,2  D1,3  D2,3    Ln Like  Est Ln P(D)
193000:    1.00    9.914    0.156 0.000 0.127    0.067 0.117 0.042   -125348    0 
193100:    1.00    9.850    0.147 0.000 0.134    0.055 0.122 0.054   -125395    0 
193200:    1.00    9.705    0.128 0.000 0.138    0.057 0.125 0.060   -125308    0 
193300:    1.00    9.812    0.190 0.000 0.143    0.075 0.128 0.053   -125341    0 
193400:    1.00    9.727    0.141 0.000 0.157    0.076 0.139 0.059   -125331    0 
193500:    1.00    9.598    0.166 0.000 0.166    0.067 0.123 0.053   -125321    0 
193600:    1.00    9.916    0.169 0.000 0.127    0.074 0.124 0.044   -125361    0 
193700:    1.00    9.805    0.147 0.000 0.119    0.053 0.106 0.042   -125364    0 
193800:    1.00    9.816    0.124 0.000 0.130    0.050 0.099 0.044   -125362    0 
193900:    1.00    9.904    0.164 0.000 0.153    0.054 0.113 0.056   -125357    0 

--------------------------------------------
Proportion of membership of each pre-defined
 population in each of the 3 clusters

Given    Inferred Clusters       Number of
 Pop       1      2      3      Individuals

  1:     0.332  0.333  0.335      358
  2:     0.335  0.330  0.335      1039
  3:     0.329  0.333  0.339      603
--------------------------------------------

  Rep#:   Lambda   Alpha      F1    F2    F3     D1,2  D1,3  D2,3    Ln Like  Est Ln P(D)
194000:    1.00    9.778    0.128 0.000 0.192    0.052 0.125 0.063   -125334    0 
194100:    1.00    9.821    0.173 0.000 0.150    0.055 0.105 0.053   -125282    0 
194200:    1.00    9.897    0.132 0.000 0.132    0.061 0.111 0.051   -125322    0 
194300:    1.00    9.657    0.116 0.000 0.149    0.053 0.118 0.053   -125315    0 
194400:    1.00    9.564    0.122 0.000 0.129    0.042 0.095 0.051   -125327    0 
194500:    1.00    9.450    0.094 0.000 0.140    0.041 0.086 0.048   -125397    0 
194600:    1.00    9.186    0.109 0.000 0.144    0.042 0.111 0.057   -125321    0 
194700:    1.00    9.045    0.099 0.000 0.153    0.038 0.103 0.059   -125283    0 
194800:    1.00    8.806    0.078 0.000 0.153    0.040 0.080 0.046   -125353    0 
194900:    1.00    8.552    0.096 0.000 0.152    0.040 0.089 0.050   -125356    0 

--------------------------------------------
Proportion of membership of each pre-defined
 population in each of the 3 clusters

Given    Inferred Clusters       Number of
 Pop       1      2      3      Individuals

  1:     0.340  0.331  0.329      358
  2:     0.332  0.331  0.337      1039
  3:     0.334  0.337  0.329      603
--------------------------------------------

  Rep#:   Lambda   Alpha      F1    F2    F3     D1,2  D1,3  D2,3    Ln Like  Est Ln P(D)
195000:    1.00    8.700    0.081 0.000 0.143    0.040 0.089 0.049   -125348    0 
195100:    1.00    8.783    0.096 0.000 0.106    0.038 0.091 0.045   -125368    0 
195200:    1.00    8.615    0.090 0.000 0.115    0.043 0.094 0.043   -125374    0 
195300:    1.00    8.762    0.080 0.000 0.133    0.035 0.093 0.048   -125359    0 
195400:    1.00    8.883    0.086 0.000 0.121    0.038 0.104 0.054   -125314    0 
195500:    1.00    8.592    0.084 0.000 0.125    0.031 0.099 0.057   -125346    0 
195600:    1.00    8.729    0.085 0.000 0.131    0.032 0.086 0.055   -125318    0 
195700:    1.00    9.040    0.102 0.000 0.236    0.035 0.112 0.061   -125349    0 
195800:    1.00    9.277    0.093 0.000 0.195    0.031 0.098 0.062   -125381    0 
195900:    1.00    9.320    0.065 0.000 0.147    0.028 0.086 0.059   -125463    0 

--------------------------------------------
Proportion of membership of each pre-defined
 population in each of the 3 clusters

Given    Inferred Clusters       Number of
 Pop       1      2      3      Individuals

  1:     0.336  0.326  0.339      358
  2:     0.332  0.332  0.335      1039
  3:     0.329  0.335  0.335      603
--------------------------------------------

  Rep#:   Lambda   Alpha      F1    F2    F3     D1,2  D1,3  D2,3    Ln Like  Est Ln P(D)
196000:    1.00    9.010    0.095 0.000 0.143    0.036 0.101 0.051   -125351    0 
196100:    1.00    8.808    0.101 0.000 0.114    0.045 0.104 0.052   -125366    0 
196200:    1.00    8.951    0.096 0.000 0.148    0.040 0.102 0.052   -125378    0 
196300:    1.00    9.376    0.103 0.000 0.130    0.039 0.110 0.054   -125404    0 
196400:    1.00    9.993    0.071 0.000 0.126    0.023 0.087 0.056   -125409    0 
196500:    1.00    9.747    0.086 0.000 0.170    0.029 0.085 0.044   -125433    0 
196600:    1.00    9.895    0.082 0.000 0.126    0.028 0.079 0.042   -125471    0 
196700:    1.00    9.844    0.075 0.000 0.138    0.036 0.093 0.047   -125456    0 
196800:    1.00    9.877    0.093 0.000 0.122    0.033 0.101 0.050   -125381    0 
196900:    1.00    9.625    0.092 0.000 0.142    0.036 0.093 0.045   -125378    0 

--------------------------------------------
Proportion of membership of each pre-defined
 population in each of the 3 clusters

Given    Inferred Clusters       Number of
 Pop       1      2      3      Individuals

  1:     0.340  0.334  0.326      358
  2:     0.333  0.334  0.334      1039
  3:     0.336  0.334  0.330      603
--------------------------------------------

  Rep#:   Lambda   Alpha      F1    F2    F3     D1,2  D1,3  D2,3    Ln Like  Est Ln P(D)
197000:    1.00    9.275    0.093 0.000 0.138    0.036 0.098 0.057   -125410    0 
197100:    1.00    9.184    0.101 0.000 0.133    0.032 0.081 0.055   -125408    0 
197200:    1.00    9.445    0.077 0.000 0.168    0.027 0.082 0.063   -125355    0 
197300:    1.00    9.061    0.087 0.000 0.174    0.034 0.103 0.066   -125328    0 
197400:    1.00    8.677    0.090 0.000 0.143    0.029 0.094 0.063   -125371    0 
197500:    1.00    8.536    0.082 0.000 0.123    0.026 0.085 0.057   -125354    0 
197600:    1.00    8.366    0.076 0.000 0.108    0.038 0.088 0.043   -125386    0 
197700:    1.00    8.336    0.102 0.000 0.140    0.039 0.099 0.044   -125331    0 
197800:    1.00    8.315    0.097 0.000 0.133    0.033 0.095 0.047   -125336    0 
197900:    1.00    8.302    0.108 0.000 0.124    0.033 0.091 0.045   -125356    0 

--------------------------------------------
Proportion of membership of each pre-defined
 population in each of the 3 clusters

Given    Inferred Clusters       Number of
 Pop       1      2      3      Individuals

  1:     0.343  0.326  0.331      358
  2:     0.333  0.336  0.331      1039
  3:     0.330  0.333  0.337      603
--------------------------------------------

  Rep#:   Lambda   Alpha      F1    F2    F3     D1,2  D1,3  D2,3    Ln Like  Est Ln P(D)
198000:    1.00    8.645    0.084 0.000 0.133    0.030 0.101 0.060   -125341    0 
198100:    1.00    8.478    0.064 0.000 0.166    0.028 0.106 0.055   -125349    0 
198200:    1.00    8.514    0.056 0.000 0.165    0.023 0.076 0.045   -125395    0 
198300:    1.00    8.312    0.067 0.000 0.114    0.026 0.074 0.044   -125371    0 
198400:    1.00    8.202    0.087 0.000 0.110    0.032 0.078 0.039   -125377    0 
198500:    1.00    8.445    0.096 0.000 0.102    0.033 0.078 0.038   -125376    0 
198600:    1.00    8.673    0.072 0.000 0.111    0.028 0.080 0.044   -125386    0 
198700:    1.00    8.798    0.071 0.000 0.157    0.028 0.090 0.045   -125434    0 
198800:    1.00    8.507    0.072 0.000 0.117    0.026 0.071 0.039   -125418    0 
198900:    1.00    8.208    0.083 0.000 0.114    0.032 0.088 0.040   -125371    0 

--------------------------------------------
Proportion of membership of each pre-defined
 population in each of the 3 clusters

Given    Inferred Clusters       Number of
 Pop       1      2      3      Individuals

  1:     0.330  0.332  0.338      358
  2:     0.334  0.329  0.337      1039
  3:     0.339  0.330  0.331      603
--------------------------------------------

  Rep#:   Lambda   Alpha      F1    F2    F3     D1,2  D1,3  D2,3    Ln Like  Est Ln P(D)
199000:    1.00    8.178    0.068 0.000 0.117    0.023 0.075 0.040   -125438    0 
199100:    1.00    8.603    0.067 0.000 0.086    0.021 0.064 0.036   -125526    0 
199200:    1.00    8.644    0.071 0.000 0.131    0.025 0.067 0.046   -125419    0 
199300:    1.00    8.696    0.071 0.000 0.126    0.029 0.087 0.051   -125414    0 
199400:    1.00    8.690    0.056 0.000 0.131    0.027 0.073 0.046   -125400    0 
199500:    1.00    8.972    0.072 0.000 0.118    0.029 0.064 0.036   -125455    0 
199600:    1.00    9.030    0.081 0.000 0.122    0.033 0.083 0.044   -125416    0 
199700:    1.00    9.486    0.111 0.000 0.147    0.042 0.102 0.047   -125364    0 
199800:    1.00    9.632    0.122 0.000 0.097    0.059 0.115 0.044   -125376    0 
199900:    1.00    9.735    0.123 0.000 0.128    0.058 0.103 0.044   -125411    0 

--------------------------------------------
Proportion of membership of each pre-defined
 population in each of the 3 clusters

Given    Inferred Clusters       Number of
 Pop       1      2      3      Individuals

  1:     0.335  0.335  0.330      358
  2:     0.334  0.330  0.336      1039
  3:     0.333  0.336  0.332      603
--------------------------------------------

  Rep#:   Lambda   Alpha      F1    F2    F3     D1,2  D1,3  D2,3    Ln Like  Est Ln P(D)
200000:    1.00    9.651    0.144 0.000 0.113    0.054 0.097 0.046   -125430    0 
200100:    1.00    9.604    0.145 0.000 0.143    0.054 0.107 0.048   -125386    0 
200200:    1.00    9.810    0.165 0.000 0.137    0.049 0.115 0.056   -125335    0 
200300:    1.00    9.716    0.146 0.000 0.141    0.052 0.108 0.045   -125398    0 
200400:    1.00    9.863    0.123 0.000 0.135    0.048 0.098 0.047   -125371    0 
200500:    1.00    9.732    0.138 0.000 0.133    0.039 0.104 0.055   -125389    0 
200600:    1.00    9.947    0.088 0.000 0.160    0.043 0.107 0.052   -125399    0 
200700:    1.00    9.782    0.087 0.000 0.169    0.036 0.090 0.051   -125377    0 
200800:    1.00    9.871    0.092 0.000 0.139    0.029 0.101 0.063   -125388    0 
200900:    1.00    9.979    0.094 0.000 0.173    0.032 0.097 0.059   -125441    0 

--------------------------------------------
Proportion of membership of each pre-defined
 population in each of the 3 clusters

Given    Inferred Clusters       Number of
 Pop       1      2      3      Individuals

  1:     0.333  0.331  0.336      358
  2:     0.336  0.334  0.330      1039
  3:     0.337  0.330  0.333      603
--------------------------------------------

  Rep#:   Lambda   Alpha      F1    F2    F3     D1,2  D1,3  D2,3    Ln Like  Est Ln P(D)
201000:    1.00    9.810    0.090 0.000 0.185    0.036 0.102 0.056   -125316    0 
201100:    1.00    9.883    0.092 0.000 0.124    0.036 0.118 0.057   -125410    0 
201200:    1.00    9.771    0.091 0.000 0.121    0.030 0.077 0.047   -125390    0 
201300:    1.00    9.779    0.079 0.000 0.136    0.028 0.086 0.054   -125379    0 
201400:    1.00    9.402    0.082 0.000 0.129    0.027 0.091 0.056   -125422    0 
201500:    1.00    9.504    0.079 0.000 0.156    0.024 0.093 0.058   -125374    0 
201600:    1.00    9.549    0.068 0.000 0.204    0.029 0.096 0.057   -125400    0 
201700:    1.00    9.654    0.084 0.000 0.162    0.033 0.104 0.058   -125321    0 
201800:    1.00    9.475    0.117 0.000 0.141    0.041 0.110 0.054   -125371    0 
201900:    1.00    9.675    0.122 0.000 0.156    0.033 0.102 0.051   -125348    0 

--------------------------------------------
Proportion of membership of each pre-defined
 population in each of the 3 clusters

Given    Inferred Clusters       Number of
 Pop       1      2      3      Individuals

  1:     0.341  0.327  0.332      358
  2:     0.332  0.334  0.334      1039
  3:     0.331  0.335  0.334      603
--------------------------------------------

  Rep#:   Lambda   Alpha      F1    F2    F3     D1,2  D1,3  D2,3    Ln Like  Est Ln P(D)
202000:    1.00    9.438    0.117 0.000 0.138    0.039 0.106 0.054   -125340    0 
202100:    1.00    9.165    0.133 0.000 0.116    0.043 0.098 0.049   -125304    0 
202200:    1.00    8.601    0.088 0.000 0.129    0.037 0.104 0.057   -125313    0 
202300:    1.00    9.017    0.109 0.000 0.136    0.042 0.106 0.057   -125351    0 
202400:    1.00    8.786    0.114 0.000 0.169    0.041 0.118 0.063   -125353    0 
202500:    1.00    8.813    0.087 0.000 0.113    0.041 0.118 0.062   -125365    0 
202600:    1.00    8.858    0.095 0.000 0.133    0.048 0.102 0.054   -125313    0 
202700:    1.00    8.772    0.126 0.000 0.145    0.052 0.112 0.059   -125330    0 
202800:    1.00    8.952    0.116 0.000 0.124    0.058 0.130 0.060   -125359    0 
202900:    1.00    8.623    0.134 0.000 0.137    0.057 0.114 0.051   -125344    0 

--------------------------------------------
Proportion of membership of each pre-defined
 population in each of the 3 clusters

Given    Inferred Clusters       Number of
 Pop       1      2      3      Individuals

  1:     0.328  0.338  0.334      358
  2:     0.335  0.328  0.337      1039
  3:     0.335  0.331  0.334      603
--------------------------------------------

  Rep#:   Lambda   Alpha      F1    F2    F3     D1,2  D1,3  D2,3    Ln Like  Est Ln P(D)
203000:    1.00    9.052    0.127 0.000 0.190    0.051 0.130 0.070   -125313    0 
203100:    1.00    9.167    0.104 0.000 0.133    0.054 0.114 0.060   -125279    0 
203200:    1.00    9.733    0.111 0.000 0.160    0.048 0.093 0.056   -125316    0 
203300:    1.00    9.580    0.095 0.000 0.203    0.040 0.108 0.055   -125380    0 
203400:    1.00    9.606    0.073 0.000 0.135    0.039 0.101 0.060   -125435    0 
203500:    1.00    9.945    0.107 0.000 0.158    0.042 0.114 0.067   -125416    0 
203600:    1.00    9.932    0.078 0.000 0.147    0.038 0.108 0.066   -125347    0 
203700:    1.00    9.519    0.093 0.000 0.153    0.035 0.081 0.054   -125408    0 
203800:    1.00    9.498    0.083 0.000 0.164    0.033 0.137 0.083   -125350    0 
203900:    1.00    9.796    0.107 0.000 0.147    0.040 0.121 0.065   -125327    0 

--------------------------------------------
Proportion of membership of each pre-defined
 population in each of the 3 clusters

Given    Inferred Clusters       Number of
 Pop       1      2      3      Individuals

  1:     0.339  0.321  0.340      358
  2:     0.338  0.328  0.334      1039
  3:     0.335  0.330  0.335      603
--------------------------------------------

  Rep#:   Lambda   Alpha      F1    F2    F3     D1,2  D1,3  D2,3    Ln Like  Est Ln P(D)
204000:    1.00    9.681    0.136 0.000 0.146    0.048 0.118 0.062   -125387    0 
204100:    1.00    9.714    0.115 0.000 0.137    0.050 0.122 0.058   -125384    0 
204200:    1.00    9.868    0.130 0.000 0.103    0.055 0.102 0.038   -125431    0 
204300:    1.00    9.712    0.141 0.000 0.103    0.056 0.113 0.040   -125434    0 
204400:    1.00    9.639    0.148 0.000 0.121    0.052 0.103 0.045   -125380    0 
204500:    1.00    9.787    0.134 0.000 0.123    0.060 0.132 0.050   -125380    0 
204600:    1.00    9.597    0.134 0.000 0.118    0.058 0.126 0.048   -125365    0 
204700:    1.00    9.352    0.140 0.000 0.175    0.062 0.147 0.067   -125292    0 
204800:    1.00    9.552    0.124 0.000 0.164    0.057 0.144 0.067   -125318    0 
204900:    1.00    9.621    0.173 0.000 0.172    0.062 0.152 0.067   -125314    0 

--------------------------------------------
Proportion of membership of each pre-defined
 population in each of the 3 clusters

Given    Inferred Clusters       Number of
 Pop       1      2      3      Individuals

  1:     0.339  0.334  0.327      358
  2:     0.333  0.333  0.334      1039
  3:     0.331  0.343  0.326      603
--------------------------------------------

  Rep#:   Lambda   Alpha      F1    F2    F3     D1,2  D1,3  D2,3    Ln Like  Est Ln P(D)
205000:    1.00    9.454    0.164 0.000 0.113    0.061 0.151 0.067   -125289    0 
205100:    1.00    9.562    0.136 0.000 0.157    0.055 0.121 0.054   -125292    0 
205200:    1.00    9.338    0.136 0.000 0.132    0.053 0.109 0.045   -125375    0 
205300:    1.00    9.113    0.139 0.000 0.102    0.054 0.110 0.047   -125366    0 
205400:    1.00    8.890    0.190 0.000 0.120    0.055 0.102 0.041   -125324    0 
205500:    1.00    9.000    0.153 0.000 0.102    0.054 0.097 0.037   -125349    0 
205600:    1.00    9.232    0.177 0.000 0.096    0.075 0.128 0.043   -125363    0 
205700:    1.00    9.174    0.174 0.000 0.116    0.062 0.108 0.045   -125362    0 
205800:    1.00    9.244    0.177 0.000 0.138    0.063 0.118 0.048   -125353    0 
205900:    1.00    9.732    0.153 0.000 0.125    0.069 0.121 0.054   -125389    0 

--------------------------------------------
Proportion of membership of each pre-defined
 population in each of the 3 clusters

Given    Inferred Clusters       Number of
 Pop       1      2      3      Individuals

  1:     0.329  0.342  0.329      358
  2:     0.331  0.338  0.331      1039
  3:     0.337  0.331  0.332      603
--------------------------------------------

  Rep#:   Lambda   Alpha      F1    F2    F3     D1,2  D1,3  D2,3    Ln Like  Est Ln P(D)
206000:    1.00    9.646    0.166 0.000 0.110    0.065 0.122 0.051   -125362    0 
206100:    1.00    9.717    0.146 0.000 0.122    0.063 0.118 0.042   -125388    0 
206200:    1.00    9.436    0.117 0.000 0.113    0.056 0.091 0.040   -125355    0 
206300:    1.00    9.590    0.136 0.000 0.148    0.053 0.108 0.050   -125306    0 
206400:    1.00    9.563    0.161 0.000 0.123    0.058 0.097 0.045   -125402    0 
206500:    1.00    9.646    0.134 0.000 0.146    0.062 0.100 0.041   -125315    0 
206600:    1.00    9.540    0.153 0.000 0.128    0.078 0.113 0.036   -125399    0 
206700:    1.00    9.341    0.169 0.000 0.124    0.084 0.131 0.044   -125309    0 
206800:    1.00    9.596    0.148 0.000 0.133    0.089 0.135 0.047   -125308    0 
206900:    1.00    9.751    0.173 0.000 0.166    0.076 0.117 0.044   -125402    0 

--------------------------------------------
Proportion of membership of each pre-defined
 population in each of the 3 clusters

Given    Inferred Clusters       Number of
 Pop       1      2      3      Individuals

  1:     0.332  0.331  0.338      358
  2:     0.334  0.334  0.332      1039
  3:     0.333  0.335  0.332      603
--------------------------------------------

  Rep#:   Lambda   Alpha      F1    F2    F3     D1,2  D1,3  D2,3    Ln Like  Est Ln P(D)
207000:    1.00    9.931    0.196 0.000 0.120    0.076 0.113 0.044   -125371    0 
207100:    1.00    9.661    0.113 0.000 0.111    0.080 0.107 0.037   -125377    0 
207200:    1.00    9.786    0.137 0.000 0.112    0.065 0.103 0.041   -125376    0 
207300:    1.00    9.479    0.140 0.000 0.117    0.057 0.096 0.041   -125405    0 
207400:    1.00    9.940    0.151 0.000 0.118    0.059 0.088 0.036   -125420    0 
207500:    1.00    9.943    0.173 0.000 0.127    0.054 0.094 0.038   -125444    0 
207600:    1.00    9.792    0.147 0.000 0.105    0.067 0.101 0.039   -125398    0 
207700:    1.00    9.689    0.171 0.000 0.096    0.071 0.117 0.039   -125361    0 
207800:    1.00    9.773    0.177 0.000 0.107    0.081 0.120 0.038   -125426    0 
207900:    1.00    9.962    0.158 0.000 0.158    0.071 0.115 0.053   -125346    0 

--------------------------------------------
Proportion of membership of each pre-defined
 population in each of the 3 clusters

Given    Inferred Clusters       Number of
 Pop       1      2      3      Individuals

  1:     0.343  0.330  0.327      358
  2:     0.333  0.333  0.335      1039
  3:     0.327  0.341  0.332      603
--------------------------------------------

  Rep#:   Lambda   Alpha      F1    F2    F3     D1,2  D1,3  D2,3    Ln Like  Est Ln P(D)
208000:    1.00    9.920    0.201 0.000 0.169    0.071 0.120 0.051   -125383    0 
208100:    1.00    9.927    0.208 0.000 0.124    0.077 0.121 0.045   -125329    0 
208200:    1.00    9.809    0.195 0.000 0.090    0.086 0.138 0.041   -125307    0 
208300:    1.00    9.603    0.179 0.000 0.133    0.091 0.148 0.043   -125375    0 
208400:    1.00    9.831    0.166 0.000 0.111    0.092 0.132 0.038   -125355    0 
208500:    1.00    9.953    0.225 0.000 0.133    0.086 0.132 0.047   -125286    0 
208600:    1.00    9.907    0.223 0.000 0.187    0.080 0.134 0.043   -125329    0 
208700:    1.00    9.814    0.183 0.000 0.164    0.087 0.146 0.050   -125309    0 
208800:    1.00    9.958    0.165 0.000 0.168    0.080 0.148 0.053   -125277    0 
208900:    1.00    9.667    0.148 0.000 0.141    0.077 0.138 0.050   -125317    0 

--------------------------------------------
Proportion of membership of each pre-defined
 population in each of the 3 clusters

Given    Inferred Clusters       Number of
 Pop       1      2      3      Individuals

  1:     0.333  0.331  0.336      358
  2:     0.332  0.336  0.333      1039
  3:     0.340  0.331  0.330      603
--------------------------------------------

  Rep#:   Lambda   Alpha      F1    F2    F3     D1,2  D1,3  D2,3    Ln Like  Est Ln P(D)
209000:    1.00    9.764    0.161 0.000 0.189    0.077 0.124 0.048   -125313    0 
209100:    1.00    9.886    0.205 0.000 0.164    0.072 0.134 0.050   -125255    0 
209200:    1.00    9.945    0.184 0.000 0.123    0.079 0.139 0.047   -125361    0 
209300:    1.00    9.621    0.150 0.000 0.133    0.064 0.118 0.046   -125300    0 
209400:    1.00    9.741    0.149 0.000 0.118    0.058 0.116 0.043   -125310    0 
209500:    1.00    9.832    0.196 0.000 0.141    0.062 0.122 0.047   -125310    0 
209600:    1.00    9.778    0.140 0.000 0.130    0.056 0.098 0.040   -125351    0 
209700:    1.00    9.854    0.151 0.000 0.116    0.060 0.114 0.041   -125276    0 
209800:    1.00    9.911    0.160 0.000 0.168    0.059 0.128 0.049   -125328    0 
209900:    1.00    9.817    0.148 0.000 0.174    0.064 0.146 0.059   -125298    0 

--------------------------------------------
Proportion of membership of each pre-defined
 population in each of the 3 clusters

Given    Inferred Clusters       Number of
 Pop       1      2      3      Individuals

  1:     0.337  0.334  0.329      358
  2:     0.333  0.331  0.336      1039
  3:     0.324  0.335  0.341      603
--------------------------------------------

  Rep#:   Lambda   Alpha      F1    F2    F3     D1,2  D1,3  D2,3    Ln Like  Est Ln P(D)
210000:    1.00    9.935    0.157 0.000 0.141    0.062 0.123 0.057   -125312    0 
210100:    1.00    9.948    0.137 0.000 0.144    0.063 0.111 0.057   -125310    0 
210200:    1.00    9.794    0.147 0.000 0.159    0.050 0.092 0.056   -125353    0 
210300:    1.00    9.727    0.179 0.000 0.176    0.061 0.122 0.064   -125354    0 
210400:    1.00    9.726    0.184 0.000 0.173    0.063 0.130 0.059   -125324    0 
210500:    1.00    9.238    0.152 0.000 0.146    0.067 0.115 0.049   -125289    0 
210600:    1.00    8.977    0.152 0.000 0.165    0.065 0.113 0.055   -125329    0 
210700:    1.00    8.555    0.174 0.000 0.113    0.066 0.111 0.039   -125267    0 
210800:    1.00    8.801    0.167 0.000 0.126    0.064 0.124 0.044   -125290    0 
210900:    1.00    8.607    0.223 0.000 0.094    0.070 0.135 0.046   -125261    0 

--------------------------------------------
Proportion of membership of each pre-defined
 population in each of the 3 clusters

Given    Inferred Clusters       Number of
 Pop       1      2      3      Individuals

  1:     0.340  0.332  0.328      358
  2:     0.334  0.328  0.337      1039
  3:     0.335  0.336  0.329      603
--------------------------------------------

  Rep#:   Lambda   Alpha      F1    F2    F3     D1,2  D1,3  D2,3    Ln Like  Est Ln P(D)
211000:    1.00    8.741    0.142 0.000 0.111    0.060 0.118 0.040   -125320    0 
211100:    1.00    8.993    0.158 0.000 0.109    0.055 0.111 0.047   -125372    0 
211200:    1.00    9.325    0.129 0.000 0.153    0.051 0.120 0.053   -125399    0 
211300:    1.00    9.351    0.105 0.000 0.160    0.051 0.119 0.054   -125339    0 
211400:    1.00    9.187    0.153 0.000 0.099    0.051 0.141 0.059   -125335    0 
211500:    1.00    8.864    0.133 0.000 0.131    0.053 0.110 0.051   -125336    0 
211600:    1.00    9.054    0.130 0.000 0.120    0.051 0.117 0.058   -125296    0 
211700:    1.00    8.979    0.144 0.000 0.131    0.051 0.111 0.053   -125378    0 
211800:    1.00    8.878    0.135 0.000 0.137    0.055 0.114 0.052   -125311    0 
211900:    1.00    8.657    0.154 0.000 0.162    0.059 0.121 0.056   -125335    0 

--------------------------------------------
Proportion of membership of each pre-defined
 population in each of the 3 clusters

Given    Inferred Clusters       Number of
 Pop       1      2      3      Individuals

  1:     0.334  0.333  0.333      358
  2:     0.336  0.326  0.338      1039
  3:     0.337  0.330  0.334      603
--------------------------------------------

  Rep#:   Lambda   Alpha      F1    F2    F3     D1,2  D1,3  D2,3    Ln Like  Est Ln P(D)
212000:    1.00    8.381    0.120 0.000 0.132    0.060 0.117 0.055   -125278    0 
212100:    1.00    8.063    0.158 0.000 0.166    0.056 0.129 0.059   -125269    0 
212200:    1.00    8.230    0.141 0.000 0.156    0.054 0.125 0.053   -125287    0 
212300:    1.00    8.259    0.150 0.000 0.161    0.052 0.132 0.060   -125287    0 
212400:    1.00    8.511    0.164 0.000 0.158    0.043 0.117 0.064   -125357    0 
212500:    1.00    8.660    0.090 0.000 0.182    0.041 0.111 0.068   -125301    0 
212600:    1.00    8.552    0.114 0.000 0.153    0.047 0.116 0.061   -125290    0 
212700:    1.00    8.622    0.101 0.000 0.195    0.042 0.104 0.059   -125294    0 
212800:    1.00    8.449    0.116 0.000 0.167    0.043 0.100 0.059   -125326    0 
212900:    1.00    8.374    0.106 0.000 0.173    0.036 0.102 0.068   -125284    0 

--------------------------------------------
Proportion of membership of each pre-defined
 population in each of the 3 clusters

Given    Inferred Clusters       Number of
 Pop       1      2      3      Individuals

  1:     0.331  0.336  0.333      358
  2:     0.337  0.329  0.333      1039
  3:     0.334  0.332  0.334      603
--------------------------------------------

  Rep#:   Lambda   Alpha      F1    F2    F3     D1,2  D1,3  D2,3    Ln Like  Est Ln P(D)
213000:    1.00    8.603    0.106 0.000 0.159    0.041 0.104 0.069   -125303    0 
213100:    1.00    8.286    0.087 0.000 0.153    0.036 0.099 0.068   -125370    0 
213200:    1.00    8.346    0.108 0.000 0.188    0.044 0.120 0.072   -125331    0 
213300:    1.00    8.126    0.091 0.000 0.175    0.045 0.129 0.082   -125276    0 
213400:    1.00    7.969    0.144 0.000 0.152    0.047 0.111 0.071   -125243    0 
213500:    1.00    8.146    0.146 0.000 0.145    0.055 0.100 0.053   -125327    0 
213600:    1.00    8.177    0.118 0.000 0.148    0.051 0.099 0.062   -125239    0 
213700:    1.00    7.839    0.119 0.000 0.177    0.047 0.095 0.068   -125318    0 
213800:    1.00    7.652    0.127 0.000 0.168    0.051 0.108 0.076   -125226    0 
213900:    1.00    7.568    0.142 0.000 0.181    0.049 0.113 0.077   -125337    0 

--------------------------------------------
Proportion of membership of each pre-defined
 population in each of the 3 clusters

Given    Inferred Clusters       Number of
 Pop       1      2      3      Individuals

  1:     0.336  0.327  0.337      358
  2:     0.333  0.335  0.332      1039
  3:     0.333  0.333  0.335      603
--------------------------------------------

  Rep#:   Lambda   Alpha      F1    F2    F3     D1,2  D1,3  D2,3    Ln Like  Est Ln P(D)
214000:    1.00    6.882    0.090 0.000 0.217    0.036 0.112 0.068   -125232    0 
214100:    1.00    6.889    0.103 0.000 0.161    0.038 0.096 0.059   -125289    0 
214200:    1.00    6.900    0.097 0.000 0.130    0.034 0.090 0.060   -125195    0 
214300:    1.00    6.590    0.096 0.000 0.122    0.033 0.083 0.056   -125233    0 
214400:    1.00    6.351    0.096 0.000 0.135    0.036 0.085 0.050   -125293    0 
214500:    1.00    6.428    0.122 0.000 0.137    0.040 0.084 0.049   -125217    0 
214600:    1.00    6.734    0.107 0.000 0.126    0.037 0.085 0.050   -125271    0 
214700:    1.00    6.783    0.108 0.000 0.172    0.035 0.113 0.072   -125242    0 
214800:    1.00    6.952    0.099 0.000 0.110    0.038 0.093 0.054   -125270    0 
214900:    1.00    6.866    0.079 0.000 0.166    0.028 0.101 0.067   -125237    0 

--------------------------------------------
Proportion of membership of each pre-defined
 population in each of the 3 clusters

Given    Inferred Clusters       Number of
 Pop       1      2      3      Individuals

  1:     0.342  0.316  0.341      358
  2:     0.337  0.330  0.333      1039
  3:     0.329  0.339  0.333      603
--------------------------------------------

  Rep#:   Lambda   Alpha      F1    F2    F3     D1,2  D1,3  D2,3    Ln Like  Est Ln P(D)
215000:    1.00    6.681    0.089 0.000 0.144    0.033 0.097 0.060   -125265    0 
215100:    1.00    6.404    0.063 0.000 0.169    0.023 0.079 0.055   -125215    0 
215200:    1.00    6.604    0.082 0.000 0.183    0.031 0.104 0.059   -125282    0 
215300:    1.00    6.348    0.092 0.000 0.134    0.032 0.081 0.055   -125212    0 
215400:    1.00    6.914    0.079 0.000 0.149    0.031 0.091 0.054   -125281    0 
215500:    1.00    6.819    0.105 0.000 0.138    0.040 0.105 0.053   -125247    0 
215600:    1.00    6.905    0.096 0.000 0.138    0.039 0.096 0.056   -125268    0 
215700:    1.00    7.127    0.105 0.000 0.185    0.035 0.089 0.054   -125236    0 
215800:    1.00    7.685    0.103 0.000 0.181    0.027 0.092 0.060   -125337    0 
215900:    1.00    7.364    0.070 0.000 0.148    0.026 0.080 0.058   -125306    0 

--------------------------------------------
Proportion of membership of each pre-defined
 population in each of the 3 clusters

Given    Inferred Clusters       Number of
 Pop       1      2      3      Individuals

  1:     0.336  0.322  0.342      358
  2:     0.331  0.336  0.333      1039
  3:     0.332  0.333  0.335      603
--------------------------------------------

  Rep#:   Lambda   Alpha      F1    F2    F3     D1,2  D1,3  D2,3    Ln Like  Est Ln P(D)
216000:    1.00    7.482    0.078 0.000 0.122    0.030 0.105 0.067   -125313    0 
216100:    1.00    7.310    0.071 0.000 0.139    0.031 0.128 0.078   -125260    0 
216200:    1.00    7.542    0.081 0.000 0.144    0.037 0.115 0.066   -125326    0 
216300:    1.00    7.725    0.082 0.000 0.146    0.035 0.100 0.060   -125400    0 
216400:    1.00    7.874    0.099 0.000 0.127    0.036 0.094 0.053   -125370    0 
216500:    1.00    8.070    0.100 0.000 0.145    0.035 0.103 0.057   -125365    0 
216600:    1.00    7.849    0.093 0.000 0.130    0.042 0.112 0.050   -125255    0 
216700:    1.00    7.836    0.094 0.000 0.112    0.044 0.093 0.046   -125268    0 
216800:    1.00    7.406    0.116 0.000 0.129    0.052 0.118 0.049   -125283    0 
216900:    1.00    7.644    0.095 0.000 0.136    0.044 0.108 0.050   -125315    0 

--------------------------------------------
Proportion of membership of each pre-defined
 population in each of the 3 clusters

Given    Inferred Clusters       Number of
 Pop       1      2      3      Individuals

  1:     0.331  0.325  0.344      358
  2:     0.331  0.330  0.339      1039
  3:     0.333  0.335  0.332      603
--------------------------------------------

  Rep#:   Lambda   Alpha      F1    F2    F3     D1,2  D1,3  D2,3    Ln Like  Est Ln P(D)
217000:    1.00    7.479    0.093 0.000 0.149    0.040 0.096 0.054   -125252    0 
217100:    1.00    7.812    0.110 0.000 0.160    0.030 0.077 0.054   -125336    0 
217200:    1.00    7.757    0.086 0.000 0.153    0.026 0.079 0.059   -125307    0 
217300:    1.00    8.241    0.115 0.000 0.153    0.035 0.082 0.055   -125334    0 
217400:    1.00    8.775    0.098 0.000 0.172    0.035 0.094 0.065   -125387    0 
217500:    1.00    8.307    0.074 0.000 0.125    0.040 0.093 0.059   -125302    0 
217600:    1.00    8.413    0.117 0.000 0.145    0.034 0.087 0.052   -125334    0 
217700:    1.00    8.303    0.093 0.000 0.116    0.035 0.100 0.061   -125317    0 
217800:    1.00    8.312    0.113 0.000 0.146    0.044 0.098 0.055   -125319    0 
217900:    1.00    8.685    0.116 0.000 0.183    0.041 0.096 0.056   -125401    0 

--------------------------------------------
Proportion of membership of each pre-defined
 population in each of the 3 clusters

Given    Inferred Clusters       Number of
 Pop       1      2      3      Individuals

  1:     0.331  0.337  0.332      358
  2:     0.337  0.329  0.334      1039
  3:     0.330  0.337  0.333      603
--------------------------------------------

  Rep#:   Lambda   Alpha      F1    F2    F3     D1,2  D1,3  D2,3    Ln Like  Est Ln P(D)
218000:    1.00    8.252    0.081 0.000 0.134    0.038 0.095 0.050   -125355    0 
218100:    1.00    8.497    0.092 0.000 0.140    0.037 0.099 0.060   -125381    0 
218200:    1.00    8.787    0.064 0.000 0.138    0.028 0.089 0.061   -125394    0 
218300:    1.00    9.247    0.069 0.000 0.140    0.023 0.086 0.057   -125475    0 
218400:    1.00    9.107    0.057 0.000 0.186    0.020 0.099 0.069   -125425    0 
218500:    1.00    9.480    0.094 0.000 0.157    0.032 0.120 0.079   -125398    0 
218600:    1.00    9.457    0.066 0.000 0.173    0.027 0.089 0.069   -125407    0 
218700:    1.00    9.532    0.058 0.000 0.176    0.026 0.104 0.065   -125394    0 
218800:    1.00    9.650    0.049 0.000 0.150    0.020 0.097 0.065   -125411    0 
218900:    1.00    9.811    0.060 0.000 0.156    0.027 0.078 0.063   -125435    0 

--------------------------------------------
Proportion of membership of each pre-defined
 population in each of the 3 clusters

Given    Inferred Clusters       Number of
 Pop       1      2      3      Individuals

  1:     0.337  0.329  0.334      358
  2:     0.337  0.335  0.328      1039
  3:     0.331  0.331  0.338      603
--------------------------------------------

  Rep#:   Lambda   Alpha      F1    F2    F3     D1,2  D1,3  D2,3    Ln Like  Est Ln P(D)
219000:    1.00    9.808    0.075 0.000 0.142    0.027 0.099 0.071   -125462    0 
219100:    1.00    9.802    0.059 0.000 0.144    0.031 0.100 0.069   -125422    0 
219200:    1.00    9.768    0.079 0.000 0.152    0.034 0.086 0.060   -125450    0 
219300:    1.00    9.912    0.117 0.000 0.126    0.043 0.092 0.056   -125372    0 
219400:    1.00    9.824    0.076 0.000 0.156    0.043 0.109 0.068   -125364    0 
219500:    1.00    9.789    0.099 0.000 0.141    0.044 0.095 0.057   -125393    0 
219600:    1.00    9.990    0.080 0.000 0.139    0.048 0.094 0.057   -125399    0 
219700:    1.00    9.798    0.104 0.000 0.125    0.049 0.092 0.048   -125378    0 
219800:    1.00    9.558    0.135 0.000 0.139    0.050 0.107 0.054   -125413    0 
219900:    1.00    9.273    0.147 0.000 0.157    0.058 0.106 0.054   -125361    0 

--------------------------------------------
Proportion of membership of each pre-defined
 population in each of the 3 clusters

Given    Inferred Clusters       Number of
 Pop       1      2      3      Individuals

  1:     0.339  0.334  0.327      358
  2:     0.331  0.339  0.330      1039
  3:     0.333  0.335  0.332      603
--------------------------------------------

  Rep#:   Lambda   Alpha      F1    F2    F3     D1,2  D1,3  D2,3    Ln Like  Est Ln P(D)
220000:    1.00    9.061    0.100 0.000 0.191    0.044 0.095 0.058   -125355    0 
220100:    1.00    9.393    0.128 0.000 0.195    0.055 0.128 0.072   -125269    0 
220200:    1.00    9.814    0.149 0.000 0.209    0.058 0.144 0.074   -125286    0 
220300:    1.00    9.704    0.133 0.000 0.151    0.067 0.135 0.056   -125321    0 
220400:    1.00    9.466    0.149 0.000 0.176    0.055 0.139 0.066   -125306    0 
220500:    1.00    9.679    0.136 0.000 0.150    0.055 0.127 0.063   -125327    0 
220600:    1.00    9.615    0.091 0.000 0.151    0.043 0.109 0.062   -125316    0 
220700:    1.00    9.626    0.142 0.000 0.179    0.047 0.126 0.059   -125292    0 
220800:    1.00    9.912    0.118 0.000 0.160    0.045 0.121 0.059   -125344    0 
220900:    1.00    9.935    0.112 0.000 0.146    0.051 0.115 0.056   -125337    0 

--------------------------------------------
Proportion of membership of each pre-defined
 population in each of the 3 clusters

Given    Inferred Clusters       Number of
 Pop       1      2      3      Individuals

  1:     0.333  0.334  0.333      358
  2:     0.333  0.330  0.337      1039
  3:     0.339  0.338  0.323      603
--------------------------------------------

  Rep#:   Lambda   Alpha      F1    F2    F3     D1,2  D1,3  D2,3    Ln Like  Est Ln P(D)
221000:    1.00    9.782    0.110 0.000 0.182    0.047 0.114 0.059   -125358    0 
221100:    1.00    9.626    0.159 0.000 0.167    0.050 0.113 0.050   -125346    0 
221200:    1.00    9.750    0.116 0.000 0.147    0.056 0.120 0.049   -125386    0 
221300:    1.00    9.990    0.094 0.000 0.154    0.055 0.124 0.048   -125321    0 
221400:    1.00    9.749    0.119 0.000 0.117    0.053 0.101 0.038   -125365    0 
221500:    1.00    9.760    0.126 0.000 0.123    0.051 0.096 0.038   -125429    0 
221600:    1.00    9.839    0.116 0.000 0.123    0.048 0.091 0.045   -125413    0 
221700:    1.00    9.883    0.094 0.000 0.127    0.043 0.097 0.045   -125423    0 
221800:    1.00    9.853    0.116 0.000 0.099    0.047 0.100 0.040   -125373    0 
221900:    1.00    9.626    0.107 0.000 0.099    0.057 0.113 0.042   -125398    0 

--------------------------------------------
Proportion of membership of each pre-defined
 population in each of the 3 clusters

Given    Inferred Clusters       Number of
 Pop       1      2      3      Individuals

  1:     0.337  0.336  0.327      358
  2:     0.334  0.332  0.334      1039
  3:     0.333  0.336  0.331      603
--------------------------------------------

  Rep#:   Lambda   Alpha      F1    F2    F3     D1,2  D1,3  D2,3    Ln Like  Est Ln P(D)
222000:    1.00    9.637    0.139 0.000 0.109    0.064 0.125 0.040   -125360    0 
222100:    1.00    9.743    0.112 0.000 0.120    0.053 0.100 0.034   -125381    0 
222200:    1.00    9.545    0.125 0.000 0.110    0.051 0.101 0.036   -125388    0 
222300:    1.00    9.626    0.157 0.000 0.139    0.056 0.119 0.040   -125343    0 
222400:    1.00    9.522    0.116 0.000 0.102    0.054 0.111 0.039   -125380    0 
222500:    1.00    9.598    0.107 0.000 0.097    0.054 0.111 0.037   -125348    0 
222600:    1.00    9.384    0.133 0.000 0.159    0.050 0.102 0.043   -125311    0 
222700:    1.00    9.304    0.173 0.000 0.144    0.043 0.090 0.044   -125387    0 
222800:    1.00    9.349    0.158 0.000 0.166    0.046 0.098 0.046   -125352    0 
222900:    1.00    9.193    0.128 0.000 0.132    0.055 0.123 0.050   -125325    0 

--------------------------------------------
Proportion of membership of each pre-defined
 population in each of the 3 clusters

Given    Inferred Clusters       Number of
 Pop       1      2      3      Individuals

  1:     0.332  0.335  0.333      358
  2:     0.334  0.337  0.329      1039
  3:     0.328  0.340  0.331      603
--------------------------------------------

  Rep#:   Lambda   Alpha      F1    F2    F3     D1,2  D1,3  D2,3    Ln Like  Est Ln P(D)
223000:    1.00    9.199    0.142 0.000 0.149    0.054 0.118 0.053   -125242    0 
223100:    1.00    9.148    0.095 0.000 0.146    0.053 0.133 0.061   -125347    0 
223200:    1.00    9.341    0.117 0.000 0.103    0.045 0.102 0.044   -125386    0 
223300:    1.00    9.408    0.126 0.000 0.111    0.055 0.106 0.040   -125379    0 
223400:    1.00    8.909    0.104 0.000 0.087    0.043 0.077 0.038   -125378    0 
223500:    1.00    8.923    0.120 0.000 0.111    0.041 0.087 0.036   -125415    0 
223600:    1.00    8.472    0.115 0.000 0.168    0.047 0.107 0.052   -125257    0 
223700:    1.00    8.439    0.114 0.000 0.126    0.041 0.097 0.056   -125391    0 
223800:    1.00    8.575    0.113 0.000 0.124    0.039 0.091 0.051   -125355    0 
223900:    1.00    8.342    0.115 0.000 0.117    0.044 0.099 0.048   -125370    0 

--------------------------------------------
Proportion of membership of each pre-defined
 population in each of the 3 clusters

Given    Inferred Clusters       Number of
 Pop       1      2      3      Individuals

  1:     0.337  0.322  0.341      358
  2:     0.332  0.331  0.337      1039
  3:     0.334  0.330  0.336      603
--------------------------------------------

  Rep#:   Lambda   Alpha      F1    F2    F3     D1,2  D1,3  D2,3    Ln Like  Est Ln P(D)
224000:    1.00    8.629    0.136 0.000 0.117    0.042 0.097 0.057   -125339    0 
224100:    1.00    8.850    0.112 0.000 0.161    0.044 0.107 0.062   -125305    0 
224200:    1.00    8.800    0.106 0.000 0.151    0.041 0.113 0.061   -125294    0 
224300:    1.00    8.987    0.106 0.000 0.114    0.048 0.123 0.060   -125334    0 
224400:    1.00    9.230    0.106 0.000 0.158    0.040 0.113 0.062   -125340    0 
224500:    1.00    9.205    0.134 0.000 0.146    0.037 0.102 0.052   -125395    0 
224600:    1.00    8.983    0.129 0.000 0.124    0.033 0.098 0.059   -125358    0 
224700:    1.00    8.612    0.094 0.000 0.144    0.034 0.093 0.055   -125342    0 
224800:    1.00    8.515    0.139 0.000 0.133    0.036 0.106 0.058   -125342    0 
224900:    1.00    8.455    0.102 0.000 0.128    0.038 0.106 0.052   -125347    0 

--------------------------------------------
Proportion of membership of each pre-defined
 population in each of the 3 clusters

Given    Inferred Clusters       Number of
 Pop       1      2      3      Individuals

  1:     0.339  0.328  0.333      358
  2:     0.334  0.331  0.335      1039
  3:     0.337  0.332  0.330      603
--------------------------------------------

  Rep#:   Lambda   Alpha      F1    F2    F3     D1,2  D1,3  D2,3    Ln Like  Est Ln P(D)
225000:    1.00    8.262    0.104 0.000 0.119    0.037 0.105 0.050   -125306    0 
225100:    1.00    8.295    0.082 0.000 0.108    0.035 0.096 0.053   -125329    0 
225200:    1.00    8.397    0.113 0.000 0.137    0.040 0.096 0.051   -125363    0 
225300:    1.00    8.231    0.075 0.000 0.109    0.034 0.102 0.053   -125323    0 
225400:    1.00    8.214    0.096 0.000 0.165    0.033 0.104 0.055   -125308    0 
225500:    1.00    7.975    0.066 0.000 0.116    0.029 0.097 0.056   -125364    0 
225600:    1.00    7.945    0.057 0.000 0.123    0.019 0.088 0.057   -125382    0 
225700:    1.00    7.698    0.083 0.000 0.131    0.024 0.084 0.053   -125318    0 
225800:    1.00    7.704    0.077 0.000 0.130    0.024 0.074 0.051   -125390    0 
225900:    1.00    7.861    0.092 0.000 0.123    0.026 0.094 0.056   -125339    0 

--------------------------------------------
Proportion of membership of each pre-defined
 population in each of the 3 clusters

Given    Inferred Clusters       Number of
 Pop       1      2      3      Individuals

  1:     0.339  0.330  0.331      358
  2:     0.330  0.335  0.336      1039
  3:     0.336  0.333  0.330      603
--------------------------------------------

  Rep#:   Lambda   Alpha      F1    F2    F3     D1,2  D1,3  D2,3    Ln Like  Est Ln P(D)
226000:    1.00    7.384    0.082 0.000 0.106    0.030 0.083 0.045   -125342    0 
226100:    1.00    7.624    0.100 0.000 0.104    0.031 0.087 0.042   -125360    0 
226200:    1.00    7.761    0.076 0.000 0.116    0.028 0.087 0.044   -125304    0 
226300:    1.00    8.079    0.089 0.000 0.098    0.034 0.100 0.045   -125330    0 
226400:    1.00    7.980    0.092 0.000 0.115    0.029 0.076 0.038   -125411    0 
226500:    1.00    7.809    0.089 0.000 0.090    0.031 0.079 0.042   -125396    0 
226600:    1.00    8.035    0.084 0.000 0.098    0.028 0.082 0.050   -125400    0 
226700:    1.00    7.921    0.089 0.000 0.115    0.033 0.078 0.047   -125371    0 
226800:    1.00    7.504    0.079 0.000 0.162    0.029 0.076 0.053   -125321    0 
226900:    1.00    7.428    0.081 0.000 0.139    0.025 0.091 0.059   -125368    0 

--------------------------------------------
Proportion of membership of each pre-defined
 population in each of the 3 clusters

Given    Inferred Clusters       Number of
 Pop       1      2      3      Individuals

  1:     0.336  0.336  0.328      358
  2:     0.331  0.336  0.334      1039
  3:     0.335  0.336  0.328      603
--------------------------------------------

  Rep#:   Lambda   Alpha      F1    F2    F3     D1,2  D1,3  D2,3    Ln Like  Est Ln P(D)
227000:    1.00    7.706    0.082 0.000 0.140    0.026 0.105 0.067   -125346    0 
227100:    1.00    8.287    0.072 0.000 0.139    0.025 0.096 0.057   -125403    0 
227200:    1.00    8.370    0.086 0.000 0.117    0.030 0.094 0.048   -125395    0 
227300:    1.00    8.652    0.091 0.000 0.152    0.039 0.105 0.054   -125363    0 
227400:    1.00    8.934    0.108 0.000 0.132    0.038 0.102 0.058   -125397    0 
227500:    1.00    8.987    0.113 0.000 0.150    0.039 0.100 0.061   -125375    0 
227600:    1.00    9.110    0.101 0.000 0.158    0.034 0.095 0.062   -125368    0 
227700:    1.00    9.248    0.085 0.000 0.141    0.040 0.121 0.065   -125373    0 
227800:    1.00    9.380    0.096 0.000 0.136    0.045 0.104 0.055   -125407    0 
227900:    1.00    9.647    0.112 0.000 0.159    0.046 0.110 0.060   -125359    0 

--------------------------------------------
Proportion of membership of each pre-defined
 population in each of the 3 clusters

Given    Inferred Clusters       Number of
 Pop       1      2      3      Individuals

  1:     0.338  0.334  0.328      358
  2:     0.329  0.337  0.334      1039
  3:     0.332  0.336  0.332      603
--------------------------------------------

  Rep#:   Lambda   Alpha      F1    F2    F3     D1,2  D1,3  D2,3    Ln Like  Est Ln P(D)
228000:    1.00    9.440    0.111 0.000 0.169    0.043 0.118 0.060   -125334    0 
228100:    1.00    9.669    0.117 0.000 0.124    0.046 0.095 0.049   -125338    0 
228200:    1.00    9.645    0.128 0.000 0.179    0.045 0.105 0.062   -125447    0 
228300:    1.00    9.370    0.110 0.000 0.173    0.050 0.113 0.060   -125387    0 
228400:    1.00    9.737    0.119 0.000 0.125    0.047 0.101 0.056   -125352    0 
228500:    1.00    9.547    0.110 0.000 0.118    0.038 0.102 0.059   -125382    0 
228600:    1.00    9.869    0.113 0.000 0.150    0.042 0.106 0.053   -125394    0 
228700:    1.00    9.989    0.108 0.000 0.118    0.048 0.112 0.054   -125373    0 
228800:    1.00    9.825    0.101 0.000 0.114    0.044 0.110 0.055   -125417    0 
228900:    1.00    9.610    0.097 0.000 0.122    0.042 0.096 0.056   -125445    0 

--------------------------------------------
Proportion of membership of each pre-defined
 population in each of the 3 clusters

Given    Inferred Clusters       Number of
 Pop       1      2      3      Individuals

  1:     0.336  0.331  0.334      358
  2:     0.333  0.334  0.333      1039
  3:     0.334  0.334  0.331      603
--------------------------------------------

  Rep#:   Lambda   Alpha      F1    F2    F3     D1,2  D1,3  D2,3    Ln Like  Est Ln P(D)
229000:    1.00    9.345    0.093 0.000 0.118    0.044 0.109 0.061   -125372    0 
229100:    1.00    9.293    0.103 0.000 0.124    0.037 0.094 0.063   -125446    0 
229200:    1.00    9.623    0.101 0.000 0.125    0.040 0.106 0.061   -125381    0 
229300:    1.00    9.495    0.089 0.000 0.170    0.032 0.120 0.070   -125359    0 
229400:    1.00    9.324    0.089 0.000 0.185    0.029 0.100 0.063   -125387    0 
229500:    1.00    9.460    0.082 0.000 0.179    0.028 0.101 0.062   -125447    0 
229600:    1.00    9.791    0.068 0.000 0.156    0.027 0.089 0.060   -125420    0 
229700:    1.00    9.783    0.104 0.000 0.200    0.034 0.119 0.067   -125362    0 
229800:    1.00    9.971    0.100 0.000 0.138    0.033 0.090 0.060   -125353    0 
229900:    1.00    9.737    0.077 0.000 0.164    0.029 0.103 0.068   -125398    0 

--------------------------------------------
Proportion of membership of each pre-defined
 population in each of the 3 clusters

Given    Inferred Clusters       Number of
 Pop       1      2      3      Individuals

  1:     0.333  0.332  0.335      358
  2:     0.334  0.334  0.333      1039
  3:     0.327  0.345  0.329      603
--------------------------------------------

  Rep#:   Lambda   Alpha      F1    F2    F3     D1,2  D1,3  D2,3    Ln Like  Est Ln P(D)
230000:    1.00    9.619    0.075 0.000 0.134    0.023 0.107 0.075   -125393    0 
230100:    1.00    9.927    0.108 0.000 0.159    0.034 0.108 0.071   -125308    0 
230200:    1.00    9.839    0.101 0.000 0.140    0.032 0.119 0.071   -125375    0 
230300:    1.00    9.796    0.104 0.000 0.165    0.034 0.113 0.067   -125327    0 
230400:    1.00    9.624    0.090 0.000 0.136    0.035 0.094 0.057   -125409    0 
230500:    1.00    9.713    0.080 0.000 0.151    0.032 0.094 0.056   -125418    0 
230600:    1.00    9.751    0.068 0.000 0.139    0.031 0.089 0.053   -125408    0 
230700:    1.00    9.668    0.098 0.000 0.137    0.028 0.077 0.056   -125422    0 
230800:    1.00    9.967    0.134 0.000 0.183    0.038 0.083 0.052   -125427    0 
230900:    1.00    9.865    0.106 0.000 0.131    0.037 0.097 0.063   -125357    0 

--------------------------------------------
Proportion of membership of each pre-defined
 population in each of the 3 clusters

Given    Inferred Clusters       Number of
 Pop       1      2      3      Individuals

  1:     0.338  0.322  0.340      358
  2:     0.336  0.330  0.334      1039
  3:     0.332  0.335  0.333      603
--------------------------------------------

  Rep#:   Lambda   Alpha      F1    F2    F3     D1,2  D1,3  D2,3    Ln Like  Est Ln P(D)
231000:    1.00    9.740    0.118 0.000 0.167    0.046 0.117 0.062   -125389    0 
231100:    1.00    9.764    0.082 0.000 0.198    0.031 0.097 0.063   -125387    0 
231200:    1.00    9.908    0.108 0.000 0.183    0.037 0.127 0.073   -125396    0 
231300:    1.00    9.725    0.076 0.000 0.142    0.031 0.077 0.052   -125484    0 
231400:    1.00    9.854    0.099 0.000 0.129    0.034 0.091 0.057   -125416    0 
231500:    1.00    9.929    0.110 0.000 0.157    0.037 0.099 0.064   -125372    0 
231600:    1.00    9.863    0.069 0.000 0.168    0.035 0.092 0.056   -125442    0 
231700:    1.00    9.773    0.083 0.000 0.113    0.040 0.084 0.046   -125465    0 
231800:    1.00    9.548    0.127 0.000 0.121    0.048 0.112 0.045   -125375    0 
231900:    1.00    9.347    0.078 0.000 0.093    0.033 0.084 0.049   -125438    0 

--------------------------------------------
Proportion of membership of each pre-defined
 population in each of the 3 clusters

Given    Inferred Clusters       Number of
 Pop       1      2      3      Individuals

  1:     0.329  0.342  0.329      358
  2:     0.335  0.332  0.333      1039
  3:     0.333  0.334  0.333      603
--------------------------------------------

  Rep#:   Lambda   Alpha      F1    F2    F3     D1,2  D1,3  D2,3    Ln Like  Est Ln P(D)
232000:    1.00    9.131    0.094 0.000 0.098    0.028 0.065 0.049   -125440    0 
232100:    1.00    9.092    0.088 0.000 0.104    0.037 0.076 0.042   -125370    0 
232200:    1.00    9.393    0.072 0.000 0.108    0.038 0.082 0.038   -125405    0 
232300:    1.00    9.337    0.103 0.000 0.086    0.036 0.078 0.036   -125442    0 
232400:    1.00    9.332    0.082 0.000 0.094    0.032 0.094 0.045   -125400    0 
232500:    1.00    9.269    0.115 0.000 0.104    0.036 0.095 0.046   -125398    0 
232600:    1.00    9.382    0.103 0.000 0.115    0.039 0.097 0.043   -125388    0 
232700:    1.00    9.445    0.103 0.000 0.104    0.035 0.076 0.035   -125451    0 
232800:    1.00    9.500    0.099 0.000 0.103    0.035 0.077 0.037   -125488    0 
232900:    1.00    9.694    0.096 0.000 0.095    0.029 0.068 0.042   -125437    0 

--------------------------------------------
Proportion of membership of each pre-defined
 population in each of the 3 clusters

Given    Inferred Clusters       Number of
 Pop       1      2      3      Individuals

  1:     0.330  0.339  0.332      358
  2:     0.330  0.331  0.339      1039
  3:     0.337  0.335  0.328      603
--------------------------------------------

  Rep#:   Lambda   Alpha      F1    F2    F3     D1,2  D1,3  D2,3    Ln Like  Est Ln P(D)
233000:    1.00    9.108    0.078 0.000 0.114    0.027 0.067 0.041   -125494    0 
233100:    1.00    8.851    0.089 0.000 0.115    0.023 0.081 0.046   -125451    0 
233200:    1.00    8.984    0.056 0.000 0.141    0.017 0.076 0.052   -125431    0 
233300:    1.00    8.757    0.064 0.000 0.114    0.027 0.084 0.049   -125366    0 
233400:    1.00    9.012    0.048 0.000 0.106    0.023 0.092 0.051   -125365    0 
233500:    1.00    9.156    0.050 0.000 0.132    0.016 0.079 0.059   -125462    0 
233600:    1.00    9.679    0.038 0.000 0.117    0.025 0.088 0.056   -125459    0 
233700:    1.00    9.470    0.061 0.000 0.186    0.018 0.086 0.062   -125442    0 
233800:    1.00    9.352    0.047 0.000 0.147    0.016 0.071 0.052   -125498    0 
233900:    1.00    8.993    0.048 0.000 0.116    0.018 0.094 0.064   -125417    0 

--------------------------------------------
Proportion of membership of each pre-defined
 population in each of the 3 clusters

Given    Inferred Clusters       Number of
 Pop       1      2      3      Individuals

  1:     0.339  0.331  0.330      358
  2:     0.333  0.331  0.335      1039
  3:     0.338  0.331  0.331      603
--------------------------------------------

  Rep#:   Lambda   Alpha      F1    F2    F3     D1,2  D1,3  D2,3    Ln Like  Est Ln P(D)
234000:    1.00    8.944    0.048 0.000 0.107    0.021 0.073 0.048   -125439    0 
234100:    1.00    9.091    0.052 0.000 0.094    0.016 0.057 0.046   -125502    0 
234200:    1.00    9.343    0.039 0.000 0.100    0.018 0.062 0.043   -125430    0 
234300:    1.00    9.397    0.068 0.000 0.118    0.027 0.085 0.051   -125406    0 
234400:    1.00    9.399    0.082 0.000 0.122    0.027 0.075 0.049   -125442    0 
234500:    1.00    9.281    0.077 0.000 0.138    0.032 0.088 0.057   -125375    0 
234600:    1.00    9.175    0.120 0.000 0.156    0.037 0.090 0.053   -125403    0 
234700:    1.00    9.405    0.095 0.000 0.136    0.036 0.097 0.055   -125380    0 
234800:    1.00    9.240    0.084 0.000 0.167    0.034 0.098 0.063   -125383    0 
234900:    1.00    9.680    0.073 0.000 0.138    0.039 0.110 0.058   -125412    0 

--------------------------------------------
Proportion of membership of each pre-defined
 population in each of the 3 clusters

Given    Inferred Clusters       Number of
 Pop       1      2      3      Individuals

  1:     0.329  0.329  0.342      358
  2:     0.332  0.333  0.335      1039
  3:     0.331  0.332  0.337      603
--------------------------------------------

  Rep#:   Lambda   Alpha      F1    F2    F3     D1,2  D1,3  D2,3    Ln Like  Est Ln P(D)
235000:    1.00    9.799    0.091 0.000 0.118    0.027 0.091 0.054   -125354    0 
235100:    1.00    9.628    0.081 0.000 0.144    0.029 0.102 0.060   -125375    0 
235200:    1.00    9.847    0.067 0.000 0.149    0.031 0.121 0.070   -125377    0 
235300:    1.00    9.246    0.079 0.000 0.193    0.031 0.129 0.078   -125365    0 
235400:    1.00    9.225    0.074 0.000 0.152    0.030 0.115 0.068   -125409    0 
235500:    1.00    9.288    0.081 0.000 0.147    0.030 0.093 0.057   -125426    0 
235600:    1.00    9.114    0.075 0.000 0.158    0.027 0.103 0.070   -125350    0 
235700:    1.00    8.950    0.067 0.000 0.143    0.030 0.097 0.060   -125411    0 
235800:    1.00    9.086    0.074 0.000 0.169    0.031 0.105 0.063   -125379    0 
235900:    1.00    9.020    0.060 0.000 0.147    0.025 0.109 0.063   -125387    0 

--------------------------------------------
Proportion of membership of each pre-defined
 population in each of the 3 clusters

Given    Inferred Clusters       Number of
 Pop       1      2      3      Individuals

  1:     0.326  0.333  0.341      358
  2:     0.335  0.333  0.332      1039
  3:     0.333  0.335  0.332      603
--------------------------------------------

  Rep#:   Lambda   Alpha      F1    F2    F3     D1,2  D1,3  D2,3    Ln Like  Est Ln P(D)
236000:    1.00    8.759    0.059 0.000 0.136    0.026 0.078 0.054   -125360    0 
236100:    1.00    8.936    0.081 0.000 0.113    0.035 0.072 0.039   -125425    0 
236200:    1.00    9.229    0.100 0.000 0.103    0.031 0.080 0.048   -125437    0 
236300:    1.00    9.121    0.073 0.000 0.099    0.030 0.064 0.040   -125483    0 
236400:    1.00    9.449    0.082 0.000 0.133    0.035 0.085 0.036   -125399    0 
236500:    1.00    9.680    0.073 0.000 0.089    0.031 0.075 0.038   -125510    0 
236600:    1.00    9.528    0.087 0.000 0.085    0.029 0.070 0.037   -125485    0 
236700:    1.00    9.830    0.064 0.000 0.101    0.030 0.086 0.040   -125497    0 
236800:    1.00    9.892    0.064 0.000 0.114    0.018 0.070 0.039   -125458    0 
236900:    1.00    9.906    0.070 0.000 0.119    0.021 0.066 0.037   -125456    0 

--------------------------------------------
Proportion of membership of each pre-defined
 population in each of the 3 clusters

Given    Inferred Clusters       Number of
 Pop       1      2      3      Individuals

  1:     0.345  0.332  0.323      358
  2:     0.335  0.332  0.333      1039
  3:     0.332  0.335  0.334      603
--------------------------------------------

  Rep#:   Lambda   Alpha      F1    F2    F3     D1,2  D1,3  D2,3    Ln Like  Est Ln P(D)
237000:    1.00    9.721    0.090 0.000 0.113    0.029 0.071 0.032   -125424    0 
237100:    1.00    9.786    0.091 0.000 0.089    0.039 0.094 0.037   -125463    0 
237200:    1.00    9.684    0.099 0.000 0.083    0.039 0.095 0.045   -125441    0 
237300:    1.00    9.816    0.119 0.000 0.089    0.042 0.090 0.043   -125418    0 
237400:    1.00    9.312    0.136 0.000 0.097    0.049 0.093 0.034   -125413    0 
237500:    1.00    9.616    0.126 0.000 0.088    0.048 0.086 0.032   -125469    0 
237600:    1.00    9.931    0.159 0.000 0.088    0.064 0.106 0.032   -125411    0 
237700:    1.00    9.769    0.129 0.000 0.079    0.056 0.091 0.031   -125392    0 
237800:    1.00    9.730    0.149 0.000 0.084    0.055 0.101 0.036   -125398    0 
237900:    1.00    9.943    0.136 0.000 0.091    0.060 0.083 0.035   -125404    0 

--------------------------------------------
Proportion of membership of each pre-defined
 population in each of the 3 clusters

Given    Inferred Clusters       Number of
 Pop       1      2      3      Individuals

  1:     0.333  0.338  0.329      358
  2:     0.334  0.329  0.337      1039
  3:     0.333  0.334  0.333      603
--------------------------------------------

  Rep#:   Lambda   Alpha      F1    F2    F3     D1,2  D1,3  D2,3    Ln Like  Est Ln P(D)
238000:    1.00    9.973    0.108 0.000 0.112    0.047 0.095 0.041   -125420    0 
238100:    1.00    9.987    0.104 0.000 0.108    0.049 0.110 0.047   -125366    0 
238200:    1.00    9.329    0.102 0.000 0.125    0.045 0.105 0.047   -125438    0 
238300:    1.00    9.104    0.103 0.000 0.160    0.050 0.107 0.053   -125311    0 
238400:    1.00    9.562    0.122 0.000 0.125    0.055 0.123 0.056   -125348    0 
238500:    1.00    9.503    0.161 0.000 0.118    0.044 0.089 0.045   -125387    0 
238600:    1.00    9.699    0.132 0.000 0.111    0.049 0.102 0.052   -125360    0 
238700:    1.00    9.601    0.114 0.000 0.183    0.035 0.100 0.056   -125358    0 
238800:    1.00    9.749    0.138 0.000 0.117    0.053 0.125 0.062   -125287    0 
238900:    1.00    9.637    0.094 0.000 0.165    0.038 0.094 0.052   -125394    0 

--------------------------------------------
Proportion of membership of each pre-defined
 population in each of the 3 clusters

Given    Inferred Clusters       Number of
 Pop       1      2      3      Individuals

  1:     0.334  0.336  0.330      358
  2:     0.335  0.332  0.333      1039
  3:     0.328  0.338  0.334      603
--------------------------------------------

  Rep#:   Lambda   Alpha      F1    F2    F3     D1,2  D1,3  D2,3    Ln Like  Est Ln P(D)
239000:    1.00    9.608    0.093 0.000 0.174    0.043 0.114 0.056   -125340    0 
239100:    1.00    9.347    0.114 0.000 0.153    0.050 0.138 0.062   -125325    0 
239200:    1.00    9.517    0.115 0.000 0.187    0.040 0.122 0.069   -125303    0 
239300:    1.00    9.392    0.086 0.000 0.159    0.036 0.104 0.058   -125375    0 
239400:    1.00    9.273    0.112 0.000 0.188    0.040 0.128 0.072   -125302    0 
239500:    1.00    9.358    0.140 0.000 0.165    0.050 0.129 0.063   -125278    0 
239600:    1.00    9.666    0.143 0.000 0.217    0.059 0.145 0.075   -125247    0 
239700:    1.00    9.533    0.125 0.000 0.165    0.059 0.144 0.075   -125250    0 
239800:    1.00    9.611    0.117 0.000 0.156    0.052 0.113 0.063   -125370    0 
239900:    1.00    9.672    0.167 0.000 0.164    0.053 0.112 0.063   -125334    0 

--------------------------------------------
Proportion of membership of each pre-defined
 population in each of the 3 clusters

Given    Inferred Clusters       Number of
 Pop       1      2      3      Individuals

  1:     0.338  0.335  0.327      358
  2:     0.340  0.330  0.331      1039
  3:     0.333  0.338  0.328      603
--------------------------------------------

  Rep#:   Lambda   Alpha      F1    F2    F3     D1,2  D1,3  D2,3    Ln Like  Est Ln P(D)
240000:    1.00    9.765    0.139 0.000 0.154    0.054 0.115 0.062   -125411    0 
240100:    1.00    9.622    0.113 0.000 0.198    0.048 0.126 0.068   -125370    0 
240200:    1.00    9.288    0.105 0.000 0.167    0.032 0.084 0.059   -125363    0 
240300:    1.00    9.427    0.112 0.000 0.142    0.031 0.088 0.054   -125374    0 
240400:    1.00    9.539    0.093 0.000 0.131    0.034 0.102 0.050   -125345    0 
240500:    1.00    9.109    0.080 0.000 0.167    0.033 0.104 0.057   -125426    0 
240600:    1.00    9.152    0.085 0.000 0.179    0.028 0.084 0.049   -125420    0 
240700:    1.00    9.173    0.075 0.000 0.120    0.032 0.092 0.054   -125376    0 
240800:    1.00    9.237    0.086 0.000 0.177    0.032 0.118 0.077   -125375    0 
240900:    1.00    9.246    0.122 0.000 0.158    0.044 0.105 0.058   -125376    0 

--------------------------------------------
Proportion of membership of each pre-defined
 population in each of the 3 clusters

Given    Inferred Clusters       Number of
 Pop       1      2      3      Individuals

  1:     0.334  0.335  0.331      358
  2:     0.331  0.331  0.338      1039
  3:     0.330  0.336  0.334      603
--------------------------------------------

  Rep#:   Lambda   Alpha      F1    F2    F3     D1,2  D1,3  D2,3    Ln Like  Est Ln P(D)
241000:    1.00    8.891    0.127 0.000 0.148    0.034 0.098 0.066   -125365    0 
241100:    1.00    9.082    0.115 0.000 0.175    0.042 0.098 0.066   -125369    0 
241200:    1.00    9.209    0.122 0.000 0.121    0.043 0.111 0.070   -125304    0 
241300:    1.00    9.123    0.113 0.000 0.159    0.037 0.131 0.084   -125352    0 
241400:    1.00    9.379    0.133 0.000 0.194    0.041 0.130 0.081   -125318    0 
241500:    1.00    9.469    0.126 0.000 0.176    0.044 0.128 0.070   -125429    0 
241600:    1.00    9.649    0.085 0.000 0.201    0.040 0.111 0.063   -125357    0 
241700:    1.00    9.732    0.116 0.000 0.169    0.048 0.132 0.068   -125327    0 
241800:    1.00    9.523    0.124 0.000 0.139    0.071 0.154 0.062   -125352    0 
241900:    1.00    9.721    0.168 0.000 0.188    0.062 0.144 0.069   -125313    0 

--------------------------------------------
Proportion of membership of each pre-defined
 population in each of the 3 clusters

Given    Inferred Clusters       Number of
 Pop       1      2      3      Individuals

  1:     0.335  0.326  0.339      358
  2:     0.332  0.331  0.337      1039
  3:     0.333  0.333  0.334      603
--------------------------------------------

  Rep#:   Lambda   Alpha      F1    F2    F3     D1,2  D1,3  D2,3    Ln Like  Est Ln P(D)
242000:    1.00    9.639    0.161 0.000 0.170    0.067 0.144 0.062   -125318    0 
242100:    1.00    9.674    0.163 0.000 0.186    0.063 0.140 0.066   -125248    0 
242200:    1.00    9.762    0.233 0.000 0.164    0.073 0.146 0.057   -125263    0 
242300:    1.00    9.846    0.129 0.000 0.166    0.064 0.158 0.064   -125296    0 
242400:    1.00    9.704    0.192 0.000 0.186    0.074 0.156 0.056   -125251    0 
242500:    1.00    9.496    0.126 0.000 0.153    0.055 0.115 0.046   -125332    0 
242600:    1.00    9.431    0.132 0.000 0.185    0.071 0.161 0.057   -125259    0 
242700:    1.00    9.094    0.158 0.000 0.202    0.066 0.141 0.063   -125203    0 
242800:    1.00    9.002    0.149 0.000 0.174    0.066 0.134 0.059   -125303    0 
242900:    1.00    8.980    0.175 0.000 0.180    0.078 0.157 0.062   -125258    0 

--------------------------------------------
Proportion of membership of each pre-defined
 population in each of the 3 clusters

Given    Inferred Clusters       Number of
 Pop       1      2      3      Individuals

  1:     0.340  0.325  0.335      358
  2:     0.327  0.337  0.337      1039
  3:     0.331  0.342  0.327      603
--------------------------------------------

  Rep#:   Lambda   Alpha      F1    F2    F3     D1,2  D1,3  D2,3    Ln Like  Est Ln P(D)
243000:    1.00    9.257    0.201 0.000 0.165    0.072 0.166 0.064   -125287    0 
243100:    1.00    9.252    0.162 0.000 0.174    0.071 0.139 0.061   -125300    0 
243200:    1.00    9.638    0.125 0.000 0.132    0.068 0.111 0.059   -125325    0 
243300:    1.00    9.643    0.186 0.000 0.122    0.062 0.107 0.052   -125357    0 
243400:    1.00    9.666    0.168 0.000 0.141    0.063 0.102 0.051   -125311    0 
243500:    1.00    9.845    0.174 0.000 0.140    0.066 0.110 0.050   -125337    0 
243600:    1.00    9.866    0.182 0.000 0.131    0.060 0.122 0.052   -125356    0 
243700:    1.00    9.727    0.216 0.000 0.124    0.071 0.123 0.053   -125340    0 
243800:    1.00    9.754    0.210 0.000 0.131    0.084 0.133 0.050   -125293    0 
243900:    1.00    9.635    0.210 0.000 0.112    0.077 0.124 0.046   -125373    0 

--------------------------------------------
Proportion of membership of each pre-defined
 population in each of the 3 clusters

Given    Inferred Clusters       Number of
 Pop       1      2      3      Individuals

  1:     0.339  0.332  0.330      358
  2:     0.336  0.331  0.333      1039
  3:     0.331  0.336  0.333      603
--------------------------------------------

  Rep#:   Lambda   Alpha      F1    F2    F3     D1,2  D1,3  D2,3    Ln Like  Est Ln P(D)
244000:    1.00    9.736    0.167 0.000 0.134    0.070 0.141 0.057   -125275    0 
244100:    1.00    9.709    0.171 0.000 0.143    0.065 0.125 0.054   -125370    0 
244200:    1.00    9.596    0.135 0.000 0.152    0.064 0.124 0.058   -125355    0 
244300:    1.00    9.189    0.100 0.000 0.181    0.053 0.113 0.054   -125383    0 
244400:    1.00    9.292    0.121 0.000 0.153    0.052 0.121 0.064   -125318    0 
244500:    1.00    9.593    0.141 0.000 0.160    0.060 0.115 0.053   -125315    0 
244600:    1.00    9.731    0.150 0.000 0.163    0.058 0.144 0.072   -125289    0 
244700:    1.00    9.435    0.147 0.000 0.165    0.050 0.107 0.071   -125352    0 
244800:    1.00    9.040    0.156 0.000 0.285    0.056 0.135 0.078   -125288    0 
244900:    1.00    8.657    0.140 0.000 0.191    0.061 0.129 0.068   -125273    0 

--------------------------------------------
Proportion of membership of each pre-defined
 population in each of the 3 clusters

Given    Inferred Clusters       Number of
 Pop       1      2      3      Individuals

  1:     0.328  0.333  0.339      358
  2:     0.337  0.331  0.332      1039
  3:     0.336  0.332  0.332      603
--------------------------------------------

  Rep#:   Lambda   Alpha      F1    F2    F3     D1,2  D1,3  D2,3    Ln Like  Est Ln P(D)
245000:    1.00    8.764    0.114 0.000 0.201    0.043 0.118 0.067   -125356    0 
245100:    1.00    8.486    0.101 0.000 0.185    0.042 0.120 0.067   -125260    0 
245200:    1.00    8.388    0.142 0.000 0.226    0.042 0.136 0.077   -125264    0 
245300:    1.00    8.308    0.118 0.000 0.195    0.040 0.108 0.062   -125289    0 
245400:    1.00    8.367    0.135 0.000 0.201    0.044 0.088 0.050   -125328    0 
245500:    1.00    8.542    0.142 0.000 0.152    0.048 0.097 0.048   -125280    0 
245600:    1.00    8.257    0.129 0.000 0.164    0.044 0.104 0.052   -125292    0 
245700:    1.00    7.825    0.104 0.000 0.152    0.048 0.102 0.041   -125296    0 
245800:    1.00    7.618    0.113 0.000 0.133    0.039 0.094 0.044   -125330    0 
245900:    1.00    7.544    0.090 0.000 0.128    0.027 0.074 0.044   -125358    0 

--------------------------------------------
Proportion of membership of each pre-defined
 population in each of the 3 clusters

Given    Inferred Clusters       Number of
 Pop       1      2      3      Individuals

  1:     0.334  0.333  0.333      358
  2:     0.334  0.332  0.335      1039
  3:     0.335  0.337  0.328      603
--------------------------------------------

  Rep#:   Lambda   Alpha      F1    F2    F3     D1,2  D1,3  D2,3    Ln Like  Est Ln P(D)
246000:    1.00    7.580    0.092 0.000 0.130    0.036 0.082 0.051   -125351    0 
246100:    1.00    7.310    0.057 0.000 0.115    0.026 0.070 0.049   -125334    0 
246200:    1.00    7.379    0.103 0.000 0.110    0.028 0.080 0.043   -125301    0 
246300:    1.00    7.095    0.116 0.000 0.129    0.038 0.084 0.044   -125308    0 
246400:    1.00    6.971    0.081 0.000 0.146    0.041 0.092 0.045   -125288    0 
246500:    1.00    7.321    0.092 0.000 0.098    0.038 0.093 0.044   -125346    0 
246600:    1.00    7.422    0.115 0.000 0.148    0.036 0.092 0.050   -125293    0 
246700:    1.00    7.520    0.106 0.000 0.154    0.038 0.102 0.061   -125285    0 
246800:    1.00    7.906    0.124 0.000 0.142    0.046 0.111 0.061   -125269    0 
246900:    1.00    8.199    0.104 0.000 0.160    0.037 0.091 0.054   -125303    0 

--------------------------------------------
Proportion of membership of each pre-defined
 population in each of the 3 clusters

Given    Inferred Clusters       Number of
 Pop       1      2      3      Individuals

  1:     0.332  0.338  0.330      358
  2:     0.332  0.335  0.333      1039
  3:     0.331  0.341  0.328      603
--------------------------------------------

  Rep#:   Lambda   Alpha      F1    F2    F3     D1,2  D1,3  D2,3    Ln Like  Est Ln P(D)
247000:    1.00    8.139    0.101 0.000 0.164    0.040 0.090 0.051   -125349    0 
247100:    1.00    8.353    0.099 0.000 0.169    0.037 0.114 0.065   -125293    0 
247200:    1.00    8.809    0.112 0.000 0.151    0.042 0.126 0.067   -125315    0 
247300:    1.00    8.842    0.120 0.000 0.182    0.045 0.113 0.051   -125385    0 
247400:    1.00    8.569    0.094 0.000 0.126    0.032 0.101 0.051   -125359    0 
247500:    1.00    8.400    0.112 0.000 0.118    0.034 0.099 0.045   -125370    0 
247600:    1.00    8.758    0.115 0.000 0.113    0.037 0.109 0.054   -125356    0 
247700:    1.00    8.532    0.105 0.000 0.124    0.030 0.086 0.045   -125352    0 
247800:    1.00    8.359    0.099 0.000 0.111    0.033 0.072 0.042   -125417    0 
247900:    1.00    8.224    0.094 0.000 0.085    0.031 0.066 0.039   -125385    0 

--------------------------------------------
Proportion of membership of each pre-defined
 population in each of the 3 clusters

Given    Inferred Clusters       Number of
 Pop       1      2      3      Individuals

  1:     0.337  0.334  0.329      358
  2:     0.334  0.332  0.334      1039
  3:     0.331  0.337  0.332      603
--------------------------------------------

  Rep#:   Lambda   Alpha      F1    F2    F3     D1,2  D1,3  D2,3    Ln Like  Est Ln P(D)
248000:    1.00    8.378    0.084 0.000 0.125    0.032 0.066 0.041   -125426    0 
248100:    1.00    8.804    0.089 0.000 0.108    0.038 0.081 0.045   -125392    0 
248200:    1.00    8.684    0.134 0.000 0.111    0.040 0.096 0.048   -125378    0 
248300:    1.00    8.989    0.127 0.000 0.123    0.049 0.099 0.042   -125385    0 
248400:    1.00    8.690    0.121 0.000 0.135    0.039 0.087 0.043   -125390    0 
248500:    1.00    8.868    0.113 0.000 0.121    0.037 0.095 0.044   -125336    0 
248600:    1.00    8.431    0.137 0.000 0.142    0.040 0.095 0.055   -125345    0 
248700:    1.00    8.509    0.107 0.000 0.161    0.041 0.110 0.059   -125305    0 
248800:    1.00    8.677    0.089 0.000 0.149    0.035 0.103 0.061   -125407    0 
248900:    1.00    8.466    0.074 0.000 0.139    0.028 0.070 0.052   -125406    0 

--------------------------------------------
Proportion of membership of each pre-defined
 population in each of the 3 clusters

Given    Inferred Clusters       Number of
 Pop       1      2      3      Individuals

  1:     0.329  0.337  0.334      358
  2:     0.332  0.334  0.335      1039
  3:     0.327  0.336  0.336      603
--------------------------------------------

  Rep#:   Lambda   Alpha      F1    F2    F3     D1,2  D1,3  D2,3    Ln Like  Est Ln P(D)
249000:    1.00    8.688    0.073 0.000 0.112    0.028 0.065 0.049   -125478    0 
249100:    1.00    8.563    0.065 0.000 0.110    0.026 0.073 0.046   -125423    0 
249200:    1.00    8.489    0.070 0.000 0.133    0.030 0.085 0.051   -125404    0 
249300:    1.00    8.215    0.076 0.000 0.112    0.035 0.091 0.048   -125385    0 
249400:    1.00    8.129    0.115 0.000 0.158    0.038 0.106 0.059   -125363    0 
249500:    1.00    8.114    0.118 0.000 0.129    0.042 0.102 0.057   -125241    0 
249600:    1.00    7.638    0.076 0.000 0.124    0.036 0.115 0.065   -125316    0 
249700:    1.00    7.850    0.094 0.000 0.128    0.028 0.099 0.056   -125305    0 
249800:    1.00    7.947    0.099 0.000 0.134    0.037 0.113 0.059   -125299    0 
249900:    1.00    8.151    0.081 0.000 0.109    0.031 0.100 0.055   -125297    0 

--------------------------------------------
Proportion of membership of each pre-defined
 population in each of the 3 clusters

Given    Inferred Clusters       Number of
 Pop       1      2      3      Individuals

  1:     0.338  0.332  0.330      358
  2:     0.334  0.335  0.332      1039
  3:     0.333  0.336  0.331      603
--------------------------------------------

  Rep#:   Lambda   Alpha      F1    F2    F3     D1,2  D1,3  D2,3    Ln Like  Est Ln P(D)
250000:    1.00    8.461    0.086 0.000 0.145    0.028 0.097 0.055   -125358    0 
250100:    1.00    8.392    0.103 0.000 0.129    0.040 0.098 0.044   -125368    0 
250200:    1.00    8.761    0.119 0.000 0.116    0.043 0.114 0.046   -125336    0 
250300:    1.00    8.153    0.094 0.000 0.098    0.035 0.096 0.045   -125373    0 
250400:    1.00    8.343    0.096 0.000 0.120    0.034 0.104 0.051   -125363    0 
250500:    1.00    8.082    0.120 0.000 0.159    0.043 0.118 0.051   -125337    0 
250600:    1.00    8.232    0.109 0.000 0.145    0.041 0.100 0.043   -125360    0 
250700:    1.00    8.804    0.107 0.000 0.180    0.043 0.119 0.052   -125276    0 
250800:    1.00    8.926    0.094 0.000 0.137    0.037 0.104 0.050   -125339    0 
250900:    1.00    8.561    0.101 0.000 0.150    0.043 0.124 0.055   -125278    0 

--------------------------------------------
Proportion of membership of each pre-defined
 population in each of the 3 clusters

Given    Inferred Clusters       Number of
 Pop       1      2      3      Individuals

  1:     0.340  0.326  0.333      358
  2:     0.335  0.334  0.331      1039
  3:     0.329  0.333  0.338      603
--------------------------------------------

  Rep#:   Lambda   Alpha      F1    F2    F3     D1,2  D1,3  D2,3    Ln Like  Est Ln P(D)
251000:    1.00    8.457    0.099 0.000 0.125    0.031 0.104 0.056   -125307    0 
251100:    1.00    8.482    0.087 0.000 0.106    0.035 0.098 0.046   -125343    0 
251200:    1.00    8.077    0.142 0.000 0.112    0.038 0.099 0.039   -125315    0 
251300:    1.00    7.995    0.107 0.000 0.188    0.040 0.107 0.062   -125306    0 
251400:    1.00    8.303    0.151 0.000 0.157    0.056 0.124 0.047   -125300    0 
251500:    1.00    8.492    0.124 0.000 0.132    0.053 0.115 0.045   -125311    0 
251600:    1.00    8.534    0.121 0.000 0.114    0.053 0.100 0.047   -125340    0 
251700:    1.00    8.085    0.084 0.000 0.126    0.038 0.090 0.052   -125273    0 
251800:    1.00    7.833    0.109 0.000 0.105    0.048 0.106 0.044   -125284    0 
251900:    1.00    7.531    0.109 0.000 0.105    0.044 0.118 0.047   -125284    0 

--------------------------------------------
Proportion of membership of each pre-defined
 population in each of the 3 clusters

Given    Inferred Clusters       Number of
 Pop       1      2      3      Individuals

  1:     0.337  0.339  0.325      358
  2:     0.336  0.331  0.333      1039
  3:     0.333  0.337  0.330      603
--------------------------------------------

  Rep#:   Lambda   Alpha      F1    F2    F3     D1,2  D1,3  D2,3    Ln Like  Est Ln P(D)
252000:    1.00    7.377    0.082 0.000 0.099    0.042 0.094 0.040   -125327    0 
252100:    1.00    7.306    0.102 0.000 0.121    0.039 0.092 0.039   -125341    0 
252200:    1.00    7.649    0.113 0.000 0.097    0.040 0.096 0.041   -125330    0 
252300:    1.00    7.987    0.086 0.000 0.092    0.033 0.078 0.035   -125437    0 
252400:    1.00    8.119    0.096 0.000 0.109    0.027 0.074 0.040   -125418    0 
252500:    1.00    8.140    0.096 0.000 0.144    0.031 0.074 0.044   -125368    0 
252600:    1.00    7.745    0.100 0.000 0.131    0.038 0.092 0.041   -125331    0 
252700:    1.00    8.140    0.106 0.000 0.117    0.035 0.080 0.041   -125376    0 
252800:    1.00    8.405    0.086 0.000 0.134    0.035 0.080 0.044   -125362    0 
252900:    1.00    8.502    0.081 0.000 0.139    0.038 0.091 0.053   -125356    0 

--------------------------------------------
Proportion of membership of each pre-defined
 population in each of the 3 clusters

Given    Inferred Clusters       Number of
 Pop       1      2      3      Individuals

  1:     0.338  0.333  0.330      358
  2:     0.332  0.335  0.333      1039
  3:     0.327  0.335  0.338      603
--------------------------------------------

  Rep#:   Lambda   Alpha      F1    F2    F3     D1,2  D1,3  D2,3    Ln Like  Est Ln P(D)
253000:    1.00    8.504    0.127 0.000 0.158    0.037 0.087 0.051   -125332    0 
253100:    1.00    8.000    0.079 0.000 0.166    0.036 0.100 0.052   -125304    0 
253200:    1.00    7.971    0.111 0.000 0.180    0.035 0.091 0.048   -125322    0 
253300:    1.00    8.030    0.115 0.000 0.133    0.040 0.101 0.050   -125314    0 
253400:    1.00    8.108    0.087 0.000 0.107    0.037 0.096 0.049   -125347    0 
253500:    1.00    8.339    0.090 0.000 0.119    0.036 0.079 0.042   -125340    0 
253600:    1.00    8.096    0.087 0.000 0.121    0.040 0.092 0.042   -125405    0 
253700:    1.00    7.917    0.085 0.000 0.114    0.031 0.072 0.038   -125411    0 
253800:    1.00    7.949    0.069 0.000 0.122    0.026 0.082 0.051   -125416    0 
253900:    1.00    7.806    0.059 0.000 0.108    0.021 0.064 0.042   -125361    0 

--------------------------------------------
Proportion of membership of each pre-defined
 population in each of the 3 clusters

Given    Inferred Clusters       Number of
 Pop       1      2      3      Individuals

  1:     0.335  0.340  0.325      358
  2:     0.338  0.328  0.333      1039
  3:     0.336  0.334  0.330      603
--------------------------------------------

  Rep#:   Lambda   Alpha      F1    F2    F3     D1,2  D1,3  D2,3    Ln Like  Est Ln P(D)
254000:    1.00    7.782    0.068 0.000 0.115    0.021 0.062 0.045   -125392    0 
254100:    1.00    7.824    0.069 0.000 0.104    0.024 0.079 0.056   -125406    0 
254200:    1.00    8.262    0.092 0.000 0.170    0.034 0.114 0.065   -125304    0 
254300:    1.00    8.485    0.098 0.000 0.165    0.029 0.112 0.068   -125294    0 
254400:    1.00    8.224    0.084 0.000 0.156    0.029 0.099 0.054   -125327    0 
254500:    1.00    8.455    0.065 0.000 0.143    0.026 0.094 0.053   -125335    0 
254600:    1.00    8.143    0.059 0.000 0.113    0.025 0.083 0.047   -125368    0 
254700:    1.00    7.963    0.066 0.000 0.126    0.028 0.081 0.042   -125353    0 
254800:    1.00    8.083    0.065 0.000 0.114    0.026 0.074 0.045   -125429    0 
254900:    1.00    7.733    0.083 0.000 0.146    0.023 0.089 0.049   -125350    0 

--------------------------------------------
Proportion of membership of each pre-defined
 population in each of the 3 clusters

Given    Inferred Clusters       Number of
 Pop       1      2      3      Individuals

  1:     0.339  0.330  0.331      358
  2:     0.335  0.333  0.332      1039
  3:     0.323  0.338  0.340      603
--------------------------------------------

  Rep#:   Lambda   Alpha      F1    F2    F3     D1,2  D1,3  D2,3    Ln Like  Est Ln P(D)
255000:    1.00    7.779    0.081 0.000 0.128    0.030 0.095 0.050   -125386    0 
255100:    1.00    7.637    0.065 0.000 0.128    0.023 0.081 0.049   -125392    0 
255200:    1.00    7.429    0.067 0.000 0.132    0.028 0.083 0.048   -125326    0 
255300:    1.00    7.504    0.088 0.000 0.127    0.033 0.093 0.047   -125336    0 
255400:    1.00    7.557    0.083 0.000 0.115    0.030 0.084 0.055   -125352    0 
255500:    1.00    6.985    0.096 0.000 0.160    0.031 0.090 0.056   -125308    0 
255600:    1.00    7.263    0.097 0.000 0.136    0.029 0.083 0.058   -125318    0 
255700:    1.00    7.156    0.075 0.000 0.131    0.032 0.084 0.048   -125380    0 
255800:    1.00    7.064    0.083 0.000 0.139    0.029 0.078 0.044   -125315    0 
255900:    1.00    7.243    0.077 0.000 0.138    0.030 0.088 0.053   -125276    0 

--------------------------------------------
Proportion of membership of each pre-defined
 population in each of the 3 clusters

Given    Inferred Clusters       Number of
 Pop       1      2      3      Individuals

  1:     0.329  0.338  0.333      358
  2:     0.334  0.331  0.335      1039
  3:     0.327  0.336  0.338      603
--------------------------------------------

  Rep#:   Lambda   Alpha      F1    F2    F3     D1,2  D1,3  D2,3    Ln Like  Est Ln P(D)
256000:    1.00    7.543    0.088 0.000 0.113    0.029 0.095 0.059   -125304    0 
256100:    1.00    7.672    0.066 0.000 0.125    0.029 0.092 0.055   -125307    0 
256200:    1.00    7.666    0.088 0.000 0.133    0.033 0.097 0.058   -125272    0 
256300:    1.00    7.695    0.070 0.000 0.126    0.031 0.087 0.049   -125364    0 
256400:    1.00    7.787    0.088 0.000 0.145    0.038 0.108 0.056   -125274    0 
256500:    1.00    7.950    0.087 0.000 0.109    0.032 0.080 0.047   -125372    0 
256600:    1.00    8.044    0.082 0.000 0.160    0.034 0.091 0.052   -125349    0 
256700:    1.00    8.009    0.111 0.000 0.124    0.043 0.104 0.052   -125268    0 
256800:    1.00    8.377    0.074 0.000 0.151    0.039 0.098 0.062   -125331    0 
256900:    1.00    8.388    0.074 0.000 0.173    0.034 0.104 0.060   -125311    0 

--------------------------------------------
Proportion of membership of each pre-defined
 population in each of the 3 clusters

Given    Inferred Clusters       Number of
 Pop       1      2      3      Individuals

  1:     0.340  0.330  0.329      358
  2:     0.330  0.333  0.337      1039
  3:     0.329  0.334  0.338      603
--------------------------------------------

  Rep#:   Lambda   Alpha      F1    F2    F3     D1,2  D1,3  D2,3    Ln Like  Est Ln P(D)
257000:    1.00    8.259    0.069 0.000 0.147    0.037 0.104 0.059   -125279    0 
257100:    1.00    8.267    0.104 0.000 0.141    0.042 0.113 0.064   -125266    0 
257200:    1.00    8.135    0.086 0.000 0.145    0.029 0.091 0.064   -125356    0 
257300:    1.00    8.160    0.102 0.000 0.121    0.030 0.098 0.054   -125300    0 
257400:    1.00    7.938    0.100 0.000 0.128    0.030 0.091 0.055   -125330    0 
257500:    1.00    8.058    0.108 0.000 0.169    0.040 0.130 0.059   -125253    0 
257600:    1.00    8.315    0.132 0.000 0.157    0.035 0.109 0.050   -125332    0 
257700:    1.00    8.391    0.135 0.000 0.137    0.037 0.122 0.058   -125327    0 
257800:    1.00    8.284    0.144 0.000 0.146    0.037 0.123 0.060   -125374    0 
257900:    1.00    8.321    0.131 0.000 0.145    0.040 0.118 0.055   -125311    0 

--------------------------------------------
Proportion of membership of each pre-defined
 population in each of the 3 clusters

Given    Inferred Clusters       Number of
 Pop       1      2      3      Individuals

  1:     0.328  0.333  0.339      358
  2:     0.333  0.334  0.333      1039
  3:     0.331  0.339  0.331      603
--------------------------------------------

  Rep#:   Lambda   Alpha      F1    F2    F3     D1,2  D1,3  D2,3    Ln Like  Est Ln P(D)
258000:    1.00    8.195    0.136 0.000 0.127    0.039 0.113 0.051   -125319    0 
258100:    1.00    8.549    0.164 0.000 0.114    0.038 0.096 0.042   -125321    0 
258200:    1.00    8.684    0.095 0.000 0.129    0.037 0.094 0.042   -125350    0 
258300:    1.00    8.521    0.089 0.000 0.107    0.038 0.095 0.041   -125390    0 
258400:    1.00    8.443    0.095 0.000 0.100    0.035 0.083 0.037   -125371    0 
258500:    1.00    8.527    0.084 0.000 0.100    0.031 0.090 0.040   -125346    0 
258600:    1.00    8.766    0.074 0.000 0.130    0.022 0.085 0.041   -125406    0 
258700:    1.00    8.454    0.084 0.000 0.105    0.027 0.081 0.038   -125410    0 
258800:    1.00    8.373    0.110 0.000 0.118    0.032 0.076 0.038   -125384    0 
258900:    1.00    8.435    0.066 0.000 0.089    0.036 0.091 0.038   -125360    0 

--------------------------------------------
Proportion of membership of each pre-defined
 population in each of the 3 clusters

Given    Inferred Clusters       Number of
 Pop       1      2      3      Individuals

  1:     0.339  0.330  0.331      358
  2:     0.336  0.333  0.331      1039
  3:     0.329  0.340  0.331      603
--------------------------------------------

  Rep#:   Lambda   Alpha      F1    F2    F3     D1,2  D1,3  D2,3    Ln Like  Est Ln P(D)
259000:    1.00    8.267    0.093 0.000 0.136    0.036 0.088 0.037   -125392    0 
259100:    1.00    8.386    0.102 0.000 0.102    0.029 0.074 0.035   -125422    0 
259200:    1.00    8.229    0.072 0.000 0.084    0.027 0.069 0.031   -125408    0 
259300:    1.00    8.267    0.082 0.000 0.085    0.028 0.070 0.034   -125412    0 
259400:    1.00    8.349    0.073 0.000 0.060    0.028 0.070 0.029   -125465    0 
259500:    1.00    8.253    0.071 0.000 0.084    0.026 0.063 0.028   -125504    0 
259600:    1.00    8.608    0.077 0.000 0.088    0.025 0.066 0.028   -125444    0 
259700:    1.00    8.594    0.068 0.000 0.099    0.023 0.075 0.040   -125463    0 
259800:    1.00    8.442    0.058 0.000 0.110    0.019 0.058 0.036   -125464    0 
259900:    1.00    8.399    0.076 0.000 0.106    0.027 0.085 0.042   -125420    0 

--------------------------------------------
Proportion of membership of each pre-defined
 population in each of the 3 clusters

Given    Inferred Clusters       Number of
 Pop       1      2      3      Individuals

  1:     0.330  0.341  0.329      358
  2:     0.328  0.335  0.337      1039
  3:     0.334  0.333  0.333      603
--------------------------------------------

  Rep#:   Lambda   Alpha      F1    F2    F3     D1,2  D1,3  D2,3    Ln Like  Est Ln P(D)
260000:    1.00    8.515    0.087 0.000 0.115    0.033 0.099 0.041   -125438    0 
260100:    1.00    8.502    0.083 0.000 0.089    0.027 0.094 0.044   -125398    0 
260200:    1.00    8.518    0.075 0.000 0.136    0.032 0.100 0.045   -125409    0 
260300:    1.00    8.748    0.070 0.000 0.103    0.030 0.086 0.044   -125373    0 
260400:    1.00    8.719    0.093 0.000 0.114    0.036 0.093 0.048   -125373    0 
260500:    1.00    8.946    0.108 0.000 0.084    0.044 0.106 0.046   -125402    0 
260600:    1.00    9.003    0.139 0.000 0.115    0.041 0.094 0.043   -125343    0 
260700:    1.00    9.088    0.116 0.000 0.119    0.043 0.094 0.043   -125374    0 
260800:    1.00    9.487    0.123 0.000 0.117    0.042 0.110 0.053   -125344    0 
260900:    1.00    9.237    0.086 0.000 0.117    0.035 0.097 0.054   -125405    0 

--------------------------------------------
Proportion of membership of each pre-defined
 population in each of the 3 clusters

Given    Inferred Clusters       Number of
 Pop       1      2      3      Individuals

  1:     0.342  0.331  0.327      358
  2:     0.339  0.331  0.330      1039
  3:     0.329  0.333  0.338      603
--------------------------------------------

  Rep#:   Lambda   Alpha      F1    F2    F3     D1,2  D1,3  D2,3    Ln Like  Est Ln P(D)
261000:    1.00    9.469    0.111 0.000 0.155    0.035 0.105 0.057   -125351    0 
261100:    1.00    9.738    0.093 0.000 0.117    0.037 0.098 0.048   -125364    0 
261200:    1.00    9.883    0.096 0.000 0.119    0.038 0.100 0.049   -125446    0 
261300:    1.00    9.822    0.101 0.000 0.099    0.036 0.099 0.050   -125391    0 
261400:    1.00    9.905    0.091 0.000 0.126    0.042 0.104 0.055   -125372    0 
261500:    1.00    9.970    0.092 0.000 0.142    0.041 0.112 0.057   -125398    0 
261600:    1.00    9.636    0.102 0.000 0.136    0.041 0.104 0.053   -125383    0 
261700:    1.00    9.819    0.134 0.000 0.138    0.048 0.121 0.055   -125381    0 
261800:    1.00    9.887    0.123 0.000 0.145    0.047 0.113 0.050   -125387    0 
261900:    1.00    9.805    0.128 0.000 0.134    0.049 0.120 0.055   -125284    0 

--------------------------------------------
Proportion of membership of each pre-defined
 population in each of the 3 clusters

Given    Inferred Clusters       Number of
 Pop       1      2      3      Individuals

  1:     0.332  0.334  0.334      358
  2:     0.335  0.331  0.334      1039
  3:     0.327  0.336  0.336      603
--------------------------------------------

  Rep#:   Lambda   Alpha      F1    F2    F3     D1,2  D1,3  D2,3    Ln Like  Est Ln P(D)
262000:    1.00    9.672    0.152 0.000 0.125    0.062 0.131 0.051   -125335    0 
262100:    1.00    9.562    0.146 0.000 0.107    0.062 0.121 0.044   -125339    0 
262200:    1.00    9.506    0.119 0.000 0.126    0.058 0.110 0.042   -125321    0 
262300:    1.00    9.663    0.130 0.000 0.125    0.051 0.112 0.052   -125348    0 
262400:    1.00    8.931    0.134 0.000 0.120    0.057 0.104 0.042   -125333    0 
262500:    1.00    8.846    0.103 0.000 0.131    0.043 0.095 0.053   -125350    0 
262600:    1.00    8.513    0.114 0.000 0.133    0.051 0.110 0.047   -125382    0 
262700:    1.00    8.339    0.119 0.000 0.109    0.045 0.101 0.043   -125343    0 
262800:    1.00    8.792    0.107 0.000 0.119    0.039 0.090 0.039   -125406    0 
262900:    1.00    9.115    0.112 0.000 0.097    0.044 0.088 0.037   -125396    0 

--------------------------------------------
Proportion of membership of each pre-defined
 population in each of the 3 clusters

Given    Inferred Clusters       Number of
 Pop       1      2      3      Individuals

  1:     0.328  0.330  0.342      358
  2:     0.334  0.335  0.331      1039
  3:     0.338  0.335  0.327      603
--------------------------------------------

  Rep#:   Lambda   Alpha      F1    F2    F3     D1,2  D1,3  D2,3    Ln Like  Est Ln P(D)
263000:    1.00    9.019    0.101 0.000 0.115    0.042 0.090 0.040   -125364    0 
263100:    1.00    9.180    0.098 0.000 0.111    0.038 0.083 0.047   -125417    0 
263200:    1.00    8.946    0.099 0.000 0.136    0.033 0.088 0.049   -125382    0 
263300:    1.00    9.154    0.116 0.000 0.130    0.047 0.121 0.056   -125327    0 
263400:    1.00    9.215    0.122 0.000 0.122    0.048 0.087 0.040   -125352    0 
263500:    1.00    9.314    0.119 0.000 0.132    0.045 0.111 0.055   -125405    0 
263600:    1.00    9.536    0.106 0.000 0.128    0.047 0.112 0.051   -125422    0 
263700:    1.00    9.310    0.116 0.000 0.122    0.046 0.107 0.048   -125374    0 
263800:    1.00    9.257    0.123 0.000 0.110    0.045 0.117 0.053   -125357    0 
263900:    1.00    9.508    0.132 0.000 0.126    0.053 0.136 0.055   -125320    0 

--------------------------------------------
Proportion of membership of each pre-defined
 population in each of the 3 clusters

Given    Inferred Clusters       Number of
 Pop       1      2      3      Individuals

  1:     0.336  0.321  0.343      358
  2:     0.329  0.336  0.335      1039
  3:     0.331  0.335  0.333      603
--------------------------------------------

  Rep#:   Lambda   Alpha      F1    F2    F3     D1,2  D1,3  D2,3    Ln Like  Est Ln P(D)
264000:    1.00    9.513    0.113 0.000 0.113    0.044 0.107 0.052   -125395    0 
264100:    1.00    9.336    0.119 0.000 0.102    0.045 0.098 0.048   -125418    0 
264200:    1.00    9.656    0.146 0.000 0.138    0.045 0.102 0.053   -125425    0 
264300:    1.00    9.960    0.143 0.000 0.167    0.045 0.115 0.062   -125326    0 
264400:    1.00    9.883    0.122 0.000 0.239    0.054 0.144 0.075   -125352    0 
264500:    1.00    9.990    0.141 0.000 0.202    0.057 0.132 0.070   -125373    0 
264600:    1.00    9.730    0.143 0.000 0.174    0.065 0.144 0.064   -125303    0 
264700:    1.00    9.640    0.131 0.000 0.137    0.062 0.131 0.058   -125341    0 
264800:    1.00    9.469    0.121 0.000 0.149    0.056 0.131 0.061   -125373    0 
264900:    1.00    9.489    0.133 0.000 0.138    0.059 0.135 0.060   -125390    0 

--------------------------------------------
Proportion of membership of each pre-defined
 population in each of the 3 clusters

Given    Inferred Clusters       Number of
 Pop       1      2      3      Individuals

  1:     0.332  0.328  0.339      358
  2:     0.333  0.331  0.336      1039
  3:     0.332  0.332  0.335      603
--------------------------------------------

  Rep#:   Lambda   Alpha      F1    F2    F3     D1,2  D1,3  D2,3    Ln Like  Est Ln P(D)
265000:    1.00    9.606    0.128 0.000 0.121    0.065 0.147 0.068   -125378    0 
265100:    1.00    9.813    0.131 0.000 0.162    0.064 0.120 0.054   -125369    0 
265200:    1.00    9.617    0.162 0.000 0.115    0.067 0.123 0.049   -125358    0 
265300:    1.00    9.564    0.135 0.000 0.139    0.074 0.130 0.043   -125395    0 
265400:    1.00    9.339    0.150 0.000 0.125    0.066 0.131 0.054   -125354    0 
265500:    1.00    9.405    0.149 0.000 0.102    0.059 0.097 0.045   -125353    0 
265600:    1.00    9.321    0.138 0.000 0.120    0.066 0.120 0.050   -125338    0 
265700:    1.00    9.268    0.150 0.000 0.117    0.076 0.133 0.044   -125332    0 
265800:    1.00    9.242    0.130 0.000 0.077    0.075 0.112 0.037   -125363    0 
265900:    1.00    9.429    0.140 0.000 0.079    0.065 0.101 0.034   -125327    0 

--------------------------------------------
Proportion of membership of each pre-defined
 population in each of the 3 clusters

Given    Inferred Clusters       Number of
 Pop       1      2      3      Individuals

  1:     0.341  0.329  0.331      358
  2:     0.331  0.335  0.334      1039
  3:     0.335  0.334  0.330      603
--------------------------------------------

  Rep#:   Lambda   Alpha      F1    F2    F3     D1,2  D1,3  D2,3    Ln Like  Est Ln P(D)
266000:    1.00    9.982    0.156 0.000 0.079    0.072 0.120 0.035   -125355    0 
266100:    1.00    9.971    0.130 0.000 0.091    0.060 0.103 0.035   -125408    0 
266200:    1.00    9.765    0.167 0.000 0.083    0.057 0.097 0.036   -125431    0 
266300:    1.00    9.843    0.148 0.000 0.083    0.069 0.116 0.033   -125372    0 
266400:    1.00    9.687    0.129 0.000 0.091    0.059 0.095 0.030   -125404    0 
266500:    1.00    9.664    0.124 0.000 0.073    0.052 0.089 0.029   -125389    0 
266600:    1.00    9.432    0.160 0.000 0.089    0.062 0.107 0.031   -125370    0 
266700:    1.00    9.523    0.106 0.000 0.073    0.052 0.090 0.032   -125397    0 
266800:    1.00    9.620    0.117 0.000 0.075    0.043 0.077 0.028   -125438    0 
266900:    1.00    9.545    0.111 0.000 0.086    0.047 0.083 0.032   -125429    0 

--------------------------------------------
Proportion of membership of each pre-defined
 population in each of the 3 clusters

Given    Inferred Clusters       Number of
 Pop       1      2      3      Individuals

  1:     0.331  0.333  0.337      358
  2:     0.334  0.328  0.337      1039
  3:     0.332  0.336  0.332      603
--------------------------------------------

  Rep#:   Lambda   Alpha      F1    F2    F3     D1,2  D1,3  D2,3    Ln Like  Est Ln P(D)
267000:    1.00    9.655    0.104 0.000 0.080    0.043 0.067 0.025   -125471    0 
267100:    1.00    9.629    0.146 0.000 0.082    0.046 0.084 0.029   -125459    0 
267200:    1.00    9.904    0.128 0.000 0.064    0.047 0.091 0.035   -125407    0 
267300:    1.00    9.803    0.119 0.000 0.102    0.045 0.096 0.033   -125425    0 
267400:    1.00    9.385    0.121 0.000 0.125    0.039 0.096 0.041   -125421    0 
267500:    1.00    9.302    0.105 0.000 0.080    0.039 0.080 0.036   -125459    0 
267600:    1.00    9.456    0.124 0.000 0.127    0.046 0.114 0.045   -125383    0 
267700:    1.00    9.494    0.116 0.000 0.122    0.043 0.100 0.043   -125425    0 
267800:    1.00    9.224    0.094 0.000 0.092    0.041 0.091 0.037   -125422    0 
267900:    1.00    9.091    0.082 0.000 0.084    0.036 0.061 0.026   -125499    0 

--------------------------------------------
Proportion of membership of each pre-defined
 population in each of the 3 clusters

Given    Inferred Clusters       Number of
 Pop       1      2      3      Individuals

  1:     0.334  0.335  0.331      358
  2:     0.339  0.330  0.331      1039
  3:     0.322  0.342  0.336      603
--------------------------------------------

  Rep#:   Lambda   Alpha      F1    F2    F3     D1,2  D1,3  D2,3    Ln Like  Est Ln P(D)
268000:    1.00    9.057    0.099 0.000 0.086    0.036 0.066 0.032   -125476    0 
268100:    1.00    9.153    0.101 0.000 0.087    0.049 0.085 0.030   -125470    0 
268200:    1.00    9.481    0.117 0.000 0.134    0.049 0.105 0.042   -125373    0 
268300:    1.00    9.544    0.114 0.000 0.089    0.042 0.071 0.032   -125518    0 
268400:    1.00    9.512    0.130 0.000 0.083    0.050 0.086 0.030   -125448    0 
268500:    1.00    9.513    0.141 0.000 0.079    0.046 0.086 0.031   -125431    0 
268600:    1.00    9.407    0.139 0.000 0.076    0.050 0.099 0.036   -125477    0 
268700:    1.00    9.507    0.131 0.000 0.093    0.047 0.079 0.037   -125442    0 
268800:    1.00    9.212    0.109 0.000 0.107    0.042 0.070 0.034   -125478    0 
268900:    1.00    9.299    0.128 0.000 0.099    0.044 0.098 0.039   -125386    0 

--------------------------------------------
Proportion of membership of each pre-defined
 population in each of the 3 clusters

Given    Inferred Clusters       Number of
 Pop       1      2      3      Individuals

  1:     0.339  0.331  0.330      358
  2:     0.339  0.334  0.327      1039
  3:     0.327  0.342  0.331      603
--------------------------------------------

  Rep#:   Lambda   Alpha      F1    F2    F3     D1,2  D1,3  D2,3    Ln Like  Est Ln P(D)
269000:    1.00    9.620    0.136 0.000 0.118    0.047 0.099 0.043   -125437    0 
269100:    1.00    9.842    0.175 0.000 0.083    0.059 0.108 0.037   -125399    0 
269200:    1.00    9.973    0.145 0.000 0.104    0.056 0.117 0.043   -125461    0 
269300:    1.00    9.768    0.111 0.000 0.109    0.052 0.102 0.042   -125377    0 
269400:    1.00    9.473    0.126 0.000 0.127    0.044 0.081 0.046   -125406    0 
269500:    1.00    9.783    0.145 0.000 0.138    0.046 0.107 0.054   -125388    0 
269600:    1.00    9.555    0.153 0.000 0.132    0.046 0.115 0.054   -125390    0 
269700:    1.00    9.857    0.150 0.000 0.151    0.048 0.123 0.061   -125400    0 
269800:    1.00    9.449    0.127 0.000 0.147    0.049 0.106 0.058   -125361    0 
269900:    1.00    9.514    0.127 0.000 0.186    0.051 0.120 0.068   -125333    0 

--------------------------------------------
Proportion of membership of each pre-defined
 population in each of the 3 clusters

Given    Inferred Clusters       Number of
 Pop       1      2      3      Individuals

  1:     0.333  0.338  0.329      358
  2:     0.335  0.334  0.331      1039
  3:     0.326  0.339  0.335      603
--------------------------------------------

  Rep#:   Lambda   Alpha      F1    F2    F3     D1,2  D1,3  D2,3    Ln Like  Est Ln P(D)
270000:    1.00    9.318    0.106 0.000 0.200    0.045 0.111 0.076   -125323    0 
270100:    1.00    9.714    0.102 0.000 0.165    0.041 0.101 0.081   -125381    0 
270200:    1.00    9.108    0.106 0.000 0.179    0.037 0.116 0.092   -125326    0 
270300:    1.00    8.983    0.075 0.000 0.153    0.029 0.108 0.092   -125353    0 
270400:    1.00    9.055    0.124 0.000 0.131    0.047 0.097 0.072   -125313    0 
270500:    1.00    9.114    0.116 0.000 0.131    0.044 0.116 0.075   -125354    0 
270600:    1.00    9.184    0.134 0.000 0.163    0.042 0.159 0.101   -125345    0 
270700:    1.00    8.936    0.096 0.000 0.203    0.041 0.140 0.090   -125341    0 
270800:    1.00    9.237    0.112 0.000 0.207    0.047 0.139 0.086   -125317    0 
270900:    1.00    9.304    0.107 0.000 0.187    0.042 0.121 0.078   -125325    0 

--------------------------------------------
Proportion of membership of each pre-defined
 population in each of the 3 clusters

Given    Inferred Clusters       Number of
 Pop       1      2      3      Individuals

  1:     0.327  0.333  0.340      358
  2:     0.331  0.332  0.336      1039
  3:     0.337  0.324  0.339      603
--------------------------------------------

  Rep#:   Lambda   Alpha      F1    F2    F3     D1,2  D1,3  D2,3    Ln Like  Est Ln P(D)
271000:    1.00    9.409    0.114 0.000 0.181    0.049 0.128 0.074   -125352    0 
271100:    1.00    9.684    0.094 0.000 0.143    0.038 0.109 0.073   -125351    0 
271200:    1.00    9.922    0.119 0.000 0.158    0.040 0.115 0.071   -125422    0 
271300:    1.00    9.576    0.104 0.000 0.217    0.047 0.121 0.071   -125320    0 
271400:    1.00    9.355    0.103 0.000 0.160    0.046 0.130 0.069   -125344    0 
271500:    1.00    9.326    0.105 0.000 0.179    0.044 0.126 0.070   -125374    0 
271600:    1.00    9.476    0.122 0.000 0.165    0.045 0.094 0.056   -125386    0 
271700:    1.00    9.713    0.111 0.000 0.171    0.051 0.106 0.062   -125347    0 
271800:    1.00    9.792    0.163 0.000 0.153    0.057 0.106 0.056   -125359    0 
271900:    1.00    9.633    0.107 0.000 0.126    0.052 0.103 0.056   -125379    0 

--------------------------------------------
Proportion of membership of each pre-defined
 population in each of the 3 clusters

Given    Inferred Clusters       Number of
 Pop       1      2      3      Individuals

  1:     0.337  0.336  0.327      358
  2:     0.339  0.330  0.331      1039
  3:     0.334  0.333  0.332      603
--------------------------------------------

  Rep#:   Lambda   Alpha      F1    F2    F3     D1,2  D1,3  D2,3    Ln Like  Est Ln P(D)
272000:    1.00    9.654    0.136 0.000 0.176    0.050 0.095 0.052   -125345    0 
272100:    1.00    9.577    0.134 0.000 0.179    0.043 0.114 0.071   -125343    0 
272200:    1.00    9.904    0.102 0.000 0.184    0.041 0.091 0.063   -125403    0 
272300:    1.00    9.704    0.105 0.000 0.158    0.037 0.106 0.070   -125354    0 
272400:    1.00    9.532    0.082 0.000 0.144    0.033 0.102 0.067   -125370    0 
272500:    1.00    9.923    0.093 0.000 0.143    0.034 0.110 0.072   -125432    0 
272600:    1.00    9.966    0.102 0.000 0.149    0.030 0.098 0.074   -125408    0 
272700:    1.00    9.945    0.101 0.000 0.166    0.038 0.084 0.066   -125460    0 
272800:    1.00    9.858    0.096 0.000 0.254    0.034 0.138 0.088   -125383    0 
272900:    1.00    9.488    0.108 0.000 0.206    0.034 0.136 0.083   -125311    0 

--------------------------------------------
Proportion of membership of each pre-defined
 population in each of the 3 clusters

Given    Inferred Clusters       Number of
 Pop       1      2      3      Individuals

  1:     0.342  0.327  0.332      358
  2:     0.333  0.336  0.331      1039
  3:     0.329  0.331  0.340      603
--------------------------------------------

  Rep#:   Lambda   Alpha      F1    F2    F3     D1,2  D1,3  D2,3    Ln Like  Est Ln P(D)
273000:    1.00    9.398    0.116 0.000 0.214    0.041 0.113 0.066   -125364    0 
273100:    1.00    9.348    0.094 0.000 0.143    0.041 0.118 0.069   -125378    0 
273200:    1.00    9.654    0.096 0.000 0.122    0.042 0.096 0.057   -125410    0 
273300:    1.00    9.777    0.092 0.000 0.162    0.042 0.126 0.071   -125414    0 
273400:    1.00    9.461    0.120 0.000 0.164    0.044 0.107 0.064   -125376    0 
273500:    1.00    9.460    0.096 0.000 0.184    0.041 0.112 0.073   -125315    0 
273600:    1.00    9.313    0.084 0.000 0.170    0.037 0.099 0.067   -125389    0 
273700:    1.00    9.054    0.099 0.000 0.163    0.036 0.107 0.068   -125360    0 
273800:    1.00    8.647    0.106 0.000 0.131    0.044 0.115 0.064   -125335    0 
273900:    1.00    8.329    0.097 0.000 0.162    0.039 0.122 0.069   -125335    0 

--------------------------------------------
Proportion of membership of each pre-defined
 population in each of the 3 clusters

Given    Inferred Clusters       Number of
 Pop       1      2      3      Individuals

  1:     0.332  0.342  0.326      358
  2:     0.335  0.332  0.334      1039
  3:     0.328  0.333  0.339      603
--------------------------------------------

  Rep#:   Lambda   Alpha      F1    F2    F3     D1,2  D1,3  D2,3    Ln Like  Est Ln P(D)
274000:    1.00    8.529    0.104 0.000 0.169    0.043 0.122 0.065   -125380    0 
274100:    1.00    8.358    0.101 0.000 0.164    0.034 0.109 0.066   -125391    0 
274200:    1.00    8.389    0.116 0.000 0.132    0.037 0.102 0.056   -125387    0 
274300:    1.00    8.686    0.111 0.000 0.112    0.043 0.107 0.049   -125406    0 
274400:    1.00    8.946    0.121 0.000 0.097    0.048 0.107 0.048   -125382    0 
274500:    1.00    8.688    0.154 0.000 0.110    0.048 0.098 0.041   -125359    0 
274600:    1.00    8.985    0.119 0.000 0.099    0.044 0.092 0.044   -125336    0 
274700:    1.00    9.183    0.106 0.000 0.096    0.037 0.074 0.035   -125462    0 
274800:    1.00    9.274    0.121 0.000 0.108    0.038 0.080 0.035   -125414    0 
274900:    1.00    9.159    0.099 0.000 0.105    0.035 0.078 0.035   -125463    0 

--------------------------------------------
Proportion of membership of each pre-defined
 population in each of the 3 clusters

Given    Inferred Clusters       Number of
 Pop       1      2      3      Individuals

  1:     0.333  0.332  0.335      358
  2:     0.331  0.332  0.338      1039
  3:     0.337  0.335  0.328      603
--------------------------------------------

  Rep#:   Lambda   Alpha      F1    F2    F3     D1,2  D1,3  D2,3    Ln Like  Est Ln P(D)
275000:    1.00    9.342    0.106 0.000 0.099    0.037 0.085 0.035   -125485    0 
275100:    1.00    9.318    0.108 0.000 0.097    0.035 0.082 0.038   -125434    0 
275200:    1.00    9.246    0.101 0.000 0.092    0.038 0.082 0.035   -125405    0 
275300:    1.00    9.334    0.099 0.000 0.095    0.038 0.091 0.040   -125463    0 
275400:    1.00    9.187    0.082 0.000 0.144    0.032 0.087 0.046   -125434    0 
275500:    1.00    9.304    0.068 0.000 0.125    0.029 0.092 0.053   -125510    0 
275600:    1.00    9.303    0.082 0.000 0.190    0.028 0.089 0.053   -125429    0 
275700:    1.00    9.351    0.099 0.000 0.143    0.031 0.093 0.054   -125452    0 
275800:    1.00    9.313    0.091 0.000 0.146    0.048 0.114 0.048   -125363    0 
275900:    1.00    9.066    0.095 0.000 0.122    0.042 0.088 0.042   -125406    0 

--------------------------------------------
Proportion of membership of each pre-defined
 population in each of the 3 clusters

Given    Inferred Clusters       Number of
 Pop       1      2      3      Individuals

  1:     0.328  0.335  0.336      358
  2:     0.334  0.330  0.335      1039
  3:     0.333  0.336  0.331      603
--------------------------------------------

  Rep#:   Lambda   Alpha      F1    F2    F3     D1,2  D1,3  D2,3    Ln Like  Est Ln P(D)
276000:    1.00    9.048    0.113 0.000 0.104    0.048 0.099 0.043   -125383    0 
276100:    1.00    9.532    0.115 0.000 0.096    0.054 0.100 0.035   -125462    0 
276200:    1.00    9.930    0.131 0.000 0.076    0.064 0.115 0.039   -125378    0 
276300:    1.00    9.795    0.140 0.000 0.073    0.054 0.094 0.035   -125459    0 
276400:    1.00    9.863    0.161 0.000 0.065    0.052 0.076 0.027   -125422    0 
276500:    1.00    9.924    0.147 0.000 0.078    0.049 0.084 0.030   -125429    0 
276600:    1.00    9.973    0.155 0.000 0.078    0.063 0.112 0.029   -125388    0 
276700:    1.00    9.812    0.139 0.000 0.085    0.053 0.096 0.031   -125430    0 
276800:    1.00    9.997    0.141 0.000 0.078    0.049 0.097 0.034   -125457    0 
276900:    1.00    9.796    0.153 0.000 0.079    0.044 0.074 0.026   -125435    0 

--------------------------------------------
Proportion of membership of each pre-defined
 population in each of the 3 clusters

Given    Inferred Clusters       Number of
 Pop       1      2      3      Individuals

  1:     0.334  0.334  0.332      358
  2:     0.332  0.335  0.333      1039
  3:     0.335  0.335  0.331      603
--------------------------------------------

  Rep#:   Lambda   Alpha      F1    F2    F3     D1,2  D1,3  D2,3    Ln Like  Est Ln P(D)
277000:    1.00    9.940    0.160 0.000 0.065    0.057 0.085 0.023   -125439    0 
277100:    1.00    9.931    0.124 0.000 0.061    0.062 0.090 0.023   -125476    0 
277200:    1.00    9.734    0.157 0.000 0.059    0.070 0.104 0.029   -125401    0 
277300:    1.00    9.570    0.187 0.000 0.084    0.070 0.110 0.033   -125466    0 
277400:    1.00    9.508    0.173 0.000 0.083    0.072 0.098 0.030   -125376    0 
277500:    1.00    9.770    0.138 0.000 0.074    0.064 0.078 0.025   -125421    0 
277600:    1.00    9.206    0.153 0.000 0.081    0.062 0.087 0.028   -125448    0 
277700:    1.00    9.152    0.145 0.000 0.070    0.069 0.074 0.024   -125406    0 
277800:    1.00    8.759    0.137 0.000 0.071    0.061 0.088 0.026   -125445    0 
277900:    1.00    9.238    0.107 0.000 0.087    0.061 0.094 0.031   -125433    0 

--------------------------------------------
Proportion of membership of each pre-defined
 population in each of the 3 clusters

Given    Inferred Clusters       Number of
 Pop       1      2      3      Individuals

  1:     0.335  0.333  0.331      358
  2:     0.338  0.331  0.332      1039
  3:     0.338  0.331  0.331      603
--------------------------------------------

  Rep#:   Lambda   Alpha      F1    F2    F3     D1,2  D1,3  D2,3    Ln Like  Est Ln P(D)
278000:    1.00    9.517    0.135 0.000 0.087    0.057 0.087 0.029   -125455    0 
278100:    1.00    9.421    0.099 0.000 0.100    0.059 0.106 0.039   -125392    0 
278200:    1.00    9.460    0.135 0.000 0.092    0.063 0.100 0.035   -125399    0 
278300:    1.00    9.922    0.128 0.000 0.114    0.061 0.099 0.036   -125421    0 
278400:    1.00    9.959    0.135 0.000 0.086    0.066 0.119 0.047   -125403    0 
278500:    1.00    9.452    0.138 0.000 0.116    0.062 0.100 0.041   -125351    0 
278600:    1.00    9.207    0.132 0.000 0.085    0.049 0.069 0.036   -125465    0 
278700:    1.00    8.643    0.127 0.000 0.075    0.056 0.093 0.035   -125360    0 
278800:    1.00    8.582    0.182 0.000 0.062    0.057 0.094 0.034   -125388    0 
278900:    1.00    8.608    0.149 0.000 0.067    0.058 0.093 0.031   -125450    0 

--------------------------------------------
Proportion of membership of each pre-defined
 population in each of the 3 clusters

Given    Inferred Clusters       Number of
 Pop       1      2      3      Individuals

  1:     0.337  0.321  0.341      358
  2:     0.330  0.335  0.335      1039
  3:     0.330  0.333  0.337      603
--------------------------------------------

  Rep#:   Lambda   Alpha      F1    F2    F3     D1,2  D1,3  D2,3    Ln Like  Est Ln P(D)
279000:    1.00    8.312    0.146 0.000 0.067    0.054 0.074 0.026   -125408    0 
279100:    1.00    8.855    0.150 0.000 0.052    0.058 0.080 0.023   -125448    0 
279200:    1.00    8.825    0.110 0.000 0.074    0.052 0.078 0.029   -125430    0 
279300:    1.00    8.419    0.109 0.000 0.063    0.052 0.074 0.026   -125480    0 
279400:    1.00    8.469    0.114 0.000 0.061    0.044 0.060 0.024   -125480    0 
279500:    1.00    8.614    0.106 0.000 0.078    0.050 0.085 0.029   -125444    0 
279600:    1.00    8.627    0.100 0.000 0.084    0.048 0.086 0.032   -125444    0 
279700:    1.00    8.857    0.075 0.000 0.078    0.040 0.059 0.031   -125451    0 
279800:    1.00    8.476    0.110 0.000 0.083    0.038 0.062 0.033   -125460    0 
279900:    1.00    8.837    0.083 0.000 0.077    0.037 0.064 0.030   -125495    0 

--------------------------------------------
Proportion of membership of each pre-defined
 population in each of the 3 clusters

Given    Inferred Clusters       Number of
 Pop       1      2      3      Individuals

  1:     0.329  0.340  0.331      358
  2:     0.331  0.334  0.335      1039
  3:     0.333  0.332  0.335      603
--------------------------------------------

  Rep#:   Lambda   Alpha      F1    F2    F3     D1,2  D1,3  D2,3    Ln Like  Est Ln P(D)
280000:    1.00    8.599    0.106 0.000 0.064    0.038 0.069 0.028   -125420    0 
280100:    1.00    8.636    0.147 0.000 0.085    0.046 0.081 0.029   -125410    0 
280200:    1.00    9.193    0.137 0.000 0.089    0.039 0.074 0.034   -125440    0 
280300:    1.00    9.513    0.112 0.000 0.128    0.040 0.074 0.039   -125437    0 
280400:    1.00    9.548    0.118 0.000 0.108    0.050 0.081 0.035   -125428    0 
280500:    1.00    9.610    0.121 0.000 0.134    0.044 0.102 0.045   -125405    0 
280600:    1.00    9.686    0.123 0.000 0.107    0.040 0.098 0.049   -125368    0 
280700:    1.00    9.902    0.143 0.000 0.125    0.038 0.095 0.048   -125436    0 
280800:    1.00    9.938    0.107 0.000 0.117    0.035 0.083 0.043   -125424    0 
280900:    1.00    9.930    0.111 0.000 0.140    0.040 0.071 0.042   -125447    0 

--------------------------------------------
Proportion of membership of each pre-defined
 population in each of the 3 clusters

Given    Inferred Clusters       Number of
 Pop       1      2      3      Individuals

  1:     0.330  0.330  0.340      358
  2:     0.335  0.333  0.331      1039
  3:     0.338  0.336  0.326      603
--------------------------------------------

  Rep#:   Lambda   Alpha      F1    F2    F3     D1,2  D1,3  D2,3    Ln Like  Est Ln P(D)
281000:    1.00    9.655    0.111 0.000 0.135    0.042 0.074 0.042   -125437    0 
281100:    1.00    9.186    0.146 0.000 0.110    0.043 0.080 0.044   -125446    0 
281200:    1.00    8.867    0.099 0.000 0.108    0.034 0.062 0.040   -125454    0 
281300:    1.00    8.978    0.113 0.000 0.118    0.046 0.077 0.035   -125422    0 
281400:    1.00    8.582    0.094 0.000 0.089    0.049 0.088 0.038   -125411    0 
281500:    1.00    8.277    0.107 0.000 0.090    0.044 0.088 0.039   -125416    0 
281600:    1.00    8.371    0.105 0.000 0.106    0.044 0.082 0.040   -125480    0 
281700:    1.00    8.493    0.087 0.000 0.093    0.034 0.070 0.039   -125440    0 
281800:    1.00    8.582    0.090 0.000 0.071    0.043 0.076 0.037   -125444    0 
281900:    1.00    8.387    0.122 0.000 0.096    0.042 0.079 0.040   -125341    0 

--------------------------------------------
Proportion of membership of each pre-defined
 population in each of the 3 clusters

Given    Inferred Clusters       Number of
 Pop       1      2      3      Individuals

  1:     0.330  0.334  0.335      358
  2:     0.337  0.332  0.331      1039
  3:     0.334  0.342  0.325      603
--------------------------------------------

  Rep#:   Lambda   Alpha      F1    F2    F3     D1,2  D1,3  D2,3    Ln Like  Est Ln P(D)
282000:    1.00    7.975    0.113 0.000 0.062    0.045 0.082 0.037   -125385    0 
282100:    1.00    8.043    0.126 0.000 0.066    0.041 0.080 0.036   -125447    0 
282200:    1.00    7.978    0.077 0.000 0.067    0.041 0.074 0.033   -125460    0 
282300:    1.00    7.747    0.108 0.000 0.069    0.039 0.077 0.037   -125452    0 
282400:    1.00    7.718    0.110 0.000 0.052    0.036 0.061 0.031   -125420    0 
282500:    1.00    7.486    0.107 0.000 0.059    0.038 0.068 0.027   -125481    0 
282600:    1.00    7.621    0.117 0.000 0.058    0.042 0.060 0.021   -125418    0 
282700:    1.00    7.397    0.102 0.000 0.059    0.040 0.069 0.025   -125417    0 
282800:    1.00    7.491    0.161 0.000 0.082    0.044 0.088 0.035   -125378    0 
282900:    1.00    7.772    0.122 0.000 0.070    0.043 0.083 0.028   -125440    0 

--------------------------------------------
Proportion of membership of each pre-defined
 population in each of the 3 clusters

Given    Inferred Clusters       Number of
 Pop       1      2      3      Individuals

  1:     0.343  0.328  0.328      358
  2:     0.328  0.336  0.336      1039
  3:     0.341  0.326  0.333      603
--------------------------------------------

  Rep#:   Lambda   Alpha      F1    F2    F3     D1,2  D1,3  D2,3    Ln Like  Est Ln P(D)
283000:    1.00    7.799    0.099 0.000 0.063    0.035 0.061 0.024   -125417    0 
283100:    1.00    7.854    0.101 0.000 0.084    0.042 0.078 0.026   -125379    0 
283200:    1.00    7.884    0.074 0.000 0.088    0.031 0.064 0.032   -125480    0 
283300:    1.00    7.663    0.090 0.000 0.083    0.028 0.055 0.031   -125423    0 
283400:    1.00    7.270    0.108 0.000 0.098    0.037 0.077 0.038   -125312    0 
283500:    1.00    7.391    0.130 0.000 0.108    0.036 0.080 0.038   -125337    0 
283600:    1.00    7.467    0.134 0.000 0.099    0.038 0.073 0.034   -125369    0 
283700:    1.00    7.206    0.109 0.000 0.078    0.032 0.056 0.034   -125372    0 
283800:    1.00    7.028    0.106 0.000 0.092    0.039 0.070 0.034   -125330    0 
283900:    1.00    7.105    0.088 0.000 0.093    0.037 0.070 0.040   -125349    0 

--------------------------------------------
Proportion of membership of each pre-defined
 population in each of the 3 clusters

Given    Inferred Clusters       Number of
 Pop       1      2      3      Individuals

  1:     0.326  0.337  0.337      358
  2:     0.338  0.332  0.331      1039
  3:     0.332  0.340  0.328      603
--------------------------------------------

  Rep#:   Lambda   Alpha      F1    F2    F3     D1,2  D1,3  D2,3    Ln Like  Est Ln P(D)
284000:    1.00    6.879    0.111 0.000 0.088    0.043 0.078 0.041   -125301    0 
284100:    1.00    7.191    0.111 0.000 0.102    0.048 0.092 0.039   -125279    0 
284200:    1.00    7.140    0.114 0.000 0.096    0.041 0.072 0.031   -125281    0 
284300:    1.00    6.670    0.135 0.000 0.113    0.048 0.094 0.036   -125232    0 
284400:    1.00    6.947    0.131 0.000 0.096    0.050 0.088 0.037   -125282    0 
284500:    1.00    7.105    0.157 0.000 0.106    0.052 0.099 0.036   -125304    0 
284600:    1.00    7.236    0.122 0.000 0.116    0.050 0.094 0.040   -125325    0 
284700:    1.00    7.679    0.151 0.000 0.130    0.046 0.085 0.037   -125407    0 
284800:    1.00    7.795    0.179 0.000 0.138    0.051 0.102 0.044   -125291    0 
284900:    1.00    8.257    0.151 0.000 0.130    0.056 0.114 0.047   -125302    0 

--------------------------------------------
Proportion of membership of each pre-defined
 population in each of the 3 clusters

Given    Inferred Clusters       Number of
 Pop       1      2      3      Individuals

  1:     0.338  0.323  0.340      358
  2:     0.332  0.336  0.332      1039
  3:     0.338  0.331  0.331      603
--------------------------------------------

  Rep#:   Lambda   Alpha      F1    F2    F3     D1,2  D1,3  D2,3    Ln Like  Est Ln P(D)
285000:    1.00    8.248    0.171 0.000 0.116    0.061 0.107 0.043   -125299    0 
285100:    1.00    7.873    0.136 0.000 0.108    0.055 0.103 0.042   -125305    0 
285200:    1.00    8.049    0.184 0.000 0.107    0.055 0.116 0.048   -125299    0 
285300:    1.00    8.007    0.137 0.000 0.095    0.052 0.096 0.038   -125318    0 
285400:    1.00    7.988    0.126 0.000 0.102    0.058 0.116 0.046   -125268    0 
285500:    1.00    7.947    0.138 0.000 0.125    0.061 0.127 0.048   -125250    0 
285600:    1.00    7.971    0.126 0.000 0.124    0.052 0.109 0.051   -125287    0 
285700:    1.00    7.938    0.157 0.000 0.147    0.054 0.127 0.056   -125262    0 
285800:    1.00    7.643    0.104 0.000 0.165    0.050 0.118 0.059   -125318    0 
285900:    1.00    7.555    0.139 0.000 0.134    0.057 0.140 0.065   -125204    0 

--------------------------------------------
Proportion of membership of each pre-defined
 population in each of the 3 clusters

Given    Inferred Clusters       Number of
 Pop       1      2      3      Individuals

  1:     0.344  0.329  0.328      358
  2:     0.333  0.334  0.333      1039
  3:     0.334  0.331  0.335      603
--------------------------------------------

  Rep#:   Lambda   Alpha      F1    F2    F3     D1,2  D1,3  D2,3    Ln Like  Est Ln P(D)
286000:    1.00    7.517    0.171 0.000 0.107    0.051 0.116 0.048   -125286    0 
286100:    1.00    7.663    0.112 0.000 0.119    0.049 0.102 0.047   -125303    0 
286200:    1.00    7.509    0.105 0.000 0.141    0.044 0.103 0.052   -125214    0 
286300:    1.00    7.417    0.121 0.000 0.127    0.048 0.102 0.045   -125264    0 
286400:    1.00    7.593    0.115 0.000 0.129    0.046 0.093 0.041   -125346    0 
286500:    1.00    7.923    0.128 0.000 0.105    0.052 0.100 0.040   -125335    0 
286600:    1.00    7.615    0.138 0.000 0.100    0.052 0.110 0.046   -125215    0 
286700:    1.00    7.306    0.120 0.000 0.130    0.057 0.126 0.052   -125224    0 
286800:    1.00    7.574    0.111 0.000 0.155    0.050 0.111 0.052   -125279    0 
286900:    1.00    7.399    0.138 0.000 0.164    0.051 0.123 0.059   -125295    0 

--------------------------------------------
Proportion of membership of each pre-defined
 population in each of the 3 clusters

Given    Inferred Clusters       Number of
 Pop       1      2      3      Individuals

  1:     0.335  0.326  0.339      358
  2:     0.336  0.330  0.333      1039
  3:     0.332  0.343  0.325      603
--------------------------------------------

  Rep#:   Lambda   Alpha      F1    F2    F3     D1,2  D1,3  D2,3    Ln Like  Est Ln P(D)
287000:    1.00    7.501    0.102 0.000 0.100    0.047 0.098 0.045   -125303    0 
287100:    1.00    7.183    0.121 0.000 0.142    0.043 0.095 0.050   -125307    0 
287200:    1.00    6.766    0.086 0.000 0.115    0.046 0.105 0.052   -125261    0 
287300:    1.00    7.130    0.127 0.000 0.112    0.052 0.099 0.054   -125284    0 
287400:    1.00    6.746    0.132 0.000 0.106    0.058 0.107 0.051   -125273    0 
287500:    1.00    7.057    0.158 0.000 0.107    0.057 0.089 0.043   -125238    0 
287600:    1.00    7.105    0.120 0.000 0.124    0.051 0.090 0.044   -125301    0 
287700:    1.00    6.848    0.141 0.000 0.118    0.048 0.094 0.043   -125252    0 
287800:    1.00    7.062    0.108 0.000 0.093    0.046 0.090 0.040   -125302    0 
287900:    1.00    7.173    0.113 0.000 0.099    0.046 0.079 0.039   -125291    0 

--------------------------------------------
Proportion of membership of each pre-defined
 population in each of the 3 clusters

Given    Inferred Clusters       Number of
 Pop       1      2      3      Individuals

  1:     0.322  0.335  0.342      358
  2:     0.329  0.335  0.336      1039
  3:     0.327  0.334  0.339      603
--------------------------------------------

  Rep#:   Lambda   Alpha      F1    F2    F3     D1,2  D1,3  D2,3    Ln Like  Est Ln P(D)
288000:    1.00    7.039    0.123 0.000 0.096    0.045 0.086 0.040   -125309    0 
288100:    1.00    6.993    0.099 0.000 0.120    0.043 0.078 0.039   -125291    0 
288200:    1.00    7.252    0.092 0.000 0.149    0.048 0.095 0.046   -125281    0 
288300:    1.00    7.271    0.140 0.000 0.134    0.048 0.110 0.053   -125266    0 
288400:    1.00    6.936    0.117 0.000 0.136    0.057 0.129 0.058   -125182    0 
288500:    1.00    6.832    0.152 0.000 0.112    0.056 0.115 0.055   -125190    0 
288600:    1.00    6.866    0.163 0.000 0.159    0.057 0.120 0.056   -125217    0 
288700:    1.00    7.017    0.156 0.000 0.072    0.047 0.096 0.045   -125278    0 
288800:    1.00    6.989    0.109 0.000 0.090    0.037 0.083 0.046   -125312    0 
288900:    1.00    7.255    0.126 0.000 0.122    0.041 0.102 0.054   -125279    0 

--------------------------------------------
Proportion of membership of each pre-defined
 population in each of the 3 clusters

Given    Inferred Clusters       Number of
 Pop       1      2      3      Individuals

  1:     0.331  0.329  0.339      358
  2:     0.336  0.332  0.331      1039
  3:     0.325  0.330  0.345      603
--------------------------------------------

  Rep#:   Lambda   Alpha      F1    F2    F3     D1,2  D1,3  D2,3    Ln Like  Est Ln P(D)
289000:    1.00    7.011    0.117 0.000 0.142    0.042 0.095 0.041   -125280    0 
289100:    1.00    7.166    0.089 0.000 0.132    0.038 0.092 0.046   -125302    0 
289200:    1.00    7.387    0.092 0.000 0.119    0.041 0.082 0.039   -125382    0 
289300:    1.00    7.421    0.105 0.000 0.138    0.045 0.105 0.052   -125260    0 
289400:    1.00    7.492    0.110 0.000 0.127    0.050 0.110 0.048   -125276    0 
289500:    1.00    7.426    0.183 0.000 0.125    0.055 0.097 0.040   -125362    0 
289600:    1.00    7.214    0.131 0.000 0.118    0.052 0.100 0.044   -125292    0 
289700:    1.00    7.197    0.116 0.000 0.118    0.041 0.080 0.048   -125234    0 
289800:    1.00    7.057    0.100 0.000 0.105    0.042 0.084 0.052   -125320    0 
289900:    1.00    7.112    0.118 0.000 0.137    0.044 0.101 0.060   -125321    0 

--------------------------------------------
Proportion of membership of each pre-defined
 population in each of the 3 clusters

Given    Inferred Clusters       Number of
 Pop       1      2      3      Individuals

  1:     0.337  0.332  0.331      358
  2:     0.334  0.330  0.335      1039
  3:     0.333  0.332  0.335      603
--------------------------------------------

  Rep#:   Lambda   Alpha      F1    F2    F3     D1,2  D1,3  D2,3    Ln Like  Est Ln P(D)
290000:    1.00    7.270    0.141 0.000 0.145    0.050 0.099 0.057   -125302    0 
290100:    1.00    7.836    0.144 0.000 0.162    0.056 0.088 0.047   -125304    0 
290200:    1.00    7.819    0.157 0.000 0.126    0.070 0.118 0.045   -125284    0 
290300:    1.00    7.710    0.124 0.000 0.123    0.064 0.086 0.040   -125311    0 
290400:    1.00    7.793    0.118 0.000 0.126    0.061 0.116 0.051   -125263    0 
290500:    1.00    7.701    0.143 0.000 0.142    0.041 0.092 0.054   -125347    0 
290600:    1.00    7.647    0.145 0.000 0.140    0.046 0.113 0.063   -125335    0 
290700:    1.00    7.454    0.120 0.000 0.123    0.048 0.098 0.055   -125270    0 
290800:    1.00    7.538    0.144 0.000 0.132    0.044 0.094 0.047   -125230    0 
290900:    1.00    7.628    0.132 0.000 0.133    0.048 0.100 0.048   -125277    0 

--------------------------------------------
Proportion of membership of each pre-defined
 population in each of the 3 clusters

Given    Inferred Clusters       Number of
 Pop       1      2      3      Individuals

  1:     0.329  0.341  0.330      358
  2:     0.333  0.334  0.333      1039
  3:     0.332  0.331  0.337      603
--------------------------------------------

  Rep#:   Lambda   Alpha      F1    F2    F3     D1,2  D1,3  D2,3    Ln Like  Est Ln P(D)
291000:    1.00    7.628    0.102 0.000 0.103    0.049 0.088 0.044   -125360    0 
291100:    1.00    7.615    0.142 0.000 0.127    0.054 0.109 0.053   -125312    0 
291200:    1.00    7.316    0.140 0.000 0.186    0.048 0.111 0.060   -125277    0 
291300:    1.00    7.211    0.135 0.000 0.123    0.047 0.089 0.049   -125303    0 
291400:    1.00    7.514    0.113 0.000 0.129    0.051 0.079 0.035   -125368    0 
291500:    1.00    8.115    0.094 0.000 0.091    0.049 0.073 0.039   -125351    0 
291600:    1.00    8.071    0.110 0.000 0.107    0.055 0.086 0.043   -125348    0 
291700:    1.00    7.875    0.096 0.000 0.113    0.041 0.074 0.045   -125345    0 
291800:    1.00    7.384    0.122 0.000 0.114    0.046 0.084 0.044   -125305    0 
291900:    1.00    7.658    0.117 0.000 0.131    0.038 0.081 0.049   -125316    0 

--------------------------------------------
Proportion of membership of each pre-defined
 population in each of the 3 clusters

Given    Inferred Clusters       Number of
 Pop       1      2      3      Individuals

  1:     0.332  0.335  0.333      358
  2:     0.334  0.333  0.333      1039
  3:     0.325  0.340  0.335      603
--------------------------------------------

  Rep#:   Lambda   Alpha      F1    F2    F3     D1,2  D1,3  D2,3    Ln Like  Est Ln P(D)
292000:    1.00    7.555    0.121 0.000 0.119    0.040 0.104 0.059   -125288    0 
292100:    1.00    7.581    0.125 0.000 0.132    0.042 0.108 0.061   -125263    0 
292200:    1.00    8.134    0.132 0.000 0.113    0.043 0.105 0.057   -125314    0 
292300:    1.00    8.318    0.103 0.000 0.112    0.040 0.088 0.046   -125406    0 
292400:    1.00    8.495    0.096 0.000 0.125    0.041 0.093 0.048   -125390    0 
292500:    1.00    8.674    0.087 0.000 0.119    0.038 0.093 0.053   -125404    0 
292600:    1.00    8.536    0.105 0.000 0.111    0.042 0.104 0.058   -125376    0 
292700:    1.00    8.933    0.103 0.000 0.115    0.038 0.091 0.053   -125342    0 
292800:    1.00    9.056    0.113 0.000 0.132    0.038 0.098 0.058   -125372    0 
292900:    1.00    9.149    0.141 0.000 0.129    0.045 0.110 0.056   -125334    0 

--------------------------------------------
Proportion of membership of each pre-defined
 population in each of the 3 clusters

Given    Inferred Clusters       Number of
 Pop       1      2      3      Individuals

  1:     0.333  0.337  0.330      358
  2:     0.339  0.326  0.335      1039
  3:     0.339  0.326  0.335      603
--------------------------------------------

  Rep#:   Lambda   Alpha      F1    F2    F3     D1,2  D1,3  D2,3    Ln Like  Est Ln P(D)
293000:    1.00    9.448    0.124 0.000 0.123    0.046 0.107 0.054   -125341    0 
293100:    1.00    9.599    0.115 0.000 0.118    0.046 0.114 0.052   -125343    0 
293200:    1.00    9.578    0.134 0.000 0.147    0.039 0.095 0.054   -125377    0 
293300:    1.00    9.318    0.119 0.000 0.124    0.042 0.105 0.051   -125373    0 
293400:    1.00    9.536    0.132 0.000 0.114    0.052 0.117 0.052   -125377    0 
293500:    1.00    9.743    0.147 0.000 0.111    0.047 0.111 0.052   -125351    0 
293600:    1.00    9.514    0.113 0.000 0.129    0.049 0.115 0.055   -125341    0 
293700:    1.00    9.471    0.113 0.000 0.125    0.040 0.105 0.057   -125365    0 
293800:    1.00    9.115    0.076 0.000 0.123    0.032 0.101 0.056   -125428    0 
293900:    1.00    9.527    0.115 0.000 0.100    0.037 0.106 0.053   -125354    0 

--------------------------------------------
Proportion of membership of each pre-defined
 population in each of the 3 clusters

Given    Inferred Clusters       Number of
 Pop       1      2      3      Individuals

  1:     0.331  0.329  0.340      358
  2:     0.336  0.329  0.335      1039
  3:     0.336  0.336  0.327      603
--------------------------------------------

  Rep#:   Lambda   Alpha      F1    F2    F3     D1,2  D1,3  D2,3    Ln Like  Est Ln P(D)
294000:    1.00    9.473    0.085 0.000 0.131    0.037 0.099 0.048   -125400    0 
294100:    1.00    9.190    0.109 0.000 0.128    0.039 0.126 0.068   -125338    0 
294200:    1.00    9.549    0.147 0.000 0.155    0.046 0.146 0.074   -125306    0 
294300:    1.00    9.302    0.118 0.000 0.125    0.045 0.109 0.058   -125335    0 
294400:    1.00    9.396    0.085 0.000 0.125    0.047 0.118 0.058   -125353    0 
294500:    1.00    9.255    0.130 0.000 0.140    0.047 0.110 0.058   -125335    0 
294600:    1.00    9.177    0.131 0.000 0.155    0.050 0.115 0.062   -125327    0 
294700:    1.00    9.339    0.125 0.000 0.123    0.054 0.116 0.055   -125312    0 
294800:    1.00    9.842    0.120 0.000 0.122    0.056 0.137 0.066   -125327    0 
294900:    1.00    9.545    0.135 0.000 0.159    0.051 0.141 0.070   -125312    0 

--------------------------------------------
Proportion of membership of each pre-defined
 population in each of the 3 clusters

Given    Inferred Clusters       Number of
 Pop       1      2      3      Individuals

  1:     0.339  0.333  0.328      358
  2:     0.331  0.335  0.334      1039
  3:     0.338  0.332  0.330      603
--------------------------------------------

  Rep#:   Lambda   Alpha      F1    F2    F3     D1,2  D1,3  D2,3    Ln Like  Est Ln P(D)
295000:    1.00    9.438    0.101 0.000 0.121    0.048 0.124 0.068   -125340    0 
295100:    1.00    9.469    0.105 0.000 0.141    0.044 0.119 0.070   -125341    0 
295200:    1.00    9.652    0.097 0.000 0.139    0.041 0.105 0.064   -125334    0 
295300:    1.00    9.874    0.112 0.000 0.185    0.047 0.115 0.057   -125376    0 
295400:    1.00    9.783    0.087 0.000 0.114    0.043 0.112 0.059   -125368    0 
295500:    1.00    9.851    0.098 0.000 0.150    0.044 0.113 0.055   -125424    0 
295600:    1.00    9.935    0.113 0.000 0.145    0.038 0.112 0.057   -125354    0 
295700:    1.00    9.801    0.117 0.000 0.129    0.043 0.107 0.048   -125397    0 
295800:    1.00    9.468    0.082 0.000 0.133    0.039 0.092 0.044   -125428    0 
295900:    1.00    9.014    0.096 0.000 0.112    0.046 0.104 0.038   -125396    0 

--------------------------------------------
Proportion of membership of each pre-defined
 population in each of the 3 clusters

Given    Inferred Clusters       Number of
 Pop       1      2      3      Individuals

  1:     0.325  0.335  0.340      358
  2:     0.329  0.337  0.334      1039
  3:     0.331  0.328  0.341      603
--------------------------------------------

  Rep#:   Lambda   Alpha      F1    F2    F3     D1,2  D1,3  D2,3    Ln Like  Est Ln P(D)
296000:    1.00    9.109    0.110 0.000 0.123    0.054 0.116 0.037   -125347    0 
296100:    1.00    8.879    0.119 0.000 0.098    0.052 0.115 0.036   -125368    0 
296200:    1.00    8.777    0.144 0.000 0.091    0.041 0.089 0.031   -125408    0 
296300:    1.00    8.776    0.129 0.000 0.126    0.046 0.107 0.038   -125393    0 
296400:    1.00    8.908    0.152 0.000 0.123    0.042 0.084 0.035   -125382    0 
296500:    1.00    8.575    0.129 0.000 0.087    0.043 0.080 0.037   -125408    0 
296600:    1.00    8.670    0.095 0.000 0.109    0.046 0.093 0.043   -125388    0 
296700:    1.00    8.806    0.108 0.000 0.106    0.045 0.106 0.050   -125390    0 
296800:    1.00    8.690    0.132 0.000 0.118    0.051 0.106 0.041   -125336    0 
296900:    1.00    8.665    0.143 0.000 0.109    0.056 0.098 0.037   -125420    0 

--------------------------------------------
Proportion of membership of each pre-defined
 population in each of the 3 clusters

Given    Inferred Clusters       Number of
 Pop       1      2      3      Individuals

  1:     0.335  0.330  0.335      358
  2:     0.332  0.333  0.335      1039
  3:     0.335  0.332  0.334      603
--------------------------------------------

  Rep#:   Lambda   Alpha      F1    F2    F3     D1,2  D1,3  D2,3    Ln Like  Est Ln P(D)
297000:    1.00    8.687    0.109 0.000 0.104    0.053 0.101 0.043   -125416    0 
297100:    1.00    8.713    0.128 0.000 0.088    0.062 0.094 0.032   -125358    0 
297200:    1.00    8.647    0.134 0.000 0.112    0.058 0.108 0.043   -125293    0 
297300:    1.00    8.845    0.139 0.000 0.109    0.047 0.090 0.044   -125378    0 
297400:    1.00    8.771    0.115 0.000 0.123    0.048 0.095 0.050   -125381    0 
297500:    1.00    8.869    0.116 0.000 0.114    0.042 0.096 0.047   -125399    0 
297600:    1.00    8.947    0.106 0.000 0.134    0.037 0.087 0.047   -125383    0 
297700:    1.00    8.613    0.100 0.000 0.152    0.035 0.111 0.058   -125342    0 
297800:    1.00    9.098    0.109 0.000 0.129    0.043 0.112 0.053   -125363    0 
297900:    1.00    9.204    0.103 0.000 0.142    0.038 0.104 0.054   -125365    0 

--------------------------------------------
Proportion of membership of each pre-defined
 population in each of the 3 clusters

Given    Inferred Clusters       Number of
 Pop       1      2      3      Individuals

  1:     0.329  0.335  0.336      358
  2:     0.331  0.333  0.336      1039
  3:     0.337  0.336  0.327      603
--------------------------------------------

  Rep#:   Lambda   Alpha      F1    F2    F3     D1,2  D1,3  D2,3    Ln Like  Est Ln P(D)
298000:    1.00    9.107    0.119 0.000 0.129    0.036 0.090 0.049   -125348    0 
298100:    1.00    8.918    0.091 0.000 0.123    0.029 0.078 0.050   -125357    0 
298200:    1.00    9.245    0.100 0.000 0.117    0.033 0.085 0.051   -125333    0 
298300:    1.00    9.049    0.107 0.000 0.101    0.031 0.085 0.046   -125425    0 
298400:    1.00    8.868    0.096 0.000 0.148    0.033 0.097 0.052   -125323    0 
298500:    1.00    9.010    0.127 0.000 0.124    0.037 0.085 0.049   -125349    0 
298600:    1.00    8.472    0.134 0.000 0.104    0.034 0.095 0.054   -125323    0 
298700:    1.00    8.831    0.102 0.000 0.133    0.035 0.105 0.057   -125348    0 
298800:    1.00    8.932    0.096 0.000 0.114    0.032 0.104 0.062   -125408    0 
298900:    1.00    8.511    0.109 0.000 0.141    0.039 0.118 0.061   -125316    0 

--------------------------------------------
Proportion of membership of each pre-defined
 population in each of the 3 clusters

Given    Inferred Clusters       Number of
 Pop       1      2      3      Individuals

  1:     0.332  0.336  0.332      358
  2:     0.335  0.333  0.332      1039
  3:     0.331  0.334  0.335      603
--------------------------------------------

  Rep#:   Lambda   Alpha      F1    F2    F3     D1,2  D1,3  D2,3    Ln Like  Est Ln P(D)
299000:    1.00    8.585    0.101 0.000 0.150    0.040 0.113 0.058   -125315    0 
299100:    1.00    8.846    0.132 0.000 0.146    0.042 0.108 0.054   -125317    0 
299200:    1.00    9.090    0.099 0.000 0.138    0.046 0.120 0.061   -125365    0 
299300:    1.00    9.094    0.114 0.000 0.125    0.047 0.136 0.064   -125286    0 
299400:    1.00    8.957    0.106 0.000 0.109    0.041 0.095 0.048   -125354    0 
299500:    1.00    9.156    0.103 0.000 0.117    0.045 0.106 0.050   -125347    0 
299600:    1.00    8.792    0.127 0.000 0.090    0.039 0.087 0.046   -125423    0 
299700:    1.00    8.956    0.123 0.000 0.105    0.045 0.123 0.055   -125325    0 
299800:    1.00    9.112    0.146 0.000 0.148    0.041 0.112 0.055   -125326    0 
299900:    1.00    8.968    0.124 0.000 0.119    0.050 0.097 0.039   -125310    0 

--------------------------------------------
Proportion of membership of each pre-defined
 population in each of the 3 clusters

Given    Inferred Clusters       Number of
 Pop       1      2      3      Individuals

  1:     0.325  0.339  0.337      358
  2:     0.335  0.332  0.334      1039
  3:     0.336  0.332  0.332      603
--------------------------------------------

  Rep#:   Lambda   Alpha      F1    F2    F3     D1,2  D1,3  D2,3    Ln Like  Est Ln P(D)
300000:    1.00    9.096    0.093 0.000 0.104    0.055 0.095 0.034   -125329    0 
300100:    1.00    9.068    0.122 0.000 0.090    0.060 0.097 0.033   -125313    0 
300200:    1.00    9.124    0.136 0.000 0.083    0.061 0.107 0.041   -125339    0 
300300:    1.00    9.539    0.130 0.000 0.106    0.059 0.103 0.037   -125343    0 
300400:    1.00    9.575    0.118 0.000 0.115    0.064 0.114 0.040   -125361    0 
300500:    1.00    9.512    0.146 0.000 0.116    0.057 0.111 0.046   -125344    0 
300600:    1.00    9.823    0.136 0.000 0.148    0.057 0.115 0.048   -125311    0 
300700:    1.00    9.746    0.113 0.000 0.116    0.042 0.086 0.045   -125405    0 
300800:    1.00    9.500    0.116 0.000 0.097    0.039 0.089 0.049   -125391    0 
300900:    1.00    9.749    0.093 0.000 0.129    0.043 0.096 0.046   -125349    0 

--------------------------------------------
Proportion of membership of each pre-defined
 population in each of the 3 clusters

Given    Inferred Clusters       Number of
 Pop       1      2      3      Individuals

  1:     0.329  0.330  0.341      358
  2:     0.331  0.339  0.330      1039
  3:     0.332  0.336  0.332      603
--------------------------------------------

  Rep#:   Lambda   Alpha      F1    F2    F3     D1,2  D1,3  D2,3    Ln Like  Est Ln P(D)
301000:    1.00    9.787    0.086 0.000 0.123    0.034 0.086 0.047   -125413    0 
301100:    1.00    9.643    0.121 0.000 0.133    0.040 0.096 0.050   -125362    0 
301200:    1.00    9.933    0.093 0.000 0.162    0.033 0.091 0.049   -125356    0 
301300:    1.00    9.988    0.117 0.000 0.109    0.033 0.085 0.038   -125388    0 
301400:    1.00    9.689    0.128 0.000 0.160    0.040 0.124 0.054   -125329    0 
301500:    1.00    9.980    0.089 0.000 0.138    0.032 0.099 0.050   -125424    0 
301600:    1.00    9.841    0.089 0.000 0.128    0.035 0.089 0.042   -125382    0 
301700:    1.00    9.956    0.094 0.000 0.134    0.041 0.106 0.050   -125377    0 
301800:    1.00    9.704    0.147 0.000 0.128    0.046 0.111 0.050   -125349    0 
301900:    1.00    9.715    0.148 0.000 0.121    0.050 0.120 0.048   -125331    0 

--------------------------------------------
Proportion of membership of each pre-defined
 population in each of the 3 clusters

Given    Inferred Clusters       Number of
 Pop       1      2      3      Individuals

  1:     0.329  0.331  0.340      358
  2:     0.335  0.337  0.328      1039
  3:     0.331  0.334  0.335      603
--------------------------------------------

  Rep#:   Lambda   Alpha      F1    F2    F3     D1,2  D1,3  D2,3    Ln Like  Est Ln P(D)
302000:    1.00    9.479    0.149 0.000 0.115    0.050 0.114 0.048   -125367    0 
302100:    1.00    9.024    0.144 0.000 0.121    0.041 0.090 0.045   -125378    0 
302200:    1.00    8.701    0.135 0.000 0.130    0.052 0.098 0.040   -125368    0 
302300:    1.00    8.903    0.162 0.000 0.124    0.055 0.113 0.047   -125345    0 
302400:    1.00    9.184    0.183 0.000 0.110    0.048 0.104 0.048   -125340    0 
302500:    1.00    9.063    0.131 0.000 0.111    0.048 0.095 0.040   -125344    0 
302600:    1.00    8.869    0.116 0.000 0.108    0.037 0.086 0.040   -125366    0 
302700:    1.00    8.732    0.141 0.000 0.119    0.043 0.104 0.047   -125313    0 
302800:    1.00    8.740    0.141 0.000 0.157    0.046 0.100 0.051   -125436    0 
302900:    1.00    8.700    0.222 0.000 0.115    0.055 0.107 0.050   -125308    0 

--------------------------------------------
Proportion of membership of each pre-defined
 population in each of the 3 clusters

Given    Inferred Clusters       Number of
 Pop       1      2      3      Individuals

  1:     0.336  0.328  0.336      358
  2:     0.335  0.336  0.329      1039
  3:     0.338  0.331  0.331      603
--------------------------------------------

  Rep#:   Lambda   Alpha      F1    F2    F3     D1,2  D1,3  D2,3    Ln Like  Est Ln P(D)
303000:    1.00    8.139    0.108 0.000 0.135    0.044 0.101 0.053   -125329    0 
303100:    1.00    8.079    0.118 0.000 0.095    0.046 0.097 0.045   -125352    0 
303200:    1.00    8.078    0.145 0.000 0.090    0.058 0.098 0.039   -125335    0 
303300:    1.00    8.103    0.131 0.000 0.086    0.059 0.111 0.039   -125301    0 
303400:    1.00    7.902    0.088 0.000 0.076    0.053 0.098 0.035   -125335    0 
303500:    1.00    8.099    0.098 0.000 0.094    0.044 0.103 0.047   -125340    0 
303600:    1.00    8.141    0.103 0.000 0.096    0.040 0.086 0.040   -125347    0 
303700:    1.00    8.331    0.142 0.000 0.139    0.043 0.097 0.041   -125388    0 
303800:    1.00    8.141    0.109 0.000 0.138    0.044 0.102 0.041   -125358    0 
303900:    1.00    8.088    0.102 0.000 0.086    0.043 0.106 0.046   -125364    0 

--------------------------------------------
Proportion of membership of each pre-defined
 population in each of the 3 clusters

Given    Inferred Clusters       Number of
 Pop       1      2      3      Individuals

  1:     0.332  0.340  0.327      358
  2:     0.336  0.329  0.335      1039
  3:     0.333  0.336  0.331      603
--------------------------------------------

  Rep#:   Lambda   Alpha      F1    F2    F3     D1,2  D1,3  D2,3    Ln Like  Est Ln P(D)
304000:    1.00    7.793    0.113 0.000 0.119    0.051 0.125 0.049   -125312    0 
304100:    1.00    7.858    0.106 0.000 0.118    0.046 0.118 0.052   -125269    0 
304200:    1.00    7.964    0.142 0.000 0.121    0.042 0.104 0.052   -125387    0 
304300:    1.00    8.088    0.119 0.000 0.162    0.043 0.106 0.052   -125391    0 
304400:    1.00    7.752    0.118 0.000 0.111    0.042 0.082 0.041   -125395    0 
304500:    1.00    7.576    0.111 0.000 0.135    0.045 0.080 0.044   -125343    0 
304600:    1.00    7.509    0.104 0.000 0.120    0.047 0.079 0.043   -125295    0 
304700:    1.00    7.260    0.107 0.000 0.119    0.047 0.085 0.048   -125358    0 
304800:    1.00    7.559    0.139 0.000 0.123    0.047 0.099 0.052   -125271    0 
304900:    1.00    7.694    0.137 0.000 0.127    0.047 0.084 0.045   -125310    0 

--------------------------------------------
Proportion of membership of each pre-defined
 population in each of the 3 clusters

Given    Inferred Clusters       Number of
 Pop       1      2      3      Individuals

  1:     0.328  0.343  0.329      358
  2:     0.336  0.328  0.336      1039
  3:     0.332  0.336  0.332      603
--------------------------------------------

  Rep#:   Lambda   Alpha      F1    F2    F3     D1,2  D1,3  D2,3    Ln Like  Est Ln P(D)
305000:    1.00    7.607    0.157 0.000 0.111    0.048 0.097 0.057   -125343    0 
305100:    1.00    7.733    0.133 0.000 0.137    0.050 0.096 0.055   -125310    0 
305200:    1.00    7.667    0.116 0.000 0.136    0.055 0.112 0.057   -125294    0 
305300:    1.00    7.635    0.135 0.000 0.139    0.047 0.113 0.060   -125344    0 
305400:    1.00    7.648    0.087 0.000 0.132    0.046 0.092 0.052   -125301    0 
305500:    1.00    7.329    0.141 0.000 0.130    0.049 0.113 0.061   -125314    0 
305600:    1.00    7.458    0.151 0.000 0.120    0.056 0.123 0.057   -125224    0 
305700:    1.00    7.824    0.127 0.000 0.121    0.052 0.111 0.049   -125289    0 
305800:    1.00    7.861    0.131 0.000 0.143    0.050 0.099 0.047   -125275    0 
305900:    1.00    7.448    0.162 0.000 0.123    0.050 0.108 0.054   -125248    0 

--------------------------------------------
Proportion of membership of each pre-defined
 population in each of the 3 clusters

Given    Inferred Clusters       Number of
 Pop       1      2      3      Individuals

  1:     0.328  0.336  0.336      358
  2:     0.329  0.332  0.339      1039
  3:     0.336  0.335  0.329      603
--------------------------------------------

  Rep#:   Lambda   Alpha      F1    F2    F3     D1,2  D1,3  D2,3    Ln Like  Est Ln P(D)
306000:    1.00    7.334    0.136 0.000 0.150    0.050 0.115 0.062   -125241    0 
306100:    1.00    7.404    0.130 0.000 0.152    0.044 0.102 0.058   -125299    0 
306200:    1.00    7.342    0.115 0.000 0.168    0.044 0.109 0.058   -125278    0 
306300:    1.00    7.157    0.118 0.000 0.147    0.048 0.116 0.061   -125208    0 
306400:    1.00    7.031    0.157 0.000 0.148    0.047 0.125 0.059   -125258    0 
306500:    1.00    7.233    0.126 0.000 0.163    0.042 0.112 0.060   -125219    0 
306600:    1.00    7.679    0.115 0.000 0.145    0.045 0.119 0.063   -125270    0 
306700:    1.00    8.058    0.154 0.000 0.144    0.051 0.120 0.056   -125287    0 
306800:    1.00    8.200    0.115 0.000 0.111    0.047 0.106 0.058   -125344    0 
306900:    1.00    8.013    0.091 0.000 0.120    0.049 0.102 0.058   -125267    0 

--------------------------------------------
Proportion of membership of each pre-defined
 population in each of the 3 clusters

Given    Inferred Clusters       Number of
 Pop       1      2      3      Individuals

  1:     0.329  0.334  0.336      358
  2:     0.333  0.334  0.334      1039
  3:     0.334  0.333  0.334      603
--------------------------------------------

  Rep#:   Lambda   Alpha      F1    F2    F3     D1,2  D1,3  D2,3    Ln Like  Est Ln P(D)
307000:    1.00    7.945    0.141 0.000 0.133    0.051 0.105 0.058   -125258    0 
307100:    1.00    8.266    0.115 0.000 0.149    0.048 0.120 0.065   -125288    0 
307200:    1.00    8.203    0.115 0.000 0.141    0.054 0.142 0.072   -125264    0 
307300:    1.00    8.199    0.136 0.000 0.167    0.054 0.145 0.077   -125225    0 
307400:    1.00    8.188    0.114 0.000 0.185    0.047 0.137 0.086   -125278    0 
307500:    1.00    8.638    0.122 0.000 0.238    0.049 0.142 0.087   -125294    0 
307600:    1.00    8.471    0.110 0.000 0.199    0.040 0.119 0.081   -125257    0 
307700:    1.00    8.241    0.146 0.000 0.178    0.044 0.128 0.075   -125326    0 
307800:    1.00    8.144    0.116 0.000 0.198    0.043 0.117 0.072   -125267    0 
307900:    1.00    8.465    0.123 0.000 0.164    0.046 0.117 0.072   -125269    0 

--------------------------------------------
Proportion of membership of each pre-defined
 population in each of the 3 clusters

Given    Inferred Clusters       Number of
 Pop       1      2      3      Individuals

  1:     0.322  0.339  0.339      358
  2:     0.335  0.335  0.330      1039
  3:     0.328  0.335  0.337      603
--------------------------------------------

  Rep#:   Lambda   Alpha      F1    F2    F3     D1,2  D1,3  D2,3    Ln Like  Est Ln P(D)
308000:    1.00    8.371    0.119 0.000 0.123    0.042 0.111 0.071   -125341    0 
308100:    1.00    8.844    0.140 0.000 0.174    0.049 0.131 0.074   -125269    0 
308200:    1.00    8.643    0.136 0.000 0.225    0.050 0.130 0.075   -125219    0 
308300:    1.00    8.644    0.130 0.000 0.145    0.041 0.113 0.070   -125279    0 
308400:    1.00    8.492    0.149 0.000 0.158    0.049 0.132 0.075   -125309    0 
308500:    1.00    8.605    0.160 0.000 0.207    0.059 0.170 0.087   -125245    0 
308600:    1.00    8.929    0.161 0.000 0.164    0.051 0.156 0.087   -125260    0 
308700:    1.00    9.362    0.174 0.000 0.145    0.052 0.164 0.090   -125266    0 
308800:    1.00    9.675    0.132 0.000 0.193    0.047 0.159 0.085   -125296    0 
308900:    1.00    9.429    0.129 0.000 0.174    0.047 0.137 0.077   -125253    0 

--------------------------------------------
Proportion of membership of each pre-defined
 population in each of the 3 clusters

Given    Inferred Clusters       Number of
 Pop       1      2      3      Individuals

  1:     0.325  0.329  0.346      358
  2:     0.329  0.337  0.334      1039
  3:     0.330  0.339  0.331      603
--------------------------------------------

  Rep#:   Lambda   Alpha      F1    F2    F3     D1,2  D1,3  D2,3    Ln Like  Est Ln P(D)
309000:    1.00    9.625    0.148 0.000 0.167    0.056 0.135 0.061   -125317    0 
309100:    1.00    9.164    0.137 0.000 0.144    0.049 0.126 0.058   -125399    0 
309200:    1.00    8.766    0.137 0.000 0.124    0.050 0.114 0.050   -125308    0 
309300:    1.00    8.811    0.115 0.000 0.138    0.041 0.116 0.057   -125325    0 
309400:    1.00    8.799    0.152 0.000 0.113    0.041 0.115 0.053   -125348    0 
309500:    1.00    8.974    0.186 0.000 0.123    0.048 0.131 0.051   -125304    0 
309600:    1.00    8.952    0.161 0.000 0.097    0.049 0.112 0.039   -125339    0 
309700:    1.00    9.033    0.136 0.000 0.097    0.043 0.101 0.040   -125365    0 
309800:    1.00    9.242    0.130 0.000 0.109    0.044 0.099 0.037   -125389    0 
309900:    1.00    9.237    0.145 0.000 0.133    0.037 0.091 0.043   -125380    0 

--------------------------------------------
Proportion of membership of each pre-defined
 population in each of the 3 clusters

Given    Inferred Clusters       Number of
 Pop       1      2      3      Individuals

  1:     0.336  0.333  0.330      358
  2:     0.338  0.332  0.331      1039
  3:     0.335  0.336  0.329      603
--------------------------------------------

  Rep#:   Lambda   Alpha      F1    F2    F3     D1,2  D1,3  D2,3    Ln Like  Est Ln P(D)
310000:    1.00    9.115    0.103 0.000 0.144    0.039 0.108 0.050   -125371    0 
310100:    1.00    8.547    0.130 0.000 0.130    0.042 0.104 0.047   -125355    0 
310200:    1.00    8.501    0.145 0.000 0.135    0.048 0.124 0.052   -125368    0 
310300:    1.00    8.244    0.114 0.000 0.114    0.054 0.116 0.042   -125298    0 
310400:    1.00    8.338    0.162 0.000 0.101    0.053 0.136 0.057   -125312    0 
310500:    1.00    8.435    0.117 0.000 0.136    0.055 0.136 0.058   -125323    0 
310600:    1.00    9.036    0.125 0.000 0.105    0.054 0.123 0.054   -125356    0 
310700:    1.00    8.837    0.098 0.000 0.166    0.043 0.112 0.064   -125346    0 
310800:    1.00    8.703    0.103 0.000 0.171    0.039 0.118 0.065   -125359    0 
310900:    1.00    8.543    0.095 0.000 0.156    0.041 0.111 0.058   -125258    0 

--------------------------------------------
Proportion of membership of each pre-defined
 population in each of the 3 clusters

Given    Inferred Clusters       Number of
 Pop       1      2      3      Individuals

  1:     0.330  0.339  0.331      358
  2:     0.337  0.328  0.335      1039
  3:     0.331  0.338  0.331      603
--------------------------------------------

  Rep#:   Lambda   Alpha      F1    F2    F3     D1,2  D1,3  D2,3    Ln Like  Est Ln P(D)
311000:    1.00    8.162    0.090 0.000 0.124    0.041 0.112 0.057   -125243    0 
311100:    1.00    8.408    0.087 0.000 0.155    0.043 0.099 0.059   -125351    0 
311200:    1.00    8.101    0.110 0.000 0.135    0.044 0.103 0.057   -125283    0 
311300:    1.00    8.132    0.111 0.000 0.117    0.051 0.112 0.055   -125268    0 
311400:    1.00    7.906    0.100 0.000 0.156    0.042 0.115 0.058   -125316    0 
311500:    1.00    7.719    0.130 0.000 0.153    0.046 0.113 0.052   -125300    0 
311600:    1.00    7.755    0.132 0.000 0.089    0.049 0.109 0.043   -125309    0 
311700:    1.00    7.560    0.135 0.000 0.102    0.053 0.107 0.043   -125310    0 
311800:    1.00    7.510    0.134 0.000 0.107    0.057 0.107 0.042   -125326    0 
311900:    1.00    7.986    0.169 0.000 0.093    0.054 0.101 0.046   -125285    0 

--------------------------------------------
Proportion of membership of each pre-defined
 population in each of the 3 clusters

Given    Inferred Clusters       Number of
 Pop       1      2      3      Individuals

  1:     0.333  0.325  0.342      358
  2:     0.338  0.329  0.333      1039
  3:     0.332  0.334  0.334      603
--------------------------------------------

  Rep#:   Lambda   Alpha      F1    F2    F3     D1,2  D1,3  D2,3    Ln Like  Est Ln P(D)
312000:    1.00    8.582    0.157 0.000 0.100    0.058 0.103 0.041   -125299    0 
312100:    1.00    8.127    0.150 0.000 0.129    0.051 0.105 0.046   -125302    0 
312200:    1.00    8.383    0.146 0.000 0.085    0.043 0.089 0.045   -125351    0 
312300:    1.00    7.894    0.128 0.000 0.122    0.039 0.074 0.044   -125352    0 
312400:    1.00    8.436    0.133 0.000 0.089    0.047 0.101 0.049   -125316    0 
312500:    1.00    8.054    0.115 0.000 0.100    0.046 0.090 0.045   -125291    0 
312600:    1.00    8.006    0.150 0.000 0.095    0.042 0.097 0.048   -125342    0 
312700:    1.00    7.794    0.188 0.000 0.100    0.050 0.095 0.039   -125277    0 
312800:    1.00    7.439    0.125 0.000 0.102    0.044 0.107 0.054   -125320    0 
312900:    1.00    7.369    0.154 0.000 0.131    0.038 0.088 0.047   -125333    0 

--------------------------------------------
Proportion of membership of each pre-defined
 population in each of the 3 clusters

Given    Inferred Clusters       Number of
 Pop       1      2      3      Individuals

  1:     0.328  0.332  0.339      358
  2:     0.325  0.340  0.335      1039
  3:     0.330  0.341  0.329      603
--------------------------------------------

  Rep#:   Lambda   Alpha      F1    F2    F3     D1,2  D1,3  D2,3    Ln Like  Est Ln P(D)
313000:    1.00    7.335    0.128 0.000 0.163    0.051 0.132 0.056   -125186    0 
313100:    1.00    7.518    0.100 0.000 0.141    0.045 0.103 0.041   -125324    0 
313200:    1.00    7.624    0.123 0.000 0.116    0.048 0.091 0.035   -125306    0 
313300:    1.00    7.811    0.169 0.000 0.121    0.052 0.122 0.047   -125319    0 
313400:    1.00    7.937    0.145 0.000 0.126    0.052 0.113 0.046   -125289    0 
313500:    1.00    7.982    0.108 0.000 0.105    0.041 0.100 0.051   -125301    0 
313600:    1.00    7.857    0.103 0.000 0.158    0.044 0.119 0.059   -125300    0 
313700:    1.00    7.833    0.114 0.000 0.134    0.036 0.101 0.057   -125280    0 
313800:    1.00    7.526    0.100 0.000 0.173    0.038 0.096 0.055   -125322    0 
313900:    1.00    7.410    0.103 0.000 0.151    0.038 0.096 0.054   -125265    0 

--------------------------------------------
Proportion of membership of each pre-defined
 population in each of the 3 clusters

Given    Inferred Clusters       Number of
 Pop       1      2      3      Individuals

  1:     0.331  0.335  0.334      358
  2:     0.335  0.332  0.332      1039
  3:     0.332  0.334  0.335      603
--------------------------------------------

  Rep#:   Lambda   Alpha      F1    F2    F3     D1,2  D1,3  D2,3    Ln Like  Est Ln P(D)
314000:    1.00    7.266    0.119 0.000 0.159    0.032 0.096 0.058   -125315    0 
314100:    1.00    7.166    0.105 0.000 0.154    0.033 0.091 0.059   -125319    0 
314200:    1.00    7.726    0.129 0.000 0.150    0.038 0.092 0.056   -125322    0 
314300:    1.00    7.862    0.128 0.000 0.114    0.043 0.100 0.052   -125349    0 
314400:    1.00    7.985    0.159 0.000 0.118    0.045 0.092 0.049   -125336    0 
314500:    1.00    8.211    0.143 0.000 0.150    0.049 0.116 0.055   -125338    0 
314600:    1.00    8.134    0.150 0.000 0.175    0.051 0.126 0.062   -125319    0 
314700:    1.00    8.625    0.130 0.000 0.129    0.051 0.107 0.054   -125324    0 
314800:    1.00    8.665    0.135 0.000 0.165    0.040 0.106 0.059   -125375    0 
314900:    1.00    8.718    0.133 0.000 0.210    0.048 0.123 0.065   -125259    0 

--------------------------------------------
Proportion of membership of each pre-defined
 population in each of the 3 clusters

Given    Inferred Clusters       Number of
 Pop       1      2      3      Individuals

  1:     0.330  0.330  0.341      358
  2:     0.338  0.327  0.335      1039
  3:     0.334  0.331  0.335      603
--------------------------------------------

  Rep#:   Lambda   Alpha      F1    F2    F3     D1,2  D1,3  D2,3    Ln Like  Est Ln P(D)
315000:    1.00    8.658    0.106 0.000 0.167    0.045 0.103 0.061   -125330    0 
315100:    1.00    8.726    0.123 0.000 0.163    0.045 0.106 0.063   -125382    0 
315200:    1.00    8.493    0.128 0.000 0.161    0.044 0.102 0.062   -125317    0 
315300:    1.00    8.540    0.103 0.000 0.146    0.056 0.132 0.067   -125319    0 
315400:    1.00    8.736    0.117 0.000 0.172    0.058 0.115 0.055   -125332    0 
315500:    1.00    8.604    0.116 0.000 0.155    0.048 0.107 0.061   -125349    0 
315600:    1.00    8.628    0.093 0.000 0.140    0.052 0.101 0.051   -125265    0 
315700:    1.00    8.348    0.129 0.000 0.115    0.048 0.105 0.053   -125292    0 
315800:    1.00    8.699    0.152 0.000 0.100    0.053 0.100 0.048   -125310    0 
315900:    1.00    8.896    0.152 0.000 0.121    0.056 0.109 0.054   -125322    0 

--------------------------------------------
Proportion of membership of each pre-defined
 population in each of the 3 clusters

Given    Inferred Clusters       Number of
 Pop       1      2      3      Individuals

  1:     0.331  0.331  0.338      358
  2:     0.331  0.336  0.333      1039
  3:     0.332  0.338  0.329      603
--------------------------------------------

  Rep#:   Lambda   Alpha      F1    F2    F3     D1,2  D1,3  D2,3    Ln Like  Est Ln P(D)
316000:    1.00    8.603    0.167 0.000 0.155    0.061 0.136 0.062   -125268    0 
316100:    1.00    8.447    0.185 0.000 0.145    0.059 0.137 0.062   -125212    0 
316200:    1.00    8.516    0.157 0.000 0.142    0.062 0.125 0.053   -125248    0 
316300:    1.00    8.607    0.172 0.000 0.165    0.063 0.129 0.048   -125315    0 
316400:    1.00    8.439    0.155 0.000 0.148    0.057 0.138 0.064   -125244    0 
316500:    1.00    8.608    0.150 0.000 0.147    0.051 0.126 0.063   -125321    0 
316600:    1.00    8.467    0.147 0.000 0.140    0.053 0.121 0.057   -125356    0 
316700:    1.00    8.388    0.177 0.000 0.123    0.055 0.113 0.053   -125270    0 
316800:    1.00    8.452    0.158 0.000 0.136    0.050 0.111 0.058   -125255    0 
316900:    1.00    8.484    0.125 0.000 0.123    0.050 0.107 0.058   -125327    0 

--------------------------------------------
Proportion of membership of each pre-defined
 population in each of the 3 clusters

Given    Inferred Clusters       Number of
 Pop       1      2      3      Individuals

  1:     0.327  0.332  0.341      358
  2:     0.335  0.332  0.333      1039
  3:     0.333  0.339  0.328      603
--------------------------------------------

  Rep#:   Lambda   Alpha      F1    F2    F3     D1,2  D1,3  D2,3    Ln Like  Est Ln P(D)
317000:    1.00    8.379    0.215 0.000 0.126    0.065 0.126 0.053   -125225    0 
317100:    1.00    8.543    0.148 0.000 0.124    0.065 0.146 0.060   -125279    0 
317200:    1.00    8.838    0.146 0.000 0.112    0.057 0.143 0.061   -125328    0 
317300:    1.00    8.633    0.139 0.000 0.119    0.050 0.113 0.053   -125321    0 
317400:    1.00    8.420    0.145 0.000 0.087    0.053 0.104 0.043   -125347    0 
317500:    1.00    8.887    0.136 0.000 0.124    0.046 0.104 0.050   -125359    0 
317600:    1.00    9.016    0.116 0.000 0.103    0.051 0.106 0.046   -125391    0 
317700:    1.00    8.770    0.133 0.000 0.114    0.043 0.073 0.039   -125400    0 
317800:    1.00    8.647    0.107 0.000 0.118    0.050 0.093 0.043   -125373    0 
317900:    1.00    8.853    0.114 0.000 0.123    0.045 0.082 0.041   -125452    0 

--------------------------------------------
Proportion of membership of each pre-defined
 population in each of the 3 clusters

Given    Inferred Clusters       Number of
 Pop       1      2      3      Individuals

  1:     0.340  0.330  0.329      358
  2:     0.334  0.332  0.333      1039
  3:     0.332  0.338  0.330      603
--------------------------------------------

  Rep#:   Lambda   Alpha      F1    F2    F3     D1,2  D1,3  D2,3    Ln Like  Est Ln P(D)
318000:    1.00    8.685    0.123 0.000 0.126    0.053 0.102 0.053   -125366    0 
318100:    1.00    8.792    0.116 0.000 0.126    0.048 0.108 0.054   -125358    0 
318200:    1.00    8.766    0.082 0.000 0.142    0.041 0.123 0.069   -125315    0 
318300:    1.00    8.332    0.131 0.000 0.130    0.036 0.113 0.069   -125343    0 
318400:    1.00    8.285    0.116 0.000 0.153    0.036 0.118 0.065   -125329    0 
318500:    1.00    8.111    0.100 0.000 0.117    0.031 0.101 0.054   -125355    0 
318600:    1.00    8.034    0.122 0.000 0.119    0.033 0.088 0.050   -125333    0 
318700:    1.00    7.925    0.128 0.000 0.103    0.048 0.104 0.050   -125393    0 
318800:    1.00    7.618    0.143 0.000 0.138    0.048 0.115 0.055   -125283    0 
318900:    1.00    7.647    0.121 0.000 0.142    0.042 0.120 0.060   -125347    0 

--------------------------------------------
Proportion of membership of each pre-defined
 population in each of the 3 clusters

Given    Inferred Clusters       Number of
 Pop       1      2      3      Individuals

  1:     0.335  0.325  0.339      358
  2:     0.339  0.329  0.333      1039
  3:     0.332  0.338  0.330      603
--------------------------------------------

  Rep#:   Lambda   Alpha      F1    F2    F3     D1,2  D1,3  D2,3    Ln Like  Est Ln P(D)
319000:    1.00    7.850    0.073 0.000 0.140    0.033 0.092 0.058   -125373    0 
319100:    1.00    7.788    0.107 0.000 0.107    0.044 0.093 0.050   -125278    0 
319200:    1.00    7.738    0.083 0.000 0.104    0.037 0.087 0.049   -125367    0 
319300:    1.00    7.694    0.093 0.000 0.085    0.034 0.087 0.051   -125343    0 
319400:    1.00    7.595    0.088 0.000 0.153    0.042 0.116 0.063   -125321    0 
319500:    1.00    7.604    0.114 0.000 0.105    0.041 0.097 0.052   -125337    0 
319600:    1.00    7.745    0.106 0.000 0.118    0.039 0.091 0.056   -125354    0 
319700:    1.00    7.603    0.094 0.000 0.120    0.035 0.079 0.052   -125372    0 
319800:    1.00    7.645    0.118 0.000 0.115    0.038 0.090 0.055   -125324    0 
319900:    1.00    7.669    0.134 0.000 0.131    0.055 0.119 0.065   -125323    0 

--------------------------------------------
Proportion of membership of each pre-defined
 population in each of the 3 clusters

Given    Inferred Clusters       Number of
 Pop       1      2      3      Individuals

  1:     0.334  0.325  0.341      358
  2:     0.330  0.332  0.337      1039
  3:     0.340  0.331  0.329      603
--------------------------------------------

  Rep#:   Lambda   Alpha      F1    F2    F3     D1,2  D1,3  D2,3    Ln Like  Est Ln P(D)
320000:    1.00    7.024    0.107 0.000 0.096    0.052 0.085 0.046   -125297    0 
320100:    1.00    6.956    0.115 0.000 0.092    0.041 0.082 0.045   -125333    0 
320200:    1.00    7.254    0.105 0.000 0.109    0.046 0.095 0.054   -125249    0 
320300:    1.00    7.188    0.102 0.000 0.146    0.039 0.101 0.064   -125277    0 
320400:    1.00    7.395    0.139 0.000 0.139    0.052 0.107 0.063   -125229    0 
320500:    1.00    7.303    0.119 0.000 0.144    0.050 0.097 0.060   -125296    0 
320600:    1.00    7.696    0.131 0.000 0.116    0.048 0.109 0.067   -125279    0 
320700:    1.00    8.055    0.094 0.000 0.150    0.043 0.098 0.070   -125253    0 
320800:    1.00    8.614    0.094 0.000 0.173    0.038 0.107 0.074   -125287    0 
320900:    1.00    8.608    0.115 0.000 0.182    0.042 0.107 0.068   -125299    0 

--------------------------------------------
Proportion of membership of each pre-defined
 population in each of the 3 clusters

Given    Inferred Clusters       Number of
 Pop       1      2      3      Individuals

  1:     0.333  0.335  0.333      358
  2:     0.335  0.331  0.335      1039
  3:     0.331  0.333  0.336      603
--------------------------------------------

  Rep#:   Lambda   Alpha      F1    F2    F3     D1,2  D1,3  D2,3    Ln Like  Est Ln P(D)
321000:    1.00    8.703    0.102 0.000 0.162    0.043 0.116 0.070   -125229    0 
321100:    1.00    8.607    0.107 0.000 0.135    0.040 0.103 0.064   -125281    0 
321200:    1.00    8.913    0.138 0.000 0.179    0.048 0.122 0.072   -125298    0 
321300:    1.00    8.877    0.106 0.000 0.150    0.037 0.093 0.065   -125304    0 
321400:    1.00    8.471    0.153 0.000 0.154    0.042 0.108 0.069   -125261    0 
321500:    1.00    8.772    0.112 0.000 0.139    0.043 0.109 0.067   -125292    0 
321600:    1.00    8.628    0.175 0.000 0.182    0.051 0.114 0.058   -125273    0 
321700:    1.00    8.367    0.209 0.000 0.180    0.058 0.131 0.063   -125231    0 
321800:    1.00    8.796    0.183 0.000 0.168    0.058 0.121 0.059   -125300    0 
321900:    1.00    8.622    0.165 0.000 0.180    0.056 0.113 0.058   -125209    0 

--------------------------------------------
Proportion of membership of each pre-defined
 population in each of the 3 clusters

Given    Inferred Clusters       Number of
 Pop       1      2      3      Individuals

  1:     0.327  0.335  0.337      358
  2:     0.334  0.331  0.335      1039
  3:     0.336  0.324  0.340      603
--------------------------------------------

  Rep#:   Lambda   Alpha      F1    F2    F3     D1,2  D1,3  D2,3    Ln Like  Est Ln P(D)
322000:    1.00    8.731    0.201 0.000 0.144    0.071 0.147 0.064   -125206    0 
322100:    1.00    8.930    0.176 0.000 0.115    0.067 0.120 0.047   -125306    0 
322200:    1.00    8.935    0.162 0.000 0.142    0.062 0.134 0.061   -125257    0 
322300:    1.00    8.931    0.163 0.000 0.141    0.057 0.127 0.061   -125272    0 
322400:    1.00    9.064    0.144 0.000 0.131    0.055 0.148 0.067   -125320    0 
322500:    1.00    9.282    0.122 0.000 0.187    0.050 0.135 0.065   -125282    0 
322600:    1.00    9.449    0.113 0.000 0.168    0.045 0.126 0.066   -125291    0 
322700:    1.00    9.616    0.127 0.000 0.137    0.047 0.125 0.062   -125301    0 
322800:    1.00    9.482    0.159 0.000 0.166    0.046 0.118 0.064   -125319    0 
322900:    1.00    9.972    0.134 0.000 0.158    0.050 0.133 0.066   -125290    0 

--------------------------------------------
Proportion of membership of each pre-defined
 population in each of the 3 clusters

Given    Inferred Clusters       Number of
 Pop       1      2      3      Individuals

  1:     0.343  0.325  0.332      358
  2:     0.333  0.331  0.336      1039
  3:     0.336  0.331  0.334      603
--------------------------------------------

  Rep#:   Lambda   Alpha      F1    F2    F3     D1,2  D1,3  D2,3    Ln Like  Est Ln P(D)
323000:    1.00    9.989    0.148 0.000 0.186    0.059 0.171 0.073   -125282    0 
323100:    1.00    9.932    0.137 0.000 0.134    0.050 0.116 0.054   -125328    0 
323200:    1.00    9.867    0.129 0.000 0.097    0.049 0.102 0.055   -125418    0 
323300:    1.00    9.748    0.140 0.000 0.154    0.043 0.096 0.053   -125375    0 
323400:    1.00    9.746    0.135 0.000 0.124    0.049 0.117 0.056   -125316    0 
323500:    1.00    9.428    0.131 0.000 0.152    0.046 0.118 0.058   -125317    0 
323600:    1.00    9.895    0.110 0.000 0.183    0.045 0.121 0.064   -125300    0 
323700:    1.00    9.918    0.161 0.000 0.167    0.058 0.153 0.081   -125294    0 
323800:    1.00    9.907    0.174 0.000 0.142    0.057 0.127 0.061   -125357    0 
323900:    1.00    9.815    0.172 0.000 0.152    0.065 0.143 0.061   -125282    0 

--------------------------------------------
Proportion of membership of each pre-defined
 population in each of the 3 clusters

Given    Inferred Clusters       Number of
 Pop       1      2      3      Individuals

  1:     0.335  0.329  0.336      358
  2:     0.330  0.333  0.338      1039
  3:     0.335  0.328  0.337      603
--------------------------------------------

  Rep#:   Lambda   Alpha      F1    F2    F3     D1,2  D1,3  D2,3    Ln Like  Est Ln P(D)
324000:    1.00    9.576    0.128 0.000 0.119    0.047 0.119 0.066   -125291    0 
324100:    1.00    9.493    0.139 0.000 0.180    0.052 0.139 0.070   -125324    0 
324200:    1.00    9.470    0.136 0.000 0.148    0.051 0.142 0.065   -125339    0 
324300:    1.00    9.580    0.139 0.000 0.156    0.054 0.147 0.073   -125328    0 
324400:    1.00    9.928    0.093 0.000 0.132    0.048 0.120 0.063   -125356    0 
324500:    1.00    9.818    0.099 0.000 0.160    0.040 0.117 0.062   -125374    0 
324600:    1.00    9.866    0.153 0.000 0.144    0.051 0.125 0.056   -125364    0 
324700:    1.00    9.985    0.135 0.000 0.114    0.051 0.125 0.056   -125351    0 
324800:    1.00    9.727    0.139 0.000 0.135    0.052 0.130 0.053   -125359    0 
324900:    1.00    9.948    0.129 0.000 0.163    0.047 0.097 0.050   -125408    0 

--------------------------------------------
Proportion of membership of each pre-defined
 population in each of the 3 clusters

Given    Inferred Clusters       Number of
 Pop       1      2      3      Individuals

  1:     0.333  0.335  0.332      358
  2:     0.337  0.326  0.337      1039
  3:     0.337  0.328  0.335      603
--------------------------------------------

  Rep#:   Lambda   Alpha      F1    F2    F3     D1,2  D1,3  D2,3    Ln Like  Est Ln P(D)
325000:    1.00    9.568    0.133 0.000 0.162    0.059 0.125 0.052   -125318    0 
325100:    1.00    9.384    0.138 0.000 0.146    0.054 0.116 0.051   -125327    0 
325200:    1.00    9.232    0.138 0.000 0.129    0.054 0.136 0.058   -125327    0 
325300:    1.00    9.186    0.149 0.000 0.120    0.051 0.121 0.050   -125367    0 
325400:    1.00    9.218    0.114 0.000 0.123    0.045 0.098 0.043   -125410    0 
325500:    1.00    9.052    0.112 0.000 0.120    0.054 0.124 0.047   -125323    0 
325600:    1.00    9.023    0.104 0.000 0.157    0.056 0.114 0.051   -125282    0 
325700:    1.00    9.008    0.112 0.000 0.148    0.044 0.099 0.055   -125387    0 
325800:    1.00    8.863    0.126 0.000 0.154    0.049 0.111 0.049   -125313    0 
325900:    1.00    8.879    0.100 0.000 0.120    0.047 0.110 0.048   -125340    0 

--------------------------------------------
Proportion of membership of each pre-defined
 population in each of the 3 clusters

Given    Inferred Clusters       Number of
 Pop       1      2      3      Individuals

  1:     0.331  0.337  0.332      358
  2:     0.336  0.333  0.331      1039
  3:     0.335  0.339  0.327      603
--------------------------------------------

  Rep#:   Lambda   Alpha      F1    F2    F3     D1,2  D1,3  D2,3    Ln Like  Est Ln P(D)
326000:    1.00    8.747    0.119 0.000 0.144    0.055 0.119 0.053   -125309    0 
326100:    1.00    8.570    0.125 0.000 0.131    0.052 0.115 0.051   -125334    0 
326200:    1.00    8.750    0.099 0.000 0.137    0.043 0.100 0.052   -125350    0 
326300:    1.00    8.888    0.129 0.000 0.113    0.053 0.101 0.047   -125370    0 
326400:    1.00    8.503    0.140 0.000 0.151    0.062 0.122 0.048   -125303    0 
326500:    1.00    8.456    0.173 0.000 0.092    0.058 0.099 0.043   -125332    0 
326600:    1.00    8.329    0.197 0.000 0.121    0.057 0.099 0.044   -125316    0 
326700:    1.00    8.073    0.139 0.000 0.083    0.060 0.110 0.043   -125385    0 
326800:    1.00    8.210    0.130 0.000 0.115    0.047 0.100 0.047   -125323    0 
326900:    1.00    8.394    0.096 0.000 0.119    0.056 0.105 0.051   -125342    0 

--------------------------------------------
Proportion of membership of each pre-defined
 population in each of the 3 clusters

Given    Inferred Clusters       Number of
 Pop       1      2      3      Individuals

  1:     0.336  0.329  0.335      358
  2:     0.338  0.326  0.336      1039
  3:     0.331  0.334  0.335      603
--------------------------------------------

  Rep#:   Lambda   Alpha      F1    F2    F3     D1,2  D1,3  D2,3    Ln Like  Est Ln P(D)
327000:    1.00    8.093    0.122 0.000 0.154    0.052 0.119 0.058   -125269    0 
327100:    1.00    8.371    0.162 0.000 0.140    0.042 0.111 0.067   -125326    0 
327200:    1.00    8.525    0.110 0.000 0.161    0.045 0.122 0.065   -125314    0 
327300:    1.00    8.403    0.157 0.000 0.182    0.047 0.108 0.058   -125327    0 
327400:    1.00    8.853    0.117 0.000 0.204    0.046 0.119 0.065   -125356    0 
327500:    1.00    8.952    0.103 0.000 0.161    0.042 0.109 0.063   -125371    0 
327600:    1.00    9.057    0.130 0.000 0.124    0.052 0.116 0.056   -125337    0 
327700:    1.00    8.924    0.137 0.000 0.134    0.056 0.116 0.056   -125343    0 
327800:    1.00    9.018    0.126 0.000 0.129    0.054 0.101 0.056   -125390    0 
327900:    1.00    9.078    0.114 0.000 0.141    0.050 0.110 0.065   -125306    0 

--------------------------------------------
Proportion of membership of each pre-defined
 population in each of the 3 clusters

Given    Inferred Clusters       Number of
 Pop       1      2      3      Individuals

  1:     0.338  0.333  0.329      358
  2:     0.334  0.332  0.334      1039
  3:     0.331  0.336  0.333      603
--------------------------------------------

  Rep#:   Lambda   Alpha      F1    F2    F3     D1,2  D1,3  D2,3    Ln Like  Est Ln P(D)
328000:    1.00    9.313    0.123 0.000 0.159    0.052 0.112 0.066   -125353    0 
328100:    1.00    9.309    0.094 0.000 0.171    0.048 0.129 0.073   -125338    0 
328200:    1.00    9.472    0.098 0.000 0.147    0.050 0.125 0.066   -125325    0 
328300:    1.00    9.670    0.132 0.000 0.140    0.054 0.120 0.061   -125403    0 
328400:    1.00    9.074    0.114 0.000 0.119    0.048 0.107 0.058   -125343    0 
328500:    1.00    9.060    0.123 0.000 0.158    0.054 0.108 0.055   -125388    0 
328600:    1.00    8.882    0.136 0.000 0.104    0.069 0.124 0.047   -125334    0 
328700:    1.00    8.478    0.199 0.000 0.095    0.064 0.113 0.043   -125351    0 
328800:    1.00    7.901    0.137 0.000 0.136    0.068 0.115 0.046   -125281    0 
328900:    1.00    8.438    0.146 0.000 0.128    0.059 0.100 0.055   -125349    0 

--------------------------------------------
Proportion of membership of each pre-defined
 population in each of the 3 clusters

Given    Inferred Clusters       Number of
 Pop       1      2      3      Individuals

  1:     0.329  0.343  0.328      358
  2:     0.332  0.335  0.333      1039
  3:     0.338  0.331  0.332      603
--------------------------------------------

  Rep#:   Lambda   Alpha      F1    F2    F3     D1,2  D1,3  D2,3    Ln Like  Est Ln P(D)
329000:    1.00    8.325    0.163 0.000 0.118    0.064 0.110 0.051   -125307    0 
329100:    1.00    8.418    0.161 0.000 0.112    0.067 0.110 0.049   -125277    0 
329200:    1.00    8.065    0.188 0.000 0.097    0.074 0.135 0.056   -125226    0 
329300:    1.00    8.333    0.145 0.000 0.137    0.060 0.120 0.059   -125235    0 
329400:    1.00    8.529    0.162 0.000 0.129    0.063 0.110 0.051   -125302    0 
329500:    1.00    8.357    0.158 0.000 0.161    0.079 0.119 0.047   -125232    0 
329600:    1.00    8.676    0.199 0.000 0.173    0.071 0.120 0.058   -125256    0 
329700:    1.00    8.923    0.202 0.000 0.194    0.069 0.116 0.053   -125274    0 
329800:    1.00    9.130    0.146 0.000 0.144    0.073 0.145 0.058   -125257    0 
329900:    1.00    8.905    0.183 0.000 0.141    0.062 0.119 0.061   -125337    0 

--------------------------------------------
Proportion of membership of each pre-defined
 population in each of the 3 clusters

Given    Inferred Clusters       Number of
 Pop       1      2      3      Individuals

  1:     0.324  0.336  0.340      358
  2:     0.338  0.328  0.333      1039
  3:     0.331  0.335  0.335      603
--------------------------------------------

  Rep#:   Lambda   Alpha      F1    F2    F3     D1,2  D1,3  D2,3    Ln Like  Est Ln P(D)
330000:    1.00    8.433    0.159 0.000 0.164    0.057 0.125 0.060   -125296    0 
330100:    1.00    8.608    0.168 0.000 0.154    0.066 0.126 0.059   -125301    0 
330200:    1.00    8.652    0.163 0.000 0.139    0.063 0.110 0.055   -125324    0 
330300:    1.00    8.767    0.165 0.000 0.134    0.060 0.091 0.050   -125367    0 
330400:    1.00    9.026    0.128 0.000 0.123    0.062 0.114 0.051   -125318    0 
330500:    1.00    8.719    0.139 0.000 0.098    0.062 0.104 0.042   -125373    0 
330600:    1.00    8.758    0.201 0.000 0.095    0.083 0.136 0.044   -125323    0 
330700:    1.00    9.007    0.184 0.000 0.146    0.075 0.129 0.053   -125284    0 
330800:    1.00    9.104    0.180 0.000 0.129    0.067 0.116 0.049   -125351    0 
330900:    1.00    8.685    0.134 0.000 0.131    0.056 0.096 0.042   -125368    0 

--------------------------------------------
Proportion of membership of each pre-defined
 population in each of the 3 clusters

Given    Inferred Clusters       Number of
 Pop       1      2      3      Individuals

  1:     0.326  0.340  0.334      358
  2:     0.335  0.335  0.330      1039
  3:     0.336  0.331  0.333      603
--------------------------------------------

  Rep#:   Lambda   Alpha      F1    F2    F3     D1,2  D1,3  D2,3    Ln Like  Est Ln P(D)
331000:    1.00    8.414    0.150 0.000 0.080    0.058 0.097 0.039   -125361    0 
331100:    1.00    8.518    0.158 0.000 0.091    0.058 0.088 0.033   -125334    0 
331200:    1.00    8.698    0.167 0.000 0.107    0.060 0.105 0.044   -125339    0 
331300:    1.00    8.638    0.128 0.000 0.126    0.049 0.110 0.053   -125356    0 
331400:    1.00    8.599    0.120 0.000 0.126    0.050 0.102 0.051   -125367    0 
331500:    1.00    8.866    0.119 0.000 0.100    0.052 0.103 0.050   -125381    0 
331600:    1.00    9.070    0.154 0.000 0.122    0.059 0.110 0.043   -125391    0 
331700:    1.00    9.007    0.124 0.000 0.097    0.059 0.104 0.038   -125352    0 
331800:    1.00    9.424    0.143 0.000 0.122    0.053 0.102 0.041   -125353    0 
331900:    1.00    9.507    0.130 0.000 0.122    0.051 0.104 0.042   -125391    0 

--------------------------------------------
Proportion of membership of each pre-defined
 population in each of the 3 clusters

Given    Inferred Clusters       Number of
 Pop       1      2      3      Individuals

  1:     0.335  0.333  0.332      358
  2:     0.331  0.330  0.339      1039
  3:     0.335  0.332  0.333      603
--------------------------------------------

  Rep#:   Lambda   Alpha      F1    F2    F3     D1,2  D1,3  D2,3    Ln Like  Est Ln P(D)
332000:    1.00    9.805    0.122 0.000 0.129    0.056 0.124 0.048   -125351    0 
332100:    1.00    9.850    0.113 0.000 0.136    0.047 0.107 0.044   -125392    0 
332200:    1.00    9.814    0.138 0.000 0.161    0.052 0.117 0.051   -125332    0 
332300:    1.00    9.369    0.162 0.000 0.165    0.060 0.128 0.048   -125330    0 
332400:    1.00    9.285    0.137 0.000 0.114    0.062 0.124 0.042   -125353    0 
332500:    1.00    9.124    0.150 0.000 0.106    0.064 0.125 0.040   -125335    0 
332600:    1.00    9.111    0.164 0.000 0.144    0.064 0.122 0.041   -125321    0 
332700:    1.00    9.433    0.149 0.000 0.143    0.055 0.126 0.052   -125380    0 
332800:    1.00    9.513    0.162 0.000 0.122    0.059 0.137 0.053   -125349    0 
332900:    1.00    9.512    0.171 0.000 0.133    0.058 0.119 0.045   -125360    0 

--------------------------------------------
Proportion of membership of each pre-defined
 population in each of the 3 clusters

Given    Inferred Clusters       Number of
 Pop       1      2      3      Individuals

  1:     0.337  0.331  0.332      358
  2:     0.333  0.334  0.333      1039
  3:     0.331  0.338  0.331      603
--------------------------------------------

  Rep#:   Lambda   Alpha      F1    F2    F3     D1,2  D1,3  D2,3    Ln Like  Est Ln P(D)
333000:    1.00    9.703    0.102 0.000 0.142    0.045 0.100 0.051   -125361    0 
333100:    1.00    9.594    0.130 0.000 0.108    0.044 0.094 0.041   -125390    0 
333200:    1.00    9.436    0.118 0.000 0.174    0.046 0.123 0.061   -125370    0 
333300:    1.00    9.341    0.110 0.000 0.161    0.045 0.114 0.055   -125415    0 
333400:    1.00    9.375    0.092 0.000 0.130    0.042 0.112 0.058   -125386    0 
333500:    1.00    9.248    0.109 0.000 0.110    0.044 0.116 0.052   -125319    0 
333600:    1.00    9.310    0.076 0.000 0.134    0.033 0.088 0.048   -125371    0 
333700:    1.00    9.113    0.109 0.000 0.114    0.033 0.094 0.052   -125441    0 
333800:    1.00    8.912    0.082 0.000 0.104    0.036 0.082 0.039   -125441    0 
333900:    1.00    8.759    0.065 0.000 0.109    0.033 0.083 0.042   -125458    0 

--------------------------------------------
Proportion of membership of each pre-defined
 population in each of the 3 clusters

Given    Inferred Clusters       Number of
 Pop       1      2      3      Individuals

  1:     0.339  0.331  0.329      358
  2:     0.337  0.333  0.330      1039
  3:     0.336  0.335  0.329      603
--------------------------------------------

  Rep#:   Lambda   Alpha      F1    F2    F3     D1,2  D1,3  D2,3    Ln Like  Est Ln P(D)
334000:    1.00    8.656    0.085 0.000 0.086    0.031 0.070 0.039   -125375    0 
334100:    1.00    8.351    0.085 0.000 0.099    0.030 0.062 0.035   -125393    0 
334200:    1.00    7.954    0.121 0.000 0.080    0.036 0.067 0.029   -125420    0 
334300:    1.00    8.506    0.118 0.000 0.095    0.035 0.067 0.034   -125402    0 
334400:    1.00    9.093    0.179 0.000 0.094    0.045 0.096 0.037   -125445    0 
334500:    1.00    8.971    0.109 0.000 0.079    0.042 0.090 0.039   -125385    0 
334600:    1.00    9.052    0.126 0.000 0.108    0.048 0.107 0.040   -125371    0 
334700:    1.00    8.945    0.156 0.000 0.137    0.046 0.115 0.042   -125389    0 
334800:    1.00    8.989    0.109 0.000 0.082    0.052 0.106 0.031   -125393    0 
334900:    1.00    9.061    0.195 0.000 0.072    0.063 0.131 0.040   -125350    0 

--------------------------------------------
Proportion of membership of each pre-defined
 population in each of the 3 clusters

Given    Inferred Clusters       Number of
 Pop       1      2      3      Individuals

  1:     0.324  0.338  0.338      358
  2:     0.336  0.329  0.335      1039
  3:     0.334  0.332  0.334      603
--------------------------------------------

  Rep#:   Lambda   Alpha      F1    F2    F3     D1,2  D1,3  D2,3    Ln Like  Est Ln P(D)
335000:    1.00    9.257    0.136 0.000 0.058    0.052 0.075 0.022   -125397    0 
335100:    1.00    9.082    0.130 0.000 0.065    0.057 0.104 0.027   -125379    0 
335200:    1.00    8.960    0.118 0.000 0.087    0.051 0.102 0.032   -125378    0 
335300:    1.00    9.411    0.130 0.000 0.089    0.058 0.110 0.035   -125400    0 
335400:    1.00    9.618    0.127 0.000 0.081    0.051 0.088 0.032   -125385    0 
335500:    1.00    9.568    0.147 0.000 0.073    0.057 0.085 0.028   -125428    0 
335600:    1.00    9.379    0.117 0.000 0.072    0.054 0.089 0.030   -125431    0 
335700:    1.00    9.539    0.151 0.000 0.089    0.056 0.109 0.040   -125402    0 
335800:    1.00    9.784    0.155 0.000 0.095    0.055 0.099 0.039   -125441    0 
335900:    1.00    9.968    0.143 0.000 0.097    0.059 0.106 0.038   -125407    0 

--------------------------------------------
Proportion of membership of each pre-defined
 population in each of the 3 clusters

Given    Inferred Clusters       Number of
 Pop       1      2      3      Individuals

  1:     0.337  0.333  0.330      358
  2:     0.330  0.339  0.331      1039
  3:     0.336  0.330  0.334      603
--------------------------------------------

  Rep#:   Lambda   Alpha      F1    F2    F3     D1,2  D1,3  D2,3    Ln Like  Est Ln P(D)
336000:    1.00    9.988    0.156 0.000 0.107    0.067 0.127 0.052   -125407    0 
336100:    1.00    9.991    0.150 0.000 0.118    0.067 0.115 0.045   -125353    0 
336200:    1.00    9.905    0.133 0.000 0.112    0.071 0.113 0.043   -125406    0 
336300:    1.00    9.991    0.142 0.000 0.100    0.069 0.122 0.041   -125348    0 
336400:    1.00    9.843    0.189 0.000 0.108    0.069 0.112 0.037   -125338    0 
336500:    1.00    9.766    0.154 0.000 0.093    0.064 0.112 0.041   -125407    0 
336600:    1.00    9.880    0.176 0.000 0.096    0.057 0.094 0.039   -125368    0 
336700:    1.00    9.808    0.165 0.000 0.088    0.058 0.096 0.038   -125388    0 
336800:    1.00    9.990    0.122 0.000 0.084    0.063 0.103 0.045   -125389    0 
336900:    1.00    9.838    0.159 0.000 0.088    0.058 0.096 0.040   -125340    0 

--------------------------------------------
Proportion of membership of each pre-defined
 population in each of the 3 clusters

Given    Inferred Clusters       Number of
 Pop       1      2      3      Individuals

  1:     0.337  0.332  0.331      358
  2:     0.330  0.334  0.337      1039
  3:     0.335  0.330  0.335      603
--------------------------------------------

  Rep#:   Lambda   Alpha      F1    F2    F3     D1,2  D1,3  D2,3    Ln Like  Est Ln P(D)
337000:    1.00    9.658    0.184 0.000 0.064    0.069 0.118 0.037   -125388    0 
337100:    1.00    9.586    0.172 0.000 0.096    0.064 0.107 0.033   -125364    0 
337200:    1.00    9.515    0.174 0.000 0.104    0.067 0.116 0.036   -125346    0 
337300:    1.00    9.577    0.162 0.000 0.120    0.068 0.121 0.038   -125331    0 
337400:    1.00    9.974    0.171 0.000 0.092    0.068 0.112 0.036   -125377    0 
337500:    1.00    9.819    0.157 0.000 0.110    0.059 0.107 0.038   -125395    0 
337600:    1.00    9.944    0.207 0.000 0.113    0.063 0.124 0.045   -125391    0 
337700:    1.00    9.607    0.213 0.000 0.098    0.061 0.113 0.041   -125361    0 
337800:    1.00    9.448    0.152 0.000 0.108    0.058 0.111 0.043   -125327    0 
337900:    1.00    9.274    0.130 0.000 0.107    0.056 0.116 0.051   -125317    0 

--------------------------------------------
Proportion of membership of each pre-defined
 population in each of the 3 clusters

Given    Inferred Clusters       Number of
 Pop       1      2      3      Individuals

  1:     0.337  0.322  0.341      358
  2:     0.337  0.329  0.334      1039
  3:     0.335  0.331  0.334      603
--------------------------------------------

  Rep#:   Lambda   Alpha      F1    F2    F3     D1,2  D1,3  D2,3    Ln Like  Est Ln P(D)
338000:    1.00    9.514    0.107 0.000 0.111    0.052 0.111 0.046   -125293    0 
338100:    1.00    9.217    0.124 0.000 0.099    0.053 0.109 0.048   -125339    0 
338200:    1.00    9.042    0.140 0.000 0.098    0.063 0.117 0.049   -125372    0 
338300:    1.00    9.184    0.156 0.000 0.115    0.053 0.104 0.047   -125331    0 
338400:    1.00    9.097    0.142 0.000 0.120    0.058 0.116 0.051   -125337    0 
338500:    1.00    9.231    0.114 0.000 0.106    0.045 0.080 0.036   -125455    0 
338600:    1.00    9.549    0.123 0.000 0.107    0.055 0.082 0.033   -125386    0 
338700:    1.00    9.707    0.134 0.000 0.116    0.049 0.090 0.044   -125391    0 
338800:    1.00    9.340    0.166 0.000 0.144    0.056 0.120 0.051   -125263    0 
338900:    1.00    9.438    0.172 0.000 0.144    0.054 0.116 0.049   -125319    0 

--------------------------------------------
Proportion of membership of each pre-defined
 population in each of the 3 clusters

Given    Inferred Clusters       Number of
 Pop       1      2      3      Individuals

  1:     0.328  0.340  0.332      358
  2:     0.329  0.334  0.337      1039
  3:     0.327  0.334  0.339      603
--------------------------------------------

  Rep#:   Lambda   Alpha      F1    F2    F3     D1,2  D1,3  D2,3    Ln Like  Est Ln P(D)
339000:    1.00    9.424    0.181 0.000 0.126    0.056 0.110 0.046   -125300    0 
339100:    1.00    9.362    0.144 0.000 0.148    0.055 0.122 0.060   -125274    0 
339200:    1.00    9.652    0.130 0.000 0.160    0.055 0.130 0.066   -125279    0 
339300:    1.00    9.906    0.143 0.000 0.179    0.053 0.133 0.073   -125337    0 
339400:    1.00    9.456    0.163 0.000 0.163    0.056 0.130 0.068   -125294    0 
339500:    1.00    9.347    0.147 0.000 0.192    0.048 0.120 0.069   -125357    0 
339600:    1.00    9.530    0.130 0.000 0.168    0.051 0.129 0.072   -125355    0 
339700:    1.00    9.218    0.143 0.000 0.162    0.047 0.119 0.064   -125324    0 
339800:    1.00    8.949    0.170 0.000 0.126    0.047 0.094 0.048   -125293    0 
339900:    1.00    8.699    0.107 0.000 0.125    0.040 0.102 0.056   -125376    0 

--------------------------------------------
Proportion of membership of each pre-defined
 population in each of the 3 clusters

Given    Inferred Clusters       Number of
 Pop       1      2      3      Individuals

  1:     0.327  0.333  0.339      358
  2:     0.335  0.327  0.338      1039
  3:     0.333  0.338  0.329      603
--------------------------------------------

  Rep#:   Lambda   Alpha      F1    F2    F3     D1,2  D1,3  D2,3    Ln Like  Est Ln P(D)
340000:    1.00    8.850    0.146 0.000 0.155    0.050 0.110 0.056   -125376    0 
340100:    1.00    8.638    0.120 0.000 0.153    0.053 0.120 0.063   -125330    0 
340200:    1.00    9.056    0.144 0.000 0.189    0.051 0.140 0.064   -125287    0 
340300:    1.00    9.286    0.186 0.000 0.147    0.057 0.153 0.070   -125311    0 
340400:    1.00    9.177    0.131 0.000 0.146    0.048 0.128 0.064   -125324    0 
340500:    1.00    9.391    0.157 0.000 0.169    0.049 0.107 0.046   -125399    0 
340600:    1.00    9.402    0.131 0.000 0.099    0.050 0.114 0.048   -125450    0 
340700:    1.00    9.379    0.147 0.000 0.137    0.041 0.112 0.060   -125399    0 
340800:    1.00    9.773    0.116 0.000 0.130    0.035 0.094 0.053   -125424    0 
340900:    1.00    9.764    0.078 0.000 0.127    0.033 0.082 0.047   -125434    0 

--------------------------------------------
Proportion of membership of each pre-defined
 population in each of the 3 clusters

Given    Inferred Clusters       Number of
 Pop       1      2      3      Individuals

  1:     0.324  0.331  0.345      358
  2:     0.334  0.332  0.333      1039
  3:     0.332  0.334  0.333      603
--------------------------------------------

  Rep#:   Lambda   Alpha      F1    F2    F3     D1,2  D1,3  D2,3    Ln Like  Est Ln P(D)
341000:    1.00    9.916    0.084 0.000 0.134    0.035 0.080 0.045   -125412    0 
341100:    1.00    9.970    0.101 0.000 0.139    0.035 0.098 0.053   -125427    0 
341200:    1.00    9.904    0.080 0.000 0.141    0.032 0.085 0.047   -125438    0 
341300:    1.00    9.833    0.083 0.000 0.145    0.032 0.094 0.053   -125403    0 
341400:    1.00    9.907    0.089 0.000 0.153    0.036 0.100 0.052   -125410    0 
341500:    1.00    9.769    0.092 0.000 0.164    0.029 0.103 0.056   -125381    0 
341600:    1.00    9.623    0.085 0.000 0.142    0.031 0.094 0.049   -125473    0 
341700:    1.00    9.599    0.070 0.000 0.131    0.026 0.079 0.049   -125431    0 
341800:    1.00    9.559    0.072 0.000 0.140    0.027 0.074 0.048   -125455    0 
341900:    1.00    9.490    0.132 0.000 0.138    0.038 0.085 0.051   -125371    0 

--------------------------------------------
Proportion of membership of each pre-defined
 population in each of the 3 clusters

Given    Inferred Clusters       Number of
 Pop       1      2      3      Individuals

  1:     0.324  0.330  0.346      358
  2:     0.336  0.331  0.333      1039
  3:     0.332  0.333  0.335      603
--------------------------------------------

  Rep#:   Lambda   Alpha      F1    F2    F3     D1,2  D1,3  D2,3    Ln Like  Est Ln P(D)
342000:    1.00    9.173    0.116 0.000 0.125    0.045 0.091 0.049   -125364    0 
342100:    1.00    8.932    0.103 0.000 0.163    0.038 0.089 0.055   -125331    0 
342200:    1.00    8.701    0.093 0.000 0.156    0.037 0.081 0.049   -125360    0 
342300:    1.00    8.811    0.076 0.000 0.130    0.032 0.087 0.049   -125387    0 
342400:    1.00    8.546    0.064 0.000 0.150    0.029 0.071 0.046   -125454    0 
342500:    1.00    8.305    0.087 0.000 0.167    0.041 0.095 0.050   -125382    0 
342600:    1.00    8.016    0.096 0.000 0.120    0.049 0.086 0.043   -125424    0 
342700:    1.00    7.903    0.138 0.000 0.136    0.056 0.103 0.042   -125338    0 
342800:    1.00    7.805    0.120 0.000 0.097    0.058 0.094 0.040   -125297    0 
342900:    1.00    8.034    0.143 0.000 0.142    0.057 0.109 0.047   -125239    0 

--------------------------------------------
Proportion of membership of each pre-defined
 population in each of the 3 clusters

Given    Inferred Clusters       Number of
 Pop       1      2      3      Individuals

  1:     0.332  0.332  0.335      358
  2:     0.333  0.331  0.336      1039
  3:     0.327  0.335  0.337      603
--------------------------------------------

  Rep#:   Lambda   Alpha      F1    F2    F3     D1,2  D1,3  D2,3    Ln Like  Est Ln P(D)
343000:    1.00    8.446    0.128 0.000 0.120    0.059 0.100 0.049   -125291    0 
343100:    1.00    8.649    0.158 0.000 0.179    0.052 0.113 0.060   -125332    0 
343200:    1.00    8.559    0.141 0.000 0.142    0.065 0.121 0.051   -125321    0 
343300:    1.00    8.529    0.148 0.000 0.083    0.060 0.102 0.049   -125373    0 
343400:    1.00    8.473    0.126 0.000 0.090    0.065 0.093 0.037   -125345    0 
343500:    1.00    8.397    0.123 0.000 0.113    0.063 0.105 0.041   -125383    0 
343600:    1.00    8.150    0.118 0.000 0.122    0.065 0.096 0.040   -125324    0 
343700:    1.00    7.892    0.119 0.000 0.090    0.052 0.085 0.039   -125398    0 
343800:    1.00    7.888    0.102 0.000 0.088    0.043 0.058 0.037   -125424    0 
343900:    1.00    7.767    0.141 0.000 0.086    0.054 0.084 0.033   -125398    0 

--------------------------------------------
Proportion of membership of each pre-defined
 population in each of the 3 clusters

Given    Inferred Clusters       Number of
 Pop       1      2      3      Individuals

  1:     0.333  0.324  0.343      358
  2:     0.332  0.333  0.335      1039
  3:     0.335  0.334  0.331      603
--------------------------------------------

  Rep#:   Lambda   Alpha      F1    F2    F3     D1,2  D1,3  D2,3    Ln Like  Est Ln P(D)
344000:    1.00    7.968    0.139 0.000 0.104    0.058 0.094 0.039   -125368    0 
344100:    1.00    7.722    0.126 0.000 0.131    0.059 0.106 0.044   -125314    0 
344200:    1.00    7.910    0.154 0.000 0.089    0.062 0.112 0.040   -125269    0 
344300:    1.00    7.783    0.171 0.000 0.086    0.059 0.118 0.044   -125297    0 
344400:    1.00    7.729    0.170 0.000 0.093    0.055 0.094 0.038   -125336    0 
344500:    1.00    7.830    0.160 0.000 0.113    0.050 0.093 0.041   -125317    0 
344600:    1.00    7.871    0.106 0.000 0.152    0.041 0.082 0.049   -125384    0 
344700:    1.00    8.162    0.103 0.000 0.103    0.048 0.090 0.043   -125351    0 
344800:    1.00    8.473    0.101 0.000 0.101    0.040 0.062 0.037   -125433    0 
344900:    1.00    8.266    0.164 0.000 0.119    0.054 0.101 0.043   -125350    0 

--------------------------------------------
Proportion of membership of each pre-defined
 population in each of the 3 clusters

Given    Inferred Clusters       Number of
 Pop       1      2      3      Individuals

  1:     0.331  0.331  0.338      358
  2:     0.341  0.329  0.330      1039
  3:     0.334  0.332  0.334      603
--------------------------------------------

  Rep#:   Lambda   Alpha      F1    F2    F3     D1,2  D1,3  D2,3    Ln Like  Est Ln P(D)
345000:    1.00    8.350    0.162 0.000 0.122    0.055 0.118 0.054   -125314    0 
345100:    1.00    8.482    0.153 0.000 0.138    0.056 0.116 0.047   -125325    0 
345200:    1.00    8.433    0.151 0.000 0.107    0.060 0.128 0.050   -125295    0 
345300:    1.00    8.485    0.155 0.000 0.132    0.055 0.126 0.049   -125256    0 
345400:    1.00    8.033    0.128 0.000 0.117    0.053 0.100 0.046   -125300    0 
345500:    1.00    8.056    0.137 0.000 0.124    0.057 0.111 0.046   -125222    0 
345600:    1.00    7.769    0.121 0.000 0.141    0.060 0.106 0.043   -125280    0 
345700:    1.00    7.783    0.159 0.000 0.092    0.067 0.093 0.037   -125284    0 
345800:    1.00    7.447    0.183 0.000 0.093    0.067 0.105 0.039   -125253    0 
345900:    1.00    7.393    0.166 0.000 0.139    0.061 0.125 0.055   -125200    0 

--------------------------------------------
Proportion of membership of each pre-defined
 population in each of the 3 clusters

Given    Inferred Clusters       Number of
 Pop       1      2      3      Individuals

  1:     0.333  0.326  0.341      358
  2:     0.331  0.335  0.334      1039
  3:     0.323  0.346  0.331      603
--------------------------------------------

  Rep#:   Lambda   Alpha      F1    F2    F3     D1,2  D1,3  D2,3    Ln Like  Est Ln P(D)
346000:    1.00    7.719    0.180 0.000 0.133    0.058 0.112 0.050   -125263    0 
346100:    1.00    8.015    0.094 0.000 0.084    0.053 0.089 0.045   -125302    0 
346200:    1.00    7.972    0.116 0.000 0.133    0.042 0.085 0.052   -125331    0 
346300:    1.00    7.675    0.171 0.000 0.088    0.050 0.084 0.038   -125360    0 
346400:    1.00    7.589    0.166 0.000 0.089    0.046 0.067 0.035   -125374    0 
346500:    1.00    7.321    0.112 0.000 0.093    0.048 0.079 0.040   -125373    0 
346600:    1.00    7.154    0.117 0.000 0.081    0.044 0.075 0.040   -125397    0 
346700:    1.00    7.289    0.109 0.000 0.125    0.041 0.077 0.044   -125346    0 
346800:    1.00    7.429    0.111 0.000 0.140    0.048 0.124 0.065   -125282    0 
346900:    1.00    7.354    0.152 0.000 0.126    0.054 0.108 0.059   -125220    0 

--------------------------------------------
Proportion of membership of each pre-defined
 population in each of the 3 clusters

Given    Inferred Clusters       Number of
 Pop       1      2      3      Individuals

  1:     0.328  0.333  0.339      358
  2:     0.334  0.331  0.335      1039
  3:     0.334  0.333  0.333      603
--------------------------------------------

  Rep#:   Lambda   Alpha      F1    F2    F3     D1,2  D1,3  D2,3    Ln Like  Est Ln P(D)
347000:    1.00    7.626    0.130 0.000 0.116    0.054 0.114 0.060   -125317    0 
347100:    1.00    7.409    0.141 0.000 0.124    0.063 0.113 0.052   -125307    0 
347200:    1.00    7.539    0.171 0.000 0.119    0.063 0.126 0.054   -125258    0 
347300:    1.00    7.820    0.144 0.000 0.134    0.051 0.104 0.044   -125318    0 
347400:    1.00    8.187    0.162 0.000 0.101    0.056 0.107 0.039   -125328    0 
347500:    1.00    8.046    0.110 0.000 0.096    0.047 0.100 0.043   -125300    0 
347600:    1.00    7.831    0.112 0.000 0.107    0.046 0.093 0.042   -125329    0 
347700:    1.00    7.764    0.078 0.000 0.112    0.040 0.080 0.039   -125378    0 
347800:    1.00    7.986    0.140 0.000 0.091    0.043 0.106 0.043   -125341    0 
347900:    1.00    8.265    0.113 0.000 0.091    0.046 0.099 0.040   -125394    0 

--------------------------------------------
Proportion of membership of each pre-defined
 population in each of the 3 clusters

Given    Inferred Clusters       Number of
 Pop       1      2      3      Individuals

  1:     0.341  0.329  0.330      358
  2:     0.333  0.332  0.335      1039
  3:     0.335  0.331  0.334      603
--------------------------------------------

  Rep#:   Lambda   Alpha      F1    F2    F3     D1,2  D1,3  D2,3    Ln Like  Est Ln P(D)
348000:    1.00    8.685    0.111 0.000 0.113    0.042 0.104 0.050   -125345    0 
348100:    1.00    8.703    0.087 0.000 0.111    0.040 0.103 0.055   -125380    0 
348200:    1.00    8.739    0.073 0.000 0.113    0.031 0.083 0.050   -125455    0 
348300:    1.00    8.601    0.098 0.000 0.143    0.031 0.103 0.062   -125373    0 
348400:    1.00    8.794    0.078 0.000 0.117    0.028 0.100 0.061   -125461    0 
348500:    1.00    9.108    0.067 0.000 0.124    0.028 0.081 0.048   -125425    0 
348600:    1.00    8.662    0.070 0.000 0.110    0.029 0.111 0.059   -125438    0 
348700:    1.00    8.818    0.089 0.000 0.135    0.029 0.081 0.047   -125427    0 
348800:    1.00    9.029    0.070 0.000 0.108    0.031 0.093 0.051   -125445    0 
348900:    1.00    9.010    0.107 0.000 0.107    0.038 0.101 0.054   -125364    0 

--------------------------------------------
Proportion of membership of each pre-defined
 population in each of the 3 clusters

Given    Inferred Clusters       Number of
 Pop       1      2      3      Individuals

  1:     0.332  0.330  0.338      358
  2:     0.333  0.331  0.335      1039
  3:     0.330  0.336  0.334      603
--------------------------------------------

  Rep#:   Lambda   Alpha      F1    F2    F3     D1,2  D1,3  D2,3    Ln Like  Est Ln P(D)
349000:    1.00    8.605    0.095 0.000 0.137    0.033 0.109 0.059   -125377    0 
349100:    1.00    8.505    0.119 0.000 0.130    0.040 0.121 0.061   -125307    0 
349200:    1.00    8.418    0.105 0.000 0.129    0.029 0.090 0.056   -125434    0 
349300:    1.00    9.089    0.099 0.000 0.131    0.037 0.110 0.052   -125369    0 
349400:    1.00    8.871    0.090 0.000 0.127    0.034 0.112 0.061   -125379    0 
349500:    1.00    8.945    0.119 0.000 0.132    0.040 0.115 0.055   -125328    0 
349600:    1.00    8.724    0.102 0.000 0.128    0.034 0.099 0.049   -125399    0 
349700:    1.00    8.537    0.145 0.000 0.145    0.041 0.121 0.055   -125363    0 
349800:    1.00    8.544    0.112 0.000 0.112    0.037 0.101 0.049   -125408    0 
349900:    1.00    8.328    0.097 0.000 0.117    0.029 0.071 0.043   -125465    0 

--------------------------------------------
Proportion of membership of each pre-defined
 population in each of the 3 clusters

Given    Inferred Clusters       Number of
 Pop       1      2      3      Individuals

  1:     0.334  0.335  0.331      358
  2:     0.339  0.330  0.330      1039
  3:     0.329  0.336  0.335      603
--------------------------------------------

  Rep#:   Lambda   Alpha      F1    F2    F3     D1,2  D1,3  D2,3    Ln Like  Est Ln P(D)
350000:    1.00    8.466    0.098 0.000 0.115    0.026 0.076 0.041   -125440    0 
350100:    1.00    8.718    0.097 0.000 0.098    0.027 0.069 0.038   -125493    0 
350200:    1.00    8.695    0.090 0.000 0.099    0.030 0.067 0.035   -125452    0 
350300:    1.00    8.951    0.080 0.000 0.108    0.029 0.069 0.033   -125501    0 
350400:    1.00    9.345    0.087 0.000 0.092    0.029 0.070 0.040   -125548    0 
350500:    1.00    9.327    0.082 0.000 0.104    0.025 0.070 0.045   -125502    0 
350600:    1.00    9.745    0.069 0.000 0.114    0.029 0.090 0.050   -125495    0 
350700:    1.00    9.636    0.067 0.000 0.119    0.030 0.074 0.043   -125474    0 
350800:    1.00    9.838    0.059 0.000 0.145    0.023 0.053 0.040   -125529    0 
350900:    1.00    9.606    0.074 0.000 0.117    0.031 0.062 0.040   -125519    0 

--------------------------------------------
Proportion of membership of each pre-defined
 population in each of the 3 clusters

Given    Inferred Clusters       Number of
 Pop       1      2      3      Individuals

  1:     0.345  0.331  0.324      358
  2:     0.329  0.334  0.337      1039
  3:     0.334  0.329  0.337      603
--------------------------------------------

  Rep#:   Lambda   Alpha      F1    F2    F3     D1,2  D1,3  D2,3    Ln Like  Est Ln P(D)
351000:    1.00    9.769    0.070 0.000 0.124    0.031 0.070 0.040   -125491    0 
351100:    1.00    9.618    0.092 0.000 0.097    0.038 0.072 0.039   -125520    0 
351200:    1.00    9.540    0.098 0.000 0.084    0.039 0.081 0.039   -125447    0 
351300:    1.00    9.352    0.068 0.000 0.093    0.031 0.075 0.041   -125417    0 
351400:    1.00    9.779    0.100 0.000 0.102    0.029 0.070 0.041   -125468    0 
351500:    1.00    9.813    0.084 0.000 0.100    0.027 0.073 0.045   -125426    0 
351600:    1.00    9.985    0.095 0.000 0.127    0.034 0.097 0.055   -125455    0 
351700:    1.00    9.886    0.088 0.000 0.142    0.032 0.100 0.058   -125401    0 
351800:    1.00    9.749    0.100 0.000 0.107    0.036 0.091 0.054   -125402    0 
351900:    1.00    9.895    0.120 0.000 0.152    0.042 0.114 0.056   -125429    0 

--------------------------------------------
Proportion of membership of each pre-defined
 population in each of the 3 clusters

Given    Inferred Clusters       Number of
 Pop       1      2      3      Individuals

  1:     0.336  0.337  0.327      358
  2:     0.332  0.337  0.331      1039
  3:     0.338  0.331  0.331      603
--------------------------------------------

  Rep#:   Lambda   Alpha      F1    F2    F3     D1,2  D1,3  D2,3    Ln Like  Est Ln P(D)
352000:    1.00    9.944    0.085 0.000 0.132    0.033 0.109 0.067   -125428    0 
352100:    1.00    9.845    0.105 0.000 0.176    0.031 0.112 0.069   -125368    0 
352200:    1.00    9.662    0.084 0.000 0.132    0.032 0.114 0.061   -125393    0 
352300:    1.00    9.626    0.095 0.000 0.174    0.040 0.115 0.054   -125342    0 
352400:    1.00    9.477    0.084 0.000 0.138    0.033 0.098 0.048   -125420    0 
352500:    1.00    9.775    0.073 0.000 0.121    0.029 0.073 0.045   -125458    0 
352600:    1.00    9.983    0.070 0.000 0.118    0.024 0.076 0.048   -125459    0 
352700:    1.00    9.700    0.077 0.000 0.136    0.025 0.084 0.059   -125448    0 
352800:    1.00    9.739    0.068 0.000 0.182    0.027 0.092 0.059   -125408    0 
352900:    1.00    9.675    0.075 0.000 0.139    0.031 0.087 0.056   -125435    0 

--------------------------------------------
Proportion of membership of each pre-defined
 population in each of the 3 clusters

Given    Inferred Clusters       Number of
 Pop       1      2      3      Individuals

  1:     0.340  0.320  0.341      358
  2:     0.336  0.333  0.331      1039
  3:     0.334  0.334  0.332      603
--------------------------------------------

  Rep#:   Lambda   Alpha      F1    F2    F3     D1,2  D1,3  D2,3    Ln Like  Est Ln P(D)
353000:    1.00    9.508    0.079 0.000 0.153    0.033 0.101 0.068   -125416    0 
353100:    1.00    9.946    0.129 0.000 0.124    0.046 0.113 0.061   -125369    0 
353200:    1.00    9.748    0.101 0.000 0.150    0.041 0.125 0.065   -125379    0 
353300:    1.00    9.576    0.088 0.000 0.104    0.038 0.106 0.064   -125385    0 
353400:    1.00    9.778    0.073 0.000 0.149    0.033 0.108 0.066   -125357    0 
353500:    1.00    9.782    0.096 0.000 0.185    0.032 0.126 0.075   -125397    0 
353600:    1.00    9.628    0.095 0.000 0.168    0.036 0.135 0.073   -125350    0 
353700:    1.00    9.594    0.091 0.000 0.203    0.034 0.142 0.084   -125340    0 
353800:    1.00    9.831    0.095 0.000 0.159    0.036 0.129 0.077   -125285    0 
353900:    1.00    9.643    0.123 0.000 0.225    0.041 0.117 0.072   -125357    0 

--------------------------------------------
Proportion of membership of each pre-defined
 population in each of the 3 clusters

Given    Inferred Clusters       Number of
 Pop       1      2      3      Individuals

  1:     0.332  0.335  0.333      358
  2:     0.334  0.332  0.334      1039
  3:     0.334  0.334  0.332      603
--------------------------------------------

  Rep#:   Lambda   Alpha      F1    F2    F3     D1,2  D1,3  D2,3    Ln Like  Est Ln P(D)
354000:    1.00    9.700    0.086 0.000 0.152    0.036 0.113 0.064   -125388    0 
354100:    1.00    9.659    0.110 0.000 0.174    0.038 0.120 0.074   -125385    0 
354200:    1.00    9.634    0.111 0.000 0.151    0.043 0.110 0.063   -125334    0 
354300:    1.00    9.670    0.125 0.000 0.162    0.050 0.124 0.061   -125333    0 
354400:    1.00    9.864    0.146 0.000 0.140    0.050 0.097 0.054   -125318    0 
354500:    1.00    9.417    0.124 0.000 0.106    0.052 0.098 0.055   -125362    0 
354600:    1.00    9.237    0.169 0.000 0.089    0.068 0.125 0.050   -125328    0 
354700:    1.00    9.028    0.107 0.000 0.130    0.057 0.117 0.055   -125378    0 
354800:    1.00    8.833    0.147 0.000 0.122    0.055 0.114 0.055   -125322    0 
354900:    1.00    8.596    0.110 0.000 0.143    0.048 0.114 0.058   -125307    0 

--------------------------------------------
Proportion of membership of each pre-defined
 population in each of the 3 clusters

Given    Inferred Clusters       Number of
 Pop       1      2      3      Individuals

  1:     0.339  0.323  0.338      358
  2:     0.334  0.335  0.331      1039
  3:     0.332  0.336  0.332      603
--------------------------------------------

  Rep#:   Lambda   Alpha      F1    F2    F3     D1,2  D1,3  D2,3    Ln Like  Est Ln P(D)
355000:    1.00    8.766    0.126 0.000 0.122    0.052 0.101 0.042   -125348    0 
355100:    1.00    8.994    0.128 0.000 0.140    0.051 0.108 0.054   -125290    0 
355200:    1.00    9.120    0.143 0.000 0.166    0.044 0.094 0.058   -125333    0 
355300:    1.00    9.182    0.147 0.000 0.154    0.060 0.096 0.055   -125303    0 
355400:    1.00    9.534    0.125 0.000 0.154    0.051 0.094 0.057   -125322    0 
355500:    1.00    9.943    0.157 0.000 0.142    0.053 0.107 0.062   -125398    0 
355600:    1.00    9.897    0.130 0.000 0.155    0.054 0.113 0.065   -125289    0 
355700:    1.00    9.933    0.122 0.000 0.171    0.059 0.117 0.065   -125306    0 
355800:    1.00    9.940    0.164 0.000 0.127    0.049 0.107 0.059   -125351    0 
355900:    1.00    9.850    0.129 0.000 0.121    0.049 0.102 0.052   -125364    0 

--------------------------------------------
Proportion of membership of each pre-defined
 population in each of the 3 clusters

Given    Inferred Clusters       Number of
 Pop       1      2      3      Individuals

  1:     0.334  0.337  0.329      358
  2:     0.333  0.332  0.334      1039
  3:     0.326  0.338  0.335      603
--------------------------------------------

  Rep#:   Lambda   Alpha      F1    F2    F3     D1,2  D1,3  D2,3    Ln Like  Est Ln P(D)
356000:    1.00    9.977    0.091 0.000 0.129    0.048 0.104 0.050   -125319    0 
356100:    1.00    9.860    0.121 0.000 0.182    0.038 0.100 0.062   -125380    0 
356200:    1.00    9.977    0.121 0.000 0.131    0.049 0.120 0.060   -125346    0 
356300:    1.00    9.683    0.132 0.000 0.158    0.057 0.123 0.049   -125403    0 
356400:    1.00    9.647    0.109 0.000 0.168    0.042 0.119 0.064   -125332    0 
356500:    1.00    9.354    0.123 0.000 0.181    0.045 0.109 0.057   -125340    0 
356600:    1.00    9.336    0.140 0.000 0.204    0.052 0.128 0.059   -125350    0 
356700:    1.00    9.218    0.142 0.000 0.168    0.054 0.112 0.051   -125319    0 
356800:    1.00    9.256    0.131 0.000 0.159    0.054 0.122 0.053   -125319    0 
356900:    1.00    9.652    0.119 0.000 0.143    0.046 0.100 0.046   -125384    0 

--------------------------------------------
Proportion of membership of each pre-defined
 population in each of the 3 clusters

Given    Inferred Clusters       Number of
 Pop       1      2      3      Individuals

  1:     0.329  0.336  0.334      358
  2:     0.326  0.337  0.337      1039
  3:     0.333  0.338  0.329      603
--------------------------------------------

  Rep#:   Lambda   Alpha      F1    F2    F3     D1,2  D1,3  D2,3    Ln Like  Est Ln P(D)
357000:    1.00    9.232    0.123 0.000 0.116    0.049 0.094 0.039   -125358    0 
357100:    1.00    9.246    0.148 0.000 0.101    0.050 0.106 0.035   -125410    0 
357200:    1.00    9.793    0.097 0.000 0.100    0.047 0.103 0.036   -125385    0 
357300:    1.00    9.894    0.095 0.000 0.103    0.035 0.080 0.035   -125475    0 
357400:    1.00    9.872    0.082 0.000 0.082    0.033 0.060 0.029   -125529    0 
357500:    1.00    9.575    0.080 0.000 0.093    0.027 0.073 0.037   -125453    0 
357600:    1.00    9.951    0.071 0.000 0.083    0.026 0.060 0.029   -125569    0 
357700:    1.00    9.939    0.078 0.000 0.071    0.028 0.056 0.028   -125518    0 
357800:    1.00    9.633    0.094 0.000 0.070    0.035 0.075 0.031   -125479    0 
357900:    1.00    9.286    0.114 0.000 0.070    0.029 0.066 0.029   -125519    0 

--------------------------------------------
Proportion of membership of each pre-defined
 population in each of the 3 clusters

Given    Inferred Clusters       Number of
 Pop       1      2      3      Individuals

  1:     0.338  0.331  0.331      358
  2:     0.332  0.332  0.337      1039
  3:     0.330  0.335  0.335      603
--------------------------------------------

  Rep#:   Lambda   Alpha      F1    F2    F3     D1,2  D1,3  D2,3    Ln Like  Est Ln P(D)
358000:    1.00    9.410    0.098 0.000 0.081    0.026 0.071 0.034   -125447    0 
358100:    1.00    9.224    0.079 0.000 0.099    0.030 0.078 0.038   -125468    0 
358200:    1.00    9.113    0.076 0.000 0.109    0.030 0.078 0.040   -125453    0 
358300:    1.00    9.345    0.094 0.000 0.094    0.030 0.064 0.033   -125484    0 
358400:    1.00    9.389    0.082 0.000 0.084    0.034 0.076 0.036   -125440    0 
358500:    1.00    9.332    0.095 0.000 0.133    0.038 0.092 0.043   -125414    0 
358600:    1.00    9.643    0.116 0.000 0.095    0.047 0.109 0.041   -125409    0 
358700:    1.00    9.719    0.133 0.000 0.109    0.055 0.117 0.040   -125384    0 
358800:    1.00    9.677    0.115 0.000 0.127    0.060 0.113 0.039   -125395    0 
358900:    1.00    9.365    0.161 0.000 0.093    0.058 0.101 0.042   -125368    0 

--------------------------------------------
Proportion of membership of each pre-defined
 population in each of the 3 clusters

Given    Inferred Clusters       Number of
 Pop       1      2      3      Individuals

  1:     0.335  0.334  0.331      358
  2:     0.333  0.335  0.332      1039
  3:     0.330  0.331  0.338      603
--------------------------------------------

  Rep#:   Lambda   Alpha      F1    F2    F3     D1,2  D1,3  D2,3    Ln Like  Est Ln P(D)
359000:    1.00    9.583    0.167 0.000 0.099    0.068 0.113 0.043   -125427    0 
359100:    1.00    9.363    0.171 0.000 0.094    0.068 0.109 0.032   -125435    0 
359200:    1.00    9.326    0.169 0.000 0.102    0.068 0.099 0.027   -125358    0 
359300:    1.00    9.369    0.188 0.000 0.110    0.070 0.110 0.033   -125370    0 
359400:    1.00    9.371    0.206 0.000 0.078    0.072 0.112 0.030   -125368    0 
359500:    1.00    9.524    0.174 0.000 0.100    0.072 0.112 0.032   -125365    0 
359600:    1.00    9.108    0.207 0.000 0.112    0.073 0.106 0.027   -125374    0 
359700:    1.00    9.159    0.206 0.000 0.074    0.066 0.104 0.032   -125389    0 
359800:    1.00    9.807    0.178 0.000 0.097    0.070 0.118 0.033   -125373    0 
359900:    1.00    9.817    0.153 0.000 0.115    0.059 0.087 0.033   -125385    0 

--------------------------------------------
Proportion of membership of each pre-defined
 population in each of the 3 clusters

Given    Inferred Clusters       Number of
 Pop       1      2      3      Individuals

  1:     0.332  0.335  0.333      358
  2:     0.335  0.333  0.332      1039
  3:     0.330  0.339  0.331      603
--------------------------------------------

  Rep#:   Lambda   Alpha      F1    F2    F3     D1,2  D1,3  D2,3    Ln Like  Est Ln P(D)
360000:    1.00    9.963    0.142 0.000 0.126    0.060 0.105 0.040   -125365    0 
360100:    1.00    9.840    0.155 0.000 0.134    0.065 0.101 0.040   -125296    0 
360200:    1.00    9.831    0.147 0.000 0.148    0.053 0.102 0.051   -125347    0 
360300:    1.00    9.895    0.131 0.000 0.221    0.055 0.116 0.056   -125354    0 
360400:    1.00    9.427    0.122 0.000 0.137    0.057 0.110 0.051   -125330    0 
360500:    1.00    9.588    0.133 0.000 0.176    0.055 0.121 0.063   -125261    0 
360600:    1.00    9.162    0.121 0.000 0.148    0.049 0.094 0.047   -125353    0 
360700:    1.00    9.101    0.097 0.000 0.172    0.049 0.094 0.056   -125370    0 
360800:    1.00    8.806    0.119 0.000 0.124    0.048 0.097 0.060   -125316    0 
360900:    1.00    8.509    0.122 0.000 0.165    0.053 0.102 0.059   -125345    0 

--------------------------------------------
Proportion of membership of each pre-defined
 population in each of the 3 clusters

Given    Inferred Clusters       Number of
 Pop       1      2      3      Individuals

  1:     0.337  0.330  0.333      358
  2:     0.332  0.330  0.338      1039
  3:     0.329  0.342  0.329      603
--------------------------------------------

  Rep#:   Lambda   Alpha      F1    F2    F3     D1,2  D1,3  D2,3    Ln Like  Est Ln P(D)
361000:    1.00    8.538    0.125 0.000 0.150    0.057 0.113 0.054   -125364    0 
361100:    1.00    8.660    0.145 0.000 0.141    0.060 0.120 0.050   -125313    0 
361200:    1.00    8.663    0.120 0.000 0.108    0.059 0.132 0.051   -125314    0 
361300:    1.00    8.627    0.127 0.000 0.168    0.051 0.130 0.062   -125248    0 
361400:    1.00    8.439    0.178 0.000 0.148    0.065 0.140 0.052   -125284    0 
361500:    1.00    8.658    0.168 0.000 0.115    0.051 0.116 0.050   -125276    0 
361600:    1.00    8.886    0.173 0.000 0.151    0.052 0.114 0.057   -125273    0 
361700:    1.00    8.850    0.125 0.000 0.124    0.056 0.106 0.051   -125335    0 
361800:    1.00    8.599    0.113 0.000 0.130    0.051 0.089 0.044   -125359    0 
361900:    1.00    8.798    0.108 0.000 0.140    0.051 0.100 0.047   -125368    0 

--------------------------------------------
Proportion of membership of each pre-defined
 population in each of the 3 clusters

Given    Inferred Clusters       Number of
 Pop       1      2      3      Individuals

  1:     0.332  0.324  0.343      358
  2:     0.333  0.336  0.331      1039
  3:     0.326  0.337  0.337      603
--------------------------------------------

  Rep#:   Lambda   Alpha      F1    F2    F3     D1,2  D1,3  D2,3    Ln Like  Est Ln P(D)
362000:    1.00    8.959    0.105 0.000 0.132    0.047 0.106 0.048   -125405    0 
362100:    1.00    9.331    0.107 0.000 0.147    0.040 0.079 0.044   -125411    0 
362200:    1.00    9.052    0.113 0.000 0.114    0.052 0.093 0.042   -125371    0 
362300:    1.00    9.584    0.118 0.000 0.111    0.048 0.091 0.044   -125391    0 
362400:    1.00    9.419    0.159 0.000 0.137    0.056 0.118 0.049   -125315    0 
362500:    1.00    9.780    0.181 0.000 0.110    0.065 0.143 0.053   -125304    0 
362600:    1.00    9.793    0.146 0.000 0.148    0.069 0.136 0.048   -125292    0 
362700:    1.00    9.386    0.154 0.000 0.120    0.060 0.120 0.049   -125297    0 
362800:    1.00    9.582    0.147 0.000 0.114    0.053 0.114 0.046   -125330    0 
362900:    1.00    9.373    0.151 0.000 0.109    0.059 0.133 0.053   -125324    0 

--------------------------------------------
Proportion of membership of each pre-defined
 population in each of the 3 clusters

Given    Inferred Clusters       Number of
 Pop       1      2      3      Individuals

  1:     0.335  0.341  0.324      358
  2:     0.336  0.332  0.332      1039
  3:     0.328  0.334  0.337      603
--------------------------------------------

  Rep#:   Lambda   Alpha      F1    F2    F3     D1,2  D1,3  D2,3    Ln Like  Est Ln P(D)
363000:    1.00    9.480    0.127 0.000 0.141    0.048 0.104 0.047   -125352    0 
363100:    1.00    9.247    0.132 0.000 0.128    0.061 0.131 0.053   -125335    0 
363200:    1.00    9.287    0.121 0.000 0.121    0.045 0.099 0.049   -125317    0 
363300:    1.00    9.415    0.132 0.000 0.119    0.051 0.103 0.048   -125357    0 
363400:    1.00    9.250    0.126 0.000 0.091    0.057 0.111 0.050   -125295    0 
363500:    1.00    9.243    0.112 0.000 0.147    0.049 0.094 0.049   -125337    0 
363600:    1.00    9.535    0.117 0.000 0.140    0.049 0.102 0.053   -125336    0 
363700:    1.00    9.783    0.123 0.000 0.139    0.049 0.104 0.054   -125364    0 
363800:    1.00    9.723    0.091 0.000 0.186    0.047 0.113 0.058   -125327    0 
363900:    1.00    9.681    0.123 0.000 0.124    0.039 0.087 0.050   -125420    0 

--------------------------------------------
Proportion of membership of each pre-defined
 population in each of the 3 clusters

Given    Inferred Clusters       Number of
 Pop       1      2      3      Individuals

  1:     0.338  0.332  0.330      358
  2:     0.330  0.330  0.340      1039
  3:     0.336  0.332  0.332      603
--------------------------------------------

  Rep#:   Lambda   Alpha      F1    F2    F3     D1,2  D1,3  D2,3    Ln Like  Est Ln P(D)
364000:    1.00    9.911    0.113 0.000 0.125    0.042 0.093 0.045   -125402    0 
364100:    1.00    9.930    0.127 0.000 0.126    0.046 0.103 0.049   -125366    0 
364200:    1.00    9.734    0.106 0.000 0.148    0.042 0.107 0.051   -125398    0 
364300:    1.00    9.920    0.140 0.000 0.124    0.043 0.098 0.043   -125420    0 
364400:    1.00    9.831    0.109 0.000 0.162    0.044 0.110 0.050   -125352    0 
364500:    1.00    9.692    0.127 0.000 0.111    0.044 0.092 0.042   -125383    0 
364600:    1.00    9.073    0.125 0.000 0.102    0.052 0.103 0.040   -125426    0 
364700:    1.00    9.113    0.116 0.000 0.085    0.055 0.092 0.031   -125411    0 
364800:    1.00    9.062    0.113 0.000 0.093    0.047 0.083 0.035   -125416    0 
364900:    1.00    8.323    0.126 0.000 0.078    0.044 0.069 0.032   -125386    0 

--------------------------------------------
Proportion of membership of each pre-defined
 population in each of the 3 clusters

Given    Inferred Clusters       Number of
 Pop       1      2      3      Individuals

  1:     0.338  0.333  0.329      358
  2:     0.333  0.330  0.338      1039
  3:     0.327  0.342  0.331      603
--------------------------------------------

  Rep#:   Lambda   Alpha      F1    F2    F3     D1,2  D1,3  D2,3    Ln Like  Est Ln P(D)
365000:    1.00    8.155    0.119 0.000 0.120    0.043 0.083 0.038   -125432    0 
365100:    1.00    8.333    0.122 0.000 0.134    0.045 0.096 0.046   -125353    0 
365200:    1.00    8.414    0.107 0.000 0.119    0.044 0.100 0.050   -125359    0 
365300:    1.00    8.177    0.094 0.000 0.125    0.042 0.088 0.044   -125386    0 
365400:    1.00    8.411    0.114 0.000 0.126    0.047 0.109 0.050   -125355    0 
365500:    1.00    8.762    0.096 0.000 0.106    0.038 0.090 0.047   -125366    0 
365600:    1.00    8.692    0.110 0.000 0.099    0.043 0.088 0.036   -125434    0 
365700:    1.00    8.456    0.104 0.000 0.114    0.039 0.066 0.035   -125414    0 
365800:    1.00    8.944    0.089 0.000 0.090    0.040 0.058 0.037   -125435    0 
365900:    1.00    8.833    0.112 0.000 0.113    0.043 0.086 0.045   -125411    0 

--------------------------------------------
Proportion of membership of each pre-defined
 population in each of the 3 clusters

Given    Inferred Clusters       Number of
 Pop       1      2      3      Individuals

  1:     0.341  0.327  0.331      358
  2:     0.335  0.332  0.333      1039
  3:     0.330  0.331  0.338      603
--------------------------------------------

  Rep#:   Lambda   Alpha      F1    F2    F3     D1,2  D1,3  D2,3    Ln Like  Est Ln P(D)
366000:    1.00    8.843    0.094 0.000 0.101    0.034 0.068 0.039   -125486    0 
366100:    1.00    8.695    0.100 0.000 0.109    0.044 0.093 0.043   -125386    0 
366200:    1.00    8.529    0.120 0.000 0.155    0.032 0.093 0.055   -125336    0 
366300:    1.00    8.644    0.096 0.000 0.136    0.037 0.100 0.057   -125394    0 
366400:    1.00    8.665    0.098 0.000 0.147    0.031 0.101 0.066   -125347    0 
366500:    1.00    8.676    0.122 0.000 0.170    0.036 0.120 0.061   -125294    0 
366600:    1.00    8.580    0.103 0.000 0.152    0.034 0.129 0.065   -125350    0 
366700:    1.00    8.799    0.109 0.000 0.162    0.030 0.114 0.062   -125327    0 
366800:    1.00    8.999    0.123 0.000 0.159    0.040 0.138 0.063   -125348    0 
366900:    1.00    8.881    0.100 0.000 0.174    0.034 0.118 0.061   -125348    0 

--------------------------------------------
Proportion of membership of each pre-defined
 population in each of the 3 clusters

Given    Inferred Clusters       Number of
 Pop       1      2      3      Individuals

  1:     0.338  0.328  0.334      358
  2:     0.331  0.333  0.336      1039
  3:     0.332  0.331  0.336      603
--------------------------------------------

  Rep#:   Lambda   Alpha      F1    F2    F3     D1,2  D1,3  D2,3    Ln Like  Est Ln P(D)
367000:    1.00    8.756    0.090 0.000 0.205    0.033 0.122 0.066   -125333    0 
367100:    1.00    8.681    0.080 0.000 0.122    0.031 0.096 0.051   -125338    0 
367200:    1.00    8.548    0.087 0.000 0.117    0.036 0.108 0.056   -125349    0 
367300:    1.00    8.420    0.104 0.000 0.152    0.038 0.104 0.056   -125349    0 
367400:    1.00    8.658    0.099 0.000 0.145    0.033 0.094 0.055   -125374    0 
367500:    1.00    8.460    0.080 0.000 0.138    0.031 0.098 0.057   -125379    0 
367600:    1.00    8.512    0.077 0.000 0.154    0.030 0.104 0.057   -125328    0 
367700:    1.00    8.241    0.074 0.000 0.171    0.030 0.109 0.059   -125349    0 
367800:    1.00    8.015    0.074 0.000 0.114    0.026 0.084 0.051   -125369    0 
367900:    1.00    8.471    0.081 0.000 0.127    0.031 0.089 0.053   -125310    0 

--------------------------------------------
Proportion of membership of each pre-defined
 population in each of the 3 clusters

Given    Inferred Clusters       Number of
 Pop       1      2      3      Individuals

  1:     0.330  0.342  0.328      358
  2:     0.333  0.331  0.337      1039
  3:     0.335  0.330  0.335      603
--------------------------------------------

  Rep#:   Lambda   Alpha      F1    F2    F3     D1,2  D1,3  D2,3    Ln Like  Est Ln P(D)
368000:    1.00    8.767    0.075 0.000 0.158    0.030 0.090 0.054   -125391    0 
368100:    1.00    8.955    0.072 0.000 0.123    0.030 0.068 0.044   -125402    0 
368200:    1.00    8.730    0.087 0.000 0.116    0.034 0.090 0.051   -125336    0 
368300:    1.00    8.884    0.102 0.000 0.115    0.034 0.090 0.051   -125391    0 
368400:    1.00    8.697    0.082 0.000 0.132    0.033 0.098 0.051   -125328    0 
368500:    1.00    8.581    0.077 0.000 0.102    0.024 0.082 0.050   -125347    0 
368600:    1.00    8.924    0.093 0.000 0.113    0.026 0.080 0.042   -125370    0 
368700:    1.00    8.970    0.106 0.000 0.125    0.034 0.114 0.053   -125334    0 
368800:    1.00    8.910    0.111 0.000 0.118    0.036 0.114 0.048   -125344    0 
368900:    1.00    9.014    0.143 0.000 0.109    0.035 0.091 0.041   -125389    0 

--------------------------------------------
Proportion of membership of each pre-defined
 population in each of the 3 clusters

Given    Inferred Clusters       Number of
 Pop       1      2      3      Individuals

  1:     0.341  0.329  0.331      358
  2:     0.334  0.331  0.334      1039
  3:     0.335  0.332  0.333      603
--------------------------------------------

  Rep#:   Lambda   Alpha      F1    F2    F3     D1,2  D1,3  D2,3    Ln Like  Est Ln P(D)
369000:    1.00    8.980    0.112 0.000 0.090    0.044 0.121 0.048   -125315    0 
369100:    1.00    8.995    0.166 0.000 0.114    0.050 0.135 0.055   -125352    0 
369200:    1.00    9.096    0.105 0.000 0.107    0.046 0.102 0.040   -125382    0 
369300:    1.00    9.034    0.127 0.000 0.094    0.049 0.114 0.044   -125380    0 
369400:    1.00    8.968    0.113 0.000 0.114    0.044 0.104 0.046   -125395    0 
369500:    1.00    9.063    0.119 0.000 0.114    0.045 0.102 0.041   -125336    0 
369600:    1.00    9.253    0.100 0.000 0.132    0.044 0.089 0.037   -125402    0 
369700:    1.00    9.296    0.107 0.000 0.102    0.051 0.114 0.043   -125353    0 
369800:    1.00    9.198    0.098 0.000 0.105    0.047 0.094 0.030   -125410    0 
369900:    1.00    9.292    0.111 0.000 0.100    0.048 0.095 0.032   -125380    0 

--------------------------------------------
Proportion of membership of each pre-defined
 population in each of the 3 clusters

Given    Inferred Clusters       Number of
 Pop       1      2      3      Individuals

  1:     0.334  0.335  0.332      358
  2:     0.334  0.334  0.331      1039
  3:     0.335  0.331  0.334      603
--------------------------------------------

  Rep#:   Lambda   Alpha      F1    F2    F3     D1,2  D1,3  D2,3    Ln Like  Est Ln P(D)
370000:    1.00    9.411    0.130 0.000 0.098    0.049 0.099 0.035   -125401    0 
370100:    1.00    9.277    0.117 0.000 0.114    0.052 0.111 0.037   -125412    0 
370200:    1.00    9.200    0.121 0.000 0.102    0.044 0.086 0.031   -125411    0 
370300:    1.00    9.265    0.117 0.000 0.094    0.043 0.080 0.030   -125460    0 
370400:    1.00    9.433    0.130 0.000 0.069    0.057 0.095 0.028   -125399    0 
370500:    1.00    9.670    0.141 0.000 0.087    0.056 0.083 0.024   -125403    0 
370600:    1.00    9.786    0.114 0.000 0.070    0.056 0.086 0.023   -125411    0 
370700:    1.00    9.322    0.095 0.000 0.063    0.044 0.067 0.023   -125483    0 
370800:    1.00    9.368    0.098 0.000 0.112    0.043 0.076 0.033   -125425    0 
370900:    1.00    9.668    0.121 0.000 0.106    0.064 0.104 0.032   -125372    0 

--------------------------------------------
Proportion of membership of each pre-defined
 population in each of the 3 clusters

Given    Inferred Clusters       Number of
 Pop       1      2      3      Individuals

  1:     0.335  0.332  0.333      358
  2:     0.336  0.332  0.331      1039
  3:     0.337  0.331  0.332      603
--------------------------------------------

  Rep#:   Lambda   Alpha      F1    F2    F3     D1,2  D1,3  D2,3    Ln Like  Est Ln P(D)
371000:    1.00    9.783    0.109 0.000 0.082    0.048 0.091 0.039   -125476    0 
371100:    1.00    9.726    0.160 0.000 0.100    0.047 0.096 0.042   -125398    0 
371200:    1.00    9.921    0.131 0.000 0.132    0.044 0.085 0.039   -125444    0 
371300:    1.00    9.994    0.144 0.000 0.108    0.046 0.085 0.037   -125416    0 
371400:    1.00    9.861    0.120 0.000 0.119    0.043 0.088 0.046   -125435    0 
371500:    1.00    9.993    0.169 0.000 0.119    0.051 0.102 0.042   -125363    0 
371600:    1.00    9.856    0.098 0.000 0.096    0.048 0.088 0.039   -125422    0 
371700:    1.00    9.862    0.096 0.000 0.125    0.042 0.075 0.039   -125449    0 
371800:    1.00    9.891    0.143 0.000 0.088    0.045 0.078 0.039   -125498    0 
371900:    1.00    9.669    0.131 0.000 0.081    0.055 0.077 0.028   -125396    0 

--------------------------------------------
Proportion of membership of each pre-defined
 population in each of the 3 clusters

Given    Inferred Clusters       Number of
 Pop       1      2      3      Individuals

  1:     0.336  0.335  0.328      358
  2:     0.337  0.335  0.328      1039
  3:     0.331  0.333  0.335      603
--------------------------------------------

  Rep#:   Lambda   Alpha      F1    F2    F3     D1,2  D1,3  D2,3    Ln Like  Est Ln P(D)
372000:    1.00    9.668    0.162 0.000 0.091    0.055 0.085 0.031   -125434    0 
372100:    1.00    9.604    0.167 0.000 0.096    0.055 0.087 0.029   -125427    0 
372200:    1.00    9.624    0.136 0.000 0.104    0.054 0.092 0.031   -125423    0 
372300:    1.00    9.420    0.170 0.000 0.083    0.064 0.103 0.032   -125409    0 
372400:    1.00    9.520    0.178 0.000 0.070    0.064 0.095 0.025   -125418    0 
372500:    1.00    9.451    0.185 0.000 0.070    0.062 0.092 0.029   -125445    0 
372600:    1.00    9.641    0.129 0.000 0.079    0.055 0.077 0.024   -125421    0 
372700:    1.00    9.747    0.159 0.000 0.070    0.059 0.090 0.026   -125432    0 
372800:    1.00    9.743    0.172 0.000 0.064    0.073 0.112 0.028   -125343    0 
372900:    1.00    9.795    0.138 0.000 0.079    0.071 0.105 0.027   -125392    0 

--------------------------------------------
Proportion of membership of each pre-defined
 population in each of the 3 clusters

Given    Inferred Clusters       Number of
 Pop       1      2      3      Individuals

  1:     0.332  0.332  0.336      358
  2:     0.327  0.335  0.337      1039
  3:     0.327  0.336  0.337      603
--------------------------------------------

  Rep#:   Lambda   Alpha      F1    F2    F3     D1,2  D1,3  D2,3    Ln Like  Est Ln P(D)
373000:    1.00    9.493    0.167 0.000 0.076    0.069 0.107 0.031   -125376    0 
373100:    1.00    9.671    0.150 0.000 0.068    0.068 0.096 0.027   -125459    0 
373200:    1.00    9.584    0.105 0.000 0.047    0.052 0.073 0.024   -125464    0 
373300:    1.00    9.755    0.115 0.000 0.062    0.057 0.085 0.026   -125474    0 
373400:    1.00    9.538    0.115 0.000 0.068    0.056 0.087 0.025   -125475    0 
373500:    1.00    9.727    0.121 0.000 0.059    0.058 0.090 0.024   -125461    0 
373600:    1.00    9.797    0.127 0.000 0.058    0.059 0.091 0.023   -125474    0 
373700:    1.00    9.857    0.119 0.000 0.065    0.047 0.084 0.029   -125496    0 
373800:    1.00    9.837    0.124 0.000 0.061    0.043 0.067 0.023   -125472    0 
373900:    1.00    9.491    0.109 0.000 0.062    0.044 0.078 0.025   -125470    0 

--------------------------------------------
Proportion of membership of each pre-defined
 population in each of the 3 clusters

Given    Inferred Clusters       Number of
 Pop       1      2      3      Individuals

  1:     0.332  0.336  0.333      358
  2:     0.332  0.330  0.337      1039
  3:     0.335  0.332  0.333      603
--------------------------------------------

  Rep#:   Lambda   Alpha      F1    F2    F3     D1,2  D1,3  D2,3    Ln Like  Est Ln P(D)
374000:    1.00    9.388    0.078 0.000 0.087    0.040 0.073 0.027   -125486    0 
374100:    1.00    9.421    0.105 0.000 0.080    0.041 0.065 0.026   -125448    0 
374200:    1.00    9.806    0.107 0.000 0.074    0.046 0.089 0.033   -125433    0 
374300:    1.00    9.499    0.107 0.000 0.065    0.034 0.067 0.033   -125498    0 
374400:    1.00    9.348    0.064 0.000 0.081    0.029 0.064 0.031   -125488    0 
374500:    1.00    9.430    0.083 0.000 0.075    0.024 0.060 0.034   -125478    0 
374600:    1.00    9.607    0.083 0.000 0.104    0.035 0.080 0.035   -125488    0 
374700:    1.00    9.495    0.103 0.000 0.106    0.036 0.092 0.042   -125415    0 
374800:    1.00    9.471    0.104 0.000 0.126    0.038 0.109 0.051   -125435    0 
374900:    1.00    9.398    0.070 0.000 0.122    0.028 0.072 0.039   -125454    0 

--------------------------------------------
Proportion of membership of each pre-defined
 population in each of the 3 clusters

Given    Inferred Clusters       Number of
 Pop       1      2      3      Individuals

  1:     0.334  0.329  0.336      358
  2:     0.331  0.332  0.337      1039
  3:     0.332  0.334  0.334      603
--------------------------------------------

  Rep#:   Lambda   Alpha      F1    F2    F3     D1,2  D1,3  D2,3    Ln Like  Est Ln P(D)
375000:    1.00    9.093    0.073 0.000 0.100    0.028 0.071 0.043   -125468    0 
375100:    1.00    9.109    0.068 0.000 0.078    0.028 0.074 0.041   -125532    0 
375200:    1.00    9.213    0.075 0.000 0.076    0.034 0.068 0.032   -125498    0 
375300:    1.00    9.209    0.103 0.000 0.078    0.037 0.075 0.031   -125491    0 
375400:    1.00    9.522    0.117 0.000 0.079    0.032 0.071 0.034   -125432    0 
375500:    1.00    9.545    0.100 0.000 0.099    0.035 0.085 0.039   -125469    0 
375600:    1.00    9.155    0.099 0.000 0.090    0.031 0.070 0.034   -125466    0 
375700:    1.00    9.381    0.082 0.000 0.104    0.034 0.081 0.039   -125458    0 
375800:    1.00    9.035    0.094 0.000 0.092    0.033 0.070 0.029   -125462    0 
375900:    1.00    8.803    0.124 0.000 0.087    0.039 0.090 0.032   -125432    0 

--------------------------------------------
Proportion of membership of each pre-defined
 population in each of the 3 clusters

Given    Inferred Clusters       Number of
 Pop       1      2      3      Individuals

  1:     0.320  0.338  0.342      358
  2:     0.334  0.330  0.336      1039
  3:     0.332  0.334  0.334      603
--------------------------------------------

  Rep#:   Lambda   Alpha      F1    F2    F3     D1,2  D1,3  D2,3    Ln Like  Est Ln P(D)
376000:    1.00    9.015    0.105 0.000 0.098    0.035 0.081 0.032   -125381    0 
376100:    1.00    8.929    0.175 0.000 0.090    0.043 0.089 0.032   -125388    0 
376200:    1.00    9.450    0.107 0.000 0.088    0.037 0.082 0.035   -125432    0 
376300:    1.00    9.429    0.156 0.000 0.089    0.044 0.099 0.035   -125365    0 
376400:    1.00    9.628    0.130 0.000 0.145    0.044 0.102 0.037   -125396    0 
376500:    1.00    9.605    0.125 0.000 0.104    0.046 0.101 0.037   -125383    0 
376600:    1.00    9.388    0.129 0.000 0.154    0.041 0.105 0.047   -125310    0 
376700:    1.00    9.412    0.105 0.000 0.115    0.036 0.095 0.043   -125426    0 
376800:    1.00    9.605    0.155 0.000 0.127    0.039 0.090 0.043   -125414    0 
376900:    1.00    9.914    0.134 0.000 0.108    0.051 0.113 0.044   -125362    0 

--------------------------------------------
Proportion of membership of each pre-defined
 population in each of the 3 clusters

Given    Inferred Clusters       Number of
 Pop       1      2      3      Individuals

  1:     0.343  0.330  0.326      358
  2:     0.332  0.338  0.330      1039
  3:     0.334  0.332  0.334      603
--------------------------------------------

  Rep#:   Lambda   Alpha      F1    F2    F3     D1,2  D1,3  D2,3    Ln Like  Est Ln P(D)
377000:    1.00    9.874    0.127 0.000 0.109    0.049 0.121 0.054   -125381    0 
377100:    1.00    9.909    0.113 0.000 0.133    0.044 0.101 0.047   -125448    0 
377200:    1.00    9.699    0.106 0.000 0.147    0.041 0.106 0.048   -125434    0 
377300:    1.00    9.673    0.077 0.000 0.133    0.034 0.086 0.042   -125418    0 
377400:    1.00    9.575    0.083 0.000 0.144    0.036 0.102 0.049   -125430    0 
377500:    1.00    9.700    0.074 0.000 0.128    0.038 0.084 0.039   -125444    0 
377600:    1.00    9.699    0.088 0.000 0.138    0.042 0.102 0.047   -125380    0 
377700:    1.00    9.654    0.095 0.000 0.137    0.041 0.096 0.046   -125433    0 
377800:    1.00    9.280    0.075 0.000 0.112    0.032 0.075 0.042   -125436    0 
377900:    1.00    9.389    0.098 0.000 0.120    0.032 0.081 0.044   -125464    0 

--------------------------------------------
Proportion of membership of each pre-defined
 population in each of the 3 clusters

Given    Inferred Clusters       Number of
 Pop       1      2      3      Individuals

  1:     0.332  0.329  0.340      358
  2:     0.336  0.329  0.335      1039
  3:     0.325  0.339  0.336      603
--------------------------------------------

  Rep#:   Lambda   Alpha      F1    F2    F3     D1,2  D1,3  D2,3    Ln Like  Est Ln P(D)
378000:    1.00    9.793    0.107 0.000 0.105    0.037 0.095 0.049   -125419    0 
378100:    1.00    9.985    0.081 0.000 0.146    0.038 0.109 0.050   -125416    0 
378200:    1.00    9.570    0.118 0.000 0.091    0.045 0.090 0.034   -125431    0 
378300:    1.00    9.355    0.089 0.000 0.062    0.033 0.068 0.027   -125453    0 
378400:    1.00    9.174    0.067 0.000 0.084    0.031 0.065 0.029   -125476    0 
378500:    1.00    9.143    0.062 0.000 0.090    0.026 0.057 0.030   -125528    0 
378600:    1.00    8.493    0.072 0.000 0.090    0.025 0.047 0.025   -125493    0 
378700:    1.00    8.613    0.086 0.000 0.069    0.032 0.058 0.024   -125495    0 
378800:    1.00    8.726    0.108 0.000 0.060    0.033 0.060 0.023   -125443    0 
378900:    1.00    8.800    0.120 0.000 0.075    0.036 0.074 0.031   -125442    0 

--------------------------------------------
Proportion of membership of each pre-defined
 population in each of the 3 clusters

Given    Inferred Clusters       Number of
 Pop       1      2      3      Individuals

  1:     0.331  0.331  0.339      358
  2:     0.332  0.336  0.332      1039
  3:     0.332  0.332  0.336      603
--------------------------------------------

  Rep#:   Lambda   Alpha      F1    F2    F3     D1,2  D1,3  D2,3    Ln Like  Est Ln P(D)
379000:    1.00    8.759    0.107 0.000 0.079    0.037 0.070 0.030   -125422    0 
379100:    1.00    8.690    0.128 0.000 0.080    0.042 0.076 0.030   -125456    0 
379200:    1.00    8.562    0.130 0.000 0.105    0.037 0.073 0.035   -125433    0 
379300:    1.00    8.657    0.133 0.000 0.084    0.046 0.081 0.030   -125456    0 
379400:    1.00    8.685    0.158 0.000 0.095    0.043 0.075 0.029   -125430    0 
379500:    1.00    8.808    0.116 0.000 0.087    0.039 0.070 0.032   -125443    0 
379600:    1.00    9.335    0.087 0.000 0.104    0.037 0.078 0.031   -125473    0 
379700:    1.00    9.317    0.089 0.000 0.076    0.035 0.069 0.033   -125470    0 
379800:    1.00    9.391    0.104 0.000 0.073    0.039 0.078 0.035   -125478    0 
379900:    1.00    9.896    0.108 0.000 0.064    0.038 0.072 0.032   -125515    0 

--------------------------------------------
Proportion of membership of each pre-defined
 population in each of the 3 clusters

Given    Inferred Clusters       Number of
 Pop       1      2      3      Individuals

  1:     0.338  0.331  0.331      358
  2:     0.335  0.337  0.328      1039
  3:     0.333  0.336  0.331      603
--------------------------------------------

  Rep#:   Lambda   Alpha      F1    F2    F3     D1,2  D1,3  D2,3    Ln Like  Est Ln P(D)
380000:    1.00    9.816    0.123 0.000 0.063    0.048 0.075 0.030   -125498    0 
380100:    1.00    9.914    0.133 0.000 0.094    0.042 0.067 0.035   -125447    0 
380200:    1.00    9.723    0.122 0.000 0.104    0.044 0.070 0.028   -125492    0 
380300:    1.00    9.981    0.149 0.000 0.099    0.031 0.065 0.032   -125506    0 
380400:    1.00    9.842    0.090 0.000 0.081    0.033 0.075 0.038   -125446    0 
380500:    1.00    9.805    0.066 0.000 0.102    0.025 0.068 0.042   -125468    0 
380600:    1.00    9.868    0.075 0.000 0.111    0.031 0.077 0.039   -125467    0 
380700:    1.00    9.734    0.081 0.000 0.101    0.032 0.082 0.039   -125466    0 
380800:    1.00    9.942    0.095 0.000 0.101    0.028 0.082 0.039   -125392    0 
380900:    1.00    9.914    0.092 0.000 0.087    0.031 0.081 0.035   -125480    0 

--------------------------------------------
Proportion of membership of each pre-defined
 population in each of the 3 clusters

Given    Inferred Clusters       Number of
 Pop       1      2      3      Individuals

  1:     0.338  0.337  0.325      358
  2:     0.333  0.326  0.341      1039
  3:     0.330  0.339  0.332      603
--------------------------------------------

  Rep#:   Lambda   Alpha      F1    F2    F3     D1,2  D1,3  D2,3    Ln Like  Est Ln P(D)
381000:    1.00    9.532    0.105 0.000 0.087    0.032 0.075 0.032   -125438    0 
381100:    1.00    9.718    0.105 0.000 0.095    0.037 0.088 0.035   -125456    0 
381200:    1.00    9.791    0.097 0.000 0.115    0.033 0.081 0.035   -125471    0 
381300:    1.00    9.546    0.150 0.000 0.098    0.036 0.079 0.036   -125442    0 
381400:    1.00    9.367    0.115 0.000 0.107    0.036 0.081 0.043   -125415    0 
381500:    1.00    9.751    0.132 0.000 0.108    0.041 0.101 0.047   -125414    0 
381600:    1.00    9.780    0.094 0.000 0.100    0.034 0.092 0.050   -125391    0 
381700:    1.00    9.545    0.112 0.000 0.110    0.032 0.094 0.051   -125434    0 
381800:    1.00    9.959    0.106 0.000 0.106    0.031 0.077 0.043   -125467    0 
381900:    1.00    9.893    0.081 0.000 0.110    0.035 0.078 0.042   -125454    0 

--------------------------------------------
Proportion of membership of each pre-defined
 population in each of the 3 clusters

Given    Inferred Clusters       Number of
 Pop       1      2      3      Individuals

  1:     0.330  0.335  0.336      358
  2:     0.337  0.331  0.332      1039
  3:     0.328  0.338  0.334      603
--------------------------------------------

  Rep#:   Lambda   Alpha      F1    F2    F3     D1,2  D1,3  D2,3    Ln Like  Est Ln P(D)
382000:    1.00    9.868    0.096 0.000 0.089    0.034 0.058 0.036   -125517    0 
382100:    1.00    9.824    0.109 0.000 0.119    0.041 0.086 0.044   -125457    0 
382200:    1.00    9.882    0.067 0.000 0.092    0.036 0.089 0.054   -125458    0 
382300:    1.00    9.660    0.096 0.000 0.091    0.041 0.068 0.040   -125414    0 
382400:    1.00    9.764    0.146 0.000 0.112    0.040 0.084 0.044   -125449    0 
382500:    1.00    9.823    0.092 0.000 0.117    0.035 0.084 0.051   -125407    0 
382600:    1.00    9.920    0.083 0.000 0.100    0.030 0.068 0.046   -125452    0 
382700:    1.00    9.801    0.090 0.000 0.134    0.031 0.088 0.046   -125448    0 
382800:    1.00    9.640    0.089 0.000 0.131    0.034 0.101 0.049   -125433    0 
382900:    1.00    9.858    0.085 0.000 0.116    0.036 0.102 0.048   -125451    0 

--------------------------------------------
Proportion of membership of each pre-defined
 population in each of the 3 clusters

Given    Inferred Clusters       Number of
 Pop       1      2      3      Individuals

  1:     0.329  0.333  0.338      358
  2:     0.334  0.333  0.333      1039
  3:     0.330  0.337  0.334      603
--------------------------------------------

  Rep#:   Lambda   Alpha      F1    F2    F3     D1,2  D1,3  D2,3    Ln Like  Est Ln P(D)
383000:    1.00    9.888    0.092 0.000 0.119    0.041 0.109 0.048   -125382    0 
383100:    1.00    9.963    0.098 0.000 0.120    0.039 0.102 0.048   -125403    0 
383200:    1.00    9.842    0.082 0.000 0.153    0.039 0.113 0.065   -125323    0 
383300:    1.00    9.974    0.123 0.000 0.131    0.046 0.106 0.050   -125393    0 
383400:    1.00    9.690    0.134 0.000 0.140    0.053 0.120 0.052   -125359    0 
383500:    1.00    9.685    0.184 0.000 0.168    0.050 0.113 0.056   -125312    0 
383600:    1.00    9.854    0.135 0.000 0.129    0.051 0.111 0.053   -125338    0 
383700:    1.00    9.503    0.164 0.000 0.121    0.055 0.103 0.047   -125351    0 
383800:    1.00    9.098    0.126 0.000 0.138    0.057 0.107 0.042   -125401    0 
383900:    1.00    9.103    0.189 0.000 0.141    0.056 0.101 0.045   -125373    0 

--------------------------------------------
Proportion of membership of each pre-defined
 population in each of the 3 clusters

Given    Inferred Clusters       Number of
 Pop       1      2      3      Individuals

  1:     0.336  0.328  0.337      358
  2:     0.335  0.328  0.337      1039
  3:     0.336  0.337  0.327      603
--------------------------------------------

  Rep#:   Lambda   Alpha      F1    F2    F3     D1,2  D1,3  D2,3    Ln Like  Est Ln P(D)
384000:    1.00    9.026    0.119 0.000 0.150    0.053 0.094 0.045   -125320    0 
384100:    1.00    8.676    0.116 0.000 0.136    0.047 0.082 0.043   -125322    0 
384200:    1.00    8.638    0.133 0.000 0.123    0.052 0.112 0.053   -125382    0 
384300:    1.00    8.645    0.131 0.000 0.113    0.054 0.109 0.052   -125321    0 
384400:    1.00    8.552    0.114 0.000 0.113    0.048 0.106 0.054   -125296    0 
384500:    1.00    9.037    0.128 0.000 0.137    0.048 0.098 0.049   -125366    0 
384600:    1.00    8.990    0.128 0.000 0.120    0.047 0.092 0.049   -125373    0 
384700:    1.00    9.223    0.123 0.000 0.107    0.032 0.096 0.062   -125418    0 
384800:    1.00    8.839    0.102 0.000 0.132    0.037 0.107 0.062   -125363    0 
384900:    1.00    8.463    0.118 0.000 0.156    0.049 0.111 0.059   -125334    0 

--------------------------------------------
Proportion of membership of each pre-defined
 population in each of the 3 clusters

Given    Inferred Clusters       Number of
 Pop       1      2      3      Individuals

  1:     0.328  0.337  0.336      358
  2:     0.332  0.333  0.335      1039
  3:     0.335  0.332  0.333      603
--------------------------------------------

  Rep#:   Lambda   Alpha      F1    F2    F3     D1,2  D1,3  D2,3    Ln Like  Est Ln P(D)
385000:    1.00    8.671    0.122 0.000 0.186    0.053 0.119 0.051   -125318    0 
385100:    1.00    8.745    0.124 0.000 0.140    0.050 0.110 0.048   -125326    0 
385200:    1.00    8.523    0.112 0.000 0.136    0.054 0.111 0.049   -125332    0 
385300:    1.00    8.346    0.128 0.000 0.111    0.057 0.100 0.042   -125316    0 
385400:    1.00    8.240    0.133 0.000 0.106    0.060 0.132 0.053   -125284    0 
385500:    1.00    8.295    0.152 0.000 0.116    0.048 0.114 0.051   -125353    0 
385600:    1.00    8.189    0.117 0.000 0.141    0.041 0.110 0.052   -125311    0 
385700:    1.00    8.169    0.098 0.000 0.118    0.040 0.104 0.046   -125352    0 
385800:    1.00    7.985    0.089 0.000 0.093    0.038 0.095 0.042   -125367    0 
385900:    1.00    7.870    0.109 0.000 0.153    0.038 0.120 0.054   -125340    0 

--------------------------------------------
Proportion of membership of each pre-defined
 population in each of the 3 clusters

Given    Inferred Clusters       Number of
 Pop       1      2      3      Individuals

  1:     0.336  0.330  0.334      358
  2:     0.332  0.332  0.336      1039
  3:     0.335  0.334  0.331      603
--------------------------------------------

  Rep#:   Lambda   Alpha      F1    F2    F3     D1,2  D1,3  D2,3    Ln Like  Est Ln P(D)
386000:    1.00    7.973    0.116 0.000 0.129    0.037 0.097 0.045   -125360    0 
386100:    1.00    7.883    0.103 0.000 0.130    0.034 0.087 0.046   -125357    0 
386200:    1.00    7.927    0.150 0.000 0.118    0.045 0.113 0.049   -125340    0 
386300:    1.00    7.601    0.119 0.000 0.080    0.052 0.095 0.038   -125298    0 
386400:    1.00    7.764    0.100 0.000 0.136    0.040 0.089 0.042   -125341    0 
386500:    1.00    8.031    0.122 0.000 0.119    0.046 0.111 0.050   -125312    0 
386600:    1.00    8.120    0.123 0.000 0.118    0.043 0.102 0.048   -125337    0 
386700:    1.00    8.017    0.110 0.000 0.113    0.038 0.078 0.043   -125407    0 
386800:    1.00    7.790    0.118 0.000 0.114    0.037 0.089 0.048   -125258    0 
386900:    1.00    7.758    0.085 0.000 0.118    0.045 0.097 0.046   -125332    0 

--------------------------------------------
Proportion of membership of each pre-defined
 population in each of the 3 clusters

Given    Inferred Clusters       Number of
 Pop       1      2      3      Individuals

  1:     0.330  0.331  0.339      358
  2:     0.333  0.334  0.333      1039
  3:     0.334  0.333  0.333      603
--------------------------------------------

  Rep#:   Lambda   Alpha      F1    F2    F3     D1,2  D1,3  D2,3    Ln Like  Est Ln P(D)
387000:    1.00    7.905    0.114 0.000 0.105    0.041 0.082 0.039   -125373    0 
387100:    1.00    8.107    0.096 0.000 0.161    0.030 0.099 0.055   -125295    0 
387200:    1.00    7.933    0.092 0.000 0.118    0.032 0.082 0.044   -125321    0 
387300:    1.00    8.072    0.110 0.000 0.093    0.038 0.100 0.045   -125299    0 
387400:    1.00    8.440    0.103 0.000 0.095    0.039 0.088 0.045   -125335    0 
387500:    1.00    8.673    0.120 0.000 0.113    0.043 0.092 0.043   -125383    0 
387600:    1.00    8.449    0.126 0.000 0.107    0.045 0.103 0.044   -125369    0 
387700:    1.00    8.729    0.109 0.000 0.151    0.039 0.117 0.057   -125362    0 
387800:    1.00    8.817    0.097 0.000 0.109    0.036 0.096 0.049   -125362    0 
387900:    1.00    9.301    0.116 0.000 0.089    0.044 0.105 0.049   -125305    0 

--------------------------------------------
Proportion of membership of each pre-defined
 population in each of the 3 clusters

Given    Inferred Clusters       Number of
 Pop       1      2      3      Individuals

  1:     0.330  0.336  0.334      358
  2:     0.334  0.334  0.332      1039
  3:     0.327  0.338  0.335      603
--------------------------------------------

  Rep#:   Lambda   Alpha      F1    F2    F3     D1,2  D1,3  D2,3    Ln Like  Est Ln P(D)
388000:    1.00    9.333    0.143 0.000 0.117    0.045 0.085 0.037   -125371    0 
388100:    1.00    9.178    0.194 0.000 0.073    0.055 0.104 0.036   -125396    0 
388200:    1.00    9.177    0.157 0.000 0.106    0.055 0.111 0.044   -125359    0 
388300:    1.00    9.567    0.120 0.000 0.114    0.052 0.099 0.040   -125431    0 
388400:    1.00    9.841    0.104 0.000 0.103    0.046 0.089 0.043   -125445    0 
388500:    1.00    9.931    0.126 0.000 0.122    0.045 0.092 0.043   -125379    0 
388600:    1.00    9.888    0.144 0.000 0.101    0.049 0.093 0.041   -125402    0 
388700:    1.00    9.848    0.135 0.000 0.069    0.056 0.096 0.033   -125407    0 
388800:    1.00    9.853    0.109 0.000 0.072    0.041 0.076 0.032   -125474    0 
388900:    1.00    9.987    0.088 0.000 0.072    0.040 0.075 0.036   -125488    0 

--------------------------------------------
Proportion of membership of each pre-defined
 population in each of the 3 clusters

Given    Inferred Clusters       Number of
 Pop       1      2      3      Individuals

  1:     0.341  0.322  0.337      358
  2:     0.339  0.331  0.329      1039
  3:     0.330  0.335  0.335      603
--------------------------------------------

  Rep#:   Lambda   Alpha      F1    F2    F3     D1,2  D1,3  D2,3    Ln Like  Est Ln P(D)
389000:    1.00    9.918    0.103 0.000 0.096    0.036 0.060 0.028   -125518    0 
389100:    1.00    9.979    0.091 0.000 0.073    0.037 0.065 0.029   -125531    0 
389200:    1.00    9.982    0.096 0.000 0.095    0.036 0.064 0.031   -125467    0 
389300:    1.00    9.994    0.116 0.000 0.083    0.044 0.078 0.031   -125444    0 
389400:    1.00    9.848    0.114 0.000 0.120    0.047 0.095 0.037   -125413    0 
389500:    1.00    9.608    0.104 0.000 0.139    0.045 0.111 0.046   -125394    0 
389600:    1.00    9.529    0.125 0.000 0.134    0.045 0.101 0.042   -125384    0 
389700:    1.00    9.378    0.135 0.000 0.108    0.046 0.096 0.035   -125376    0 
389800:    1.00    9.780    0.174 0.000 0.091    0.058 0.114 0.034   -125446    0 
389900:    1.00    9.490    0.178 0.000 0.111    0.060 0.121 0.034   -125370    0 

--------------------------------------------
Proportion of membership of each pre-defined
 population in each of the 3 clusters

Given    Inferred Clusters       Number of
 Pop       1      2      3      Individuals

  1:     0.328  0.332  0.340      358
  2:     0.331  0.333  0.336      1039
  3:     0.333  0.335  0.332      603
--------------------------------------------

  Rep#:   Lambda   Alpha      F1    F2    F3     D1,2  D1,3  D2,3    Ln Like  Est Ln P(D)
390000:    1.00    9.471    0.140 0.000 0.088    0.049 0.111 0.040   -125405    0 
390100:    1.00    9.600    0.113 0.000 0.102    0.049 0.103 0.037   -125403    0 
390200:    1.00    9.217    0.112 0.000 0.091    0.039 0.081 0.033   -125455    0 
390300:    1.00    9.554    0.118 0.000 0.098    0.044 0.089 0.035   -125409    0 
390400:    1.00    9.629    0.111 0.000 0.095    0.054 0.103 0.034   -125405    0 
390500:    1.00    9.986    0.119 0.000 0.115    0.049 0.101 0.033   -125433    0 
390600:    1.00    9.588    0.124 0.000 0.099    0.046 0.097 0.034   -125424    0 
390700:    1.00    9.345    0.134 0.000 0.118    0.045 0.098 0.037   -125396    0 
390800:    1.00    9.362    0.154 0.000 0.109    0.051 0.101 0.037   -125384    0 
390900:    1.00    9.414    0.137 0.000 0.140    0.050 0.102 0.035   -125370    0 

--------------------------------------------
Proportion of membership of each pre-defined
 population in each of the 3 clusters

Given    Inferred Clusters       Number of
 Pop       1      2      3      Individuals

  1:     0.329  0.333  0.338      358
  2:     0.337  0.330  0.333      1039
  3:     0.334  0.333  0.332      603
--------------------------------------------

  Rep#:   Lambda   Alpha      F1    F2    F3     D1,2  D1,3  D2,3    Ln Like  Est Ln P(D)
391000:    1.00    9.505    0.141 0.000 0.106    0.052 0.111 0.039   -125363    0 
391100:    1.00    9.305    0.137 0.000 0.110    0.050 0.106 0.037   -125347    0 
391200:    1.00    8.990    0.134 0.000 0.075    0.048 0.086 0.033   -125419    0 
391300:    1.00    9.234    0.130 0.000 0.083    0.042 0.069 0.032   -125411    0 
391400:    1.00    8.847    0.129 0.000 0.100    0.051 0.100 0.037   -125343    0 
391500:    1.00    9.163    0.121 0.000 0.083    0.055 0.099 0.035   -125430    0 
391600:    1.00    9.556    0.128 0.000 0.101    0.058 0.106 0.039   -125378    0 
391700:    1.00    9.232    0.174 0.000 0.109    0.054 0.103 0.045   -125350    0 
391800:    1.00    8.989    0.168 0.000 0.099    0.050 0.096 0.044   -125339    0 
391900:    1.00    9.435    0.162 0.000 0.113    0.050 0.102 0.049   -125370    0 

--------------------------------------------
Proportion of membership of each pre-defined
 population in each of the 3 clusters

Given    Inferred Clusters       Number of
 Pop       1      2      3      Individuals

  1:     0.332  0.336  0.332      358
  2:     0.335  0.331  0.334      1039
  3:     0.330  0.338  0.331      603
--------------------------------------------

  Rep#:   Lambda   Alpha      F1    F2    F3     D1,2  D1,3  D2,3    Ln Like  Est Ln P(D)
392000:    1.00    9.486    0.153 0.000 0.111    0.052 0.112 0.052   -125340    0 
392100:    1.00    9.367    0.159 0.000 0.139    0.064 0.124 0.050   -125315    0 
392200:    1.00    9.202    0.135 0.000 0.184    0.055 0.113 0.057   -125312    0 
392300:    1.00    9.256    0.157 0.000 0.128    0.062 0.117 0.050   -125319    0 
392400:    1.00    9.357    0.161 0.000 0.131    0.067 0.125 0.054   -125289    0 
392500:    1.00    9.625    0.163 0.000 0.161    0.068 0.139 0.063   -125322    0 
392600:    1.00    9.678    0.180 0.000 0.188    0.072 0.153 0.075   -125268    0 
392700:    1.00    9.920    0.154 0.000 0.159    0.068 0.131 0.065   -125295    0 
392800:    1.00    9.899    0.136 0.000 0.159    0.064 0.140 0.074   -125334    0 
392900:    1.00    9.880    0.170 0.000 0.135    0.065 0.139 0.075   -125283    0 

--------------------------------------------
Proportion of membership of each pre-defined
 population in each of the 3 clusters

Given    Inferred Clusters       Number of
 Pop       1      2      3      Individuals

  1:     0.336  0.329  0.336      358
  2:     0.336  0.328  0.336      1039
  3:     0.330  0.328  0.341      603
--------------------------------------------

  Rep#:   Lambda   Alpha      F1    F2    F3     D1,2  D1,3  D2,3    Ln Like  Est Ln P(D)
393000:    1.00    9.703    0.170 0.000 0.131    0.067 0.127 0.064   -125318    0 
393100:    1.00    9.602    0.149 0.000 0.162    0.066 0.123 0.065   -125259    0 
393200:    1.00    9.244    0.152 0.000 0.107    0.061 0.115 0.057   -125340    0 
393300:    1.00    9.332    0.153 0.000 0.141    0.058 0.120 0.060   -125352    0 
393400:    1.00    9.067    0.168 0.000 0.121    0.062 0.123 0.059   -125298    0 
393500:    1.00    8.992    0.140 0.000 0.149    0.062 0.118 0.056   -125300    0 
393600:    1.00    9.121    0.173 0.000 0.126    0.057 0.105 0.056   -125285    0 
393700:    1.00    9.396    0.172 0.000 0.135    0.060 0.111 0.059   -125304    0 
393800:    1.00    9.124    0.205 0.000 0.133    0.062 0.110 0.058   -125263    0 
393900:    1.00    8.603    0.198 0.000 0.117    0.079 0.133 0.059   -125262    0 

--------------------------------------------
Proportion of membership of each pre-defined
 population in each of the 3 clusters

Given    Inferred Clusters       Number of
 Pop       1      2      3      Individuals

  1:     0.339  0.332  0.329      358
  2:     0.330  0.333  0.337      1039
  3:     0.339  0.333  0.328      603
--------------------------------------------

  Rep#:   Lambda   Alpha      F1    F2    F3     D1,2  D1,3  D2,3    Ln Like  Est Ln P(D)
394000:    1.00    8.478    0.184 0.000 0.153    0.072 0.118 0.063   -125305    0 
394100:    1.00    8.432    0.218 0.000 0.105    0.076 0.113 0.050   -125274    0 
394200:    1.00    8.521    0.181 0.000 0.149    0.074 0.134 0.066   -125239    0 
394300:    1.00    8.696    0.167 0.000 0.147    0.067 0.136 0.058   -125234    0 
394400:    1.00    9.004    0.154 0.000 0.157    0.053 0.142 0.073   -125296    0 
394500:    1.00    8.652    0.158 0.000 0.163    0.061 0.146 0.072   -125251    0 
394600:    1.00    8.703    0.194 0.000 0.191    0.068 0.144 0.070   -125258    0 
394700:    1.00    9.093    0.151 0.000 0.161    0.060 0.120 0.058   -125308    0 
394800:    1.00    8.982    0.161 0.000 0.158    0.059 0.122 0.058   -125261    0 
394900:    1.00    9.140    0.199 0.000 0.125    0.058 0.109 0.056   -125326    0 

--------------------------------------------
Proportion of membership of each pre-defined
 population in each of the 3 clusters

Given    Inferred Clusters       Number of
 Pop       1      2      3      Individuals

  1:     0.328  0.335  0.337      358
  2:     0.334  0.331  0.336      1039
  3:     0.338  0.334  0.328      603
--------------------------------------------

  Rep#:   Lambda   Alpha      F1    F2    F3     D1,2  D1,3  D2,3    Ln Like  Est Ln P(D)
395000:    1.00    9.107    0.174 0.000 0.153    0.070 0.145 0.064   -125292    0 
395100:    1.00    8.825    0.193 0.000 0.160    0.058 0.136 0.067   -125264    0 
395200:    1.00    8.669    0.142 0.000 0.155    0.070 0.165 0.071   -125296    0 
395300:    1.00    8.826    0.103 0.000 0.162    0.059 0.143 0.070   -125327    0 
395400:    1.00    8.571    0.117 0.000 0.151    0.054 0.132 0.069   -125365    0 
395500:    1.00    8.486    0.142 0.000 0.117    0.051 0.120 0.065   -125304    0 
395600:    1.00    8.341    0.107 0.000 0.148    0.047 0.128 0.064   -125362    0 
395700:    1.00    8.319    0.134 0.000 0.147    0.048 0.129 0.067   -125284    0 
395800:    1.00    8.597    0.150 0.000 0.156    0.045 0.132 0.068   -125309    0 
395900:    1.00    8.570    0.166 0.000 0.173    0.053 0.133 0.063   -125257    0 

--------------------------------------------
Proportion of membership of each pre-defined
 population in each of the 3 clusters

Given    Inferred Clusters       Number of
 Pop       1      2      3      Individuals

  1:     0.336  0.333  0.332      358
  2:     0.331  0.335  0.334      1039
  3:     0.335  0.337  0.328      603
--------------------------------------------

  Rep#:   Lambda   Alpha      F1    F2    F3     D1,2  D1,3  D2,3    Ln Like  Est Ln P(D)
396000:    1.00    8.609    0.147 0.000 0.111    0.048 0.134 0.062   -125331    0 
396100:    1.00    8.129    0.132 0.000 0.136    0.040 0.109 0.057   -125353    0 
396200:    1.00    8.335    0.128 0.000 0.144    0.041 0.136 0.073   -125339    0 
396300:    1.00    8.268    0.176 0.000 0.150    0.042 0.108 0.056   -125362    0 
396400:    1.00    8.499    0.101 0.000 0.121    0.044 0.085 0.041   -125365    0 
396500:    1.00    8.374    0.125 0.000 0.133    0.040 0.119 0.061   -125366    0 
396600:    1.00    8.255    0.095 0.000 0.143    0.036 0.112 0.065   -125281    0 
396700:    1.00    8.338    0.131 0.000 0.129    0.041 0.102 0.059   -125372    0 
396800:    1.00    8.309    0.122 0.000 0.171    0.040 0.088 0.052   -125333    0 
396900:    1.00    8.118    0.154 0.000 0.154    0.042 0.093 0.052   -125365    0 

--------------------------------------------
Proportion of membership of each pre-defined
 population in each of the 3 clusters

Given    Inferred Clusters       Number of
 Pop       1      2      3      Individuals

  1:     0.329  0.330  0.341      358
  2:     0.334  0.331  0.335      1039
  3:     0.332  0.335  0.334      603
--------------------------------------------

  Rep#:   Lambda   Alpha      F1    F2    F3     D1,2  D1,3  D2,3    Ln Like  Est Ln P(D)
397000:    1.00    7.941    0.148 0.000 0.117    0.050 0.109 0.054   -125339    0 
397100:    1.00    7.969    0.153 0.000 0.152    0.042 0.104 0.062   -125222    0 
397200:    1.00    7.804    0.084 0.000 0.160    0.037 0.099 0.063   -125252    0 
397300:    1.00    7.842    0.096 0.000 0.135    0.042 0.120 0.074   -125323    0 
397400:    1.00    7.975    0.094 0.000 0.114    0.039 0.107 0.061   -125300    0 
397500:    1.00    7.957    0.124 0.000 0.117    0.045 0.107 0.061   -125261    0 
397600:    1.00    8.381    0.120 0.000 0.119    0.048 0.123 0.059   -125267    0 
397700:    1.00    8.756    0.107 0.000 0.114    0.046 0.119 0.054   -125335    0 
397800:    1.00    8.613    0.107 0.000 0.134    0.040 0.098 0.052   -125409    0 
397900:    1.00    9.299    0.106 0.000 0.114    0.039 0.103 0.051   -125322    0 

--------------------------------------------
Proportion of membership of each pre-defined
 population in each of the 3 clusters

Given    Inferred Clusters       Number of
 Pop       1      2      3      Individuals

  1:     0.327  0.344  0.329      358
  2:     0.337  0.331  0.333      1039
  3:     0.335  0.339  0.326      603
--------------------------------------------

  Rep#:   Lambda   Alpha      F1    F2    F3     D1,2  D1,3  D2,3    Ln Like  Est Ln P(D)
398000:    1.00    9.428    0.115 0.000 0.181    0.038 0.110 0.056   -125361    0 
398100:    1.00    9.804    0.093 0.000 0.148    0.045 0.115 0.052   -125348    0 
398200:    1.00    9.649    0.097 0.000 0.130    0.035 0.104 0.060   -125343    0 
398300:    1.00    9.894    0.073 0.000 0.114    0.038 0.108 0.063   -125416    0 
398400:    1.00    9.583    0.101 0.000 0.132    0.039 0.102 0.057   -125459    0 
398500:    1.00    9.207    0.096 0.000 0.119    0.040 0.089 0.051   -125465    0 
398600:    1.00    9.262    0.109 0.000 0.143    0.039 0.081 0.049   -125415    0 
398700:    1.00    9.000    0.079 0.000 0.138    0.039 0.092 0.053   -125379    0 
398800:    1.00    9.028    0.085 0.000 0.123    0.035 0.086 0.053   -125450    0 
398900:    1.00    9.066    0.093 0.000 0.130    0.038 0.108 0.055   -125442    0 

--------------------------------------------
Proportion of membership of each pre-defined
 population in each of the 3 clusters

Given    Inferred Clusters       Number of
 Pop       1      2      3      Individuals

  1:     0.330  0.327  0.343      358
  2:     0.337  0.331  0.332      1039
  3:     0.331  0.338  0.331      603
--------------------------------------------

  Rep#:   Lambda   Alpha      F1    F2    F3     D1,2  D1,3  D2,3    Ln Like  Est Ln P(D)
399000:    1.00    9.179    0.130 0.000 0.099    0.049 0.122 0.060   -125380    0 
399100:    1.00    9.313    0.108 0.000 0.132    0.041 0.105 0.052   -125409    0 
399200:    1.00    9.169    0.139 0.000 0.115    0.045 0.116 0.058   -125353    0 
399300:    1.00    9.733    0.107 0.000 0.127    0.042 0.103 0.054   -125385    0 
399400:    1.00    9.618    0.133 0.000 0.128    0.048 0.117 0.061   -125390    0 
399500:    1.00    9.719    0.122 0.000 0.175    0.050 0.127 0.062   -125376    0 
399600:    1.00    9.447    0.129 0.000 0.142    0.044 0.122 0.064   -125367    0 
399700:    1.00    9.257    0.087 0.000 0.134    0.046 0.106 0.054   -125315    0 
399800:    1.00    8.997    0.125 0.000 0.158    0.049 0.128 0.065   -125323    0 
399900:    1.00    9.268    0.119 0.000 0.169    0.053 0.133 0.063   -125323    0 

--------------------------------------------
Proportion of membership of each pre-defined
 population in each of the 3 clusters

Given    Inferred Clusters       Number of
 Pop       1      2      3      Individuals

  1:     0.324  0.335  0.341      358
  2:     0.337  0.333  0.329      1039
  3:     0.338  0.334  0.328      603
--------------------------------------------

  Rep#:   Lambda   Alpha      F1    F2    F3     D1,2  D1,3  D2,3    Ln Like  Est Ln P(D)
400000:    1.00    9.405    0.119 0.000 0.154    0.048 0.122 0.062   -125332    0 
400100:    1.00    9.297    0.128 0.000 0.141    0.045 0.135 0.067   -125347    0 
400200:    1.00    9.514    0.146 0.000 0.149    0.054 0.138 0.065   -125286    0 
400300:    1.00    9.972    0.137 0.000 0.126    0.056 0.128 0.059   -125358    0 
400400:    1.00    9.779    0.151 0.000 0.116    0.051 0.090 0.044   -125352    0 
400500:    1.00    9.451    0.123 0.000 0.112    0.061 0.112 0.042   -125385    0 
400600:    1.00    9.241    0.102 0.000 0.114    0.054 0.124 0.052   -125386    0 
400700:    1.00    9.292    0.122 0.000 0.137    0.055 0.132 0.053   -125348    0 
400800:    1.00    9.538    0.106 0.000 0.112    0.046 0.120 0.055   -125426    0 
400900:    1.00    9.333    0.111 0.000 0.124    0.053 0.121 0.056   -125417    0 

--------------------------------------------
Proportion of membership of each pre-defined
 population in each of the 3 clusters

Given    Inferred Clusters       Number of
 Pop       1      2      3      Individuals

  1:     0.334  0.331  0.335      358
  2:     0.334  0.336  0.330      1039
  3:     0.332  0.335  0.333      603
--------------------------------------------

  Rep#:   Lambda   Alpha      F1    F2    F3     D1,2  D1,3  D2,3    Ln Like  Est Ln P(D)
401000:    1.00    9.231    0.113 0.000 0.140    0.051 0.122 0.052   -125292    0 
401100:    1.00    9.343    0.089 0.000 0.126    0.043 0.087 0.044   -125462    0 
401200:    1.00    9.397    0.091 0.000 0.090    0.048 0.077 0.032   -125458    0 
401300:    1.00    9.584    0.084 0.000 0.086    0.037 0.065 0.036   -125516    0 
401400:    1.00    9.349    0.124 0.000 0.089    0.037 0.069 0.032   -125453    0 
401500:    1.00    9.181    0.090 0.000 0.066    0.036 0.066 0.025   -125488    0 
401600:    1.00    8.810    0.127 0.000 0.065    0.045 0.071 0.024   -125475    0 
401700:    1.00    8.901    0.133 0.000 0.072    0.040 0.065 0.027   -125484    0 
401800:    1.00    8.889    0.140 0.000 0.061    0.036 0.054 0.022   -125473    0 
401900:    1.00    9.133    0.099 0.000 0.057    0.037 0.063 0.020   -125507    0 

--------------------------------------------
Proportion of membership of each pre-defined
 population in each of the 3 clusters

Given    Inferred Clusters       Number of
 Pop       1      2      3      Individuals

  1:     0.335  0.324  0.341      358
  2:     0.333  0.329  0.338      1039
  3:     0.334  0.333  0.333      603
--------------------------------------------

  Rep#:   Lambda   Alpha      F1    F2    F3     D1,2  D1,3  D2,3    Ln Like  Est Ln P(D)
402000:    1.00    9.250    0.133 0.000 0.065    0.039 0.067 0.026   -125450    0 
402100:    1.00    9.076    0.116 0.000 0.087    0.040 0.076 0.034   -125433    0 
402200:    1.00    9.008    0.106 0.000 0.105    0.036 0.081 0.039   -125477    0 
402300:    1.00    9.245    0.110 0.000 0.090    0.038 0.093 0.043   -125456    0 
402400:    1.00    9.430    0.125 0.000 0.092    0.039 0.080 0.038   -125445    0 
402500:    1.00    9.511    0.095 0.000 0.103    0.039 0.090 0.050   -125458    0 
402600:    1.00    9.294    0.106 0.000 0.111    0.034 0.086 0.041   -125390    0 
402700:    1.00    9.550    0.101 0.000 0.078    0.031 0.073 0.043   -125433    0 
402800:    1.00    9.382    0.078 0.000 0.100    0.025 0.060 0.039   -125451    0 
402900:    1.00    9.792    0.068 0.000 0.104    0.022 0.076 0.050   -125506    0 

--------------------------------------------
Proportion of membership of each pre-defined
 population in each of the 3 clusters

Given    Inferred Clusters       Number of
 Pop       1      2      3      Individuals

  1:     0.328  0.332  0.340      358
  2:     0.334  0.335  0.331      1039
  3:     0.332  0.341  0.327      603
--------------------------------------------

  Rep#:   Lambda   Alpha      F1    F2    F3     D1,2  D1,3  D2,3    Ln Like  Est Ln P(D)
403000:    1.00    9.627    0.098 0.000 0.128    0.030 0.086 0.046   -125470    0 
403100:    1.00    9.806    0.068 0.000 0.138    0.030 0.105 0.057   -125417    0 
403200:    1.00    9.779    0.075 0.000 0.173    0.038 0.131 0.069   -125401    0 
403300:    1.00    9.944    0.104 0.000 0.142    0.040 0.147 0.075   -125334    0 
403400:    1.00    9.906    0.113 0.000 0.153    0.042 0.135 0.072   -125343    0 
403500:    1.00    9.927    0.115 0.000 0.154    0.043 0.131 0.074   -125399    0 
403600:    1.00    9.980    0.116 0.000 0.170    0.046 0.138 0.073   -125359    0 
403700:    1.00    9.747    0.100 0.000 0.143    0.040 0.110 0.062   -125375    0 
403800:    1.00    9.620    0.083 0.000 0.140    0.039 0.108 0.055   -125388    0 
403900:    1.00    9.718    0.099 0.000 0.122    0.033 0.091 0.051   -125445    0 

--------------------------------------------
Proportion of membership of each pre-defined
 population in each of the 3 clusters

Given    Inferred Clusters       Number of
 Pop       1      2      3      Individuals

  1:     0.327  0.333  0.339      358
  2:     0.336  0.333  0.331      1039
  3:     0.336  0.330  0.334      603
--------------------------------------------

  Rep#:   Lambda   Alpha      F1    F2    F3     D1,2  D1,3  D2,3    Ln Like  Est Ln P(D)
404000:    1.00    9.623    0.155 0.000 0.121    0.039 0.100 0.051   -125365    0 
404100:    1.00    9.625    0.155 0.000 0.098    0.042 0.099 0.044   -125413    0 
404200:    1.00    9.238    0.085 0.000 0.100    0.038 0.088 0.041   -125438    0 
404300:    1.00    9.114    0.115 0.000 0.098    0.039 0.083 0.040   -125450    0 
404400:    1.00    9.168    0.104 0.000 0.100    0.038 0.078 0.036   -125400    0 
404500:    1.00    9.038    0.133 0.000 0.093    0.043 0.094 0.040   -125410    0 
404600:    1.00    8.869    0.123 0.000 0.125    0.044 0.100 0.043   -125441    0 
404700:    1.00    9.031    0.092 0.000 0.097    0.046 0.089 0.033   -125460    0 
404800:    1.00    9.099    0.078 0.000 0.102    0.041 0.090 0.035   -125454    0 
404900:    1.00    9.726    0.087 0.000 0.107    0.030 0.080 0.041   -125442    0 

--------------------------------------------
Proportion of membership of each pre-defined
 population in each of the 3 clusters

Given    Inferred Clusters       Number of
 Pop       1      2      3      Individuals

  1:     0.326  0.338  0.336      358
  2:     0.332  0.331  0.337      1039
  3:     0.334  0.325  0.340      603
--------------------------------------------

  Rep#:   Lambda   Alpha      F1    F2    F3     D1,2  D1,3  D2,3    Ln Like  Est Ln P(D)
405000:    1.00    9.715    0.097 0.000 0.094    0.030 0.086 0.044   -125448    0 
405100:    1.00    9.819    0.096 0.000 0.121    0.038 0.110 0.047   -125427    0 
405200:    1.00    9.802    0.088 0.000 0.110    0.031 0.075 0.039   -125459    0 
405300:    1.00    9.906    0.072 0.000 0.100    0.028 0.074 0.037   -125454    0 
405400:    1.00    9.860    0.075 0.000 0.091    0.029 0.080 0.037   -125482    0 
405500:    1.00    9.752    0.096 0.000 0.078    0.036 0.083 0.037   -125391    0 
405600:    1.00    9.893    0.105 0.000 0.126    0.041 0.114 0.054   -125405    0 
405700:    1.00    9.997    0.088 0.000 0.124    0.049 0.112 0.052   -125387    0 
405800:    1.00    9.961    0.082 0.000 0.130    0.038 0.106 0.056   -125381    0 
405900:    1.00    9.877    0.082 0.000 0.115    0.038 0.096 0.047   -125407    0 

--------------------------------------------
Proportion of membership of each pre-defined
 population in each of the 3 clusters

Given    Inferred Clusters       Number of
 Pop       1      2      3      Individuals

  1:     0.335  0.335  0.330      358
  2:     0.332  0.334  0.333      1039
  3:     0.330  0.337  0.333      603
--------------------------------------------

  Rep#:   Lambda   Alpha      F1    F2    F3     D1,2  D1,3  D2,3    Ln Like  Est Ln P(D)
406000:    1.00    9.485    0.120 0.000 0.127    0.042 0.120 0.057   -125361    0 
406100:    1.00    9.914    0.099 0.000 0.106    0.045 0.111 0.049   -125384    0 
406200:    1.00    9.810    0.096 0.000 0.096    0.042 0.088 0.038   -125407    0 
406300:    1.00    9.922    0.122 0.000 0.112    0.057 0.125 0.044   -125392    0 
406400:    1.00    9.959    0.132 0.000 0.132    0.049 0.112 0.046   -125387    0 
406500:    1.00    9.790    0.167 0.000 0.123    0.049 0.116 0.049   -125341    0 
406600:    1.00    9.578    0.155 0.000 0.121    0.065 0.142 0.049   -125347    0 
406700:    1.00    9.435    0.170 0.000 0.123    0.060 0.136 0.060   -125295    0 
406800:    1.00    9.952    0.179 0.000 0.135    0.059 0.135 0.063   -125303    0 
406900:    1.00    9.811    0.178 0.000 0.164    0.061 0.127 0.060   -125300    0 

--------------------------------------------
Proportion of membership of each pre-defined
 population in each of the 3 clusters

Given    Inferred Clusters       Number of
 Pop       1      2      3      Individuals

  1:     0.331  0.330  0.339      358
  2:     0.333  0.333  0.334      1039
  3:     0.332  0.338  0.330      603
--------------------------------------------

  Rep#:   Lambda   Alpha      F1    F2    F3     D1,2  D1,3  D2,3    Ln Like  Est Ln P(D)
407000:    1.00    9.510    0.194 0.000 0.143    0.054 0.121 0.064   -125269    0 
407100:    1.00    9.861    0.154 0.000 0.127    0.052 0.116 0.063   -125294    0 
407200:    1.00    9.768    0.141 0.000 0.136    0.054 0.126 0.070   -125283    0 
407300:    1.00    9.729    0.127 0.000 0.120    0.040 0.106 0.070   -125321    0 
407400:    1.00    9.692    0.127 0.000 0.161    0.040 0.107 0.075   -125338    0 
407500:    1.00    9.848    0.141 0.000 0.165    0.053 0.131 0.079   -125283    0 
407600:    1.00    9.689    0.124 0.000 0.165    0.046 0.123 0.078   -125356    0 
407700:    1.00    9.580    0.118 0.000 0.200    0.046 0.128 0.077   -125355    0 
407800:    1.00    9.529    0.110 0.000 0.166    0.039 0.080 0.061   -125426    0 
407900:    1.00    9.429    0.085 0.000 0.199    0.041 0.124 0.082   -125323    0 

--------------------------------------------
Proportion of membership of each pre-defined
 population in each of the 3 clusters

Given    Inferred Clusters       Number of
 Pop       1      2      3      Individuals

  1:     0.335  0.326  0.339      358
  2:     0.336  0.330  0.334      1039
  3:     0.325  0.341  0.334      603
--------------------------------------------

  Rep#:   Lambda   Alpha      F1    F2    F3     D1,2  D1,3  D2,3    Ln Like  Est Ln P(D)
408000:    1.00    9.240    0.116 0.000 0.188    0.044 0.128 0.083   -125291    0 
408100:    1.00    9.485    0.113 0.000 0.144    0.046 0.144 0.083   -125282    0 
408200:    1.00    9.432    0.112 0.000 0.166    0.045 0.122 0.083   -125300    0 
408300:    1.00    9.709    0.146 0.000 0.154    0.048 0.125 0.079   -125341    0 
408400:    1.00    9.924    0.112 0.000 0.209    0.046 0.131 0.091   -125297    0 
408500:    1.00    9.867    0.109 0.000 0.186    0.046 0.122 0.081   -125329    0 
408600:    1.00    9.793    0.146 0.000 0.222    0.060 0.144 0.081   -125288    0 
408700:    1.00    9.601    0.100 0.000 0.186    0.053 0.131 0.076   -125325    0 
408800:    1.00    9.765    0.110 0.000 0.213    0.057 0.136 0.071   -125323    0 
408900:    1.00    9.936    0.105 0.000 0.180    0.055 0.137 0.065   -125273    0 

--------------------------------------------
Proportion of membership of each pre-defined
 population in each of the 3 clusters

Given    Inferred Clusters       Number of
 Pop       1      2      3      Individuals

  1:     0.332  0.328  0.341      358
  2:     0.336  0.329  0.336      1039
  3:     0.335  0.330  0.335      603
--------------------------------------------

  Rep#:   Lambda   Alpha      F1    F2    F3     D1,2  D1,3  D2,3    Ln Like  Est Ln P(D)
409000:    1.00    9.950    0.110 0.000 0.175    0.061 0.136 0.062   -125341    0 
409100:    1.00    9.650    0.131 0.000 0.147    0.060 0.153 0.073   -125304    0 
409200:    1.00    9.801    0.131 0.000 0.145    0.061 0.135 0.061   -125274    0 
409300:    1.00    9.554    0.130 0.000 0.151    0.066 0.146 0.063   -125232    0 
409400:    1.00    9.678    0.142 0.000 0.159    0.068 0.159 0.069   -125279    0 
409500:    1.00    9.919    0.121 0.000 0.167    0.059 0.124 0.054   -125322    0 
409600:    1.00    9.818    0.114 0.000 0.251    0.061 0.133 0.058   -125334    0 
409700:    1.00    9.660    0.146 0.000 0.147    0.057 0.132 0.062   -125348    0 
409800:    1.00    9.952    0.115 0.000 0.149    0.048 0.129 0.066   -125324    0 
409900:    1.00    9.970    0.134 0.000 0.163    0.050 0.135 0.062   -125364    0 

--------------------------------------------
Proportion of membership of each pre-defined
 population in each of the 3 clusters

Given    Inferred Clusters       Number of
 Pop       1      2      3      Individuals

  1:     0.333  0.337  0.330      358
  2:     0.335  0.329  0.335      1039
  3:     0.337  0.329  0.335      603
--------------------------------------------

  Rep#:   Lambda   Alpha      F1    F2    F3     D1,2  D1,3  D2,3    Ln Like  Est Ln P(D)
410000:    1.00    9.579    0.154 0.000 0.111    0.058 0.127 0.050   -125377    0 
410100:    1.00    9.757    0.179 0.000 0.127    0.051 0.123 0.055   -125361    0 
410200:    1.00    9.380    0.113 0.000 0.114    0.045 0.110 0.053   -125353    0 
410300:    1.00    9.167    0.099 0.000 0.154    0.040 0.116 0.053   -125355    0 
410400:    1.00    8.955    0.120 0.000 0.117    0.043 0.124 0.056   -125370    0 
410500:    1.00    8.891    0.090 0.000 0.142    0.052 0.136 0.057   -125293    0 
410600:    1.00    9.143    0.118 0.000 0.118    0.047 0.120 0.055   -125345    0 
410700:    1.00    9.141    0.110 0.000 0.139    0.045 0.103 0.050   -125389    0 
410800:    1.00    9.053    0.117 0.000 0.108    0.053 0.112 0.044   -125387    0 
410900:    1.00    9.141    0.099 0.000 0.098    0.047 0.104 0.053   -125416    0 

--------------------------------------------
Proportion of membership of each pre-defined
 population in each of the 3 clusters

Given    Inferred Clusters       Number of
 Pop       1      2      3      Individuals

  1:     0.324  0.331  0.345      358
  2:     0.340  0.327  0.333      1039
  3:     0.335  0.331  0.334      603
--------------------------------------------

  Rep#:   Lambda   Alpha      F1    F2    F3     D1,2  D1,3  D2,3    Ln Like  Est Ln P(D)
411000:    1.00    9.045    0.103 0.000 0.103    0.046 0.093 0.049   -125360    0 
411100:    1.00    9.284    0.121 0.000 0.100    0.050 0.098 0.044   -125386    0 
411200:    1.00    9.151    0.103 0.000 0.108    0.048 0.091 0.041   -125363    0 
411300:    1.00    9.079    0.142 0.000 0.138    0.054 0.103 0.051   -125357    0 
411400:    1.00    9.162    0.128 0.000 0.168    0.061 0.133 0.057   -125294    0 
411500:    1.00    9.045    0.138 0.000 0.148    0.053 0.115 0.052   -125364    0 
411600:    1.00    8.382    0.079 0.000 0.144    0.042 0.100 0.055   -125322    0 
411700:    1.00    8.673    0.109 0.000 0.175    0.035 0.094 0.066   -125371    0 
411800:    1.00    8.692    0.121 0.000 0.170    0.033 0.095 0.061   -125351    0 
411900:    1.00    8.710    0.094 0.000 0.149    0.031 0.087 0.057   -125377    0 

--------------------------------------------
Proportion of membership of each pre-defined
 population in each of the 3 clusters

Given    Inferred Clusters       Number of
 Pop       1      2      3      Individuals

  1:     0.341  0.326  0.332      358
  2:     0.329  0.331  0.340      1039
  3:     0.336  0.330  0.334      603
--------------------------------------------

  Rep#:   Lambda   Alpha      F1    F2    F3     D1,2  D1,3  D2,3    Ln Like  Est Ln P(D)
412000:    1.00    8.832    0.077 0.000 0.137    0.031 0.091 0.056   -125388    0 
412100:    1.00    8.624    0.106 0.000 0.149    0.043 0.128 0.061   -125306    0 
412200:    1.00    8.738    0.093 0.000 0.174    0.040 0.125 0.062   -125302    0 
412300:    1.00    8.714    0.091 0.000 0.136    0.033 0.101 0.061   -125351    0 
412400:    1.00    8.852    0.104 0.000 0.156    0.039 0.094 0.048   -125369    0 
412500:    1.00    8.745    0.091 0.000 0.093    0.049 0.096 0.042   -125402    0 
412600:    1.00    8.428    0.122 0.000 0.105    0.051 0.101 0.044   -125348    0 
412700:    1.00    8.558    0.130 0.000 0.137    0.042 0.099 0.049   -125378    0 
412800:    1.00    8.523    0.109 0.000 0.123    0.042 0.103 0.052   -125381    0 
412900:    1.00    8.870    0.117 0.000 0.132    0.046 0.107 0.049   -125312    0 

--------------------------------------------
Proportion of membership of each pre-defined
 population in each of the 3 clusters

Given    Inferred Clusters       Number of
 Pop       1      2      3      Individuals

  1:     0.332  0.330  0.338      358
  2:     0.333  0.329  0.339      1039
  3:     0.333  0.333  0.333      603
--------------------------------------------

  Rep#:   Lambda   Alpha      F1    F2    F3     D1,2  D1,3  D2,3    Ln Like  Est Ln P(D)
413000:    1.00    8.911    0.130 0.000 0.127    0.052 0.111 0.044   -125372    0 
413100:    1.00    8.697    0.163 0.000 0.142    0.055 0.126 0.047   -125326    0 
413200:    1.00    8.437    0.144 0.000 0.139    0.052 0.103 0.043   -125347    0 
413300:    1.00    8.351    0.160 0.000 0.113    0.049 0.115 0.045   -125297    0 
413400:    1.00    8.643    0.143 0.000 0.093    0.050 0.097 0.035   -125386    0 
413500:    1.00    8.598    0.126 0.000 0.099    0.050 0.090 0.034   -125429    0 
413600:    1.00    8.720    0.099 0.000 0.080    0.047 0.084 0.032   -125429    0 
413700:    1.00    8.506    0.142 0.000 0.099    0.051 0.090 0.031   -125388    0 
413800:    1.00    8.386    0.140 0.000 0.100    0.058 0.093 0.029   -125390    0 
413900:    1.00    8.322    0.139 0.000 0.099    0.056 0.091 0.030   -125379    0 

--------------------------------------------
Proportion of membership of each pre-defined
 population in each of the 3 clusters

Given    Inferred Clusters       Number of
 Pop       1      2      3      Individuals

  1:     0.338  0.327  0.335      358
  2:     0.335  0.326  0.338      1039
  3:     0.328  0.339  0.333      603
--------------------------------------------

  Rep#:   Lambda   Alpha      F1    F2    F3     D1,2  D1,3  D2,3    Ln Like  Est Ln P(D)
414000:    1.00    8.066    0.138 0.000 0.073    0.056 0.093 0.030   -125321    0 
414100:    1.00    7.847    0.143 0.000 0.089    0.041 0.075 0.034   -125352    0 
414200:    1.00    7.727    0.140 0.000 0.089    0.048 0.086 0.033   -125339    0 
414300:    1.00    7.634    0.129 0.000 0.102    0.047 0.081 0.031   -125360    0 
414400:    1.00    7.660    0.139 0.000 0.102    0.045 0.084 0.032   -125373    0 
414500:    1.00    7.782    0.115 0.000 0.104    0.047 0.091 0.031   -125337    0 
414600:    1.00    7.589    0.111 0.000 0.071    0.053 0.080 0.020   -125371    0 
414700:    1.00    7.722    0.163 0.000 0.076    0.057 0.108 0.029   -125317    0 
414800:    1.00    7.823    0.102 0.000 0.075    0.047 0.088 0.031   -125383    0 
414900:    1.00    7.796    0.112 0.000 0.091    0.046 0.086 0.035   -125364    0 

--------------------------------------------
Proportion of membership of each pre-defined
 population in each of the 3 clusters

Given    Inferred Clusters       Number of
 Pop       1      2      3      Individuals

  1:     0.329  0.334  0.337      358
  2:     0.328  0.338  0.334      1039
  3:     0.339  0.330  0.332      603
--------------------------------------------

  Rep#:   Lambda   Alpha      F1    F2    F3     D1,2  D1,3  D2,3    Ln Like  Est Ln P(D)
415000:    1.00    7.930    0.127 0.000 0.099    0.053 0.086 0.031   -125374    0 
415100:    1.00    7.881    0.122 0.000 0.091    0.043 0.086 0.037   -125326    0 
415200:    1.00    7.458    0.124 0.000 0.079    0.047 0.083 0.029   -125360    0 
415300:    1.00    7.562    0.100 0.000 0.080    0.034 0.070 0.033   -125385    0 
415400:    1.00    7.494    0.084 0.000 0.076    0.038 0.068 0.033   -125427    0 
415500:    1.00    7.970    0.106 0.000 0.087    0.033 0.064 0.032   -125426    0 
415600:    1.00    7.866    0.085 0.000 0.094    0.034 0.083 0.038   -125395    0 
415700:    1.00    7.730    0.090 0.000 0.113    0.034 0.094 0.042   -125363    0 
415800:    1.00    7.844    0.109 0.000 0.112    0.033 0.077 0.041   -125384    0 
415900:    1.00    8.599    0.099 0.000 0.091    0.034 0.082 0.045   -125405    0 

--------------------------------------------
Proportion of membership of each pre-defined
 population in each of the 3 clusters

Given    Inferred Clusters       Number of
 Pop       1      2      3      Individuals

  1:     0.337  0.325  0.338      358
  2:     0.332  0.334  0.334      1039
  3:     0.326  0.342  0.331      603
--------------------------------------------

  Rep#:   Lambda   Alpha      F1    F2    F3     D1,2  D1,3  D2,3    Ln Like  Est Ln P(D)
416000:    1.00    8.808    0.127 0.000 0.103    0.041 0.075 0.035   -125437    0 
416100:    1.00    9.157    0.142 0.000 0.082    0.049 0.089 0.036   -125410    0 
416200:    1.00    8.962    0.154 0.000 0.083    0.051 0.096 0.040   -125380    0 
416300:    1.00    9.205    0.139 0.000 0.096    0.048 0.089 0.039   -125405    0 
416400:    1.00    8.714    0.097 0.000 0.088    0.046 0.096 0.040   -125382    0 
416500:    1.00    8.452    0.112 0.000 0.102    0.043 0.080 0.041   -125382    0 
416600:    1.00    8.819    0.095 0.000 0.114    0.043 0.105 0.047   -125416    0 
416700:    1.00    8.875    0.077 0.000 0.099    0.034 0.094 0.051   -125441    0 
416800:    1.00    9.294    0.067 0.000 0.093    0.032 0.083 0.046   -125469    0 
416900:    1.00    9.394    0.068 0.000 0.108    0.026 0.067 0.043   -125498    0 

--------------------------------------------
Proportion of membership of each pre-defined
 population in each of the 3 clusters

Given    Inferred Clusters       Number of
 Pop       1      2      3      Individuals

  1:     0.337  0.329  0.334      358
  2:     0.335  0.335  0.330      1039
  3:     0.333  0.331  0.335      603
--------------------------------------------

  Rep#:   Lambda   Alpha      F1    F2    F3     D1,2  D1,3  D2,3    Ln Like  Est Ln P(D)
417000:    1.00    9.245    0.096 0.000 0.093    0.034 0.078 0.041   -125404    0 
417100:    1.00    9.467    0.106 0.000 0.118    0.042 0.101 0.049   -125407    0 
417200:    1.00    9.145    0.112 0.000 0.118    0.041 0.108 0.049   -125344    0 
417300:    1.00    9.100    0.117 0.000 0.131    0.054 0.137 0.056   -125334    0 
417400:    1.00    9.001    0.116 0.000 0.128    0.061 0.138 0.051   -125346    0 
417500:    1.00    9.084    0.101 0.000 0.123    0.048 0.123 0.061   -125353    0 
417600:    1.00    9.019    0.118 0.000 0.134    0.047 0.096 0.047   -125372    0 
417700:    1.00    9.137    0.084 0.000 0.137    0.042 0.095 0.051   -125344    0 
417800:    1.00    9.230    0.095 0.000 0.134    0.044 0.116 0.061   -125401    0 
417900:    1.00    9.434    0.126 0.000 0.150    0.048 0.127 0.059   -125323    0 

--------------------------------------------
Proportion of membership of each pre-defined
 population in each of the 3 clusters

Given    Inferred Clusters       Number of
 Pop       1      2      3      Individuals

  1:     0.337  0.335  0.328      358
  2:     0.339  0.330  0.331      1039
  3:     0.335  0.331  0.333      603
--------------------------------------------

  Rep#:   Lambda   Alpha      F1    F2    F3     D1,2  D1,3  D2,3    Ln Like  Est Ln P(D)
418000:    1.00    9.299    0.114 0.000 0.135    0.046 0.116 0.056   -125327    0 
418100:    1.00    9.467    0.123 0.000 0.132    0.040 0.103 0.057   -125425    0 
418200:    1.00    9.507    0.123 0.000 0.136    0.038 0.092 0.052   -125361    0 
418300:    1.00    9.514    0.113 0.000 0.132    0.040 0.093 0.047   -125406    0 
418400:    1.00    9.449    0.137 0.000 0.128    0.048 0.127 0.053   -125429    0 
418500:    1.00    9.794    0.145 0.000 0.113    0.044 0.089 0.043   -125403    0 
418600:    1.00    9.699    0.126 0.000 0.113    0.036 0.073 0.044   -125431    0 
418700:    1.00    9.762    0.139 0.000 0.099    0.042 0.088 0.043   -125414    0 
418800:    1.00    9.879    0.168 0.000 0.129    0.054 0.123 0.054   -125348    0 
418900:    1.00    9.921    0.167 0.000 0.121    0.055 0.119 0.056   -125333    0 

--------------------------------------------
Proportion of membership of each pre-defined
 population in each of the 3 clusters

Given    Inferred Clusters       Number of
 Pop       1      2      3      Individuals

  1:     0.341  0.325  0.334      358
  2:     0.337  0.327  0.336      1039
  3:     0.332  0.334  0.334      603
--------------------------------------------

  Rep#:   Lambda   Alpha      F1    F2    F3     D1,2  D1,3  D2,3    Ln Like  Est Ln P(D)
419000:    1.00    9.529    0.134 0.000 0.129    0.046 0.105 0.053   -125330    0 
419100:    1.00    9.619    0.143 0.000 0.114    0.054 0.117 0.055   -125344    0 
419200:    1.00    9.922    0.126 0.000 0.151    0.049 0.117 0.056   -125398    0 
419300:    1.00    9.709    0.135 0.000 0.150    0.053 0.129 0.063   -125353    0 
419400:    1.00    9.788    0.155 0.000 0.122    0.056 0.129 0.065   -125339    0 
419500:    1.00    9.402    0.122 0.000 0.153    0.048 0.123 0.070   -125344    0 
419600:    1.00    9.088    0.126 0.000 0.115    0.049 0.107 0.055   -125398    0 
419700:    1.00    9.090    0.136 0.000 0.113    0.045 0.098 0.051   -125436    0 
419800:    1.00    9.171    0.106 0.000 0.128    0.043 0.110 0.053   -125401    0 
419900:    1.00    9.282    0.120 0.000 0.120    0.047 0.120 0.050   -125387    0 

--------------------------------------------
Proportion of membership of each pre-defined
 population in each of the 3 clusters

Given    Inferred Clusters       Number of
 Pop       1      2      3      Individuals

  1:     0.334  0.335  0.331      358
  2:     0.334  0.334  0.332      1039
  3:     0.332  0.337  0.330      603
--------------------------------------------

  Rep#:   Lambda   Alpha      F1    F2    F3     D1,2  D1,3  D2,3    Ln Like  Est Ln P(D)
420000:    1.00    8.866    0.150 0.000 0.124    0.039 0.118 0.056   -125367    0 
420100:    1.00    9.136    0.122 0.000 0.099    0.039 0.087 0.042   -125436    0 
420200:    1.00    9.123    0.130 0.000 0.138    0.042 0.115 0.049   -125430    0 
420300:    1.00    9.398    0.101 0.000 0.115    0.042 0.114 0.053   -125369    0 
420400:    1.00    9.901    0.129 0.000 0.092    0.044 0.106 0.042   -125395    0 
420500:    1.00    9.949    0.162 0.000 0.074    0.038 0.072 0.028   -125437    0 
420600:    1.00    9.770    0.131 0.000 0.092    0.039 0.089 0.040   -125429    0 
420700:    1.00    9.875    0.145 0.000 0.097    0.038 0.080 0.038   -125437    0 
420800:    1.00    9.476    0.107 0.000 0.118    0.044 0.089 0.044   -125395    0 
420900:    1.00    9.416    0.101 0.000 0.132    0.043 0.092 0.046   -125408    0 

--------------------------------------------
Proportion of membership of each pre-defined
 population in each of the 3 clusters

Given    Inferred Clusters       Number of
 Pop       1      2      3      Individuals

  1:     0.335  0.332  0.333      358
  2:     0.336  0.333  0.331      1039
  3:     0.334  0.336  0.330      603
--------------------------------------------

  Rep#:   Lambda   Alpha      F1    F2    F3     D1,2  D1,3  D2,3    Ln Like  Est Ln P(D)
421000:    1.00    9.654    0.109 0.000 0.140    0.044 0.109 0.058   -125399    0 
421100:    1.00    9.955    0.119 0.000 0.165    0.044 0.103 0.054   -125389    0 
421200:    1.00    9.459    0.105 0.000 0.121    0.043 0.088 0.047   -125461    0 
421300:    1.00    9.168    0.137 0.000 0.111    0.043 0.096 0.047   -125368    0 
421400:    1.00    9.320    0.098 0.000 0.128    0.043 0.097 0.049   -125370    0 
421500:    1.00    9.166    0.107 0.000 0.162    0.049 0.119 0.057   -125392    0 
421600:    1.00    9.101    0.143 0.000 0.133    0.050 0.114 0.047   -125347    0 
421700:    1.00    9.376    0.146 0.000 0.148    0.053 0.136 0.053   -125381    0 
421800:    1.00    9.377    0.144 0.000 0.180    0.049 0.122 0.054   -125344    0 
421900:    1.00    9.133    0.174 0.000 0.134    0.054 0.123 0.049   -125306    0 

--------------------------------------------
Proportion of membership of each pre-defined
 population in each of the 3 clusters

Given    Inferred Clusters       Number of
 Pop       1      2      3      Individuals

  1:     0.328  0.337  0.335      358
  2:     0.330  0.336  0.334      1039
  3:     0.333  0.337  0.330      603
--------------------------------------------

  Rep#:   Lambda   Alpha      F1    F2    F3     D1,2  D1,3  D2,3    Ln Like  Est Ln P(D)
422000:    1.00    9.461    0.189 0.000 0.129    0.058 0.132 0.055   -125320    0 
422100:    1.00    9.445    0.212 0.000 0.096    0.074 0.121 0.042   -125297    0 
422200:    1.00    9.563    0.211 0.000 0.115    0.072 0.120 0.041   -125327    0 
422300:    1.00    9.622    0.172 0.000 0.094    0.067 0.099 0.040   -125357    0 
422400:    1.00    9.726    0.220 0.000 0.082    0.072 0.101 0.034   -125354    0 
422500:    1.00    9.546    0.143 0.000 0.084    0.071 0.108 0.037   -125408    0 
422600:    1.00    9.226    0.166 0.000 0.087    0.068 0.125 0.044   -125296    0 
422700:    1.00    9.162    0.163 0.000 0.106    0.068 0.130 0.052   -125345    0 
422800:    1.00    9.232    0.136 0.000 0.105    0.070 0.124 0.042   -125365    0 
422900:    1.00    9.752    0.206 0.000 0.114    0.066 0.114 0.043   -125344    0 

--------------------------------------------
Proportion of membership of each pre-defined
 population in each of the 3 clusters

Given    Inferred Clusters       Number of
 Pop       1      2      3      Individuals

  1:     0.329  0.335  0.336      358
  2:     0.333  0.331  0.336      1039
  3:     0.322  0.341  0.336      603
--------------------------------------------

  Rep#:   Lambda   Alpha      F1    F2    F3     D1,2  D1,3  D2,3    Ln Like  Est Ln P(D)
423000:    1.00    9.875    0.153 0.000 0.102    0.065 0.108 0.040   -125411    0 
423100:    1.00    9.800    0.150 0.000 0.115    0.069 0.130 0.045   -125324    0 
423200:    1.00    9.971    0.175 0.000 0.109    0.065 0.123 0.047   -125347    0 
423300:    1.00    9.898    0.141 0.000 0.156    0.066 0.146 0.057   -125320    0 
423400:    1.00    9.822    0.119 0.000 0.160    0.061 0.144 0.058   -125319    0 
423500:    1.00    9.935    0.152 0.000 0.135    0.063 0.148 0.056   -125353    0 
423600:    1.00    9.453    0.147 0.000 0.130    0.073 0.158 0.052   -125308    0 
423700:    1.00    9.801    0.178 0.000 0.118    0.068 0.145 0.051   -125334    0 
423800:    1.00    9.981    0.156 0.000 0.173    0.071 0.133 0.049   -125354    0 
423900:    1.00    9.825    0.158 0.000 0.157    0.080 0.159 0.058   -125337    0 

--------------------------------------------
Proportion of membership of each pre-defined
 population in each of the 3 clusters

Given    Inferred Clusters       Number of
 Pop       1      2      3      Individuals

  1:     0.327  0.334  0.339      358
  2:     0.331  0.334  0.335      1039
  3:     0.333  0.340  0.327      603
--------------------------------------------

  Rep#:   Lambda   Alpha      F1    F2    F3     D1,2  D1,3  D2,3    Ln Like  Est Ln P(D)
424000:    1.00    9.482    0.156 0.000 0.129    0.068 0.144 0.059   -125357    0 
424100:    1.00    9.583    0.198 0.000 0.112    0.074 0.122 0.046   -125322    0 
424200:    1.00    8.907    0.153 0.000 0.095    0.074 0.116 0.042   -125302    0 
424300:    1.00    9.033    0.149 0.000 0.101    0.068 0.116 0.041   -125314    0 
424400:    1.00    8.895    0.167 0.000 0.115    0.066 0.110 0.037   -125341    0 
424500:    1.00    8.777    0.142 0.000 0.131    0.057 0.110 0.044   -125332    0 
424600:    1.00    8.575    0.181 0.000 0.099    0.063 0.116 0.036   -125308    0 
424700:    1.00    8.233    0.147 0.000 0.107    0.065 0.116 0.036   -125308    0 
424800:    1.00    8.393    0.147 0.000 0.097    0.059 0.105 0.031   -125364    0 
424900:    1.00    8.306    0.176 0.000 0.086    0.044 0.083 0.030   -125343    0 

--------------------------------------------
Proportion of membership of each pre-defined
 population in each of the 3 clusters

Given    Inferred Clusters       Number of
 Pop       1      2      3      Individuals

  1:     0.334  0.328  0.338      358
  2:     0.333  0.332  0.335      1039
  3:     0.325  0.343  0.333      603
--------------------------------------------

  Rep#:   Lambda   Alpha      F1    F2    F3     D1,2  D1,3  D2,3    Ln Like  Est Ln P(D)
425000:    1.00    8.191    0.175 0.000 0.080    0.048 0.096 0.031   -125339    0 
425100:    1.00    7.867    0.148 0.000 0.107    0.047 0.094 0.033   -125331    0 
425200:    1.00    8.278    0.151 0.000 0.097    0.049 0.101 0.033   -125339    0 
425300:    1.00    8.250    0.155 0.000 0.106    0.048 0.109 0.044   -125348    0 
425400:    1.00    8.268    0.138 0.000 0.109    0.044 0.100 0.039   -125341    0 
425500:    1.00    8.139    0.124 0.000 0.127    0.047 0.106 0.048   -125330    0 
425600:    1.00    8.399    0.133 0.000 0.110    0.048 0.100 0.041   -125338    0 
425700:    1.00    8.264    0.142 0.000 0.093    0.049 0.095 0.035   -125316    0 
425800:    1.00    8.061    0.191 0.000 0.076    0.062 0.113 0.032   -125369    0 
425900:    1.00    8.166    0.145 0.000 0.055    0.060 0.087 0.026   -125365    0 

--------------------------------------------
Proportion of membership of each pre-defined
 population in each of the 3 clusters

Given    Inferred Clusters       Number of
 Pop       1      2      3      Individuals

  1:     0.329  0.333  0.339      358
  2:     0.337  0.328  0.335      1039
  3:     0.335  0.335  0.330      603
--------------------------------------------

  Rep#:   Lambda   Alpha      F1    F2    F3     D1,2  D1,3  D2,3    Ln Like  Est Ln P(D)
426000:    1.00    7.966    0.122 0.000 0.061    0.059 0.105 0.032   -125361    0 
426100:    1.00    7.747    0.144 0.000 0.076    0.053 0.093 0.028   -125348    0 
426200:    1.00    7.448    0.182 0.000 0.087    0.055 0.114 0.037   -125295    0 
426300:    1.00    7.577    0.154 0.000 0.075    0.048 0.090 0.029   -125356    0 
426400:    1.00    7.477    0.129 0.000 0.068    0.045 0.086 0.030   -125335    0 
426500:    1.00    7.998    0.114 0.000 0.061    0.037 0.068 0.030   -125398    0 
426600:    1.00    7.429    0.109 0.000 0.089    0.040 0.077 0.036   -125318    0 
426700:    1.00    7.398    0.151 0.000 0.104    0.047 0.093 0.045   -125283    0 
426800:    1.00    7.208    0.135 0.000 0.095    0.050 0.090 0.043   -125236    0 
426900:    1.00    7.086    0.178 0.000 0.105    0.052 0.106 0.040   -125241    0 

--------------------------------------------
Proportion of membership of each pre-defined
 population in each of the 3 clusters

Given    Inferred Clusters       Number of
 Pop       1      2      3      Individuals

  1:     0.339  0.330  0.331      358
  2:     0.341  0.329  0.330      1039
  3:     0.330  0.334  0.336      603
--------------------------------------------

  Rep#:   Lambda   Alpha      F1    F2    F3     D1,2  D1,3  D2,3    Ln Like  Est Ln P(D)
427000:    1.00    7.126    0.167 0.000 0.113    0.048 0.124 0.056   -125269    0 
427100:    1.00    6.993    0.140 0.000 0.107    0.045 0.101 0.042   -125260    0 
427200:    1.00    7.061    0.144 0.000 0.093    0.042 0.100 0.038   -125304    0 
427300:    1.00    7.058    0.107 0.000 0.074    0.034 0.086 0.038   -125295    0 
427400:    1.00    6.789    0.100 0.000 0.079    0.035 0.080 0.037   -125241    0 
427500:    1.00    7.236    0.113 0.000 0.106    0.032 0.088 0.045   -125385    0 
427600:    1.00    7.290    0.118 0.000 0.120    0.035 0.091 0.047   -125290    0 
427700:    1.00    7.342    0.116 0.000 0.101    0.045 0.106 0.048   -125303    0 
427800:    1.00    7.065    0.078 0.000 0.117    0.038 0.091 0.046   -125269    0 
427900:    1.00    6.987    0.091 0.000 0.110    0.038 0.089 0.043   -125316    0 

--------------------------------------------
Proportion of membership of each pre-defined
 population in each of the 3 clusters

Given    Inferred Clusters       Number of
 Pop       1      2      3      Individuals

  1:     0.336  0.330  0.334      358
  2:     0.333  0.327  0.340      1039
  3:     0.327  0.336  0.337      603
--------------------------------------------

  Rep#:   Lambda   Alpha      F1    F2    F3     D1,2  D1,3  D2,3    Ln Like  Est Ln P(D)
428000:    1.00    6.959    0.121 0.000 0.111    0.042 0.100 0.043   -125310    0 
428100:    1.00    6.715    0.119 0.000 0.087    0.039 0.089 0.038   -125295    0 
428200:    1.00    7.117    0.139 0.000 0.074    0.049 0.107 0.036   -125257    0 
428300:    1.00    6.852    0.123 0.000 0.100    0.045 0.103 0.039   -125268    0 
428400:    1.00    7.059    0.126 0.000 0.081    0.042 0.092 0.040   -125262    0 
428500:    1.00    6.754    0.117 0.000 0.082    0.033 0.069 0.033   -125302    0 
428600:    1.00    6.852    0.096 0.000 0.098    0.035 0.080 0.037   -125311    0 
428700:    1.00    6.791    0.107 0.000 0.099    0.046 0.088 0.041   -125298    0 
428800:    1.00    6.773    0.118 0.000 0.086    0.050 0.091 0.042   -125253    0 
428900:    1.00    6.636    0.120 0.000 0.110    0.040 0.079 0.046   -125275    0 

--------------------------------------------
Proportion of membership of each pre-defined
 population in each of the 3 clusters

Given    Inferred Clusters       Number of
 Pop       1      2      3      Individuals

  1:     0.331  0.342  0.328      358
  2:     0.339  0.324  0.337      1039
  3:     0.329  0.342  0.330      603
--------------------------------------------

  Rep#:   Lambda   Alpha      F1    F2    F3     D1,2  D1,3  D2,3    Ln Like  Est Ln P(D)
429000:    1.00    6.438    0.111 0.000 0.097    0.041 0.083 0.040   -125313    0 
429100:    1.00    5.806    0.130 0.000 0.094    0.036 0.072 0.035   -125313    0 
429200:    1.00    5.949    0.086 0.000 0.082    0.039 0.079 0.027   -125270    0 
429300:    1.00    6.438    0.081 0.000 0.073    0.038 0.084 0.034   -125293    0 
429400:    1.00    6.448    0.105 0.000 0.094    0.037 0.073 0.028   -125318    0 
429500:    1.00    6.638    0.121 0.000 0.093    0.046 0.091 0.031   -125341    0 
429600:    1.00    6.335    0.110 0.000 0.084    0.036 0.077 0.033   -125255    0 
429700:    1.00    6.174    0.137 0.000 0.067    0.042 0.074 0.029   -125248    0 
429800:    1.00    6.324    0.112 0.000 0.090    0.045 0.072 0.030   -125351    0 
429900:    1.00    6.400    0.145 0.000 0.084    0.055 0.081 0.036   -125316    0 

--------------------------------------------
Proportion of membership of each pre-defined
 population in each of the 3 clusters

Given    Inferred Clusters       Number of
 Pop       1      2      3      Individuals

  1:     0.335  0.328  0.336      358
  2:     0.335  0.334  0.331      1039
  3:     0.331  0.335  0.334      603
--------------------------------------------

  Rep#:   Lambda   Alpha      F1    F2    F3     D1,2  D1,3  D2,3    Ln Like  Est Ln P(D)
430000:    1.00    6.517    0.147 0.000 0.090    0.055 0.093 0.033   -125257    0 
430100:    1.00    6.473    0.157 0.000 0.086    0.051 0.090 0.035   -125201    0 
430200:    1.00    6.635    0.126 0.000 0.108    0.051 0.093 0.035   -125252    0 
430300:    1.00    6.728    0.105 0.000 0.125    0.040 0.100 0.044   -125205    0 
430400:    1.00    6.623    0.106 0.000 0.105    0.039 0.075 0.040   -125308    0 
430500:    1.00    6.746    0.152 0.000 0.109    0.047 0.090 0.045   -125236    0 
430600:    1.00    6.469    0.139 0.000 0.104    0.055 0.097 0.040   -125289    0 
430700:    1.00    6.422    0.112 0.000 0.123    0.042 0.093 0.048   -125268    0 
430800:    1.00    6.250    0.092 0.000 0.124    0.034 0.082 0.047   -125245    0 
430900:    1.00    6.097    0.081 0.000 0.156    0.040 0.087 0.048   -125187    0 

--------------------------------------------
Proportion of membership of each pre-defined
 population in each of the 3 clusters

Given    Inferred Clusters       Number of
 Pop       1      2      3      Individuals

  1:     0.336  0.326  0.338      358
  2:     0.339  0.326  0.336      1039
  3:     0.335  0.336  0.329      603
--------------------------------------------

  Rep#:   Lambda   Alpha      F1    F2    F3     D1,2  D1,3  D2,3    Ln Like  Est Ln P(D)
431000:    1.00    6.067    0.107 0.000 0.092    0.043 0.087 0.044   -125251    0 
431100:    1.00    6.297    0.142 0.000 0.125    0.050 0.086 0.044   -125217    0 
431200:    1.00    6.449    0.148 0.000 0.108    0.054 0.111 0.050   -125204    0 
431300:    1.00    6.395    0.103 0.000 0.111    0.050 0.087 0.046   -125301    0 
431400:    1.00    6.497    0.125 0.000 0.126    0.050 0.090 0.048   -125281    0 
431500:    1.00    6.643    0.107 0.000 0.111    0.039 0.070 0.037   -125343    0 
431600:    1.00    6.829    0.105 0.000 0.127    0.044 0.094 0.044   -125343    0 
431700:    1.00    6.739    0.126 0.000 0.124    0.036 0.093 0.049   -125294    0 
431800:    1.00    7.048    0.128 0.000 0.119    0.041 0.108 0.047   -125271    0 
431900:    1.00    7.108    0.111 0.000 0.118    0.045 0.106 0.050   -125358    0 

--------------------------------------------
Proportion of membership of each pre-defined
 population in each of the 3 clusters

Given    Inferred Clusters       Number of
 Pop       1      2      3      Individuals

  1:     0.324  0.340  0.336      358
  2:     0.333  0.333  0.334      1039
  3:     0.340  0.329  0.331      603
--------------------------------------------

  Rep#:   Lambda   Alpha      F1    F2    F3     D1,2  D1,3  D2,3    Ln Like  Est Ln P(D)
432000:    1.00    6.850    0.137 0.000 0.115    0.051 0.097 0.037   -125260    0 
432100:    1.00    6.679    0.126 0.000 0.087    0.050 0.091 0.041   -125227    0 
432200:    1.00    6.775    0.119 0.000 0.124    0.050 0.087 0.033   -125322    0 
432300:    1.00    6.743    0.128 0.000 0.118    0.039 0.083 0.040   -125312    0 
432400:    1.00    6.730    0.129 0.000 0.107    0.039 0.075 0.035   -125336    0 
432500:    1.00    7.090    0.107 0.000 0.085    0.038 0.078 0.039   -125294    0 
432600:    1.00    6.594    0.081 0.000 0.100    0.038 0.087 0.043   -125260    0 
432700:    1.00    7.104    0.105 0.000 0.111    0.044 0.083 0.042   -125299    0 
432800:    1.00    7.574    0.091 0.000 0.132    0.035 0.107 0.057   -125309    0 
432900:    1.00    7.305    0.108 0.000 0.149    0.036 0.098 0.054   -125286    0 

--------------------------------------------
Proportion of membership of each pre-defined
 population in each of the 3 clusters

Given    Inferred Clusters       Number of
 Pop       1      2      3      Individuals

  1:     0.340  0.330  0.330      358
  2:     0.329  0.333  0.338      1039
  3:     0.337  0.337  0.327      603
--------------------------------------------

  Rep#:   Lambda   Alpha      F1    F2    F3     D1,2  D1,3  D2,3    Ln Like  Est Ln P(D)
433000:    1.00    7.323    0.098 0.000 0.136    0.038 0.090 0.045   -125305    0 
433100:    1.00    7.778    0.097 0.000 0.134    0.039 0.096 0.051   -125379    0 
433200:    1.00    8.035    0.125 0.000 0.133    0.045 0.089 0.040   -125338    0 
433300:    1.00    8.404    0.104 0.000 0.081    0.043 0.055 0.027   -125404    0 
433400:    1.00    8.649    0.127 0.000 0.079    0.047 0.076 0.029   -125443    0 
433500:    1.00    8.957    0.110 0.000 0.064    0.047 0.076 0.023   -125402    0 
433600:    1.00    8.747    0.167 0.000 0.063    0.052 0.079 0.021   -125369    0 
433700:    1.00    8.968    0.148 0.000 0.046    0.049 0.076 0.021   -125392    0 
433800:    1.00    8.761    0.122 0.000 0.048    0.046 0.048 0.021   -125489    0 
433900:    1.00    8.386    0.124 0.000 0.042    0.053 0.068 0.015   -125433    0 

--------------------------------------------
Proportion of membership of each pre-defined
 population in each of the 3 clusters

Given    Inferred Clusters       Number of
 Pop       1      2      3      Individuals

  1:     0.336  0.336  0.328      358
  2:     0.332  0.336  0.333      1039
  3:     0.335  0.335  0.330      603
--------------------------------------------

  Rep#:   Lambda   Alpha      F1    F2    F3     D1,2  D1,3  D2,3    Ln Like  Est Ln P(D)
434000:    1.00    8.136    0.149 0.000 0.049    0.063 0.084 0.016   -125426    0 
434100:    1.00    8.477    0.177 0.000 0.032    0.071 0.091 0.012   -125433    0 
434200:    1.00    8.313    0.156 0.000 0.034    0.052 0.076 0.010   -125489    0 
434300:    1.00    7.996    0.151 0.000 0.036    0.049 0.070 0.015   -125407    0 
434400:    1.00    7.874    0.174 0.000 0.045    0.062 0.090 0.019   -125340    0 
434500:    1.00    8.082    0.144 0.000 0.035    0.051 0.068 0.015   -125414    0 
434600:    1.00    8.090    0.120 0.000 0.034    0.050 0.072 0.013   -125442    0 
434700:    1.00    7.811    0.122 0.000 0.040    0.048 0.071 0.014   -125456    0 
434800:    1.00    7.985    0.181 0.000 0.048    0.058 0.081 0.017   -125366    0 
434900:    1.00    8.377    0.182 0.000 0.051    0.053 0.071 0.012   -125445    0 

--------------------------------------------
Proportion of membership of each pre-defined
 population in each of the 3 clusters

Given    Inferred Clusters       Number of
 Pop       1      2      3      Individuals

  1:     0.332  0.334  0.334      358
  2:     0.329  0.336  0.335      1039
  3:     0.329  0.336  0.335      603
--------------------------------------------

  Rep#:   Lambda   Alpha      F1    F2    F3     D1,2  D1,3  D2,3    Ln Like  Est Ln P(D)
435000:    1.00    8.378    0.160 0.000 0.052    0.053 0.093 0.019   -125441    0 
435100:    1.00    8.546    0.152 0.000 0.067    0.054 0.087 0.028   -125408    0 
435200:    1.00    8.964    0.142 0.000 0.095    0.053 0.080 0.029   -125369    0 
435300:    1.00    9.171    0.093 0.000 0.106    0.050 0.083 0.031   -125376    0 
435400:    1.00    9.248    0.115 0.000 0.132    0.056 0.092 0.036   -125411    0 
435500:    1.00    9.225    0.177 0.000 0.085    0.059 0.100 0.032   -125401    0 
435600:    1.00    9.252    0.146 0.000 0.087    0.056 0.089 0.033   -125403    0 
435700:    1.00    9.451    0.161 0.000 0.087    0.045 0.089 0.030   -125422    0 
435800:    1.00    9.642    0.156 0.000 0.081    0.047 0.085 0.028   -125434    0 
435900:    1.00    9.404    0.096 0.000 0.126    0.043 0.093 0.037   -125440    0 

--------------------------------------------
Proportion of membership of each pre-defined
 population in each of the 3 clusters

Given    Inferred Clusters       Number of
 Pop       1      2      3      Individuals

  1:     0.333  0.332  0.335      358
  2:     0.337  0.332  0.331      1039
  3:     0.335  0.336  0.328      603
--------------------------------------------

  Rep#:   Lambda   Alpha      F1    F2    F3     D1,2  D1,3  D2,3    Ln Like  Est Ln P(D)
436000:    1.00    9.587    0.138 0.000 0.087    0.041 0.080 0.033   -125428    0 
436100:    1.00    9.846    0.126 0.000 0.106    0.041 0.080 0.038   -125450    0 
436200:    1.00    9.909    0.170 0.000 0.095    0.057 0.108 0.036   -125407    0 
436300:    1.00    9.919    0.139 0.000 0.100    0.060 0.102 0.040   -125350    0 
436400:    1.00    9.666    0.150 0.000 0.097    0.056 0.099 0.038   -125370    0 
436500:    1.00    9.550    0.131 0.000 0.097    0.056 0.107 0.038   -125391    0 
436600:    1.00    8.968    0.131 0.000 0.139    0.047 0.097 0.045   -125440    0 
436700:    1.00    8.667    0.134 0.000 0.126    0.047 0.123 0.055   -125369    0 
436800:    1.00    8.676    0.140 0.000 0.130    0.050 0.128 0.051   -125370    0 
436900:    1.00    9.036    0.136 0.000 0.108    0.048 0.127 0.057   -125335    0 

--------------------------------------------
Proportion of membership of each pre-defined
 population in each of the 3 clusters

Given    Inferred Clusters       Number of
 Pop       1      2      3      Individuals

  1:     0.330  0.334  0.336      358
  2:     0.334  0.334  0.331      1039
  3:     0.336  0.332  0.331      603
--------------------------------------------

  Rep#:   Lambda   Alpha      F1    F2    F3     D1,2  D1,3  D2,3    Ln Like  Est Ln P(D)
437000:    1.00    9.182    0.127 0.000 0.130    0.056 0.129 0.054   -125353    0 
437100:    1.00    9.166    0.145 0.000 0.097    0.052 0.107 0.038   -125379    0 
437200:    1.00    9.061    0.119 0.000 0.082    0.045 0.102 0.041   -125366    0 
437300:    1.00    9.234    0.161 0.000 0.151    0.045 0.101 0.042   -125392    0 
437400:    1.00    9.094    0.150 0.000 0.140    0.054 0.118 0.054   -125325    0 
437500:    1.00    9.395    0.138 0.000 0.115    0.050 0.095 0.050   -125324    0 
437600:    1.00    9.571    0.125 0.000 0.133    0.048 0.087 0.044   -125397    0 
437700:    1.00    9.433    0.144 0.000 0.114    0.054 0.092 0.042   -125408    0 
437800:    1.00    9.458    0.136 0.000 0.156    0.062 0.107 0.051   -125383    0 
437900:    1.00    9.519    0.118 0.000 0.159    0.057 0.108 0.058   -125353    0 

--------------------------------------------
Proportion of membership of each pre-defined
 population in each of the 3 clusters

Given    Inferred Clusters       Number of
 Pop       1      2      3      Individuals

  1:     0.335  0.333  0.332      358
  2:     0.332  0.330  0.338      1039
  3:     0.334  0.334  0.332      603
--------------------------------------------

  Rep#:   Lambda   Alpha      F1    F2    F3     D1,2  D1,3  D2,3    Ln Like  Est Ln P(D)
438000:    1.00    9.178    0.125 0.000 0.106    0.061 0.115 0.044   -125343    0 
438100:    1.00    9.227    0.125 0.000 0.121    0.050 0.094 0.044   -125384    0 
438200:    1.00    9.259    0.113 0.000 0.091    0.051 0.096 0.038   -125415    0 
438300:    1.00    9.002    0.122 0.000 0.121    0.053 0.086 0.035   -125427    0 
438400:    1.00    8.848    0.145 0.000 0.126    0.058 0.108 0.035   -125348    0 
438500:    1.00    8.533    0.128 0.000 0.129    0.052 0.107 0.051   -125296    0 
438600:    1.00    8.671    0.200 0.000 0.169    0.058 0.128 0.055   -125265    0 
438700:    1.00    8.990    0.179 0.000 0.131    0.060 0.126 0.047   -125281    0 
438800:    1.00    8.950    0.136 0.000 0.164    0.064 0.152 0.061   -125245    0 
438900:    1.00    9.352    0.145 0.000 0.147    0.074 0.161 0.065   -125307    0 

--------------------------------------------
Proportion of membership of each pre-defined
 population in each of the 3 clusters

Given    Inferred Clusters       Number of
 Pop       1      2      3      Individuals

  1:     0.331  0.328  0.341      358
  2:     0.335  0.330  0.335      1039
  3:     0.334  0.333  0.332      603
--------------------------------------------

  Rep#:   Lambda   Alpha      F1    F2    F3     D1,2  D1,3  D2,3    Ln Like  Est Ln P(D)
439000:    1.00    9.272    0.140 0.000 0.131    0.075 0.155 0.058   -125291    0 
439100:    1.00    9.331    0.157 0.000 0.145    0.072 0.150 0.063   -125235    0 
439200:    1.00    9.349    0.168 0.000 0.164    0.068 0.130 0.054   -125309    0 
439300:    1.00    9.335    0.189 0.000 0.142    0.074 0.129 0.049   -125276    0 
439400:    1.00    9.267    0.230 0.000 0.127    0.078 0.143 0.048   -125326    0 
439500:    1.00    9.468    0.255 0.000 0.128    0.073 0.162 0.062   -125197    0 
439600:    1.00    9.370    0.212 0.000 0.128    0.065 0.154 0.053   -125315    0 
439700:    1.00    9.038    0.141 0.000 0.106    0.050 0.102 0.053   -125394    0 
439800:    1.00    9.171    0.135 0.000 0.107    0.050 0.102 0.045   -125364    0 
439900:    1.00    9.083    0.142 0.000 0.107    0.049 0.113 0.047   -125389    0 

--------------------------------------------
Proportion of membership of each pre-defined
 population in each of the 3 clusters

Given    Inferred Clusters       Number of
 Pop       1      2      3      Individuals

  1:     0.330  0.336  0.334      358
  2:     0.341  0.330  0.329      1039
  3:     0.335  0.330  0.335      603
--------------------------------------------

  Rep#:   Lambda   Alpha      F1    F2    F3     D1,2  D1,3  D2,3    Ln Like  Est Ln P(D)
440000:    1.00    9.103    0.133 0.000 0.108    0.041 0.096 0.047   -125378    0 
440100:    1.00    8.915    0.149 0.000 0.088    0.044 0.086 0.044   -125370    0 
440200:    1.00    8.857    0.145 0.000 0.103    0.055 0.111 0.041   -125354    0 
440300:    1.00    8.523    0.120 0.000 0.117    0.052 0.099 0.038   -125349    0 
440400:    1.00    8.666    0.131 0.000 0.108    0.051 0.106 0.045   -125331    0 
440500:    1.00    8.979    0.142 0.000 0.129    0.044 0.099 0.044   -125346    0 
440600:    1.00    8.660    0.112 0.000 0.097    0.046 0.096 0.039   -125371    0 
440700:    1.00    8.671    0.106 0.000 0.092    0.047 0.093 0.033   -125396    0 
440800:    1.00    8.594    0.093 0.000 0.099    0.036 0.081 0.031   -125421    0 
440900:    1.00    8.695    0.080 0.000 0.105    0.042 0.084 0.034   -125373    0 

--------------------------------------------
Proportion of membership of each pre-defined
 population in each of the 3 clusters

Given    Inferred Clusters       Number of
 Pop       1      2      3      Individuals

  1:     0.329  0.330  0.340      358
  2:     0.335  0.331  0.334      1039
  3:     0.336  0.336  0.327      603
--------------------------------------------

  Rep#:   Lambda   Alpha      F1    F2    F3     D1,2  D1,3  D2,3    Ln Like  Est Ln P(D)
441000:    1.00    8.904    0.114 0.000 0.100    0.056 0.122 0.041   -125322    0 
441100:    1.00    8.810    0.122 0.000 0.118    0.049 0.117 0.045   -125354    0 
441200:    1.00    8.510    0.112 0.000 0.141    0.050 0.113 0.049   -125350    0 
441300:    1.00    8.435    0.145 0.000 0.092    0.048 0.104 0.042   -125335    0 
441400:    1.00    8.595    0.150 0.000 0.093    0.041 0.079 0.037   -125363    0 
441500:    1.00    8.446    0.165 0.000 0.128    0.047 0.120 0.047   -125266    0 
441600:    1.00    8.633    0.149 0.000 0.147    0.051 0.109 0.046   -125344    0 
441700:    1.00    8.928    0.132 0.000 0.116    0.053 0.113 0.045   -125364    0 
441800:    1.00    9.788    0.142 0.000 0.117    0.065 0.123 0.039   -125369    0 
441900:    1.00    9.895    0.153 0.000 0.101    0.066 0.113 0.038   -125390    0 

--------------------------------------------
Proportion of membership of each pre-defined
 population in each of the 3 clusters

Given    Inferred Clusters       Number of
 Pop       1      2      3      Individuals

  1:     0.337  0.328  0.335      358
  2:     0.335  0.333  0.332      1039
  3:     0.332  0.334  0.334      603
--------------------------------------------

  Rep#:   Lambda   Alpha      F1    F2    F3     D1,2  D1,3  D2,3    Ln Like  Est Ln P(D)
442000:    1.00    9.599    0.163 0.000 0.097    0.067 0.096 0.033   -125373    0 
442100:    1.00    9.510    0.164 0.000 0.100    0.082 0.130 0.035   -125294    0 
442200:    1.00    9.564    0.159 0.000 0.075    0.057 0.089 0.030   -125417    0 
442300:    1.00    9.388    0.122 0.000 0.119    0.057 0.104 0.043   -125399    0 
442400:    1.00    9.506    0.189 0.000 0.113    0.054 0.121 0.046   -125384    0 
442500:    1.00    9.767    0.128 0.000 0.102    0.053 0.131 0.048   -125435    0 
442600:    1.00    9.882    0.178 0.000 0.104    0.053 0.112 0.041   -125367    0 
442700:    1.00    9.900    0.197 0.000 0.145    0.058 0.120 0.056   -125323    0 
442800:    1.00    9.910    0.152 0.000 0.129    0.059 0.100 0.045   -125360    0 
442900:    1.00    9.832    0.102 0.000 0.172    0.054 0.093 0.045   -125311    0 

--------------------------------------------
Proportion of membership of each pre-defined
 population in each of the 3 clusters

Given    Inferred Clusters       Number of
 Pop       1      2      3      Individuals

  1:     0.334  0.334  0.331      358
  2:     0.332  0.333  0.335      1039
  3:     0.335  0.331  0.334      603
--------------------------------------------

  Rep#:   Lambda   Alpha      F1    F2    F3     D1,2  D1,3  D2,3    Ln Like  Est Ln P(D)
443000:    1.00    9.989    0.166 0.000 0.112    0.050 0.094 0.046   -125380    0 
443100:    1.00    9.965    0.165 0.000 0.110    0.056 0.111 0.044   -125346    0 
443200:    1.00    9.503    0.162 0.000 0.133    0.065 0.136 0.051   -125395    0 
443300:    1.00    9.288    0.155 0.000 0.139    0.060 0.103 0.039   -125338    0 
443400:    1.00    9.181    0.168 0.000 0.121    0.069 0.115 0.042   -125327    0 
443500:    1.00    9.449    0.189 0.000 0.161    0.071 0.115 0.053   -125278    0 
443600:    1.00    9.782    0.168 0.000 0.134    0.067 0.132 0.057   -125325    0 
443700:    1.00    9.705    0.166 0.000 0.123    0.056 0.120 0.061   -125334    0 
443800:    1.00    9.451    0.128 0.000 0.141    0.068 0.128 0.053   -125364    0 
443900:    1.00    9.612    0.173 0.000 0.128    0.075 0.118 0.043   -125298    0 

--------------------------------------------
Proportion of membership of each pre-defined
 population in each of the 3 clusters

Given    Inferred Clusters       Number of
 Pop       1      2      3      Individuals

  1:     0.339  0.334  0.327      358
  2:     0.331  0.333  0.335      1039
  3:     0.333  0.340  0.328      603
--------------------------------------------

  Rep#:   Lambda   Alpha      F1    F2    F3     D1,2  D1,3  D2,3    Ln Like  Est Ln P(D)
444000:    1.00    9.913    0.165 0.000 0.099    0.057 0.104 0.043   -125340    0 
444100:    1.00    9.291    0.189 0.000 0.129    0.065 0.125 0.047   -125264    0 
444200:    1.00    9.340    0.178 0.000 0.133    0.056 0.106 0.042   -125322    0 
444300:    1.00    9.458    0.214 0.000 0.128    0.069 0.138 0.049   -125332    0 
444400:    1.00    9.869    0.207 0.000 0.120    0.061 0.129 0.051   -125322    0 
444500:    1.00    9.973    0.207 0.000 0.101    0.072 0.131 0.046   -125337    0 
444600:    1.00    9.966    0.193 0.000 0.099    0.064 0.117 0.046   -125312    0 
444700:    1.00    9.766    0.191 0.000 0.112    0.065 0.123 0.044   -125295    0 
444800:    1.00    9.785    0.221 0.000 0.113    0.076 0.148 0.056   -125319    0 
444900:    1.00    9.740    0.178 0.000 0.166    0.072 0.139 0.056   -125261    0 

--------------------------------------------
Proportion of membership of each pre-defined
 population in each of the 3 clusters

Given    Inferred Clusters       Number of
 Pop       1      2      3      Individuals

  1:     0.331  0.339  0.329      358
  2:     0.336  0.331  0.332      1039
  3:     0.335  0.332  0.333      603
--------------------------------------------

  Rep#:   Lambda   Alpha      F1    F2    F3     D1,2  D1,3  D2,3    Ln Like  Est Ln P(D)
445000:    1.00    9.895    0.162 0.000 0.141    0.056 0.129 0.067   -125317    0 
445100:    1.00    9.970    0.141 0.000 0.111    0.058 0.109 0.047   -125396    0 
445200:    1.00    9.952    0.210 0.000 0.094    0.065 0.139 0.054   -125346    0 
445300:    1.00    9.958    0.215 0.000 0.105    0.065 0.116 0.041   -125340    0 
445400:    1.00    9.975    0.195 0.000 0.156    0.058 0.112 0.054   -125319    0 
445500:    1.00    9.920    0.156 0.000 0.137    0.067 0.123 0.049   -125355    0 
445600:    1.00    9.815    0.166 0.000 0.132    0.057 0.113 0.054   -125337    0 
445700:    1.00    9.842    0.180 0.000 0.110    0.061 0.125 0.057   -125412    0 
445800:    1.00    9.527    0.160 0.000 0.173    0.062 0.137 0.071   -125305    0 
445900:    1.00    9.208    0.152 0.000 0.142    0.068 0.139 0.070   -125322    0 

--------------------------------------------
Proportion of membership of each pre-defined
 population in each of the 3 clusters

Given    Inferred Clusters       Number of
 Pop       1      2      3      Individuals

  1:     0.324  0.337  0.339      358
  2:     0.332  0.335  0.333      1039
  3:     0.331  0.338  0.332      603
--------------------------------------------

  Rep#:   Lambda   Alpha      F1    F2    F3     D1,2  D1,3  D2,3    Ln Like  Est Ln P(D)
446000:    1.00    9.308    0.213 0.000 0.128    0.062 0.128 0.074   -125272    0 
446100:    1.00    9.288    0.167 0.000 0.137    0.056 0.123 0.060   -125256    0 
446200:    1.00    9.302    0.164 0.000 0.149    0.056 0.111 0.055   -125339    0 
446300:    1.00    9.325    0.206 0.000 0.140    0.051 0.132 0.063   -125305    0 
446400:    1.00    9.467    0.128 0.000 0.193    0.048 0.122 0.063   -125332    0 
446500:    1.00    9.478    0.118 0.000 0.132    0.047 0.120 0.054   -125318    0 
446600:    1.00    9.300    0.135 0.000 0.116    0.059 0.129 0.053   -125345    0 
446700:    1.00    9.117    0.159 0.000 0.114    0.051 0.109 0.049   -125389    0 
446800:    1.00    9.198    0.137 0.000 0.148    0.059 0.108 0.047   -125336    0 
446900:    1.00    8.657    0.133 0.000 0.110    0.066 0.105 0.044   -125322    0 

--------------------------------------------
Proportion of membership of each pre-defined
 population in each of the 3 clusters

Given    Inferred Clusters       Number of
 Pop       1      2      3      Individuals

  1:     0.331  0.338  0.331      358
  2:     0.335  0.331  0.334      1039
  3:     0.335  0.331  0.335      603
--------------------------------------------

  Rep#:   Lambda   Alpha      F1    F2    F3     D1,2  D1,3  D2,3    Ln Like  Est Ln P(D)
447000:    1.00    8.181    0.178 0.000 0.125    0.074 0.124 0.043   -125293    0 
447100:    1.00    7.893    0.166 0.000 0.170    0.070 0.123 0.047   -125235    0 
447200:    1.00    8.218    0.152 0.000 0.128    0.064 0.114 0.043   -125267    0 
447300:    1.00    8.524    0.139 0.000 0.111    0.065 0.107 0.043   -125315    0 
447400:    1.00    8.686    0.146 0.000 0.098    0.070 0.115 0.041   -125329    0 
447500:    1.00    9.090    0.164 0.000 0.110    0.065 0.133 0.050   -125312    0 
447600:    1.00    9.203    0.157 0.000 0.109    0.064 0.112 0.048   -125314    0 
447700:    1.00    9.119    0.173 0.000 0.095    0.079 0.122 0.042   -125293    0 
447800:    1.00    8.679    0.164 0.000 0.138    0.074 0.129 0.040   -125298    0 
447900:    1.00    8.911    0.179 0.000 0.134    0.088 0.147 0.051   -125298    0 

--------------------------------------------
Proportion of membership of each pre-defined
 population in each of the 3 clusters

Given    Inferred Clusters       Number of
 Pop       1      2      3      Individuals

  1:     0.328  0.331  0.341      358
  2:     0.335  0.334  0.331      1039
  3:     0.334  0.336  0.330      603
--------------------------------------------

  Rep#:   Lambda   Alpha      F1    F2    F3     D1,2  D1,3  D2,3    Ln Like  Est Ln P(D)
448000:    1.00    8.959    0.177 0.000 0.124    0.080 0.134 0.058   -125284    0 
448100:    1.00    8.903    0.148 0.000 0.137    0.068 0.123 0.050   -125318    0 
448200:    1.00    9.046    0.131 0.000 0.104    0.072 0.106 0.034   -125348    0 
448300:    1.00    8.922    0.145 0.000 0.087    0.070 0.111 0.035   -125296    0 
448400:    1.00    8.949    0.114 0.000 0.104    0.063 0.109 0.041   -125276    0 
448500:    1.00    8.776    0.111 0.000 0.114    0.049 0.091 0.043   -125308    0 
448600:    1.00    8.501    0.125 0.000 0.095    0.057 0.106 0.041   -125284    0 
448700:    1.00    8.569    0.128 0.000 0.138    0.055 0.112 0.046   -125366    0 
448800:    1.00    8.852    0.127 0.000 0.114    0.052 0.099 0.048   -125327    0 
448900:    1.00    8.765    0.113 0.000 0.146    0.045 0.111 0.063   -125331    0 

--------------------------------------------
Proportion of membership of each pre-defined
 population in each of the 3 clusters

Given    Inferred Clusters       Number of
 Pop       1      2      3      Individuals

  1:     0.332  0.336  0.333      358
  2:     0.332  0.334  0.333      1039
  3:     0.336  0.332  0.332      603
--------------------------------------------

  Rep#:   Lambda   Alpha      F1    F2    F3     D1,2  D1,3  D2,3    Ln Like  Est Ln P(D)
449000:    1.00    9.049    0.094 0.000 0.192    0.041 0.107 0.062   -125406    0 
449100:    1.00    8.935    0.098 0.000 0.132    0.048 0.114 0.062   -125336    0 
449200:    1.00    8.805    0.097 0.000 0.145    0.042 0.094 0.054   -125361    0 
449300:    1.00    8.872    0.105 0.000 0.116    0.052 0.119 0.059   -125338    0 
449400:    1.00    8.639    0.136 0.000 0.092    0.060 0.110 0.047   -125336    0 
449500:    1.00    8.537    0.137 0.000 0.096    0.051 0.101 0.038   -125337    0 
449600:    1.00    8.535    0.135 0.000 0.107    0.052 0.098 0.036   -125300    0 
449700:    1.00    8.617    0.148 0.000 0.095    0.057 0.106 0.030   -125353    0 
449800:    1.00    8.486    0.110 0.000 0.090    0.055 0.104 0.029   -125368    0 
449900:    1.00    8.294    0.129 0.000 0.098    0.050 0.106 0.034   -125356    0 

--------------------------------------------
Proportion of membership of each pre-defined
 population in each of the 3 clusters

Given    Inferred Clusters       Number of
 Pop       1      2      3      Individuals

  1:     0.336  0.335  0.329      358
  2:     0.333  0.335  0.331      1039
  3:     0.331  0.335  0.335      603
--------------------------------------------

  Rep#:   Lambda   Alpha      F1    F2    F3     D1,2  D1,3  D2,3    Ln Like  Est Ln P(D)
450000:    1.00    8.580    0.111 0.000 0.111    0.050 0.106 0.039   -125397    0 
450100:    1.00    8.960    0.141 0.000 0.099    0.059 0.110 0.041   -125389    0 
450200:    1.00    8.863    0.126 0.000 0.120    0.054 0.114 0.045   -125333    0 
450300:    1.00    9.314    0.137 0.000 0.120    0.054 0.110 0.038   -125346    0 
450400:    1.00    9.451    0.122 0.000 0.096    0.044 0.077 0.033   -125408    0 
450500:    1.00    9.373    0.132 0.000 0.117    0.051 0.094 0.046   -125406    0 
450600:    1.00    9.333    0.125 0.000 0.115    0.048 0.087 0.043   -125391    0 
450700:    1.00    9.724    0.142 0.000 0.113    0.043 0.093 0.040   -125342    0 
450800:    1.00    9.216    0.143 0.000 0.111    0.045 0.097 0.044   -125341    0 
450900:    1.00    8.796    0.122 0.000 0.131    0.055 0.105 0.053   -125351    0 

--------------------------------------------
Proportion of membership of each pre-defined
 population in each of the 3 clusters

Given    Inferred Clusters       Number of
 Pop       1      2      3      Individuals

  1:     0.323  0.338  0.339      358
  2:     0.332  0.333  0.336      1039
  3:     0.333  0.339  0.328      603
--------------------------------------------

  Rep#:   Lambda   Alpha      F1    F2    F3     D1,2  D1,3  D2,3    Ln Like  Est Ln P(D)
451000:    1.00    9.026    0.137 0.000 0.112    0.056 0.112 0.047   -125341    0 
451100:    1.00    9.308    0.132 0.000 0.136    0.052 0.118 0.050   -125340    0 
451200:    1.00    9.166    0.142 0.000 0.139    0.044 0.096 0.047   -125335    0 
451300:    1.00    8.867    0.127 0.000 0.132    0.053 0.116 0.048   -125343    0 
451400:    1.00    8.864    0.140 0.000 0.116    0.049 0.098 0.044   -125346    0 
451500:    1.00    8.617    0.127 0.000 0.100    0.049 0.090 0.032   -125389    0 
451600:    1.00    8.632    0.141 0.000 0.107    0.049 0.082 0.030   -125373    0 
451700:    1.00    8.461    0.163 0.000 0.110    0.052 0.106 0.040   -125339    0 
451800:    1.00    8.410    0.127 0.000 0.112    0.055 0.104 0.034   -125388    0 
451900:    1.00    8.819    0.136 0.000 0.102    0.047 0.095 0.039   -125385    0 

--------------------------------------------
Proportion of membership of each pre-defined
 population in each of the 3 clusters

Given    Inferred Clusters       Number of
 Pop       1      2      3      Individuals

  1:     0.326  0.332  0.342      358
  2:     0.337  0.329  0.334      1039
  3:     0.340  0.330  0.329      603
--------------------------------------------

  Rep#:   Lambda   Alpha      F1    F2    F3     D1,2  D1,3  D2,3    Ln Like  Est Ln P(D)
452000:    1.00    8.799    0.109 0.000 0.130    0.043 0.095 0.044   -125401    0 
452100:    1.00    8.727    0.115 0.000 0.139    0.051 0.111 0.047   -125345    0 
452200:    1.00    8.897    0.103 0.000 0.115    0.057 0.106 0.043   -125396    0 
452300:    1.00    9.128    0.146 0.000 0.124    0.066 0.136 0.054   -125300    0 
452400:    1.00    9.242    0.161 0.000 0.095    0.060 0.107 0.043   -125325    0 
452500:    1.00    9.005    0.102 0.000 0.107    0.046 0.089 0.038   -125419    0 
452600:    1.00    8.981    0.120 0.000 0.092    0.052 0.100 0.040   -125388    0 
452700:    1.00    9.378    0.135 0.000 0.129    0.043 0.103 0.047   -125344    0 
452800:    1.00    9.499    0.103 0.000 0.110    0.044 0.086 0.042   -125343    0 
452900:    1.00    9.195    0.113 0.000 0.127    0.041 0.079 0.047   -125325    0 

--------------------------------------------
Proportion of membership of each pre-defined
 population in each of the 3 clusters

Given    Inferred Clusters       Number of
 Pop       1      2      3      Individuals

  1:     0.335  0.326  0.339      358
  2:     0.335  0.333  0.332      1039
  3:     0.338  0.334  0.328      603
--------------------------------------------

  Rep#:   Lambda   Alpha      F1    F2    F3     D1,2  D1,3  D2,3    Ln Like  Est Ln P(D)
453000:    1.00    9.702    0.135 0.000 0.130    0.053 0.108 0.055   -125317    0 
453100:    1.00    9.425    0.098 0.000 0.129    0.042 0.097 0.048   -125368    0 
453200:    1.00    9.178    0.110 0.000 0.085    0.044 0.106 0.050   -125394    0 
453300:    1.00    8.996    0.125 0.000 0.093    0.034 0.089 0.047   -125401    0 
453400:    1.00    8.789    0.110 0.000 0.148    0.038 0.089 0.055   -125409    0 
453500:    1.00    8.587    0.113 0.000 0.143    0.043 0.125 0.065   -125375    0 
453600:    1.00    9.112    0.108 0.000 0.145    0.040 0.120 0.062   -125326    0 
453700:    1.00    9.002    0.127 0.000 0.103    0.054 0.103 0.043   -125377    0 
453800:    1.00    9.355    0.126 0.000 0.126    0.056 0.108 0.043   -125393    0 
453900:    1.00    9.276    0.110 0.000 0.122    0.042 0.091 0.050   -125408    0 

--------------------------------------------
Proportion of membership of each pre-defined
 population in each of the 3 clusters

Given    Inferred Clusters       Number of
 Pop       1      2      3      Individuals

  1:     0.341  0.326  0.333      358
  2:     0.335  0.327  0.338      1039
  3:     0.331  0.335  0.335      603
--------------------------------------------

  Rep#:   Lambda   Alpha      F1    F2    F3     D1,2  D1,3  D2,3    Ln Like  Est Ln P(D)
454000:    1.00    9.061    0.122 0.000 0.111    0.047 0.097 0.047   -125308    0 
454100:    1.00    9.238    0.128 0.000 0.094    0.047 0.096 0.042   -125342    0 
454200:    1.00    8.841    0.134 0.000 0.108    0.039 0.078 0.032   -125383    0 
454300:    1.00    8.680    0.142 0.000 0.108    0.044 0.104 0.046   -125363    0 
454400:    1.00    8.868    0.135 0.000 0.103    0.049 0.110 0.049   -125356    0 
454500:    1.00    8.678    0.128 0.000 0.114    0.045 0.096 0.038   -125297    0 
454600:    1.00    8.336    0.163 0.000 0.140    0.059 0.116 0.048   -125254    0 
454700:    1.00    8.621    0.136 0.000 0.123    0.070 0.124 0.041   -125281    0 
454800:    1.00    8.528    0.181 0.000 0.085    0.078 0.124 0.039   -125369    0 
454900:    1.00    8.331    0.247 0.000 0.113    0.074 0.134 0.049   -125259    0 

--------------------------------------------
Proportion of membership of each pre-defined
 population in each of the 3 clusters

Given    Inferred Clusters       Number of
 Pop       1      2      3      Individuals

  1:     0.333  0.336  0.331      358
  2:     0.337  0.339  0.324      1039
  3:     0.336  0.337  0.327      603
--------------------------------------------

  Rep#:   Lambda   Alpha      F1    F2    F3     D1,2  D1,3  D2,3    Ln Like  Est Ln P(D)
455000:    1.00    8.257    0.181 0.000 0.101    0.067 0.113 0.043   -125250    0 
455100:    1.00    8.197    0.159 0.000 0.104    0.064 0.115 0.039   -125249    0 
455200:    1.00    8.413    0.158 0.000 0.116    0.062 0.100 0.034   -125285    0 
455300:    1.00    8.206    0.141 0.000 0.087    0.049 0.090 0.029   -125355    0 
455400:    1.00    8.034    0.113 0.000 0.090    0.038 0.083 0.043   -125386    0 
455500:    1.00    7.959    0.118 0.000 0.101    0.038 0.069 0.031   -125370    0 
455600:    1.00    8.011    0.153 0.000 0.081    0.046 0.091 0.030   -125396    0 
455700:    1.00    7.960    0.128 0.000 0.094    0.041 0.093 0.034   -125341    0 
455800:    1.00    7.871    0.118 0.000 0.069    0.030 0.080 0.034   -125400    0 
455900:    1.00    7.780    0.105 0.000 0.074    0.033 0.079 0.033   -125406    0 

--------------------------------------------
Proportion of membership of each pre-defined
 population in each of the 3 clusters

Given    Inferred Clusters       Number of
 Pop       1      2      3      Individuals

  1:     0.342  0.326  0.332      358
  2:     0.336  0.332  0.332      1039
  3:     0.335  0.331  0.334      603
--------------------------------------------

  Rep#:   Lambda   Alpha      F1    F2    F3     D1,2  D1,3  D2,3    Ln Like  Est Ln P(D)
456000:    1.00    7.961    0.114 0.000 0.100    0.031 0.086 0.038   -125361    0 
456100:    1.00    7.782    0.112 0.000 0.069    0.031 0.064 0.027   -125381    0 
456200:    1.00    7.585    0.109 0.000 0.074    0.035 0.084 0.036   -125351    0 
456300:    1.00    7.783    0.088 0.000 0.066    0.039 0.077 0.029   -125397    0 
456400:    1.00    7.769    0.092 0.000 0.076    0.030 0.077 0.037   -125361    0 
456500:    1.00    8.089    0.091 0.000 0.070    0.034 0.072 0.028   -125398    0 
456600:    1.00    8.118    0.111 0.000 0.084    0.044 0.087 0.031   -125351    0 
456700:    1.00    8.093    0.099 0.000 0.095    0.046 0.087 0.030   -125414    0 
456800:    1.00    8.026    0.095 0.000 0.064    0.043 0.081 0.028   -125395    0 
456900:    1.00    8.071    0.115 0.000 0.087    0.043 0.084 0.033   -125354    0 

--------------------------------------------
Proportion of membership of each pre-defined
 population in each of the 3 clusters

Given    Inferred Clusters       Number of
 Pop       1      2      3      Individuals

  1:     0.340  0.331  0.329      358
  2:     0.329  0.333  0.338      1039
  3:     0.332  0.336  0.332      603
--------------------------------------------

  Rep#:   Lambda   Alpha      F1    F2    F3     D1,2  D1,3  D2,3    Ln Like  Est Ln P(D)
457000:    1.00    8.116    0.137 0.000 0.104    0.051 0.097 0.037   -125371    0 
457100:    1.00    7.981    0.153 0.000 0.060    0.050 0.082 0.030   -125411    0 
457200:    1.00    7.702    0.118 0.000 0.090    0.046 0.083 0.036   -125413    0 
457300:    1.00    7.366    0.086 0.000 0.110    0.043 0.083 0.039   -125345    0 
457400:    1.00    7.797    0.096 0.000 0.102    0.046 0.084 0.044   -125406    0 
457500:    1.00    7.334    0.110 0.000 0.100    0.042 0.070 0.033   -125371    0 
457600:    1.00    7.607    0.090 0.000 0.093    0.040 0.079 0.035   -125364    0 
457700:    1.00    7.284    0.129 0.000 0.074    0.049 0.078 0.026   -125397    0 
457800:    1.00    7.352    0.100 0.000 0.075    0.053 0.085 0.025   -125372    0 
457900:    1.00    7.297    0.110 0.000 0.071    0.040 0.080 0.026   -125381    0 

--------------------------------------------
Proportion of membership of each pre-defined
 population in each of the 3 clusters

Given    Inferred Clusters       Number of
 Pop       1      2      3      Individuals

  1:     0.340  0.326  0.334      358
  2:     0.337  0.328  0.335      1039
  3:     0.329  0.335  0.336      603
--------------------------------------------

  Rep#:   Lambda   Alpha      F1    F2    F3     D1,2  D1,3  D2,3    Ln Like  Est Ln P(D)
458000:    1.00    7.071    0.103 0.000 0.067    0.044 0.086 0.030   -125326    0 
458100:    1.00    6.934    0.099 0.000 0.065    0.037 0.068 0.028   -125343    0 
458200:    1.00    7.278    0.102 0.000 0.074    0.036 0.075 0.032   -125361    0 
458300:    1.00    7.251    0.117 0.000 0.061    0.033 0.058 0.024   -125446    0 
458400:    1.00    7.046    0.095 0.000 0.071    0.043 0.069 0.023   -125326    0 
458500:    1.00    7.331    0.089 0.000 0.077    0.038 0.077 0.032   -125421    0 
458600:    1.00    7.205    0.114 0.000 0.086    0.039 0.062 0.030   -125420    0 
458700:    1.00    6.727    0.124 0.000 0.080    0.038 0.069 0.030   -125390    0 
458800:    1.00    6.772    0.108 0.000 0.084    0.036 0.071 0.035   -125328    0 
458900:    1.00    7.009    0.098 0.000 0.116    0.037 0.071 0.038   -125310    0 

--------------------------------------------
Proportion of membership of each pre-defined
 population in each of the 3 clusters

Given    Inferred Clusters       Number of
 Pop       1      2      3      Individuals

  1:     0.337  0.327  0.336      358
  2:     0.335  0.329  0.336      1039
  3:     0.340  0.331  0.329      603
--------------------------------------------

  Rep#:   Lambda   Alpha      F1    F2    F3     D1,2  D1,3  D2,3    Ln Like  Est Ln P(D)
459000:    1.00    7.329    0.091 0.000 0.110    0.031 0.074 0.042   -125310    0 
459100:    1.00    7.551    0.114 0.000 0.090    0.039 0.073 0.040   -125374    0 
459200:    1.00    7.679    0.113 0.000 0.127    0.044 0.090 0.046   -125352    0 
459300:    1.00    7.767    0.130 0.000 0.121    0.043 0.088 0.042   -125301    0 
459400:    1.00    8.030    0.102 0.000 0.128    0.043 0.087 0.044   -125332    0 
459500:    1.00    8.075    0.130 0.000 0.111    0.047 0.080 0.042   -125326    0 
459600:    1.00    7.988    0.105 0.000 0.126    0.046 0.096 0.049   -125335    0 
459700:    1.00    8.106    0.120 0.000 0.146    0.046 0.100 0.052   -125294    0 
459800:    1.00    8.191    0.102 0.000 0.143    0.047 0.109 0.055   -125333    0 
459900:    1.00    8.064    0.133 0.000 0.147    0.050 0.091 0.052   -125337    0 

--------------------------------------------
Proportion of membership of each pre-defined
 population in each of the 3 clusters

Given    Inferred Clusters       Number of
 Pop       1      2      3      Individuals

  1:     0.327  0.335  0.338      358
  2:     0.334  0.337  0.329      1039
  3:     0.333  0.335  0.332      603
--------------------------------------------

  Rep#:   Lambda   Alpha      F1    F2    F3     D1,2  D1,3  D2,3    Ln Like  Est Ln P(D)
460000:    1.00    7.793    0.145 0.000 0.137    0.051 0.102 0.053   -125342    0 
460100:    1.00    8.143    0.132 0.000 0.161    0.053 0.102 0.059   -125271    0 
460200:    1.00    8.204    0.140 0.000 0.135    0.051 0.095 0.045   -125307    0 
460300:    1.00    8.132    0.144 0.000 0.138    0.048 0.097 0.053   -125302    0 
460400:    1.00    7.876    0.129 0.000 0.118    0.051 0.099 0.047   -125273    0 
460500:    1.00    7.760    0.130 0.000 0.131    0.057 0.103 0.057   -125245    0 
460600:    1.00    7.749    0.144 0.000 0.132    0.059 0.106 0.047   -125268    0 
460700:    1.00    7.860    0.189 0.000 0.098    0.057 0.123 0.047   -125295    0 
460800:    1.00    7.895    0.158 0.000 0.102    0.061 0.104 0.038   -125273    0 
460900:    1.00    8.274    0.200 0.000 0.139    0.071 0.134 0.047   -125282    0 

--------------------------------------------
Proportion of membership of each pre-defined
 population in each of the 3 clusters

Given    Inferred Clusters       Number of
 Pop       1      2      3      Individuals

  1:     0.320  0.336  0.344      358
  2:     0.331  0.330  0.340      1039
  3:     0.328  0.336  0.335      603
--------------------------------------------

  Rep#:   Lambda   Alpha      F1    F2    F3     D1,2  D1,3  D2,3    Ln Like  Est Ln P(D)
461000:    1.00    8.410    0.190 0.000 0.147    0.073 0.132 0.043   -125260    0 
461100:    1.00    8.403    0.189 0.000 0.179    0.084 0.150 0.053   -125251    0 
461200:    1.00    8.642    0.170 0.000 0.135    0.076 0.140 0.056   -125229    0 
461300:    1.00    8.587    0.201 0.000 0.145    0.081 0.155 0.065   -125189    0 
461400:    1.00    8.320    0.151 0.000 0.181    0.062 0.126 0.061   -125221    0 
461500:    1.00    8.518    0.144 0.000 0.208    0.060 0.136 0.072   -125218    0 
461600:    1.00    8.681    0.151 0.000 0.134    0.063 0.098 0.045   -125280    0 
461700:    1.00    8.672    0.139 0.000 0.129    0.054 0.110 0.042   -125346    0 
461800:    1.00    8.601    0.169 0.000 0.113    0.055 0.121 0.044   -125315    0 
461900:    1.00    8.573    0.162 0.000 0.116    0.063 0.118 0.042   -125380    0 

--------------------------------------------
Proportion of membership of each pre-defined
 population in each of the 3 clusters

Given    Inferred Clusters       Number of
 Pop       1      2      3      Individuals

  1:     0.344  0.332  0.324      358
  2:     0.334  0.330  0.335      1039
  3:     0.337  0.327  0.335      603
--------------------------------------------

  Rep#:   Lambda   Alpha      F1    F2    F3     D1,2  D1,3  D2,3    Ln Like  Est Ln P(D)
462000:    1.00    8.597    0.133 0.000 0.095    0.064 0.120 0.041   -125335    0 
462100:    1.00    8.685    0.154 0.000 0.117    0.056 0.104 0.040   -125330    0 
462200:    1.00    9.025    0.138 0.000 0.104    0.056 0.098 0.036   -125411    0 
462300:    1.00    8.829    0.146 0.000 0.098    0.049 0.099 0.037   -125381    0 
462400:    1.00    8.632    0.157 0.000 0.100    0.054 0.098 0.034   -125303    0 
462500:    1.00    8.628    0.137 0.000 0.123    0.054 0.111 0.044   -125298    0 
462600:    1.00    8.504    0.157 0.000 0.099    0.048 0.107 0.043   -125319    0 
462700:    1.00    8.348    0.131 0.000 0.091    0.045 0.087 0.037   -125350    0 
462800:    1.00    8.705    0.147 0.000 0.106    0.049 0.102 0.038   -125307    0 
462900:    1.00    8.623    0.164 0.000 0.107    0.053 0.086 0.036   -125350    0 

--------------------------------------------
Proportion of membership of each pre-defined
 population in each of the 3 clusters

Given    Inferred Clusters       Number of
 Pop       1      2      3      Individuals

  1:     0.331  0.324  0.345      358
  2:     0.333  0.331  0.336      1039
  3:     0.332  0.336  0.332      603
--------------------------------------------

  Rep#:   Lambda   Alpha      F1    F2    F3     D1,2  D1,3  D2,3    Ln Like  Est Ln P(D)
463000:    1.00    8.670    0.130 0.000 0.116    0.058 0.116 0.048   -125303    0 
463100:    1.00    8.582    0.144 0.000 0.129    0.058 0.105 0.048   -125262    0 
463200:    1.00    8.873    0.132 0.000 0.134    0.060 0.121 0.051   -125276    0 
463300:    1.00    8.727    0.118 0.000 0.124    0.049 0.101 0.048   -125318    0 
463400:    1.00    8.537    0.153 0.000 0.121    0.051 0.117 0.052   -125355    0 
463500:    1.00    8.693    0.113 0.000 0.118    0.044 0.095 0.045   -125312    0 
463600:    1.00    8.505    0.152 0.000 0.138    0.042 0.103 0.046   -125264    0 
463700:    1.00    8.370    0.132 0.000 0.116    0.053 0.106 0.042   -125282    0 
463800:    1.00    8.403    0.175 0.000 0.127    0.060 0.113 0.043   -125288    0 
463900:    1.00    8.533    0.146 0.000 0.090    0.053 0.095 0.032   -125390    0 

--------------------------------------------
Proportion of membership of each pre-defined
 population in each of the 3 clusters

Given    Inferred Clusters       Number of
 Pop       1      2      3      Individuals

  1:     0.330  0.335  0.335      358
  2:     0.326  0.335  0.339      1039
  3:     0.329  0.338  0.333      603
--------------------------------------------

  Rep#:   Lambda   Alpha      F1    F2    F3     D1,2  D1,3  D2,3    Ln Like  Est Ln P(D)
464000:    1.00    8.333    0.175 0.000 0.103    0.054 0.081 0.037   -125385    0 
464100:    1.00    8.420    0.134 0.000 0.070    0.052 0.085 0.031   -125338    0 
464200:    1.00    8.603    0.149 0.000 0.078    0.048 0.096 0.041   -125360    0 
464300:    1.00    8.639    0.151 0.000 0.090    0.054 0.106 0.042   -125292    0 
464400:    1.00    8.473    0.154 0.000 0.087    0.043 0.087 0.033   -125331    0 
464500:    1.00    8.548    0.151 0.000 0.078    0.051 0.093 0.032   -125331    0 
464600:    1.00    8.365    0.138 0.000 0.085    0.050 0.088 0.033   -125337    0 
464700:    1.00    8.399    0.150 0.000 0.073    0.052 0.078 0.026   -125398    0 
464800:    1.00    8.435    0.144 0.000 0.091    0.061 0.119 0.042   -125347    0 
464900:    1.00    8.300    0.139 0.000 0.092    0.060 0.110 0.040   -125288    0 

--------------------------------------------
Proportion of membership of each pre-defined
 population in each of the 3 clusters

Given    Inferred Clusters       Number of
 Pop       1      2      3      Individuals

  1:     0.337  0.333  0.330      358
  2:     0.335  0.330  0.335      1039
  3:     0.335  0.336  0.329      603
--------------------------------------------

  Rep#:   Lambda   Alpha      F1    F2    F3     D1,2  D1,3  D2,3    Ln Like  Est Ln P(D)
465000:    1.00    8.546    0.143 0.000 0.100    0.054 0.112 0.041   -125278    0 
465100:    1.00    8.929    0.106 0.000 0.105    0.042 0.096 0.039   -125352    0 
465200:    1.00    9.030    0.137 0.000 0.123    0.040 0.087 0.039   -125334    0 
465300:    1.00    8.894    0.111 0.000 0.109    0.058 0.111 0.040   -125315    0 
465400:    1.00    8.865    0.164 0.000 0.145    0.062 0.115 0.051   -125298    0 
465500:    1.00    8.911    0.145 0.000 0.164    0.049 0.123 0.061   -125322    0 
465600:    1.00    9.064    0.155 0.000 0.116    0.049 0.121 0.059   -125357    0 
465700:    1.00    9.192    0.130 0.000 0.119    0.042 0.106 0.053   -125375    0 
465800:    1.00    8.991    0.118 0.000 0.093    0.045 0.104 0.042   -125346    0 
465900:    1.00    9.052    0.130 0.000 0.120    0.038 0.109 0.055   -125316    0 

--------------------------------------------
Proportion of membership of each pre-defined
 population in each of the 3 clusters

Given    Inferred Clusters       Number of
 Pop       1      2      3      Individuals

  1:     0.329  0.335  0.336      358
  2:     0.333  0.333  0.334      1039
  3:     0.337  0.329  0.334      603
--------------------------------------------

  Rep#:   Lambda   Alpha      F1    F2    F3     D1,2  D1,3  D2,3    Ln Like  Est Ln P(D)
466000:    1.00    8.998    0.120 0.000 0.103    0.041 0.095 0.048   -125393    0 
466100:    1.00    8.976    0.115 0.000 0.110    0.042 0.094 0.041   -125381    0 
466200:    1.00    8.823    0.107 0.000 0.101    0.046 0.099 0.041   -125346    0 
466300:    1.00    8.511    0.137 0.000 0.094    0.045 0.098 0.041   -125310    0 
466400:    1.00    8.836    0.211 0.000 0.120    0.060 0.128 0.046   -125308    0 
466500:    1.00    8.711    0.154 0.000 0.118    0.074 0.125 0.037   -125314    0 
466600:    1.00    8.439    0.153 0.000 0.139    0.055 0.111 0.042   -125266    0 
466700:    1.00    8.397    0.123 0.000 0.115    0.051 0.112 0.040   -125319    0 
466800:    1.00    7.989    0.140 0.000 0.098    0.048 0.111 0.041   -125331    0 
466900:    1.00    7.908    0.098 0.000 0.112    0.043 0.085 0.039   -125359    0 

--------------------------------------------
Proportion of membership of each pre-defined
 population in each of the 3 clusters

Given    Inferred Clusters       Number of
 Pop       1      2      3      Individuals

  1:     0.334  0.334  0.332      358
  2:     0.333  0.332  0.336      1039
  3:     0.331  0.336  0.333      603
--------------------------------------------

  Rep#:   Lambda   Alpha      F1    F2    F3     D1,2  D1,3  D2,3    Ln Like  Est Ln P(D)
467000:    1.00    8.188    0.120 0.000 0.126    0.039 0.085 0.042   -125352    0 
467100:    1.00    8.291    0.100 0.000 0.094    0.043 0.092 0.046   -125373    0 
467200:    1.00    8.779    0.133 0.000 0.116    0.046 0.103 0.049   -125317    0 
467300:    1.00    8.920    0.152 0.000 0.120    0.059 0.132 0.052   -125269    0 
467400:    1.00    9.011    0.120 0.000 0.126    0.059 0.144 0.063   -125294    0 
467500:    1.00    9.338    0.155 0.000 0.151    0.049 0.124 0.062   -125335    0 
467600:    1.00    9.536    0.150 0.000 0.143    0.061 0.129 0.056   -125346    0 
467700:    1.00    9.683    0.164 0.000 0.133    0.060 0.136 0.052   -125327    0 
467800:    1.00    9.948    0.121 0.000 0.100    0.063 0.120 0.047   -125368    0 
467900:    1.00    9.997    0.116 0.000 0.118    0.052 0.122 0.053   -125345    0 

--------------------------------------------
Proportion of membership of each pre-defined
 population in each of the 3 clusters

Given    Inferred Clusters       Number of
 Pop       1      2      3      Individuals

  1:     0.329  0.337  0.335      358
  2:     0.336  0.331  0.333      1039
  3:     0.333  0.338  0.330      603
--------------------------------------------

  Rep#:   Lambda   Alpha      F1    F2    F3     D1,2  D1,3  D2,3    Ln Like  Est Ln P(D)
468000:    1.00    9.855    0.126 0.000 0.107    0.050 0.102 0.044   -125345    0 
468100:    1.00    9.620    0.140 0.000 0.101    0.046 0.115 0.057   -125364    0 
468200:    1.00    9.868    0.168 0.000 0.078    0.051 0.101 0.039   -125307    0 
468300:    1.00    9.838    0.142 0.000 0.149    0.052 0.116 0.058   -125337    0 
468400:    1.00    9.951    0.128 0.000 0.136    0.053 0.112 0.057   -125326    0 
468500:    1.00    9.852    0.138 0.000 0.123    0.063 0.117 0.054   -125279    0 
468600:    1.00    9.822    0.110 0.000 0.114    0.051 0.097 0.046   -125331    0 
468700:    1.00    9.819    0.104 0.000 0.137    0.038 0.102 0.050   -125398    0 
468800:    1.00    9.415    0.129 0.000 0.153    0.046 0.118 0.053   -125314    0 
468900:    1.00    9.414    0.132 0.000 0.148    0.041 0.116 0.057   -125331    0 

--------------------------------------------
Proportion of membership of each pre-defined
 population in each of the 3 clusters

Given    Inferred Clusters       Number of
 Pop       1      2      3      Individuals

  1:     0.334  0.336  0.330      358
  2:     0.337  0.330  0.333      1039
  3:     0.332  0.339  0.329      603
--------------------------------------------

  Rep#:   Lambda   Alpha      F1    F2    F3     D1,2  D1,3  D2,3    Ln Like  Est Ln P(D)
469000:    1.00    9.207    0.138 0.000 0.150    0.049 0.124 0.058   -125332    0 
469100:    1.00    9.142    0.109 0.000 0.188    0.040 0.114 0.057   -125372    0 
469200:    1.00    8.918    0.108 0.000 0.138    0.042 0.106 0.053   -125311    0 
469300:    1.00    8.737    0.130 0.000 0.110    0.053 0.113 0.047   -125319    0 
469400:    1.00    8.542    0.156 0.000 0.130    0.059 0.112 0.054   -125305    0 
469500:    1.00    8.520    0.145 0.000 0.117    0.056 0.120 0.052   -125362    0 
469600:    1.00    8.770    0.146 0.000 0.113    0.058 0.119 0.046   -125347    0 
469700:    1.00    8.592    0.156 0.000 0.120    0.061 0.098 0.048   -125290    0 
469800:    1.00    8.934    0.155 0.000 0.133    0.054 0.110 0.050   -125313    0 
469900:    1.00    9.207    0.120 0.000 0.143    0.057 0.129 0.059   -125279    0 

--------------------------------------------
Proportion of membership of each pre-defined
 population in each of the 3 clusters

Given    Inferred Clusters       Number of
 Pop       1      2      3      Individuals

  1:     0.322  0.336  0.342      358
  2:     0.336  0.331  0.334      1039
  3:     0.337  0.332  0.331      603
--------------------------------------------

  Rep#:   Lambda   Alpha      F1    F2    F3     D1,2  D1,3  D2,3    Ln Like  Est Ln P(D)
470000:    1.00    9.381    0.138 0.000 0.147    0.053 0.123 0.059   -125315    0 
470100:    1.00    9.604    0.143 0.000 0.170    0.058 0.125 0.062   -125300    0 
470200:    1.00    9.580    0.138 0.000 0.161    0.058 0.128 0.058   -125231    0 
470300:    1.00    9.986    0.148 0.000 0.190    0.060 0.153 0.071   -125291    0 
470400:    1.00    9.908    0.145 0.000 0.214    0.059 0.166 0.086   -125269    0 
470500:    1.00    9.753    0.134 0.000 0.141    0.078 0.166 0.070   -125253    0 
470600:    1.00    9.969    0.164 0.000 0.167    0.082 0.151 0.056   -125279    0 
470700:    1.00    9.920    0.148 0.000 0.191    0.078 0.148 0.063   -125261    0 
470800:    1.00    9.934    0.167 0.000 0.186    0.072 0.141 0.068   -125295    0 
470900:    1.00    9.985    0.154 0.000 0.158    0.072 0.125 0.072   -125341    0 

--------------------------------------------
Proportion of membership of each pre-defined
 population in each of the 3 clusters

Given    Inferred Clusters       Number of
 Pop       1      2      3      Individuals

  1:     0.335  0.330  0.335      358
  2:     0.332  0.332  0.336      1039
  3:     0.329  0.336  0.334      603
--------------------------------------------

  Rep#:   Lambda   Alpha      F1    F2    F3     D1,2  D1,3  D2,3    Ln Like  Est Ln P(D)
471000:    1.00    9.868    0.166 0.000 0.130    0.065 0.134 0.072   -125287    0 
471100:    1.00    9.965    0.149 0.000 0.178    0.055 0.115 0.063   -125322    0 
471200:    1.00    9.988    0.161 0.000 0.149    0.056 0.099 0.066   -125325    0 
471300:    1.00    9.800    0.152 0.000 0.148    0.066 0.111 0.062   -125318    0 
471400:    1.00    9.291    0.194 0.000 0.157    0.073 0.124 0.057   -125286    0 
471500:    1.00    9.128    0.209 0.000 0.198    0.069 0.126 0.066   -125241    0 
471600:    1.00    9.824    0.134 0.000 0.159    0.057 0.133 0.064   -125312    0 
471700:    1.00    9.788    0.133 0.000 0.224    0.050 0.127 0.063   -125373    0 
471800:    1.00    9.944    0.134 0.000 0.183    0.052 0.142 0.070   -125332    0 
471900:    1.00    9.875    0.137 0.000 0.183    0.052 0.116 0.065   -125365    0 

--------------------------------------------
Proportion of membership of each pre-defined
 population in each of the 3 clusters

Given    Inferred Clusters       Number of
 Pop       1      2      3      Individuals

  1:     0.332  0.333  0.335      358
  2:     0.333  0.336  0.331      1039
  3:     0.334  0.331  0.334      603
--------------------------------------------

  Rep#:   Lambda   Alpha      F1    F2    F3     D1,2  D1,3  D2,3    Ln Like  Est Ln P(D)
472000:    1.00    9.920    0.181 0.000 0.172    0.056 0.119 0.063   -125364    0 
472100:    1.00    9.825    0.180 0.000 0.141    0.060 0.124 0.059   -125284    0 
472200:    1.00    9.599    0.153 0.000 0.128    0.061 0.149 0.064   -125292    0 
472300:    1.00    9.624    0.145 0.000 0.162    0.059 0.146 0.075   -125269    0 
472400:    1.00    9.674    0.135 0.000 0.178    0.061 0.139 0.064   -125329    0 
472500:    1.00    9.650    0.166 0.000 0.165    0.060 0.136 0.054   -125344    0 
472600:    1.00    9.922    0.137 0.000 0.153    0.061 0.144 0.055   -125296    0 
472700:    1.00    9.959    0.145 0.000 0.115    0.061 0.138 0.057   -125313    0 
472800:    1.00    9.744    0.154 0.000 0.168    0.050 0.133 0.065   -125282    0 
472900:    1.00    9.680    0.157 0.000 0.123    0.063 0.136 0.052   -125369    0 

--------------------------------------------
Proportion of membership of each pre-defined
 population in each of the 3 clusters

Given    Inferred Clusters       Number of
 Pop       1      2      3      Individuals

  1:     0.329  0.337  0.334      358
  2:     0.334  0.335  0.331      1039
  3:     0.331  0.340  0.329      603
--------------------------------------------

  Rep#:   Lambda   Alpha      F1    F2    F3     D1,2  D1,3  D2,3    Ln Like  Est Ln P(D)
473000:    1.00    9.633    0.125 0.000 0.126    0.045 0.091 0.047   -125463    0 
473100:    1.00    9.577    0.136 0.000 0.147    0.051 0.103 0.052   -125353    0 
473200:    1.00    9.759    0.128 0.000 0.132    0.058 0.126 0.054   -125388    0 
473300:    1.00    9.746    0.156 0.000 0.119    0.053 0.112 0.064   -125378    0 
473400:    1.00    9.852    0.143 0.000 0.176    0.054 0.121 0.062   -125361    0 
473500:    1.00    9.901    0.154 0.000 0.132    0.060 0.133 0.057   -125349    0 
473600:    1.00    9.733    0.167 0.000 0.158    0.067 0.158 0.075   -125307    0 
473700:    1.00    9.978    0.210 0.000 0.153    0.077 0.152 0.059   -125267    0 
473800:    1.00    9.898    0.176 0.000 0.116    0.084 0.171 0.061   -125285    0 
473900:    1.00    9.701    0.211 0.000 0.150    0.091 0.172 0.053   -125257    0 

--------------------------------------------
Proportion of membership of each pre-defined
 population in each of the 3 clusters

Given    Inferred Clusters       Number of
 Pop       1      2      3      Individuals

  1:     0.340  0.327  0.333      358
  2:     0.331  0.332  0.337      1039
  3:     0.333  0.334  0.333      603
--------------------------------------------

  Rep#:   Lambda   Alpha      F1    F2    F3     D1,2  D1,3  D2,3    Ln Like  Est Ln P(D)
474000:    1.00    9.735    0.181 0.000 0.138    0.074 0.147 0.050   -125288    0 
474100:    1.00    9.519    0.180 0.000 0.123    0.076 0.149 0.051   -125334    0 
474200:    1.00    9.388    0.195 0.000 0.129    0.079 0.148 0.055   -125284    0 
474300:    1.00    9.357    0.206 0.000 0.138    0.066 0.122 0.052   -125334    0 
474400:    1.00    9.489    0.165 0.000 0.122    0.062 0.115 0.058   -125288    0 
474500:    1.00    9.758    0.156 0.000 0.147    0.060 0.122 0.061   -125324    0 
474600:    1.00    9.605    0.201 0.000 0.139    0.071 0.141 0.062   -125271    0 
474700:    1.00    9.634    0.128 0.000 0.155    0.061 0.146 0.061   -125301    0 
474800:    1.00    9.328    0.106 0.000 0.124    0.051 0.114 0.052   -125353    0 
474900:    1.00    9.476    0.093 0.000 0.194    0.039 0.114 0.067   -125372    0 

--------------------------------------------
Proportion of membership of each pre-defined
 population in each of the 3 clusters

Given    Inferred Clusters       Number of
 Pop       1      2      3      Individuals

  1:     0.333  0.329  0.338      358
  2:     0.332  0.335  0.333      1039
  3:     0.333  0.335  0.333      603
--------------------------------------------

  Rep#:   Lambda   Alpha      F1    F2    F3     D1,2  D1,3  D2,3    Ln Like  Est Ln P(D)
475000:    1.00    9.361    0.096 0.000 0.142    0.046 0.134 0.065   -125383    0 
475100:    1.00    9.343    0.109 0.000 0.131    0.049 0.110 0.047   -125418    0 
475200:    1.00    9.419    0.121 0.000 0.093    0.046 0.104 0.042   -125359    0 
475300:    1.00    9.136    0.130 0.000 0.098    0.047 0.107 0.045   -125339    0 
475400:    1.00    9.245    0.135 0.000 0.144    0.043 0.116 0.056   -125365    0 
475500:    1.00    9.435    0.129 0.000 0.142    0.040 0.104 0.060   -125369    0 
475600:    1.00    9.255    0.137 0.000 0.110    0.058 0.105 0.043   -125390    0 
475700:    1.00    9.375    0.122 0.000 0.129    0.060 0.114 0.051   -125397    0 
475800:    1.00    8.968    0.124 0.000 0.108    0.059 0.114 0.047   -125432    0 
475900:    1.00    9.106    0.165 0.000 0.115    0.051 0.096 0.037   -125336    0 

--------------------------------------------
Proportion of membership of each pre-defined
 population in each of the 3 clusters

Given    Inferred Clusters       Number of
 Pop       1      2      3      Individuals

  1:     0.329  0.339  0.332      358
  2:     0.333  0.330  0.337      1039
  3:     0.332  0.338  0.329      603
--------------------------------------------

  Rep#:   Lambda   Alpha      F1    F2    F3     D1,2  D1,3  D2,3    Ln Like  Est Ln P(D)
476000:    1.00    9.385    0.140 0.000 0.114    0.043 0.092 0.042   -125443    0 
476100:    1.00    9.747    0.121 0.000 0.084    0.042 0.070 0.033   -125449    0 
476200:    1.00    9.560    0.128 0.000 0.113    0.046 0.075 0.030   -125442    0 
476300:    1.00    9.435    0.114 0.000 0.070    0.041 0.069 0.031   -125383    0 
476400:    1.00    9.358    0.120 0.000 0.112    0.044 0.093 0.042   -125422    0 
476500:    1.00    9.158    0.121 0.000 0.088    0.038 0.082 0.032   -125456    0 
476600:    1.00    8.738    0.109 0.000 0.071    0.045 0.084 0.029   -125362    0 
476700:    1.00    9.205    0.122 0.000 0.077    0.050 0.084 0.032   -125364    0 
476800:    1.00    9.221    0.099 0.000 0.092    0.051 0.093 0.031   -125385    0 
476900:    1.00    9.176    0.135 0.000 0.086    0.053 0.089 0.032   -125410    0 

--------------------------------------------
Proportion of membership of each pre-defined
 population in each of the 3 clusters

Given    Inferred Clusters       Number of
 Pop       1      2      3      Individuals

  1:     0.333  0.331  0.336      358
  2:     0.337  0.334  0.329      1039
  3:     0.338  0.334  0.328      603
--------------------------------------------

  Rep#:   Lambda   Alpha      F1    F2    F3     D1,2  D1,3  D2,3    Ln Like  Est Ln P(D)
477000:    1.00    9.304    0.137 0.000 0.070    0.062 0.089 0.031   -125377    0 
477100:    1.00    9.131    0.176 0.000 0.088    0.066 0.099 0.033   -125361    0 
477200:    1.00    9.173    0.183 0.000 0.083    0.067 0.099 0.029   -125358    0 
477300:    1.00    8.647    0.225 0.000 0.084    0.071 0.111 0.032   -125299    0 
477400:    1.00    8.817    0.175 0.000 0.101    0.060 0.131 0.045   -125343    0 
477500:    1.00    9.196    0.163 0.000 0.097    0.060 0.124 0.043   -125327    0 
477600:    1.00    8.941    0.128 0.000 0.116    0.059 0.128 0.050   -125311    0 
477700:    1.00    9.049    0.140 0.000 0.113    0.058 0.119 0.042   -125343    0 
477800:    1.00    8.985    0.161 0.000 0.103    0.051 0.095 0.047   -125416    0 
477900:    1.00    8.571    0.164 0.000 0.126    0.059 0.118 0.052   -125329    0 

--------------------------------------------
Proportion of membership of each pre-defined
 population in each of the 3 clusters

Given    Inferred Clusters       Number of
 Pop       1      2      3      Individuals

  1:     0.333  0.327  0.340      358
  2:     0.338  0.329  0.333      1039
  3:     0.335  0.331  0.334      603
--------------------------------------------

  Rep#:   Lambda   Alpha      F1    F2    F3     D1,2  D1,3  D2,3    Ln Like  Est Ln P(D)
478000:    1.00    8.574    0.153 0.000 0.106    0.074 0.124 0.041   -125304    0 
478100:    1.00    8.348    0.176 0.000 0.151    0.071 0.121 0.043   -125298    0 
478200:    1.00    7.950    0.200 0.000 0.163    0.075 0.133 0.046   -125245    0 
478300:    1.00    7.877    0.178 0.000 0.175    0.076 0.121 0.047   -125160    0 
478400:    1.00    7.454    0.175 0.000 0.120    0.071 0.113 0.045   -125282    0 
478500:    1.00    7.444    0.172 0.000 0.127    0.055 0.110 0.046   -125311    0 
478600:    1.00    7.461    0.143 0.000 0.112    0.054 0.101 0.040   -125240    0 
478700:    1.00    7.564    0.148 0.000 0.092    0.057 0.099 0.036   -125254    0 
478800:    1.00    7.826    0.150 0.000 0.111    0.055 0.091 0.041   -125348    0 
478900:    1.00    7.625    0.121 0.000 0.102    0.051 0.083 0.042   -125314    0 

--------------------------------------------
Proportion of membership of each pre-defined
 population in each of the 3 clusters

Given    Inferred Clusters       Number of
 Pop       1      2      3      Individuals

  1:     0.330  0.339  0.331      358
  2:     0.331  0.330  0.339      1039
  3:     0.337  0.333  0.330      603
--------------------------------------------

  Rep#:   Lambda   Alpha      F1    F2    F3     D1,2  D1,3  D2,3    Ln Like  Est Ln P(D)
479000:    1.00    7.588    0.114 0.000 0.107    0.050 0.084 0.041   -125317    0 
479100:    1.00    7.746    0.098 0.000 0.081    0.044 0.080 0.032   -125381    0 
479200:    1.00    7.418    0.131 0.000 0.087    0.042 0.076 0.034   -125366    0 
479300:    1.00    7.193    0.137 0.000 0.077    0.044 0.073 0.033   -125301    0 
479400:    1.00    7.427    0.129 0.000 0.108    0.046 0.094 0.043   -125364    0 
479500:    1.00    7.293    0.171 0.000 0.113    0.057 0.105 0.042   -125292    0 
479600:    1.00    7.491    0.153 0.000 0.084    0.055 0.094 0.035   -125313    0 
479700:    1.00    7.883    0.130 0.000 0.102    0.049 0.090 0.039   -125329    0 
479800:    1.00    7.645    0.192 0.000 0.083    0.058 0.086 0.031   -125340    0 
479900:    1.00    7.596    0.189 0.000 0.108    0.062 0.110 0.037   -125346    0 

--------------------------------------------
Proportion of membership of each pre-defined
 population in each of the 3 clusters

Given    Inferred Clusters       Number of
 Pop       1      2      3      Individuals

  1:     0.335  0.319  0.346      358
  2:     0.338  0.333  0.329      1039
  3:     0.330  0.334  0.336      603
--------------------------------------------

  Rep#:   Lambda   Alpha      F1    F2    F3     D1,2  D1,3  D2,3    Ln Like  Est Ln P(D)
480000:    1.00    7.599    0.145 0.000 0.094    0.055 0.101 0.038   -125317    0 
480100:    1.00    7.252    0.143 0.000 0.103    0.054 0.092 0.039   -125353    0 
480200:    1.00    7.399    0.118 0.000 0.098    0.050 0.086 0.036   -125343    0 
480300:    1.00    7.738    0.123 0.000 0.115    0.062 0.117 0.043   -125333    0 
480400:    1.00    7.681    0.144 0.000 0.097    0.062 0.115 0.042   -125290    0 
480500:    1.00    7.596    0.152 0.000 0.088    0.055 0.102 0.037   -125325    0 
480600:    1.00    7.763    0.146 0.000 0.085    0.053 0.089 0.033   -125340    0 
480700:    1.00    7.859    0.142 0.000 0.085    0.060 0.100 0.030   -125370    0 
480800:    1.00    7.910    0.138 0.000 0.124    0.059 0.096 0.037   -125276    0 
480900:    1.00    8.180    0.181 0.000 0.109    0.069 0.117 0.035   -125334    0 

--------------------------------------------
Proportion of membership of each pre-defined
 population in each of the 3 clusters

Given    Inferred Clusters       Number of
 Pop       1      2      3      Individuals

  1:     0.327  0.335  0.338      358
  2:     0.332  0.332  0.336      1039
  3:     0.334  0.338  0.327      603
--------------------------------------------

  Rep#:   Lambda   Alpha      F1    F2    F3     D1,2  D1,3  D2,3    Ln Like  Est Ln P(D)
481000:    1.00    7.937    0.177 0.000 0.091    0.062 0.118 0.037   -125296    0 
481100:    1.00    7.708    0.157 0.000 0.107    0.048 0.107 0.043   -125310    0 
481200:    1.00    7.734    0.146 0.000 0.087    0.047 0.126 0.048   -125322    0 
481300:    1.00    7.558    0.115 0.000 0.083    0.046 0.106 0.040   -125283    0 
481400:    1.00    7.332    0.114 0.000 0.131    0.053 0.118 0.044   -125277    0 
481500:    1.00    7.283    0.132 0.000 0.104    0.051 0.106 0.046   -125278    0 
481600:    1.00    7.457    0.130 0.000 0.099    0.047 0.102 0.037   -125284    0 
481700:    1.00    7.307    0.120 0.000 0.095    0.042 0.091 0.034   -125317    0 
481800:    1.00    7.332    0.124 0.000 0.095    0.055 0.101 0.032   -125307    0 
481900:    1.00    7.114    0.129 0.000 0.102    0.049 0.099 0.046   -125304    0 

--------------------------------------------
Proportion of membership of each pre-defined
 population in each of the 3 clusters

Given    Inferred Clusters       Number of
 Pop       1      2      3      Individuals

  1:     0.326  0.339  0.335      358
  2:     0.336  0.335  0.328      1039
  3:     0.336  0.337  0.327      603
--------------------------------------------

  Rep#:   Lambda   Alpha      F1    F2    F3     D1,2  D1,3  D2,3    Ln Like  Est Ln P(D)
482000:    1.00    6.800    0.081 0.000 0.110    0.045 0.104 0.045   -125275    0 
482100:    1.00    7.078    0.087 0.000 0.115    0.044 0.096 0.041   -125319    0 
482200:    1.00    6.914    0.100 0.000 0.109    0.038 0.083 0.033   -125269    0 
482300:    1.00    6.851    0.105 0.000 0.096    0.036 0.070 0.036   -125311    0 
482400:    1.00    6.656    0.088 0.000 0.086    0.036 0.074 0.036   -125325    0 
482500:    1.00    6.594    0.119 0.000 0.094    0.046 0.091 0.043   -125243    0 
482600:    1.00    6.679    0.159 0.000 0.125    0.050 0.101 0.040   -125259    0 
482700:    1.00    6.677    0.125 0.000 0.093    0.042 0.081 0.033   -125327    0 
482800:    1.00    6.817    0.132 0.000 0.073    0.054 0.098 0.038   -125266    0 
482900:    1.00    7.003    0.131 0.000 0.085    0.049 0.090 0.035   -125310    0 

--------------------------------------------
Proportion of membership of each pre-defined
 population in each of the 3 clusters

Given    Inferred Clusters       Number of
 Pop       1      2      3      Individuals

  1:     0.335  0.325  0.341      358
  2:     0.335  0.329  0.336      1039
  3:     0.333  0.335  0.332      603
--------------------------------------------

  Rep#:   Lambda   Alpha      F1    F2    F3     D1,2  D1,3  D2,3    Ln Like  Est Ln P(D)
483000:    1.00    6.631    0.098 0.000 0.115    0.041 0.094 0.039   -125313    0 
483100:    1.00    6.937    0.126 0.000 0.089    0.045 0.104 0.042   -125307    0 
483200:    1.00    7.018    0.128 0.000 0.101    0.052 0.096 0.033   -125239    0 
483300:    1.00    7.366    0.147 0.000 0.090    0.045 0.083 0.029   -125266    0 
483400:    1.00    7.439    0.186 0.000 0.132    0.053 0.109 0.040   -125260    0 
483500:    1.00    7.237    0.095 0.000 0.110    0.041 0.085 0.035   -125354    0 
483600:    1.00    7.143    0.108 0.000 0.115    0.045 0.099 0.041   -125299    0 
483700:    1.00    7.223    0.117 0.000 0.113    0.046 0.090 0.034   -125336    0 
483800:    1.00    7.066    0.114 0.000 0.114    0.040 0.079 0.037   -125325    0 
483900:    1.00    6.734    0.159 0.000 0.093    0.051 0.096 0.032   -125320    0 

--------------------------------------------
Proportion of membership of each pre-defined
 population in each of the 3 clusters

Given    Inferred Clusters       Number of
 Pop       1      2      3      Individuals

  1:     0.331  0.327  0.342      358
  2:     0.335  0.328  0.337      1039
  3:     0.339  0.329  0.333      603
--------------------------------------------

  Rep#:   Lambda   Alpha      F1    F2    F3     D1,2  D1,3  D2,3    Ln Like  Est Ln P(D)
484000:    1.00    6.840    0.138 0.000 0.107    0.043 0.095 0.035   -125242    0 
484100:    1.00    7.151    0.140 0.000 0.110    0.047 0.106 0.040   -125308    0 
484200:    1.00    7.109    0.112 0.000 0.106    0.041 0.101 0.043   -125306    0 
484300:    1.00    7.502    0.107 0.000 0.104    0.039 0.086 0.040   -125317    0 
484400:    1.00    7.490    0.097 0.000 0.114    0.035 0.079 0.043   -125303    0 
484500:    1.00    7.637    0.121 0.000 0.115    0.034 0.094 0.050   -125314    0 
484600:    1.00    7.729    0.109 0.000 0.132    0.055 0.105 0.055   -125304    0 
484700:    1.00    7.998    0.113 0.000 0.114    0.039 0.097 0.051   -125291    0 
484800:    1.00    7.965    0.139 0.000 0.107    0.050 0.107 0.047   -125288    0 
484900:    1.00    7.916    0.128 0.000 0.135    0.045 0.099 0.045   -125296    0 

--------------------------------------------
Proportion of membership of each pre-defined
 population in each of the 3 clusters

Given    Inferred Clusters       Number of
 Pop       1      2      3      Individuals

  1:     0.328  0.338  0.334      358
  2:     0.334  0.327  0.339      1039
  3:     0.333  0.339  0.328      603
--------------------------------------------

  Rep#:   Lambda   Alpha      F1    F2    F3     D1,2  D1,3  D2,3    Ln Like  Est Ln P(D)
485000:    1.00    7.860    0.110 0.000 0.159    0.040 0.092 0.048   -125271    0 
485100:    1.00    7.839    0.107 0.000 0.146    0.044 0.095 0.044   -125337    0 
485200:    1.00    7.646    0.142 0.000 0.142    0.046 0.100 0.049   -125282    0 
485300:    1.00    7.572    0.132 0.000 0.146    0.043 0.093 0.056   -125297    0 
485400:    1.00    7.632    0.138 0.000 0.090    0.052 0.087 0.040   -125372    0 
485500:    1.00    7.764    0.148 0.000 0.100    0.046 0.081 0.034   -125307    0 
485600:    1.00    7.577    0.141 0.000 0.093    0.043 0.100 0.041   -125300    0 
485700:    1.00    7.615    0.098 0.000 0.111    0.041 0.117 0.049   -125251    0 
485800:    1.00    7.669    0.111 0.000 0.163    0.036 0.117 0.063   -125348    0 
485900:    1.00    7.704    0.099 0.000 0.137    0.035 0.108 0.059   -125251    0 

--------------------------------------------
Proportion of membership of each pre-defined
 population in each of the 3 clusters

Given    Inferred Clusters       Number of
 Pop       1      2      3      Individuals

  1:     0.331  0.334  0.336      358
  2:     0.334  0.331  0.335      1039
  3:     0.333  0.338  0.329      603
--------------------------------------------

  Rep#:   Lambda   Alpha      F1    F2    F3     D1,2  D1,3  D2,3    Ln Like  Est Ln P(D)
486000:    1.00    7.601    0.113 0.000 0.132    0.037 0.116 0.066   -125273    0 
486100:    1.00    7.215    0.106 0.000 0.162    0.034 0.105 0.063   -125284    0 
486200:    1.00    7.381    0.105 0.000 0.169    0.031 0.105 0.063   -125253    0 
486300:    1.00    7.475    0.110 0.000 0.118    0.041 0.107 0.060   -125293    0 
486400:    1.00    7.941    0.107 0.000 0.149    0.034 0.115 0.063   -125291    0 
486500:    1.00    8.083    0.094 0.000 0.141    0.042 0.109 0.060   -125283    0 
486600:    1.00    8.341    0.123 0.000 0.095    0.044 0.083 0.042   -125320    0 
486700:    1.00    8.554    0.122 0.000 0.129    0.052 0.112 0.053   -125380    0 
486800:    1.00    8.589    0.122 0.000 0.143    0.059 0.114 0.050   -125358    0 
486900:    1.00    8.657    0.133 0.000 0.121    0.055 0.115 0.051   -125325    0 

--------------------------------------------
Proportion of membership of each pre-defined
 population in each of the 3 clusters

Given    Inferred Clusters       Number of
 Pop       1      2      3      Individuals

  1:     0.334  0.338  0.329      358
  2:     0.336  0.330  0.334      1039
  3:     0.334  0.336  0.329      603
--------------------------------------------

  Rep#:   Lambda   Alpha      F1    F2    F3     D1,2  D1,3  D2,3    Ln Like  Est Ln P(D)
487000:    1.00    9.000    0.109 0.000 0.141    0.050 0.136 0.069   -125257    0 
487100:    1.00    9.036    0.141 0.000 0.136    0.058 0.125 0.056   -125308    0 
487200:    1.00    8.766    0.165 0.000 0.125    0.055 0.126 0.052   -125285    0 
487300:    1.00    9.028    0.137 0.000 0.110    0.057 0.114 0.052   -125283    0 
487400:    1.00    8.879    0.150 0.000 0.116    0.067 0.117 0.052   -125267    0 
487500:    1.00    8.669    0.160 0.000 0.109    0.059 0.118 0.060   -125313    0 
487600:    1.00    8.765    0.161 0.000 0.128    0.067 0.101 0.044   -125347    0 
487700:    1.00    9.491    0.165 0.000 0.083    0.060 0.104 0.039   -125359    0 
487800:    1.00    9.360    0.164 0.000 0.094    0.063 0.099 0.042   -125367    0 
487900:    1.00    9.312    0.183 0.000 0.097    0.077 0.117 0.044   -125335    0 

--------------------------------------------
Proportion of membership of each pre-defined
 population in each of the 3 clusters

Given    Inferred Clusters       Number of
 Pop       1      2      3      Individuals

  1:     0.333  0.327  0.340      358
  2:     0.336  0.333  0.331      1039
  3:     0.333  0.341  0.326      603
--------------------------------------------

  Rep#:   Lambda   Alpha      F1    F2    F3     D1,2  D1,3  D2,3    Ln Like  Est Ln P(D)
488000:    1.00    9.556    0.187 0.000 0.128    0.065 0.113 0.054   -125317    0 
488100:    1.00    9.427    0.164 0.000 0.115    0.070 0.127 0.061   -125299    0 
488200:    1.00    9.272    0.213 0.000 0.126    0.065 0.109 0.048   -125307    0 
488300:    1.00    9.276    0.201 0.000 0.114    0.066 0.106 0.049   -125301    0 
488400:    1.00    9.290    0.209 0.000 0.142    0.074 0.129 0.061   -125254    0 
488500:    1.00    9.398    0.183 0.000 0.130    0.073 0.132 0.056   -125250    0 
488600:    1.00    9.525    0.176 0.000 0.162    0.067 0.131 0.062   -125335    0 
488700:    1.00    9.312    0.154 0.000 0.127    0.072 0.139 0.058   -125253    0 
488800:    1.00    9.362    0.203 0.000 0.146    0.065 0.127 0.047   -125266    0 
488900:    1.00    9.407    0.166 0.000 0.121    0.060 0.125 0.057   -125277    0 

--------------------------------------------
Proportion of membership of each pre-defined
 population in each of the 3 clusters

Given    Inferred Clusters       Number of
 Pop       1      2      3      Individuals

  1:     0.336  0.332  0.332      358
  2:     0.336  0.330  0.335      1039
  3:     0.337  0.334  0.329      603
--------------------------------------------

  Rep#:   Lambda   Alpha      F1    F2    F3     D1,2  D1,3  D2,3    Ln Like  Est Ln P(D)
489000:    1.00    9.505    0.158 0.000 0.150    0.056 0.125 0.064   -125263    0 
489100:    1.00    9.617    0.183 0.000 0.171    0.057 0.123 0.060   -125250    0 
489200:    1.00    9.659    0.199 0.000 0.142    0.067 0.119 0.050   -125353    0 
489300:    1.00    9.733    0.215 0.000 0.111    0.080 0.146 0.054   -125288    0 
489400:    1.00    9.955    0.199 0.000 0.101    0.082 0.147 0.047   -125353    0 
489500:    1.00    9.934    0.225 0.000 0.130    0.074 0.132 0.050   -125313    0 
489600:    1.00    9.807    0.180 0.000 0.108    0.066 0.103 0.040   -125320    0 
489700:    1.00    9.819    0.154 0.000 0.101    0.064 0.105 0.042   -125335    0 
489800:    1.00    9.487    0.155 0.000 0.088    0.061 0.091 0.037   -125363    0 
489900:    1.00    9.230    0.151 0.000 0.091    0.060 0.109 0.042   -125351    0 

--------------------------------------------
Proportion of membership of each pre-defined
 population in each of the 3 clusters

Given    Inferred Clusters       Number of
 Pop       1      2      3      Individuals

  1:     0.333  0.334  0.333      358
  2:     0.333  0.332  0.335      1039
  3:     0.341  0.330  0.329      603
--------------------------------------------

  Rep#:   Lambda   Alpha      F1    F2    F3     D1,2  D1,3  D2,3    Ln Like  Est Ln P(D)
490000:    1.00    9.137    0.121 0.000 0.113    0.045 0.096 0.046   -125324    0 
490100:    1.00    8.958    0.155 0.000 0.105    0.044 0.075 0.030   -125427    0 
490200:    1.00    9.203    0.146 0.000 0.079    0.048 0.085 0.036   -125348    0 
490300:    1.00    9.587    0.107 0.000 0.055    0.042 0.081 0.030   -125424    0 
490400:    1.00    9.524    0.092 0.000 0.100    0.041 0.105 0.043   -125448    0 
490500:    1.00    9.465    0.124 0.000 0.089    0.051 0.101 0.035   -125425    0 
490600:    1.00    9.212    0.195 0.000 0.075    0.064 0.113 0.029   -125384    0 
490700:    1.00    9.158    0.188 0.000 0.087    0.061 0.112 0.034   -125360    0 
490800:    1.00    9.055    0.195 0.000 0.079    0.064 0.118 0.033   -125275    0 
490900:    1.00    9.379    0.198 0.000 0.109    0.063 0.119 0.038   -125371    0 

--------------------------------------------
Proportion of membership of each pre-defined
 population in each of the 3 clusters

Given    Inferred Clusters       Number of
 Pop       1      2      3      Individuals

  1:     0.336  0.332  0.332      358
  2:     0.335  0.331  0.334      1039
  3:     0.333  0.339  0.328      603
--------------------------------------------

  Rep#:   Lambda   Alpha      F1    F2    F3     D1,2  D1,3  D2,3    Ln Like  Est Ln P(D)
491000:    1.00    9.521    0.156 0.000 0.098    0.059 0.108 0.037   -125337    0 
491100:    1.00    9.670    0.128 0.000 0.093    0.048 0.099 0.037   -125416    0 
491200:    1.00    9.601    0.136 0.000 0.093    0.043 0.082 0.032   -125434    0 
491300:    1.00    9.470    0.113 0.000 0.109    0.055 0.126 0.053   -125424    0 
491400:    1.00    9.200    0.123 0.000 0.131    0.054 0.120 0.050   -125366    0 
491500:    1.00    8.867    0.139 0.000 0.116    0.063 0.118 0.053   -125358    0 
491600:    1.00    9.125    0.172 0.000 0.116    0.048 0.102 0.042   -125394    0 
491700:    1.00    9.105    0.194 0.000 0.129    0.070 0.138 0.051   -125284    0 
491800:    1.00    9.376    0.225 0.000 0.166    0.063 0.141 0.050   -125231    0 
491900:    1.00    9.294    0.158 0.000 0.124    0.058 0.117 0.051   -125339    0 

--------------------------------------------
Proportion of membership of each pre-defined
 population in each of the 3 clusters

Given    Inferred Clusters       Number of
 Pop       1      2      3      Individuals

  1:     0.332  0.340  0.328      358
  2:     0.338  0.327  0.336      1039
  3:     0.324  0.338  0.338      603
--------------------------------------------

  Rep#:   Lambda   Alpha      F1    F2    F3     D1,2  D1,3  D2,3    Ln Like  Est Ln P(D)
492000:    1.00    9.327    0.168 0.000 0.131    0.054 0.111 0.046   -125349    0 
492100:    1.00    9.303    0.127 0.000 0.096    0.044 0.087 0.042   -125344    0 
492200:    1.00    9.672    0.105 0.000 0.110    0.047 0.116 0.055   -125377    0 
492300:    1.00    9.991    0.113 0.000 0.137    0.035 0.095 0.048   -125386    0 
492400:    1.00    9.981    0.124 0.000 0.122    0.045 0.115 0.051   -125416    0 
492500:    1.00    9.870    0.107 0.000 0.165    0.031 0.106 0.062   -125363    0 
492600:    1.00    9.890    0.097 0.000 0.207    0.036 0.122 0.076   -125381    0 
492700:    1.00    9.950    0.123 0.000 0.176    0.040 0.140 0.082   -125388    0 
492800:    1.00    9.526    0.119 0.000 0.143    0.042 0.100 0.060   -125418    0 
492900:    1.00    9.489    0.158 0.000 0.147    0.056 0.121 0.060   -125341    0 

--------------------------------------------
Proportion of membership of each pre-defined
 population in each of the 3 clusters

Given    Inferred Clusters       Number of
 Pop       1      2      3      Individuals

  1:     0.334  0.335  0.332      358
  2:     0.336  0.333  0.331      1039
  3:     0.335  0.332  0.333      603
--------------------------------------------

  Rep#:   Lambda   Alpha      F1    F2    F3     D1,2  D1,3  D2,3    Ln Like  Est Ln P(D)
493000:    1.00    9.458    0.169 0.000 0.154    0.055 0.123 0.064   -125344    0 
493100:    1.00    9.336    0.189 0.001 0.145    0.057 0.136 0.059   -125260    0 
493200:    1.00    9.550    0.188 0.001 0.165    0.057 0.126 0.063   -125301    0 
493300:    1.00    9.419    0.137 0.001 0.206    0.052 0.110 0.060   -125343    0 
493400:    1.00    9.252    0.194 0.001 0.177    0.060 0.124 0.066   -125278    0 
493500:    1.00    9.497    0.183 0.001 0.179    0.061 0.127 0.067   -125298    0 
493600:    1.00    9.855    0.194 0.001 0.168    0.060 0.129 0.071   -125292    0 
493700:    1.00    9.732    0.153 0.001 0.164    0.057 0.132 0.076   -125269    0 
493800:    1.00    9.419    0.180 0.001 0.158    0.054 0.126 0.070   -125315    0 
493900:    1.00    8.894    0.141 0.001 0.106    0.049 0.098 0.056   -125367    0 

--------------------------------------------
Proportion of membership of each pre-defined
 population in each of the 3 clusters

Given    Inferred Clusters       Number of
 Pop       1      2      3      Individuals

  1:     0.333  0.328  0.339      358
  2:     0.336  0.327  0.337      1039
  3:     0.331  0.331  0.338      603
--------------------------------------------

  Rep#:   Lambda   Alpha      F1    F2    F3     D1,2  D1,3  D2,3    Ln Like  Est Ln P(D)
494000:    1.00    8.986    0.131 0.001 0.105    0.051 0.083 0.045   -125397    0 
494100:    1.00    9.065    0.102 0.001 0.119    0.040 0.086 0.044   -125376    0 
494200:    1.00    8.660    0.129 0.001 0.136    0.043 0.090 0.042   -125403    0 
494300:    1.00    8.633    0.137 0.000 0.110    0.055 0.110 0.050   -125355    0 
494400:    1.00    9.108    0.154 0.000 0.105    0.053 0.101 0.044   -125341    0 
494500:    1.00    8.901    0.127 0.000 0.135    0.046 0.093 0.040   -125386    0 
494600:    1.00    8.821    0.132 0.000 0.095    0.048 0.086 0.034   -125368    0 
494700:    1.00    8.947    0.122 0.000 0.128    0.053 0.108 0.045   -125311    0 
494800:    1.00    9.012    0.151 0.000 0.121    0.063 0.125 0.047   -125304    0 
494900:    1.00    8.949    0.138 0.000 0.104    0.065 0.106 0.035   -125340    0 

--------------------------------------------
Proportion of membership of each pre-defined
 population in each of the 3 clusters

Given    Inferred Clusters       Number of
 Pop       1      2      3      Individuals

  1:     0.331  0.327  0.342      358
  2:     0.333  0.330  0.338      1039
  3:     0.336  0.330  0.334      603
--------------------------------------------

  Rep#:   Lambda   Alpha      F1    F2    F3     D1,2  D1,3  D2,3    Ln Like  Est Ln P(D)
495000:    1.00    8.490    0.141 0.000 0.111    0.059 0.103 0.042   -125310    0 
495100:    1.00    8.740    0.134 0.000 0.114    0.063 0.113 0.048   -125312    0 
495200:    1.00    8.925    0.154 0.000 0.124    0.061 0.109 0.042   -125386    0 
495300:    1.00    8.473    0.173 0.000 0.139    0.062 0.132 0.059   -125288    0 
495400:    1.00    8.224    0.099 0.000 0.172    0.044 0.109 0.060   -125322    0 
495500:    1.00    8.148    0.132 0.000 0.134    0.042 0.111 0.052   -125313    0 
495600:    1.00    8.220    0.152 0.000 0.118    0.045 0.100 0.049   -125316    0 
495700:    1.00    8.215    0.107 0.000 0.147    0.046 0.118 0.064   -125318    0 
495800:    1.00    8.336    0.105 0.000 0.126    0.044 0.089 0.048   -125381    0 
495900:    1.00    8.071    0.126 0.000 0.117    0.035 0.085 0.042   -125374    0 

--------------------------------------------
Proportion of membership of each pre-defined
 population in each of the 3 clusters

Given    Inferred Clusters       Number of
 Pop       1      2      3      Individuals

  1:     0.337  0.334  0.329      358
  2:     0.336  0.337  0.327      1039
  3:     0.332  0.334  0.334      603
--------------------------------------------

  Rep#:   Lambda   Alpha      F1    F2    F3     D1,2  D1,3  D2,3    Ln Like  Est Ln P(D)
496000:    1.00    7.450    0.099 0.000 0.118    0.039 0.080 0.043   -125439    0 
496100:    1.00    7.621    0.116 0.000 0.097    0.033 0.075 0.037   -125351    0 
496200:    1.00    8.074    0.116 0.000 0.073    0.036 0.070 0.030   -125380    0 
496300:    1.00    8.312    0.097 0.000 0.101    0.037 0.080 0.032   -125401    0 
496400:    1.00    8.476    0.126 0.000 0.097    0.041 0.095 0.034   -125398    0 
496500:    1.00    8.417    0.106 0.000 0.115    0.035 0.098 0.038   -125357    0 
496600:    1.00    8.155    0.092 0.000 0.085    0.043 0.089 0.035   -125377    0 
496700:    1.00    8.155    0.135 0.000 0.087    0.045 0.105 0.035   -125340    0 
496800:    1.00    8.082    0.119 0.000 0.102    0.037 0.098 0.037   -125333    0 
496900:    1.00    8.125    0.113 0.000 0.086    0.044 0.100 0.042   -125308    0 

--------------------------------------------
Proportion of membership of each pre-defined
 population in each of the 3 clusters

Given    Inferred Clusters       Number of
 Pop       1      2      3      Individuals

  1:     0.320  0.337  0.343      358
  2:     0.332  0.331  0.337      1039
  3:     0.331  0.333  0.335      603
--------------------------------------------

  Rep#:   Lambda   Alpha      F1    F2    F3     D1,2  D1,3  D2,3    Ln Like  Est Ln P(D)
497000:    1.00    8.309    0.123 0.000 0.112    0.050 0.119 0.044   -125343    0 
497100:    1.00    8.303    0.118 0.000 0.067    0.057 0.103 0.035   -125372    0 
497200:    1.00    8.095    0.115 0.000 0.087    0.057 0.102 0.041   -125344    0 
497300:    1.00    7.436    0.120 0.000 0.091    0.059 0.114 0.037   -125259    0 
497400:    1.00    7.575    0.159 0.000 0.108    0.050 0.091 0.035   -125312    0 
497500:    1.00    7.255    0.112 0.000 0.119    0.053 0.118 0.046   -125272    0 
497600:    1.00    7.040    0.147 0.000 0.082    0.049 0.098 0.043   -125320    0 
497700:    1.00    7.572    0.156 0.000 0.093    0.054 0.092 0.033   -125289    0 
497800:    1.00    7.793    0.126 0.000 0.096    0.055 0.089 0.030   -125320    0 
497900:    1.00    7.438    0.135 0.000 0.083    0.060 0.099 0.027   -125301    0 

--------------------------------------------
Proportion of membership of each pre-defined
 population in each of the 3 clusters

Given    Inferred Clusters       Number of
 Pop       1      2      3      Individuals

  1:     0.328  0.329  0.343      358
  2:     0.334  0.328  0.338      1039
  3:     0.340  0.328  0.332      603
--------------------------------------------

  Rep#:   Lambda   Alpha      F1    F2    F3     D1,2  D1,3  D2,3    Ln Like  Est Ln P(D)
498000:    1.00    7.402    0.134 0.000 0.097    0.053 0.097 0.034   -125317    0 
498100:    1.00    7.619    0.119 0.000 0.100    0.056 0.107 0.035   -125371    0 
498200:    1.00    7.983    0.142 0.000 0.096    0.054 0.110 0.039   -125334    0 
498300:    1.00    8.096    0.136 0.000 0.094    0.053 0.106 0.036   -125338    0 
498400:    1.00    8.134    0.115 0.000 0.072    0.060 0.108 0.034   -125333    0 
498500:    1.00    7.728    0.126 0.000 0.084    0.051 0.107 0.039   -125327    0 
498600:    1.00    7.843    0.127 0.000 0.093    0.050 0.085 0.041   -125385    0 
498700:    1.00    7.804    0.111 0.000 0.097    0.045 0.086 0.038   -125354    0 
498800:    1.00    8.068    0.145 0.000 0.117    0.058 0.121 0.059   -125343    0 
498900:    1.00    8.147    0.132 0.000 0.113    0.058 0.139 0.058   -125313    0 

--------------------------------------------
Proportion of membership of each pre-defined
 population in each of the 3 clusters

Given    Inferred Clusters       Number of
 Pop       1      2      3      Individuals

  1:     0.330  0.337  0.333      358
  2:     0.331  0.334  0.336      1039
  3:     0.327  0.342  0.331      603
--------------------------------------------

  Rep#:   Lambda   Alpha      F1    F2    F3     D1,2  D1,3  D2,3    Ln Like  Est Ln P(D)
499000:    1.00    8.416    0.145 0.000 0.162    0.059 0.141 0.069   -125305    0 
499100:    1.00    8.429    0.129 0.000 0.135    0.051 0.139 0.067   -125299    0 
499200:    1.00    8.522    0.149 0.000 0.166    0.049 0.138 0.067   -125297    0 
499300:    1.00    8.782    0.151 0.000 0.186    0.053 0.137 0.070   -125293    0 
499400:    1.00    8.491    0.145 0.000 0.144    0.063 0.137 0.060   -125232    0 
499500:    1.00    8.947    0.114 0.000 0.129    0.049 0.102 0.046   -125330    0 
499600:    1.00    9.069    0.147 0.000 0.103    0.045 0.100 0.043   -125362    0 
499700:    1.00    9.013    0.104 0.000 0.104    0.037 0.080 0.047   -125427    0 
499800:    1.00    9.398    0.111 0.000 0.109    0.037 0.080 0.048   -125362    0 
499900:    1.00    9.318    0.080 0.000 0.149    0.035 0.083 0.054   -125421    0 

--------------------------------------------
Proportion of membership of each pre-defined
 population in each of the 3 clusters

Given    Inferred Clusters       Number of
 Pop       1      2      3      Individuals

  1:     0.334  0.332  0.333      358
  2:     0.336  0.332  0.332      1039
  3:     0.335  0.335  0.331      603
--------------------------------------------

  Rep#:   Lambda   Alpha      F1    F2    F3     D1,2  D1,3  D2,3    Ln Like  Est Ln P(D)
500000:    1.00    9.634    0.098 0.000 0.121    0.039 0.074 0.045   -125392    0 
500100:    1.00    9.399    0.103 0.000 0.153    0.036 0.089 0.055   -125336    0 
500200:    1.00    9.327    0.098 0.000 0.186    0.034 0.106 0.066   -125359    0 
500300:    1.00    9.588    0.110 0.000 0.235    0.036 0.127 0.083   -125328    0 
500400:    1.00    9.386    0.099 0.000 0.179    0.036 0.131 0.085   -125365    0 
500500:    1.00    9.361    0.102 0.000 0.169    0.031 0.103 0.065   -125377    0 
500600:    1.00    9.081    0.056 0.000 0.144    0.033 0.109 0.066   -125396    0 
500700:    1.00    9.360    0.095 0.000 0.157    0.037 0.094 0.054   -125419    0 
500800:    1.00    9.128    0.104 0.000 0.194    0.037 0.127 0.068   -125359    0 
500900:    1.00    9.246    0.100 0.000 0.191    0.038 0.141 0.073   -125290    0 

--------------------------------------------
Proportion of membership of each pre-defined
 population in each of the 3 clusters

Given    Inferred Clusters       Number of
 Pop       1      2      3      Individuals

  1:     0.333  0.326  0.341      358
  2:     0.329  0.334  0.337      1039
  3:     0.335  0.332  0.332      603
--------------------------------------------

  Rep#:   Lambda   Alpha      F1    F2    F3     D1,2  D1,3  D2,3    Ln Like  Est Ln P(D)
501000:    1.00    9.236    0.100 0.000 0.152    0.035 0.121 0.057   -125293    0 
501100:    1.00    9.269    0.090 0.000 0.141    0.040 0.100 0.046   -125438    0 
501200:    1.00    9.564    0.072 0.000 0.099    0.027 0.079 0.047   -125422    0 
501300:    1.00    9.565    0.076 0.000 0.126    0.028 0.062 0.045   -125426    0 
501400:    1.00    9.245    0.075 0.000 0.116    0.031 0.076 0.041   -125439    0 
501500:    1.00    9.289    0.070 0.000 0.117    0.031 0.089 0.046   -125439    0 
501600:    1.00    9.511    0.092 0.000 0.108    0.039 0.099 0.040   -125363    0 
501700:    1.00    9.375    0.144 0.000 0.108    0.044 0.088 0.036   -125435    0 
501800:    1.00    9.695    0.140 0.000 0.109    0.046 0.097 0.040   -125364    0 
501900:    1.00    9.705    0.122 0.000 0.094    0.047 0.102 0.040   -125398    0 

--------------------------------------------
Proportion of membership of each pre-defined
 population in each of the 3 clusters

Given    Inferred Clusters       Number of
 Pop       1      2      3      Individuals

  1:     0.329  0.333  0.338      358
  2:     0.327  0.337  0.336      1039
  3:     0.333  0.339  0.328      603
--------------------------------------------

  Rep#:   Lambda   Alpha      F1    F2    F3     D1,2  D1,3  D2,3    Ln Like  Est Ln P(D)
502000:    1.00    9.350    0.121 0.000 0.122    0.053 0.108 0.046   -125328    0 
502100:    1.00    9.674    0.120 0.000 0.119    0.049 0.103 0.045   -125410    0 
502200:    1.00    9.766    0.121 0.000 0.160    0.047 0.101 0.047   -125383    0 
502300:    1.00    9.702    0.103 0.000 0.141    0.051 0.105 0.048   -125382    0 
502400:    1.00    9.852    0.091 0.000 0.145    0.036 0.083 0.050   -125429    0 
502500:    1.00    9.871    0.099 0.000 0.117    0.046 0.093 0.050   -125431    0 
502600:    1.00    9.651    0.086 0.000 0.115    0.035 0.092 0.049   -125404    0 
502700:    1.00    9.433    0.091 0.000 0.095    0.034 0.101 0.055   -125387    0 
502800:    1.00    9.486    0.110 0.000 0.091    0.042 0.094 0.043   -125419    0 
502900:    1.00    9.678    0.099 0.000 0.094    0.040 0.092 0.040   -125399    0 

--------------------------------------------
Proportion of membership of each pre-defined
 population in each of the 3 clusters

Given    Inferred Clusters       Number of
 Pop       1      2      3      Individuals

  1:     0.338  0.327  0.335      358
  2:     0.331  0.335  0.335      1039
  3:     0.337  0.335  0.328      603
--------------------------------------------

  Rep#:   Lambda   Alpha      F1    F2    F3     D1,2  D1,3  D2,3    Ln Like  Est Ln P(D)
503000:    1.00    9.446    0.109 0.000 0.138    0.042 0.100 0.045   -125397    0 
503100:    1.00    9.552    0.111 0.000 0.121    0.041 0.107 0.053   -125386    0 
503200:    1.00    9.115    0.104 0.000 0.159    0.041 0.104 0.064   -125413    0 
503300:    1.00    9.201    0.117 0.000 0.140    0.038 0.099 0.062   -125318    0 
503400:    1.00    9.135    0.121 0.000 0.155    0.042 0.107 0.069   -125337    0 
503500:    1.00    9.279    0.110 0.000 0.135    0.052 0.107 0.064   -125305    0 
503600:    1.00    9.350    0.160 0.000 0.184    0.058 0.124 0.068   -125320    0 
503700:    1.00    9.049    0.145 0.000 0.227    0.054 0.125 0.072   -125295    0 
503800:    1.00    9.032    0.118 0.000 0.233    0.043 0.126 0.087   -125296    0 
503900:    1.00    9.497    0.158 0.000 0.192    0.049 0.141 0.085   -125234    0 

--------------------------------------------
Proportion of membership of each pre-defined
 population in each of the 3 clusters

Given    Inferred Clusters       Number of
 Pop       1      2      3      Individuals

  1:     0.331  0.331  0.338      358
  2:     0.334  0.327  0.340      1039
  3:     0.338  0.332  0.330      603
--------------------------------------------

  Rep#:   Lambda   Alpha      F1    F2    F3     D1,2  D1,3  D2,3    Ln Like  Est Ln P(D)
504000:    1.00    9.900    0.142 0.000 0.176    0.044 0.130 0.075   -125276    0 
504100:    1.00    9.924    0.176 0.000 0.160    0.046 0.149 0.082   -125307    0 
504200:    1.00    9.833    0.212 0.000 0.178    0.060 0.155 0.080   -125258    0 
504300:    1.00    9.737    0.140 0.000 0.205    0.063 0.151 0.077   -125244    0 
504400:    1.00    9.997    0.141 0.000 0.121    0.066 0.155 0.072   -125305    0 
504500:    1.00    9.493    0.192 0.000 0.125    0.064 0.133 0.074   -125273    0 
504600:    1.00    9.245    0.161 0.000 0.126    0.063 0.133 0.063   -125306    0 
504700:    1.00    9.115    0.177 0.000 0.174    0.069 0.144 0.056   -125246    0 
504800:    1.00    9.654    0.182 0.000 0.147    0.065 0.120 0.053   -125351    0 
504900:    1.00    9.820    0.176 0.000 0.124    0.071 0.147 0.058   -125303    0 

--------------------------------------------
Proportion of membership of each pre-defined
 population in each of the 3 clusters

Given    Inferred Clusters       Number of
 Pop       1      2      3      Individuals

  1:     0.334  0.327  0.339      358
  2:     0.333  0.331  0.336      1039
  3:     0.332  0.332  0.336      603
--------------------------------------------

  Rep#:   Lambda   Alpha      F1    F2    F3     D1,2  D1,3  D2,3    Ln Like  Est Ln P(D)
505000:    1.00    9.971    0.134 0.000 0.140    0.054 0.129 0.062   -125336    0 
505100:    1.00    9.674    0.115 0.000 0.180    0.056 0.143 0.065   -125284    0 
505200:    1.00    9.476    0.168 0.000 0.138    0.056 0.119 0.055   -125300    0 
505300:    1.00    9.791    0.157 0.000 0.111    0.059 0.132 0.057   -125308    0 
505400:    1.00    9.480    0.142 0.000 0.145    0.055 0.109 0.051   -125354    0 
505500:    1.00    9.731    0.142 0.000 0.122    0.059 0.111 0.039   -125343    0 
505600:    1.00    9.274    0.165 0.000 0.117    0.059 0.128 0.054   -125323    0 
505700:    1.00    9.349    0.125 0.000 0.132    0.055 0.130 0.052   -125296    0 
505800:    1.00    9.193    0.123 0.000 0.082    0.052 0.113 0.049   -125323    0 
505900:    1.00    9.286    0.127 0.000 0.118    0.049 0.095 0.044   -125366    0 

--------------------------------------------
Proportion of membership of each pre-defined
 population in each of the 3 clusters

Given    Inferred Clusters       Number of
 Pop       1      2      3      Individuals

  1:     0.338  0.329  0.334      358
  2:     0.337  0.328  0.335      1039
  3:     0.339  0.331  0.330      603
--------------------------------------------

  Rep#:   Lambda   Alpha      F1    F2    F3     D1,2  D1,3  D2,3    Ln Like  Est Ln P(D)
506000:    1.00    8.831    0.119 0.000 0.115    0.045 0.086 0.040   -125374    0 
506100:    1.00    9.307    0.170 0.000 0.133    0.058 0.123 0.048   -125345    0 
506200:    1.00    9.332    0.146 0.000 0.106    0.052 0.086 0.033   -125346    0 
506300:    1.00    9.272    0.160 0.000 0.100    0.058 0.105 0.033   -125358    0 
506400:    1.00    9.534    0.132 0.000 0.098    0.055 0.110 0.037   -125347    0 
506500:    1.00    9.395    0.154 0.000 0.104    0.058 0.117 0.040   -125325    0 
506600:    1.00    9.597    0.154 0.000 0.082    0.058 0.117 0.039   -125394    0 
506700:    1.00    9.433    0.144 0.000 0.072    0.050 0.099 0.034   -125414    0 
506800:    1.00    9.142    0.130 0.000 0.114    0.042 0.087 0.042   -125445    0 
506900:    1.00    9.216    0.107 0.000 0.138    0.036 0.104 0.056   -125431    0 

--------------------------------------------
Proportion of membership of each pre-defined
 population in each of the 3 clusters

Given    Inferred Clusters       Number of
 Pop       1      2      3      Individuals

  1:     0.335  0.334  0.331      358
  2:     0.338  0.327  0.335      1039
  3:     0.328  0.335  0.337      603
--------------------------------------------

  Rep#:   Lambda   Alpha      F1    F2    F3     D1,2  D1,3  D2,3    Ln Like  Est Ln P(D)
507000:    1.00    8.822    0.114 0.000 0.135    0.037 0.119 0.069   -125357    0 
507100:    1.00    8.797    0.122 0.000 0.191    0.042 0.139 0.074   -125317    0 
507200:    1.00    8.681    0.127 0.000 0.176    0.049 0.146 0.078   -125288    0 
507300:    1.00    8.698    0.118 0.000 0.131    0.055 0.118 0.062   -125304    0 
507400:    1.00    8.705    0.105 0.000 0.163    0.043 0.126 0.068   -125320    0 
507500:    1.00    8.741    0.122 0.000 0.143    0.050 0.141 0.063   -125323    0 
507600:    1.00    9.099    0.127 0.000 0.153    0.051 0.126 0.058   -125282    0 
507700:    1.00    8.950    0.153 0.000 0.157    0.054 0.146 0.066   -125298    0 
507800:    1.00    9.036    0.172 0.000 0.123    0.067 0.141 0.061   -125327    0 
507900:    1.00    8.965    0.160 0.000 0.144    0.067 0.160 0.068   -125194    0 

--------------------------------------------
Proportion of membership of each pre-defined
 population in each of the 3 clusters

Given    Inferred Clusters       Number of
 Pop       1      2      3      Individuals

  1:     0.335  0.329  0.336      358
  2:     0.341  0.332  0.327      1039
  3:     0.330  0.336  0.334      603
--------------------------------------------

  Rep#:   Lambda   Alpha      F1    F2    F3     D1,2  D1,3  D2,3    Ln Like  Est Ln P(D)
508000:    1.00    8.871    0.178 0.000 0.156    0.063 0.141 0.058   -125199    0 
508100:    1.00    8.905    0.178 0.000 0.147    0.057 0.124 0.060   -125306    0 
508200:    1.00    8.688    0.117 0.000 0.167    0.050 0.130 0.059   -125302    0 
508300:    1.00    8.569    0.094 0.000 0.131    0.037 0.095 0.051   -125327    0 
508400:    1.00    8.737    0.107 0.000 0.167    0.051 0.115 0.053   -125264    0 
508500:    1.00    8.820    0.123 0.000 0.135    0.047 0.114 0.053   -125338    0 
508600:    1.00    8.843    0.098 0.000 0.150    0.045 0.115 0.054   -125318    0 
508700:    1.00    8.824    0.107 0.000 0.115    0.045 0.108 0.044   -125425    0 
508800:    1.00    8.693    0.101 0.000 0.095    0.040 0.098 0.045   -125411    0 
508900:    1.00    8.456    0.113 0.000 0.105    0.043 0.113 0.053   -125314    0 

--------------------------------------------
Proportion of membership of each pre-defined
 population in each of the 3 clusters

Given    Inferred Clusters       Number of
 Pop       1      2      3      Individuals

  1:     0.337  0.334  0.329      358
  2:     0.334  0.336  0.331      1039
  3:     0.330  0.334  0.336      603
--------------------------------------------

  Rep#:   Lambda   Alpha      F1    F2    F3     D1,2  D1,3  D2,3    Ln Like  Est Ln P(D)
509000:    1.00    8.314    0.102 0.000 0.121    0.041 0.099 0.045   -125378    0 
509100:    1.00    8.398    0.110 0.000 0.096    0.037 0.079 0.036   -125419    0 
509200:    1.00    8.350    0.145 0.000 0.099    0.050 0.100 0.037   -125412    0 
509300:    1.00    8.569    0.122 0.000 0.090    0.046 0.088 0.033   -125408    0 
509400:    1.00    8.329    0.125 0.000 0.107    0.042 0.099 0.048   -125385    0 
509500:    1.00    8.001    0.137 0.000 0.129    0.042 0.086 0.049   -125366    0 
509600:    1.00    8.238    0.121 0.000 0.173    0.051 0.118 0.061   -125265    0 
509700:    1.00    8.227    0.137 0.000 0.141    0.049 0.096 0.057   -125308    0 
509800:    1.00    8.309    0.185 0.000 0.147    0.058 0.128 0.065   -125259    0 
509900:    1.00    8.310    0.152 0.000 0.188    0.065 0.146 0.061   -125226    0 

--------------------------------------------
Proportion of membership of each pre-defined
 population in each of the 3 clusters

Given    Inferred Clusters       Number of
 Pop       1      2      3      Individuals

  1:     0.331  0.334  0.335      358
  2:     0.331  0.333  0.337      1039
  3:     0.337  0.331  0.332      603
--------------------------------------------

  Rep#:   Lambda   Alpha      F1    F2    F3     D1,2  D1,3  D2,3    Ln Like  Est Ln P(D)
510000:    1.00    8.468    0.173 0.000 0.156    0.060 0.109 0.047   -125275    0 
510100:    1.00    8.398    0.199 0.000 0.125    0.067 0.137 0.051   -125267    0 
510200:    1.00    8.544    0.178 0.000 0.102    0.074 0.115 0.038   -125316    0 
510300:    1.00    8.040    0.128 0.000 0.090    0.072 0.102 0.035   -125303    0 
510400:    1.00    8.489    0.205 0.000 0.088    0.069 0.114 0.034   -125328    0 
510500:    1.00    8.489    0.204 0.000 0.099    0.076 0.118 0.041   -125271    0 
510600:    1.00    8.657    0.180 0.000 0.108    0.083 0.124 0.042   -125307    0 
510700:    1.00    8.441    0.156 0.000 0.071    0.075 0.118 0.030   -125365    0 
510800:    1.00    8.223    0.157 0.000 0.102    0.068 0.125 0.042   -125315    0 
510900:    1.00    8.298    0.166 0.000 0.087    0.062 0.099 0.031   -125378    0 

--------------------------------------------
Proportion of membership of each pre-defined
 population in each of the 3 clusters

Given    Inferred Clusters       Number of
 Pop       1      2      3      Individuals

  1:     0.332  0.335  0.333      358
  2:     0.338  0.331  0.330      1039
  3:     0.336  0.330  0.334      603
--------------------------------------------

  Rep#:   Lambda   Alpha      F1    F2    F3     D1,2  D1,3  D2,3    Ln Like  Est Ln P(D)
511000:    1.00    7.972    0.132 0.000 0.101    0.054 0.104 0.032   -125311    0 
511100:    1.00    7.945    0.146 0.000 0.080    0.064 0.103 0.028   -125359    0 
511200:    1.00    7.949    0.149 0.000 0.089    0.051 0.098 0.031   -125314    0 
511300:    1.00    7.677    0.114 0.000 0.069    0.040 0.085 0.030   -125357    0 
511400:    1.00    7.380    0.118 0.000 0.079    0.046 0.096 0.030   -125352    0 
511500:    1.00    7.690    0.126 0.000 0.096    0.051 0.095 0.029   -125339    0 
511600:    1.00    7.636    0.130 0.000 0.103    0.055 0.109 0.038   -125281    0 
511700:    1.00    7.214    0.180 0.000 0.078    0.048 0.088 0.030   -125313    0 
511800:    1.00    7.192    0.160 0.000 0.108    0.059 0.100 0.032   -125280    0 
511900:    1.00    7.535    0.158 0.000 0.094    0.062 0.101 0.035   -125240    0 

--------------------------------------------
Proportion of membership of each pre-defined
 population in each of the 3 clusters

Given    Inferred Clusters       Number of
 Pop       1      2      3      Individuals

  1:     0.336  0.321  0.343      358
  2:     0.334  0.332  0.335      1039
  3:     0.329  0.341  0.329      603
--------------------------------------------

  Rep#:   Lambda   Alpha      F1    F2    F3     D1,2  D1,3  D2,3    Ln Like  Est Ln P(D)
512000:    1.00    7.591    0.152 0.000 0.107    0.066 0.113 0.041   -125284    0 
512100:    1.00    7.654    0.191 0.000 0.079    0.070 0.107 0.030   -125278    0 
512200:    1.00    7.964    0.129 0.000 0.072    0.059 0.093 0.028   -125273    0 
512300:    1.00    8.074    0.124 0.000 0.080    0.061 0.084 0.025   -125339    0 
512400:    1.00    8.532    0.151 0.000 0.088    0.059 0.095 0.026   -125316    0 
512500:    1.00    8.356    0.165 0.000 0.077    0.058 0.108 0.028   -125342    0 
512600:    1.00    8.423    0.160 0.000 0.093    0.065 0.108 0.031   -125367    0 
512700:    1.00    8.708    0.143 0.000 0.064    0.055 0.085 0.023   -125442    0 
512800:    1.00    8.749    0.136 0.000 0.063    0.055 0.083 0.029   -125400    0 
512900:    1.00    8.492    0.144 0.000 0.067    0.060 0.092 0.031   -125389    0 

--------------------------------------------
Proportion of membership of each pre-defined
 population in each of the 3 clusters

Given    Inferred Clusters       Number of
 Pop       1      2      3      Individuals

  1:     0.331  0.335  0.334      358
  2:     0.336  0.330  0.334      1039
  3:     0.334  0.335  0.330      603
--------------------------------------------

  Rep#:   Lambda   Alpha      F1    F2    F3     D1,2  D1,3  D2,3    Ln Like  Est Ln P(D)
513000:    1.00    8.412    0.149 0.000 0.082    0.055 0.086 0.034   -125352    0 
513100:    1.00    8.183    0.133 0.000 0.110    0.053 0.101 0.043   -125344    0 
513200:    1.00    8.135    0.137 0.000 0.078    0.060 0.105 0.039   -125297    0 
513300:    1.00    8.385    0.162 0.000 0.077    0.061 0.099 0.027   -125372    0 
513400:    1.00    8.429    0.177 0.000 0.079    0.064 0.083 0.022   -125389    0 
513500:    1.00    8.166    0.132 0.000 0.063    0.062 0.079 0.019   -125340    0 
513600:    1.00    8.313    0.126 0.000 0.069    0.046 0.084 0.027   -125435    0 
513700:    1.00    8.235    0.168 0.000 0.065    0.052 0.100 0.030   -125409    0 
513800:    1.00    8.501    0.147 0.000 0.060    0.047 0.112 0.032   -125337    0 
513900:    1.00    8.358    0.161 0.000 0.081    0.051 0.100 0.028   -125377    0 

--------------------------------------------
Proportion of membership of each pre-defined
 population in each of the 3 clusters

Given    Inferred Clusters       Number of
 Pop       1      2      3      Individuals

  1:     0.326  0.330  0.345      358
  2:     0.331  0.331  0.338      1039
  3:     0.334  0.330  0.336      603
--------------------------------------------

  Rep#:   Lambda   Alpha      F1    F2    F3     D1,2  D1,3  D2,3    Ln Like  Est Ln P(D)
514000:    1.00    8.284    0.147 0.000 0.088    0.051 0.088 0.027   -125332    0 
514100:    1.00    8.519    0.177 0.000 0.068    0.066 0.111 0.029   -125344    0 
514200:    1.00    8.324    0.151 0.000 0.083    0.061 0.103 0.033   -125314    0 
514300:    1.00    8.325    0.143 0.000 0.077    0.060 0.100 0.034   -125357    0 
514400:    1.00    8.492    0.168 0.000 0.082    0.054 0.091 0.030   -125388    0 
514500:    1.00    7.989    0.174 0.000 0.108    0.047 0.090 0.033   -125367    0 
514600:    1.00    8.142    0.143 0.000 0.101    0.046 0.073 0.032   -125368    0 
514700:    1.00    7.853    0.150 0.000 0.093    0.053 0.101 0.034   -125406    0 
514800:    1.00    7.997    0.121 0.000 0.076    0.046 0.086 0.033   -125397    0 
514900:    1.00    8.011    0.126 0.000 0.098    0.050 0.089 0.040   -125367    0 

--------------------------------------------
Proportion of membership of each pre-defined
 population in each of the 3 clusters

Given    Inferred Clusters       Number of
 Pop       1      2      3      Individuals

  1:     0.332  0.331  0.337      358
  2:     0.336  0.332  0.333      1039
  3:     0.327  0.333  0.339      603
--------------------------------------------

  Rep#:   Lambda   Alpha      F1    F2    F3     D1,2  D1,3  D2,3    Ln Like  Est Ln P(D)
515000:    1.00    7.616    0.144 0.000 0.083    0.057 0.114 0.048   -125285    0 
515100:    1.00    7.544    0.126 0.000 0.116    0.052 0.107 0.043   -125277    0 
515200:    1.00    7.540    0.154 0.000 0.102    0.049 0.105 0.038   -125297    0 
515300:    1.00    7.732    0.168 0.000 0.145    0.054 0.124 0.051   -125342    0 
515400:    1.00    7.772    0.167 0.000 0.098    0.045 0.096 0.043   -125284    0 
515500:    1.00    7.607    0.135 0.000 0.094    0.043 0.083 0.035   -125350    0 
515600:    1.00    7.576    0.115 0.000 0.087    0.041 0.089 0.034   -125336    0 
515700:    1.00    7.755    0.131 0.000 0.080    0.039 0.072 0.027   -125365    0 
515800:    1.00    7.799    0.148 0.000 0.094    0.043 0.081 0.033   -125353    0 
515900:    1.00    7.709    0.147 0.000 0.103    0.057 0.115 0.039   -125312    0 

--------------------------------------------
Proportion of membership of each pre-defined
 population in each of the 3 clusters

Given    Inferred Clusters       Number of
 Pop       1      2      3      Individuals

  1:     0.340  0.333  0.327      358
  2:     0.337  0.333  0.330      1039
  3:     0.334  0.335  0.331      603
--------------------------------------------

  Rep#:   Lambda   Alpha      F1    F2    F3     D1,2  D1,3  D2,3    Ln Like  Est Ln P(D)
516000:    1.00    7.460    0.133 0.000 0.104    0.053 0.111 0.040   -125269    0 
516100:    1.00    7.095    0.096 0.000 0.091    0.047 0.083 0.029   -125334    0 
516200:    1.00    6.603    0.145 0.000 0.076    0.055 0.084 0.026   -125305    0 
516300:    1.00    7.072    0.137 0.000 0.093    0.056 0.098 0.034   -125338    0 
516400:    1.00    6.803    0.167 0.000 0.099    0.063 0.102 0.036   -125288    0 
516500:    1.00    6.945    0.132 0.000 0.103    0.061 0.103 0.031   -125303    0 
516600:    1.00    7.097    0.120 0.000 0.119    0.049 0.087 0.037   -125331    0 
516700:    1.00    7.382    0.091 0.000 0.092    0.041 0.070 0.030   -125410    0 
516800:    1.00    7.323    0.107 0.000 0.085    0.050 0.083 0.036   -125347    0 
516900:    1.00    7.434    0.143 0.000 0.104    0.049 0.084 0.032   -125342    0 

--------------------------------------------
Proportion of membership of each pre-defined
 population in each of the 3 clusters

Given    Inferred Clusters       Number of
 Pop       1      2      3      Individuals

  1:     0.334  0.334  0.332      358
  2:     0.332  0.334  0.335      1039
  3:     0.335  0.335  0.330      603
--------------------------------------------

  Rep#:   Lambda   Alpha      F1    F2    F3     D1,2  D1,3  D2,3    Ln Like  Est Ln P(D)
517000:    1.00    7.389    0.162 0.000 0.128    0.051 0.098 0.037   -125308    0 
517100:    1.00    7.406    0.158 0.000 0.093    0.043 0.076 0.036   -125364    0 
517200:    1.00    7.483    0.122 0.000 0.090    0.048 0.093 0.032   -125363    0 
517300:    1.00    7.668    0.132 0.000 0.101    0.037 0.089 0.045   -125294    0 
517400:    1.00    7.297    0.091 0.000 0.119    0.032 0.059 0.037   -125427    0 
517500:    1.00    7.067    0.097 0.000 0.079    0.038 0.081 0.045   -125334    0 
517600:    1.00    7.358    0.128 0.000 0.080    0.039 0.077 0.036   -125336    0 
517700:    1.00    7.580    0.123 0.000 0.091    0.042 0.071 0.036   -125389    0 
517800:    1.00    7.325    0.126 0.000 0.091    0.056 0.096 0.037   -125289    0 
517900:    1.00    7.186    0.127 0.000 0.099    0.041 0.086 0.034   -125246    0 

--------------------------------------------
Proportion of membership of each pre-defined
 population in each of the 3 clusters

Given    Inferred Clusters       Number of
 Pop       1      2      3      Individuals

  1:     0.332  0.338  0.330      358
  2:     0.335  0.331  0.334      1039
  3:     0.331  0.339  0.331      603
--------------------------------------------

  Rep#:   Lambda   Alpha      F1    F2    F3     D1,2  D1,3  D2,3    Ln Like  Est Ln P(D)
518000:    1.00    6.954    0.119 0.000 0.084    0.045 0.067 0.024   -125376    0 
518100:    1.00    6.926    0.121 0.000 0.076    0.036 0.081 0.033   -125368    0 
518200:    1.00    6.917    0.109 0.000 0.113    0.045 0.084 0.036   -125262    0 
518300:    1.00    6.885    0.115 0.000 0.094    0.043 0.081 0.042   -125253    0 
518400:    1.00    7.031    0.098 0.000 0.107    0.044 0.093 0.043   -125283    0 
518500:    1.00    7.101    0.125 0.000 0.136    0.041 0.097 0.052   -125282    0 
518600:    1.00    6.868    0.140 0.000 0.128    0.050 0.096 0.048   -125257    0 
518700:    1.00    7.334    0.133 0.000 0.120    0.053 0.093 0.041   -125257    0 
518800:    1.00    7.244    0.135 0.000 0.159    0.055 0.107 0.050   -125229    0 
518900:    1.00    7.257    0.125 0.000 0.121    0.051 0.108 0.056   -125242    0 

--------------------------------------------
Proportion of membership of each pre-defined
 population in each of the 3 clusters

Given    Inferred Clusters       Number of
 Pop       1      2      3      Individuals

  1:     0.329  0.336  0.335      358
  2:     0.335  0.334  0.330      1039
  3:     0.335  0.326  0.339      603
--------------------------------------------

  Rep#:   Lambda   Alpha      F1    F2    F3     D1,2  D1,3  D2,3    Ln Like  Est Ln P(D)
519000:    1.00    7.182    0.139 0.000 0.109    0.048 0.103 0.051   -125212    0 
519100:    1.00    7.053    0.130 0.000 0.131    0.052 0.096 0.051   -125298    0 
519200:    1.00    7.102    0.160 0.000 0.123    0.043 0.102 0.053   -125278    0 
519300:    1.00    7.151    0.116 0.000 0.123    0.046 0.099 0.052   -125220    0 
519400:    1.00    7.234    0.121 0.000 0.135    0.047 0.095 0.047   -125248    0 
519500:    1.00    7.597    0.152 0.000 0.131    0.048 0.082 0.038   -125342    0 
519600:    1.00    7.620    0.107 0.000 0.127    0.050 0.094 0.039   -125338    0 
519700:    1.00    7.528    0.119 0.000 0.106    0.051 0.120 0.054   -125221    0 
519800:    1.00    7.339    0.108 0.000 0.144    0.051 0.105 0.050   -125267    0 
519900:    1.00    7.445    0.122 0.000 0.145    0.041 0.087 0.050   -125254    0 

--------------------------------------------
Proportion of membership of each pre-defined
 population in each of the 3 clusters

Given    Inferred Clusters       Number of
 Pop       1      2      3      Individuals

  1:     0.329  0.333  0.338      358
  2:     0.335  0.330  0.335      1039
  3:     0.338  0.328  0.334      603
--------------------------------------------

  Rep#:   Lambda   Alpha      F1    F2    F3     D1,2  D1,3  D2,3    Ln Like  Est Ln P(D)
520000:    1.00    7.602    0.105 0.000 0.126    0.047 0.100 0.051   -125279    0 
520100:    1.00    7.855    0.126 0.000 0.162    0.054 0.129 0.055   -125237    0 
520200:    1.00    7.501    0.147 0.000 0.152    0.046 0.107 0.050   -125291    0 
520300:    1.00    7.601    0.074 0.000 0.110    0.037 0.093 0.050   -125344    0 
520400:    1.00    7.481    0.095 0.000 0.114    0.039 0.094 0.049   -125328    0 
520500:    1.00    7.684    0.085 0.000 0.128    0.037 0.101 0.053   -125379    0 
520600:    1.00    7.874    0.080 0.000 0.131    0.044 0.103 0.049   -125328    0 
520700:    1.00    7.946    0.115 0.000 0.133    0.040 0.093 0.046   -125340    0 
520800:    1.00    7.630    0.094 0.000 0.135    0.038 0.104 0.054   -125292    0 
520900:    1.00    7.817    0.101 0.000 0.124    0.037 0.080 0.043   -125310    0 

--------------------------------------------
Proportion of membership of each pre-defined
 population in each of the 3 clusters

Given    Inferred Clusters       Number of
 Pop       1      2      3      Individuals

  1:     0.327  0.333  0.341      358
  2:     0.334  0.331  0.334      1039
  3:     0.336  0.332  0.332      603
--------------------------------------------

  Rep#:   Lambda   Alpha      F1    F2    F3     D1,2  D1,3  D2,3    Ln Like  Est Ln P(D)
521000:    1.00    8.347    0.116 0.000 0.097    0.044 0.106 0.045   -125333    0 
521100:    1.00    8.062    0.132 0.000 0.131    0.046 0.116 0.042   -125298    0 
521200:    1.00    8.119    0.122 0.000 0.163    0.050 0.102 0.049   -125380    0 
521300:    1.00    7.935    0.128 0.000 0.096    0.050 0.109 0.050   -125306    0 
521400:    1.00    7.819    0.139 0.000 0.090    0.050 0.098 0.041   -125335    0 
521500:    1.00    7.910    0.141 0.000 0.141    0.058 0.105 0.040   -125335    0 
521600:    1.00    7.857    0.179 0.000 0.156    0.054 0.105 0.042   -125299    0 
521700:    1.00    7.826    0.106 0.000 0.131    0.042 0.089 0.047   -125345    0 
521800:    1.00    7.573    0.101 0.000 0.122    0.039 0.102 0.050   -125295    0 
521900:    1.00    8.003    0.111 0.000 0.111    0.046 0.099 0.047   -125347    0 

--------------------------------------------
Proportion of membership of each pre-defined
 population in each of the 3 clusters

Given    Inferred Clusters       Number of
 Pop       1      2      3      Individuals

  1:     0.335  0.336  0.330      358
  2:     0.336  0.333  0.331      1039
  3:     0.336  0.334  0.330      603
--------------------------------------------

  Rep#:   Lambda   Alpha      F1    F2    F3     D1,2  D1,3  D2,3    Ln Like  Est Ln P(D)
522000:    1.00    7.590    0.121 0.000 0.101    0.052 0.090 0.043   -125298    0 
522100:    1.00    7.486    0.107 0.000 0.148    0.049 0.091 0.042   -125296    0 
522200:    1.00    7.537    0.089 0.000 0.116    0.042 0.099 0.045   -125345    0 
522300:    1.00    7.851    0.100 0.000 0.125    0.041 0.117 0.052   -125289    0 
522400:    1.00    7.907    0.094 0.000 0.130    0.043 0.105 0.053   -125319    0 
522500:    1.00    8.211    0.095 0.000 0.098    0.039 0.101 0.046   -125302    0 
522600:    1.00    7.996    0.093 0.000 0.147    0.050 0.115 0.044   -125306    0 
522700:    1.00    8.097    0.121 0.000 0.111    0.047 0.105 0.042   -125292    0 
522800:    1.00    8.286    0.142 0.000 0.114    0.053 0.121 0.057   -125297    0 
522900:    1.00    8.272    0.111 0.000 0.140    0.049 0.119 0.062   -125366    0 

--------------------------------------------
Proportion of membership of each pre-defined
 population in each of the 3 clusters

Given    Inferred Clusters       Number of
 Pop       1      2      3      Individuals

  1:     0.336  0.325  0.339      358
  2:     0.338  0.328  0.334      1039
  3:     0.330  0.337  0.333      603
--------------------------------------------

  Rep#:   Lambda   Alpha      F1    F2    F3     D1,2  D1,3  D2,3    Ln Like  Est Ln P(D)
523000:    1.00    8.175    0.111 0.000 0.153    0.050 0.104 0.051   -125312    0 
523100:    1.00    8.347    0.147 0.000 0.172    0.054 0.094 0.043   -125312    0 
523200:    1.00    8.628    0.151 0.000 0.152    0.056 0.111 0.051   -125293    0 
523300:    1.00    8.853    0.158 0.000 0.125    0.060 0.105 0.053   -125278    0 
523400:    1.00    8.471    0.151 0.000 0.098    0.067 0.120 0.039   -125281    0 
523500:    1.00    8.536    0.144 0.000 0.113    0.057 0.110 0.045   -125317    0 
523600:    1.00    8.604    0.166 0.000 0.100    0.055 0.119 0.050   -125326    0 
523700:    1.00    8.468    0.175 0.000 0.095    0.058 0.095 0.044   -125325    0 
523800:    1.00    8.537    0.150 0.000 0.091    0.070 0.103 0.036   -125351    0 
523900:    1.00    8.449    0.121 0.000 0.112    0.065 0.102 0.033   -125416    0 

--------------------------------------------
Proportion of membership of each pre-defined
 population in each of the 3 clusters

Given    Inferred Clusters       Number of
 Pop       1      2      3      Individuals

  1:     0.327  0.341  0.331      358
  2:     0.332  0.331  0.337      1039
  3:     0.332  0.338  0.330      603
--------------------------------------------

  Rep#:   Lambda   Alpha      F1    F2    F3     D1,2  D1,3  D2,3    Ln Like  Est Ln P(D)
524000:    1.00    8.463    0.140 0.000 0.140    0.060 0.107 0.044   -125410    0 
524100:    1.00    8.416    0.116 0.000 0.146    0.049 0.110 0.057   -125347    0 
524200:    1.00    8.348    0.169 0.000 0.160    0.049 0.122 0.060   -125269    0 
524300:    1.00    8.375    0.149 0.000 0.144    0.049 0.119 0.052   -125333    0 
524400:    1.00    8.308    0.174 0.000 0.158    0.055 0.130 0.053   -125265    0 
524500:    1.00    8.131    0.196 0.000 0.164    0.065 0.142 0.059   -125242    0 
524600:    1.00    7.954    0.176 0.000 0.119    0.057 0.116 0.050   -125312    0 
524700:    1.00    8.407    0.140 0.000 0.105    0.052 0.110 0.047   -125306    0 
524800:    1.00    8.380    0.145 0.000 0.149    0.051 0.101 0.050   -125285    0 
524900:    1.00    8.631    0.127 0.000 0.174    0.051 0.118 0.055   -125282    0 

--------------------------------------------
Proportion of membership of each pre-defined
 population in each of the 3 clusters

Given    Inferred Clusters       Number of
 Pop       1      2      3      Individuals

  1:     0.342  0.321  0.338      358
  2:     0.337  0.329  0.334      1039
  3:     0.331  0.332  0.337      603
--------------------------------------------

  Rep#:   Lambda   Alpha      F1    F2    F3     D1,2  D1,3  D2,3    Ln Like  Est Ln P(D)
525000:    1.00    8.206    0.145 0.000 0.113    0.046 0.107 0.050   -125334    0 
525100:    1.00    8.409    0.118 0.000 0.168    0.047 0.106 0.057   -125333    0 
525200:    1.00    8.255    0.118 0.000 0.137    0.037 0.102 0.054   -125329    0 
525300:    1.00    8.215    0.115 0.000 0.119    0.040 0.090 0.049   -125322    0 
525400:    1.00    8.170    0.118 0.000 0.140    0.050 0.135 0.062   -125259    0 
525500:    1.00    8.468    0.151 0.000 0.124    0.052 0.117 0.047   -125373    0 
525600:    1.00    8.914    0.157 0.000 0.098    0.057 0.135 0.049   -125340    0 
525700:    1.00    8.813    0.145 0.000 0.100    0.060 0.124 0.043   -125350    0 
525800:    1.00    8.896    0.176 0.000 0.085    0.054 0.113 0.040   -125299    0 
525900:    1.00    8.577    0.199 0.000 0.091    0.061 0.103 0.035   -125331    0 

--------------------------------------------
Proportion of membership of each pre-defined
 population in each of the 3 clusters

Given    Inferred Clusters       Number of
 Pop       1      2      3      Individuals

  1:     0.326  0.336  0.338      358
  2:     0.333  0.330  0.338      1039
  3:     0.332  0.341  0.327      603
--------------------------------------------

  Rep#:   Lambda   Alpha      F1    F2    F3     D1,2  D1,3  D2,3    Ln Like  Est Ln P(D)
526000:    1.00    8.458    0.140 0.000 0.097    0.054 0.096 0.037   -125325    0 
526100:    1.00    8.706    0.114 0.000 0.098    0.054 0.109 0.041   -125385    0 
526200:    1.00    8.527    0.097 0.000 0.110    0.042 0.095 0.046   -125389    0 
526300:    1.00    8.695    0.099 0.000 0.126    0.039 0.105 0.055   -125328    0 
526400:    1.00    9.188    0.081 0.000 0.103    0.028 0.089 0.050   -125446    0 
526500:    1.00    9.581    0.089 0.000 0.109    0.024 0.083 0.053   -125415    0 
526600:    1.00    9.643    0.091 0.000 0.091    0.026 0.083 0.043   -125453    0 
526700:    1.00    9.668    0.087 0.000 0.084    0.026 0.079 0.043   -125430    0 
526800:    1.00    9.860    0.123 0.000 0.113    0.030 0.089 0.050   -125471    0 
526900:    1.00    9.875    0.167 0.000 0.117    0.040 0.107 0.056   -125389    0 

--------------------------------------------
Proportion of membership of each pre-defined
 population in each of the 3 clusters

Given    Inferred Clusters       Number of
 Pop       1      2      3      Individuals

  1:     0.332  0.333  0.335      358
  2:     0.334  0.332  0.335      1039
  3:     0.331  0.335  0.335      603
--------------------------------------------

  Rep#:   Lambda   Alpha      F1    F2    F3     D1,2  D1,3  D2,3    Ln Like  Est Ln P(D)
527000:    1.00    9.932    0.146 0.000 0.170    0.048 0.128 0.051   -125339    0 
527100:    1.00    9.884    0.144 0.000 0.112    0.052 0.098 0.035   -125381    0 
527200:    1.00    9.919    0.129 0.000 0.078    0.053 0.117 0.038   -125425    0 
527300:    1.00    9.824    0.102 0.000 0.123    0.050 0.133 0.058   -125361    0 
527400:    1.00    9.837    0.107 0.000 0.114    0.045 0.107 0.050   -125402    0 
527500:    1.00    9.974    0.136 0.000 0.111    0.049 0.097 0.045   -125442    0 
527600:    1.00    9.863    0.097 0.000 0.118    0.051 0.091 0.045   -125446    0 
527700:    1.00    9.657    0.105 0.000 0.106    0.051 0.089 0.042   -125426    0 
527800:    1.00    9.941    0.136 0.000 0.100    0.044 0.074 0.030   -125459    0 
527900:    1.00    9.863    0.128 0.000 0.076    0.044 0.074 0.027   -125454    0 

--------------------------------------------
Proportion of membership of each pre-defined
 population in each of the 3 clusters

Given    Inferred Clusters       Number of
 Pop       1      2      3      Individuals

  1:     0.343  0.328  0.329      358
  2:     0.331  0.333  0.336      1039
  3:     0.333  0.336  0.331      603
--------------------------------------------

  Rep#:   Lambda   Alpha      F1    F2    F3     D1,2  D1,3  D2,3    Ln Like  Est Ln P(D)
528000:    1.00    9.969    0.130 0.000 0.077    0.049 0.094 0.027   -125457    0 
528100:    1.00    9.702    0.096 0.000 0.075    0.033 0.067 0.031   -125493    0 
528200:    1.00    9.571    0.074 0.000 0.082    0.036 0.074 0.028   -125475    0 
528300:    1.00    9.364    0.093 0.000 0.120    0.029 0.069 0.036   -125497    0 
528400:    1.00    8.961    0.082 0.000 0.108    0.028 0.072 0.042   -125480    0 
528500:    1.00    8.703    0.078 0.000 0.090    0.036 0.085 0.048   -125432    0 
528600:    1.00    8.710    0.101 0.000 0.093    0.033 0.084 0.038   -125388    0 
528700:    1.00    8.441    0.078 0.000 0.098    0.025 0.075 0.042   -125451    0 
528800:    1.00    8.632    0.073 0.000 0.077    0.028 0.064 0.034   -125473    0 
528900:    1.00    9.199    0.093 0.000 0.075    0.030 0.062 0.029   -125498    0 

--------------------------------------------
Proportion of membership of each pre-defined
 population in each of the 3 clusters

Given    Inferred Clusters       Number of
 Pop       1      2      3      Individuals

  1:     0.334  0.340  0.326      358
  2:     0.338  0.328  0.334      1039
  3:     0.330  0.335  0.335      603
--------------------------------------------

  Rep#:   Lambda   Alpha      F1    F2    F3     D1,2  D1,3  D2,3    Ln Like  Est Ln P(D)
529000:    1.00    9.053    0.109 0.000 0.081    0.037 0.082 0.036   -125400    0 
529100:    1.00    9.094    0.118 0.000 0.076    0.046 0.091 0.036   -125436    0 
529200:    1.00    9.312    0.129 0.000 0.086    0.055 0.103 0.040   -125378    0 
529300:    1.00    9.429    0.130 0.000 0.102    0.043 0.074 0.033   -125421    0 
529400:    1.00    9.546    0.122 0.000 0.110    0.048 0.091 0.047   -125392    0 
529500:    1.00    9.831    0.101 0.000 0.126    0.049 0.100 0.053   -125386    0 
529600:    1.00    9.952    0.121 0.000 0.097    0.051 0.097 0.040   -125426    0 
529700:    1.00    9.778    0.128 0.000 0.115    0.045 0.079 0.041   -125367    0 
529800:    1.00    9.470    0.111 0.000 0.073    0.057 0.085 0.038   -125412    0 
529900:    1.00    9.699    0.123 0.000 0.060    0.050 0.078 0.028   -125429    0 

--------------------------------------------
Proportion of membership of each pre-defined
 population in each of the 3 clusters

Given    Inferred Clusters       Number of
 Pop       1      2      3      Individuals

  1:     0.331  0.336  0.333      358
  2:     0.330  0.334  0.336      1039
  3:     0.335  0.333  0.332      603
--------------------------------------------

  Rep#:   Lambda   Alpha      F1    F2    F3     D1,2  D1,3  D2,3    Ln Like  Est Ln P(D)
530000:    1.00    9.966    0.132 0.000 0.102    0.062 0.092 0.031   -125420    0 
530100:    1.00    9.885    0.119 0.000 0.084    0.051 0.088 0.030   -125440    0 
530200:    1.00    9.962    0.146 0.000 0.114    0.057 0.130 0.050   -125353    0 
530300:    1.00    9.834    0.144 0.000 0.135    0.052 0.106 0.038   -125396    0 
530400:    1.00    9.623    0.131 0.000 0.117    0.051 0.105 0.039   -125430    0 
530500:    1.00    9.712    0.126 0.000 0.119    0.052 0.120 0.046   -125320    0 
530600:    1.00    9.848    0.134 0.000 0.133    0.050 0.117 0.054   -125376    0 
530700:    1.00    9.470    0.104 0.000 0.113    0.037 0.097 0.054   -125447    0 
530800:    1.00    9.559    0.126 0.000 0.126    0.034 0.097 0.056   -125397    0 
530900:    1.00    9.868    0.100 0.000 0.141    0.029 0.088 0.058   -125405    0 

--------------------------------------------
Proportion of membership of each pre-defined
 population in each of the 3 clusters

Given    Inferred Clusters       Number of
 Pop       1      2      3      Individuals

  1:     0.335  0.331  0.334      358
  2:     0.332  0.335  0.333      1039
  3:     0.338  0.330  0.333      603
--------------------------------------------

  Rep#:   Lambda   Alpha      F1    F2    F3     D1,2  D1,3  D2,3    Ln Like  Est Ln P(D)
531000:    1.00    9.501    0.128 0.000 0.139    0.043 0.089 0.052   -125362    0 
531100:    1.00    9.344    0.137 0.000 0.157    0.036 0.092 0.052   -125382    0 
531200:    1.00    9.469    0.095 0.000 0.155    0.041 0.103 0.051   -125395    0 
531300:    1.00    9.412    0.104 0.000 0.180    0.048 0.113 0.061   -125292    0 
531400:    1.00    9.566    0.139 0.000 0.132    0.059 0.115 0.055   -125426    0 
531500:    1.00    9.412    0.149 0.000 0.093    0.050 0.116 0.058   -125292    0 
531600:    1.00    9.717    0.151 0.000 0.150    0.051 0.122 0.064   -125307    0 
531700:    1.00    9.306    0.123 0.000 0.114    0.059 0.104 0.052   -125353    0 
531800:    1.00    9.198    0.154 0.000 0.127    0.054 0.108 0.054   -125346    0 
531900:    1.00    9.385    0.145 0.000 0.131    0.064 0.135 0.063   -125298    0 

--------------------------------------------
Proportion of membership of each pre-defined
 population in each of the 3 clusters

Given    Inferred Clusters       Number of
 Pop       1      2      3      Individuals

  1:     0.323  0.342  0.335      358
  2:     0.330  0.336  0.334      1039
  3:     0.328  0.329  0.343      603
--------------------------------------------

  Rep#:   Lambda   Alpha      F1    F2    F3     D1,2  D1,3  D2,3    Ln Like  Est Ln P(D)
532000:    1.00    9.257    0.186 0.000 0.136    0.073 0.130 0.066   -125262    0 
532100:    1.00    9.646    0.163 0.000 0.157    0.074 0.116 0.048   -125286    0 
532200:    1.00    9.748    0.160 0.000 0.121    0.066 0.120 0.056   -125349    0 
532300:    1.00    9.823    0.114 0.000 0.103    0.057 0.113 0.047   -125410    0 
532400:    1.00    9.329    0.125 0.000 0.144    0.065 0.125 0.057   -125347    0 
532500:    1.00    8.940    0.137 0.000 0.131    0.054 0.113 0.057   -125312    0 
532600:    1.00    9.136    0.123 0.000 0.156    0.055 0.122 0.057   -125277    0 
532700:    1.00    9.319    0.123 0.000 0.149    0.051 0.116 0.068   -125330    0 
532800:    1.00    9.415    0.131 0.000 0.161    0.052 0.126 0.070   -125308    0 
532900:    1.00    9.892    0.118 0.000 0.156    0.058 0.121 0.051   -125358    0 

--------------------------------------------
Proportion of membership of each pre-defined
 population in each of the 3 clusters

Given    Inferred Clusters       Number of
 Pop       1      2      3      Individuals

  1:     0.329  0.333  0.338      358
  2:     0.335  0.329  0.336      1039
  3:     0.335  0.331  0.334      603
--------------------------------------------

  Rep#:   Lambda   Alpha      F1    F2    F3     D1,2  D1,3  D2,3    Ln Like  Est Ln P(D)
533000:    1.00    9.581    0.106 0.000 0.150    0.055 0.116 0.047   -125346    0 
533100:    1.00    9.595    0.142 0.000 0.176    0.043 0.121 0.058   -125327    0 
533200:    1.00    9.455    0.161 0.000 0.168    0.047 0.121 0.062   -125333    0 
533300:    1.00    9.483    0.155 0.000 0.181    0.057 0.134 0.069   -125287    0 
533400:    1.00    9.312    0.138 0.000 0.158    0.055 0.110 0.055   -125358    0 
533500:    1.00    9.403    0.123 0.000 0.153    0.047 0.114 0.063   -125334    0 
533600:    1.00    9.076    0.131 0.000 0.170    0.050 0.104 0.054   -125338    0 
533700:    1.00    8.292    0.121 0.000 0.129    0.044 0.098 0.052   -125326    0 
533800:    1.00    8.304    0.103 0.000 0.150    0.037 0.102 0.053   -125286    0 
533900:    1.00    8.395    0.072 0.000 0.154    0.038 0.096 0.048   -125387    0 

--------------------------------------------
Proportion of membership of each pre-defined
 population in each of the 3 clusters

Given    Inferred Clusters       Number of
 Pop       1      2      3      Individuals

  1:     0.334  0.339  0.326      358
  2:     0.331  0.335  0.335      1039
  3:     0.331  0.340  0.330      603
--------------------------------------------

  Rep#:   Lambda   Alpha      F1    F2    F3     D1,2  D1,3  D2,3    Ln Like  Est Ln P(D)
534000:    1.00    8.236    0.108 0.000 0.140    0.040 0.116 0.056   -125329    0 
534100:    1.00    8.091    0.095 0.000 0.128    0.047 0.125 0.053   -125301    0 
534200:    1.00    8.251    0.132 0.000 0.159    0.046 0.107 0.051   -125315    0 
534300:    1.00    8.285    0.107 0.000 0.110    0.044 0.115 0.049   -125364    0 
534400:    1.00    8.189    0.103 0.000 0.098    0.040 0.094 0.044   -125332    0 
534500:    1.00    8.121    0.101 0.000 0.105    0.038 0.082 0.039   -125443    0 
534600:    1.00    7.797    0.077 0.000 0.119    0.031 0.065 0.039   -125426    0 
534700:    1.00    7.878    0.101 0.000 0.102    0.037 0.076 0.037   -125363    0 
534800:    1.00    7.970    0.128 0.000 0.110    0.041 0.085 0.049   -125304    0 
534900:    1.00    8.262    0.149 0.000 0.116    0.056 0.103 0.045   -125340    0 

--------------------------------------------
Proportion of membership of each pre-defined
 population in each of the 3 clusters

Given    Inferred Clusters       Number of
 Pop       1      2      3      Individuals

  1:     0.332  0.334  0.335      358
  2:     0.330  0.338  0.332      1039
  3:     0.331  0.332  0.337      603
--------------------------------------------

  Rep#:   Lambda   Alpha      F1    F2    F3     D1,2  D1,3  D2,3    Ln Like  Est Ln P(D)
535000:    1.00    8.202    0.164 0.000 0.115    0.046 0.101 0.045   -125388    0 
535100:    1.00    8.239    0.129 0.000 0.110    0.041 0.094 0.036   -125367    0 
535200:    1.00    7.900    0.111 0.000 0.082    0.039 0.095 0.037   -125398    0 
535300:    1.00    7.860    0.090 0.000 0.089    0.041 0.107 0.040   -125373    0 
535400:    1.00    7.433    0.075 0.000 0.080    0.037 0.078 0.032   -125383    0 
535500:    1.00    7.437    0.072 0.000 0.096    0.033 0.078 0.036   -125390    0 
535600:    1.00    7.205    0.108 0.000 0.173    0.046 0.099 0.035   -125302    0 
535700:    1.00    7.297    0.117 0.000 0.090    0.044 0.090 0.035   -125318    0 
535800:    1.00    7.234    0.128 0.000 0.087    0.050 0.081 0.026   -125307    0 
535900:    1.00    7.164    0.103 0.000 0.076    0.040 0.070 0.029   -125356    0 

--------------------------------------------
Proportion of membership of each pre-defined
 population in each of the 3 clusters

Given    Inferred Clusters       Number of
 Pop       1      2      3      Individuals

  1:     0.330  0.335  0.335      358
  2:     0.332  0.335  0.333      1039
  3:     0.334  0.332  0.334      603
--------------------------------------------

  Rep#:   Lambda   Alpha      F1    F2    F3     D1,2  D1,3  D2,3    Ln Like  Est Ln P(D)
536000:    1.00    6.980    0.134 0.000 0.054    0.049 0.079 0.022   -125363    0 
536100:    1.00    7.534    0.175 0.000 0.062    0.058 0.087 0.024   -125377    0 
536200:    1.00    7.576    0.179 0.000 0.068    0.055 0.085 0.022   -125377    0 
536300:    1.00    7.456    0.132 0.000 0.074    0.055 0.091 0.032   -125362    0 
536400:    1.00    7.551    0.121 0.000 0.089    0.046 0.089 0.030   -125333    0 
536500:    1.00    7.592    0.193 0.000 0.070    0.066 0.100 0.028   -125333    0 
536600:    1.00    7.247    0.158 0.000 0.073    0.066 0.096 0.027   -125306    0 
536700:    1.00    7.213    0.164 0.000 0.056    0.061 0.101 0.022   -125355    0 
536800:    1.00    7.184    0.169 0.000 0.067    0.057 0.091 0.025   -125358    0 
536900:    1.00    7.337    0.156 0.000 0.068    0.069 0.100 0.027   -125347    0 

--------------------------------------------
Proportion of membership of each pre-defined
 population in each of the 3 clusters

Given    Inferred Clusters       Number of
 Pop       1      2      3      Individuals

  1:     0.334  0.333  0.333      358
  2:     0.337  0.330  0.333      1039
  3:     0.328  0.339  0.333      603
--------------------------------------------

  Rep#:   Lambda   Alpha      F1    F2    F3     D1,2  D1,3  D2,3    Ln Like  Est Ln P(D)
537000:    1.00    7.856    0.138 0.000 0.058    0.058 0.097 0.029   -125330    0 
537100:    1.00    7.950    0.150 0.000 0.070    0.063 0.099 0.025   -125383    0 
537200:    1.00    7.875    0.172 0.000 0.077    0.066 0.105 0.027   -125334    0 
537300:    1.00    7.888    0.175 0.000 0.104    0.059 0.116 0.039   -125326    0 
537400:    1.00    7.942    0.149 0.000 0.080    0.052 0.110 0.038   -125292    0 
537500:    1.00    7.771    0.176 0.000 0.088    0.047 0.095 0.032   -125318    0 
537600:    1.00    7.949    0.162 0.000 0.102    0.049 0.104 0.036   -125310    0 
537700:    1.00    8.207    0.105 0.000 0.104    0.045 0.117 0.046   -125370    0 
537800:    1.00    8.381    0.120 0.000 0.092    0.053 0.102 0.037   -125366    0 
537900:    1.00    8.081    0.155 0.000 0.094    0.059 0.099 0.025   -125357    0 

--------------------------------------------
Proportion of membership of each pre-defined
 population in each of the 3 clusters

Given    Inferred Clusters       Number of
 Pop       1      2      3      Individuals

  1:     0.335  0.333  0.332      358
  2:     0.336  0.331  0.333      1039
  3:     0.334  0.331  0.335      603
--------------------------------------------

  Rep#:   Lambda   Alpha      F1    F2    F3     D1,2  D1,3  D2,3    Ln Like  Est Ln P(D)
538000:    1.00    8.112    0.174 0.000 0.083    0.059 0.098 0.027   -125364    0 
538100:    1.00    7.730    0.133 0.000 0.081    0.053 0.094 0.031   -125372    0 
538200:    1.00    7.548    0.139 0.000 0.085    0.048 0.082 0.032   -125357    0 
538300:    1.00    7.562    0.141 0.000 0.088    0.044 0.079 0.034   -125310    0 
538400:    1.00    7.403    0.120 0.000 0.059    0.043 0.074 0.030   -125367    0 
538500:    1.00    6.825    0.118 0.000 0.078    0.051 0.100 0.036   -125290    0 
538600:    1.00    7.150    0.099 0.000 0.063    0.044 0.070 0.027   -125369    0 
538700:    1.00    7.579    0.106 0.000 0.080    0.037 0.074 0.034   -125380    0 
538800:    1.00    7.650    0.131 0.000 0.093    0.041 0.079 0.035   -125326    0 
538900:    1.00    7.742    0.130 0.000 0.112    0.050 0.103 0.043   -125346    0 

--------------------------------------------
Proportion of membership of each pre-defined
 population in each of the 3 clusters

Given    Inferred Clusters       Number of
 Pop       1      2      3      Individuals

  1:     0.337  0.331  0.333      358
  2:     0.332  0.336  0.331      1039
  3:     0.329  0.339  0.331      603
--------------------------------------------

  Rep#:   Lambda   Alpha      F1    F2    F3     D1,2  D1,3  D2,3    Ln Like  Est Ln P(D)
539000:    1.00    7.769    0.113 0.000 0.128    0.043 0.084 0.037   -125340    0 
539100:    1.00    7.439    0.117 0.000 0.098    0.047 0.089 0.036   -125362    0 
539200:    1.00    7.434    0.107 0.000 0.132    0.043 0.088 0.043   -125277    0 
539300:    1.00    7.390    0.133 0.000 0.130    0.048 0.105 0.048   -125294    0 
539400:    1.00    7.303    0.141 0.000 0.128    0.045 0.095 0.041   -125297    0 
539500:    1.00    7.552    0.099 0.000 0.105    0.039 0.089 0.046   -125333    0 
539600:    1.00    7.780    0.080 0.000 0.156    0.034 0.085 0.049   -125350    0 
539700:    1.00    7.872    0.088 0.000 0.113    0.032 0.080 0.048   -125360    0 
539800:    1.00    7.828    0.086 0.000 0.092    0.031 0.076 0.046   -125358    0 
539900:    1.00    7.858    0.090 0.000 0.140    0.030 0.089 0.053   -125331    0 

--------------------------------------------
Proportion of membership of each pre-defined
 population in each of the 3 clusters

Given    Inferred Clusters       Number of
 Pop       1      2      3      Individuals

  1:     0.334  0.329  0.337      358
  2:     0.333  0.336  0.331      1039
  3:     0.337  0.336  0.327      603
--------------------------------------------

  Rep#:   Lambda   Alpha      F1    F2    F3     D1,2  D1,3  D2,3    Ln Like  Est Ln P(D)
540000:    1.00    7.898    0.087 0.000 0.120    0.028 0.071 0.044   -125396    0 
540100:    1.00    8.092    0.139 0.000 0.110    0.039 0.095 0.051   -125399    0 
540200:    1.00    8.519    0.168 0.000 0.115    0.051 0.100 0.049   -125389    0 
540300:    1.00    8.327    0.118 0.000 0.121    0.038 0.092 0.055   -125377    0 
540400:    1.00    8.264    0.106 0.000 0.141    0.041 0.097 0.058   -125348    0 
540500:    1.00    8.694    0.132 0.000 0.125    0.044 0.107 0.061   -125325    0 
540600:    1.00    8.905    0.163 0.000 0.145    0.056 0.099 0.052   -125319    0 
540700:    1.00    9.049    0.103 0.000 0.100    0.048 0.097 0.049   -125394    0 
540800:    1.00    9.152    0.097 0.000 0.088    0.040 0.079 0.034   -125406    0 
540900:    1.00    9.164    0.091 0.000 0.081    0.037 0.061 0.024   -125482    0 

--------------------------------------------
Proportion of membership of each pre-defined
 population in each of the 3 clusters

Given    Inferred Clusters       Number of
 Pop       1      2      3      Individuals

  1:     0.334  0.326  0.340      358
  2:     0.335  0.335  0.330      1039
  3:     0.329  0.340  0.331      603
--------------------------------------------

  Rep#:   Lambda   Alpha      F1    F2    F3     D1,2  D1,3  D2,3    Ln Like  Est Ln P(D)
541000:    1.00    9.389    0.089 0.000 0.065    0.039 0.067 0.026   -125461    0 
541100:    1.00    9.326    0.123 0.000 0.050    0.051 0.086 0.030   -125446    0 
541200:    1.00    9.512    0.098 0.000 0.088    0.048 0.077 0.027   -125502    0 
541300:    1.00    9.612    0.143 0.000 0.099    0.057 0.088 0.035   -125359    0 
541400:    1.00    9.571    0.105 0.000 0.102    0.048 0.084 0.042   -125413    0 
541500:    1.00    9.752    0.119 0.000 0.113    0.040 0.091 0.052   -125393    0 
541600:    1.00    9.937    0.120 0.000 0.130    0.044 0.096 0.051   -125406    0 
541700:    1.00    9.933    0.129 0.000 0.118    0.043 0.077 0.032   -125402    0 
541800:    1.00    9.899    0.157 0.000 0.097    0.060 0.116 0.044   -125438    0 
541900:    1.00    9.893    0.145 0.000 0.098    0.063 0.106 0.038   -125389    0 

--------------------------------------------
Proportion of membership of each pre-defined
 population in each of the 3 clusters

Given    Inferred Clusters       Number of
 Pop       1      2      3      Individuals

  1:     0.329  0.334  0.338      358
  2:     0.335  0.336  0.329      1039
  3:     0.332  0.332  0.335      603
--------------------------------------------

  Rep#:   Lambda   Alpha      F1    F2    F3     D1,2  D1,3  D2,3    Ln Like  Est Ln P(D)
542000:    1.00    9.707    0.139 0.000 0.096    0.068 0.101 0.035   -125428    0 
542100:    1.00    9.790    0.127 0.000 0.108    0.049 0.085 0.036   -125433    0 
542200:    1.00    9.403    0.139 0.000 0.094    0.051 0.097 0.030   -125422    0 
542300:    1.00    9.659    0.148 0.000 0.135    0.049 0.098 0.038   -125387    0 
542400:    1.00    9.452    0.130 0.000 0.088    0.046 0.085 0.035   -125379    0 
542500:    1.00    9.589    0.122 0.000 0.105    0.050 0.086 0.034   -125378    0 
542600:    1.00    9.224    0.110 0.000 0.076    0.050 0.080 0.031   -125448    0 
542700:    1.00    9.253    0.124 0.000 0.084    0.056 0.097 0.039   -125399    0 
542800:    1.00    9.250    0.114 0.000 0.110    0.056 0.092 0.037   -125387    0 
542900:    1.00    9.468    0.130 0.000 0.109    0.063 0.114 0.036   -125323    0 

--------------------------------------------
Proportion of membership of each pre-defined
 population in each of the 3 clusters

Given    Inferred Clusters       Number of
 Pop       1      2      3      Individuals

  1:     0.333  0.330  0.337      358
  2:     0.327  0.335  0.338      1039
  3:     0.331  0.332  0.338      603
--------------------------------------------

  Rep#:   Lambda   Alpha      F1    F2    F3     D1,2  D1,3  D2,3    Ln Like  Est Ln P(D)
543000:    1.00    9.394    0.152 0.000 0.129    0.058 0.123 0.051   -125296    0 
543100:    1.00    9.279    0.139 0.000 0.140    0.062 0.124 0.045   -125333    0 
543200:    1.00    9.170    0.123 0.000 0.119    0.057 0.122 0.044   -125315    0 
543300:    1.00    8.870    0.106 0.000 0.114    0.048 0.105 0.044   -125294    0 
543400:    1.00    9.121    0.125 0.000 0.145    0.039 0.106 0.050   -125346    0 
543500:    1.00    9.327    0.160 0.000 0.101    0.043 0.108 0.053   -125331    0 
543600:    1.00    9.246    0.096 0.000 0.101    0.035 0.092 0.044   -125335    0 
543700:    1.00    9.212    0.118 0.000 0.114    0.048 0.112 0.045   -125366    0 
543800:    1.00    9.298    0.103 0.000 0.107    0.045 0.103 0.051   -125351    0 
543900:    1.00    9.918    0.098 0.000 0.105    0.039 0.080 0.039   -125467    0 

--------------------------------------------
Proportion of membership of each pre-defined
 population in each of the 3 clusters

Given    Inferred Clusters       Number of
 Pop       1      2      3      Individuals

  1:     0.337  0.336  0.327      358
  2:     0.336  0.331  0.334      1039
  3:     0.331  0.335  0.334      603
--------------------------------------------

  Rep#:   Lambda   Alpha      F1    F2    F3     D1,2  D1,3  D2,3    Ln Like  Est Ln P(D)
544000:    1.00    9.395    0.111 0.000 0.093    0.042 0.085 0.036   -125426    0 
544100:    1.00    9.269    0.071 0.000 0.104    0.037 0.075 0.040   -125467    0 
544200:    1.00    8.830    0.083 0.000 0.108    0.035 0.066 0.032   -125414    0 
544300:    1.00    8.725    0.067 0.000 0.082    0.027 0.048 0.034   -125459    0 
544400:    1.00    9.026    0.090 0.000 0.091    0.032 0.068 0.030   -125460    0 
544500:    1.00    8.927    0.099 0.000 0.086    0.035 0.092 0.044   -125456    0 
544600:    1.00    9.141    0.099 0.000 0.126    0.040 0.098 0.054   -125331    0 
544700:    1.00    9.013    0.126 0.000 0.153    0.044 0.118 0.053   -125340    0 
544800:    1.00    8.725    0.139 0.000 0.142    0.051 0.105 0.041   -125318    0 
544900:    1.00    8.652    0.108 0.000 0.085    0.040 0.087 0.045   -125315    0 

--------------------------------------------
Proportion of membership of each pre-defined
 population in each of the 3 clusters

Given    Inferred Clusters       Number of
 Pop       1      2      3      Individuals

  1:     0.342  0.329  0.329      358
  2:     0.333  0.329  0.337      1039
  3:     0.332  0.336  0.332      603
--------------------------------------------

  Rep#:   Lambda   Alpha      F1    F2    F3     D1,2  D1,3  D2,3    Ln Like  Est Ln P(D)
545000:    1.00    8.504    0.128 0.000 0.096    0.042 0.081 0.043   -125373    0 
545100:    1.00    8.677    0.119 0.000 0.122    0.041 0.103 0.050   -125389    0 
545200:    1.00    8.209    0.123 0.000 0.110    0.040 0.082 0.043   -125363    0 
545300:    1.00    7.989    0.102 0.000 0.086    0.045 0.100 0.042   -125328    0 
545400:    1.00    8.213    0.103 0.000 0.096    0.040 0.088 0.038   -125413    0 
545500:    1.00    8.134    0.106 0.000 0.089    0.040 0.083 0.035   -125381    0 
545600:    1.00    8.429    0.124 0.000 0.097    0.048 0.099 0.037   -125321    0 
545700:    1.00    8.263    0.109 0.000 0.119    0.046 0.106 0.041   -125358    0 
545800:    1.00    8.351    0.096 0.000 0.109    0.043 0.095 0.039   -125352    0 
545900:    1.00    8.244    0.124 0.000 0.107    0.047 0.103 0.042   -125310    0 

--------------------------------------------
Proportion of membership of each pre-defined
 population in each of the 3 clusters

Given    Inferred Clusters       Number of
 Pop       1      2      3      Individuals

  1:     0.339  0.328  0.333      358
  2:     0.335  0.338  0.328      1039
  3:     0.328  0.332  0.340      603
--------------------------------------------

  Rep#:   Lambda   Alpha      F1    F2    F3     D1,2  D1,3  D2,3    Ln Like  Est Ln P(D)
546000:    1.00    8.474    0.137 0.000 0.127    0.050 0.091 0.040   -125338    0 
546100:    1.00    8.572    0.133 0.000 0.111    0.057 0.111 0.046   -125313    0 
546200:    1.00    8.514    0.151 0.000 0.109    0.049 0.091 0.037   -125344    0 
546300:    1.00    8.113    0.142 0.000 0.101    0.047 0.093 0.038   -125314    0 
546400:    1.00    8.350    0.104 0.000 0.136    0.049 0.094 0.038   -125407    0 
546500:    1.00    8.229    0.178 0.000 0.096    0.048 0.108 0.042   -125315    0 
546600:    1.00    7.950    0.111 0.000 0.108    0.040 0.095 0.042   -125314    0 
546700:    1.00    8.040    0.119 0.000 0.086    0.055 0.101 0.040   -125318    0 
546800:    1.00    8.288    0.152 0.000 0.134    0.067 0.126 0.041   -125262    0 
546900:    1.00    8.008    0.108 0.000 0.129    0.052 0.087 0.036   -125384    0 

--------------------------------------------
Proportion of membership of each pre-defined
 population in each of the 3 clusters

Given    Inferred Clusters       Number of
 Pop       1      2      3      Individuals

  1:     0.335  0.328  0.338      358
  2:     0.332  0.332  0.336      1039
  3:     0.330  0.334  0.336      603
--------------------------------------------

  Rep#:   Lambda   Alpha      F1    F2    F3     D1,2  D1,3  D2,3    Ln Like  Est Ln P(D)
547000:    1.00    7.878    0.112 0.000 0.101    0.045 0.075 0.035   -125412    0 
547100:    1.00    7.930    0.113 0.000 0.099    0.054 0.103 0.035   -125372    0 
547200:    1.00    8.075    0.122 0.000 0.075    0.043 0.080 0.028   -125416    0 
547300:    1.00    7.887    0.107 0.000 0.063    0.043 0.092 0.034   -125395    0 
547400:    1.00    8.000    0.116 0.000 0.085    0.051 0.084 0.038   -125330    0 
547500:    1.00    7.666    0.167 0.000 0.089    0.049 0.106 0.044   -125325    0 
547600:    1.00    7.512    0.141 0.000 0.114    0.045 0.089 0.043   -125322    0 
547700:    1.00    7.316    0.118 0.000 0.103    0.036 0.084 0.041   -125324    0 
547800:    1.00    7.480    0.122 0.000 0.141    0.050 0.141 0.059   -125292    0 
547900:    1.00    7.483    0.114 0.000 0.102    0.040 0.120 0.054   -125322    0 

--------------------------------------------
Proportion of membership of each pre-defined
 population in each of the 3 clusters

Given    Inferred Clusters       Number of
 Pop       1      2      3      Individuals

  1:     0.333  0.337  0.330      358
  2:     0.331  0.329  0.340      1039
  3:     0.333  0.331  0.336      603
--------------------------------------------

  Rep#:   Lambda   Alpha      F1    F2    F3     D1,2  D1,3  D2,3    Ln Like  Est Ln P(D)
548000:    1.00    7.256    0.123 0.000 0.110    0.036 0.086 0.045   -125306    0 
548100:    1.00    7.743    0.108 0.000 0.123    0.045 0.108 0.050   -125306    0 
548200:    1.00    7.508    0.109 0.000 0.154    0.037 0.088 0.049   -125301    0 
548300:    1.00    7.169    0.109 0.000 0.140    0.040 0.091 0.054   -125296    0 
548400:    1.00    7.162    0.128 0.000 0.098    0.037 0.072 0.035   -125334    0 
548500:    1.00    7.041    0.115 0.000 0.107    0.044 0.091 0.044   -125318    0 
548600:    1.00    6.886    0.132 0.000 0.166    0.054 0.123 0.056   -125216    0 
548700:    1.00    6.846    0.136 0.000 0.207    0.048 0.109 0.061   -125237    0 
548800:    1.00    7.586    0.178 0.000 0.164    0.051 0.104 0.051   -125236    0 
548900:    1.00    7.164    0.196 0.000 0.136    0.061 0.105 0.048   -125225    0 

--------------------------------------------
Proportion of membership of each pre-defined
 population in each of the 3 clusters

Given    Inferred Clusters       Number of
 Pop       1      2      3      Individuals

  1:     0.328  0.341  0.331      358
  2:     0.336  0.329  0.335      1039
  3:     0.334  0.332  0.334      603
--------------------------------------------

  Rep#:   Lambda   Alpha      F1    F2    F3     D1,2  D1,3  D2,3    Ln Like  Est Ln P(D)
549000:    1.00    7.020    0.142 0.000 0.133    0.058 0.102 0.049   -125271    0 
549100:    1.00    7.028    0.162 0.000 0.094    0.062 0.116 0.049   -125189    0 
549200:    1.00    7.912    0.168 0.000 0.108    0.066 0.132 0.051   -125285    0 
549300:    1.00    8.058    0.126 0.000 0.101    0.048 0.104 0.040   -125309    0 
549400:    1.00    7.654    0.157 0.000 0.104    0.053 0.101 0.032   -125262    0 
549500:    1.00    7.660    0.128 0.000 0.085    0.042 0.088 0.032   -125303    0 
549600:    1.00    7.368    0.109 0.000 0.100    0.042 0.092 0.035   -125276    0 
549700:    1.00    7.405    0.113 0.000 0.090    0.054 0.104 0.028   -125248    0 
549800:    1.00    7.668    0.109 0.000 0.106    0.043 0.093 0.034   -125317    0 
549900:    1.00    7.798    0.112 0.000 0.091    0.047 0.099 0.031   -125336    0 

--------------------------------------------
Proportion of membership of each pre-defined
 population in each of the 3 clusters

Given    Inferred Clusters       Number of
 Pop       1      2      3      Individuals

  1:     0.336  0.335  0.329      358
  2:     0.332  0.337  0.331      1039
  3:     0.336  0.330  0.335      603
--------------------------------------------

  Rep#:   Lambda   Alpha      F1    F2    F3     D1,2  D1,3  D2,3    Ln Like  Est Ln P(D)
550000:    1.00    8.214    0.132 0.000 0.088    0.052 0.094 0.032   -125426    0 
550100:    1.00    8.687    0.131 0.000 0.116    0.049 0.112 0.041   -125324    0 
550200:    1.00    8.852    0.127 0.000 0.113    0.045 0.124 0.052   -125287    0 
550300:    1.00    8.825    0.102 0.000 0.164    0.040 0.106 0.060   -125302    0 
550400:    1.00    8.831    0.134 0.000 0.165    0.052 0.117 0.050   -125285    0 
550500:    1.00    9.248    0.163 0.000 0.157    0.058 0.126 0.051   -125332    0 
550600:    1.00    9.391    0.171 0.000 0.130    0.061 0.135 0.053   -125344    0 
550700:    1.00    9.446    0.129 0.000 0.135    0.072 0.147 0.055   -125265    0 
550800:    1.00    9.609    0.214 0.000 0.157    0.083 0.160 0.065   -125263    0 
550900:    1.00    9.826    0.192 0.000 0.174    0.076 0.165 0.070   -125265    0 

--------------------------------------------
Proportion of membership of each pre-defined
 population in each of the 3 clusters

Given    Inferred Clusters       Number of
 Pop       1      2      3      Individuals

  1:     0.328  0.336  0.336      358
  2:     0.335  0.332  0.333      1039
  3:     0.338  0.335  0.327      603
--------------------------------------------

  Rep#:   Lambda   Alpha      F1    F2    F3     D1,2  D1,3  D2,3    Ln Like  Est Ln P(D)
551000:    1.00    9.571    0.170 0.000 0.134    0.064 0.139 0.062   -125333    0 
551100:    1.00    9.986    0.159 0.000 0.132    0.060 0.153 0.070   -125293    0 
551200:    1.00    9.613    0.126 0.000 0.170    0.050 0.122 0.059   -125368    0 
551300:    1.00    9.900    0.133 0.000 0.119    0.060 0.132 0.063   -125340    0 
551400:    1.00    9.639    0.118 0.000 0.164    0.054 0.165 0.075   -125339    0 
551500:    1.00    9.865    0.137 0.000 0.143    0.057 0.142 0.066   -125328    0 
551600:    1.00    9.799    0.156 0.000 0.173    0.057 0.141 0.057   -125335    0 
551700:    1.00    9.831    0.136 0.000 0.129    0.053 0.120 0.055   -125346    0 
551800:    1.00    9.710    0.130 0.000 0.120    0.048 0.109 0.059   -125379    0 
551900:    1.00    9.488    0.115 0.000 0.131    0.045 0.113 0.064   -125385    0 

--------------------------------------------
Proportion of membership of each pre-defined
 population in each of the 3 clusters

Given    Inferred Clusters       Number of
 Pop       1      2      3      Individuals

  1:     0.340  0.331  0.329      358
  2:     0.331  0.333  0.336      1039
  3:     0.331  0.336  0.332      603
--------------------------------------------

  Rep#:   Lambda   Alpha      F1    F2    F3     D1,2  D1,3  D2,3    Ln Like  Est Ln P(D)
552000:    1.00    9.134    0.137 0.000 0.126    0.046 0.100 0.047   -125381    0 
552100:    1.00    9.491    0.120 0.000 0.122    0.049 0.104 0.045   -125378    0 
552200:    1.00    8.893    0.107 0.000 0.100    0.059 0.112 0.046   -125286    0 
552300:    1.00    9.028    0.115 0.000 0.136    0.044 0.098 0.050   -125361    0 
552400:    1.00    8.968    0.145 0.000 0.122    0.057 0.112 0.042   -125354    0 
552500:    1.00    9.055    0.158 0.000 0.136    0.055 0.110 0.050   -125305    0 
552600:    1.00    9.308    0.097 0.000 0.107    0.041 0.094 0.043   -125372    0 
552700:    1.00    9.051    0.119 0.000 0.147    0.038 0.104 0.049   -125328    0 
552800:    1.00    9.025    0.117 0.000 0.108    0.044 0.109 0.049   -125351    0 
552900:    1.00    8.849    0.138 0.000 0.130    0.046 0.104 0.049   -125354    0 

--------------------------------------------
Proportion of membership of each pre-defined
 population in each of the 3 clusters

Given    Inferred Clusters       Number of
 Pop       1      2      3      Individuals

  1:     0.335  0.324  0.341      358
  2:     0.330  0.329  0.341      1039
  3:     0.331  0.335  0.335      603
--------------------------------------------

  Rep#:   Lambda   Alpha      F1    F2    F3     D1,2  D1,3  D2,3    Ln Like  Est Ln P(D)
553000:    1.00    8.853    0.130 0.000 0.137    0.044 0.102 0.051   -125344    0 
553100:    1.00    8.774    0.140 0.000 0.136    0.041 0.101 0.057   -125251    0 
553200:    1.00    8.654    0.157 0.000 0.151    0.039 0.104 0.063   -125312    0 
553300:    1.00    8.511    0.115 0.000 0.163    0.044 0.103 0.051   -125305    0 
553400:    1.00    8.660    0.129 0.000 0.148    0.054 0.124 0.058   -125295    0 
553500:    1.00    8.721    0.212 0.000 0.159    0.066 0.136 0.056   -125233    0 
553600:    1.00    8.491    0.133 0.000 0.149    0.061 0.123 0.052   -125274    0 
553700:    1.00    8.716    0.138 0.000 0.112    0.053 0.120 0.064   -125239    0 
553800:    1.00    8.587    0.128 0.000 0.141    0.059 0.111 0.055   -125353    0 
553900:    1.00    8.589    0.169 0.000 0.133    0.054 0.106 0.053   -125329    0 

--------------------------------------------
Proportion of membership of each pre-defined
 population in each of the 3 clusters

Given    Inferred Clusters       Number of
 Pop       1      2      3      Individuals

  1:     0.330  0.334  0.336      358
  2:     0.337  0.331  0.332      1039
  3:     0.336  0.334  0.330      603
--------------------------------------------

  Rep#:   Lambda   Alpha      F1    F2    F3     D1,2  D1,3  D2,3    Ln Like  Est Ln P(D)
554000:    1.00    8.363    0.115 0.000 0.142    0.044 0.130 0.071   -125262    0 
554100:    1.00    8.587    0.147 0.000 0.175    0.043 0.129 0.078   -125224    0 
554200:    1.00    8.717    0.098 0.000 0.184    0.035 0.111 0.080   -125272    0 
554300:    1.00    8.500    0.084 0.000 0.258    0.031 0.110 0.067   -125318    0 
554400:    1.00    8.712    0.098 0.000 0.169    0.031 0.093 0.064   -125403    0 
554500:    1.00    8.846    0.106 0.000 0.138    0.046 0.100 0.053   -125363    0 
554600:    1.00    8.867    0.084 0.000 0.124    0.037 0.091 0.049   -125366    0 
554700:    1.00    9.048    0.097 0.000 0.137    0.038 0.091 0.048   -125379    0 
554800:    1.00    9.025    0.106 0.000 0.130    0.052 0.099 0.044   -125391    0 
554900:    1.00    9.400    0.145 0.000 0.103    0.056 0.109 0.045   -125473    0 

--------------------------------------------
Proportion of membership of each pre-defined
 population in each of the 3 clusters

Given    Inferred Clusters       Number of
 Pop       1      2      3      Individuals

  1:     0.334  0.339  0.327      358
  2:     0.336  0.334  0.329      1039
  3:     0.337  0.331  0.333      603
--------------------------------------------

  Rep#:   Lambda   Alpha      F1    F2    F3     D1,2  D1,3  D2,3    Ln Like  Est Ln P(D)
555000:    1.00    9.564    0.130 0.000 0.107    0.061 0.128 0.047   -125382    0 
555100:    1.00    9.354    0.130 0.000 0.125    0.048 0.106 0.053   -125362    0 
555200:    1.00    9.102    0.121 0.000 0.104    0.038 0.091 0.048   -125400    0 
555300:    1.00    9.165    0.145 0.000 0.121    0.047 0.093 0.041   -125394    0 
555400:    1.00    8.901    0.134 0.000 0.137    0.046 0.099 0.048   -125354    0 
555500:    1.00    8.879    0.104 0.000 0.115    0.056 0.108 0.039   -125319    0 
555600:    1.00    8.427    0.100 0.000 0.087    0.045 0.086 0.031   -125404    0 
555700:    1.00    8.231    0.088 0.000 0.118    0.044 0.086 0.033   -125404    0 
555800:    1.00    8.113    0.128 0.000 0.144    0.044 0.096 0.044   -125299    0 
555900:    1.00    7.944    0.113 0.000 0.133    0.048 0.105 0.047   -125306    0 

--------------------------------------------
Proportion of membership of each pre-defined
 population in each of the 3 clusters

Given    Inferred Clusters       Number of
 Pop       1      2      3      Individuals

  1:     0.328  0.335  0.337      358
  2:     0.332  0.336  0.332      1039
  3:     0.330  0.341  0.329      603
--------------------------------------------

  Rep#:   Lambda   Alpha      F1    F2    F3     D1,2  D1,3  D2,3    Ln Like  Est Ln P(D)
556000:    1.00    7.717    0.128 0.000 0.117    0.039 0.082 0.046   -125385    0 
556100:    1.00    7.722    0.109 0.000 0.118    0.039 0.096 0.039   -125337    0 
556200:    1.00    8.011    0.110 0.000 0.111    0.038 0.078 0.042   -125400    0 
556300:    1.00    8.076    0.115 0.000 0.140    0.058 0.107 0.048   -125270    0 
556400:    1.00    8.562    0.141 0.000 0.095    0.053 0.098 0.042   -125325    0 
556500:    1.00    8.857    0.109 0.000 0.078    0.051 0.101 0.031   -125353    0 
556600:    1.00    9.152    0.115 0.000 0.093    0.038 0.094 0.040   -125413    0 
556700:    1.00    9.080    0.123 0.000 0.108    0.036 0.086 0.038   -125360    0 
556800:    1.00    9.326    0.099 0.000 0.090    0.035 0.083 0.038   -125359    0 
556900:    1.00    9.004    0.102 0.000 0.112    0.034 0.080 0.043   -125407    0 

--------------------------------------------
Proportion of membership of each pre-defined
 population in each of the 3 clusters

Given    Inferred Clusters       Number of
 Pop       1      2      3      Individuals

  1:     0.327  0.333  0.340      358
  2:     0.331  0.336  0.333      1039
  3:     0.336  0.331  0.333      603
--------------------------------------------

  Rep#:   Lambda   Alpha      F1    F2    F3     D1,2  D1,3  D2,3    Ln Like  Est Ln P(D)
557000:    1.00    9.224    0.090 0.000 0.118    0.039 0.086 0.043   -125377    0 
557100:    1.00    9.246    0.094 0.000 0.101    0.040 0.090 0.047   -125457    0 
557200:    1.00    9.278    0.082 0.000 0.115    0.036 0.087 0.054   -125448    0 
557300:    1.00    9.145    0.088 0.000 0.121    0.039 0.090 0.054   -125406    0 
557400:    1.00    9.089    0.113 0.000 0.135    0.034 0.083 0.054   -125440    0 
557500:    1.00    8.740    0.116 0.000 0.093    0.040 0.083 0.044   -125442    0 
557600:    1.00    9.042    0.091 0.000 0.090    0.042 0.076 0.040   -125399    0 
557700:    1.00    8.938    0.075 0.000 0.085    0.047 0.081 0.029   -125421    0 
557800:    1.00    8.637    0.082 0.000 0.075    0.034 0.075 0.032   -125491    0 
557900:    1.00    8.955    0.099 0.000 0.104    0.036 0.084 0.043   -125421    0 

--------------------------------------------
Proportion of membership of each pre-defined
 population in each of the 3 clusters

Given    Inferred Clusters       Number of
 Pop       1      2      3      Individuals

  1:     0.331  0.335  0.334      358
  2:     0.334  0.335  0.331      1039
  3:     0.339  0.335  0.326      603
--------------------------------------------

  Rep#:   Lambda   Alpha      F1    F2    F3     D1,2  D1,3  D2,3    Ln Like  Est Ln P(D)
558000:    1.00    9.025    0.093 0.000 0.088    0.038 0.079 0.040   -125334    0 
558100:    1.00    9.265    0.106 0.000 0.102    0.041 0.083 0.048   -125388    0 
558200:    1.00    8.977    0.095 0.000 0.110    0.038 0.079 0.043   -125415    0 
558300:    1.00    9.223    0.101 0.000 0.082    0.040 0.063 0.037   -125440    0 
558400:    1.00    8.971    0.086 0.000 0.116    0.035 0.072 0.040   -125422    0 
558500:    1.00    9.103    0.110 0.000 0.105    0.034 0.075 0.038   -125463    0 
558600:    1.00    9.056    0.130 0.000 0.110    0.043 0.086 0.040   -125459    0 
558700:    1.00    8.924    0.125 0.000 0.099    0.047 0.119 0.042   -125360    0 
558800:    1.00    8.897    0.154 0.000 0.102    0.059 0.124 0.046   -125368    0 
558900:    1.00    9.129    0.166 0.000 0.140    0.054 0.119 0.052   -125327    0 

--------------------------------------------
Proportion of membership of each pre-defined
 population in each of the 3 clusters

Given    Inferred Clusters       Number of
 Pop       1      2      3      Individuals

  1:     0.335  0.335  0.329      358
  2:     0.339  0.331  0.331      1039
  3:     0.337  0.332  0.331      603
--------------------------------------------

  Rep#:   Lambda   Alpha      F1    F2    F3     D1,2  D1,3  D2,3    Ln Like  Est Ln P(D)
559000:    1.00    9.227    0.166 0.000 0.101    0.066 0.134 0.047   -125280    0 
559100:    1.00    9.355    0.167 0.000 0.107    0.065 0.142 0.049   -125293    0 
559200:    1.00    9.841    0.142 0.000 0.113    0.070 0.138 0.038   -125301    0 
559300:    1.00    9.924    0.150 0.000 0.100    0.065 0.129 0.045   -125345    0 
559400:    1.00    9.674    0.133 0.000 0.110    0.065 0.147 0.051   -125333    0 
559500:    1.00    9.701    0.155 0.000 0.151    0.077 0.158 0.057   -125312    0 
559600:    1.00    9.309    0.167 0.000 0.134    0.070 0.162 0.070   -125299    0 
559700:    1.00    9.272    0.145 0.000 0.169    0.066 0.156 0.067   -125313    0 
559800:    1.00    9.382    0.131 0.000 0.137    0.062 0.135 0.047   -125354    0 
559900:    1.00    9.327    0.107 0.000 0.133    0.057 0.135 0.061   -125306    0 

--------------------------------------------
Proportion of membership of each pre-defined
 population in each of the 3 clusters

Given    Inferred Clusters       Number of
 Pop       1      2      3      Individuals

  1:     0.337  0.326  0.337      358
  2:     0.332  0.333  0.335      1039
  3:     0.331  0.334  0.336      603
--------------------------------------------

  Rep#:   Lambda   Alpha      F1    F2    F3     D1,2  D1,3  D2,3    Ln Like  Est Ln P(D)
560000:    1.00    9.097    0.136 0.000 0.116    0.054 0.123 0.055   -125369    0 
560100:    1.00    9.091    0.123 0.000 0.134    0.062 0.124 0.056   -125304    0 
560200:    1.00    9.189    0.117 0.000 0.137    0.052 0.107 0.046   -125404    0 
560300:    1.00    9.201    0.132 0.000 0.136    0.050 0.103 0.054   -125309    0 
560400:    1.00    9.036    0.119 0.000 0.113    0.053 0.098 0.043   -125402    0 
560500:    1.00    9.503    0.112 0.000 0.092    0.040 0.080 0.039   -125445    0 
560600:    1.00    9.414    0.084 0.000 0.074    0.040 0.077 0.029   -125444    0 
560700:    1.00    9.642    0.090 0.000 0.106    0.032 0.073 0.037   -125470    0 
560800:    1.00    9.507    0.093 0.000 0.105    0.036 0.097 0.050   -125413    0 
560900:    1.00    9.476    0.102 0.000 0.119    0.037 0.103 0.055   -125362    0 

--------------------------------------------
Proportion of membership of each pre-defined
 population in each of the 3 clusters

Given    Inferred Clusters       Number of
 Pop       1      2      3      Individuals

  1:     0.327  0.340  0.333      358
  2:     0.333  0.334  0.334      1039
  3:     0.334  0.331  0.335      603
--------------------------------------------

  Rep#:   Lambda   Alpha      F1    F2    F3     D1,2  D1,3  D2,3    Ln Like  Est Ln P(D)
561000:    1.00    9.382    0.089 0.000 0.137    0.036 0.114 0.057   -125407    0 
561100:    1.00    9.460    0.094 0.000 0.166    0.034 0.120 0.062   -125348    0 
561200:    1.00    9.715    0.090 0.000 0.160    0.027 0.098 0.058   -125421    0 
561300:    1.00    9.624    0.073 0.000 0.159    0.031 0.102 0.056   -125419    0 
561400:    1.00    9.627    0.081 0.000 0.176    0.038 0.101 0.062   -125376    0 
561500:    1.00    9.474    0.071 0.000 0.152    0.030 0.091 0.067   -125442    0 
561600:    1.00    9.237    0.087 0.000 0.148    0.035 0.092 0.056   -125390    0 
561700:    1.00    9.061    0.116 0.000 0.110    0.043 0.097 0.051   -125404    0 
561800:    1.00    8.782    0.157 0.000 0.113    0.060 0.102 0.044   -125423    0 
561900:    1.00    9.050    0.174 0.000 0.120    0.053 0.101 0.050   -125392    0 

--------------------------------------------
Proportion of membership of each pre-defined
 population in each of the 3 clusters

Given    Inferred Clusters       Number of
 Pop       1      2      3      Individuals

  1:     0.334  0.331  0.335      358
  2:     0.339  0.331  0.330      1039
  3:     0.336  0.331  0.333      603
--------------------------------------------

  Rep#:   Lambda   Alpha      F1    F2    F3     D1,2  D1,3  D2,3    Ln Like  Est Ln P(D)
562000:    1.00    9.015    0.131 0.000 0.132    0.047 0.112 0.052   -125366    0 
562100:    1.00    9.075    0.139 0.000 0.123    0.051 0.109 0.045   -125358    0 
562200:    1.00    8.952    0.128 0.000 0.116    0.039 0.114 0.057   -125373    0 
562300:    1.00    8.566    0.139 0.000 0.094    0.039 0.093 0.040   -125412    0 
562400:    1.00    8.820    0.093 0.000 0.074    0.034 0.074 0.028   -125423    0 
562500:    1.00    8.917    0.096 0.000 0.109    0.046 0.091 0.039   -125373    0 
562600:    1.00    9.344    0.132 0.000 0.107    0.045 0.110 0.039   -125384    0 
562700:    1.00    9.245    0.144 0.000 0.085    0.053 0.108 0.036   -125389    0 
562800:    1.00    8.906    0.136 0.000 0.123    0.043 0.088 0.037   -125415    0 
562900:    1.00    8.847    0.112 0.000 0.124    0.047 0.102 0.040   -125376    0 

--------------------------------------------
Proportion of membership of each pre-defined
 population in each of the 3 clusters

Given    Inferred Clusters       Number of
 Pop       1      2      3      Individuals

  1:     0.326  0.338  0.337      358
  2:     0.334  0.334  0.333      1039
  3:     0.330  0.333  0.337      603
--------------------------------------------

  Rep#:   Lambda   Alpha      F1    F2    F3     D1,2  D1,3  D2,3    Ln Like  Est Ln P(D)
563000:    1.00    9.163    0.137 0.000 0.100    0.047 0.095 0.038   -125402    0 
563100:    1.00    9.487    0.129 0.000 0.090    0.059 0.104 0.031   -125381    0 
563200:    1.00    9.792    0.110 0.000 0.077    0.059 0.110 0.038   -125417    0 
563300:    1.00    9.803    0.139 0.000 0.090    0.051 0.112 0.047   -125407    0 
563400:    1.00    9.770    0.142 0.000 0.117    0.051 0.103 0.043   -125394    0 
563500:    1.00    9.525    0.118 0.000 0.097    0.051 0.095 0.034   -125416    0 
563600:    1.00    9.417    0.120 0.000 0.096    0.047 0.086 0.033   -125366    0 
563700:    1.00    9.515    0.139 0.000 0.090    0.048 0.099 0.034   -125353    0 
563800:    1.00    9.920    0.133 0.000 0.088    0.045 0.088 0.031   -125426    0 
563900:    1.00    9.915    0.129 0.000 0.136    0.045 0.093 0.034   -125400    0 

--------------------------------------------
Proportion of membership of each pre-defined
 population in each of the 3 clusters

Given    Inferred Clusters       Number of
 Pop       1      2      3      Individuals

  1:     0.340  0.322  0.339      358
  2:     0.334  0.334  0.332      1039
  3:     0.332  0.336  0.332      603
--------------------------------------------

  Rep#:   Lambda   Alpha      F1    F2    F3     D1,2  D1,3  D2,3    Ln Like  Est Ln P(D)
564000:    1.00    9.716    0.097 0.000 0.126    0.040 0.091 0.045   -125467    0 
564100:    1.00    9.747    0.121 0.000 0.120    0.055 0.104 0.040   -125419    0 
564200:    1.00    9.474    0.142 0.000 0.125    0.056 0.114 0.051   -125403    0 
564300:    1.00    9.533    0.166 0.000 0.136    0.054 0.103 0.041   -125357    0 
564400:    1.00    9.455    0.136 0.000 0.122    0.056 0.094 0.040   -125413    0 
564500:    1.00    9.385    0.156 0.000 0.113    0.063 0.107 0.036   -125417    0 
564600:    1.00    9.453    0.144 0.000 0.097    0.061 0.102 0.035   -125418    0 
564700:    1.00    9.797    0.125 0.000 0.114    0.059 0.090 0.033   -125452    0 
564800:    1.00    9.969    0.138 0.000 0.098    0.061 0.098 0.035   -125438    0 
564900:    1.00    9.959    0.163 0.000 0.082    0.062 0.108 0.038   -125428    0 

--------------------------------------------
Proportion of membership of each pre-defined
 population in each of the 3 clusters

Given    Inferred Clusters       Number of
 Pop       1      2      3      Individuals

  1:     0.327  0.334  0.339      358
  2:     0.335  0.334  0.331      1039
  3:     0.332  0.337  0.331      603
--------------------------------------------

  Rep#:   Lambda   Alpha      F1    F2    F3     D1,2  D1,3  D2,3    Ln Like  Est Ln P(D)
565000:    1.00    9.508    0.173 0.000 0.090    0.059 0.095 0.032   -125405    0 
565100:    1.00    9.636    0.208 0.000 0.121    0.070 0.109 0.038   -125373    0 
565200:    1.00    9.694    0.163 0.000 0.141    0.069 0.103 0.047   -125345    0 
565300:    1.00    9.870    0.155 0.000 0.103    0.059 0.098 0.046   -125348    0 
565400:    1.00    9.532    0.184 0.000 0.120    0.068 0.104 0.046   -125373    0 
565500:    1.00    9.494    0.173 0.000 0.112    0.069 0.126 0.044   -125345    0 
565600:    1.00    9.656    0.129 0.000 0.108    0.065 0.125 0.047   -125381    0 
565700:    1.00    9.304    0.171 0.000 0.085    0.067 0.106 0.039   -125353    0 
565800:    1.00    9.279    0.142 0.000 0.080    0.055 0.107 0.045   -125331    0 
565900:    1.00    9.385    0.149 0.000 0.116    0.062 0.130 0.048   -125294    0 

--------------------------------------------
Proportion of membership of each pre-defined
 population in each of the 3 clusters

Given    Inferred Clusters       Number of
 Pop       1      2      3      Individuals

  1:     0.331  0.323  0.346      358
  2:     0.328  0.335  0.337      1039
  3:     0.335  0.337  0.327      603
--------------------------------------------

  Rep#:   Lambda   Alpha      F1    F2    F3     D1,2  D1,3  D2,3    Ln Like  Est Ln P(D)
566000:    1.00    9.715    0.145 0.000 0.117    0.057 0.149 0.066   -125282    0 
566100:    1.00    9.861    0.157 0.000 0.146    0.055 0.144 0.070   -125378    0 
566200:    1.00    9.584    0.134 0.000 0.233    0.060 0.152 0.073   -125277    0 
566300:    1.00    9.552    0.159 0.000 0.126    0.054 0.129 0.065   -125335    0 
566400:    1.00    9.903    0.146 0.000 0.176    0.044 0.121 0.073   -125351    0 
566500:    1.00    9.919    0.198 0.000 0.152    0.060 0.121 0.062   -125309    0 
566600:    1.00    9.995    0.144 0.000 0.195    0.058 0.134 0.072   -125257    0 
566700:    1.00    9.873    0.197 0.000 0.144    0.049 0.116 0.065   -125287    0 
566800:    1.00    9.988    0.158 0.000 0.155    0.050 0.125 0.064   -125336    0 
566900:    1.00    9.979    0.146 0.000 0.144    0.046 0.123 0.066   -125359    0 

--------------------------------------------
Proportion of membership of each pre-defined
 population in each of the 3 clusters

Given    Inferred Clusters       Number of
 Pop       1      2      3      Individuals

  1:     0.338  0.333  0.330      358
  2:     0.331  0.336  0.332      1039
  3:     0.332  0.332  0.335      603
--------------------------------------------

  Rep#:   Lambda   Alpha      F1    F2    F3     D1,2  D1,3  D2,3    Ln Like  Est Ln P(D)
567000:    1.00    9.821    0.112 0.000 0.163    0.038 0.103 0.063   -125380    0 
567100:    1.00    9.900    0.103 0.000 0.120    0.031 0.090 0.055   -125402    0 
567200:    1.00    9.714    0.079 0.000 0.119    0.034 0.082 0.054   -125421    0 
567300:    1.00    9.608    0.078 0.000 0.093    0.036 0.088 0.046   -125400    0 
567400:    1.00    9.394    0.144 0.000 0.113    0.052 0.103 0.048   -125373    0 
567500:    1.00    9.210    0.135 0.000 0.092    0.049 0.093 0.044   -125324    0 
567600:    1.00    9.305    0.124 0.000 0.102    0.047 0.086 0.043   -125397    0 
567700:    1.00    9.443    0.141 0.000 0.105    0.062 0.124 0.053   -125342    0 
567800:    1.00    9.595    0.170 0.000 0.127    0.049 0.102 0.053   -125339    0 
567900:    1.00    9.432    0.153 0.000 0.148    0.058 0.120 0.049   -125277    0 

--------------------------------------------
Proportion of membership of each pre-defined
 population in each of the 3 clusters

Given    Inferred Clusters       Number of
 Pop       1      2      3      Individuals

  1:     0.338  0.331  0.331      358
  2:     0.330  0.337  0.333      1039
  3:     0.334  0.331  0.335      603
--------------------------------------------

  Rep#:   Lambda   Alpha      F1    F2    F3     D1,2  D1,3  D2,3    Ln Like  Est Ln P(D)
568000:    1.00    9.262    0.130 0.000 0.168    0.055 0.124 0.057   -125338    0 
568100:    1.00    9.606    0.144 0.000 0.123    0.047 0.123 0.054   -125334    0 
568200:    1.00    9.907    0.129 0.000 0.109    0.052 0.114 0.051   -125316    0 
568300:    1.00    9.724    0.124 0.000 0.126    0.053 0.122 0.053   -125363    0 
568400:    1.00    9.929    0.203 0.000 0.111    0.060 0.133 0.047   -125368    0 
568500:    1.00    9.896    0.170 0.000 0.094    0.065 0.122 0.049   -125298    0 
568600:    1.00    9.918    0.136 0.000 0.117    0.058 0.113 0.055   -125365    0 
568700:    1.00    9.968    0.137 0.000 0.110    0.047 0.105 0.047   -125419    0 
568800:    1.00    9.873    0.105 0.000 0.146    0.046 0.122 0.062   -125442    0 
568900:    1.00    9.853    0.117 0.000 0.169    0.042 0.129 0.068   -125352    0 

--------------------------------------------
Proportion of membership of each pre-defined
 population in each of the 3 clusters

Given    Inferred Clusters       Number of
 Pop       1      2      3      Individuals

  1:     0.335  0.330  0.334      358
  2:     0.333  0.334  0.334      1039
  3:     0.336  0.333  0.331      603
--------------------------------------------

  Rep#:   Lambda   Alpha      F1    F2    F3     D1,2  D1,3  D2,3    Ln Like  Est Ln P(D)
569000:    1.00    9.595    0.101 0.000 0.167    0.034 0.109 0.064   -125319    0 
569100:    1.00    9.766    0.117 0.000 0.182    0.046 0.134 0.076   -125291    0 
569200:    1.00    9.674    0.129 0.000 0.173    0.047 0.133 0.062   -125309    0 
569300:    1.00    9.636    0.155 0.000 0.155    0.047 0.146 0.077   -125316    0 
569400:    1.00    9.875    0.097 0.000 0.119    0.042 0.111 0.063   -125350    0 
569500:    1.00    9.832    0.121 0.000 0.110    0.046 0.096 0.052   -125315    0 
569600:    1.00    9.834    0.096 0.000 0.165    0.037 0.085 0.058   -125465    0 
569700:    1.00    9.891    0.113 0.000 0.198    0.045 0.116 0.068   -125360    0 
569800:    1.00    9.824    0.089 0.000 0.125    0.038 0.092 0.062   -125371    0 
569900:    1.00    9.914    0.120 0.000 0.137    0.055 0.094 0.050   -125347    0 

--------------------------------------------
Proportion of membership of each pre-defined
 population in each of the 3 clusters

Given    Inferred Clusters       Number of
 Pop       1      2      3      Individuals

  1:     0.330  0.337  0.333      358
  2:     0.332  0.332  0.336      1039
  3:     0.336  0.331  0.332      603
--------------------------------------------

  Rep#:   Lambda   Alpha      F1    F2    F3     D1,2  D1,3  D2,3    Ln Like  Est Ln P(D)
570000:    1.00    9.939    0.132 0.000 0.151    0.054 0.134 0.074   -125334    0 
570100:    1.00    9.962    0.137 0.000 0.152    0.060 0.139 0.070   -125320    0 
570200:    1.00    9.619    0.145 0.000 0.120    0.061 0.122 0.056   -125327    0 
570300:    1.00    9.643    0.114 0.000 0.115    0.057 0.113 0.053   -125397    0 
570400:    1.00    9.657    0.174 0.000 0.098    0.060 0.111 0.055   -125357    0 
570500:    1.00    9.486    0.165 0.000 0.142    0.068 0.134 0.061   -125324    0 
570600:    1.00    9.391    0.203 0.000 0.129    0.081 0.143 0.055   -125294    0 
570700:    1.00    9.251    0.174 0.000 0.166    0.068 0.152 0.058   -125287    0 
570800:    1.00    9.123    0.166 0.000 0.123    0.060 0.110 0.040   -125337    0 
570900:    1.00    9.538    0.153 0.000 0.093    0.073 0.111 0.033   -125372    0 

--------------------------------------------
Proportion of membership of each pre-defined
 population in each of the 3 clusters

Given    Inferred Clusters       Number of
 Pop       1      2      3      Individuals

  1:     0.331  0.338  0.331      358
  2:     0.337  0.333  0.330      1039
  3:     0.339  0.328  0.333      603
--------------------------------------------

  Rep#:   Lambda   Alpha      F1    F2    F3     D1,2  D1,3  D2,3    Ln Like  Est Ln P(D)
571000:    1.00    9.354    0.144 0.000 0.114    0.061 0.122 0.047   -125334    0 
571100:    1.00    9.368    0.111 0.000 0.126    0.048 0.103 0.048   -125345    0 
571200:    1.00    8.998    0.096 0.000 0.122    0.048 0.106 0.049   -125402    0 
571300:    1.00    9.073    0.153 0.000 0.129    0.055 0.103 0.044   -125283    0 
571400:    1.00    9.261    0.189 0.000 0.110    0.054 0.101 0.043   -125300    0 
571500:    1.00    8.965    0.197 0.000 0.083    0.048 0.104 0.042   -125372    0 
571600:    1.00    9.038    0.164 0.000 0.110    0.049 0.110 0.043   -125365    0 
571700:    1.00    8.880    0.153 0.000 0.108    0.047 0.119 0.060   -125344    0 
571800:    1.00    8.964    0.162 0.000 0.097    0.050 0.104 0.048   -125349    0 
571900:    1.00    8.883    0.164 0.000 0.101    0.047 0.100 0.048   -125348    0 

--------------------------------------------
Proportion of membership of each pre-defined
 population in each of the 3 clusters

Given    Inferred Clusters       Number of
 Pop       1      2      3      Individuals

  1:     0.334  0.332  0.334      358
  2:     0.333  0.331  0.336      1039
  3:     0.338  0.327  0.335      603
--------------------------------------------

  Rep#:   Lambda   Alpha      F1    F2    F3     D1,2  D1,3  D2,3    Ln Like  Est Ln P(D)
572000:    1.00    9.063    0.133 0.000 0.100    0.042 0.079 0.039   -125408    0 
572100:    1.00    9.293    0.140 0.000 0.106    0.042 0.095 0.049   -125390    0 
572200:    1.00    9.499    0.140 0.000 0.088    0.048 0.092 0.031   -125391    0 
572300:    1.00    9.108    0.180 0.000 0.086    0.059 0.110 0.032   -125352    0 
572400:    1.00    9.145    0.111 0.000 0.084    0.058 0.106 0.029   -125382    0 
572500:    1.00    9.329    0.108 0.000 0.082    0.052 0.111 0.031   -125402    0 
572600:    1.00    8.989    0.138 0.000 0.077    0.051 0.090 0.032   -125394    0 
572700:    1.00    8.756    0.176 0.000 0.088    0.061 0.109 0.026   -125370    0 
572800:    1.00    8.806    0.154 0.000 0.076    0.058 0.090 0.032   -125388    0 
572900:    1.00    8.652    0.165 0.000 0.095    0.060 0.101 0.034   -125438    0 

--------------------------------------------
Proportion of membership of each pre-defined
 population in each of the 3 clusters

Given    Inferred Clusters       Number of
 Pop       1      2      3      Individuals

  1:     0.337  0.334  0.329      358
  2:     0.333  0.340  0.327      1039
  3:     0.338  0.336  0.327      603
--------------------------------------------

  Rep#:   Lambda   Alpha      F1    F2    F3     D1,2  D1,3  D2,3    Ln Like  Est Ln P(D)
573000:    1.00    8.485    0.180 0.000 0.093    0.062 0.106 0.034   -125411    0 
573100:    1.00    8.213    0.156 0.000 0.082    0.058 0.101 0.038   -125307    0 
573200:    1.00    8.144    0.155 0.000 0.079    0.058 0.075 0.027   -125388    0 
573300:    1.00    8.239    0.165 0.000 0.073    0.049 0.082 0.028   -125334    0 
573400:    1.00    8.396    0.159 0.000 0.070    0.065 0.092 0.028   -125389    0 
573500:    1.00    8.384    0.187 0.000 0.056    0.063 0.090 0.023   -125314    0 
573600:    1.00    8.235    0.192 0.000 0.090    0.073 0.118 0.034   -125236    0 
573700:    1.00    8.227    0.120 0.000 0.090    0.056 0.104 0.033   -125321    0 
573800:    1.00    8.147    0.165 0.000 0.094    0.065 0.106 0.032   -125326    0 
573900:    1.00    8.290    0.155 0.000 0.111    0.075 0.119 0.034   -125338    0 

--------------------------------------------
Proportion of membership of each pre-defined
 population in each of the 3 clusters

Given    Inferred Clusters       Number of
 Pop       1      2      3      Individuals

  1:     0.328  0.329  0.342      358
  2:     0.336  0.330  0.334      1039
  3:     0.333  0.332  0.335      603
--------------------------------------------

  Rep#:   Lambda   Alpha      F1    F2    F3     D1,2  D1,3  D2,3    Ln Like  Est Ln P(D)
574000:    1.00    8.543    0.138 0.000 0.098    0.066 0.135 0.041   -125345    0 
574100:    1.00    8.758    0.138 0.000 0.112    0.054 0.114 0.046   -125351    0 
574200:    1.00    8.324    0.158 0.000 0.093    0.046 0.097 0.034   -125352    0 
574300:    1.00    8.155    0.105 0.000 0.104    0.047 0.095 0.039   -125359    0 
574400:    1.00    7.910    0.140 0.000 0.134    0.045 0.100 0.038   -125304    0 
574500:    1.00    7.958    0.176 0.000 0.105    0.054 0.116 0.043   -125299    0 
574600:    1.00    8.051    0.171 0.000 0.097    0.052 0.092 0.040   -125304    0 
574700:    1.00    7.817    0.120 0.000 0.120    0.051 0.107 0.042   -125279    0 
574800:    1.00    7.511    0.157 0.000 0.084    0.054 0.094 0.036   -125318    0 
574900:    1.00    7.871    0.123 0.000 0.095    0.048 0.086 0.037   -125345    0 

--------------------------------------------
Proportion of membership of each pre-defined
 population in each of the 3 clusters

Given    Inferred Clusters       Number of
 Pop       1      2      3      Individuals

  1:     0.330  0.332  0.338      358
  2:     0.339  0.330  0.331      1039
  3:     0.338  0.335  0.327      603
--------------------------------------------

  Rep#:   Lambda   Alpha      F1    F2    F3     D1,2  D1,3  D2,3    Ln Like  Est Ln P(D)
575000:    1.00    7.981    0.110 0.000 0.082    0.042 0.107 0.049   -125327    0 
575100:    1.00    7.893    0.112 0.000 0.139    0.038 0.094 0.048   -125318    0 
575200:    1.00    7.931    0.123 0.000 0.141    0.040 0.102 0.053   -125263    0 
575300:    1.00    8.188    0.137 0.000 0.166    0.048 0.117 0.058   -125247    0 
575400:    1.00    7.929    0.117 0.000 0.124    0.042 0.092 0.053   -125322    0 
575500:    1.00    7.833    0.146 0.000 0.153    0.045 0.099 0.048   -125319    0 
575600:    1.00    7.675    0.132 0.000 0.131    0.047 0.099 0.041   -125282    0 
575700:    1.00    8.037    0.095 0.000 0.142    0.037 0.089 0.053   -125348    0 
575800:    1.00    8.617    0.103 0.000 0.139    0.037 0.103 0.061   -125311    0 
575900:    1.00    8.868    0.141 0.000 0.128    0.045 0.121 0.057   -125265    0 

--------------------------------------------
Proportion of membership of each pre-defined
 population in each of the 3 clusters

Given    Inferred Clusters       Number of
 Pop       1      2      3      Individuals

  1:     0.329  0.330  0.341      358
  2:     0.333  0.335  0.332      1039
  3:     0.335  0.329  0.336      603
--------------------------------------------

  Rep#:   Lambda   Alpha      F1    F2    F3     D1,2  D1,3  D2,3    Ln Like  Est Ln P(D)
576000:    1.00    9.054    0.138 0.000 0.127    0.042 0.097 0.049   -125352    0 
576100:    1.00    9.082    0.123 0.000 0.108    0.043 0.087 0.039   -125376    0 
576200:    1.00    8.900    0.115 0.000 0.101    0.045 0.099 0.045   -125373    0 
576300:    1.00    8.790    0.120 0.000 0.134    0.035 0.084 0.045   -125374    0 
576400:    1.00    8.890    0.093 0.000 0.148    0.042 0.099 0.060   -125343    0 
576500:    1.00    8.371    0.117 0.000 0.141    0.045 0.104 0.052   -125312    0 
576600:    1.00    8.460    0.133 0.000 0.167    0.055 0.111 0.056   -125276    0 
576700:    1.00    8.021    0.126 0.000 0.145    0.047 0.113 0.057   -125295    0 
576800:    1.00    7.700    0.076 0.000 0.138    0.036 0.085 0.053   -125319    0 
576900:    1.00    7.795    0.079 0.000 0.157    0.031 0.086 0.054   -125294    0 

--------------------------------------------
Proportion of membership of each pre-defined
 population in each of the 3 clusters

Given    Inferred Clusters       Number of
 Pop       1      2      3      Individuals

  1:     0.324  0.341  0.335      358
  2:     0.333  0.336  0.331      1039
  3:     0.338  0.326  0.336      603
--------------------------------------------

  Rep#:   Lambda   Alpha      F1    F2    F3     D1,2  D1,3  D2,3    Ln Like  Est Ln P(D)
577000:    1.00    8.018    0.113 0.000 0.154    0.043 0.093 0.053   -125293    0 
577100:    1.00    7.842    0.168 0.000 0.146    0.057 0.113 0.053   -125293    0 
577200:    1.00    7.965    0.121 0.000 0.125    0.045 0.102 0.051   -125308    0 
577300:    1.00    7.764    0.095 0.000 0.136    0.044 0.092 0.047   -125341    0 
577400:    1.00    8.032    0.123 0.000 0.161    0.049 0.094 0.047   -125339    0 
577500:    1.00    8.096    0.127 0.000 0.130    0.046 0.091 0.050   -125375    0 
577600:    1.00    8.573    0.143 0.000 0.185    0.055 0.119 0.052   -125331    0 
577700:    1.00    8.391    0.156 0.000 0.130    0.061 0.127 0.050   -125279    0 
577800:    1.00    8.483    0.195 0.000 0.136    0.069 0.136 0.047   -125350    0 
577900:    1.00    8.663    0.156 0.000 0.094    0.064 0.119 0.040   -125356    0 

--------------------------------------------
Proportion of membership of each pre-defined
 population in each of the 3 clusters

Given    Inferred Clusters       Number of
 Pop       1      2      3      Individuals

  1:     0.333  0.333  0.333      358
  2:     0.336  0.329  0.335      1039
  3:     0.327  0.337  0.336      603
--------------------------------------------

  Rep#:   Lambda   Alpha      F1    F2    F3     D1,2  D1,3  D2,3    Ln Like  Est Ln P(D)
578000:    1.00    8.665    0.143 0.000 0.111    0.061 0.106 0.040   -125366    0 
578100:    1.00    8.700    0.150 0.000 0.125    0.057 0.117 0.055   -125349    0 
578200:    1.00    8.851    0.155 0.000 0.106    0.049 0.105 0.051   -125347    0 
578300:    1.00    8.527    0.119 0.000 0.119    0.052 0.098 0.052   -125350    0 
578400:    1.00    8.997    0.135 0.000 0.155    0.050 0.093 0.063   -125295    0 
578500:    1.00    9.123    0.130 0.000 0.144    0.052 0.113 0.064   -125341    0 
578600:    1.00    9.045    0.114 0.000 0.156    0.050 0.123 0.073   -125260    0 
578700:    1.00    8.711    0.184 0.000 0.148    0.056 0.119 0.072   -125301    0 
578800:    1.00    8.619    0.143 0.000 0.161    0.053 0.119 0.065   -125259    0 
578900:    1.00    8.496    0.122 0.000 0.205    0.045 0.114 0.070   -125291    0 

--------------------------------------------
Proportion of membership of each pre-defined
 population in each of the 3 clusters

Given    Inferred Clusters       Number of
 Pop       1      2      3      Individuals

  1:     0.323  0.332  0.345      358
  2:     0.334  0.327  0.338      1039
  3:     0.334  0.339  0.327      603
--------------------------------------------

  Rep#:   Lambda   Alpha      F1    F2    F3     D1,2  D1,3  D2,3    Ln Like  Est Ln P(D)
579000:    1.00    8.696    0.141 0.000 0.130    0.050 0.122 0.062   -125273    0 
579100:    1.00    8.417    0.123 0.000 0.131    0.048 0.117 0.062   -125332    0 
579200:    1.00    8.355    0.115 0.000 0.109    0.044 0.091 0.057   -125373    0 
579300:    1.00    9.000    0.127 0.001 0.136    0.040 0.101 0.052   -125343    0 
579400:    1.00    8.626    0.085 0.001 0.177    0.030 0.092 0.056   -125369    0 
579500:    1.00    8.467    0.122 0.001 0.139    0.035 0.105 0.058   -125319    0 
579600:    1.00    8.721    0.107 0.001 0.146    0.038 0.114 0.056   -125304    0 
579700:    1.00    8.709    0.111 0.001 0.126    0.044 0.083 0.036   -125390    0 
579800:    1.00    8.900    0.137 0.001 0.124    0.045 0.073 0.037   -125370    0 
579900:    1.00    9.033    0.142 0.001 0.122    0.054 0.108 0.044   -125343    0 

--------------------------------------------
Proportion of membership of each pre-defined
 population in each of the 3 clusters

Given    Inferred Clusters       Number of
 Pop       1      2      3      Individuals

  1:     0.342  0.328  0.330      358
  2:     0.334  0.333  0.333      1039
  3:     0.333  0.332  0.334      603
--------------------------------------------

  Rep#:   Lambda   Alpha      F1    F2    F3     D1,2  D1,3  D2,3    Ln Like  Est Ln P(D)
580000:    1.00    9.034    0.125 0.001 0.141    0.043 0.097 0.056   -125420    0 
580100:    1.00    9.375    0.117 0.001 0.105    0.042 0.099 0.062   -125364    0 
580200:    1.00    9.326    0.105 0.001 0.114    0.041 0.096 0.052   -125444    0 
580300:    1.00    9.343    0.103 0.001 0.106    0.041 0.090 0.045   -125362    0 
580400:    1.00    8.998    0.102 0.001 0.084    0.037 0.080 0.048   -125418    0 
580500:    1.00    8.883    0.139 0.001 0.112    0.045 0.093 0.040   -125420    0 
580600:    1.00    8.965    0.131 0.001 0.085    0.048 0.086 0.044   -125416    0 
580700:    1.00    8.960    0.115 0.001 0.108    0.046 0.093 0.056   -125363    0 
580800:    1.00    8.583    0.124 0.001 0.123    0.053 0.095 0.052   -125384    0 
580900:    1.00    8.193    0.123 0.001 0.120    0.044 0.085 0.049   -125341    0 

--------------------------------------------
Proportion of membership of each pre-defined
 population in each of the 3 clusters

Given    Inferred Clusters       Number of
 Pop       1      2      3      Individuals

  1:     0.331  0.322  0.346      358
  2:     0.333  0.335  0.332      1039
  3:     0.329  0.333  0.338      603
--------------------------------------------

  Rep#:   Lambda   Alpha      F1    F2    F3     D1,2  D1,3  D2,3    Ln Like  Est Ln P(D)
581000:    1.00    7.659    0.109 0.001 0.130    0.044 0.090 0.048   -125345    0 
581100:    1.00    7.915    0.134 0.001 0.127    0.055 0.112 0.042   -125299    0 
581200:    1.00    8.084    0.138 0.001 0.102    0.047 0.107 0.049   -125268    0 
581300:    1.00    7.987    0.132 0.001 0.122    0.056 0.140 0.057   -125290    0 
581400:    1.00    7.542    0.148 0.001 0.118    0.064 0.132 0.045   -125244    0 
581500:    1.00    7.774    0.134 0.001 0.093    0.046 0.110 0.049   -125262    0 
581600:    1.00    7.803    0.138 0.001 0.071    0.053 0.103 0.036   -125306    0 
581700:    1.00    7.937    0.130 0.001 0.074    0.050 0.093 0.032   -125365    0 
581800:    1.00    8.157    0.138 0.001 0.084    0.061 0.109 0.040   -125310    0 
581900:    1.00    7.823    0.131 0.001 0.091    0.050 0.118 0.049   -125256    0 

--------------------------------------------
Proportion of membership of each pre-defined
 population in each of the 3 clusters

Given    Inferred Clusters       Number of
 Pop       1      2      3      Individuals

  1:     0.326  0.338  0.336      358
  2:     0.334  0.335  0.331      1039
  3:     0.327  0.343  0.331      603
--------------------------------------------

  Rep#:   Lambda   Alpha      F1    F2    F3     D1,2  D1,3  D2,3    Ln Like  Est Ln P(D)
582000:    1.00    8.158    0.122 0.001 0.105    0.043 0.097 0.049   -125303    0 
582100:    1.00    8.116    0.142 0.001 0.107    0.044 0.096 0.043   -125284    0 
582200:    1.00    8.615    0.152 0.001 0.093    0.049 0.104 0.044   -125323    0 
582300:    1.00    8.687    0.142 0.001 0.108    0.057 0.125 0.045   -125327    0 
582400:    1.00    8.492    0.129 0.001 0.094    0.057 0.120 0.044   -125326    0 
582500:    1.00    8.487    0.112 0.001 0.120    0.055 0.115 0.049   -125361    0 
582600:    1.00    8.545    0.104 0.001 0.108    0.038 0.084 0.046   -125430    0 
582700:    1.00    8.557    0.126 0.000 0.123    0.046 0.110 0.054   -125365    0 
582800:    1.00    8.637    0.100 0.000 0.092    0.038 0.078 0.042   -125337    0 
582900:    1.00    8.393    0.152 0.000 0.128    0.051 0.099 0.043   -125312    0 

--------------------------------------------
Proportion of membership of each pre-defined
 population in each of the 3 clusters

Given    Inferred Clusters       Number of
 Pop       1      2      3      Individuals

  1:     0.332  0.333  0.335      358
  2:     0.334  0.327  0.338      1039
  3:     0.338  0.337  0.325      603
--------------------------------------------

  Rep#:   Lambda   Alpha      F1    F2    F3     D1,2  D1,3  D2,3    Ln Like  Est Ln P(D)
583000:    1.00    8.340    0.110 0.000 0.078    0.045 0.095 0.042   -125323    0 
583100:    1.00    8.428    0.134 0.000 0.100    0.056 0.116 0.040   -125325    0 
583200:    1.00    8.420    0.119 0.000 0.125    0.052 0.112 0.038   -125285    0 
583300:    1.00    8.464    0.171 0.000 0.115    0.063 0.108 0.037   -125337    0 
583400:    1.00    8.700    0.141 0.000 0.109    0.071 0.117 0.037   -125293    0 
583500:    1.00    8.927    0.198 0.000 0.108    0.068 0.113 0.042   -125328    0 
583600:    1.00    8.725    0.213 0.000 0.113    0.059 0.124 0.052   -125268    0 
583700:    1.00    8.672    0.172 0.000 0.128    0.066 0.115 0.049   -125277    0 
583800:    1.00    8.948    0.122 0.000 0.098    0.049 0.090 0.047   -125364    0 
583900:    1.00    9.084    0.140 0.000 0.123    0.057 0.121 0.059   -125329    0 

--------------------------------------------
Proportion of membership of each pre-defined
 population in each of the 3 clusters

Given    Inferred Clusters       Number of
 Pop       1      2      3      Individuals

  1:     0.338  0.333  0.330      358
  2:     0.328  0.333  0.339      1039
  3:     0.335  0.339  0.327      603
--------------------------------------------

  Rep#:   Lambda   Alpha      F1    F2    F3     D1,2  D1,3  D2,3    Ln Like  Est Ln P(D)
584000:    1.00    8.967    0.157 0.000 0.145    0.057 0.112 0.051   -125324    0 
584100:    1.00    9.170    0.165 0.000 0.136    0.069 0.125 0.054   -125292    0 
584200:    1.00    9.400    0.186 0.000 0.113    0.078 0.138 0.054   -125303    0 
584300:    1.00    9.840    0.237 0.000 0.133    0.068 0.129 0.058   -125316    0 
584400:    1.00    9.833    0.186 0.000 0.142    0.073 0.131 0.049   -125332    0 
584500:    1.00    9.749    0.192 0.000 0.154    0.078 0.150 0.056   -125283    0 
584600:    1.00    9.659    0.139 0.000 0.200    0.057 0.130 0.060   -125263    0 
584700:    1.00    9.737    0.153 0.000 0.183    0.062 0.125 0.045   -125365    0 
584800:    1.00    9.765    0.176 0.000 0.199    0.057 0.140 0.068   -125349    0 
584900:    1.00    9.898    0.170 0.000 0.160    0.059 0.130 0.059   -125363    0 

--------------------------------------------
Proportion of membership of each pre-defined
 population in each of the 3 clusters

Given    Inferred Clusters       Number of
 Pop       1      2      3      Individuals

  1:     0.333  0.322  0.345      358
  2:     0.334  0.330  0.335      1039
  3:     0.335  0.331  0.334      603
--------------------------------------------

  Rep#:   Lambda   Alpha      F1    F2    F3     D1,2  D1,3  D2,3    Ln Like  Est Ln P(D)
585000:    1.00    9.892    0.119 0.000 0.152    0.055 0.115 0.045   -125375    0 
585100:    1.00    9.892    0.099 0.000 0.128    0.041 0.095 0.034   -125407    0 
585200:    1.00    9.662    0.147 0.000 0.097    0.054 0.105 0.034   -125408    0 
585300:    1.00    9.681    0.114 0.000 0.141    0.056 0.109 0.049   -125332    0 
585400:    1.00    9.669    0.106 0.000 0.125    0.057 0.098 0.041   -125378    0 
585500:    1.00    9.581    0.131 0.000 0.144    0.057 0.115 0.044   -125330    0 
585600:    1.00    9.299    0.142 0.000 0.113    0.049 0.105 0.049   -125383    0 
585700:    1.00    8.682    0.105 0.000 0.079    0.047 0.096 0.042   -125415    0 
585800:    1.00    8.340    0.115 0.000 0.103    0.048 0.126 0.052   -125270    0 
585900:    1.00    8.631    0.098 0.000 0.114    0.047 0.102 0.041   -125355    0 

--------------------------------------------
Proportion of membership of each pre-defined
 population in each of the 3 clusters

Given    Inferred Clusters       Number of
 Pop       1      2      3      Individuals

  1:     0.334  0.333  0.332      358
  2:     0.335  0.333  0.332      1039
  3:     0.337  0.334  0.329      603
--------------------------------------------

  Rep#:   Lambda   Alpha      F1    F2    F3     D1,2  D1,3  D2,3    Ln Like  Est Ln P(D)
586000:    1.00    8.368    0.095 0.000 0.115    0.043 0.096 0.036   -125354    0 
586100:    1.00    8.369    0.099 0.000 0.134    0.030 0.100 0.056   -125338    0 
586200:    1.00    8.220    0.083 0.000 0.138    0.029 0.076 0.048   -125404    0 
586300:    1.00    7.883    0.112 0.000 0.104    0.034 0.083 0.049   -125337    0 
586400:    1.00    7.601    0.102 0.000 0.150    0.039 0.092 0.048   -125369    0 
586500:    1.00    7.843    0.121 0.000 0.156    0.037 0.099 0.060   -125291    0 
586600:    1.00    8.241    0.111 0.000 0.147    0.047 0.095 0.052   -125329    0 
586700:    1.00    8.584    0.106 0.000 0.145    0.045 0.110 0.063   -125379    0 
586800:    1.00    8.879    0.136 0.000 0.164    0.046 0.116 0.056   -125298    0 
586900:    1.00    9.130    0.129 0.000 0.146    0.039 0.108 0.066   -125327    0 

--------------------------------------------
Proportion of membership of each pre-defined
 population in each of the 3 clusters

Given    Inferred Clusters       Number of
 Pop       1      2      3      Individuals

  1:     0.337  0.326  0.337      358
  2:     0.338  0.331  0.331      1039
  3:     0.335  0.339  0.326      603
--------------------------------------------

  Rep#:   Lambda   Alpha      F1    F2    F3     D1,2  D1,3  D2,3    Ln Like  Est Ln P(D)
587000:    1.00    8.963    0.133 0.000 0.134    0.041 0.098 0.061   -125345    0 
587100:    1.00    8.902    0.110 0.000 0.134    0.040 0.091 0.047   -125375    0 
587200:    1.00    8.845    0.105 0.000 0.113    0.036 0.083 0.044   -125365    0 
587300:    1.00    8.360    0.101 0.000 0.123    0.040 0.098 0.049   -125358    0 
587400:    1.00    8.658    0.088 0.000 0.131    0.030 0.092 0.055   -125364    0 
587500:    1.00    8.616    0.086 0.000 0.109    0.028 0.082 0.054   -125409    0 
587600:    1.00    8.365    0.122 0.000 0.107    0.037 0.095 0.059   -125440    0 
587700:    1.00    8.250    0.090 0.000 0.101    0.037 0.082 0.042   -125371    0 
587800:    1.00    8.453    0.125 0.000 0.127    0.046 0.100 0.051   -125361    0 
587900:    1.00    8.537    0.105 0.000 0.121    0.034 0.100 0.053   -125410    0 

--------------------------------------------
Proportion of membership of each pre-defined
 population in each of the 3 clusters

Given    Inferred Clusters       Number of
 Pop       1      2      3      Individuals

  1:     0.322  0.333  0.345      358
  2:     0.336  0.332  0.332      1039
  3:     0.331  0.336  0.333      603
--------------------------------------------

  Rep#:   Lambda   Alpha      F1    F2    F3     D1,2  D1,3  D2,3    Ln Like  Est Ln P(D)
588000:    1.00    8.403    0.088 0.000 0.117    0.037 0.083 0.047   -125388    0 
588100:    1.00    8.332    0.101 0.000 0.131    0.032 0.090 0.052   -125398    0 
588200:    1.00    8.143    0.105 0.000 0.143    0.041 0.104 0.049   -125278    0 
588300:    1.00    8.283    0.133 0.000 0.128    0.041 0.090 0.049   -125304    0 
588400:    1.00    8.407    0.124 0.000 0.120    0.042 0.101 0.048   -125362    0 
588500:    1.00    8.774    0.088 0.000 0.122    0.034 0.097 0.052   -125396    0 
588600:    1.00    9.262    0.095 0.000 0.139    0.040 0.095 0.046   -125411    0 
588700:    1.00    8.791    0.095 0.000 0.151    0.028 0.100 0.062   -125295    0 
588800:    1.00    9.234    0.120 0.000 0.176    0.039 0.125 0.067   -125311    0 
588900:    1.00    9.265    0.112 0.000 0.177    0.045 0.118 0.054   -125348    0 

--------------------------------------------
Proportion of membership of each pre-defined
 population in each of the 3 clusters

Given    Inferred Clusters       Number of
 Pop       1      2      3      Individuals

  1:     0.329  0.333  0.338      358
  2:     0.331  0.332  0.337      1039
  3:     0.328  0.341  0.332      603
--------------------------------------------

  Rep#:   Lambda   Alpha      F1    F2    F3     D1,2  D1,3  D2,3    Ln Like  Est Ln P(D)
589000:    1.00    9.027    0.113 0.000 0.145    0.044 0.112 0.053   -125364    0 
589100:    1.00    8.944    0.132 0.000 0.129    0.046 0.103 0.060   -125378    0 
589200:    1.00    9.030    0.106 0.000 0.154    0.053 0.125 0.073   -125278    0 
589300:    1.00    8.970    0.105 0.000 0.124    0.052 0.106 0.051   -125293    0 
589400:    1.00    8.606    0.155 0.000 0.106    0.057 0.102 0.048   -125374    0 
589500:    1.00    8.800    0.155 0.000 0.110    0.051 0.108 0.048   -125331    0 
589600:    1.00    8.773    0.138 0.000 0.156    0.045 0.108 0.052   -125348    0 
589700:    1.00    8.704    0.139 0.000 0.133    0.053 0.117 0.057   -125309    0 
589800:    1.00    8.796    0.166 0.000 0.119    0.060 0.103 0.042   -125303    0 
589900:    1.00    8.881    0.159 0.000 0.098    0.058 0.096 0.045   -125354    0 

--------------------------------------------
Proportion of membership of each pre-defined
 population in each of the 3 clusters

Given    Inferred Clusters       Number of
 Pop       1      2      3      Individuals

  1:     0.333  0.338  0.329      358
  2:     0.335  0.332  0.333      1039
  3:     0.331  0.334  0.334      603
--------------------------------------------

  Rep#:   Lambda   Alpha      F1    F2    F3     D1,2  D1,3  D2,3    Ln Like  Est Ln P(D)
590000:    1.00    9.083    0.127 0.000 0.117    0.056 0.106 0.047   -125336    0 
590100:    1.00    8.931    0.152 0.000 0.132    0.062 0.123 0.049   -125337    0 
590200:    1.00    8.696    0.117 0.000 0.157    0.061 0.109 0.056   -125259    0 
590300:    1.00    8.802    0.114 0.000 0.138    0.060 0.107 0.056   -125315    0 
590400:    1.00    9.199    0.161 0.000 0.145    0.071 0.119 0.060   -125335    0 
590500:    1.00    9.114    0.162 0.000 0.129    0.063 0.100 0.052   -125330    0 
590600:    1.00    8.992    0.171 0.000 0.138    0.055 0.106 0.057   -125345    0 
590700:    1.00    8.946    0.145 0.000 0.126    0.055 0.107 0.055   -125348    0 
590800:    1.00    9.234    0.118 0.000 0.140    0.049 0.119 0.063   -125348    0 
590900:    1.00    9.092    0.178 0.000 0.141    0.058 0.115 0.061   -125304    0 

--------------------------------------------
Proportion of membership of each pre-defined
 population in each of the 3 clusters

Given    Inferred Clusters       Number of
 Pop       1      2      3      Individuals

  1:     0.338  0.328  0.333      358
  2:     0.333  0.332  0.335      1039
  3:     0.332  0.338  0.330      603
--------------------------------------------

  Rep#:   Lambda   Alpha      F1    F2    F3     D1,2  D1,3  D2,3    Ln Like  Est Ln P(D)
591000:    1.00    9.330    0.131 0.000 0.134    0.054 0.122 0.070   -125297    0 
591100:    1.00    9.272    0.121 0.000 0.127    0.042 0.095 0.062   -125348    0 
591200:    1.00    9.374    0.141 0.000 0.122    0.050 0.104 0.056   -125310    0 
591300:    1.00    9.325    0.164 0.000 0.126    0.070 0.131 0.058   -125306    0 
591400:    1.00    9.142    0.143 0.000 0.130    0.048 0.116 0.060   -125346    0 
591500:    1.00    9.849    0.126 0.000 0.111    0.054 0.105 0.058   -125355    0 
591600:    1.00    9.602    0.178 0.000 0.134    0.064 0.134 0.061   -125317    0 
591700:    1.00    9.114    0.183 0.000 0.149    0.072 0.130 0.067   -125238    0 
591800:    1.00    9.045    0.188 0.000 0.154    0.061 0.108 0.054   -125335    0 
591900:    1.00    9.044    0.144 0.000 0.136    0.059 0.111 0.055   -125294    0 

--------------------------------------------
Proportion of membership of each pre-defined
 population in each of the 3 clusters

Given    Inferred Clusters       Number of
 Pop       1      2      3      Individuals

  1:     0.336  0.326  0.338      358
  2:     0.329  0.330  0.341      1039
  3:     0.336  0.331  0.333      603
--------------------------------------------

  Rep#:   Lambda   Alpha      F1    F2    F3     D1,2  D1,3  D2,3    Ln Like  Est Ln P(D)
592000:    1.00    9.044    0.137 0.000 0.130    0.063 0.117 0.056   -125289    0 
592100:    1.00    9.217    0.145 0.000 0.108    0.061 0.112 0.062   -125263    0 
592200:    1.00    9.175    0.155 0.000 0.143    0.061 0.118 0.062   -125286    0 
592300:    1.00    8.834    0.154 0.000 0.127    0.059 0.120 0.051   -125250    0 
592400:    1.00    8.554    0.203 0.000 0.122    0.071 0.149 0.056   -125259    0 
592500:    1.00    8.331    0.182 0.000 0.091    0.069 0.119 0.038   -125287    0 
592600:    1.00    8.414    0.193 0.000 0.115    0.073 0.129 0.043   -125378    0 
592700:    1.00    8.172    0.154 0.000 0.118    0.062 0.120 0.052   -125266    0 
592800:    1.00    8.082    0.152 0.000 0.111    0.054 0.104 0.053   -125278    0 
592900:    1.00    8.595    0.168 0.000 0.193    0.058 0.109 0.060   -125249    0 

--------------------------------------------
Proportion of membership of each pre-defined
 population in each of the 3 clusters

Given    Inferred Clusters       Number of
 Pop       1      2      3      Individuals

  1:     0.330  0.335  0.335      358
  2:     0.331  0.334  0.335      1039
  3:     0.327  0.338  0.335      603
--------------------------------------------

  Rep#:   Lambda   Alpha      F1    F2    F3     D1,2  D1,3  D2,3    Ln Like  Est Ln P(D)
593000:    1.00    8.737    0.146 0.000 0.171    0.047 0.111 0.058   -125300    0 
593100:    1.00    9.047    0.121 0.000 0.177    0.049 0.120 0.068   -125286    0 
593200:    1.00    8.884    0.150 0.000 0.136    0.058 0.103 0.049   -125323    0 
593300:    1.00    9.159    0.161 0.000 0.129    0.059 0.118 0.048   -125320    0 
593400:    1.00    9.580    0.146 0.000 0.136    0.046 0.098 0.059   -125368    0 
593500:    1.00    9.994    0.115 0.000 0.141    0.040 0.095 0.049   -125414    0 
593600:    1.00    9.752    0.119 0.000 0.142    0.049 0.108 0.051   -125382    0 
593700:    1.00    9.958    0.141 0.000 0.148    0.061 0.117 0.050   -125354    0 
593800:    1.00    9.830    0.140 0.000 0.138    0.063 0.120 0.051   -125331    0 
593900:    1.00    9.793    0.139 0.000 0.121    0.054 0.114 0.050   -125384    0 

--------------------------------------------
Proportion of membership of each pre-defined
 population in each of the 3 clusters

Given    Inferred Clusters       Number of
 Pop       1      2      3      Individuals

  1:     0.332  0.333  0.335      358
  2:     0.335  0.333  0.332      1039
  3:     0.326  0.340  0.334      603
--------------------------------------------

  Rep#:   Lambda   Alpha      F1    F2    F3     D1,2  D1,3  D2,3    Ln Like  Est Ln P(D)
594000:    1.00    9.888    0.161 0.000 0.163    0.063 0.144 0.059   -125351    0 
594100:    1.00    9.962    0.104 0.000 0.131    0.040 0.123 0.060   -125429    0 
594200:    1.00    9.944    0.087 0.000 0.146    0.035 0.084 0.051   -125466    0 
594300:    1.00    9.929    0.102 0.000 0.113    0.042 0.090 0.043   -125396    0 
594400:    1.00    9.937    0.179 0.000 0.117    0.055 0.112 0.038   -125337    0 
594500:    1.00    9.802    0.123 0.000 0.164    0.054 0.107 0.044   -125392    0 
594600:    1.00    9.665    0.132 0.000 0.106    0.053 0.127 0.050   -125388    0 
594700:    1.00    9.824    0.129 0.000 0.127    0.047 0.106 0.050   -125343    0 
594800:    1.00    9.804    0.130 0.000 0.108    0.049 0.106 0.048   -125375    0 
594900:    1.00    9.920    0.141 0.000 0.137    0.048 0.093 0.055   -125408    0 

--------------------------------------------
Proportion of membership of each pre-defined
 population in each of the 3 clusters

Given    Inferred Clusters       Number of
 Pop       1      2      3      Individuals

  1:     0.331  0.336  0.332      358
  2:     0.332  0.335  0.333      1039
  3:     0.333  0.334  0.333      603
--------------------------------------------

  Rep#:   Lambda   Alpha      F1    F2    F3     D1,2  D1,3  D2,3    Ln Like  Est Ln P(D)
595000:    1.00    9.908    0.149 0.000 0.108    0.054 0.092 0.050   -125444    0 
595100:    1.00    9.691    0.133 0.000 0.111    0.050 0.101 0.052   -125397    0 
595200:    1.00    9.460    0.107 0.000 0.150    0.037 0.102 0.056   -125413    0 
595300:    1.00    9.561    0.105 0.000 0.133    0.034 0.085 0.060   -125426    0 
595400:    1.00    9.826    0.099 0.000 0.124    0.035 0.077 0.050   -125479    0 
595500:    1.00    9.527    0.127 0.000 0.099    0.037 0.083 0.050   -125469    0 
595600:    1.00    9.342    0.099 0.000 0.088    0.039 0.081 0.042   -125450    0 
595700:    1.00    9.316    0.137 0.000 0.089    0.053 0.096 0.037   -125409    0 
595800:    1.00    9.566    0.165 0.000 0.096    0.059 0.098 0.046   -125351    0 
595900:    1.00    9.600    0.139 0.000 0.124    0.059 0.111 0.049   -125349    0 

--------------------------------------------
Proportion of membership of each pre-defined
 population in each of the 3 clusters

Given    Inferred Clusters       Number of
 Pop       1      2      3      Individuals

  1:     0.335  0.331  0.334      358
  2:     0.332  0.333  0.335      1039
  3:     0.334  0.328  0.339      603
--------------------------------------------

  Rep#:   Lambda   Alpha      F1    F2    F3     D1,2  D1,3  D2,3    Ln Like  Est Ln P(D)
596000:    1.00    9.640    0.151 0.000 0.136    0.065 0.126 0.057   -125296    0 
596100:    1.00    9.582    0.180 0.000 0.107    0.059 0.115 0.051   -125346    0 
596200:    1.00    9.352    0.140 0.000 0.108    0.061 0.115 0.052   -125334    0 
596300:    1.00    9.551    0.165 0.000 0.128    0.070 0.124 0.043   -125354    0 
596400:    1.00    9.452    0.193 0.000 0.142    0.076 0.140 0.058   -125269    0 
596500:    1.00    9.407    0.203 0.000 0.124    0.077 0.153 0.063   -125252    0 
596600:    1.00    9.315    0.239 0.000 0.120    0.078 0.121 0.046   -125274    0 
596700:    1.00    9.594    0.159 0.000 0.104    0.075 0.116 0.049   -125328    0 
596800:    1.00    9.197    0.164 0.000 0.111    0.076 0.132 0.042   -125319    0 
596900:    1.00    9.725    0.157 0.000 0.117    0.074 0.136 0.050   -125351    0 

--------------------------------------------
Proportion of membership of each pre-defined
 population in each of the 3 clusters

Given    Inferred Clusters       Number of
 Pop       1      2      3      Individuals

  1:     0.338  0.330  0.333      358
  2:     0.334  0.332  0.335      1039
  3:     0.332  0.331  0.336      603
--------------------------------------------

  Rep#:   Lambda   Alpha      F1    F2    F3     D1,2  D1,3  D2,3    Ln Like  Est Ln P(D)
597000:    1.00    9.620    0.155 0.000 0.107    0.061 0.121 0.057   -125348    0 
597100:    1.00    9.705    0.110 0.000 0.125    0.053 0.117 0.058   -125306    0 
597200:    1.00    9.603    0.116 0.000 0.136    0.057 0.099 0.055   -125336    0 
597300:    1.00    9.500    0.152 0.000 0.115    0.050 0.107 0.059   -125270    0 
597400:    1.00    9.233    0.108 0.000 0.143    0.044 0.110 0.051   -125315    0 
597500:    1.00    9.208    0.127 0.000 0.146    0.050 0.111 0.048   -125341    0 
597600:    1.00    8.957    0.127 0.000 0.192    0.055 0.122 0.062   -125276    0 
597700:    1.00    9.134    0.131 0.000 0.161    0.050 0.135 0.074   -125251    0 
597800:    1.00    9.318    0.093 0.000 0.167    0.044 0.128 0.076   -125327    0 
597900:    1.00    9.585    0.107 0.000 0.190    0.040 0.129 0.075   -125340    0 

--------------------------------------------
Proportion of membership of each pre-defined
 population in each of the 3 clusters

Given    Inferred Clusters       Number of
 Pop       1      2      3      Individuals

  1:     0.332  0.336  0.332      358
  2:     0.336  0.332  0.332      1039
  3:     0.339  0.336  0.325      603
--------------------------------------------

  Rep#:   Lambda   Alpha      F1    F2    F3     D1,2  D1,3  D2,3    Ln Like  Est Ln P(D)
598000:    1.00    9.849    0.106 0.000 0.185    0.047 0.140 0.074   -125327    0 
598100:    1.00    9.809    0.086 0.000 0.130    0.035 0.116 0.067   -125397    0 
598200:    1.00    9.613    0.079 0.000 0.137    0.032 0.117 0.069   -125387    0 
598300:    1.00    9.318    0.090 0.000 0.174    0.041 0.132 0.070   -125337    0 
598400:    1.00    9.478    0.094 0.000 0.163    0.044 0.128 0.070   -125306    0 
598500:    1.00    9.756    0.100 0.000 0.173    0.040 0.133 0.078   -125348    0 
598600:    1.00    9.952    0.122 0.000 0.219    0.041 0.162 0.087   -125361    0 
598700:    1.00    9.852    0.123 0.000 0.183    0.042 0.140 0.087   -125356    0 
598800:    1.00    9.900    0.123 0.000 0.181    0.042 0.148 0.090   -125272    0 
598900:    1.00    9.814    0.139 0.000 0.176    0.051 0.142 0.073   -125283    0 

--------------------------------------------
Proportion of membership of each pre-defined
 population in each of the 3 clusters

Given    Inferred Clusters       Number of
 Pop       1      2      3      Individuals

  1:     0.336  0.333  0.332      358
  2:     0.335  0.328  0.336      1039
  3:     0.333  0.335  0.332      603
--------------------------------------------

  Rep#:   Lambda   Alpha      F1    F2    F3     D1,2  D1,3  D2,3    Ln Like  Est Ln P(D)
599000:    1.00    9.931    0.114 0.000 0.157    0.050 0.127 0.068   -125305    0 
599100:    1.00    9.777    0.128 0.000 0.176    0.053 0.132 0.063   -125337    0 
599200:    1.00    9.905    0.124 0.000 0.167    0.059 0.143 0.061   -125322    0 
599300:    1.00    9.962    0.117 0.000 0.215    0.048 0.136 0.065   -125363    0 
599400:    1.00    9.774    0.148 0.000 0.188    0.047 0.122 0.070   -125378    0 
599500:    1.00    9.850    0.130 0.000 0.181    0.046 0.117 0.070   -125351    0 
599600:    1.00    9.640    0.140 0.000 0.191    0.048 0.117 0.065   -125329    0 
599700:    1.00    9.474    0.135 0.000 0.182    0.050 0.130 0.067   -125315    0 
599800:    1.00    9.538    0.183 0.000 0.207    0.047 0.129 0.065   -125291    0 
599900:    1.00    9.606    0.151 0.000 0.191    0.049 0.136 0.072   -125235    0 
600000:    1.00    9.801    0.132 0.000 0.172    0.049 0.122 0.064   -125319    0 

MCMC completed

Inferred ancestry of individuals:
        Label (%Miss) Pop:  Inferred clusters
  1 CP00019943    (0)    2 :  0.334 0.348 0.318 
  2 CP00019945    (0)    2 :  0.312 0.352 0.335 
  3 CP00019948    (0)    2 :  0.343 0.320 0.338 
  4 CP00019939    (0)    2 :  0.318 0.351 0.331 
  5 CP00019944    (0)    2 :  0.321 0.350 0.330 
  6 CP00019712    (0)    2 :  0.329 0.329 0.343 
  7 CP00019695    (0)    2 :  0.343 0.305 0.352 
  8 CP00019928    (0)    2 :  0.356 0.301 0.343 
  9 CP00019983    (0)    2 :  0.324 0.334 0.342 
 10 CP00019707    (0)    2 :  0.320 0.349 0.331 
 11 CP00020015    (0)    2 :  0.339 0.332 0.329 
 12 CP00019692    (0)    2 :  0.351 0.310 0.339 
 13 CP00019715    (0)    2 :  0.336 0.328 0.336 
 14 CP00019713    (0)    2 :  0.348 0.307 0.345 
 15 CP00019708    (0)    2 :  0.333 0.323 0.345 
 16 CP00019699    (0)    2 :  0.329 0.317 0.354 
 17 CP00019681    (0)    2 :  0.338 0.325 0.337 
 18 CP00019680    (0)    2 :  0.322 0.346 0.332 
 19 CP00019679    (0)    2 :  0.319 0.347 0.334 
 20 CP00019927    (0)    2 :  0.330 0.339 0.331 
 21 CP00019690    (0)    2 :  0.326 0.339 0.334 
 22 CP00019687    (0)    2 :  0.325 0.349 0.326 
 23 CP00019701    (0)    2 :  0.335 0.340 0.325 
 24 CP00019709    (0)    2 :  0.317 0.369 0.315 
 25 CP00019717    (0)    2 :  0.345 0.308 0.346 
 26 CP00019718    (0)    2 :  0.356 0.306 0.338 
 27 CP00020007    (0)    2 :  0.352 0.314 0.334 
 28 CP00019934    (0)    2 :  0.346 0.312 0.343 
 29 CP00019979    (0)    2 :  0.351 0.311 0.338 
 30 CP00019935    (0)    2 :  0.366 0.298 0.335 
 31 CP00020005    (0)    2 :  0.347 0.311 0.342 
 32 CP00019988    (0)    2 :  0.318 0.362 0.320 
 33 CP00019685    (0)    2 :  0.351 0.325 0.324 
 34 CP00019706    (0)    2 :  0.316 0.340 0.344 
 35 CP00019703    (0)    2 :  0.325 0.335 0.340 
 36 CP00019704    (0)    2 :  0.334 0.332 0.334 
 37 CP00019705    (0)    2 :  0.322 0.353 0.325 
 38 CP00019710    (0)    2 :  0.339 0.339 0.323 
 39 CP00019940    (0)    2 :  0.340 0.315 0.345 
 40 CP00019985    (0)    2 :  0.319 0.368 0.313 
 41 CP00020006    (0)    2 :  0.324 0.331 0.345 
 42 CP00019981    (0)    2 :  0.326 0.325 0.349 
 43 CP00020003    (0)    2 :  0.341 0.318 0.341 
 44 CP00020004    (0)    2 :  0.341 0.318 0.341 
 45 CP00019946    (0)    2 :  0.334 0.319 0.347 
 46 CP00019941    (0)    2 :  0.363 0.296 0.341 
 47 CP00020002    (0)    2 :  0.341 0.322 0.337 
 48 CP00020323    (0)    2 :  0.301 0.364 0.334 
 49 CP00020008    (0)    2 :  0.338 0.329 0.333 
 50 CP00019716    (0)    2 :  0.347 0.321 0.332 
 51 CP00019982    (0)    2 :  0.337 0.315 0.348 
 52 CP00019942    (0)    2 :  0.346 0.306 0.348 
 53 CP00020018    (0)    2 :  0.340 0.336 0.324 
 54 CP00019933    (0)    2 :  0.331 0.358 0.311 
 55 CP00020019    (0)    2 :  0.350 0.317 0.333 
 56 CP00019688    (0)    2 :  0.360 0.304 0.336 
 57 CP00019926    (0)    2 :  0.326 0.344 0.330 
 58 CP00020001    (0)    2 :  0.329 0.352 0.319 
 59 CP00019698    (0)    2 :  0.314 0.386 0.300 
 60 CP00019672    (0)    2 :  0.329 0.331 0.339 
 61 CP00019673    (0)    2 :  0.330 0.330 0.340 
 62 CP00019691    (0)    2 :  0.314 0.375 0.311 
 63 CP00019947    (0)    2 :  0.334 0.339 0.327 
 64 CP00019676    (0)    2 :  0.337 0.306 0.357 
 65 CP00020000    (0)    2 :  0.323 0.336 0.341 
 66 CP00019674    (0)    2 :  0.345 0.319 0.336 
 67 CP00019989    (0)    2 :  0.312 0.374 0.315 
 68 CP00020017    (0)    2 :  0.313 0.356 0.332 
 69 CP00019686    (0)    2 :  0.305 0.394 0.302 
 70 CP00019980    (0)    2 :  0.330 0.346 0.324 
 71 CP00020016    (0)    2 :  0.336 0.326 0.339 
 72 CP00019978    (0)    2 :  0.356 0.296 0.348 
 73 CP00019720    (0)    2 :  0.331 0.346 0.323 
 74 CP00019693    (0)    2 :  0.328 0.346 0.326 
 75 CP00019998    (0)    2 :  0.333 0.315 0.352 
 76 CP00019694    (0)    2 :  0.337 0.333 0.330 
 77 CP00019675    (0)    2 :  0.345 0.317 0.339 
 78 CP00019671    (0)    2 :  0.331 0.346 0.322 
 79 CP00019714    (0)    2 :  0.370 0.300 0.331 
 80 CP00019937    (0)    2 :  0.338 0.327 0.335 
 81 CP00020324    (0)    2 :  0.352 0.317 0.332 
 82 CP00020020    (0)    2 :  0.309 0.375 0.316 
 83 CP00019696    (0)    2 :  0.330 0.324 0.346 
 84 CP00019689    (0)    2 :  0.340 0.333 0.327 
 85 CP00019702    (0)    2 :  0.319 0.361 0.320 
 86 CP00019993    (0)    2 :  0.330 0.324 0.346 
 87 CP00019999    (0)    2 :  0.310 0.362 0.328 
 88 CP00019700    (0)    2 :  0.326 0.346 0.327 
 89 CP00019936    (0)    2 :  0.347 0.317 0.336 
 90 CP00019984    (0)    2 :  0.321 0.326 0.353 
 91 CP00019684    (0)    2 :  0.340 0.329 0.332 
 92 CP00019719    (0)    2 :  0.348 0.324 0.328 
 93 CP00020103    (0)    2 :  0.316 0.369 0.315 
 94 CP00020105    (0)    2 :  0.343 0.326 0.331 
 95 CP00020072    (0)    2 :  0.342 0.326 0.331 
 96 CP00020086    (0)    2 :  0.325 0.331 0.344 
 97 CP00020107    (0)    2 :  0.324 0.347 0.329 
 98 CP00020106    (0)    2 :  0.329 0.320 0.352 
 99 CP00020089    (0)    2 :  0.360 0.300 0.340 
100 CP00020094    (0)    2 :  0.346 0.315 0.338 
101 CP00020037    (0)    2 :  0.332 0.345 0.324 
102 CP00020069    (0)    2 :  0.321 0.352 0.327 
103 CP00020112    (0)    2 :  0.321 0.309 0.369 
104 CP00020083    (0)    2 :  0.320 0.346 0.334 
105 CP00020099    (0)    2 :  0.334 0.339 0.327 
106 CP00020092    (0)    2 :  0.329 0.336 0.334 
107 CP00020097    (0)    2 :  0.347 0.311 0.342 
108 CP00020098    (0)    2 :  0.334 0.341 0.325 
109 CP00020102    (0)    2 :  0.365 0.304 0.331 
110 CP00020117    (0)    2 :  0.365 0.302 0.333 
111 CP00020085    (0)    2 :  0.332 0.330 0.338 
112 CP00020078    (0)    2 :  0.316 0.369 0.314 
113 CP00020111    (0)    2 :  0.343 0.313 0.344 
114 CP00020053    (0)    2 :  0.339 0.328 0.333 
115 CP00020021    (0)    2 :  0.330 0.333 0.337 
116 CP00020041    (0)    2 :  0.354 0.315 0.331 
117 CP00020047    (0)    2 :  0.341 0.306 0.353 
118 CP00020064    (0)    2 :  0.314 0.371 0.315 
119 CP00020065    (0)    2 :  0.339 0.319 0.342 
120 CP00020046    (0)    2 :  0.340 0.310 0.350 
121 CP00020025    (0)    2 :  0.321 0.350 0.329 
122 CP00020022    (0)    2 :  0.331 0.327 0.342 
123 CP00020028    (0)    2 :  0.346 0.309 0.345 
124 CP00020062    (0)    2 :  0.353 0.309 0.337 
125 CP00020023    (0)    2 :  0.339 0.306 0.355 
126 CP00020059    (0)    2 :  0.333 0.357 0.311 
127 CP00020060    (0)    2 :  0.361 0.307 0.332 
128 CP00020057    (0)    2 :  0.333 0.311 0.356 
129 CP00020119    (0)    2 :  0.353 0.328 0.319 
130 CP00020073    (0)    2 :  0.328 0.332 0.340 
131 CP00020055    (0)    2 :  0.352 0.310 0.337 
132 CP00020071    (0)    2 :  0.318 0.343 0.340 
133 CP00020087    (0)    2 :  0.325 0.344 0.330 
134 CP00020116    (0)    2 :  0.341 0.317 0.342 
135 CP00020052    (0)    2 :  0.333 0.305 0.362 
136 CP00020067    (0)    2 :  0.334 0.341 0.325 
137 CP00020070    (0)    2 :  0.341 0.315 0.344 
138 CP00020036    (0)    2 :  0.333 0.322 0.345 
139 CP00020029    (0)    2 :  0.321 0.336 0.343 
140 CP00020031    (0)    2 :  0.329 0.331 0.340 
141 CP00020108    (0)    2 :  0.338 0.306 0.356 
142 CP00020109    (0)    2 :  0.330 0.349 0.321 
143 CP00020101    (0)    2 :  0.336 0.341 0.324 
144 CP00020076    (0)    2 :  0.336 0.329 0.335 
145 CP00020104    (0)    2 :  0.346 0.317 0.337 
146 CP00020077    (0)    2 :  0.340 0.315 0.345 
147 CP00020088    (0)    2 :  0.354 0.308 0.338 
148 CP00020100    (0)    2 :  0.339 0.334 0.327 
149 CP00020096    (0)    2 :  0.367 0.298 0.335 
150 CP00020095    (0)    2 :  0.338 0.320 0.342 
151 CP00020090    (0)    2 :  0.315 0.346 0.339 
152 CP00020061    (0)    2 :  0.340 0.311 0.349 
153 CP00020093    (0)    2 :  0.316 0.335 0.349 
154 CP00020058    (0)    2 :  0.323 0.327 0.350 
155 CP00020056    (0)    2 :  0.338 0.311 0.351 
156 CP00020054    (0)    2 :  0.338 0.339 0.324 
157 CP00020034    (0)    2 :  0.335 0.315 0.351 
158 CP00020030    (0)    2 :  0.309 0.368 0.323 
159 CP00020066    (0)    2 :  0.353 0.304 0.342 
160 CP00020068    (0)    2 :  0.320 0.358 0.322 
161 CP00020032    (0)    2 :  0.322 0.352 0.325 
162 CP00020039    (0)    2 :  0.359 0.308 0.333 
163 CP00020038    (0)    2 :  0.345 0.330 0.325 
164 CP00020026    (0)    2 :  0.346 0.316 0.338 
165 CP00020048    (0)    2 :  0.331 0.341 0.328 
166 CP00020079    (0)    2 :  0.340 0.314 0.345 
167 CP00020120    (0)    2 :  0.330 0.330 0.340 
168 CP00020074    (0)    2 :  0.325 0.320 0.355 
169 CP00020115    (0)    2 :  0.363 0.295 0.342 
170 CP00020080    (0)    2 :  0.342 0.321 0.336 
171 CP00020091    (0)    2 :  0.311 0.371 0.318 
172 CP00020081    (0)    2 :  0.357 0.300 0.343 
173 CP00020082    (0)    2 :  0.313 0.350 0.337 
174 CP00019591    (0)    2 :  0.349 0.314 0.337 
175 CP00019572    (0)    2 :  0.341 0.345 0.314 
176 CP00020202    (0)    2 :  0.334 0.313 0.352 
177 CP00019610    (0)    2 :  0.311 0.371 0.317 
178 CP00019595    (0)    2 :  0.363 0.308 0.330 
179 CP00019607    (0)    2 :  0.325 0.355 0.319 
180 CP00020203    (0)    2 :  0.315 0.357 0.328 
181 CP00020187    (0)    2 :  0.325 0.345 0.330 
182 CP00020185    (0)    2 :  0.332 0.347 0.321 
183 CP00020206    (0)    2 :  0.337 0.339 0.324 
184 CP00020190    (0)    2 :  0.334 0.325 0.340 
185 CP00020209    (0)    2 :  0.351 0.323 0.325 
186 CP00020200    (0)    2 :  0.322 0.353 0.325 
187 CP00020213    (0)    2 :  0.331 0.336 0.334 
188 CP00020218    (0)    2 :  0.324 0.363 0.313 
189 CP00020186    (0)    2 :  0.333 0.338 0.329 
190 CP00019575    (0)    2 :  0.328 0.340 0.332 
191 CP00020215    (0)    2 :  0.336 0.337 0.327 
192 CP00020219    (0)    2 :  0.304 0.372 0.324 
193 CP00020180    (0)    2 :  0.347 0.307 0.346 
194 CP00019612    (0)    2 :  0.328 0.325 0.347 
195 CP00020220    (0)    2 :  0.325 0.340 0.334 
196 CP00020217    (0)    2 :  0.354 0.316 0.331 
197 CP00020216    (0)    2 :  0.344 0.324 0.332 
198 CP00020211    (0)    2 :  0.340 0.322 0.339 
199 CP00020212    (0)    2 :  0.341 0.316 0.344 
200 CP00020205    (0)    2 :  0.339 0.352 0.309 
201 CP00019614    (0)    2 :  0.342 0.331 0.327 
202 CP00020177    (0)    2 :  0.353 0.323 0.324 
203 CP00019587    (0)    2 :  0.336 0.332 0.333 
204 CP00019602    (0)    2 :  0.323 0.339 0.338 
205 CP00019605    (0)    2 :  0.326 0.344 0.329 
206 CP00019590    (0)    2 :  0.340 0.344 0.315 
207 CP00019592    (0)    2 :  0.329 0.326 0.345 
208 CP00019603    (0)    2 :  0.352 0.301 0.347 
209 CP00019597    (0)    2 :  0.305 0.367 0.328 
210 CP00019582    (0)    2 :  0.329 0.331 0.341 
211 CP00019578    (0)    2 :  0.335 0.332 0.333 
212 CP00020176    (0)    2 :  0.329 0.343 0.328 
213 CP00020173    (0)    2 :  0.330 0.333 0.338 
214 CP00019580    (0)    2 :  0.331 0.329 0.340 
215 CP00019571    (0)    2 :  0.346 0.333 0.321 
216 CP00020192    (0)    2 :  0.317 0.356 0.326 
217 CP00020208    (0)    2 :  0.344 0.309 0.347 
218 CP00020188    (0)    2 :  0.336 0.348 0.316 
219 CP00020171    (0)    2 :  0.321 0.353 0.326 
220 CP00020195    (0)    2 :  0.335 0.329 0.337 
221 CP00020196    (0)    2 :  0.325 0.335 0.341 
222 CP00020261    (0)    2 :  0.335 0.323 0.342 
223 CP00020181    (0)    2 :  0.342 0.315 0.343 
224 CP00020183    (0)    2 :  0.330 0.327 0.343 
225 CP00020199    (0)    2 :  0.345 0.313 0.343 
226 CP00020182    (0)    2 :  0.335 0.316 0.349 
227 CP00019609    (0)    2 :  0.322 0.365 0.314 
228 CP00019588    (0)    2 :  0.332 0.354 0.313 
229 CP00019598    (0)    2 :  0.354 0.308 0.338 
230 CP00019604    (0)    2 :  0.330 0.348 0.323 
231 CP00019615    (0)    2 :  0.337 0.321 0.342 
232 CP00020214    (0)    2 :  0.322 0.358 0.319 
233 CP00020184    (0)    2 :  0.349 0.302 0.349 
234 CP00020172    (0)    2 :  0.324 0.367 0.309 
235 CP00020179    (0)    2 :  0.325 0.360 0.315 
236 CP00019586    (0)    2 :  0.340 0.304 0.355 
237 CP00019583    (0)    2 :  0.344 0.310 0.345 
238 CP00019599    (0)    2 :  0.340 0.308 0.352 
239 CP00019596    (0)    2 :  0.316 0.339 0.345 
240 CP00019589    (0)    2 :  0.339 0.308 0.353 
241 CP00019606    (0)    2 :  0.354 0.316 0.329 
242 CP00020178    (0)    2 :  0.356 0.321 0.322 
243 CP00020175    (0)    2 :  0.339 0.318 0.343 
244 CP00020174    (0)    2 :  0.341 0.328 0.331 
245 CP00019584    (0)    2 :  0.338 0.335 0.328 
246 CP00019574    (0)    2 :  0.335 0.338 0.326 
247 CP00020204    (0)    2 :  0.326 0.325 0.350 
248 CP00019611    (0)    2 :  0.335 0.345 0.320 
249 CP00020201    (0)    2 :  0.329 0.323 0.348 
250 CP00020210    (0)    2 :  0.305 0.389 0.306 
251 CP00020207    (0)    2 :  0.330 0.336 0.334 
252 CP00020194    (0)    2 :  0.325 0.333 0.342 
253 CP00020191    (0)    2 :  0.342 0.316 0.341 
254 CP00020193    (0)    2 :  0.336 0.332 0.332 
255 CP00019619    (0)    2 :  0.325 0.355 0.320 
256 CP00020398    (0)    2 :  0.335 0.322 0.342 
257 CP00020377    (0)    2 :  0.317 0.329 0.354 
258 CP00020412    (0)    2 :  0.337 0.324 0.339 
259 CP00020400    (0)    2 :  0.359 0.299 0.342 
260 CP00020399    (0)    2 :  0.341 0.346 0.313 
261 CP00020379    (0)    2 :  0.340 0.326 0.333 
262 CP00020393    (0)    2 :  0.328 0.325 0.346 
263 CP00020411    (0)    2 :  0.350 0.318 0.332 
264 CP00020374    (0)    2 :  0.347 0.323 0.331 
265 CP00019876    (0)    2 :  0.334 0.337 0.328 
266 CP00019892    (0)    2 :  0.323 0.355 0.322 
267 CP00019919    (0)    2 :  0.326 0.357 0.316 
268 CP00020418    (0)    2 :  0.337 0.324 0.339 
269 CP00019893    (0)    2 :  0.343 0.304 0.353 
270 CP00019889    (0)    2 :  0.330 0.325 0.345 
271 CP00019904    (0)    2 :  0.337 0.311 0.352 
272 CP00019909    (0)    2 :  0.325 0.356 0.319 
273 CP00020392    (0)    2 :  0.348 0.310 0.342 
274 CP00020387    (0)    2 :  0.336 0.317 0.348 
275 CP00019872    (0)    2 :  0.354 0.322 0.324 
276 CP00020395    (0)    2 :  0.323 0.336 0.341 
277 CP00020378    (0)    2 :  0.314 0.364 0.322 
278 CP00020417    (0)    2 :  0.324 0.351 0.324 
279 CP00019887    (0)    2 :  0.336 0.309 0.355 
280 CP00019884    (0)    2 :  0.322 0.357 0.321 
281 CP00019907    (0)    2 :  0.309 0.370 0.322 
282 CP00019874    (0)    2 :  0.346 0.322 0.332 
283 CP00019881    (0)    2 :  0.334 0.339 0.327 
284 CP00019871    (0)    2 :  0.352 0.324 0.324 
285 CP00019878    (0)    2 :  0.339 0.315 0.345 
286 CP00019901    (0)    2 :  0.336 0.325 0.339 
287 CP00019879    (0)    2 :  0.323 0.317 0.360 
288 CP00019902    (0)    2 :  0.309 0.367 0.324 
289 CP00019913    (0)    2 :  0.341 0.317 0.342 
290 CP00019875    (0)    2 :  0.307 0.391 0.301 
291 CP00019912    (0)    2 :  0.337 0.343 0.320 
292 CP00019898    (0)    2 :  0.328 0.360 0.311 
293 CP00019910    (0)    2 :  0.336 0.314 0.350 
294 CP00020416    (0)    2 :  0.329 0.331 0.340 
295 CP00020396    (0)    2 :  0.322 0.331 0.347 
296 CP00019900    (0)    2 :  0.329 0.339 0.332 
297 CP00019899    (0)    2 :  0.327 0.331 0.342 
298 CP00019883    (0)    2 :  0.330 0.337 0.333 
299 CP00020409    (0)    2 :  0.345 0.331 0.324 
300 CP00020415    (0)    2 :  0.332 0.348 0.320 
301 CP00020419    (0)    2 :  0.317 0.349 0.334 
302 CP00019905    (0)    2 :  0.336 0.334 0.330 
303 CP00020385    (0)    2 :  0.346 0.304 0.350 
304 CP00019920    (0)    2 :  0.338 0.336 0.326 
305 CP00019890    (0)    2 :  0.349 0.318 0.333 
306 CP00019896    (0)    2 :  0.343 0.329 0.328 
307 CP00020382    (0)    2 :  0.324 0.350 0.326 
308 CP00020381    (0)    2 :  0.335 0.340 0.324 
309 CP00020384    (0)    2 :  0.322 0.341 0.337 
310 CP00020410    (0)    2 :  0.338 0.329 0.333 
311 CP00019915    (0)    2 :  0.323 0.329 0.347 
312 CP00019885    (0)    2 :  0.308 0.376 0.316 
313 CP00020371    (0)    2 :  0.325 0.374 0.301 
314 CP00020372    (0)    2 :  0.325 0.346 0.329 
315 CP00020402    (0)    2 :  0.327 0.334 0.339 
316 CP00020414    (0)    2 :  0.313 0.364 0.323 
317 CP00020386    (0)    2 :  0.328 0.323 0.350 
318 CP00020389    (0)    2 :  0.339 0.345 0.316 
319 CP00020388    (0)    2 :  0.321 0.330 0.349 
320 CP00020413    (3)    2 :  0.324 0.338 0.338 
321 CP00020376    (0)    2 :  0.343 0.318 0.339 
322 CP00020407    (0)    2 :  0.327 0.331 0.341 
323 CP00020406    (0)    2 :  0.331 0.320 0.349 
324 CP00019873    (0)    2 :  0.359 0.321 0.320 
325 CP00019888    (0)    2 :  0.323 0.359 0.318 
326 CP00019877    (0)    2 :  0.323 0.346 0.331 
327 CP00019894    (0)    2 :  0.335 0.333 0.332 
328 CP00020375    (0)    2 :  0.308 0.386 0.306 
329 CP00020404    (0)    2 :  0.342 0.335 0.323 
330 CP00020391    (0)    2 :  0.322 0.323 0.355 
331 CP00020380    (0)    2 :  0.336 0.338 0.326 
332 CP00020408    (0)    2 :  0.342 0.306 0.352 
333 CP00020397    (0)    2 :  0.332 0.332 0.336 
334 CP00019891    (0)    2 :  0.331 0.349 0.321 
335 CP00019917    (0)    2 :  0.330 0.347 0.323 
336 CP00019906    (0)    2 :  0.344 0.311 0.345 
337 CP00019916    (0)    2 :  0.336 0.330 0.334 
338 CP00019908    (0)    2 :  0.342 0.317 0.341 
339 CP00020373    (0)    2 :  0.340 0.322 0.338 
340 CP00020383    (0)    2 :  0.350 0.329 0.321 
341 CP00019882    (0)    2 :  0.324 0.341 0.335 
342 CP00019903    (0)    2 :  0.328 0.357 0.316 
343 CP00020401    (0)    2 :  0.338 0.326 0.336 
344 CP00020403    (0)    2 :  0.352 0.320 0.328 
345 CP00019886    (0)    2 :  0.338 0.335 0.327 
346 CP00020405    (0)    2 :  0.327 0.360 0.313 
347 CP00020390    (0)    2 :  0.338 0.318 0.344 
348 CP00019911    (0)    2 :  0.329 0.330 0.340 
349 CP00019897    (0)    2 :  0.332 0.346 0.322 
350 CP00020420    (0)    2 :  0.353 0.310 0.337 
351 CP00019895    (0)    2 :  0.329 0.338 0.332 
352 CP00019918    (0)    2 :  0.326 0.374 0.300 
353 CP00019808    (0)    2 :  0.334 0.341 0.324 
354 CP00019779    (0)    2 :  0.358 0.312 0.330 
355 CP00019789    (0)    2 :  0.357 0.296 0.347 
356 CP00019791    (0)    2 :  0.361 0.308 0.331 
357 CP00019799    (0)    2 :  0.314 0.375 0.311 
358 CP00019790    (0)    2 :  0.318 0.350 0.332 
359 CP00019834    (0)    2 :  0.362 0.301 0.337 
360 CP00019801    (0)    2 :  0.338 0.321 0.340 
361 CP00019782    (0)    2 :  0.306 0.391 0.303 
362 CP00019867    (0)    2 :  0.326 0.342 0.331 
363 CP00019845    (0)    2 :  0.326 0.362 0.312 
364 CP00019792    (0)    2 :  0.324 0.338 0.338 
365 CP00019860    (0)    2 :  0.329 0.340 0.331 
366 CP00019858    (0)    2 :  0.338 0.327 0.336 
367 CP00019856    (0)    2 :  0.320 0.351 0.329 
368 CP00019857    (0)    2 :  0.352 0.299 0.349 
369 CP00019828    (0)    2 :  0.326 0.344 0.330 
370 CP00019821    (0)    2 :  0.317 0.356 0.327 
371 CP00019863    (0)    2 :  0.327 0.336 0.337 
372 CP00019846    (0)    2 :  0.331 0.338 0.331 
373 CP00019825    (0)    2 :  0.330 0.353 0.317 
374 CP00019824    (0)    2 :  0.335 0.342 0.323 
375 CP00019838    (0)    2 :  0.339 0.324 0.337 
376 CP00019868    (0)    2 :  0.367 0.304 0.328 
377 CP00019835    (0)    2 :  0.348 0.323 0.329 
378 CP00019836    (0)    2 :  0.333 0.329 0.339 
379 CP00019870    (0)    2 :  0.337 0.311 0.352 
380 CP00019833    (0)    2 :  0.334 0.344 0.322 
381 CP00019826    (0)    2 :  0.329 0.327 0.344 
382 CP00019837    (0)    2 :  0.332 0.342 0.326 
383 CP00019830    (0)    2 :  0.313 0.369 0.319 
384 CP00019822    (0)    2 :  0.322 0.332 0.346 
385 CP00019866    (0)    2 :  0.364 0.301 0.336 
386 CP00019829    (0)    2 :  0.333 0.323 0.344 
387 CP00019841    (0)    2 :  0.347 0.307 0.346 
388 CP00019831    (0)    2 :  0.357 0.309 0.334 
389 CP00019774    (0)    2 :  0.323 0.330 0.347 
390 CP00019847    (0)    2 :  0.350 0.318 0.332 
391 CP00019851    (0)    2 :  0.306 0.380 0.313 
392 CP00019844    (0)    2 :  0.330 0.312 0.358 
393 CP00019823    (0)    2 :  0.340 0.330 0.330 
394 CP00019842    (0)    2 :  0.335 0.328 0.337 
395 CP00019859    (0)    2 :  0.345 0.319 0.336 
396 CP00019827    (0)    2 :  0.330 0.330 0.340 
397 CP00019862    (0)    2 :  0.343 0.326 0.331 
398 CP00019864    (0)    2 :  0.323 0.343 0.334 
399 CP00019861    (0)    2 :  0.326 0.356 0.318 
400 CP00019865    (0)    2 :  0.336 0.313 0.351 
401 CP00019819    (0)    2 :  0.338 0.329 0.333 
402 CP00019778    (0)    2 :  0.331 0.342 0.327 
403 CP00019796    (0)    2 :  0.343 0.315 0.342 
404 CP00019803    (0)    2 :  0.335 0.337 0.329 
405 CP00019804    (0)    2 :  0.347 0.313 0.340 
406 CP00019775    (0)    2 :  0.339 0.315 0.346 
407 CP00019780    (0)    2 :  0.328 0.330 0.342 
408 CP00019820    (0)    2 :  0.341 0.329 0.330 
409 CP00019787    (0)    2 :  0.346 0.347 0.307 
410 CP00019771    (0)    2 :  0.353 0.306 0.342 
411 CP00019793    (0)    2 :  0.359 0.308 0.333 
412 CP00019788    (0)    2 :  0.316 0.345 0.339 
413 CP00019781    (0)    2 :  0.336 0.322 0.343 
414 CP00019797    (0)    2 :  0.328 0.350 0.322 
415 CP00019807    (0)    2 :  0.346 0.325 0.328 
416 CP00019800    (0)    2 :  0.329 0.329 0.342 
417 CP00019813    (0)    2 :  0.365 0.309 0.326 
418 CP00019814    (0)    2 :  0.346 0.319 0.334 
419 CP00019772    (0)    2 :  0.309 0.352 0.339 
420 CP00019794    (0)    2 :  0.333 0.350 0.316 
421 CP00019839    (0)    2 :  0.327 0.341 0.332 
422 CP00019854    (0)    2 :  0.351 0.314 0.335 
423 CP00019852    (0)    2 :  0.354 0.314 0.332 
424 CP00019855    (0)    2 :  0.330 0.341 0.329 
425 CP00019805    (0)    2 :  0.333 0.345 0.322 
426 CP00019843    (0)    2 :  0.351 0.312 0.336 
427 CP00019811    (0)    2 :  0.340 0.324 0.337 
428 CP00019817    (0)    2 :  0.330 0.318 0.352 
429 CP00019832    (0)    2 :  0.335 0.344 0.321 
430 CP00019773    (0)    2 :  0.336 0.326 0.338 
431 CP00019850    (0)    2 :  0.314 0.348 0.338 
432 CP00019853    (0)    2 :  0.342 0.317 0.341 
433 CP00019785    (0)    2 :  0.319 0.337 0.344 
434 CP00019815    (0)    2 :  0.328 0.326 0.346 
435 CP00019809    (0)    2 :  0.335 0.321 0.344 
436 CP00019840    (0)    2 :  0.338 0.341 0.320 
437 CP00019776    (0)    2 :  0.337 0.317 0.346 
438 CP00019816    (0)    2 :  0.325 0.353 0.323 
439 CP00019810    (0)    2 :  0.314 0.347 0.339 
440 CP00019848    (0)    2 :  0.328 0.329 0.343 
441 CP00019806    (0)    2 :  0.321 0.325 0.354 
442 CP00019812    (0)    2 :  0.371 0.292 0.337 
443 CP00019818    (0)    2 :  0.348 0.301 0.351 
444 CP00019849    (0)    2 :  0.322 0.335 0.344 
445 CP00019786    (0)    2 :  0.323 0.333 0.343 
446 CP00019783    (0)    2 :  0.328 0.330 0.342 
447 CP00019802    (0)    2 :  0.333 0.336 0.331 
448 CP00020014    (0)    2 :  0.337 0.327 0.336 
449 CP00021063    (0)    2 :  0.320 0.367 0.313 
450 CP00021052    (3)    2 :  0.321 0.335 0.344 
451 CP00019924    (0)    2 :  0.351 0.318 0.331 
452 CP00020013    (0)    2 :  0.309 0.371 0.320 
453 CP00019953    (0)    2 :  0.332 0.319 0.348 
454 CP00021046    (0)    2 :  0.319 0.352 0.329 
455 CP00019969    (0)    2 :  0.346 0.334 0.320 
456 CP00021024    (0)    2 :  0.305 0.366 0.328 
457 CP00019990    (0)    2 :  0.346 0.312 0.342 
458 CP00019976    (0)    2 :  0.336 0.343 0.321 
459 CP00019975    (0)    2 :  0.325 0.358 0.318 
460 CP00019994    (0)    2 :  0.361 0.302 0.337 
461 CP00020266    (0)    2 :  0.329 0.314 0.356 
462 CP00019977    (0)    2 :  0.346 0.297 0.357 
463 CP00021043    (0)    2 :  0.312 0.377 0.311 
464 CP00021030    (0)    2 :  0.339 0.323 0.338 
465 CP00019959    (0)    2 :  0.316 0.369 0.314 
466 CP00019997    (0)    2 :  0.337 0.323 0.339 
467 CP00019929    (0)    2 :  0.355 0.327 0.318 
468 CP00021047    (0)    2 :  0.330 0.339 0.332 
469 CP00019677    (0)    2 :  0.341 0.303 0.356 
470 CP00020322    (0)    2 :  0.348 0.314 0.338 
471 CP00020265    (0)    2 :  0.353 0.311 0.336 
472 CP00021036    (0)    2 :  0.354 0.298 0.348 
473 CP00020328    (0)    2 :  0.335 0.339 0.327 
474 CP00020267    (0)    2 :  0.333 0.307 0.360 
475 CP00021045    (0)    2 :  0.321 0.323 0.356 
476 CP00021038    (0)    2 :  0.322 0.347 0.331 
477 CP00021027    (0)    2 :  0.344 0.311 0.344 
478 CP00020330    (0)    2 :  0.354 0.319 0.328 
479 CP00019957    (0)    2 :  0.343 0.314 0.344 
480 CP00019956    (0)    2 :  0.346 0.330 0.324 
481 CP00021025    (0)    2 :  0.353 0.317 0.330 
482 CP00021040    (0)    2 :  0.332 0.338 0.330 
483 CP00021044    (0)    2 :  0.311 0.375 0.315 
484 CP00021051    (0)    2 :  0.338 0.348 0.313 
485 CP00021058    (0)    2 :  0.337 0.310 0.352 
486 CP00019932    (0)    2 :  0.326 0.334 0.339 
487 CP00021060    (0)    2 :  0.362 0.300 0.338 
488 CP00021032    (0)    2 :  0.323 0.358 0.319 
489 CP00021048    (0)    2 :  0.373 0.308 0.319 
490 CP00021034    (0)    2 :  0.332 0.326 0.342 
491 CP00020262    (0)    2 :  0.349 0.316 0.335 
492 CP00021050    (0)    2 :  0.323 0.346 0.331 
493 CP00019950    (0)    2 :  0.340 0.322 0.338 
494 CP00019921    (0)    2 :  0.334 0.328 0.338 
495 CP00021023    (0)    2 :  0.328 0.351 0.321 
496 CP00019996    (0)    2 :  0.350 0.310 0.340 
497 CP00019949    (0)    2 :  0.339 0.316 0.345 
498 CP00019970    (0)    2 :  0.330 0.332 0.338 
499 CP00020329    (0)    2 :  0.315 0.356 0.329 
500 CP00019930    (0)    2 :  0.343 0.323 0.334 
501 CP00020009    (0)    2 :  0.327 0.318 0.355 
502 CP00021039    (0)    2 :  0.311 0.353 0.336 
503 CP00021061    (0)    2 :  0.326 0.343 0.331 
504 CP00021021    (0)    2 :  0.329 0.336 0.335 
505 CP00020327    (0)    2 :  0.331 0.349 0.320 
506 CP00021028    (0)    2 :  0.366 0.309 0.325 
507 CP00020263    (0)    2 :  0.332 0.312 0.356 
508 CP00019960    (0)    2 :  0.304 0.385 0.312 
509 CP00019922    (0)    2 :  0.342 0.315 0.343 
510 CP00019995    (0)    2 :  0.330 0.344 0.327 
511 CP00021062    (0)    2 :  0.338 0.313 0.349 
512 CP00021059    (0)    2 :  0.350 0.328 0.322 
513 CP00020011    (0)    2 :  0.340 0.328 0.332 
514 CP00019951    (0)    2 :  0.318 0.360 0.322 
515 CP00020268    (0)    2 :  0.338 0.323 0.339 
516 CP00019678    (0)    2 :  0.329 0.336 0.334 
517 CP00019952    (0)    2 :  0.332 0.356 0.312 
518 CP00021037    (0)    2 :  0.323 0.340 0.337 
519 CP00021042    (0)    2 :  0.353 0.317 0.330 
520 CP00021041    (0)    2 :  0.321 0.362 0.317 
521 CP00020010    (0)    2 :  0.331 0.325 0.344 
522 CP00021056    (0)    2 :  0.315 0.363 0.322 
523 CP00020012    (0)    2 :  0.334 0.337 0.329 
524 CP00021031    (0)    2 :  0.324 0.340 0.335 
525 CP00019958    (0)    2 :  0.346 0.314 0.340 
526 CP00019971    (0)    2 :  0.361 0.314 0.325 
527 CP00021026    (0)    2 :  0.342 0.318 0.341 
528 CP00020321    (0)    2 :  0.331 0.317 0.352 
529 CP00019972    (0)    2 :  0.312 0.363 0.326 
530 CP00021035    (0)    2 :  0.340 0.351 0.308 
531 CP00020264    (0)    2 :  0.346 0.317 0.336 
532 CP00021049    (0)    2 :  0.339 0.329 0.332 
533 CP00021033    (0)    2 :  0.324 0.367 0.309 
534 CP00019954    (0)    2 :  0.345 0.325 0.330 
535 CP00019931    (0)    2 :  0.360 0.310 0.330 
536 CP00021054    (0)    2 :  0.342 0.314 0.344 
537 CP00021029    (0)    2 :  0.317 0.367 0.316 
538 CP00021053    (0)    2 :  0.330 0.331 0.339 
539 CP00021022    (0)    2 :  0.322 0.362 0.317 
540 CP00021055    (0)    2 :  0.337 0.294 0.368 
541 CP00020718    (0)    2 :  0.337 0.312 0.351 
542 CP00020716    (0)    2 :  0.356 0.298 0.346 
543 CP00020696    (0)    2 :  0.319 0.348 0.333 
544 CP00020714    (0)    2 :  0.346 0.319 0.335 
545 CP00020682    (0)    2 :  0.333 0.333 0.334 
546 CP00020698    (0)    2 :  0.342 0.313 0.345 
547 CP00020697    (0)    2 :  0.317 0.364 0.319 
548 CP00020688    (0)    2 :  0.343 0.323 0.333 
549 CP00020687    (0)    2 :  0.330 0.320 0.350 
550 CP00020675    (0)    2 :  0.325 0.330 0.345 
551 CP00020717    (0)    2 :  0.340 0.327 0.333 
552 CP00020676    (0)    2 :  0.337 0.328 0.335 
553 CP00020704    (0)    2 :  0.356 0.306 0.338 
554 CP00020686    (0)    2 :  0.334 0.314 0.352 
555 CP00020699    (0)    2 :  0.321 0.351 0.328 
556 CP00020700    (0)    2 :  0.334 0.349 0.317 
557 CP00020689    (0)    2 :  0.321 0.341 0.338 
558 CP00020566    (0)    2 :  0.346 0.311 0.344 
559 CP00020360    (0)    2 :  0.345 0.310 0.345 
560 CP00020345    (0)    2 :  0.346 0.315 0.339 
561 CP00020357    (0)    2 :  0.326 0.316 0.358 
562 CP00020352    (0)    2 :  0.338 0.323 0.339 
563 CP00020353    (0)    2 :  0.333 0.321 0.346 
564 CP00020342    (0)    2 :  0.341 0.325 0.334 
565 CP00020367    (0)    2 :  0.300 0.389 0.311 
566 CP00020561    (0)    2 :  0.330 0.314 0.356 
567 CP00020343    (0)    2 :  0.324 0.333 0.343 
568 CP00020569    (0)    2 :  0.351 0.311 0.338 
569 CP00020554    (0)    2 :  0.336 0.328 0.336 
570 CP00020355    (0)    2 :  0.341 0.328 0.331 
571 CP00020356    (0)    2 :  0.357 0.313 0.330 
572 CP00020562    (0)    2 :  0.305 0.386 0.309 
573 CP00020563    (0)    2 :  0.332 0.331 0.338 
574 CP00020564    (0)    2 :  0.315 0.352 0.333 
575 CP00020341    (0)    2 :  0.310 0.357 0.334 
576 CP00020695    (0)    2 :  0.346 0.294 0.360 
577 CP00020363    (0)    2 :  0.330 0.325 0.345 
578 CP00020362    (0)    2 :  0.355 0.302 0.342 
579 CP00020359    (0)    2 :  0.342 0.331 0.326 
580 CP00020551    (0)    2 :  0.340 0.324 0.335 
581 CP00020365    (0)    2 :  0.342 0.326 0.332 
582 CP00020712    (0)    2 :  0.335 0.337 0.328 
583 CP00020556    (0)    2 :  0.370 0.305 0.326 
584 CP00020559    (0)    2 :  0.329 0.321 0.350 
585 CP00020350    (0)    2 :  0.352 0.316 0.332 
586 CP00020570    (0)    2 :  0.343 0.326 0.331 
587 CP00020552    (0)    2 :  0.341 0.314 0.345 
588 CP00020560    (0)    2 :  0.335 0.324 0.341 
589 CP00020567    (0)    2 :  0.336 0.333 0.331 
590 CP00020346    (0)    2 :  0.341 0.317 0.342 
591 CP00020347    (0)    2 :  0.323 0.314 0.363 
592 CP00020558    (0)    2 :  0.350 0.320 0.330 
593 CP00020557    (0)    2 :  0.326 0.325 0.349 
594 CP00020361    (0)    2 :  0.319 0.350 0.331 
595 CP00020368    (0)    2 :  0.343 0.331 0.325 
596 CP00020348    (0)    2 :  0.321 0.364 0.315 
597 CP00020370    (0)    2 :  0.333 0.326 0.340 
598 CP00020358    (0)    2 :  0.320 0.337 0.343 
599 CP00020349    (0)    2 :  0.325 0.333 0.342 
600 CP00020553    (0)    2 :  0.318 0.347 0.335 
601 CP00020344    (0)    2 :  0.357 0.308 0.335 
602 CP00020555    (0)    2 :  0.335 0.321 0.344 
603 CP00020354    (0)    2 :  0.336 0.318 0.346 
604 CP00020565    (0)    2 :  0.356 0.303 0.342 
605 CP00020690    (0)    2 :  0.321 0.329 0.350 
606 CP00020702    (0)    2 :  0.327 0.340 0.333 
607 CP00020711    (0)    2 :  0.355 0.303 0.343 
608 CP00020692    (0)    2 :  0.320 0.349 0.331 
609 CP00020685    (0)    2 :  0.339 0.318 0.343 
610 CP00020703    (0)    2 :  0.336 0.318 0.346 
611 CP00020681    (0)    2 :  0.337 0.340 0.323 
612 CP00020706    (0)    2 :  0.333 0.340 0.327 
613 CP00020710    (0)    2 :  0.340 0.329 0.331 
614 CP00020672    (0)    2 :  0.350 0.314 0.336 
615 CP00020677    (0)    2 :  0.338 0.335 0.326 
616 CP00020691    (0)    2 :  0.343 0.318 0.339 
617 CP00020680    (0)    2 :  0.333 0.337 0.330 
618 CP00020709    (0)    2 :  0.333 0.345 0.322 
619 CP00020679    (0)    2 :  0.335 0.352 0.313 
620 CP00020671    (0)    2 :  0.327 0.342 0.332 
621 CP00020719    (0)    2 :  0.335 0.328 0.337 
622 CP00020693    (0)    2 :  0.347 0.319 0.334 
623 CP00020708    (0)    2 :  0.332 0.339 0.329 
624 CP00020705    (0)    2 :  0.339 0.327 0.334 
625 CP00020720    (0)    2 :  0.327 0.315 0.358 
626 CP00020707    (0)    2 :  0.327 0.338 0.335 
627 CP00020674    (0)    2 :  0.336 0.340 0.324 
628 CP00020673    (0)    2 :  0.362 0.303 0.335 
629 CP00020701    (0)    2 :  0.316 0.376 0.308 
630 CP00020713    (0)    2 :  0.330 0.338 0.332 
631 CP00020715    (0)    2 :  0.328 0.337 0.335 
632 CP00017120    (0)    2 :  0.341 0.311 0.348 
633 CP00017077    (0)    2 :  0.357 0.312 0.331 
634 CP00017117    (0)    2 :  0.321 0.346 0.333 
635 CP00017100    (0)    2 :  0.333 0.338 0.329 
636 CP00017118    (0)    2 :  0.334 0.314 0.352 
637 CP00017083    (0)    2 :  0.326 0.322 0.352 
638 CP00017085    (0)    2 :  0.353 0.302 0.345 
639 CP00017097    (0)    2 :  0.321 0.357 0.322 
640 CP00017092    (0)    2 :  0.330 0.348 0.322 
641 CP00017038    (0)    2 :  0.343 0.314 0.344 
642 CP00017067    (0)    2 :  0.317 0.339 0.344 
643 CP00017017    (0)    3 :  0.325 0.344 0.331 
644 CP00017012    (0)    3 :  0.317 0.350 0.333 
645 CP00017036    (0)    2 :  0.320 0.344 0.336 
646 CP00017040    (0)    2 :  0.321 0.363 0.316 
647 CP00017046    (0)    2 :  0.311 0.368 0.322 
648 CP00017059    (0)    2 :  0.329 0.350 0.321 
649 CP00017043    (0)    2 :  0.341 0.325 0.334 
650 CP00017080    (0)    2 :  0.335 0.359 0.306 
651 CP00017079    (0)    2 :  0.317 0.364 0.319 
652 CP00017056    (0)    2 :  0.345 0.317 0.337 
653 CP00017057    (0)    2 :  0.317 0.349 0.334 
654 CP00017058    (0)    2 :  0.336 0.329 0.335 
655 CP00017087    (0)    2 :  0.306 0.377 0.316 
656 CP00017072    (0)    2 :  0.339 0.326 0.335 
657 CP00017075    (0)    2 :  0.327 0.352 0.321 
658 CP00017078    (0)    2 :  0.355 0.319 0.326 
659 CP00017053    (0)    2 :  0.331 0.353 0.316 
660 CP00017052    (0)    2 :  0.352 0.326 0.323 
661 CP00017119    (0)    2 :  0.327 0.330 0.343 
662 CP00017099    (0)    2 :  0.333 0.318 0.349 
663 CP00017095    (0)    2 :  0.338 0.329 0.334 
664 CP00017115    (0)    2 :  0.341 0.312 0.347 
665 CP00017091    (0)    2 :  0.314 0.382 0.304 
666 CP00017098    (0)    2 :  0.324 0.337 0.339 
667 CP00017116    (0)    2 :  0.327 0.312 0.361 
668 CP00017114    (0)    2 :  0.336 0.318 0.347 
669 CP00017061    (0)    2 :  0.339 0.315 0.346 
670 CP00017064    (0)    2 :  0.349 0.316 0.335 
671 CP00017021    (0)    2 :  0.331 0.310 0.360 
672 CP00017042    (0)    2 :  0.324 0.353 0.323 
673 CP00017018    (0)    3 :  0.327 0.354 0.319 
674 CP00017011    (0)    3 :  0.361 0.299 0.341 
675 CP00017049    (0)    2 :  0.337 0.317 0.346 
676 CP00017023    (0)    3 :  0.344 0.328 0.328 
677 CP00017014    (0)    3 :  0.328 0.326 0.345 
678 CP00017070    (0)    2 :  0.326 0.332 0.342 
679 CP00017109    (0)    2 :  0.314 0.373 0.314 
680 CP00017068    (0)    2 :  0.325 0.340 0.335 
681 CP00017025    (0)    3 :  0.324 0.349 0.327 
682 CP00017015    (0)    3 :  0.339 0.319 0.342 
683 CP00017020    (0)    3 :  0.333 0.311 0.356 
684 CP00017110    (0)    2 :  0.323 0.339 0.337 
685 CP00017016    (0)    3 :  0.352 0.334 0.313 
686 CP00017027    (0)    3 :  0.320 0.340 0.340 
687 CP00017048    (0)    2 :  0.339 0.303 0.358 
688 CP00017094    (0)    2 :  0.344 0.343 0.313 
689 CP00017022    (0)    3 :  0.319 0.368 0.313 
690 CP00017055    (0)    2 :  0.321 0.342 0.337 
691 CP00017054    (0)    2 :  0.330 0.325 0.346 
692 CP00017024    (0)    3 :  0.322 0.335 0.343 
693 CP00017030    (0)    3 :  0.344 0.330 0.326 
694 CP00017096    (0)    2 :  0.353 0.311 0.335 
695 CP00017065    (0)    2 :  0.319 0.328 0.353 
696 CP00017050    (0)    2 :  0.329 0.325 0.346 
697 CP00017063    (0)    2 :  0.342 0.310 0.348 
698 CP00017051    (0)    2 :  0.340 0.324 0.335 
699 CP00017013    (0)    3 :  0.310 0.360 0.329 
700 CP00017076    (0)    2 :  0.335 0.338 0.327 
701 CP00017073    (0)    2 :  0.342 0.308 0.350 
702 CP00017033    (0)    2 :  0.333 0.322 0.345 
703 CP00017028    (0)    3 :  0.337 0.337 0.326 
704 CP00017031    (0)    2 :  0.321 0.352 0.327 
705 CP00017026    (0)    3 :  0.342 0.324 0.334 
706 CP00017035    (0)    2 :  0.313 0.355 0.332 
707 CP00017029    (0)    3 :  0.333 0.338 0.329 
708 CP00017111    (0)    2 :  0.346 0.303 0.351 
709 CP00017044    (0)    2 :  0.349 0.311 0.340 
710 CP00017113    (0)    2 :  0.333 0.326 0.342 
711 CP00017041    (0)    2 :  0.347 0.303 0.350 
712 CP00017069    (0)    2 :  0.333 0.320 0.348 
713 CP00017019    (0)    3 :  0.295 0.395 0.310 
714 CP00017034    (0)    2 :  0.327 0.343 0.331 
715 CP00017002    (0)    3 :  0.345 0.319 0.336 
716 CP00017047    (0)    2 :  0.336 0.331 0.333 
717 CP00017060    (0)    2 :  0.326 0.351 0.323 
718 CP00017037    (0)    2 :  0.331 0.342 0.327 
719 CP00017112    (0)    2 :  0.326 0.338 0.336 
720 CP00017090    (0)    2 :  0.322 0.350 0.328 
721 CP00049957    (0)    2 :  0.326 0.343 0.332 
722 CP00049253    (0)    2 :  0.330 0.336 0.333 
723 CP00049224    (0)    2 :  0.338 0.330 0.332 
724 CP00049921    (0)    2 :  0.326 0.321 0.353 
725 CP00049412    (0)    2 :  0.345 0.324 0.331 
726 CP00049935    (0)    2 :  0.355 0.308 0.337 
727 CP00049959    (0)    2 :  0.319 0.365 0.317 
728 CP00049956    (0)    2 :  0.317 0.362 0.321 
729 CP00049958    (0)    2 :  0.336 0.340 0.323 
730 CP00049384    (0)    2 :  0.323 0.343 0.334 
731 CP00049386    (0)    2 :  0.350 0.327 0.323 
732 CP00049400    (0)    2 :  0.323 0.366 0.311 
733 CP00049392    (0)    2 :  0.329 0.326 0.344 
734 CP00049409    (0)    2 :  0.340 0.312 0.348 
735 CP00049394    (0)    2 :  0.332 0.346 0.322 
736 CP00049262    (0)    2 :  0.319 0.334 0.347 
737 CP00049939    (0)    2 :  0.336 0.333 0.332 
738 CP00049264    (0)    2 :  0.316 0.356 0.329 
739 CP00049221    (0)    2 :  0.343 0.319 0.338 
740 CP00049266    (0)    2 :  0.343 0.317 0.340 
741 CP00049391    (0)    2 :  0.307 0.366 0.327 
742 CP00049405    (0)    2 :  0.352 0.305 0.343 
743 CP00049404    (0)    2 :  0.335 0.315 0.350 
744 CP00049393    (0)    2 :  0.330 0.347 0.323 
745 CP00049408    (0)    2 :  0.348 0.307 0.345 
746 CP00049410    (0)    2 :  0.328 0.325 0.348 
747 CP00049407    (0)    2 :  0.328 0.328 0.345 
748 CP00049250    (0)    2 :  0.318 0.353 0.329 
749 CP00049255    (0)    2 :  0.324 0.347 0.329 
750 CP00049257    (0)    2 :  0.347 0.313 0.340 
751 CP00049258    (0)    2 :  0.359 0.321 0.320 
752 CP00049248    (0)    2 :  0.318 0.334 0.348 
753 CP00049251    (0)    2 :  0.349 0.340 0.311 
754 CP00049265    (0)    2 :  0.326 0.331 0.342 
755 CP00049385    (0)    2 :  0.323 0.341 0.336 
756 CP00049397    (0)    2 :  0.331 0.343 0.326 
757 CP00049398    (0)    2 :  0.334 0.331 0.336 
758 CP00049244    (0)    2 :  0.328 0.347 0.325 
759 CP00049406    (0)    2 :  0.318 0.349 0.333 
760 CP00049411    (0)    2 :  0.352 0.304 0.344 
761 CP00049399    (0)    2 :  0.328 0.329 0.342 
762 CP00049401    (0)    2 :  0.325 0.340 0.335 
763 CP00049403    (0)    2 :  0.316 0.341 0.343 
764 CP00049941    (0)    2 :  0.313 0.347 0.340 
765 CP00049955    (0)    2 :  0.343 0.319 0.338 
766 CP00049233    (0)    2 :  0.332 0.308 0.360 
767 CP00049228    (0)    2 :  0.341 0.334 0.324 
768 CP00049954    (0)    2 :  0.331 0.342 0.327 
769 CP00049944    (0)    2 :  0.334 0.315 0.351 
770 CP00049260    (0)    2 :  0.317 0.372 0.311 
771 CP00049268    (0)    2 :  0.347 0.302 0.350 
772 CP00049239    (0)    2 :  0.332 0.357 0.311 
773 CP00049946    (0)    2 :  0.356 0.304 0.340 
774 CP00049232    (0)    2 :  0.347 0.323 0.331 
775 CP00049256    (0)    2 :  0.335 0.335 0.331 
776 CP00049259    (0)    2 :  0.337 0.331 0.332 
777 CP00049943    (0)    2 :  0.340 0.311 0.349 
778 CP00049930    (0)    2 :  0.360 0.330 0.310 
779 CP00049388    (0)    2 :  0.317 0.351 0.332 
780 CP00049413    (0)    2 :  0.335 0.336 0.330 
781 CP00049230    (0)    2 :  0.339 0.336 0.325 
782 CP00049226    (0)    2 :  0.334 0.346 0.320 
783 CP00049925    (0)    2 :  0.333 0.338 0.329 
784 CP00049387    (0)    2 :  0.314 0.341 0.345 
785 CP00049241    (0)    2 :  0.320 0.361 0.320 
786 CP00049236    (0)    2 :  0.344 0.318 0.339 
787 CP00049225    (0)    2 :  0.313 0.333 0.354 
788 CP00049229    (0)    2 :  0.346 0.319 0.336 
789 CP00049960    (0)    2 :  0.325 0.319 0.356 
790 CP00049242    (0)    2 :  0.314 0.347 0.339 
791 CP00049940    (0)    2 :  0.336 0.323 0.341 
792 CP00049948    (0)    2 :  0.331 0.322 0.348 
793 CP00049949    (0)    2 :  0.316 0.358 0.325 
794 CP00049254    (0)    2 :  0.320 0.350 0.330 
795 CP00049267    (0)    2 :  0.312 0.381 0.307 
796 CP00049261    (0)    2 :  0.334 0.327 0.339 
797 CP00049235    (0)    2 :  0.315 0.344 0.341 
798 CP00049953    (0)    2 :  0.329 0.333 0.338 
799 CP00049923    (0)    2 :  0.321 0.360 0.319 
800 CP00049947    (0)    2 :  0.346 0.315 0.339 
801 CP00049234    (0)    2 :  0.313 0.361 0.327 
802 CP00049389    (0)    2 :  0.353 0.316 0.331 
803 CP00049414    (0)    2 :  0.332 0.347 0.321 
804 CP00049390    (0)    2 :  0.356 0.312 0.332 
805 CP00049402    (0)    2 :  0.309 0.358 0.334 
806 CP00049396    (0)    2 :  0.338 0.332 0.329 
807 CP00049934    (0)    2 :  0.327 0.332 0.341 
808 CP00049246    (0)    2 :  0.310 0.372 0.318 
809 CP00049238    (0)    2 :  0.327 0.328 0.345 
810 CP00049945    (0)    2 :  0.321 0.327 0.353 
811 CP00049938    (0)    2 :  0.330 0.348 0.322 
812 CP00049928    (0)    2 :  0.329 0.352 0.319 
813 CP00049247    (0)    2 :  0.333 0.323 0.344 
814 CP00049240    (0)    2 :  0.327 0.344 0.329 
815 CP00049237    (0)    2 :  0.339 0.324 0.336 
816 CP00049243    (0)    2 :  0.322 0.324 0.354 
817 CP00049926    (0)    2 :  0.321 0.355 0.324 
818 CP00049245    (0)    2 :  0.337 0.317 0.345 
819 CP00049936    (0)    2 :  0.341 0.328 0.331 
820 CP00049927    (0)    2 :  0.345 0.323 0.332 
821 CP00049924    (0)    2 :  0.348 0.318 0.334 
822 CP00049222    (0)    2 :  0.337 0.338 0.326 
823 CP00049922    (0)    2 :  0.312 0.379 0.309 
824 CP00020222    (0)    2 :  0.363 0.308 0.328 
825 CP00020248    (0)    2 :  0.343 0.326 0.330 
826 CP00020246    (0)    2 :  0.337 0.326 0.336 
827 CP00020250    (0)    2 :  0.358 0.307 0.335 
828 CP00020247    (0)    2 :  0.342 0.312 0.345 
829 CP00020245    (0)    2 :  0.339 0.330 0.331 
830 CP00020253    (0)    2 :  0.340 0.329 0.331 
831 CP00020254    (0)    2 :  0.330 0.339 0.331 
832 CP00020227    (0)    2 :  0.316 0.356 0.328 
833 CP00020252    (0)    2 :  0.324 0.349 0.327 
834 CP00020251    (0)    2 :  0.331 0.340 0.329 
835 CP00020241    (0)    2 :  0.356 0.300 0.345 
836 CP00020240    (0)    2 :  0.347 0.334 0.319 
837 CP00020258    (0)    2 :  0.306 0.372 0.322 
838 CP00020150    (0)    2 :  0.326 0.337 0.337 
839 CP00020128    (0)    2 :  0.329 0.344 0.328 
840 CP00020224    (0)    2 :  0.338 0.313 0.349 
841 CP00020136    (0)    2 :  0.344 0.328 0.329 
842 CP00020126    (0)    2 :  0.343 0.329 0.328 
843 CP00020151    (0)    2 :  0.335 0.337 0.328 
844 CP00020130    (0)    2 :  0.341 0.318 0.341 
845 CP00020123    (0)    2 :  0.336 0.343 0.322 
846 CP00020129    (0)    2 :  0.338 0.317 0.345 
847 CP00020225    (0)    2 :  0.347 0.303 0.350 
848 CP00020161    (0)    2 :  0.361 0.307 0.332 
849 CP00020138    (0)    2 :  0.332 0.336 0.332 
850 CP00020239    (0)    2 :  0.338 0.332 0.330 
851 CP00020259    (0)    2 :  0.347 0.311 0.341 
852 CP00020135    (0)    2 :  0.331 0.303 0.365 
853 CP00020238    (0)    2 :  0.333 0.345 0.322 
854 CP00020234    (0)    2 :  0.345 0.328 0.326 
855 CP00020273    (0)    2 :  0.336 0.321 0.343 
856 CP00020282    (0)    2 :  0.345 0.314 0.341 
857 CP00020158    (0)    2 :  0.345 0.319 0.337 
858 CP00020243    (0)    2 :  0.364 0.290 0.346 
859 CP00020221    (0)    2 :  0.344 0.336 0.320 
860 CP00020229    (0)    2 :  0.329 0.320 0.351 
861 CP00020276    (0)    2 :  0.325 0.320 0.355 
862 CP00020146    (0)    2 :  0.303 0.380 0.317 
863 CP00020124    (0)    2 :  0.322 0.338 0.340 
864 CP00020156    (0)    2 :  0.349 0.318 0.333 
865 CP00020145    (0)    2 :  0.334 0.328 0.338 
866 CP00020125    (0)    2 :  0.363 0.297 0.340 
867 CP00020278    (0)    2 :  0.324 0.341 0.335 
868 CP00020132    (0)    2 :  0.354 0.307 0.339 
869 CP00020137    (0)    2 :  0.331 0.329 0.340 
870 CP00020127    (0)    2 :  0.333 0.327 0.340 
871 CP00020131    (0)    2 :  0.341 0.310 0.349 
872 CP00020260    (0)    2 :  0.315 0.352 0.332 
873 CP00020155    (0)    2 :  0.315 0.361 0.324 
874 CP00020141    (0)    2 :  0.350 0.320 0.330 
875 CP00020143    (0)    2 :  0.351 0.304 0.346 
876 CP00020142    (0)    2 :  0.334 0.323 0.343 
877 CP00020256    (0)    2 :  0.338 0.308 0.353 
878 CP00020170    (0)    2 :  0.333 0.340 0.327 
879 CP00020140    (0)    2 :  0.345 0.310 0.345 
880 CP00020147    (0)    2 :  0.317 0.338 0.344 
881 CP00020163    (0)    2 :  0.370 0.297 0.333 
882 CP00020152    (0)    2 :  0.332 0.335 0.333 
883 CP00020139    (0)    2 :  0.321 0.348 0.332 
884 CP00020162    (0)    2 :  0.378 0.300 0.322 
885 CP00020166    (0)    2 :  0.335 0.329 0.335 
886 CP00020226    (0)    2 :  0.341 0.320 0.339 
887 CP00020154    (0)    2 :  0.334 0.327 0.340 
888 CP00020257    (0)    2 :  0.316 0.358 0.326 
889 CP00020242    (0)    2 :  0.343 0.318 0.339 
890 CP00020148    (0)    2 :  0.327 0.370 0.302 
891 CP00020271    (0)    2 :  0.360 0.294 0.346 
892 CP00020233    (0)    2 :  0.317 0.363 0.320 
893 CP00020275    (0)    2 :  0.334 0.336 0.330 
894 CP00020244    (3)    2 :  0.325 0.354 0.321 
895 CP00020230    (0)    2 :  0.320 0.337 0.343 
896 CP00020279    (0)    2 :  0.343 0.336 0.321 
897 CP00020159    (0)    2 :  0.326 0.331 0.343 
898 CP00020237    (0)    2 :  0.328 0.339 0.333 
899 CP00020231    (0)    2 :  0.327 0.318 0.355 
900 CP00020281    (0)    2 :  0.339 0.330 0.331 
901 CP00020167    (0)    2 :  0.359 0.306 0.335 
902 CP00020122    (0)    2 :  0.363 0.297 0.340 
903 CP00020121    (0)    2 :  0.344 0.316 0.340 
904 CP00020157    (0)    2 :  0.304 0.370 0.325 
905 CP00020144    (0)    2 :  0.337 0.333 0.331 
906 CP00020164    (0)    2 :  0.320 0.364 0.316 
907 CP00020165    (0)    2 :  0.334 0.336 0.330 
908 CP00020255    (0)    2 :  0.325 0.352 0.323 
909 CP00020134    (0)    2 :  0.355 0.304 0.341 
910 CP00020149    (0)    2 :  0.320 0.345 0.335 
911 CP00020160    (0)    2 :  0.329 0.352 0.318 
912 CP00020228    (0)    2 :  0.347 0.317 0.336 
913 CP00020272    (0)    2 :  0.337 0.330 0.333 
914 CP00020274    (0)    2 :  0.315 0.377 0.308 
915 CP00020235    (0)    2 :  0.344 0.321 0.334 
916 CP00020280    (0)    2 :  0.336 0.346 0.317 
917 CP00020232    (0)    2 :  0.343 0.330 0.327 
918 CP00020277    (0)    2 :  0.327 0.363 0.310 
919 CP00020236    (0)    2 :  0.321 0.343 0.336 
920 CP00020223    (0)    2 :  0.342 0.318 0.340 
921 CP00016184    (0)    3 :  0.335 0.344 0.321 
922 CP00016197    (0)    3 :  0.347 0.333 0.320 
923 CP00016020    (0)    1 :  0.326 0.333 0.341 
924 CP00016181    (0)    3 :  0.334 0.343 0.323 
925 CP00016212    (0)    3 :  0.322 0.323 0.355 
926 CP00016215    (0)    3 :  0.320 0.355 0.324 
927 CP00016040    (0)    3 :  0.306 0.374 0.319 
928 CP00016051    (0)    3 :  0.331 0.336 0.333 
929 CP00016211    (0)    3 :  0.364 0.304 0.332 
930 CP00016049    (0)    3 :  0.347 0.326 0.327 
931 CP00016177    (0)    3 :  0.343 0.308 0.349 
932 CP00016060    (0)    3 :  0.338 0.323 0.338 
933 CP00016216    (0)    3 :  0.322 0.341 0.337 
934 CP00016059    (0)    3 :  0.332 0.317 0.352 
935 CP00016058    (0)    3 :  0.336 0.338 0.326 
936 CP00016178    (0)    3 :  0.348 0.317 0.335 
937 CP00016055    (0)    3 :  0.335 0.316 0.349 
938 CP00016038    (0)    3 :  0.345 0.307 0.348 
939 CP00016056    (0)    3 :  0.306 0.360 0.334 
940 CP00016185    (0)    3 :  0.344 0.311 0.345 
941 CP00016053    (0)    3 :  0.326 0.344 0.329 
942 CP00016044    (0)    1 :  0.324 0.341 0.335 
943 CP00016173    (0)    3 :  0.346 0.307 0.347 
944 CP00016213    (0)    3 :  0.337 0.329 0.334 
945 CP00016043    (0)    1 :  0.319 0.360 0.322 
946 CP00016196    (0)    3 :  0.342 0.313 0.345 
947 CP00016034    (0)    3 :  0.318 0.356 0.326 
948 CP00016182    (0)    3 :  0.334 0.332 0.335 
949 CP00016042    (0)    1 :  0.342 0.316 0.342 
950 CP00016002    (0)    1 :  0.319 0.361 0.320 
951 CP00016006    (0)    1 :  0.336 0.332 0.332 
952 CP00016005    (0)    1 :  0.328 0.359 0.313 
953 CP00016019    (0)    1 :  0.329 0.340 0.331 
954 CP00016190    (0)    3 :  0.333 0.355 0.312 
955 CP00016036    (0)    3 :  0.346 0.306 0.348 
956 CP00016008    (0)    1 :  0.346 0.321 0.333 
957 CP00016183    (0)    3 :  0.310 0.351 0.339 
958 CP00016208    (0)    3 :  0.337 0.326 0.337 
959 CP00016203    (0)    3 :  0.322 0.334 0.344 
960 CP00016172    (0)    3 :  0.338 0.321 0.340 
961 CP00016194    (0)    3 :  0.331 0.338 0.331 
962 CP00016218    (0)    3 :  0.368 0.314 0.318 
963 CP00016205    (0)    3 :  0.347 0.298 0.356 
964 CP00016050    (0)    3 :  0.339 0.338 0.324 
965 CP00016199    (0)    3 :  0.337 0.335 0.328 
966 CP00016201    (0)    3 :  0.327 0.335 0.339 
967 CP00016200    (0)    3 :  0.335 0.319 0.345 
968 CP00016004    (0)    1 :  0.322 0.348 0.330 
969 CP00016032    (0)    3 :  0.341 0.295 0.365 
970 CP00016195    (0)    3 :  0.321 0.351 0.328 
971 CP00016033    (0)    3 :  0.331 0.338 0.331 
972 CP00016012    (0)    1 :  0.333 0.326 0.341 
973 CP00016192    (0)    3 :  0.338 0.337 0.325 
974 CP00016217    (0)    3 :  0.332 0.323 0.346 
975 CP00016007    (0)    1 :  0.318 0.361 0.322 
976 CP00016191    (0)    3 :  0.319 0.356 0.325 
977 CP00016013    (0)    1 :  0.337 0.303 0.361 
978 CP00016204    (0)    3 :  0.331 0.362 0.307 
979 CP00016016    (0)    1 :  0.338 0.343 0.319 
980 CP00016206    (0)    3 :  0.325 0.332 0.343 
981 CP00016202    (0)    3 :  0.324 0.331 0.345 
982 CP00016009    (0)    1 :  0.327 0.336 0.336 
983 CP00016018    (0)    1 :  0.356 0.302 0.342 
984 CP00016052    (0)    3 :  0.351 0.308 0.342 
985 CP00016035    (0)    3 :  0.342 0.325 0.333 
986 CP00016054    (0)    3 :  0.311 0.359 0.330 
987 CP00016037    (0)    3 :  0.323 0.321 0.356 
988 CP00016039    (0)    3 :  0.312 0.341 0.347 
989 CP00016047    (0)    3 :  0.332 0.343 0.325 
990 CP00016048    (0)    3 :  0.338 0.320 0.342 
991 CP00016179    (0)    3 :  0.334 0.344 0.323 
992 CP00016180    (3)    3 :  0.337 0.325 0.338 
993 CP00016057    (0)    3 :  0.331 0.348 0.322 
994 CP00016189    (0)    3 :  0.321 0.349 0.331 
995 CP00016210    (0)    3 :  0.345 0.340 0.315 
996 CP00016209    (0)    3 :  0.323 0.363 0.314 
997 CP00016220    (0)    3 :  0.312 0.357 0.330 
998 CP00016198    (0)    3 :  0.322 0.347 0.332 
999 CP00016003    (0)    1 :  0.310 0.364 0.326 
1000 CP00016207    (0)    3 :  0.315 0.354 0.331 
1001 CP00016014    (0)    1 :  0.340 0.324 0.336 
1002 CP00016045    (0)    1 :  0.327 0.342 0.331 
1003 CP00016187    (0)    3 :  0.340 0.316 0.344 
1004 CP00016186    (0)    3 :  0.368 0.299 0.333 
1005 CP00016188    (0)    3 :  0.338 0.327 0.335 
1006 CP00016046    (0)    3 :  0.356 0.300 0.344 
1007 CP00016011    (0)    1 :  0.347 0.319 0.334 
1008 CP00016041    (0)    1 :  0.349 0.314 0.337 
1009 CP00016171    (0)    3 :  0.327 0.338 0.336 
1010 CP00016219    (0)    3 :  0.332 0.343 0.324 
1011 CP00016031    (0)    3 :  0.341 0.333 0.326 
1012 CP00016193    (0)    3 :  0.369 0.297 0.334 
1013 CP00016229    (0)    2 :  0.343 0.313 0.344 
1014 CP00015060    (0)    2 :  0.344 0.323 0.333 
1015 CP00016251    (0)    2 :  0.334 0.336 0.330 
1016 CP00015026    (0)    2 :  0.373 0.298 0.329 
1017 CP00015055    (0)    2 :  0.351 0.304 0.345 
1018 CP00016240    (0)    1 :  0.315 0.362 0.323 
1019 CP00016266    (0)    1 :  0.339 0.308 0.353 
1020 CP00016257    (0)    2 :  0.307 0.361 0.332 
1021 CP00015024    (0)    2 :  0.318 0.351 0.331 
1022 CP00015025    (0)    2 :  0.312 0.380 0.308 
1023 CP00049493    (0)    2 :  0.321 0.352 0.327 
1024 CP00016252    (0)    2 :  0.349 0.314 0.336 
1025 CP00015040    (0)    2 :  0.340 0.320 0.340 
1026 CP00015058    (0)    1 :  0.336 0.332 0.331 
1027 CP00049491    (0)    1 :  0.325 0.343 0.332 
1028 CP00015046    (0)    1 :  0.334 0.350 0.316 
1029 CP00015028    (0)    1 :  0.346 0.324 0.330 
1030 CP00015047    (0)    1 :  0.338 0.322 0.340 
1031 CP00016226    (0)    1 :  0.307 0.385 0.308 
1032 CP00016238    (0)    1 :  0.344 0.328 0.328 
1033 CP00016248    (0)    1 :  0.335 0.333 0.333 
1034 CP00015041    (0)    1 :  0.333 0.341 0.326 
1035 CP00049496    (0)    1 :  0.331 0.333 0.336 
1036 CP00015037    (0)    1 :  0.334 0.338 0.328 
1037 CP00015048    (0)    1 :  0.331 0.322 0.347 
1038 CP00016250    (0)    1 :  0.335 0.337 0.328 
1039 CP00015051    (0)    1 :  0.327 0.359 0.314 
1040 CP00016230    (0)    1 :  0.351 0.317 0.333 
1041 CP00015027    (0)    1 :  0.325 0.350 0.325 
1042 CP00049498    (0)    1 :  0.338 0.317 0.345 
1043 CP00016237    (0)    1 :  0.326 0.352 0.323 
1044 CP00016270    (0)    1 :  0.333 0.328 0.339 
1045 CP00015031    (0)    1 :  0.310 0.377 0.313 
1046 CP00016267    (0)    1 :  0.332 0.318 0.350 
1047 CP00016265    (0)    1 :  0.341 0.316 0.343 
1048 CP00016247    (0)    1 :  0.321 0.333 0.346 
1049 CP00015043    (0)    1 :  0.347 0.312 0.340 
1050 CP00016262    (0)    1 :  0.313 0.358 0.329 
1051 CP00016264    (0)    1 :  0.354 0.306 0.341 
1052 CP00049495    (0)    1 :  0.332 0.321 0.347 
1053 CP00016263    (0)    3 :  0.322 0.342 0.336 
1054 CP00015032    (0)    1 :  0.340 0.326 0.333 
1055 CP00015023    (0)    1 :  0.326 0.343 0.332 
1056 CP00016234    (0)    1 :  0.352 0.307 0.341 
1057 CP00015050    (0)    1 :  0.357 0.315 0.328 
1058 CP00015044    (0)    1 :  0.332 0.344 0.324 
1059 CP00015049    (0)    1 :  0.340 0.325 0.335 
1060 CP00016255    (0)    1 :  0.343 0.315 0.342 
1061 CP00016242    (0)    1 :  0.306 0.377 0.317 
1062 CP00049499    (0)    1 :  0.342 0.328 0.331 
1063 CP00016258    (0)    1 :  0.340 0.350 0.310 
1064 CP00016223    (0)    1 :  0.348 0.311 0.341 
1065 CP00015038    (0)    1 :  0.323 0.321 0.356 
1066 CP00016268    (0)    1 :  0.341 0.321 0.339 
1067 CP00049494    (0)    1 :  0.347 0.319 0.333 
1068 CP00016243    (0)    1 :  0.332 0.343 0.325 
1069 CP00016241    (0)    1 :  0.346 0.312 0.342 
1070 CP00016244    (0)    1 :  0.326 0.321 0.353 
1071 CP00015034    (0)    1 :  0.345 0.328 0.327 
1072 CP00016259    (0)    1 :  0.316 0.370 0.314 
1073 CP00016249    (0)    1 :  0.322 0.347 0.331 
1074 CP00015033    (0)    1 :  0.345 0.321 0.334 
1075 CP00015035    (0)    1 :  0.327 0.351 0.321 
1076 CP00015036    (0)    1 :  0.347 0.309 0.344 
1077 CP00016269    (0)    1 :  0.319 0.356 0.325 
1078 CP00049500    (0)    1 :  0.327 0.320 0.353 
1079 CP00015029    (0)    1 :  0.331 0.337 0.332 
1080 CP00015030    (0)    1 :  0.331 0.341 0.328 
1081 CP00016261    (0)    1 :  0.340 0.310 0.350 
1082 CP00015059    (0)    1 :  0.318 0.361 0.320 
1083 CP00016256    (0)    1 :  0.319 0.347 0.335 
1084 CP00015045    (0)    1 :  0.321 0.355 0.324 
1085 CP00015054    (0)    1 :  0.318 0.348 0.334 
1086 CP00015052    (0)    1 :  0.321 0.374 0.305 
1087 CP00015053    (0)    1 :  0.342 0.310 0.348 
1088 CP00016239    (0)    1 :  0.323 0.355 0.322 
1089 CP00015057    (0)    1 :  0.338 0.322 0.339 
1090 CP00016246    (0)    1 :  0.326 0.335 0.339 
1091 CP00016221    (0)    1 :  0.341 0.322 0.337 
1092 CP00016225    (0)    1 :  0.319 0.351 0.330 
1093 CP00016222    (0)    1 :  0.322 0.351 0.328 
1094 CP00016224    (0)    1 :  0.334 0.334 0.332 
1095 CP00016232    (0)    1 :  0.326 0.346 0.328 
1096 CP00016236    (0)    1 :  0.333 0.329 0.338 
1097 CP00015021    (0)    1 :  0.340 0.334 0.326 
1098 CP00015039    (0)    1 :  0.338 0.346 0.316 
1099 CP00016260    (0)    1 :  0.346 0.314 0.341 
1100 CP00016253    (0)    3 :  0.338 0.317 0.345 
1101 CP00016254    (0)    1 :  0.324 0.345 0.331 
1102 CP00049492    (0)    1 :  0.326 0.340 0.334 
1103 CP00016331    (0)    3 :  0.334 0.336 0.330 
1104 CP00016359    (0)    3 :  0.354 0.309 0.337 
1105 CP00016327    (0)    3 :  0.339 0.331 0.330 
1106 CP00016506    (0)    3 :  0.328 0.331 0.341 
1107 CP00016490    (0)    3 :  0.339 0.335 0.326 
1108 CP00016342    (0)    3 :  0.340 0.319 0.341 
1109 CP00016473    (0)    3 :  0.330 0.351 0.320 
1110 CP00016520    (0)    3 :  0.328 0.322 0.350 
1111 CP00016471    (0)    3 :  0.345 0.320 0.335 
1112 CP00016491    (0)    3 :  0.321 0.371 0.309 
1113 CP00016481    (0)    3 :  0.347 0.318 0.335 
1114 CP00016482    (0)    3 :  0.349 0.315 0.336 
1115 CP00016343    (0)    3 :  0.339 0.324 0.337 
1116 CP00016324    (0)    3 :  0.350 0.306 0.343 
1117 CP00016362    (0)    3 :  0.333 0.341 0.325 
1118 CP00016505    (0)    3 :  0.347 0.298 0.355 
1119 CP00016503    (0)    3 :  0.307 0.363 0.331 
1120 CP00016370    (0)    3 :  0.306 0.384 0.310 
1121 CP00016336    (0)    3 :  0.319 0.367 0.314 
1122 CP00016363    (0)    3 :  0.332 0.334 0.334 
1123 CP00016322    (0)    3 :  0.324 0.345 0.332 
1124 CP00016499    (0)    3 :  0.338 0.351 0.311 
1125 CP00016339    (0)    3 :  0.330 0.339 0.331 
1126 CP00016476    (0)    3 :  0.316 0.362 0.322 
1127 CP00016360    (0)    3 :  0.327 0.354 0.319 
1128 CP00016332    (0)    3 :  0.327 0.325 0.348 
1129 CP00016474    (0)    3 :  0.329 0.337 0.334 
1130 CP00016344    (0)    3 :  0.315 0.363 0.321 
1131 CP00016496    (0)    3 :  0.331 0.326 0.342 
1132 CP00016485    (0)    3 :  0.314 0.364 0.322 
1133 CP00016494    (0)    3 :  0.328 0.331 0.341 
1134 CP00016495    (0)    3 :  0.338 0.351 0.311 
1135 CP00016323    (0)    3 :  0.334 0.327 0.340 
1136 CP00016358    (0)    3 :  0.344 0.308 0.348 
1137 CP00016508    (0)    3 :  0.320 0.351 0.328 
1138 CP00016484    (0)    3 :  0.317 0.361 0.321 
1139 CP00016487    (0)    3 :  0.348 0.322 0.330 
1140 CP00016519    (0)    3 :  0.342 0.332 0.326 
1141 CP00016500    (0)    3 :  0.306 0.358 0.336 
1142 CP00016498    (0)    3 :  0.330 0.305 0.365 
1143 CP00016341    (0)    3 :  0.336 0.332 0.332 
1144 CP00016369    (0)    3 :  0.329 0.340 0.331 
1145 CP00016357    (0)    3 :  0.337 0.313 0.349 
1146 CP00016497    (0)    3 :  0.312 0.356 0.333 
1147 CP00016366    (0)    3 :  0.341 0.342 0.317 
1148 CP00016333    (0)    3 :  0.323 0.342 0.335 
1149 CP00016334    (0)    3 :  0.324 0.371 0.305 
1150 CP00016483    (0)    3 :  0.325 0.321 0.354 
1151 CP00016486    (0)    3 :  0.315 0.374 0.311 
1152 CP00016478    (0)    3 :  0.335 0.330 0.335 
1153 CP00016367    (0)    3 :  0.345 0.323 0.332 
1154 CP00016345    (0)    3 :  0.322 0.348 0.329 
1155 CP00016501    (0)    3 :  0.325 0.334 0.341 
1156 CP00016480    (0)    3 :  0.338 0.321 0.340 
1157 CP00016330    (0)    3 :  0.316 0.337 0.347 
1158 CP00016328    (0)    3 :  0.343 0.329 0.328 
1159 CP00016337    (0)    3 :  0.324 0.334 0.342 
1160 CP00016364    (0)    3 :  0.347 0.322 0.332 
1161 CP00016489    (0)    3 :  0.334 0.319 0.347 
1162 CP00016338    (0)    3 :  0.339 0.338 0.324 
1163 CP00016346    (0)    3 :  0.343 0.319 0.338 
1164 CP00016493    (0)    3 :  0.319 0.364 0.317 
1165 CP00016492    (0)    3 :  0.313 0.355 0.333 
1166 CP00016354    (0)    3 :  0.340 0.338 0.322 
1167 CP00016329    (0)    3 :  0.323 0.365 0.312 
1168 CP00016502    (0)    3 :  0.316 0.375 0.309 
1169 CP00016326    (0)    3 :  0.322 0.361 0.317 
1170 CP00016349    (0)    3 :  0.337 0.334 0.329 
1171 CP00016368    (0)    3 :  0.352 0.302 0.346 
1172 CP00016365    (0)    3 :  0.330 0.333 0.336 
1173 CP00016321    (0)    3 :  0.345 0.311 0.344 
1174 CP00016477    (0)    3 :  0.318 0.358 0.324 
1175 CP00016361    (0)    3 :  0.344 0.328 0.328 
1176 CP00016512    (0)    3 :  0.324 0.348 0.328 
1177 CP00016515    (0)    3 :  0.336 0.347 0.316 
1178 CP00016353    (0)    3 :  0.333 0.333 0.334 
1179 CP00016516    (0)    3 :  0.357 0.297 0.345 
1180 CP00016513    (0)    3 :  0.327 0.340 0.333 
1181 CP00016517    (0)    3 :  0.333 0.328 0.339 
1182 CP00016352    (0)    3 :  0.331 0.338 0.331 
1183 CP00016325    (0)    3 :  0.339 0.331 0.329 
1184 CP00016475    (0)    3 :  0.328 0.337 0.334 
1185 CP00016340    (0)    3 :  0.322 0.352 0.327 
1186 CP00016355    (0)    3 :  0.335 0.337 0.328 
1187 CP00016511    (0)    3 :  0.331 0.346 0.323 
1188 CP00016351    (0)    3 :  0.346 0.318 0.336 
1189 CP00016507    (0)    3 :  0.331 0.337 0.332 
1190 CP00016479    (0)    3 :  0.349 0.317 0.334 
1191 CP00016504    (0)    3 :  0.316 0.346 0.338 
1192 CP00016472    (0)    3 :  0.329 0.329 0.341 
1193 CP00016488    (3)    3 :  0.340 0.324 0.336 
1194 CP00016514    (0)    3 :  0.327 0.345 0.328 
1195 CP00016347    (0)    3 :  0.326 0.356 0.318 
1196 CP00016348    (0)    3 :  0.325 0.337 0.338 
1197 CP00016510    (0)    3 :  0.338 0.346 0.316 
1198 CP00016350    (0)    3 :  0.329 0.328 0.343 
1199 CP00016518    (0)    3 :  0.334 0.324 0.342 
1200 CP00016509    (0)    3 :  0.341 0.302 0.357 
1201 CP00015888    (0)    3 :  0.345 0.326 0.329 
1202 CP00015759    (0)    3 :  0.342 0.343 0.314 
1203 CP00015760    (0)    3 :  0.345 0.312 0.343 
1204 CP00015918    (0)    3 :  0.302 0.386 0.312 
1205 CP00015756    (0)    3 :  0.322 0.354 0.325 
1206 CP00015880    (0)    3 :  0.338 0.323 0.338 
1207 CP00015916    (0)    3 :  0.334 0.319 0.348 
1208 CP00015753    (0)    3 :  0.336 0.314 0.350 
1209 CP00015885    (0)    3 :  0.345 0.319 0.336 
1210 CP00015896    (0)    3 :  0.339 0.339 0.322 
1211 CP00015899    (0)    3 :  0.316 0.365 0.319 
1212 CP00015909    (0)    3 :  0.359 0.311 0.330 
1213 CP00015894    (0)    3 :  0.325 0.343 0.332 
1214 CP00015724    (0)    3 :  0.330 0.335 0.335 
1215 CP00015906    (0)    3 :  0.353 0.306 0.341 
1216 CP00015734    (3)    3 :  0.333 0.338 0.329 
1217 CP00015764    (0)    3 :  0.317 0.370 0.313 
1218 CP00015897    (0)    3 :  0.324 0.339 0.337 
1219 CP00015758    (0)    3 :  0.350 0.322 0.328 
1220 CP00015920    (0)    3 :  0.327 0.331 0.342 
1221 CP00015889    (0)    3 :  0.345 0.308 0.347 
1222 CP00015919    (0)    3 :  0.313 0.373 0.314 
1223 CP00015912    (0)    3 :  0.325 0.337 0.338 
1224 CP00015913    (0)    3 :  0.328 0.331 0.341 
1225 CP00015872    (0)    3 :  0.332 0.362 0.306 
1226 CP00015911    (0)    3 :  0.331 0.333 0.336 
1227 CP00015908    (0)    3 :  0.335 0.327 0.338 
1228 CP00015901    (0)    3 :  0.334 0.340 0.326 
1229 CP00015892    (3)    3 :  0.333 0.331 0.337 
1230 CP00015883    (0)    3 :  0.351 0.307 0.342 
1231 CP00015910    (0)    3 :  0.347 0.328 0.325 
1232 CP00015884    (0)    3 :  0.318 0.357 0.324 
1233 CP00015875    (0)    3 :  0.335 0.344 0.322 
1234 CP00015879    (0)    3 :  0.324 0.332 0.343 
1235 CP00015905    (0)    3 :  0.332 0.343 0.325 
1236 CP00015891    (0)    3 :  0.316 0.368 0.316 
1237 CP00015740    (0)    3 :  0.334 0.327 0.339 
1238 CP00015766    (0)    3 :  0.312 0.362 0.326 
1239 CP00015763    (0)    3 :  0.345 0.307 0.348 
1240 CP00015762    (0)    3 :  0.313 0.376 0.310 
1241 CP00015761    (0)    3 :  0.330 0.343 0.327 
1242 CP00015743    (0)    3 :  0.331 0.334 0.335 
1243 CP00015878    (0)    3 :  0.335 0.325 0.340 
1244 CP00015748    (0)    3 :  0.320 0.363 0.318 
1245 CP00015737    (0)    3 :  0.329 0.366 0.305 
1246 CP00015768    (0)    3 :  0.352 0.312 0.336 
1247 CP00015767    (0)    3 :  0.327 0.329 0.344 
1248 CP00015746    (0)    3 :  0.342 0.339 0.319 
1249 CP00015893    (0)    3 :  0.360 0.300 0.340 
1250 CP00015741    (0)    3 :  0.316 0.347 0.337 
1251 CP00015757    (0)    3 :  0.317 0.350 0.333 
1252 CP00015739    (0)    3 :  0.331 0.334 0.335 
1253 CP00015751    (0)    3 :  0.312 0.339 0.350 
1254 CP00015745    (0)    3 :  0.323 0.337 0.340 
1255 CP00015747    (0)    3 :  0.334 0.338 0.328 
1256 CP00015754    (0)    3 :  0.307 0.377 0.316 
1257 CP00015873    (0)    3 :  0.331 0.337 0.332 
1258 CP00015881    (0)    3 :  0.332 0.342 0.326 
1259 CP00015877    (0)    3 :  0.349 0.311 0.340 
1260 CP00015915    (0)    3 :  0.335 0.337 0.328 
1261 CP00015904    (0)    3 :  0.326 0.335 0.339 
1262 CP00015900    (0)    3 :  0.340 0.322 0.338 
1263 CP00015907    (0)    3 :  0.344 0.311 0.345 
1264 CP00015742    (0)    3 :  0.304 0.387 0.309 
1265 CP00015738    (0)    3 :  0.345 0.302 0.353 
1266 CP00015727    (0)    3 :  0.325 0.342 0.333 
1267 CP00015728    (0)    3 :  0.345 0.307 0.348 
1268 CP00015726    (0)    3 :  0.337 0.342 0.321 
1269 CP00015914    (0)    3 :  0.323 0.344 0.333 
1270 CP00015769    (0)    3 :  0.335 0.323 0.342 
1271 CP00015770    (0)    3 :  0.341 0.324 0.335 
1272 CP00015750    (0)    3 :  0.361 0.290 0.349 
1273 CP00015749    (0)    3 :  0.327 0.337 0.336 
1274 CP00015721    (0)    3 :  0.327 0.347 0.327 
1275 CP00015735    (0)    3 :  0.341 0.320 0.339 
1276 CP00015732    (0)    3 :  0.338 0.324 0.337 
1277 CP00015723    (0)    3 :  0.346 0.322 0.333 
1278 CP00015729    (0)    3 :  0.360 0.308 0.333 
1279 CP00015736    (0)    3 :  0.349 0.322 0.329 
1280 CP00015725    (0)    3 :  0.329 0.342 0.329 
1281 CP00015886    (0)    3 :  0.322 0.358 0.320 
1282 CP00015722    (0)    3 :  0.346 0.318 0.336 
1283 CP00015731    (0)    3 :  0.341 0.324 0.335 
1284 CP00015730    (0)    3 :  0.364 0.310 0.326 
1285 CP00015752    (0)    3 :  0.338 0.324 0.337 
1286 CP00015890    (0)    3 :  0.337 0.313 0.350 
1287 CP00015876    (0)    3 :  0.350 0.314 0.336 
1288 CP00015887    (0)    3 :  0.340 0.325 0.336 
1289 CP00015882    (0)    3 :  0.329 0.346 0.325 
1290 CP00015765    (0)    3 :  0.329 0.346 0.325 
1291 CP00015744    (0)    3 :  0.325 0.362 0.313 
1292 CP00015104    (0)    1 :  0.333 0.328 0.339 
1293 CP00015100    (0)    1 :  0.302 0.387 0.312 
1294 CP00015000    (0)    1 :  0.329 0.339 0.332 
1295 CP00015119    (0)    1 :  0.337 0.334 0.329 
1296 CP00015016    (0)    1 :  0.335 0.311 0.354 
1297 CP00015078    (0)    1 :  0.336 0.316 0.349 
1298 CP00015076    (0)    1 :  0.312 0.364 0.324 
1299 CP00015084    (0)    1 :  0.331 0.324 0.345 
1300 CP00015091    (0)    1 :  0.336 0.331 0.333 
1301 CP00015013    (0)    1 :  0.339 0.316 0.344 
1302 CP00015009    (0)    1 :  0.322 0.350 0.328 
1303 CP00015082    (0)    1 :  0.333 0.320 0.347 
1304 CP00014983    (0)    1 :  0.342 0.334 0.325 
1305 CP00015072    (0)    1 :  0.356 0.302 0.342 
1306 CP00015086    (0)    1 :  0.329 0.343 0.328 
1307 CP00015073    (0)    1 :  0.331 0.319 0.350 
1308 CP00015077    (0)    1 :  0.320 0.349 0.332 
1309 CP00014973    (0)    1 :  0.345 0.310 0.345 
1310 CP00015015    (0)    1 :  0.342 0.318 0.340 
1311 CP00014975    (0)    1 :  0.324 0.354 0.322 
1312 CP00014979    (0)    1 :  0.339 0.323 0.338 
1313 CP00014980    (0)    1 :  0.343 0.341 0.316 
1314 CP00015111    (0)    1 :  0.333 0.334 0.333 
1315 CP00015090    (0)    1 :  0.343 0.329 0.328 
1316 CP00015098    (0)    1 :  0.325 0.336 0.339 
1317 CP00015005    (0)    1 :  0.320 0.352 0.329 
1318 CP00015109    (0)    1 :  0.323 0.351 0.326 
1319 CP00015114    (0)    1 :  0.324 0.352 0.324 
1320 CP00015007    (0)    1 :  0.322 0.344 0.334 
1321 CP00015006    (0)    1 :  0.338 0.321 0.341 
1322 CP00014974    (0)    1 :  0.331 0.332 0.338 
1323 CP00015096    (0)    1 :  0.317 0.365 0.318 
1324 CP00015112    (0)    1 :  0.338 0.337 0.325 
1325 CP00015002    (0)    1 :  0.366 0.295 0.339 
1326 CP00015113    (0)    1 :  0.331 0.322 0.347 
1327 CP00015010    (0)    1 :  0.335 0.320 0.345 
1328 CP00015019    (0)    1 :  0.324 0.347 0.328 
1329 CP00015120    (0)    1 :  0.347 0.344 0.309 
1330 CP00015107    (0)    1 :  0.339 0.316 0.346 
1331 CP00015081    (0)    1 :  0.329 0.318 0.354 
1332 CP00015071    (0)    1 :  0.348 0.305 0.347 
1333 CP00015087    (0)    1 :  0.329 0.332 0.339 
1334 CP00015093    (3)    1 :  0.329 0.331 0.340 
1335 CP00015102    (0)    1 :  0.351 0.317 0.332 
1336 CP00015101    (0)    1 :  0.341 0.321 0.339 
1337 CP00014982    (0)    1 :  0.352 0.314 0.334 
1338 CP00014990    (0)    1 :  0.346 0.302 0.352 
1339 CP00015088    (0)    1 :  0.333 0.311 0.356 
1340 CP00014995    (0)    1 :  0.362 0.313 0.325 
1341 CP00015003    (0)    1 :  0.317 0.355 0.328 
1342 CP00015097    (0)    1 :  0.340 0.303 0.357 
1343 CP00014972    (0)    1 :  0.328 0.316 0.357 
1344 CP00015106    (0)    1 :  0.340 0.323 0.338 
1345 CP00015095    (0)    1 :  0.339 0.319 0.342 
1346 CP00014998    (0)    1 :  0.315 0.363 0.322 
1347 CP00014985    (0)    1 :  0.349 0.323 0.328 
1348 CP00014986    (0)    1 :  0.341 0.323 0.336 
1349 CP00014999    (0)    1 :  0.347 0.321 0.332 
1350 CP00014984    (0)    1 :  0.343 0.322 0.335 
1351 CP00015117    (0)    1 :  0.334 0.315 0.351 
1352 CP00015099    (0)    1 :  0.341 0.337 0.322 
1353 CP00015110    (0)    1 :  0.325 0.343 0.333 
1354 CP00015115    (0)    1 :  0.330 0.342 0.328 
1355 CP00015080    (0)    1 :  0.326 0.326 0.348 
1356 CP00015012    (0)    1 :  0.351 0.308 0.340 
1357 CP00014994    (0)    1 :  0.341 0.335 0.324 
1358 CP00015001    (0)    1 :  0.340 0.304 0.356 
1359 CP00014992    (0)    1 :  0.322 0.370 0.309 
1360 CP00015074    (0)    1 :  0.324 0.331 0.344 
1361 CP00014991    (0)    1 :  0.331 0.338 0.330 
1362 CP00014981    (0)    1 :  0.337 0.332 0.331 
1363 CP00014977    (0)    1 :  0.329 0.343 0.328 
1364 CP00014976    (0)    1 :  0.332 0.343 0.325 
1365 CP00014993    (0)    1 :  0.337 0.321 0.343 
1366 CP00014971    (0)    1 :  0.339 0.320 0.340 
1367 CP00015020    (0)    1 :  0.336 0.320 0.344 
1368 CP00015004    (0)    1 :  0.324 0.332 0.344 
1369 CP00015103    (0)    1 :  0.334 0.347 0.319 
1370 CP00015116    (0)    1 :  0.325 0.356 0.319 
1371 CP00015118    (0)    1 :  0.331 0.313 0.356 
1372 CP00014996    (0)    1 :  0.344 0.322 0.334 
1373 CP00015079    (0)    1 :  0.331 0.309 0.360 
1374 CP00015094    (0)    1 :  0.339 0.327 0.335 
1375 CP00015085    (0)    1 :  0.333 0.347 0.320 
1376 CP00015083    (0)    1 :  0.341 0.306 0.354 
1377 CP00015092    (0)    1 :  0.323 0.341 0.335 
1378 CP00018197    (0)    1 :  0.331 0.325 0.344 
1379 CP00018136    (0)    1 :  0.317 0.360 0.324 
1380 CP00018190    (0)    1 :  0.318 0.346 0.335 
1381 CP00018139    (0)    1 :  0.317 0.353 0.330 
1382 CP00018207    (0)    1 :  0.320 0.347 0.333 
1383 CP00018213    (0)    1 :  0.351 0.309 0.340 
1384 CP00018163    (0)    1 :  0.332 0.348 0.320 
1385 CP00018179    (0)    1 :  0.350 0.319 0.331 
1386 CP00018178    (0)    1 :  0.315 0.336 0.349 
1387 CP00018144    (0)    1 :  0.339 0.309 0.352 
1388 CP00018155    (0)    1 :  0.328 0.344 0.328 
1389 CP00018151    (0)    1 :  0.325 0.322 0.353 
1390 CP00018180    (0)    1 :  0.323 0.343 0.334 
1391 CP00018182    (0)    1 :  0.350 0.309 0.341 
1392 CP00018189    (0)    1 :  0.343 0.313 0.344 
1393 CP00018217    (0)    1 :  0.344 0.335 0.321 
1394 CP00018154    (0)    1 :  0.314 0.367 0.318 
1395 CP00018158    (0)    1 :  0.336 0.337 0.327 
1396 CP00018181    (0)    3 :  0.330 0.319 0.351 
1397 CP00018208    (0)    1 :  0.325 0.341 0.334 
1398 CP00018211    (0)    3 :  0.340 0.317 0.343 
1399 CP00018176    (0)    3 :  0.324 0.314 0.362 
1400 CP00018128    (0)    3 :  0.330 0.341 0.328 
1401 CP00018122    (0)    3 :  0.334 0.334 0.331 
1402 CP00018156    (0)    3 :  0.329 0.356 0.315 
1403 CP00018126    (3)    3 :  0.325 0.347 0.328 
1404 CP00018187    (0)    3 :  0.327 0.353 0.319 
1405 CP00018143    (0)    3 :  0.349 0.319 0.332 
1406 CP00018188    (0)    3 :  0.311 0.365 0.325 
1407 CP00018219    (0)    1 :  0.342 0.328 0.330 
1408 CP00018205    (0)    1 :  0.352 0.310 0.338 
1409 CP00018124    (0)    1 :  0.311 0.352 0.337 
1410 CP00018160    (0)    1 :  0.322 0.330 0.348 
1411 CP00018199    (0)    1 :  0.316 0.348 0.335 
1412 CP00018137    (0)    1 :  0.330 0.327 0.343 
1413 CP00018215    (0)    1 :  0.323 0.326 0.350 
1414 CP00018171    (0)    1 :  0.322 0.338 0.340 
1415 CP00018157    (0)    1 :  0.308 0.354 0.338 
1416 CP00018165    (0)    1 :  0.343 0.312 0.345 
1417 CP00018191    (0)    1 :  0.345 0.315 0.339 
1418 CP00018141    (0)    1 :  0.314 0.360 0.325 
1419 CP00018204    (0)    3 :  0.312 0.376 0.312 
1420 CP00018127    (0)    3 :  0.320 0.321 0.359 
1421 CP00018194    (0)    1 :  0.336 0.337 0.327 
1422 CP00018168    (0)    3 :  0.313 0.374 0.313 
1423 CP00018216    (0)    1 :  0.325 0.338 0.337 
1424 CP00018192    (0)    1 :  0.338 0.333 0.329 
1425 CP00018184    (0)    3 :  0.339 0.329 0.332 
1426 CP00018134    (0)    3 :  0.339 0.328 0.333 
1427 CP00018142    (0)    3 :  0.341 0.311 0.348 
1428 CP00018220    (0)    3 :  0.325 0.333 0.342 
1429 CP00018186    (0)    3 :  0.347 0.334 0.319 
1430 CP00018131    (0)    3 :  0.334 0.342 0.324 
1431 CP00018183    (0)    3 :  0.343 0.314 0.343 
1432 CP00018209    (0)    3 :  0.336 0.320 0.344 
1433 CP00018193    (0)    1 :  0.341 0.323 0.336 
1434 CP00018177    (0)    1 :  0.352 0.322 0.326 
1435 CP00018214    (0)    1 :  0.335 0.336 0.329 
1436 CP00018145    (0)    3 :  0.352 0.324 0.324 
1437 CP00018185    (0)    3 :  0.348 0.323 0.329 
1438 CP00018201    (0)    3 :  0.348 0.310 0.342 
1439 CP00018153    (0)    3 :  0.335 0.336 0.330 
1440 CP00018121    (0)    3 :  0.367 0.308 0.325 
1441 CP00018175    (0)    3 :  0.337 0.331 0.333 
1442 CP00018146    (0)    3 :  0.341 0.345 0.314 
1443 CP00018148    (0)    3 :  0.362 0.303 0.335 
1444 CP00018195    (0)    1 :  0.350 0.315 0.335 
1445 CP00018132    (0)    3 :  0.339 0.330 0.331 
1446 CP00018210    (0)    3 :  0.343 0.319 0.338 
1447 CP00018135    (0)    3 :  0.349 0.324 0.327 
1448 CP00018164    (0)    3 :  0.318 0.338 0.344 
1449 CP00018133    (0)    3 :  0.323 0.339 0.338 
1450 CP00018149    (0)    3 :  0.321 0.380 0.298 
1451 CP00018170    (0)    3 :  0.328 0.333 0.339 
1452 CP00018166    (0)    3 :  0.330 0.342 0.328 
1453 CP00018173    (0)    3 :  0.358 0.287 0.355 
1454 CP00018212    (0)    1 :  0.341 0.321 0.338 
1455 CP00018172    (0)    3 :  0.335 0.332 0.334 
1456 CP00018202    (0)    3 :  0.327 0.344 0.329 
1457 CP00018125    (0)    3 :  0.326 0.354 0.320 
1458 CP00018198    (0)    1 :  0.355 0.304 0.342 
1459 CP00018129    (0)    3 :  0.347 0.312 0.341 
1460 CP00018140    (0)    3 :  0.329 0.329 0.342 
1461 CP00018196    (0)    1 :  0.334 0.331 0.335 
1462 CP00018218    (0)    1 :  0.328 0.333 0.339 
1463 CP00017467    (0)    3 :  0.332 0.323 0.345 
1464 CP00017499    (0)    3 :  0.334 0.336 0.330 
1465 CP00017430    (0)    3 :  0.333 0.325 0.341 
1466 CP00017510    (0)    3 :  0.349 0.296 0.355 
1467 CP00017437    (0)    3 :  0.341 0.330 0.329 
1468 CP00017429    (0)    3 :  0.330 0.332 0.338 
1469 CP00017432    (0)    3 :  0.316 0.350 0.334 
1470 CP00017447    (0)    3 :  0.307 0.363 0.329 
1471 CP00017442    (0)    3 :  0.330 0.348 0.322 
1472 CP00017484    (0)    3 :  0.332 0.347 0.322 
1473 CP00017504    (0)    3 :  0.320 0.354 0.326 
1474 CP00017423    (0)    3 :  0.351 0.305 0.344 
1475 CP00017518    (0)    3 :  0.338 0.311 0.351 
1476 CP00017455    (0)    3 :  0.324 0.361 0.314 
1477 CP00017497    (0)    3 :  0.306 0.379 0.315 
1478 CP00017456    (0)    3 :  0.337 0.325 0.337 
1479 CP00017514    (0)    3 :  0.343 0.312 0.345 
1480 CP00017489    (0)    3 :  0.340 0.329 0.331 
1481 CP00017424    (0)    3 :  0.319 0.343 0.338 
1482 CP00017468    (0)    3 :  0.341 0.318 0.340 
1483 CP00017511    (0)    3 :  0.341 0.329 0.330 
1484 CP00017438    (0)    3 :  0.352 0.322 0.326 
1485 CP00017463    (0)    3 :  0.351 0.309 0.340 
1486 CP00017469    (0)    3 :  0.314 0.375 0.310 
1487 CP00017436    (0)    3 :  0.309 0.372 0.319 
1488 CP00017491    (0)    3 :  0.331 0.326 0.343 
1489 CP00017452    (0)    3 :  0.336 0.336 0.328 
1490 CP00017520    (0)    3 :  0.340 0.318 0.342 
1491 CP00017434    (0)    3 :  0.314 0.357 0.329 
1492 CP00017472    (0)    3 :  0.317 0.360 0.323 
1493 CP00017507    (0)    3 :  0.302 0.370 0.329 
1494 CP00017479    (0)    3 :  0.316 0.364 0.320 
1495 CP00017475    (0)    3 :  0.343 0.319 0.338 
1496 CP00017464    (0)    3 :  0.317 0.354 0.329 
1497 CP00017477    (0)    3 :  0.351 0.316 0.334 
1498 CP00017500    (0)    3 :  0.328 0.342 0.330 
1499 CP00017461    (0)    3 :  0.340 0.336 0.325 
1500 CP00017427    (0)    3 :  0.316 0.348 0.336 
1501 CP00017444    (0)    3 :  0.338 0.350 0.312 
1502 CP00017476    (0)    3 :  0.300 0.401 0.299 
1503 CP00017493    (0)    3 :  0.323 0.366 0.310 
1504 CP00017440    (0)    3 :  0.328 0.338 0.334 
1505 CP00017509    (0)    3 :  0.313 0.346 0.341 
1506 CP00017439    (0)    3 :  0.330 0.332 0.339 
1507 CP00017428    (0)    3 :  0.337 0.352 0.312 
1508 CP00017502    (0)    3 :  0.317 0.369 0.314 
1509 CP00017471    (0)    3 :  0.327 0.348 0.325 
1510 CP00017459    (0)    3 :  0.323 0.341 0.336 
1511 CP00017425    (0)    3 :  0.322 0.367 0.311 
1512 CP00017465    (0)    3 :  0.344 0.309 0.347 
1513 CP00017516    (0)    3 :  0.327 0.347 0.326 
1514 CP00017498    (0)    3 :  0.340 0.335 0.325 
1515 CP00017426    (0)    3 :  0.310 0.361 0.329 
1516 CP00017481    (0)    3 :  0.333 0.341 0.326 
1517 CP00017422    (0)    3 :  0.333 0.321 0.346 
1518 CP00017512    (0)    3 :  0.318 0.360 0.323 
1519 CP00017460    (0)    3 :  0.342 0.323 0.335 
1520 CP00017443    (0)    3 :  0.305 0.374 0.321 
1521 CP00017457    (0)    3 :  0.339 0.322 0.339 
1522 CP00017446    (0)    3 :  0.359 0.294 0.346 
1523 CP00017431    (0)    3 :  0.331 0.327 0.342 
1524 CP00017462    (0)    3 :  0.340 0.327 0.333 
1525 CP00017445    (0)    3 :  0.340 0.326 0.334 
1526 CP00017435    (0)    3 :  0.339 0.336 0.326 
1527 CP00017449    (0)    3 :  0.357 0.315 0.328 
1528 CP00017454    (0)    3 :  0.333 0.330 0.337 
1529 CP00017501    (0)    3 :  0.333 0.314 0.353 
1530 CP00017451    (0)    3 :  0.350 0.318 0.332 
1531 CP00017490    (0)    3 :  0.335 0.348 0.317 
1532 CP00017470    (0)    3 :  0.331 0.346 0.323 
1533 CP00017506    (0)    3 :  0.331 0.328 0.341 
1534 CP00017466    (0)    3 :  0.347 0.321 0.332 
1535 CP00017441    (0)    3 :  0.339 0.314 0.347 
1536 CP00017473    (0)    3 :  0.314 0.342 0.344 
1537 CP00017453    (0)    3 :  0.331 0.342 0.327 
1538 CP00017513    (0)    3 :  0.335 0.340 0.324 
1539 CP00017508    (0)    3 :  0.324 0.348 0.328 
1540 CP00017505    (0)    3 :  0.319 0.354 0.327 
1541 CP00017421    (0)    3 :  0.376 0.300 0.323 
1542 CP00017496    (0)    3 :  0.333 0.353 0.314 
1543 CP00017433    (0)    3 :  0.327 0.345 0.328 
1544 CP00017458    (0)    3 :  0.335 0.330 0.335 
1545 CP00017478    (0)    3 :  0.336 0.335 0.329 
1546 CP00017492    (0)    3 :  0.316 0.370 0.313 
1547 CP00017517    (0)    3 :  0.334 0.348 0.319 
1548 CP00017503    (0)    3 :  0.321 0.330 0.349 
1549 CP00017694    (0)    2 :  0.315 0.378 0.307 
1550 CP00017741    (0)    3 :  0.343 0.315 0.343 
1551 CP00017734    (0)    3 :  0.330 0.344 0.327 
1552 CP00017717    (0)    1 :  0.320 0.332 0.347 
1553 CP00017690    (0)    3 :  0.339 0.312 0.349 
1554 CP00017755    (0)    3 :  0.319 0.331 0.350 
1555 CP00017712    (0)    3 :  0.328 0.335 0.336 
1556 CP00017688    (0)    3 :  0.342 0.318 0.339 
1557 CP00017714    (0)    3 :  0.322 0.332 0.346 
1558 CP00017680    (0)    3 :  0.316 0.344 0.340 
1559 CP00017710    (0)    3 :  0.322 0.330 0.348 
1560 CP00017733    (0)    3 :  0.340 0.315 0.345 
1561 CP00017682    (0)    3 :  0.313 0.359 0.328 
1562 CP00017763    (0)    3 :  0.331 0.332 0.337 
1563 CP00017695    (0)    2 :  0.325 0.327 0.348 
1564 CP00017730    (0)    3 :  0.316 0.346 0.338 
1565 CP00017757    (0)    3 :  0.352 0.311 0.336 
1566 CP00017770    (0)    3 :  0.328 0.342 0.329 
1567 CP00017697    (0)    2 :  0.342 0.308 0.350 
1568 CP00017739    (0)    3 :  0.339 0.322 0.339 
1569 CP00017681    (0)    3 :  0.352 0.305 0.342 
1570 CP00017685    (0)    3 :  0.331 0.350 0.319 
1571 CP00017696    (0)    2 :  0.332 0.343 0.325 
1572 CP00017679    (0)    3 :  0.318 0.366 0.316 
1573 CP00017766    (0)    3 :  0.337 0.338 0.325 
1574 CP00017702    (0)    2 :  0.329 0.328 0.343 
1575 CP00017715    (0)    3 :  0.316 0.370 0.314 
1576 CP00017676    (0)    3 :  0.331 0.332 0.337 
1577 CP00017700    (0)    2 :  0.311 0.368 0.321 
1578 CP00017723    (0)    3 :  0.350 0.325 0.325 
1579 CP00017724    (0)    3 :  0.342 0.327 0.331 
1580 CP00017725    (0)    3 :  0.346 0.308 0.347 
1581 CP00017673    (0)    3 :  0.358 0.311 0.331 
1582 CP00017735    (0)    3 :  0.326 0.335 0.339 
1583 CP00017737    (0)    3 :  0.340 0.303 0.357 
1584 CP00017760    (0)    3 :  0.345 0.328 0.327 
1585 CP00017731    (0)    3 :  0.345 0.322 0.333 
1586 CP00017706    (0)    2 :  0.325 0.335 0.340 
1587 CP00017672    (0)    3 :  0.333 0.346 0.321 
1588 CP00017769    (0)    3 :  0.350 0.300 0.350 
1589 CP00017698    (0)    2 :  0.338 0.337 0.325 
1590 CP00017699    (0)    2 :  0.351 0.313 0.335 
1591 CP00017683    (0)    3 :  0.322 0.358 0.320 
1592 CP00017765    (0)    3 :  0.337 0.319 0.344 
1593 CP00017756    (0)    3 :  0.335 0.339 0.327 
1594 CP00017677    (0)    3 :  0.319 0.352 0.329 
1595 CP00017752    (0)    3 :  0.357 0.307 0.336 
1596 CP00017686    (0)    3 :  0.310 0.358 0.332 
1597 CP00017736    (0)    3 :  0.347 0.321 0.332 
1598 CP00017753    (0)    3 :  0.337 0.326 0.337 
1599 CP00017727    (0)    3 :  0.341 0.336 0.323 
1600 CP00017721    (0)    3 :  0.328 0.345 0.326 
1601 CP00017754    (0)    3 :  0.344 0.337 0.319 
1602 CP00017692    (0)    2 :  0.320 0.372 0.308 
1603 CP00017718    (0)    3 :  0.336 0.339 0.325 
1604 CP00017691    (0)    3 :  0.343 0.308 0.349 
1605 CP00017726    (0)    3 :  0.345 0.340 0.316 
1606 CP00017705    (0)    2 :  0.345 0.320 0.335 
1607 CP00017701    (0)    2 :  0.327 0.349 0.324 
1608 CP00017711    (0)    3 :  0.355 0.307 0.338 
1609 CP00017704    (0)    2 :  0.320 0.354 0.326 
1610 CP00017761    (0)    3 :  0.345 0.309 0.346 
1611 CP00017720    (0)    3 :  0.346 0.331 0.323 
1612 CP00017678    (0)    3 :  0.320 0.358 0.322 
1613 CP00017671    (0)    3 :  0.337 0.310 0.352 
1614 CP00017722    (0)    3 :  0.326 0.356 0.318 
1615 CP00017675    (0)    3 :  0.355 0.309 0.335 
1616 CP00017709    (0)    2 :  0.331 0.330 0.339 
1617 CP00017684    (0)    3 :  0.348 0.313 0.339 
1618 CP00017729    (0)    3 :  0.336 0.338 0.326 
1619 CP00017751    (0)    3 :  0.325 0.332 0.343 
1620 CP00017703    (3)    2 :  0.341 0.307 0.352 
1621 CP00017764    (0)    3 :  0.332 0.328 0.340 
1622 CP00017716    (0)    3 :  0.328 0.337 0.335 
1623 CP00017693    (0)    2 :  0.335 0.305 0.360 
1624 CP00017740    (0)    3 :  0.320 0.321 0.359 
1625 CP00017728    (0)    3 :  0.329 0.341 0.330 
1626 CP00017713    (0)    3 :  0.325 0.332 0.343 
1627 CP00017738    (0)    3 :  0.332 0.343 0.325 
1628 CP00017732    (0)    3 :  0.331 0.340 0.329 
1629 CP00017674    (0)    3 :  0.314 0.373 0.312 
1630 CP00017708    (0)    2 :  0.322 0.357 0.321 
1631 CP00015547    (0)    3 :  0.321 0.342 0.337 
1632 CP00015567    (0)    3 :  0.333 0.332 0.335 
1633 CP00015562    (0)    3 :  0.333 0.340 0.327 
1634 CP00015644    (0)    3 :  0.338 0.311 0.351 
1635 CP00015548    (0)    3 :  0.336 0.348 0.316 
1636 CP00015649    (0)    3 :  0.326 0.351 0.323 
1637 CP00015670    (0)    3 :  0.344 0.318 0.338 
1638 CP00015546    (0)    3 :  0.347 0.306 0.347 
1639 CP00015629    (0)    3 :  0.326 0.328 0.347 
1640 CP00015558    (0)    3 :  0.322 0.347 0.331 
1641 CP00015654    (0)    3 :  0.355 0.303 0.341 
1642 CP00015623    (0)    3 :  0.330 0.334 0.336 
1643 CP00015650    (0)    3 :  0.324 0.338 0.338 
1644 CP00015526    (0)    3 :  0.344 0.322 0.334 
1645 CP00015636    (0)    3 :  0.322 0.337 0.340 
1646 CP00015661    (0)    3 :  0.344 0.326 0.330 
1647 CP00015626    (0)    3 :  0.342 0.311 0.347 
1648 CP00015647    (0)    3 :  0.339 0.321 0.339 
1649 CP00015630    (0)    3 :  0.339 0.314 0.348 
1650 CP00015533    (0)    3 :  0.341 0.308 0.351 
1651 CP00015532    (0)    3 :  0.306 0.375 0.319 
1652 CP00015541    (0)    3 :  0.325 0.353 0.322 
1653 CP00015549    (0)    3 :  0.340 0.328 0.332 
1654 CP00015539    (0)    1 :  0.326 0.320 0.354 
1655 CP00015667    (0)    3 :  0.329 0.323 0.348 
1656 CP00015534    (0)    1 :  0.352 0.316 0.331 
1657 CP00015551    (0)    3 :  0.329 0.343 0.328 
1658 CP00015568    (0)    1 :  0.331 0.330 0.339 
1659 CP00015645    (0)    1 :  0.339 0.315 0.346 
1660 CP00015543    (0)    1 :  0.327 0.339 0.334 
1661 CP00015531    (0)    1 :  0.324 0.339 0.337 
1662 CP00015659    (0)    1 :  0.326 0.322 0.352 
1663 CP00015563    (0)    1 :  0.348 0.317 0.335 
1664 CP00015553    (0)    1 :  0.335 0.337 0.328 
1665 CP00015668    (0)    3 :  0.326 0.331 0.343 
1666 CP00015555    (0)    3 :  0.331 0.322 0.348 
1667 CP00015621    (0)    3 :  0.321 0.362 0.317 
1668 CP00015669    (0)    3 :  0.328 0.340 0.332 
1669 CP00015666    (0)    3 :  0.339 0.341 0.320 
1670 CP00015663    (0)    3 :  0.322 0.321 0.357 
1671 CP00015624    (0)    3 :  0.310 0.357 0.333 
1672 CP00015625    (0)    3 :  0.339 0.320 0.341 
1673 CP00015665    (0)    3 :  0.330 0.328 0.342 
1674 CP00015664    (0)    3 :  0.316 0.365 0.319 
1675 CP00015535    (0)    3 :  0.313 0.359 0.328 
1676 CP00015524    (0)    3 :  0.340 0.330 0.331 
1677 CP00015653    (0)    3 :  0.331 0.335 0.334 
1678 CP00015652    (0)    3 :  0.347 0.331 0.322 
1679 CP00015538    (0)    3 :  0.340 0.312 0.348 
1680 CP00015642    (0)    3 :  0.311 0.354 0.335 
1681 CP00015634    (0)    3 :  0.338 0.328 0.334 
1682 CP00015540    (0)    3 :  0.347 0.321 0.333 
1683 CP00015552    (0)    3 :  0.328 0.345 0.328 
1684 CP00015570    (0)    3 :  0.342 0.341 0.317 
1685 CP00015557    (0)    3 :  0.314 0.332 0.355 
1686 CP00015662    (0)    3 :  0.315 0.340 0.345 
1687 CP00015635    (0)    1 :  0.325 0.343 0.331 
1688 CP00015643    (0)    1 :  0.318 0.333 0.349 
1689 CP00015646    (0)    1 :  0.336 0.329 0.335 
1690 CP00015554    (0)    1 :  0.336 0.321 0.343 
1691 CP00015527    (0)    1 :  0.348 0.311 0.341 
1692 CP00015523    (0)    1 :  0.335 0.334 0.331 
1693 CP00015627    (0)    3 :  0.353 0.309 0.338 
1694 CP00015564    (0)    1 :  0.364 0.302 0.334 
1695 CP00015560    (0)    1 :  0.334 0.324 0.342 
1696 CP00015525    (0)    1 :  0.341 0.312 0.347 
1697 CP00015628    (0)    3 :  0.336 0.336 0.328 
1698 CP00015651    (0)    1 :  0.322 0.346 0.333 
1699 CP00017568    (0)    2 :  0.345 0.328 0.327 
1700 CP00017580    (0)    2 :  0.332 0.354 0.314 
1701 CP00017575    (0)    2 :  0.328 0.324 0.348 
1702 CP00017577    (0)    2 :  0.335 0.326 0.339 
1703 CP00017593    (0)    2 :  0.331 0.320 0.349 
1704 CP00017560    (0)    2 :  0.312 0.368 0.320 
1705 CP00017592    (0)    2 :  0.337 0.331 0.331 
1706 CP00017550    (0)    2 :  0.317 0.351 0.332 
1707 CP00017614    (0)    2 :  0.319 0.347 0.335 
1708 CP00017579    (0)    2 :  0.360 0.297 0.342 
1709 CP00017536    (0)    2 :  0.355 0.309 0.336 
1710 CP00017538    (0)    2 :  0.346 0.328 0.326 
1711 CP00017596    (0)    2 :  0.322 0.348 0.330 
1712 CP00017524    (0)    2 :  0.338 0.329 0.333 
1713 CP00017543    (0)    2 :  0.315 0.368 0.317 
1714 CP00017578    (0)    2 :  0.298 0.416 0.285 
1715 CP00017588    (0)    2 :  0.298 0.381 0.321 
1716 CP00017539    (0)    2 :  0.317 0.362 0.321 
1717 CP00017545    (0)    2 :  0.322 0.338 0.340 
1718 CP00017581    (0)    2 :  0.319 0.360 0.321 
1719 CP00017527    (0)    2 :  0.330 0.357 0.313 
1720 CP00017531    (0)    2 :  0.343 0.309 0.348 
1721 CP00017582    (0)    2 :  0.316 0.343 0.341 
1722 CP00017554    (0)    2 :  0.336 0.315 0.349 
1723 CP00017595    (0)    2 :  0.341 0.304 0.355 
1724 CP00017589    (0)    2 :  0.337 0.315 0.349 
1725 CP00017541    (0)    2 :  0.342 0.318 0.340 
1726 CP00017532    (0)    2 :  0.347 0.321 0.332 
1727 CP00017544    (0)    2 :  0.316 0.356 0.329 
1728 CP00017561    (0)    2 :  0.322 0.340 0.337 
1729 CP00017572    (0)    2 :  0.331 0.315 0.353 
1730 CP00017525    (0)    2 :  0.371 0.308 0.321 
1731 CP00017523    (0)    2 :  0.326 0.346 0.327 
1732 CP00017612    (0)    2 :  0.332 0.343 0.325 
1733 CP00017571    (0)    2 :  0.323 0.325 0.352 
1734 CP00017613    (0)    2 :  0.317 0.366 0.317 
1735 CP00017521    (0)    2 :  0.324 0.339 0.337 
1736 CP00017522    (0)    2 :  0.344 0.329 0.327 
1737 CP00017540    (0)    2 :  0.325 0.355 0.320 
1738 CP00017590    (0)    2 :  0.344 0.325 0.331 
1739 CP00017601    (0)    2 :  0.320 0.345 0.335 
1740 CP00017576    (0)    2 :  0.339 0.305 0.356 
1741 CP00017551    (0)    2 :  0.337 0.330 0.333 
1742 CP00017605    (0)    2 :  0.324 0.369 0.307 
1743 CP00017570    (0)    2 :  0.322 0.345 0.332 
1744 CP00017547    (0)    2 :  0.350 0.318 0.331 
1745 CP00017564    (0)    2 :  0.324 0.333 0.343 
1746 CP00017585    (0)    2 :  0.339 0.331 0.330 
1747 CP00017574    (0)    2 :  0.329 0.331 0.340 
1748 CP00017552    (0)    2 :  0.324 0.347 0.329 
1749 CP00017537    (0)    2 :  0.344 0.318 0.338 
1750 CP00017607    (0)    2 :  0.306 0.365 0.329 
1751 CP00017566    (0)    2 :  0.353 0.315 0.332 
1752 CP00017617    (0)    2 :  0.324 0.326 0.350 
1753 CP00017611    (0)    2 :  0.339 0.338 0.323 
1754 CP00017610    (0)    2 :  0.323 0.348 0.329 
1755 CP00017562    (0)    2 :  0.323 0.324 0.353 
1756 CP00017584    (0)    2 :  0.347 0.318 0.335 
1757 CP00017548    (0)    2 :  0.342 0.330 0.329 
1758 CP00017597    (0)    2 :  0.325 0.344 0.331 
1759 CP00017556    (0)    2 :  0.345 0.315 0.340 
1760 CP00017586    (0)    2 :  0.329 0.325 0.346 
1761 CP00017549    (0)    2 :  0.342 0.322 0.337 
1762 CP00017542    (0)    2 :  0.333 0.336 0.332 
1763 CP00017609    (0)    2 :  0.338 0.328 0.334 
1764 CP00017553    (0)    2 :  0.328 0.338 0.334 
1765 CP00017603    (0)    2 :  0.361 0.317 0.322 
1766 CP00017533    (0)    2 :  0.337 0.333 0.330 
1767 CP00017535    (0)    2 :  0.328 0.341 0.331 
1768 CP00017565    (0)    2 :  0.358 0.316 0.326 
1769 CP00017615    (0)    2 :  0.341 0.319 0.340 
1770 CP00017619    (0)    2 :  0.343 0.307 0.350 
1771 CP00017620    (0)    2 :  0.322 0.358 0.320 
1772 CP00017567    (0)    2 :  0.356 0.324 0.320 
1773 CP00017529    (0)    2 :  0.344 0.327 0.329 
1774 CP00017569    (0)    2 :  0.315 0.359 0.326 
1775 CP00017608    (0)    2 :  0.334 0.329 0.336 
1776 CP00017558    (0)    2 :  0.365 0.311 0.324 
1777 CP00017555    (0)    2 :  0.339 0.331 0.330 
1778 CP00017618    (0)    2 :  0.324 0.323 0.353 
1779 CP00017557    (0)    2 :  0.314 0.361 0.324 
1780 CP00017606    (0)    2 :  0.345 0.314 0.341 
1781 CP00017600    (0)    2 :  0.322 0.353 0.325 
1782 CP00017583    (0)    2 :  0.342 0.299 0.359 
1783 CP00017599    (0)    2 :  0.345 0.308 0.347 
1784 CP00017530    (0)    2 :  0.314 0.360 0.326 
1785 CP00017546    (0)    2 :  0.327 0.323 0.349 
1786 CP00017616    (0)    2 :  0.330 0.347 0.323 
1787 CP00017559    (0)    2 :  0.318 0.354 0.328 
1788 CP00017563    (0)    2 :  0.346 0.312 0.342 
1789 CP00017602    (0)    2 :  0.337 0.338 0.325 
1790 CP00017591    (0)    2 :  0.339 0.304 0.357 
1791 CP00017598    (0)    2 :  0.329 0.324 0.347 
1792 CP00017526    (0)    2 :  0.329 0.345 0.326 
1793 CP00017604    (0)    2 :  0.359 0.307 0.334 
1794 CP00015690    (0)    1 :  0.331 0.364 0.305 
1795 CP00015069    (3)    1 :  0.334 0.313 0.353 
1796 CP00015687    (0)    1 :  0.348 0.303 0.349 
1797 CP00015708    (0)    1 :  0.327 0.316 0.357 
1798 CP00015720    (0)    1 :  0.303 0.359 0.338 
1799 CP00049555    (0)    1 :  0.351 0.306 0.343 
1800 CP00049558    (0)    1 :  0.330 0.346 0.323 
1801 CP00015068    (0)    1 :  0.339 0.336 0.325 
1802 CP00015710    (0)    1 :  0.330 0.351 0.319 
1803 CP00049570    (0)    1 :  0.361 0.299 0.340 
1804 CP00049556    (0)    1 :  0.329 0.326 0.345 
1805 CP00049534    (0)    3 :  0.358 0.306 0.337 
1806 CP00049543    (0)    3 :  0.335 0.336 0.329 
1807 CP00049539    (0)    3 :  0.329 0.325 0.346 
1808 CP00049567    (0)    3 :  0.340 0.325 0.335 
1809 CP00015706    (0)    1 :  0.348 0.317 0.335 
1810 CP00015063    (0)    3 :  0.333 0.336 0.331 
1811 CP00015067    (0)    3 :  0.330 0.323 0.347 
1812 CP00049536    (0)    3 :  0.302 0.390 0.308 
1813 CP00049560    (0)    3 :  0.323 0.308 0.369 
1814 CP00049529    (0)    3 :  0.341 0.318 0.342 
1815 CP00015699    (0)    1 :  0.327 0.328 0.344 
1816 CP00015066    (0)    3 :  0.349 0.324 0.327 
1817 CP00015712    (0)    1 :  0.338 0.319 0.343 
1818 CP00049526    (0)    3 :  0.349 0.321 0.330 
1819 CP00049562    (0)    3 :  0.328 0.340 0.332 
1820 CP00049525    (0)    3 :  0.331 0.319 0.350 
1821 CP00015689    (0)    1 :  0.342 0.332 0.327 
1822 CP00049544    (0)    3 :  0.334 0.313 0.353 
1823 CP00049545    (0)    3 :  0.337 0.325 0.337 
1824 CP00049541    (0)    3 :  0.345 0.313 0.342 
1825 CP00049528    (0)    3 :  0.320 0.352 0.328 
1826 CP00049521    (0)    3 :  0.317 0.351 0.332 
1827 CP00015709    (0)    1 :  0.309 0.362 0.329 
1828 CP00015716    (0)    1 :  0.337 0.341 0.323 
1829 CP00015688    (0)    1 :  0.322 0.359 0.319 
1830 CP00015700    (0)    1 :  0.343 0.322 0.335 
1831 CP00049549    (0)    3 :  0.335 0.333 0.332 
1832 CP00049550    (0)    3 :  0.344 0.323 0.332 
1833 CP00015070    (0)    3 :  0.339 0.341 0.320 
1834 CP00015686    (0)    1 :  0.313 0.367 0.319 
1835 CP00015062    (0)    3 :  0.324 0.365 0.311 
1836 CP00049563    (0)    3 :  0.332 0.342 0.326 
1837 CP00049537    (0)    3 :  0.326 0.329 0.345 
1838 CP00049551    (0)    3 :  0.341 0.326 0.333 
1839 CP00049535    (0)    3 :  0.326 0.337 0.337 
1840 CP00015719    (0)    1 :  0.305 0.358 0.336 
1841 CP00015697    (0)    1 :  0.344 0.317 0.340 
1842 CP00015714    (0)    1 :  0.325 0.356 0.320 
1843 CP00015715    (0)    1 :  0.327 0.340 0.333 
1844 CP00049559    (0)    3 :  0.342 0.330 0.328 
1845 CP00049566    (0)    3 :  0.336 0.340 0.325 
1846 CP00049542    (0)    3 :  0.329 0.349 0.321 
1847 CP00049530    (0)    3 :  0.340 0.328 0.332 
1848 CP00049532    (0)    3 :  0.348 0.303 0.349 
1849 CP00049554    (0)    3 :  0.324 0.356 0.320 
1850 CP00049564    (0)    3 :  0.329 0.348 0.323 
1851 CP00015702    (0)    1 :  0.340 0.332 0.328 
1852 CP00015681    (0)    1 :  0.335 0.345 0.320 
1853 CP00015718    (0)    1 :  0.348 0.319 0.333 
1854 CP00015698    (0)    1 :  0.333 0.347 0.320 
1855 CP00049531    (0)    3 :  0.320 0.368 0.312 
1856 CP00049548    (0)    3 :  0.332 0.340 0.328 
1857 CP00015695    (0)    1 :  0.336 0.347 0.318 
1858 CP00015692    (0)    1 :  0.333 0.323 0.343 
1859 CP00015693    (0)    1 :  0.332 0.320 0.349 
1860 CP00049522    (0)    3 :  0.330 0.321 0.349 
1861 CP00049546    (0)    3 :  0.349 0.320 0.331 
1862 CP00049557    (0)    3 :  0.347 0.324 0.329 
1863 CP00049533    (0)    3 :  0.334 0.329 0.337 
1864 CP00015683    (0)    1 :  0.349 0.315 0.336 
1865 CP00015713    (0)    1 :  0.334 0.350 0.316 
1866 CP00015684    (0)    1 :  0.349 0.319 0.332 
1867 CP00015696    (0)    1 :  0.347 0.311 0.342 
1868 CP00049538    (0)    3 :  0.344 0.326 0.330 
1869 CP00015705    (0)    1 :  0.352 0.310 0.338 
1870 CP00015691    (0)    1 :  0.334 0.333 0.333 
1871 CP00049547    (0)    1 :  0.319 0.365 0.316 
1872 CP00015065    (0)    1 :  0.344 0.323 0.333 
1873 CP00049540    (0)    1 :  0.351 0.310 0.339 
1874 CP00015703    (0)    1 :  0.355 0.316 0.330 
1875 CP00049552    (0)    1 :  0.325 0.326 0.349 
1876 CP00015682    (0)    1 :  0.336 0.313 0.351 
1877 CP00015064    (0)    3 :  0.325 0.321 0.354 
1878 CP00015685    (0)    1 :  0.337 0.331 0.332 
1879 CP00015061    (0)    3 :  0.319 0.339 0.343 
1880 CP00021003    (0)    1 :  0.347 0.331 0.322 
1881 CP00021007    (0)    1 :  0.333 0.338 0.329 
1882 CP00021019    (0)    1 :  0.336 0.335 0.329 
1883 CP00020975    (0)    1 :  0.325 0.353 0.322 
1884 CP00020971    (0)    1 :  0.328 0.344 0.328 
1885 CP00020972    (0)    1 :  0.332 0.350 0.318 
1886 CP00020973    (0)    1 :  0.323 0.338 0.339 
1887 CP00021002    (0)    1 :  0.334 0.293 0.373 
1888 CP00021008    (0)    1 :  0.320 0.360 0.320 
1889 CP00021020    (0)    1 :  0.347 0.311 0.343 
1890 CP00021016    (0)    1 :  0.350 0.307 0.343 
1891 CP00020999    (0)    1 :  0.339 0.314 0.347 
1892 CP00021000    (0)    1 :  0.358 0.301 0.340 
1893 CP00020996    (0)    1 :  0.344 0.331 0.325 
1894 CP00021005    (0)    1 :  0.339 0.332 0.329 
1895 CP00020976    (0)    1 :  0.331 0.329 0.341 
1896 CP00021009    (0)    1 :  0.346 0.317 0.337 
1897 CP00021010    (0)    1 :  0.352 0.315 0.333 
1898 CP00020998    (0)    1 :  0.338 0.318 0.344 
1899 CP00020997    (0)    1 :  0.338 0.317 0.345 
1900 CP00021017    (0)    1 :  0.327 0.348 0.325 
1901 CP00021018    (0)    1 :  0.352 0.320 0.328 
1902 CP00020974    (0)    1 :  0.318 0.354 0.328 
1903 CP00021015    (0)    1 :  0.347 0.311 0.342 
1904 CP00021006    (0)    1 :  0.331 0.321 0.348 
1905 CP00020991    (0)    1 :  0.317 0.380 0.303 
1906 CP00020977    (0)    1 :  0.365 0.310 0.325 
1907 CP00020993    (0)    1 :  0.343 0.324 0.333 
1908 CP00020995    (0)    1 :  0.329 0.352 0.319 
1909 CP00021004    (0)    1 :  0.307 0.376 0.317 
1910 CP00020992    (3)    1 :  0.353 0.306 0.341 
1911 CP00021001    (0)    1 :  0.314 0.353 0.333 
1912 CP00020866    (0)    3 :  0.327 0.353 0.321 
1913 CP00020822    (0)    3 :  0.331 0.341 0.328 
1914 CP00072624    (0)    3 :  0.318 0.338 0.344 
1915 CP00072595    (0)    2 :  0.328 0.351 0.321 
1916 CP00072586    (0)    2 :  0.325 0.335 0.340 
1917 CP00072605    (0)    3 :  0.357 0.307 0.336 
1918 CP00072615    (0)    3 :  0.337 0.315 0.348 
1919 CP00072633    (0)    1 :  0.350 0.312 0.339 
1920 CP00072589    (0)    2 :  0.320 0.372 0.308 
1921 CP00072630    (0)    3 :  0.345 0.324 0.330 
1922 CP00072593    (0)    2 :  0.331 0.323 0.346 
1923 CP00072614    (0)    3 :  0.329 0.339 0.332 
1924 CP00072617    (0)    3 :  0.346 0.318 0.336 
1925 CP00072618    (0)    3 :  0.338 0.320 0.342 
1926 CP00072583    (0)    2 :  0.348 0.313 0.340 
1927 CP00072637    (0)    1 :  0.336 0.325 0.339 
1928 CP00072612    (0)    3 :  0.337 0.317 0.346 
1929 CP00072579    (0)    1 :  0.338 0.317 0.345 
1930 CP00072629    (0)    3 :  0.330 0.331 0.339 
1931 CP00072607    (0)    3 :  0.336 0.320 0.344 
1932 CP00072613    (0)    3 :  0.324 0.333 0.342 
1933 CP00072644    (0)    3 :  0.354 0.309 0.337 
1934 CP00072627    (0)    3 :  0.318 0.362 0.320 
1935 CP00072584    (0)    2 :  0.326 0.352 0.322 
1936 CP00072611    (0)    3 :  0.342 0.313 0.344 
1937 CP00072578    (0)    1 :  0.355 0.311 0.334 
1938 CP00072608    (0)    3 :  0.349 0.303 0.347 
1939 CP00072628    (0)    3 :  0.319 0.350 0.331 
1940 CP00072606    (0)    3 :  0.302 0.383 0.315 
1941 CP00072645    (0)    3 :  0.338 0.331 0.331 
1942 CP00072638    (0)    1 :  0.344 0.328 0.329 
1943 CP00072580    (0)    1 :  0.340 0.317 0.344 
1944 CP00072588    (0)    2 :  0.329 0.337 0.334 
1945 CP00072591    (0)    2 :  0.336 0.338 0.326 
1946 CP00072590    (0)    2 :  0.331 0.334 0.335 
1947 CP00072592    (0)    2 :  0.321 0.350 0.329 
1948 CP00072582    (0)    1 :  0.319 0.353 0.328 
1949 CP00072609    (0)    3 :  0.324 0.358 0.317 
1950 CP00072635    (0)    1 :  0.316 0.358 0.327 
1951 CP00072647    (0)    1 :  0.320 0.338 0.343 
1952 CP00072585    (0)    2 :  0.342 0.307 0.351 
1953 CP00072587    (0)    2 :  0.339 0.310 0.352 
1954 CP00072639    (0)    1 :  0.317 0.341 0.342 
1955 CP00072640    (0)    1 :  0.341 0.320 0.339 
1956 CP00072625    (0)    3 :  0.348 0.322 0.330 
1957 CP00072576    (0)    1 :  0.332 0.328 0.340 
1958 CP00072634    (0)    1 :  0.338 0.333 0.329 
1959 CP00072619    (0)    3 :  0.345 0.330 0.325 
1960 CP00072621    (0)    3 :  0.341 0.332 0.327 
1961 CP00072571    (0)    1 :  0.327 0.332 0.341 
1962 CP00072646    (0)    1 :  0.358 0.301 0.341 
1963 CP00072622    (0)    1 :  0.339 0.324 0.338 
1964 CP00072577    (0)    1 :  0.319 0.339 0.342 
1965 CP00072610    (0)    3 :  0.357 0.293 0.350 
1966 CP00072620    (0)    3 :  0.363 0.315 0.322 
1967 CP00072616    (0)    3 :  0.303 0.392 0.305 
1968 CP00072623    (0)    3 :  0.335 0.333 0.331 
1969 CP00072626    (0)    3 :  0.346 0.315 0.339 
1970 CP00072641    (0)    1 :  0.339 0.329 0.332 
1971 CP00072642    (0)    3 :  0.332 0.323 0.345 
1972 CP00072157    (0)    3 :  0.349 0.307 0.344 
1973 CP00072132    (0)    3 :  0.345 0.330 0.325 
1974 CP00072144    (0)    3 :  0.342 0.337 0.320 
1975 CP00072148    (0)    3 :  0.354 0.321 0.325 
1976 CP00072169    (0)    3 :  0.330 0.352 0.317 
1977 CP00072133    (0)    3 :  0.338 0.337 0.325 
1978 CP00072139    (0)    3 :  0.347 0.310 0.343 
1979 CP00072155    (0)    1 :  0.333 0.354 0.313 
1980 CP00072143    (0)    1 :  0.301 0.381 0.317 
1981 CP00072136    (0)    1 :  0.352 0.311 0.337 
1982 CP00075424    (0)    1 :  0.311 0.380 0.309 
1983 CP00075416    (0)    1 :  0.333 0.328 0.339 
1984 CP00075420    (0)    1 :  0.333 0.347 0.320 
1985 CP00072159    (0)    1 :  0.318 0.359 0.323 
1986 CP00072137    (0)    1 :  0.341 0.322 0.338 
1987 CP00075415    (0)    1 :  0.338 0.320 0.341 
1988 CP00072131    (0)    1 :  0.352 0.327 0.321 
1989 CP00072156    (0)    1 :  0.327 0.349 0.325 
1990 CP00072134    (0)    1 :  0.334 0.323 0.343 
1991 CP00072138    (0)    1 :  0.341 0.312 0.346 
1992 CP00072142    (0)    1 :  0.309 0.374 0.317 
1993 CP00072168    (0)    1 :  0.321 0.322 0.357 
1994 CP00072153    (0)    1 :  0.335 0.335 0.330 
1995 CP00072154    (0)    1 :  0.311 0.343 0.346 
1996 CP00072166    (0)    1 :  0.331 0.359 0.310 
1997 CP00075417    (0)    2 :  0.319 0.348 0.333 
1998 CP00072152    (0)    2 :  0.327 0.346 0.327 
1999 CP00072160    (0)    2 :  0.315 0.363 0.322 
2000 CP00072149    (0)    2 :  0.311 0.364 0.326 

Command line arguments:   ./structure -m mainparams_primary -e extraparams_primary -i Albania_2000_STRUCTURE.txt -o primary_output/Albania_primary_K03_rep07 -K 3 -N 2000 -L 16 -D 20263812 
Input File:    Albania_2000_STRUCTURE.txt
Output File:   primary_output/Albania_primary_K03_rep07_f

Run parameters:
   2000 individuals
   16 loci
   3 populations assumed
   100000 Burn-in period
   500000 Reps
RANDOMIZE turned off

--------------------------------------------
Estimated Ln Prob of Data   = -127143.7
Mean value of ln likelihood = -125350.6
Variance of ln likelihood   = 3586.1
Mean value of alpha         = 8.7157

Mean value of Fst_1         = 0.1232
Mean value of Fst_2         = 0.0002
Mean value of Fst_3         = 0.1228


--------------------------------------------
Proportion of membership of each pre-defined
 population in each of the 3 clusters

Given    Inferred Clusters       Number of
 Pop       1      2      3      Individuals

  1:     0.334  0.332  0.334      358
  2:     0.334  0.332  0.334      1039
  3:     0.333  0.334  0.333      603
--------------------------------------------
Final results printed to file primary_output/Albania_primary_K03_rep07_f

