

----------------------------------------------------
STRUCTURE by Pritchard, Stephens and Donnelly (2000)
     and Falush, Stephens and Pritchard (2003)
       Code by Pritchard, Falush and Hubisz
             Version 2.3.4 (Jul 2012)
----------------------------------------------------


Reading file "mainparams_primary".
datafile is
Albania_2000_STRUCTURE.txt
Reading file "extraparams_primary".
Reading file "Albania_2000_STRUCTURE.txt".


Data file "Albania_2000_STRUCTURE.txt" (truncated) --

Ind:   Label Pop : Genotype_data . . . .
  1: CP00019943    2  : 93 170 150 120 100 110 120  . . . . 242
  1: CP00019943    2  : 93 230 160 130 110 140 130  . . . . 302
  2: CP00019945    2  : 60 190 180 130 120 140 132  . . . . 200
  2: CP00019945    2  : 93 200 180 140 120 180 150  . . . . 302
  3: CP00019948    2  : 60 170 160 120  90 120 140  . . . . 190
  3: CP00019948    2  : 80 250 180 140 120 180 150  . . . . 252
  4: CP00019939    2  : 60 170 150 140 120 160 140  . . . . 200
  4: CP00019939    2  : 90 200 180 150 120 170 140  . . . . 232

      *******   

1999: CP00072160    2  : 80 160 160 110  90 120 140  . . . . 190
1999: CP00072160    2  : 93 170 170 120 110 160 142  . . . . 200
2000: CP00072149    2  : 60 160 150 120  90 110 140  . . . . 180
2000: CP00072149    2  : 60 160 180 150 120 140 150  . . . . 262

Number of alleles per locus: min= 6; ave=15.4; max=55


--------------------------------------

Finished initialization; starting MCMC 
500000 iterations + 100000 burnin


 Rep#:   Lambda   Alpha      F1       Ln Like 
  100:    1.00    1.422    0.017      --  
  200:    1.00    1.108    0.015      --  
  300:    1.00    1.066    0.025      --  
  400:    1.00    1.138    0.021      --  
  500:    1.00    1.256    0.026      --  
  600:    1.00    1.496    0.020      --  
  700:    1.00    1.569    0.018      --  
  800:    1.00    1.648    0.017      --  
  900:    1.00    1.074    0.020      --  

 Rep#:   Lambda   Alpha      F1       Ln Like 
 1000:    1.00    1.456    0.021      --  
 1100:    1.00    1.885    0.026      --  
 1200:    1.00    1.972    0.037      --  
 1300:    1.00    1.657    0.023      --  
 1400:    1.00    1.444    0.028      --  
 1500:    1.00    1.053    0.027      --  
 1600:    1.00    0.747    0.023      --  
 1700:    1.00    0.858    0.038      --  
 1800:    1.00    1.078    0.034      --  
 1900:    1.00    1.593    0.031      --  

 Rep#:   Lambda   Alpha      F1       Ln Like 
 2000:    1.00    1.741    0.041      --  
 2100:    1.00    1.866    0.052      --  
 2200:    1.00    1.158    0.036      --  
 2300:    1.00    1.371    0.039      --  
 2400:    1.00    0.893    0.033      --  
 2500:    1.00    0.631    0.031      --  
 2600:    1.00    0.965    0.040      --  
 2700:    1.00    1.132    0.034      --  
 2800:    1.00    1.048    0.031      --  
 2900:    1.00    0.956    0.036      --  

 Rep#:   Lambda   Alpha      F1       Ln Like 
 3000:    1.00    0.726    0.030      --  
 3100:    1.00    1.028    0.023      --  
 3200:    1.00    0.909    0.017      --  
 3300:    1.00    1.342    0.019      --  
 3400:    1.00    1.307    0.026      --  
 3500:    1.00    0.955    0.027      --  
 3600:    1.00    1.410    0.034      --  
 3700:    1.00    1.068    0.032      --  
 3800:    1.00    1.092    0.032      --  
 3900:    1.00    1.212    0.032      --  

 Rep#:   Lambda   Alpha      F1       Ln Like 
 4000:    1.00    1.377    0.027      --  
 4100:    1.00    1.608    0.024      --  
 4200:    1.00    1.418    0.020      --  
 4300:    1.00    1.250    0.021      --  
 4400:    1.00    1.318    0.023      --  
 4500:    1.00    1.199    0.029      --  
 4600:    1.00    1.509    0.021      --  
 4700:    1.00    1.404    0.032      --  
 4800:    1.00    1.561    0.032      --  
 4900:    1.00    1.288    0.027      --  

 Rep#:   Lambda   Alpha      F1       Ln Like 
 5000:    1.00    1.349    0.028      --  
 5100:    1.00    1.280    0.032      --  
 5200:    1.00    1.391    0.030      --  
 5300:    1.00    0.959    0.030      --  
 5400:    1.00    1.392    0.026      --  
 5500:    1.00    1.397    0.027      --  
 5600:    1.00    1.469    0.029      --  
 5700:    1.00    1.999    0.025      --  
 5800:    1.00    2.464    0.021      --  
 5900:    1.00    2.426    0.031      --  

 Rep#:   Lambda   Alpha      F1       Ln Like 
 6000:    1.00    2.668    0.031      --  
 6100:    1.00    2.590    0.031      --  
 6200:    1.00    2.929    0.027      --  
 6300:    1.00    2.518    0.029      --  
 6400:    1.00    2.438    0.024      --  
 6500:    1.00    2.663    0.025      --  
 6600:    1.00    2.606    0.025      --  
 6700:    1.00    2.854    0.026      --  
 6800:    1.00    2.795    0.035      --  
 6900:    1.00    3.340    0.030      --  

 Rep#:   Lambda   Alpha      F1       Ln Like 
 7000:    1.00    2.796    0.025      --  
 7100:    1.00    2.656    0.030      --  
 7200:    1.00    2.464    0.024      --  
 7300:    1.00    2.060    0.030      --  
 7400:    1.00    2.086    0.031      --  
 7500:    1.00    2.260    0.024      --  
 7600:    1.00    2.078    0.027      --  
 7700:    1.00    1.721    0.028      --  
 7800:    1.00    1.544    0.023      --  
 7900:    1.00    1.487    0.024      --  

 Rep#:   Lambda   Alpha      F1       Ln Like 
 8000:    1.00    1.444    0.022      --  
 8100:    1.00    1.746    0.028      --  
 8200:    1.00    1.355    0.034      --  
 8300:    1.00    1.528    0.030      --  
 8400:    1.00    1.363    0.029      --  
 8500:    1.00    1.736    0.033      --  
 8600:    1.00    1.766    0.031      --  
 8700:    1.00    1.859    0.025      --  
 8800:    1.00    1.789    0.029      --  
 8900:    1.00    1.834    0.034      --  

 Rep#:   Lambda   Alpha      F1       Ln Like 
 9000:    1.00    1.730    0.033      --  
 9100:    1.00    1.822    0.037      --  
 9200:    1.00    1.616    0.032      --  
 9300:    1.00    1.784    0.026      --  
 9400:    1.00    1.804    0.030      --  
 9500:    1.00    1.385    0.028      --  
 9600:    1.00    1.490    0.032      --  
 9700:    1.00    1.276    0.035      --  
 9800:    1.00    1.263    0.040      --  
 9900:    1.00    1.082    0.033      --  

 Rep#:   Lambda   Alpha      F1       Ln Like 
10000:    1.00    1.481    0.039      --  
10100:    1.00    1.056    0.030      --  
10200:    1.00    1.341    0.033      --  
10300:    1.00    1.182    0.036      --  
10400:    1.00    1.322    0.033      --  
10500:    1.00    1.209    0.032      --  
10600:    1.00    1.797    0.035      --  
10700:    1.00    2.117    0.028      --  
10800:    1.00    1.755    0.030      --  
10900:    1.00    1.777    0.028      --  

 Rep#:   Lambda   Alpha      F1       Ln Like 
11000:    1.00    2.243    0.028      --  
11100:    1.00    2.192    0.032      --  
11200:    1.00    2.035    0.024      --  
11300:    1.00    1.889    0.034      --  
11400:    1.00    2.735    0.032      --  
11500:    1.00    2.489    0.031      --  
11600:    1.00    2.545    0.030      --  
11700:    1.00    2.490    0.024      --  
11800:    1.00    2.320    0.035      --  
11900:    1.00    2.433    0.042      --  

 Rep#:   Lambda   Alpha      F1       Ln Like 
12000:    1.00    2.390    0.030      --  
12100:    1.00    2.130    0.034      --  
12200:    1.00    2.260    0.038      --  
12300:    1.00    2.003    0.032      --  
12400:    1.00    2.131    0.027      --  
12500:    1.00    1.944    0.039      --  
12600:    1.00    1.859    0.033      --  
12700:    1.00    2.467    0.027      --  
12800:    1.00    2.144    0.026      --  
12900:    1.00    1.826    0.037      --  

 Rep#:   Lambda   Alpha      F1       Ln Like 
13000:    1.00    1.540    0.031      --  
13100:    1.00    1.751    0.023      --  
13200:    1.00    1.705    0.029      --  
13300:    1.00    1.815    0.029      --  
13400:    1.00    1.237    0.029      --  
13500:    1.00    1.408    0.030      --  
13600:    1.00    1.218    0.029      --  
13700:    1.00    1.022    0.028      --  
13800:    1.00    0.740    0.029      --  
13900:    1.00    0.901    0.036      --  

 Rep#:   Lambda   Alpha      F1       Ln Like 
14000:    1.00    1.017    0.030      --  
14100:    1.00    1.280    0.029      --  
14200:    1.00    1.594    0.029      --  
14300:    1.00    1.420    0.031      --  
14400:    1.00    1.591    0.029      --  
14500:    1.00    1.789    0.023      --  
14600:    1.00    1.990    0.023      --  
14700:    1.00    1.710    0.034      --  
14800:    1.00    1.311    0.029      --  
14900:    1.00    1.150    0.027      --  

 Rep#:   Lambda   Alpha      F1       Ln Like 
15000:    1.00    0.993    0.023      --  
15100:    1.00    0.961    0.023      --  
15200:    1.00    1.065    0.030      --  
15300:    1.00    1.224    0.026      --  
15400:    1.00    1.247    0.029      --  
15500:    1.00    1.302    0.030      --  
15600:    1.00    1.204    0.027      --  
15700:    1.00    1.352    0.030      --  
15800:    1.00    1.814    0.028      --  
15900:    1.00    1.780    0.029      --  

 Rep#:   Lambda   Alpha      F1       Ln Like 
16000:    1.00    1.720    0.028      --  
16100:    1.00    1.624    0.038      --  
16200:    1.00    1.386    0.032      --  
16300:    1.00    1.737    0.033      --  
16400:    1.00    1.141    0.030      --  
16500:    1.00    0.829    0.033      --  
16600:    1.00    0.832    0.031      --  
16700:    1.00    0.348    0.030      --  
16800:    1.00    0.255    0.033      --  
16900:    1.00    0.187    0.024      --  

 Rep#:   Lambda   Alpha      F1       Ln Like 
17000:    1.00    0.188    0.028      --  
17100:    1.00    0.061    0.035      --  
17200:    1.00    0.093    0.035      --  
17300:    1.00    0.399    0.039      --  
17400:    1.00    0.188    0.033      --  
17500:    1.00    0.344    0.038      --  
17600:    1.00    0.408    0.033      --  
17700:    1.00    0.159    0.030      --  
17800:    1.00    0.139    0.030      --  
17900:    1.00    0.034    0.030      --  

 Rep#:   Lambda   Alpha      F1       Ln Like 
18000:    1.00    0.180    0.036      --  
18100:    1.00    0.157    0.034      --  
18200:    1.00    0.328    0.033      --  
18300:    1.00    0.599    0.032      --  
18400:    1.00    0.455    0.043      --  
18500:    1.00    0.594    0.031      --  
18600:    1.00    0.331    0.035      --  
18700:    1.00    0.616    0.040      --  
18800:    1.00    0.457    0.053      --  
18900:    1.00    0.078    0.040      --  

 Rep#:   Lambda   Alpha      F1       Ln Like 
19000:    1.00    0.045    0.030      --  
19100:    1.00    0.201    0.032      --  
19200:    1.00    0.300    0.029      --  
19300:    1.00    0.043    0.037      --  
19400:    1.00    0.590    0.048      --  
19500:    1.00    1.032    0.043      --  
19600:    1.00    1.053    0.035      --  
19700:    1.00    0.976    0.038      --  
19800:    1.00    1.195    0.039      --  
19900:    1.00    1.464    0.033      --  

 Rep#:   Lambda   Alpha      F1       Ln Like 
20000:    1.00    1.323    0.030      --  
20100:    1.00    1.470    0.042      --  
20200:    1.00    1.135    0.041      --  
20300:    1.00    0.894    0.032      --  
20400:    1.00    0.895    0.032      --  
20500:    1.00    1.246    0.031      --  
20600:    1.00    1.528    0.024      --  
20700:    1.00    1.478    0.030      --  
20800:    1.00    1.217    0.025      --  
20900:    1.00    0.778    0.024      --  

 Rep#:   Lambda   Alpha      F1       Ln Like 
21000:    1.00    0.484    0.028      --  
21100:    1.00    0.680    0.035      --  
21200:    1.00    0.562    0.033      --  
21300:    1.00    0.499    0.042      --  
21400:    1.00    0.613    0.034      --  
21500:    1.00    0.748    0.038      --  
21600:    1.00    0.346    0.024      --  
21700:    1.00    0.350    0.034      --  
21800:    1.00    0.115    0.031      --  
21900:    1.00    0.456    0.029      --  

 Rep#:   Lambda   Alpha      F1       Ln Like 
22000:    1.00    0.415    0.033      --  
22100:    1.00    0.536    0.036      --  
22200:    1.00    0.718    0.029      --  
22300:    1.00    0.992    0.031      --  
22400:    1.00    1.068    0.025      --  
22500:    1.00    1.571    0.028      --  
22600:    1.00    1.846    0.030      --  
22700:    1.00    1.542    0.030      --  
22800:    1.00    1.425    0.034      --  
22900:    1.00    1.678    0.027      --  

 Rep#:   Lambda   Alpha      F1       Ln Like 
23000:    1.00    1.588    0.022      --  
23100:    1.00    1.663    0.022      --  
23200:    1.00    1.779    0.027      --  
23300:    1.00    2.312    0.022      --  
23400:    1.00    2.507    0.018      --  
23500:    1.00    2.629    0.018      --  
23600:    1.00    2.889    0.027      --  
23700:    1.00    2.884    0.026      --  
23800:    1.00    3.092    0.021      --  
23900:    1.00    2.854    0.024      --  

 Rep#:   Lambda   Alpha      F1       Ln Like 
24000:    1.00    2.877    0.022      --  
24100:    1.00    3.000    0.029      --  
24200:    1.00    3.058    0.027      --  
24300:    1.00    2.590    0.031      --  
24400:    1.00    2.458    0.027      --  
24500:    1.00    2.570    0.034      --  
24600:    1.00    2.423    0.029      --  
24700:    1.00    2.416    0.029      --  
24800:    1.00    2.519    0.028      --  
24900:    1.00    2.473    0.031      --  

 Rep#:   Lambda   Alpha      F1       Ln Like 
25000:    1.00    2.156    0.026      --  
25100:    1.00    1.920    0.029      --  
25200:    1.00    1.682    0.025      --  
25300:    1.00    1.761    0.021      --  
25400:    1.00    2.169    0.027      --  
25500:    1.00    1.874    0.033      --  
25600:    1.00    1.742    0.032      --  
25700:    1.00    1.801    0.040      --  
25800:    1.00    1.836    0.031      --  
25900:    1.00    1.894    0.036      --  

 Rep#:   Lambda   Alpha      F1       Ln Like 
26000:    1.00    1.988    0.037      --  
26100:    1.00    1.841    0.037      --  
26200:    1.00    1.685    0.036      --  
26300:    1.00    1.694    0.039      --  
26400:    1.00    1.637    0.039      --  
26500:    1.00    1.389    0.034      --  
26600:    1.00    1.097    0.030      --  
26700:    1.00    1.137    0.026      --  
26800:    1.00    0.880    0.027      --  
26900:    1.00    0.701    0.027      --  

 Rep#:   Lambda   Alpha      F1       Ln Like 
27000:    1.00    0.561    0.027      --  
27100:    1.00    1.269    0.023      --  
27200:    1.00    1.112    0.020      --  
27300:    1.00    1.065    0.023      --  
27400:    1.00    1.100    0.029      --  
27500:    1.00    1.136    0.028      --  
27600:    1.00    0.639    0.021      --  
27700:    1.00    0.306    0.029      --  
27800:    1.00    0.738    0.030      --  
27900:    1.00    0.992    0.026      --  

 Rep#:   Lambda   Alpha      F1       Ln Like 
28000:    1.00    1.013    0.034      --  
28100:    1.00    0.589    0.026      --  
28200:    1.00    0.470    0.032      --  
28300:    1.00    0.441    0.031      --  
28400:    1.00    0.859    0.032      --  
28500:    1.00    0.836    0.030      --  
28600:    1.00    0.530    0.035      --  
28700:    1.00    0.032    0.027      --  
28800:    1.00    0.033    0.033      --  
28900:    1.00    0.610    0.036      --  

 Rep#:   Lambda   Alpha      F1       Ln Like 
29000:    1.00    0.888    0.028      --  
29100:    1.00    1.100    0.031      --  
29200:    1.00    1.259    0.025      --  
29300:    1.00    1.286    0.034      --  
29400:    1.00    1.556    0.041      --  
29500:    1.00    1.179    0.035      --  
29600:    1.00    1.309    0.038      --  
29700:    1.00    1.725    0.032      --  
29800:    1.00    1.516    0.034      --  
29900:    1.00    1.579    0.038      --  

 Rep#:   Lambda   Alpha      F1       Ln Like 
30000:    1.00    1.586    0.036      --  
30100:    1.00    1.793    0.034      --  
30200:    1.00    1.582    0.028      --  
30300:    1.00    1.551    0.021      --  
30400:    1.00    1.524    0.024      --  
30500:    1.00    1.476    0.020      --  
30600:    1.00    1.290    0.024      --  
30700:    1.00    1.424    0.022      --  
30800:    1.00    1.682    0.023      --  
30900:    1.00    1.697    0.030      --  

 Rep#:   Lambda   Alpha      F1       Ln Like 
31000:    1.00    1.484    0.030      --  
31100:    1.00    1.645    0.034      --  
31200:    1.00    1.604    0.033      --  
31300:    1.00    1.682    0.023      --  
31400:    1.00    1.836    0.033      --  
31500:    1.00    2.289    0.038      --  
31600:    1.00    2.429    0.031      --  
31700:    1.00    2.097    0.031      --  
31800:    1.00    1.810    0.031      --  
31900:    1.00    1.685    0.032      --  

 Rep#:   Lambda   Alpha      F1       Ln Like 
32000:    1.00    2.001    0.026      --  
32100:    1.00    2.228    0.038      --  
32200:    1.00    2.274    0.035      --  
32300:    1.00    2.399    0.033      --  
32400:    1.00    2.349    0.033      --  
32500:    1.00    1.875    0.033      --  
32600:    1.00    1.749    0.024      --  
32700:    1.00    1.963    0.024      --  
32800:    1.00    1.658    0.025      --  
32900:    1.00    1.314    0.025      --  

 Rep#:   Lambda   Alpha      F1       Ln Like 
33000:    1.00    1.048    0.030      --  
33100:    1.00    1.112    0.027      --  
33200:    1.00    1.144    0.036      --  
33300:    1.00    1.454    0.034      --  
33400:    1.00    1.476    0.031      --  
33500:    1.00    1.440    0.030      --  
33600:    1.00    1.308    0.028      --  
33700:    1.00    1.517    0.035      --  
33800:    1.00    1.665    0.040      --  
33900:    1.00    2.302    0.030      --  

 Rep#:   Lambda   Alpha      F1       Ln Like 
34000:    1.00    2.193    0.032      --  
34100:    1.00    2.278    0.033      --  
34200:    1.00    2.665    0.030      --  
34300:    1.00    2.548    0.029      --  
34400:    1.00    2.765    0.027      --  
34500:    1.00    2.896    0.036      --  
34600:    1.00    2.654    0.036      --  
34700:    1.00    2.527    0.035      --  
34800:    1.00    2.707    0.041      --  
34900:    1.00    3.035    0.035      --  

 Rep#:   Lambda   Alpha      F1       Ln Like 
35000:    1.00    2.882    0.033      --  
35100:    1.00    2.474    0.031      --  
35200:    1.00    2.235    0.029      --  
35300:    1.00    1.772    0.027      --  
35400:    1.00    1.590    0.032      --  
35500:    1.00    2.099    0.029      --  
35600:    1.00    1.613    0.032      --  
35700:    1.00    1.633    0.029      --  
35800:    1.00    1.961    0.027      --  
35900:    1.00    1.733    0.041      --  

 Rep#:   Lambda   Alpha      F1       Ln Like 
36000:    1.00    2.295    0.026      --  
36100:    1.00    2.286    0.034      --  
36200:    1.00    2.285    0.035      --  
36300:    1.00    2.426    0.034      --  
36400:    1.00    2.707    0.029      --  
36500:    1.00    2.941    0.040      --  
36600:    1.00    3.296    0.033      --  
36700:    1.00    3.518    0.029      --  
36800:    1.00    3.664    0.031      --  
36900:    1.00    3.637    0.026      --  

 Rep#:   Lambda   Alpha      F1       Ln Like 
37000:    1.00    3.390    0.036      --  
37100:    1.00    3.345    0.037      --  
37200:    1.00    3.170    0.028      --  
37300:    1.00    3.383    0.031      --  
37400:    1.00    3.730    0.030      --  
37500:    1.00    3.550    0.035      --  
37600:    1.00    3.904    0.028      --  
37700:    1.00    4.210    0.026      --  
37800:    1.00    4.496    0.020      --  
37900:    1.00    4.465    0.027      --  

 Rep#:   Lambda   Alpha      F1       Ln Like 
38000:    1.00    4.747    0.022      --  
38100:    1.00    4.393    0.021      --  
38200:    1.00    4.770    0.019      --  
38300:    1.00    4.821    0.020      --  
38400:    1.00    4.762    0.030      --  
38500:    1.00    4.506    0.024      --  
38600:    1.00    4.629    0.028      --  
38700:    1.00    4.540    0.030      --  
38800:    1.00    4.390    0.029      --  
38900:    1.00    4.712    0.029      --  

 Rep#:   Lambda   Alpha      F1       Ln Like 
39000:    1.00    4.510    0.032      --  
39100:    1.00    4.550    0.029      --  
39200:    1.00    4.339    0.031      --  
39300:    1.00    4.426    0.035      --  
39400:    1.00    4.432    0.028      --  
39500:    1.00    4.200    0.028      --  
39600:    1.00    4.170    0.030      --  
39700:    1.00    3.857    0.025      --  
39800:    1.00    3.877    0.030      --  
39900:    1.00    3.969    0.033      --  

 Rep#:   Lambda   Alpha      F1       Ln Like 
40000:    1.00    3.781    0.026      --  
40100:    1.00    3.434    0.023      --  
40200:    1.00    3.310    0.026      --  
40300:    1.00    3.173    0.031      --  
40400:    1.00    2.787    0.032      --  
40500:    1.00    3.029    0.029      --  
40600:    1.00    3.027    0.035      --  
40700:    1.00    3.076    0.036      --  
40800:    1.00    2.864    0.034      --  
40900:    1.00    2.389    0.038      --  

 Rep#:   Lambda   Alpha      F1       Ln Like 
41000:    1.00    2.247    0.031      --  
41100:    1.00    2.368    0.032      --  
41200:    1.00    2.809    0.031      --  
41300:    1.00    2.733    0.030      --  
41400:    1.00    2.653    0.032      --  
41500:    1.00    2.462    0.028      --  
41600:    1.00    2.450    0.033      --  
41700:    1.00    1.998    0.029      --  
41800:    1.00    1.798    0.040      --  
41900:    1.00    1.934    0.032      --  

 Rep#:   Lambda   Alpha      F1       Ln Like 
42000:    1.00    2.371    0.035      --  
42100:    1.00    2.270    0.034      --  
42200:    1.00    2.568    0.036      --  
42300:    1.00    2.313    0.028      --  
42400:    1.00    2.318    0.033      --  
42500:    1.00    1.918    0.040      --  
42600:    1.00    2.438    0.041      --  
42700:    1.00    2.883    0.035      --  
42800:    1.00    2.868    0.034      --  
42900:    1.00    3.123    0.027      --  

 Rep#:   Lambda   Alpha      F1       Ln Like 
43000:    1.00    2.920    0.026      --  
43100:    1.00    3.318    0.035      --  
43200:    1.00    3.010    0.027      --  
43300:    1.00    2.817    0.028      --  
43400:    1.00    2.906    0.030      --  
43500:    1.00    2.991    0.027      --  
43600:    1.00    3.087    0.022      --  
43700:    1.00    3.364    0.029      --  
43800:    1.00    3.479    0.031      --  
43900:    1.00    3.340    0.036      --  

 Rep#:   Lambda   Alpha      F1       Ln Like 
44000:    1.00    3.245    0.030      --  
44100:    1.00    3.065    0.037      --  
44200:    1.00    3.234    0.030      --  
44300:    1.00    2.899    0.030      --  
44400:    1.00    3.321    0.031      --  
44500:    1.00    3.657    0.029      --  
44600:    1.00    4.046    0.022      --  
44700:    1.00    3.962    0.022      --  
44800:    1.00    4.159    0.027      --  
44900:    1.00    4.280    0.029      --  

 Rep#:   Lambda   Alpha      F1       Ln Like 
45000:    1.00    3.978    0.033      --  
45100:    1.00    4.287    0.026      --  
45200:    1.00    4.558    0.025      --  
45300:    1.00    4.855    0.022      --  
45400:    1.00    4.909    0.025      --  
45500:    1.00    4.803    0.031      --  
45600:    1.00    4.651    0.029      --  
45700:    1.00    4.491    0.027      --  
45800:    1.00    4.170    0.030      --  
45900:    1.00    3.776    0.041      --  

 Rep#:   Lambda   Alpha      F1       Ln Like 
46000:    1.00    3.616    0.038      --  
46100:    1.00    3.251    0.032      --  
46200:    1.00    3.533    0.034      --  
46300:    1.00    3.407    0.035      --  
46400:    1.00    3.863    0.031      --  
46500:    1.00    3.592    0.036      --  
46600:    1.00    3.771    0.031      --  
46700:    1.00    3.377    0.032      --  
46800:    1.00    3.431    0.031      --  
46900:    1.00    3.482    0.027      --  

 Rep#:   Lambda   Alpha      F1       Ln Like 
47000:    1.00    3.311    0.033      --  
47100:    1.00    3.027    0.030      --  
47200:    1.00    2.923    0.028      --  
47300:    1.00    2.813    0.024      --  
47400:    1.00    2.990    0.021      --  
47500:    1.00    2.922    0.023      --  
47600:    1.00    2.878    0.025      --  
47700:    1.00    3.207    0.027      --  
47800:    1.00    3.225    0.018      --  
47900:    1.00    3.125    0.029      --  

 Rep#:   Lambda   Alpha      F1       Ln Like 
48000:    1.00    2.950    0.023      --  
48100:    1.00    2.664    0.027      --  
48200:    1.00    2.440    0.028      --  
48300:    1.00    2.128    0.033      --  
48400:    1.00    2.047    0.030      --  
48500:    1.00    1.751    0.024      --  
48600:    1.00    1.565    0.024      --  
48700:    1.00    1.558    0.022      --  
48800:    1.00    1.106    0.020      --  
48900:    1.00    1.002    0.025      --  

 Rep#:   Lambda   Alpha      F1       Ln Like 
49000:    1.00    0.869    0.036      --  
49100:    1.00    0.630    0.044      --  
49200:    1.00    0.813    0.035      --  
49300:    1.00    0.986    0.029      --  
49400:    1.00    0.828    0.028      --  
49500:    1.00    1.043    0.028      --  
49600:    1.00    0.845    0.035      --  
49700:    1.00    1.014    0.034      --  
49800:    1.00    0.952    0.036      --  
49900:    1.00    0.814    0.035      --  

 Rep#:   Lambda   Alpha      F1       Ln Like 
50000:    1.00    0.777    0.031      --  
50100:    1.00    0.477    0.036      --  
50200:    1.00    0.323    0.042      --  
50300:    1.00    0.116    0.029      --  
50400:    1.00    0.068    0.033      --  
50500:    1.00    0.174    0.042      --  
50600:    1.00    0.219    0.038      --  
50700:    1.00    0.000    0.037      --  
50800:    1.00    0.143    0.029      --  
50900:    1.00    0.364    0.030      --  

 Rep#:   Lambda   Alpha      F1       Ln Like 
51000:    1.00    0.122    0.031      --  
51100:    1.00    0.248    0.032      --  
51200:    1.00    0.266    0.031      --  
51300:    1.00    0.352    0.029      --  
51400:    1.00    0.175    0.031      --  
51500:    1.00    0.171    0.033      --  
51600:    1.00    0.553    0.026      --  
51700:    1.00    0.594    0.025      --  
51800:    1.00    0.693    0.029      --  
51900:    1.00    0.790    0.038      --  

 Rep#:   Lambda   Alpha      F1       Ln Like 
52000:    1.00    0.818    0.036      --  
52100:    1.00    0.841    0.028      --  
52200:    1.00    0.569    0.027      --  
52300:    1.00    0.972    0.027      --  
52400:    1.00    1.002    0.030      --  
52500:    1.00    1.314    0.034      --  
52600:    1.00    1.508    0.040      --  
52700:    1.00    1.538    0.025      --  
52800:    1.00    1.609    0.033      --  
52900:    1.00    1.735    0.036      --  

 Rep#:   Lambda   Alpha      F1       Ln Like 
53000:    1.00    1.716    0.033      --  
53100:    1.00    1.980    0.030      --  
53200:    1.00    1.758    0.030      --  
53300:    1.00    1.728    0.039      --  
53400:    1.00    2.062    0.039      --  
53500:    1.00    2.053    0.031      --  
53600:    1.00    1.861    0.029      --  
53700:    1.00    1.545    0.028      --  
53800:    1.00    2.197    0.034      --  
53900:    1.00    2.024    0.032      --  

 Rep#:   Lambda   Alpha      F1       Ln Like 
54000:    1.00    1.945    0.034      --  
54100:    1.00    1.844    0.034      --  
54200:    1.00    1.859    0.026      --  
54300:    1.00    1.821    0.035      --  
54400:    1.00    1.829    0.030      --  
54500:    1.00    1.773    0.035      --  
54600:    1.00    1.613    0.032      --  
54700:    1.00    1.895    0.029      --  
54800:    1.00    2.026    0.032      --  
54900:    1.00    2.374    0.034      --  

 Rep#:   Lambda   Alpha      F1       Ln Like 
55000:    1.00    2.291    0.026      --  
55100:    1.00    2.782    0.027      --  
55200:    1.00    2.647    0.029      --  
55300:    1.00    2.732    0.028      --  
55400:    1.00    2.934    0.037      --  
55500:    1.00    2.954    0.030      --  
55600:    1.00    2.982    0.032      --  
55700:    1.00    2.882    0.036      --  
55800:    1.00    3.055    0.039      --  
55900:    1.00    3.049    0.033      --  

 Rep#:   Lambda   Alpha      F1       Ln Like 
56000:    1.00    3.063    0.033      --  
56100:    1.00    3.283    0.033      --  
56200:    1.00    3.461    0.039      --  
56300:    1.00    3.248    0.034      --  
56400:    1.00    3.214    0.032      --  
56500:    1.00    2.888    0.033      --  
56600:    1.00    2.897    0.030      --  
56700:    1.00    2.970    0.028      --  
56800:    1.00    2.959    0.027      --  
56900:    1.00    2.924    0.025      --  

 Rep#:   Lambda   Alpha      F1       Ln Like 
57000:    1.00    3.101    0.034      --  
57100:    1.00    3.257    0.033      --  
57200:    1.00    3.302    0.029      --  
57300:    1.00    3.134    0.026      --  
57400:    1.00    3.304    0.027      --  
57500:    1.00    3.264    0.027      --  
57600:    1.00    3.160    0.023      --  
57700:    1.00    3.029    0.022      --  
57800:    1.00    3.015    0.028      --  
57900:    1.00    3.144    0.022      --  

 Rep#:   Lambda   Alpha      F1       Ln Like 
58000:    1.00    3.062    0.024      --  
58100:    1.00    3.097    0.037      --  
58200:    1.00    2.974    0.033      --  
58300:    1.00    2.963    0.031      --  
58400:    1.00    3.278    0.028      --  
58500:    1.00    3.445    0.036      --  
58600:    1.00    3.685    0.026      --  
58700:    1.00    3.843    0.028      --  
58800:    1.00    3.828    0.028      --  
58900:    1.00    3.851    0.033      --  

 Rep#:   Lambda   Alpha      F1       Ln Like 
59000:    1.00    4.067    0.027      --  
59100:    1.00    4.130    0.025      --  
59200:    1.00    4.030    0.023      --  
59300:    1.00    4.303    0.033      --  
59400:    1.00    4.890    0.019      --  
59500:    1.00    4.813    0.030      --  
59600:    1.00    4.311    0.035      --  
59700:    1.00    4.044    0.034      --  
59800:    1.00    4.514    0.032      --  
59900:    1.00    4.552    0.023      --  

 Rep#:   Lambda   Alpha      F1       Ln Like 
60000:    1.00    4.425    0.033      --  
60100:    1.00    4.493    0.028      --  
60200:    1.00    4.560    0.032      --  
60300:    1.00    4.569    0.027      --  
60400:    1.00    4.930    0.027      --  
60500:    1.00    4.810    0.026      --  
60600:    1.00    4.901    0.035      --  
60700:    1.00    4.817    0.034      --  
60800:    1.00    5.330    0.028      --  
60900:    1.00    4.792    0.038      --  

 Rep#:   Lambda   Alpha      F1       Ln Like 
61000:    1.00    4.803    0.036      --  
61100:    1.00    5.079    0.034      --  
61200:    1.00    4.875    0.035      --  
61300:    1.00    5.162    0.037      --  
61400:    1.00    5.112    0.040      --  
61500:    1.00    5.441    0.030      --  
61600:    1.00    5.194    0.029      --  
61700:    1.00    4.901    0.027      --  
61800:    1.00    4.792    0.020      --  
61900:    1.00    5.032    0.027      --  

 Rep#:   Lambda   Alpha      F1       Ln Like 
62000:    1.00    5.168    0.024      --  
62100:    1.00    5.216    0.027      --  
62200:    1.00    5.021    0.029      --  
62300:    1.00    5.361    0.028      --  
62400:    1.00    5.018    0.030      --  
62500:    1.00    4.835    0.028      --  
62600:    1.00    4.696    0.025      --  
62700:    1.00    5.094    0.025      --  
62800:    1.00    5.370    0.027      --  
62900:    1.00    5.651    0.022      --  

 Rep#:   Lambda   Alpha      F1       Ln Like 
63000:    1.00    5.722    0.023      --  
63100:    1.00    5.889    0.032      --  
63200:    1.00    5.814    0.031      --  
63300:    1.00    6.139    0.039      --  
63400:    1.00    6.170    0.045      --  
63500:    1.00    6.341    0.036      --  
63600:    1.00    6.396    0.037      --  
63700:    1.00    6.354    0.038      --  
63800:    1.00    6.263    0.036      --  
63900:    1.00    5.958    0.037      --  

 Rep#:   Lambda   Alpha      F1       Ln Like 
64000:    1.00    6.049    0.031      --  
64100:    1.00    5.949    0.026      --  
64200:    1.00    5.873    0.032      --  
64300:    1.00    6.174    0.022      --  
64400:    1.00    6.217    0.023      --  
64500:    1.00    6.176    0.024      --  
64600:    1.00    6.286    0.016      --  
64700:    1.00    6.513    0.018      --  
64800:    1.00    6.820    0.021      --  
64900:    1.00    6.778    0.020      --  

 Rep#:   Lambda   Alpha      F1       Ln Like 
65000:    1.00    6.898    0.021      --  
65100:    1.00    6.641    0.023      --  
65200:    1.00    7.002    0.023      --  
65300:    1.00    7.091    0.018      --  
65400:    1.00    7.056    0.023      --  
65500:    1.00    6.458    0.028      --  
65600:    1.00    6.220    0.023      --  
65700:    1.00    6.265    0.026      --  
65800:    1.00    6.018    0.025      --  
65900:    1.00    5.532    0.034      --  

 Rep#:   Lambda   Alpha      F1       Ln Like 
66000:    1.00    5.975    0.026      --  
66100:    1.00    5.693    0.034      --  
66200:    1.00    5.591    0.026      --  
66300:    1.00    5.802    0.030      --  
66400:    1.00    6.022    0.037      --  
66500:    1.00    5.627    0.038      --  
66600:    1.00    6.004    0.037      --  
66700:    1.00    6.132    0.036      --  
66800:    1.00    6.106    0.036      --  
66900:    1.00    6.027    0.027      --  

 Rep#:   Lambda   Alpha      F1       Ln Like 
67000:    1.00    5.694    0.029      --  
67100:    1.00    5.625    0.025      --  
67200:    1.00    5.683    0.027      --  
67300:    1.00    5.866    0.026      --  
67400:    1.00    5.742    0.025      --  
67500:    1.00    5.740    0.025      --  
67600:    1.00    5.608    0.025      --  
67700:    1.00    5.360    0.024      --  
67800:    1.00    6.198    0.024      --  
67900:    1.00    6.527    0.026      --  

 Rep#:   Lambda   Alpha      F1       Ln Like 
68000:    1.00    6.806    0.025      --  
68100:    1.00    6.380    0.030      --  
68200:    1.00    6.624    0.040      --  
68300:    1.00    6.430    0.037      --  
68400:    1.00    6.341    0.031      --  
68500:    1.00    6.265    0.029      --  
68600:    1.00    6.285    0.032      --  
68700:    1.00    6.771    0.032      --  
68800:    1.00    6.827    0.031      --  
68900:    1.00    7.219    0.031      --  

 Rep#:   Lambda   Alpha      F1       Ln Like 
69000:    1.00    6.777    0.036      --  
69100:    1.00    6.989    0.052      --  
69200:    1.00    7.220    0.044      --  
69300:    1.00    7.373    0.038      --  
69400:    1.00    7.468    0.032      --  
69500:    1.00    7.584    0.038      --  
69600:    1.00    7.613    0.035      --  
69700:    1.00    7.535    0.039      --  
69800:    1.00    8.086    0.030      --  
69900:    1.00    8.503    0.029      --  

 Rep#:   Lambda   Alpha      F1       Ln Like 
70000:    1.00    8.554    0.035      --  
70100:    1.00    8.334    0.031      --  
70200:    1.00    8.274    0.027      --  
70300:    1.00    8.921    0.032      --  
70400:    1.00    8.951    0.036      --  
70500:    1.00    8.867    0.036      --  
70600:    1.00    8.431    0.033      --  
70700:    1.00    8.147    0.028      --  
70800:    1.00    8.518    0.029      --  
70900:    1.00    8.357    0.031      --  

 Rep#:   Lambda   Alpha      F1       Ln Like 
71000:    1.00    8.022    0.026      --  
71100:    1.00    7.955    0.020      --  
71200:    1.00    7.741    0.022      --  
71300:    1.00    7.762    0.027      --  
71400:    1.00    8.213    0.034      --  
71500:    1.00    7.825    0.030      --  
71600:    1.00    7.520    0.026      --  
71700:    1.00    7.580    0.031      --  
71800:    1.00    7.067    0.031      --  
71900:    1.00    7.156    0.027      --  

 Rep#:   Lambda   Alpha      F1       Ln Like 
72000:    1.00    7.323    0.029      --  
72100:    1.00    6.673    0.042      --  
72200:    1.00    6.799    0.033      --  
72300:    1.00    6.741    0.030      --  
72400:    1.00    6.757    0.035      --  
72500:    1.00    6.981    0.039      --  
72600:    1.00    7.261    0.045      --  
72700:    1.00    7.498    0.038      --  
72800:    1.00    7.885    0.033      --  
72900:    1.00    7.696    0.026      --  

 Rep#:   Lambda   Alpha      F1       Ln Like 
73000:    1.00    7.385    0.036      --  
73100:    1.00    7.135    0.032      --  
73200:    1.00    7.290    0.030      --  
73300:    1.00    7.231    0.029      --  
73400:    1.00    6.985    0.030      --  
73500:    1.00    6.900    0.033      --  
73600:    1.00    6.892    0.036      --  
73700:    1.00    6.676    0.025      --  
73800:    1.00    6.875    0.023      --  
73900:    1.00    6.742    0.026      --  

 Rep#:   Lambda   Alpha      F1       Ln Like 
74000:    1.00    6.806    0.025      --  
74100:    1.00    6.842    0.024      --  
74200:    1.00    6.456    0.032      --  
74300:    1.00    6.678    0.029      --  
74400:    1.00    6.691    0.030      --  
74500:    1.00    6.676    0.030      --  
74600:    1.00    6.690    0.031      --  
74700:    1.00    6.687    0.031      --  
74800:    1.00    6.475    0.029      --  
74900:    1.00    7.053    0.027      --  

 Rep#:   Lambda   Alpha      F1       Ln Like 
75000:    1.00    6.920    0.029      --  
75100:    1.00    6.615    0.028      --  
75200:    1.00    6.907    0.028      --  
75300:    1.00    7.367    0.028      --  
75400:    1.00    7.523    0.031      --  
75500:    1.00    7.901    0.034      --  
75600:    1.00    8.040    0.028      --  
75700:    1.00    8.373    0.030      --  
75800:    1.00    8.409    0.025      --  
75900:    1.00    7.960    0.031      --  

 Rep#:   Lambda   Alpha      F1       Ln Like 
76000:    1.00    7.513    0.040      --  
76100:    1.00    7.390    0.028      --  
76200:    1.00    7.194    0.027      --  
76300:    1.00    7.244    0.023      --  
76400:    1.00    7.231    0.026      --  
76500:    1.00    7.490    0.024      --  
76600:    1.00    7.639    0.033      --  
76700:    1.00    7.678    0.025      --  
76800:    1.00    7.905    0.026      --  
76900:    1.00    7.895    0.022      --  

 Rep#:   Lambda   Alpha      F1       Ln Like 
77000:    1.00    7.439    0.034      --  
77100:    1.00    7.823    0.032      --  
77200:    1.00    8.116    0.038      --  
77300:    1.00    7.920    0.034      --  
77400:    1.00    7.705    0.036      --  
77500:    1.00    8.136    0.033      --  
77600:    1.00    7.945    0.033      --  
77700:    1.00    7.549    0.033      --  
77800:    1.00    7.449    0.028      --  
77900:    1.00    7.335    0.025      --  

 Rep#:   Lambda   Alpha      F1       Ln Like 
78000:    1.00    7.812    0.025      --  
78100:    1.00    7.293    0.028      --  
78200:    1.00    7.206    0.031      --  
78300:    1.00    7.124    0.024      --  
78400:    1.00    6.847    0.031      --  
78500:    1.00    6.728    0.037      --  
78600:    1.00    7.208    0.035      --  
78700:    1.00    7.020    0.036      --  
78800:    1.00    7.159    0.027      --  
78900:    1.00    7.348    0.026      --  

 Rep#:   Lambda   Alpha      F1       Ln Like 
79000:    1.00    7.511    0.022      --  
79100:    1.00    7.450    0.024      --  
79200:    1.00    7.430    0.029      --  
79300:    1.00    7.856    0.029      --  
79400:    1.00    7.740    0.040      --  
79500:    1.00    7.983    0.037      --  
79600:    1.00    7.989    0.040      --  
79700:    1.00    7.886    0.041      --  
79800:    1.00    8.051    0.034      --  
79900:    1.00    8.316    0.033      --  

 Rep#:   Lambda   Alpha      F1       Ln Like 
80000:    1.00    8.015    0.037      --  
80100:    1.00    8.049    0.032      --  
80200:    1.00    8.028    0.033      --  
80300:    1.00    7.983    0.034      --  
80400:    1.00    7.828    0.027      --  
80500:    1.00    7.760    0.031      --  
80600:    1.00    7.671    0.031      --  
80700:    1.00    7.422    0.039      --  
80800:    1.00    7.356    0.037      --  
80900:    1.00    7.746    0.035      --  

 Rep#:   Lambda   Alpha      F1       Ln Like 
81000:    1.00    7.343    0.037      --  
81100:    1.00    6.808    0.037      --  
81200:    1.00    7.052    0.038      --  
81300:    1.00    6.811    0.034      --  
81400:    1.00    6.559    0.033      --  
81500:    1.00    6.488    0.037      --  
81600:    1.00    6.373    0.034      --  
81700:    1.00    5.962    0.036      --  
81800:    1.00    5.929    0.039      --  
81900:    1.00    5.711    0.027      --  

 Rep#:   Lambda   Alpha      F1       Ln Like 
82000:    1.00    5.686    0.027      --  
82100:    1.00    5.843    0.030      --  
82200:    1.00    5.944    0.033      --  
82300:    1.00    6.206    0.032      --  
82400:    1.00    6.107    0.029      --  
82500:    1.00    6.067    0.023      --  
82600:    1.00    5.870    0.023      --  
82700:    1.00    6.256    0.031      --  
82800:    1.00    5.937    0.035      --  
82900:    1.00    6.493    0.036      --  

 Rep#:   Lambda   Alpha      F1       Ln Like 
83000:    1.00    6.155    0.028      --  
83100:    1.00    6.146    0.027      --  
83200:    1.00    6.138    0.034      --  
83300:    1.00    6.346    0.035      --  
83400:    1.00    6.341    0.030      --  
83500:    1.00    6.065    0.033      --  
83600:    1.00    5.969    0.038      --  
83700:    1.00    6.212    0.033      --  
83800:    1.00    6.212    0.027      --  
83900:    1.00    5.933    0.029      --  

 Rep#:   Lambda   Alpha      F1       Ln Like 
84000:    1.00    6.377    0.038      --  
84100:    1.00    6.448    0.039      --  
84200:    1.00    6.254    0.044      --  
84300:    1.00    6.697    0.046      --  
84400:    1.00    6.708    0.036      --  
84500:    1.00    6.884    0.032      --  
84600:    1.00    6.769    0.038      --  
84700:    1.00    6.946    0.034      --  
84800:    1.00    6.920    0.029      --  
84900:    1.00    6.762    0.031      --  

 Rep#:   Lambda   Alpha      F1       Ln Like 
85000:    1.00    6.339    0.023      --  
85100:    1.00    6.572    0.027      --  
85200:    1.00    6.788    0.033      --  
85300:    1.00    7.023    0.045      --  
85400:    1.00    7.204    0.030      --  
85500:    1.00    6.876    0.029      --  
85600:    1.00    6.838    0.029      --  
85700:    1.00    6.946    0.025      --  
85800:    1.00    6.702    0.023      --  
85900:    1.00    6.819    0.028      --  

 Rep#:   Lambda   Alpha      F1       Ln Like 
86000:    1.00    6.931    0.025      --  
86100:    1.00    6.917    0.027      --  
86200:    1.00    6.828    0.028      --  
86300:    1.00    7.030    0.028      --  
86400:    1.00    7.091    0.026      --  
86500:    1.00    7.121    0.035      --  
86600:    1.00    7.463    0.028      --  
86700:    1.00    7.083    0.032      --  
86800:    1.00    6.771    0.027      --  
86900:    1.00    6.685    0.026      --  

 Rep#:   Lambda   Alpha      F1       Ln Like 
87000:    1.00    6.324    0.029      --  
87100:    1.00    6.057    0.027      --  
87200:    1.00    6.020    0.027      --  
87300:    1.00    5.735    0.030      --  
87400:    1.00    5.961    0.029      --  
87500:    1.00    5.890    0.026      --  
87600:    1.00    5.822    0.030      --  
87700:    1.00    5.941    0.031      --  
87800:    1.00    5.973    0.034      --  
87900:    1.00    5.800    0.034      --  

 Rep#:   Lambda   Alpha      F1       Ln Like 
88000:    1.00    5.501    0.037      --  
88100:    1.00    5.224    0.028      --  
88200:    1.00    5.459    0.027      --  
88300:    1.00    5.779    0.023      --  
88400:    1.00    5.770    0.028      --  
88500:    1.00    5.635    0.026      --  
88600:    1.00    5.428    0.031      --  
88700:    1.00    5.250    0.028      --  
88800:    1.00    5.442    0.019      --  
88900:    1.00    5.212    0.023      --  

 Rep#:   Lambda   Alpha      F1       Ln Like 
89000:    1.00    5.223    0.016      --  
89100:    1.00    5.260    0.022      --  
89200:    1.00    4.990    0.023      --  
89300:    1.00    4.905    0.020      --  
89400:    1.00    5.403    0.023      --  
89500:    1.00    5.641    0.018      --  
89600:    1.00    5.588    0.031      --  
89700:    1.00    5.794    0.024      --  
89800:    1.00    5.686    0.025      --  
89900:    1.00    5.795    0.027      --  

 Rep#:   Lambda   Alpha      F1       Ln Like 
90000:    1.00    6.161    0.027      --  
90100:    1.00    6.404    0.033      --  
90200:    1.00    6.236    0.028      --  
90300:    1.00    6.368    0.034      --  
90400:    1.00    6.629    0.042      --  
90500:    1.00    6.547    0.035      --  
90600:    1.00    6.353    0.034      --  
90700:    1.00    6.342    0.033      --  
90800:    1.00    6.232    0.032      --  
90900:    1.00    6.365    0.039      --  

 Rep#:   Lambda   Alpha      F1       Ln Like 
91000:    1.00    6.248    0.033      --  
91100:    1.00    6.611    0.031      --  
91200:    1.00    6.753    0.034      --  
91300:    1.00    6.680    0.046      --  
91400:    1.00    6.666    0.034      --  
91500:    1.00    6.949    0.032      --  
91600:    1.00    7.558    0.033      --  
91700:    1.00    7.761    0.033      --  
91800:    1.00    7.726    0.024      --  
91900:    1.00    7.064    0.030      --  

 Rep#:   Lambda   Alpha      F1       Ln Like 
92000:    1.00    7.167    0.031      --  
92100:    1.00    7.760    0.022      --  
92200:    1.00    7.547    0.021      --  
92300:    1.00    7.445    0.020      --  
92400:    1.00    7.468    0.027      --  
92500:    1.00    7.532    0.033      --  
92600:    1.00    7.955    0.034      --  
92700:    1.00    7.802    0.027      --  
92800:    1.00    7.638    0.041      --  
92900:    1.00    7.581    0.034      --  

 Rep#:   Lambda   Alpha      F1       Ln Like 
93000:    1.00    7.584    0.031      --  
93100:    1.00    7.142    0.036      --  
93200:    1.00    6.873    0.034      --  
93300:    1.00    6.792    0.037      --  
93400:    1.00    6.714    0.038      --  
93500:    1.00    7.138    0.041      --  
93600:    1.00    6.993    0.031      --  
93700:    1.00    7.099    0.033      --  
93800:    1.00    6.893    0.037      --  
93900:    1.00    7.192    0.038      --  

 Rep#:   Lambda   Alpha      F1       Ln Like 
94000:    1.00    6.958    0.042      --  
94100:    1.00    6.529    0.043      --  
94200:    1.00    6.882    0.039      --  
94300:    1.00    6.826    0.029      --  
94400:    1.00    6.530    0.025      --  
94500:    1.00    6.849    0.022      --  
94600:    1.00    6.733    0.025      --  
94700:    1.00    6.533    0.026      --  
94800:    1.00    6.419    0.021      --  
94900:    1.00    6.739    0.026      --  

 Rep#:   Lambda   Alpha      F1       Ln Like 
95000:    1.00    6.666    0.027      --  
95100:    1.00    6.823    0.028      --  
95200:    1.00    6.461    0.021      --  
95300:    1.00    6.646    0.025      --  
95400:    1.00    6.362    0.026      --  
95500:    1.00    6.464    0.027      --  
95600:    1.00    6.609    0.022      --  
95700:    1.00    6.418    0.024      --  
95800:    1.00    6.153    0.022      --  
95900:    1.00    5.942    0.021      --  

 Rep#:   Lambda   Alpha      F1       Ln Like 
96000:    1.00    5.860    0.027      --  
96100:    1.00    5.173    0.033      --  
96200:    1.00    5.128    0.040      --  
96300:    1.00    5.138    0.031      --  
96400:    1.00    5.064    0.032      --  
96500:    1.00    4.968    0.036      --  
96600:    1.00    5.008    0.029      --  
96700:    1.00    4.980    0.025      --  
96800:    1.00    4.906    0.023      --  
96900:    1.00    5.020    0.021      --  

 Rep#:   Lambda   Alpha      F1       Ln Like 
97000:    1.00    5.294    0.030      --  
97100:    1.00    5.419    0.036      --  
97200:    1.00    5.704    0.030      --  
97300:    1.00    5.875    0.030      --  
97400:    1.00    5.780    0.023      --  
97500:    1.00    5.852    0.024      --  
97600:    1.00    6.113    0.025      --  
97700:    1.00    6.255    0.031      --  
97800:    1.00    6.331    0.033      --  
97900:    1.00    6.659    0.025      --  

 Rep#:   Lambda   Alpha      F1       Ln Like 
98000:    1.00    7.250    0.031      --  
98100:    1.00    7.195    0.030      --  
98200:    1.00    7.462    0.030      --  
98300:    1.00    7.683    0.024      --  
98400:    1.00    6.975    0.027      --  
98500:    1.00    7.102    0.026      --  
98600:    1.00    6.796    0.030      --  
98700:    1.00    6.485    0.029      --  
98800:    1.00    6.725    0.029      --  
98900:    1.00    6.744    0.033      --  

 Rep#:   Lambda   Alpha      F1       Ln Like 
99000:    1.00    6.425    0.036      --  
99100:    1.00    6.428    0.031      --  
99200:    1.00    6.622    0.028      --  
99300:    1.00    6.522    0.026      --  
99400:    1.00    6.295    0.028      --  
99500:    1.00    6.536    0.039      --  
99600:    1.00    6.226    0.040      --  
99700:    1.00    6.500    0.031      --  
99800:    1.00    6.323    0.035      --  
99900:    1.00    6.033    0.025      --  
100000:    1.00    5.900    0.033      --  

BURNIN completed
  Rep#:   Lambda   Alpha      F1       Ln Like  Est Ln P(D)
100100:    1.00    5.940    0.028      -125752    0 
100200:    1.00    5.822    0.032      -125766    0 
100300:    1.00    5.932    0.029      -125751    0 
100400:    1.00    6.227    0.028      -125764    0 
100500:    1.00    6.540    0.030      -125774    0 
100600:    1.00    6.096    0.036      -125758    0 
100700:    1.00    5.777    0.029      -125756    0 
100800:    1.00    5.523    0.037      -125741    0 
100900:    1.00    5.751    0.036      -125775    0 

  Rep#:   Lambda   Alpha      F1       Ln Like  Est Ln P(D)
101000:    1.00    5.666    0.030      -125763    0 
101100:    1.00    5.414    0.034      -125766    0 
101200:    1.00    5.483    0.036      -125781    0 
101300:    1.00    5.746    0.037      -125769    0 
101400:    1.00    5.731    0.037      -125751    0 
101500:    1.00    5.453    0.040      -125766    0 
101600:    1.00    5.138    0.034      -125763    0 
101700:    1.00    5.534    0.032      -125763    0 
101800:    1.00    5.517    0.043      -125756    0 
101900:    1.00    5.091    0.040      -125736    0 

  Rep#:   Lambda   Alpha      F1       Ln Like  Est Ln P(D)
102000:    1.00    5.243    0.035      -125742    0 
102100:    1.00    5.651    0.038      -125759    0 
102200:    1.00    5.778    0.044      -125759    0 
102300:    1.00    5.710    0.040      -125769    0 
102400:    1.00    5.558    0.034      -125748    0 
102500:    1.00    5.397    0.027      -125748    0 
102600:    1.00    5.553    0.027      -125767    0 
102700:    1.00    5.600    0.033      -125774    0 
102800:    1.00    5.595    0.032      -125761    0 
102900:    1.00    5.726    0.026      -125770    0 

  Rep#:   Lambda   Alpha      F1       Ln Like  Est Ln P(D)
103000:    1.00    5.844    0.033      -125750    0 
103100:    1.00    6.139    0.040      -125787    0 
103200:    1.00    6.572    0.035      -125769    0 
103300:    1.00    6.134    0.036      -125758    0 
103400:    1.00    5.565    0.026      -125759    0 
103500:    1.00    5.317    0.023      -125770    0 
103600:    1.00    5.149    0.027      -125750    0 
103700:    1.00    4.994    0.025      -125754    0 
103800:    1.00    4.898    0.025      -125777    0 
103900:    1.00    4.588    0.029      -125758    0 

  Rep#:   Lambda   Alpha      F1       Ln Like  Est Ln P(D)
104000:    1.00    4.657    0.038      -125770    0 
104100:    1.00    4.414    0.030      -125770    0 
104200:    1.00    4.571    0.033      -125785    0 
104300:    1.00    5.145    0.026      -125762    0 
104400:    1.00    5.433    0.043      -125762    0 
104500:    1.00    5.373    0.038      -125750    0 
104600:    1.00    5.033    0.037      -125774    0 
104700:    1.00    5.174    0.037      -125758    0 
104800:    1.00    4.956    0.033      -125771    0 
104900:    1.00    5.019    0.052      -125758    0 

  Rep#:   Lambda   Alpha      F1       Ln Like  Est Ln P(D)
105000:    1.00    4.983    0.038      -125776    0 
105100:    1.00    5.101    0.028      -125756    0 
105200:    1.00    4.996    0.040      -125760    0 
105300:    1.00    5.478    0.039      -125760    0 
105400:    1.00    5.618    0.037      -125772    0 
105500:    1.00    5.853    0.036      -125773    0 
105600:    1.00    6.673    0.041      -125756    0 
105700:    1.00    6.579    0.039      -125760    0 
105800:    1.00    6.327    0.032      -125758    0 
105900:    1.00    6.105    0.030      -125759    0 

  Rep#:   Lambda   Alpha      F1       Ln Like  Est Ln P(D)
106000:    1.00    6.175    0.033      -125775    0 
106100:    1.00    6.323    0.023      -125769    0 
106200:    1.00    6.246    0.029      -125757    0 
106300:    1.00    6.286    0.024      -125749    0 
106400:    1.00    6.363    0.036      -125750    0 
106500:    1.00    6.455    0.034      -125788    0 
106600:    1.00    6.559    0.038      -125774    0 
106700:    1.00    6.670    0.033      -125769    0 
106800:    1.00    7.014    0.031      -125765    0 
106900:    1.00    6.974    0.030      -125783    0 

  Rep#:   Lambda   Alpha      F1       Ln Like  Est Ln P(D)
107000:    1.00    7.129    0.030      -125774    0 
107100:    1.00    7.194    0.023      -125761    0 
107200:    1.00    6.731    0.033      -125768    0 
107300:    1.00    7.125    0.027      -125785    0 
107400:    1.00    6.933    0.021      -125776    0 
107500:    1.00    7.232    0.020      -125775    0 
107600:    1.00    7.054    0.020      -125774    0 
107700:    1.00    7.241    0.033      -125778    0 
107800:    1.00    7.172    0.039      -125762    0 
107900:    1.00    6.882    0.031      -125768    0 

  Rep#:   Lambda   Alpha      F1       Ln Like  Est Ln P(D)
108000:    1.00    6.646    0.031      -125764    0 
108100:    1.00    6.739    0.032      -125764    0 
108200:    1.00    6.907    0.027      -125759    0 
108300:    1.00    6.783    0.029      -125745    0 
108400:    1.00    6.713    0.033      -125773    0 
108500:    1.00    6.743    0.043      -125747    0 
108600:    1.00    7.121    0.037      -125752    0 
108700:    1.00    7.191    0.033      -125769    0 
108800:    1.00    7.379    0.031      -125764    0 
108900:    1.00    7.327    0.041      -125754    0 

  Rep#:   Lambda   Alpha      F1       Ln Like  Est Ln P(D)
109000:    1.00    6.854    0.033      -125770    0 
109100:    1.00    6.827    0.045      -125759    0 
109200:    1.00    6.909    0.030      -125767    0 
109300:    1.00    7.003    0.031      -125764    0 
109400:    1.00    7.366    0.038      -125768    0 
109500:    1.00    7.629    0.035      -125759    0 
109600:    1.00    7.442    0.033      -125736    0 
109700:    1.00    7.194    0.025      -125787    0 
109800:    1.00    7.068    0.023      -125762    0 
109900:    1.00    7.179    0.028      -125764    0 

  Rep#:   Lambda   Alpha      F1       Ln Like  Est Ln P(D)
110000:    1.00    7.717    0.040      -125767    0 
110100:    1.00    8.091    0.026      -125787    0 
110200:    1.00    7.660    0.027      -125771    0 
110300:    1.00    7.837    0.033      -125788    0 
110400:    1.00    7.740    0.034      -125756    0 
110500:    1.00    7.911    0.030      -125745    0 
110600:    1.00    7.853    0.023      -125754    0 
110700:    1.00    7.916    0.038      -125772    0 
110800:    1.00    8.160    0.032      -125759    0 
110900:    1.00    7.727    0.024      -125760    0 

  Rep#:   Lambda   Alpha      F1       Ln Like  Est Ln P(D)
111000:    1.00    7.224    0.024      -125774    0 
111100:    1.00    7.112    0.034      -125777    0 
111200:    1.00    7.366    0.032      -125763    0 
111300:    1.00    7.901    0.036      -125748    0 
111400:    1.00    7.801    0.025      -125784    0 
111500:    1.00    7.698    0.040      -125760    0 
111600:    1.00    7.603    0.031      -125766    0 
111700:    1.00    8.055    0.025      -125761    0 
111800:    1.00    8.110    0.027      -125752    0 
111900:    1.00    8.202    0.021      -125761    0 

  Rep#:   Lambda   Alpha      F1       Ln Like  Est Ln P(D)
112000:    1.00    8.125    0.024      -125754    0 
112100:    1.00    7.948    0.022      -125788    0 
112200:    1.00    7.780    0.031      -125771    0 
112300:    1.00    7.612    0.028      -125773    0 
112400:    1.00    7.573    0.026      -125745    0 
112500:    1.00    7.360    0.031      -125759    0 
112600:    1.00    7.110    0.029      -125776    0 
112700:    1.00    7.194    0.027      -125781    0 
112800:    1.00    6.764    0.032      -125752    0 
112900:    1.00    6.535    0.025      -125767    0 

  Rep#:   Lambda   Alpha      F1       Ln Like  Est Ln P(D)
113000:    1.00    6.429    0.030      -125758    0 
113100:    1.00    6.162    0.026      -125757    0 
113200:    1.00    6.533    0.030      -125759    0 
113300:    1.00    6.644    0.031      -125778    0 
113400:    1.00    6.486    0.029      -125749    0 
113500:    1.00    6.691    0.024      -125783    0 
113600:    1.00    6.579    0.028      -125788    0 
113700:    1.00    6.367    0.033      -125763    0 
113800:    1.00    6.861    0.031      -125767    0 
113900:    1.00    7.207    0.028      -125758    0 

  Rep#:   Lambda   Alpha      F1       Ln Like  Est Ln P(D)
114000:    1.00    6.732    0.034      -125758    0 
114100:    1.00    6.794    0.026      -125752    0 
114200:    1.00    6.589    0.028      -125758    0 
114300:    1.00    6.373    0.030      -125753    0 
114400:    1.00    6.521    0.030      -125764    0 
114500:    1.00    6.241    0.033      -125757    0 
114600:    1.00    6.369    0.029      -125771    0 
114700:    1.00    6.201    0.028      -125748    0 
114800:    1.00    5.847    0.022      -125765    0 
114900:    1.00    5.896    0.022      -125768    0 

  Rep#:   Lambda   Alpha      F1       Ln Like  Est Ln P(D)
115000:    1.00    5.938    0.027      -125774    0 
115100:    1.00    5.778    0.027      -125781    0 
115200:    1.00    6.143    0.025      -125777    0 
115300:    1.00    6.277    0.029      -125757    0 
115400:    1.00    6.525    0.030      -125766    0 
115500:    1.00    6.787    0.024      -125758    0 
115600:    1.00    6.822    0.037      -125750    0 
115700:    1.00    6.701    0.043      -125750    0 
115800:    1.00    6.408    0.029      -125774    0 
115900:    1.00    6.068    0.036      -125744    0 

  Rep#:   Lambda   Alpha      F1       Ln Like  Est Ln P(D)
116000:    1.00    5.875    0.026      -125764    0 
116100:    1.00    6.340    0.031      -125749    0 
116200:    1.00    6.656    0.021      -125745    0 
116300:    1.00    6.634    0.021      -125781    0 
116400:    1.00    6.631    0.024      -125757    0 
116500:    1.00    6.622    0.026      -125774    0 
116600:    1.00    6.790    0.029      -125751    0 
116700:    1.00    6.871    0.025      -125768    0 
116800:    1.00    7.005    0.043      -125770    0 
116900:    1.00    7.489    0.032      -125768    0 

  Rep#:   Lambda   Alpha      F1       Ln Like  Est Ln P(D)
117000:    1.00    7.720    0.028      -125749    0 
117100:    1.00    8.041    0.045      -125768    0 
117200:    1.00    7.941    0.039      -125773    0 
117300:    1.00    7.847    0.034      -125761    0 
117400:    1.00    7.950    0.034      -125780    0 
117500:    1.00    8.089    0.034      -125771    0 
117600:    1.00    8.022    0.050      -125762    0 
117700:    1.00    7.961    0.046      -125759    0 
117800:    1.00    7.651    0.041      -125755    0 
117900:    1.00    7.872    0.037      -125761    0 

  Rep#:   Lambda   Alpha      F1       Ln Like  Est Ln P(D)
118000:    1.00    7.589    0.037      -125764    0 
118100:    1.00    6.991    0.035      -125787    0 
118200:    1.00    7.126    0.027      -125754    0 
118300:    1.00    7.571    0.026      -125769    0 
118400:    1.00    7.765    0.030      -125743    0 
118500:    1.00    7.641    0.035      -125750    0 
118600:    1.00    7.770    0.039      -125770    0 
118700:    1.00    7.399    0.033      -125748    0 
118800:    1.00    7.317    0.026      -125753    0 
118900:    1.00    7.163    0.030      -125771    0 

  Rep#:   Lambda   Alpha      F1       Ln Like  Est Ln P(D)
119000:    1.00    6.995    0.027      -125777    0 
119100:    1.00    6.894    0.026      -125751    0 
119200:    1.00    7.123    0.024      -125776    0 
119300:    1.00    7.095    0.032      -125751    0 
119400:    1.00    7.224    0.032      -125760    0 
119500:    1.00    7.353    0.045      -125771    0 
119600:    1.00    7.286    0.035      -125768    0 
119700:    1.00    7.315    0.031      -125758    0 
119800:    1.00    7.121    0.041      -125778    0 
119900:    1.00    7.333    0.029      -125766    0 

  Rep#:   Lambda   Alpha      F1       Ln Like  Est Ln P(D)
120000:    1.00    7.313    0.032      -125760    0 
120100:    1.00    7.115    0.036      -125764    0 
120200:    1.00    6.992    0.037      -125733    0 
120300:    1.00    6.684    0.029      -125775    0 
120400:    1.00    6.992    0.027      -125770    0 
120500:    1.00    7.002    0.025      -125752    0 
120600:    1.00    6.934    0.033      -125753    0 
120700:    1.00    6.772    0.033      -125785    0 
120800:    1.00    6.856    0.040      -125771    0 
120900:    1.00    6.397    0.027      -125783    0 

  Rep#:   Lambda   Alpha      F1       Ln Like  Est Ln P(D)
121000:    1.00    6.180    0.025      -125767    0 
121100:    1.00    5.948    0.024      -125773    0 
121200:    1.00    5.897    0.028      -125764    0 
121300:    1.00    5.649    0.027      -125764    0 
121400:    1.00    5.540    0.029      -125772    0 
121500:    1.00    5.309    0.025      -125745    0 
121600:    1.00    5.574    0.035      -125750    0 
121700:    1.00    5.345    0.041      -125755    0 
121800:    1.00    5.382    0.036      -125758    0 
121900:    1.00    5.740    0.039      -125752    0 

  Rep#:   Lambda   Alpha      F1       Ln Like  Est Ln P(D)
122000:    1.00    5.626    0.033      -125768    0 
122100:    1.00    5.471    0.033      -125760    0 
122200:    1.00    5.476    0.034      -125773    0 
122300:    1.00    5.580    0.028      -125774    0 
122400:    1.00    5.779    0.023      -125775    0 
122500:    1.00    6.116    0.026      -125757    0 
122600:    1.00    5.941    0.024      -125764    0 
122700:    1.00    6.056    0.029      -125780    0 
122800:    1.00    5.812    0.028      -125757    0 
122900:    1.00    5.890    0.024      -125776    0 

  Rep#:   Lambda   Alpha      F1       Ln Like  Est Ln P(D)
123000:    1.00    6.100    0.022      -125767    0 
123100:    1.00    5.621    0.017      -125774    0 
123200:    1.00    5.615    0.019      -125755    0 
123300:    1.00    5.518    0.030      -125764    0 
123400:    1.00    5.200    0.029      -125772    0 
123500:    1.00    5.060    0.023      -125765    0 
123600:    1.00    4.896    0.028      -125759    0 
123700:    1.00    5.049    0.030      -125773    0 
123800:    1.00    4.866    0.033      -125780    0 
123900:    1.00    4.732    0.036      -125766    0 

  Rep#:   Lambda   Alpha      F1       Ln Like  Est Ln P(D)
124000:    1.00    4.762    0.036      -125752    0 
124100:    1.00    4.980    0.036      -125768    0 
124200:    1.00    4.989    0.041      -125777    0 
124300:    1.00    5.158    0.031      -125790    0 
124400:    1.00    5.062    0.028      -125749    0 
124500:    1.00    4.782    0.036      -125764    0 
124600:    1.00    4.918    0.031      -125774    0 
124700:    1.00    5.203    0.041      -125771    0 
124800:    1.00    5.379    0.038      -125746    0 
124900:    1.00    5.386    0.038      -125772    0 

  Rep#:   Lambda   Alpha      F1       Ln Like  Est Ln P(D)
125000:    1.00    5.229    0.030      -125763    0 
125100:    1.00    5.340    0.038      -125770    0 
125200:    1.00    5.310    0.033      -125797    0 
125300:    1.00    5.601    0.034      -125768    0 
125400:    1.00    5.633    0.034      -125768    0 
125500:    1.00    5.595    0.043      -125768    0 
125600:    1.00    5.450    0.035      -125753    0 
125700:    1.00    5.528    0.034      -125763    0 
125800:    1.00    5.475    0.029      -125750    0 
125900:    1.00    5.151    0.035      -125753    0 

  Rep#:   Lambda   Alpha      F1       Ln Like  Est Ln P(D)
126000:    1.00    4.999    0.025      -125742    0 
126100:    1.00    4.912    0.025      -125766    0 
126200:    1.00    5.293    0.026      -125772    0 
126300:    1.00    5.302    0.027      -125751    0 
126400:    1.00    5.175    0.027      -125762    0 
126500:    1.00    5.097    0.023      -125775    0 
126600:    1.00    5.044    0.020      -125780    0 
126700:    1.00    4.702    0.025      -125744    0 
126800:    1.00    4.524    0.024      -125776    0 
126900:    1.00    4.761    0.023      -125764    0 

  Rep#:   Lambda   Alpha      F1       Ln Like  Est Ln P(D)
127000:    1.00    4.882    0.034      -125765    0 
127100:    1.00    5.303    0.023      -125754    0 
127200:    1.00    5.181    0.020      -125748    0 
127300:    1.00    4.994    0.028      -125765    0 
127400:    1.00    5.004    0.024      -125769    0 
127500:    1.00    5.051    0.021      -125769    0 
127600:    1.00    4.751    0.029      -125774    0 
127700:    1.00    4.668    0.034      -125765    0 
127800:    1.00    4.826    0.029      -125761    0 
127900:    1.00    4.646    0.033      -125754    0 

  Rep#:   Lambda   Alpha      F1       Ln Like  Est Ln P(D)
128000:    1.00    4.771    0.041      -125772    0 
128100:    1.00    4.890    0.033      -125772    0 
128200:    1.00    4.778    0.035      -125769    0 
128300:    1.00    4.608    0.029      -125769    0 
128400:    1.00    4.415    0.028      -125751    0 
128500:    1.00    4.535    0.036      -125763    0 
128600:    1.00    4.159    0.027      -125755    0 
128700:    1.00    4.463    0.033      -125760    0 
128800:    1.00    4.723    0.047      -125757    0 
128900:    1.00    4.708    0.038      -125759    0 

  Rep#:   Lambda   Alpha      F1       Ln Like  Est Ln P(D)
129000:    1.00    4.387    0.040      -125760    0 
129100:    1.00    3.976    0.045      -125762    0 
129200:    1.00    3.367    0.029      -125752    0 
129300:    1.00    3.402    0.031      -125764    0 
129400:    1.00    3.542    0.030      -125769    0 
129500:    1.00    3.459    0.028      -125760    0 
129600:    1.00    3.365    0.033      -125773    0 
129700:    1.00    3.413    0.038      -125761    0 
129800:    1.00    2.587    0.042      -125769    0 
129900:    1.00    2.734    0.041      -125787    0 

  Rep#:   Lambda   Alpha      F1       Ln Like  Est Ln P(D)
130000:    1.00    2.737    0.031      -125774    0 
130100:    1.00    2.873    0.029      -125734    0 
130200:    1.00    2.706    0.030      -125762    0 
130300:    1.00    2.557    0.035      -125764    0 
130400:    1.00    2.467    0.034      -125780    0 
130500:    1.00    2.511    0.030      -125775    0 
130600:    1.00    2.786    0.031      -125764    0 
130700:    1.00    2.637    0.036      -125769    0 
130800:    1.00    3.193    0.029      -125766    0 
130900:    1.00    2.655    0.034      -125739    0 

  Rep#:   Lambda   Alpha      F1       Ln Like  Est Ln P(D)
131000:    1.00    2.656    0.023      -125774    0 
131100:    1.00    2.640    0.028      -125755    0 
131200:    1.00    2.269    0.029      -125765    0 
131300:    1.00    2.128    0.025      -125772    0 
131400:    1.00    2.002    0.036      -125761    0 
131500:    1.00    2.158    0.038      -125765    0 
131600:    1.00    2.489    0.032      -125776    0 
131700:    1.00    2.526    0.032      -125755    0 
131800:    1.00    2.243    0.037      -125744    0 
131900:    1.00    1.933    0.030      -125751    0 

  Rep#:   Lambda   Alpha      F1       Ln Like  Est Ln P(D)
132000:    1.00    2.348    0.033      -125769    0 
132100:    1.00    2.189    0.023      -125759    0 
132200:    1.00    1.886    0.030      -125773    0 
132300:    1.00    1.751    0.034      -125770    0 
132400:    1.00    1.809    0.037      -125777    0 
132500:    1.00    2.406    0.030      -125773    0 
132600:    1.00    1.922    0.029      -125758    0 
132700:    1.00    1.970    0.025      -125765    0 
132800:    1.00    1.951    0.030      -125772    0 
132900:    1.00    1.830    0.031      -125761    0 

  Rep#:   Lambda   Alpha      F1       Ln Like  Est Ln P(D)
133000:    1.00    1.966    0.027      -125763    0 
133100:    1.00    2.044    0.034      -125755    0 
133200:    1.00    1.953    0.029      -125780    0 
133300:    1.00    1.907    0.027      -125767    0 
133400:    1.00    1.822    0.030      -125759    0 
133500:    1.00    1.655    0.038      -125760    0 
133600:    1.00    1.792    0.033      -125778    0 
133700:    1.00    1.273    0.031      -125747    0 
133800:    1.00    1.192    0.027      -125790    0 
133900:    1.00    1.010    0.022      -125756    0 

  Rep#:   Lambda   Alpha      F1       Ln Like  Est Ln P(D)
134000:    1.00    0.704    0.020      -125771    0 
134100:    1.00    0.105    0.031      -125756    0 
134200:    1.00    0.336    0.031      -125768    0 
134300:    1.00    0.422    0.027      -125757    0 
134400:    1.00    0.198    0.028      -125775    0 
134500:    1.00    0.212    0.023      -125768    0 
134600:    1.00    0.184    0.027      -125760    0 
134700:    1.00    0.527    0.020      -125771    0 
134800:    1.00    0.611    0.023      -125776    0 
134900:    1.00    0.719    0.022      -125765    0 

  Rep#:   Lambda   Alpha      F1       Ln Like  Est Ln P(D)
135000:    1.00    1.028    0.022      -125776    0 
135100:    1.00    1.323    0.022      -125783    0 
135200:    1.00    1.085    0.022      -125758    0 
135300:    1.00    0.899    0.025      -125749    0 
135400:    1.00    0.618    0.030      -125769    0 
135500:    1.00    0.284    0.033      -125770    0 
135600:    1.00    0.473    0.036      -125751    0 
135700:    1.00    0.659    0.034      -125769    0 
135800:    1.00    0.904    0.032      -125769    0 
135900:    1.00    0.980    0.042      -125767    0 

  Rep#:   Lambda   Alpha      F1       Ln Like  Est Ln P(D)
136000:    1.00    1.052    0.033      -125761    0 
136100:    1.00    1.281    0.024      -125775    0 
136200:    1.00    1.419    0.031      -125793    0 
136300:    1.00    1.218    0.031      -125771    0 
136400:    1.00    1.225    0.034      -125747    0 
136500:    1.00    1.522    0.031      -125756    0 
136600:    1.00    1.882    0.033      -125753    0 
136700:    1.00    2.076    0.036      -125749    0 
136800:    1.00    2.523    0.029      -125768    0 
136900:    1.00    2.914    0.029      -125747    0 

  Rep#:   Lambda   Alpha      F1       Ln Like  Est Ln P(D)
137000:    1.00    3.053    0.027      -125748    0 
137100:    1.00    3.130    0.026      -125763    0 
137200:    1.00    3.593    0.024      -125764    0 
137300:    1.00    3.935    0.026      -125754    0 
137400:    1.00    4.151    0.027      -125750    0 
137500:    1.00    4.141    0.027      -125764    0 
137600:    1.00    3.580    0.015      -125780    0 
137700:    1.00    3.650    0.029      -125761    0 
137800:    1.00    3.638    0.028      -125763    0 
137900:    1.00    3.678    0.022      -125775    0 

  Rep#:   Lambda   Alpha      F1       Ln Like  Est Ln P(D)
138000:    1.00    3.183    0.021      -125767    0 
138100:    1.00    3.302    0.022      -125761    0 
138200:    1.00    3.381    0.021      -125755    0 
138300:    1.00    3.191    0.025      -125761    0 
138400:    1.00    2.915    0.019      -125752    0 
138500:    1.00    2.716    0.028      -125774    0 
138600:    1.00    2.513    0.034      -125761    0 
138700:    1.00    2.216    0.037      -125763    0 
138800:    1.00    1.811    0.029      -125779    0 
138900:    1.00    1.843    0.028      -125744    0 

  Rep#:   Lambda   Alpha      F1       Ln Like  Est Ln P(D)
139000:    1.00    1.917    0.039      -125754    0 
139100:    1.00    1.629    0.032      -125764    0 
139200:    1.00    1.349    0.030      -125761    0 
139300:    1.00    1.165    0.029      -125758    0 
139400:    1.00    0.767    0.031      -125762    0 
139500:    1.00    1.060    0.036      -125760    0 
139600:    1.00    1.487    0.035      -125768    0 
139700:    1.00    1.682    0.029      -125755    0 
139800:    1.00    1.736    0.026      -125755    0 
139900:    1.00    1.590    0.024      -125749    0 

  Rep#:   Lambda   Alpha      F1       Ln Like  Est Ln P(D)
140000:    1.00    2.116    0.028      -125741    0 
140100:    1.00    1.940    0.026      -125757    0 
140200:    1.00    1.690    0.023      -125773    0 
140300:    1.00    1.560    0.027      -125754    0 
140400:    1.00    1.556    0.030      -125756    0 
140500:    1.00    1.541    0.028      -125767    0 
140600:    1.00    1.801    0.019      -125776    0 
140700:    1.00    1.348    0.025      -125765    0 
140800:    1.00    1.319    0.027      -125777    0 
140900:    1.00    1.361    0.031      -125773    0 

  Rep#:   Lambda   Alpha      F1       Ln Like  Est Ln P(D)
141000:    1.00    1.513    0.033      -125755    0 
141100:    1.00    1.689    0.032      -125745    0 
141200:    1.00    1.826    0.029      -125766    0 
141300:    1.00    2.362    0.027      -125780    0 
141400:    1.00    2.374    0.029      -125769    0 
141500:    1.00    2.415    0.027      -125752    0 
141600:    1.00    2.588    0.020      -125742    0 
141700:    1.00    2.725    0.027      -125757    0 
141800:    1.00    2.480    0.023      -125770    0 
141900:    1.00    2.666    0.029      -125764    0 

  Rep#:   Lambda   Alpha      F1       Ln Like  Est Ln P(D)
142000:    1.00    2.451    0.034      -125764    0 
142100:    1.00    1.847    0.038      -125764    0 
142200:    1.00    1.987    0.033      -125770    0 
142300:    1.00    2.060    0.033      -125772    0 
142400:    1.00    2.399    0.034      -125769    0 
142500:    1.00    2.220    0.040      -125747    0 
142600:    1.00    2.426    0.026      -125782    0 
142700:    1.00    2.043    0.031      -125769    0 
142800:    1.00    1.844    0.041      -125752    0 
142900:    1.00    1.751    0.033      -125775    0 

  Rep#:   Lambda   Alpha      F1       Ln Like  Est Ln P(D)
143000:    1.00    2.190    0.039      -125772    0 
143100:    1.00    2.285    0.042      -125774    0 
143200:    1.00    1.595    0.034      -125769    0 
143300:    1.00    1.549    0.045      -125759    0 
143400:    1.00    1.753    0.027      -125770    0 
143500:    1.00    1.240    0.032      -125767    0 
143600:    1.00    1.347    0.035      -125748    0 
143700:    1.00    1.483    0.023      -125756    0 
143800:    1.00    1.434    0.022      -125763    0 
143900:    1.00    1.420    0.024      -125772    0 

  Rep#:   Lambda   Alpha      F1       Ln Like  Est Ln P(D)
144000:    1.00    1.137    0.028      -125757    0 
144100:    1.00    1.213    0.025      -125763    0 
144200:    1.00    1.390    0.023      -125762    0 
144300:    1.00    1.600    0.023      -125767    0 
144400:    1.00    1.693    0.031      -125783    0 
144500:    1.00    1.297    0.031      -125757    0 
144600:    1.00    1.240    0.034      -125755    0 
144700:    1.00    1.366    0.029      -125766    0 
144800:    1.00    1.389    0.025      -125772    0 
144900:    1.00    1.243    0.031      -125768    0 

  Rep#:   Lambda   Alpha      F1       Ln Like  Est Ln P(D)
145000:    1.00    1.006    0.028      -125771    0 
145100:    1.00    1.108    0.024      -125767    0 
145200:    1.00    1.297    0.025      -125760    0 
145300:    1.00    1.164    0.023      -125769    0 
145400:    1.00    0.966    0.026      -125763    0 
145500:    1.00    0.675    0.025      -125760    0 
145600:    1.00    0.878    0.029      -125768    0 
145700:    1.00    0.298    0.028      -125744    0 
145800:    1.00    0.219    0.037      -125759    0 
145900:    1.00    0.207    0.037      -125753    0 

  Rep#:   Lambda   Alpha      F1       Ln Like  Est Ln P(D)
146000:    1.00    0.478    0.032      -125777    0 
146100:    1.00    0.725    0.033      -125785    0 
146200:    1.00    0.674    0.036      -125751    0 
146300:    1.00    1.155    0.036      -125768    0 
146400:    1.00    1.055    0.035      -125762    0 
146500:    1.00    1.366    0.030      -125749    0 
146600:    1.00    1.023    0.034      -125751    0 
146700:    1.00    0.799    0.038      -125776    0 
146800:    1.00    0.982    0.032      -125762    0 
146900:    1.00    0.767    0.039      -125779    0 

  Rep#:   Lambda   Alpha      F1       Ln Like  Est Ln P(D)
147000:    1.00    0.838    0.036      -125796    0 
147100:    1.00    0.353    0.037      -125751    0 
147200:    1.00    0.292    0.030      -125771    0 
147300:    1.00    0.271    0.027      -125762    0 
147400:    1.00    0.466    0.028      -125762    0 
147500:    1.00    0.668    0.031      -125749    0 
147600:    1.00    0.791    0.027      -125749    0 
147700:    1.00    0.483    0.027      -125783    0 
147800:    1.00    0.507    0.028      -125772    0 
147900:    1.00    0.546    0.028      -125768    0 

  Rep#:   Lambda   Alpha      F1       Ln Like  Est Ln P(D)
148000:    1.00    0.395    0.030      -125761    0 
148100:    1.00    0.113    0.027      -125767    0 
148200:    1.00    0.343    0.024      -125767    0 
148300:    1.00    0.036    0.022      -125761    0 
148400:    1.00    0.057    0.026      -125787    0 
148500:    1.00    0.125    0.026      -125756    0 
148600:    1.00    0.012    0.027      -125769    0 
148700:    1.00    0.264    0.031      -125743    0 
148800:    1.00    0.335    0.034      -125763    0 
148900:    1.00    0.305    0.035      -125753    0 

  Rep#:   Lambda   Alpha      F1       Ln Like  Est Ln P(D)
149000:    1.00    0.505    0.027      -125734    0 
149100:    1.00    0.214    0.022      -125760    0 
149200:    1.00    0.187    0.022      -125754    0 
149300:    1.00    0.406    0.032      -125772    0 
149400:    1.00    0.551    0.027      -125771    0 
149500:    1.00    0.530    0.031      -125770    0 
149600:    1.00    0.228    0.028      -125770    0 
149700:    1.00    0.769    0.027      -125767    0 
149800:    1.00    0.860    0.026      -125781    0 
149900:    1.00    0.839    0.023      -125753    0 

  Rep#:   Lambda   Alpha      F1       Ln Like  Est Ln P(D)
150000:    1.00    0.709    0.019      -125769    0 
150100:    1.00    0.758    0.021      -125746    0 
150200:    1.00    1.060    0.025      -125759    0 
150300:    1.00    1.047    0.025      -125768    0 
150400:    1.00    0.779    0.025      -125769    0 
150500:    1.00    0.697    0.024      -125769    0 
150600:    1.00    0.412    0.018      -125753    0 
150700:    1.00    0.459    0.020      -125785    0 
150800:    1.00    0.387    0.027      -125765    0 
150900:    1.00    0.327    0.025      -125763    0 

  Rep#:   Lambda   Alpha      F1       Ln Like  Est Ln P(D)
151000:    1.00    0.302    0.027      -125756    0 
151100:    1.00    0.067    0.031      -125751    0 
151200:    1.00    0.127    0.030      -125760    0 
151300:    1.00    0.125    0.029      -125783    0 
151400:    1.00    0.164    0.028      -125757    0 
151500:    1.00    0.186    0.028      -125760    0 
151600:    1.00    0.087    0.022      -125787    0 
151700:    1.00    0.182    0.032      -125765    0 
151800:    1.00    0.231    0.028      -125758    0 
151900:    1.00    0.523    0.025      -125757    0 

  Rep#:   Lambda   Alpha      F1       Ln Like  Est Ln P(D)
152000:    1.00    0.514    0.029      -125763    0 
152100:    1.00    0.678    0.030      -125770    0 
152200:    1.00    0.610    0.023      -125763    0 
152300:    1.00    0.354    0.027      -125772    0 
152400:    1.00    0.226    0.032      -125771    0 
152500:    1.00    0.068    0.024      -125757    0 
152600:    1.00    0.040    0.028      -125765    0 
152700:    1.00    0.048    0.029      -125791    0 
152800:    1.00    0.073    0.033      -125781    0 
152900:    1.00    0.301    0.038      -125784    0 

  Rep#:   Lambda   Alpha      F1       Ln Like  Est Ln P(D)
153000:    1.00    0.073    0.032      -125754    0 
153100:    1.00    0.386    0.039      -125745    0 
153200:    1.00    0.428    0.041      -125766    0 
153300:    1.00    0.336    0.036      -125775    0 
153400:    1.00    0.388    0.027      -125759    0 
153500:    1.00    0.318    0.031      -125769    0 
153600:    1.00    0.270    0.026      -125773    0 
153700:    1.00    0.217    0.024      -125751    0 
153800:    1.00    0.035    0.029      -125799    0 
153900:    1.00    0.171    0.027      -125761    0 

  Rep#:   Lambda   Alpha      F1       Ln Like  Est Ln P(D)
154000:    1.00    0.210    0.027      -125760    0 
154100:    1.00    0.059    0.025      -125774    0 
154200:    1.00    0.089    0.029      -125768    0 
154300:    1.00    0.148    0.031      -125747    0 
154400:    1.00    0.127    0.026      -125765    0 
154500:    1.00    0.113    0.031      -125762    0 
154600:    1.00    0.195    0.034      -125773    0 
154700:    1.00    0.319    0.039      -125763    0 
154800:    1.00    0.186    0.037      -125756    0 
154900:    1.00    0.632    0.030      -125759    0 

  Rep#:   Lambda   Alpha      F1       Ln Like  Est Ln P(D)
155000:    1.00    0.682    0.031      -125759    0 
155100:    1.00    0.978    0.027      -125770    0 
155200:    1.00    0.731    0.029      -125775    0 
155300:    1.00    0.464    0.023      -125756    0 
155400:    1.00    0.238    0.031      -125765    0 
155500:    1.00    0.210    0.036      -125749    0 
155600:    1.00    0.485    0.034      -125765    0 
155700:    1.00    0.695    0.035      -125774    0 
155800:    1.00    0.733    0.037      -125775    0 
155900:    1.00    0.893    0.043      -125758    0 

  Rep#:   Lambda   Alpha      F1       Ln Like  Est Ln P(D)
156000:    1.00    0.413    0.041      -125756    0 
156100:    1.00    0.330    0.031      -125787    0 
156200:    1.00    0.116    0.028      -125762    0 
156300:    1.00    0.541    0.025      -125760    0 
156400:    1.00    0.462    0.026      -125744    0 
156500:    1.00    0.231    0.025      -125777    0 
156600:    1.00    0.106    0.029      -125765    0 
156700:    1.00    0.258    0.032      -125777    0 
156800:    1.00    0.789    0.041      -125741    0 
156900:    1.00    0.591    0.045      -125750    0 

  Rep#:   Lambda   Alpha      F1       Ln Like  Est Ln P(D)
157000:    1.00    0.711    0.035      -125745    0 
157100:    1.00    0.143    0.037      -125767    0 
157200:    1.00    0.383    0.025      -125750    0 
157300:    1.00    0.776    0.031      -125762    0 
157400:    1.00    0.578    0.033      -125744    0 
157500:    1.00    0.517    0.032      -125784    0 
157600:    1.00    0.402    0.034      -125766    0 
157700:    1.00    0.519    0.031      -125770    0 
157800:    1.00    0.553    0.027      -125783    0 
157900:    1.00    0.780    0.026      -125772    0 

  Rep#:   Lambda   Alpha      F1       Ln Like  Est Ln P(D)
158000:    1.00    0.654    0.026      -125764    0 
158100:    1.00    0.552    0.027      -125766    0 
158200:    1.00    0.581    0.033      -125749    0 
158300:    1.00    0.350    0.042      -125773    0 
158400:    1.00    0.179    0.030      -125764    0 
158500:    1.00    0.691    0.039      -125763    0 
158600:    1.00    0.616    0.036      -125735    0 
158700:    1.00    0.356    0.037      -125765    0 
158800:    1.00    0.281    0.035      -125749    0 
158900:    1.00    0.003    0.030      -125762    0 

  Rep#:   Lambda   Alpha      F1       Ln Like  Est Ln P(D)
159000:    1.00    0.198    0.026      -125751    0 
159100:    1.00    0.278    0.028      -125772    0 
159200:    1.00    0.079    0.028      -125773    0 
159300:    1.00    0.309    0.029      -125765    0 
159400:    1.00    0.066    0.031      -125771    0 
159500:    1.00    0.089    0.027      -125760    0 
159600:    1.00    0.036    0.028      -125758    0 
159700:    1.00    0.367    0.033      -125750    0 
159800:    1.00    0.400    0.026      -125748    0 
159900:    1.00    0.265    0.022      -125765    0 

  Rep#:   Lambda   Alpha      F1       Ln Like  Est Ln P(D)
160000:    1.00    0.224    0.036      -125767    0 
160100:    1.00    0.091    0.033      -125759    0 
160200:    1.00    0.054    0.038      -125752    0 
160300:    1.00    0.122    0.038      -125766    0 
160400:    1.00    0.404    0.038      -125767    0 
160500:    1.00    0.328    0.050      -125773    0 
160600:    1.00    0.923    0.037      -125767    0 
160700:    1.00    0.883    0.032      -125783    0 
160800:    1.00    1.129    0.030      -125755    0 
160900:    1.00    0.860    0.027      -125761    0 

  Rep#:   Lambda   Alpha      F1       Ln Like  Est Ln P(D)
161000:    1.00    0.953    0.033      -125750    0 
161100:    1.00    0.971    0.029      -125772    0 
161200:    1.00    1.110    0.029      -125777    0 
161300:    1.00    0.563    0.028      -125790    0 
161400:    1.00    0.619    0.017      -125777    0 
161500:    1.00    0.600    0.024      -125769    0 
161600:    1.00    0.626    0.024      -125752    0 
161700:    1.00    1.025    0.028      -125763    0 
161800:    1.00    0.848    0.021      -125753    0 
161900:    1.00    1.107    0.027      -125764    0 

  Rep#:   Lambda   Alpha      F1       Ln Like  Est Ln P(D)
162000:    1.00    1.200    0.025      -125753    0 
162100:    1.00    1.648    0.022      -125781    0 
162200:    1.00    1.692    0.021      -125738    0 
162300:    1.00    2.065    0.022      -125782    0 
162400:    1.00    2.239    0.026      -125768    0 
162500:    1.00    2.415    0.032      -125773    0 
162600:    1.00    2.079    0.037      -125769    0 
162700:    1.00    2.176    0.038      -125759    0 
162800:    1.00    1.731    0.033      -125783    0 
162900:    1.00    1.172    0.034      -125758    0 

  Rep#:   Lambda   Alpha      F1       Ln Like  Est Ln P(D)
163000:    1.00    1.148    0.031      -125762    0 
163100:    1.00    0.793    0.031      -125780    0 
163200:    1.00    0.707    0.029      -125765    0 
163300:    1.00    1.096    0.032      -125788    0 
163400:    1.00    0.988    0.029      -125768    0 
163500:    1.00    0.668    0.029      -125759    0 
163600:    1.00    0.546    0.034      -125769    0 
163700:    1.00    0.492    0.036      -125777    0 
163800:    1.00    0.691    0.027      -125758    0 
163900:    1.00    0.538    0.038      -125760    0 

  Rep#:   Lambda   Alpha      F1       Ln Like  Est Ln P(D)
164000:    1.00    0.931    0.036      -125737    0 
164100:    1.00    0.651    0.035      -125758    0 
164200:    1.00    0.164    0.024      -125752    0 
164300:    1.00    0.272    0.019      -125761    0 
164400:    1.00    0.413    0.025      -125763    0 
164500:    1.00    0.059    0.029      -125752    0 
164600:    1.00    0.194    0.027      -125759    0 
164700:    1.00    0.200    0.020      -125751    0 
164800:    1.00    0.441    0.020      -125766    0 
164900:    1.00    0.047    0.026      -125748    0 

  Rep#:   Lambda   Alpha      F1       Ln Like  Est Ln P(D)
165000:    1.00    0.064    0.029      -125768    0 
165100:    1.00    0.146    0.033      -125750    0 
165200:    1.00    0.415    0.035      -125763    0 
165300:    1.00    0.277    0.036      -125761    0 
165400:    1.00    0.184    0.030      -125773    0 
165500:    1.00    0.564    0.035      -125758    0 
165600:    1.00    0.604    0.032      -125776    0 
165700:    1.00    0.242    0.030      -125795    0 
165800:    1.00    0.524    0.037      -125767    0 
165900:    1.00    0.569    0.030      -125773    0 

  Rep#:   Lambda   Alpha      F1       Ln Like  Est Ln P(D)
166000:    1.00    0.545    0.033      -125765    0 
166100:    1.00    0.515    0.032      -125762    0 
166200:    1.00    0.636    0.029      -125760    0 
166300:    1.00    0.613    0.039      -125771    0 
166400:    1.00    0.459    0.033      -125775    0 
166500:    1.00    0.248    0.030      -125743    0 
166600:    1.00    0.080    0.027      -125765    0 
166700:    1.00    0.167    0.027      -125755    0 
166800:    1.00    0.174    0.036      -125779    0 
166900:    1.00    0.106    0.038      -125776    0 

  Rep#:   Lambda   Alpha      F1       Ln Like  Est Ln P(D)
167000:    1.00    0.418    0.030      -125769    0 
167100:    1.00    0.137    0.033      -125767    0 
167200:    1.00    0.116    0.028      -125760    0 
167300:    1.00    0.247    0.030      -125761    0 
167400:    1.00    0.310    0.029      -125750    0 
167500:    1.00    0.144    0.027      -125779    0 
167600:    1.00    0.118    0.029      -125769    0 
167700:    1.00    0.128    0.029      -125758    0 
167800:    1.00    0.138    0.028      -125763    0 
167900:    1.00    0.086    0.025      -125769    0 

  Rep#:   Lambda   Alpha      F1       Ln Like  Est Ln P(D)
168000:    1.00    0.030    0.032      -125770    0 
168100:    1.00    0.105    0.029      -125764    0 
168200:    1.00    0.132    0.026      -125765    0 
168300:    1.00    0.062    0.031      -125755    0 
168400:    1.00    0.198    0.038      -125757    0 
168500:    1.00    0.211    0.032      -125763    0 
168600:    1.00    0.236    0.033      -125769    0 
168700:    1.00    0.075    0.036      -125770    0 
168800:    1.00    0.280    0.039      -125751    0 
168900:    1.00    0.026    0.038      -125761    0 

  Rep#:   Lambda   Alpha      F1       Ln Like  Est Ln P(D)
169000:    1.00    0.294    0.035      -125764    0 
169100:    1.00    0.165    0.029      -125755    0 
169200:    1.00    0.061    0.033      -125770    0 
169300:    1.00    0.256    0.034      -125757    0 
169400:    1.00    0.012    0.037      -125770    0 
169500:    1.00    0.290    0.034      -125768    0 
169600:    1.00    0.385    0.037      -125767    0 
169700:    1.00    0.231    0.024      -125754    0 
169800:    1.00    0.297    0.028      -125777    0 
169900:    1.00    0.174    0.023      -125764    0 

  Rep#:   Lambda   Alpha      F1       Ln Like  Est Ln P(D)
170000:    1.00    0.352    0.029      -125753    0 
170100:    1.00    0.124    0.027      -125789    0 
170200:    1.00    0.562    0.032      -125762    0 
170300:    1.00    0.869    0.030      -125744    0 
170400:    1.00    1.252    0.029      -125777    0 
170500:    1.00    1.366    0.030      -125755    0 
170600:    1.00    1.052    0.027      -125758    0 
170700:    1.00    0.927    0.037      -125747    0 
170800:    1.00    0.619    0.029      -125750    0 
170900:    1.00    0.950    0.041      -125757    0 

  Rep#:   Lambda   Alpha      F1       Ln Like  Est Ln P(D)
171000:    1.00    1.303    0.038      -125748    0 
171100:    1.00    1.023    0.035      -125758    0 
171200:    1.00    1.125    0.027      -125761    0 
171300:    1.00    1.301    0.028      -125762    0 
171400:    1.00    1.626    0.030      -125756    0 
171500:    1.00    1.836    0.026      -125766    0 
171600:    1.00    1.992    0.029      -125761    0 
171700:    1.00    2.082    0.031      -125762    0 
171800:    1.00    1.865    0.032      -125750    0 
171900:    1.00    2.193    0.051      -125766    0 

  Rep#:   Lambda   Alpha      F1       Ln Like  Est Ln P(D)
172000:    1.00    2.254    0.036      -125775    0 
172100:    1.00    2.005    0.038      -125755    0 
172200:    1.00    1.846    0.032      -125777    0 
172300:    1.00    2.182    0.038      -125764    0 
172400:    1.00    1.935    0.027      -125773    0 
172500:    1.00    1.976    0.022      -125757    0 
172600:    1.00    1.824    0.021      -125755    0 
172700:    1.00    1.568    0.018      -125768    0 
172800:    1.00    1.200    0.018      -125764    0 
172900:    1.00    1.126    0.016      -125769    0 

  Rep#:   Lambda   Alpha      F1       Ln Like  Est Ln P(D)
173000:    1.00    1.390    0.017      -125773    0 
173100:    1.00    1.239    0.022      -125751    0 
173200:    1.00    1.204    0.021      -125771    0 
173300:    1.00    0.855    0.028      -125758    0 
173400:    1.00    0.782    0.032      -125765    0 
173500:    1.00    0.513    0.031      -125758    0 
173600:    1.00    0.351    0.033      -125771    0 
173700:    1.00    0.552    0.033      -125775    0 
173800:    1.00    0.264    0.038      -125778    0 
173900:    1.00    0.429    0.040      -125774    0 

  Rep#:   Lambda   Alpha      F1       Ln Like  Est Ln P(D)
174000:    1.00    0.374    0.032      -125766    0 
174100:    1.00    0.252    0.033      -125758    0 
174200:    1.00    0.610    0.034      -125754    0 
174300:    1.00    0.786    0.033      -125764    0 
174400:    1.00    0.815    0.034      -125769    0 
174500:    1.00    0.834    0.036      -125757    0 
174600:    1.00    0.751    0.036      -125768    0 
174700:    1.00    0.546    0.031      -125776    0 
174800:    1.00    0.298    0.032      -125750    0 
174900:    1.00    0.105    0.026      -125744    0 

  Rep#:   Lambda   Alpha      F1       Ln Like  Est Ln P(D)
175000:    1.00    0.535    0.029      -125756    0 
175100:    1.00    0.757    0.025      -125755    0 
175200:    1.00    0.907    0.023      -125762    0 
175300:    1.00    0.697    0.023      -125758    0 
175400:    1.00    0.616    0.026      -125765    0 
175500:    1.00    0.796    0.034      -125764    0 
175600:    1.00    0.481    0.028      -125764    0 
175700:    1.00    0.351    0.034      -125777    0 
175800:    1.00    0.188    0.029      -125757    0 
175900:    1.00    0.192    0.026      -125769    0 

  Rep#:   Lambda   Alpha      F1       Ln Like  Est Ln P(D)
176000:    1.00    0.404    0.032      -125758    0 
176100:    1.00    0.073    0.030      -125778    0 
176200:    1.00    0.434    0.026      -125766    0 
176300:    1.00    0.216    0.030      -125751    0 
176400:    1.00    0.297    0.034      -125764    0 
176500:    1.00    0.778    0.033      -125742    0 
176600:    1.00    0.711    0.027      -125763    0 
176700:    1.00    0.349    0.031      -125790    0 
176800:    1.00    0.124    0.033      -125765    0 
176900:    1.00    0.148    0.035      -125767    0 

  Rep#:   Lambda   Alpha      F1       Ln Like  Est Ln P(D)
177000:    1.00    0.174    0.031      -125759    0 
177100:    1.00    0.047    0.026      -125763    0 
177200:    1.00    0.170    0.026      -125762    0 
177300:    1.00    0.012    0.029      -125751    0 
177400:    1.00    0.130    0.030      -125770    0 
177500:    1.00    0.163    0.035      -125784    0 
177600:    1.00    0.276    0.035      -125761    0 
177700:    1.00    0.207    0.039      -125764    0 
177800:    1.00    0.057    0.039      -125744    0 
177900:    1.00    0.429    0.045      -125762    0 

  Rep#:   Lambda   Alpha      F1       Ln Like  Est Ln P(D)
178000:    1.00    0.511    0.038      -125757    0 
178100:    1.00    0.606    0.034      -125763    0 
178200:    1.00    0.331    0.035      -125773    0 
178300:    1.00    0.644    0.031      -125777    0 
178400:    1.00    0.369    0.037      -125767    0 
178500:    1.00    0.352    0.028      -125757    0 
178600:    1.00    0.568    0.022      -125758    0 
178700:    1.00    0.221    0.024      -125782    0 
178800:    1.00    0.247    0.028      -125742    0 
178900:    1.00    0.264    0.029      -125769    0 

  Rep#:   Lambda   Alpha      F1       Ln Like  Est Ln P(D)
179000:    1.00    0.259    0.033      -125757    0 
179100:    1.00    0.411    0.046      -125779    0 
179200:    1.00    0.543    0.043      -125747    0 
179300:    1.00    0.659    0.037      -125774    0 
179400:    1.00    0.544    0.036      -125753    0 
179500:    1.00    0.343    0.031      -125766    0 
179600:    1.00    0.176    0.030      -125753    0 
179700:    1.00    0.178    0.031      -125772    0 
179800:    1.00    0.168    0.030      -125754    0 
179900:    1.00    0.293    0.029      -125764    0 

  Rep#:   Lambda   Alpha      F1       Ln Like  Est Ln P(D)
180000:    1.00    0.276    0.023      -125763    0 
180100:    1.00    0.048    0.025      -125763    0 
180200:    1.00    0.177    0.023      -125754    0 
180300:    1.00    0.272    0.022      -125760    0 
180400:    1.00    0.016    0.020      -125762    0 
180500:    1.00    0.012    0.029      -125763    0 
180600:    1.00    0.206    0.029      -125788    0 
180700:    1.00    0.066    0.026      -125762    0 
180800:    1.00    0.014    0.029      -125762    0 
180900:    1.00    0.609    0.029      -125775    0 

  Rep#:   Lambda   Alpha      F1       Ln Like  Est Ln P(D)
181000:    1.00    0.225    0.031      -125786    0 
181100:    1.00    0.302    0.031      -125777    0 
181200:    1.00    0.093    0.022      -125772    0 
181300:    1.00    0.135    0.032      -125776    0 
181400:    1.00    0.125    0.034      -125767    0 
181500:    1.00    0.262    0.029      -125771    0 
181600:    1.00    0.491    0.024      -125764    0 
181700:    1.00    0.470    0.021      -125760    0 
181800:    1.00    0.447    0.018      -125744    0 
181900:    1.00    0.625    0.018      -125753    0 

  Rep#:   Lambda   Alpha      F1       Ln Like  Est Ln P(D)
182000:    1.00    0.800    0.022      -125762    0 
182100:    1.00    0.567    0.035      -125760    0 
182200:    1.00    0.724    0.031      -125776    0 
182300:    1.00    0.742    0.023      -125765    0 
182400:    1.00    0.728    0.031      -125770    0 
182500:    1.00    0.985    0.024      -125756    0 
182600:    1.00    0.762    0.025      -125760    0 
182700:    1.00    0.292    0.022      -125765    0 
182800:    1.00    0.389    0.037      -125750    0 
182900:    1.00    0.389    0.030      -125763    0 

  Rep#:   Lambda   Alpha      F1       Ln Like  Est Ln P(D)
183000:    1.00    0.410    0.023      -125769    0 
183100:    1.00    0.343    0.024      -125772    0 
183200:    1.00    0.284    0.027      -125762    0 
183300:    1.00    0.473    0.025      -125755    0 
183400:    1.00    0.007    0.027      -125754    0 
183500:    1.00    0.284    0.030      -125759    0 
183600:    1.00    0.721    0.039      -125771    0 
183700:    1.00    0.288    0.031      -125769    0 
183800:    1.00    0.308    0.031      -125768    0 
183900:    1.00    0.338    0.035      -125756    0 

  Rep#:   Lambda   Alpha      F1       Ln Like  Est Ln P(D)
184000:    1.00    0.497    0.033      -125760    0 
184100:    1.00    0.602    0.028      -125778    0 
184200:    1.00    0.694    0.028      -125770    0 
184300:    1.00    0.943    0.027      -125759    0 
184400:    1.00    1.026    0.029      -125765    0 
184500:    1.00    0.597    0.030      -125761    0 
184600:    1.00    0.581    0.025      -125769    0 
184700:    1.00    0.421    0.038      -125760    0 
184800:    1.00    0.748    0.035      -125744    0 
184900:    1.00    0.523    0.037      -125750    0 

  Rep#:   Lambda   Alpha      F1       Ln Like  Est Ln P(D)
185000:    1.00    0.184    0.037      -125763    0 
185100:    1.00    0.084    0.031      -125770    0 
185200:    1.00    0.038    0.021      -125773    0 
185300:    1.00    0.381    0.020      -125746    0 
185400:    1.00    0.612    0.030      -125778    0 
185500:    1.00    0.250    0.022      -125779    0 
185600:    1.00    0.036    0.028      -125767    0 
185700:    1.00    0.157    0.036      -125773    0 
185800:    1.00    0.075    0.032      -125780    0 
185900:    1.00    0.092    0.027      -125762    0 

  Rep#:   Lambda   Alpha      F1       Ln Like  Est Ln P(D)
186000:    1.00    0.168    0.030      -125755    0 
186100:    1.00    0.370    0.028      -125759    0 
186200:    1.00    0.046    0.028      -125762    0 
186300:    1.00    0.004    0.028      -125746    0 
186400:    1.00    0.133    0.026      -125768    0 
186500:    1.00    0.235    0.033      -125754    0 
186600:    1.00    0.412    0.032      -125768    0 
186700:    1.00    0.416    0.027      -125767    0 
186800:    1.00    0.616    0.034      -125756    0 
186900:    1.00    0.099    0.029      -125751    0 

  Rep#:   Lambda   Alpha      F1       Ln Like  Est Ln P(D)
187000:    1.00    0.049    0.028      -125784    0 
187100:    1.00    0.460    0.030      -125765    0 
187200:    1.00    0.235    0.024      -125761    0 
187300:    1.00    0.380    0.026      -125737    0 
187400:    1.00    0.662    0.032      -125765    0 
187500:    1.00    0.644    0.028      -125758    0 
187600:    1.00    0.387    0.028      -125754    0 
187700:    1.00    0.458    0.032      -125760    0 
187800:    1.00    0.696    0.041      -125785    0 
187900:    1.00    0.681    0.029      -125755    0 

  Rep#:   Lambda   Alpha      F1       Ln Like  Est Ln P(D)
188000:    1.00    0.619    0.035      -125769    0 
188100:    1.00    1.045    0.033      -125764    0 
188200:    1.00    1.301    0.032      -125761    0 
188300:    1.00    1.551    0.033      -125754    0 
188400:    1.00    1.583    0.032      -125756    0 
188500:    1.00    1.808    0.031      -125766    0 
188600:    1.00    1.454    0.036      -125780    0 
188700:    1.00    1.469    0.027      -125766    0 
188800:    1.00    1.353    0.027      -125765    0 
188900:    1.00    1.196    0.023      -125776    0 

  Rep#:   Lambda   Alpha      F1       Ln Like  Est Ln P(D)
189000:    1.00    1.179    0.030      -125777    0 
189100:    1.00    1.855    0.033      -125767    0 
189200:    1.00    2.188    0.028      -125747    0 
189300:    1.00    1.886    0.023      -125765    0 
189400:    1.00    1.473    0.027      -125773    0 
189500:    1.00    1.235    0.021      -125763    0 
189600:    1.00    0.832    0.023      -125758    0 
189700:    1.00    0.834    0.024      -125791    0 
189800:    1.00    0.836    0.021      -125760    0 
189900:    1.00    0.796    0.031      -125748    0 

  Rep#:   Lambda   Alpha      F1       Ln Like  Est Ln P(D)
190000:    1.00    1.124    0.020      -125763    0 
190100:    1.00    0.887    0.021      -125755    0 
190200:    1.00    0.962    0.025      -125746    0 
190300:    1.00    0.907    0.026      -125761    0 
190400:    1.00    0.739    0.028      -125777    0 
190500:    1.00    0.757    0.033      -125750    0 
190600:    1.00    0.915    0.035      -125761    0 
190700:    1.00    0.465    0.026      -125750    0 
190800:    1.00    0.400    0.028      -125761    0 
190900:    1.00    0.079    0.032      -125761    0 

  Rep#:   Lambda   Alpha      F1       Ln Like  Est Ln P(D)
191000:    1.00    0.016    0.036      -125753    0 
191100:    1.00    0.074    0.032      -125767    0 
191200:    1.00    0.282    0.033      -125755    0 
191300:    1.00    0.455    0.040      -125774    0 
191400:    1.00    0.588    0.036      -125760    0 
191500:    1.00    0.509    0.039      -125771    0 
191600:    1.00    1.037    0.038      -125770    0 
191700:    1.00    0.808    0.048      -125758    0 
191800:    1.00    0.521    0.034      -125758    0 
191900:    1.00    0.501    0.032      -125764    0 

  Rep#:   Lambda   Alpha      F1       Ln Like  Est Ln P(D)
192000:    1.00    0.625    0.024      -125770    0 
192100:    1.00    0.281    0.034      -125754    0 
192200:    1.00    0.176    0.034      -125769    0 
192300:    1.00    0.263    0.040      -125745    0 
192400:    1.00    0.672    0.039      -125758    0 
192500:    1.00    0.731    0.035      -125763    0 
192600:    1.00    0.875    0.043      -125751    0 
192700:    1.00    1.321    0.039      -125764    0 
192800:    1.00    1.331    0.031      -125763    0 
192900:    1.00    1.295    0.035      -125773    0 

  Rep#:   Lambda   Alpha      F1       Ln Like  Est Ln P(D)
193000:    1.00    1.230    0.027      -125758    0 
193100:    1.00    1.439    0.033      -125765    0 
193200:    1.00    1.750    0.028      -125760    0 
193300:    1.00    1.998    0.022      -125762    0 
193400:    1.00    2.072    0.023      -125756    0 
193500:    1.00    2.258    0.029      -125744    0 
193600:    1.00    2.229    0.026      -125757    0 
193700:    1.00    2.421    0.024      -125767    0 
193800:    1.00    2.317    0.020      -125762    0 
193900:    1.00    2.535    0.025      -125759    0 

  Rep#:   Lambda   Alpha      F1       Ln Like  Est Ln P(D)
194000:    1.00    2.768    0.029      -125772    0 
194100:    1.00    2.726    0.023      -125760    0 
194200:    1.00    2.747    0.020      -125759    0 
194300:    1.00    2.687    0.027      -125764    0 
194400:    1.00    3.057    0.030      -125757    0 
194500:    1.00    2.883    0.028      -125757    0 
194600:    1.00    3.056    0.027      -125769    0 
194700:    1.00    3.229    0.027      -125777    0 
194800:    1.00    2.772    0.033      -125774    0 
194900:    1.00    2.806    0.027      -125775    0 

  Rep#:   Lambda   Alpha      F1       Ln Like  Est Ln P(D)
195000:    1.00    2.417    0.041      -125772    0 
195100:    1.00    2.343    0.039      -125750    0 
195200:    1.00    2.398    0.031      -125765    0 
195300:    1.00    2.181    0.026      -125773    0 
195400:    1.00    2.081    0.029      -125755    0 
195500:    1.00    2.215    0.036      -125763    0 
195600:    1.00    2.300    0.036      -125750    0 
195700:    1.00    2.379    0.037      -125756    0 
195800:    1.00    2.429    0.030      -125765    0 
195900:    1.00    2.458    0.032      -125765    0 

  Rep#:   Lambda   Alpha      F1       Ln Like  Est Ln P(D)
196000:    1.00    2.541    0.034      -125752    0 
196100:    1.00    2.192    0.033      -125775    0 
196200:    1.00    1.858    0.020      -125765    0 
196300:    1.00    1.971    0.025      -125765    0 
196400:    1.00    1.549    0.031      -125773    0 
196500:    1.00    1.485    0.031      -125753    0 
196600:    1.00    1.416    0.028      -125768    0 
196700:    1.00    1.059    0.029      -125775    0 
196800:    1.00    0.898    0.034      -125771    0 
196900:    1.00    1.204    0.037      -125774    0 

  Rep#:   Lambda   Alpha      F1       Ln Like  Est Ln P(D)
197000:    1.00    0.834    0.030      -125784    0 
197100:    1.00    0.614    0.036      -125763    0 
197200:    1.00    0.699    0.043      -125746    0 
197300:    1.00    0.625    0.030      -125764    0 
197400:    1.00    0.921    0.034      -125801    0 
197500:    1.00    0.700    0.036      -125758    0 
197600:    1.00    0.493    0.029      -125776    0 
197700:    1.00    0.620    0.025      -125767    0 
197800:    1.00    0.679    0.019      -125786    0 
197900:    1.00    1.009    0.018      -125737    0 

  Rep#:   Lambda   Alpha      F1       Ln Like  Est Ln P(D)
198000:    1.00    0.657    0.019      -125788    0 
198100:    1.00    0.476    0.027      -125761    0 
198200:    1.00    0.796    0.026      -125758    0 
198300:    1.00    0.499    0.027      -125768    0 
198400:    1.00    0.237    0.034      -125757    0 
198500:    1.00    0.139    0.025      -125770    0 
198600:    1.00    0.357    0.025      -125754    0 
198700:    1.00    0.623    0.023      -125765    0 
198800:    1.00    0.456    0.021      -125745    0 
198900:    1.00    0.619    0.024      -125764    0 

  Rep#:   Lambda   Alpha      F1       Ln Like  Est Ln P(D)
199000:    1.00    0.852    0.032      -125771    0 
199100:    1.00    1.035    0.031      -125764    0 
199200:    1.00    1.155    0.035      -125768    0 
199300:    1.00    1.118    0.038      -125756    0 
199400:    1.00    0.843    0.040      -125761    0 
199500:    1.00    1.076    0.045      -125767    0 
199600:    1.00    0.943    0.031      -125770    0 
199700:    1.00    0.850    0.040      -125766    0 
199800:    1.00    0.896    0.036      -125754    0 
199900:    1.00    0.956    0.032      -125772    0 

  Rep#:   Lambda   Alpha      F1       Ln Like  Est Ln P(D)
200000:    1.00    0.662    0.027      -125747    0 
200100:    1.00    0.753    0.030      -125767    0 
200200:    1.00    0.499    0.029      -125762    0 
200300:    1.00    0.407    0.038      -125759    0 
200400:    1.00    0.415    0.046      -125760    0 
200500:    1.00    0.209    0.031      -125782    0 
200600:    1.00    0.443    0.035      -125749    0 
200700:    1.00    0.544    0.036      -125764    0 
200800:    1.00    0.461    0.032      -125762    0 
200900:    1.00    0.592    0.027      -125782    0 

  Rep#:   Lambda   Alpha      F1       Ln Like  Est Ln P(D)
201000:    1.00    0.488    0.024      -125776    0 
201100:    1.00    0.407    0.024      -125766    0 
201200:    1.00    0.041    0.024      -125766    0 
201300:    1.00    0.331    0.028      -125772    0 
201400:    1.00    0.302    0.044      -125760    0 
201500:    1.00    0.406    0.034      -125766    0 
201600:    1.00    0.101    0.028      -125752    0 
201700:    1.00    0.128    0.030      -125765    0 
201800:    1.00    0.116    0.031      -125745    0 
201900:    1.00    0.142    0.030      -125767    0 

  Rep#:   Lambda   Alpha      F1       Ln Like  Est Ln P(D)
202000:    1.00    0.382    0.026      -125754    0 
202100:    1.00    0.347    0.024      -125778    0 
202200:    1.00    0.050    0.027      -125760    0 
202300:    1.00    0.155    0.033      -125764    0 
202400:    1.00    0.278    0.027      -125767    0 
202500:    1.00    0.071    0.029      -125774    0 
202600:    1.00    0.019    0.032      -125767    0 
202700:    1.00    0.550    0.025      -125760    0 
202800:    1.00    0.261    0.029      -125757    0 
202900:    1.00    0.115    0.038      -125756    0 

  Rep#:   Lambda   Alpha      F1       Ln Like  Est Ln P(D)
203000:    1.00    0.129    0.036      -125770    0 
203100:    1.00    0.896    0.033      -125748    0 
203200:    1.00    0.816    0.040      -125744    0 
203300:    1.00    0.614    0.039      -125767    0 
203400:    1.00    0.244    0.036      -125780    0 
203500:    1.00    0.439    0.039      -125765    0 
203600:    1.00    0.302    0.040      -125777    0 
203700:    1.00    0.858    0.032      -125774    0 
203800:    1.00    0.737    0.030      -125767    0 
203900:    1.00    0.781    0.030      -125752    0 

  Rep#:   Lambda   Alpha      F1       Ln Like  Est Ln P(D)
204000:    1.00    0.602    0.031      -125775    0 
204100:    1.00    0.557    0.034      -125771    0 
204200:    1.00    0.916    0.029      -125754    0 
204300:    1.00    1.077    0.030      -125760    0 
204400:    1.00    1.020    0.033      -125775    0 
204500:    1.00    1.281    0.029      -125762    0 
204600:    1.00    1.377    0.029      -125754    0 
204700:    1.00    1.740    0.031      -125785    0 
204800:    1.00    1.595    0.024      -125783    0 
204900:    1.00    1.672    0.024      -125746    0 

  Rep#:   Lambda   Alpha      F1       Ln Like  Est Ln P(D)
205000:    1.00    1.621    0.025      -125762    0 
205100:    1.00    1.433    0.026      -125757    0 
205200:    1.00    1.617    0.023      -125769    0 
205300:    1.00    1.805    0.026      -125780    0 
205400:    1.00    1.952    0.029      -125767    0 
205500:    1.00    2.406    0.036      -125749    0 
205600:    1.00    2.116    0.035      -125788    0 
205700:    1.00    1.740    0.034      -125762    0 
205800:    1.00    1.805    0.038      -125752    0 
205900:    1.00    1.553    0.036      -125772    0 

  Rep#:   Lambda   Alpha      F1       Ln Like  Est Ln P(D)
206000:    1.00    1.490    0.041      -125775    0 
206100:    1.00    1.337    0.031      -125765    0 
206200:    1.00    1.113    0.025      -125756    0 
206300:    1.00    0.862    0.031      -125764    0 
206400:    1.00    0.800    0.030      -125747    0 
206500:    1.00    0.896    0.034      -125754    0 
206600:    1.00    1.013    0.041      -125779    0 
206700:    1.00    1.093    0.030      -125741    0 
206800:    1.00    1.240    0.040      -125766    0 
206900:    1.00    1.188    0.028      -125763    0 

  Rep#:   Lambda   Alpha      F1       Ln Like  Est Ln P(D)
207000:    1.00    1.215    0.036      -125778    0 
207100:    1.00    1.366    0.030      -125785    0 
207200:    1.00    1.481    0.034      -125765    0 
207300:    1.00    1.195    0.038      -125758    0 
207400:    1.00    0.822    0.031      -125755    0 
207500:    1.00    0.820    0.038      -125771    0 
207600:    1.00    0.540    0.032      -125772    0 
207700:    1.00    0.809    0.039      -125773    0 
207800:    1.00    0.926    0.036      -125768    0 
207900:    1.00    0.839    0.046      -125767    0 

  Rep#:   Lambda   Alpha      F1       Ln Like  Est Ln P(D)
208000:    1.00    0.975    0.035      -125764    0 
208100:    1.00    0.669    0.040      -125767    0 
208200:    1.00    0.868    0.038      -125749    0 
208300:    1.00    0.543    0.034      -125762    0 
208400:    1.00    0.449    0.028      -125766    0 
208500:    1.00    0.220    0.030      -125767    0 
208600:    1.00    0.036    0.029      -125756    0 
208700:    1.00    0.048    0.036      -125748    0 
208800:    1.00    0.076    0.027      -125782    0 
208900:    1.00    0.178    0.026      -125767    0 

  Rep#:   Lambda   Alpha      F1       Ln Like  Est Ln P(D)
209000:    1.00    0.231    0.036      -125755    0 
209100:    1.00    0.000    0.033      -125769    0 
209200:    1.00    0.216    0.036      -125765    0 
209300:    1.00    0.050    0.032      -125767    0 
209400:    1.00    0.040    0.037      -125750    0 
209500:    1.00    0.212    0.035      -125759    0 
209600:    1.00    0.428    0.038      -125769    0 
209700:    1.00    0.584    0.036      -125784    0 
209800:    1.00    0.649    0.032      -125777    0 
209900:    1.00    0.586    0.035      -125756    0 

  Rep#:   Lambda   Alpha      F1       Ln Like  Est Ln P(D)
210000:    1.00    0.462    0.038      -125738    0 
210100:    1.00    0.401    0.033      -125750    0 
210200:    1.00    0.404    0.033      -125768    0 
210300:    1.00    0.316    0.029      -125758    0 
210400:    1.00    0.438    0.029      -125771    0 
210500:    1.00    0.686    0.031      -125780    0 
210600:    1.00    1.131    0.029      -125781    0 
210700:    1.00    0.958    0.028      -125761    0 
210800:    1.00    0.711    0.033      -125753    0 
210900:    1.00    0.600    0.025      -125752    0 

  Rep#:   Lambda   Alpha      F1       Ln Like  Est Ln P(D)
211000:    1.00    0.521    0.029      -125767    0 
211100:    1.00    0.676    0.033      -125758    0 
211200:    1.00    0.933    0.038      -125767    0 
211300:    1.00    1.048    0.035      -125760    0 
211400:    1.00    0.944    0.033      -125753    0 
211500:    1.00    0.612    0.028      -125763    0 
211600:    1.00    0.662    0.026      -125766    0 
211700:    1.00    1.199    0.033      -125764    0 
211800:    1.00    0.932    0.039      -125765    0 
211900:    1.00    1.113    0.044      -125795    0 

  Rep#:   Lambda   Alpha      F1       Ln Like  Est Ln P(D)
212000:    1.00    1.160    0.044      -125762    0 
212100:    1.00    1.434    0.037      -125760    0 
212200:    1.00    1.246    0.030      -125746    0 
212300:    1.00    1.671    0.035      -125752    0 
212400:    1.00    1.316    0.030      -125752    0 
212500:    1.00    1.676    0.024      -125766    0 
212600:    1.00    1.154    0.035      -125773    0 
212700:    1.00    0.904    0.036      -125789    0 
212800:    1.00    0.929    0.041      -125775    0 
212900:    1.00    0.578    0.041      -125744    0 

  Rep#:   Lambda   Alpha      F1       Ln Like  Est Ln P(D)
213000:    1.00    0.288    0.035      -125772    0 
213100:    1.00    0.133    0.036      -125775    0 
213200:    1.00    0.053    0.034      -125767    0 
213300:    1.00    0.254    0.032      -125764    0 
213400:    1.00    0.543    0.043      -125771    0 
213500:    1.00    1.206    0.030      -125784    0 
213600:    1.00    1.364    0.033      -125759    0 
213700:    1.00    1.104    0.033      -125764    0 
213800:    1.00    0.861    0.030      -125738    0 
213900:    1.00    1.427    0.033      -125758    0 

  Rep#:   Lambda   Alpha      F1       Ln Like  Est Ln P(D)
214000:    1.00    1.852    0.030      -125778    0 
214100:    1.00    1.907    0.026      -125760    0 
214200:    1.00    1.960    0.023      -125756    0 
214300:    1.00    1.651    0.034      -125764    0 
214400:    1.00    1.701    0.031      -125782    0 
214500:    1.00    1.879    0.022      -125776    0 
214600:    1.00    1.874    0.022      -125758    0 
214700:    1.00    2.156    0.027      -125768    0 
214800:    1.00    1.910    0.019      -125776    0 
214900:    1.00    1.965    0.026      -125764    0 

  Rep#:   Lambda   Alpha      F1       Ln Like  Est Ln P(D)
215000:    1.00    1.981    0.033      -125746    0 
215100:    1.00    2.333    0.023      -125751    0 
215200:    1.00    2.056    0.031      -125772    0 
215300:    1.00    2.217    0.035      -125761    0 
215400:    1.00    2.428    0.027      -125756    0 
215500:    1.00    2.505    0.026      -125777    0 
215600:    1.00    1.798    0.025      -125757    0 
215700:    1.00    1.449    0.028      -125769    0 
215800:    1.00    1.271    0.029      -125764    0 
215900:    1.00    0.932    0.027      -125755    0 

  Rep#:   Lambda   Alpha      F1       Ln Like  Est Ln P(D)
216000:    1.00    0.793    0.039      -125764    0 
216100:    1.00    0.903    0.036      -125754    0 
216200:    1.00    0.787    0.028      -125757    0 
216300:    1.00    0.588    0.034      -125759    0 
216400:    1.00    0.455    0.031      -125767    0 
216500:    1.00    0.504    0.030      -125771    0 
216600:    1.00    0.216    0.032      -125757    0 
216700:    1.00    0.510    0.033      -125762    0 
216800:    1.00    0.314    0.028      -125759    0 
216900:    1.00    0.175    0.029      -125755    0 

  Rep#:   Lambda   Alpha      F1       Ln Like  Est Ln P(D)
217000:    1.00    0.157    0.031      -125775    0 
217100:    1.00    0.043    0.027      -125773    0 
217200:    1.00    0.507    0.026      -125761    0 
217300:    1.00    1.062    0.036      -125751    0 
217400:    1.00    1.522    0.034      -125765    0 
217500:    1.00    2.057    0.044      -125760    0 
217600:    1.00    1.773    0.027      -125761    0 
217700:    1.00    2.370    0.040      -125769    0 
217800:    1.00    2.451    0.039      -125773    0 
217900:    1.00    2.800    0.036      -125782    0 

  Rep#:   Lambda   Alpha      F1       Ln Like  Est Ln P(D)
218000:    1.00    3.064    0.034      -125775    0 
218100:    1.00    3.294    0.038      -125751    0 
218200:    1.00    3.184    0.037      -125763    0 
218300:    1.00    3.506    0.030      -125750    0 
218400:    1.00    3.635    0.027      -125759    0 
218500:    1.00    3.384    0.033      -125767    0 
218600:    1.00    3.182    0.026      -125731    0 
218700:    1.00    3.046    0.027      -125750    0 
218800:    1.00    3.023    0.024      -125756    0 
218900:    1.00    2.776    0.027      -125750    0 

  Rep#:   Lambda   Alpha      F1       Ln Like  Est Ln P(D)
219000:    1.00    2.753    0.028      -125771    0 
219100:    1.00    2.347    0.038      -125783    0 
219200:    1.00    2.350    0.027      -125753    0 
219300:    1.00    2.336    0.037      -125767    0 
219400:    1.00    2.066    0.046      -125767    0 
219500:    1.00    2.124    0.034      -125766    0 
219600:    1.00    2.283    0.046      -125767    0 
219700:    1.00    2.128    0.043      -125741    0 
219800:    1.00    2.091    0.032      -125765    0 
219900:    1.00    2.205    0.036      -125766    0 

  Rep#:   Lambda   Alpha      F1       Ln Like  Est Ln P(D)
220000:    1.00    2.083    0.028      -125762    0 
220100:    1.00    1.903    0.031      -125765    0 
220200:    1.00    2.071    0.032      -125767    0 
220300:    1.00    2.249    0.026      -125756    0 
220400:    1.00    2.190    0.027      -125763    0 
220500:    1.00    2.024    0.026      -125784    0 
220600:    1.00    1.899    0.032      -125773    0 
220700:    1.00    2.096    0.030      -125759    0 
220800:    1.00    2.453    0.029      -125766    0 
220900:    1.00    2.778    0.031      -125755    0 

  Rep#:   Lambda   Alpha      F1       Ln Like  Est Ln P(D)
221000:    1.00    2.723    0.033      -125783    0 
221100:    1.00    3.062    0.030      -125756    0 
221200:    1.00    3.267    0.028      -125761    0 
221300:    1.00    3.617    0.032      -125785    0 
221400:    1.00    3.722    0.033      -125787    0 
221500:    1.00    4.230    0.031      -125757    0 
221600:    1.00    4.271    0.035      -125755    0 
221700:    1.00    4.194    0.025      -125747    0 
221800:    1.00    4.004    0.025      -125766    0 
221900:    1.00    3.730    0.037      -125781    0 

  Rep#:   Lambda   Alpha      F1       Ln Like  Est Ln P(D)
222000:    1.00    3.689    0.028      -125770    0 
222100:    1.00    3.869    0.029      -125766    0 
222200:    1.00    4.277    0.027      -125778    0 
222300:    1.00    4.198    0.027      -125777    0 
222400:    1.00    4.205    0.029      -125763    0 
222500:    1.00    3.780    0.026      -125766    0 
222600:    1.00    3.621    0.025      -125746    0 
222700:    1.00    3.475    0.035      -125764    0 
222800:    1.00    3.804    0.043      -125782    0 
222900:    1.00    3.677    0.034      -125754    0 

  Rep#:   Lambda   Alpha      F1       Ln Like  Est Ln P(D)
223000:    1.00    3.797    0.028      -125750    0 
223100:    1.00    3.677    0.026      -125769    0 
223200:    1.00    3.691    0.029      -125773    0 
223300:    1.00    3.607    0.026      -125767    0 
223400:    1.00    3.665    0.038      -125768    0 
223500:    1.00    3.919    0.031      -125762    0 
223600:    1.00    3.958    0.034      -125740    0 
223700:    1.00    3.864    0.029      -125778    0 
223800:    1.00    4.083    0.035      -125748    0 
223900:    1.00    3.976    0.038      -125756    0 

  Rep#:   Lambda   Alpha      F1       Ln Like  Est Ln P(D)
224000:    1.00    3.569    0.039      -125756    0 
224100:    1.00    4.135    0.050      -125749    0 
224200:    1.00    4.333    0.037      -125763    0 
224300:    1.00    4.561    0.042      -125794    0 
224400:    1.00    4.604    0.037      -125758    0 
224500:    1.00    4.746    0.035      -125753    0 
224600:    1.00    4.793    0.036      -125749    0 
224700:    1.00    4.878    0.034      -125772    0 
224800:    1.00    4.891    0.032      -125765    0 
224900:    1.00    5.084    0.036      -125758    0 

  Rep#:   Lambda   Alpha      F1       Ln Like  Est Ln P(D)
225000:    1.00    4.988    0.031      -125776    0 
225100:    1.00    5.310    0.026      -125754    0 
225200:    1.00    5.592    0.031      -125750    0 
225300:    1.00    5.331    0.031      -125767    0 
225400:    1.00    5.317    0.027      -125755    0 
225500:    1.00    5.372    0.024      -125788    0 
225600:    1.00    5.551    0.026      -125774    0 
225700:    1.00    5.772    0.023      -125761    0 
225800:    1.00    5.658    0.020      -125754    0 
225900:    1.00    5.069    0.030      -125794    0 

  Rep#:   Lambda   Alpha      F1       Ln Like  Est Ln P(D)
226000:    1.00    5.074    0.033      -125764    0 
226100:    1.00    4.874    0.030      -125763    0 
226200:    1.00    4.966    0.042      -125772    0 
226300:    1.00    5.403    0.033      -125759    0 
226400:    1.00    5.212    0.037      -125751    0 
226500:    1.00    5.039    0.042      -125775    0 
226600:    1.00    4.791    0.033      -125770    0 
226700:    1.00    4.456    0.032      -125758    0 
226800:    1.00    4.193    0.032      -125767    0 
226900:    1.00    4.409    0.032      -125753    0 

  Rep#:   Lambda   Alpha      F1       Ln Like  Est Ln P(D)
227000:    1.00    4.190    0.028      -125758    0 
227100:    1.00    4.123    0.040      -125752    0 
227200:    1.00    3.942    0.045      -125761    0 
227300:    1.00    3.849    0.034      -125764    0 
227400:    1.00    3.801    0.030      -125773    0 
227500:    1.00    3.575    0.035      -125773    0 
227600:    1.00    3.171    0.029      -125787    0 
227700:    1.00    3.538    0.031      -125745    0 
227800:    1.00    3.321    0.037      -125742    0 
227900:    1.00    3.493    0.032      -125748    0 

  Rep#:   Lambda   Alpha      F1       Ln Like  Est Ln P(D)
228000:    1.00    3.666    0.030      -125769    0 
228100:    1.00    3.363    0.027      -125777    0 
228200:    1.00    3.456    0.031      -125755    0 
228300:    1.00    3.795    0.032      -125751    0 
228400:    1.00    3.360    0.028      -125759    0 
228500:    1.00    3.368    0.025      -125769    0 
228600:    1.00    2.731    0.036      -125751    0 
228700:    1.00    2.601    0.029      -125762    0 
228800:    1.00    2.823    0.027      -125765    0 
228900:    1.00    2.394    0.025      -125768    0 

  Rep#:   Lambda   Alpha      F1       Ln Like  Est Ln P(D)
229000:    1.00    2.784    0.028      -125763    0 
229100:    1.00    2.708    0.022      -125754    0 
229200:    1.00    2.797    0.023      -125766    0 
229300:    1.00    2.965    0.024      -125772    0 
229400:    1.00    3.433    0.027      -125775    0 
229500:    1.00    3.613    0.020      -125760    0 
229600:    1.00    3.525    0.021      -125757    0 
229700:    1.00    3.156    0.019      -125749    0 
229800:    1.00    3.067    0.018      -125783    0 
229900:    1.00    3.393    0.019      -125760    0 

  Rep#:   Lambda   Alpha      F1       Ln Like  Est Ln P(D)
230000:    1.00    3.605    0.026      -125761    0 
230100:    1.00    3.796    0.025      -125770    0 
230200:    1.00    4.073    0.031      -125757    0 
230300:    1.00    4.006    0.028      -125763    0 
230400:    1.00    4.039    0.028      -125760    0 
230500:    1.00    4.125    0.032      -125749    0 
230600:    1.00    3.985    0.033      -125760    0 
230700:    1.00    3.931    0.027      -125758    0 
230800:    1.00    3.915    0.034      -125754    0 
230900:    1.00    3.923    0.029      -125768    0 

  Rep#:   Lambda   Alpha      F1       Ln Like  Est Ln P(D)
231000:    1.00    3.664    0.025      -125753    0 
231100:    1.00    3.839    0.032      -125779    0 
231200:    1.00    4.217    0.029      -125778    0 
231300:    1.00    4.638    0.036      -125761    0 
231400:    1.00    3.882    0.030      -125757    0 
231500:    1.00    3.604    0.033      -125771    0 
231600:    1.00    3.443    0.036      -125776    0 
231700:    1.00    3.317    0.032      -125773    0 
231800:    1.00    3.563    0.034      -125775    0 
231900:    1.00    3.667    0.029      -125769    0 

  Rep#:   Lambda   Alpha      F1       Ln Like  Est Ln P(D)
232000:    1.00    3.678    0.033      -125760    0 
232100:    1.00    3.141    0.032      -125760    0 
232200:    1.00    3.470    0.037      -125768    0 
232300:    1.00    3.417    0.037      -125768    0 
232400:    1.00    3.446    0.035      -125752    0 
232500:    1.00    3.570    0.040      -125757    0 
232600:    1.00    3.605    0.043      -125751    0 
232700:    1.00    3.834    0.039      -125789    0 
232800:    1.00    3.500    0.041      -125773    0 
232900:    1.00    3.561    0.039      -125758    0 

  Rep#:   Lambda   Alpha      F1       Ln Like  Est Ln P(D)
233000:    1.00    3.703    0.034      -125771    0 
233100:    1.00    3.622    0.033      -125735    0 
233200:    1.00    3.457    0.024      -125775    0 
233300:    1.00    3.633    0.035      -125757    0 
233400:    1.00    3.612    0.032      -125769    0 
233500:    1.00    3.808    0.030      -125762    0 
233600:    1.00    4.163    0.028      -125756    0 
233700:    1.00    3.928    0.028      -125757    0 
233800:    1.00    3.560    0.034      -125753    0 
233900:    1.00    3.920    0.044      -125777    0 

  Rep#:   Lambda   Alpha      F1       Ln Like  Est Ln P(D)
234000:    1.00    3.937    0.043      -125778    0 
234100:    1.00    3.791    0.045      -125775    0 
234200:    1.00    3.997    0.043      -125776    0 
234300:    1.00    3.925    0.033      -125770    0 
234400:    1.00    4.328    0.033      -125779    0 
234500:    1.00    4.449    0.034      -125763    0 
234600:    1.00    4.767    0.038      -125759    0 
234700:    1.00    4.920    0.030      -125750    0 
234800:    1.00    5.417    0.021      -125759    0 
234900:    1.00    5.129    0.035      -125753    0 

  Rep#:   Lambda   Alpha      F1       Ln Like  Est Ln P(D)
235000:    1.00    4.863    0.030      -125768    0 
235100:    1.00    4.640    0.027      -125772    0 
235200:    1.00    4.439    0.031      -125767    0 
235300:    1.00    4.412    0.029      -125755    0 
235400:    1.00    4.424    0.025      -125756    0 
235500:    1.00    4.325    0.030      -125754    0 
235600:    1.00    4.167    0.030      -125756    0 
235700:    1.00    4.402    0.032      -125779    0 
235800:    1.00    4.274    0.031      -125759    0 
235900:    1.00    4.139    0.024      -125755    0 

  Rep#:   Lambda   Alpha      F1       Ln Like  Est Ln P(D)
236000:    1.00    3.681    0.025      -125797    0 
236100:    1.00    3.493    0.034      -125777    0 
236200:    1.00    3.218    0.045      -125761    0 
236300:    1.00    3.122    0.033      -125754    0 
236400:    1.00    3.009    0.026      -125765    0 
236500:    1.00    3.148    0.027      -125748    0 
236600:    1.00    3.039    0.031      -125783    0 
236700:    1.00    2.887    0.024      -125760    0 
236800:    1.00    2.439    0.024      -125764    0 
236900:    1.00    2.646    0.027      -125751    0 

  Rep#:   Lambda   Alpha      F1       Ln Like  Est Ln P(D)
237000:    1.00    2.878    0.034      -125754    0 
237100:    1.00    3.079    0.029      -125778    0 
237200:    1.00    3.170    0.039      -125784    0 
237300:    1.00    3.235    0.037      -125748    0 
237400:    1.00    3.217    0.025      -125778    0 
237500:    1.00    3.390    0.024      -125771    0 
237600:    1.00    3.434    0.020      -125761    0 
237700:    1.00    3.646    0.018      -125773    0 
237800:    1.00    3.660    0.024      -125746    0 
237900:    1.00    4.019    0.025      -125773    0 

  Rep#:   Lambda   Alpha      F1       Ln Like  Est Ln P(D)
238000:    1.00    4.113    0.029      -125753    0 
238100:    1.00    3.983    0.031      -125771    0 
238200:    1.00    3.638    0.029      -125774    0 
238300:    1.00    4.069    0.029      -125759    0 
238400:    1.00    4.097    0.030      -125781    0 
238500:    1.00    3.612    0.034      -125771    0 
238600:    1.00    4.017    0.029      -125763    0 
238700:    1.00    3.803    0.021      -125744    0 
238800:    1.00    3.963    0.023      -125778    0 
238900:    1.00    3.775    0.034      -125745    0 

  Rep#:   Lambda   Alpha      F1       Ln Like  Est Ln P(D)
239000:    1.00    3.829    0.032      -125751    0 
239100:    1.00    4.059    0.038      -125778    0 
239200:    1.00    3.825    0.035      -125763    0 
239300:    1.00    3.763    0.038      -125747    0 
239400:    1.00    3.444    0.037      -125774    0 
239500:    1.00    3.481    0.036      -125773    0 
239600:    1.00    3.415    0.022      -125758    0 
239700:    1.00    3.598    0.027      -125770    0 
239800:    1.00    3.765    0.032      -125802    0 
239900:    1.00    3.756    0.030      -125768    0 

  Rep#:   Lambda   Alpha      F1       Ln Like  Est Ln P(D)
240000:    1.00    3.792    0.040      -125772    0 
240100:    1.00    3.552    0.034      -125760    0 
240200:    1.00    3.644    0.030      -125746    0 
240300:    1.00    3.708    0.029      -125762    0 
240400:    1.00    3.655    0.037      -125755    0 
240500:    1.00    3.672    0.026      -125760    0 
240600:    1.00    3.897    0.034      -125769    0 
240700:    1.00    3.933    0.027      -125770    0 
240800:    1.00    3.603    0.028      -125771    0 
240900:    1.00    3.039    0.027      -125768    0 

  Rep#:   Lambda   Alpha      F1       Ln Like  Est Ln P(D)
241000:    1.00    3.108    0.030      -125755    0 
241100:    1.00    2.922    0.022      -125759    0 
241200:    1.00    3.022    0.017      -125756    0 
241300:    1.00    3.082    0.033      -125776    0 
241400:    1.00    2.973    0.022      -125752    0 
241500:    1.00    2.724    0.025      -125758    0 
241600:    1.00    2.669    0.023      -125774    0 
241700:    1.00    2.530    0.021      -125763    0 
241800:    1.00    2.506    0.026      -125771    0 
241900:    1.00    2.492    0.027      -125751    0 

  Rep#:   Lambda   Alpha      F1       Ln Like  Est Ln P(D)
242000:    1.00    2.632    0.033      -125768    0 
242100:    1.00    2.504    0.034      -125796    0 
242200:    1.00    2.914    0.038      -125771    0 
242300:    1.00    2.884    0.042      -125770    0 
242400:    1.00    2.880    0.033      -125773    0 
242500:    1.00    2.702    0.034      -125766    0 
242600:    1.00    2.871    0.032      -125767    0 
242700:    1.00    2.676    0.029      -125760    0 
242800:    1.00    2.453    0.033      -125743    0 
242900:    1.00    2.416    0.031      -125754    0 

  Rep#:   Lambda   Alpha      F1       Ln Like  Est Ln P(D)
243000:    1.00    2.083    0.026      -125753    0 
243100:    1.00    1.710    0.035      -125788    0 
243200:    1.00    1.864    0.030      -125748    0 
243300:    1.00    1.798    0.022      -125763    0 
243400:    1.00    1.547    0.032      -125770    0 
243500:    1.00    1.504    0.030      -125774    0 
243600:    1.00    1.457    0.029      -125752    0 
243700:    1.00    1.135    0.021      -125766    0 
243800:    1.00    1.309    0.019      -125756    0 
243900:    1.00    1.495    0.029      -125768    0 

  Rep#:   Lambda   Alpha      F1       Ln Like  Est Ln P(D)
244000:    1.00    1.454    0.028      -125753    0 
244100:    1.00    1.206    0.027      -125763    0 
244200:    1.00    1.474    0.029      -125749    0 
244300:    1.00    1.467    0.027      -125765    0 
244400:    1.00    1.311    0.028      -125761    0 
244500:    1.00    1.436    0.034      -125767    0 
244600:    1.00    1.422    0.026      -125753    0 
244700:    1.00    1.116    0.027      -125753    0 
244800:    1.00    1.271    0.023      -125750    0 
244900:    1.00    1.557    0.036      -125760    0 

  Rep#:   Lambda   Alpha      F1       Ln Like  Est Ln P(D)
245000:    1.00    1.178    0.028      -125759    0 
245100:    1.00    1.603    0.030      -125771    0 
245200:    1.00    1.883    0.029      -125770    0 
245300:    1.00    2.367    0.029      -125762    0 
245400:    1.00    2.617    0.025      -125758    0 
245500:    1.00    2.835    0.029      -125769    0 
245600:    1.00    3.471    0.026      -125765    0 
245700:    1.00    3.901    0.029      -125771    0 
245800:    1.00    4.075    0.028      -125754    0 
245900:    1.00    4.308    0.032      -125770    0 

  Rep#:   Lambda   Alpha      F1       Ln Like  Est Ln P(D)
246000:    1.00    4.426    0.030      -125769    0 
246100:    1.00    4.444    0.021      -125752    0 
246200:    1.00    4.314    0.020      -125755    0 
246300:    1.00    4.083    0.037      -125762    0 
246400:    1.00    3.919    0.031      -125752    0 
246500:    1.00    3.889    0.038      -125766    0 
246600:    1.00    3.729    0.031      -125762    0 
246700:    1.00    3.807    0.029      -125777    0 
246800:    1.00    3.966    0.031      -125760    0 
246900:    1.00    3.923    0.028      -125764    0 

  Rep#:   Lambda   Alpha      F1       Ln Like  Est Ln P(D)
247000:    1.00    3.763    0.032      -125756    0 
247100:    1.00    4.216    0.033      -125758    0 
247200:    1.00    4.596    0.025      -125779    0 
247300:    1.00    4.661    0.028      -125757    0 
247400:    1.00    4.556    0.035      -125777    0 
247500:    1.00    4.543    0.046      -125772    0 
247600:    1.00    4.401    0.039      -125752    0 
247700:    1.00    4.315    0.039      -125767    0 
247800:    1.00    4.168    0.029      -125756    0 
247900:    1.00    4.589    0.034      -125750    0 

  Rep#:   Lambda   Alpha      F1       Ln Like  Est Ln P(D)
248000:    1.00    4.765    0.028      -125781    0 
248100:    1.00    4.417    0.025      -125764    0 
248200:    1.00    4.460    0.032      -125755    0 
248300:    1.00    4.628    0.039      -125775    0 
248400:    1.00    4.370    0.032      -125748    0 
248500:    1.00    4.548    0.029      -125761    0 
248600:    1.00    4.594    0.029      -125765    0 
248700:    1.00    4.471    0.026      -125760    0 
248800:    1.00    4.088    0.023      -125789    0 
248900:    1.00    4.056    0.035      -125762    0 

  Rep#:   Lambda   Alpha      F1       Ln Like  Est Ln P(D)
249000:    1.00    3.910    0.032      -125777    0 
249100:    1.00    3.756    0.027      -125774    0 
249200:    1.00    3.956    0.028      -125768    0 
249300:    1.00    3.993    0.030      -125754    0 
249400:    1.00    4.059    0.029      -125762    0 
249500:    1.00    3.952    0.026      -125760    0 
249600:    1.00    4.004    0.028      -125764    0 
249700:    1.00    3.624    0.036      -125768    0 
249800:    1.00    3.556    0.036      -125758    0 
249900:    1.00    3.665    0.036      -125757    0 

  Rep#:   Lambda   Alpha      F1       Ln Like  Est Ln P(D)
250000:    1.00    3.390    0.026      -125755    0 
250100:    1.00    3.134    0.025      -125756    0 
250200:    1.00    3.710    0.027      -125756    0 
250300:    1.00    3.564    0.032      -125768    0 
250400:    1.00    3.701    0.032      -125774    0 
250500:    1.00    4.212    0.037      -125750    0 
250600:    1.00    4.420    0.036      -125768    0 
250700:    1.00    4.639    0.036      -125756    0 
250800:    1.00    4.772    0.031      -125761    0 
250900:    1.00    4.992    0.026      -125758    0 

  Rep#:   Lambda   Alpha      F1       Ln Like  Est Ln P(D)
251000:    1.00    5.237    0.025      -125765    0 
251100:    1.00    5.124    0.032      -125769    0 
251200:    1.00    5.694    0.030      -125769    0 
251300:    1.00    5.708    0.030      -125759    0 
251400:    1.00    5.617    0.027      -125768    0 
251500:    1.00    5.671    0.032      -125743    0 
251600:    1.00    5.636    0.031      -125769    0 
251700:    1.00    5.919    0.035      -125776    0 
251800:    1.00    5.701    0.030      -125750    0 
251900:    1.00    5.803    0.037      -125761    0 

  Rep#:   Lambda   Alpha      F1       Ln Like  Est Ln P(D)
252000:    1.00    5.874    0.029      -125763    0 
252100:    1.00    5.448    0.031      -125762    0 
252200:    1.00    5.635    0.032      -125768    0 
252300:    1.00    5.624    0.029      -125776    0 
252400:    1.00    5.500    0.034      -125774    0 
252500:    1.00    5.416    0.044      -125762    0 
252600:    1.00    5.532    0.039      -125762    0 
252700:    1.00    5.740    0.026      -125757    0 
252800:    1.00    5.995    0.029      -125761    0 
252900:    1.00    6.230    0.029      -125752    0 

  Rep#:   Lambda   Alpha      F1       Ln Like  Est Ln P(D)
253000:    1.00    6.279    0.033      -125772    0 
253100:    1.00    6.986    0.038      -125770    0 
253200:    1.00    6.993    0.036      -125742    0 
253300:    1.00    7.154    0.038      -125774    0 
253400:    1.00    7.240    0.035      -125769    0 
253500:    1.00    7.304    0.035      -125765    0 
253600:    1.00    7.173    0.029      -125762    0 
253700:    1.00    6.902    0.038      -125757    0 
253800:    1.00    7.092    0.029      -125753    0 
253900:    1.00    6.957    0.041      -125768    0 

  Rep#:   Lambda   Alpha      F1       Ln Like  Est Ln P(D)
254000:    1.00    7.462    0.035      -125774    0 
254100:    1.00    7.293    0.032      -125775    0 
254200:    1.00    7.354    0.026      -125763    0 
254300:    1.00    7.653    0.033      -125749    0 
254400:    1.00    7.708    0.029      -125749    0 
254500:    1.00    7.839    0.025      -125758    0 
254600:    1.00    7.946    0.029      -125780    0 
254700:    1.00    7.918    0.026      -125745    0 
254800:    1.00    8.136    0.028      -125769    0 
254900:    1.00    7.906    0.026      -125763    0 

  Rep#:   Lambda   Alpha      F1       Ln Like  Est Ln P(D)
255000:    1.00    7.969    0.030      -125760    0 
255100:    1.00    7.815    0.023      -125768    0 
255200:    1.00    7.486    0.019      -125764    0 
255300:    1.00    7.506    0.019      -125759    0 
255400:    1.00    6.996    0.019      -125749    0 
255500:    1.00    6.622    0.021      -125767    0 
255600:    1.00    6.512    0.021      -125775    0 
255700:    1.00    6.380    0.030      -125755    0 
255800:    1.00    5.962    0.025      -125763    0 
255900:    1.00    6.362    0.032      -125774    0 

  Rep#:   Lambda   Alpha      F1       Ln Like  Est Ln P(D)
256000:    1.00    6.394    0.038      -125762    0 
256100:    1.00    6.615    0.039      -125765    0 
256200:    1.00    6.761    0.050      -125760    0 
256300:    1.00    7.084    0.041      -125771    0 
256400:    1.00    7.239    0.039      -125758    0 
256500:    1.00    7.608    0.035      -125765    0 
256600:    1.00    7.133    0.040      -125759    0 
256700:    1.00    6.912    0.037      -125758    0 
256800:    1.00    6.988    0.037      -125764    0 
256900:    1.00    6.867    0.026      -125780    0 

  Rep#:   Lambda   Alpha      F1       Ln Like  Est Ln P(D)
257000:    1.00    6.897    0.036      -125760    0 
257100:    1.00    6.940    0.036      -125778    0 
257200:    1.00    6.197    0.033      -125780    0 
257300:    1.00    6.551    0.028      -125770    0 
257400:    1.00    6.547    0.026      -125756    0 
257500:    1.00    6.223    0.024      -125772    0 
257600:    1.00    6.651    0.026      -125765    0 
257700:    1.00    6.301    0.031      -125778    0 
257800:    1.00    6.175    0.027      -125758    0 
257900:    1.00    5.885    0.028      -125774    0 

  Rep#:   Lambda   Alpha      F1       Ln Like  Est Ln P(D)
258000:    1.00    5.801    0.031      -125771    0 
258100:    1.00    5.642    0.032      -125756    0 
258200:    1.00    5.636    0.030      -125783    0 
258300:    1.00    5.755    0.037      -125762    0 
258400:    1.00    5.977    0.034      -125777    0 
258500:    1.00    6.202    0.034      -125773    0 
258600:    1.00    6.695    0.033      -125768    0 
258700:    1.00    6.891    0.030      -125760    0 
258800:    1.00    7.347    0.037      -125767    0 
258900:    1.00    7.455    0.028      -125757    0 

  Rep#:   Lambda   Alpha      F1       Ln Like  Est Ln P(D)
259000:    1.00    7.714    0.040      -125766    0 
259100:    1.00    7.518    0.049      -125770    0 
259200:    1.00    7.275    0.032      -125744    0 
259300:    1.00    7.692    0.038      -125764    0 
259400:    1.00    7.668    0.026      -125778    0 
259500:    1.00    7.400    0.027      -125768    0 
259600:    1.00    7.263    0.030      -125757    0 
259700:    1.00    7.391    0.043      -125777    0 
259800:    1.00    7.329    0.028      -125764    0 
259900:    1.00    6.997    0.026      -125766    0 

  Rep#:   Lambda   Alpha      F1       Ln Like  Est Ln P(D)
260000:    1.00    7.007    0.030      -125791    0 
260100:    1.00    7.169    0.027      -125783    0 
260200:    1.00    7.476    0.026      -125758    0 
260300:    1.00    7.393    0.028      -125762    0 
260400:    1.00    6.974    0.030      -125774    0 
260500:    1.00    6.575    0.021      -125764    0 
260600:    1.00    6.446    0.024      -125772    0 
260700:    1.00    6.625    0.034      -125770    0 
260800:    1.00    6.556    0.028      -125761    0 
260900:    1.00    6.727    0.038      -125751    0 

  Rep#:   Lambda   Alpha      F1       Ln Like  Est Ln P(D)
261000:    1.00    6.902    0.038      -125763    0 
261100:    1.00    6.741    0.026      -125773    0 
261200:    1.00    6.825    0.025      -125748    0 
261300:    1.00    6.849    0.024      -125758    0 
261400:    1.00    6.994    0.023      -125770    0 
261500:    1.00    7.412    0.028      -125766    0 
261600:    1.00    7.385    0.023      -125763    0 
261700:    1.00    7.378    0.028      -125747    0 
261800:    1.00    7.273    0.031      -125752    0 
261900:    1.00    7.295    0.030      -125756    0 

  Rep#:   Lambda   Alpha      F1       Ln Like  Est Ln P(D)
262000:    1.00    7.458    0.035      -125759    0 
262100:    1.00    7.438    0.031      -125763    0 
262200:    1.00    7.227    0.029      -125772    0 
262300:    1.00    7.047    0.037      -125760    0 
262400:    1.00    7.116    0.027      -125767    0 
262500:    1.00    7.297    0.032      -125765    0 
262600:    1.00    7.152    0.029      -125775    0 
262700:    1.00    7.168    0.030      -125781    0 
262800:    1.00    7.134    0.030      -125773    0 
262900:    1.00    7.171    0.030      -125777    0 

  Rep#:   Lambda   Alpha      F1       Ln Like  Est Ln P(D)
263000:    1.00    7.597    0.023      -125766    0 
263100:    1.00    8.040    0.024      -125759    0 
263200:    1.00    7.958    0.032      -125760    0 
263300:    1.00    8.260    0.034      -125771    0 
263400:    1.00    8.571    0.037      -125763    0 
263500:    1.00    8.852    0.040      -125752    0 
263600:    1.00    8.905    0.033      -125752    0 
263700:    1.00    8.785    0.037      -125773    0 
263800:    1.00    8.550    0.031      -125761    0 
263900:    1.00    8.731    0.029      -125771    0 

  Rep#:   Lambda   Alpha      F1       Ln Like  Est Ln P(D)
264000:    1.00    8.588    0.040      -125772    0 
264100:    1.00    8.802    0.027      -125778    0 
264200:    1.00    8.662    0.032      -125750    0 
264300:    1.00    8.871    0.024      -125769    0 
264400:    1.00    8.437    0.028      -125787    0 
264500:    1.00    8.140    0.035      -125769    0 
264600:    1.00    8.589    0.026      -125773    0 
264700:    1.00    8.561    0.030      -125754    0 
264800:    1.00    8.457    0.028      -125752    0 
264900:    1.00    8.385    0.032      -125755    0 

  Rep#:   Lambda   Alpha      F1       Ln Like  Est Ln P(D)
265000:    1.00    8.481    0.030      -125775    0 
265100:    1.00    8.524    0.028      -125755    0 
265200:    1.00    8.241    0.026      -125747    0 
265300:    1.00    8.039    0.034      -125752    0 
265400:    1.00    7.854    0.037      -125772    0 
265500:    1.00    7.813    0.038      -125758    0 
265600:    1.00    7.857    0.038      -125769    0 
265700:    1.00    8.028    0.037      -125782    0 
265800:    1.00    7.689    0.032      -125767    0 
265900:    1.00    7.987    0.035      -125763    0 

  Rep#:   Lambda   Alpha      F1       Ln Like  Est Ln P(D)
266000:    1.00    8.055    0.034      -125756    0 
266100:    1.00    8.172    0.029      -125769    0 
266200:    1.00    8.364    0.037      -125774    0 
266300:    1.00    8.007    0.031      -125792    0 
266400:    1.00    7.879    0.028      -125763    0 
266500:    1.00    8.204    0.024      -125770    0 
266600:    1.00    8.153    0.024      -125764    0 
266700:    1.00    8.020    0.023      -125751    0 
266800:    1.00    7.735    0.033      -125770    0 
266900:    1.00    7.569    0.045      -125781    0 

  Rep#:   Lambda   Alpha      F1       Ln Like  Est Ln P(D)
267000:    1.00    7.482    0.034      -125764    0 
267100:    1.00    7.457    0.029      -125789    0 
267200:    1.00    7.242    0.030      -125750    0 
267300:    1.00    7.110    0.028      -125755    0 
267400:    1.00    7.068    0.029      -125754    0 
267500:    1.00    7.183    0.027      -125775    0 
267600:    1.00    7.184    0.029      -125781    0 
267700:    1.00    6.947    0.026      -125785    0 
267800:    1.00    6.426    0.021      -125749    0 
267900:    1.00    6.540    0.024      -125779    0 

  Rep#:   Lambda   Alpha      F1       Ln Like  Est Ln P(D)
268000:    1.00    6.640    0.034      -125774    0 
268100:    1.00    6.632    0.033      -125741    0 
268200:    1.00    6.359    0.031      -125774    0 
268300:    1.00    6.001    0.037      -125770    0 
268400:    1.00    5.677    0.028      -125758    0 
268500:    1.00    5.818    0.039      -125762    0 
268600:    1.00    5.320    0.036      -125753    0 
268700:    1.00    5.634    0.033      -125758    0 
268800:    1.00    5.336    0.030      -125791    0 
268900:    1.00    5.064    0.033      -125750    0 

  Rep#:   Lambda   Alpha      F1       Ln Like  Est Ln P(D)
269000:    1.00    5.101    0.038      -125762    0 
269100:    1.00    4.909    0.034      -125747    0 
269200:    1.00    4.688    0.028      -125771    0 
269300:    1.00    4.923    0.029      -125767    0 
269400:    1.00    5.080    0.029      -125741    0 
269500:    1.00    5.169    0.032      -125763    0 
269600:    1.00    5.163    0.037      -125759    0 
269700:    1.00    5.040    0.034      -125767    0 
269800:    1.00    4.811    0.027      -125757    0 
269900:    1.00    4.893    0.036      -125766    0 

  Rep#:   Lambda   Alpha      F1       Ln Like  Est Ln P(D)
270000:    1.00    5.215    0.029      -125739    0 
270100:    1.00    5.276    0.033      -125764    0 
270200:    1.00    5.209    0.031      -125760    0 
270300:    1.00    5.551    0.030      -125765    0 
270400:    1.00    5.626    0.033      -125785    0 
270500:    1.00    5.720    0.028      -125760    0 
270600:    1.00    5.849    0.028      -125762    0 
270700:    1.00    5.418    0.034      -125740    0 
270800:    1.00    5.802    0.036      -125758    0 
270900:    1.00    6.047    0.038      -125770    0 

  Rep#:   Lambda   Alpha      F1       Ln Like  Est Ln P(D)
271000:    1.00    5.905    0.041      -125760    0 
271100:    1.00    5.877    0.039      -125750    0 
271200:    1.00    5.518    0.041      -125758    0 
271300:    1.00    5.582    0.032      -125777    0 
271400:    1.00    5.719    0.029      -125759    0 
271500:    1.00    6.016    0.030      -125771    0 
271600:    1.00    5.815    0.025      -125758    0 
271700:    1.00    5.737    0.029      -125750    0 
271800:    1.00    5.865    0.030      -125769    0 
271900:    1.00    6.111    0.038      -125775    0 

  Rep#:   Lambda   Alpha      F1       Ln Like  Est Ln P(D)
272000:    1.00    5.989    0.031      -125774    0 
272100:    1.00    5.900    0.025      -125775    0 
272200:    1.00    5.888    0.032      -125762    0 
272300:    1.00    5.992    0.032      -125751    0 
272400:    1.00    6.425    0.032      -125772    0 
272500:    1.00    6.232    0.037      -125754    0 
272600:    1.00    6.396    0.028      -125755    0 
272700:    1.00    7.053    0.032      -125760    0 
272800:    1.00    6.749    0.032      -125764    0 
272900:    1.00    6.301    0.033      -125752    0 

  Rep#:   Lambda   Alpha      F1       Ln Like  Est Ln P(D)
273000:    1.00    6.463    0.041      -125780    0 
273100:    1.00    6.433    0.028      -125770    0 
273200:    1.00    6.093    0.029      -125756    0 
273300:    1.00    6.540    0.034      -125767    0 
273400:    1.00    6.712    0.029      -125760    0 
273500:    1.00    6.535    0.032      -125771    0 
273600:    1.00    6.487    0.029      -125771    0 
273700:    1.00    6.556    0.024      -125767    0 
273800:    1.00    6.414    0.025      -125752    0 
273900:    1.00    6.724    0.023      -125760    0 

  Rep#:   Lambda   Alpha      F1       Ln Like  Est Ln P(D)
274000:    1.00    6.845    0.026      -125761    0 
274100:    1.00    6.637    0.024      -125754    0 
274200:    1.00    6.659    0.030      -125754    0 
274300:    1.00    6.424    0.020      -125753    0 
274400:    1.00    6.150    0.025      -125767    0 
274500:    1.00    6.109    0.031      -125770    0 
274600:    1.00    6.233    0.033      -125767    0 
274700:    1.00    6.066    0.028      -125753    0 
274800:    1.00    6.045    0.026      -125751    0 
274900:    1.00    6.032    0.032      -125758    0 

  Rep#:   Lambda   Alpha      F1       Ln Like  Est Ln P(D)
275000:    1.00    6.342    0.031      -125756    0 
275100:    1.00    6.241    0.023      -125777    0 
275200:    1.00    6.579    0.026      -125763    0 
275300:    1.00    6.461    0.024      -125771    0 
275400:    1.00    6.622    0.026      -125781    0 
275500:    1.00    7.024    0.024      -125755    0 
275600:    1.00    7.302    0.026      -125749    0 
275700:    1.00    7.299    0.028      -125764    0 
275800:    1.00    7.255    0.029      -125761    0 
275900:    1.00    7.418    0.023      -125760    0 

  Rep#:   Lambda   Alpha      F1       Ln Like  Est Ln P(D)
276000:    1.00    7.294    0.022      -125746    0 
276100:    1.00    7.187    0.021      -125749    0 
276200:    1.00    7.357    0.026      -125762    0 
276300:    1.00    7.296    0.030      -125774    0 
276400:    1.00    7.292    0.036      -125750    0 
276500:    1.00    7.402    0.028      -125755    0 
276600:    1.00    7.469    0.027      -125754    0 
276700:    1.00    7.151    0.025      -125763    0 
276800:    1.00    7.205    0.023      -125768    0 
276900:    1.00    7.184    0.024      -125765    0 

  Rep#:   Lambda   Alpha      F1       Ln Like  Est Ln P(D)
277000:    1.00    6.880    0.023      -125755    0 
277100:    1.00    7.359    0.021      -125755    0 
277200:    1.00    7.276    0.028      -125745    0 
277300:    1.00    7.170    0.025      -125759    0 
277400:    1.00    7.202    0.026      -125760    0 
277500:    1.00    7.359    0.031      -125774    0 
277600:    1.00    7.399    0.031      -125763    0 
277700:    1.00    7.395    0.032      -125755    0 
277800:    1.00    7.667    0.034      -125764    0 
277900:    1.00    7.892    0.041      -125767    0 

  Rep#:   Lambda   Alpha      F1       Ln Like  Est Ln P(D)
278000:    1.00    7.803    0.029      -125775    0 
278100:    1.00    7.291    0.025      -125764    0 
278200:    1.00    6.979    0.022      -125764    0 
278300:    1.00    7.137    0.019      -125785    0 
278400:    1.00    7.038    0.022      -125769    0 
278500:    1.00    7.050    0.019      -125759    0 
278600:    1.00    7.220    0.030      -125751    0 
278700:    1.00    7.280    0.020      -125766    0 
278800:    1.00    7.855    0.016      -125741    0 
278900:    1.00    8.189    0.019      -125762    0 

  Rep#:   Lambda   Alpha      F1       Ln Like  Est Ln P(D)
279000:    1.00    8.251    0.020      -125776    0 
279100:    1.00    8.176    0.024      -125744    0 
279200:    1.00    8.996    0.020      -125778    0 
279300:    1.00    9.132    0.018      -125775    0 
279400:    1.00    8.922    0.024      -125753    0 
279500:    1.00    8.880    0.024      -125771    0 
279600:    1.00    8.286    0.028      -125791    0 
279700:    1.00    8.442    0.019      -125741    0 
279800:    1.00    8.084    0.023      -125761    0 
279900:    1.00    7.918    0.024      -125767    0 

  Rep#:   Lambda   Alpha      F1       Ln Like  Est Ln P(D)
280000:    1.00    8.025    0.027      -125744    0 
280100:    1.00    7.872    0.034      -125746    0 
280200:    1.00    8.232    0.031      -125761    0 
280300:    1.00    7.900    0.021      -125742    0 
280400:    1.00    7.461    0.030      -125757    0 
280500:    1.00    7.692    0.025      -125765    0 
280600:    1.00    7.502    0.023      -125771    0 
280700:    1.00    7.288    0.023      -125780    0 
280800:    1.00    7.339    0.022      -125747    0 
280900:    1.00    7.301    0.036      -125749    0 

  Rep#:   Lambda   Alpha      F1       Ln Like  Est Ln P(D)
281000:    1.00    6.947    0.032      -125747    0 
281100:    1.00    6.893    0.041      -125753    0 
281200:    1.00    7.111    0.029      -125757    0 
281300:    1.00    6.884    0.022      -125757    0 
281400:    1.00    7.390    0.029      -125756    0 
281500:    1.00    7.671    0.032      -125779    0 
281600:    1.00    7.815    0.029      -125761    0 
281700:    1.00    8.106    0.030      -125756    0 
281800:    1.00    8.175    0.035      -125744    0 
281900:    1.00    8.251    0.032      -125764    0 

  Rep#:   Lambda   Alpha      F1       Ln Like  Est Ln P(D)
282000:    1.00    9.039    0.032      -125754    0 
282100:    1.00    9.367    0.022      -125755    0 
282200:    1.00    9.574    0.029      -125789    0 
282300:    1.00    9.605    0.023      -125773    0 
282400:    1.00    9.372    0.029      -125745    0 
282500:    1.00    9.153    0.028      -125774    0 
282600:    1.00    8.950    0.026      -125764    0 
282700:    1.00    9.474    0.028      -125764    0 
282800:    1.00    9.350    0.028      -125755    0 
282900:    1.00    9.774    0.033      -125778    0 

  Rep#:   Lambda   Alpha      F1       Ln Like  Est Ln P(D)
283000:    1.00    9.767    0.023      -125752    0 
283100:    1.00    9.589    0.025      -125758    0 
283200:    1.00    9.256    0.031      -125758    0 
283300:    1.00    8.820    0.026      -125777    0 
283400:    1.00    8.719    0.028      -125785    0 
283500:    1.00    8.547    0.029      -125749    0 
283600:    1.00    8.888    0.032      -125775    0 
283700:    1.00    9.141    0.021      -125754    0 
283800:    1.00    9.220    0.032      -125772    0 
283900:    1.00    9.153    0.036      -125768    0 

  Rep#:   Lambda   Alpha      F1       Ln Like  Est Ln P(D)
284000:    1.00    9.627    0.034      -125765    0 
284100:    1.00    9.749    0.035      -125777    0 
284200:    1.00    9.744    0.037      -125755    0 
284300:    1.00    9.562    0.033      -125753    0 
284400:    1.00    9.784    0.032      -125757    0 
284500:    1.00    9.553    0.028      -125759    0 
284600:    1.00    9.289    0.031      -125755    0 
284700:    1.00    8.960    0.024      -125768    0 
284800:    1.00    8.891    0.030      -125765    0 
284900:    1.00    9.064    0.029      -125772    0 

  Rep#:   Lambda   Alpha      F1       Ln Like  Est Ln P(D)
285000:    1.00    9.001    0.023      -125766    0 
285100:    1.00    8.852    0.022      -125763    0 
285200:    1.00    8.994    0.024      -125765    0 
285300:    1.00    8.537    0.026      -125751    0 
285400:    1.00    9.000    0.026      -125770    0 
285500:    1.00    8.704    0.024      -125749    0 
285600:    1.00    8.804    0.030      -125760    0 
285700:    1.00    8.672    0.044      -125768    0 
285800:    1.00    8.666    0.046      -125754    0 
285900:    1.00    9.135    0.038      -125736    0 

  Rep#:   Lambda   Alpha      F1       Ln Like  Est Ln P(D)
286000:    1.00    8.826    0.036      -125771    0 
286100:    1.00    8.954    0.039      -125765    0 
286200:    1.00    8.868    0.047      -125745    0 
286300:    1.00    8.806    0.043      -125744    0 
286400:    1.00    8.622    0.031      -125747    0 
286500:    1.00    8.773    0.041      -125765    0 
286600:    1.00    9.201    0.041      -125768    0 
286700:    1.00    8.941    0.033      -125756    0 
286800:    1.00    9.378    0.029      -125754    0 
286900:    1.00    9.327    0.029      -125747    0 

  Rep#:   Lambda   Alpha      F1       Ln Like  Est Ln P(D)
287000:    1.00    9.407    0.025      -125763    0 
287100:    1.00    8.897    0.031      -125784    0 
287200:    1.00    8.576    0.033      -125748    0 
287300:    1.00    8.726    0.038      -125794    0 
287400:    1.00    8.605    0.027      -125757    0 
287500:    1.00    8.460    0.026      -125758    0 
287600:    1.00    8.319    0.030      -125779    0 
287700:    1.00    8.203    0.030      -125762    0 
287800:    1.00    8.377    0.034      -125780    0 
287900:    1.00    8.388    0.033      -125783    0 

  Rep#:   Lambda   Alpha      F1       Ln Like  Est Ln P(D)
288000:    1.00    8.281    0.024      -125773    0 
288100:    1.00    8.581    0.029      -125771    0 
288200:    1.00    8.533    0.043      -125768    0 
288300:    1.00    8.622    0.041      -125759    0 
288400:    1.00    8.795    0.043      -125770    0 
288500:    1.00    8.598    0.038      -125771    0 
288600:    1.00    8.629    0.035      -125761    0 
288700:    1.00    8.684    0.040      -125779    0 
288800:    1.00    8.948    0.036      -125758    0 
288900:    1.00    9.386    0.031      -125761    0 

  Rep#:   Lambda   Alpha      F1       Ln Like  Est Ln P(D)
289000:    1.00    9.525    0.032      -125778    0 
289100:    1.00    9.406    0.028      -125749    0 
289200:    1.00    8.852    0.032      -125769    0 
289300:    1.00    8.904    0.033      -125755    0 
289400:    1.00    8.778    0.042      -125774    0 
289500:    1.00    8.555    0.029      -125754    0 
289600:    1.00    8.761    0.037      -125787    0 
289700:    1.00    8.710    0.032      -125749    0 
289800:    1.00    8.469    0.026      -125749    0 
289900:    1.00    8.436    0.039      -125775    0 

  Rep#:   Lambda   Alpha      F1       Ln Like  Est Ln P(D)
290000:    1.00    8.497    0.028      -125760    0 
290100:    1.00    8.378    0.033      -125761    0 
290200:    1.00    8.358    0.040      -125748    0 
290300:    1.00    8.227    0.033      -125761    0 
290400:    1.00    8.248    0.030      -125772    0 
290500:    1.00    8.291    0.038      -125759    0 
290600:    1.00    8.983    0.037      -125762    0 
290700:    1.00    9.073    0.037      -125769    0 
290800:    1.00    9.055    0.034      -125762    0 
290900:    1.00    8.845    0.031      -125780    0 

  Rep#:   Lambda   Alpha      F1       Ln Like  Est Ln P(D)
291000:    1.00    9.045    0.027      -125764    0 
291100:    1.00    9.167    0.026      -125767    0 
291200:    1.00    9.686    0.029      -125742    0 
291300:    1.00    8.972    0.028      -125747    0 
291400:    1.00    8.615    0.035      -125756    0 
291500:    1.00    8.860    0.031      -125753    0 
291600:    1.00    9.018    0.031      -125755    0 
291700:    1.00    8.886    0.040      -125759    0 
291800:    1.00    8.597    0.027      -125774    0 
291900:    1.00    8.705    0.033      -125760    0 

  Rep#:   Lambda   Alpha      F1       Ln Like  Est Ln P(D)
292000:    1.00    8.595    0.028      -125750    0 
292100:    1.00    9.136    0.027      -125764    0 
292200:    1.00    9.104    0.024      -125758    0 
292300:    1.00    9.077    0.030      -125772    0 
292400:    1.00    9.314    0.035      -125762    0 
292500:    1.00    9.659    0.032      -125758    0 
292600:    1.00    9.803    0.023      -125756    0 
292700:    1.00    9.852    0.024      -125774    0 
292800:    1.00    9.798    0.024      -125762    0 
292900:    1.00    9.874    0.026      -125775    0 

  Rep#:   Lambda   Alpha      F1       Ln Like  Est Ln P(D)
293000:    1.00    9.808    0.035      -125772    0 
293100:    1.00    9.458    0.025      -125761    0 
293200:    1.00    9.499    0.026      -125764    0 
293300:    1.00    9.276    0.033      -125773    0 
293400:    1.00    9.412    0.020      -125771    0 
293500:    1.00    9.498    0.023      -125764    0 
293600:    1.00    9.331    0.021      -125768    0 
293700:    1.00    9.642    0.027      -125755    0 
293800:    1.00    9.965    0.027      -125757    0 
293900:    1.00    9.824    0.027      -125763    0 

  Rep#:   Lambda   Alpha      F1       Ln Like  Est Ln P(D)
294000:    1.00    9.943    0.024      -125757    0 
294100:    1.00    9.791    0.029      -125752    0 
294200:    1.00    9.840    0.030      -125779    0 
294300:    1.00    9.714    0.038      -125756    0 
294400:    1.00    9.732    0.042      -125771    0 
294500:    1.00    9.930    0.039      -125756    0 
294600:    1.00    9.784    0.033      -125758    0 
294700:    1.00    9.656    0.043      -125767    0 
294800:    1.00    9.257    0.045      -125746    0 
294900:    1.00    9.366    0.036      -125756    0 

  Rep#:   Lambda   Alpha      F1       Ln Like  Est Ln P(D)
295000:    1.00    9.254    0.041      -125764    0 
295100:    1.00    9.004    0.042      -125760    0 
295200:    1.00    9.542    0.047      -125766    0 
295300:    1.00    9.580    0.032      -125769    0 
295400:    1.00    9.548    0.029      -125751    0 
295500:    1.00    9.729    0.029      -125755    0 
295600:    1.00    9.905    0.028      -125758    0 
295700:    1.00    9.860    0.031      -125781    0 
295800:    1.00    9.881    0.036      -125776    0 
295900:    1.00    9.789    0.025      -125763    0 

  Rep#:   Lambda   Alpha      F1       Ln Like  Est Ln P(D)
296000:    1.00    9.257    0.030      -125761    0 
296100:    1.00    9.463    0.026      -125766    0 
296200:    1.00    9.715    0.031      -125760    0 
296300:    1.00    9.909    0.030      -125760    0 
296400:    1.00    9.866    0.033      -125775    0 
296500:    1.00    9.849    0.036      -125772    0 
296600:    1.00    9.408    0.040      -125765    0 
296700:    1.00    9.626    0.031      -125759    0 
296800:    1.00    9.470    0.036      -125780    0 
296900:    1.00    9.268    0.038      -125753    0 

  Rep#:   Lambda   Alpha      F1       Ln Like  Est Ln P(D)
297000:    1.00    9.577    0.044      -125755    0 
297100:    1.00    9.986    0.039      -125759    0 
297200:    1.00    9.781    0.035      -125758    0 
297300:    1.00    9.930    0.040      -125749    0 
297400:    1.00    9.893    0.036      -125764    0 
297500:    1.00    9.703    0.038      -125755    0 
297600:    1.00    9.738    0.040      -125755    0 
297700:    1.00    9.693    0.028      -125774    0 
297800:    1.00    9.567    0.035      -125752    0 
297900:    1.00    9.670    0.029      -125767    0 

  Rep#:   Lambda   Alpha      F1       Ln Like  Est Ln P(D)
298000:    1.00    9.974    0.029      -125760    0 
298100:    1.00    9.888    0.030      -125751    0 
298200:    1.00    9.907    0.030      -125748    0 
298300:    1.00    9.502    0.034      -125762    0 
298400:    1.00    9.238    0.041      -125750    0 
298500:    1.00    9.377    0.031      -125765    0 
298600:    1.00    8.680    0.031      -125762    0 
298700:    1.00    8.407    0.036      -125754    0 
298800:    1.00    8.455    0.038      -125757    0 
298900:    1.00    8.581    0.028      -125764    0 

  Rep#:   Lambda   Alpha      F1       Ln Like  Est Ln P(D)
299000:    1.00    8.859    0.028      -125773    0 
299100:    1.00    9.077    0.030      -125757    0 
299200:    1.00    9.320    0.028      -125774    0 
299300:    1.00    8.973    0.033      -125756    0 
299400:    1.00    9.045    0.026      -125766    0 
299500:    1.00    8.931    0.026      -125772    0 
299600:    1.00    8.719    0.034      -125760    0 
299700:    1.00    8.304    0.038      -125765    0 
299800:    1.00    8.471    0.044      -125776    0 
299900:    1.00    8.420    0.029      -125777    0 

  Rep#:   Lambda   Alpha      F1       Ln Like  Est Ln P(D)
300000:    1.00    8.210    0.031      -125758    0 
300100:    1.00    8.265    0.032      -125776    0 
300200:    1.00    8.592    0.030      -125766    0 
300300:    1.00    8.445    0.030      -125770    0 
300400:    1.00    7.849    0.031      -125757    0 
300500:    1.00    7.423    0.032      -125777    0 
300600:    1.00    7.383    0.033      -125759    0 
300700:    1.00    7.543    0.036      -125757    0 
300800:    1.00    7.423    0.039      -125787    0 
300900:    1.00    7.607    0.031      -125759    0 

  Rep#:   Lambda   Alpha      F1       Ln Like  Est Ln P(D)
301000:    1.00    7.484    0.033      -125763    0 
301100:    1.00    7.880    0.031      -125772    0 
301200:    1.00    7.823    0.029      -125761    0 
301300:    1.00    7.809    0.027      -125763    0 
301400:    1.00    8.047    0.024      -125764    0 
301500:    1.00    7.876    0.028      -125762    0 
301600:    1.00    8.070    0.025      -125777    0 
301700:    1.00    8.015    0.030      -125795    0 
301800:    1.00    7.936    0.033      -125750    0 
301900:    1.00    7.976    0.034      -125764    0 

  Rep#:   Lambda   Alpha      F1       Ln Like  Est Ln P(D)
302000:    1.00    8.453    0.028      -125764    0 
302100:    1.00    8.162    0.029      -125757    0 
302200:    1.00    7.628    0.034      -125772    0 
302300:    1.00    7.703    0.034      -125767    0 
302400:    1.00    7.959    0.034      -125770    0 
302500:    1.00    7.730    0.028      -125766    0 
302600:    1.00    8.125    0.027      -125746    0 
302700:    1.00    8.068    0.029      -125762    0 
302800:    1.00    9.160    0.034      -125753    0 
302900:    1.00    8.808    0.032      -125755    0 

  Rep#:   Lambda   Alpha      F1       Ln Like  Est Ln P(D)
303000:    1.00    8.291    0.035      -125750    0 
303100:    1.00    8.412    0.032      -125778    0 
303200:    1.00    8.556    0.033      -125783    0 
303300:    1.00    8.309    0.036      -125790    0 
303400:    1.00    8.110    0.041      -125765    0 
303500:    1.00    8.134    0.034      -125762    0 
303600:    1.00    8.277    0.026      -125749    0 
303700:    1.00    8.262    0.033      -125756    0 
303800:    1.00    8.547    0.025      -125756    0 
303900:    1.00    8.452    0.023      -125781    0 

  Rep#:   Lambda   Alpha      F1       Ln Like  Est Ln P(D)
304000:    1.00    8.324    0.022      -125744    0 
304100:    1.00    8.397    0.020      -125750    0 
304200:    1.00    8.040    0.027      -125755    0 
304300:    1.00    7.648    0.036      -125751    0 
304400:    1.00    7.972    0.029      -125752    0 
304500:    1.00    7.959    0.029      -125773    0 
304600:    1.00    7.812    0.034      -125779    0 
304700:    1.00    7.826    0.026      -125738    0 
304800:    1.00    7.721    0.026      -125763    0 
304900:    1.00    7.706    0.018      -125743    0 

  Rep#:   Lambda   Alpha      F1       Ln Like  Est Ln P(D)
305000:    1.00    7.554    0.024      -125770    0 
305100:    1.00    8.002    0.022      -125756    0 
305200:    1.00    8.157    0.030      -125781    0 
305300:    1.00    8.176    0.028      -125784    0 
305400:    1.00    7.823    0.029      -125744    0 
305500:    1.00    7.526    0.030      -125773    0 
305600:    1.00    7.383    0.024      -125751    0 
305700:    1.00    7.133    0.026      -125768    0 
305800:    1.00    7.472    0.027      -125751    0 
305900:    1.00    7.246    0.029      -125753    0 

  Rep#:   Lambda   Alpha      F1       Ln Like  Est Ln P(D)
306000:    1.00    7.309    0.028      -125756    0 
306100:    1.00    6.966    0.033      -125769    0 
306200:    1.00    6.933    0.029      -125765    0 
306300:    1.00    6.911    0.020      -125761    0 
306400:    1.00    7.126    0.029      -125760    0 
306500:    1.00    6.775    0.034      -125738    0 
306600:    1.00    6.723    0.032      -125769    0 
306700:    1.00    6.466    0.033      -125761    0 
306800:    1.00    7.096    0.037      -125781    0 
306900:    1.00    7.537    0.032      -125743    0 

  Rep#:   Lambda   Alpha      F1       Ln Like  Est Ln P(D)
307000:    1.00    7.833    0.038      -125758    0 
307100:    1.00    8.095    0.028      -125761    0 
307200:    1.00    8.309    0.030      -125759    0 
307300:    1.00    8.671    0.023      -125766    0 
307400:    1.00    9.040    0.034      -125769    0 
307500:    1.00    8.746    0.023      -125765    0 
307600:    1.00    8.971    0.036      -125751    0 
307700:    1.00    8.707    0.033      -125773    0 
307800:    1.00    8.685    0.029      -125747    0 
307900:    1.00    8.522    0.024      -125764    0 

  Rep#:   Lambda   Alpha      F1       Ln Like  Est Ln P(D)
308000:    1.00    8.274    0.033      -125757    0 
308100:    1.00    8.545    0.023      -125762    0 
308200:    1.00    8.421    0.026      -125753    0 
308300:    1.00    8.951    0.031      -125744    0 
308400:    1.00    8.831    0.025      -125761    0 
308500:    1.00    8.552    0.039      -125755    0 
308600:    1.00    8.512    0.040      -125761    0 
308700:    1.00    8.673    0.037      -125754    0 
308800:    1.00    8.667    0.029      -125767    0 
308900:    1.00    8.587    0.021      -125778    0 

  Rep#:   Lambda   Alpha      F1       Ln Like  Est Ln P(D)
309000:    1.00    8.984    0.028      -125758    0 
309100:    1.00    9.056    0.026      -125754    0 
309200:    1.00    9.386    0.030      -125756    0 
309300:    1.00    9.640    0.025      -125768    0 
309400:    1.00    9.999    0.023      -125739    0 
309500:    1.00    9.479    0.030      -125764    0 
309600:    1.00    9.828    0.033      -125770    0 
309700:    1.00    9.980    0.026      -125766    0 
309800:    1.00    9.341    0.022      -125767    0 
309900:    1.00    9.343    0.019      -125769    0 

  Rep#:   Lambda   Alpha      F1       Ln Like  Est Ln P(D)
310000:    1.00    9.059    0.027      -125758    0 
310100:    1.00    9.385    0.034      -125758    0 
310200:    1.00    9.318    0.025      -125769    0 
310300:    1.00    9.133    0.025      -125757    0 
310400:    1.00    9.097    0.025      -125763    0 
310500:    1.00    9.143    0.027      -125756    0 
310600:    1.00    9.191    0.031      -125770    0 
310700:    1.00    9.331    0.034      -125763    0 
310800:    1.00    9.225    0.042      -125779    0 
310900:    1.00    9.340    0.034      -125760    0 

  Rep#:   Lambda   Alpha      F1       Ln Like  Est Ln P(D)
311000:    1.00    9.271    0.028      -125759    0 
311100:    1.00    9.213    0.031      -125763    0 
311200:    1.00    9.440    0.030      -125778    0 
311300:    1.00    9.615    0.032      -125773    0 
311400:    1.00    9.699    0.023      -125755    0 
311500:    1.00    9.700    0.047      -125756    0 
311600:    1.00    9.460    0.035      -125789    0 
311700:    1.00    9.326    0.036      -125770    0 
311800:    1.00    9.127    0.032      -125769    0 
311900:    1.00    9.062    0.032      -125763    0 

  Rep#:   Lambda   Alpha      F1       Ln Like  Est Ln P(D)
312000:    1.00    8.852    0.035      -125767    0 
312100:    1.00    8.594    0.032      -125755    0 
312200:    1.00    8.489    0.033      -125766    0 
312300:    1.00    8.447    0.033      -125757    0 
312400:    1.00    8.604    0.035      -125754    0 
312500:    1.00    8.446    0.040      -125756    0 
312600:    1.00    8.136    0.029      -125773    0 
312700:    1.00    8.463    0.030      -125757    0 
312800:    1.00    8.489    0.035      -125769    0 
312900:    1.00    9.022    0.035      -125763    0 

  Rep#:   Lambda   Alpha      F1       Ln Like  Est Ln P(D)
313000:    1.00    8.949    0.031      -125756    0 
313100:    1.00    9.294    0.041      -125760    0 
313200:    1.00    9.263    0.031      -125785    0 
313300:    1.00    9.196    0.028      -125783    0 
313400:    1.00    9.575    0.028      -125774    0 
313500:    1.00    9.483    0.030      -125768    0 
313600:    1.00    9.449    0.036      -125766    0 
313700:    1.00    9.745    0.036      -125760    0 
313800:    1.00    9.642    0.038      -125749    0 
313900:    1.00    9.223    0.034      -125752    0 

  Rep#:   Lambda   Alpha      F1       Ln Like  Est Ln P(D)
314000:    1.00    9.360    0.032      -125778    0 
314100:    1.00    9.214    0.031      -125761    0 
314200:    1.00    9.209    0.036      -125769    0 
314300:    1.00    9.135    0.036      -125755    0 
314400:    1.00    8.676    0.030      -125760    0 
314500:    1.00    8.694    0.043      -125778    0 
314600:    1.00    8.549    0.028      -125768    0 
314700:    1.00    8.182    0.043      -125761    0 
314800:    1.00    8.167    0.035      -125743    0 
314900:    1.00    8.083    0.031      -125774    0 

  Rep#:   Lambda   Alpha      F1       Ln Like  Est Ln P(D)
315000:    1.00    8.047    0.035      -125770    0 
315100:    1.00    7.818    0.042      -125770    0 
315200:    1.00    7.962    0.041      -125758    0 
315300:    1.00    7.395    0.049      -125762    0 
315400:    1.00    7.975    0.039      -125766    0 
315500:    1.00    7.510    0.031      -125767    0 
315600:    1.00    7.663    0.037      -125767    0 
315700:    1.00    7.786    0.032      -125764    0 
315800:    1.00    8.267    0.028      -125763    0 
315900:    1.00    8.034    0.026      -125759    0 

  Rep#:   Lambda   Alpha      F1       Ln Like  Est Ln P(D)
316000:    1.00    8.517    0.028      -125756    0 
316100:    1.00    8.152    0.032      -125773    0 
316200:    1.00    7.992    0.039      -125766    0 
316300:    1.00    8.302    0.040      -125772    0 
316400:    1.00    8.642    0.038      -125775    0 
316500:    1.00    8.632    0.041      -125747    0 
316600:    1.00    8.826    0.033      -125773    0 
316700:    1.00    8.849    0.032      -125774    0 
316800:    1.00    9.070    0.029      -125779    0 
316900:    1.00    8.971    0.036      -125752    0 

  Rep#:   Lambda   Alpha      F1       Ln Like  Est Ln P(D)
317000:    1.00    8.772    0.034      -125776    0 
317100:    1.00    8.543    0.030      -125769    0 
317200:    1.00    8.334    0.029      -125757    0 
317300:    1.00    8.305    0.035      -125756    0 
317400:    1.00    7.978    0.029      -125759    0 
317500:    1.00    8.344    0.030      -125767    0 
317600:    1.00    8.182    0.033      -125761    0 
317700:    1.00    8.377    0.036      -125770    0 
317800:    1.00    8.254    0.039      -125757    0 
317900:    1.00    7.911    0.029      -125764    0 

  Rep#:   Lambda   Alpha      F1       Ln Like  Est Ln P(D)
318000:    1.00    8.035    0.031      -125783    0 
318100:    1.00    8.036    0.032      -125754    0 
318200:    1.00    8.209    0.033      -125776    0 
318300:    1.00    8.041    0.032      -125761    0 
318400:    1.00    8.022    0.030      -125751    0 
318500:    1.00    8.116    0.028      -125733    0 
318600:    1.00    8.320    0.029      -125776    0 
318700:    1.00    8.279    0.029      -125769    0 
318800:    1.00    7.820    0.031      -125750    0 
318900:    1.00    7.917    0.024      -125757    0 

  Rep#:   Lambda   Alpha      F1       Ln Like  Est Ln P(D)
319000:    1.00    7.589    0.025      -125765    0 
319100:    1.00    7.922    0.036      -125766    0 
319200:    1.00    8.199    0.031      -125755    0 
319300:    1.00    7.917    0.025      -125761    0 
319400:    1.00    7.569    0.026      -125751    0 
319500:    1.00    7.574    0.017      -125751    0 
319600:    1.00    7.370    0.022      -125758    0 
319700:    1.00    7.320    0.022      -125750    0 
319800:    1.00    7.484    0.028      -125746    0 
319900:    1.00    7.309    0.036      -125755    0 

  Rep#:   Lambda   Alpha      F1       Ln Like  Est Ln P(D)
320000:    1.00    7.553    0.021      -125760    0 
320100:    1.00    7.466    0.023      -125751    0 
320200:    1.00    7.435    0.019      -125758    0 
320300:    1.00    7.110    0.022      -125755    0 
320400:    1.00    7.154    0.021      -125768    0 
320500:    1.00    6.911    0.021      -125774    0 
320600:    1.00    7.338    0.024      -125777    0 
320700:    1.00    7.132    0.022      -125764    0 
320800:    1.00    7.368    0.023      -125763    0 
320900:    1.00    7.757    0.022      -125769    0 

  Rep#:   Lambda   Alpha      F1       Ln Like  Est Ln P(D)
321000:    1.00    8.167    0.023      -125776    0 
321100:    1.00    7.989    0.022      -125767    0 
321200:    1.00    8.146    0.021      -125752    0 
321300:    1.00    8.001    0.023      -125775    0 
321400:    1.00    8.024    0.024      -125758    0 
321500:    1.00    7.973    0.032      -125775    0 
321600:    1.00    7.694    0.031      -125785    0 
321700:    1.00    7.618    0.029      -125746    0 
321800:    1.00    7.524    0.025      -125769    0 
321900:    1.00    7.469    0.029      -125761    0 

  Rep#:   Lambda   Alpha      F1       Ln Like  Est Ln P(D)
322000:    1.00    7.717    0.026      -125766    0 
322100:    1.00    8.054    0.032      -125765    0 
322200:    1.00    8.181    0.032      -125778    0 
322300:    1.00    8.564    0.031      -125768    0 
322400:    1.00    8.470    0.035      -125771    0 
322500:    1.00    7.888    0.023      -125768    0 
322600:    1.00    8.067    0.028      -125752    0 
322700:    1.00    8.154    0.029      -125769    0 
322800:    1.00    8.463    0.033      -125764    0 
322900:    1.00    8.407    0.030      -125772    0 

  Rep#:   Lambda   Alpha      F1       Ln Like  Est Ln P(D)
323000:    1.00    8.358    0.034      -125759    0 
323100:    1.00    8.309    0.026      -125763    0 
323200:    1.00    7.853    0.025      -125763    0 
323300:    1.00    7.561    0.026      -125766    0 
323400:    1.00    7.496    0.030      -125768    0 
323500:    1.00    7.511    0.026      -125761    0 
323600:    1.00    7.329    0.030      -125771    0 
323700:    1.00    7.272    0.028      -125775    0 
323800:    1.00    7.650    0.032      -125766    0 
323900:    1.00    7.827    0.025      -125762    0 

  Rep#:   Lambda   Alpha      F1       Ln Like  Est Ln P(D)
324000:    1.00    8.188    0.035      -125778    0 
324100:    1.00    8.990    0.039      -125757    0 
324200:    1.00    9.058    0.037      -125758    0 
324300:    1.00    8.936    0.029      -125752    0 
324400:    1.00    9.148    0.031      -125756    0 
324500:    1.00    8.862    0.029      -125770    0 
324600:    1.00    8.611    0.029      -125769    0 
324700:    1.00    8.569    0.032      -125755    0 
324800:    1.00    8.273    0.027      -125772    0 
324900:    1.00    8.496    0.027      -125777    0 

  Rep#:   Lambda   Alpha      F1       Ln Like  Est Ln P(D)
325000:    1.00    8.067    0.026      -125757    0 
325100:    1.00    7.769    0.024      -125761    0 
325200:    1.00    8.073    0.026      -125770    0 
325300:    1.00    8.135    0.025      -125778    0 
325400:    1.00    8.414    0.030      -125740    0 
325500:    1.00    8.515    0.033      -125771    0 
325600:    1.00    8.410    0.032      -125761    0 
325700:    1.00    8.555    0.026      -125768    0 
325800:    1.00    8.619    0.025      -125767    0 
325900:    1.00    8.657    0.036      -125785    0 

  Rep#:   Lambda   Alpha      F1       Ln Like  Est Ln P(D)
326000:    1.00    8.301    0.038      -125767    0 
326100:    1.00    8.130    0.035      -125773    0 
326200:    1.00    7.929    0.030      -125776    0 
326300:    1.00    7.892    0.032      -125758    0 
326400:    1.00    7.799    0.035      -125771    0 
326500:    1.00    8.138    0.045      -125764    0 
326600:    1.00    7.902    0.029      -125773    0 
326700:    1.00    7.609    0.027      -125760    0 
326800:    1.00    7.805    0.028      -125766    0 
326900:    1.00    7.861    0.031      -125777    0 

  Rep#:   Lambda   Alpha      F1       Ln Like  Est Ln P(D)
327000:    1.00    7.929    0.028      -125749    0 
327100:    1.00    8.194    0.032      -125768    0 
327200:    1.00    8.340    0.033      -125774    0 
327300:    1.00    8.142    0.037      -125766    0 
327400:    1.00    8.410    0.038      -125743    0 
327500:    1.00    8.479    0.032      -125748    0 
327600:    1.00    8.778    0.027      -125771    0 
327700:    1.00    8.781    0.026      -125769    0 
327800:    1.00    8.360    0.026      -125773    0 
327900:    1.00    8.589    0.034      -125784    0 

  Rep#:   Lambda   Alpha      F1       Ln Like  Est Ln P(D)
328000:    1.00    9.009    0.038      -125763    0 
328100:    1.00    8.836    0.028      -125753    0 
328200:    1.00    8.749    0.031      -125765    0 
328300:    1.00    8.874    0.032      -125771    0 
328400:    1.00    9.206    0.030      -125761    0 
328500:    1.00    9.311    0.024      -125762    0 
328600:    1.00    9.347    0.021      -125769    0 
328700:    1.00    9.525    0.023      -125753    0 
328800:    1.00    9.762    0.042      -125769    0 
328900:    1.00    9.522    0.027      -125751    0 

  Rep#:   Lambda   Alpha      F1       Ln Like  Est Ln P(D)
329000:    1.00    9.340    0.025      -125757    0 
329100:    1.00    9.539    0.039      -125756    0 
329200:    1.00    9.722    0.032      -125767    0 
329300:    1.00    9.881    0.027      -125748    0 
329400:    1.00    9.637    0.031      -125752    0 
329500:    1.00    9.799    0.029      -125774    0 
329600:    1.00    9.754    0.026      -125760    0 
329700:    1.00    9.794    0.026      -125759    0 
329800:    1.00    9.878    0.018      -125749    0 
329900:    1.00    9.901    0.025      -125782    0 

  Rep#:   Lambda   Alpha      F1       Ln Like  Est Ln P(D)
330000:    1.00    9.910    0.020      -125784    0 
330100:    1.00    9.913    0.022      -125749    0 
330200:    1.00    9.731    0.025      -125761    0 
330300:    1.00    9.886    0.024      -125770    0 
330400:    1.00    9.974    0.028      -125753    0 
330500:    1.00    9.842    0.032      -125762    0 
330600:    1.00    9.604    0.033      -125760    0 
330700:    1.00    9.681    0.042      -125760    0 
330800:    1.00    9.735    0.037      -125769    0 
330900:    1.00    9.955    0.031      -125741    0 

  Rep#:   Lambda   Alpha      F1       Ln Like  Est Ln P(D)
331000:    1.00    9.707    0.030      -125765    0 
331100:    1.00    9.582    0.027      -125764    0 
331200:    1.00    9.396    0.028      -125747    0 
331300:    1.00    9.551    0.020      -125751    0 
331400:    1.00    9.335    0.028      -125756    0 
331500:    1.00    9.153    0.027      -125774    0 
331600:    1.00    9.227    0.025      -125755    0 
331700:    1.00    8.919    0.033      -125755    0 
331800:    1.00    8.757    0.034      -125762    0 
331900:    1.00    8.540    0.037      -125764    0 

  Rep#:   Lambda   Alpha      F1       Ln Like  Est Ln P(D)
332000:    1.00    8.718    0.032      -125774    0 
332100:    1.00    8.517    0.037      -125751    0 
332200:    1.00    8.750    0.043      -125772    0 
332300:    1.00    8.571    0.035      -125766    0 
332400:    1.00    8.755    0.031      -125767    0 
332500:    1.00    8.783    0.043      -125765    0 
332600:    1.00    9.042    0.034      -125763    0 
332700:    1.00    9.072    0.032      -125753    0 
332800:    1.00    8.643    0.039      -125769    0 
332900:    1.00    8.597    0.039      -125775    0 

  Rep#:   Lambda   Alpha      F1       Ln Like  Est Ln P(D)
333000:    1.00    8.435    0.034      -125756    0 
333100:    1.00    8.383    0.030      -125757    0 
333200:    1.00    8.190    0.030      -125774    0 
333300:    1.00    7.948    0.032      -125753    0 
333400:    1.00    8.344    0.028      -125758    0 
333500:    1.00    8.290    0.036      -125767    0 
333600:    1.00    8.300    0.030      -125757    0 
333700:    1.00    8.064    0.033      -125769    0 
333800:    1.00    7.789    0.030      -125752    0 
333900:    1.00    7.866    0.035      -125769    0 

  Rep#:   Lambda   Alpha      F1       Ln Like  Est Ln P(D)
334000:    1.00    7.435    0.027      -125763    0 
334100:    1.00    6.777    0.027      -125753    0 
334200:    1.00    6.762    0.030      -125774    0 
334300:    1.00    6.828    0.025      -125780    0 
334400:    1.00    7.121    0.024      -125766    0 
334500:    1.00    7.656    0.024      -125760    0 
334600:    1.00    7.829    0.026      -125770    0 
334700:    1.00    7.749    0.027      -125762    0 
334800:    1.00    7.488    0.028      -125752    0 
334900:    1.00    7.350    0.025      -125761    0 

  Rep#:   Lambda   Alpha      F1       Ln Like  Est Ln P(D)
335000:    1.00    7.362    0.025      -125768    0 
335100:    1.00    7.391    0.028      -125774    0 
335200:    1.00    7.035    0.027      -125757    0 
335300:    1.00    6.507    0.023      -125746    0 
335400:    1.00    6.408    0.026      -125778    0 
335500:    1.00    6.546    0.026      -125767    0 
335600:    1.00    6.576    0.026      -125755    0 
335700:    1.00    6.269    0.025      -125748    0 
335800:    1.00    6.283    0.025      -125768    0 
335900:    1.00    6.468    0.026      -125756    0 

  Rep#:   Lambda   Alpha      F1       Ln Like  Est Ln P(D)
336000:    1.00    6.506    0.025      -125764    0 
336100:    1.00    6.636    0.020      -125769    0 
336200:    1.00    6.480    0.026      -125762    0 
336300:    1.00    6.749    0.032      -125782    0 
336400:    1.00    7.105    0.033      -125770    0 
336500:    1.00    6.839    0.028      -125771    0 
336600:    1.00    6.973    0.020      -125753    0 
336700:    1.00    7.063    0.022      -125749    0 
336800:    1.00    6.919    0.019      -125769    0 
336900:    1.00    7.015    0.021      -125760    0 

  Rep#:   Lambda   Alpha      F1       Ln Like  Est Ln P(D)
337000:    1.00    6.718    0.024      -125757    0 
337100:    1.00    6.947    0.024      -125755    0 
337200:    1.00    6.783    0.025      -125763    0 
337300:    1.00    6.520    0.034      -125757    0 
337400:    1.00    6.819    0.034      -125768    0 
337500:    1.00    6.604    0.037      -125788    0 
337600:    1.00    6.395    0.046      -125765    0 
337700:    1.00    6.226    0.034      -125766    0 
337800:    1.00    5.867    0.034      -125769    0 
337900:    1.00    5.829    0.037      -125772    0 

  Rep#:   Lambda   Alpha      F1       Ln Like  Est Ln P(D)
338000:    1.00    5.619    0.034      -125763    0 
338100:    1.00    5.663    0.039      -125759    0 
338200:    1.00    5.308    0.033      -125749    0 
338300:    1.00    5.467    0.033      -125772    0 
338400:    1.00    5.182    0.031      -125758    0 
338500:    1.00    4.669    0.036      -125756    0 
338600:    1.00    4.650    0.033      -125797    0 
338700:    1.00    4.854    0.030      -125751    0 
338800:    1.00    4.854    0.029      -125764    0 
338900:    1.00    4.346    0.028      -125760    0 

  Rep#:   Lambda   Alpha      F1       Ln Like  Est Ln P(D)
339000:    1.00    4.357    0.035      -125765    0 
339100:    1.00    4.479    0.041      -125759    0 
339200:    1.00    4.309    0.037      -125754    0 
339300:    1.00    4.428    0.029      -125757    0 
339400:    1.00    4.397    0.030      -125761    0 
339500:    1.00    4.542    0.026      -125756    0 
339600:    1.00    4.437    0.027      -125744    0 
339700:    1.00    4.303    0.026      -125769    0 
339800:    1.00    4.357    0.026      -125767    0 
339900:    1.00    4.781    0.029      -125764    0 

  Rep#:   Lambda   Alpha      F1       Ln Like  Est Ln P(D)
340000:    1.00    5.062    0.031      -125783    0 
340100:    1.00    5.139    0.031      -125749    0 
340200:    1.00    4.947    0.031      -125754    0 
340300:    1.00    5.106    0.035      -125768    0 
340400:    1.00    5.102    0.040      -125770    0 
340500:    1.00    5.190    0.046      -125768    0 
340600:    1.00    4.947    0.041      -125758    0 
340700:    1.00    5.196    0.034      -125771    0 
340800:    1.00    4.727    0.029      -125760    0 
340900:    1.00    4.907    0.033      -125755    0 

  Rep#:   Lambda   Alpha      F1       Ln Like  Est Ln P(D)
341000:    1.00    4.831    0.038      -125759    0 
341100:    1.00    5.206    0.039      -125770    0 
341200:    1.00    5.484    0.042      -125768    0 
341300:    1.00    5.654    0.036      -125760    0 
341400:    1.00    5.985    0.035      -125762    0 
341500:    1.00    5.925    0.027      -125768    0 
341600:    1.00    5.896    0.037      -125770    0 
341700:    1.00    5.959    0.033      -125761    0 
341800:    1.00    6.333    0.034      -125773    0 
341900:    1.00    6.565    0.034      -125776    0 

  Rep#:   Lambda   Alpha      F1       Ln Like  Est Ln P(D)
342000:    1.00    6.946    0.033      -125763    0 
342100:    1.00    6.936    0.026      -125750    0 
342200:    1.00    6.732    0.033      -125769    0 
342300:    1.00    6.734    0.030      -125769    0 
342400:    1.00    7.401    0.032      -125766    0 
342500:    1.00    7.373    0.037      -125755    0 
342600:    1.00    7.253    0.028      -125753    0 
342700:    1.00    7.133    0.025      -125754    0 
342800:    1.00    7.090    0.031      -125773    0 
342900:    1.00    7.030    0.037      -125759    0 

  Rep#:   Lambda   Alpha      F1       Ln Like  Est Ln P(D)
343000:    1.00    6.677    0.034      -125767    0 
343100:    1.00    6.837    0.028      -125760    0 
343200:    1.00    7.003    0.031      -125763    0 
343300:    1.00    6.669    0.027      -125756    0 
343400:    1.00    6.598    0.027      -125765    0 
343500:    1.00    6.429    0.026      -125780    0 
343600:    1.00    6.586    0.028      -125772    0 
343700:    1.00    6.446    0.027      -125765    0 
343800:    1.00    6.595    0.022      -125760    0 
343900:    1.00    6.961    0.026      -125780    0 

  Rep#:   Lambda   Alpha      F1       Ln Like  Est Ln P(D)
344000:    1.00    6.542    0.030      -125755    0 
344100:    1.00    6.821    0.033      -125788    0 
344200:    1.00    6.877    0.021      -125760    0 
344300:    1.00    6.734    0.027      -125750    0 
344400:    1.00    6.591    0.040      -125762    0 
344500:    1.00    5.967    0.023      -125770    0 
344600:    1.00    5.747    0.028      -125779    0 
344700:    1.00    5.805    0.027      -125765    0 
344800:    1.00    6.128    0.027      -125765    0 
344900:    1.00    5.700    0.026      -125752    0 

  Rep#:   Lambda   Alpha      F1       Ln Like  Est Ln P(D)
345000:    1.00    5.316    0.030      -125782    0 
345100:    1.00    5.062    0.030      -125752    0 
345200:    1.00    5.270    0.025      -125780    0 
345300:    1.00    5.039    0.021      -125764    0 
345400:    1.00    5.098    0.020      -125748    0 
345500:    1.00    4.780    0.022      -125785    0 
345600:    1.00    4.371    0.031      -125766    0 
345700:    1.00    4.274    0.024      -125752    0 
345800:    1.00    4.524    0.030      -125769    0 
345900:    1.00    4.677    0.035      -125752    0 

  Rep#:   Lambda   Alpha      F1       Ln Like  Est Ln P(D)
346000:    1.00    4.233    0.030      -125784    0 
346100:    1.00    4.360    0.032      -125763    0 
346200:    1.00    4.433    0.038      -125767    0 
346300:    1.00    4.519    0.042      -125770    0 
346400:    1.00    4.579    0.037      -125769    0 
346500:    1.00    4.445    0.037      -125759    0 
346600:    1.00    4.860    0.034      -125774    0 
346700:    1.00    5.023    0.030      -125757    0 
346800:    1.00    5.566    0.041      -125768    0 
346900:    1.00    5.444    0.033      -125769    0 

  Rep#:   Lambda   Alpha      F1       Ln Like  Est Ln P(D)
347000:    1.00    5.471    0.029      -125757    0 
347100:    1.00    5.629    0.027      -125768    0 
347200:    1.00    5.639    0.029      -125784    0 
347300:    1.00    5.392    0.032      -125748    0 
347400:    1.00    5.382    0.030      -125761    0 
347500:    1.00    5.752    0.035      -125755    0 
347600:    1.00    5.777    0.031      -125773    0 
347700:    1.00    5.700    0.025      -125770    0 
347800:    1.00    6.010    0.032      -125758    0 
347900:    1.00    5.866    0.035      -125754    0 

  Rep#:   Lambda   Alpha      F1       Ln Like  Est Ln P(D)
348000:    1.00    5.821    0.035      -125770    0 
348100:    1.00    6.050    0.039      -125757    0 
348200:    1.00    6.130    0.033      -125746    0 
348300:    1.00    6.125    0.033      -125761    0 
348400:    1.00    5.994    0.024      -125762    0 
348500:    1.00    5.999    0.024      -125774    0 
348600:    1.00    6.218    0.028      -125738    0 
348700:    1.00    6.381    0.026      -125765    0 
348800:    1.00    6.208    0.020      -125778    0 
348900:    1.00    5.768    0.017      -125782    0 

  Rep#:   Lambda   Alpha      F1       Ln Like  Est Ln P(D)
349000:    1.00    5.871    0.023      -125752    0 
349100:    1.00    5.774    0.030      -125763    0 
349200:    1.00    5.947    0.045      -125769    0 
349300:    1.00    6.277    0.026      -125746    0 
349400:    1.00    6.437    0.024      -125767    0 
349500:    1.00    6.341    0.028      -125784    0 
349600:    1.00    6.393    0.034      -125769    0 
349700:    1.00    6.425    0.035      -125765    0 
349800:    1.00    6.189    0.034      -125774    0 
349900:    1.00    6.146    0.039      -125776    0 

  Rep#:   Lambda   Alpha      F1       Ln Like  Est Ln P(D)
350000:    1.00    6.478    0.032      -125761    0 
350100:    1.00    6.481    0.025      -125783    0 
350200:    1.00    6.402    0.025      -125756    0 
350300:    1.00    6.335    0.025      -125759    0 
350400:    1.00    6.328    0.032      -125750    0 
350500:    1.00    6.296    0.031      -125762    0 
350600:    1.00    6.272    0.035      -125779    0 
350700:    1.00    6.176    0.039      -125770    0 
350800:    1.00    6.273    0.030      -125766    0 
350900:    1.00    5.851    0.033      -125757    0 

  Rep#:   Lambda   Alpha      F1       Ln Like  Est Ln P(D)
351000:    1.00    5.601    0.030      -125758    0 
351100:    1.00    5.820    0.032      -125742    0 
351200:    1.00    6.067    0.028      -125748    0 
351300:    1.00    6.033    0.034      -125763    0 
351400:    1.00    6.057    0.026      -125771    0 
351500:    1.00    5.741    0.026      -125749    0 
351600:    1.00    6.058    0.030      -125760    0 
351700:    1.00    6.000    0.035      -125756    0 
351800:    1.00    5.950    0.037      -125753    0 
351900:    1.00    6.402    0.037      -125781    0 

  Rep#:   Lambda   Alpha      F1       Ln Like  Est Ln P(D)
352000:    1.00    5.886    0.036      -125744    0 
352100:    1.00    6.044    0.040      -125758    0 
352200:    1.00    5.861    0.029      -125763    0 
352300:    1.00    5.766    0.030      -125778    0 
352400:    1.00    5.883    0.038      -125769    0 
352500:    1.00    5.685    0.035      -125761    0 
352600:    1.00    5.439    0.039      -125773    0 
352700:    1.00    5.414    0.032      -125750    0 
352800:    1.00    5.431    0.033      -125754    0 
352900:    1.00    4.908    0.026      -125777    0 

  Rep#:   Lambda   Alpha      F1       Ln Like  Est Ln P(D)
353000:    1.00    5.239    0.029      -125761    0 
353100:    1.00    5.115    0.026      -125755    0 
353200:    1.00    5.026    0.023      -125759    0 
353300:    1.00    5.308    0.022      -125765    0 
353400:    1.00    5.610    0.033      -125755    0 
353500:    1.00    5.730    0.029      -125756    0 
353600:    1.00    6.328    0.028      -125783    0 
353700:    1.00    5.985    0.032      -125773    0 
353800:    1.00    5.941    0.033      -125766    0 
353900:    1.00    5.986    0.025      -125752    0 

  Rep#:   Lambda   Alpha      F1       Ln Like  Est Ln P(D)
354000:    1.00    6.114    0.030      -125755    0 
354100:    1.00    5.998    0.028      -125752    0 
354200:    1.00    6.408    0.026      -125772    0 
354300:    1.00    6.529    0.027      -125749    0 
354400:    1.00    6.907    0.027      -125772    0 
354500:    1.00    6.342    0.027      -125769    0 
354600:    1.00    6.230    0.028      -125760    0 
354700:    1.00    6.007    0.023      -125752    0 
354800:    1.00    5.652    0.034      -125764    0 
354900:    1.00    5.614    0.031      -125775    0 

  Rep#:   Lambda   Alpha      F1       Ln Like  Est Ln P(D)
355000:    1.00    5.484    0.035      -125760    0 
355100:    1.00    5.620    0.028      -125769    0 
355200:    1.00    5.542    0.027      -125782    0 
355300:    1.00    5.433    0.028      -125775    0 
355400:    1.00    5.050    0.028      -125758    0 
355500:    1.00    4.885    0.024      -125759    0 
355600:    1.00    4.944    0.024      -125768    0 
355700:    1.00    5.196    0.026      -125756    0 
355800:    1.00    5.093    0.040      -125751    0 
355900:    1.00    5.045    0.036      -125760    0 

  Rep#:   Lambda   Alpha      F1       Ln Like  Est Ln P(D)
356000:    1.00    5.083    0.034      -125774    0 
356100:    1.00    5.288    0.040      -125784    0 
356200:    1.00    5.455    0.031      -125761    0 
356300:    1.00    5.428    0.029      -125776    0 
356400:    1.00    5.928    0.027      -125751    0 
356500:    1.00    5.750    0.031      -125748    0 
356600:    1.00    5.283    0.034      -125765    0 
356700:    1.00    5.136    0.038      -125743    0 
356800:    1.00    4.912    0.042      -125762    0 
356900:    1.00    4.769    0.035      -125770    0 

  Rep#:   Lambda   Alpha      F1       Ln Like  Est Ln P(D)
357000:    1.00    4.729    0.045      -125756    0 
357100:    1.00    5.020    0.035      -125782    0 
357200:    1.00    4.839    0.035      -125757    0 
357300:    1.00    5.012    0.031      -125782    0 
357400:    1.00    4.981    0.035      -125780    0 
357500:    1.00    5.003    0.026      -125745    0 
357600:    1.00    4.598    0.028      -125748    0 
357700:    1.00    4.751    0.029      -125758    0 
357800:    1.00    4.851    0.024      -125768    0 
357900:    1.00    4.618    0.032      -125755    0 

  Rep#:   Lambda   Alpha      F1       Ln Like  Est Ln P(D)
358000:    1.00    4.589    0.028      -125769    0 
358100:    1.00    4.537    0.033      -125748    0 
358200:    1.00    4.208    0.037      -125752    0 
358300:    1.00    4.518    0.032      -125761    0 
358400:    1.00    4.259    0.038      -125772    0 
358500:    1.00    3.993    0.034      -125766    0 
358600:    1.00    3.592    0.031      -125758    0 
358700:    1.00    3.880    0.034      -125764    0 
358800:    1.00    4.021    0.033      -125744    0 
358900:    1.00    4.192    0.032      -125773    0 

  Rep#:   Lambda   Alpha      F1       Ln Like  Est Ln P(D)
359000:    1.00    3.746    0.027      -125744    0 
359100:    1.00    3.517    0.023      -125739    0 
359200:    1.00    3.417    0.024      -125757    0 
359300:    1.00    3.320    0.025      -125774    0 
359400:    1.00    3.076    0.018      -125770    0 
359500:    1.00    3.619    0.020      -125754    0 
359600:    1.00    3.371    0.021      -125759    0 
359700:    1.00    3.788    0.023      -125756    0 
359800:    1.00    3.552    0.021      -125760    0 
359900:    1.00    3.346    0.020      -125750    0 

  Rep#:   Lambda   Alpha      F1       Ln Like  Est Ln P(D)
360000:    1.00    3.534    0.028      -125757    0 
360100:    1.00    3.832    0.021      -125751    0 
360200:    1.00    3.956    0.025      -125747    0 
360300:    1.00    3.881    0.024      -125759    0 
360400:    1.00    3.492    0.029      -125781    0 
360500:    1.00    3.513    0.031      -125792    0 
360600:    1.00    3.701    0.038      -125756    0 
360700:    1.00    3.935    0.029      -125766    0 
360800:    1.00    4.166    0.028      -125785    0 
360900:    1.00    3.623    0.021      -125764    0 

  Rep#:   Lambda   Alpha      F1       Ln Like  Est Ln P(D)
361000:    1.00    3.425    0.017      -125754    0 
361100:    1.00    2.899    0.021      -125754    0 
361200:    1.00    2.956    0.021      -125753    0 
361300:    1.00    2.745    0.022      -125774    0 
361400:    1.00    2.490    0.024      -125767    0 
361500:    1.00    2.092    0.034      -125751    0 
361600:    1.00    2.025    0.024      -125779    0 
361700:    1.00    2.096    0.025      -125764    0 
361800:    1.00    2.173    0.023      -125756    0 
361900:    1.00    2.131    0.024      -125783    0 

  Rep#:   Lambda   Alpha      F1       Ln Like  Est Ln P(D)
362000:    1.00    1.752    0.023      -125769    0 
362100:    1.00    1.826    0.026      -125765    0 
362200:    1.00    1.731    0.026      -125759    0 
362300:    1.00    1.643    0.034      -125754    0 
362400:    1.00    1.092    0.023      -125767    0 
362500:    1.00    1.245    0.028      -125743    0 
362600:    1.00    1.245    0.028      -125743    0 
362700:    1.00    1.259    0.037      -125774    0 
362800:    1.00    0.693    0.040      -125751    0 
362900:    1.00    0.918    0.031      -125767    0 

  Rep#:   Lambda   Alpha      F1       Ln Like  Est Ln P(D)
363000:    1.00    0.423    0.035      -125759    0 
363100:    1.00    0.665    0.033      -125743    0 
363200:    1.00    0.861    0.032      -125761    0 
363300:    1.00    1.382    0.031      -125774    0 
363400:    1.00    1.367    0.039      -125766    0 
363500:    1.00    1.217    0.038      -125768    0 
363600:    1.00    1.466    0.036      -125758    0 
363700:    1.00    1.307    0.040      -125770    0 
363800:    1.00    1.800    0.040      -125759    0 
363900:    1.00    1.436    0.038      -125770    0 

  Rep#:   Lambda   Alpha      F1       Ln Like  Est Ln P(D)
364000:    1.00    1.451    0.037      -125756    0 
364100:    1.00    1.516    0.050      -125763    0 
364200:    1.00    1.631    0.042      -125763    0 
364300:    1.00    1.782    0.032      -125744    0 
364400:    1.00    1.835    0.028      -125758    0 
364500:    1.00    2.328    0.038      -125768    0 
364600:    1.00    2.245    0.038      -125757    0 
364700:    1.00    1.876    0.038      -125775    0 
364800:    1.00    1.641    0.033      -125746    0 
364900:    1.00    1.658    0.034      -125745    0 

  Rep#:   Lambda   Alpha      F1       Ln Like  Est Ln P(D)
365000:    1.00    1.957    0.036      -125770    0 
365100:    1.00    2.102    0.033      -125770    0 
365200:    1.00    2.042    0.027      -125767    0 
365300:    1.00    2.120    0.029      -125773    0 
365400:    1.00    2.843    0.034      -125745    0 
365500:    1.00    2.940    0.029      -125766    0 
365600:    1.00    3.148    0.033      -125757    0 
365700:    1.00    3.176    0.037      -125769    0 
365800:    1.00    2.627    0.039      -125760    0 
365900:    1.00    2.401    0.037      -125754    0 

  Rep#:   Lambda   Alpha      F1       Ln Like  Est Ln P(D)
366000:    1.00    2.174    0.034      -125770    0 
366100:    1.00    1.963    0.033      -125759    0 
366200:    1.00    1.787    0.026      -125776    0 
366300:    1.00    1.777    0.027      -125756    0 
366400:    1.00    1.578    0.028      -125744    0 
366500:    1.00    1.512    0.029      -125747    0 
366600:    1.00    0.960    0.024      -125772    0 
366700:    1.00    1.195    0.021      -125752    0 
366800:    1.00    1.242    0.028      -125748    0 
366900:    1.00    1.442    0.030      -125753    0 

  Rep#:   Lambda   Alpha      F1       Ln Like  Est Ln P(D)
367000:    1.00    1.155    0.030      -125763    0 
367100:    1.00    1.436    0.031      -125755    0 
367200:    1.00    1.525    0.030      -125782    0 
367300:    1.00    1.390    0.033      -125775    0 
367400:    1.00    1.430    0.047      -125759    0 
367500:    1.00    1.451    0.046      -125781    0 
367600:    1.00    1.225    0.028      -125767    0 
367700:    1.00    1.215    0.034      -125759    0 
367800:    1.00    1.284    0.031      -125777    0 
367900:    1.00    1.150    0.026      -125767    0 

  Rep#:   Lambda   Alpha      F1       Ln Like  Est Ln P(D)
368000:    1.00    1.245    0.028      -125770    0 
368100:    1.00    1.391    0.036      -125766    0 
368200:    1.00    1.212    0.033      -125764    0 
368300:    1.00    1.346    0.029      -125749    0 
368400:    1.00    1.047    0.036      -125771    0 
368500:    1.00    1.111    0.034      -125761    0 
368600:    1.00    1.259    0.026      -125781    0 
368700:    1.00    1.540    0.030      -125759    0 
368800:    1.00    1.512    0.030      -125765    0 
368900:    1.00    1.864    0.030      -125772    0 

  Rep#:   Lambda   Alpha      F1       Ln Like  Est Ln P(D)
369000:    1.00    1.736    0.035      -125772    0 
369100:    1.00    1.958    0.032      -125774    0 
369200:    1.00    1.734    0.027      -125740    0 
369300:    1.00    1.484    0.034      -125756    0 
369400:    1.00    1.085    0.048      -125755    0 
369500:    1.00    1.107    0.037      -125758    0 
369600:    1.00    1.043    0.040      -125782    0 
369700:    1.00    0.741    0.033      -125746    0 
369800:    1.00    0.711    0.036      -125773    0 
369900:    1.00    0.605    0.034      -125744    0 

  Rep#:   Lambda   Alpha      F1       Ln Like  Est Ln P(D)
370000:    1.00    0.853    0.030      -125765    0 
370100:    1.00    0.536    0.035      -125766    0 
370200:    1.00    0.220    0.034      -125763    0 
370300:    1.00    0.341    0.030      -125756    0 
370400:    1.00    0.064    0.027      -125766    0 
370500:    1.00    0.214    0.028      -125762    0 
370600:    1.00    0.178    0.034      -125760    0 
370700:    1.00    0.229    0.040      -125764    0 
370800:    1.00    0.415    0.033      -125768    0 
370900:    1.00    0.698    0.033      -125750    0 

  Rep#:   Lambda   Alpha      F1       Ln Like  Est Ln P(D)
371000:    1.00    1.001    0.037      -125763    0 
371100:    1.00    0.927    0.030      -125761    0 
371200:    1.00    1.158    0.037      -125748    0 
371300:    1.00    1.158    0.026      -125746    0 
371400:    1.00    0.665    0.022      -125769    0 
371500:    1.00    1.006    0.029      -125763    0 
371600:    1.00    0.712    0.023      -125755    0 
371700:    1.00    0.577    0.021      -125777    0 
371800:    1.00    0.326    0.027      -125772    0 
371900:    1.00    0.490    0.032      -125781    0 

  Rep#:   Lambda   Alpha      F1       Ln Like  Est Ln P(D)
372000:    1.00    0.020    0.025      -125776    0 
372100:    1.00    0.103    0.029      -125749    0 
372200:    1.00    0.459    0.029      -125782    0 
372300:    1.00    0.287    0.030      -125762    0 
372400:    1.00    0.214    0.032      -125764    0 
372500:    1.00    0.538    0.027      -125761    0 
372600:    1.00    0.719    0.038      -125753    0 
372700:    1.00    0.530    0.032      -125771    0 
372800:    1.00    0.737    0.030      -125755    0 
372900:    1.00    0.614    0.037      -125774    0 

  Rep#:   Lambda   Alpha      F1       Ln Like  Est Ln P(D)
373000:    1.00    0.635    0.034      -125771    0 
373100:    1.00    0.861    0.030      -125757    0 
373200:    1.00    1.053    0.041      -125771    0 
373300:    1.00    1.104    0.027      -125766    0 
373400:    1.00    1.115    0.030      -125770    0 
373500:    1.00    1.469    0.034      -125764    0 
373600:    1.00    1.460    0.033      -125773    0 
373700:    1.00    1.352    0.030      -125764    0 
373800:    1.00    1.323    0.027      -125761    0 
373900:    1.00    1.430    0.039      -125756    0 

  Rep#:   Lambda   Alpha      F1       Ln Like  Est Ln P(D)
374000:    1.00    1.698    0.038      -125754    0 
374100:    1.00    1.662    0.027      -125769    0 
374200:    1.00    1.287    0.043      -125750    0 
374300:    1.00    1.187    0.036      -125782    0 
374400:    1.00    1.598    0.037      -125761    0 
374500:    1.00    1.706    0.028      -125778    0 
374600:    1.00    1.870    0.033      -125770    0 
374700:    1.00    2.007    0.033      -125768    0 
374800:    1.00    1.908    0.029      -125764    0 
374900:    1.00    2.411    0.026      -125766    0 

  Rep#:   Lambda   Alpha      F1       Ln Like  Est Ln P(D)
375000:    1.00    2.450    0.034      -125759    0 
375100:    1.00    2.523    0.030      -125764    0 
375200:    1.00    2.729    0.032      -125781    0 
375300:    1.00    2.834    0.040      -125745    0 
375400:    1.00    2.666    0.036      -125758    0 
375500:    1.00    2.534    0.031      -125756    0 
375600:    1.00    2.529    0.030      -125762    0 
375700:    1.00    2.771    0.042      -125760    0 
375800:    1.00    2.798    0.030      -125788    0 
375900:    1.00    2.619    0.029      -125754    0 

  Rep#:   Lambda   Alpha      F1       Ln Like  Est Ln P(D)
376000:    1.00    2.815    0.027      -125767    0 
376100:    1.00    2.981    0.024      -125774    0 
376200:    1.00    3.294    0.027      -125762    0 
376300:    1.00    3.155    0.024      -125778    0 
376400:    1.00    3.018    0.030      -125768    0 
376500:    1.00    2.993    0.024      -125784    0 
376600:    1.00    3.183    0.026      -125777    0 
376700:    1.00    3.412    0.033      -125771    0 
376800:    1.00    3.403    0.034      -125761    0 
376900:    1.00    3.997    0.029      -125779    0 

  Rep#:   Lambda   Alpha      F1       Ln Like  Est Ln P(D)
377000:    1.00    4.073    0.031      -125756    0 
377100:    1.00    4.119    0.043      -125764    0 
377200:    1.00    3.833    0.036      -125756    0 
377300:    1.00    3.485    0.033      -125769    0 
377400:    1.00    3.454    0.030      -125755    0 
377500:    1.00    3.263    0.032      -125750    0 
377600:    1.00    3.104    0.026      -125770    0 
377700:    1.00    3.262    0.025      -125764    0 
377800:    1.00    3.501    0.025      -125752    0 
377900:    1.00    3.158    0.031      -125771    0 

  Rep#:   Lambda   Alpha      F1       Ln Like  Est Ln P(D)
378000:    1.00    3.257    0.040      -125747    0 
378100:    1.00    2.642    0.027      -125773    0 
378200:    1.00    2.766    0.030      -125764    0 
378300:    1.00    2.370    0.033      -125749    0 
378400:    1.00    2.118    0.031      -125779    0 
378500:    1.00    1.902    0.039      -125758    0 
378600:    1.00    1.675    0.032      -125765    0 
378700:    1.00    1.316    0.034      -125782    0 
378800:    1.00    1.282    0.031      -125762    0 
378900:    1.00    1.161    0.025      -125760    0 

  Rep#:   Lambda   Alpha      F1       Ln Like  Est Ln P(D)
379000:    1.00    1.186    0.027      -125766    0 
379100:    1.00    1.616    0.028      -125767    0 
379200:    1.00    1.563    0.028      -125752    0 
379300:    1.00    1.403    0.030      -125754    0 
379400:    1.00    1.917    0.033      -125745    0 
379500:    1.00    2.007    0.036      -125786    0 
379600:    1.00    1.915    0.039      -125760    0 
379700:    1.00    2.110    0.033      -125756    0 
379800:    1.00    1.819    0.034      -125756    0 
379900:    1.00    1.588    0.032      -125764    0 

  Rep#:   Lambda   Alpha      F1       Ln Like  Est Ln P(D)
380000:    1.00    1.695    0.037      -125769    0 
380100:    1.00    1.532    0.035      -125780    0 
380200:    1.00    1.418    0.029      -125770    0 
380300:    1.00    1.406    0.028      -125770    0 
380400:    1.00    1.361    0.028      -125755    0 
380500:    1.00    1.538    0.041      -125763    0 
380600:    1.00    1.175    0.044      -125770    0 
380700:    1.00    0.841    0.035      -125761    0 
380800:    1.00    1.275    0.034      -125762    0 
380900:    1.00    1.361    0.028      -125777    0 

  Rep#:   Lambda   Alpha      F1       Ln Like  Est Ln P(D)
381000:    1.00    1.786    0.029      -125766    0 
381100:    1.00    1.449    0.027      -125747    0 
381200:    1.00    1.662    0.030      -125757    0 
381300:    1.00    1.535    0.029      -125751    0 
381400:    1.00    1.289    0.032      -125754    0 
381500:    1.00    1.178    0.031      -125761    0 
381600:    1.00    1.357    0.023      -125774    0 
381700:    1.00    1.468    0.023      -125756    0 
381800:    1.00    1.295    0.029      -125772    0 
381900:    1.00    1.202    0.030      -125749    0 

  Rep#:   Lambda   Alpha      F1       Ln Like  Est Ln P(D)
382000:    1.00    1.293    0.035      -125734    0 
382100:    1.00    1.334    0.040      -125763    0 
382200:    1.00    1.621    0.034      -125755    0 
382300:    1.00    1.616    0.035      -125787    0 
382400:    1.00    1.777    0.028      -125758    0 
382500:    1.00    1.813    0.035      -125752    0 
382600:    1.00    1.775    0.034      -125757    0 
382700:    1.00    1.883    0.033      -125761    0 
382800:    1.00    1.846    0.035      -125771    0 
382900:    1.00    1.527    0.028      -125766    0 

  Rep#:   Lambda   Alpha      F1       Ln Like  Est Ln P(D)
383000:    1.00    1.420    0.032      -125763    0 
383100:    1.00    1.281    0.025      -125757    0 
383200:    1.00    1.134    0.031      -125748    0 
383300:    1.00    0.850    0.027      -125781    0 
383400:    1.00    0.730    0.032      -125775    0 
383500:    1.00    0.410    0.027      -125767    0 
383600:    1.00    0.469    0.029      -125759    0 
383700:    1.00    0.605    0.028      -125753    0 
383800:    1.00    0.856    0.023      -125755    0 
383900:    1.00    1.029    0.035      -125752    0 

  Rep#:   Lambda   Alpha      F1       Ln Like  Est Ln P(D)
384000:    1.00    1.111    0.041      -125776    0 
384100:    1.00    1.189    0.037      -125769    0 
384200:    1.00    1.118    0.030      -125771    0 
384300:    1.00    1.300    0.026      -125747    0 
384400:    1.00    1.229    0.027      -125749    0 
384500:    1.00    1.886    0.031      -125753    0 
384600:    1.00    1.521    0.032      -125794    0 
384700:    1.00    1.925    0.034      -125751    0 
384800:    1.00    1.883    0.033      -125780    0 
384900:    1.00    1.622    0.036      -125749    0 

  Rep#:   Lambda   Alpha      F1       Ln Like  Est Ln P(D)
385000:    1.00    1.344    0.034      -125769    0 
385100:    1.00    0.988    0.031      -125759    0 
385200:    1.00    0.875    0.030      -125760    0 
385300:    1.00    0.780    0.035      -125740    0 
385400:    1.00    0.872    0.036      -125766    0 
385500:    1.00    1.064    0.034      -125753    0 
385600:    1.00    0.726    0.032      -125751    0 
385700:    1.00    0.553    0.037      -125772    0 
385800:    1.00    0.380    0.043      -125757    0 
385900:    1.00    0.307    0.039      -125762    0 

  Rep#:   Lambda   Alpha      F1       Ln Like  Est Ln P(D)
386000:    1.00    0.048    0.039      -125767    0 
386100:    1.00    0.288    0.044      -125773    0 
386200:    1.00    0.237    0.043      -125781    0 
386300:    1.00    0.024    0.040      -125770    0 
386400:    1.00    0.082    0.031      -125759    0 
386500:    1.00    0.320    0.035      -125763    0 
386600:    1.00    0.510    0.032      -125787    0 
386700:    1.00    0.618    0.038      -125770    0 
386800:    1.00    0.394    0.028      -125771    0 
386900:    1.00    0.273    0.043      -125767    0 

  Rep#:   Lambda   Alpha      F1       Ln Like  Est Ln P(D)
387000:    1.00    0.097    0.036      -125763    0 
387100:    1.00    0.066    0.033      -125767    0 
387200:    1.00    0.545    0.036      -125795    0 
387300:    1.00    0.502    0.037      -125759    0 
387400:    1.00    0.706    0.036      -125756    0 
387500:    1.00    0.893    0.025      -125777    0 
387600:    1.00    0.304    0.024      -125772    0 
387700:    1.00    0.332    0.022      -125761    0 
387800:    1.00    0.260    0.025      -125761    0 
387900:    1.00    0.112    0.024      -125763    0 

  Rep#:   Lambda   Alpha      F1       Ln Like  Est Ln P(D)
388000:    1.00    0.444    0.024      -125775    0 
388100:    1.00    0.748    0.027      -125762    0 
388200:    1.00    0.777    0.026      -125757    0 
388300:    1.00    1.154    0.030      -125785    0 
388400:    1.00    0.829    0.032      -125766    0 
388500:    1.00    0.854    0.035      -125746    0 
388600:    1.00    1.349    0.034      -125779    0 
388700:    1.00    1.372    0.032      -125759    0 
388800:    1.00    1.296    0.035      -125782    0 
388900:    1.00    1.365    0.024      -125746    0 

  Rep#:   Lambda   Alpha      F1       Ln Like  Est Ln P(D)
389000:    1.00    1.456    0.033      -125758    0 
389100:    1.00    1.360    0.030      -125773    0 
389200:    1.00    1.683    0.023      -125762    0 
389300:    1.00    1.223    0.022      -125755    0 
389400:    1.00    1.384    0.028      -125776    0 
389500:    1.00    1.518    0.024      -125768    0 
389600:    1.00    1.468    0.032      -125758    0 
389700:    1.00    1.447    0.034      -125756    0 
389800:    1.00    1.113    0.027      -125780    0 
389900:    1.00    1.191    0.050      -125758    0 

  Rep#:   Lambda   Alpha      F1       Ln Like  Est Ln P(D)
390000:    1.00    1.314    0.033      -125766    0 
390100:    1.00    1.411    0.030      -125767    0 
390200:    1.00    1.444    0.033      -125765    0 
390300:    1.00    1.245    0.027      -125754    0 
390400:    1.00    1.328    0.030      -125759    0 
390500:    1.00    1.731    0.022      -125771    0 
390600:    1.00    2.086    0.025      -125770    0 
390700:    1.00    2.450    0.028      -125754    0 
390800:    1.00    2.376    0.034      -125778    0 
390900:    1.00    2.513    0.028      -125768    0 

  Rep#:   Lambda   Alpha      F1       Ln Like  Est Ln P(D)
391000:    1.00    2.585    0.026      -125762    0 
391100:    1.00    2.232    0.031      -125772    0 
391200:    1.00    1.890    0.032      -125765    0 
391300:    1.00    1.852    0.034      -125759    0 
391400:    1.00    1.970    0.034      -125749    0 
391500:    1.00    1.750    0.028      -125762    0 
391600:    1.00    1.752    0.035      -125773    0 
391700:    1.00    1.697    0.033      -125776    0 
391800:    1.00    1.448    0.034      -125756    0 
391900:    1.00    1.452    0.041      -125748    0 

  Rep#:   Lambda   Alpha      F1       Ln Like  Est Ln P(D)
392000:    1.00    1.278    0.037      -125763    0 
392100:    1.00    1.161    0.030      -125756    0 
392200:    1.00    1.284    0.041      -125752    0 
392300:    1.00    1.440    0.035      -125764    0 
392400:    1.00    1.757    0.037      -125761    0 
392500:    1.00    2.161    0.042      -125774    0 
392600:    1.00    2.069    0.040      -125768    0 
392700:    1.00    1.955    0.045      -125777    0 
392800:    1.00    1.676    0.035      -125763    0 
392900:    1.00    1.651    0.030      -125767    0 

  Rep#:   Lambda   Alpha      F1       Ln Like  Est Ln P(D)
393000:    1.00    1.658    0.036      -125746    0 
393100:    1.00    1.292    0.038      -125759    0 
393200:    1.00    1.167    0.041      -125771    0 
393300:    1.00    0.950    0.036      -125756    0 
393400:    1.00    0.941    0.037      -125763    0 
393500:    1.00    0.645    0.032      -125768    0 
393600:    1.00    0.796    0.034      -125770    0 
393700:    1.00    1.141    0.034      -125762    0 
393800:    1.00    1.656    0.032      -125762    0 
393900:    1.00    1.856    0.041      -125773    0 

  Rep#:   Lambda   Alpha      F1       Ln Like  Est Ln P(D)
394000:    1.00    1.582    0.036      -125760    0 
394100:    1.00    2.019    0.034      -125750    0 
394200:    1.00    1.762    0.028      -125770    0 
394300:    1.00    1.632    0.024      -125769    0 
394400:    1.00    1.253    0.040      -125778    0 
394500:    1.00    1.329    0.034      -125764    0 
394600:    1.00    1.831    0.027      -125768    0 
394700:    1.00    2.256    0.030      -125767    0 
394800:    1.00    1.952    0.036      -125761    0 
394900:    1.00    1.485    0.022      -125778    0 

  Rep#:   Lambda   Alpha      F1       Ln Like  Est Ln P(D)
395000:    1.00    1.320    0.033      -125784    0 
395100:    1.00    1.145    0.032      -125752    0 
395200:    1.00    1.479    0.031      -125773    0 
395300:    1.00    1.658    0.027      -125745    0 
395400:    1.00    1.428    0.024      -125761    0 
395500:    1.00    1.650    0.029      -125784    0 
395600:    1.00    1.578    0.032      -125763    0 
395700:    1.00    1.114    0.028      -125762    0 
395800:    1.00    1.112    0.030      -125767    0 
395900:    1.00    1.015    0.033      -125759    0 

  Rep#:   Lambda   Alpha      F1       Ln Like  Est Ln P(D)
396000:    1.00    0.770    0.032      -125770    0 
396100:    1.00    0.736    0.035      -125767    0 
396200:    1.00    0.419    0.029      -125765    0 
396300:    1.00    0.480    0.033      -125761    0 
396400:    1.00    0.332    0.035      -125779    0 
396500:    1.00    0.339    0.037      -125765    0 
396600:    1.00    0.106    0.029      -125765    0 
396700:    1.00    0.277    0.036      -125767    0 
396800:    1.00    0.222    0.027      -125758    0 
396900:    1.00    0.218    0.026      -125745    0 

  Rep#:   Lambda   Alpha      F1       Ln Like  Est Ln P(D)
397000:    1.00    0.626    0.033      -125771    0 
397100:    1.00    0.665    0.032      -125749    0 
397200:    1.00    0.964    0.027      -125748    0 
397300:    1.00    0.819    0.029      -125762    0 
397400:    1.00    0.624    0.029      -125763    0 
397500:    1.00    0.616    0.031      -125766    0 
397600:    1.00    0.348    0.040      -125772    0 
397700:    1.00    0.343    0.038      -125755    0 
397800:    1.00    0.309    0.031      -125763    0 
397900:    1.00    0.578    0.041      -125758    0 

  Rep#:   Lambda   Alpha      F1       Ln Like  Est Ln P(D)
398000:    1.00    0.688    0.038      -125745    0 
398100:    1.00    0.435    0.032      -125760    0 
398200:    1.00    0.464    0.030      -125771    0 
398300:    1.00    1.105    0.022      -125754    0 
398400:    1.00    1.169    0.026      -125775    0 
398500:    1.00    1.074    0.023      -125765    0 
398600:    1.00    1.650    0.028      -125768    0 
398700:    1.00    1.573    0.028      -125769    0 
398800:    1.00    1.265    0.025      -125773    0 
398900:    1.00    0.896    0.031      -125747    0 

  Rep#:   Lambda   Alpha      F1       Ln Like  Est Ln P(D)
399000:    1.00    1.017    0.024      -125742    0 
399100:    1.00    1.174    0.024      -125748    0 
399200:    1.00    1.304    0.027      -125768    0 
399300:    1.00    1.121    0.032      -125752    0 
399400:    1.00    0.976    0.025      -125761    0 
399500:    1.00    1.179    0.029      -125752    0 
399600:    1.00    1.303    0.034      -125761    0 
399700:    1.00    1.017    0.031      -125760    0 
399800:    1.00    1.273    0.026      -125757    0 
399900:    1.00    1.354    0.030      -125784    0 

  Rep#:   Lambda   Alpha      F1       Ln Like  Est Ln P(D)
400000:    1.00    1.435    0.024      -125772    0 
400100:    1.00    1.818    0.032      -125757    0 
400200:    1.00    1.696    0.035      -125752    0 
400300:    1.00    1.720    0.035      -125760    0 
400400:    1.00    1.400    0.037      -125762    0 
400500:    1.00    1.275    0.034      -125762    0 
400600:    1.00    1.656    0.028      -125755    0 
400700:    1.00    1.312    0.031      -125748    0 
400800:    1.00    1.379    0.027      -125761    0 
400900:    1.00    1.343    0.032      -125762    0 

  Rep#:   Lambda   Alpha      F1       Ln Like  Est Ln P(D)
401000:    1.00    1.549    0.030      -125766    0 
401100:    1.00    1.541    0.021      -125768    0 
401200:    1.00    1.911    0.035      -125756    0 
401300:    1.00    1.895    0.032      -125766    0 
401400:    1.00    1.924    0.031      -125750    0 
401500:    1.00    1.871    0.027      -125761    0 
401600:    1.00    2.224    0.037      -125771    0 
401700:    1.00    2.810    0.037      -125776    0 
401800:    1.00    3.119    0.033      -125751    0 
401900:    1.00    2.952    0.030      -125767    0 

  Rep#:   Lambda   Alpha      F1       Ln Like  Est Ln P(D)
402000:    1.00    2.841    0.029      -125759    0 
402100:    1.00    2.572    0.043      -125780    0 
402200:    1.00    2.307    0.045      -125756    0 
402300:    1.00    2.001    0.034      -125774    0 
402400:    1.00    1.800    0.031      -125757    0 
402500:    1.00    1.890    0.034      -125768    0 
402600:    1.00    2.116    0.035      -125773    0 
402700:    1.00    2.058    0.031      -125763    0 
402800:    1.00    2.463    0.029      -125755    0 
402900:    1.00    2.063    0.032      -125755    0 

  Rep#:   Lambda   Alpha      F1       Ln Like  Est Ln P(D)
403000:    1.00    2.247    0.025      -125765    0 
403100:    1.00    2.395    0.030      -125742    0 
403200:    1.00    2.237    0.029      -125761    0 
403300:    1.00    2.516    0.023      -125761    0 
403400:    1.00    2.589    0.036      -125766    0 
403500:    1.00    2.475    0.027      -125758    0 
403600:    1.00    2.369    0.036      -125783    0 
403700:    1.00    2.390    0.022      -125741    0 
403800:    1.00    2.668    0.025      -125757    0 
403900:    1.00    2.751    0.028      -125773    0 

  Rep#:   Lambda   Alpha      F1       Ln Like  Est Ln P(D)
404000:    1.00    2.959    0.023      -125768    0 
404100:    1.00    3.046    0.035      -125763    0 
404200:    1.00    2.894    0.028      -125771    0 
404300:    1.00    2.916    0.032      -125777    0 
404400:    1.00    2.940    0.029      -125768    0 
404500:    1.00    2.921    0.040      -125757    0 
404600:    1.00    2.884    0.031      -125761    0 
404700:    1.00    2.975    0.031      -125753    0 
404800:    1.00    2.819    0.034      -125763    0 
404900:    1.00    2.640    0.036      -125764    0 

  Rep#:   Lambda   Alpha      F1       Ln Like  Est Ln P(D)
405000:    1.00    2.761    0.027      -125776    0 
405100:    1.00    2.543    0.029      -125772    0 
405200:    1.00    2.473    0.032      -125766    0 
405300:    1.00    2.291    0.026      -125756    0 
405400:    1.00    2.518    0.028      -125751    0 
405500:    1.00    2.424    0.030      -125775    0 
405600:    1.00    2.238    0.029      -125760    0 
405700:    1.00    2.403    0.028      -125770    0 
405800:    1.00    2.053    0.028      -125780    0 
405900:    1.00    1.770    0.025      -125769    0 

  Rep#:   Lambda   Alpha      F1       Ln Like  Est Ln P(D)
406000:    1.00    2.211    0.020      -125744    0 
406100:    1.00    2.042    0.017      -125768    0 
406200:    1.00    2.206    0.017      -125774    0 
406300:    1.00    2.207    0.017      -125752    0 
406400:    1.00    1.866    0.019      -125760    0 
406500:    1.00    2.270    0.022      -125758    0 
406600:    1.00    2.523    0.024      -125759    0 
406700:    1.00    2.373    0.028      -125771    0 
406800:    1.00    2.578    0.028      -125760    0 
406900:    1.00    2.419    0.027      -125746    0 

  Rep#:   Lambda   Alpha      F1       Ln Like  Est Ln P(D)
407000:    1.00    2.058    0.024      -125763    0 
407100:    1.00    2.013    0.034      -125759    0 
407200:    1.00    1.830    0.034      -125771    0 
407300:    1.00    2.157    0.030      -125754    0 
407400:    1.00    2.302    0.028      -125761    0 
407500:    1.00    2.313    0.034      -125765    0 
407600:    1.00    2.853    0.024      -125778    0 
407700:    1.00    2.663    0.022      -125771    0 
407800:    1.00    2.845    0.020      -125771    0 
407900:    1.00    3.056    0.018      -125786    0 

  Rep#:   Lambda   Alpha      F1       Ln Like  Est Ln P(D)
408000:    1.00    3.283    0.030      -125761    0 
408100:    1.00    3.119    0.029      -125772    0 
408200:    1.00    3.249    0.023      -125748    0 
408300:    1.00    3.333    0.026      -125747    0 
408400:    1.00    3.152    0.024      -125756    0 
408500:    1.00    3.314    0.024      -125753    0 
408600:    1.00    3.646    0.027      -125756    0 
408700:    1.00    3.709    0.022      -125781    0 
408800:    1.00    4.012    0.020      -125742    0 
408900:    1.00    4.092    0.019      -125767    0 

  Rep#:   Lambda   Alpha      F1       Ln Like  Est Ln P(D)
409000:    1.00    4.040    0.023      -125760    0 
409100:    1.00    3.936    0.030      -125737    0 
409200:    1.00    3.596    0.022      -125764    0 
409300:    1.00    3.922    0.018      -125764    0 
409400:    1.00    3.908    0.034      -125750    0 
409500:    1.00    4.099    0.027      -125766    0 
409600:    1.00    3.889    0.027      -125753    0 
409700:    1.00    4.157    0.024      -125768    0 
409800:    1.00    3.953    0.035      -125760    0 
409900:    1.00    3.831    0.026      -125776    0 

  Rep#:   Lambda   Alpha      F1       Ln Like  Est Ln P(D)
410000:    1.00    3.686    0.033      -125752    0 
410100:    1.00    3.719    0.028      -125749    0 
410200:    1.00    3.869    0.027      -125766    0 
410300:    1.00    3.990    0.025      -125755    0 
410400:    1.00    4.016    0.025      -125773    0 
410500:    1.00    3.919    0.026      -125777    0 
410600:    1.00    3.764    0.026      -125752    0 
410700:    1.00    3.737    0.036      -125755    0 
410800:    1.00    3.803    0.036      -125758    0 
410900:    1.00    3.617    0.032      -125773    0 

  Rep#:   Lambda   Alpha      F1       Ln Like  Est Ln P(D)
411000:    1.00    3.573    0.020      -125753    0 
411100:    1.00    3.765    0.024      -125733    0 
411200:    1.00    3.861    0.027      -125751    0 
411300:    1.00    3.584    0.040      -125756    0 
411400:    1.00    3.661    0.029      -125752    0 
411500:    1.00    3.293    0.032      -125772    0 
411600:    1.00    3.275    0.028      -125782    0 
411700:    1.00    3.026    0.025      -125779    0 
411800:    1.00    2.745    0.026      -125773    0 
411900:    1.00    2.847    0.033      -125769    0 

  Rep#:   Lambda   Alpha      F1       Ln Like  Est Ln P(D)
412000:    1.00    2.982    0.028      -125764    0 
412100:    1.00    2.681    0.021      -125763    0 
412200:    1.00    2.849    0.032      -125749    0 
412300:    1.00    2.544    0.031      -125775    0 
412400:    1.00    2.504    0.033      -125767    0 
412500:    1.00    2.275    0.033      -125772    0 
412600:    1.00    2.142    0.030      -125754    0 
412700:    1.00    2.308    0.030      -125753    0 
412800:    1.00    2.584    0.031      -125761    0 
412900:    1.00    2.354    0.041      -125764    0 

  Rep#:   Lambda   Alpha      F1       Ln Like  Est Ln P(D)
413000:    1.00    2.589    0.034      -125764    0 
413100:    1.00    2.280    0.037      -125771    0 
413200:    1.00    2.571    0.027      -125774    0 
413300:    1.00    2.749    0.033      -125756    0 
413400:    1.00    2.854    0.033      -125747    0 
413500:    1.00    2.930    0.028      -125762    0 
413600:    1.00    2.777    0.030      -125751    0 
413700:    1.00    2.509    0.031      -125767    0 
413800:    1.00    2.496    0.040      -125750    0 
413900:    1.00    2.515    0.027      -125775    0 

  Rep#:   Lambda   Alpha      F1       Ln Like  Est Ln P(D)
414000:    1.00    2.029    0.035      -125760    0 
414100:    1.00    1.904    0.028      -125752    0 
414200:    1.00    2.135    0.033      -125743    0 
414300:    1.00    2.078    0.034      -125759    0 
414400:    1.00    1.821    0.030      -125747    0 
414500:    1.00    1.765    0.034      -125754    0 
414600:    1.00    1.641    0.038      -125781    0 
414700:    1.00    1.586    0.033      -125771    0 
414800:    1.00    1.682    0.032      -125755    0 
414900:    1.00    2.213    0.025      -125749    0 

  Rep#:   Lambda   Alpha      F1       Ln Like  Est Ln P(D)
415000:    1.00    1.902    0.022      -125770    0 
415100:    1.00    1.968    0.024      -125767    0 
415200:    1.00    1.787    0.029      -125756    0 
415300:    1.00    1.698    0.030      -125759    0 
415400:    1.00    1.337    0.031      -125783    0 
415500:    1.00    1.222    0.034      -125767    0 
415600:    1.00    1.538    0.036      -125756    0 
415700:    1.00    1.543    0.030      -125769    0 
415800:    1.00    1.571    0.038      -125773    0 
415900:    1.00    1.505    0.038      -125761    0 

  Rep#:   Lambda   Alpha      F1       Ln Like  Est Ln P(D)
416000:    1.00    1.683    0.033      -125770    0 
416100:    1.00    1.535    0.027      -125758    0 
416200:    1.00    1.752    0.036      -125774    0 
416300:    1.00    1.566    0.028      -125761    0 
416400:    1.00    1.798    0.026      -125776    0 
416500:    1.00    1.659    0.026      -125752    0 
416600:    1.00    1.644    0.022      -125751    0 
416700:    1.00    1.411    0.021      -125775    0 
416800:    1.00    1.202    0.020      -125759    0 
416900:    1.00    1.035    0.017      -125767    0 

  Rep#:   Lambda   Alpha      F1       Ln Like  Est Ln P(D)
417000:    1.00    0.901    0.029      -125753    0 
417100:    1.00    0.121    0.032      -125766    0 
417200:    1.00    0.085    0.025      -125748    0 
417300:    1.00    0.058    0.024      -125773    0 
417400:    1.00    0.327    0.021      -125767    0 
417500:    1.00    0.203    0.029      -125752    0 
417600:    1.00    0.055    0.027      -125778    0 
417700:    1.00    0.009    0.025      -125759    0 
417800:    1.00    0.050    0.022      -125748    0 
417900:    1.00    0.194    0.020      -125764    0 

  Rep#:   Lambda   Alpha      F1       Ln Like  Est Ln P(D)
418000:    1.00    0.149    0.026      -125732    0 
418100:    1.00    0.029    0.022      -125768    0 
418200:    1.00    0.426    0.029      -125781    0 
418300:    1.00    0.334    0.029      -125755    0 
418400:    1.00    0.380    0.030      -125748    0 
418500:    1.00    0.273    0.030      -125757    0 
418600:    1.00    0.249    0.035      -125758    0 
418700:    1.00    0.345    0.032      -125756    0 
418800:    1.00    0.040    0.033      -125752    0 
418900:    1.00    0.074    0.035      -125767    0 

  Rep#:   Lambda   Alpha      F1       Ln Like  Est Ln P(D)
419000:    1.00    0.254    0.030      -125777    0 
419100:    1.00    0.214    0.029      -125800    0 
419200:    1.00    0.093    0.028      -125760    0 
419300:    1.00    0.011    0.024      -125769    0 
419400:    1.00    0.261    0.030      -125768    0 
419500:    1.00    0.019    0.029      -125772    0 
419600:    1.00    0.147    0.039      -125776    0 
419700:    1.00    0.057    0.035      -125749    0 
419800:    1.00    0.080    0.031      -125779    0 
419900:    1.00    0.281    0.043      -125753    0 

  Rep#:   Lambda   Alpha      F1       Ln Like  Est Ln P(D)
420000:    1.00    0.011    0.028      -125769    0 
420100:    1.00    0.070    0.033      -125746    0 
420200:    1.00    0.122    0.034      -125750    0 
420300:    1.00    0.222    0.047      -125769    0 
420400:    1.00    0.006    0.033      -125767    0 
420500:    1.00    0.063    0.026      -125747    0 
420600:    1.00    0.179    0.026      -125774    0 
420700:    1.00    0.217    0.031      -125760    0 
420800:    1.00    0.344    0.027      -125773    0 
420900:    1.00    0.299    0.024      -125761    0 

  Rep#:   Lambda   Alpha      F1       Ln Like  Est Ln P(D)
421000:    1.00    0.412    0.028      -125760    0 
421100:    1.00    0.588    0.032      -125767    0 
421200:    1.00    1.054    0.039      -125757    0 
421300:    1.00    0.974    0.032      -125769    0 
421400:    1.00    1.423    0.031      -125755    0 
421500:    1.00    1.288    0.028      -125775    0 
421600:    1.00    1.457    0.025      -125775    0 
421700:    1.00    1.501    0.023      -125765    0 
421800:    1.00    1.439    0.023      -125759    0 
421900:    1.00    1.700    0.023      -125739    0 

  Rep#:   Lambda   Alpha      F1       Ln Like  Est Ln P(D)
422000:    1.00    1.604    0.024      -125787    0 
422100:    1.00    1.535    0.021      -125755    0 
422200:    1.00    1.566    0.020      -125776    0 
422300:    1.00    1.541    0.019      -125758    0 
422400:    1.00    1.662    0.020      -125763    0 
422500:    1.00    1.342    0.020      -125762    0 
422600:    1.00    1.800    0.019      -125786    0 
422700:    1.00    2.076    0.015      -125764    0 
422800:    1.00    2.121    0.015      -125753    0 
422900:    1.00    2.113    0.017      -125763    0 

  Rep#:   Lambda   Alpha      F1       Ln Like  Est Ln P(D)
423000:    1.00    2.218    0.019      -125765    0 
423100:    1.00    2.513    0.021      -125775    0 
423200:    1.00    2.724    0.020      -125785    0 
423300:    1.00    2.890    0.022      -125783    0 
423400:    1.00    2.840    0.020      -125753    0 
423500:    1.00    3.152    0.027      -125761    0 
423600:    1.00    3.383    0.027      -125769    0 
423700:    1.00    3.034    0.029      -125758    0 
423800:    1.00    3.279    0.030      -125759    0 
423900:    1.00    2.892    0.041      -125771    0 

  Rep#:   Lambda   Alpha      F1       Ln Like  Est Ln P(D)
424000:    1.00    2.364    0.041      -125765    0 
424100:    1.00    2.672    0.024      -125767    0 
424200:    1.00    2.881    0.034      -125746    0 
424300:    1.00    3.117    0.030      -125754    0 
424400:    1.00    2.965    0.026      -125785    0 
424500:    1.00    2.960    0.023      -125747    0 
424600:    1.00    3.082    0.031      -125760    0 
424700:    1.00    3.244    0.027      -125761    0 
424800:    1.00    3.621    0.026      -125757    0 
424900:    1.00    4.144    0.020      -125744    0 

  Rep#:   Lambda   Alpha      F1       Ln Like  Est Ln P(D)
425000:    1.00    4.460    0.020      -125746    0 
425100:    1.00    4.515    0.025      -125761    0 
425200:    1.00    4.573    0.026      -125746    0 
425300:    1.00    4.675    0.024      -125757    0 
425400:    1.00    4.574    0.028      -125761    0 
425500:    1.00    4.586    0.021      -125772    0 
425600:    1.00    4.367    0.029      -125752    0 
425700:    1.00    4.649    0.032      -125761    0 
425800:    1.00    4.470    0.034      -125769    0 
425900:    1.00    4.452    0.035      -125779    0 

  Rep#:   Lambda   Alpha      F1       Ln Like  Est Ln P(D)
426000:    1.00    4.171    0.030      -125751    0 
426100:    1.00    4.332    0.030      -125762    0 
426200:    1.00    4.781    0.035      -125762    0 
426300:    1.00    4.281    0.031      -125753    0 
426400:    1.00    3.680    0.033      -125758    0 
426500:    1.00    3.758    0.026      -125772    0 
426600:    1.00    4.166    0.024      -125752    0 
426700:    1.00    4.289    0.029      -125778    0 
426800:    1.00    4.324    0.030      -125771    0 
426900:    1.00    4.333    0.033      -125760    0 

  Rep#:   Lambda   Alpha      F1       Ln Like  Est Ln P(D)
427000:    1.00    4.354    0.034      -125785    0 
427100:    1.00    4.384    0.041      -125754    0 
427200:    1.00    4.156    0.029      -125733    0 
427300:    1.00    4.017    0.028      -125770    0 
427400:    1.00    4.055    0.030      -125755    0 
427500:    1.00    4.195    0.029      -125757    0 
427600:    1.00    4.048    0.030      -125759    0 
427700:    1.00    4.105    0.032      -125784    0 
427800:    1.00    4.154    0.033      -125760    0 
427900:    1.00    4.376    0.030      -125765    0 

  Rep#:   Lambda   Alpha      F1       Ln Like  Est Ln P(D)
428000:    1.00    3.879    0.025      -125754    0 
428100:    1.00    3.440    0.023      -125762    0 
428200:    1.00    3.478    0.021      -125749    0 
428300:    1.00    3.733    0.026      -125760    0 
428400:    1.00    4.030    0.026      -125762    0 
428500:    1.00    4.253    0.027      -125804    0 
428600:    1.00    4.402    0.026      -125764    0 
428700:    1.00    4.873    0.027      -125767    0 
428800:    1.00    5.441    0.028      -125772    0 
428900:    1.00    5.253    0.027      -125769    0 

  Rep#:   Lambda   Alpha      F1       Ln Like  Est Ln P(D)
429000:    1.00    5.443    0.040      -125756    0 
429100:    1.00    5.497    0.034      -125754    0 
429200:    1.00    5.661    0.022      -125768    0 
429300:    1.00    5.509    0.028      -125737    0 
429400:    1.00    5.628    0.027      -125758    0 
429500:    1.00    5.403    0.031      -125754    0 
429600:    1.00    4.956    0.022      -125739    0 
429700:    1.00    5.496    0.022      -125770    0 
429800:    1.00    5.379    0.023      -125781    0 
429900:    1.00    5.570    0.025      -125758    0 

  Rep#:   Lambda   Alpha      F1       Ln Like  Est Ln P(D)
430000:    1.00    5.823    0.026      -125787    0 
430100:    1.00    5.506    0.022      -125778    0 
430200:    1.00    5.848    0.028      -125769    0 
430300:    1.00    5.973    0.022      -125763    0 
430400:    1.00    5.747    0.022      -125749    0 
430500:    1.00    5.690    0.021      -125771    0 
430600:    1.00    5.851    0.018      -125781    0 
430700:    1.00    6.327    0.028      -125761    0 
430800:    1.00    6.211    0.021      -125752    0 
430900:    1.00    6.271    0.020      -125753    0 

  Rep#:   Lambda   Alpha      F1       Ln Like  Est Ln P(D)
431000:    1.00    6.713    0.017      -125755    0 
431100:    1.00    6.630    0.027      -125769    0 
431200:    1.00    6.748    0.023      -125743    0 
431300:    1.00    6.886    0.021      -125761    0 
431400:    1.00    6.685    0.027      -125768    0 
431500:    1.00    6.575    0.032      -125775    0 
431600:    1.00    6.745    0.027      -125761    0 
431700:    1.00    6.493    0.036      -125768    0 
431800:    1.00    6.613    0.037      -125746    0 
431900:    1.00    6.409    0.035      -125757    0 

  Rep#:   Lambda   Alpha      F1       Ln Like  Est Ln P(D)
432000:    1.00    6.289    0.038      -125770    0 
432100:    1.00    6.275    0.036      -125760    0 
432200:    1.00    6.853    0.034      -125757    0 
432300:    1.00    7.278    0.029      -125741    0 
432400:    1.00    7.554    0.025      -125758    0 
432500:    1.00    7.234    0.032      -125769    0 
432600:    1.00    7.371    0.030      -125756    0 
432700:    1.00    7.492    0.028      -125753    0 
432800:    1.00    7.690    0.037      -125774    0 
432900:    1.00    7.890    0.032      -125758    0 

  Rep#:   Lambda   Alpha      F1       Ln Like  Est Ln P(D)
433000:    1.00    7.602    0.031      -125737    0 
433100:    1.00    7.431    0.036      -125778    0 
433200:    1.00    7.095    0.025      -125758    0 
433300:    1.00    7.424    0.024      -125759    0 
433400:    1.00    7.709    0.030      -125775    0 
433500:    1.00    7.205    0.032      -125778    0 
433600:    1.00    7.135    0.038      -125765    0 
433700:    1.00    6.899    0.039      -125752    0 
433800:    1.00    6.889    0.032      -125757    0 
433900:    1.00    6.597    0.031      -125768    0 

  Rep#:   Lambda   Alpha      F1       Ln Like  Est Ln P(D)
434000:    1.00    7.040    0.028      -125767    0 
434100:    1.00    7.097    0.036      -125752    0 
434200:    1.00    7.207    0.036      -125759    0 
434300:    1.00    7.161    0.030      -125767    0 
434400:    1.00    7.387    0.030      -125759    0 
434500:    1.00    7.495    0.039      -125761    0 
434600:    1.00    7.744    0.033      -125766    0 
434700:    1.00    7.605    0.025      -125747    0 
434800:    1.00    7.329    0.034      -125774    0 
434900:    1.00    7.693    0.033      -125767    0 

  Rep#:   Lambda   Alpha      F1       Ln Like  Est Ln P(D)
435000:    1.00    7.682    0.026      -125764    0 
435100:    1.00    7.410    0.027      -125770    0 
435200:    1.00    7.496    0.032      -125753    0 
435300:    1.00    7.715    0.039      -125761    0 
435400:    1.00    7.506    0.042      -125763    0 
435500:    1.00    7.943    0.032      -125769    0 
435600:    1.00    7.746    0.034      -125760    0 
435700:    1.00    7.828    0.031      -125764    0 
435800:    1.00    7.856    0.038      -125775    0 
435900:    1.00    7.924    0.031      -125759    0 

  Rep#:   Lambda   Alpha      F1       Ln Like  Est Ln P(D)
436000:    1.00    7.983    0.034      -125753    0 
436100:    1.00    8.452    0.028      -125760    0 
436200:    1.00    8.297    0.031      -125772    0 
436300:    1.00    8.324    0.024      -125766    0 
436400:    1.00    8.363    0.021      -125769    0 
436500:    1.00    8.273    0.021      -125774    0 
436600:    1.00    8.530    0.023      -125758    0 
436700:    1.00    8.527    0.025      -125758    0 
436800:    1.00    8.602    0.028      -125748    0 
436900:    1.00    8.621    0.026      -125750    0 

  Rep#:   Lambda   Alpha      F1       Ln Like  Est Ln P(D)
437000:    1.00    8.792    0.024      -125763    0 
437100:    1.00    8.837    0.028      -125750    0 
437200:    1.00    8.792    0.023      -125746    0 
437300:    1.00    8.666    0.028      -125753    0 
437400:    1.00    8.639    0.026      -125775    0 
437500:    1.00    8.956    0.026      -125763    0 
437600:    1.00    9.083    0.032      -125765    0 
437700:    1.00    8.682    0.030      -125779    0 
437800:    1.00    8.584    0.033      -125766    0 
437900:    1.00    8.641    0.020      -125771    0 

  Rep#:   Lambda   Alpha      F1       Ln Like  Est Ln P(D)
438000:    1.00    8.789    0.024      -125759    0 
438100:    1.00    8.985    0.030      -125763    0 
438200:    1.00    9.183    0.028      -125772    0 
438300:    1.00    9.093    0.028      -125749    0 
438400:    1.00    9.162    0.025      -125759    0 
438500:    1.00    9.041    0.023      -125764    0 
438600:    1.00    9.246    0.022      -125765    0 
438700:    1.00    8.622    0.025      -125750    0 
438800:    1.00    8.228    0.027      -125784    0 
438900:    1.00    8.028    0.025      -125769    0 

  Rep#:   Lambda   Alpha      F1       Ln Like  Est Ln P(D)
439000:    1.00    8.236    0.024      -125752    0 
439100:    1.00    8.180    0.028      -125763    0 
439200:    1.00    8.640    0.030      -125755    0 
439300:    1.00    8.591    0.028      -125762    0 
439400:    1.00    8.765    0.031      -125761    0 
439500:    1.00    8.693    0.030      -125749    0 
439600:    1.00    8.732    0.025      -125768    0 
439700:    1.00    8.977    0.033      -125766    0 
439800:    1.00    8.857    0.026      -125772    0 
439900:    1.00    8.759    0.031      -125761    0 

  Rep#:   Lambda   Alpha      F1       Ln Like  Est Ln P(D)
440000:    1.00    8.800    0.029      -125773    0 
440100:    1.00    8.908    0.026      -125767    0 
440200:    1.00    8.942    0.037      -125768    0 
440300:    1.00    8.727    0.031      -125767    0 
440400:    1.00    8.535    0.034      -125771    0 
440500:    1.00    8.518    0.039      -125772    0 
440600:    1.00    8.757    0.031      -125755    0 
440700:    1.00    8.527    0.037      -125751    0 
440800:    1.00    8.545    0.034      -125736    0 
440900:    1.00    8.226    0.032      -125769    0 

  Rep#:   Lambda   Alpha      F1       Ln Like  Est Ln P(D)
441000:    1.00    8.051    0.035      -125777    0 
441100:    1.00    8.165    0.029      -125749    0 
441200:    1.00    8.143    0.033      -125759    0 
441300:    1.00    8.104    0.028      -125772    0 
441400:    1.00    8.368    0.027      -125774    0 
441500:    1.00    7.927    0.021      -125756    0 
441600:    1.00    8.024    0.025      -125780    0 
441700:    1.00    8.370    0.034      -125776    0 
441800:    1.00    8.180    0.026      -125764    0 
441900:    1.00    8.610    0.027      -125743    0 

  Rep#:   Lambda   Alpha      F1       Ln Like  Est Ln P(D)
442000:    1.00    8.625    0.026      -125763    0 
442100:    1.00    8.806    0.031      -125758    0 
442200:    1.00    9.294    0.026      -125767    0 
442300:    1.00    9.754    0.025      -125747    0 
442400:    1.00    9.811    0.025      -125759    0 
442500:    1.00    9.672    0.032      -125761    0 
442600:    1.00    9.579    0.029      -125769    0 
442700:    1.00    9.895    0.029      -125752    0 
442800:    1.00    9.903    0.029      -125788    0 
442900:    1.00    9.519    0.026      -125755    0 

  Rep#:   Lambda   Alpha      F1       Ln Like  Est Ln P(D)
443000:    1.00    9.919    0.035      -125751    0 
443100:    1.00    9.777    0.027      -125775    0 
443200:    1.00    9.939    0.025      -125754    0 
443300:    1.00    9.929    0.022      -125748    0 
443400:    1.00    9.687    0.025      -125765    0 
443500:    1.00    9.867    0.037      -125765    0 
443600:    1.00    9.962    0.043      -125768    0 
443700:    1.00    9.831    0.034      -125759    0 
443800:    1.00    9.987    0.033      -125762    0 
443900:    1.00    9.895    0.032      -125778    0 

  Rep#:   Lambda   Alpha      F1       Ln Like  Est Ln P(D)
444000:    1.00    9.959    0.028      -125776    0 
444100:    1.00    9.713    0.024      -125778    0 
444200:    1.00    9.906    0.026      -125773    0 
444300:    1.00    9.841    0.044      -125753    0 
444400:    1.00    9.702    0.030      -125764    0 
444500:    1.00    9.349    0.027      -125768    0 
444600:    1.00    9.144    0.031      -125764    0 
444700:    1.00    9.271    0.034      -125767    0 
444800:    1.00    9.141    0.035      -125744    0 
444900:    1.00    8.950    0.032      -125761    0 

  Rep#:   Lambda   Alpha      F1       Ln Like  Est Ln P(D)
445000:    1.00    9.177    0.025      -125755    0 
445100:    1.00    9.204    0.036      -125762    0 
445200:    1.00    9.081    0.032      -125756    0 
445300:    1.00    9.184    0.029      -125768    0 
445400:    1.00    9.347    0.030      -125760    0 
445500:    1.00    9.302    0.032      -125782    0 
445600:    1.00    9.402    0.025      -125769    0 
445700:    1.00    9.080    0.030      -125770    0 
445800:    1.00    8.988    0.032      -125756    0 
445900:    1.00    9.002    0.030      -125751    0 

  Rep#:   Lambda   Alpha      F1       Ln Like  Est Ln P(D)
446000:    1.00    8.854    0.032      -125767    0 
446100:    1.00    9.007    0.029      -125749    0 
446200:    1.00    9.178    0.031      -125748    0 
446300:    1.00    9.117    0.026      -125754    0 
446400:    1.00    9.103    0.028      -125761    0 
446500:    1.00    9.133    0.036      -125764    0 
446600:    1.00    8.976    0.025      -125750    0 
446700:    1.00    9.272    0.019      -125770    0 
446800:    1.00    9.003    0.020      -125746    0 
446900:    1.00    8.960    0.017      -125766    0 

  Rep#:   Lambda   Alpha      F1       Ln Like  Est Ln P(D)
447000:    1.00    8.780    0.023      -125752    0 
447100:    1.00    8.636    0.018      -125758    0 
447200:    1.00    8.568    0.025      -125765    0 
447300:    1.00    8.688    0.027      -125746    0 
447400:    1.00    8.694    0.020      -125765    0 
447500:    1.00    8.732    0.026      -125775    0 
447600:    1.00    8.742    0.028      -125762    0 
447700:    1.00    8.607    0.029      -125772    0 
447800:    1.00    8.231    0.030      -125764    0 
447900:    1.00    8.316    0.024      -125772    0 

  Rep#:   Lambda   Alpha      F1       Ln Like  Est Ln P(D)
448000:    1.00    8.518    0.026      -125758    0 
448100:    1.00    8.308    0.028      -125773    0 
448200:    1.00    8.565    0.030      -125756    0 
448300:    1.00    8.523    0.032      -125762    0 
448400:    1.00    8.183    0.030      -125797    0 
448500:    1.00    7.966    0.034      -125764    0 
448600:    1.00    8.648    0.039      -125779    0 
448700:    1.00    8.695    0.029      -125760    0 
448800:    1.00    8.557    0.026      -125747    0 
448900:    1.00    8.609    0.036      -125760    0 

  Rep#:   Lambda   Alpha      F1       Ln Like  Est Ln P(D)
449000:    1.00    8.309    0.023      -125751    0 
449100:    1.00    8.610    0.041      -125779    0 
449200:    1.00    8.669    0.032      -125763    0 
449300:    1.00    8.134    0.034      -125750    0 
449400:    1.00    7.957    0.027      -125759    0 
449500:    1.00    7.730    0.029      -125778    0 
449600:    1.00    8.069    0.037      -125773    0 
449700:    1.00    8.418    0.035      -125751    0 
449800:    1.00    8.889    0.029      -125764    0 
449900:    1.00    8.654    0.034      -125740    0 

  Rep#:   Lambda   Alpha      F1       Ln Like  Est Ln P(D)
450000:    1.00    8.504    0.037      -125768    0 
450100:    1.00    8.940    0.027      -125767    0 
450200:    1.00    8.802    0.026      -125767    0 
450300:    1.00    9.471    0.032      -125758    0 
450400:    1.00    9.192    0.025      -125777    0 
450500:    1.00    8.731    0.026      -125744    0 
450600:    1.00    8.847    0.031      -125744    0 
450700:    1.00    8.329    0.035      -125767    0 
450800:    1.00    8.428    0.038      -125758    0 
450900:    1.00    8.604    0.029      -125751    0 

  Rep#:   Lambda   Alpha      F1       Ln Like  Est Ln P(D)
451000:    1.00    8.268    0.024      -125782    0 
451100:    1.00    8.435    0.023      -125753    0 
451200:    1.00    8.555    0.025      -125747    0 
451300:    1.00    8.155    0.020      -125756    0 
451400:    1.00    8.167    0.018      -125771    0 
451500:    1.00    8.017    0.028      -125782    0 
451600:    1.00    8.016    0.028      -125771    0 
451700:    1.00    7.907    0.026      -125757    0 
451800:    1.00    7.875    0.028      -125756    0 
451900:    1.00    7.758    0.033      -125767    0 

  Rep#:   Lambda   Alpha      F1       Ln Like  Est Ln P(D)
452000:    1.00    7.816    0.032      -125792    0 
452100:    1.00    7.420    0.038      -125760    0 
452200:    1.00    7.344    0.034      -125758    0 
452300:    1.00    7.501    0.031      -125753    0 
452400:    1.00    7.472    0.036      -125755    0 
452500:    1.00    7.409    0.047      -125777    0 
452600:    1.00    7.436    0.028      -125762    0 
452700:    1.00    7.362    0.040      -125766    0 
452800:    1.00    7.245    0.035      -125765    0 
452900:    1.00    7.075    0.036      -125771    0 

  Rep#:   Lambda   Alpha      F1       Ln Like  Est Ln P(D)
453000:    1.00    6.701    0.030      -125763    0 
453100:    1.00    6.788    0.035      -125765    0 
453200:    1.00    6.697    0.038      -125762    0 
453300:    1.00    6.932    0.033      -125748    0 
453400:    1.00    6.704    0.027      -125767    0 
453500:    1.00    6.313    0.027      -125786    0 
453600:    1.00    6.747    0.028      -125759    0 
453700:    1.00    6.361    0.023      -125747    0 
453800:    1.00    6.150    0.034      -125765    0 
453900:    1.00    5.846    0.036      -125762    0 

  Rep#:   Lambda   Alpha      F1       Ln Like  Est Ln P(D)
454000:    1.00    5.624    0.026      -125763    0 
454100:    1.00    5.548    0.038      -125773    0 
454200:    1.00    5.503    0.034      -125746    0 
454300:    1.00    5.498    0.038      -125754    0 
454400:    1.00    5.717    0.023      -125770    0 
454500:    1.00    5.687    0.023      -125765    0 
454600:    1.00    5.671    0.026      -125762    0 
454700:    1.00    5.482    0.025      -125759    0 
454800:    1.00    5.297    0.026      -125751    0 
454900:    1.00    4.563    0.021      -125760    0 

  Rep#:   Lambda   Alpha      F1       Ln Like  Est Ln P(D)
455000:    1.00    4.598    0.021      -125777    0 
455100:    1.00    4.780    0.028      -125756    0 
455200:    1.00    5.012    0.022      -125775    0 
455300:    1.00    4.881    0.031      -125763    0 
455400:    1.00    4.766    0.026      -125770    0 
455500:    1.00    4.586    0.030      -125739    0 
455600:    1.00    4.764    0.036      -125752    0 
455700:    1.00    4.847    0.037      -125766    0 
455800:    1.00    5.086    0.036      -125753    0 
455900:    1.00    4.958    0.025      -125762    0 

  Rep#:   Lambda   Alpha      F1       Ln Like  Est Ln P(D)
456000:    1.00    5.061    0.029      -125768    0 
456100:    1.00    4.812    0.030      -125765    0 
456200:    1.00    4.972    0.029      -125748    0 
456300:    1.00    5.236    0.029      -125769    0 
456400:    1.00    5.071    0.032      -125754    0 
456500:    1.00    4.773    0.038      -125764    0 
456600:    1.00    4.978    0.044      -125749    0 
456700:    1.00    5.438    0.045      -125776    0 
456800:    1.00    4.998    0.030      -125774    0 
456900:    1.00    4.717    0.032      -125758    0 

  Rep#:   Lambda   Alpha      F1       Ln Like  Est Ln P(D)
457000:    1.00    4.707    0.042      -125761    0 
457100:    1.00    5.034    0.036      -125744    0 
457200:    1.00    5.136    0.036      -125766    0 
457300:    1.00    5.117    0.032      -125767    0 
457400:    1.00    4.794    0.029      -125760    0 
457500:    1.00    4.882    0.025      -125767    0 
457600:    1.00    5.011    0.021      -125761    0 
457700:    1.00    5.333    0.035      -125771    0 
457800:    1.00    5.376    0.034      -125752    0 
457900:    1.00    5.477    0.025      -125769    0 

  Rep#:   Lambda   Alpha      F1       Ln Like  Est Ln P(D)
458000:    1.00    5.807    0.028      -125751    0 
458100:    1.00    6.094    0.026      -125745    0 
458200:    1.00    5.955    0.022      -125766    0 
458300:    1.00    6.324    0.027      -125765    0 
458400:    1.00    6.869    0.025      -125770    0 
458500:    1.00    6.838    0.024      -125784    0 
458600:    1.00    6.630    0.029      -125753    0 
458700:    1.00    6.767    0.029      -125765    0 
458800:    1.00    6.620    0.035      -125762    0 
458900:    1.00    6.809    0.031      -125751    0 

  Rep#:   Lambda   Alpha      F1       Ln Like  Est Ln P(D)
459000:    1.00    6.609    0.039      -125747    0 
459100:    1.00    6.720    0.034      -125756    0 
459200:    1.00    6.719    0.029      -125759    0 
459300:    1.00    6.847    0.034      -125759    0 
459400:    1.00    6.572    0.034      -125776    0 
459500:    1.00    6.577    0.029      -125763    0 
459600:    1.00    6.622    0.037      -125749    0 
459700:    1.00    6.461    0.044      -125780    0 
459800:    1.00    6.422    0.035      -125781    0 
459900:    1.00    6.292    0.029      -125752    0 

  Rep#:   Lambda   Alpha      F1       Ln Like  Est Ln P(D)
460000:    1.00    6.487    0.033      -125772    0 
460100:    1.00    6.684    0.032      -125756    0 
460200:    1.00    6.649    0.033      -125780    0 
460300:    1.00    6.288    0.037      -125786    0 
460400:    1.00    6.298    0.039      -125771    0 
460500:    1.00    6.170    0.035      -125761    0 
460600:    1.00    6.365    0.036      -125759    0 
460700:    1.00    6.868    0.036      -125780    0 
460800:    1.00    7.173    0.031      -125764    0 
460900:    1.00    7.029    0.035      -125761    0 

  Rep#:   Lambda   Alpha      F1       Ln Like  Est Ln P(D)
461000:    1.00    6.836    0.039      -125764    0 
461100:    1.00    7.446    0.038      -125771    0 
461200:    1.00    7.397    0.038      -125774    0 
461300:    1.00    7.819    0.032      -125745    0 
461400:    1.00    7.823    0.029      -125750    0 
461500:    1.00    7.765    0.025      -125758    0 
461600:    1.00    7.585    0.025      -125754    0 
461700:    1.00    7.776    0.023      -125765    0 
461800:    1.00    7.469    0.023      -125783    0 
461900:    1.00    7.258    0.026      -125770    0 

  Rep#:   Lambda   Alpha      F1       Ln Like  Est Ln P(D)
462000:    1.00    7.395    0.031      -125760    0 
462100:    1.00    7.494    0.038      -125770    0 
462200:    1.00    7.270    0.031      -125750    0 
462300:    1.00    7.009    0.027      -125749    0 
462400:    1.00    7.019    0.035      -125763    0 
462500:    1.00    6.752    0.034      -125776    0 
462600:    1.00    7.152    0.036      -125759    0 
462700:    1.00    7.133    0.040      -125757    0 
462800:    1.00    6.887    0.027      -125753    0 
462900:    1.00    7.055    0.029      -125782    0 

  Rep#:   Lambda   Alpha      F1       Ln Like  Est Ln P(D)
463000:    1.00    7.512    0.020      -125747    0 
463100:    1.00    7.345    0.023      -125754    0 
463200:    1.00    6.987    0.028      -125772    0 
463300:    1.00    6.629    0.027      -125766    0 
463400:    1.00    6.617    0.026      -125780    0 
463500:    1.00    6.621    0.027      -125773    0 
463600:    1.00    6.407    0.023      -125762    0 
463700:    1.00    6.139    0.029      -125760    0 
463800:    1.00    5.848    0.032      -125767    0 
463900:    1.00    5.751    0.030      -125757    0 

  Rep#:   Lambda   Alpha      F1       Ln Like  Est Ln P(D)
464000:    1.00    5.544    0.033      -125740    0 
464100:    1.00    5.706    0.030      -125759    0 
464200:    1.00    5.975    0.029      -125748    0 
464300:    1.00    5.810    0.034      -125762    0 
464400:    1.00    5.857    0.028      -125764    0 
464500:    1.00    5.598    0.029      -125752    0 
464600:    1.00    5.394    0.033      -125768    0 
464700:    1.00    5.612    0.033      -125783    0 
464800:    1.00    4.970    0.035      -125754    0 
464900:    1.00    4.674    0.038      -125790    0 

  Rep#:   Lambda   Alpha      F1       Ln Like  Est Ln P(D)
465000:    1.00    4.649    0.035      -125768    0 
465100:    1.00    4.442    0.026      -125782    0 
465200:    1.00    4.519    0.029      -125782    0 
465300:    1.00    4.749    0.034      -125770    0 
465400:    1.00    4.317    0.031      -125768    0 
465500:    1.00    4.432    0.027      -125773    0 
465600:    1.00    4.595    0.031      -125767    0 
465700:    1.00    4.517    0.024      -125752    0 
465800:    1.00    4.369    0.024      -125747    0 
465900:    1.00    4.133    0.030      -125768    0 

  Rep#:   Lambda   Alpha      F1       Ln Like  Est Ln P(D)
466000:    1.00    3.958    0.027      -125756    0 
466100:    1.00    3.951    0.028      -125754    0 
466200:    1.00    4.229    0.037      -125752    0 
466300:    1.00    4.547    0.033      -125767    0 
466400:    1.00    4.265    0.036      -125740    0 
466500:    1.00    4.076    0.030      -125750    0 
466600:    1.00    4.241    0.033      -125746    0 
466700:    1.00    4.079    0.032      -125763    0 
466800:    1.00    4.207    0.038      -125758    0 
466900:    1.00    4.196    0.033      -125780    0 

  Rep#:   Lambda   Alpha      F1       Ln Like  Est Ln P(D)
467000:    1.00    4.265    0.032      -125748    0 
467100:    1.00    4.272    0.027      -125770    0 
467200:    1.00    3.967    0.037      -125766    0 
467300:    1.00    3.821    0.039      -125761    0 
467400:    1.00    3.707    0.028      -125765    0 
467500:    1.00    3.272    0.034      -125779    0 
467600:    1.00    3.685    0.033      -125776    0 
467700:    1.00    3.643    0.033      -125786    0 
467800:    1.00    3.757    0.033      -125747    0 
467900:    1.00    4.196    0.032      -125776    0 

  Rep#:   Lambda   Alpha      F1       Ln Like  Est Ln P(D)
468000:    1.00    4.215    0.027      -125771    0 
468100:    1.00    4.382    0.031      -125767    0 
468200:    1.00    4.111    0.039      -125759    0 
468300:    1.00    3.734    0.031      -125745    0 
468400:    1.00    3.617    0.031      -125758    0 
468500:    1.00    3.575    0.039      -125751    0 
468600:    1.00    4.095    0.033      -125743    0 
468700:    1.00    3.880    0.029      -125764    0 
468800:    1.00    3.701    0.028      -125774    0 
468900:    1.00    3.675    0.025      -125761    0 

  Rep#:   Lambda   Alpha      F1       Ln Like  Est Ln P(D)
469000:    1.00    3.595    0.029      -125758    0 
469100:    1.00    3.444    0.028      -125756    0 
469200:    1.00    3.710    0.028      -125739    0 
469300:    1.00    3.321    0.028      -125782    0 
469400:    1.00    3.404    0.035      -125762    0 
469500:    1.00    3.382    0.025      -125767    0 
469600:    1.00    3.571    0.022      -125779    0 
469700:    1.00    3.753    0.034      -125765    0 
469800:    1.00    3.568    0.036      -125766    0 
469900:    1.00    3.180    0.027      -125766    0 

  Rep#:   Lambda   Alpha      F1       Ln Like  Est Ln P(D)
470000:    1.00    3.408    0.020      -125781    0 
470100:    1.00    3.324    0.021      -125773    0 
470200:    1.00    3.190    0.026      -125779    0 
470300:    1.00    3.173    0.025      -125757    0 
470400:    1.00    3.124    0.023      -125769    0 
470500:    1.00    2.944    0.024      -125770    0 
470600:    1.00    3.448    0.031      -125772    0 
470700:    1.00    3.519    0.031      -125759    0 
470800:    1.00    3.651    0.024      -125772    0 
470900:    1.00    3.563    0.035      -125759    0 

  Rep#:   Lambda   Alpha      F1       Ln Like  Est Ln P(D)
471000:    1.00    3.800    0.036      -125777    0 
471100:    1.00    4.207    0.033      -125748    0 
471200:    1.00    4.482    0.034      -125758    0 
471300:    1.00    4.642    0.031      -125760    0 
471400:    1.00    4.950    0.026      -125770    0 
471500:    1.00    4.632    0.033      -125777    0 
471600:    1.00    4.808    0.027      -125765    0 
471700:    1.00    4.749    0.028      -125759    0 
471800:    1.00    5.320    0.035      -125763    0 
471900:    1.00    5.122    0.028      -125759    0 

  Rep#:   Lambda   Alpha      F1       Ln Like  Est Ln P(D)
472000:    1.00    5.120    0.034      -125769    0 
472100:    1.00    4.834    0.023      -125762    0 
472200:    1.00    4.625    0.030      -125766    0 
472300:    1.00    4.484    0.025      -125756    0 
472400:    1.00    4.473    0.035      -125777    0 
472500:    1.00    4.234    0.038      -125748    0 
472600:    1.00    4.316    0.029      -125766    0 
472700:    1.00    4.162    0.035      -125756    0 
472800:    1.00    4.027    0.032      -125757    0 
472900:    1.00    4.214    0.025      -125769    0 

  Rep#:   Lambda   Alpha      F1       Ln Like  Est Ln P(D)
473000:    1.00    4.061    0.025      -125748    0 
473100:    1.00    3.810    0.021      -125770    0 
473200:    1.00    3.903    0.026      -125768    0 
473300:    1.00    3.911    0.026      -125758    0 
473400:    1.00    3.950    0.027      -125748    0 
473500:    1.00    3.763    0.036      -125754    0 
473600:    1.00    3.351    0.031      -125758    0 
473700:    1.00    3.188    0.032      -125762    0 
473800:    1.00    2.897    0.037      -125764    0 
473900:    1.00    3.080    0.036      -125774    0 

  Rep#:   Lambda   Alpha      F1       Ln Like  Est Ln P(D)
474000:    1.00    2.792    0.030      -125758    0 
474100:    1.00    2.811    0.030      -125758    0 
474200:    1.00    2.735    0.029      -125766    0 
474300:    1.00    3.084    0.030      -125769    0 
474400:    1.00    3.170    0.028      -125762    0 
474500:    1.00    3.210    0.037      -125744    0 
474600:    1.00    3.965    0.028      -125771    0 
474700:    1.00    4.062    0.033      -125753    0 
474800:    1.00    3.980    0.025      -125773    0 
474900:    1.00    4.162    0.028      -125779    0 

  Rep#:   Lambda   Alpha      F1       Ln Like  Est Ln P(D)
475000:    1.00    4.671    0.027      -125758    0 
475100:    1.00    4.573    0.033      -125765    0 
475200:    1.00    4.554    0.027      -125766    0 
475300:    1.00    4.448    0.027      -125766    0 
475400:    1.00    4.219    0.039      -125781    0 
475500:    1.00    4.373    0.031      -125768    0 
475600:    1.00    4.112    0.030      -125760    0 
475700:    1.00    4.446    0.031      -125765    0 
475800:    1.00    4.469    0.035      -125751    0 
475900:    1.00    4.690    0.041      -125775    0 

  Rep#:   Lambda   Alpha      F1       Ln Like  Est Ln P(D)
476000:    1.00    4.610    0.038      -125759    0 
476100:    1.00    4.539    0.031      -125768    0 
476200:    1.00    4.014    0.031      -125762    0 
476300:    1.00    4.103    0.032      -125758    0 
476400:    1.00    3.269    0.030      -125745    0 
476500:    1.00    3.623    0.026      -125770    0 
476600:    1.00    3.838    0.032      -125758    0 
476700:    1.00    3.830    0.034      -125767    0 
476800:    1.00    3.630    0.025      -125745    0 
476900:    1.00    3.686    0.027      -125766    0 

  Rep#:   Lambda   Alpha      F1       Ln Like  Est Ln P(D)
477000:    1.00    3.785    0.031      -125763    0 
477100:    1.00    3.691    0.024      -125789    0 
477200:    1.00    3.215    0.027      -125761    0 
477300:    1.00    3.384    0.024      -125759    0 
477400:    1.00    3.529    0.032      -125765    0 
477500:    1.00    3.818    0.031      -125780    0 
477600:    1.00    3.860    0.034      -125757    0 
477700:    1.00    4.314    0.033      -125779    0 
477800:    1.00    4.292    0.024      -125765    0 
477900:    1.00    4.036    0.035      -125762    0 

  Rep#:   Lambda   Alpha      F1       Ln Like  Est Ln P(D)
478000:    1.00    4.170    0.030      -125765    0 
478100:    1.00    3.876    0.042      -125756    0 
478200:    1.00    3.642    0.034      -125768    0 
478300:    1.00    3.538    0.044      -125767    0 
478400:    1.00    3.494    0.033      -125742    0 
478500:    1.00    2.829    0.037      -125765    0 
478600:    1.00    2.731    0.026      -125761    0 
478700:    1.00    2.627    0.029      -125764    0 
478800:    1.00    2.669    0.027      -125766    0 
478900:    1.00    2.411    0.034      -125764    0 

  Rep#:   Lambda   Alpha      F1       Ln Like  Est Ln P(D)
479000:    1.00    2.743    0.039      -125762    0 
479100:    1.00    2.703    0.040      -125754    0 
479200:    1.00    2.205    0.040      -125770    0 
479300:    1.00    2.307    0.038      -125758    0 
479400:    1.00    1.928    0.040      -125771    0 
479500:    1.00    1.724    0.023      -125767    0 
479600:    1.00    1.365    0.024      -125769    0 
479700:    1.00    1.844    0.037      -125767    0 
479800:    1.00    2.504    0.022      -125763    0 
479900:    1.00    2.877    0.023      -125763    0 

  Rep#:   Lambda   Alpha      F1       Ln Like  Est Ln P(D)
480000:    1.00    3.143    0.035      -125759    0 
480100:    1.00    3.371    0.039      -125774    0 
480200:    1.00    3.501    0.037      -125766    0 
480300:    1.00    3.556    0.036      -125767    0 
480400:    1.00    3.346    0.032      -125776    0 
480500:    1.00    3.875    0.039      -125777    0 
480600:    1.00    4.153    0.028      -125747    0 
480700:    1.00    4.006    0.033      -125760    0 
480800:    1.00    4.126    0.031      -125769    0 
480900:    1.00    4.091    0.036      -125762    0 

  Rep#:   Lambda   Alpha      F1       Ln Like  Est Ln P(D)
481000:    1.00    4.357    0.025      -125768    0 
481100:    1.00    4.716    0.030      -125762    0 
481200:    1.00    4.793    0.025      -125748    0 
481300:    1.00    4.670    0.028      -125756    0 
481400:    1.00    4.553    0.023      -125770    0 
481500:    1.00    4.506    0.022      -125761    0 
481600:    1.00    4.667    0.028      -125773    0 
481700:    1.00    4.337    0.029      -125762    0 
481800:    1.00    4.198    0.031      -125778    0 
481900:    1.00    4.379    0.027      -125770    0 

  Rep#:   Lambda   Alpha      F1       Ln Like  Est Ln P(D)
482000:    1.00    4.194    0.025      -125768    0 
482100:    1.00    4.339    0.040      -125772    0 
482200:    1.00    4.365    0.037      -125751    0 
482300:    1.00    4.677    0.038      -125756    0 
482400:    1.00    4.690    0.031      -125764    0 
482500:    1.00    4.307    0.030      -125755    0 
482600:    1.00    4.441    0.032      -125761    0 
482700:    1.00    4.379    0.032      -125757    0 
482800:    1.00    4.280    0.036      -125768    0 
482900:    1.00    4.257    0.035      -125739    0 

  Rep#:   Lambda   Alpha      F1       Ln Like  Est Ln P(D)
483000:    1.00    4.089    0.022      -125753    0 
483100:    1.00    4.076    0.026      -125775    0 
483200:    1.00    3.893    0.022      -125772    0 
483300:    1.00    3.950    0.023      -125769    0 
483400:    1.00    4.022    0.028      -125767    0 
483500:    1.00    3.965    0.024      -125760    0 
483600:    1.00    3.842    0.024      -125761    0 
483700:    1.00    3.820    0.030      -125762    0 
483800:    1.00    3.341    0.024      -125773    0 
483900:    1.00    3.213    0.024      -125769    0 

  Rep#:   Lambda   Alpha      F1       Ln Like  Est Ln P(D)
484000:    1.00    2.845    0.021      -125750    0 
484100:    1.00    2.888    0.021      -125766    0 
484200:    1.00    2.658    0.029      -125768    0 
484300:    1.00    2.314    0.029      -125766    0 
484400:    1.00    2.308    0.027      -125773    0 
484500:    1.00    1.917    0.031      -125767    0 
484600:    1.00    2.299    0.027      -125760    0 
484700:    1.00    2.558    0.033      -125762    0 
484800:    1.00    2.088    0.034      -125755    0 
484900:    1.00    1.942    0.036      -125770    0 

  Rep#:   Lambda   Alpha      F1       Ln Like  Est Ln P(D)
485000:    1.00    1.926    0.047      -125758    0 
485100:    1.00    2.329    0.031      -125745    0 
485200:    1.00    2.113    0.024      -125758    0 
485300:    1.00    2.176    0.027      -125751    0 
485400:    1.00    2.374    0.023      -125756    0 
485500:    1.00    2.122    0.025      -125761    0 
485600:    1.00    2.191    0.025      -125747    0 
485700:    1.00    2.794    0.026      -125774    0 
485800:    1.00    3.034    0.025      -125756    0 
485900:    1.00    3.038    0.026      -125791    0 

  Rep#:   Lambda   Alpha      F1       Ln Like  Est Ln P(D)
486000:    1.00    3.015    0.042      -125767    0 
486100:    1.00    2.686    0.025      -125779    0 
486200:    1.00    2.486    0.023      -125764    0 
486300:    1.00    2.321    0.024      -125757    0 
486400:    1.00    2.354    0.024      -125767    0 
486500:    1.00    2.217    0.026      -125746    0 
486600:    1.00    2.213    0.030      -125740    0 
486700:    1.00    2.327    0.025      -125780    0 
486800:    1.00    2.312    0.021      -125766    0 
486900:    1.00    2.318    0.021      -125756    0 

  Rep#:   Lambda   Alpha      F1       Ln Like  Est Ln P(D)
487000:    1.00    2.339    0.024      -125763    0 
487100:    1.00    2.316    0.026      -125766    0 
487200:    1.00    2.153    0.027      -125772    0 
487300:    1.00    2.134    0.035      -125768    0 
487400:    1.00    1.847    0.033      -125762    0 
487500:    1.00    2.069    0.039      -125755    0 
487600:    1.00    1.915    0.031      -125747    0 
487700:    1.00    1.211    0.030      -125753    0 
487800:    1.00    1.063    0.026      -125780    0 
487900:    1.00    1.126    0.020      -125777    0 

  Rep#:   Lambda   Alpha      F1       Ln Like  Est Ln P(D)
488000:    1.00    0.805    0.032      -125776    0 
488100:    1.00    0.606    0.044      -125759    0 
488200:    1.00    0.719    0.029      -125771    0 
488300:    1.00    0.334    0.035      -125777    0 
488400:    1.00    0.061    0.029      -125766    0 
488500:    1.00    0.551    0.032      -125761    0 
488600:    1.00    0.222    0.034      -125756    0 
488700:    1.00    0.042    0.039      -125763    0 
488800:    1.00    0.271    0.034      -125774    0 
488900:    1.00    0.463    0.020      -125772    0 

  Rep#:   Lambda   Alpha      F1       Ln Like  Est Ln P(D)
489000:    1.00    0.491    0.021      -125756    0 
489100:    1.00    0.579    0.023      -125756    0 
489200:    1.00    1.040    0.025      -125774    0 
489300:    1.00    1.518    0.029      -125757    0 
489400:    1.00    1.696    0.025      -125758    0 
489500:    1.00    1.795    0.029      -125750    0 
489600:    1.00    1.975    0.027      -125781    0 
489700:    1.00    2.030    0.036      -125770    0 
489800:    1.00    2.142    0.028      -125761    0 
489900:    1.00    2.001    0.030      -125762    0 

  Rep#:   Lambda   Alpha      F1       Ln Like  Est Ln P(D)
490000:    1.00    2.206    0.029      -125746    0 
490100:    1.00    1.896    0.030      -125759    0 
490200:    1.00    2.071    0.026      -125765    0 
490300:    1.00    1.993    0.026      -125772    0 
490400:    1.00    2.264    0.031      -125764    0 
490500:    1.00    2.237    0.028      -125768    0 
490600:    1.00    1.853    0.029      -125774    0 
490700:    1.00    1.572    0.035      -125772    0 
490800:    1.00    1.813    0.034      -125749    0 
490900:    1.00    1.984    0.023      -125749    0 

  Rep#:   Lambda   Alpha      F1       Ln Like  Est Ln P(D)
491000:    1.00    2.078    0.027      -125764    0 
491100:    1.00    1.992    0.029      -125758    0 
491200:    1.00    2.210    0.030      -125771    0 
491300:    1.00    2.334    0.031      -125760    0 
491400:    1.00    2.255    0.033      -125777    0 
491500:    1.00    2.364    0.025      -125743    0 
491600:    1.00    2.334    0.036      -125782    0 
491700:    1.00    2.315    0.034      -125777    0 
491800:    1.00    2.568    0.024      -125762    0 
491900:    1.00    2.579    0.023      -125766    0 

  Rep#:   Lambda   Alpha      F1       Ln Like  Est Ln P(D)
492000:    1.00    2.510    0.038      -125770    0 
492100:    1.00    2.729    0.037      -125758    0 
492200:    1.00    2.612    0.030      -125759    0 
492300:    1.00    2.650    0.025      -125776    0 
492400:    1.00    2.098    0.028      -125764    0 
492500:    1.00    1.988    0.027      -125764    0 
492600:    1.00    2.382    0.029      -125777    0 
492700:    1.00    2.250    0.031      -125759    0 
492800:    1.00    2.265    0.038      -125757    0 
492900:    1.00    2.047    0.036      -125763    0 

  Rep#:   Lambda   Alpha      F1       Ln Like  Est Ln P(D)
493000:    1.00    2.213    0.036      -125767    0 
493100:    1.00    2.427    0.042      -125751    0 
493200:    1.00    2.583    0.037      -125744    0 
493300:    1.00    2.618    0.031      -125754    0 
493400:    1.00    2.725    0.043      -125779    0 
493500:    1.00    2.612    0.035      -125766    0 
493600:    1.00    2.700    0.028      -125751    0 
493700:    1.00    2.632    0.040      -125766    0 
493800:    1.00    2.782    0.039      -125764    0 
493900:    1.00    2.741    0.035      -125786    0 

  Rep#:   Lambda   Alpha      F1       Ln Like  Est Ln P(D)
494000:    1.00    2.768    0.039      -125767    0 
494100:    1.00    2.836    0.030      -125785    0 
494200:    1.00    2.718    0.029      -125776    0 
494300:    1.00    2.981    0.034      -125762    0 
494400:    1.00    3.211    0.034      -125785    0 
494500:    1.00    2.719    0.028      -125770    0 
494600:    1.00    2.797    0.032      -125769    0 
494700:    1.00    3.202    0.028      -125761    0 
494800:    1.00    3.195    0.027      -125765    0 
494900:    1.00    3.086    0.039      -125756    0 

  Rep#:   Lambda   Alpha      F1       Ln Like  Est Ln P(D)
495000:    1.00    2.905    0.027      -125783    0 
495100:    1.00    2.762    0.033      -125774    0 
495200:    1.00    3.073    0.027      -125765    0 
495300:    1.00    2.867    0.029      -125775    0 
495400:    1.00    2.811    0.034      -125763    0 
495500:    1.00    3.021    0.037      -125764    0 
495600:    1.00    3.082    0.029      -125774    0 
495700:    1.00    2.920    0.030      -125763    0 
495800:    1.00    3.293    0.029      -125756    0 
495900:    1.00    3.274    0.024      -125764    0 

  Rep#:   Lambda   Alpha      F1       Ln Like  Est Ln P(D)
496000:    1.00    3.316    0.032      -125755    0 
496100:    1.00    3.294    0.042      -125768    0 
496200:    1.00    2.965    0.032      -125782    0 
496300:    1.00    3.253    0.039      -125763    0 
496400:    1.00    3.395    0.042      -125757    0 
496500:    1.00    3.123    0.037      -125763    0 
496600:    1.00    3.080    0.036      -125756    0 
496700:    1.00    3.312    0.035      -125760    0 
496800:    1.00    3.508    0.040      -125749    0 
496900:    1.00    3.439    0.042      -125767    0 

  Rep#:   Lambda   Alpha      F1       Ln Like  Est Ln P(D)
497000:    1.00    3.477    0.033      -125789    0 
497100:    1.00    3.562    0.029      -125744    0 
497200:    1.00    3.417    0.035      -125758    0 
497300:    1.00    3.831    0.031      -125772    0 
497400:    1.00    3.558    0.039      -125757    0 
497500:    1.00    3.390    0.026      -125763    0 
497600:    1.00    3.696    0.039      -125780    0 
497700:    1.00    3.873    0.032      -125782    0 
497800:    1.00    3.925    0.038      -125762    0 
497900:    1.00    3.624    0.034      -125764    0 

  Rep#:   Lambda   Alpha      F1       Ln Like  Est Ln P(D)
498000:    1.00    3.873    0.038      -125774    0 
498100:    1.00    4.052    0.032      -125762    0 
498200:    1.00    3.943    0.032      -125765    0 
498300:    1.00    3.816    0.038      -125765    0 
498400:    1.00    3.301    0.034      -125780    0 
498500:    1.00    2.820    0.028      -125781    0 
498600:    1.00    2.326    0.033      -125747    0 
498700:    1.00    2.039    0.029      -125770    0 
498800:    1.00    1.789    0.028      -125767    0 
498900:    1.00    1.719    0.037      -125769    0 

  Rep#:   Lambda   Alpha      F1       Ln Like  Est Ln P(D)
499000:    1.00    1.966    0.023      -125777    0 
499100:    1.00    1.906    0.025      -125753    0 
499200:    1.00    1.847    0.027      -125769    0 
499300:    1.00    2.051    0.025      -125747    0 
499400:    1.00    1.596    0.028      -125759    0 
499500:    1.00    1.252    0.025      -125758    0 
499600:    1.00    1.047    0.026      -125746    0 
499700:    1.00    1.093    0.032      -125757    0 
499800:    1.00    1.004    0.025      -125766    0 
499900:    1.00    0.496    0.028      -125774    0 

  Rep#:   Lambda   Alpha      F1       Ln Like  Est Ln P(D)
500000:    1.00    0.740    0.023      -125769    0 
500100:    1.00    0.526    0.034      -125771    0 
500200:    1.00    0.521    0.028      -125775    0 
500300:    1.00    0.527    0.027      -125777    0 
500400:    1.00    1.108    0.031      -125747    0 
500500:    1.00    0.970    0.033      -125756    0 
500600:    1.00    0.774    0.037      -125778    0 
500700:    1.00    0.942    0.049      -125781    0 
500800:    1.00    0.749    0.044      -125776    0 
500900:    1.00    0.749    0.029      -125750    0 

  Rep#:   Lambda   Alpha      F1       Ln Like  Est Ln P(D)
501000:    1.00    0.760    0.040      -125757    0 
501100:    1.00    0.545    0.036      -125777    0 
501200:    1.00    0.753    0.040      -125773    0 
501300:    1.00    0.697    0.036      -125780    0 
501400:    1.00    0.676    0.035      -125771    0 
501500:    1.00    0.677    0.030      -125756    0 
501600:    1.00    1.017    0.039      -125757    0 
501700:    1.00    0.631    0.033      -125761    0 
501800:    1.00    0.909    0.032      -125763    0 
501900:    1.00    0.930    0.037      -125765    0 

  Rep#:   Lambda   Alpha      F1       Ln Like  Est Ln P(D)
502000:    1.00    0.822    0.030      -125766    0 
502100:    1.00    0.598    0.035      -125776    0 
502200:    1.00    0.257    0.034      -125763    0 
502300:    1.00    0.214    0.032      -125756    0 
502400:    1.00    0.459    0.036      -125753    0 
502500:    1.00    0.368    0.031      -125760    0 
502600:    1.00    0.565    0.030      -125771    0 
502700:    1.00    0.488    0.029      -125762    0 
502800:    1.00    0.457    0.027      -125769    0 
502900:    1.00    0.243    0.030      -125752    0 

  Rep#:   Lambda   Alpha      F1       Ln Like  Est Ln P(D)
503000:    1.00    0.572    0.028      -125753    0 
503100:    1.00    0.233    0.030      -125765    0 
503200:    1.00    0.445    0.032      -125765    0 
503300:    1.00    0.310    0.036      -125783    0 
503400:    1.00    0.401    0.028      -125765    0 
503500:    1.00    0.392    0.030      -125762    0 
503600:    1.00    0.457    0.021      -125751    0 
503700:    1.00    0.570    0.030      -125757    0 
503800:    1.00    0.403    0.031      -125742    0 
503900:    1.00    0.544    0.035      -125737    0 

  Rep#:   Lambda   Alpha      F1       Ln Like  Est Ln P(D)
504000:    1.00    0.503    0.032      -125772    0 
504100:    1.00    0.738    0.032      -125775    0 
504200:    1.00    1.163    0.040      -125758    0 
504300:    1.00    1.197    0.028      -125746    0 
504400:    1.00    1.349    0.027      -125775    0 
504500:    1.00    1.702    0.042      -125761    0 
504600:    1.00    1.288    0.033      -125753    0 
504700:    1.00    1.363    0.037      -125748    0 
504800:    1.00    1.513    0.028      -125775    0 
504900:    1.00    1.577    0.030      -125755    0 

  Rep#:   Lambda   Alpha      F1       Ln Like  Est Ln P(D)
505000:    1.00    1.838    0.028      -125747    0 
505100:    1.00    1.674    0.031      -125769    0 
505200:    1.00    1.787    0.028      -125765    0 
505300:    1.00    1.710    0.027      -125778    0 
505400:    1.00    1.359    0.035      -125759    0 
505500:    1.00    1.209    0.027      -125769    0 
505600:    1.00    1.467    0.030      -125766    0 
505700:    1.00    1.466    0.028      -125759    0 
505800:    1.00    0.796    0.031      -125763    0 
505900:    1.00    1.030    0.030      -125754    0 

  Rep#:   Lambda   Alpha      F1       Ln Like  Est Ln P(D)
506000:    1.00    0.819    0.030      -125767    0 
506100:    1.00    1.067    0.030      -125770    0 
506200:    1.00    1.128    0.037      -125759    0 
506300:    1.00    1.038    0.030      -125774    0 
506400:    1.00    1.202    0.030      -125759    0 
506500:    1.00    1.170    0.021      -125765    0 
506600:    1.00    0.771    0.028      -125766    0 
506700:    1.00    0.724    0.019      -125764    0 
506800:    1.00    0.009    0.025      -125753    0 
506900:    1.00    0.348    0.027      -125775    0 

  Rep#:   Lambda   Alpha      F1       Ln Like  Est Ln P(D)
507000:    1.00    0.338    0.036      -125733    0 
507100:    1.00    0.326    0.032      -125762    0 
507200:    1.00    0.173    0.030      -125751    0 
507300:    1.00    0.387    0.026      -125769    0 
507400:    1.00    0.169    0.026      -125767    0 
507500:    1.00    0.013    0.024      -125742    0 
507600:    1.00    0.394    0.034      -125780    0 
507700:    1.00    0.245    0.033      -125754    0 
507800:    1.00    0.713    0.024      -125780    0 
507900:    1.00    0.739    0.033      -125775    0 

  Rep#:   Lambda   Alpha      F1       Ln Like  Est Ln P(D)
508000:    1.00    0.681    0.033      -125754    0 
508100:    1.00    1.080    0.038      -125773    0 
508200:    1.00    0.966    0.028      -125762    0 
508300:    1.00    1.150    0.022      -125769    0 
508400:    1.00    1.316    0.026      -125756    0 
508500:    1.00    1.414    0.029      -125756    0 
508600:    1.00    1.120    0.031      -125754    0 
508700:    1.00    1.462    0.021      -125769    0 
508800:    1.00    1.444    0.026      -125750    0 
508900:    1.00    1.688    0.025      -125768    0 

  Rep#:   Lambda   Alpha      F1       Ln Like  Est Ln P(D)
509000:    1.00    1.707    0.025      -125780    0 
509100:    1.00    1.717    0.029      -125769    0 
509200:    1.00    2.044    0.033      -125766    0 
509300:    1.00    1.896    0.037      -125769    0 
509400:    1.00    2.260    0.030      -125741    0 
509500:    1.00    2.401    0.031      -125783    0 
509600:    1.00    2.743    0.036      -125775    0 
509700:    1.00    2.559    0.026      -125764    0 
509800:    1.00    2.348    0.020      -125764    0 
509900:    1.00    2.738    0.022      -125757    0 

  Rep#:   Lambda   Alpha      F1       Ln Like  Est Ln P(D)
510000:    1.00    2.348    0.035      -125765    0 
510100:    1.00    2.221    0.040      -125745    0 
510200:    1.00    1.796    0.044      -125747    0 
510300:    1.00    1.802    0.042      -125757    0 
510400:    1.00    1.731    0.027      -125754    0 
510500:    1.00    2.172    0.032      -125765    0 
510600:    1.00    2.447    0.028      -125755    0 
510700:    1.00    2.639    0.030      -125781    0 
510800:    1.00    2.293    0.028      -125758    0 
510900:    1.00    2.561    0.023      -125765    0 

  Rep#:   Lambda   Alpha      F1       Ln Like  Est Ln P(D)
511000:    1.00    2.505    0.023      -125770    0 
511100:    1.00    2.262    0.027      -125764    0 
511200:    1.00    2.423    0.040      -125764    0 
511300:    1.00    2.099    0.031      -125758    0 
511400:    1.00    2.165    0.021      -125773    0 
511500:    1.00    2.337    0.031      -125767    0 
511600:    1.00    2.373    0.030      -125784    0 
511700:    1.00    2.594    0.023      -125761    0 
511800:    1.00    2.762    0.027      -125753    0 
511900:    1.00    3.002    0.027      -125783    0 

  Rep#:   Lambda   Alpha      F1       Ln Like  Est Ln P(D)
512000:    1.00    3.163    0.030      -125755    0 
512100:    1.00    2.778    0.029      -125779    0 
512200:    1.00    2.929    0.042      -125760    0 
512300:    1.00    3.140    0.036      -125773    0 
512400:    1.00    3.684    0.040      -125795    0 
512500:    1.00    3.475    0.032      -125765    0 
512600:    1.00    3.007    0.031      -125772    0 
512700:    1.00    2.474    0.036      -125771    0 
512800:    1.00    2.423    0.031      -125747    0 
512900:    1.00    2.824    0.029      -125753    0 

  Rep#:   Lambda   Alpha      F1       Ln Like  Est Ln P(D)
513000:    1.00    2.960    0.031      -125778    0 
513100:    1.00    2.954    0.022      -125735    0 
513200:    1.00    2.682    0.028      -125774    0 
513300:    1.00    2.684    0.029      -125744    0 
513400:    1.00    2.888    0.027      -125773    0 
513500:    1.00    2.758    0.035      -125774    0 
513600:    1.00    2.441    0.024      -125773    0 
513700:    1.00    2.431    0.021      -125757    0 
513800:    1.00    2.536    0.023      -125777    0 
513900:    1.00    2.400    0.022      -125758    0 

  Rep#:   Lambda   Alpha      F1       Ln Like  Est Ln P(D)
514000:    1.00    2.460    0.019      -125757    0 
514100:    1.00    2.594    0.025      -125759    0 
514200:    1.00    2.884    0.022      -125769    0 
514300:    1.00    2.853    0.029      -125767    0 
514400:    1.00    2.815    0.027      -125765    0 
514500:    1.00    2.690    0.028      -125763    0 
514600:    1.00    2.848    0.031      -125755    0 
514700:    1.00    2.276    0.035      -125787    0 
514800:    1.00    1.917    0.033      -125770    0 
514900:    1.00    2.011    0.026      -125772    0 

  Rep#:   Lambda   Alpha      F1       Ln Like  Est Ln P(D)
515000:    1.00    2.200    0.024      -125763    0 
515100:    1.00    1.895    0.028      -125772    0 
515200:    1.00    2.555    0.038      -125749    0 
515300:    1.00    2.580    0.036      -125771    0 
515400:    1.00    2.446    0.032      -125759    0 
515500:    1.00    2.681    0.036      -125766    0 
515600:    1.00    2.722    0.032      -125781    0 
515700:    1.00    2.854    0.035      -125759    0 
515800:    1.00    2.906    0.032      -125777    0 
515900:    1.00    2.526    0.038      -125762    0 

  Rep#:   Lambda   Alpha      F1       Ln Like  Est Ln P(D)
516000:    1.00    2.637    0.035      -125762    0 
516100:    1.00    2.777    0.033      -125753    0 
516200:    1.00    2.888    0.025      -125782    0 
516300:    1.00    3.161    0.031      -125769    0 
516400:    1.00    3.422    0.040      -125762    0 
516500:    1.00    3.189    0.033      -125757    0 
516600:    1.00    3.085    0.033      -125771    0 
516700:    1.00    3.195    0.033      -125766    0 
516800:    1.00    3.646    0.032      -125767    0 
516900:    1.00    3.699    0.026      -125767    0 

  Rep#:   Lambda   Alpha      F1       Ln Like  Est Ln P(D)
517000:    1.00    4.077    0.027      -125778    0 
517100:    1.00    4.087    0.036      -125756    0 
517200:    1.00    4.120    0.034      -125769    0 
517300:    1.00    3.549    0.033      -125756    0 
517400:    1.00    3.663    0.031      -125786    0 
517500:    1.00    3.267    0.035      -125767    0 
517600:    1.00    2.716    0.029      -125770    0 
517700:    1.00    2.935    0.040      -125768    0 
517800:    1.00    2.703    0.037      -125770    0 
517900:    1.00    2.768    0.041      -125762    0 

  Rep#:   Lambda   Alpha      F1       Ln Like  Est Ln P(D)
518000:    1.00    2.655    0.027      -125766    0 
518100:    1.00    2.595    0.028      -125767    0 
518200:    1.00    2.564    0.029      -125756    0 
518300:    1.00    2.234    0.034      -125758    0 
518400:    1.00    2.213    0.032      -125753    0 
518500:    1.00    2.003    0.032      -125755    0 
518600:    1.00    1.827    0.031      -125757    0 
518700:    1.00    2.059    0.034      -125756    0 
518800:    1.00    2.440    0.029      -125755    0 
518900:    1.00    2.061    0.034      -125772    0 

  Rep#:   Lambda   Alpha      F1       Ln Like  Est Ln P(D)
519000:    1.00    1.761    0.030      -125777    0 
519100:    1.00    1.953    0.030      -125761    0 
519200:    1.00    1.896    0.026      -125752    0 
519300:    1.00    1.778    0.031      -125756    0 
519400:    1.00    1.823    0.030      -125750    0 
519500:    1.00    2.186    0.030      -125766    0 
519600:    1.00    2.316    0.025      -125758    0 
519700:    1.00    2.560    0.027      -125760    0 
519800:    1.00    2.381    0.023      -125755    0 
519900:    1.00    2.164    0.029      -125757    0 

  Rep#:   Lambda   Alpha      F1       Ln Like  Est Ln P(D)
520000:    1.00    2.327    0.023      -125772    0 
520100:    1.00    2.250    0.023      -125749    0 
520200:    1.00    2.223    0.024      -125762    0 
520300:    1.00    2.142    0.023      -125775    0 
520400:    1.00    2.472    0.026      -125741    0 
520500:    1.00    2.653    0.023      -125765    0 
520600:    1.00    2.705    0.036      -125783    0 
520700:    1.00    2.437    0.037      -125747    0 
520800:    1.00    2.279    0.036      -125772    0 
520900:    1.00    2.331    0.034      -125750    0 

  Rep#:   Lambda   Alpha      F1       Ln Like  Est Ln P(D)
521000:    1.00    2.190    0.032      -125753    0 
521100:    1.00    2.977    0.028      -125778    0 
521200:    1.00    2.725    0.036      -125770    0 
521300:    1.00    2.901    0.038      -125758    0 
521400:    1.00    2.480    0.039      -125749    0 
521500:    1.00    2.192    0.033      -125747    0 
521600:    1.00    2.007    0.043      -125765    0 
521700:    1.00    2.137    0.035      -125752    0 
521800:    1.00    1.915    0.035      -125748    0 
521900:    1.00    2.138    0.046      -125772    0 

  Rep#:   Lambda   Alpha      F1       Ln Like  Est Ln P(D)
522000:    1.00    1.885    0.033      -125752    0 
522100:    1.00    2.027    0.038      -125752    0 
522200:    1.00    2.446    0.026      -125755    0 
522300:    1.00    2.765    0.025      -125768    0 
522400:    1.00    2.400    0.032      -125768    0 
522500:    1.00    2.790    0.029      -125771    0 
522600:    1.00    2.592    0.031      -125788    0 
522700:    1.00    1.985    0.026      -125759    0 
522800:    1.00    1.971    0.024      -125749    0 
522900:    1.00    1.984    0.034      -125742    0 

  Rep#:   Lambda   Alpha      F1       Ln Like  Est Ln P(D)
523000:    1.00    1.891    0.029      -125762    0 
523100:    1.00    1.690    0.028      -125755    0 
523200:    1.00    1.745    0.030      -125780    0 
523300:    1.00    1.804    0.022      -125758    0 
523400:    1.00    1.656    0.023      -125746    0 
523500:    1.00    1.498    0.027      -125775    0 
523600:    1.00    1.581    0.028      -125751    0 
523700:    1.00    1.649    0.028      -125751    0 
523800:    1.00    1.891    0.029      -125757    0 
523900:    1.00    1.900    0.030      -125754    0 

  Rep#:   Lambda   Alpha      F1       Ln Like  Est Ln P(D)
524000:    1.00    1.729    0.023      -125749    0 
524100:    1.00    1.871    0.018      -125764    0 
524200:    1.00    1.911    0.028      -125754    0 
524300:    1.00    1.529    0.023      -125776    0 
524400:    1.00    1.505    0.019      -125763    0 
524500:    1.00    1.694    0.025      -125750    0 
524600:    1.00    1.996    0.024      -125764    0 
524700:    1.00    2.053    0.027      -125768    0 
524800:    1.00    2.174    0.026      -125758    0 
524900:    1.00    2.642    0.026      -125767    0 

  Rep#:   Lambda   Alpha      F1       Ln Like  Est Ln P(D)
525000:    1.00    2.770    0.027      -125768    0 
525100:    1.00    2.732    0.029      -125779    0 
525200:    1.00    2.543    0.020      -125761    0 
525300:    1.00    2.881    0.026      -125761    0 
525400:    1.00    2.941    0.024      -125775    0 
525500:    1.00    2.902    0.036      -125755    0 
525600:    1.00    2.225    0.022      -125760    0 
525700:    1.00    2.050    0.024      -125767    0 
525800:    1.00    2.280    0.022      -125792    0 
525900:    1.00    2.107    0.019      -125762    0 

  Rep#:   Lambda   Alpha      F1       Ln Like  Est Ln P(D)
526000:    1.00    2.221    0.022      -125769    0 
526100:    1.00    2.297    0.021      -125772    0 
526200:    1.00    2.379    0.019      -125749    0 
526300:    1.00    1.978    0.023      -125775    0 
526400:    1.00    1.926    0.030      -125741    0 
526500:    1.00    1.684    0.028      -125756    0 
526600:    1.00    1.855    0.034      -125778    0 
526700:    1.00    1.848    0.030      -125744    0 
526800:    1.00    2.398    0.023      -125767    0 
526900:    1.00    2.311    0.022      -125779    0 

  Rep#:   Lambda   Alpha      F1       Ln Like  Est Ln P(D)
527000:    1.00    2.803    0.024      -125779    0 
527100:    1.00    2.456    0.019      -125765    0 
527200:    1.00    2.522    0.021      -125771    0 
527300:    1.00    2.526    0.025      -125748    0 
527400:    1.00    2.191    0.029      -125764    0 
527500:    1.00    2.192    0.036      -125759    0 
527600:    1.00    2.074    0.027      -125766    0 
527700:    1.00    2.190    0.021      -125758    0 
527800:    1.00    2.114    0.022      -125771    0 
527900:    1.00    2.121    0.023      -125769    0 

  Rep#:   Lambda   Alpha      F1       Ln Like  Est Ln P(D)
528000:    1.00    2.436    0.026      -125785    0 
528100:    1.00    2.797    0.029      -125776    0 
528200:    1.00    2.741    0.028      -125761    0 
528300:    1.00    2.646    0.026      -125770    0 
528400:    1.00    2.835    0.030      -125774    0 
528500:    1.00    2.738    0.025      -125758    0 
528600:    1.00    2.848    0.029      -125766    0 
528700:    1.00    3.294    0.026      -125754    0 
528800:    1.00    3.291    0.029      -125788    0 
528900:    1.00    3.772    0.022      -125766    0 

  Rep#:   Lambda   Alpha      F1       Ln Like  Est Ln P(D)
529000:    1.00    3.892    0.024      -125780    0 
529100:    1.00    3.704    0.032      -125765    0 
529200:    1.00    3.478    0.026      -125790    0 
529300:    1.00    3.378    0.024      -125750    0 
529400:    1.00    3.466    0.018      -125759    0 
529500:    1.00    3.634    0.025      -125762    0 
529600:    1.00    3.619    0.026      -125773    0 
529700:    1.00    3.870    0.030      -125767    0 
529800:    1.00    3.913    0.035      -125756    0 
529900:    1.00    4.043    0.042      -125745    0 

  Rep#:   Lambda   Alpha      F1       Ln Like  Est Ln P(D)
530000:    1.00    4.276    0.036      -125772    0 
530100:    1.00    3.924    0.031      -125753    0 
530200:    1.00    3.491    0.033      -125775    0 
530300:    1.00    2.865    0.034      -125763    0 
530400:    1.00    2.871    0.032      -125756    0 
530500:    1.00    2.558    0.031      -125757    0 
530600:    1.00    2.997    0.029      -125758    0 
530700:    1.00    2.674    0.029      -125767    0 
530800:    1.00    2.845    0.026      -125763    0 
530900:    1.00    2.960    0.031      -125769    0 

  Rep#:   Lambda   Alpha      F1       Ln Like  Est Ln P(D)
531000:    1.00    3.047    0.027      -125770    0 
531100:    1.00    2.939    0.031      -125779    0 
531200:    1.00    2.764    0.033      -125761    0 
531300:    1.00    2.780    0.029      -125766    0 
531400:    1.00    3.270    0.026      -125756    0 
531500:    1.00    3.587    0.029      -125759    0 
531600:    1.00    4.186    0.043      -125761    0 
531700:    1.00    3.806    0.035      -125771    0 
531800:    1.00    3.064    0.037      -125766    0 
531900:    1.00    3.174    0.037      -125780    0 

  Rep#:   Lambda   Alpha      F1       Ln Like  Est Ln P(D)
532000:    1.00    3.633    0.039      -125769    0 
532100:    1.00    3.724    0.029      -125763    0 
532200:    1.00    3.514    0.037      -125761    0 
532300:    1.00    3.684    0.036      -125754    0 
532400:    1.00    3.577    0.024      -125751    0 
532500:    1.00    3.798    0.038      -125774    0 
532600:    1.00    3.816    0.041      -125765    0 
532700:    1.00    3.884    0.034      -125746    0 
532800:    1.00    3.952    0.029      -125760    0 
532900:    1.00    3.534    0.032      -125775    0 

  Rep#:   Lambda   Alpha      F1       Ln Like  Est Ln P(D)
533000:    1.00    3.423    0.033      -125773    0 
533100:    1.00    3.416    0.031      -125768    0 
533200:    1.00    3.352    0.030      -125775    0 
533300:    1.00    3.482    0.031      -125767    0 
533400:    1.00    3.457    0.030      -125779    0 
533500:    1.00    3.370    0.032      -125770    0 
533600:    1.00    3.434    0.031      -125786    0 
533700:    1.00    3.527    0.032      -125765    0 
533800:    1.00    3.917    0.033      -125768    0 
533900:    1.00    3.817    0.025      -125761    0 

  Rep#:   Lambda   Alpha      F1       Ln Like  Est Ln P(D)
534000:    1.00    4.108    0.024      -125741    0 
534100:    1.00    3.969    0.031      -125768    0 
534200:    1.00    3.757    0.028      -125762    0 
534300:    1.00    3.453    0.030      -125772    0 
534400:    1.00    3.316    0.030      -125759    0 
534500:    1.00    3.504    0.029      -125773    0 
534600:    1.00    3.616    0.038      -125776    0 
534700:    1.00    3.481    0.029      -125749    0 
534800:    1.00    3.896    0.033      -125778    0 
534900:    1.00    4.191    0.039      -125770    0 

  Rep#:   Lambda   Alpha      F1       Ln Like  Est Ln P(D)
535000:    1.00    4.569    0.034      -125759    0 
535100:    1.00    3.935    0.044      -125761    0 
535200:    1.00    3.914    0.038      -125785    0 
535300:    1.00    4.105    0.041      -125767    0 
535400:    1.00    3.989    0.036      -125763    0 
535500:    1.00    3.962    0.039      -125770    0 
535600:    1.00    4.223    0.031      -125771    0 
535700:    1.00    4.383    0.024      -125765    0 
535800:    1.00    4.954    0.026      -125760    0 
535900:    1.00    4.595    0.023      -125759    0 

  Rep#:   Lambda   Alpha      F1       Ln Like  Est Ln P(D)
536000:    1.00    4.618    0.023      -125755    0 
536100:    1.00    4.801    0.023      -125776    0 
536200:    1.00    4.696    0.022      -125764    0 
536300:    1.00    4.590    0.024      -125754    0 
536400:    1.00    4.415    0.029      -125761    0 
536500:    1.00    4.765    0.024      -125768    0 
536600:    1.00    4.394    0.027      -125772    0 
536700:    1.00    4.315    0.031      -125778    0 
536800:    1.00    4.444    0.034      -125764    0 
536900:    1.00    4.179    0.035      -125759    0 

  Rep#:   Lambda   Alpha      F1       Ln Like  Est Ln P(D)
537000:    1.00    4.359    0.037      -125773    0 
537100:    1.00    4.167    0.030      -125748    0 
537200:    1.00    4.569    0.027      -125784    0 
537300:    1.00    4.311    0.029      -125783    0 
537400:    1.00    4.745    0.024      -125773    0 
537500:    1.00    5.244    0.025      -125749    0 
537600:    1.00    5.224    0.029      -125759    0 
537700:    1.00    5.403    0.027      -125760    0 
537800:    1.00    5.574    0.028      -125765    0 
537900:    1.00    5.518    0.027      -125784    0 

  Rep#:   Lambda   Alpha      F1       Ln Like  Est Ln P(D)
538000:    1.00    6.080    0.023      -125759    0 
538100:    1.00    5.905    0.024      -125782    0 
538200:    1.00    5.608    0.026      -125762    0 
538300:    1.00    5.610    0.030      -125779    0 
538400:    1.00    5.416    0.033      -125756    0 
538500:    1.00    5.312    0.038      -125756    0 
538600:    1.00    4.836    0.034      -125769    0 
538700:    1.00    5.050    0.034      -125749    0 
538800:    1.00    5.144    0.031      -125780    0 
538900:    1.00    5.478    0.033      -125772    0 

  Rep#:   Lambda   Alpha      F1       Ln Like  Est Ln P(D)
539000:    1.00    5.557    0.028      -125771    0 
539100:    1.00    5.430    0.031      -125753    0 
539200:    1.00    5.947    0.027      -125764    0 
539300:    1.00    5.701    0.037      -125767    0 
539400:    1.00    5.986    0.037      -125772    0 
539500:    1.00    6.294    0.042      -125771    0 
539600:    1.00    6.273    0.036      -125757    0 
539700:    1.00    6.437    0.028      -125759    0 
539800:    1.00    6.408    0.036      -125761    0 
539900:    1.00    6.530    0.031      -125772    0 

  Rep#:   Lambda   Alpha      F1       Ln Like  Est Ln P(D)
540000:    1.00    6.382    0.034      -125750    0 
540100:    1.00    6.291    0.044      -125741    0 
540200:    1.00    6.336    0.035      -125760    0 
540300:    1.00    6.088    0.029      -125778    0 
540400:    1.00    6.442    0.031      -125760    0 
540500:    1.00    6.104    0.032      -125755    0 
540600:    1.00    6.186    0.030      -125764    0 
540700:    1.00    6.127    0.022      -125771    0 
540800:    1.00    6.018    0.032      -125770    0 
540900:    1.00    5.732    0.032      -125773    0 

  Rep#:   Lambda   Alpha      F1       Ln Like  Est Ln P(D)
541000:    1.00    5.343    0.028      -125787    0 
541100:    1.00    5.559    0.031      -125760    0 
541200:    1.00    5.756    0.028      -125766    0 
541300:    1.00    5.948    0.025      -125767    0 
541400:    1.00    5.696    0.023      -125759    0 
541500:    1.00    5.609    0.027      -125755    0 
541600:    1.00    5.494    0.028      -125775    0 
541700:    1.00    5.575    0.036      -125759    0 
541800:    1.00    6.036    0.039      -125763    0 
541900:    1.00    5.940    0.027      -125750    0 

  Rep#:   Lambda   Alpha      F1       Ln Like  Est Ln P(D)
542000:    1.00    5.957    0.028      -125753    0 
542100:    1.00    5.703    0.024      -125759    0 
542200:    1.00    5.569    0.025      -125759    0 
542300:    1.00    5.785    0.025      -125763    0 
542400:    1.00    6.046    0.026      -125798    0 
542500:    1.00    5.847    0.027      -125784    0 
542600:    1.00    5.682    0.032      -125765    0 
542700:    1.00    5.938    0.032      -125779    0 
542800:    1.00    5.911    0.037      -125788    0 
542900:    1.00    5.900    0.035      -125748    0 

  Rep#:   Lambda   Alpha      F1       Ln Like  Est Ln P(D)
543000:    1.00    5.791    0.033      -125757    0 
543100:    1.00    5.596    0.034      -125766    0 
543200:    1.00    5.733    0.031      -125760    0 
543300:    1.00    6.141    0.025      -125763    0 
543400:    1.00    6.147    0.024      -125744    0 
543500:    1.00    6.289    0.029      -125764    0 
543600:    1.00    6.433    0.023      -125752    0 
543700:    1.00    6.558    0.023      -125756    0 
543800:    1.00    6.378    0.023      -125774    0 
543900:    1.00    6.566    0.023      -125765    0 

  Rep#:   Lambda   Alpha      F1       Ln Like  Est Ln P(D)
544000:    1.00    6.682    0.029      -125779    0 
544100:    1.00    6.879    0.027      -125756    0 
544200:    1.00    7.031    0.031      -125770    0 
544300:    1.00    7.221    0.033      -125761    0 
544400:    1.00    7.617    0.029      -125767    0 
544500:    1.00    7.632    0.030      -125761    0 
544600:    1.00    7.522    0.027      -125775    0 
544700:    1.00    8.035    0.037      -125760    0 
544800:    1.00    8.001    0.027      -125764    0 
544900:    1.00    7.998    0.034      -125776    0 

  Rep#:   Lambda   Alpha      F1       Ln Like  Est Ln P(D)
545000:    1.00    7.936    0.033      -125746    0 
545100:    1.00    8.163    0.022      -125776    0 
545200:    1.00    8.388    0.024      -125762    0 
545300:    1.00    8.205    0.031      -125768    0 
545400:    1.00    7.992    0.021      -125801    0 
545500:    1.00    7.945    0.029      -125765    0 
545600:    1.00    8.245    0.026      -125770    0 
545700:    1.00    7.938    0.026      -125751    0 
545800:    1.00    8.296    0.022      -125769    0 
545900:    1.00    8.629    0.024      -125753    0 

  Rep#:   Lambda   Alpha      F1       Ln Like  Est Ln P(D)
546000:    1.00    8.636    0.024      -125776    0 
546100:    1.00    8.561    0.029      -125781    0 
546200:    1.00    8.493    0.025      -125739    0 
546300:    1.00    8.701    0.026      -125775    0 
546400:    1.00    8.700    0.037      -125755    0 
546500:    1.00    8.734    0.033      -125757    0 
546600:    1.00    8.406    0.029      -125749    0 
546700:    1.00    8.929    0.029      -125753    0 
546800:    1.00    9.059    0.033      -125765    0 
546900:    1.00    8.841    0.036      -125760    0 

  Rep#:   Lambda   Alpha      F1       Ln Like  Est Ln P(D)
547000:    1.00    9.026    0.034      -125771    0 
547100:    1.00    8.664    0.034      -125775    0 
547200:    1.00    8.616    0.033      -125770    0 
547300:    1.00    9.022    0.029      -125757    0 
547400:    1.00    9.008    0.033      -125762    0 
547500:    1.00    9.342    0.027      -125755    0 
547600:    1.00    9.215    0.027      -125758    0 
547700:    1.00    9.454    0.025      -125752    0 
547800:    1.00    9.201    0.038      -125766    0 
547900:    1.00    9.325    0.035      -125770    0 

  Rep#:   Lambda   Alpha      F1       Ln Like  Est Ln P(D)
548000:    1.00    9.070    0.043      -125760    0 
548100:    1.00    8.959    0.033      -125762    0 
548200:    1.00    8.345    0.025      -125768    0 
548300:    1.00    8.529    0.025      -125760    0 
548400:    1.00    8.751    0.021      -125764    0 
548500:    1.00    8.821    0.034      -125763    0 
548600:    1.00    8.423    0.034      -125786    0 
548700:    1.00    8.562    0.032      -125767    0 
548800:    1.00    8.860    0.033      -125772    0 
548900:    1.00    8.750    0.043      -125766    0 

  Rep#:   Lambda   Alpha      F1       Ln Like  Est Ln P(D)
549000:    1.00    8.403    0.035      -125753    0 
549100:    1.00    8.426    0.028      -125752    0 
549200:    1.00    8.505    0.036      -125776    0 
549300:    1.00    8.758    0.039      -125765    0 
549400:    1.00    9.019    0.036      -125749    0 
549500:    1.00    9.000    0.030      -125766    0 
549600:    1.00    9.335    0.036      -125754    0 
549700:    1.00    9.572    0.030      -125794    0 
549800:    1.00    9.814    0.039      -125771    0 
549900:    1.00    9.808    0.032      -125760    0 

  Rep#:   Lambda   Alpha      F1       Ln Like  Est Ln P(D)
550000:    1.00    9.761    0.031      -125770    0 
550100:    1.00    9.848    0.033      -125753    0 
550200:    1.00    9.931    0.035      -125754    0 
550300:    1.00    9.994    0.034      -125777    0 
550400:    1.00    9.904    0.040      -125763    0 
550500:    1.00    9.797    0.034      -125763    0 
550600:    1.00    9.898    0.045      -125748    0 
550700:    1.00    9.884    0.032      -125757    0 
550800:    1.00    9.988    0.035      -125755    0 
550900:    1.00    9.655    0.032      -125755    0 

  Rep#:   Lambda   Alpha      F1       Ln Like  Est Ln P(D)
551000:    1.00    9.307    0.031      -125773    0 
551100:    1.00    9.598    0.031      -125748    0 
551200:    1.00    9.000    0.025      -125764    0 
551300:    1.00    8.838    0.025      -125761    0 
551400:    1.00    8.850    0.027      -125759    0 
551500:    1.00    9.234    0.037      -125753    0 
551600:    1.00    9.068    0.038      -125761    0 
551700:    1.00    9.328    0.035      -125745    0 
551800:    1.00    9.598    0.032      -125759    0 
551900:    1.00    9.811    0.029      -125766    0 

  Rep#:   Lambda   Alpha      F1       Ln Like  Est Ln P(D)
552000:    1.00    9.656    0.035      -125754    0 
552100:    1.00    9.981    0.032      -125770    0 
552200:    1.00    9.657    0.029      -125769    0 
552300:    1.00    9.470    0.030      -125756    0 
552400:    1.00    9.142    0.031      -125774    0 
552500:    1.00    9.231    0.022      -125773    0 
552600:    1.00    8.996    0.025      -125754    0 
552700:    1.00    8.735    0.025      -125768    0 
552800:    1.00    8.966    0.031      -125746    0 
552900:    1.00    8.703    0.033      -125762    0 

  Rep#:   Lambda   Alpha      F1       Ln Like  Est Ln P(D)
553000:    1.00    8.961    0.030      -125745    0 
553100:    1.00    9.211    0.026      -125761    0 
553200:    1.00    9.219    0.032      -125762    0 
553300:    1.00    9.470    0.036      -125761    0 
553400:    1.00    9.315    0.034      -125771    0 
553500:    1.00    9.055    0.031      -125765    0 
553600:    1.00    8.779    0.028      -125774    0 
553700:    1.00    8.623    0.033      -125771    0 
553800:    1.00    9.164    0.034      -125767    0 
553900:    1.00    9.600    0.026      -125770    0 

  Rep#:   Lambda   Alpha      F1       Ln Like  Est Ln P(D)
554000:    1.00    9.746    0.027      -125763    0 
554100:    1.00    9.669    0.030      -125751    0 
554200:    1.00    9.705    0.032      -125795    0 
554300:    1.00    9.617    0.023      -125799    0 
554400:    1.00    9.793    0.028      -125757    0 
554500:    1.00    9.598    0.027      -125763    0 
554600:    1.00    9.476    0.022      -125753    0 
554700:    1.00    9.100    0.024      -125755    0 
554800:    1.00    9.155    0.036      -125768    0 
554900:    1.00    9.075    0.022      -125769    0 

  Rep#:   Lambda   Alpha      F1       Ln Like  Est Ln P(D)
555000:    1.00    9.099    0.022      -125768    0 
555100:    1.00    9.194    0.028      -125746    0 
555200:    1.00    9.130    0.031      -125751    0 
555300:    1.00    8.969    0.026      -125757    0 
555400:    1.00    9.103    0.040      -125757    0 
555500:    1.00    8.859    0.031      -125777    0 
555600:    1.00    8.728    0.029      -125756    0 
555700:    1.00    8.829    0.027      -125772    0 
555800:    1.00    8.759    0.035      -125778    0 
555900:    1.00    8.509    0.027      -125749    0 

  Rep#:   Lambda   Alpha      F1       Ln Like  Est Ln P(D)
556000:    1.00    8.871    0.026      -125769    0 
556100:    1.00    8.590    0.023      -125777    0 
556200:    1.00    8.524    0.024      -125767    0 
556300:    1.00    8.763    0.026      -125775    0 
556400:    1.00    8.654    0.029      -125772    0 
556500:    1.00    8.739    0.026      -125758    0 
556600:    1.00    8.455    0.032      -125757    0 
556700:    1.00    8.195    0.029      -125767    0 
556800:    1.00    8.519    0.029      -125758    0 
556900:    1.00    9.013    0.025      -125763    0 

  Rep#:   Lambda   Alpha      F1       Ln Like  Est Ln P(D)
557000:    1.00    9.531    0.037      -125760    0 
557100:    1.00    9.710    0.037      -125764    0 
557200:    1.00    9.818    0.029      -125758    0 
557300:    1.00    9.704    0.032      -125750    0 
557400:    1.00    9.438    0.029      -125762    0 
557500:    1.00    9.199    0.037      -125775    0 
557600:    1.00    9.380    0.042      -125764    0 
557700:    1.00    9.494    0.032      -125756    0 
557800:    1.00    9.475    0.037      -125751    0 
557900:    1.00    9.518    0.035      -125750    0 

  Rep#:   Lambda   Alpha      F1       Ln Like  Est Ln P(D)
558000:    1.00    9.667    0.025      -125764    0 
558100:    1.00    9.700    0.032      -125767    0 
558200:    1.00    9.998    0.037      -125746    0 
558300:    1.00    9.752    0.033      -125764    0 
558400:    1.00    9.573    0.034      -125786    0 
558500:    1.00    9.970    0.040      -125771    0 
558600:    1.00    9.724    0.030      -125777    0 
558700:    1.00    9.810    0.028      -125756    0 
558800:    1.00    9.506    0.036      -125753    0 
558900:    1.00    9.640    0.031      -125775    0 

  Rep#:   Lambda   Alpha      F1       Ln Like  Est Ln P(D)
559000:    1.00    9.740    0.031      -125750    0 
559100:    1.00    9.540    0.043      -125774    0 
559200:    1.00    9.155    0.034      -125758    0 
559300:    1.00    8.773    0.034      -125764    0 
559400:    1.00    8.935    0.036      -125771    0 
559500:    1.00    8.842    0.027      -125768    0 
559600:    1.00    9.087    0.034      -125757    0 
559700:    1.00    9.124    0.024      -125769    0 
559800:    1.00    8.967    0.036      -125766    0 
559900:    1.00    9.057    0.031      -125743    0 

  Rep#:   Lambda   Alpha      F1       Ln Like  Est Ln P(D)
560000:    1.00    9.277    0.031      -125754    0 
560100:    1.00    8.991    0.033      -125757    0 
560200:    1.00    9.200    0.029      -125776    0 
560300:    1.00    9.152    0.027      -125750    0 
560400:    1.00    9.046    0.029      -125773    0 
560500:    1.00    8.973    0.030      -125766    0 
560600:    1.00    8.934    0.033      -125773    0 
560700:    1.00    9.046    0.041      -125761    0 
560800:    1.00    8.876    0.042      -125760    0 
560900:    1.00    9.199    0.034      -125781    0 

  Rep#:   Lambda   Alpha      F1       Ln Like  Est Ln P(D)
561000:    1.00    9.361    0.042      -125768    0 
561100:    1.00    9.212    0.030      -125776    0 
561200:    1.00    8.837    0.025      -125748    0 
561300:    1.00    9.009    0.027      -125765    0 
561400:    1.00    9.195    0.027      -125755    0 
561500:    1.00    8.856    0.028      -125750    0 
561600:    1.00    8.646    0.033      -125757    0 
561700:    1.00    8.908    0.036      -125769    0 
561800:    1.00    8.949    0.027      -125770    0 
561900:    1.00    9.045    0.030      -125750    0 

  Rep#:   Lambda   Alpha      F1       Ln Like  Est Ln P(D)
562000:    1.00    8.753    0.026      -125773    0 
562100:    1.00    8.667    0.033      -125761    0 
562200:    1.00    8.970    0.026      -125762    0 
562300:    1.00    9.400    0.023      -125777    0 
562400:    1.00    9.429    0.018      -125772    0 
562500:    1.00    9.692    0.025      -125762    0 
562600:    1.00    9.833    0.031      -125757    0 
562700:    1.00    9.714    0.027      -125760    0 
562800:    1.00    9.773    0.027      -125771    0 
562900:    1.00    9.522    0.032      -125763    0 

  Rep#:   Lambda   Alpha      F1       Ln Like  Est Ln P(D)
563000:    1.00    9.319    0.037      -125766    0 
563100:    1.00    8.908    0.028      -125752    0 
563200:    1.00    8.680    0.029      -125768    0 
563300:    1.00    8.716    0.037      -125755    0 
563400:    1.00    8.461    0.026      -125769    0 
563500:    1.00    8.411    0.031      -125752    0 
563600:    1.00    8.021    0.025      -125750    0 
563700:    1.00    7.888    0.031      -125756    0 
563800:    1.00    7.899    0.035      -125750    0 
563900:    1.00    7.598    0.039      -125779    0 

  Rep#:   Lambda   Alpha      F1       Ln Like  Est Ln P(D)
564000:    1.00    7.558    0.043      -125782    0 
564100:    1.00    7.937    0.044      -125771    0 
564200:    1.00    8.162    0.032      -125775    0 
564300:    1.00    8.652    0.036      -125759    0 
564400:    1.00    8.956    0.030      -125769    0 
564500:    1.00    8.778    0.036      -125748    0 
564600:    1.00    8.565    0.037      -125748    0 
564700:    1.00    8.342    0.039      -125763    0 
564800:    1.00    7.978    0.032      -125782    0 
564900:    1.00    8.297    0.036      -125750    0 

  Rep#:   Lambda   Alpha      F1       Ln Like  Est Ln P(D)
565000:    1.00    8.234    0.034      -125759    0 
565100:    1.00    8.319    0.034      -125766    0 
565200:    1.00    8.777    0.036      -125752    0 
565300:    1.00    9.179    0.031      -125773    0 
565400:    1.00    9.193    0.022      -125764    0 
565500:    1.00    9.521    0.021      -125778    0 
565600:    1.00    9.346    0.026      -125775    0 
565700:    1.00    9.589    0.031      -125763    0 
565800:    1.00    9.633    0.036      -125755    0 
565900:    1.00    9.984    0.040      -125762    0 

  Rep#:   Lambda   Alpha      F1       Ln Like  Est Ln P(D)
566000:    1.00    9.853    0.026      -125775    0 
566100:    1.00    9.645    0.030      -125771    0 
566200:    1.00    9.740    0.032      -125777    0 
566300:    1.00    9.975    0.020      -125769    0 
566400:    1.00    9.993    0.026      -125758    0 
566500:    1.00    9.775    0.026      -125772    0 
566600:    1.00    9.951    0.033      -125768    0 
566700:    1.00    9.996    0.034      -125767    0 
566800:    1.00    9.996    0.033      -125763    0 
566900:    1.00    9.938    0.026      -125777    0 

  Rep#:   Lambda   Alpha      F1       Ln Like  Est Ln P(D)
567000:    1.00    9.894    0.029      -125772    0 
567100:    1.00    9.834    0.030      -125781    0 
567200:    1.00    9.283    0.036      -125763    0 
567300:    1.00    9.420    0.035      -125764    0 
567400:    1.00    9.308    0.036      -125766    0 
567500:    1.00    9.290    0.035      -125786    0 
567600:    1.00    9.227    0.027      -125758    0 
567700:    1.00    9.861    0.023      -125745    0 
567800:    1.00    9.869    0.028      -125779    0 
567900:    1.00    9.877    0.028      -125754    0 

  Rep#:   Lambda   Alpha      F1       Ln Like  Est Ln P(D)
568000:    1.00    9.779    0.030      -125763    0 
568100:    1.00    9.825    0.032      -125752    0 
568200:    1.00    9.953    0.033      -125763    0 
568300:    1.00    9.771    0.026      -125777    0 
568400:    1.00    9.618    0.029      -125756    0 
568500:    1.00    9.333    0.030      -125753    0 
568600:    1.00    9.071    0.030      -125755    0 
568700:    1.00    8.862    0.032      -125779    0 
568800:    1.00    9.165    0.032      -125764    0 
568900:    1.00    8.896    0.032      -125754    0 

  Rep#:   Lambda   Alpha      F1       Ln Like  Est Ln P(D)
569000:    1.00    9.122    0.037      -125749    0 
569100:    1.00    8.929    0.032      -125755    0 
569200:    1.00    8.800    0.030      -125746    0 
569300:    1.00    8.894    0.034      -125761    0 
569400:    1.00    8.286    0.027      -125753    0 
569500:    1.00    8.384    0.025      -125768    0 
569600:    1.00    8.613    0.032      -125764    0 
569700:    1.00    8.920    0.039      -125750    0 
569800:    1.00    8.751    0.034      -125774    0 
569900:    1.00    8.793    0.028      -125757    0 

  Rep#:   Lambda   Alpha      F1       Ln Like  Est Ln P(D)
570000:    1.00    9.232    0.029      -125779    0 
570100:    1.00    8.983    0.025      -125771    0 
570200:    1.00    9.337    0.028      -125757    0 
570300:    1.00    9.530    0.031      -125751    0 
570400:    1.00    9.345    0.023      -125760    0 
570500:    1.00    9.616    0.031      -125778    0 
570600:    1.00    9.646    0.028      -125753    0 
570700:    1.00    9.747    0.033      -125758    0 
570800:    1.00    9.952    0.037      -125755    0 
570900:    1.00    9.985    0.031      -125772    0 

  Rep#:   Lambda   Alpha      F1       Ln Like  Est Ln P(D)
571000:    1.00    9.664    0.027      -125757    0 
571100:    1.00    9.491    0.027      -125748    0 
571200:    1.00    9.750    0.025      -125757    0 
571300:    1.00    9.164    0.037      -125760    0 
571400:    1.00    9.335    0.029      -125758    0 
571500:    1.00    9.440    0.027      -125756    0 
571600:    1.00    9.264    0.031      -125758    0 
571700:    1.00    9.188    0.031      -125764    0 
571800:    1.00    9.283    0.032      -125750    0 
571900:    1.00    9.272    0.027      -125756    0 

  Rep#:   Lambda   Alpha      F1       Ln Like  Est Ln P(D)
572000:    1.00    9.090    0.040      -125772    0 
572100:    1.00    9.249    0.043      -125756    0 
572200:    1.00    9.292    0.035      -125768    0 
572300:    1.00    9.002    0.033      -125761    0 
572400:    1.00    9.118    0.033      -125759    0 
572500:    1.00    8.978    0.027      -125778    0 
572600:    1.00    9.196    0.030      -125767    0 
572700:    1.00    9.403    0.024      -125771    0 
572800:    1.00    9.313    0.029      -125756    0 
572900:    1.00    9.071    0.025      -125760    0 

  Rep#:   Lambda   Alpha      F1       Ln Like  Est Ln P(D)
573000:    1.00    8.751    0.029      -125758    0 
573100:    1.00    8.563    0.033      -125774    0 
573200:    1.00    8.218    0.030      -125768    0 
573300:    1.00    8.051    0.038      -125764    0 
573400:    1.00    8.021    0.037      -125773    0 
573500:    1.00    8.233    0.032      -125760    0 
573600:    1.00    7.748    0.036      -125760    0 
573700:    1.00    8.240    0.036      -125758    0 
573800:    1.00    8.002    0.033      -125763    0 
573900:    1.00    8.044    0.043      -125774    0 

  Rep#:   Lambda   Alpha      F1       Ln Like  Est Ln P(D)
574000:    1.00    8.133    0.032      -125772    0 
574100:    1.00    7.957    0.031      -125749    0 
574200:    1.00    7.737    0.027      -125776    0 
574300:    1.00    7.449    0.029      -125761    0 
574400:    1.00    7.497    0.030      -125759    0 
574500:    1.00    7.219    0.032      -125754    0 
574600:    1.00    7.295    0.038      -125760    0 
574700:    1.00    7.434    0.032      -125754    0 
574800:    1.00    7.129    0.033      -125747    0 
574900:    1.00    6.887    0.030      -125785    0 

  Rep#:   Lambda   Alpha      F1       Ln Like  Est Ln P(D)
575000:    1.00    7.065    0.031      -125763    0 
575100:    1.00    7.440    0.025      -125769    0 
575200:    1.00    8.044    0.038      -125764    0 
575300:    1.00    8.295    0.036      -125765    0 
575400:    1.00    8.425    0.038      -125780    0 
575500:    1.00    8.223    0.035      -125754    0 
575600:    1.00    7.861    0.022      -125784    0 
575700:    1.00    8.237    0.026      -125748    0 
575800:    1.00    8.155    0.032      -125770    0 
575900:    1.00    8.074    0.029      -125782    0 

  Rep#:   Lambda   Alpha      F1       Ln Like  Est Ln P(D)
576000:    1.00    7.982    0.029      -125785    0 
576100:    1.00    7.843    0.029      -125742    0 
576200:    1.00    7.957    0.031      -125757    0 
576300:    1.00    7.810    0.030      -125755    0 
576400:    1.00    8.153    0.032      -125763    0 
576500:    1.00    8.371    0.029      -125750    0 
576600:    1.00    8.508    0.028      -125779    0 
576700:    1.00    8.517    0.024      -125756    0 
576800:    1.00    8.119    0.021      -125776    0 
576900:    1.00    8.004    0.024      -125762    0 

  Rep#:   Lambda   Alpha      F1       Ln Like  Est Ln P(D)
577000:    1.00    8.032    0.018      -125761    0 
577100:    1.00    8.040    0.021      -125775    0 
577200:    1.00    7.699    0.023      -125781    0 
577300:    1.00    7.707    0.025      -125766    0 
577400:    1.00    7.693    0.027      -125781    0 
577500:    1.00    7.592    0.028      -125766    0 
577600:    1.00    7.483    0.027      -125770    0 
577700:    1.00    7.788    0.026      -125768    0 
577800:    1.00    7.977    0.030      -125756    0 
577900:    1.00    8.246    0.026      -125762    0 

  Rep#:   Lambda   Alpha      F1       Ln Like  Est Ln P(D)
578000:    1.00    7.823    0.031      -125744    0 
578100:    1.00    7.581    0.032      -125755    0 
578200:    1.00    7.888    0.022      -125759    0 
578300:    1.00    8.586    0.027      -125764    0 
578400:    1.00    8.816    0.027      -125746    0 
578500:    1.00    9.188    0.031      -125763    0 
578600:    1.00    9.115    0.032      -125757    0 
578700:    1.00    8.967    0.034      -125762    0 
578800:    1.00    8.917    0.036      -125762    0 
578900:    1.00    9.124    0.033      -125750    0 

  Rep#:   Lambda   Alpha      F1       Ln Like  Est Ln P(D)
579000:    1.00    9.203    0.031      -125765    0 
579100:    1.00    9.539    0.034      -125748    0 
579200:    1.00    9.521    0.031      -125776    0 
579300:    1.00    9.682    0.026      -125756    0 
579400:    1.00    9.418    0.029      -125753    0 
579500:    1.00    9.823    0.028      -125757    0 
579600:    1.00    9.817    0.028      -125780    0 
579700:    1.00    9.602    0.032      -125760    0 
579800:    1.00    9.849    0.034      -125755    0 
579900:    1.00    9.660    0.029      -125765    0 

  Rep#:   Lambda   Alpha      F1       Ln Like  Est Ln P(D)
580000:    1.00    9.561    0.032      -125767    0 
580100:    1.00    9.500    0.028      -125763    0 
580200:    1.00    9.200    0.027      -125774    0 
580300:    1.00    8.848    0.024      -125787    0 
580400:    1.00    8.634    0.022      -125752    0 
580500:    1.00    8.281    0.025      -125757    0 
580600:    1.00    8.691    0.026      -125758    0 
580700:    1.00    8.657    0.034      -125758    0 
580800:    1.00    8.499    0.029      -125758    0 
580900:    1.00    9.020    0.029      -125752    0 

  Rep#:   Lambda   Alpha      F1       Ln Like  Est Ln P(D)
581000:    1.00    9.145    0.026      -125759    0 
581100:    1.00    9.071    0.034      -125748    0 
581200:    1.00    8.898    0.029      -125770    0 
581300:    1.00    8.995    0.025      -125767    0 
581400:    1.00    8.622    0.033      -125759    0 
581500:    1.00    8.922    0.025      -125777    0 
581600:    1.00    8.552    0.026      -125775    0 
581700:    1.00    8.379    0.040      -125755    0 
581800:    1.00    8.230    0.035      -125754    0 
581900:    1.00    8.069    0.029      -125740    0 

  Rep#:   Lambda   Alpha      F1       Ln Like  Est Ln P(D)
582000:    1.00    8.209    0.029      -125790    0 
582100:    1.00    8.368    0.024      -125765    0 
582200:    1.00    8.294    0.028      -125759    0 
582300:    1.00    8.268    0.026      -125754    0 
582400:    1.00    8.136    0.026      -125764    0 
582500:    1.00    8.116    0.033      -125754    0 
582600:    1.00    8.047    0.039      -125739    0 
582700:    1.00    8.050    0.033      -125760    0 
582800:    1.00    8.569    0.040      -125763    0 
582900:    1.00    8.176    0.037      -125764    0 

  Rep#:   Lambda   Alpha      F1       Ln Like  Est Ln P(D)
583000:    1.00    8.408    0.031      -125786    0 
583100:    1.00    8.556    0.034      -125763    0 
583200:    1.00    8.363    0.028      -125767    0 
583300:    1.00    8.645    0.028      -125768    0 
583400:    1.00    8.600    0.024      -125790    0 
583500:    1.00    8.707    0.024      -125770    0 
583600:    1.00    8.588    0.023      -125766    0 
583700:    1.00    8.710    0.028      -125769    0 
583800:    1.00    8.996    0.032      -125762    0 
583900:    1.00    8.902    0.036      -125765    0 

  Rep#:   Lambda   Alpha      F1       Ln Like  Est Ln P(D)
584000:    1.00    8.849    0.036      -125753    0 
584100:    1.00    9.025    0.032      -125750    0 
584200:    1.00    8.718    0.039      -125755    0 
584300:    1.00    8.881    0.033      -125756    0 
584400:    1.00    8.897    0.032      -125766    0 
584500:    1.00    8.998    0.043      -125768    0 
584600:    1.00    9.001    0.040      -125746    0 
584700:    1.00    8.944    0.035      -125796    0 
584800:    1.00    8.619    0.039      -125772    0 
584900:    1.00    8.911    0.038      -125766    0 

  Rep#:   Lambda   Alpha      F1       Ln Like  Est Ln P(D)
585000:    1.00    8.791    0.036      -125778    0 
585100:    1.00    8.775    0.028      -125770    0 
585200:    1.00    8.887    0.034      -125764    0 
585300:    1.00    9.006    0.029      -125764    0 
585400:    1.00    9.367    0.033      -125748    0 
585500:    1.00    9.303    0.033      -125769    0 
585600:    1.00    9.333    0.037      -125779    0 
585700:    1.00    9.410    0.023      -125760    0 
585800:    1.00    9.580    0.028      -125743    0 
585900:    1.00    9.607    0.039      -125777    0 

  Rep#:   Lambda   Alpha      F1       Ln Like  Est Ln P(D)
586000:    1.00    9.917    0.035      -125767    0 
586100:    1.00    9.595    0.038      -125763    0 
586200:    1.00    9.054    0.033      -125751    0 
586300:    1.00    9.054    0.027      -125768    0 
586400:    1.00    9.026    0.031      -125756    0 
586500:    1.00    8.811    0.032      -125750    0 
586600:    1.00    8.911    0.024      -125764    0 
586700:    1.00    8.949    0.020      -125750    0 
586800:    1.00    9.241    0.027      -125782    0 
586900:    1.00    9.138    0.027      -125760    0 

  Rep#:   Lambda   Alpha      F1       Ln Like  Est Ln P(D)
587000:    1.00    9.009    0.027      -125770    0 
587100:    1.00    8.758    0.031      -125750    0 
587200:    1.00    9.081    0.035      -125768    0 
587300:    1.00    9.408    0.035      -125791    0 
587400:    1.00    8.967    0.032      -125775    0 
587500:    1.00    8.823    0.031      -125793    0 
587600:    1.00    8.347    0.031      -125756    0 
587700:    1.00    8.505    0.029      -125763    0 
587800:    1.00    8.446    0.030      -125790    0 
587900:    1.00    8.376    0.030      -125775    0 

  Rep#:   Lambda   Alpha      F1       Ln Like  Est Ln P(D)
588000:    1.00    8.251    0.029      -125785    0 
588100:    1.00    8.395    0.032      -125762    0 
588200:    1.00    8.480    0.025      -125750    0 
588300:    1.00    8.794    0.027      -125746    0 
588400:    1.00    8.625    0.027      -125765    0 
588500:    1.00    8.437    0.035      -125764    0 
588600:    1.00    8.510    0.039      -125760    0 
588700:    1.00    8.768    0.032      -125769    0 
588800:    1.00    8.585    0.040      -125781    0 
588900:    1.00    8.656    0.034      -125748    0 

  Rep#:   Lambda   Alpha      F1       Ln Like  Est Ln P(D)
589000:    1.00    8.474    0.034      -125768    0 
589100:    1.00    8.268    0.027      -125766    0 
589200:    1.00    8.261    0.033      -125763    0 
589300:    1.00    8.178    0.026      -125748    0 
589400:    1.00    8.173    0.032      -125759    0 
589500:    1.00    8.312    0.024      -125751    0 
589600:    1.00    8.182    0.021      -125761    0 
589700:    1.00    8.271    0.024      -125766    0 
589800:    1.00    8.142    0.030      -125753    0 
589900:    1.00    8.537    0.027      -125750    0 

  Rep#:   Lambda   Alpha      F1       Ln Like  Est Ln P(D)
590000:    1.00    8.637    0.018      -125757    0 
590100:    1.00    8.530    0.020      -125771    0 
590200:    1.00    8.604    0.017      -125756    0 
590300:    1.00    8.588    0.021      -125745    0 
590400:    1.00    7.806    0.026      -125762    0 
590500:    1.00    7.716    0.031      -125745    0 
590600:    1.00    7.944    0.026      -125761    0 
590700:    1.00    8.135    0.026      -125770    0 
590800:    1.00    8.288    0.038      -125775    0 
590900:    1.00    8.459    0.039      -125768    0 

  Rep#:   Lambda   Alpha      F1       Ln Like  Est Ln P(D)
591000:    1.00    8.693    0.032      -125739    0 
591100:    1.00    8.720    0.034      -125768    0 
591200:    1.00    8.714    0.037      -125767    0 
591300:    1.00    8.624    0.033      -125771    0 
591400:    1.00    8.850    0.035      -125795    0 
591500:    1.00    8.728    0.037      -125754    0 
591600:    1.00    8.939    0.030      -125766    0 
591700:    1.00    8.972    0.026      -125755    0 
591800:    1.00    8.462    0.031      -125772    0 
591900:    1.00    8.887    0.035      -125772    0 

  Rep#:   Lambda   Alpha      F1       Ln Like  Est Ln P(D)
592000:    1.00    8.581    0.033      -125777    0 
592100:    1.00    8.500    0.037      -125771    0 
592200:    1.00    8.575    0.034      -125744    0 
592300:    1.00    9.135    0.033      -125767    0 
592400:    1.00    9.324    0.036      -125739    0 
592500:    1.00    9.187    0.043      -125798    0 
592600:    1.00    9.295    0.033      -125766    0 
592700:    1.00    9.060    0.029      -125753    0 
592800:    1.00    9.095    0.025      -125764    0 
592900:    1.00    8.774    0.029      -125768    0 

  Rep#:   Lambda   Alpha      F1       Ln Like  Est Ln P(D)
593000:    1.00    8.833    0.026      -125773    0 
593100:    1.00    8.859    0.030      -125758    0 
593200:    1.00    8.536    0.030      -125771    0 
593300:    1.00    8.690    0.029      -125771    0 
593400:    1.00    8.924    0.023      -125754    0 
593500:    1.00    8.676    0.034      -125760    0 
593600:    1.00    8.995    0.038      -125768    0 
593700:    1.00    8.893    0.032      -125770    0 
593800:    1.00    9.353    0.036      -125762    0 
593900:    1.00    9.121    0.029      -125744    0 

  Rep#:   Lambda   Alpha      F1       Ln Like  Est Ln P(D)
594000:    1.00    8.663    0.040      -125761    0 
594100:    1.00    8.574    0.024      -125761    0 
594200:    1.00    8.218    0.030      -125767    0 
594300:    1.00    8.158    0.036      -125764    0 
594400:    1.00    8.429    0.030      -125770    0 
594500:    1.00    8.658    0.033      -125766    0 
594600:    1.00    8.673    0.035      -125773    0 
594700:    1.00    8.683    0.033      -125779    0 
594800:    1.00    9.046    0.028      -125756    0 
594900:    1.00    8.948    0.023      -125738    0 

  Rep#:   Lambda   Alpha      F1       Ln Like  Est Ln P(D)
595000:    1.00    8.888    0.027      -125764    0 
595100:    1.00    9.100    0.025      -125771    0 
595200:    1.00    9.364    0.032      -125755    0 
595300:    1.00    9.639    0.027      -125773    0 
595400:    1.00    9.781    0.030      -125758    0 
595500:    1.00    9.775    0.031      -125761    0 
595600:    1.00    9.818    0.027      -125762    0 
595700:    1.00    9.778    0.034      -125757    0 
595800:    1.00    9.948    0.044      -125767    0 
595900:    1.00    9.768    0.033      -125753    0 

  Rep#:   Lambda   Alpha      F1       Ln Like  Est Ln P(D)
596000:    1.00    9.841    0.035      -125756    0 
596100:    1.00    9.895    0.034      -125761    0 
596200:    1.00    9.839    0.032      -125772    0 
596300:    1.00    9.683    0.040      -125780    0 
596400:    1.00    9.652    0.041      -125751    0 
596500:    1.00    9.513    0.033      -125783    0 
596600:    1.00    9.661    0.037      -125760    0 
596700:    1.00    9.520    0.043      -125755    0 
596800:    1.00    9.178    0.041      -125763    0 
596900:    1.00    8.881    0.040      -125743    0 

  Rep#:   Lambda   Alpha      F1       Ln Like  Est Ln P(D)
597000:    1.00    8.935    0.035      -125775    0 
597100:    1.00    8.903    0.038      -125759    0 
597200:    1.00    8.858    0.034      -125772    0 
597300:    1.00    9.093    0.031      -125782    0 
597400:    1.00    9.368    0.027      -125760    0 
597500:    1.00    9.190    0.030      -125783    0 
597600:    1.00    9.193    0.029      -125780    0 
597700:    1.00    9.241    0.035      -125765    0 
597800:    1.00    9.381    0.031      -125788    0 
597900:    1.00    9.527    0.032      -125746    0 

  Rep#:   Lambda   Alpha      F1       Ln Like  Est Ln P(D)
598000:    1.00    9.273    0.042      -125747    0 
598100:    1.00    9.335    0.033      -125764    0 
598200:    1.00    9.559    0.031      -125772    0 
598300:    1.00    9.985    0.030      -125779    0 
598400:    1.00    9.888    0.031      -125763    0 
598500:    1.00    9.374    0.024      -125761    0 
598600:    1.00    9.429    0.026      -125744    0 
598700:    1.00    9.294    0.033      -125753    0 
598800:    1.00    9.794    0.035      -125759    0 
598900:    1.00    9.566    0.039      -125759    0 

  Rep#:   Lambda   Alpha      F1       Ln Like  Est Ln P(D)
599000:    1.00    9.259    0.030      -125765    0 
599100:    1.00    9.062    0.038      -125757    0 
599200:    1.00    9.451    0.030      -125758    0 
599300:    1.00    9.513    0.027      -125760    0 
599400:    1.00    9.167    0.023      -125760    0 
599500:    1.00    9.524    0.027      -125755    0 
599600:    1.00    9.307    0.029      -125765    0 
599700:    1.00    9.227    0.025      -125758    0 
599800:    1.00    9.564    0.027      -125766    0 
599900:    1.00    9.546    0.032      -125773    0 
600000:    1.00    9.742    0.035      -125762    0 

MCMC completed

Inferred ancestry of individuals:
        Label (%Miss) Pop:  Inferred clusters
  1 CP00019943    (0)    2 :  1.000 
  2 CP00019945    (0)    2 :  1.000 
  3 CP00019948    (0)    2 :  1.000 
  4 CP00019939    (0)    2 :  1.000 
  5 CP00019944    (0)    2 :  1.000 
  6 CP00019712    (0)    2 :  1.000 
  7 CP00019695    (0)    2 :  1.000 
  8 CP00019928    (0)    2 :  1.000 
  9 CP00019983    (0)    2 :  1.000 
 10 CP00019707    (0)    2 :  1.000 
 11 CP00020015    (0)    2 :  1.000 
 12 CP00019692    (0)    2 :  1.000 
 13 CP00019715    (0)    2 :  1.000 
 14 CP00019713    (0)    2 :  1.000 
 15 CP00019708    (0)    2 :  1.000 
 16 CP00019699    (0)    2 :  1.000 
 17 CP00019681    (0)    2 :  1.000 
 18 CP00019680    (0)    2 :  1.000 
 19 CP00019679    (0)    2 :  1.000 
 20 CP00019927    (0)    2 :  1.000 
 21 CP00019690    (0)    2 :  1.000 
 22 CP00019687    (0)    2 :  1.000 
 23 CP00019701    (0)    2 :  1.000 
 24 CP00019709    (0)    2 :  1.000 
 25 CP00019717    (0)    2 :  1.000 
 26 CP00019718    (0)    2 :  1.000 
 27 CP00020007    (0)    2 :  1.000 
 28 CP00019934    (0)    2 :  1.000 
 29 CP00019979    (0)    2 :  1.000 
 30 CP00019935    (0)    2 :  1.000 
 31 CP00020005    (0)    2 :  1.000 
 32 CP00019988    (0)    2 :  1.000 
 33 CP00019685    (0)    2 :  1.000 
 34 CP00019706    (0)    2 :  1.000 
 35 CP00019703    (0)    2 :  1.000 
 36 CP00019704    (0)    2 :  1.000 
 37 CP00019705    (0)    2 :  1.000 
 38 CP00019710    (0)    2 :  1.000 
 39 CP00019940    (0)    2 :  1.000 
 40 CP00019985    (0)    2 :  1.000 
 41 CP00020006    (0)    2 :  1.000 
 42 CP00019981    (0)    2 :  1.000 
 43 CP00020003    (0)    2 :  1.000 
 44 CP00020004    (0)    2 :  1.000 
 45 CP00019946    (0)    2 :  1.000 
 46 CP00019941    (0)    2 :  1.000 
 47 CP00020002    (0)    2 :  1.000 
 48 CP00020323    (0)    2 :  1.000 
 49 CP00020008    (0)    2 :  1.000 
 50 CP00019716    (0)    2 :  1.000 
 51 CP00019982    (0)    2 :  1.000 
 52 CP00019942    (0)    2 :  1.000 
 53 CP00020018    (0)    2 :  1.000 
 54 CP00019933    (0)    2 :  1.000 
 55 CP00020019    (0)    2 :  1.000 
 56 CP00019688    (0)    2 :  1.000 
 57 CP00019926    (0)    2 :  1.000 
 58 CP00020001    (0)    2 :  1.000 
 59 CP00019698    (0)    2 :  1.000 
 60 CP00019672    (0)    2 :  1.000 
 61 CP00019673    (0)    2 :  1.000 
 62 CP00019691    (0)    2 :  1.000 
 63 CP00019947    (0)    2 :  1.000 
 64 CP00019676    (0)    2 :  1.000 
 65 CP00020000    (0)    2 :  1.000 
 66 CP00019674    (0)    2 :  1.000 
 67 CP00019989    (0)    2 :  1.000 
 68 CP00020017    (0)    2 :  1.000 
 69 CP00019686    (0)    2 :  1.000 
 70 CP00019980    (0)    2 :  1.000 
 71 CP00020016    (0)    2 :  1.000 
 72 CP00019978    (0)    2 :  1.000 
 73 CP00019720    (0)    2 :  1.000 
 74 CP00019693    (0)    2 :  1.000 
 75 CP00019998    (0)    2 :  1.000 
 76 CP00019694    (0)    2 :  1.000 
 77 CP00019675    (0)    2 :  1.000 
 78 CP00019671    (0)    2 :  1.000 
 79 CP00019714    (0)    2 :  1.000 
 80 CP00019937    (0)    2 :  1.000 
 81 CP00020324    (0)    2 :  1.000 
 82 CP00020020    (0)    2 :  1.000 
 83 CP00019696    (0)    2 :  1.000 
 84 CP00019689    (0)    2 :  1.000 
 85 CP00019702    (0)    2 :  1.000 
 86 CP00019993    (0)    2 :  1.000 
 87 CP00019999    (0)    2 :  1.000 
 88 CP00019700    (0)    2 :  1.000 
 89 CP00019936    (0)    2 :  1.000 
 90 CP00019984    (0)    2 :  1.000 
 91 CP00019684    (0)    2 :  1.000 
 92 CP00019719    (0)    2 :  1.000 
 93 CP00020103    (0)    2 :  1.000 
 94 CP00020105    (0)    2 :  1.000 
 95 CP00020072    (0)    2 :  1.000 
 96 CP00020086    (0)    2 :  1.000 
 97 CP00020107    (0)    2 :  1.000 
 98 CP00020106    (0)    2 :  1.000 
 99 CP00020089    (0)    2 :  1.000 
100 CP00020094    (0)    2 :  1.000 
101 CP00020037    (0)    2 :  1.000 
102 CP00020069    (0)    2 :  1.000 
103 CP00020112    (0)    2 :  1.000 
104 CP00020083    (0)    2 :  1.000 
105 CP00020099    (0)    2 :  1.000 
106 CP00020092    (0)    2 :  1.000 
107 CP00020097    (0)    2 :  1.000 
108 CP00020098    (0)    2 :  1.000 
109 CP00020102    (0)    2 :  1.000 
110 CP00020117    (0)    2 :  1.000 
111 CP00020085    (0)    2 :  1.000 
112 CP00020078    (0)    2 :  1.000 
113 CP00020111    (0)    2 :  1.000 
114 CP00020053    (0)    2 :  1.000 
115 CP00020021    (0)    2 :  1.000 
116 CP00020041    (0)    2 :  1.000 
117 CP00020047    (0)    2 :  1.000 
118 CP00020064    (0)    2 :  1.000 
119 CP00020065    (0)    2 :  1.000 
120 CP00020046    (0)    2 :  1.000 
121 CP00020025    (0)    2 :  1.000 
122 CP00020022    (0)    2 :  1.000 
123 CP00020028    (0)    2 :  1.000 
124 CP00020062    (0)    2 :  1.000 
125 CP00020023    (0)    2 :  1.000 
126 CP00020059    (0)    2 :  1.000 
127 CP00020060    (0)    2 :  1.000 
128 CP00020057    (0)    2 :  1.000 
129 CP00020119    (0)    2 :  1.000 
130 CP00020073    (0)    2 :  1.000 
131 CP00020055    (0)    2 :  1.000 
132 CP00020071    (0)    2 :  1.000 
133 CP00020087    (0)    2 :  1.000 
134 CP00020116    (0)    2 :  1.000 
135 CP00020052    (0)    2 :  1.000 
136 CP00020067    (0)    2 :  1.000 
137 CP00020070    (0)    2 :  1.000 
138 CP00020036    (0)    2 :  1.000 
139 CP00020029    (0)    2 :  1.000 
140 CP00020031    (0)    2 :  1.000 
141 CP00020108    (0)    2 :  1.000 
142 CP00020109    (0)    2 :  1.000 
143 CP00020101    (0)    2 :  1.000 
144 CP00020076    (0)    2 :  1.000 
145 CP00020104    (0)    2 :  1.000 
146 CP00020077    (0)    2 :  1.000 
147 CP00020088    (0)    2 :  1.000 
148 CP00020100    (0)    2 :  1.000 
149 CP00020096    (0)    2 :  1.000 
150 CP00020095    (0)    2 :  1.000 
151 CP00020090    (0)    2 :  1.000 
152 CP00020061    (0)    2 :  1.000 
153 CP00020093    (0)    2 :  1.000 
154 CP00020058    (0)    2 :  1.000 
155 CP00020056    (0)    2 :  1.000 
156 CP00020054    (0)    2 :  1.000 
157 CP00020034    (0)    2 :  1.000 
158 CP00020030    (0)    2 :  1.000 
159 CP00020066    (0)    2 :  1.000 
160 CP00020068    (0)    2 :  1.000 
161 CP00020032    (0)    2 :  1.000 
162 CP00020039    (0)    2 :  1.000 
163 CP00020038    (0)    2 :  1.000 
164 CP00020026    (0)    2 :  1.000 
165 CP00020048    (0)    2 :  1.000 
166 CP00020079    (0)    2 :  1.000 
167 CP00020120    (0)    2 :  1.000 
168 CP00020074    (0)    2 :  1.000 
169 CP00020115    (0)    2 :  1.000 
170 CP00020080    (0)    2 :  1.000 
171 CP00020091    (0)    2 :  1.000 
172 CP00020081    (0)    2 :  1.000 
173 CP00020082    (0)    2 :  1.000 
174 CP00019591    (0)    2 :  1.000 
175 CP00019572    (0)    2 :  1.000 
176 CP00020202    (0)    2 :  1.000 
177 CP00019610    (0)    2 :  1.000 
178 CP00019595    (0)    2 :  1.000 
179 CP00019607    (0)    2 :  1.000 
180 CP00020203    (0)    2 :  1.000 
181 CP00020187    (0)    2 :  1.000 
182 CP00020185    (0)    2 :  1.000 
183 CP00020206    (0)    2 :  1.000 
184 CP00020190    (0)    2 :  1.000 
185 CP00020209    (0)    2 :  1.000 
186 CP00020200    (0)    2 :  1.000 
187 CP00020213    (0)    2 :  1.000 
188 CP00020218    (0)    2 :  1.000 
189 CP00020186    (0)    2 :  1.000 
190 CP00019575    (0)    2 :  1.000 
191 CP00020215    (0)    2 :  1.000 
192 CP00020219    (0)    2 :  1.000 
193 CP00020180    (0)    2 :  1.000 
194 CP00019612    (0)    2 :  1.000 
195 CP00020220    (0)    2 :  1.000 
196 CP00020217    (0)    2 :  1.000 
197 CP00020216    (0)    2 :  1.000 
198 CP00020211    (0)    2 :  1.000 
199 CP00020212    (0)    2 :  1.000 
200 CP00020205    (0)    2 :  1.000 
201 CP00019614    (0)    2 :  1.000 
202 CP00020177    (0)    2 :  1.000 
203 CP00019587    (0)    2 :  1.000 
204 CP00019602    (0)    2 :  1.000 
205 CP00019605    (0)    2 :  1.000 
206 CP00019590    (0)    2 :  1.000 
207 CP00019592    (0)    2 :  1.000 
208 CP00019603    (0)    2 :  1.000 
209 CP00019597    (0)    2 :  1.000 
210 CP00019582    (0)    2 :  1.000 
211 CP00019578    (0)    2 :  1.000 
212 CP00020176    (0)    2 :  1.000 
213 CP00020173    (0)    2 :  1.000 
214 CP00019580    (0)    2 :  1.000 
215 CP00019571    (0)    2 :  1.000 
216 CP00020192    (0)    2 :  1.000 
217 CP00020208    (0)    2 :  1.000 
218 CP00020188    (0)    2 :  1.000 
219 CP00020171    (0)    2 :  1.000 
220 CP00020195    (0)    2 :  1.000 
221 CP00020196    (0)    2 :  1.000 
222 CP00020261    (0)    2 :  1.000 
223 CP00020181    (0)    2 :  1.000 
224 CP00020183    (0)    2 :  1.000 
225 CP00020199    (0)    2 :  1.000 
226 CP00020182    (0)    2 :  1.000 
227 CP00019609    (0)    2 :  1.000 
228 CP00019588    (0)    2 :  1.000 
229 CP00019598    (0)    2 :  1.000 
230 CP00019604    (0)    2 :  1.000 
231 CP00019615    (0)    2 :  1.000 
232 CP00020214    (0)    2 :  1.000 
233 CP00020184    (0)    2 :  1.000 
234 CP00020172    (0)    2 :  1.000 
235 CP00020179    (0)    2 :  1.000 
236 CP00019586    (0)    2 :  1.000 
237 CP00019583    (0)    2 :  1.000 
238 CP00019599    (0)    2 :  1.000 
239 CP00019596    (0)    2 :  1.000 
240 CP00019589    (0)    2 :  1.000 
241 CP00019606    (0)    2 :  1.000 
242 CP00020178    (0)    2 :  1.000 
243 CP00020175    (0)    2 :  1.000 
244 CP00020174    (0)    2 :  1.000 
245 CP00019584    (0)    2 :  1.000 
246 CP00019574    (0)    2 :  1.000 
247 CP00020204    (0)    2 :  1.000 
248 CP00019611    (0)    2 :  1.000 
249 CP00020201    (0)    2 :  1.000 
250 CP00020210    (0)    2 :  1.000 
251 CP00020207    (0)    2 :  1.000 
252 CP00020194    (0)    2 :  1.000 
253 CP00020191    (0)    2 :  1.000 
254 CP00020193    (0)    2 :  1.000 
255 CP00019619    (0)    2 :  1.000 
256 CP00020398    (0)    2 :  1.000 
257 CP00020377    (0)    2 :  1.000 
258 CP00020412    (0)    2 :  1.000 
259 CP00020400    (0)    2 :  1.000 
260 CP00020399    (0)    2 :  1.000 
261 CP00020379    (0)    2 :  1.000 
262 CP00020393    (0)    2 :  1.000 
263 CP00020411    (0)    2 :  1.000 
264 CP00020374    (0)    2 :  1.000 
265 CP00019876    (0)    2 :  1.000 
266 CP00019892    (0)    2 :  1.000 
267 CP00019919    (0)    2 :  1.000 
268 CP00020418    (0)    2 :  1.000 
269 CP00019893    (0)    2 :  1.000 
270 CP00019889    (0)    2 :  1.000 
271 CP00019904    (0)    2 :  1.000 
272 CP00019909    (0)    2 :  1.000 
273 CP00020392    (0)    2 :  1.000 
274 CP00020387    (0)    2 :  1.000 
275 CP00019872    (0)    2 :  1.000 
276 CP00020395    (0)    2 :  1.000 
277 CP00020378    (0)    2 :  1.000 
278 CP00020417    (0)    2 :  1.000 
279 CP00019887    (0)    2 :  1.000 
280 CP00019884    (0)    2 :  1.000 
281 CP00019907    (0)    2 :  1.000 
282 CP00019874    (0)    2 :  1.000 
283 CP00019881    (0)    2 :  1.000 
284 CP00019871    (0)    2 :  1.000 
285 CP00019878    (0)    2 :  1.000 
286 CP00019901    (0)    2 :  1.000 
287 CP00019879    (0)    2 :  1.000 
288 CP00019902    (0)    2 :  1.000 
289 CP00019913    (0)    2 :  1.000 
290 CP00019875    (0)    2 :  1.000 
291 CP00019912    (0)    2 :  1.000 
292 CP00019898    (0)    2 :  1.000 
293 CP00019910    (0)    2 :  1.000 
294 CP00020416    (0)    2 :  1.000 
295 CP00020396    (0)    2 :  1.000 
296 CP00019900    (0)    2 :  1.000 
297 CP00019899    (0)    2 :  1.000 
298 CP00019883    (0)    2 :  1.000 
299 CP00020409    (0)    2 :  1.000 
300 CP00020415    (0)    2 :  1.000 
301 CP00020419    (0)    2 :  1.000 
302 CP00019905    (0)    2 :  1.000 
303 CP00020385    (0)    2 :  1.000 
304 CP00019920    (0)    2 :  1.000 
305 CP00019890    (0)    2 :  1.000 
306 CP00019896    (0)    2 :  1.000 
307 CP00020382    (0)    2 :  1.000 
308 CP00020381    (0)    2 :  1.000 
309 CP00020384    (0)    2 :  1.000 
310 CP00020410    (0)    2 :  1.000 
311 CP00019915    (0)    2 :  1.000 
312 CP00019885    (0)    2 :  1.000 
313 CP00020371    (0)    2 :  1.000 
314 CP00020372    (0)    2 :  1.000 
315 CP00020402    (0)    2 :  1.000 
316 CP00020414    (0)    2 :  1.000 
317 CP00020386    (0)    2 :  1.000 
318 CP00020389    (0)    2 :  1.000 
319 CP00020388    (0)    2 :  1.000 
320 CP00020413    (3)    2 :  1.000 
321 CP00020376    (0)    2 :  1.000 
322 CP00020407    (0)    2 :  1.000 
323 CP00020406    (0)    2 :  1.000 
324 CP00019873    (0)    2 :  1.000 
325 CP00019888    (0)    2 :  1.000 
326 CP00019877    (0)    2 :  1.000 
327 CP00019894    (0)    2 :  1.000 
328 CP00020375    (0)    2 :  1.000 
329 CP00020404    (0)    2 :  1.000 
330 CP00020391    (0)    2 :  1.000 
331 CP00020380    (0)    2 :  1.000 
332 CP00020408    (0)    2 :  1.000 
333 CP00020397    (0)    2 :  1.000 
334 CP00019891    (0)    2 :  1.000 
335 CP00019917    (0)    2 :  1.000 
336 CP00019906    (0)    2 :  1.000 
337 CP00019916    (0)    2 :  1.000 
338 CP00019908    (0)    2 :  1.000 
339 CP00020373    (0)    2 :  1.000 
340 CP00020383    (0)    2 :  1.000 
341 CP00019882    (0)    2 :  1.000 
342 CP00019903    (0)    2 :  1.000 
343 CP00020401    (0)    2 :  1.000 
344 CP00020403    (0)    2 :  1.000 
345 CP00019886    (0)    2 :  1.000 
346 CP00020405    (0)    2 :  1.000 
347 CP00020390    (0)    2 :  1.000 
348 CP00019911    (0)    2 :  1.000 
349 CP00019897    (0)    2 :  1.000 
350 CP00020420    (0)    2 :  1.000 
351 CP00019895    (0)    2 :  1.000 
352 CP00019918    (0)    2 :  1.000 
353 CP00019808    (0)    2 :  1.000 
354 CP00019779    (0)    2 :  1.000 
355 CP00019789    (0)    2 :  1.000 
356 CP00019791    (0)    2 :  1.000 
357 CP00019799    (0)    2 :  1.000 
358 CP00019790    (0)    2 :  1.000 
359 CP00019834    (0)    2 :  1.000 
360 CP00019801    (0)    2 :  1.000 
361 CP00019782    (0)    2 :  1.000 
362 CP00019867    (0)    2 :  1.000 
363 CP00019845    (0)    2 :  1.000 
364 CP00019792    (0)    2 :  1.000 
365 CP00019860    (0)    2 :  1.000 
366 CP00019858    (0)    2 :  1.000 
367 CP00019856    (0)    2 :  1.000 
368 CP00019857    (0)    2 :  1.000 
369 CP00019828    (0)    2 :  1.000 
370 CP00019821    (0)    2 :  1.000 
371 CP00019863    (0)    2 :  1.000 
372 CP00019846    (0)    2 :  1.000 
373 CP00019825    (0)    2 :  1.000 
374 CP00019824    (0)    2 :  1.000 
375 CP00019838    (0)    2 :  1.000 
376 CP00019868    (0)    2 :  1.000 
377 CP00019835    (0)    2 :  1.000 
378 CP00019836    (0)    2 :  1.000 
379 CP00019870    (0)    2 :  1.000 
380 CP00019833    (0)    2 :  1.000 
381 CP00019826    (0)    2 :  1.000 
382 CP00019837    (0)    2 :  1.000 
383 CP00019830    (0)    2 :  1.000 
384 CP00019822    (0)    2 :  1.000 
385 CP00019866    (0)    2 :  1.000 
386 CP00019829    (0)    2 :  1.000 
387 CP00019841    (0)    2 :  1.000 
388 CP00019831    (0)    2 :  1.000 
389 CP00019774    (0)    2 :  1.000 
390 CP00019847    (0)    2 :  1.000 
391 CP00019851    (0)    2 :  1.000 
392 CP00019844    (0)    2 :  1.000 
393 CP00019823    (0)    2 :  1.000 
394 CP00019842    (0)    2 :  1.000 
395 CP00019859    (0)    2 :  1.000 
396 CP00019827    (0)    2 :  1.000 
397 CP00019862    (0)    2 :  1.000 
398 CP00019864    (0)    2 :  1.000 
399 CP00019861    (0)    2 :  1.000 
400 CP00019865    (0)    2 :  1.000 
401 CP00019819    (0)    2 :  1.000 
402 CP00019778    (0)    2 :  1.000 
403 CP00019796    (0)    2 :  1.000 
404 CP00019803    (0)    2 :  1.000 
405 CP00019804    (0)    2 :  1.000 
406 CP00019775    (0)    2 :  1.000 
407 CP00019780    (0)    2 :  1.000 
408 CP00019820    (0)    2 :  1.000 
409 CP00019787    (0)    2 :  1.000 
410 CP00019771    (0)    2 :  1.000 
411 CP00019793    (0)    2 :  1.000 
412 CP00019788    (0)    2 :  1.000 
413 CP00019781    (0)    2 :  1.000 
414 CP00019797    (0)    2 :  1.000 
415 CP00019807    (0)    2 :  1.000 
416 CP00019800    (0)    2 :  1.000 
417 CP00019813    (0)    2 :  1.000 
418 CP00019814    (0)    2 :  1.000 
419 CP00019772    (0)    2 :  1.000 
420 CP00019794    (0)    2 :  1.000 
421 CP00019839    (0)    2 :  1.000 
422 CP00019854    (0)    2 :  1.000 
423 CP00019852    (0)    2 :  1.000 
424 CP00019855    (0)    2 :  1.000 
425 CP00019805    (0)    2 :  1.000 
426 CP00019843    (0)    2 :  1.000 
427 CP00019811    (0)    2 :  1.000 
428 CP00019817    (0)    2 :  1.000 
429 CP00019832    (0)    2 :  1.000 
430 CP00019773    (0)    2 :  1.000 
431 CP00019850    (0)    2 :  1.000 
432 CP00019853    (0)    2 :  1.000 
433 CP00019785    (0)    2 :  1.000 
434 CP00019815    (0)    2 :  1.000 
435 CP00019809    (0)    2 :  1.000 
436 CP00019840    (0)    2 :  1.000 
437 CP00019776    (0)    2 :  1.000 
438 CP00019816    (0)    2 :  1.000 
439 CP00019810    (0)    2 :  1.000 
440 CP00019848    (0)    2 :  1.000 
441 CP00019806    (0)    2 :  1.000 
442 CP00019812    (0)    2 :  1.000 
443 CP00019818    (0)    2 :  1.000 
444 CP00019849    (0)    2 :  1.000 
445 CP00019786    (0)    2 :  1.000 
446 CP00019783    (0)    2 :  1.000 
447 CP00019802    (0)    2 :  1.000 
448 CP00020014    (0)    2 :  1.000 
449 CP00021063    (0)    2 :  1.000 
450 CP00021052    (3)    2 :  1.000 
451 CP00019924    (0)    2 :  1.000 
452 CP00020013    (0)    2 :  1.000 
453 CP00019953    (0)    2 :  1.000 
454 CP00021046    (0)    2 :  1.000 
455 CP00019969    (0)    2 :  1.000 
456 CP00021024    (0)    2 :  1.000 
457 CP00019990    (0)    2 :  1.000 
458 CP00019976    (0)    2 :  1.000 
459 CP00019975    (0)    2 :  1.000 
460 CP00019994    (0)    2 :  1.000 
461 CP00020266    (0)    2 :  1.000 
462 CP00019977    (0)    2 :  1.000 
463 CP00021043    (0)    2 :  1.000 
464 CP00021030    (0)    2 :  1.000 
465 CP00019959    (0)    2 :  1.000 
466 CP00019997    (0)    2 :  1.000 
467 CP00019929    (0)    2 :  1.000 
468 CP00021047    (0)    2 :  1.000 
469 CP00019677    (0)    2 :  1.000 
470 CP00020322    (0)    2 :  1.000 
471 CP00020265    (0)    2 :  1.000 
472 CP00021036    (0)    2 :  1.000 
473 CP00020328    (0)    2 :  1.000 
474 CP00020267    (0)    2 :  1.000 
475 CP00021045    (0)    2 :  1.000 
476 CP00021038    (0)    2 :  1.000 
477 CP00021027    (0)    2 :  1.000 
478 CP00020330    (0)    2 :  1.000 
479 CP00019957    (0)    2 :  1.000 
480 CP00019956    (0)    2 :  1.000 
481 CP00021025    (0)    2 :  1.000 
482 CP00021040    (0)    2 :  1.000 
483 CP00021044    (0)    2 :  1.000 
484 CP00021051    (0)    2 :  1.000 
485 CP00021058    (0)    2 :  1.000 
486 CP00019932    (0)    2 :  1.000 
487 CP00021060    (0)    2 :  1.000 
488 CP00021032    (0)    2 :  1.000 
489 CP00021048    (0)    2 :  1.000 
490 CP00021034    (0)    2 :  1.000 
491 CP00020262    (0)    2 :  1.000 
492 CP00021050    (0)    2 :  1.000 
493 CP00019950    (0)    2 :  1.000 
494 CP00019921    (0)    2 :  1.000 
495 CP00021023    (0)    2 :  1.000 
496 CP00019996    (0)    2 :  1.000 
497 CP00019949    (0)    2 :  1.000 
498 CP00019970    (0)    2 :  1.000 
499 CP00020329    (0)    2 :  1.000 
500 CP00019930    (0)    2 :  1.000 
501 CP00020009    (0)    2 :  1.000 
502 CP00021039    (0)    2 :  1.000 
503 CP00021061    (0)    2 :  1.000 
504 CP00021021    (0)    2 :  1.000 
505 CP00020327    (0)    2 :  1.000 
506 CP00021028    (0)    2 :  1.000 
507 CP00020263    (0)    2 :  1.000 
508 CP00019960    (0)    2 :  1.000 
509 CP00019922    (0)    2 :  1.000 
510 CP00019995    (0)    2 :  1.000 
511 CP00021062    (0)    2 :  1.000 
512 CP00021059    (0)    2 :  1.000 
513 CP00020011    (0)    2 :  1.000 
514 CP00019951    (0)    2 :  1.000 
515 CP00020268    (0)    2 :  1.000 
516 CP00019678    (0)    2 :  1.000 
517 CP00019952    (0)    2 :  1.000 
518 CP00021037    (0)    2 :  1.000 
519 CP00021042    (0)    2 :  1.000 
520 CP00021041    (0)    2 :  1.000 
521 CP00020010    (0)    2 :  1.000 
522 CP00021056    (0)    2 :  1.000 
523 CP00020012    (0)    2 :  1.000 
524 CP00021031    (0)    2 :  1.000 
525 CP00019958    (0)    2 :  1.000 
526 CP00019971    (0)    2 :  1.000 
527 CP00021026    (0)    2 :  1.000 
528 CP00020321    (0)    2 :  1.000 
529 CP00019972    (0)    2 :  1.000 
530 CP00021035    (0)    2 :  1.000 
531 CP00020264    (0)    2 :  1.000 
532 CP00021049    (0)    2 :  1.000 
533 CP00021033    (0)    2 :  1.000 
534 CP00019954    (0)    2 :  1.000 
535 CP00019931    (0)    2 :  1.000 
536 CP00021054    (0)    2 :  1.000 
537 CP00021029    (0)    2 :  1.000 
538 CP00021053    (0)    2 :  1.000 
539 CP00021022    (0)    2 :  1.000 
540 CP00021055    (0)    2 :  1.000 
541 CP00020718    (0)    2 :  1.000 
542 CP00020716    (0)    2 :  1.000 
543 CP00020696    (0)    2 :  1.000 
544 CP00020714    (0)    2 :  1.000 
545 CP00020682    (0)    2 :  1.000 
546 CP00020698    (0)    2 :  1.000 
547 CP00020697    (0)    2 :  1.000 
548 CP00020688    (0)    2 :  1.000 
549 CP00020687    (0)    2 :  1.000 
550 CP00020675    (0)    2 :  1.000 
551 CP00020717    (0)    2 :  1.000 
552 CP00020676    (0)    2 :  1.000 
553 CP00020704    (0)    2 :  1.000 
554 CP00020686    (0)    2 :  1.000 
555 CP00020699    (0)    2 :  1.000 
556 CP00020700    (0)    2 :  1.000 
557 CP00020689    (0)    2 :  1.000 
558 CP00020566    (0)    2 :  1.000 
559 CP00020360    (0)    2 :  1.000 
560 CP00020345    (0)    2 :  1.000 
561 CP00020357    (0)    2 :  1.000 
562 CP00020352    (0)    2 :  1.000 
563 CP00020353    (0)    2 :  1.000 
564 CP00020342    (0)    2 :  1.000 
565 CP00020367    (0)    2 :  1.000 
566 CP00020561    (0)    2 :  1.000 
567 CP00020343    (0)    2 :  1.000 
568 CP00020569    (0)    2 :  1.000 
569 CP00020554    (0)    2 :  1.000 
570 CP00020355    (0)    2 :  1.000 
571 CP00020356    (0)    2 :  1.000 
572 CP00020562    (0)    2 :  1.000 
573 CP00020563    (0)    2 :  1.000 
574 CP00020564    (0)    2 :  1.000 
575 CP00020341    (0)    2 :  1.000 
576 CP00020695    (0)    2 :  1.000 
577 CP00020363    (0)    2 :  1.000 
578 CP00020362    (0)    2 :  1.000 
579 CP00020359    (0)    2 :  1.000 
580 CP00020551    (0)    2 :  1.000 
581 CP00020365    (0)    2 :  1.000 
582 CP00020712    (0)    2 :  1.000 
583 CP00020556    (0)    2 :  1.000 
584 CP00020559    (0)    2 :  1.000 
585 CP00020350    (0)    2 :  1.000 
586 CP00020570    (0)    2 :  1.000 
587 CP00020552    (0)    2 :  1.000 
588 CP00020560    (0)    2 :  1.000 
589 CP00020567    (0)    2 :  1.000 
590 CP00020346    (0)    2 :  1.000 
591 CP00020347    (0)    2 :  1.000 
592 CP00020558    (0)    2 :  1.000 
593 CP00020557    (0)    2 :  1.000 
594 CP00020361    (0)    2 :  1.000 
595 CP00020368    (0)    2 :  1.000 
596 CP00020348    (0)    2 :  1.000 
597 CP00020370    (0)    2 :  1.000 
598 CP00020358    (0)    2 :  1.000 
599 CP00020349    (0)    2 :  1.000 
600 CP00020553    (0)    2 :  1.000 
601 CP00020344    (0)    2 :  1.000 
602 CP00020555    (0)    2 :  1.000 
603 CP00020354    (0)    2 :  1.000 
604 CP00020565    (0)    2 :  1.000 
605 CP00020690    (0)    2 :  1.000 
606 CP00020702    (0)    2 :  1.000 
607 CP00020711    (0)    2 :  1.000 
608 CP00020692    (0)    2 :  1.000 
609 CP00020685    (0)    2 :  1.000 
610 CP00020703    (0)    2 :  1.000 
611 CP00020681    (0)    2 :  1.000 
612 CP00020706    (0)    2 :  1.000 
613 CP00020710    (0)    2 :  1.000 
614 CP00020672    (0)    2 :  1.000 
615 CP00020677    (0)    2 :  1.000 
616 CP00020691    (0)    2 :  1.000 
617 CP00020680    (0)    2 :  1.000 
618 CP00020709    (0)    2 :  1.000 
619 CP00020679    (0)    2 :  1.000 
620 CP00020671    (0)    2 :  1.000 
621 CP00020719    (0)    2 :  1.000 
622 CP00020693    (0)    2 :  1.000 
623 CP00020708    (0)    2 :  1.000 
624 CP00020705    (0)    2 :  1.000 
625 CP00020720    (0)    2 :  1.000 
626 CP00020707    (0)    2 :  1.000 
627 CP00020674    (0)    2 :  1.000 
628 CP00020673    (0)    2 :  1.000 
629 CP00020701    (0)    2 :  1.000 
630 CP00020713    (0)    2 :  1.000 
631 CP00020715    (0)    2 :  1.000 
632 CP00017120    (0)    2 :  1.000 
633 CP00017077    (0)    2 :  1.000 
634 CP00017117    (0)    2 :  1.000 
635 CP00017100    (0)    2 :  1.000 
636 CP00017118    (0)    2 :  1.000 
637 CP00017083    (0)    2 :  1.000 
638 CP00017085    (0)    2 :  1.000 
639 CP00017097    (0)    2 :  1.000 
640 CP00017092    (0)    2 :  1.000 
641 CP00017038    (0)    2 :  1.000 
642 CP00017067    (0)    2 :  1.000 
643 CP00017017    (0)    3 :  1.000 
644 CP00017012    (0)    3 :  1.000 
645 CP00017036    (0)    2 :  1.000 
646 CP00017040    (0)    2 :  1.000 
647 CP00017046    (0)    2 :  1.000 
648 CP00017059    (0)    2 :  1.000 
649 CP00017043    (0)    2 :  1.000 
650 CP00017080    (0)    2 :  1.000 
651 CP00017079    (0)    2 :  1.000 
652 CP00017056    (0)    2 :  1.000 
653 CP00017057    (0)    2 :  1.000 
654 CP00017058    (0)    2 :  1.000 
655 CP00017087    (0)    2 :  1.000 
656 CP00017072    (0)    2 :  1.000 
657 CP00017075    (0)    2 :  1.000 
658 CP00017078    (0)    2 :  1.000 
659 CP00017053    (0)    2 :  1.000 
660 CP00017052    (0)    2 :  1.000 
661 CP00017119    (0)    2 :  1.000 
662 CP00017099    (0)    2 :  1.000 
663 CP00017095    (0)    2 :  1.000 
664 CP00017115    (0)    2 :  1.000 
665 CP00017091    (0)    2 :  1.000 
666 CP00017098    (0)    2 :  1.000 
667 CP00017116    (0)    2 :  1.000 
668 CP00017114    (0)    2 :  1.000 
669 CP00017061    (0)    2 :  1.000 
670 CP00017064    (0)    2 :  1.000 
671 CP00017021    (0)    2 :  1.000 
672 CP00017042    (0)    2 :  1.000 
673 CP00017018    (0)    3 :  1.000 
674 CP00017011    (0)    3 :  1.000 
675 CP00017049    (0)    2 :  1.000 
676 CP00017023    (0)    3 :  1.000 
677 CP00017014    (0)    3 :  1.000 
678 CP00017070    (0)    2 :  1.000 
679 CP00017109    (0)    2 :  1.000 
680 CP00017068    (0)    2 :  1.000 
681 CP00017025    (0)    3 :  1.000 
682 CP00017015    (0)    3 :  1.000 
683 CP00017020    (0)    3 :  1.000 
684 CP00017110    (0)    2 :  1.000 
685 CP00017016    (0)    3 :  1.000 
686 CP00017027    (0)    3 :  1.000 
687 CP00017048    (0)    2 :  1.000 
688 CP00017094    (0)    2 :  1.000 
689 CP00017022    (0)    3 :  1.000 
690 CP00017055    (0)    2 :  1.000 
691 CP00017054    (0)    2 :  1.000 
692 CP00017024    (0)    3 :  1.000 
693 CP00017030    (0)    3 :  1.000 
694 CP00017096    (0)    2 :  1.000 
695 CP00017065    (0)    2 :  1.000 
696 CP00017050    (0)    2 :  1.000 
697 CP00017063    (0)    2 :  1.000 
698 CP00017051    (0)    2 :  1.000 
699 CP00017013    (0)    3 :  1.000 
700 CP00017076    (0)    2 :  1.000 
701 CP00017073    (0)    2 :  1.000 
702 CP00017033    (0)    2 :  1.000 
703 CP00017028    (0)    3 :  1.000 
704 CP00017031    (0)    2 :  1.000 
705 CP00017026    (0)    3 :  1.000 
706 CP00017035    (0)    2 :  1.000 
707 CP00017029    (0)    3 :  1.000 
708 CP00017111    (0)    2 :  1.000 
709 CP00017044    (0)    2 :  1.000 
710 CP00017113    (0)    2 :  1.000 
711 CP00017041    (0)    2 :  1.000 
712 CP00017069    (0)    2 :  1.000 
713 CP00017019    (0)    3 :  1.000 
714 CP00017034    (0)    2 :  1.000 
715 CP00017002    (0)    3 :  1.000 
716 CP00017047    (0)    2 :  1.000 
717 CP00017060    (0)    2 :  1.000 
718 CP00017037    (0)    2 :  1.000 
719 CP00017112    (0)    2 :  1.000 
720 CP00017090    (0)    2 :  1.000 
721 CP00049957    (0)    2 :  1.000 
722 CP00049253    (0)    2 :  1.000 
723 CP00049224    (0)    2 :  1.000 
724 CP00049921    (0)    2 :  1.000 
725 CP00049412    (0)    2 :  1.000 
726 CP00049935    (0)    2 :  1.000 
727 CP00049959    (0)    2 :  1.000 
728 CP00049956    (0)    2 :  1.000 
729 CP00049958    (0)    2 :  1.000 
730 CP00049384    (0)    2 :  1.000 
731 CP00049386    (0)    2 :  1.000 
732 CP00049400    (0)    2 :  1.000 
733 CP00049392    (0)    2 :  1.000 
734 CP00049409    (0)    2 :  1.000 
735 CP00049394    (0)    2 :  1.000 
736 CP00049262    (0)    2 :  1.000 
737 CP00049939    (0)    2 :  1.000 
738 CP00049264    (0)    2 :  1.000 
739 CP00049221    (0)    2 :  1.000 
740 CP00049266    (0)    2 :  1.000 
741 CP00049391    (0)    2 :  1.000 
742 CP00049405    (0)    2 :  1.000 
743 CP00049404    (0)    2 :  1.000 
744 CP00049393    (0)    2 :  1.000 
745 CP00049408    (0)    2 :  1.000 
746 CP00049410    (0)    2 :  1.000 
747 CP00049407    (0)    2 :  1.000 
748 CP00049250    (0)    2 :  1.000 
749 CP00049255    (0)    2 :  1.000 
750 CP00049257    (0)    2 :  1.000 
751 CP00049258    (0)    2 :  1.000 
752 CP00049248    (0)    2 :  1.000 
753 CP00049251    (0)    2 :  1.000 
754 CP00049265    (0)    2 :  1.000 
755 CP00049385    (0)    2 :  1.000 
756 CP00049397    (0)    2 :  1.000 
757 CP00049398    (0)    2 :  1.000 
758 CP00049244    (0)    2 :  1.000 
759 CP00049406    (0)    2 :  1.000 
760 CP00049411    (0)    2 :  1.000 
761 CP00049399    (0)    2 :  1.000 
762 CP00049401    (0)    2 :  1.000 
763 CP00049403    (0)    2 :  1.000 
764 CP00049941    (0)    2 :  1.000 
765 CP00049955    (0)    2 :  1.000 
766 CP00049233    (0)    2 :  1.000 
767 CP00049228    (0)    2 :  1.000 
768 CP00049954    (0)    2 :  1.000 
769 CP00049944    (0)    2 :  1.000 
770 CP00049260    (0)    2 :  1.000 
771 CP00049268    (0)    2 :  1.000 
772 CP00049239    (0)    2 :  1.000 
773 CP00049946    (0)    2 :  1.000 
774 CP00049232    (0)    2 :  1.000 
775 CP00049256    (0)    2 :  1.000 
776 CP00049259    (0)    2 :  1.000 
777 CP00049943    (0)    2 :  1.000 
778 CP00049930    (0)    2 :  1.000 
779 CP00049388    (0)    2 :  1.000 
780 CP00049413    (0)    2 :  1.000 
781 CP00049230    (0)    2 :  1.000 
782 CP00049226    (0)    2 :  1.000 
783 CP00049925    (0)    2 :  1.000 
784 CP00049387    (0)    2 :  1.000 
785 CP00049241    (0)    2 :  1.000 
786 CP00049236    (0)    2 :  1.000 
787 CP00049225    (0)    2 :  1.000 
788 CP00049229    (0)    2 :  1.000 
789 CP00049960    (0)    2 :  1.000 
790 CP00049242    (0)    2 :  1.000 
791 CP00049940    (0)    2 :  1.000 
792 CP00049948    (0)    2 :  1.000 
793 CP00049949    (0)    2 :  1.000 
794 CP00049254    (0)    2 :  1.000 
795 CP00049267    (0)    2 :  1.000 
796 CP00049261    (0)    2 :  1.000 
797 CP00049235    (0)    2 :  1.000 
798 CP00049953    (0)    2 :  1.000 
799 CP00049923    (0)    2 :  1.000 
800 CP00049947    (0)    2 :  1.000 
801 CP00049234    (0)    2 :  1.000 
802 CP00049389    (0)    2 :  1.000 
803 CP00049414    (0)    2 :  1.000 
804 CP00049390    (0)    2 :  1.000 
805 CP00049402    (0)    2 :  1.000 
806 CP00049396    (0)    2 :  1.000 
807 CP00049934    (0)    2 :  1.000 
808 CP00049246    (0)    2 :  1.000 
809 CP00049238    (0)    2 :  1.000 
810 CP00049945    (0)    2 :  1.000 
811 CP00049938    (0)    2 :  1.000 
812 CP00049928    (0)    2 :  1.000 
813 CP00049247    (0)    2 :  1.000 
814 CP00049240    (0)    2 :  1.000 
815 CP00049237    (0)    2 :  1.000 
816 CP00049243    (0)    2 :  1.000 
817 CP00049926    (0)    2 :  1.000 
818 CP00049245    (0)    2 :  1.000 
819 CP00049936    (0)    2 :  1.000 
820 CP00049927    (0)    2 :  1.000 
821 CP00049924    (0)    2 :  1.000 
822 CP00049222    (0)    2 :  1.000 
823 CP00049922    (0)    2 :  1.000 
824 CP00020222    (0)    2 :  1.000 
825 CP00020248    (0)    2 :  1.000 
826 CP00020246    (0)    2 :  1.000 
827 CP00020250    (0)    2 :  1.000 
828 CP00020247    (0)    2 :  1.000 
829 CP00020245    (0)    2 :  1.000 
830 CP00020253    (0)    2 :  1.000 
831 CP00020254    (0)    2 :  1.000 
832 CP00020227    (0)    2 :  1.000 
833 CP00020252    (0)    2 :  1.000 
834 CP00020251    (0)    2 :  1.000 
835 CP00020241    (0)    2 :  1.000 
836 CP00020240    (0)    2 :  1.000 
837 CP00020258    (0)    2 :  1.000 
838 CP00020150    (0)    2 :  1.000 
839 CP00020128    (0)    2 :  1.000 
840 CP00020224    (0)    2 :  1.000 
841 CP00020136    (0)    2 :  1.000 
842 CP00020126    (0)    2 :  1.000 
843 CP00020151    (0)    2 :  1.000 
844 CP00020130    (0)    2 :  1.000 
845 CP00020123    (0)    2 :  1.000 
846 CP00020129    (0)    2 :  1.000 
847 CP00020225    (0)    2 :  1.000 
848 CP00020161    (0)    2 :  1.000 
849 CP00020138    (0)    2 :  1.000 
850 CP00020239    (0)    2 :  1.000 
851 CP00020259    (0)    2 :  1.000 
852 CP00020135    (0)    2 :  1.000 
853 CP00020238    (0)    2 :  1.000 
854 CP00020234    (0)    2 :  1.000 
855 CP00020273    (0)    2 :  1.000 
856 CP00020282    (0)    2 :  1.000 
857 CP00020158    (0)    2 :  1.000 
858 CP00020243    (0)    2 :  1.000 
859 CP00020221    (0)    2 :  1.000 
860 CP00020229    (0)    2 :  1.000 
861 CP00020276    (0)    2 :  1.000 
862 CP00020146    (0)    2 :  1.000 
863 CP00020124    (0)    2 :  1.000 
864 CP00020156    (0)    2 :  1.000 
865 CP00020145    (0)    2 :  1.000 
866 CP00020125    (0)    2 :  1.000 
867 CP00020278    (0)    2 :  1.000 
868 CP00020132    (0)    2 :  1.000 
869 CP00020137    (0)    2 :  1.000 
870 CP00020127    (0)    2 :  1.000 
871 CP00020131    (0)    2 :  1.000 
872 CP00020260    (0)    2 :  1.000 
873 CP00020155    (0)    2 :  1.000 
874 CP00020141    (0)    2 :  1.000 
875 CP00020143    (0)    2 :  1.000 
876 CP00020142    (0)    2 :  1.000 
877 CP00020256    (0)    2 :  1.000 
878 CP00020170    (0)    2 :  1.000 
879 CP00020140    (0)    2 :  1.000 
880 CP00020147    (0)    2 :  1.000 
881 CP00020163    (0)    2 :  1.000 
882 CP00020152    (0)    2 :  1.000 
883 CP00020139    (0)    2 :  1.000 
884 CP00020162    (0)    2 :  1.000 
885 CP00020166    (0)    2 :  1.000 
886 CP00020226    (0)    2 :  1.000 
887 CP00020154    (0)    2 :  1.000 
888 CP00020257    (0)    2 :  1.000 
889 CP00020242    (0)    2 :  1.000 
890 CP00020148    (0)    2 :  1.000 
891 CP00020271    (0)    2 :  1.000 
892 CP00020233    (0)    2 :  1.000 
893 CP00020275    (0)    2 :  1.000 
894 CP00020244    (3)    2 :  1.000 
895 CP00020230    (0)    2 :  1.000 
896 CP00020279    (0)    2 :  1.000 
897 CP00020159    (0)    2 :  1.000 
898 CP00020237    (0)    2 :  1.000 
899 CP00020231    (0)    2 :  1.000 
900 CP00020281    (0)    2 :  1.000 
901 CP00020167    (0)    2 :  1.000 
902 CP00020122    (0)    2 :  1.000 
903 CP00020121    (0)    2 :  1.000 
904 CP00020157    (0)    2 :  1.000 
905 CP00020144    (0)    2 :  1.000 
906 CP00020164    (0)    2 :  1.000 
907 CP00020165    (0)    2 :  1.000 
908 CP00020255    (0)    2 :  1.000 
909 CP00020134    (0)    2 :  1.000 
910 CP00020149    (0)    2 :  1.000 
911 CP00020160    (0)    2 :  1.000 
912 CP00020228    (0)    2 :  1.000 
913 CP00020272    (0)    2 :  1.000 
914 CP00020274    (0)    2 :  1.000 
915 CP00020235    (0)    2 :  1.000 
916 CP00020280    (0)    2 :  1.000 
917 CP00020232    (0)    2 :  1.000 
918 CP00020277    (0)    2 :  1.000 
919 CP00020236    (0)    2 :  1.000 
920 CP00020223    (0)    2 :  1.000 
921 CP00016184    (0)    3 :  1.000 
922 CP00016197    (0)    3 :  1.000 
923 CP00016020    (0)    1 :  1.000 
924 CP00016181    (0)    3 :  1.000 
925 CP00016212    (0)    3 :  1.000 
926 CP00016215    (0)    3 :  1.000 
927 CP00016040    (0)    3 :  1.000 
928 CP00016051    (0)    3 :  1.000 
929 CP00016211    (0)    3 :  1.000 
930 CP00016049    (0)    3 :  1.000 
931 CP00016177    (0)    3 :  1.000 
932 CP00016060    (0)    3 :  1.000 
933 CP00016216    (0)    3 :  1.000 
934 CP00016059    (0)    3 :  1.000 
935 CP00016058    (0)    3 :  1.000 
936 CP00016178    (0)    3 :  1.000 
937 CP00016055    (0)    3 :  1.000 
938 CP00016038    (0)    3 :  1.000 
939 CP00016056    (0)    3 :  1.000 
940 CP00016185    (0)    3 :  1.000 
941 CP00016053    (0)    3 :  1.000 
942 CP00016044    (0)    1 :  1.000 
943 CP00016173    (0)    3 :  1.000 
944 CP00016213    (0)    3 :  1.000 
945 CP00016043    (0)    1 :  1.000 
946 CP00016196    (0)    3 :  1.000 
947 CP00016034    (0)    3 :  1.000 
948 CP00016182    (0)    3 :  1.000 
949 CP00016042    (0)    1 :  1.000 
950 CP00016002    (0)    1 :  1.000 
951 CP00016006    (0)    1 :  1.000 
952 CP00016005    (0)    1 :  1.000 
953 CP00016019    (0)    1 :  1.000 
954 CP00016190    (0)    3 :  1.000 
955 CP00016036    (0)    3 :  1.000 
956 CP00016008    (0)    1 :  1.000 
957 CP00016183    (0)    3 :  1.000 
958 CP00016208    (0)    3 :  1.000 
959 CP00016203    (0)    3 :  1.000 
960 CP00016172    (0)    3 :  1.000 
961 CP00016194    (0)    3 :  1.000 
962 CP00016218    (0)    3 :  1.000 
963 CP00016205    (0)    3 :  1.000 
964 CP00016050    (0)    3 :  1.000 
965 CP00016199    (0)    3 :  1.000 
966 CP00016201    (0)    3 :  1.000 
967 CP00016200    (0)    3 :  1.000 
968 CP00016004    (0)    1 :  1.000 
969 CP00016032    (0)    3 :  1.000 
970 CP00016195    (0)    3 :  1.000 
971 CP00016033    (0)    3 :  1.000 
972 CP00016012    (0)    1 :  1.000 
973 CP00016192    (0)    3 :  1.000 
974 CP00016217    (0)    3 :  1.000 
975 CP00016007    (0)    1 :  1.000 
976 CP00016191    (0)    3 :  1.000 
977 CP00016013    (0)    1 :  1.000 
978 CP00016204    (0)    3 :  1.000 
979 CP00016016    (0)    1 :  1.000 
980 CP00016206    (0)    3 :  1.000 
981 CP00016202    (0)    3 :  1.000 
982 CP00016009    (0)    1 :  1.000 
983 CP00016018    (0)    1 :  1.000 
984 CP00016052    (0)    3 :  1.000 
985 CP00016035    (0)    3 :  1.000 
986 CP00016054    (0)    3 :  1.000 
987 CP00016037    (0)    3 :  1.000 
988 CP00016039    (0)    3 :  1.000 
989 CP00016047    (0)    3 :  1.000 
990 CP00016048    (0)    3 :  1.000 
991 CP00016179    (0)    3 :  1.000 
992 CP00016180    (3)    3 :  1.000 
993 CP00016057    (0)    3 :  1.000 
994 CP00016189    (0)    3 :  1.000 
995 CP00016210    (0)    3 :  1.000 
996 CP00016209    (0)    3 :  1.000 
997 CP00016220    (0)    3 :  1.000 
998 CP00016198    (0)    3 :  1.000 
999 CP00016003    (0)    1 :  1.000 
1000 CP00016207    (0)    3 :  1.000 
1001 CP00016014    (0)    1 :  1.000 
1002 CP00016045    (0)    1 :  1.000 
1003 CP00016187    (0)    3 :  1.000 
1004 CP00016186    (0)    3 :  1.000 
1005 CP00016188    (0)    3 :  1.000 
1006 CP00016046    (0)    3 :  1.000 
1007 CP00016011    (0)    1 :  1.000 
1008 CP00016041    (0)    1 :  1.000 
1009 CP00016171    (0)    3 :  1.000 
1010 CP00016219    (0)    3 :  1.000 
1011 CP00016031    (0)    3 :  1.000 
1012 CP00016193    (0)    3 :  1.000 
1013 CP00016229    (0)    2 :  1.000 
1014 CP00015060    (0)    2 :  1.000 
1015 CP00016251    (0)    2 :  1.000 
1016 CP00015026    (0)    2 :  1.000 
1017 CP00015055    (0)    2 :  1.000 
1018 CP00016240    (0)    1 :  1.000 
1019 CP00016266    (0)    1 :  1.000 
1020 CP00016257    (0)    2 :  1.000 
1021 CP00015024    (0)    2 :  1.000 
1022 CP00015025    (0)    2 :  1.000 
1023 CP00049493    (0)    2 :  1.000 
1024 CP00016252    (0)    2 :  1.000 
1025 CP00015040    (0)    2 :  1.000 
1026 CP00015058    (0)    1 :  1.000 
1027 CP00049491    (0)    1 :  1.000 
1028 CP00015046    (0)    1 :  1.000 
1029 CP00015028    (0)    1 :  1.000 
1030 CP00015047    (0)    1 :  1.000 
1031 CP00016226    (0)    1 :  1.000 
1032 CP00016238    (0)    1 :  1.000 
1033 CP00016248    (0)    1 :  1.000 
1034 CP00015041    (0)    1 :  1.000 
1035 CP00049496    (0)    1 :  1.000 
1036 CP00015037    (0)    1 :  1.000 
1037 CP00015048    (0)    1 :  1.000 
1038 CP00016250    (0)    1 :  1.000 
1039 CP00015051    (0)    1 :  1.000 
1040 CP00016230    (0)    1 :  1.000 
1041 CP00015027    (0)    1 :  1.000 
1042 CP00049498    (0)    1 :  1.000 
1043 CP00016237    (0)    1 :  1.000 
1044 CP00016270    (0)    1 :  1.000 
1045 CP00015031    (0)    1 :  1.000 
1046 CP00016267    (0)    1 :  1.000 
1047 CP00016265    (0)    1 :  1.000 
1048 CP00016247    (0)    1 :  1.000 
1049 CP00015043    (0)    1 :  1.000 
1050 CP00016262    (0)    1 :  1.000 
1051 CP00016264    (0)    1 :  1.000 
1052 CP00049495    (0)    1 :  1.000 
1053 CP00016263    (0)    3 :  1.000 
1054 CP00015032    (0)    1 :  1.000 
1055 CP00015023    (0)    1 :  1.000 
1056 CP00016234    (0)    1 :  1.000 
1057 CP00015050    (0)    1 :  1.000 
1058 CP00015044    (0)    1 :  1.000 
1059 CP00015049    (0)    1 :  1.000 
1060 CP00016255    (0)    1 :  1.000 
1061 CP00016242    (0)    1 :  1.000 
1062 CP00049499    (0)    1 :  1.000 
1063 CP00016258    (0)    1 :  1.000 
1064 CP00016223    (0)    1 :  1.000 
1065 CP00015038    (0)    1 :  1.000 
1066 CP00016268    (0)    1 :  1.000 
1067 CP00049494    (0)    1 :  1.000 
1068 CP00016243    (0)    1 :  1.000 
1069 CP00016241    (0)    1 :  1.000 
1070 CP00016244    (0)    1 :  1.000 
1071 CP00015034    (0)    1 :  1.000 
1072 CP00016259    (0)    1 :  1.000 
1073 CP00016249    (0)    1 :  1.000 
1074 CP00015033    (0)    1 :  1.000 
1075 CP00015035    (0)    1 :  1.000 
1076 CP00015036    (0)    1 :  1.000 
1077 CP00016269    (0)    1 :  1.000 
1078 CP00049500    (0)    1 :  1.000 
1079 CP00015029    (0)    1 :  1.000 
1080 CP00015030    (0)    1 :  1.000 
1081 CP00016261    (0)    1 :  1.000 
1082 CP00015059    (0)    1 :  1.000 
1083 CP00016256    (0)    1 :  1.000 
1084 CP00015045    (0)    1 :  1.000 
1085 CP00015054    (0)    1 :  1.000 
1086 CP00015052    (0)    1 :  1.000 
1087 CP00015053    (0)    1 :  1.000 
1088 CP00016239    (0)    1 :  1.000 
1089 CP00015057    (0)    1 :  1.000 
1090 CP00016246    (0)    1 :  1.000 
1091 CP00016221    (0)    1 :  1.000 
1092 CP00016225    (0)    1 :  1.000 
1093 CP00016222    (0)    1 :  1.000 
1094 CP00016224    (0)    1 :  1.000 
1095 CP00016232    (0)    1 :  1.000 
1096 CP00016236    (0)    1 :  1.000 
1097 CP00015021    (0)    1 :  1.000 
1098 CP00015039    (0)    1 :  1.000 
1099 CP00016260    (0)    1 :  1.000 
1100 CP00016253    (0)    3 :  1.000 
1101 CP00016254    (0)    1 :  1.000 
1102 CP00049492    (0)    1 :  1.000 
1103 CP00016331    (0)    3 :  1.000 
1104 CP00016359    (0)    3 :  1.000 
1105 CP00016327    (0)    3 :  1.000 
1106 CP00016506    (0)    3 :  1.000 
1107 CP00016490    (0)    3 :  1.000 
1108 CP00016342    (0)    3 :  1.000 
1109 CP00016473    (0)    3 :  1.000 
1110 CP00016520    (0)    3 :  1.000 
1111 CP00016471    (0)    3 :  1.000 
1112 CP00016491    (0)    3 :  1.000 
1113 CP00016481    (0)    3 :  1.000 
1114 CP00016482    (0)    3 :  1.000 
1115 CP00016343    (0)    3 :  1.000 
1116 CP00016324    (0)    3 :  1.000 
1117 CP00016362    (0)    3 :  1.000 
1118 CP00016505    (0)    3 :  1.000 
1119 CP00016503    (0)    3 :  1.000 
1120 CP00016370    (0)    3 :  1.000 
1121 CP00016336    (0)    3 :  1.000 
1122 CP00016363    (0)    3 :  1.000 
1123 CP00016322    (0)    3 :  1.000 
1124 CP00016499    (0)    3 :  1.000 
1125 CP00016339    (0)    3 :  1.000 
1126 CP00016476    (0)    3 :  1.000 
1127 CP00016360    (0)    3 :  1.000 
1128 CP00016332    (0)    3 :  1.000 
1129 CP00016474    (0)    3 :  1.000 
1130 CP00016344    (0)    3 :  1.000 
1131 CP00016496    (0)    3 :  1.000 
1132 CP00016485    (0)    3 :  1.000 
1133 CP00016494    (0)    3 :  1.000 
1134 CP00016495    (0)    3 :  1.000 
1135 CP00016323    (0)    3 :  1.000 
1136 CP00016358    (0)    3 :  1.000 
1137 CP00016508    (0)    3 :  1.000 
1138 CP00016484    (0)    3 :  1.000 
1139 CP00016487    (0)    3 :  1.000 
1140 CP00016519    (0)    3 :  1.000 
1141 CP00016500    (0)    3 :  1.000 
1142 CP00016498    (0)    3 :  1.000 
1143 CP00016341    (0)    3 :  1.000 
1144 CP00016369    (0)    3 :  1.000 
1145 CP00016357    (0)    3 :  1.000 
1146 CP00016497    (0)    3 :  1.000 
1147 CP00016366    (0)    3 :  1.000 
1148 CP00016333    (0)    3 :  1.000 
1149 CP00016334    (0)    3 :  1.000 
1150 CP00016483    (0)    3 :  1.000 
1151 CP00016486    (0)    3 :  1.000 
1152 CP00016478    (0)    3 :  1.000 
1153 CP00016367    (0)    3 :  1.000 
1154 CP00016345    (0)    3 :  1.000 
1155 CP00016501    (0)    3 :  1.000 
1156 CP00016480    (0)    3 :  1.000 
1157 CP00016330    (0)    3 :  1.000 
1158 CP00016328    (0)    3 :  1.000 
1159 CP00016337    (0)    3 :  1.000 
1160 CP00016364    (0)    3 :  1.000 
1161 CP00016489    (0)    3 :  1.000 
1162 CP00016338    (0)    3 :  1.000 
1163 CP00016346    (0)    3 :  1.000 
1164 CP00016493    (0)    3 :  1.000 
1165 CP00016492    (0)    3 :  1.000 
1166 CP00016354    (0)    3 :  1.000 
1167 CP00016329    (0)    3 :  1.000 
1168 CP00016502    (0)    3 :  1.000 
1169 CP00016326    (0)    3 :  1.000 
1170 CP00016349    (0)    3 :  1.000 
1171 CP00016368    (0)    3 :  1.000 
1172 CP00016365    (0)    3 :  1.000 
1173 CP00016321    (0)    3 :  1.000 
1174 CP00016477    (0)    3 :  1.000 
1175 CP00016361    (0)    3 :  1.000 
1176 CP00016512    (0)    3 :  1.000 
1177 CP00016515    (0)    3 :  1.000 
1178 CP00016353    (0)    3 :  1.000 
1179 CP00016516    (0)    3 :  1.000 
1180 CP00016513    (0)    3 :  1.000 
1181 CP00016517    (0)    3 :  1.000 
1182 CP00016352    (0)    3 :  1.000 
1183 CP00016325    (0)    3 :  1.000 
1184 CP00016475    (0)    3 :  1.000 
1185 CP00016340    (0)    3 :  1.000 
1186 CP00016355    (0)    3 :  1.000 
1187 CP00016511    (0)    3 :  1.000 
1188 CP00016351    (0)    3 :  1.000 
1189 CP00016507    (0)    3 :  1.000 
1190 CP00016479    (0)    3 :  1.000 
1191 CP00016504    (0)    3 :  1.000 
1192 CP00016472    (0)    3 :  1.000 
1193 CP00016488    (3)    3 :  1.000 
1194 CP00016514    (0)    3 :  1.000 
1195 CP00016347    (0)    3 :  1.000 
1196 CP00016348    (0)    3 :  1.000 
1197 CP00016510    (0)    3 :  1.000 
1198 CP00016350    (0)    3 :  1.000 
1199 CP00016518    (0)    3 :  1.000 
1200 CP00016509    (0)    3 :  1.000 
1201 CP00015888    (0)    3 :  1.000 
1202 CP00015759    (0)    3 :  1.000 
1203 CP00015760    (0)    3 :  1.000 
1204 CP00015918    (0)    3 :  1.000 
1205 CP00015756    (0)    3 :  1.000 
1206 CP00015880    (0)    3 :  1.000 
1207 CP00015916    (0)    3 :  1.000 
1208 CP00015753    (0)    3 :  1.000 
1209 CP00015885    (0)    3 :  1.000 
1210 CP00015896    (0)    3 :  1.000 
1211 CP00015899    (0)    3 :  1.000 
1212 CP00015909    (0)    3 :  1.000 
1213 CP00015894    (0)    3 :  1.000 
1214 CP00015724    (0)    3 :  1.000 
1215 CP00015906    (0)    3 :  1.000 
1216 CP00015734    (3)    3 :  1.000 
1217 CP00015764    (0)    3 :  1.000 
1218 CP00015897    (0)    3 :  1.000 
1219 CP00015758    (0)    3 :  1.000 
1220 CP00015920    (0)    3 :  1.000 
1221 CP00015889    (0)    3 :  1.000 
1222 CP00015919    (0)    3 :  1.000 
1223 CP00015912    (0)    3 :  1.000 
1224 CP00015913    (0)    3 :  1.000 
1225 CP00015872    (0)    3 :  1.000 
1226 CP00015911    (0)    3 :  1.000 
1227 CP00015908    (0)    3 :  1.000 
1228 CP00015901    (0)    3 :  1.000 
1229 CP00015892    (3)    3 :  1.000 
1230 CP00015883    (0)    3 :  1.000 
1231 CP00015910    (0)    3 :  1.000 
1232 CP00015884    (0)    3 :  1.000 
1233 CP00015875    (0)    3 :  1.000 
1234 CP00015879    (0)    3 :  1.000 
1235 CP00015905    (0)    3 :  1.000 
1236 CP00015891    (0)    3 :  1.000 
1237 CP00015740    (0)    3 :  1.000 
1238 CP00015766    (0)    3 :  1.000 
1239 CP00015763    (0)    3 :  1.000 
1240 CP00015762    (0)    3 :  1.000 
1241 CP00015761    (0)    3 :  1.000 
1242 CP00015743    (0)    3 :  1.000 
1243 CP00015878    (0)    3 :  1.000 
1244 CP00015748    (0)    3 :  1.000 
1245 CP00015737    (0)    3 :  1.000 
1246 CP00015768    (0)    3 :  1.000 
1247 CP00015767    (0)    3 :  1.000 
1248 CP00015746    (0)    3 :  1.000 
1249 CP00015893    (0)    3 :  1.000 
1250 CP00015741    (0)    3 :  1.000 
1251 CP00015757    (0)    3 :  1.000 
1252 CP00015739    (0)    3 :  1.000 
1253 CP00015751    (0)    3 :  1.000 
1254 CP00015745    (0)    3 :  1.000 
1255 CP00015747    (0)    3 :  1.000 
1256 CP00015754    (0)    3 :  1.000 
1257 CP00015873    (0)    3 :  1.000 
1258 CP00015881    (0)    3 :  1.000 
1259 CP00015877    (0)    3 :  1.000 
1260 CP00015915    (0)    3 :  1.000 
1261 CP00015904    (0)    3 :  1.000 
1262 CP00015900    (0)    3 :  1.000 
1263 CP00015907    (0)    3 :  1.000 
1264 CP00015742    (0)    3 :  1.000 
1265 CP00015738    (0)    3 :  1.000 
1266 CP00015727    (0)    3 :  1.000 
1267 CP00015728    (0)    3 :  1.000 
1268 CP00015726    (0)    3 :  1.000 
1269 CP00015914    (0)    3 :  1.000 
1270 CP00015769    (0)    3 :  1.000 
1271 CP00015770    (0)    3 :  1.000 
1272 CP00015750    (0)    3 :  1.000 
1273 CP00015749    (0)    3 :  1.000 
1274 CP00015721    (0)    3 :  1.000 
1275 CP00015735    (0)    3 :  1.000 
1276 CP00015732    (0)    3 :  1.000 
1277 CP00015723    (0)    3 :  1.000 
1278 CP00015729    (0)    3 :  1.000 
1279 CP00015736    (0)    3 :  1.000 
1280 CP00015725    (0)    3 :  1.000 
1281 CP00015886    (0)    3 :  1.000 
1282 CP00015722    (0)    3 :  1.000 
1283 CP00015731    (0)    3 :  1.000 
1284 CP00015730    (0)    3 :  1.000 
1285 CP00015752    (0)    3 :  1.000 
1286 CP00015890    (0)    3 :  1.000 
1287 CP00015876    (0)    3 :  1.000 
1288 CP00015887    (0)    3 :  1.000 
1289 CP00015882    (0)    3 :  1.000 
1290 CP00015765    (0)    3 :  1.000 
1291 CP00015744    (0)    3 :  1.000 
1292 CP00015104    (0)    1 :  1.000 
1293 CP00015100    (0)    1 :  1.000 
1294 CP00015000    (0)    1 :  1.000 
1295 CP00015119    (0)    1 :  1.000 
1296 CP00015016    (0)    1 :  1.000 
1297 CP00015078    (0)    1 :  1.000 
1298 CP00015076    (0)    1 :  1.000 
1299 CP00015084    (0)    1 :  1.000 
1300 CP00015091    (0)    1 :  1.000 
1301 CP00015013    (0)    1 :  1.000 
1302 CP00015009    (0)    1 :  1.000 
1303 CP00015082    (0)    1 :  1.000 
1304 CP00014983    (0)    1 :  1.000 
1305 CP00015072    (0)    1 :  1.000 
1306 CP00015086    (0)    1 :  1.000 
1307 CP00015073    (0)    1 :  1.000 
1308 CP00015077    (0)    1 :  1.000 
1309 CP00014973    (0)    1 :  1.000 
1310 CP00015015    (0)    1 :  1.000 
1311 CP00014975    (0)    1 :  1.000 
1312 CP00014979    (0)    1 :  1.000 
1313 CP00014980    (0)    1 :  1.000 
1314 CP00015111    (0)    1 :  1.000 
1315 CP00015090    (0)    1 :  1.000 
1316 CP00015098    (0)    1 :  1.000 
1317 CP00015005    (0)    1 :  1.000 
1318 CP00015109    (0)    1 :  1.000 
1319 CP00015114    (0)    1 :  1.000 
1320 CP00015007    (0)    1 :  1.000 
1321 CP00015006    (0)    1 :  1.000 
1322 CP00014974    (0)    1 :  1.000 
1323 CP00015096    (0)    1 :  1.000 
1324 CP00015112    (0)    1 :  1.000 
1325 CP00015002    (0)    1 :  1.000 
1326 CP00015113    (0)    1 :  1.000 
1327 CP00015010    (0)    1 :  1.000 
1328 CP00015019    (0)    1 :  1.000 
1329 CP00015120    (0)    1 :  1.000 
1330 CP00015107    (0)    1 :  1.000 
1331 CP00015081    (0)    1 :  1.000 
1332 CP00015071    (0)    1 :  1.000 
1333 CP00015087    (0)    1 :  1.000 
1334 CP00015093    (3)    1 :  1.000 
1335 CP00015102    (0)    1 :  1.000 
1336 CP00015101    (0)    1 :  1.000 
1337 CP00014982    (0)    1 :  1.000 
1338 CP00014990    (0)    1 :  1.000 
1339 CP00015088    (0)    1 :  1.000 
1340 CP00014995    (0)    1 :  1.000 
1341 CP00015003    (0)    1 :  1.000 
1342 CP00015097    (0)    1 :  1.000 
1343 CP00014972    (0)    1 :  1.000 
1344 CP00015106    (0)    1 :  1.000 
1345 CP00015095    (0)    1 :  1.000 
1346 CP00014998    (0)    1 :  1.000 
1347 CP00014985    (0)    1 :  1.000 
1348 CP00014986    (0)    1 :  1.000 
1349 CP00014999    (0)    1 :  1.000 
1350 CP00014984    (0)    1 :  1.000 
1351 CP00015117    (0)    1 :  1.000 
1352 CP00015099    (0)    1 :  1.000 
1353 CP00015110    (0)    1 :  1.000 
1354 CP00015115    (0)    1 :  1.000 
1355 CP00015080    (0)    1 :  1.000 
1356 CP00015012    (0)    1 :  1.000 
1357 CP00014994    (0)    1 :  1.000 
1358 CP00015001    (0)    1 :  1.000 
1359 CP00014992    (0)    1 :  1.000 
1360 CP00015074    (0)    1 :  1.000 
1361 CP00014991    (0)    1 :  1.000 
1362 CP00014981    (0)    1 :  1.000 
1363 CP00014977    (0)    1 :  1.000 
1364 CP00014976    (0)    1 :  1.000 
1365 CP00014993    (0)    1 :  1.000 
1366 CP00014971    (0)    1 :  1.000 
1367 CP00015020    (0)    1 :  1.000 
1368 CP00015004    (0)    1 :  1.000 
1369 CP00015103    (0)    1 :  1.000 
1370 CP00015116    (0)    1 :  1.000 
1371 CP00015118    (0)    1 :  1.000 
1372 CP00014996    (0)    1 :  1.000 
1373 CP00015079    (0)    1 :  1.000 
1374 CP00015094    (0)    1 :  1.000 
1375 CP00015085    (0)    1 :  1.000 
1376 CP00015083    (0)    1 :  1.000 
1377 CP00015092    (0)    1 :  1.000 
1378 CP00018197    (0)    1 :  1.000 
1379 CP00018136    (0)    1 :  1.000 
1380 CP00018190    (0)    1 :  1.000 
1381 CP00018139    (0)    1 :  1.000 
1382 CP00018207    (0)    1 :  1.000 
1383 CP00018213    (0)    1 :  1.000 
1384 CP00018163    (0)    1 :  1.000 
1385 CP00018179    (0)    1 :  1.000 
1386 CP00018178    (0)    1 :  1.000 
1387 CP00018144    (0)    1 :  1.000 
1388 CP00018155    (0)    1 :  1.000 
1389 CP00018151    (0)    1 :  1.000 
1390 CP00018180    (0)    1 :  1.000 
1391 CP00018182    (0)    1 :  1.000 
1392 CP00018189    (0)    1 :  1.000 
1393 CP00018217    (0)    1 :  1.000 
1394 CP00018154    (0)    1 :  1.000 
1395 CP00018158    (0)    1 :  1.000 
1396 CP00018181    (0)    3 :  1.000 
1397 CP00018208    (0)    1 :  1.000 
1398 CP00018211    (0)    3 :  1.000 
1399 CP00018176    (0)    3 :  1.000 
1400 CP00018128    (0)    3 :  1.000 
1401 CP00018122    (0)    3 :  1.000 
1402 CP00018156    (0)    3 :  1.000 
1403 CP00018126    (3)    3 :  1.000 
1404 CP00018187    (0)    3 :  1.000 
1405 CP00018143    (0)    3 :  1.000 
1406 CP00018188    (0)    3 :  1.000 
1407 CP00018219    (0)    1 :  1.000 
1408 CP00018205    (0)    1 :  1.000 
1409 CP00018124    (0)    1 :  1.000 
1410 CP00018160    (0)    1 :  1.000 
1411 CP00018199    (0)    1 :  1.000 
1412 CP00018137    (0)    1 :  1.000 
1413 CP00018215    (0)    1 :  1.000 
1414 CP00018171    (0)    1 :  1.000 
1415 CP00018157    (0)    1 :  1.000 
1416 CP00018165    (0)    1 :  1.000 
1417 CP00018191    (0)    1 :  1.000 
1418 CP00018141    (0)    1 :  1.000 
1419 CP00018204    (0)    3 :  1.000 
1420 CP00018127    (0)    3 :  1.000 
1421 CP00018194    (0)    1 :  1.000 
1422 CP00018168    (0)    3 :  1.000 
1423 CP00018216    (0)    1 :  1.000 
1424 CP00018192    (0)    1 :  1.000 
1425 CP00018184    (0)    3 :  1.000 
1426 CP00018134    (0)    3 :  1.000 
1427 CP00018142    (0)    3 :  1.000 
1428 CP00018220    (0)    3 :  1.000 
1429 CP00018186    (0)    3 :  1.000 
1430 CP00018131    (0)    3 :  1.000 
1431 CP00018183    (0)    3 :  1.000 
1432 CP00018209    (0)    3 :  1.000 
1433 CP00018193    (0)    1 :  1.000 
1434 CP00018177    (0)    1 :  1.000 
1435 CP00018214    (0)    1 :  1.000 
1436 CP00018145    (0)    3 :  1.000 
1437 CP00018185    (0)    3 :  1.000 
1438 CP00018201    (0)    3 :  1.000 
1439 CP00018153    (0)    3 :  1.000 
1440 CP00018121    (0)    3 :  1.000 
1441 CP00018175    (0)    3 :  1.000 
1442 CP00018146    (0)    3 :  1.000 
1443 CP00018148    (0)    3 :  1.000 
1444 CP00018195    (0)    1 :  1.000 
1445 CP00018132    (0)    3 :  1.000 
1446 CP00018210    (0)    3 :  1.000 
1447 CP00018135    (0)    3 :  1.000 
1448 CP00018164    (0)    3 :  1.000 
1449 CP00018133    (0)    3 :  1.000 
1450 CP00018149    (0)    3 :  1.000 
1451 CP00018170    (0)    3 :  1.000 
1452 CP00018166    (0)    3 :  1.000 
1453 CP00018173    (0)    3 :  1.000 
1454 CP00018212    (0)    1 :  1.000 
1455 CP00018172    (0)    3 :  1.000 
1456 CP00018202    (0)    3 :  1.000 
1457 CP00018125    (0)    3 :  1.000 
1458 CP00018198    (0)    1 :  1.000 
1459 CP00018129    (0)    3 :  1.000 
1460 CP00018140    (0)    3 :  1.000 
1461 CP00018196    (0)    1 :  1.000 
1462 CP00018218    (0)    1 :  1.000 
1463 CP00017467    (0)    3 :  1.000 
1464 CP00017499    (0)    3 :  1.000 
1465 CP00017430    (0)    3 :  1.000 
1466 CP00017510    (0)    3 :  1.000 
1467 CP00017437    (0)    3 :  1.000 
1468 CP00017429    (0)    3 :  1.000 
1469 CP00017432    (0)    3 :  1.000 
1470 CP00017447    (0)    3 :  1.000 
1471 CP00017442    (0)    3 :  1.000 
1472 CP00017484    (0)    3 :  1.000 
1473 CP00017504    (0)    3 :  1.000 
1474 CP00017423    (0)    3 :  1.000 
1475 CP00017518    (0)    3 :  1.000 
1476 CP00017455    (0)    3 :  1.000 
1477 CP00017497    (0)    3 :  1.000 
1478 CP00017456    (0)    3 :  1.000 
1479 CP00017514    (0)    3 :  1.000 
1480 CP00017489    (0)    3 :  1.000 
1481 CP00017424    (0)    3 :  1.000 
1482 CP00017468    (0)    3 :  1.000 
1483 CP00017511    (0)    3 :  1.000 
1484 CP00017438    (0)    3 :  1.000 
1485 CP00017463    (0)    3 :  1.000 
1486 CP00017469    (0)    3 :  1.000 
1487 CP00017436    (0)    3 :  1.000 
1488 CP00017491    (0)    3 :  1.000 
1489 CP00017452    (0)    3 :  1.000 
1490 CP00017520    (0)    3 :  1.000 
1491 CP00017434    (0)    3 :  1.000 
1492 CP00017472    (0)    3 :  1.000 
1493 CP00017507    (0)    3 :  1.000 
1494 CP00017479    (0)    3 :  1.000 
1495 CP00017475    (0)    3 :  1.000 
1496 CP00017464    (0)    3 :  1.000 
1497 CP00017477    (0)    3 :  1.000 
1498 CP00017500    (0)    3 :  1.000 
1499 CP00017461    (0)    3 :  1.000 
1500 CP00017427    (0)    3 :  1.000 
1501 CP00017444    (0)    3 :  1.000 
1502 CP00017476    (0)    3 :  1.000 
1503 CP00017493    (0)    3 :  1.000 
1504 CP00017440    (0)    3 :  1.000 
1505 CP00017509    (0)    3 :  1.000 
1506 CP00017439    (0)    3 :  1.000 
1507 CP00017428    (0)    3 :  1.000 
1508 CP00017502    (0)    3 :  1.000 
1509 CP00017471    (0)    3 :  1.000 
1510 CP00017459    (0)    3 :  1.000 
1511 CP00017425    (0)    3 :  1.000 
1512 CP00017465    (0)    3 :  1.000 
1513 CP00017516    (0)    3 :  1.000 
1514 CP00017498    (0)    3 :  1.000 
1515 CP00017426    (0)    3 :  1.000 
1516 CP00017481    (0)    3 :  1.000 
1517 CP00017422    (0)    3 :  1.000 
1518 CP00017512    (0)    3 :  1.000 
1519 CP00017460    (0)    3 :  1.000 
1520 CP00017443    (0)    3 :  1.000 
1521 CP00017457    (0)    3 :  1.000 
1522 CP00017446    (0)    3 :  1.000 
1523 CP00017431    (0)    3 :  1.000 
1524 CP00017462    (0)    3 :  1.000 
1525 CP00017445    (0)    3 :  1.000 
1526 CP00017435    (0)    3 :  1.000 
1527 CP00017449    (0)    3 :  1.000 
1528 CP00017454    (0)    3 :  1.000 
1529 CP00017501    (0)    3 :  1.000 
1530 CP00017451    (0)    3 :  1.000 
1531 CP00017490    (0)    3 :  1.000 
1532 CP00017470    (0)    3 :  1.000 
1533 CP00017506    (0)    3 :  1.000 
1534 CP00017466    (0)    3 :  1.000 
1535 CP00017441    (0)    3 :  1.000 
1536 CP00017473    (0)    3 :  1.000 
1537 CP00017453    (0)    3 :  1.000 
1538 CP00017513    (0)    3 :  1.000 
1539 CP00017508    (0)    3 :  1.000 
1540 CP00017505    (0)    3 :  1.000 
1541 CP00017421    (0)    3 :  1.000 
1542 CP00017496    (0)    3 :  1.000 
1543 CP00017433    (0)    3 :  1.000 
1544 CP00017458    (0)    3 :  1.000 
1545 CP00017478    (0)    3 :  1.000 
1546 CP00017492    (0)    3 :  1.000 
1547 CP00017517    (0)    3 :  1.000 
1548 CP00017503    (0)    3 :  1.000 
1549 CP00017694    (0)    2 :  1.000 
1550 CP00017741    (0)    3 :  1.000 
1551 CP00017734    (0)    3 :  1.000 
1552 CP00017717    (0)    1 :  1.000 
1553 CP00017690    (0)    3 :  1.000 
1554 CP00017755    (0)    3 :  1.000 
1555 CP00017712    (0)    3 :  1.000 
1556 CP00017688    (0)    3 :  1.000 
1557 CP00017714    (0)    3 :  1.000 
1558 CP00017680    (0)    3 :  1.000 
1559 CP00017710    (0)    3 :  1.000 
1560 CP00017733    (0)    3 :  1.000 
1561 CP00017682    (0)    3 :  1.000 
1562 CP00017763    (0)    3 :  1.000 
1563 CP00017695    (0)    2 :  1.000 
1564 CP00017730    (0)    3 :  1.000 
1565 CP00017757    (0)    3 :  1.000 
1566 CP00017770    (0)    3 :  1.000 
1567 CP00017697    (0)    2 :  1.000 
1568 CP00017739    (0)    3 :  1.000 
1569 CP00017681    (0)    3 :  1.000 
1570 CP00017685    (0)    3 :  1.000 
1571 CP00017696    (0)    2 :  1.000 
1572 CP00017679    (0)    3 :  1.000 
1573 CP00017766    (0)    3 :  1.000 
1574 CP00017702    (0)    2 :  1.000 
1575 CP00017715    (0)    3 :  1.000 
1576 CP00017676    (0)    3 :  1.000 
1577 CP00017700    (0)    2 :  1.000 
1578 CP00017723    (0)    3 :  1.000 
1579 CP00017724    (0)    3 :  1.000 
1580 CP00017725    (0)    3 :  1.000 
1581 CP00017673    (0)    3 :  1.000 
1582 CP00017735    (0)    3 :  1.000 
1583 CP00017737    (0)    3 :  1.000 
1584 CP00017760    (0)    3 :  1.000 
1585 CP00017731    (0)    3 :  1.000 
1586 CP00017706    (0)    2 :  1.000 
1587 CP00017672    (0)    3 :  1.000 
1588 CP00017769    (0)    3 :  1.000 
1589 CP00017698    (0)    2 :  1.000 
1590 CP00017699    (0)    2 :  1.000 
1591 CP00017683    (0)    3 :  1.000 
1592 CP00017765    (0)    3 :  1.000 
1593 CP00017756    (0)    3 :  1.000 
1594 CP00017677    (0)    3 :  1.000 
1595 CP00017752    (0)    3 :  1.000 
1596 CP00017686    (0)    3 :  1.000 
1597 CP00017736    (0)    3 :  1.000 
1598 CP00017753    (0)    3 :  1.000 
1599 CP00017727    (0)    3 :  1.000 
1600 CP00017721    (0)    3 :  1.000 
1601 CP00017754    (0)    3 :  1.000 
1602 CP00017692    (0)    2 :  1.000 
1603 CP00017718    (0)    3 :  1.000 
1604 CP00017691    (0)    3 :  1.000 
1605 CP00017726    (0)    3 :  1.000 
1606 CP00017705    (0)    2 :  1.000 
1607 CP00017701    (0)    2 :  1.000 
1608 CP00017711    (0)    3 :  1.000 
1609 CP00017704    (0)    2 :  1.000 
1610 CP00017761    (0)    3 :  1.000 
1611 CP00017720    (0)    3 :  1.000 
1612 CP00017678    (0)    3 :  1.000 
1613 CP00017671    (0)    3 :  1.000 
1614 CP00017722    (0)    3 :  1.000 
1615 CP00017675    (0)    3 :  1.000 
1616 CP00017709    (0)    2 :  1.000 
1617 CP00017684    (0)    3 :  1.000 
1618 CP00017729    (0)    3 :  1.000 
1619 CP00017751    (0)    3 :  1.000 
1620 CP00017703    (3)    2 :  1.000 
1621 CP00017764    (0)    3 :  1.000 
1622 CP00017716    (0)    3 :  1.000 
1623 CP00017693    (0)    2 :  1.000 
1624 CP00017740    (0)    3 :  1.000 
1625 CP00017728    (0)    3 :  1.000 
1626 CP00017713    (0)    3 :  1.000 
1627 CP00017738    (0)    3 :  1.000 
1628 CP00017732    (0)    3 :  1.000 
1629 CP00017674    (0)    3 :  1.000 
1630 CP00017708    (0)    2 :  1.000 
1631 CP00015547    (0)    3 :  1.000 
1632 CP00015567    (0)    3 :  1.000 
1633 CP00015562    (0)    3 :  1.000 
1634 CP00015644    (0)    3 :  1.000 
1635 CP00015548    (0)    3 :  1.000 
1636 CP00015649    (0)    3 :  1.000 
1637 CP00015670    (0)    3 :  1.000 
1638 CP00015546    (0)    3 :  1.000 
1639 CP00015629    (0)    3 :  1.000 
1640 CP00015558    (0)    3 :  1.000 
1641 CP00015654    (0)    3 :  1.000 
1642 CP00015623    (0)    3 :  1.000 
1643 CP00015650    (0)    3 :  1.000 
1644 CP00015526    (0)    3 :  1.000 
1645 CP00015636    (0)    3 :  1.000 
1646 CP00015661    (0)    3 :  1.000 
1647 CP00015626    (0)    3 :  1.000 
1648 CP00015647    (0)    3 :  1.000 
1649 CP00015630    (0)    3 :  1.000 
1650 CP00015533    (0)    3 :  1.000 
1651 CP00015532    (0)    3 :  1.000 
1652 CP00015541    (0)    3 :  1.000 
1653 CP00015549    (0)    3 :  1.000 
1654 CP00015539    (0)    1 :  1.000 
1655 CP00015667    (0)    3 :  1.000 
1656 CP00015534    (0)    1 :  1.000 
1657 CP00015551    (0)    3 :  1.000 
1658 CP00015568    (0)    1 :  1.000 
1659 CP00015645    (0)    1 :  1.000 
1660 CP00015543    (0)    1 :  1.000 
1661 CP00015531    (0)    1 :  1.000 
1662 CP00015659    (0)    1 :  1.000 
1663 CP00015563    (0)    1 :  1.000 
1664 CP00015553    (0)    1 :  1.000 
1665 CP00015668    (0)    3 :  1.000 
1666 CP00015555    (0)    3 :  1.000 
1667 CP00015621    (0)    3 :  1.000 
1668 CP00015669    (0)    3 :  1.000 
1669 CP00015666    (0)    3 :  1.000 
1670 CP00015663    (0)    3 :  1.000 
1671 CP00015624    (0)    3 :  1.000 
1672 CP00015625    (0)    3 :  1.000 
1673 CP00015665    (0)    3 :  1.000 
1674 CP00015664    (0)    3 :  1.000 
1675 CP00015535    (0)    3 :  1.000 
1676 CP00015524    (0)    3 :  1.000 
1677 CP00015653    (0)    3 :  1.000 
1678 CP00015652    (0)    3 :  1.000 
1679 CP00015538    (0)    3 :  1.000 
1680 CP00015642    (0)    3 :  1.000 
1681 CP00015634    (0)    3 :  1.000 
1682 CP00015540    (0)    3 :  1.000 
1683 CP00015552    (0)    3 :  1.000 
1684 CP00015570    (0)    3 :  1.000 
1685 CP00015557    (0)    3 :  1.000 
1686 CP00015662    (0)    3 :  1.000 
1687 CP00015635    (0)    1 :  1.000 
1688 CP00015643    (0)    1 :  1.000 
1689 CP00015646    (0)    1 :  1.000 
1690 CP00015554    (0)    1 :  1.000 
1691 CP00015527    (0)    1 :  1.000 
1692 CP00015523    (0)    1 :  1.000 
1693 CP00015627    (0)    3 :  1.000 
1694 CP00015564    (0)    1 :  1.000 
1695 CP00015560    (0)    1 :  1.000 
1696 CP00015525    (0)    1 :  1.000 
1697 CP00015628    (0)    3 :  1.000 
1698 CP00015651    (0)    1 :  1.000 
1699 CP00017568    (0)    2 :  1.000 
1700 CP00017580    (0)    2 :  1.000 
1701 CP00017575    (0)    2 :  1.000 
1702 CP00017577    (0)    2 :  1.000 
1703 CP00017593    (0)    2 :  1.000 
1704 CP00017560    (0)    2 :  1.000 
1705 CP00017592    (0)    2 :  1.000 
1706 CP00017550    (0)    2 :  1.000 
1707 CP00017614    (0)    2 :  1.000 
1708 CP00017579    (0)    2 :  1.000 
1709 CP00017536    (0)    2 :  1.000 
1710 CP00017538    (0)    2 :  1.000 
1711 CP00017596    (0)    2 :  1.000 
1712 CP00017524    (0)    2 :  1.000 
1713 CP00017543    (0)    2 :  1.000 
1714 CP00017578    (0)    2 :  1.000 
1715 CP00017588    (0)    2 :  1.000 
1716 CP00017539    (0)    2 :  1.000 
1717 CP00017545    (0)    2 :  1.000 
1718 CP00017581    (0)    2 :  1.000 
1719 CP00017527    (0)    2 :  1.000 
1720 CP00017531    (0)    2 :  1.000 
1721 CP00017582    (0)    2 :  1.000 
1722 CP00017554    (0)    2 :  1.000 
1723 CP00017595    (0)    2 :  1.000 
1724 CP00017589    (0)    2 :  1.000 
1725 CP00017541    (0)    2 :  1.000 
1726 CP00017532    (0)    2 :  1.000 
1727 CP00017544    (0)    2 :  1.000 
1728 CP00017561    (0)    2 :  1.000 
1729 CP00017572    (0)    2 :  1.000 
1730 CP00017525    (0)    2 :  1.000 
1731 CP00017523    (0)    2 :  1.000 
1732 CP00017612    (0)    2 :  1.000 
1733 CP00017571    (0)    2 :  1.000 
1734 CP00017613    (0)    2 :  1.000 
1735 CP00017521    (0)    2 :  1.000 
1736 CP00017522    (0)    2 :  1.000 
1737 CP00017540    (0)    2 :  1.000 
1738 CP00017590    (0)    2 :  1.000 
1739 CP00017601    (0)    2 :  1.000 
1740 CP00017576    (0)    2 :  1.000 
1741 CP00017551    (0)    2 :  1.000 
1742 CP00017605    (0)    2 :  1.000 
1743 CP00017570    (0)    2 :  1.000 
1744 CP00017547    (0)    2 :  1.000 
1745 CP00017564    (0)    2 :  1.000 
1746 CP00017585    (0)    2 :  1.000 
1747 CP00017574    (0)    2 :  1.000 
1748 CP00017552    (0)    2 :  1.000 
1749 CP00017537    (0)    2 :  1.000 
1750 CP00017607    (0)    2 :  1.000 
1751 CP00017566    (0)    2 :  1.000 
1752 CP00017617    (0)    2 :  1.000 
1753 CP00017611    (0)    2 :  1.000 
1754 CP00017610    (0)    2 :  1.000 
1755 CP00017562    (0)    2 :  1.000 
1756 CP00017584    (0)    2 :  1.000 
1757 CP00017548    (0)    2 :  1.000 
1758 CP00017597    (0)    2 :  1.000 
1759 CP00017556    (0)    2 :  1.000 
1760 CP00017586    (0)    2 :  1.000 
1761 CP00017549    (0)    2 :  1.000 
1762 CP00017542    (0)    2 :  1.000 
1763 CP00017609    (0)    2 :  1.000 
1764 CP00017553    (0)    2 :  1.000 
1765 CP00017603    (0)    2 :  1.000 
1766 CP00017533    (0)    2 :  1.000 
1767 CP00017535    (0)    2 :  1.000 
1768 CP00017565    (0)    2 :  1.000 
1769 CP00017615    (0)    2 :  1.000 
1770 CP00017619    (0)    2 :  1.000 
1771 CP00017620    (0)    2 :  1.000 
1772 CP00017567    (0)    2 :  1.000 
1773 CP00017529    (0)    2 :  1.000 
1774 CP00017569    (0)    2 :  1.000 
1775 CP00017608    (0)    2 :  1.000 
1776 CP00017558    (0)    2 :  1.000 
1777 CP00017555    (0)    2 :  1.000 
1778 CP00017618    (0)    2 :  1.000 
1779 CP00017557    (0)    2 :  1.000 
1780 CP00017606    (0)    2 :  1.000 
1781 CP00017600    (0)    2 :  1.000 
1782 CP00017583    (0)    2 :  1.000 
1783 CP00017599    (0)    2 :  1.000 
1784 CP00017530    (0)    2 :  1.000 
1785 CP00017546    (0)    2 :  1.000 
1786 CP00017616    (0)    2 :  1.000 
1787 CP00017559    (0)    2 :  1.000 
1788 CP00017563    (0)    2 :  1.000 
1789 CP00017602    (0)    2 :  1.000 
1790 CP00017591    (0)    2 :  1.000 
1791 CP00017598    (0)    2 :  1.000 
1792 CP00017526    (0)    2 :  1.000 
1793 CP00017604    (0)    2 :  1.000 
1794 CP00015690    (0)    1 :  1.000 
1795 CP00015069    (3)    1 :  1.000 
1796 CP00015687    (0)    1 :  1.000 
1797 CP00015708    (0)    1 :  1.000 
1798 CP00015720    (0)    1 :  1.000 
1799 CP00049555    (0)    1 :  1.000 
1800 CP00049558    (0)    1 :  1.000 
1801 CP00015068    (0)    1 :  1.000 
1802 CP00015710    (0)    1 :  1.000 
1803 CP00049570    (0)    1 :  1.000 
1804 CP00049556    (0)    1 :  1.000 
1805 CP00049534    (0)    3 :  1.000 
1806 CP00049543    (0)    3 :  1.000 
1807 CP00049539    (0)    3 :  1.000 
1808 CP00049567    (0)    3 :  1.000 
1809 CP00015706    (0)    1 :  1.000 
1810 CP00015063    (0)    3 :  1.000 
1811 CP00015067    (0)    3 :  1.000 
1812 CP00049536    (0)    3 :  1.000 
1813 CP00049560    (0)    3 :  1.000 
1814 CP00049529    (0)    3 :  1.000 
1815 CP00015699    (0)    1 :  1.000 
1816 CP00015066    (0)    3 :  1.000 
1817 CP00015712    (0)    1 :  1.000 
1818 CP00049526    (0)    3 :  1.000 
1819 CP00049562    (0)    3 :  1.000 
1820 CP00049525    (0)    3 :  1.000 
1821 CP00015689    (0)    1 :  1.000 
1822 CP00049544    (0)    3 :  1.000 
1823 CP00049545    (0)    3 :  1.000 
1824 CP00049541    (0)    3 :  1.000 
1825 CP00049528    (0)    3 :  1.000 
1826 CP00049521    (0)    3 :  1.000 
1827 CP00015709    (0)    1 :  1.000 
1828 CP00015716    (0)    1 :  1.000 
1829 CP00015688    (0)    1 :  1.000 
1830 CP00015700    (0)    1 :  1.000 
1831 CP00049549    (0)    3 :  1.000 
1832 CP00049550    (0)    3 :  1.000 
1833 CP00015070    (0)    3 :  1.000 
1834 CP00015686    (0)    1 :  1.000 
1835 CP00015062    (0)    3 :  1.000 
1836 CP00049563    (0)    3 :  1.000 
1837 CP00049537    (0)    3 :  1.000 
1838 CP00049551    (0)    3 :  1.000 
1839 CP00049535    (0)    3 :  1.000 
1840 CP00015719    (0)    1 :  1.000 
1841 CP00015697    (0)    1 :  1.000 
1842 CP00015714    (0)    1 :  1.000 
1843 CP00015715    (0)    1 :  1.000 
1844 CP00049559    (0)    3 :  1.000 
1845 CP00049566    (0)    3 :  1.000 
1846 CP00049542    (0)    3 :  1.000 
1847 CP00049530    (0)    3 :  1.000 
1848 CP00049532    (0)    3 :  1.000 
1849 CP00049554    (0)    3 :  1.000 
1850 CP00049564    (0)    3 :  1.000 
1851 CP00015702    (0)    1 :  1.000 
1852 CP00015681    (0)    1 :  1.000 
1853 CP00015718    (0)    1 :  1.000 
1854 CP00015698    (0)    1 :  1.000 
1855 CP00049531    (0)    3 :  1.000 
1856 CP00049548    (0)    3 :  1.000 
1857 CP00015695    (0)    1 :  1.000 
1858 CP00015692    (0)    1 :  1.000 
1859 CP00015693    (0)    1 :  1.000 
1860 CP00049522    (0)    3 :  1.000 
1861 CP00049546    (0)    3 :  1.000 
1862 CP00049557    (0)    3 :  1.000 
1863 CP00049533    (0)    3 :  1.000 
1864 CP00015683    (0)    1 :  1.000 
1865 CP00015713    (0)    1 :  1.000 
1866 CP00015684    (0)    1 :  1.000 
1867 CP00015696    (0)    1 :  1.000 
1868 CP00049538    (0)    3 :  1.000 
1869 CP00015705    (0)    1 :  1.000 
1870 CP00015691    (0)    1 :  1.000 
1871 CP00049547    (0)    1 :  1.000 
1872 CP00015065    (0)    1 :  1.000 
1873 CP00049540    (0)    1 :  1.000 
1874 CP00015703    (0)    1 :  1.000 
1875 CP00049552    (0)    1 :  1.000 
1876 CP00015682    (0)    1 :  1.000 
1877 CP00015064    (0)    3 :  1.000 
1878 CP00015685    (0)    1 :  1.000 
1879 CP00015061    (0)    3 :  1.000 
1880 CP00021003    (0)    1 :  1.000 
1881 CP00021007    (0)    1 :  1.000 
1882 CP00021019    (0)    1 :  1.000 
1883 CP00020975    (0)    1 :  1.000 
1884 CP00020971    (0)    1 :  1.000 
1885 CP00020972    (0)    1 :  1.000 
1886 CP00020973    (0)    1 :  1.000 
1887 CP00021002    (0)    1 :  1.000 
1888 CP00021008    (0)    1 :  1.000 
1889 CP00021020    (0)    1 :  1.000 
1890 CP00021016    (0)    1 :  1.000 
1891 CP00020999    (0)    1 :  1.000 
1892 CP00021000    (0)    1 :  1.000 
1893 CP00020996    (0)    1 :  1.000 
1894 CP00021005    (0)    1 :  1.000 
1895 CP00020976    (0)    1 :  1.000 
1896 CP00021009    (0)    1 :  1.000 
1897 CP00021010    (0)    1 :  1.000 
1898 CP00020998    (0)    1 :  1.000 
1899 CP00020997    (0)    1 :  1.000 
1900 CP00021017    (0)    1 :  1.000 
1901 CP00021018    (0)    1 :  1.000 
1902 CP00020974    (0)    1 :  1.000 
1903 CP00021015    (0)    1 :  1.000 
1904 CP00021006    (0)    1 :  1.000 
1905 CP00020991    (0)    1 :  1.000 
1906 CP00020977    (0)    1 :  1.000 
1907 CP00020993    (0)    1 :  1.000 
1908 CP00020995    (0)    1 :  1.000 
1909 CP00021004    (0)    1 :  1.000 
1910 CP00020992    (3)    1 :  1.000 
1911 CP00021001    (0)    1 :  1.000 
1912 CP00020866    (0)    3 :  1.000 
1913 CP00020822    (0)    3 :  1.000 
1914 CP00072624    (0)    3 :  1.000 
1915 CP00072595    (0)    2 :  1.000 
1916 CP00072586    (0)    2 :  1.000 
1917 CP00072605    (0)    3 :  1.000 
1918 CP00072615    (0)    3 :  1.000 
1919 CP00072633    (0)    1 :  1.000 
1920 CP00072589    (0)    2 :  1.000 
1921 CP00072630    (0)    3 :  1.000 
1922 CP00072593    (0)    2 :  1.000 
1923 CP00072614    (0)    3 :  1.000 
1924 CP00072617    (0)    3 :  1.000 
1925 CP00072618    (0)    3 :  1.000 
1926 CP00072583    (0)    2 :  1.000 
1927 CP00072637    (0)    1 :  1.000 
1928 CP00072612    (0)    3 :  1.000 
1929 CP00072579    (0)    1 :  1.000 
1930 CP00072629    (0)    3 :  1.000 
1931 CP00072607    (0)    3 :  1.000 
1932 CP00072613    (0)    3 :  1.000 
1933 CP00072644    (0)    3 :  1.000 
1934 CP00072627    (0)    3 :  1.000 
1935 CP00072584    (0)    2 :  1.000 
1936 CP00072611    (0)    3 :  1.000 
1937 CP00072578    (0)    1 :  1.000 
1938 CP00072608    (0)    3 :  1.000 
1939 CP00072628    (0)    3 :  1.000 
1940 CP00072606    (0)    3 :  1.000 
1941 CP00072645    (0)    3 :  1.000 
1942 CP00072638    (0)    1 :  1.000 
1943 CP00072580    (0)    1 :  1.000 
1944 CP00072588    (0)    2 :  1.000 
1945 CP00072591    (0)    2 :  1.000 
1946 CP00072590    (0)    2 :  1.000 
1947 CP00072592    (0)    2 :  1.000 
1948 CP00072582    (0)    1 :  1.000 
1949 CP00072609    (0)    3 :  1.000 
1950 CP00072635    (0)    1 :  1.000 
1951 CP00072647    (0)    1 :  1.000 
1952 CP00072585    (0)    2 :  1.000 
1953 CP00072587    (0)    2 :  1.000 
1954 CP00072639    (0)    1 :  1.000 
1955 CP00072640    (0)    1 :  1.000 
1956 CP00072625    (0)    3 :  1.000 
1957 CP00072576    (0)    1 :  1.000 
1958 CP00072634    (0)    1 :  1.000 
1959 CP00072619    (0)    3 :  1.000 
1960 CP00072621    (0)    3 :  1.000 
1961 CP00072571    (0)    1 :  1.000 
1962 CP00072646    (0)    1 :  1.000 
1963 CP00072622    (0)    1 :  1.000 
1964 CP00072577    (0)    1 :  1.000 
1965 CP00072610    (0)    3 :  1.000 
1966 CP00072620    (0)    3 :  1.000 
1967 CP00072616    (0)    3 :  1.000 
1968 CP00072623    (0)    3 :  1.000 
1969 CP00072626    (0)    3 :  1.000 
1970 CP00072641    (0)    1 :  1.000 
1971 CP00072642    (0)    3 :  1.000 
1972 CP00072157    (0)    3 :  1.000 
1973 CP00072132    (0)    3 :  1.000 
1974 CP00072144    (0)    3 :  1.000 
1975 CP00072148    (0)    3 :  1.000 
1976 CP00072169    (0)    3 :  1.000 
1977 CP00072133    (0)    3 :  1.000 
1978 CP00072139    (0)    3 :  1.000 
1979 CP00072155    (0)    1 :  1.000 
1980 CP00072143    (0)    1 :  1.000 
1981 CP00072136    (0)    1 :  1.000 
1982 CP00075424    (0)    1 :  1.000 
1983 CP00075416    (0)    1 :  1.000 
1984 CP00075420    (0)    1 :  1.000 
1985 CP00072159    (0)    1 :  1.000 
1986 CP00072137    (0)    1 :  1.000 
1987 CP00075415    (0)    1 :  1.000 
1988 CP00072131    (0)    1 :  1.000 
1989 CP00072156    (0)    1 :  1.000 
1990 CP00072134    (0)    1 :  1.000 
1991 CP00072138    (0)    1 :  1.000 
1992 CP00072142    (0)    1 :  1.000 
1993 CP00072168    (0)    1 :  1.000 
1994 CP00072153    (0)    1 :  1.000 
1995 CP00072154    (0)    1 :  1.000 
1996 CP00072166    (0)    1 :  1.000 
1997 CP00075417    (0)    2 :  1.000 
1998 CP00072152    (0)    2 :  1.000 
1999 CP00072160    (0)    2 :  1.000 
2000 CP00072149    (0)    2 :  1.000 

Command line arguments:   ./structure -m mainparams_primary -e extraparams_primary -i Albania_2000_STRUCTURE.txt -o primary_output/Albania_primary_K01_rep16 -K 1 -N 2000 -L 16 -D 20261821 
Input File:    Albania_2000_STRUCTURE.txt
Output File:   primary_output/Albania_primary_K01_rep16_f

Run parameters:
   2000 individuals
   16 loci
   1 populations assumed
   100000 Burn-in period
   500000 Reps
RANDOMIZE turned off

--------------------------------------------
Estimated Ln Prob of Data   = -125820.8
Mean value of ln likelihood = -125763.5
Variance of ln likelihood   = 114.6

Mean value of Fst_1         = 0.0305


--------------------------------------------
Proportion of membership of each pre-defined
 population in each of the 1 clusters

Given    Inferred Clusters       Number of
 Pop       1                    Individuals

  1:     1.000                    358
  2:     1.000                    1039
  3:     1.000                    603
--------------------------------------------
Final results printed to file primary_output/Albania_primary_K01_rep16_f

