

----------------------------------------------------
STRUCTURE by Pritchard, Stephens and Donnelly (2000)
     and Falush, Stephens and Pritchard (2003)
       Code by Pritchard, Falush and Hubisz
             Version 2.3.4 (Jul 2012)
----------------------------------------------------


Reading file "mainparams_primary".
datafile is
Albania_2000_STRUCTURE.txt
Reading file "extraparams_primary".
Reading file "Albania_2000_STRUCTURE.txt".


Data file "Albania_2000_STRUCTURE.txt" (truncated) --

Ind:   Label Pop : Genotype_data . . . .
  1: CP00019943    2  : 93 170 150 120 100 110 120  . . . . 242
  1: CP00019943    2  : 93 230 160 130 110 140 130  . . . . 302
  2: CP00019945    2  : 60 190 180 130 120 140 132  . . . . 200
  2: CP00019945    2  : 93 200 180 140 120 180 150  . . . . 302
  3: CP00019948    2  : 60 170 160 120  90 120 140  . . . . 190
  3: CP00019948    2  : 80 250 180 140 120 180 150  . . . . 252
  4: CP00019939    2  : 60 170 150 140 120 160 140  . . . . 200
  4: CP00019939    2  : 90 200 180 150 120 170 140  . . . . 232

      *******   

1999: CP00072160    2  : 80 160 160 110  90 120 140  . . . . 190
1999: CP00072160    2  : 93 170 170 120 110 160 142  . . . . 200
2000: CP00072149    2  : 60 160 150 120  90 110 140  . . . . 180
2000: CP00072149    2  : 60 160 180 150 120 140 150  . . . . 262

Number of alleles per locus: min= 6; ave=15.4; max=55


--------------------------------------

Finished initialization; starting MCMC 
500000 iterations + 100000 burnin


--------------------------------------------
Proportion of membership of each pre-defined
 population in each of the 2 clusters

Given    Inferred Clusters       Number of
 Pop       1      2             Individuals

  1:     0.510  0.490             358
  2:     0.496  0.504             1039
  3:     0.495  0.505             603
--------------------------------------------

 Rep#:   Lambda   Alpha      F1    F2     D1,2    Ln Like 
  100:    1.00    1.339    0.007 0.003    0.003   --  
  200:    1.00    0.992    0.008 0.001    0.003   --  
  300:    1.00    1.096    0.007 0.001    0.003   --  
  400:    1.00    1.157    0.007 0.001    0.005   --  
  500:    1.00    1.490    0.007 0.001    0.004   --  
  600:    1.00    1.503    0.007 0.001    0.003   --  
  700:    1.00    1.694    0.009 0.001    0.004   --  
  800:    1.00    1.773    0.009 0.001    0.004   --  
  900:    1.00    1.960    0.009 0.001    0.003   --  

--------------------------------------------
Proportion of membership of each pre-defined
 population in each of the 2 clusters

Given    Inferred Clusters       Number of
 Pop       1      2             Individuals

  1:     0.505  0.495             358
  2:     0.496  0.504             1039
  3:     0.505  0.495             603
--------------------------------------------

 Rep#:   Lambda   Alpha      F1    F2     D1,2    Ln Like 
 1000:    1.00    1.902    0.008 0.001    0.005   --  
 1100:    1.00    2.017    0.007 0.001    0.004   --  
 1200:    1.00    2.095    0.010 0.001    0.003   --  
 1300:    1.00    2.113    0.013 0.001    0.004   --  
 1400:    1.00    2.137    0.018 0.001    0.006   --  
 1500:    1.00    2.225    0.019 0.001    0.007   --  
 1600:    1.00    2.228    0.022 0.001    0.007   --  
 1700:    1.00    2.614    0.023 0.001    0.008   --  
 1800:    1.00    2.938    0.025 0.001    0.009   --  
 1900:    1.00    2.925    0.031 0.001    0.012   --  

--------------------------------------------
Proportion of membership of each pre-defined
 population in each of the 2 clusters

Given    Inferred Clusters       Number of
 Pop       1      2             Individuals

  1:     0.487  0.513             358
  2:     0.495  0.505             1039
  3:     0.490  0.510             603
--------------------------------------------

 Rep#:   Lambda   Alpha      F1    F2     D1,2    Ln Like 
 2000:    1.00    3.205    0.040 0.001    0.014   --  
 2100:    1.00    3.419    0.044 0.001    0.014   --  
 2200:    1.00    3.491    0.044 0.001    0.016   --  
 2300:    1.00    3.480    0.053 0.001    0.020   --  
 2400:    1.00    3.565    0.038 0.001    0.018   --  
 2500:    1.00    3.656    0.044 0.001    0.014   --  
 2600:    1.00    3.403    0.042 0.001    0.020   --  
 2700:    1.00    3.261    0.045 0.001    0.016   --  
 2800:    1.00    3.335    0.038 0.001    0.015   --  
 2900:    1.00    3.499    0.049 0.001    0.016   --  

--------------------------------------------
Proportion of membership of each pre-defined
 population in each of the 2 clusters

Given    Inferred Clusters       Number of
 Pop       1      2             Individuals

  1:     0.499  0.501             358
  2:     0.500  0.500             1039
  3:     0.503  0.497             603
--------------------------------------------

 Rep#:   Lambda   Alpha      F1    F2     D1,2    Ln Like 
 3000:    1.00    3.339    0.039 0.001    0.014   --  
 3100:    1.00    3.754    0.044 0.001    0.015   --  
 3200:    1.00    3.483    0.041 0.001    0.018   --  
 3300:    1.00    3.495    0.033 0.001    0.012   --  
 3400:    1.00    3.324    0.034 0.001    0.012   --  
 3500:    1.00    3.559    0.041 0.001    0.013   --  
 3600:    1.00    3.818    0.041 0.001    0.013   --  
 3700:    1.00    3.895    0.038 0.001    0.011   --  
 3800:    1.00    3.818    0.048 0.001    0.013   --  
 3900:    1.00    3.774    0.039 0.001    0.017   --  

--------------------------------------------
Proportion of membership of each pre-defined
 population in each of the 2 clusters

Given    Inferred Clusters       Number of
 Pop       1      2             Individuals

  1:     0.498  0.502             358
  2:     0.504  0.496             1039
  3:     0.506  0.494             603
--------------------------------------------

 Rep#:   Lambda   Alpha      F1    F2     D1,2    Ln Like 
 4000:    1.00    3.760    0.048 0.001    0.017   --  
 4100:    1.00    3.757    0.037 0.001    0.016   --  
 4200:    1.00    4.102    0.041 0.001    0.012   --  
 4300:    1.00    3.881    0.032 0.001    0.010   --  
 4400:    1.00    3.630    0.027 0.001    0.013   --  
 4500:    1.00    3.755    0.037 0.001    0.012   --  
 4600:    1.00    4.015    0.042 0.001    0.015   --  
 4700:    1.00    4.092    0.042 0.001    0.012   --  
 4800:    1.00    4.288    0.044 0.001    0.017   --  
 4900:    1.00    4.505    0.036 0.001    0.011   --  

--------------------------------------------
Proportion of membership of each pre-defined
 population in each of the 2 clusters

Given    Inferred Clusters       Number of
 Pop       1      2             Individuals

  1:     0.509  0.491             358
  2:     0.493  0.507             1039
  3:     0.498  0.502             603
--------------------------------------------

 Rep#:   Lambda   Alpha      F1    F2     D1,2    Ln Like 
 5000:    1.00    4.575    0.035 0.001    0.013   --  
 5100:    1.00    4.755    0.040 0.001    0.013   --  
 5200:    1.00    5.174    0.046 0.001    0.017   --  
 5300:    1.00    5.114    0.050 0.001    0.020   --  
 5400:    1.00    5.124    0.061 0.001    0.025   --  
 5500:    1.00    5.453    0.048 0.001    0.017   --  
 5600:    1.00    5.450    0.056 0.001    0.024   --  
 5700:    1.00    5.637    0.054 0.001    0.028   --  
 5800:    1.00    6.229    0.062 0.001    0.027   --  
 5900:    1.00    6.319    0.065 0.001    0.029   --  

--------------------------------------------
Proportion of membership of each pre-defined
 population in each of the 2 clusters

Given    Inferred Clusters       Number of
 Pop       1      2             Individuals

  1:     0.499  0.501             358
  2:     0.495  0.505             1039
  3:     0.499  0.501             603
--------------------------------------------

 Rep#:   Lambda   Alpha      F1    F2     D1,2    Ln Like 
 6000:    1.00    6.280    0.055 0.001    0.020   --  
 6100:    1.00    6.243    0.052 0.001    0.026   --  
 6200:    1.00    6.317    0.051 0.001    0.022   --  
 6300:    1.00    6.373    0.044 0.001    0.015   --  
 6400:    1.00    6.592    0.056 0.001    0.020   --  
 6500:    1.00    6.243    0.056 0.001    0.025   --  
 6600:    1.00    6.357    0.055 0.001    0.019   --  
 6700:    1.00    6.541    0.045 0.001    0.022   --  
 6800:    1.00    6.639    0.038 0.001    0.020   --  
 6900:    1.00    7.069    0.040 0.001    0.016   --  

--------------------------------------------
Proportion of membership of each pre-defined
 population in each of the 2 clusters

Given    Inferred Clusters       Number of
 Pop       1      2             Individuals

  1:     0.507  0.493             358
  2:     0.506  0.494             1039
  3:     0.502  0.498             603
--------------------------------------------

 Rep#:   Lambda   Alpha      F1    F2     D1,2    Ln Like 
 7000:    1.00    7.040    0.046 0.001    0.012   --  
 7100:    1.00    7.041    0.046 0.001    0.016   --  
 7200:    1.00    7.141    0.035 0.001    0.017   --  
 7300:    1.00    7.403    0.056 0.001    0.023   --  
 7400:    1.00    7.730    0.059 0.001    0.025   --  
 7500:    1.00    7.534    0.063 0.001    0.022   --  
 7600:    1.00    7.942    0.058 0.001    0.026   --  
 7700:    1.00    8.079    0.056 0.001    0.023   --  
 7800:    1.00    8.135    0.059 0.001    0.024   --  
 7900:    1.00    8.210    0.066 0.001    0.022   --  

--------------------------------------------
Proportion of membership of each pre-defined
 population in each of the 2 clusters

Given    Inferred Clusters       Number of
 Pop       1      2             Individuals

  1:     0.512  0.488             358
  2:     0.503  0.497             1039
  3:     0.498  0.502             603
--------------------------------------------

 Rep#:   Lambda   Alpha      F1    F2     D1,2    Ln Like 
 8000:    1.00    8.096    0.098 0.001    0.041   --  
 8100:    1.00    8.032    0.071 0.001    0.033   --  
 8200:    1.00    8.323    0.055 0.001    0.024   --  
 8300:    1.00    7.827    0.057 0.001    0.020   --  
 8400:    1.00    7.650    0.050 0.001    0.019   --  
 8500:    1.00    7.488    0.044 0.001    0.014   --  
 8600:    1.00    7.385    0.041 0.001    0.017   --  
 8700:    1.00    7.687    0.045 0.001    0.020   --  
 8800:    1.00    7.769    0.051 0.001    0.018   --  
 8900:    1.00    8.097    0.048 0.001    0.023   --  

--------------------------------------------
Proportion of membership of each pre-defined
 population in each of the 2 clusters

Given    Inferred Clusters       Number of
 Pop       1      2             Individuals

  1:     0.505  0.495             358
  2:     0.496  0.504             1039
  3:     0.494  0.506             603
--------------------------------------------

 Rep#:   Lambda   Alpha      F1    F2     D1,2    Ln Like 
 9000:    1.00    7.934    0.046 0.001    0.022   --  
 9100:    1.00    7.734    0.056 0.001    0.024   --  
 9200:    1.00    8.264    0.060 0.001    0.019   --  
 9300:    1.00    8.387    0.047 0.001    0.024   --  
 9400:    1.00    8.649    0.044 0.001    0.019   --  
 9500:    1.00    8.908    0.045 0.001    0.016   --  
 9600:    1.00    9.193    0.062 0.001    0.026   --  
 9700:    1.00    9.058    0.053 0.001    0.022   --  
 9800:    1.00    9.013    0.055 0.001    0.028   --  
 9900:    1.00    9.169    0.078 0.001    0.034   --  

--------------------------------------------
Proportion of membership of each pre-defined
 population in each of the 2 clusters

Given    Inferred Clusters       Number of
 Pop       1      2             Individuals

  1:     0.503  0.497             358
  2:     0.500  0.500             1039
  3:     0.499  0.501             603
--------------------------------------------

 Rep#:   Lambda   Alpha      F1    F2     D1,2    Ln Like 
10000:    1.00    9.191    0.093 0.001    0.038   --  
10100:    1.00    9.315    0.073 0.001    0.036   --  
10200:    1.00    9.658    0.064 0.001    0.036   --  
10300:    1.00    9.160    0.063 0.001    0.028   --  
10400:    1.00    9.018    0.070 0.001    0.028   --  
10500:    1.00    9.070    0.059 0.001    0.027   --  
10600:    1.00    9.694    0.075 0.001    0.028   --  
10700:    1.00    9.667    0.055 0.001    0.028   --  
10800:    1.00    9.366    0.092 0.001    0.039   --  
10900:    1.00    9.007    0.068 0.001    0.029   --  

--------------------------------------------
Proportion of membership of each pre-defined
 population in each of the 2 clusters

Given    Inferred Clusters       Number of
 Pop       1      2             Individuals

  1:     0.504  0.496             358
  2:     0.501  0.499             1039
  3:     0.500  0.500             603
--------------------------------------------

 Rep#:   Lambda   Alpha      F1    F2     D1,2    Ln Like 
11000:    1.00    9.429    0.059 0.001    0.023   --  
11100:    1.00    9.596    0.047 0.001    0.017   --  
11200:    1.00    9.625    0.045 0.001    0.018   --  
11300:    1.00    9.585    0.054 0.001    0.022   --  
11400:    1.00    9.463    0.079 0.001    0.036   --  
11500:    1.00    9.371    0.067 0.001    0.027   --  
11600:    1.00    8.990    0.077 0.001    0.026   --  
11700:    1.00    8.700    0.074 0.001    0.030   --  
11800:    1.00    8.548    0.064 0.001    0.025   --  
11900:    1.00    8.426    0.073 0.001    0.025   --  

--------------------------------------------
Proportion of membership of each pre-defined
 population in each of the 2 clusters

Given    Inferred Clusters       Number of
 Pop       1      2             Individuals

  1:     0.506  0.494             358
  2:     0.503  0.497             1039
  3:     0.503  0.497             603
--------------------------------------------

 Rep#:   Lambda   Alpha      F1    F2     D1,2    Ln Like 
12000:    1.00    8.256    0.061 0.001    0.024   --  
12100:    1.00    8.278    0.055 0.001    0.021   --  
12200:    1.00    8.210    0.056 0.001    0.025   --  
12300:    1.00    8.183    0.079 0.001    0.027   --  
12400:    1.00    7.749    0.082 0.001    0.034   --  
12500:    1.00    7.590    0.059 0.001    0.031   --  
12600:    1.00    7.637    0.078 0.001    0.029   --  
12700:    1.00    7.731    0.083 0.001    0.030   --  
12800:    1.00    7.618    0.057 0.001    0.031   --  
12900:    1.00    7.618    0.083 0.001    0.032   --  

--------------------------------------------
Proportion of membership of each pre-defined
 population in each of the 2 clusters

Given    Inferred Clusters       Number of
 Pop       1      2             Individuals

  1:     0.492  0.508             358
  2:     0.506  0.494             1039
  3:     0.503  0.497             603
--------------------------------------------

 Rep#:   Lambda   Alpha      F1    F2     D1,2    Ln Like 
13000:    1.00    7.665    0.049 0.001    0.026   --  
13100:    1.00    7.562    0.049 0.001    0.021   --  
13200:    1.00    7.730    0.054 0.001    0.020   --  
13300:    1.00    7.664    0.063 0.001    0.018   --  
13400:    1.00    7.422    0.061 0.001    0.021   --  
13500:    1.00    7.488    0.054 0.001    0.023   --  
13600:    1.00    7.450    0.060 0.001    0.027   --  
13700:    1.00    7.243    0.074 0.001    0.034   --  
13800:    1.00    7.019    0.082 0.001    0.028   --  
13900:    1.00    7.131    0.073 0.001    0.026   --  

--------------------------------------------
Proportion of membership of each pre-defined
 population in each of the 2 clusters

Given    Inferred Clusters       Number of
 Pop       1      2             Individuals

  1:     0.492  0.508             358
  2:     0.499  0.501             1039
  3:     0.500  0.500             603
--------------------------------------------

 Rep#:   Lambda   Alpha      F1    F2     D1,2    Ln Like 
14000:    1.00    7.206    0.060 0.001    0.025   --  
14100:    1.00    7.321    0.063 0.001    0.027   --  
14200:    1.00    7.754    0.060 0.001    0.027   --  
14300:    1.00    8.198    0.055 0.001    0.023   --  
14400:    1.00    8.115    0.060 0.000    0.023   --  
14500:    1.00    7.589    0.052 0.000    0.021   --  
14600:    1.00    7.590    0.063 0.000    0.025   --  
14700:    1.00    7.624    0.064 0.000    0.025   --  
14800:    1.00    7.676    0.045 0.000    0.020   --  
14900:    1.00    8.007    0.041 0.000    0.018   --  

--------------------------------------------
Proportion of membership of each pre-defined
 population in each of the 2 clusters

Given    Inferred Clusters       Number of
 Pop       1      2             Individuals

  1:     0.495  0.505             358
  2:     0.503  0.497             1039
  3:     0.494  0.506             603
--------------------------------------------

 Rep#:   Lambda   Alpha      F1    F2     D1,2    Ln Like 
15000:    1.00    7.792    0.054 0.000    0.016   --  
15100:    1.00    7.648    0.066 0.000    0.022   --  
15200:    1.00    7.695    0.064 0.000    0.028   --  
15300:    1.00    8.202    0.053 0.000    0.019   --  
15400:    1.00    8.324    0.063 0.000    0.020   --  
15500:    1.00    8.386    0.040 0.000    0.016   --  
15600:    1.00    8.265    0.038 0.000    0.013   --  
15700:    1.00    8.296    0.043 0.000    0.016   --  
15800:    1.00    8.280    0.053 0.000    0.023   --  
15900:    1.00    8.216    0.076 0.000    0.026   --  

--------------------------------------------
Proportion of membership of each pre-defined
 population in each of the 2 clusters

Given    Inferred Clusters       Number of
 Pop       1      2             Individuals

  1:     0.509  0.491             358
  2:     0.510  0.490             1039
  3:     0.498  0.502             603
--------------------------------------------

 Rep#:   Lambda   Alpha      F1    F2     D1,2    Ln Like 
16000:    1.00    8.318    0.067 0.000    0.023   --  
16100:    1.00    8.496    0.068 0.000    0.029   --  
16200:    1.00    8.313    0.066 0.000    0.025   --  
16300:    1.00    8.755    0.074 0.000    0.027   --  
16400:    1.00    9.130    0.064 0.000    0.025   --  
16500:    1.00    9.467    0.077 0.000    0.026   --  
16600:    1.00    9.610    0.088 0.000    0.037   --  
16700:    1.00    9.585    0.082 0.000    0.035   --  
16800:    1.00    9.658    0.088 0.000    0.031   --  
16900:    1.00    9.909    0.103 0.000    0.039   --  

--------------------------------------------
Proportion of membership of each pre-defined
 population in each of the 2 clusters

Given    Inferred Clusters       Number of
 Pop       1      2             Individuals

  1:     0.509  0.491             358
  2:     0.510  0.490             1039
  3:     0.502  0.498             603
--------------------------------------------

 Rep#:   Lambda   Alpha      F1    F2     D1,2    Ln Like 
17000:    1.00    9.577    0.104 0.000    0.041   --  
17100:    1.00    9.880    0.093 0.000    0.033   --  
17200:    1.00    9.852    0.087 0.000    0.028   --  
17300:    1.00    9.934    0.068 0.000    0.029   --  
17400:    1.00    9.667    0.070 0.000    0.023   --  
17500:    1.00    9.616    0.053 0.000    0.026   --  
17600:    1.00    9.586    0.063 0.000    0.024   --  
17700:    1.00    9.406    0.067 0.000    0.028   --  
17800:    1.00    9.340    0.061 0.000    0.023   --  
17900:    1.00    9.678    0.063 0.000    0.024   --  

--------------------------------------------
Proportion of membership of each pre-defined
 population in each of the 2 clusters

Given    Inferred Clusters       Number of
 Pop       1      2             Individuals

  1:     0.498  0.502             358
  2:     0.506  0.494             1039
  3:     0.497  0.503             603
--------------------------------------------

 Rep#:   Lambda   Alpha      F1    F2     D1,2    Ln Like 
18000:    1.00    9.450    0.064 0.000    0.023   --  
18100:    1.00    9.481    0.069 0.000    0.018   --  
18200:    1.00    9.418    0.050 0.000    0.022   --  
18300:    1.00    9.060    0.074 0.000    0.020   --  
18400:    1.00    9.134    0.094 0.000    0.024   --  
18500:    1.00    8.800    0.076 0.000    0.029   --  
18600:    1.00    8.870    0.088 0.000    0.024   --  
18700:    1.00    9.158    0.064 0.000    0.023   --  
18800:    1.00    9.146    0.071 0.000    0.028   --  
18900:    1.00    8.912    0.079 0.000    0.027   --  

--------------------------------------------
Proportion of membership of each pre-defined
 population in each of the 2 clusters

Given    Inferred Clusters       Number of
 Pop       1      2             Individuals

  1:     0.508  0.492             358
  2:     0.499  0.501             1039
  3:     0.496  0.504             603
--------------------------------------------

 Rep#:   Lambda   Alpha      F1    F2     D1,2    Ln Like 
19000:    1.00    9.146    0.083 0.000    0.027   --  
19100:    1.00    9.517    0.061 0.000    0.023   --  
19200:    1.00    9.468    0.060 0.000    0.022   --  
19300:    1.00    9.428    0.071 0.000    0.026   --  
19400:    1.00    9.425    0.064 0.000    0.020   --  
19500:    1.00    9.602    0.056 0.000    0.026   --  
19600:    1.00    9.965    0.044 0.000    0.019   --  
19700:    1.00    9.676    0.062 0.000    0.022   --  
19800:    1.00    9.552    0.096 0.000    0.025   --  
19900:    1.00    9.360    0.080 0.000    0.027   --  

--------------------------------------------
Proportion of membership of each pre-defined
 population in each of the 2 clusters

Given    Inferred Clusters       Number of
 Pop       1      2             Individuals

  1:     0.505  0.495             358
  2:     0.504  0.496             1039
  3:     0.504  0.496             603
--------------------------------------------

 Rep#:   Lambda   Alpha      F1    F2     D1,2    Ln Like 
20000:    1.00    9.320    0.074 0.000    0.024   --  
20100:    1.00    9.968    0.054 0.000    0.024   --  
20200:    1.00    9.869    0.059 0.000    0.019   --  
20300:    1.00    9.401    0.068 0.000    0.023   --  
20400:    1.00    9.681    0.059 0.000    0.022   --  
20500:    1.00    9.803    0.060 0.000    0.022   --  
20600:    1.00    9.345    0.056 0.000    0.021   --  
20700:    1.00    8.981    0.066 0.000    0.020   --  
20800:    1.00    8.771    0.046 0.000    0.019   --  
20900:    1.00    9.097    0.038 0.000    0.012   --  

--------------------------------------------
Proportion of membership of each pre-defined
 population in each of the 2 clusters

Given    Inferred Clusters       Number of
 Pop       1      2             Individuals

  1:     0.507  0.493             358
  2:     0.502  0.498             1039
  3:     0.494  0.506             603
--------------------------------------------

 Rep#:   Lambda   Alpha      F1    F2     D1,2    Ln Like 
21000:    1.00    8.859    0.046 0.000    0.016   --  
21100:    1.00    8.720    0.049 0.000    0.021   --  
21200:    1.00    8.835    0.056 0.000    0.020   --  
21300:    1.00    8.937    0.049 0.000    0.017   --  
21400:    1.00    9.000    0.055 0.000    0.020   --  
21500:    1.00    9.057    0.047 0.000    0.016   --  
21600:    1.00    9.107    0.036 0.000    0.016   --  
21700:    1.00    9.062    0.038 0.000    0.017   --  
21800:    1.00    9.350    0.033 0.000    0.014   --  
21900:    1.00    9.018    0.048 0.000    0.019   --  

--------------------------------------------
Proportion of membership of each pre-defined
 population in each of the 2 clusters

Given    Inferred Clusters       Number of
 Pop       1      2             Individuals

  1:     0.509  0.491             358
  2:     0.500  0.500             1039
  3:     0.499  0.501             603
--------------------------------------------

 Rep#:   Lambda   Alpha      F1    F2     D1,2    Ln Like 
22000:    1.00    9.318    0.048 0.000    0.020   --  
22100:    1.00    9.060    0.044 0.000    0.018   --  
22200:    1.00    8.929    0.068 0.000    0.019   --  
22300:    1.00    8.923    0.066 0.000    0.021   --  
22400:    1.00    9.035    0.053 0.000    0.021   --  
22500:    1.00    8.738    0.057 0.000    0.026   --  
22600:    1.00    8.184    0.063 0.000    0.027   --  
22700:    1.00    7.744    0.050 0.000    0.021   --  
22800:    1.00    7.828    0.065 0.000    0.025   --  
22900:    1.00    7.796    0.067 0.000    0.031   --  

--------------------------------------------
Proportion of membership of each pre-defined
 population in each of the 2 clusters

Given    Inferred Clusters       Number of
 Pop       1      2             Individuals

  1:     0.502  0.498             358
  2:     0.503  0.497             1039
  3:     0.503  0.497             603
--------------------------------------------

 Rep#:   Lambda   Alpha      F1    F2     D1,2    Ln Like 
23000:    1.00    8.247    0.071 0.000    0.034   --  
23100:    1.00    8.522    0.067 0.000    0.034   --  
23200:    1.00    8.962    0.079 0.000    0.031   --  
23300:    1.00    8.580    0.080 0.000    0.032   --  
23400:    1.00    8.555    0.069 0.000    0.024   --  
23500:    1.00    8.502    0.062 0.000    0.022   --  
23600:    1.00    8.565    0.069 0.000    0.023   --  
23700:    1.00    8.917    0.068 0.000    0.028   --  
23800:    1.00    8.677    0.089 0.000    0.029   --  
23900:    1.00    8.951    0.063 0.000    0.022   --  

--------------------------------------------
Proportion of membership of each pre-defined
 population in each of the 2 clusters

Given    Inferred Clusters       Number of
 Pop       1      2             Individuals

  1:     0.501  0.499             358
  2:     0.497  0.503             1039
  3:     0.498  0.502             603
--------------------------------------------

 Rep#:   Lambda   Alpha      F1    F2     D1,2    Ln Like 
24000:    1.00    9.009    0.075 0.000    0.022   --  
24100:    1.00    9.225    0.071 0.000    0.026   --  
24200:    1.00    9.228    0.055 0.000    0.024   --  
24300:    1.00    9.460    0.049 0.000    0.020   --  
24400:    1.00    9.470    0.068 0.000    0.022   --  
24500:    1.00    9.545    0.065 0.000    0.026   --  
24600:    1.00    9.928    0.059 0.000    0.021   --  
24700:    1.00    9.737    0.058 0.000    0.025   --  
24800:    1.00    9.700    0.058 0.000    0.026   --  
24900:    1.00    9.776    0.065 0.000    0.024   --  

--------------------------------------------
Proportion of membership of each pre-defined
 population in each of the 2 clusters

Given    Inferred Clusters       Number of
 Pop       1      2             Individuals

  1:     0.501  0.499             358
  2:     0.503  0.497             1039
  3:     0.491  0.509             603
--------------------------------------------

 Rep#:   Lambda   Alpha      F1    F2     D1,2    Ln Like 
25000:    1.00    9.627    0.075 0.000    0.031   --  
25100:    1.00    9.481    0.059 0.000    0.033   --  
25200:    1.00    9.808    0.087 0.000    0.026   --  
25300:    1.00    9.586    0.073 0.000    0.025   --  
25400:    1.00    9.726    0.080 0.000    0.036   --  
25500:    1.00    9.998    0.096 0.000    0.032   --  
25600:    1.00    9.853    0.090 0.000    0.035   --  
25700:    1.00    9.151    0.083 0.000    0.027   --  
25800:    1.00    8.916    0.074 0.000    0.027   --  
25900:    1.00    9.111    0.067 0.000    0.025   --  

--------------------------------------------
Proportion of membership of each pre-defined
 population in each of the 2 clusters

Given    Inferred Clusters       Number of
 Pop       1      2             Individuals

  1:     0.508  0.492             358
  2:     0.500  0.500             1039
  3:     0.500  0.500             603
--------------------------------------------

 Rep#:   Lambda   Alpha      F1    F2     D1,2    Ln Like 
26000:    1.00    8.996    0.063 0.000    0.026   --  
26100:    1.00    9.124    0.069 0.000    0.021   --  
26200:    1.00    9.173    0.047 0.000    0.020   --  
26300:    1.00    9.276    0.064 0.000    0.023   --  
26400:    1.00    8.848    0.065 0.000    0.021   --  
26500:    1.00    8.872    0.056 0.000    0.022   --  
26600:    1.00    9.201    0.056 0.000    0.023   --  
26700:    1.00    9.167    0.061 0.000    0.025   --  
26800:    1.00    9.337    0.066 0.000    0.022   --  
26900:    1.00    9.298    0.075 0.000    0.022   --  

--------------------------------------------
Proportion of membership of each pre-defined
 population in each of the 2 clusters

Given    Inferred Clusters       Number of
 Pop       1      2             Individuals

  1:     0.513  0.487             358
  2:     0.507  0.493             1039
  3:     0.506  0.494             603
--------------------------------------------

 Rep#:   Lambda   Alpha      F1    F2     D1,2    Ln Like 
27000:    1.00    9.090    0.064 0.000    0.023   --  
27100:    1.00    9.711    0.057 0.000    0.023   --  
27200:    1.00    9.962    0.078 0.000    0.026   --  
27300:    1.00    9.906    0.070 0.000    0.027   --  
27400:    1.00    9.780    0.094 0.000    0.024   --  
27500:    1.00    9.864    0.069 0.000    0.025   --  
27600:    1.00    9.949    0.079 0.000    0.024   --  
27700:    1.00    9.691    0.077 0.000    0.023   --  
27800:    1.00    9.524    0.063 0.000    0.028   --  
27900:    1.00    9.554    0.068 0.000    0.024   --  

--------------------------------------------
Proportion of membership of each pre-defined
 population in each of the 2 clusters

Given    Inferred Clusters       Number of
 Pop       1      2             Individuals

  1:     0.508  0.492             358
  2:     0.494  0.506             1039
  3:     0.494  0.506             603
--------------------------------------------

 Rep#:   Lambda   Alpha      F1    F2     D1,2    Ln Like 
28000:    1.00    9.582    0.067 0.000    0.020   --  
28100:    1.00    9.564    0.063 0.000    0.024   --  
28200:    1.00    9.427    0.061 0.000    0.019   --  
28300:    1.00    9.200    0.064 0.000    0.027   --  
28400:    1.00    9.308    0.053 0.000    0.022   --  
28500:    1.00    9.737    0.055 0.000    0.023   --  
28600:    1.00    9.286    0.059 0.000    0.018   --  
28700:    1.00    9.150    0.051 0.000    0.025   --  
28800:    1.00    9.301    0.057 0.000    0.025   --  
28900:    1.00    9.584    0.066 0.000    0.020   --  

--------------------------------------------
Proportion of membership of each pre-defined
 population in each of the 2 clusters

Given    Inferred Clusters       Number of
 Pop       1      2             Individuals

  1:     0.499  0.501             358
  2:     0.503  0.497             1039
  3:     0.497  0.503             603
--------------------------------------------

 Rep#:   Lambda   Alpha      F1    F2     D1,2    Ln Like 
29000:    1.00    9.839    0.063 0.000    0.025   --  
29100:    1.00    9.707    0.068 0.000    0.030   --  
29200:    1.00    9.880    0.089 0.000    0.026   --  
29300:    1.00    9.671    0.084 0.000    0.030   --  
29400:    1.00    9.751    0.068 0.000    0.021   --  
29500:    1.00    9.794    0.066 0.000    0.025   --  
29600:    1.00    9.947    0.048 0.000    0.020   --  
29700:    1.00    9.871    0.058 0.000    0.024   --  
29800:    1.00    9.772    0.075 0.000    0.021   --  
29900:    1.00    9.884    0.052 0.000    0.022   --  

--------------------------------------------
Proportion of membership of each pre-defined
 population in each of the 2 clusters

Given    Inferred Clusters       Number of
 Pop       1      2             Individuals

  1:     0.496  0.504             358
  2:     0.500  0.500             1039
  3:     0.499  0.501             603
--------------------------------------------

 Rep#:   Lambda   Alpha      F1    F2     D1,2    Ln Like 
30000:    1.00    9.541    0.079 0.000    0.029   --  
30100:    1.00    9.746    0.083 0.000    0.025   --  
30200:    1.00    9.416    0.070 0.000    0.027   --  
30300:    1.00    9.541    0.078 0.000    0.027   --  
30400:    1.00    9.616    0.057 0.000    0.026   --  
30500:    1.00    9.665    0.072 0.000    0.024   --  
30600:    1.00    9.799    0.084 0.000    0.028   --  
30700:    1.00    9.926    0.059 0.000    0.024   --  
30800:    1.00    9.893    0.054 0.000    0.025   --  
30900:    1.00    9.843    0.054 0.000    0.020   --  

--------------------------------------------
Proportion of membership of each pre-defined
 population in each of the 2 clusters

Given    Inferred Clusters       Number of
 Pop       1      2             Individuals

  1:     0.490  0.510             358
  2:     0.495  0.505             1039
  3:     0.506  0.494             603
--------------------------------------------

 Rep#:   Lambda   Alpha      F1    F2     D1,2    Ln Like 
31000:    1.00    9.890    0.068 0.000    0.026   --  
31100:    1.00    9.771    0.067 0.000    0.021   --  
31200:    1.00    9.772    0.050 0.000    0.021   --  
31300:    1.00    9.803    0.056 0.000    0.021   --  
31400:    1.00    9.592    0.069 0.000    0.028   --  
31500:    1.00    9.700    0.067 0.000    0.023   --  
31600:    1.00    9.882    0.063 0.000    0.027   --  
31700:    1.00    9.652    0.063 0.000    0.027   --  
31800:    1.00    9.980    0.076 0.000    0.027   --  
31900:    1.00    9.969    0.084 0.000    0.030   --  

--------------------------------------------
Proportion of membership of each pre-defined
 population in each of the 2 clusters

Given    Inferred Clusters       Number of
 Pop       1      2             Individuals

  1:     0.491  0.509             358
  2:     0.500  0.500             1039
  3:     0.500  0.500             603
--------------------------------------------

 Rep#:   Lambda   Alpha      F1    F2     D1,2    Ln Like 
32000:    1.00    9.780    0.092 0.000    0.035   --  
32100:    1.00    9.324    0.123 0.000    0.034   --  
32200:    1.00    9.395    0.089 0.000    0.031   --  
32300:    1.00    9.868    0.067 0.000    0.029   --  
32400:    1.00    9.801    0.063 0.000    0.026   --  
32500:    1.00    9.808    0.067 0.000    0.024   --  
32600:    1.00    9.797    0.064 0.000    0.026   --  
32700:    1.00    9.779    0.071 0.000    0.027   --  
32800:    1.00    9.452    0.067 0.000    0.026   --  
32900:    1.00    9.846    0.096 0.000    0.036   --  

--------------------------------------------
Proportion of membership of each pre-defined
 population in each of the 2 clusters

Given    Inferred Clusters       Number of
 Pop       1      2             Individuals

  1:     0.495  0.505             358
  2:     0.497  0.503             1039
  3:     0.496  0.504             603
--------------------------------------------

 Rep#:   Lambda   Alpha      F1    F2     D1,2    Ln Like 
33000:    1.00    9.939    0.082 0.000    0.034   --  
33100:    1.00    9.763    0.088 0.000    0.030   --  
33200:    1.00    9.853    0.079 0.000    0.031   --  
33300:    1.00    9.676    0.079 0.000    0.032   --  
33400:    1.00    9.846    0.072 0.000    0.026   --  
33500:    1.00    9.859    0.066 0.000    0.026   --  
33600:    1.00    9.811    0.081 0.000    0.031   --  
33700:    1.00    9.922    0.081 0.000    0.032   --  
33800:    1.00    9.497    0.080 0.000    0.035   --  
33900:    1.00    9.647    0.093 0.000    0.033   --  

--------------------------------------------
Proportion of membership of each pre-defined
 population in each of the 2 clusters

Given    Inferred Clusters       Number of
 Pop       1      2             Individuals

  1:     0.491  0.509             358
  2:     0.498  0.502             1039
  3:     0.501  0.499             603
--------------------------------------------

 Rep#:   Lambda   Alpha      F1    F2     D1,2    Ln Like 
34000:    1.00    9.485    0.075 0.000    0.034   --  
34100:    1.00    9.314    0.094 0.000    0.029   --  
34200:    1.00    9.626    0.068 0.000    0.026   --  
34300:    1.00    9.393    0.056 0.000    0.026   --  
34400:    1.00    9.293    0.075 0.000    0.023   --  
34500:    1.00    9.317    0.079 0.000    0.029   --  
34600:    1.00    9.300    0.066 0.000    0.026   --  
34700:    1.00    9.047    0.057 0.000    0.023   --  
34800:    1.00    8.901    0.065 0.000    0.027   --  
34900:    1.00    9.113    0.060 0.000    0.029   --  

--------------------------------------------
Proportion of membership of each pre-defined
 population in each of the 2 clusters

Given    Inferred Clusters       Number of
 Pop       1      2             Individuals

  1:     0.495  0.505             358
  2:     0.504  0.496             1039
  3:     0.496  0.504             603
--------------------------------------------

 Rep#:   Lambda   Alpha      F1    F2     D1,2    Ln Like 
35000:    1.00    9.362    0.074 0.000    0.031   --  
35100:    1.00    9.521    0.065 0.000    0.033   --  
35200:    1.00    9.624    0.065 0.000    0.033   --  
35300:    1.00    9.455    0.087 0.000    0.030   --  
35400:    1.00    9.780    0.081 0.000    0.032   --  
35500:    1.00    9.870    0.072 0.000    0.037   --  
35600:    1.00    9.878    0.089 0.000    0.033   --  
35700:    1.00    9.722    0.065 0.000    0.029   --  
35800:    1.00    9.849    0.094 0.000    0.034   --  
35900:    1.00    9.953    0.076 0.000    0.025   --  

--------------------------------------------
Proportion of membership of each pre-defined
 population in each of the 2 clusters

Given    Inferred Clusters       Number of
 Pop       1      2             Individuals

  1:     0.503  0.497             358
  2:     0.504  0.496             1039
  3:     0.503  0.497             603
--------------------------------------------

 Rep#:   Lambda   Alpha      F1    F2     D1,2    Ln Like 
36000:    1.00    9.729    0.066 0.000    0.026   --  
36100:    1.00    9.081    0.075 0.000    0.029   --  
36200:    1.00    8.647    0.058 0.000    0.026   --  
36300:    1.00    8.516    0.073 0.000    0.023   --  
36400:    1.00    8.607    0.048 0.000    0.024   --  
36500:    1.00    8.726    0.072 0.000    0.017   --  
36600:    1.00    9.041    0.056 0.000    0.025   --  
36700:    1.00    8.967    0.071 0.000    0.021   --  
36800:    1.00    9.281    0.060 0.000    0.023   --  
36900:    1.00    9.535    0.046 0.000    0.024   --  

--------------------------------------------
Proportion of membership of each pre-defined
 population in each of the 2 clusters

Given    Inferred Clusters       Number of
 Pop       1      2             Individuals

  1:     0.499  0.501             358
  2:     0.498  0.502             1039
  3:     0.495  0.505             603
--------------------------------------------

 Rep#:   Lambda   Alpha      F1    F2     D1,2    Ln Like 
37000:    1.00    9.637    0.059 0.000    0.029   --  
37100:    1.00    9.893    0.059 0.000    0.024   --  
37200:    1.00    9.980    0.063 0.000    0.027   --  
37300:    1.00    9.956    0.074 0.000    0.026   --  
37400:    1.00    9.822    0.072 0.000    0.023   --  
37500:    1.00    9.303    0.064 0.000    0.022   --  
37600:    1.00    9.251    0.058 0.000    0.021   --  
37700:    1.00    9.454    0.084 0.000    0.026   --  
37800:    1.00    9.403    0.076 0.000    0.027   --  
37900:    1.00    9.289    0.059 0.000    0.024   --  

--------------------------------------------
Proportion of membership of each pre-defined
 population in each of the 2 clusters

Given    Inferred Clusters       Number of
 Pop       1      2             Individuals

  1:     0.487  0.513             358
  2:     0.498  0.502             1039
  3:     0.496  0.504             603
--------------------------------------------

 Rep#:   Lambda   Alpha      F1    F2     D1,2    Ln Like 
38000:    1.00    9.488    0.060 0.000    0.021   --  
38100:    1.00    9.480    0.082 0.000    0.022   --  
38200:    1.00    9.418    0.079 0.000    0.029   --  
38300:    1.00    9.122    0.084 0.000    0.027   --  
38400:    1.00    9.050    0.062 0.000    0.031   --  
38500:    1.00    9.223    0.072 0.000    0.030   --  
38600:    1.00    9.527    0.079 0.000    0.027   --  
38700:    1.00    9.424    0.106 0.000    0.029   --  
38800:    1.00    9.472    0.083 0.000    0.030   --  
38900:    1.00    9.240    0.116 0.000    0.030   --  

--------------------------------------------
Proportion of membership of each pre-defined
 population in each of the 2 clusters

Given    Inferred Clusters       Number of
 Pop       1      2             Individuals

  1:     0.491  0.509             358
  2:     0.501  0.499             1039
  3:     0.500  0.500             603
--------------------------------------------

 Rep#:   Lambda   Alpha      F1    F2     D1,2    Ln Like 
39000:    1.00    8.915    0.079 0.000    0.029   --  
39100:    1.00    8.535    0.063 0.000    0.027   --  
39200:    1.00    8.872    0.081 0.000    0.028   --  
39300:    1.00    9.424    0.099 0.000    0.040   --  
39400:    1.00    9.436    0.098 0.000    0.042   --  
39500:    1.00    9.406    0.093 0.000    0.038   --  
39600:    1.00    9.198    0.087 0.000    0.038   --  
39700:    1.00    9.073    0.094 0.000    0.031   --  
39800:    1.00    9.096    0.085 0.000    0.031   --  
39900:    1.00    8.933    0.070 0.000    0.032   --  

--------------------------------------------
Proportion of membership of each pre-defined
 population in each of the 2 clusters

Given    Inferred Clusters       Number of
 Pop       1      2             Individuals

  1:     0.507  0.493             358
  2:     0.504  0.496             1039
  3:     0.498  0.502             603
--------------------------------------------

 Rep#:   Lambda   Alpha      F1    F2     D1,2    Ln Like 
40000:    1.00    8.693    0.073 0.000    0.035   --  
40100:    1.00    8.570    0.095 0.000    0.033   --  
40200:    1.00    8.553    0.075 0.000    0.029   --  
40300:    1.00    8.499    0.076 0.000    0.031   --  
40400:    1.00    8.570    0.070 0.000    0.025   --  
40500:    1.00    8.176    0.074 0.000    0.029   --  
40600:    1.00    7.921    0.076 0.000    0.027   --  
40700:    1.00    7.723    0.062 0.000    0.024   --  
40800:    1.00    7.772    0.077 0.000    0.024   --  
40900:    1.00    7.844    0.067 0.000    0.025   --  

--------------------------------------------
Proportion of membership of each pre-defined
 population in each of the 2 clusters

Given    Inferred Clusters       Number of
 Pop       1      2             Individuals

  1:     0.496  0.504             358
  2:     0.506  0.494             1039
  3:     0.500  0.500             603
--------------------------------------------

 Rep#:   Lambda   Alpha      F1    F2     D1,2    Ln Like 
41000:    1.00    8.420    0.064 0.000    0.026   --  
41100:    1.00    8.530    0.087 0.000    0.025   --  
41200:    1.00    8.397    0.061 0.000    0.017   --  
41300:    1.00    8.458    0.067 0.000    0.023   --  
41400:    1.00    8.552    0.072 0.000    0.026   --  
41500:    1.00    8.833    0.058 0.000    0.019   --  
41600:    1.00    9.355    0.064 0.000    0.022   --  
41700:    1.00    9.150    0.046 0.000    0.016   --  
41800:    1.00    9.270    0.055 0.000    0.020   --  
41900:    1.00    9.241    0.056 0.000    0.022   --  

--------------------------------------------
Proportion of membership of each pre-defined
 population in each of the 2 clusters

Given    Inferred Clusters       Number of
 Pop       1      2             Individuals

  1:     0.505  0.495             358
  2:     0.507  0.493             1039
  3:     0.498  0.502             603
--------------------------------------------

 Rep#:   Lambda   Alpha      F1    F2     D1,2    Ln Like 
42000:    1.00    9.419    0.046 0.000    0.018   --  
42100:    1.00    9.256    0.058 0.000    0.021   --  
42200:    1.00    9.099    0.041 0.000    0.020   --  
42300:    1.00    9.471    0.057 0.000    0.019   --  
42400:    1.00    9.512    0.047 0.000    0.019   --  
42500:    1.00    9.259    0.076 0.000    0.028   --  
42600:    1.00    9.210    0.056 0.000    0.026   --  
42700:    1.00    9.136    0.071 0.000    0.025   --  
42800:    1.00    9.021    0.077 0.000    0.029   --  
42900:    1.00    9.218    0.064 0.000    0.020   --  

--------------------------------------------
Proportion of membership of each pre-defined
 population in each of the 2 clusters

Given    Inferred Clusters       Number of
 Pop       1      2             Individuals

  1:     0.492  0.508             358
  2:     0.502  0.498             1039
  3:     0.502  0.498             603
--------------------------------------------

 Rep#:   Lambda   Alpha      F1    F2     D1,2    Ln Like 
43000:    1.00    9.010    0.069 0.000    0.027   --  
43100:    1.00    9.100    0.085 0.000    0.034   --  
43200:    1.00    8.673    0.095 0.000    0.036   --  
43300:    1.00    8.891    0.090 0.000    0.034   --  
43400:    1.00    8.715    0.089 0.000    0.032   --  
43500:    1.00    8.920    0.102 0.000    0.034   --  
43600:    1.00    9.081    0.075 0.000    0.027   --  
43700:    1.00    9.420    0.080 0.000    0.027   --  
43800:    1.00    9.240    0.096 0.000    0.028   --  
43900:    1.00    9.491    0.087 0.000    0.031   --  

--------------------------------------------
Proportion of membership of each pre-defined
 population in each of the 2 clusters

Given    Inferred Clusters       Number of
 Pop       1      2             Individuals

  1:     0.500  0.500             358
  2:     0.499  0.501             1039
  3:     0.508  0.492             603
--------------------------------------------

 Rep#:   Lambda   Alpha      F1    F2     D1,2    Ln Like 
44000:    1.00    9.228    0.070 0.000    0.030   --  
44100:    1.00    9.586    0.051 0.000    0.026   --  
44200:    1.00    9.235    0.058 0.000    0.026   --  
44300:    1.00    9.373    0.066 0.000    0.025   --  
44400:    1.00    9.017    0.059 0.000    0.017   --  
44500:    1.00    9.277    0.054 0.000    0.025   --  
44600:    1.00    9.206    0.050 0.000    0.021   --  
44700:    1.00    9.455    0.053 0.000    0.015   --  
44800:    1.00    9.279    0.048 0.000    0.014   --  
44900:    1.00    9.485    0.039 0.000    0.015   --  

--------------------------------------------
Proportion of membership of each pre-defined
 population in each of the 2 clusters

Given    Inferred Clusters       Number of
 Pop       1      2             Individuals

  1:     0.493  0.507             358
  2:     0.501  0.499             1039
  3:     0.504  0.496             603
--------------------------------------------

 Rep#:   Lambda   Alpha      F1    F2     D1,2    Ln Like 
45000:    1.00    9.417    0.049 0.000    0.018   --  
45100:    1.00    9.295    0.053 0.000    0.017   --  
45200:    1.00    9.286    0.075 0.000    0.018   --  
45300:    1.00    8.967    0.054 0.000    0.020   --  
45400:    1.00    8.633    0.091 0.000    0.029   --  
45500:    1.00    8.867    0.092 0.000    0.035   --  
45600:    1.00    8.697    0.088 0.000    0.027   --  
45700:    1.00    8.966    0.079 0.000    0.031   --  
45800:    1.00    8.958    0.061 0.000    0.027   --  
45900:    1.00    8.685    0.064 0.000    0.026   --  

--------------------------------------------
Proportion of membership of each pre-defined
 population in each of the 2 clusters

Given    Inferred Clusters       Number of
 Pop       1      2             Individuals

  1:     0.501  0.499             358
  2:     0.504  0.496             1039
  3:     0.492  0.508             603
--------------------------------------------

 Rep#:   Lambda   Alpha      F1    F2     D1,2    Ln Like 
46000:    1.00    8.285    0.080 0.000    0.027   --  
46100:    1.00    8.590    0.099 0.000    0.034   --  
46200:    1.00    8.560    0.073 0.000    0.032   --  
46300:    1.00    8.303    0.090 0.000    0.029   --  
46400:    1.00    8.343    0.081 0.000    0.027   --  
46500:    1.00    8.408    0.062 0.000    0.022   --  
46600:    1.00    8.161    0.056 0.000    0.021   --  
46700:    1.00    8.430    0.063 0.000    0.022   --  
46800:    1.00    8.444    0.058 0.000    0.020   --  
46900:    1.00    8.429    0.049 0.000    0.018   --  

--------------------------------------------
Proportion of membership of each pre-defined
 population in each of the 2 clusters

Given    Inferred Clusters       Number of
 Pop       1      2             Individuals

  1:     0.493  0.507             358
  2:     0.504  0.496             1039
  3:     0.497  0.503             603
--------------------------------------------

 Rep#:   Lambda   Alpha      F1    F2     D1,2    Ln Like 
47000:    1.00    8.074    0.053 0.000    0.019   --  
47100:    1.00    7.993    0.049 0.000    0.019   --  
47200:    1.00    7.862    0.054 0.000    0.022   --  
47300:    1.00    8.233    0.053 0.000    0.019   --  
47400:    1.00    8.213    0.055 0.000    0.023   --  
47500:    1.00    8.278    0.073 0.000    0.024   --  
47600:    1.00    7.778    0.054 0.000    0.027   --  
47700:    1.00    7.724    0.072 0.000    0.025   --  
47800:    1.00    7.883    0.063 0.000    0.022   --  
47900:    1.00    8.096    0.054 0.000    0.016   --  

--------------------------------------------
Proportion of membership of each pre-defined
 population in each of the 2 clusters

Given    Inferred Clusters       Number of
 Pop       1      2             Individuals

  1:     0.503  0.497             358
  2:     0.503  0.497             1039
  3:     0.500  0.500             603
--------------------------------------------

 Rep#:   Lambda   Alpha      F1    F2     D1,2    Ln Like 
48000:    1.00    8.347    0.042 0.000    0.017   --  
48100:    1.00    8.665    0.049 0.000    0.019   --  
48200:    1.00    8.537    0.070 0.000    0.022   --  
48300:    1.00    8.189    0.071 0.000    0.026   --  
48400:    1.00    8.185    0.084 0.000    0.023   --  
48500:    1.00    8.186    0.049 0.000    0.019   --  
48600:    1.00    8.434    0.050 0.000    0.020   --  
48700:    1.00    7.751    0.038 0.000    0.016   --  
48800:    1.00    7.834    0.032 0.000    0.012   --  
48900:    1.00    8.035    0.036 0.000    0.015   --  

--------------------------------------------
Proportion of membership of each pre-defined
 population in each of the 2 clusters

Given    Inferred Clusters       Number of
 Pop       1      2             Individuals

  1:     0.506  0.494             358
  2:     0.502  0.498             1039
  3:     0.494  0.506             603
--------------------------------------------

 Rep#:   Lambda   Alpha      F1    F2     D1,2    Ln Like 
49000:    1.00    8.172    0.031 0.000    0.013   --  
49100:    1.00    8.324    0.028 0.000    0.012   --  
49200:    1.00    8.310    0.040 0.000    0.018   --  
49300:    1.00    8.215    0.046 0.000    0.020   --  
49400:    1.00    8.124    0.051 0.000    0.019   --  
49500:    1.00    7.757    0.054 0.000    0.023   --  
49600:    1.00    7.863    0.063 0.000    0.028   --  
49700:    1.00    7.559    0.056 0.000    0.029   --  
49800:    1.00    7.440    0.059 0.000    0.021   --  
49900:    1.00    7.233    0.074 0.000    0.026   --  

--------------------------------------------
Proportion of membership of each pre-defined
 population in each of the 2 clusters

Given    Inferred Clusters       Number of
 Pop       1      2             Individuals

  1:     0.505  0.495             358
  2:     0.502  0.498             1039
  3:     0.501  0.499             603
--------------------------------------------

 Rep#:   Lambda   Alpha      F1    F2     D1,2    Ln Like 
50000:    1.00    7.038    0.062 0.000    0.026   --  
50100:    1.00    7.526    0.070 0.000    0.027   --  
50200:    1.00    7.295    0.045 0.000    0.024   --  
50300:    1.00    7.560    0.054 0.000    0.021   --  
50400:    1.00    7.699    0.057 0.000    0.020   --  
50500:    1.00    7.497    0.048 0.000    0.021   --  
50600:    1.00    7.246    0.055 0.000    0.018   --  
50700:    1.00    7.605    0.053 0.000    0.016   --  
50800:    1.00    7.769    0.045 0.000    0.018   --  
50900:    1.00    7.783    0.046 0.000    0.016   --  

--------------------------------------------
Proportion of membership of each pre-defined
 population in each of the 2 clusters

Given    Inferred Clusters       Number of
 Pop       1      2             Individuals

  1:     0.498  0.502             358
  2:     0.501  0.499             1039
  3:     0.504  0.496             603
--------------------------------------------

 Rep#:   Lambda   Alpha      F1    F2     D1,2    Ln Like 
51000:    1.00    7.879    0.053 0.000    0.019   --  
51100:    1.00    7.620    0.044 0.000    0.016   --  
51200:    1.00    7.915    0.051 0.000    0.020   --  
51300:    1.00    8.014    0.067 0.000    0.024   --  
51400:    1.00    7.999    0.070 0.000    0.025   --  
51500:    1.00    8.029    0.060 0.000    0.026   --  
51600:    1.00    8.343    0.058 0.000    0.023   --  
51700:    1.00    8.510    0.090 0.000    0.027   --  
51800:    1.00    8.701    0.070 0.000    0.022   --  
51900:    1.00    8.559    0.048 0.000    0.017   --  

--------------------------------------------
Proportion of membership of each pre-defined
 population in each of the 2 clusters

Given    Inferred Clusters       Number of
 Pop       1      2             Individuals

  1:     0.495  0.505             358
  2:     0.499  0.501             1039
  3:     0.502  0.498             603
--------------------------------------------

 Rep#:   Lambda   Alpha      F1    F2     D1,2    Ln Like 
52000:    1.00    8.414    0.072 0.000    0.021   --  
52100:    1.00    8.506    0.066 0.000    0.024   --  
52200:    1.00    8.524    0.091 0.000    0.029   --  
52300:    1.00    9.063    0.067 0.000    0.024   --  
52400:    1.00    9.381    0.062 0.000    0.020   --  
52500:    1.00    9.272    0.050 0.000    0.020   --  
52600:    1.00    9.114    0.050 0.000    0.022   --  
52700:    1.00    8.861    0.061 0.000    0.030   --  
52800:    1.00    9.397    0.057 0.000    0.029   --  
52900:    1.00    9.597    0.066 0.000    0.028   --  

--------------------------------------------
Proportion of membership of each pre-defined
 population in each of the 2 clusters

Given    Inferred Clusters       Number of
 Pop       1      2             Individuals

  1:     0.510  0.490             358
  2:     0.502  0.498             1039
  3:     0.495  0.505             603
--------------------------------------------

 Rep#:   Lambda   Alpha      F1    F2     D1,2    Ln Like 
53000:    1.00    9.547    0.056 0.001    0.023   --  
53100:    1.00    9.311    0.069 0.001    0.024   --  
53200:    1.00    9.107    0.080 0.001    0.026   --  
53300:    1.00    9.313    0.076 0.001    0.023   --  
53400:    1.00    9.539    0.092 0.001    0.024   --  
53500:    1.00    9.448    0.087 0.001    0.027   --  
53600:    1.00    9.019    0.068 0.001    0.028   --  
53700:    1.00    9.271    0.078 0.000    0.028   --  
53800:    1.00    9.091    0.076 0.000    0.026   --  
53900:    1.00    8.823    0.066 0.000    0.024   --  

--------------------------------------------
Proportion of membership of each pre-defined
 population in each of the 2 clusters

Given    Inferred Clusters       Number of
 Pop       1      2             Individuals

  1:     0.496  0.504             358
  2:     0.505  0.495             1039
  3:     0.500  0.500             603
--------------------------------------------

 Rep#:   Lambda   Alpha      F1    F2     D1,2    Ln Like 
54000:    1.00    9.027    0.071 0.000    0.030   --  
54100:    1.00    9.609    0.073 0.000    0.030   --  
54200:    1.00    9.291    0.088 0.000    0.032   --  
54300:    1.00    9.259    0.072 0.000    0.026   --  
54400:    1.00    8.869    0.058 0.000    0.019   --  
54500:    1.00    9.190    0.053 0.000    0.022   --  
54600:    1.00    9.021    0.050 0.000    0.022   --  
54700:    1.00    9.162    0.048 0.000    0.019   --  
54800:    1.00    8.846    0.031 0.000    0.011   --  
54900:    1.00    9.127    0.033 0.000    0.013   --  

--------------------------------------------
Proportion of membership of each pre-defined
 population in each of the 2 clusters

Given    Inferred Clusters       Number of
 Pop       1      2             Individuals

  1:     0.499  0.501             358
  2:     0.501  0.499             1039
  3:     0.500  0.500             603
--------------------------------------------

 Rep#:   Lambda   Alpha      F1    F2     D1,2    Ln Like 
55000:    1.00    9.326    0.056 0.000    0.021   --  
55100:    1.00    8.993    0.048 0.000    0.022   --  
55200:    1.00    9.324    0.056 0.000    0.020   --  
55300:    1.00    9.619    0.056 0.000    0.025   --  
55400:    1.00    9.642    0.060 0.000    0.027   --  
55500:    1.00    9.450    0.053 0.000    0.023   --  
55600:    1.00    9.843    0.051 0.000    0.018   --  
55700:    1.00    9.608    0.054 0.000    0.025   --  
55800:    1.00    9.868    0.059 0.000    0.025   --  
55900:    1.00    9.708    0.072 0.000    0.031   --  

--------------------------------------------
Proportion of membership of each pre-defined
 population in each of the 2 clusters

Given    Inferred Clusters       Number of
 Pop       1      2             Individuals

  1:     0.508  0.492             358
  2:     0.507  0.493             1039
  3:     0.501  0.499             603
--------------------------------------------

 Rep#:   Lambda   Alpha      F1    F2     D1,2    Ln Like 
56000:    1.00    9.692    0.063 0.000    0.031   --  
56100:    1.00    9.868    0.061 0.000    0.024   --  
56200:    1.00    9.977    0.074 0.000    0.031   --  
56300:    1.00    9.992    0.070 0.000    0.030   --  
56400:    1.00    9.966    0.067 0.000    0.028   --  
56500:    1.00    9.792    0.081 0.000    0.031   --  
56600:    1.00    9.781    0.053 0.000    0.019   --  
56700:    1.00    9.493    0.051 0.000    0.017   --  
56800:    1.00    9.760    0.072 0.000    0.022   --  
56900:    1.00    9.942    0.072 0.000    0.020   --  

--------------------------------------------
Proportion of membership of each pre-defined
 population in each of the 2 clusters

Given    Inferred Clusters       Number of
 Pop       1      2             Individuals

  1:     0.508  0.492             358
  2:     0.500  0.500             1039
  3:     0.501  0.499             603
--------------------------------------------

 Rep#:   Lambda   Alpha      F1    F2     D1,2    Ln Like 
57000:    1.00    9.931    0.066 0.000    0.025   --  
57100:    1.00    9.450    0.068 0.000    0.020   --  
57200:    1.00    9.453    0.054 0.000    0.019   --  
57300:    1.00    9.982    0.058 0.000    0.025   --  
57400:    1.00    9.646    0.056 0.000    0.022   --  
57500:    1.00    9.630    0.068 0.000    0.020   --  
57600:    1.00    9.789    0.045 0.000    0.018   --  
57700:    1.00    9.762    0.067 0.000    0.019   --  
57800:    1.00    9.934    0.052 0.000    0.018   --  
57900:    1.00    9.947    0.064 0.000    0.018   --  

--------------------------------------------
Proportion of membership of each pre-defined
 population in each of the 2 clusters

Given    Inferred Clusters       Number of
 Pop       1      2             Individuals

  1:     0.506  0.494             358
  2:     0.506  0.494             1039
  3:     0.496  0.504             603
--------------------------------------------

 Rep#:   Lambda   Alpha      F1    F2     D1,2    Ln Like 
58000:    1.00    9.809    0.049 0.000    0.021   --  
58100:    1.00    9.607    0.051 0.000    0.019   --  
58200:    1.00    9.728    0.052 0.000    0.026   --  
58300:    1.00    9.269    0.058 0.000    0.024   --  
58400:    1.00    9.247    0.053 0.000    0.019   --  
58500:    1.00    9.053    0.058 0.000    0.017   --  
58600:    1.00    9.059    0.058 0.000    0.018   --  
58700:    1.00    8.698    0.068 0.000    0.023   --  
58800:    1.00    8.378    0.057 0.000    0.020   --  
58900:    1.00    8.188    0.053 0.000    0.022   --  

--------------------------------------------
Proportion of membership of each pre-defined
 population in each of the 2 clusters

Given    Inferred Clusters       Number of
 Pop       1      2             Individuals

  1:     0.505  0.495             358
  2:     0.501  0.499             1039
  3:     0.508  0.492             603
--------------------------------------------

 Rep#:   Lambda   Alpha      F1    F2     D1,2    Ln Like 
59000:    1.00    8.088    0.070 0.000    0.017   --  
59100:    1.00    7.789    0.038 0.000    0.017   --  
59200:    1.00    7.803    0.044 0.000    0.018   --  
59300:    1.00    7.665    0.046 0.000    0.019   --  
59400:    1.00    7.644    0.049 0.000    0.019   --  
59500:    1.00    7.467    0.067 0.000    0.024   --  
59600:    1.00    7.589    0.079 0.000    0.026   --  
59700:    1.00    7.802    0.083 0.000    0.032   --  
59800:    1.00    8.574    0.082 0.000    0.030   --  
59900:    1.00    8.475    0.074 0.000    0.027   --  

--------------------------------------------
Proportion of membership of each pre-defined
 population in each of the 2 clusters

Given    Inferred Clusters       Number of
 Pop       1      2             Individuals

  1:     0.503  0.497             358
  2:     0.499  0.501             1039
  3:     0.506  0.494             603
--------------------------------------------

 Rep#:   Lambda   Alpha      F1    F2     D1,2    Ln Like 
60000:    1.00    8.526    0.080 0.000    0.029   --  
60100:    1.00    8.543    0.067 0.000    0.037   --  
60200:    1.00    8.546    0.084 0.000    0.031   --  
60300:    1.00    8.697    0.080 0.000    0.030   --  
60400:    1.00    8.616    0.070 0.000    0.027   --  
60500:    1.00    8.422    0.072 0.000    0.021   --  
60600:    1.00    8.330    0.055 0.000    0.020   --  
60700:    1.00    8.386    0.051 0.000    0.023   --  
60800:    1.00    8.393    0.047 0.000    0.020   --  
60900:    1.00    8.132    0.058 0.000    0.025   --  

--------------------------------------------
Proportion of membership of each pre-defined
 population in each of the 2 clusters

Given    Inferred Clusters       Number of
 Pop       1      2             Individuals

  1:     0.502  0.498             358
  2:     0.504  0.496             1039
  3:     0.501  0.499             603
--------------------------------------------

 Rep#:   Lambda   Alpha      F1    F2     D1,2    Ln Like 
61000:    1.00    8.234    0.059 0.000    0.025   --  
61100:    1.00    8.316    0.061 0.000    0.023   --  
61200:    1.00    8.845    0.048 0.000    0.023   --  
61300:    1.00    8.828    0.059 0.000    0.023   --  
61400:    1.00    8.757    0.053 0.000    0.022   --  
61500:    1.00    8.964    0.044 0.000    0.016   --  
61600:    1.00    9.220    0.056 0.000    0.021   --  
61700:    1.00    9.012    0.054 0.000    0.016   --  
61800:    1.00    9.071    0.058 0.000    0.024   --  
61900:    1.00    8.999    0.071 0.000    0.022   --  

--------------------------------------------
Proportion of membership of each pre-defined
 population in each of the 2 clusters

Given    Inferred Clusters       Number of
 Pop       1      2             Individuals

  1:     0.500  0.500             358
  2:     0.506  0.494             1039
  3:     0.495  0.505             603
--------------------------------------------

 Rep#:   Lambda   Alpha      F1    F2     D1,2    Ln Like 
62000:    1.00    9.021    0.075 0.000    0.022   --  
62100:    1.00    8.719    0.062 0.000    0.023   --  
62200:    1.00    8.817    0.043 0.000    0.017   --  
62300:    1.00    8.534    0.047 0.000    0.017   --  
62400:    1.00    8.633    0.049 0.000    0.017   --  
62500:    1.00    8.739    0.061 0.000    0.016   --  
62600:    1.00    8.399    0.062 0.000    0.018   --  
62700:    1.00    8.230    0.051 0.000    0.021   --  
62800:    1.00    8.365    0.057 0.000    0.017   --  
62900:    1.00    8.473    0.052 0.000    0.016   --  

--------------------------------------------
Proportion of membership of each pre-defined
 population in each of the 2 clusters

Given    Inferred Clusters       Number of
 Pop       1      2             Individuals

  1:     0.509  0.491             358
  2:     0.496  0.504             1039
  3:     0.497  0.503             603
--------------------------------------------

 Rep#:   Lambda   Alpha      F1    F2     D1,2    Ln Like 
63000:    1.00    8.482    0.044 0.000    0.018   --  
63100:    1.00    8.643    0.049 0.000    0.017   --  
63200:    1.00    8.672    0.056 0.000    0.017   --  
63300:    1.00    8.665    0.051 0.000    0.021   --  
63400:    1.00    8.476    0.061 0.000    0.025   --  
63500:    1.00    8.344    0.060 0.000    0.028   --  
63600:    1.00    8.307    0.060 0.001    0.025   --  
63700:    1.00    8.354    0.055 0.001    0.019   --  
63800:    1.00    8.632    0.059 0.001    0.017   --  
63900:    1.00    8.869    0.053 0.001    0.015   --  

--------------------------------------------
Proportion of membership of each pre-defined
 population in each of the 2 clusters

Given    Inferred Clusters       Number of
 Pop       1      2             Individuals

  1:     0.493  0.507             358
  2:     0.498  0.502             1039
  3:     0.494  0.506             603
--------------------------------------------

 Rep#:   Lambda   Alpha      F1    F2     D1,2    Ln Like 
64000:    1.00    9.196    0.058 0.001    0.019   --  
64100:    1.00    9.260    0.066 0.001    0.027   --  
64200:    1.00    9.192    0.120 0.001    0.038   --  
64300:    1.00    9.390    0.076 0.001    0.034   --  
64400:    1.00    9.495    0.072 0.001    0.025   --  
64500:    1.00    9.540    0.094 0.001    0.026   --  
64600:    1.00    9.492    0.079 0.001    0.025   --  
64700:    1.00    9.667    0.077 0.001    0.030   --  
64800:    1.00    9.857    0.090 0.001    0.028   --  
64900:    1.00    9.812    0.065 0.001    0.024   --  

--------------------------------------------
Proportion of membership of each pre-defined
 population in each of the 2 clusters

Given    Inferred Clusters       Number of
 Pop       1      2             Individuals

  1:     0.499  0.501             358
  2:     0.499  0.501             1039
  3:     0.498  0.502             603
--------------------------------------------

 Rep#:   Lambda   Alpha      F1    F2     D1,2    Ln Like 
65000:    1.00    9.785    0.085 0.001    0.032   --  
65100:    1.00    9.518    0.082 0.001    0.030   --  
65200:    1.00    9.351    0.083 0.001    0.033   --  
65300:    1.00    9.363    0.105 0.001    0.042   --  
65400:    1.00    9.399    0.076 0.001    0.034   --  
65500:    1.00    9.421    0.081 0.001    0.027   --  
65600:    1.00    9.362    0.074 0.001    0.030   --  
65700:    1.00    9.133    0.067 0.001    0.026   --  
65800:    1.00    9.217    0.054 0.001    0.023   --  
65900:    1.00    9.415    0.048 0.001    0.021   --  

--------------------------------------------
Proportion of membership of each pre-defined
 population in each of the 2 clusters

Given    Inferred Clusters       Number of
 Pop       1      2             Individuals

  1:     0.500  0.500             358
  2:     0.495  0.505             1039
  3:     0.496  0.504             603
--------------------------------------------

 Rep#:   Lambda   Alpha      F1    F2     D1,2    Ln Like 
66000:    1.00    9.284    0.065 0.001    0.019   --  
66100:    1.00    9.726    0.048 0.001    0.021   --  
66200:    1.00    9.530    0.052 0.001    0.020   --  
66300:    1.00    9.600    0.056 0.001    0.017   --  
66400:    1.00    9.607    0.055 0.001    0.026   --  
66500:    1.00    9.619    0.075 0.001    0.027   --  
66600:    1.00    9.825    0.069 0.001    0.031   --  
66700:    1.00    9.821    0.082 0.001    0.027   --  
66800:    1.00    9.864    0.080 0.001    0.026   --  
66900:    1.00    9.609    0.067 0.001    0.030   --  

--------------------------------------------
Proportion of membership of each pre-defined
 population in each of the 2 clusters

Given    Inferred Clusters       Number of
 Pop       1      2             Individuals

  1:     0.507  0.493             358
  2:     0.497  0.503             1039
  3:     0.500  0.500             603
--------------------------------------------

 Rep#:   Lambda   Alpha      F1    F2     D1,2    Ln Like 
67000:    1.00    9.863    0.069 0.001    0.026   --  
67100:    1.00    9.975    0.059 0.001    0.020   --  
67200:    1.00    9.743    0.051 0.001    0.020   --  
67300:    1.00    9.633    0.058 0.001    0.020   --  
67400:    1.00    9.894    0.047 0.001    0.017   --  
67500:    1.00    9.980    0.060 0.001    0.023   --  
67600:    1.00    9.830    0.058 0.001    0.024   --  
67700:    1.00    9.926    0.089 0.001    0.030   --  
67800:    1.00    9.936    0.085 0.001    0.033   --  
67900:    1.00    9.788    0.057 0.001    0.031   --  

--------------------------------------------
Proportion of membership of each pre-defined
 population in each of the 2 clusters

Given    Inferred Clusters       Number of
 Pop       1      2             Individuals

  1:     0.497  0.503             358
  2:     0.504  0.496             1039
  3:     0.494  0.506             603
--------------------------------------------

 Rep#:   Lambda   Alpha      F1    F2     D1,2    Ln Like 
68000:    1.00    9.759    0.068 0.001    0.021   --  
68100:    1.00    9.660    0.067 0.001    0.023   --  
68200:    1.00    9.966    0.052 0.001    0.022   --  
68300:    1.00    9.997    0.060 0.001    0.020   --  
68400:    1.00    9.414    0.067 0.001    0.021   --  
68500:    1.00    9.290    0.050 0.001    0.020   --  
68600:    1.00    9.800    0.049 0.001    0.015   --  
68700:    1.00    9.310    0.050 0.001    0.015   --  
68800:    1.00    9.536    0.057 0.001    0.025   --  
68900:    1.00    9.309    0.073 0.001    0.022   --  

--------------------------------------------
Proportion of membership of each pre-defined
 population in each of the 2 clusters

Given    Inferred Clusters       Number of
 Pop       1      2             Individuals

  1:     0.491  0.509             358
  2:     0.493  0.507             1039
  3:     0.503  0.497             603
--------------------------------------------

 Rep#:   Lambda   Alpha      F1    F2     D1,2    Ln Like 
69000:    1.00    9.044    0.046 0.001    0.017   --  
69100:    1.00    8.947    0.063 0.001    0.021   --  
69200:    1.00    9.070    0.063 0.001    0.022   --  
69300:    1.00    8.927    0.077 0.001    0.024   --  
69400:    1.00    9.230    0.059 0.001    0.020   --  
69500:    1.00    9.055    0.084 0.001    0.026   --  
69600:    1.00    9.321    0.075 0.001    0.029   --  
69700:    1.00    9.810    0.068 0.001    0.023   --  
69800:    1.00    9.846    0.071 0.001    0.023   --  
69900:    1.00    9.971    0.075 0.000    0.021   --  

--------------------------------------------
Proportion of membership of each pre-defined
 population in each of the 2 clusters

Given    Inferred Clusters       Number of
 Pop       1      2             Individuals

  1:     0.501  0.499             358
  2:     0.501  0.499             1039
  3:     0.496  0.504             603
--------------------------------------------

 Rep#:   Lambda   Alpha      F1    F2     D1,2    Ln Like 
70000:    1.00    9.844    0.060 0.000    0.026   --  
70100:    1.00    9.779    0.051 0.000    0.020   --  
70200:    1.00    9.736    0.049 0.000    0.017   --  
70300:    1.00    9.418    0.047 0.000    0.015   --  
70400:    1.00    9.451    0.056 0.000    0.022   --  
70500:    1.00    9.603    0.062 0.000    0.019   --  
70600:    1.00    9.357    0.051 0.000    0.021   --  
70700:    1.00    9.388    0.055 0.000    0.017   --  
70800:    1.00    9.241    0.052 0.000    0.017   --  
70900:    1.00    9.367    0.048 0.000    0.020   --  

--------------------------------------------
Proportion of membership of each pre-defined
 population in each of the 2 clusters

Given    Inferred Clusters       Number of
 Pop       1      2             Individuals

  1:     0.494  0.506             358
  2:     0.500  0.500             1039
  3:     0.500  0.500             603
--------------------------------------------

 Rep#:   Lambda   Alpha      F1    F2     D1,2    Ln Like 
71000:    1.00    9.469    0.060 0.000    0.029   --  
71100:    1.00    9.167    0.075 0.000    0.026   --  
71200:    1.00    9.440    0.077 0.000    0.032   --  
71300:    1.00    9.574    0.075 0.000    0.025   --  
71400:    1.00    9.882    0.065 0.000    0.029   --  
71500:    1.00    9.993    0.061 0.000    0.026   --  
71600:    1.00    9.981    0.075 0.000    0.025   --  
71700:    1.00    9.708    0.055 0.000    0.020   --  
71800:    1.00    9.979    0.067 0.000    0.024   --  
71900:    1.00    9.787    0.086 0.000    0.033   --  

--------------------------------------------
Proportion of membership of each pre-defined
 population in each of the 2 clusters

Given    Inferred Clusters       Number of
 Pop       1      2             Individuals

  1:     0.509  0.491             358
  2:     0.501  0.499             1039
  3:     0.505  0.495             603
--------------------------------------------

 Rep#:   Lambda   Alpha      F1    F2     D1,2    Ln Like 
72000:    1.00    9.917    0.084 0.000    0.027   --  
72100:    1.00    9.828    0.086 0.000    0.032   --  
72200:    1.00    9.568    0.066 0.000    0.033   --  
72300:    1.00    9.781    0.076 0.000    0.037   --  
72400:    1.00    9.655    0.081 0.000    0.030   --  
72500:    1.00    9.894    0.064 0.000    0.027   --  
72600:    1.00    9.729    0.062 0.000    0.025   --  
72700:    1.00    9.900    0.053 0.000    0.019   --  
72800:    1.00    9.974    0.062 0.000    0.022   --  
72900:    1.00    9.707    0.052 0.000    0.024   --  

--------------------------------------------
Proportion of membership of each pre-defined
 population in each of the 2 clusters

Given    Inferred Clusters       Number of
 Pop       1      2             Individuals

  1:     0.509  0.491             358
  2:     0.502  0.498             1039
  3:     0.498  0.502             603
--------------------------------------------

 Rep#:   Lambda   Alpha      F1    F2     D1,2    Ln Like 
73000:    1.00    9.851    0.056 0.000    0.021   --  
73100:    1.00    9.892    0.048 0.000    0.019   --  
73200:    1.00    9.965    0.050 0.000    0.016   --  
73300:    1.00    9.851    0.053 0.000    0.015   --  
73400:    1.00    9.613    0.042 0.000    0.015   --  
73500:    1.00    9.124    0.045 0.000    0.018   --  
73600:    1.00    9.194    0.040 0.000    0.014   --  
73700:    1.00    9.493    0.054 0.000    0.017   --  
73800:    1.00    9.463    0.048 0.000    0.018   --  
73900:    1.00    9.526    0.063 0.000    0.021   --  

--------------------------------------------
Proportion of membership of each pre-defined
 population in each of the 2 clusters

Given    Inferred Clusters       Number of
 Pop       1      2             Individuals

  1:     0.507  0.493             358
  2:     0.503  0.497             1039
  3:     0.497  0.503             603
--------------------------------------------

 Rep#:   Lambda   Alpha      F1    F2     D1,2    Ln Like 
74000:    1.00    9.855    0.073 0.000    0.032   --  
74100:    1.00    9.909    0.069 0.000    0.027   --  
74200:    1.00    9.768    0.108 0.000    0.030   --  
74300:    1.00    9.360    0.081 0.000    0.028   --  
74400:    1.00    9.287    0.074 0.000    0.027   --  
74500:    1.00    9.518    0.071 0.000    0.033   --  
74600:    1.00    9.795    0.073 0.000    0.024   --  
74700:    1.00    9.720    0.066 0.000    0.022   --  
74800:    1.00    9.992    0.078 0.000    0.025   --  
74900:    1.00    9.958    0.075 0.000    0.032   --  

--------------------------------------------
Proportion of membership of each pre-defined
 population in each of the 2 clusters

Given    Inferred Clusters       Number of
 Pop       1      2             Individuals

  1:     0.499  0.501             358
  2:     0.501  0.499             1039
  3:     0.491  0.509             603
--------------------------------------------

 Rep#:   Lambda   Alpha      F1    F2     D1,2    Ln Like 
75000:    1.00    9.765    0.083 0.000    0.029   --  
75100:    1.00    9.582    0.082 0.000    0.029   --  
75200:    1.00    9.555    0.097 0.000    0.034   --  
75300:    1.00    9.782    0.087 0.000    0.030   --  
75400:    1.00    9.758    0.092 0.000    0.033   --  
75500:    1.00    9.353    0.114 0.000    0.035   --  
75600:    1.00    9.611    0.099 0.000    0.027   --  
75700:    1.00    9.842    0.091 0.000    0.024   --  
75800:    1.00    9.879    0.093 0.000    0.025   --  
75900:    1.00    9.818    0.084 0.000    0.032   --  

--------------------------------------------
Proportion of membership of each pre-defined
 population in each of the 2 clusters

Given    Inferred Clusters       Number of
 Pop       1      2             Individuals

  1:     0.505  0.495             358
  2:     0.503  0.497             1039
  3:     0.491  0.509             603
--------------------------------------------

 Rep#:   Lambda   Alpha      F1    F2     D1,2    Ln Like 
76000:    1.00    9.964    0.091 0.000    0.034   --  
76100:    1.00    9.983    0.111 0.000    0.034   --  
76200:    1.00    9.565    0.104 0.000    0.032   --  
76300:    1.00    9.958    0.081 0.000    0.035   --  
76400:    1.00    9.915    0.086 0.000    0.034   --  
76500:    1.00    9.909    0.114 0.000    0.029   --  
76600:    1.00    9.623    0.091 0.000    0.033   --  
76700:    1.00    9.328    0.089 0.000    0.039   --  
76800:    1.00    8.884    0.098 0.000    0.030   --  
76900:    1.00    8.864    0.087 0.000    0.030   --  

--------------------------------------------
Proportion of membership of each pre-defined
 population in each of the 2 clusters

Given    Inferred Clusters       Number of
 Pop       1      2             Individuals

  1:     0.506  0.494             358
  2:     0.501  0.499             1039
  3:     0.493  0.507             603
--------------------------------------------

 Rep#:   Lambda   Alpha      F1    F2     D1,2    Ln Like 
77000:    1.00    8.590    0.104 0.000    0.027   --  
77100:    1.00    9.337    0.115 0.000    0.032   --  
77200:    1.00    9.867    0.104 0.000    0.031   --  
77300:    1.00    9.508    0.094 0.000    0.031   --  
77400:    1.00    9.633    0.092 0.000    0.032   --  
77500:    1.00    9.598    0.115 0.000    0.039   --  
77600:    1.00    9.607    0.070 0.000    0.035   --  
77700:    1.00    9.827    0.097 0.000    0.033   --  
77800:    1.00    9.803    0.053 0.000    0.028   --  
77900:    1.00    9.844    0.069 0.000    0.035   --  

--------------------------------------------
Proportion of membership of each pre-defined
 population in each of the 2 clusters

Given    Inferred Clusters       Number of
 Pop       1      2             Individuals

  1:     0.501  0.499             358
  2:     0.501  0.499             1039
  3:     0.495  0.505             603
--------------------------------------------

 Rep#:   Lambda   Alpha      F1    F2     D1,2    Ln Like 
78000:    1.00    9.354    0.068 0.000    0.029   --  
78100:    1.00    9.050    0.069 0.000    0.029   --  
78200:    1.00    8.732    0.067 0.000    0.028   --  
78300:    1.00    9.079    0.062 0.000    0.020   --  
78400:    1.00    8.168    0.076 0.000    0.021   --  
78500:    1.00    8.294    0.051 0.000    0.021   --  
78600:    1.00    8.028    0.060 0.000    0.019   --  
78700:    1.00    8.088    0.049 0.000    0.019   --  
78800:    1.00    8.278    0.056 0.000    0.021   --  
78900:    1.00    8.330    0.050 0.000    0.018   --  

--------------------------------------------
Proportion of membership of each pre-defined
 population in each of the 2 clusters

Given    Inferred Clusters       Number of
 Pop       1      2             Individuals

  1:     0.505  0.495             358
  2:     0.504  0.496             1039
  3:     0.503  0.497             603
--------------------------------------------

 Rep#:   Lambda   Alpha      F1    F2     D1,2    Ln Like 
79000:    1.00    8.089    0.047 0.000    0.015   --  
79100:    1.00    7.706    0.056 0.000    0.023   --  
79200:    1.00    7.518    0.064 0.000    0.021   --  
79300:    1.00    7.448    0.055 0.000    0.021   --  
79400:    1.00    7.510    0.056 0.000    0.022   --  
79500:    1.00    7.595    0.057 0.000    0.018   --  
79600:    1.00    7.870    0.054 0.000    0.015   --  
79700:    1.00    8.370    0.051 0.000    0.019   --  
79800:    1.00    8.281    0.051 0.000    0.017   --  
79900:    1.00    8.205    0.042 0.000    0.013   --  

--------------------------------------------
Proportion of membership of each pre-defined
 population in each of the 2 clusters

Given    Inferred Clusters       Number of
 Pop       1      2             Individuals

  1:     0.504  0.496             358
  2:     0.495  0.505             1039
  3:     0.491  0.509             603
--------------------------------------------

 Rep#:   Lambda   Alpha      F1    F2     D1,2    Ln Like 
80000:    1.00    8.322    0.048 0.000    0.014   --  
80100:    1.00    8.309    0.059 0.000    0.017   --  
80200:    1.00    8.267    0.059 0.000    0.019   --  
80300:    1.00    7.896    0.066 0.000    0.018   --  
80400:    1.00    7.913    0.058 0.000    0.022   --  
80500:    1.00    7.949    0.060 0.000    0.022   --  
80600:    1.00    7.951    0.060 0.000    0.024   --  
80700:    1.00    8.032    0.085 0.000    0.022   --  
80800:    1.00    7.622    0.050 0.000    0.020   --  
80900:    1.00    7.434    0.039 0.000    0.019   --  

--------------------------------------------
Proportion of membership of each pre-defined
 population in each of the 2 clusters

Given    Inferred Clusters       Number of
 Pop       1      2             Individuals

  1:     0.494  0.506             358
  2:     0.509  0.491             1039
  3:     0.490  0.510             603
--------------------------------------------

 Rep#:   Lambda   Alpha      F1    F2     D1,2    Ln Like 
81000:    1.00    7.336    0.041 0.000    0.017   --  
81100:    1.00    7.184    0.037 0.000    0.015   --  
81200:    1.00    6.966    0.041 0.000    0.014   --  
81300:    1.00    7.297    0.057 0.000    0.015   --  
81400:    1.00    7.416    0.051 0.000    0.022   --  
81500:    1.00    7.281    0.059 0.000    0.026   --  
81600:    1.00    7.755    0.080 0.000    0.030   --  
81700:    1.00    8.349    0.077 0.000    0.028   --  
81800:    1.00    8.998    0.079 0.000    0.027   --  
81900:    1.00    8.518    0.063 0.000    0.022   --  

--------------------------------------------
Proportion of membership of each pre-defined
 population in each of the 2 clusters

Given    Inferred Clusters       Number of
 Pop       1      2             Individuals

  1:     0.503  0.497             358
  2:     0.497  0.503             1039
  3:     0.496  0.504             603
--------------------------------------------

 Rep#:   Lambda   Alpha      F1    F2     D1,2    Ln Like 
82000:    1.00    8.294    0.069 0.000    0.017   --  
82100:    1.00    8.387    0.050 0.000    0.025   --  
82200:    1.00    9.021    0.077 0.000    0.028   --  
82300:    1.00    8.696    0.078 0.000    0.024   --  
82400:    1.00    8.556    0.061 0.000    0.020   --  
82500:    1.00    8.684    0.083 0.000    0.024   --  
82600:    1.00    8.395    0.092 0.000    0.026   --  
82700:    1.00    8.654    0.072 0.000    0.029   --  
82800:    1.00    8.499    0.088 0.000    0.028   --  
82900:    1.00    8.571    0.097 0.000    0.029   --  

--------------------------------------------
Proportion of membership of each pre-defined
 population in each of the 2 clusters

Given    Inferred Clusters       Number of
 Pop       1      2             Individuals

  1:     0.508  0.492             358
  2:     0.498  0.502             1039
  3:     0.499  0.501             603
--------------------------------------------

 Rep#:   Lambda   Alpha      F1    F2     D1,2    Ln Like 
83000:    1.00    8.288    0.079 0.000    0.026   --  
83100:    1.00    8.223    0.071 0.000    0.034   --  
83200:    1.00    8.052    0.103 0.000    0.032   --  
83300:    1.00    8.310    0.077 0.000    0.030   --  
83400:    1.00    8.004    0.106 0.000    0.035   --  
83500:    1.00    7.992    0.115 0.000    0.031   --  
83600:    1.00    7.905    0.108 0.000    0.034   --  
83700:    1.00    7.963    0.081 0.000    0.032   --  
83800:    1.00    8.059    0.070 0.000    0.025   --  
83900:    1.00    7.766    0.086 0.000    0.026   --  

--------------------------------------------
Proportion of membership of each pre-defined
 population in each of the 2 clusters

Given    Inferred Clusters       Number of
 Pop       1      2             Individuals

  1:     0.497  0.503             358
  2:     0.503  0.497             1039
  3:     0.500  0.500             603
--------------------------------------------

 Rep#:   Lambda   Alpha      F1    F2     D1,2    Ln Like 
84000:    1.00    7.563    0.057 0.000    0.019   --  
84100:    1.00    7.303    0.064 0.000    0.024   --  
84200:    1.00    7.271    0.077 0.000    0.026   --  
84300:    1.00    7.215    0.071 0.000    0.025   --  
84400:    1.00    7.201    0.073 0.000    0.024   --  
84500:    1.00    7.409    0.065 0.000    0.026   --  
84600:    1.00    7.059    0.077 0.000    0.032   --  
84700:    1.00    7.594    0.080 0.000    0.027   --  
84800:    1.00    7.685    0.072 0.000    0.025   --  
84900:    1.00    7.485    0.067 0.000    0.028   --  

--------------------------------------------
Proportion of membership of each pre-defined
 population in each of the 2 clusters

Given    Inferred Clusters       Number of
 Pop       1      2             Individuals

  1:     0.503  0.497             358
  2:     0.504  0.496             1039
  3:     0.493  0.507             603
--------------------------------------------

 Rep#:   Lambda   Alpha      F1    F2     D1,2    Ln Like 
85000:    1.00    7.332    0.085 0.000    0.029   --  
85100:    1.00    7.429    0.089 0.000    0.031   --  
85200:    1.00    7.636    0.095 0.000    0.032   --  
85300:    1.00    7.385    0.080 0.000    0.030   --  
85400:    1.00    7.527    0.095 0.000    0.033   --  
85500:    1.00    7.296    0.072 0.000    0.030   --  
85600:    1.00    7.527    0.118 0.000    0.037   --  
85700:    1.00    7.481    0.109 0.000    0.039   --  
85800:    1.00    7.538    0.130 0.000    0.043   --  
85900:    1.00    7.516    0.095 0.000    0.041   --  

--------------------------------------------
Proportion of membership of each pre-defined
 population in each of the 2 clusters

Given    Inferred Clusters       Number of
 Pop       1      2             Individuals

  1:     0.509  0.491             358
  2:     0.505  0.495             1039
  3:     0.503  0.497             603
--------------------------------------------

 Rep#:   Lambda   Alpha      F1    F2     D1,2    Ln Like 
86000:    1.00    7.406    0.106 0.000    0.041   --  
86100:    1.00    7.601    0.079 0.000    0.032   --  
86200:    1.00    7.961    0.096 0.000    0.035   --  
86300:    1.00    8.059    0.081 0.000    0.032   --  
86400:    1.00    8.233    0.065 0.000    0.025   --  
86500:    1.00    8.032    0.067 0.000    0.029   --  
86600:    1.00    8.288    0.049 0.000    0.023   --  
86700:    1.00    8.750    0.053 0.000    0.019   --  
86800:    1.00    8.627    0.044 0.000    0.021   --  
86900:    1.00    8.398    0.042 0.000    0.017   --  

--------------------------------------------
Proportion of membership of each pre-defined
 population in each of the 2 clusters

Given    Inferred Clusters       Number of
 Pop       1      2             Individuals

  1:     0.506  0.494             358
  2:     0.499  0.501             1039
  3:     0.499  0.501             603
--------------------------------------------

 Rep#:   Lambda   Alpha      F1    F2     D1,2    Ln Like 
87000:    1.00    8.613    0.055 0.000    0.025   --  
87100:    1.00    8.840    0.057 0.000    0.025   --  
87200:    1.00    8.801    0.058 0.000    0.024   --  
87300:    1.00    8.682    0.066 0.000    0.029   --  
87400:    1.00    8.773    0.084 0.000    0.034   --  
87500:    1.00    8.626    0.073 0.000    0.031   --  
87600:    1.00    8.856    0.064 0.000    0.025   --  
87700:    1.00    8.860    0.084 0.000    0.028   --  
87800:    1.00    8.849    0.087 0.000    0.029   --  
87900:    1.00    8.636    0.088 0.000    0.027   --  

--------------------------------------------
Proportion of membership of each pre-defined
 population in each of the 2 clusters

Given    Inferred Clusters       Number of
 Pop       1      2             Individuals

  1:     0.506  0.494             358
  2:     0.502  0.498             1039
  3:     0.495  0.505             603
--------------------------------------------

 Rep#:   Lambda   Alpha      F1    F2     D1,2    Ln Like 
88000:    1.00    8.784    0.130 0.000    0.039   --  
88100:    1.00    8.433    0.098 0.000    0.040   --  
88200:    1.00    8.672    0.089 0.000    0.039   --  
88300:    1.00    8.766    0.091 0.000    0.035   --  
88400:    1.00    8.853    0.105 0.000    0.036   --  
88500:    1.00    8.740    0.104 0.000    0.031   --  
88600:    1.00    8.652    0.091 0.000    0.034   --  
88700:    1.00    8.638    0.097 0.000    0.033   --  
88800:    1.00    9.133    0.089 0.000    0.034   --  
88900:    1.00    9.575    0.091 0.000    0.038   --  

--------------------------------------------
Proportion of membership of each pre-defined
 population in each of the 2 clusters

Given    Inferred Clusters       Number of
 Pop       1      2             Individuals

  1:     0.490  0.510             358
  2:     0.507  0.493             1039
  3:     0.503  0.497             603
--------------------------------------------

 Rep#:   Lambda   Alpha      F1    F2     D1,2    Ln Like 
89000:    1.00    9.676    0.076 0.000    0.038   --  
89100:    1.00    9.603    0.072 0.000    0.035   --  
89200:    1.00    9.465    0.098 0.000    0.034   --  
89300:    1.00    9.272    0.063 0.000    0.035   --  
89400:    1.00    9.371    0.079 0.000    0.030   --  
89500:    1.00    9.037    0.056 0.000    0.024   --  
89600:    1.00    9.099    0.051 0.000    0.023   --  
89700:    1.00    8.966    0.068 0.000    0.021   --  
89800:    1.00    8.853    0.068 0.000    0.022   --  
89900:    1.00    8.911    0.102 0.000    0.029   --  

--------------------------------------------
Proportion of membership of each pre-defined
 population in each of the 2 clusters

Given    Inferred Clusters       Number of
 Pop       1      2             Individuals

  1:     0.505  0.495             358
  2:     0.505  0.495             1039
  3:     0.501  0.499             603
--------------------------------------------

 Rep#:   Lambda   Alpha      F1    F2     D1,2    Ln Like 
90000:    1.00    8.790    0.085 0.000    0.033   --  
90100:    1.00    9.107    0.081 0.000    0.032   --  
90200:    1.00    8.824    0.086 0.000    0.030   --  
90300:    1.00    8.975    0.077 0.000    0.027   --  
90400:    1.00    8.993    0.080 0.000    0.034   --  
90500:    1.00    9.102    0.104 0.000    0.033   --  
90600:    1.00    9.213    0.120 0.000    0.037   --  
90700:    1.00    9.348    0.118 0.000    0.036   --  
90800:    1.00    9.017    0.143 0.000    0.039   --  
90900:    1.00    9.525    0.095 0.000    0.035   --  

--------------------------------------------
Proportion of membership of each pre-defined
 population in each of the 2 clusters

Given    Inferred Clusters       Number of
 Pop       1      2             Individuals

  1:     0.505  0.495             358
  2:     0.505  0.495             1039
  3:     0.501  0.499             603
--------------------------------------------

 Rep#:   Lambda   Alpha      F1    F2     D1,2    Ln Like 
91000:    1.00    9.265    0.107 0.000    0.040   --  
91100:    1.00    9.052    0.101 0.000    0.034   --  
91200:    1.00    9.084    0.078 0.000    0.037   --  
91300:    1.00    8.928    0.075 0.000    0.036   --  
91400:    1.00    8.894    0.079 0.000    0.036   --  
91500:    1.00    8.760    0.081 0.000    0.039   --  
91600:    1.00    9.025    0.082 0.000    0.032   --  
91700:    1.00    9.287    0.065 0.000    0.036   --  
91800:    1.00    9.245    0.076 0.000    0.040   --  
91900:    1.00    9.118    0.066 0.000    0.032   --  

--------------------------------------------
Proportion of membership of each pre-defined
 population in each of the 2 clusters

Given    Inferred Clusters       Number of
 Pop       1      2             Individuals

  1:     0.503  0.497             358
  2:     0.505  0.495             1039
  3:     0.495  0.505             603
--------------------------------------------

 Rep#:   Lambda   Alpha      F1    F2     D1,2    Ln Like 
92000:    1.00    8.721    0.075 0.000    0.033   --  
92100:    1.00    8.750    0.049 0.000    0.022   --  
92200:    1.00    9.154    0.067 0.000    0.022   --  
92300:    1.00    9.311    0.079 0.000    0.023   --  
92400:    1.00    9.032    0.060 0.000    0.021   --  
92500:    1.00    9.279    0.065 0.000    0.026   --  
92600:    1.00    9.566    0.046 0.000    0.023   --  
92700:    1.00    9.768    0.045 0.000    0.017   --  
92800:    1.00    9.843    0.051 0.000    0.021   --  
92900:    1.00    9.443    0.043 0.000    0.020   --  

--------------------------------------------
Proportion of membership of each pre-defined
 population in each of the 2 clusters

Given    Inferred Clusters       Number of
 Pop       1      2             Individuals

  1:     0.505  0.495             358
  2:     0.500  0.500             1039
  3:     0.489  0.511             603
--------------------------------------------

 Rep#:   Lambda   Alpha      F1    F2     D1,2    Ln Like 
93000:    1.00    9.227    0.048 0.000    0.020   --  
93100:    1.00    9.303    0.044 0.000    0.017   --  
93200:    1.00    9.657    0.055 0.000    0.016   --  
93300:    1.00    9.314    0.055 0.000    0.017   --  
93400:    1.00    9.381    0.043 0.000    0.019   --  
93500:    1.00    9.293    0.049 0.000    0.017   --  
93600:    1.00    9.175    0.032 0.000    0.012   --  
93700:    1.00    9.245    0.046 0.000    0.016   --  
93800:    1.00    9.204    0.047 0.000    0.015   --  
93900:    1.00    9.121    0.038 0.000    0.013   --  

--------------------------------------------
Proportion of membership of each pre-defined
 population in each of the 2 clusters

Given    Inferred Clusters       Number of
 Pop       1      2             Individuals

  1:     0.501  0.499             358
  2:     0.500  0.500             1039
  3:     0.501  0.499             603
--------------------------------------------

 Rep#:   Lambda   Alpha      F1    F2     D1,2    Ln Like 
94000:    1.00    8.972    0.046 0.000    0.016   --  
94100:    1.00    8.346    0.046 0.000    0.019   --  
94200:    1.00    8.209    0.054 0.000    0.015   --  
94300:    1.00    8.067    0.051 0.000    0.017   --  
94400:    1.00    7.833    0.057 0.000    0.020   --  
94500:    1.00    7.582    0.043 0.000    0.016   --  
94600:    1.00    7.819    0.051 0.000    0.019   --  
94700:    1.00    7.548    0.070 0.000    0.019   --  
94800:    1.00    7.902    0.074 0.000    0.026   --  
94900:    1.00    7.471    0.057 0.000    0.022   --  

--------------------------------------------
Proportion of membership of each pre-defined
 population in each of the 2 clusters

Given    Inferred Clusters       Number of
 Pop       1      2             Individuals

  1:     0.493  0.507             358
  2:     0.498  0.502             1039
  3:     0.499  0.501             603
--------------------------------------------

 Rep#:   Lambda   Alpha      F1    F2     D1,2    Ln Like 
95000:    1.00    7.100    0.081 0.000    0.022   --  
95100:    1.00    6.688    0.057 0.000    0.019   --  
95200:    1.00    6.415    0.067 0.000    0.023   --  
95300:    1.00    5.982    0.090 0.000    0.028   --  
95400:    1.00    6.174    0.078 0.000    0.031   --  
95500:    1.00    5.964    0.060 0.000    0.027   --  
95600:    1.00    5.791    0.090 0.000    0.025   --  
95700:    1.00    6.056    0.069 0.000    0.026   --  
95800:    1.00    6.272    0.080 0.000    0.027   --  
95900:    1.00    6.103    0.081 0.000    0.026   --  

--------------------------------------------
Proportion of membership of each pre-defined
 population in each of the 2 clusters

Given    Inferred Clusters       Number of
 Pop       1      2             Individuals

  1:     0.496  0.504             358
  2:     0.506  0.494             1039
  3:     0.501  0.499             603
--------------------------------------------

 Rep#:   Lambda   Alpha      F1    F2     D1,2    Ln Like 
96000:    1.00    6.149    0.059 0.000    0.024   --  
96100:    1.00    6.664    0.080 0.000    0.026   --  
96200:    1.00    6.605    0.059 0.000    0.021   --  
96300:    1.00    6.765    0.068 0.000    0.024   --  
96400:    1.00    6.465    0.062 0.000    0.023   --  
96500:    1.00    6.543    0.057 0.000    0.023   --  
96600:    1.00    6.437    0.069 0.000    0.024   --  
96700:    1.00    6.366    0.065 0.000    0.023   --  
96800:    1.00    6.403    0.062 0.000    0.022   --  
96900:    1.00    6.184    0.067 0.000    0.023   --  

--------------------------------------------
Proportion of membership of each pre-defined
 population in each of the 2 clusters

Given    Inferred Clusters       Number of
 Pop       1      2             Individuals

  1:     0.505  0.495             358
  2:     0.505  0.495             1039
  3:     0.507  0.493             603
--------------------------------------------

 Rep#:   Lambda   Alpha      F1    F2     D1,2    Ln Like 
97000:    1.00    6.146    0.056 0.000    0.022   --  
97100:    1.00    5.848    0.066 0.000    0.022   --  
97200:    1.00    6.123    0.063 0.000    0.026   --  
97300:    1.00    6.055    0.063 0.000    0.024   --  
97400:    1.00    6.055    0.081 0.000    0.026   --  
97500:    1.00    6.165    0.073 0.000    0.029   --  
97600:    1.00    6.053    0.078 0.000    0.025   --  
97700:    1.00    6.481    0.059 0.000    0.026   --  
97800:    1.00    6.540    0.088 0.000    0.031   --  
97900:    1.00    6.763    0.099 0.000    0.035   --  

--------------------------------------------
Proportion of membership of each pre-defined
 population in each of the 2 clusters

Given    Inferred Clusters       Number of
 Pop       1      2             Individuals

  1:     0.503  0.497             358
  2:     0.499  0.501             1039
  3:     0.499  0.501             603
--------------------------------------------

 Rep#:   Lambda   Alpha      F1    F2     D1,2    Ln Like 
98000:    1.00    7.247    0.083 0.000    0.029   --  
98100:    1.00    7.149    0.081 0.000    0.027   --  
98200:    1.00    7.249    0.086 0.000    0.028   --  
98300:    1.00    7.099    0.057 0.000    0.023   --  
98400:    1.00    7.149    0.080 0.000    0.023   --  
98500:    1.00    6.990    0.065 0.000    0.023   --  
98600:    1.00    7.175    0.078 0.000    0.019   --  
98700:    1.00    7.003    0.060 0.000    0.021   --  
98800:    1.00    6.910    0.056 0.000    0.022   --  
98900:    1.00    6.952    0.056 0.000    0.023   --  

--------------------------------------------
Proportion of membership of each pre-defined
 population in each of the 2 clusters

Given    Inferred Clusters       Number of
 Pop       1      2             Individuals

  1:     0.511  0.489             358
  2:     0.507  0.493             1039
  3:     0.496  0.504             603
--------------------------------------------

 Rep#:   Lambda   Alpha      F1    F2     D1,2    Ln Like 
99000:    1.00    7.012    0.058 0.000    0.022   --  
99100:    1.00    6.672    0.067 0.000    0.021   --  
99200:    1.00    6.592    0.057 0.000    0.019   --  
99300:    1.00    6.014    0.051 0.000    0.024   --  
99400:    1.00    6.161    0.052 0.000    0.024   --  
99500:    1.00    6.053    0.068 0.000    0.024   --  
99600:    1.00    5.755    0.057 0.000    0.021   --  
99700:    1.00    5.879    0.050 0.000    0.019   --  
99800:    1.00    5.565    0.050 0.000    0.020   --  
99900:    1.00    5.631    0.061 0.000    0.024   --  
100000:    1.00    6.037    0.045 0.000    0.019   --  

BURNIN completed
  Rep#:   Lambda   Alpha      F1    F2     D1,2    Ln Like  Est Ln P(D)
100100:    1.00    6.103    0.049 0.000    0.023   -125508    0 
100200:    1.00    6.047    0.057 0.000    0.020   -125549    0 
100300:    1.00    5.545    0.049 0.000    0.021   -125562    0 
100400:    1.00    5.710    0.054 0.000    0.018   -125584    0 
100500:    1.00    5.932    0.053 0.000    0.020   -125546    0 
100600:    1.00    6.231    0.054 0.000    0.024   -125493    0 
100700:    1.00    6.322    0.064 0.000    0.018   -125479    0 
100800:    1.00    6.263    0.049 0.000    0.022   -125484    0 
100900:    1.00    6.234    0.062 0.000    0.023   -125526    0 

--------------------------------------------
Proportion of membership of each pre-defined
 population in each of the 2 clusters

Given    Inferred Clusters       Number of
 Pop       1      2             Individuals

  1:     0.500  0.500             358
  2:     0.498  0.502             1039
  3:     0.505  0.495             603
--------------------------------------------

  Rep#:   Lambda   Alpha      F1    F2     D1,2    Ln Like  Est Ln P(D)
101000:    1.00    6.280    0.052 0.000    0.021   -125520    0 
101100:    1.00    6.511    0.058 0.000    0.022   -125549    0 
101200:    1.00    6.423    0.064 0.000    0.021   -125508    0 
101300:    1.00    6.187    0.055 0.000    0.019   -125531    0 
101400:    1.00    6.139    0.053 0.000    0.021   -125502    0 
101500:    1.00    5.830    0.057 0.000    0.017   -125530    0 
101600:    1.00    5.429    0.054 0.000    0.019   -125471    0 
101700:    1.00    5.576    0.062 0.000    0.021   -125517    0 
101800:    1.00    5.450    0.055 0.000    0.021   -125485    0 
101900:    1.00    5.317    0.057 0.000    0.022   -125518    0 

--------------------------------------------
Proportion of membership of each pre-defined
 population in each of the 2 clusters

Given    Inferred Clusters       Number of
 Pop       1      2             Individuals

  1:     0.504  0.496             358
  2:     0.507  0.493             1039
  3:     0.509  0.491             603
--------------------------------------------

  Rep#:   Lambda   Alpha      F1    F2     D1,2    Ln Like  Est Ln P(D)
102000:    1.00    5.790    0.052 0.000    0.023   -125509    0 
102100:    1.00    5.863    0.054 0.000    0.022   -125553    0 
102200:    1.00    6.090    0.058 0.000    0.022   -125530    0 
102300:    1.00    6.195    0.059 0.000    0.017   -125569    0 
102400:    1.00    6.192    0.049 0.000    0.019   -125527    0 
102500:    1.00    6.479    0.053 0.000    0.016   -125550    0 
102600:    1.00    6.389    0.075 0.000    0.020   -125528    0 
102700:    1.00    6.675    0.061 0.000    0.024   -125495    0 
102800:    1.00    6.866    0.057 0.000    0.022   -125545    0 
102900:    1.00    7.151    0.053 0.000    0.024   -125497    0 

--------------------------------------------
Proportion of membership of each pre-defined
 population in each of the 2 clusters

Given    Inferred Clusters       Number of
 Pop       1      2             Individuals

  1:     0.515  0.485             358
  2:     0.507  0.493             1039
  3:     0.508  0.492             603
--------------------------------------------

  Rep#:   Lambda   Alpha      F1    F2     D1,2    Ln Like  Est Ln P(D)
103000:    1.00    7.283    0.058 0.000    0.023   -125510    0 
103100:    1.00    7.528    0.060 0.000    0.023   -125550    0 
103200:    1.00    7.368    0.068 0.000    0.021   -125576    0 
103300:    1.00    7.645    0.069 0.000    0.023   -125561    0 
103400:    1.00    7.867    0.063 0.000    0.019   -125576    0 
103500:    1.00    7.950    0.064 0.000    0.022   -125548    0 
103600:    1.00    7.576    0.050 0.000    0.020   -125620    0 
103700:    1.00    7.619    0.045 0.000    0.018   -125616    0 
103800:    1.00    7.439    0.060 0.000    0.019   -125590    0 
103900:    1.00    7.847    0.053 0.000    0.018   -125604    0 

--------------------------------------------
Proportion of membership of each pre-defined
 population in each of the 2 clusters

Given    Inferred Clusters       Number of
 Pop       1      2             Individuals

  1:     0.495  0.505             358
  2:     0.495  0.505             1039
  3:     0.506  0.494             603
--------------------------------------------

  Rep#:   Lambda   Alpha      F1    F2     D1,2    Ln Like  Est Ln P(D)
104000:    1.00    7.998    0.058 0.000    0.023   -125587    0 
104100:    1.00    8.200    0.052 0.000    0.020   -125604    0 
104200:    1.00    8.182    0.050 0.000    0.019   -125590    0 
104300:    1.00    8.249    0.067 0.000    0.021   -125579    0 
104400:    1.00    8.350    0.080 0.000    0.026   -125559    0 
104500:    1.00    8.242    0.073 0.000    0.027   -125530    0 
104600:    1.00    8.299    0.074 0.000    0.028   -125500    0 
104700:    1.00    7.927    0.069 0.000    0.026   -125554    0 
104800:    1.00    8.218    0.079 0.000    0.027   -125558    0 
104900:    1.00    7.771    0.067 0.000    0.024   -125525    0 

--------------------------------------------
Proportion of membership of each pre-defined
 population in each of the 2 clusters

Given    Inferred Clusters       Number of
 Pop       1      2             Individuals

  1:     0.499  0.501             358
  2:     0.496  0.504             1039
  3:     0.509  0.491             603
--------------------------------------------

  Rep#:   Lambda   Alpha      F1    F2     D1,2    Ln Like  Est Ln P(D)
105000:    1.00    7.706    0.070 0.000    0.026   -125531    0 
105100:    1.00    7.553    0.090 0.000    0.030   -125505    0 
105200:    1.00    7.491    0.094 0.000    0.030   -125474    0 
105300:    1.00    7.639    0.085 0.000    0.027   -125487    0 
105400:    1.00    7.767    0.071 0.000    0.032   -125525    0 
105500:    1.00    7.825    0.073 0.000    0.035   -125494    0 
105600:    1.00    7.722    0.050 0.000    0.024   -125543    0 
105700:    1.00    7.694    0.063 0.000    0.024   -125534    0 
105800:    1.00    7.823    0.055 0.000    0.023   -125541    0 
105900:    1.00    8.269    0.063 0.000    0.021   -125574    0 

--------------------------------------------
Proportion of membership of each pre-defined
 population in each of the 2 clusters

Given    Inferred Clusters       Number of
 Pop       1      2             Individuals

  1:     0.496  0.504             358
  2:     0.501  0.499             1039
  3:     0.494  0.506             603
--------------------------------------------

  Rep#:   Lambda   Alpha      F1    F2     D1,2    Ln Like  Est Ln P(D)
106000:    1.00    8.296    0.053 0.000    0.027   -125499    0 
106100:    1.00    8.462    0.064 0.000    0.027   -125531    0 
106200:    1.00    8.996    0.062 0.000    0.030   -125529    0 
106300:    1.00    9.501    0.054 0.000    0.027   -125547    0 
106400:    1.00    9.511    0.065 0.000    0.028   -125550    0 
106500:    1.00    9.513    0.076 0.000    0.029   -125559    0 
106600:    1.00    9.733    0.073 0.000    0.031   -125571    0 
106700:    1.00    9.732    0.095 0.000    0.033   -125571    0 
106800:    1.00    9.953    0.082 0.000    0.031   -125584    0 
106900:    1.00    9.703    0.085 0.000    0.026   -125572    0 

--------------------------------------------
Proportion of membership of each pre-defined
 population in each of the 2 clusters

Given    Inferred Clusters       Number of
 Pop       1      2             Individuals

  1:     0.500  0.500             358
  2:     0.501  0.499             1039
  3:     0.492  0.508             603
--------------------------------------------

  Rep#:   Lambda   Alpha      F1    F2     D1,2    Ln Like  Est Ln P(D)
107000:    1.00    9.482    0.093 0.000    0.026   -125563    0 
107100:    1.00    9.162    0.069 0.000    0.027   -125578    0 
107200:    1.00    9.425    0.079 0.000    0.028   -125505    0 
107300:    1.00    9.441    0.101 0.000    0.031   -125568    0 
107400:    1.00    9.469    0.088 0.000    0.028   -125551    0 
107500:    1.00    9.966    0.098 0.000    0.032   -125544    0 
107600:    1.00    9.936    0.068 0.000    0.029   -125541    0 
107700:    1.00    9.909    0.079 0.000    0.023   -125574    0 
107800:    1.00    9.998    0.069 0.000    0.029   -125592    0 
107900:    1.00    9.835    0.081 0.000    0.029   -125579    0 

--------------------------------------------
Proportion of membership of each pre-defined
 population in each of the 2 clusters

Given    Inferred Clusters       Number of
 Pop       1      2             Individuals

  1:     0.505  0.495             358
  2:     0.503  0.497             1039
  3:     0.505  0.495             603
--------------------------------------------

  Rep#:   Lambda   Alpha      F1    F2     D1,2    Ln Like  Est Ln P(D)
108000:    1.00    9.800    0.070 0.000    0.032   -125545    0 
108100:    1.00    9.893    0.068 0.000    0.028   -125562    0 
108200:    1.00    9.938    0.070 0.000    0.032   -125570    0 
108300:    1.00    9.625    0.079 0.000    0.030   -125546    0 
108400:    1.00    9.996    0.089 0.000    0.030   -125616    0 
108500:    1.00    9.711    0.079 0.000    0.031   -125555    0 
108600:    1.00    9.934    0.094 0.000    0.035   -125596    0 
108700:    1.00    9.575    0.108 0.000    0.038   -125546    0 
108800:    1.00    9.302    0.122 0.000    0.038   -125527    0 
108900:    1.00    9.574    0.099 0.000    0.034   -125518    0 

--------------------------------------------
Proportion of membership of each pre-defined
 population in each of the 2 clusters

Given    Inferred Clusters       Number of
 Pop       1      2             Individuals

  1:     0.507  0.493             358
  2:     0.506  0.494             1039
  3:     0.499  0.501             603
--------------------------------------------

  Rep#:   Lambda   Alpha      F1    F2     D1,2    Ln Like  Est Ln P(D)
109000:    1.00    9.494    0.086 0.000    0.031   -125539    0 
109100:    1.00    9.237    0.110 0.000    0.031   -125551    0 
109200:    1.00    9.085    0.083 0.000    0.032   -125560    0 
109300:    1.00    9.134    0.073 0.000    0.034   -125550    0 
109400:    1.00    9.147    0.067 0.000    0.029   -125513    0 
109500:    1.00    8.886    0.068 0.000    0.026   -125529    0 
109600:    1.00    8.865    0.065 0.000    0.025   -125617    0 
109700:    1.00    8.851    0.068 0.000    0.026   -125582    0 
109800:    1.00    8.364    0.069 0.000    0.024   -125601    0 
109900:    1.00    8.656    0.051 0.000    0.026   -125538    0 

--------------------------------------------
Proportion of membership of each pre-defined
 population in each of the 2 clusters

Given    Inferred Clusters       Number of
 Pop       1      2             Individuals

  1:     0.496  0.504             358
  2:     0.505  0.495             1039
  3:     0.493  0.507             603
--------------------------------------------

  Rep#:   Lambda   Alpha      F1    F2     D1,2    Ln Like  Est Ln P(D)
110000:    1.00    8.691    0.065 0.000    0.024   -125565    0 
110100:    1.00    8.437    0.077 0.000    0.024   -125566    0 
110200:    1.00    8.622    0.055 0.000    0.025   -125551    0 
110300:    1.00    8.587    0.051 0.000    0.025   -125563    0 
110400:    1.00    8.641    0.073 0.000    0.025   -125559    0 
110500:    1.00    8.835    0.065 0.000    0.025   -125611    0 
110600:    1.00    8.714    0.065 0.000    0.024   -125542    0 
110700:    1.00    8.771    0.060 0.000    0.023   -125605    0 
110800:    1.00    8.458    0.061 0.000    0.024   -125535    0 
110900:    1.00    8.273    0.073 0.000    0.024   -125569    0 

--------------------------------------------
Proportion of membership of each pre-defined
 population in each of the 2 clusters

Given    Inferred Clusters       Number of
 Pop       1      2             Individuals

  1:     0.500  0.500             358
  2:     0.505  0.495             1039
  3:     0.499  0.501             603
--------------------------------------------

  Rep#:   Lambda   Alpha      F1    F2     D1,2    Ln Like  Est Ln P(D)
111000:    1.00    8.642    0.074 0.000    0.023   -125565    0 
111100:    1.00    8.398    0.077 0.000    0.026   -125532    0 
111200:    1.00    8.231    0.080 0.000    0.025   -125571    0 
111300:    1.00    8.148    0.074 0.000    0.031   -125528    0 
111400:    1.00    7.609    0.089 0.000    0.029   -125497    0 
111500:    1.00    7.535    0.071 0.000    0.026   -125532    0 
111600:    1.00    7.166    0.067 0.000    0.026   -125522    0 
111700:    1.00    7.291    0.068 0.000    0.024   -125523    0 
111800:    1.00    7.294    0.066 0.000    0.031   -125476    0 
111900:    1.00    7.417    0.074 0.000    0.027   -125577    0 

--------------------------------------------
Proportion of membership of each pre-defined
 population in each of the 2 clusters

Given    Inferred Clusters       Number of
 Pop       1      2             Individuals

  1:     0.515  0.485             358
  2:     0.505  0.495             1039
  3:     0.502  0.498             603
--------------------------------------------

  Rep#:   Lambda   Alpha      F1    F2     D1,2    Ln Like  Est Ln P(D)
112000:    1.00    7.195    0.078 0.000    0.028   -125524    0 
112100:    1.00    7.092    0.055 0.000    0.027   -125533    0 
112200:    1.00    6.754    0.071 0.000    0.024   -125514    0 
112300:    1.00    7.026    0.051 0.000    0.024   -125513    0 
112400:    1.00    7.119    0.066 0.000    0.023   -125567    0 
112500:    1.00    7.543    0.059 0.000    0.019   -125551    0 
112600:    1.00    7.581    0.056 0.000    0.022   -125497    0 
112700:    1.00    7.700    0.061 0.000    0.024   -125503    0 
112800:    1.00    7.573    0.061 0.000    0.020   -125558    0 
112900:    1.00    7.533    0.070 0.000    0.024   -125561    0 

--------------------------------------------
Proportion of membership of each pre-defined
 population in each of the 2 clusters

Given    Inferred Clusters       Number of
 Pop       1      2             Individuals

  1:     0.496  0.504             358
  2:     0.504  0.496             1039
  3:     0.506  0.494             603
--------------------------------------------

  Rep#:   Lambda   Alpha      F1    F2     D1,2    Ln Like  Est Ln P(D)
113000:    1.00    7.485    0.085 0.000    0.024   -125477    0 
113100:    1.00    7.510    0.069 0.000    0.023   -125486    0 
113200:    1.00    7.498    0.061 0.000    0.022   -125525    0 
113300:    1.00    7.313    0.062 0.000    0.017   -125518    0 
113400:    1.00    7.402    0.054 0.000    0.017   -125570    0 
113500:    1.00    7.344    0.066 0.000    0.020   -125593    0 
113600:    1.00    7.213    0.057 0.000    0.018   -125555    0 
113700:    1.00    7.382    0.070 0.000    0.024   -125551    0 
113800:    1.00    7.482    0.058 0.000    0.020   -125565    0 
113900:    1.00    6.951    0.067 0.000    0.019   -125531    0 

--------------------------------------------
Proportion of membership of each pre-defined
 population in each of the 2 clusters

Given    Inferred Clusters       Number of
 Pop       1      2             Individuals

  1:     0.501  0.499             358
  2:     0.496  0.504             1039
  3:     0.492  0.508             603
--------------------------------------------

  Rep#:   Lambda   Alpha      F1    F2     D1,2    Ln Like  Est Ln P(D)
114000:    1.00    7.041    0.057 0.000    0.019   -125598    0 
114100:    1.00    7.444    0.045 0.000    0.020   -125569    0 
114200:    1.00    6.927    0.052 0.000    0.017   -125583    0 
114300:    1.00    6.941    0.058 0.000    0.019   -125561    0 
114400:    1.00    6.825    0.051 0.000    0.020   -125537    0 
114500:    1.00    7.072    0.057 0.000    0.020   -125581    0 
114600:    1.00    7.224    0.077 0.000    0.026   -125513    0 
114700:    1.00    7.405    0.065 0.000    0.027   -125522    0 
114800:    1.00    7.842    0.080 0.000    0.025   -125501    0 
114900:    1.00    7.813    0.077 0.000    0.030   -125504    0 

--------------------------------------------
Proportion of membership of each pre-defined
 population in each of the 2 clusters

Given    Inferred Clusters       Number of
 Pop       1      2             Individuals

  1:     0.498  0.502             358
  2:     0.506  0.494             1039
  3:     0.488  0.512             603
--------------------------------------------

  Rep#:   Lambda   Alpha      F1    F2     D1,2    Ln Like  Est Ln P(D)
115000:    1.00    7.979    0.070 0.000    0.026   -125559    0 
115100:    1.00    8.059    0.068 0.000    0.028   -125566    0 
115200:    1.00    7.709    0.068 0.000    0.026   -125477    0 
115300:    1.00    7.726    0.087 0.000    0.032   -125479    0 
115400:    1.00    8.207    0.068 0.000    0.029   -125527    0 
115500:    1.00    8.312    0.082 0.000    0.031   -125526    0 
115600:    1.00    8.472    0.074 0.000    0.028   -125539    0 
115700:    1.00    8.615    0.074 0.000    0.031   -125526    0 
115800:    1.00    8.831    0.067 0.000    0.030   -125525    0 
115900:    1.00    9.082    0.070 0.000    0.028   -125569    0 

--------------------------------------------
Proportion of membership of each pre-defined
 population in each of the 2 clusters

Given    Inferred Clusters       Number of
 Pop       1      2             Individuals

  1:     0.500  0.500             358
  2:     0.501  0.499             1039
  3:     0.497  0.503             603
--------------------------------------------

  Rep#:   Lambda   Alpha      F1    F2     D1,2    Ln Like  Est Ln P(D)
116000:    1.00    9.140    0.078 0.000    0.029   -125486    0 
116100:    1.00    8.652    0.060 0.000    0.024   -125538    0 
116200:    1.00    8.111    0.083 0.000    0.028   -125496    0 
116300:    1.00    8.031    0.079 0.000    0.030   -125507    0 
116400:    1.00    7.934    0.081 0.000    0.030   -125505    0 
116500:    1.00    7.710    0.080 0.000    0.028   -125494    0 
116600:    1.00    7.880    0.077 0.000    0.027   -125553    0 
116700:    1.00    7.984    0.076 0.000    0.025   -125528    0 
116800:    1.00    7.531    0.082 0.000    0.026   -125512    0 
116900:    1.00    7.553    0.102 0.000    0.031   -125444    0 

--------------------------------------------
Proportion of membership of each pre-defined
 population in each of the 2 clusters

Given    Inferred Clusters       Number of
 Pop       1      2             Individuals

  1:     0.496  0.504             358
  2:     0.505  0.495             1039
  3:     0.498  0.502             603
--------------------------------------------

  Rep#:   Lambda   Alpha      F1    F2     D1,2    Ln Like  Est Ln P(D)
117000:    1.00    7.633    0.102 0.000    0.033   -125442    0 
117100:    1.00    7.783    0.092 0.000    0.032   -125458    0 
117200:    1.00    7.569    0.103 0.000    0.034   -125459    0 
117300:    1.00    7.902    0.098 0.000    0.032   -125467    0 
117400:    1.00    7.869    0.083 0.000    0.032   -125492    0 
117500:    1.00    8.211    0.099 0.000    0.036   -125523    0 
117600:    1.00    8.435    0.078 0.000    0.037   -125472    0 
117700:    1.00    8.358    0.079 0.000    0.034   -125522    0 
117800:    1.00    8.480    0.090 0.000    0.036   -125536    0 
117900:    1.00    8.304    0.087 0.000    0.031   -125508    0 

--------------------------------------------
Proportion of membership of each pre-defined
 population in each of the 2 clusters

Given    Inferred Clusters       Number of
 Pop       1      2             Individuals

  1:     0.497  0.503             358
  2:     0.503  0.497             1039
  3:     0.504  0.496             603
--------------------------------------------

  Rep#:   Lambda   Alpha      F1    F2     D1,2    Ln Like  Est Ln P(D)
118000:    1.00    8.557    0.075 0.000    0.030   -125531    0 
118100:    1.00    8.437    0.065 0.000    0.031   -125520    0 
118200:    1.00    8.101    0.062 0.000    0.029   -125489    0 
118300:    1.00    8.295    0.075 0.000    0.033   -125521    0 
118400:    1.00    7.993    0.076 0.000    0.032   -125497    0 
118500:    1.00    7.553    0.075 0.000    0.029   -125475    0 
118600:    1.00    8.019    0.067 0.000    0.025   -125544    0 
118700:    1.00    8.367    0.068 0.000    0.022   -125524    0 
118800:    1.00    8.498    0.077 0.000    0.023   -125594    0 
118900:    1.00    8.505    0.057 0.000    0.020   -125608    0 

--------------------------------------------
Proportion of membership of each pre-defined
 population in each of the 2 clusters

Given    Inferred Clusters       Number of
 Pop       1      2             Individuals

  1:     0.510  0.490             358
  2:     0.500  0.500             1039
  3:     0.504  0.496             603
--------------------------------------------

  Rep#:   Lambda   Alpha      F1    F2     D1,2    Ln Like  Est Ln P(D)
119000:    1.00    8.404    0.051 0.000    0.020   -125562    0 
119100:    1.00    8.531    0.048 0.000    0.018   -125610    0 
119200:    1.00    8.988    0.046 0.000    0.016   -125608    0 
119300:    1.00    9.452    0.042 0.000    0.017   -125614    0 
119400:    1.00    9.281    0.040 0.000    0.018   -125633    0 
119500:    1.00    9.183    0.045 0.000    0.016   -125636    0 
119600:    1.00    8.988    0.050 0.000    0.018   -125619    0 
119700:    1.00    8.988    0.048 0.000    0.018   -125604    0 
119800:    1.00    8.838    0.051 0.000    0.018   -125632    0 
119900:    1.00    8.917    0.040 0.000    0.017   -125618    0 

--------------------------------------------
Proportion of membership of each pre-defined
 population in each of the 2 clusters

Given    Inferred Clusters       Number of
 Pop       1      2             Individuals

  1:     0.499  0.501             358
  2:     0.497  0.503             1039
  3:     0.493  0.507             603
--------------------------------------------

  Rep#:   Lambda   Alpha      F1    F2     D1,2    Ln Like  Est Ln P(D)
120000:    1.00    9.152    0.057 0.000    0.018   -125588    0 
120100:    1.00    9.330    0.053 0.000    0.019   -125630    0 
120200:    1.00    9.265    0.067 0.000    0.020   -125597    0 
120300:    1.00    9.187    0.069 0.000    0.020   -125599    0 
120400:    1.00    8.914    0.060 0.000    0.017   -125622    0 
120500:    1.00    9.099    0.051 0.000    0.016   -125637    0 
120600:    1.00    8.929    0.045 0.000    0.017   -125600    0 
120700:    1.00    8.776    0.059 0.000    0.023   -125580    0 
120800:    1.00    8.818    0.058 0.000    0.024   -125604    0 
120900:    1.00    8.661    0.071 0.000    0.024   -125559    0 

--------------------------------------------
Proportion of membership of each pre-defined
 population in each of the 2 clusters

Given    Inferred Clusters       Number of
 Pop       1      2             Individuals

  1:     0.496  0.504             358
  2:     0.506  0.494             1039
  3:     0.501  0.499             603
--------------------------------------------

  Rep#:   Lambda   Alpha      F1    F2     D1,2    Ln Like  Est Ln P(D)
121000:    1.00    8.600    0.074 0.000    0.024   -125540    0 
121100:    1.00    9.142    0.068 0.000    0.027   -125563    0 
121200:    1.00    9.335    0.068 0.000    0.023   -125565    0 
121300:    1.00    9.224    0.074 0.000    0.023   -125539    0 
121400:    1.00    9.089    0.060 0.000    0.019   -125619    0 
121500:    1.00    9.160    0.048 0.000    0.018   -125637    0 
121600:    1.00    8.785    0.042 0.000    0.021   -125589    0 
121700:    1.00    8.774    0.057 0.000    0.025   -125545    0 
121800:    1.00    8.803    0.072 0.000    0.031   -125557    0 
121900:    1.00    8.757    0.066 0.000    0.033   -125553    0 

--------------------------------------------
Proportion of membership of each pre-defined
 population in each of the 2 clusters

Given    Inferred Clusters       Number of
 Pop       1      2             Individuals

  1:     0.501  0.499             358
  2:     0.495  0.505             1039
  3:     0.495  0.505             603
--------------------------------------------

  Rep#:   Lambda   Alpha      F1    F2     D1,2    Ln Like  Est Ln P(D)
122000:    1.00    8.722    0.074 0.000    0.029   -125513    0 
122100:    1.00    8.779    0.078 0.000    0.027   -125519    0 
122200:    1.00    9.021    0.066 0.000    0.031   -125570    0 
122300:    1.00    9.462    0.074 0.000    0.030   -125529    0 
122400:    1.00    9.905    0.080 0.000    0.030   -125552    0 
122500:    1.00    9.739    0.104 0.000    0.026   -125534    0 
122600:    1.00    9.766    0.076 0.000    0.025   -125561    0 
122700:    1.00    9.998    0.069 0.000    0.030   -125542    0 
122800:    1.00    9.759    0.071 0.000    0.025   -125585    0 
122900:    1.00    9.840    0.068 0.000    0.025   -125580    0 

--------------------------------------------
Proportion of membership of each pre-defined
 population in each of the 2 clusters

Given    Inferred Clusters       Number of
 Pop       1      2             Individuals

  1:     0.492  0.508             358
  2:     0.500  0.500             1039
  3:     0.495  0.505             603
--------------------------------------------

  Rep#:   Lambda   Alpha      F1    F2     D1,2    Ln Like  Est Ln P(D)
123000:    1.00    9.880    0.067 0.000    0.027   -125566    0 
123100:    1.00    9.706    0.074 0.000    0.030   -125556    0 
123200:    1.00    9.943    0.080 0.000    0.032   -125553    0 
123300:    1.00    9.916    0.073 0.000    0.036   -125543    0 
123400:    1.00    9.986    0.064 0.000    0.028   -125587    0 
123500:    1.00    9.961    0.070 0.000    0.028   -125611    0 
123600:    1.00    9.892    0.069 0.000    0.024   -125569    0 
123700:    1.00    9.607    0.067 0.000    0.031   -125553    0 
123800:    1.00    9.836    0.092 0.000    0.034   -125570    0 
123900:    1.00    9.828    0.085 0.000    0.037   -125580    0 

--------------------------------------------
Proportion of membership of each pre-defined
 population in each of the 2 clusters

Given    Inferred Clusters       Number of
 Pop       1      2             Individuals

  1:     0.488  0.512             358
  2:     0.499  0.501             1039
  3:     0.505  0.495             603
--------------------------------------------

  Rep#:   Lambda   Alpha      F1    F2     D1,2    Ln Like  Est Ln P(D)
124000:    1.00    9.797    0.063 0.000    0.032   -125570    0 
124100:    1.00    9.648    0.076 0.000    0.026   -125593    0 
124200:    1.00    9.824    0.079 0.000    0.026   -125596    0 
124300:    1.00    9.923    0.068 0.000    0.026   -125595    0 
124400:    1.00    9.993    0.067 0.000    0.025   -125590    0 
124500:    1.00    9.973    0.061 0.000    0.028   -125567    0 
124600:    1.00    9.850    0.068 0.000    0.030   -125576    0 
124700:    1.00    9.793    0.072 0.000    0.035   -125590    0 
124800:    1.00    9.710    0.073 0.000    0.031   -125577    0 
124900:    1.00    9.720    0.066 0.000    0.028   -125596    0 

--------------------------------------------
Proportion of membership of each pre-defined
 population in each of the 2 clusters

Given    Inferred Clusters       Number of
 Pop       1      2             Individuals

  1:     0.508  0.492             358
  2:     0.500  0.500             1039
  3:     0.500  0.500             603
--------------------------------------------

  Rep#:   Lambda   Alpha      F1    F2     D1,2    Ln Like  Est Ln P(D)
125000:    1.00    9.854    0.067 0.000    0.029   -125537    0 
125100:    1.00    9.623    0.071 0.000    0.027   -125583    0 
125200:    1.00    9.549    0.079 0.000    0.026   -125561    0 
125300:    1.00    9.409    0.079 0.000    0.026   -125591    0 
125400:    1.00    9.158    0.060 0.000    0.023   -125573    0 
125500:    1.00    9.468    0.054 0.000    0.021   -125582    0 
125600:    1.00    9.268    0.064 0.000    0.019   -125613    0 
125700:    1.00    9.368    0.057 0.000    0.020   -125608    0 
125800:    1.00    9.476    0.052 0.000    0.018   -125616    0 
125900:    1.00    9.176    0.058 0.000    0.019   -125630    0 

--------------------------------------------
Proportion of membership of each pre-defined
 population in each of the 2 clusters

Given    Inferred Clusters       Number of
 Pop       1      2             Individuals

  1:     0.509  0.491             358
  2:     0.499  0.501             1039
  3:     0.497  0.503             603
--------------------------------------------

  Rep#:   Lambda   Alpha      F1    F2     D1,2    Ln Like  Est Ln P(D)
126000:    1.00    8.898    0.064 0.000    0.021   -125579    0 
126100:    1.00    9.230    0.060 0.000    0.017   -125627    0 
126200:    1.00    9.140    0.052 0.000    0.017   -125567    0 
126300:    1.00    8.919    0.049 0.000    0.016   -125567    0 
126400:    1.00    8.699    0.048 0.000    0.017   -125593    0 
126500:    1.00    8.973    0.065 0.000    0.023   -125602    0 
126600:    1.00    8.619    0.058 0.000    0.022   -125567    0 
126700:    1.00    8.858    0.057 0.000    0.020   -125591    0 
126800:    1.00    9.136    0.047 0.000    0.019   -125612    0 
126900:    1.00    9.264    0.059 0.000    0.017   -125630    0 

--------------------------------------------
Proportion of membership of each pre-defined
 population in each of the 2 clusters

Given    Inferred Clusters       Number of
 Pop       1      2             Individuals

  1:     0.504  0.496             358
  2:     0.500  0.500             1039
  3:     0.501  0.499             603
--------------------------------------------

  Rep#:   Lambda   Alpha      F1    F2     D1,2    Ln Like  Est Ln P(D)
127000:    1.00    9.877    0.062 0.000    0.023   -125621    0 
127100:    1.00    9.976    0.052 0.000    0.017   -125654    0 
127200:    1.00    9.855    0.047 0.000    0.018   -125603    0 
127300:    1.00    9.821    0.052 0.000    0.018   -125644    0 
127400:    1.00    9.960    0.061 0.000    0.021   -125628    0 
127500:    1.00    9.571    0.060 0.000    0.022   -125625    0 
127600:    1.00    9.668    0.053 0.000    0.023   -125627    0 
127700:    1.00    9.167    0.063 0.000    0.021   -125614    0 
127800:    1.00    8.927    0.062 0.000    0.021   -125598    0 
127900:    1.00    8.907    0.059 0.000    0.024   -125600    0 

--------------------------------------------
Proportion of membership of each pre-defined
 population in each of the 2 clusters

Given    Inferred Clusters       Number of
 Pop       1      2             Individuals

  1:     0.505  0.495             358
  2:     0.500  0.500             1039
  3:     0.502  0.498             603
--------------------------------------------

  Rep#:   Lambda   Alpha      F1    F2     D1,2    Ln Like  Est Ln P(D)
128000:    1.00    8.582    0.059 0.000    0.023   -125575    0 
128100:    1.00    8.710    0.049 0.000    0.023   -125566    0 
128200:    1.00    8.580    0.062 0.000    0.024   -125576    0 
128300:    1.00    8.660    0.059 0.000    0.024   -125569    0 
128400:    1.00    8.554    0.064 0.000    0.025   -125569    0 
128500:    1.00    8.736    0.058 0.000    0.029   -125555    0 
128600:    1.00    8.502    0.079 0.000    0.029   -125525    0 
128700:    1.00    8.294    0.055 0.000    0.027   -125583    0 
128800:    1.00    8.166    0.054 0.000    0.020   -125578    0 
128900:    1.00    8.012    0.059 0.000    0.023   -125597    0 

--------------------------------------------
Proportion of membership of each pre-defined
 population in each of the 2 clusters

Given    Inferred Clusters       Number of
 Pop       1      2             Individuals

  1:     0.504  0.496             358
  2:     0.501  0.499             1039
  3:     0.504  0.496             603
--------------------------------------------

  Rep#:   Lambda   Alpha      F1    F2     D1,2    Ln Like  Est Ln P(D)
129000:    1.00    8.157    0.056 0.000    0.022   -125534    0 
129100:    1.00    8.214    0.067 0.000    0.021   -125537    0 
129200:    1.00    8.213    0.090 0.000    0.027   -125507    0 
129300:    1.00    8.123    0.083 0.000    0.020   -125547    0 
129400:    1.00    7.997    0.062 0.000    0.019   -125552    0 
129500:    1.00    8.230    0.056 0.000    0.019   -125537    0 
129600:    1.00    8.182    0.047 0.000    0.019   -125558    0 
129700:    1.00    7.778    0.056 0.000    0.018   -125563    0 
129800:    1.00    7.552    0.048 0.000    0.019   -125545    0 
129900:    1.00    7.735    0.049 0.000    0.019   -125543    0 

--------------------------------------------
Proportion of membership of each pre-defined
 population in each of the 2 clusters

Given    Inferred Clusters       Number of
 Pop       1      2             Individuals

  1:     0.508  0.492             358
  2:     0.499  0.501             1039
  3:     0.496  0.504             603
--------------------------------------------

  Rep#:   Lambda   Alpha      F1    F2     D1,2    Ln Like  Est Ln P(D)
130000:    1.00    7.924    0.063 0.000    0.018   -125587    0 
130100:    1.00    8.186    0.052 0.000    0.025   -125603    0 
130200:    1.00    8.199    0.075 0.000    0.023   -125570    0 
130300:    1.00    8.094    0.062 0.000    0.024   -125571    0 
130400:    1.00    8.257    0.064 0.000    0.022   -125513    0 
130500:    1.00    8.300    0.070 0.000    0.023   -125603    0 
130600:    1.00    8.085    0.095 0.000    0.021   -125603    0 
130700:    1.00    7.765    0.073 0.000    0.021   -125566    0 
130800:    1.00    7.431    0.061 0.000    0.019   -125598    0 
130900:    1.00    7.491    0.065 0.000    0.024   -125544    0 

--------------------------------------------
Proportion of membership of each pre-defined
 population in each of the 2 clusters

Given    Inferred Clusters       Number of
 Pop       1      2             Individuals

  1:     0.510  0.490             358
  2:     0.502  0.498             1039
  3:     0.500  0.500             603
--------------------------------------------

  Rep#:   Lambda   Alpha      F1    F2     D1,2    Ln Like  Est Ln P(D)
131000:    1.00    7.894    0.063 0.000    0.025   -125539    0 
131100:    1.00    7.871    0.051 0.000    0.019   -125577    0 
131200:    1.00    7.485    0.044 0.000    0.017   -125629    0 
131300:    1.00    7.942    0.049 0.000    0.017   -125606    0 
131400:    1.00    7.553    0.042 0.000    0.016   -125604    0 
131500:    1.00    7.476    0.043 0.000    0.015   -125633    0 
131600:    1.00    7.295    0.039 0.000    0.013   -125633    0 
131700:    1.00    7.247    0.046 0.000    0.013   -125625    0 
131800:    1.00    7.186    0.052 0.000    0.013   -125623    0 
131900:    1.00    7.206    0.062 0.000    0.015   -125572    0 

--------------------------------------------
Proportion of membership of each pre-defined
 population in each of the 2 clusters

Given    Inferred Clusters       Number of
 Pop       1      2             Individuals

  1:     0.513  0.487             358
  2:     0.496  0.504             1039
  3:     0.490  0.510             603
--------------------------------------------

  Rep#:   Lambda   Alpha      F1    F2     D1,2    Ln Like  Est Ln P(D)
132000:    1.00    7.073    0.038 0.000    0.014   -125596    0 
132100:    1.00    6.979    0.049 0.000    0.015   -125562    0 
132200:    1.00    6.785    0.047 0.000    0.016   -125552    0 
132300:    1.00    6.994    0.066 0.000    0.020   -125536    0 
132400:    1.00    6.967    0.059 0.000    0.020   -125534    0 
132500:    1.00    6.742    0.064 0.000    0.024   -125513    0 
132600:    1.00    6.880    0.054 0.000    0.024   -125564    0 
132700:    1.00    6.652    0.062 0.000    0.021   -125553    0 
132800:    1.00    6.396    0.064 0.000    0.029   -125459    0 
132900:    1.00    6.469    0.063 0.000    0.021   -125535    0 

--------------------------------------------
Proportion of membership of each pre-defined
 population in each of the 2 clusters

Given    Inferred Clusters       Number of
 Pop       1      2             Individuals

  1:     0.505  0.495             358
  2:     0.505  0.495             1039
  3:     0.503  0.497             603
--------------------------------------------

  Rep#:   Lambda   Alpha      F1    F2     D1,2    Ln Like  Est Ln P(D)
133000:    1.00    5.984    0.070 0.000    0.019   -125535    0 
133100:    1.00    6.478    0.067 0.000    0.022   -125561    0 
133200:    1.00    6.577    0.047 0.000    0.018   -125576    0 
133300:    1.00    7.013    0.056 0.000    0.018   -125560    0 
133400:    1.00    7.252    0.047 0.000    0.016   -125577    0 
133500:    1.00    7.128    0.042 0.000    0.016   -125607    0 
133600:    1.00    6.833    0.042 0.000    0.016   -125556    0 
133700:    1.00    7.081    0.046 0.000    0.016   -125574    0 
133800:    1.00    6.689    0.053 0.000    0.019   -125571    0 
133900:    1.00    6.929    0.044 0.000    0.021   -125559    0 

--------------------------------------------
Proportion of membership of each pre-defined
 population in each of the 2 clusters

Given    Inferred Clusters       Number of
 Pop       1      2             Individuals

  1:     0.507  0.493             358
  2:     0.502  0.498             1039
  3:     0.497  0.503             603
--------------------------------------------

  Rep#:   Lambda   Alpha      F1    F2     D1,2    Ln Like  Est Ln P(D)
134000:    1.00    6.861    0.050 0.000    0.023   -125513    0 
134100:    1.00    6.845    0.062 0.000    0.027   -125506    0 
134200:    1.00    6.880    0.067 0.000    0.026   -125534    0 
134300:    1.00    6.761    0.077 0.000    0.022   -125496    0 
134400:    1.00    7.285    0.071 0.000    0.027   -125440    0 
134500:    1.00    7.336    0.057 0.000    0.025   -125519    0 
134600:    1.00    7.597    0.067 0.000    0.025   -125578    0 
134700:    1.00    7.290    0.067 0.000    0.030   -125505    0 
134800:    1.00    7.159    0.072 0.000    0.030   -125496    0 
134900:    1.00    6.840    0.070 0.000    0.026   -125556    0 

--------------------------------------------
Proportion of membership of each pre-defined
 population in each of the 2 clusters

Given    Inferred Clusters       Number of
 Pop       1      2             Individuals

  1:     0.502  0.498             358
  2:     0.505  0.495             1039
  3:     0.498  0.502             603
--------------------------------------------

  Rep#:   Lambda   Alpha      F1    F2     D1,2    Ln Like  Est Ln P(D)
135000:    1.00    6.804    0.049 0.000    0.019   -125551    0 
135100:    1.00    6.931    0.058 0.000    0.021   -125522    0 
135200:    1.00    6.897    0.087 0.000    0.025   -125486    0 
135300:    1.00    6.827    0.068 0.000    0.027   -125538    0 
135400:    1.00    6.420    0.064 0.000    0.027   -125480    0 
135500:    1.00    6.593    0.070 0.000    0.027   -125467    0 
135600:    1.00    6.701    0.074 0.000    0.028   -125489    0 
135700:    1.00    6.917    0.075 0.000    0.032   -125439    0 
135800:    1.00    6.970    0.062 0.000    0.025   -125529    0 
135900:    1.00    6.878    0.079 0.000    0.031   -125460    0 

--------------------------------------------
Proportion of membership of each pre-defined
 population in each of the 2 clusters

Given    Inferred Clusters       Number of
 Pop       1      2             Individuals

  1:     0.504  0.496             358
  2:     0.499  0.501             1039
  3:     0.497  0.503             603
--------------------------------------------

  Rep#:   Lambda   Alpha      F1    F2     D1,2    Ln Like  Est Ln P(D)
136000:    1.00    7.369    0.091 0.000    0.040   -125451    0 
136100:    1.00    7.292    0.089 0.000    0.039   -125460    0 
136200:    1.00    7.643    0.109 0.000    0.040   -125466    0 
136300:    1.00    7.965    0.098 0.000    0.036   -125483    0 
136400:    1.00    7.940    0.076 0.000    0.043   -125478    0 
136500:    1.00    7.831    0.101 0.000    0.038   -125456    0 
136600:    1.00    7.720    0.085 0.000    0.035   -125495    0 
136700:    1.00    7.346    0.099 0.000    0.036   -125503    0 
136800:    1.00    7.515    0.086 0.000    0.032   -125488    0 
136900:    1.00    6.932    0.071 0.000    0.030   -125510    0 

--------------------------------------------
Proportion of membership of each pre-defined
 population in each of the 2 clusters

Given    Inferred Clusters       Number of
 Pop       1      2             Individuals

  1:     0.509  0.491             358
  2:     0.505  0.495             1039
  3:     0.502  0.498             603
--------------------------------------------

  Rep#:   Lambda   Alpha      F1    F2     D1,2    Ln Like  Est Ln P(D)
137000:    1.00    6.665    0.056 0.000    0.021   -125550    0 
137100:    1.00    6.661    0.074 0.000    0.020   -125580    0 
137200:    1.00    6.893    0.067 0.000    0.024   -125551    0 
137300:    1.00    6.544    0.057 0.000    0.020   -125547    0 
137400:    1.00    6.791    0.056 0.000    0.021   -125563    0 
137500:    1.00    6.814    0.050 0.000    0.019   -125587    0 
137600:    1.00    6.597    0.063 0.000    0.022   -125582    0 
137700:    1.00    6.562    0.065 0.000    0.024   -125512    0 
137800:    1.00    6.926    0.062 0.000    0.021   -125525    0 
137900:    1.00    6.952    0.045 0.000    0.019   -125569    0 

--------------------------------------------
Proportion of membership of each pre-defined
 population in each of the 2 clusters

Given    Inferred Clusters       Number of
 Pop       1      2             Individuals

  1:     0.501  0.499             358
  2:     0.504  0.496             1039
  3:     0.490  0.510             603
--------------------------------------------

  Rep#:   Lambda   Alpha      F1    F2     D1,2    Ln Like  Est Ln P(D)
138000:    1.00    7.145    0.056 0.000    0.023   -125515    0 
138100:    1.00    7.137    0.070 0.000    0.027   -125503    0 
138200:    1.00    7.147    0.059 0.000    0.023   -125533    0 
138300:    1.00    7.412    0.059 0.000    0.023   -125562    0 
138400:    1.00    7.628    0.046 0.000    0.023   -125549    0 
138500:    1.00    7.504    0.050 0.000    0.023   -125548    0 
138600:    1.00    7.496    0.043 0.000    0.021   -125567    0 
138700:    1.00    7.421    0.055 0.000    0.021   -125533    0 
138800:    1.00    7.079    0.078 0.000    0.025   -125545    0 
138900:    1.00    7.142    0.070 0.000    0.021   -125546    0 

--------------------------------------------
Proportion of membership of each pre-defined
 population in each of the 2 clusters

Given    Inferred Clusters       Number of
 Pop       1      2             Individuals

  1:     0.484  0.516             358
  2:     0.504  0.496             1039
  3:     0.501  0.499             603
--------------------------------------------

  Rep#:   Lambda   Alpha      F1    F2     D1,2    Ln Like  Est Ln P(D)
139000:    1.00    6.857    0.074 0.000    0.021   -125533    0 
139100:    1.00    7.340    0.067 0.000    0.024   -125574    0 
139200:    1.00    7.167    0.070 0.000    0.023   -125572    0 
139300:    1.00    6.778    0.053 0.000    0.022   -125565    0 
139400:    1.00    6.587    0.044 0.000    0.021   -125559    0 
139500:    1.00    6.290    0.059 0.000    0.020   -125534    0 
139600:    1.00    6.059    0.066 0.000    0.020   -125496    0 
139700:    1.00    6.064    0.053 0.000    0.020   -125557    0 
139800:    1.00    6.043    0.056 0.000    0.017   -125567    0 
139900:    1.00    5.849    0.046 0.000    0.014   -125612    0 

--------------------------------------------
Proportion of membership of each pre-defined
 population in each of the 2 clusters

Given    Inferred Clusters       Number of
 Pop       1      2             Individuals

  1:     0.503  0.497             358
  2:     0.507  0.493             1039
  3:     0.502  0.498             603
--------------------------------------------

  Rep#:   Lambda   Alpha      F1    F2     D1,2    Ln Like  Est Ln P(D)
140000:    1.00    6.187    0.053 0.000    0.015   -125572    0 
140100:    1.00    6.184    0.039 0.000    0.013   -125565    0 
140200:    1.00    6.605    0.040 0.000    0.013   -125619    0 
140300:    1.00    6.993    0.048 0.000    0.017   -125600    0 
140400:    1.00    7.298    0.058 0.000    0.021   -125566    0 
140500:    1.00    7.194    0.057 0.000    0.018   -125562    0 
140600:    1.00    7.220    0.058 0.000    0.016   -125583    0 
140700:    1.00    6.853    0.058 0.000    0.021   -125578    0 
140800:    1.00    6.576    0.047 0.000    0.020   -125568    0 
140900:    1.00    6.567    0.047 0.000    0.022   -125531    0 

--------------------------------------------
Proportion of membership of each pre-defined
 population in each of the 2 clusters

Given    Inferred Clusters       Number of
 Pop       1      2             Individuals

  1:     0.501  0.499             358
  2:     0.492  0.508             1039
  3:     0.491  0.509             603
--------------------------------------------

  Rep#:   Lambda   Alpha      F1    F2     D1,2    Ln Like  Est Ln P(D)
141000:    1.00    6.624    0.071 0.000    0.024   -125542    0 
141100:    1.00    7.026    0.047 0.000    0.016   -125608    0 
141200:    1.00    6.905    0.058 0.000    0.020   -125547    0 
141300:    1.00    7.104    0.058 0.000    0.024   -125519    0 
141400:    1.00    6.646    0.071 0.000    0.024   -125469    0 
141500:    1.00    6.878    0.067 0.000    0.026   -125532    0 
141600:    1.00    6.751    0.059 0.000    0.020   -125569    0 
141700:    1.00    6.728    0.053 0.000    0.025   -125550    0 
141800:    1.00    6.765    0.038 0.000    0.020   -125581    0 
141900:    1.00    6.935    0.052 0.000    0.018   -125599    0 

--------------------------------------------
Proportion of membership of each pre-defined
 population in each of the 2 clusters

Given    Inferred Clusters       Number of
 Pop       1      2             Individuals

  1:     0.497  0.503             358
  2:     0.502  0.498             1039
  3:     0.494  0.506             603
--------------------------------------------

  Rep#:   Lambda   Alpha      F1    F2     D1,2    Ln Like  Est Ln P(D)
142000:    1.00    7.084    0.048 0.000    0.019   -125638    0 
142100:    1.00    7.107    0.054 0.000    0.022   -125521    0 
142200:    1.00    7.108    0.047 0.000    0.018   -125587    0 
142300:    1.00    7.170    0.044 0.000    0.013   -125605    0 
142400:    1.00    7.160    0.041 0.000    0.018   -125604    0 
142500:    1.00    7.142    0.060 0.000    0.020   -125601    0 
142600:    1.00    7.303    0.048 0.000    0.020   -125574    0 
142700:    1.00    7.013    0.052 0.000    0.018   -125567    0 
142800:    1.00    7.410    0.048 0.000    0.016   -125604    0 
142900:    1.00    7.484    0.052 0.000    0.020   -125628    0 

--------------------------------------------
Proportion of membership of each pre-defined
 population in each of the 2 clusters

Given    Inferred Clusters       Number of
 Pop       1      2             Individuals

  1:     0.498  0.502             358
  2:     0.502  0.498             1039
  3:     0.508  0.492             603
--------------------------------------------

  Rep#:   Lambda   Alpha      F1    F2     D1,2    Ln Like  Est Ln P(D)
143000:    1.00    7.344    0.042 0.000    0.019   -125622    0 
143100:    1.00    7.363    0.051 0.000    0.022   -125570    0 
143200:    1.00    7.538    0.050 0.000    0.021   -125551    0 
143300:    1.00    7.595    0.051 0.000    0.021   -125571    0 
143400:    1.00    7.389    0.056 0.000    0.021   -125579    0 
143500:    1.00    7.478    0.039 0.000    0.022   -125577    0 
143600:    1.00    7.281    0.050 0.000    0.022   -125574    0 
143700:    1.00    7.373    0.061 0.000    0.019   -125580    0 
143800:    1.00    7.044    0.065 0.000    0.024   -125489    0 
143900:    1.00    7.019    0.045 0.000    0.023   -125522    0 

--------------------------------------------
Proportion of membership of each pre-defined
 population in each of the 2 clusters

Given    Inferred Clusters       Number of
 Pop       1      2             Individuals

  1:     0.496  0.504             358
  2:     0.501  0.499             1039
  3:     0.496  0.504             603
--------------------------------------------

  Rep#:   Lambda   Alpha      F1    F2     D1,2    Ln Like  Est Ln P(D)
144000:    1.00    7.312    0.047 0.000    0.022   -125576    0 
144100:    1.00    7.039    0.048 0.000    0.023   -125580    0 
144200:    1.00    6.656    0.047 0.000    0.020   -125590    0 
144300:    1.00    6.523    0.051 0.000    0.020   -125566    0 
144400:    1.00    6.822    0.056 0.000    0.023   -125550    0 
144500:    1.00    6.754    0.068 0.000    0.024   -125573    0 
144600:    1.00    6.713    0.053 0.000    0.021   -125589    0 
144700:    1.00    7.143    0.056 0.000    0.018   -125554    0 
144800:    1.00    7.294    0.070 0.000    0.023   -125540    0 
144900:    1.00    7.924    0.060 0.000    0.024   -125585    0 

--------------------------------------------
Proportion of membership of each pre-defined
 population in each of the 2 clusters

Given    Inferred Clusters       Number of
 Pop       1      2             Individuals

  1:     0.503  0.497             358
  2:     0.501  0.499             1039
  3:     0.497  0.503             603
--------------------------------------------

  Rep#:   Lambda   Alpha      F1    F2     D1,2    Ln Like  Est Ln P(D)
145000:    1.00    8.298    0.076 0.000    0.026   -125560    0 
145100:    1.00    8.373    0.049 0.000    0.021   -125599    0 
145200:    1.00    8.150    0.062 0.000    0.021   -125535    0 
145300:    1.00    7.997    0.044 0.000    0.017   -125609    0 
145400:    1.00    8.077    0.053 0.000    0.019   -125627    0 
145500:    1.00    7.753    0.046 0.000    0.016   -125609    0 
145600:    1.00    8.214    0.046 0.000    0.022   -125658    0 
145700:    1.00    8.277    0.039 0.000    0.015   -125661    0 
145800:    1.00    8.110    0.041 0.000    0.014   -125624    0 
145900:    1.00    8.124    0.036 0.000    0.013   -125663    0 

--------------------------------------------
Proportion of membership of each pre-defined
 population in each of the 2 clusters

Given    Inferred Clusters       Number of
 Pop       1      2             Individuals

  1:     0.498  0.502             358
  2:     0.507  0.493             1039
  3:     0.492  0.508             603
--------------------------------------------

  Rep#:   Lambda   Alpha      F1    F2     D1,2    Ln Like  Est Ln P(D)
146000:    1.00    8.293    0.039 0.000    0.017   -125646    0 
146100:    1.00    7.932    0.049 0.000    0.020   -125555    0 
146200:    1.00    8.184    0.046 0.000    0.019   -125614    0 
146300:    1.00    8.246    0.052 0.000    0.020   -125608    0 
146400:    1.00    8.628    0.059 0.000    0.022   -125566    0 
146500:    1.00    8.335    0.058 0.000    0.018   -125575    0 
146600:    1.00    8.738    0.055 0.000    0.017   -125587    0 
146700:    1.00    8.813    0.070 0.000    0.021   -125590    0 
146800:    1.00    8.751    0.052 0.000    0.023   -125560    0 
146900:    1.00    8.475    0.074 0.000    0.025   -125529    0 

--------------------------------------------
Proportion of membership of each pre-defined
 population in each of the 2 clusters

Given    Inferred Clusters       Number of
 Pop       1      2             Individuals

  1:     0.490  0.510             358
  2:     0.499  0.501             1039
  3:     0.491  0.509             603
--------------------------------------------

  Rep#:   Lambda   Alpha      F1    F2     D1,2    Ln Like  Est Ln P(D)
147000:    1.00    8.822    0.075 0.000    0.028   -125573    0 
147100:    1.00    9.124    0.093 0.000    0.030   -125569    0 
147200:    1.00    9.396    0.088 0.000    0.027   -125537    0 
147300:    1.00    9.371    0.073 0.000    0.023   -125560    0 
147400:    1.00    9.163    0.087 0.000    0.032   -125512    0 
147500:    1.00    8.976    0.078 0.000    0.028   -125585    0 
147600:    1.00    9.038    0.087 0.000    0.038   -125569    0 
147700:    1.00    8.993    0.079 0.000    0.026   -125595    0 
147800:    1.00    8.813    0.086 0.000    0.028   -125543    0 
147900:    1.00    9.031    0.088 0.000    0.028   -125546    0 

--------------------------------------------
Proportion of membership of each pre-defined
 population in each of the 2 clusters

Given    Inferred Clusters       Number of
 Pop       1      2             Individuals

  1:     0.488  0.512             358
  2:     0.504  0.496             1039
  3:     0.504  0.496             603
--------------------------------------------

  Rep#:   Lambda   Alpha      F1    F2     D1,2    Ln Like  Est Ln P(D)
148000:    1.00    9.019    0.070 0.000    0.032   -125618    0 
148100:    1.00    8.911    0.076 0.000    0.027   -125522    0 
148200:    1.00    8.615    0.079 0.000    0.030   -125539    0 
148300:    1.00    8.857    0.063 0.000    0.030   -125515    0 
148400:    1.00    8.963    0.075 0.000    0.028   -125562    0 
148500:    1.00    9.022    0.082 0.000    0.026   -125518    0 
148600:    1.00    8.984    0.069 0.000    0.026   -125528    0 
148700:    1.00    8.858    0.057 0.000    0.030   -125557    0 
148800:    1.00    8.815    0.084 0.000    0.034   -125528    0 
148900:    1.00    9.002    0.080 0.000    0.031   -125544    0 

--------------------------------------------
Proportion of membership of each pre-defined
 population in each of the 2 clusters

Given    Inferred Clusters       Number of
 Pop       1      2             Individuals

  1:     0.506  0.494             358
  2:     0.501  0.499             1039
  3:     0.504  0.496             603
--------------------------------------------

  Rep#:   Lambda   Alpha      F1    F2     D1,2    Ln Like  Est Ln P(D)
149000:    1.00    9.287    0.081 0.000    0.023   -125571    0 
149100:    1.00    9.642    0.080 0.000    0.025   -125585    0 
149200:    1.00    9.659    0.077 0.000    0.026   -125560    0 
149300:    1.00    9.744    0.081 0.000    0.026   -125543    0 
149400:    1.00    9.662    0.073 0.000    0.025   -125531    0 
149500:    1.00    9.644    0.082 0.000    0.028   -125560    0 
149600:    1.00    9.823    0.098 0.000    0.032   -125542    0 
149700:    1.00    9.696    0.084 0.000    0.032   -125541    0 
149800:    1.00    9.488    0.086 0.000    0.034   -125507    0 
149900:    1.00    9.210    0.090 0.000    0.032   -125539    0 

--------------------------------------------
Proportion of membership of each pre-defined
 population in each of the 2 clusters

Given    Inferred Clusters       Number of
 Pop       1      2             Individuals

  1:     0.505  0.495             358
  2:     0.500  0.500             1039
  3:     0.496  0.504             603
--------------------------------------------

  Rep#:   Lambda   Alpha      F1    F2     D1,2    Ln Like  Est Ln P(D)
150000:    1.00    9.229    0.086 0.000    0.034   -125515    0 
150100:    1.00    9.396    0.080 0.000    0.028   -125572    0 
150200:    1.00    8.891    0.085 0.000    0.031   -125582    0 
150300:    1.00    9.061    0.098 0.000    0.031   -125521    0 
150400:    1.00    8.884    0.077 0.000    0.030   -125575    0 
150500:    1.00    9.405    0.074 0.000    0.032   -125610    0 
150600:    1.00    9.600    0.062 0.000    0.025   -125625    0 
150700:    1.00    9.832    0.062 0.000    0.024   -125621    0 
150800:    1.00    9.786    0.057 0.000    0.023   -125600    0 
150900:    1.00    9.665    0.072 0.000    0.022   -125576    0 

--------------------------------------------
Proportion of membership of each pre-defined
 population in each of the 2 clusters

Given    Inferred Clusters       Number of
 Pop       1      2             Individuals

  1:     0.505  0.495             358
  2:     0.502  0.498             1039
  3:     0.497  0.503             603
--------------------------------------------

  Rep#:   Lambda   Alpha      F1    F2     D1,2    Ln Like  Est Ln P(D)
151000:    1.00    9.463    0.084 0.000    0.025   -125621    0 
151100:    1.00    9.576    0.066 0.000    0.025   -125574    0 
151200:    1.00    9.660    0.059 0.000    0.024   -125592    0 
151300:    1.00    9.676    0.058 0.000    0.024   -125574    0 
151400:    1.00    9.379    0.054 0.000    0.023   -125624    0 
151500:    1.00    9.533    0.068 0.000    0.029   -125583    0 
151600:    1.00    9.500    0.081 0.000    0.029   -125564    0 
151700:    1.00    9.742    0.073 0.000    0.027   -125554    0 
151800:    1.00    9.873    0.093 0.000    0.026   -125563    0 
151900:    1.00    9.529    0.076 0.000    0.026   -125509    0 

--------------------------------------------
Proportion of membership of each pre-defined
 population in each of the 2 clusters

Given    Inferred Clusters       Number of
 Pop       1      2             Individuals

  1:     0.500  0.500             358
  2:     0.506  0.494             1039
  3:     0.496  0.504             603
--------------------------------------------

  Rep#:   Lambda   Alpha      F1    F2     D1,2    Ln Like  Est Ln P(D)
152000:    1.00    9.857    0.088 0.000    0.028   -125552    0 
152100:    1.00    9.925    0.087 0.000    0.031   -125515    0 
152200:    1.00    9.944    0.088 0.000    0.030   -125474    0 
152300:    1.00    9.997    0.106 0.000    0.036   -125452    0 
152400:    1.00    9.897    0.080 0.000    0.032   -125530    0 
152500:    1.00    9.851    0.069 0.000    0.033   -125539    0 
152600:    1.00    9.760    0.071 0.000    0.036   -125514    0 
152700:    1.00    9.752    0.080 0.000    0.036   -125504    0 
152800:    1.00    9.862    0.099 0.000    0.042   -125465    0 
152900:    1.00    9.649    0.088 0.000    0.042   -125489    0 

--------------------------------------------
Proportion of membership of each pre-defined
 population in each of the 2 clusters

Given    Inferred Clusters       Number of
 Pop       1      2             Individuals

  1:     0.503  0.497             358
  2:     0.499  0.501             1039
  3:     0.500  0.500             603
--------------------------------------------

  Rep#:   Lambda   Alpha      F1    F2     D1,2    Ln Like  Est Ln P(D)
153000:    1.00    9.590    0.121 0.000    0.041   -125485    0 
153100:    1.00    9.505    0.092 0.000    0.035   -125508    0 
153200:    1.00    9.790    0.089 0.000    0.037   -125462    0 
153300:    1.00    9.756    0.138 0.000    0.046   -125468    0 
153400:    1.00    9.690    0.117 0.000    0.046   -125442    0 
153500:    1.00    9.777    0.107 0.000    0.043   -125479    0 
153600:    1.00    9.648    0.083 0.000    0.035   -125514    0 
153700:    1.00    9.900    0.086 0.000    0.040   -125526    0 
153800:    1.00    9.686    0.086 0.000    0.033   -125525    0 
153900:    1.00    9.783    0.101 0.000    0.034   -125526    0 

--------------------------------------------
Proportion of membership of each pre-defined
 population in each of the 2 clusters

Given    Inferred Clusters       Number of
 Pop       1      2             Individuals

  1:     0.505  0.495             358
  2:     0.499  0.501             1039
  3:     0.502  0.498             603
--------------------------------------------

  Rep#:   Lambda   Alpha      F1    F2     D1,2    Ln Like  Est Ln P(D)
154000:    1.00    9.693    0.076 0.000    0.027   -125541    0 
154100:    1.00    9.744    0.076 0.000    0.026   -125545    0 
154200:    1.00    9.608    0.064 0.000    0.021   -125614    0 
154300:    1.00    9.496    0.052 0.000    0.023   -125591    0 
154400:    1.00    9.602    0.064 0.000    0.021   -125586    0 
154500:    1.00    9.422    0.087 0.000    0.021   -125564    0 
154600:    1.00    9.110    0.053 0.000    0.023   -125556    0 
154700:    1.00    9.187    0.061 0.000    0.018   -125592    0 
154800:    1.00    9.267    0.056 0.000    0.020   -125646    0 
154900:    1.00    8.935    0.068 0.000    0.017   -125595    0 

--------------------------------------------
Proportion of membership of each pre-defined
 population in each of the 2 clusters

Given    Inferred Clusters       Number of
 Pop       1      2             Individuals

  1:     0.503  0.497             358
  2:     0.503  0.497             1039
  3:     0.498  0.502             603
--------------------------------------------

  Rep#:   Lambda   Alpha      F1    F2     D1,2    Ln Like  Est Ln P(D)
155000:    1.00    9.048    0.058 0.000    0.020   -125589    0 
155100:    1.00    9.005    0.050 0.000    0.015   -125590    0 
155200:    1.00    9.020    0.050 0.000    0.020   -125568    0 
155300:    1.00    9.133    0.054 0.000    0.024   -125573    0 
155400:    1.00    9.332    0.076 0.000    0.025   -125622    0 
155500:    1.00    9.246    0.086 0.000    0.022   -125558    0 
155600:    1.00    8.929    0.072 0.000    0.027   -125559    0 
155700:    1.00    9.056    0.061 0.000    0.023   -125585    0 
155800:    1.00    8.895    0.086 0.000    0.026   -125593    0 
155900:    1.00    8.980    0.067 0.000    0.027   -125557    0 

--------------------------------------------
Proportion of membership of each pre-defined
 population in each of the 2 clusters

Given    Inferred Clusters       Number of
 Pop       1      2             Individuals

  1:     0.492  0.508             358
  2:     0.501  0.499             1039
  3:     0.489  0.511             603
--------------------------------------------

  Rep#:   Lambda   Alpha      F1    F2     D1,2    Ln Like  Est Ln P(D)
156000:    1.00    8.619    0.091 0.000    0.029   -125546    0 
156100:    1.00    8.945    0.077 0.000    0.031   -125578    0 
156200:    1.00    8.732    0.067 0.000    0.028   -125571    0 
156300:    1.00    8.914    0.088 0.000    0.026   -125573    0 
156400:    1.00    8.784    0.088 0.000    0.032   -125580    0 
156500:    1.00    8.988    0.090 0.000    0.032   -125524    0 
156600:    1.00    8.752    0.070 0.000    0.028   -125558    0 
156700:    1.00    8.708    0.080 0.000    0.032   -125543    0 
156800:    1.00    8.785    0.071 0.000    0.027   -125582    0 
156900:    1.00    8.930    0.058 0.000    0.029   -125572    0 

--------------------------------------------
Proportion of membership of each pre-defined
 population in each of the 2 clusters

Given    Inferred Clusters       Number of
 Pop       1      2             Individuals

  1:     0.507  0.493             358
  2:     0.496  0.504             1039
  3:     0.498  0.502             603
--------------------------------------------

  Rep#:   Lambda   Alpha      F1    F2     D1,2    Ln Like  Est Ln P(D)
157000:    1.00    8.931    0.056 0.000    0.021   -125584    0 
157100:    1.00    9.024    0.061 0.000    0.023   -125582    0 
157200:    1.00    9.022    0.074 0.000    0.024   -125607    0 
157300:    1.00    9.300    0.076 0.000    0.021   -125577    0 
157400:    1.00    9.387    0.054 0.000    0.021   -125596    0 
157500:    1.00    9.222    0.048 0.000    0.017   -125614    0 
157600:    1.00    9.157    0.041 0.000    0.020   -125634    0 
157700:    1.00    9.420    0.071 0.000    0.023   -125639    0 
157800:    1.00    9.622    0.049 0.000    0.021   -125628    0 
157900:    1.00    9.445    0.056 0.000    0.019   -125600    0 

--------------------------------------------
Proportion of membership of each pre-defined
 population in each of the 2 clusters

Given    Inferred Clusters       Number of
 Pop       1      2             Individuals

  1:     0.501  0.499             358
  2:     0.500  0.500             1039
  3:     0.501  0.499             603
--------------------------------------------

  Rep#:   Lambda   Alpha      F1    F2     D1,2    Ln Like  Est Ln P(D)
158000:    1.00    9.610    0.045 0.000    0.018   -125606    0 
158100:    1.00    9.814    0.059 0.000    0.018   -125616    0 
158200:    1.00    9.701    0.052 0.000    0.013   -125627    0 
158300:    1.00    9.797    0.035 0.000    0.016   -125645    0 
158400:    1.00    9.822    0.045 0.000    0.019   -125614    0 
158500:    1.00    9.406    0.048 0.000    0.020   -125612    0 
158600:    1.00    9.431    0.046 0.000    0.019   -125612    0 
158700:    1.00    9.557    0.060 0.000    0.026   -125615    0 
158800:    1.00    9.558    0.067 0.000    0.027   -125596    0 
158900:    1.00    9.940    0.071 0.000    0.028   -125572    0 

--------------------------------------------
Proportion of membership of each pre-defined
 population in each of the 2 clusters

Given    Inferred Clusters       Number of
 Pop       1      2             Individuals

  1:     0.494  0.506             358
  2:     0.497  0.503             1039
  3:     0.501  0.499             603
--------------------------------------------

  Rep#:   Lambda   Alpha      F1    F2     D1,2    Ln Like  Est Ln P(D)
159000:    1.00    9.817    0.077 0.000    0.032   -125575    0 
159100:    1.00    9.975    0.070 0.000    0.030   -125599    0 
159200:    1.00    9.764    0.071 0.000    0.031   -125575    0 
159300:    1.00    9.716    0.053 0.000    0.025   -125541    0 
159400:    1.00    9.823    0.066 0.000    0.025   -125618    0 
159500:    1.00    9.981    0.081 0.000    0.028   -125584    0 
159600:    1.00    9.902    0.068 0.000    0.028   -125593    0 
159700:    1.00    9.768    0.085 0.000    0.029   -125571    0 
159800:    1.00    9.789    0.074 0.000    0.027   -125562    0 
159900:    1.00    9.697    0.099 0.000    0.028   -125539    0 

--------------------------------------------
Proportion of membership of each pre-defined
 population in each of the 2 clusters

Given    Inferred Clusters       Number of
 Pop       1      2             Individuals

  1:     0.500  0.500             358
  2:     0.504  0.496             1039
  3:     0.495  0.505             603
--------------------------------------------

  Rep#:   Lambda   Alpha      F1    F2     D1,2    Ln Like  Est Ln P(D)
160000:    1.00    9.607    0.063 0.000    0.022   -125584    0 
160100:    1.00    9.474    0.070 0.000    0.026   -125544    0 
160200:    1.00    8.850    0.097 0.000    0.028   -125526    0 
160300:    1.00    9.173    0.084 0.000    0.029   -125558    0 
160400:    1.00    9.031    0.073 0.000    0.029   -125595    0 
160500:    1.00    9.519    0.063 0.000    0.023   -125552    0 
160600:    1.00    9.720    0.062 0.000    0.023   -125572    0 
160700:    1.00    9.769    0.080 0.000    0.031   -125520    0 
160800:    1.00    9.810    0.087 0.000    0.042   -125515    0 
160900:    1.00    9.935    0.094 0.000    0.039   -125523    0 

--------------------------------------------
Proportion of membership of each pre-defined
 population in each of the 2 clusters

Given    Inferred Clusters       Number of
 Pop       1      2             Individuals

  1:     0.493  0.507             358
  2:     0.502  0.498             1039
  3:     0.492  0.508             603
--------------------------------------------

  Rep#:   Lambda   Alpha      F1    F2     D1,2    Ln Like  Est Ln P(D)
161000:    1.00    9.520    0.086 0.000    0.033   -125578    0 
161100:    1.00    9.385    0.082 0.000    0.036   -125539    0 
161200:    1.00    9.294    0.091 0.000    0.037   -125536    0 
161300:    1.00    9.078    0.111 0.000    0.033   -125534    0 
161400:    1.00    9.011    0.081 0.000    0.034   -125516    0 
161500:    1.00    9.091    0.079 0.000    0.030   -125525    0 
161600:    1.00    8.845    0.110 0.000    0.035   -125450    0 
161700:    1.00    8.876    0.083 0.000    0.035   -125533    0 
161800:    1.00    8.913    0.069 0.000    0.036   -125570    0 
161900:    1.00    8.998    0.069 0.000    0.031   -125611    0 

--------------------------------------------
Proportion of membership of each pre-defined
 population in each of the 2 clusters

Given    Inferred Clusters       Number of
 Pop       1      2             Individuals

  1:     0.505  0.495             358
  2:     0.498  0.502             1039
  3:     0.494  0.506             603
--------------------------------------------

  Rep#:   Lambda   Alpha      F1    F2     D1,2    Ln Like  Est Ln P(D)
162000:    1.00    8.887    0.102 0.000    0.034   -125510    0 
162100:    1.00    9.140    0.092 0.000    0.036   -125528    0 
162200:    1.00    8.947    0.085 0.000    0.037   -125524    0 
162300:    1.00    9.104    0.119 0.000    0.042   -125532    0 
162400:    1.00    8.964    0.095 0.000    0.041   -125549    0 
162500:    1.00    8.819    0.084 0.000    0.045   -125490    0 
162600:    1.00    8.899    0.103 0.000    0.044   -125517    0 
162700:    1.00    8.840    0.085 0.000    0.040   -125529    0 
162800:    1.00    8.712    0.094 0.000    0.037   -125519    0 
162900:    1.00    8.977    0.127 0.000    0.039   -125512    0 

--------------------------------------------
Proportion of membership of each pre-defined
 population in each of the 2 clusters

Given    Inferred Clusters       Number of
 Pop       1      2             Individuals

  1:     0.507  0.493             358
  2:     0.501  0.499             1039
  3:     0.500  0.500             603
--------------------------------------------

  Rep#:   Lambda   Alpha      F1    F2     D1,2    Ln Like  Est Ln P(D)
163000:    1.00    8.991    0.084 0.000    0.035   -125531    0 
163100:    1.00    9.177    0.083 0.000    0.031   -125549    0 
163200:    1.00    9.299    0.063 0.000    0.023   -125575    0 
163300:    1.00    9.365    0.078 0.000    0.024   -125602    0 
163400:    1.00    9.065    0.076 0.000    0.030   -125520    0 
163500:    1.00    8.951    0.069 0.000    0.028   -125511    0 
163600:    1.00    8.860    0.061 0.000    0.027   -125561    0 
163700:    1.00    8.934    0.062 0.000    0.025   -125595    0 
163800:    1.00    8.688    0.060 0.000    0.025   -125621    0 
163900:    1.00    8.701    0.075 0.000    0.021   -125549    0 

--------------------------------------------
Proportion of membership of each pre-defined
 population in each of the 2 clusters

Given    Inferred Clusters       Number of
 Pop       1      2             Individuals

  1:     0.500  0.500             358
  2:     0.500  0.500             1039
  3:     0.499  0.501             603
--------------------------------------------

  Rep#:   Lambda   Alpha      F1    F2     D1,2    Ln Like  Est Ln P(D)
164000:    1.00    8.509    0.057 0.000    0.022   -125553    0 
164100:    1.00    8.582    0.060 0.000    0.023   -125548    0 
164200:    1.00    8.753    0.057 0.000    0.025   -125576    0 
164300:    1.00    8.973    0.078 0.000    0.027   -125499    0 
164400:    1.00    9.194    0.071 0.000    0.027   -125612    0 
164500:    1.00    9.028    0.074 0.000    0.026   -125548    0 
164600:    1.00    8.965    0.092 0.000    0.026   -125546    0 
164700:    1.00    8.645    0.101 0.000    0.033   -125548    0 
164800:    1.00    8.815    0.105 0.000    0.035   -125519    0 
164900:    1.00    8.744    0.095 0.000    0.037   -125519    0 

--------------------------------------------
Proportion of membership of each pre-defined
 population in each of the 2 clusters

Given    Inferred Clusters       Number of
 Pop       1      2             Individuals

  1:     0.510  0.490             358
  2:     0.505  0.495             1039
  3:     0.497  0.503             603
--------------------------------------------

  Rep#:   Lambda   Alpha      F1    F2     D1,2    Ln Like  Est Ln P(D)
165000:    1.00    8.758    0.079 0.000    0.033   -125518    0 
165100:    1.00    8.989    0.078 0.000    0.030   -125532    0 
165200:    1.00    9.106    0.068 0.000    0.031   -125538    0 
165300:    1.00    9.212    0.082 0.000    0.031   -125521    0 
165400:    1.00    9.454    0.090 0.000    0.033   -125540    0 
165500:    1.00    9.298    0.076 0.000    0.035   -125522    0 
165600:    1.00    9.525    0.098 0.000    0.040   -125544    0 
165700:    1.00    9.939    0.088 0.000    0.034   -125502    0 
165800:    1.00    9.443    0.088 0.000    0.029   -125560    0 
165900:    1.00    9.130    0.075 0.000    0.031   -125562    0 

--------------------------------------------
Proportion of membership of each pre-defined
 population in each of the 2 clusters

Given    Inferred Clusters       Number of
 Pop       1      2             Individuals

  1:     0.500  0.500             358
  2:     0.501  0.499             1039
  3:     0.512  0.488             603
--------------------------------------------

  Rep#:   Lambda   Alpha      F1    F2     D1,2    Ln Like  Est Ln P(D)
166000:    1.00    9.118    0.100 0.000    0.028   -125499    0 
166100:    1.00    9.230    0.095 0.000    0.026   -125551    0 
166200:    1.00    8.919    0.103 0.000    0.034   -125513    0 
166300:    1.00    8.849    0.075 0.000    0.026   -125528    0 
166400:    1.00    8.487    0.073 0.000    0.032   -125531    0 
166500:    1.00    8.504    0.061 0.000    0.030   -125506    0 
166600:    1.00    8.042    0.079 0.000    0.024   -125515    0 
166700:    1.00    8.028    0.060 0.000    0.026   -125522    0 
166800:    1.00    8.286    0.071 0.000    0.029   -125541    0 
166900:    1.00    8.107    0.058 0.000    0.027   -125558    0 

--------------------------------------------
Proportion of membership of each pre-defined
 population in each of the 2 clusters

Given    Inferred Clusters       Number of
 Pop       1      2             Individuals

  1:     0.492  0.508             358
  2:     0.506  0.494             1039
  3:     0.496  0.504             603
--------------------------------------------

  Rep#:   Lambda   Alpha      F1    F2     D1,2    Ln Like  Est Ln P(D)
167000:    1.00    8.091    0.080 0.000    0.028   -125563    0 
167100:    1.00    8.313    0.062 0.000    0.025   -125547    0 
167200:    1.00    8.080    0.068 0.000    0.028   -125543    0 
167300:    1.00    8.171    0.074 0.000    0.028   -125592    0 
167400:    1.00    7.648    0.054 0.000    0.017   -125571    0 
167500:    1.00    7.307    0.057 0.000    0.022   -125558    0 
167600:    1.00    7.709    0.046 0.000    0.021   -125568    0 
167700:    1.00    8.192    0.060 0.000    0.021   -125589    0 
167800:    1.00    8.316    0.055 0.000    0.025   -125560    0 
167900:    1.00    8.437    0.082 0.000    0.026   -125543    0 

--------------------------------------------
Proportion of membership of each pre-defined
 population in each of the 2 clusters

Given    Inferred Clusters       Number of
 Pop       1      2             Individuals

  1:     0.495  0.505             358
  2:     0.507  0.493             1039
  3:     0.497  0.503             603
--------------------------------------------

  Rep#:   Lambda   Alpha      F1    F2     D1,2    Ln Like  Est Ln P(D)
168000:    1.00    8.239    0.059 0.000    0.025   -125607    0 
168100:    1.00    8.243    0.079 0.000    0.024   -125577    0 
168200:    1.00    7.972    0.070 0.000    0.025   -125562    0 
168300:    1.00    8.448    0.081 0.000    0.026   -125606    0 
168400:    1.00    8.528    0.071 0.000    0.026   -125537    0 
168500:    1.00    8.629    0.059 0.000    0.028   -125564    0 
168600:    1.00    8.451    0.071 0.000    0.024   -125602    0 
168700:    1.00    8.796    0.069 0.000    0.022   -125603    0 
168800:    1.00    8.716    0.066 0.000    0.025   -125611    0 
168900:    1.00    8.959    0.083 0.000    0.028   -125556    0 

--------------------------------------------
Proportion of membership of each pre-defined
 population in each of the 2 clusters

Given    Inferred Clusters       Number of
 Pop       1      2             Individuals

  1:     0.505  0.495             358
  2:     0.498  0.502             1039
  3:     0.501  0.499             603
--------------------------------------------

  Rep#:   Lambda   Alpha      F1    F2     D1,2    Ln Like  Est Ln P(D)
169000:    1.00    9.387    0.063 0.000    0.023   -125630    0 
169100:    1.00    9.497    0.058 0.000    0.023   -125594    0 
169200:    1.00    9.484    0.064 0.000    0.025   -125625    0 
169300:    1.00    9.738    0.067 0.000    0.029   -125565    0 
169400:    1.00    9.607    0.071 0.000    0.032   -125576    0 
169500:    1.00    9.943    0.084 0.000    0.033   -125595    0 
169600:    1.00    9.933    0.071 0.000    0.034   -125561    0 
169700:    1.00    9.851    0.089 0.000    0.031   -125535    0 
169800:    1.00    9.775    0.048 0.000    0.025   -125582    0 
169900:    1.00    9.958    0.056 0.000    0.023   -125594    0 

--------------------------------------------
Proportion of membership of each pre-defined
 population in each of the 2 clusters

Given    Inferred Clusters       Number of
 Pop       1      2             Individuals

  1:     0.499  0.501             358
  2:     0.500  0.500             1039
  3:     0.503  0.497             603
--------------------------------------------

  Rep#:   Lambda   Alpha      F1    F2     D1,2    Ln Like  Est Ln P(D)
170000:    1.00    9.910    0.069 0.000    0.025   -125601    0 
170100:    1.00    9.671    0.066 0.000    0.026   -125596    0 
170200:    1.00    9.541    0.052 0.000    0.023   -125593    0 
170300:    1.00    9.395    0.082 0.000    0.028   -125578    0 
170400:    1.00    9.809    0.068 0.000    0.024   -125602    0 
170500:    1.00    9.574    0.074 0.000    0.028   -125562    0 
170600:    1.00    9.125    0.063 0.000    0.026   -125555    0 
170700:    1.00    9.051    0.052 0.000    0.026   -125591    0 
170800:    1.00    8.702    0.060 0.000    0.026   -125602    0 
170900:    1.00    8.685    0.057 0.000    0.023   -125630    0 

--------------------------------------------
Proportion of membership of each pre-defined
 population in each of the 2 clusters

Given    Inferred Clusters       Number of
 Pop       1      2             Individuals

  1:     0.496  0.504             358
  2:     0.500  0.500             1039
  3:     0.504  0.496             603
--------------------------------------------

  Rep#:   Lambda   Alpha      F1    F2     D1,2    Ln Like  Est Ln P(D)
171000:    1.00    8.219    0.069 0.000    0.023   -125562    0 
171100:    1.00    8.034    0.058 0.000    0.021   -125610    0 
171200:    1.00    8.045    0.052 0.000    0.018   -125621    0 
171300:    1.00    8.169    0.050 0.000    0.018   -125585    0 
171400:    1.00    8.230    0.048 0.000    0.015   -125582    0 
171500:    1.00    8.310    0.049 0.000    0.014   -125621    0 
171600:    1.00    8.211    0.035 0.000    0.010   -125599    0 
171700:    1.00    7.961    0.046 0.000    0.013   -125619    0 
171800:    1.00    7.813    0.033 0.000    0.011   -125632    0 
171900:    1.00    7.680    0.041 0.000    0.012   -125585    0 

--------------------------------------------
Proportion of membership of each pre-defined
 population in each of the 2 clusters

Given    Inferred Clusters       Number of
 Pop       1      2             Individuals

  1:     0.506  0.494             358
  2:     0.503  0.497             1039
  3:     0.488  0.512             603
--------------------------------------------

  Rep#:   Lambda   Alpha      F1    F2     D1,2    Ln Like  Est Ln P(D)
172000:    1.00    8.084    0.041 0.000    0.018   -125592    0 
172100:    1.00    8.021    0.046 0.000    0.016   -125627    0 
172200:    1.00    7.654    0.040 0.000    0.017   -125604    0 
172300:    1.00    7.426    0.041 0.000    0.018   -125565    0 
172400:    1.00    7.737    0.080 0.000    0.021   -125611    0 
172500:    1.00    7.897    0.057 0.000    0.018   -125569    0 
172600:    1.00    7.586    0.043 0.000    0.016   -125606    0 
172700:    1.00    7.524    0.038 0.000    0.016   -125595    0 
172800:    1.00    7.601    0.036 0.000    0.017   -125641    0 
172900:    1.00    7.629    0.043 0.000    0.018   -125578    0 

--------------------------------------------
Proportion of membership of each pre-defined
 population in each of the 2 clusters

Given    Inferred Clusters       Number of
 Pop       1      2             Individuals

  1:     0.512  0.488             358
  2:     0.506  0.494             1039
  3:     0.496  0.504             603
--------------------------------------------

  Rep#:   Lambda   Alpha      F1    F2     D1,2    Ln Like  Est Ln P(D)
173000:    1.00    7.458    0.050 0.000    0.019   -125608    0 
173100:    1.00    7.349    0.059 0.000    0.021   -125529    0 
173200:    1.00    7.715    0.061 0.000    0.020   -125594    0 
173300:    1.00    7.393    0.055 0.000    0.022   -125563    0 
173400:    1.00    7.241    0.058 0.000    0.020   -125584    0 
173500:    1.00    7.659    0.058 0.000    0.022   -125573    0 
173600:    1.00    7.695    0.064 0.000    0.030   -125570    0 
173700:    1.00    7.664    0.060 0.000    0.025   -125556    0 
173800:    1.00    7.762    0.056 0.000    0.025   -125543    0 
173900:    1.00    7.873    0.073 0.000    0.028   -125540    0 

--------------------------------------------
Proportion of membership of each pre-defined
 population in each of the 2 clusters

Given    Inferred Clusters       Number of
 Pop       1      2             Individuals

  1:     0.498  0.502             358
  2:     0.505  0.495             1039
  3:     0.495  0.505             603
--------------------------------------------

  Rep#:   Lambda   Alpha      F1    F2     D1,2    Ln Like  Est Ln P(D)
174000:    1.00    7.679    0.068 0.000    0.025   -125578    0 
174100:    1.00    7.719    0.067 0.000    0.026   -125516    0 
174200:    1.00    7.773    0.068 0.000    0.023   -125573    0 
174300:    1.00    7.526    0.058 0.000    0.021   -125562    0 
174400:    1.00    7.410    0.065 0.000    0.024   -125613    0 
174500:    1.00    7.584    0.061 0.000    0.020   -125559    0 
174600:    1.00    7.637    0.067 0.000    0.026   -125567    0 
174700:    1.00    7.737    0.059 0.000    0.027   -125521    0 
174800:    1.00    7.754    0.063 0.000    0.024   -125537    0 
174900:    1.00    8.109    0.057 0.000    0.023   -125547    0 

--------------------------------------------
Proportion of membership of each pre-defined
 population in each of the 2 clusters

Given    Inferred Clusters       Number of
 Pop       1      2             Individuals

  1:     0.493  0.507             358
  2:     0.504  0.496             1039
  3:     0.498  0.502             603
--------------------------------------------

  Rep#:   Lambda   Alpha      F1    F2     D1,2    Ln Like  Est Ln P(D)
175000:    1.00    8.287    0.054 0.000    0.026   -125530    0 
175100:    1.00    8.178    0.064 0.000    0.024   -125579    0 
175200:    1.00    7.818    0.080 0.000    0.029   -125512    0 
175300:    1.00    8.286    0.054 0.000    0.028   -125558    0 
175400:    1.00    8.120    0.045 0.000    0.020   -125580    0 
175500:    1.00    7.787    0.062 0.000    0.017   -125617    0 
175600:    1.00    8.147    0.047 0.000    0.017   -125627    0 
175700:    1.00    8.307    0.043 0.000    0.016   -125627    0 
175800:    1.00    8.150    0.045 0.000    0.017   -125604    0 
175900:    1.00    8.152    0.054 0.000    0.018   -125584    0 

--------------------------------------------
Proportion of membership of each pre-defined
 population in each of the 2 clusters

Given    Inferred Clusters       Number of
 Pop       1      2             Individuals

  1:     0.503  0.497             358
  2:     0.504  0.496             1039
  3:     0.498  0.502             603
--------------------------------------------

  Rep#:   Lambda   Alpha      F1    F2     D1,2    Ln Like  Est Ln P(D)
176000:    1.00    8.514    0.058 0.000    0.023   -125622    0 
176100:    1.00    8.430    0.050 0.000    0.020   -125582    0 
176200:    1.00    8.408    0.038 0.000    0.014   -125633    0 
176300:    1.00    8.329    0.044 0.000    0.017   -125624    0 
176400:    1.00    8.301    0.043 0.000    0.016   -125638    0 
176500:    1.00    8.212    0.046 0.000    0.018   -125628    0 
176600:    1.00    7.956    0.044 0.000    0.022   -125561    0 
176700:    1.00    7.834    0.050 0.000    0.026   -125567    0 
176800:    1.00    7.830    0.075 0.000    0.026   -125519    0 
176900:    1.00    7.714    0.051 0.000    0.021   -125534    0 

--------------------------------------------
Proportion of membership of each pre-defined
 population in each of the 2 clusters

Given    Inferred Clusters       Number of
 Pop       1      2             Individuals

  1:     0.505  0.495             358
  2:     0.506  0.494             1039
  3:     0.494  0.506             603
--------------------------------------------

  Rep#:   Lambda   Alpha      F1    F2     D1,2    Ln Like  Est Ln P(D)
177000:    1.00    7.916    0.071 0.000    0.025   -125547    0 
177100:    1.00    8.029    0.075 0.000    0.029   -125497    0 
177200:    1.00    8.068    0.098 0.000    0.028   -125588    0 
177300:    1.00    7.755    0.094 0.000    0.029   -125534    0 
177400:    1.00    7.779    0.083 0.000    0.026   -125605    0 
177500:    1.00    8.274    0.077 0.000    0.028   -125545    0 
177600:    1.00    8.093    0.091 0.000    0.031   -125522    0 
177700:    1.00    8.158    0.065 0.000    0.020   -125583    0 
177800:    1.00    8.172    0.049 0.000    0.016   -125669    0 
177900:    1.00    8.122    0.041 0.000    0.014   -125613    0 

--------------------------------------------
Proportion of membership of each pre-defined
 population in each of the 2 clusters

Given    Inferred Clusters       Number of
 Pop       1      2             Individuals

  1:     0.503  0.497             358
  2:     0.501  0.499             1039
  3:     0.500  0.500             603
--------------------------------------------

  Rep#:   Lambda   Alpha      F1    F2     D1,2    Ln Like  Est Ln P(D)
178000:    1.00    7.908    0.039 0.000    0.011   -125650    0 
178100:    1.00    7.712    0.039 0.000    0.013   -125623    0 
178200:    1.00    7.882    0.042 0.000    0.014   -125624    0 
178300:    1.00    7.853    0.044 0.000    0.011   -125616    0 
178400:    1.00    7.951    0.040 0.000    0.013   -125632    0 
178500:    1.00    7.849    0.051 0.000    0.016   -125601    0 
178600:    1.00    7.446    0.046 0.000    0.016   -125591    0 
178700:    1.00    7.275    0.045 0.000    0.016   -125626    0 
178800:    1.00    7.530    0.043 0.000    0.017   -125607    0 
178900:    1.00    7.783    0.059 0.000    0.020   -125572    0 

--------------------------------------------
Proportion of membership of each pre-defined
 population in each of the 2 clusters

Given    Inferred Clusters       Number of
 Pop       1      2             Individuals

  1:     0.504  0.496             358
  2:     0.501  0.499             1039
  3:     0.492  0.508             603
--------------------------------------------

  Rep#:   Lambda   Alpha      F1    F2     D1,2    Ln Like  Est Ln P(D)
179000:    1.00    7.668    0.059 0.000    0.019   -125571    0 
179100:    1.00    7.713    0.055 0.000    0.021   -125568    0 
179200:    1.00    7.815    0.051 0.000    0.022   -125560    0 
179300:    1.00    7.723    0.045 0.000    0.018   -125564    0 
179400:    1.00    7.764    0.052 0.000    0.017   -125553    0 
179500:    1.00    7.925    0.058 0.000    0.020   -125568    0 
179600:    1.00    7.951    0.059 0.000    0.018   -125586    0 
179700:    1.00    8.100    0.068 0.000    0.020   -125560    0 
179800:    1.00    8.146    0.064 0.000    0.022   -125544    0 
179900:    1.00    7.814    0.085 0.000    0.018   -125567    0 

--------------------------------------------
Proportion of membership of each pre-defined
 population in each of the 2 clusters

Given    Inferred Clusters       Number of
 Pop       1      2             Individuals

  1:     0.495  0.505             358
  2:     0.505  0.495             1039
  3:     0.504  0.496             603
--------------------------------------------

  Rep#:   Lambda   Alpha      F1    F2     D1,2    Ln Like  Est Ln P(D)
180000:    1.00    7.568    0.078 0.000    0.020   -125551    0 
180100:    1.00    7.569    0.057 0.000    0.018   -125566    0 
180200:    1.00    7.639    0.061 0.000    0.026   -125531    0 
180300:    1.00    7.757    0.059 0.000    0.025   -125599    0 
180400:    1.00    7.728    0.070 0.000    0.026   -125547    0 
180500:    1.00    8.304    0.071 0.000    0.024   -125585    0 
180600:    1.00    8.519    0.052 0.000    0.018   -125601    0 
180700:    1.00    8.179    0.054 0.000    0.020   -125605    0 
180800:    1.00    7.698    0.052 0.000    0.021   -125615    0 
180900:    1.00    7.363    0.055 0.000    0.021   -125568    0 

--------------------------------------------
Proportion of membership of each pre-defined
 population in each of the 2 clusters

Given    Inferred Clusters       Number of
 Pop       1      2             Individuals

  1:     0.507  0.493             358
  2:     0.497  0.503             1039
  3:     0.493  0.507             603
--------------------------------------------

  Rep#:   Lambda   Alpha      F1    F2     D1,2    Ln Like  Est Ln P(D)
181000:    1.00    7.593    0.072 0.000    0.026   -125563    0 
181100:    1.00    7.258    0.059 0.000    0.023   -125531    0 
181200:    1.00    7.288    0.054 0.000    0.024   -125583    0 
181300:    1.00    6.956    0.044 0.000    0.022   -125543    0 
181400:    1.00    7.029    0.063 0.000    0.023   -125537    0 
181500:    1.00    6.940    0.064 0.000    0.022   -125514    0 
181600:    1.00    6.823    0.077 0.000    0.028   -125473    0 
181700:    1.00    6.741    0.075 0.000    0.032   -125459    0 
181800:    1.00    7.090    0.075 0.000    0.031   -125528    0 
181900:    1.00    7.033    0.082 0.000    0.034   -125498    0 

--------------------------------------------
Proportion of membership of each pre-defined
 population in each of the 2 clusters

Given    Inferred Clusters       Number of
 Pop       1      2             Individuals

  1:     0.503  0.497             358
  2:     0.504  0.496             1039
  3:     0.497  0.503             603
--------------------------------------------

  Rep#:   Lambda   Alpha      F1    F2     D1,2    Ln Like  Est Ln P(D)
182000:    1.00    7.445    0.093 0.000    0.037   -125477    0 
182100:    1.00    7.406    0.092 0.000    0.035   -125443    0 
182200:    1.00    7.871    0.090 0.000    0.035   -125445    0 
182300:    1.00    8.135    0.108 0.000    0.044   -125468    0 
182400:    1.00    8.089    0.112 0.000    0.045   -125482    0 
182500:    1.00    7.964    0.113 0.000    0.048   -125462    0 
182600:    1.00    7.831    0.097 0.000    0.043   -125452    0 
182700:    1.00    8.216    0.122 0.000    0.042   -125427    0 
182800:    1.00    7.990    0.110 0.000    0.046   -125336    0 
182900:    1.00    8.261    0.093 0.000    0.041   -125449    0 

--------------------------------------------
Proportion of membership of each pre-defined
 population in each of the 2 clusters

Given    Inferred Clusters       Number of
 Pop       1      2             Individuals

  1:     0.505  0.495             358
  2:     0.501  0.499             1039
  3:     0.498  0.502             603
--------------------------------------------

  Rep#:   Lambda   Alpha      F1    F2     D1,2    Ln Like  Est Ln P(D)
183000:    1.00    7.957    0.093 0.000    0.032   -125449    0 
183100:    1.00    8.317    0.080 0.000    0.036   -125485    0 
183200:    1.00    8.628    0.078 0.000    0.041   -125503    0 
183300:    1.00    8.920    0.096 0.000    0.039   -125506    0 
183400:    1.00    9.141    0.077 0.000    0.036   -125524    0 
183500:    1.00    9.388    0.088 0.000    0.037   -125515    0 
183600:    1.00    9.455    0.099 0.000    0.033   -125554    0 
183700:    1.00    9.302    0.080 0.000    0.037   -125522    0 
183800:    1.00    9.610    0.078 0.000    0.041   -125525    0 
183900:    1.00    9.803    0.085 0.000    0.035   -125544    0 

--------------------------------------------
Proportion of membership of each pre-defined
 population in each of the 2 clusters

Given    Inferred Clusters       Number of
 Pop       1      2             Individuals

  1:     0.499  0.501             358
  2:     0.500  0.500             1039
  3:     0.499  0.501             603
--------------------------------------------

  Rep#:   Lambda   Alpha      F1    F2     D1,2    Ln Like  Est Ln P(D)
184000:    1.00    9.585    0.064 0.000    0.034   -125526    0 
184100:    1.00    9.190    0.094 0.000    0.034   -125529    0 
184200:    1.00    8.830    0.090 0.000    0.035   -125518    0 
184300:    1.00    9.022    0.130 0.000    0.042   -125490    0 
184400:    1.00    8.969    0.122 0.000    0.044   -125465    0 
184500:    1.00    8.974    0.095 0.000    0.036   -125493    0 
184600:    1.00    9.331    0.079 0.000    0.029   -125523    0 
184700:    1.00    9.330    0.066 0.000    0.025   -125556    0 
184800:    1.00    8.955    0.064 0.000    0.023   -125553    0 
184900:    1.00    8.905    0.048 0.000    0.021   -125572    0 

--------------------------------------------
Proportion of membership of each pre-defined
 population in each of the 2 clusters

Given    Inferred Clusters       Number of
 Pop       1      2             Individuals

  1:     0.516  0.484             358
  2:     0.501  0.499             1039
  3:     0.495  0.505             603
--------------------------------------------

  Rep#:   Lambda   Alpha      F1    F2     D1,2    Ln Like  Est Ln P(D)
185000:    1.00    8.617    0.057 0.000    0.018   -125609    0 
185100:    1.00    8.830    0.040 0.000    0.018   -125607    0 
185200:    1.00    8.788    0.059 0.000    0.019   -125582    0 
185300:    1.00    8.441    0.045 0.000    0.022   -125544    0 
185400:    1.00    8.471    0.064 0.000    0.025   -125529    0 
185500:    1.00    8.295    0.087 0.000    0.024   -125540    0 
185600:    1.00    8.061    0.068 0.000    0.023   -125503    0 
185700:    1.00    8.081    0.069 0.000    0.024   -125541    0 
185800:    1.00    7.817    0.073 0.000    0.020   -125555    0 
185900:    1.00    7.985    0.074 0.000    0.023   -125564    0 

--------------------------------------------
Proportion of membership of each pre-defined
 population in each of the 2 clusters

Given    Inferred Clusters       Number of
 Pop       1      2             Individuals

  1:     0.509  0.491             358
  2:     0.503  0.497             1039
  3:     0.500  0.500             603
--------------------------------------------

  Rep#:   Lambda   Alpha      F1    F2     D1,2    Ln Like  Est Ln P(D)
186000:    1.00    8.352    0.081 0.000    0.024   -125566    0 
186100:    1.00    8.465    0.063 0.000    0.026   -125531    0 
186200:    1.00    8.766    0.058 0.000    0.026   -125564    0 
186300:    1.00    8.635    0.066 0.000    0.025   -125566    0 
186400:    1.00    8.516    0.066 0.000    0.023   -125582    0 
186500:    1.00    8.276    0.060 0.000    0.024   -125564    0 
186600:    1.00    8.488    0.062 0.000    0.024   -125554    0 
186700:    1.00    8.296    0.067 0.000    0.021   -125558    0 
186800:    1.00    8.793    0.061 0.000    0.023   -125551    0 
186900:    1.00    8.341    0.057 0.000    0.023   -125568    0 

--------------------------------------------
Proportion of membership of each pre-defined
 population in each of the 2 clusters

Given    Inferred Clusters       Number of
 Pop       1      2             Individuals

  1:     0.502  0.498             358
  2:     0.490  0.510             1039
  3:     0.503  0.497             603
--------------------------------------------

  Rep#:   Lambda   Alpha      F1    F2     D1,2    Ln Like  Est Ln P(D)
187000:    1.00    8.553    0.072 0.000    0.024   -125578    0 
187100:    1.00    8.148    0.073 0.000    0.025   -125534    0 
187200:    1.00    8.000    0.075 0.000    0.026   -125556    0 
187300:    1.00    8.165    0.064 0.000    0.020   -125577    0 
187400:    1.00    8.360    0.065 0.000    0.024   -125559    0 
187500:    1.00    8.268    0.062 0.000    0.025   -125565    0 
187600:    1.00    8.395    0.059 0.000    0.021   -125571    0 
187700:    1.00    8.433    0.054 0.000    0.021   -125599    0 
187800:    1.00    8.288    0.059 0.000    0.021   -125604    0 
187900:    1.00    8.286    0.060 0.000    0.019   -125551    0 

--------------------------------------------
Proportion of membership of each pre-defined
 population in each of the 2 clusters

Given    Inferred Clusters       Number of
 Pop       1      2             Individuals

  1:     0.509  0.491             358
  2:     0.505  0.495             1039
  3:     0.497  0.503             603
--------------------------------------------

  Rep#:   Lambda   Alpha      F1    F2     D1,2    Ln Like  Est Ln P(D)
188000:    1.00    8.708    0.071 0.000    0.022   -125605    0 
188100:    1.00    8.814    0.066 0.000    0.024   -125595    0 
188200:    1.00    8.869    0.064 0.000    0.023   -125577    0 
188300:    1.00    8.870    0.072 0.000    0.022   -125585    0 
188400:    1.00    9.125    0.080 0.000    0.027   -125525    0 
188500:    1.00    8.977    0.084 0.000    0.031   -125562    0 
188600:    1.00    9.244    0.071 0.000    0.026   -125522    0 
188700:    1.00    9.171    0.087 0.000    0.032   -125554    0 
188800:    1.00    8.997    0.077 0.000    0.033   -125514    0 
188900:    1.00    8.679    0.086 0.000    0.034   -125530    0 

--------------------------------------------
Proportion of membership of each pre-defined
 population in each of the 2 clusters

Given    Inferred Clusters       Number of
 Pop       1      2             Individuals

  1:     0.495  0.505             358
  2:     0.502  0.498             1039
  3:     0.502  0.498             603
--------------------------------------------

  Rep#:   Lambda   Alpha      F1    F2     D1,2    Ln Like  Est Ln P(D)
189000:    1.00    9.013    0.081 0.000    0.031   -125560    0 
189100:    1.00    8.718    0.085 0.000    0.040   -125527    0 
189200:    1.00    8.939    0.080 0.000    0.030   -125480    0 
189300:    1.00    8.621    0.117 0.000    0.031   -125514    0 
189400:    1.00    8.733    0.078 0.000    0.028   -125548    0 
189500:    1.00    8.975    0.083 0.000    0.031   -125495    0 
189600:    1.00    9.267    0.093 0.000    0.028   -125515    0 
189700:    1.00    9.376    0.088 0.000    0.027   -125583    0 
189800:    1.00    9.603    0.082 0.000    0.030   -125565    0 
189900:    1.00    9.556    0.077 0.000    0.029   -125547    0 

--------------------------------------------
Proportion of membership of each pre-defined
 population in each of the 2 clusters

Given    Inferred Clusters       Number of
 Pop       1      2             Individuals

  1:     0.501  0.499             358
  2:     0.501  0.499             1039
  3:     0.502  0.498             603
--------------------------------------------

  Rep#:   Lambda   Alpha      F1    F2     D1,2    Ln Like  Est Ln P(D)
190000:    1.00    9.352    0.089 0.000    0.026   -125550    0 
190100:    1.00    9.151    0.072 0.000    0.027   -125562    0 
190200:    1.00    8.838    0.075 0.000    0.027   -125533    0 
190300:    1.00    8.749    0.068 0.000    0.023   -125596    0 
190400:    1.00    8.519    0.059 0.000    0.023   -125573    0 
190500:    1.00    8.355    0.094 0.000    0.025   -125572    0 
190600:    1.00    8.252    0.073 0.000    0.027   -125574    0 
190700:    1.00    8.263    0.069 0.000    0.024   -125551    0 
190800:    1.00    8.158    0.064 0.000    0.026   -125552    0 
190900:    1.00    7.870    0.063 0.000    0.020   -125572    0 

--------------------------------------------
Proportion of membership of each pre-defined
 population in each of the 2 clusters

Given    Inferred Clusters       Number of
 Pop       1      2             Individuals

  1:     0.488  0.512             358
  2:     0.505  0.495             1039
  3:     0.503  0.497             603
--------------------------------------------

  Rep#:   Lambda   Alpha      F1    F2     D1,2    Ln Like  Est Ln P(D)
191000:    1.00    8.124    0.045 0.000    0.019   -125604    0 
191100:    1.00    8.087    0.052 0.000    0.018   -125579    0 
191200:    1.00    8.135    0.061 0.000    0.024   -125532    0 
191300:    1.00    8.360    0.076 0.000    0.028   -125533    0 
191400:    1.00    8.713    0.063 0.000    0.030   -125527    0 
191500:    1.00    8.304    0.065 0.000    0.027   -125513    0 
191600:    1.00    8.193    0.065 0.000    0.029   -125499    0 
191700:    1.00    7.867    0.072 0.000    0.027   -125507    0 
191800:    1.00    7.532    0.071 0.000    0.022   -125528    0 
191900:    1.00    7.505    0.072 0.000    0.027   -125536    0 

--------------------------------------------
Proportion of membership of each pre-defined
 population in each of the 2 clusters

Given    Inferred Clusters       Number of
 Pop       1      2             Individuals

  1:     0.516  0.484             358
  2:     0.501  0.499             1039
  3:     0.495  0.505             603
--------------------------------------------

  Rep#:   Lambda   Alpha      F1    F2     D1,2    Ln Like  Est Ln P(D)
192000:    1.00    7.384    0.067 0.000    0.025   -125485    0 
192100:    1.00    7.092    0.068 0.000    0.029   -125527    0 
192200:    1.00    7.144    0.079 0.000    0.025   -125491    0 
192300:    1.00    6.978    0.084 0.000    0.032   -125496    0 
192400:    1.00    7.350    0.094 0.000    0.030   -125484    0 
192500:    1.00    7.334    0.094 0.000    0.030   -125447    0 
192600:    1.00    6.790    0.093 0.000    0.030   -125431    0 
192700:    1.00    6.668    0.090 0.000    0.026   -125485    0 
192800:    1.00    6.677    0.064 0.000    0.026   -125480    0 
192900:    1.00    6.685    0.064 0.000    0.030   -125444    0 

--------------------------------------------
Proportion of membership of each pre-defined
 population in each of the 2 clusters

Given    Inferred Clusters       Number of
 Pop       1      2             Individuals

  1:     0.507  0.493             358
  2:     0.505  0.495             1039
  3:     0.497  0.503             603
--------------------------------------------

  Rep#:   Lambda   Alpha      F1    F2     D1,2    Ln Like  Est Ln P(D)
193000:    1.00    6.382    0.070 0.000    0.024   -125536    0 
193100:    1.00    5.946    0.064 0.000    0.025   -125480    0 
193200:    1.00    6.042    0.045 0.000    0.022   -125477    0 
193300:    1.00    6.042    0.058 0.000    0.019   -125511    0 
193400:    1.00    6.232    0.052 0.000    0.017   -125551    0 
193500:    1.00    6.128    0.048 0.000    0.018   -125524    0 
193600:    1.00    6.030    0.056 0.000    0.017   -125519    0 
193700:    1.00    6.116    0.059 0.000    0.022   -125523    0 
193800:    1.00    6.402    0.058 0.000    0.026   -125503    0 
193900:    1.00    6.162    0.072 0.000    0.026   -125498    0 

--------------------------------------------
Proportion of membership of each pre-defined
 population in each of the 2 clusters

Given    Inferred Clusters       Number of
 Pop       1      2             Individuals

  1:     0.505  0.495             358
  2:     0.496  0.504             1039
  3:     0.503  0.497             603
--------------------------------------------

  Rep#:   Lambda   Alpha      F1    F2     D1,2    Ln Like  Est Ln P(D)
194000:    1.00    6.306    0.051 0.000    0.022   -125521    0 
194100:    1.00    6.554    0.057 0.000    0.020   -125534    0 
194200:    1.00    6.021    0.054 0.000    0.017   -125533    0 
194300:    1.00    6.193    0.048 0.000    0.017   -125528    0 
194400:    1.00    6.196    0.050 0.000    0.015   -125612    0 
194500:    1.00    6.051    0.039 0.000    0.018   -125565    0 
194600:    1.00    5.909    0.073 0.000    0.014   -125558    0 
194700:    1.00    6.216    0.040 0.000    0.014   -125595    0 
194800:    1.00    6.158    0.048 0.000    0.019   -125545    0 
194900:    1.00    6.421    0.048 0.000    0.020   -125503    0 

--------------------------------------------
Proportion of membership of each pre-defined
 population in each of the 2 clusters

Given    Inferred Clusters       Number of
 Pop       1      2             Individuals

  1:     0.515  0.485             358
  2:     0.503  0.497             1039
  3:     0.501  0.499             603
--------------------------------------------

  Rep#:   Lambda   Alpha      F1    F2     D1,2    Ln Like  Est Ln P(D)
195000:    1.00    6.626    0.050 0.000    0.021   -125496    0 
195100:    1.00    6.900    0.052 0.000    0.019   -125586    0 
195200:    1.00    6.487    0.081 0.000    0.024   -125520    0 
195300:    1.00    6.417    0.063 0.000    0.024   -125503    0 
195400:    1.00    6.486    0.085 0.000    0.024   -125503    0 
195500:    1.00    6.289    0.067 0.000    0.024   -125466    0 
195600:    1.00    6.231    0.064 0.000    0.021   -125501    0 
195700:    1.00    6.155    0.067 0.000    0.027   -125521    0 
195800:    1.00    6.166    0.059 0.000    0.025   -125476    0 
195900:    1.00    6.486    0.081 0.000    0.030   -125466    0 

--------------------------------------------
Proportion of membership of each pre-defined
 population in each of the 2 clusters

Given    Inferred Clusters       Number of
 Pop       1      2             Individuals

  1:     0.513  0.487             358
  2:     0.500  0.500             1039
  3:     0.498  0.502             603
--------------------------------------------

  Rep#:   Lambda   Alpha      F1    F2     D1,2    Ln Like  Est Ln P(D)
196000:    1.00    6.517    0.066 0.000    0.026   -125506    0 
196100:    1.00    6.557    0.066 0.000    0.030   -125463    0 
196200:    1.00    6.279    0.057 0.000    0.021   -125506    0 
196300:    1.00    6.278    0.065 0.000    0.024   -125504    0 
196400:    1.00    6.276    0.063 0.000    0.021   -125455    0 
196500:    1.00    6.243    0.063 0.000    0.024   -125487    0 
196600:    1.00    6.576    0.058 0.000    0.020   -125527    0 
196700:    1.00    6.505    0.057 0.000    0.019   -125543    0 
196800:    1.00    6.443    0.042 0.000    0.018   -125580    0 
196900:    1.00    6.655    0.048 0.000    0.018   -125569    0 

--------------------------------------------
Proportion of membership of each pre-defined
 population in each of the 2 clusters

Given    Inferred Clusters       Number of
 Pop       1      2             Individuals

  1:     0.500  0.500             358
  2:     0.499  0.501             1039
  3:     0.501  0.499             603
--------------------------------------------

  Rep#:   Lambda   Alpha      F1    F2     D1,2    Ln Like  Est Ln P(D)
197000:    1.00    6.885    0.039 0.000    0.015   -125622    0 
197100:    1.00    6.856    0.045 0.000    0.015   -125596    0 
197200:    1.00    6.832    0.058 0.000    0.022   -125559    0 
197300:    1.00    6.681    0.051 0.000    0.019   -125569    0 
197400:    1.00    6.345    0.044 0.000    0.017   -125588    0 
197500:    1.00    6.279    0.059 0.000    0.020   -125564    0 
197600:    1.00    6.226    0.051 0.000    0.019   -125573    0 
197700:    1.00    6.341    0.046 0.000    0.016   -125563    0 
197800:    1.00    6.293    0.036 0.000    0.017   -125582    0 
197900:    1.00    6.670    0.040 0.000    0.020   -125601    0 

--------------------------------------------
Proportion of membership of each pre-defined
 population in each of the 2 clusters

Given    Inferred Clusters       Number of
 Pop       1      2             Individuals

  1:     0.497  0.503             358
  2:     0.501  0.499             1039
  3:     0.498  0.502             603
--------------------------------------------

  Rep#:   Lambda   Alpha      F1    F2     D1,2    Ln Like  Est Ln P(D)
198000:    1.00    6.979    0.042 0.000    0.016   -125598    0 
198100:    1.00    6.662    0.045 0.000    0.021   -125567    0 
198200:    1.00    6.839    0.048 0.000    0.023   -125555    0 
198300:    1.00    6.641    0.047 0.000    0.020   -125551    0 
198400:    1.00    6.803    0.057 0.000    0.018   -125540    0 
198500:    1.00    6.896    0.050 0.000    0.017   -125570    0 
198600:    1.00    7.000    0.055 0.000    0.016   -125583    0 
198700:    1.00    6.840    0.055 0.000    0.017   -125586    0 
198800:    1.00    6.972    0.048 0.000    0.022   -125555    0 
198900:    1.00    6.740    0.057 0.000    0.023   -125517    0 

--------------------------------------------
Proportion of membership of each pre-defined
 population in each of the 2 clusters

Given    Inferred Clusters       Number of
 Pop       1      2             Individuals

  1:     0.494  0.506             358
  2:     0.492  0.508             1039
  3:     0.498  0.502             603
--------------------------------------------

  Rep#:   Lambda   Alpha      F1    F2     D1,2    Ln Like  Est Ln P(D)
199000:    1.00    6.887    0.061 0.000    0.026   -125524    0 
199100:    1.00    6.049    0.043 0.000    0.023   -125531    0 
199200:    1.00    5.935    0.053 0.000    0.018   -125539    0 
199300:    1.00    5.944    0.056 0.000    0.022   -125484    0 
199400:    1.00    5.909    0.054 0.000    0.019   -125469    0 
199500:    1.00    6.172    0.067 0.000    0.023   -125470    0 
199600:    1.00    5.711    0.061 0.000    0.023   -125427    0 
199700:    1.00    5.413    0.049 0.000    0.022   -125444    0 
199800:    1.00    5.310    0.063 0.000    0.024   -125433    0 
199900:    1.00    5.025    0.053 0.000    0.027   -125462    0 

--------------------------------------------
Proportion of membership of each pre-defined
 population in each of the 2 clusters

Given    Inferred Clusters       Number of
 Pop       1      2             Individuals

  1:     0.504  0.496             358
  2:     0.505  0.495             1039
  3:     0.490  0.510             603
--------------------------------------------

  Rep#:   Lambda   Alpha      F1    F2     D1,2    Ln Like  Est Ln P(D)
200000:    1.00    5.213    0.071 0.000    0.029   -125433    0 
200100:    1.00    5.390    0.072 0.000    0.031   -125403    0 
200200:    1.00    5.000    0.066 0.000    0.029   -125417    0 
200300:    1.00    4.838    0.068 0.000    0.029   -125436    0 
200400:    1.00    4.814    0.060 0.000    0.021   -125453    0 
200500:    1.00    5.258    0.057 0.000    0.024   -125462    0 
200600:    1.00    5.194    0.063 0.000    0.023   -125480    0 
200700:    1.00    5.218    0.047 0.000    0.020   -125515    0 
200800:    1.00    5.371    0.069 0.000    0.025   -125459    0 
200900:    1.00    5.558    0.080 0.000    0.028   -125434    0 

--------------------------------------------
Proportion of membership of each pre-defined
 population in each of the 2 clusters

Given    Inferred Clusters       Number of
 Pop       1      2             Individuals

  1:     0.504  0.496             358
  2:     0.507  0.493             1039
  3:     0.497  0.503             603
--------------------------------------------

  Rep#:   Lambda   Alpha      F1    F2     D1,2    Ln Like  Est Ln P(D)
201000:    1.00    5.549    0.065 0.000    0.025   -125420    0 
201100:    1.00    5.786    0.046 0.000    0.021   -125473    0 
201200:    1.00    5.524    0.056 0.000    0.025   -125470    0 
201300:    1.00    6.016    0.060 0.000    0.027   -125454    0 
201400:    1.00    5.691    0.066 0.000    0.032   -125477    0 
201500:    1.00    5.965    0.056 0.000    0.027   -125466    0 
201600:    1.00    6.011    0.057 0.000    0.026   -125490    0 
201700:    1.00    5.730    0.051 0.000    0.024   -125464    0 
201800:    1.00    5.630    0.045 0.000    0.024   -125479    0 
201900:    1.00    5.873    0.045 0.000    0.020   -125479    0 

--------------------------------------------
Proportion of membership of each pre-defined
 population in each of the 2 clusters

Given    Inferred Clusters       Number of
 Pop       1      2             Individuals

  1:     0.489  0.511             358
  2:     0.502  0.498             1039
  3:     0.501  0.499             603
--------------------------------------------

  Rep#:   Lambda   Alpha      F1    F2     D1,2    Ln Like  Est Ln P(D)
202000:    1.00    5.592    0.053 0.000    0.019   -125478    0 
202100:    1.00    5.651    0.045 0.000    0.018   -125493    0 
202200:    1.00    6.305    0.060 0.000    0.020   -125548    0 
202300:    1.00    6.349    0.063 0.000    0.021   -125520    0 
202400:    1.00    6.378    0.057 0.000    0.023   -125535    0 
202500:    1.00    6.369    0.074 0.000    0.032   -125487    0 
202600:    1.00    6.632    0.079 0.000    0.031   -125522    0 
202700:    1.00    6.736    0.087 0.000    0.031   -125468    0 
202800:    1.00    7.159    0.090 0.000    0.035   -125432    0 
202900:    1.00    6.953    0.086 0.000    0.036   -125448    0 

--------------------------------------------
Proportion of membership of each pre-defined
 population in each of the 2 clusters

Given    Inferred Clusters       Number of
 Pop       1      2             Individuals

  1:     0.501  0.499             358
  2:     0.505  0.495             1039
  3:     0.498  0.502             603
--------------------------------------------

  Rep#:   Lambda   Alpha      F1    F2     D1,2    Ln Like  Est Ln P(D)
203000:    1.00    6.838    0.083 0.000    0.037   -125484    0 
203100:    1.00    7.397    0.112 0.000    0.036   -125494    0 
203200:    1.00    7.346    0.080 0.000    0.033   -125456    0 
203300:    1.00    7.750    0.101 0.000    0.036   -125495    0 
203400:    1.00    8.265    0.093 0.000    0.036   -125478    0 
203500:    1.00    8.572    0.117 0.000    0.038   -125505    0 
203600:    1.00    8.459    0.076 0.000    0.032   -125482    0 
203700:    1.00    8.950    0.083 0.000    0.030   -125474    0 
203800:    1.00    8.921    0.075 0.000    0.033   -125540    0 
203900:    1.00    8.721    0.093 0.000    0.032   -125473    0 

--------------------------------------------
Proportion of membership of each pre-defined
 population in each of the 2 clusters

Given    Inferred Clusters       Number of
 Pop       1      2             Individuals

  1:     0.500  0.500             358
  2:     0.507  0.493             1039
  3:     0.494  0.506             603
--------------------------------------------

  Rep#:   Lambda   Alpha      F1    F2     D1,2    Ln Like  Est Ln P(D)
204000:    1.00    8.326    0.079 0.000    0.033   -125483    0 
204100:    1.00    8.138    0.095 0.000    0.037   -125483    0 
204200:    1.00    7.901    0.078 0.000    0.036   -125464    0 
204300:    1.00    8.205    0.093 0.000    0.039   -125505    0 
204400:    1.00    8.335    0.092 0.000    0.036   -125565    0 
204500:    1.00    7.903    0.090 0.000    0.039   -125499    0 
204600:    1.00    7.906    0.101 0.000    0.036   -125498    0 
204700:    1.00    8.136    0.104 0.000    0.030   -125495    0 
204800:    1.00    8.092    0.077 0.000    0.030   -125476    0 
204900:    1.00    8.056    0.119 0.000    0.037   -125450    0 

--------------------------------------------
Proportion of membership of each pre-defined
 population in each of the 2 clusters

Given    Inferred Clusters       Number of
 Pop       1      2             Individuals

  1:     0.501  0.499             358
  2:     0.503  0.497             1039
  3:     0.505  0.495             603
--------------------------------------------

  Rep#:   Lambda   Alpha      F1    F2     D1,2    Ln Like  Est Ln P(D)
205000:    1.00    8.050    0.102 0.000    0.034   -125502    0 
205100:    1.00    8.263    0.115 0.000    0.035   -125443    0 
205200:    1.00    8.213    0.075 0.000    0.026   -125513    0 
205300:    1.00    8.221    0.080 0.000    0.026   -125509    0 
205400:    1.00    8.394    0.075 0.000    0.025   -125510    0 
205500:    1.00    8.473    0.056 0.000    0.026   -125515    0 
205600:    1.00    8.443    0.069 0.000    0.023   -125538    0 
205700:    1.00    8.422    0.066 0.000    0.021   -125575    0 
205800:    1.00    8.641    0.056 0.000    0.024   -125564    0 
205900:    1.00    8.539    0.050 0.000    0.018   -125585    0 

--------------------------------------------
Proportion of membership of each pre-defined
 population in each of the 2 clusters

Given    Inferred Clusters       Number of
 Pop       1      2             Individuals

  1:     0.494  0.506             358
  2:     0.492  0.508             1039
  3:     0.487  0.513             603
--------------------------------------------

  Rep#:   Lambda   Alpha      F1    F2     D1,2    Ln Like  Est Ln P(D)
206000:    1.00    8.595    0.057 0.000    0.018   -125568    0 
206100:    1.00    8.431    0.047 0.000    0.018   -125579    0 
206200:    1.00    8.776    0.056 0.000    0.020   -125569    0 
206300:    1.00    8.787    0.065 0.000    0.021   -125596    0 
206400:    1.00    8.357    0.066 0.000    0.018   -125610    0 
206500:    1.00    8.568    0.067 0.000    0.018   -125558    0 
206600:    1.00    8.399    0.053 0.000    0.019   -125589    0 
206700:    1.00    8.470    0.062 0.000    0.020   -125568    0 
206800:    1.00    8.137    0.071 0.000    0.023   -125580    0 
206900:    1.00    8.069    0.072 0.000    0.024   -125508    0 

--------------------------------------------
Proportion of membership of each pre-defined
 population in each of the 2 clusters

Given    Inferred Clusters       Number of
 Pop       1      2             Individuals

  1:     0.502  0.498             358
  2:     0.503  0.497             1039
  3:     0.504  0.496             603
--------------------------------------------

  Rep#:   Lambda   Alpha      F1    F2     D1,2    Ln Like  Est Ln P(D)
207000:    1.00    7.979    0.056 0.000    0.024   -125573    0 
207100:    1.00    8.389    0.058 0.000    0.023   -125575    0 
207200:    1.00    8.560    0.051 0.000    0.021   -125568    0 
207300:    1.00    8.522    0.056 0.000    0.021   -125593    0 
207400:    1.00    8.813    0.073 0.000    0.022   -125600    0 
207500:    1.00    8.603    0.074 0.000    0.022   -125559    0 
207600:    1.00    9.069    0.055 0.000    0.026   -125551    0 
207700:    1.00    8.919    0.057 0.000    0.024   -125584    0 
207800:    1.00    9.232    0.059 0.000    0.020   -125602    0 
207900:    1.00    9.529    0.062 0.000    0.022   -125573    0 

--------------------------------------------
Proportion of membership of each pre-defined
 population in each of the 2 clusters

Given    Inferred Clusters       Number of
 Pop       1      2             Individuals

  1:     0.509  0.491             358
  2:     0.502  0.498             1039
  3:     0.502  0.498             603
--------------------------------------------

  Rep#:   Lambda   Alpha      F1    F2     D1,2    Ln Like  Est Ln P(D)
208000:    1.00    9.512    0.069 0.000    0.025   -125620    0 
208100:    1.00    9.426    0.079 0.000    0.024   -125535    0 
208200:    1.00    9.240    0.060 0.000    0.021   -125595    0 
208300:    1.00    8.880    0.072 0.000    0.022   -125553    0 
208400:    1.00    8.884    0.050 0.000    0.024   -125573    0 
208500:    1.00    8.824    0.068 0.000    0.024   -125554    0 
208600:    1.00    9.088    0.064 0.000    0.020   -125603    0 
208700:    1.00    9.221    0.048 0.000    0.018   -125565    0 
208800:    1.00    9.240    0.062 0.000    0.020   -125614    0 
208900:    1.00    9.424    0.063 0.000    0.024   -125620    0 

--------------------------------------------
Proportion of membership of each pre-defined
 population in each of the 2 clusters

Given    Inferred Clusters       Number of
 Pop       1      2             Individuals

  1:     0.501  0.499             358
  2:     0.502  0.498             1039
  3:     0.494  0.506             603
--------------------------------------------

  Rep#:   Lambda   Alpha      F1    F2     D1,2    Ln Like  Est Ln P(D)
209000:    1.00    9.312    0.079 0.000    0.027   -125583    0 
209100:    1.00    9.230    0.087 0.000    0.026   -125578    0 
209200:    1.00    9.046    0.068 0.000    0.025   -125549    0 
209300:    1.00    9.514    0.085 0.000    0.025   -125577    0 
209400:    1.00    9.775    0.072 0.000    0.028   -125563    0 
209500:    1.00    9.616    0.098 0.000    0.026   -125582    0 
209600:    1.00    9.505    0.082 0.000    0.023   -125582    0 
209700:    1.00    9.733    0.073 0.000    0.025   -125541    0 
209800:    1.00    9.694    0.078 0.000    0.028   -125530    0 
209900:    1.00    9.905    0.071 0.000    0.025   -125609    0 

--------------------------------------------
Proportion of membership of each pre-defined
 population in each of the 2 clusters

Given    Inferred Clusters       Number of
 Pop       1      2             Individuals

  1:     0.502  0.498             358
  2:     0.501  0.499             1039
  3:     0.493  0.507             603
--------------------------------------------

  Rep#:   Lambda   Alpha      F1    F2     D1,2    Ln Like  Est Ln P(D)
210000:    1.00    9.891    0.084 0.000    0.029   -125565    0 
210100:    1.00    9.855    0.078 0.000    0.030   -125560    0 
210200:    1.00    9.844    0.070 0.000    0.026   -125560    0 
210300:    1.00    9.966    0.068 0.000    0.029   -125548    0 
210400:    1.00    9.799    0.085 0.000    0.032   -125561    0 
210500:    1.00    9.751    0.074 0.000    0.027   -125533    0 
210600:    1.00    9.918    0.074 0.000    0.030   -125553    0 
210700:    1.00    9.698    0.066 0.000    0.025   -125600    0 
210800:    1.00    9.428    0.097 0.000    0.030   -125541    0 
210900:    1.00    9.349    0.096 0.000    0.033   -125519    0 

--------------------------------------------
Proportion of membership of each pre-defined
 population in each of the 2 clusters

Given    Inferred Clusters       Number of
 Pop       1      2             Individuals

  1:     0.499  0.501             358
  2:     0.498  0.502             1039
  3:     0.497  0.503             603
--------------------------------------------

  Rep#:   Lambda   Alpha      F1    F2     D1,2    Ln Like  Est Ln P(D)
211000:    1.00    9.077    0.066 0.000    0.028   -125499    0 
211100:    1.00    9.264    0.078 0.000    0.028   -125520    0 
211200:    1.00    9.198    0.089 0.000    0.030   -125553    0 
211300:    1.00    8.952    0.092 0.000    0.033   -125548    0 
211400:    1.00    8.747    0.102 0.000    0.029   -125526    0 
211500:    1.00    8.684    0.097 0.000    0.034   -125502    0 
211600:    1.00    8.774    0.072 0.000    0.033   -125528    0 
211700:    1.00    8.601    0.066 0.000    0.029   -125485    0 
211800:    1.00    8.686    0.099 0.000    0.033   -125519    0 
211900:    1.00    8.530    0.067 0.000    0.028   -125526    0 

--------------------------------------------
Proportion of membership of each pre-defined
 population in each of the 2 clusters

Given    Inferred Clusters       Number of
 Pop       1      2             Individuals

  1:     0.507  0.493             358
  2:     0.500  0.500             1039
  3:     0.497  0.503             603
--------------------------------------------

  Rep#:   Lambda   Alpha      F1    F2     D1,2    Ln Like  Est Ln P(D)
212000:    1.00    8.280    0.068 0.000    0.028   -125552    0 
212100:    1.00    8.121    0.082 0.000    0.027   -125529    0 
212200:    1.00    8.080    0.107 0.000    0.026   -125511    0 
212300:    1.00    8.022    0.080 0.000    0.025   -125460    0 
212400:    1.00    8.012    0.077 0.000    0.029   -125512    0 
212500:    1.00    8.470    0.094 0.000    0.029   -125492    0 
212600:    1.00    8.264    0.086 0.000    0.032   -125469    0 
212700:    1.00    8.190    0.097 0.000    0.030   -125513    0 
212800:    1.00    8.337    0.075 0.000    0.024   -125534    0 
212900:    1.00    8.067    0.072 0.000    0.026   -125538    0 

--------------------------------------------
Proportion of membership of each pre-defined
 population in each of the 2 clusters

Given    Inferred Clusters       Number of
 Pop       1      2             Individuals

  1:     0.504  0.496             358
  2:     0.500  0.500             1039
  3:     0.496  0.504             603
--------------------------------------------

  Rep#:   Lambda   Alpha      F1    F2     D1,2    Ln Like  Est Ln P(D)
213000:    1.00    7.837    0.076 0.000    0.025   -125508    0 
213100:    1.00    7.557    0.062 0.000    0.024   -125539    0 
213200:    1.00    8.091    0.061 0.000    0.024   -125517    0 
213300:    1.00    7.803    0.063 0.000    0.023   -125521    0 
213400:    1.00    7.524    0.068 0.000    0.023   -125558    0 
213500:    1.00    7.755    0.067 0.000    0.024   -125598    0 
213600:    1.00    7.480    0.069 0.000    0.024   -125529    0 
213700:    1.00    7.745    0.069 0.000    0.029   -125573    0 
213800:    1.00    7.437    0.064 0.000    0.021   -125580    0 
213900:    1.00    7.532    0.076 0.000    0.024   -125540    0 

--------------------------------------------
Proportion of membership of each pre-defined
 population in each of the 2 clusters

Given    Inferred Clusters       Number of
 Pop       1      2             Individuals

  1:     0.509  0.491             358
  2:     0.495  0.505             1039
  3:     0.497  0.503             603
--------------------------------------------

  Rep#:   Lambda   Alpha      F1    F2     D1,2    Ln Like  Est Ln P(D)
214000:    1.00    7.773    0.077 0.000    0.025   -125524    0 
214100:    1.00    8.330    0.087 0.000    0.031   -125536    0 
214200:    1.00    8.432    0.077 0.000    0.028   -125538    0 
214300:    1.00    8.731    0.102 0.000    0.031   -125513    0 
214400:    1.00    8.211    0.079 0.000    0.030   -125495    0 
214500:    1.00    8.320    0.090 0.000    0.025   -125537    0 
214600:    1.00    8.643    0.083 0.000    0.031   -125529    0 
214700:    1.00    8.366    0.079 0.000    0.030   -125562    0 
214800:    1.00    8.119    0.083 0.000    0.032   -125503    0 
214900:    1.00    7.991    0.098 0.000    0.032   -125513    0 

--------------------------------------------
Proportion of membership of each pre-defined
 population in each of the 2 clusters

Given    Inferred Clusters       Number of
 Pop       1      2             Individuals

  1:     0.500  0.500             358
  2:     0.501  0.499             1039
  3:     0.502  0.498             603
--------------------------------------------

  Rep#:   Lambda   Alpha      F1    F2     D1,2    Ln Like  Est Ln P(D)
215000:    1.00    7.959    0.084 0.000    0.023   -125526    0 
215100:    1.00    7.911    0.103 0.000    0.024   -125524    0 
215200:    1.00    7.862    0.073 0.000    0.027   -125508    0 
215300:    1.00    8.209    0.082 0.000    0.027   -125499    0 
215400:    1.00    8.296    0.086 0.000    0.030   -125478    0 
215500:    1.00    8.894    0.062 0.000    0.027   -125526    0 
215600:    1.00    8.869    0.052 0.000    0.027   -125563    0 
215700:    1.00    8.354    0.068 0.000    0.028   -125551    0 
215800:    1.00    8.607    0.078 0.000    0.031   -125537    0 
215900:    1.00    8.582    0.074 0.000    0.032   -125513    0 

--------------------------------------------
Proportion of membership of each pre-defined
 population in each of the 2 clusters

Given    Inferred Clusters       Number of
 Pop       1      2             Individuals

  1:     0.506  0.494             358
  2:     0.505  0.495             1039
  3:     0.504  0.496             603
--------------------------------------------

  Rep#:   Lambda   Alpha      F1    F2     D1,2    Ln Like  Est Ln P(D)
216000:    1.00    8.923    0.077 0.000    0.036   -125505    0 
216100:    1.00    9.188    0.070 0.000    0.036   -125524    0 
216200:    1.00    9.398    0.086 0.000    0.038   -125536    0 
216300:    1.00    9.292    0.077 0.000    0.034   -125489    0 
216400:    1.00    9.513    0.076 0.000    0.034   -125522    0 
216500:    1.00    9.774    0.084 0.000    0.036   -125519    0 
216600:    1.00    9.752    0.075 0.000    0.031   -125591    0 
216700:    1.00    9.680    0.068 0.000    0.032   -125551    0 
216800:    1.00    9.572    0.082 0.000    0.033   -125541    0 
216900:    1.00    9.561    0.094 0.000    0.036   -125580    0 

--------------------------------------------
Proportion of membership of each pre-defined
 population in each of the 2 clusters

Given    Inferred Clusters       Number of
 Pop       1      2             Individuals

  1:     0.491  0.509             358
  2:     0.498  0.502             1039
  3:     0.498  0.502             603
--------------------------------------------

  Rep#:   Lambda   Alpha      F1    F2     D1,2    Ln Like  Est Ln P(D)
217000:    1.00    9.694    0.075 0.000    0.037   -125567    0 
217100:    1.00    9.696    0.091 0.000    0.038   -125541    0 
217200:    1.00    9.580    0.094 0.000    0.043   -125565    0 
217300:    1.00    9.469    0.113 0.000    0.040   -125522    0 
217400:    1.00    9.725    0.106 0.000    0.037   -125475    0 
217500:    1.00    9.721    0.114 0.000    0.036   -125519    0 
217600:    1.00    9.792    0.085 0.000    0.033   -125539    0 
217700:    1.00    9.701    0.082 0.000    0.030   -125580    0 
217800:    1.00    9.880    0.074 0.000    0.029   -125577    0 
217900:    1.00    9.654    0.071 0.000    0.029   -125528    0 

--------------------------------------------
Proportion of membership of each pre-defined
 population in each of the 2 clusters

Given    Inferred Clusters       Number of
 Pop       1      2             Individuals

  1:     0.500  0.500             358
  2:     0.508  0.492             1039
  3:     0.504  0.496             603
--------------------------------------------

  Rep#:   Lambda   Alpha      F1    F2     D1,2    Ln Like  Est Ln P(D)
218000:    1.00    9.538    0.078 0.000    0.027   -125516    0 
218100:    1.00    9.532    0.098 0.000    0.027   -125522    0 
218200:    1.00    9.363    0.088 0.000    0.025   -125576    0 
218300:    1.00    9.622    0.091 0.000    0.025   -125560    0 
218400:    1.00    9.509    0.060 0.000    0.019   -125599    0 
218500:    1.00    9.664    0.066 0.000    0.018   -125579    0 
218600:    1.00    9.923    0.052 0.000    0.020   -125617    0 
218700:    1.00    9.999    0.060 0.000    0.020   -125614    0 
218800:    1.00    9.772    0.067 0.000    0.022   -125592    0 
218900:    1.00    9.479    0.060 0.000    0.020   -125610    0 

--------------------------------------------
Proportion of membership of each pre-defined
 population in each of the 2 clusters

Given    Inferred Clusters       Number of
 Pop       1      2             Individuals

  1:     0.505  0.495             358
  2:     0.493  0.507             1039
  3:     0.507  0.493             603
--------------------------------------------

  Rep#:   Lambda   Alpha      F1    F2     D1,2    Ln Like  Est Ln P(D)
219000:    1.00    9.496    0.045 0.000    0.017   -125616    0 
219100:    1.00    9.464    0.043 0.000    0.016   -125623    0 
219200:    1.00    9.620    0.045 0.000    0.017   -125610    0 
219300:    1.00    9.763    0.053 0.000    0.019   -125629    0 
219400:    1.00    9.687    0.043 0.000    0.019   -125626    0 
219500:    1.00    9.499    0.045 0.000    0.019   -125620    0 
219600:    1.00    9.017    0.052 0.000    0.019   -125578    0 
219700:    1.00    9.069    0.067 0.000    0.025   -125564    0 
219800:    1.00    9.103    0.054 0.000    0.020   -125620    0 
219900:    1.00    9.041    0.046 0.000    0.017   -125648    0 

--------------------------------------------
Proportion of membership of each pre-defined
 population in each of the 2 clusters

Given    Inferred Clusters       Number of
 Pop       1      2             Individuals

  1:     0.510  0.490             358
  2:     0.504  0.496             1039
  3:     0.498  0.502             603
--------------------------------------------

  Rep#:   Lambda   Alpha      F1    F2     D1,2    Ln Like  Est Ln P(D)
220000:    1.00    8.832    0.043 0.000    0.018   -125655    0 
220100:    1.00    8.903    0.053 0.000    0.020   -125617    0 
220200:    1.00    9.025    0.053 0.000    0.021   -125553    0 
220300:    1.00    8.982    0.081 0.000    0.027   -125613    0 
220400:    1.00    8.678    0.062 0.000    0.021   -125590    0 
220500:    1.00    8.699    0.054 0.000    0.022   -125600    0 
220600:    1.00    9.091    0.067 0.000    0.019   -125606    0 
220700:    1.00    9.095    0.058 0.000    0.024   -125580    0 
220800:    1.00    8.572    0.064 0.000    0.023   -125591    0 
220900:    1.00    8.220    0.063 0.000    0.022   -125625    0 

--------------------------------------------
Proportion of membership of each pre-defined
 population in each of the 2 clusters

Given    Inferred Clusters       Number of
 Pop       1      2             Individuals

  1:     0.506  0.494             358
  2:     0.503  0.497             1039
  3:     0.490  0.510             603
--------------------------------------------

  Rep#:   Lambda   Alpha      F1    F2     D1,2    Ln Like  Est Ln P(D)
221000:    1.00    8.151    0.071 0.000    0.026   -125562    0 
221100:    1.00    8.184    0.063 0.000    0.019   -125595    0 
221200:    1.00    8.051    0.067 0.000    0.024   -125546    0 
221300:    1.00    7.656    0.056 0.000    0.022   -125578    0 
221400:    1.00    7.413    0.055 0.000    0.025   -125527    0 
221500:    1.00    7.287    0.057 0.000    0.027   -125575    0 
221600:    1.00    7.775    0.054 0.000    0.024   -125575    0 
221700:    1.00    7.243    0.063 0.000    0.023   -125540    0 
221800:    1.00    7.220    0.056 0.000    0.021   -125570    0 
221900:    1.00    7.348    0.058 0.000    0.024   -125521    0 

--------------------------------------------
Proportion of membership of each pre-defined
 population in each of the 2 clusters

Given    Inferred Clusters       Number of
 Pop       1      2             Individuals

  1:     0.490  0.510             358
  2:     0.501  0.499             1039
  3:     0.490  0.510             603
--------------------------------------------

  Rep#:   Lambda   Alpha      F1    F2     D1,2    Ln Like  Est Ln P(D)
222000:    1.00    7.427    0.068 0.000    0.026   -125549    0 
222100:    1.00    7.084    0.070 0.000    0.024   -125578    0 
222200:    1.00    6.882    0.058 0.000    0.021   -125609    0 
222300:    1.00    7.039    0.067 0.000    0.019   -125565    0 
222400:    1.00    7.303    0.069 0.000    0.020   -125542    0 
222500:    1.00    7.068    0.060 0.000    0.019   -125573    0 
222600:    1.00    7.332    0.067 0.000    0.019   -125599    0 
222700:    1.00    7.147    0.056 0.000    0.021   -125556    0 
222800:    1.00    6.904    0.050 0.000    0.022   -125580    0 
222900:    1.00    7.062    0.058 0.000    0.017   -125593    0 

--------------------------------------------
Proportion of membership of each pre-defined
 population in each of the 2 clusters

Given    Inferred Clusters       Number of
 Pop       1      2             Individuals

  1:     0.498  0.502             358
  2:     0.502  0.498             1039
  3:     0.501  0.499             603
--------------------------------------------

  Rep#:   Lambda   Alpha      F1    F2     D1,2    Ln Like  Est Ln P(D)
223000:    1.00    7.337    0.055 0.000    0.017   -125526    0 
223100:    1.00    7.738    0.058 0.000    0.021   -125563    0 
223200:    1.00    7.497    0.060 0.000    0.019   -125599    0 
223300:    1.00    7.853    0.068 0.000    0.021   -125571    0 
223400:    1.00    7.686    0.065 0.000    0.020   -125574    0 
223500:    1.00    7.659    0.058 0.000    0.022   -125579    0 
223600:    1.00    7.906    0.052 0.000    0.021   -125572    0 
223700:    1.00    7.819    0.058 0.000    0.025   -125556    0 
223800:    1.00    7.770    0.071 0.000    0.026   -125551    0 
223900:    1.00    7.592    0.056 0.000    0.019   -125567    0 

--------------------------------------------
Proportion of membership of each pre-defined
 population in each of the 2 clusters

Given    Inferred Clusters       Number of
 Pop       1      2             Individuals

  1:     0.497  0.503             358
  2:     0.504  0.496             1039
  3:     0.508  0.492             603
--------------------------------------------

  Rep#:   Lambda   Alpha      F1    F2     D1,2    Ln Like  Est Ln P(D)
224000:    1.00    7.322    0.057 0.000    0.020   -125546    0 
224100:    1.00    7.207    0.066 0.000    0.020   -125572    0 
224200:    1.00    6.778    0.047 0.000    0.019   -125610    0 
224300:    1.00    6.637    0.043 0.000    0.019   -125600    0 
224400:    1.00    6.312    0.070 0.000    0.017   -125600    0 
224500:    1.00    6.469    0.068 0.000    0.018   -125562    0 
224600:    1.00    6.257    0.047 0.000    0.017   -125593    0 
224700:    1.00    6.398    0.044 0.000    0.015   -125617    0 
224800:    1.00    6.386    0.028 0.000    0.012   -125652    0 
224900:    1.00    6.341    0.032 0.000    0.012   -125674    0 

--------------------------------------------
Proportion of membership of each pre-defined
 population in each of the 2 clusters

Given    Inferred Clusters       Number of
 Pop       1      2             Individuals

  1:     0.501  0.499             358
  2:     0.500  0.500             1039
  3:     0.502  0.498             603
--------------------------------------------

  Rep#:   Lambda   Alpha      F1    F2     D1,2    Ln Like  Est Ln P(D)
225000:    1.00    6.397    0.029 0.000    0.012   -125627    0 
225100:    1.00    6.277    0.031 0.000    0.011   -125636    0 
225200:    1.00    6.755    0.025 0.000    0.008   -125641    0 
225300:    1.00    6.339    0.026 0.000    0.011   -125616    0 
225400:    1.00    6.706    0.020 0.000    0.008   -125669    0 
225500:    1.00    6.334    0.026 0.000    0.009   -125669    0 
225600:    1.00    6.757    0.031 0.000    0.010   -125670    0 
225700:    1.00    6.344    0.027 0.000    0.009   -125669    0 
225800:    1.00    6.313    0.040 0.000    0.011   -125625    0 
225900:    1.00    6.305    0.040 0.000    0.013   -125626    0 

--------------------------------------------
Proportion of membership of each pre-defined
 population in each of the 2 clusters

Given    Inferred Clusters       Number of
 Pop       1      2             Individuals

  1:     0.507  0.493             358
  2:     0.506  0.494             1039
  3:     0.501  0.499             603
--------------------------------------------

  Rep#:   Lambda   Alpha      F1    F2     D1,2    Ln Like  Est Ln P(D)
226000:    1.00    6.464    0.040 0.000    0.012   -125610    0 
226100:    1.00    6.684    0.041 0.000    0.015   -125626    0 
226200:    1.00    6.582    0.037 0.000    0.014   -125652    0 
226300:    1.00    6.701    0.055 0.000    0.014   -125605    0 
226400:    1.00    6.944    0.044 0.000    0.016   -125588    0 
226500:    1.00    6.907    0.060 0.000    0.020   -125557    0 
226600:    1.00    7.120    0.063 0.000    0.020   -125554    0 
226700:    1.00    7.199    0.063 0.000    0.024   -125551    0 
226800:    1.00    6.996    0.069 0.000    0.028   -125492    0 
226900:    1.00    6.761    0.076 0.000    0.025   -125509    0 

--------------------------------------------
Proportion of membership of each pre-defined
 population in each of the 2 clusters

Given    Inferred Clusters       Number of
 Pop       1      2             Individuals

  1:     0.504  0.496             358
  2:     0.502  0.498             1039
  3:     0.497  0.503             603
--------------------------------------------

  Rep#:   Lambda   Alpha      F1    F2     D1,2    Ln Like  Est Ln P(D)
227000:    1.00    6.649    0.077 0.000    0.031   -125524    0 
227100:    1.00    6.451    0.081 0.000    0.027   -125490    0 
227200:    1.00    6.186    0.071 0.000    0.022   -125541    0 
227300:    1.00    6.475    0.061 0.000    0.020   -125532    0 
227400:    1.00    6.555    0.063 0.000    0.022   -125510    0 
227500:    1.00    6.364    0.073 0.000    0.025   -125465    0 
227600:    1.00    5.909    0.084 0.000    0.031   -125476    0 
227700:    1.00    5.860    0.078 0.000    0.030   -125507    0 
227800:    1.00    5.793    0.081 0.000    0.028   -125434    0 
227900:    1.00    5.889    0.075 0.000    0.031   -125407    0 

--------------------------------------------
Proportion of membership of each pre-defined
 population in each of the 2 clusters

Given    Inferred Clusters       Number of
 Pop       1      2             Individuals

  1:     0.500  0.500             358
  2:     0.502  0.498             1039
  3:     0.504  0.496             603
--------------------------------------------

  Rep#:   Lambda   Alpha      F1    F2     D1,2    Ln Like  Est Ln P(D)
228000:    1.00    5.955    0.066 0.000    0.034   -125473    0 
228100:    1.00    6.229    0.113 0.000    0.033   -125417    0 
228200:    1.00    6.384    0.070 0.000    0.030   -125509    0 
228300:    1.00    6.426    0.071 0.000    0.032   -125476    0 
228400:    1.00    6.561    0.080 0.000    0.031   -125462    0 
228500:    1.00    6.308    0.062 0.000    0.030   -125473    0 
228600:    1.00    6.395    0.069 0.000    0.026   -125501    0 
228700:    1.00    6.079    0.067 0.000    0.025   -125421    0 
228800:    1.00    6.193    0.070 0.000    0.028   -125491    0 
228900:    1.00    5.876    0.078 0.000    0.027   -125477    0 

--------------------------------------------
Proportion of membership of each pre-defined
 population in each of the 2 clusters

Given    Inferred Clusters       Number of
 Pop       1      2             Individuals

  1:     0.495  0.505             358
  2:     0.495  0.505             1039
  3:     0.489  0.511             603
--------------------------------------------

  Rep#:   Lambda   Alpha      F1    F2     D1,2    Ln Like  Est Ln P(D)
229000:    1.00    5.623    0.073 0.000    0.028   -125483    0 
229100:    1.00    5.489    0.065 0.000    0.022   -125499    0 
229200:    1.00    6.049    0.049 0.000    0.021   -125516    0 
229300:    1.00    5.810    0.048 0.000    0.017   -125516    0 
229400:    1.00    6.172    0.048 0.000    0.017   -125566    0 
229500:    1.00    6.079    0.078 0.000    0.021   -125464    0 
229600:    1.00    5.866    0.077 0.000    0.022   -125519    0 
229700:    1.00    6.076    0.065 0.000    0.020   -125494    0 
229800:    1.00    5.631    0.057 0.000    0.017   -125491    0 
229900:    1.00    5.974    0.051 0.000    0.017   -125543    0 

--------------------------------------------
Proportion of membership of each pre-defined
 population in each of the 2 clusters

Given    Inferred Clusters       Number of
 Pop       1      2             Individuals

  1:     0.512  0.488             358
  2:     0.507  0.493             1039
  3:     0.495  0.505             603
--------------------------------------------

  Rep#:   Lambda   Alpha      F1    F2     D1,2    Ln Like  Est Ln P(D)
230000:    1.00    5.999    0.061 0.000    0.023   -125498    0 
230100:    1.00    5.918    0.072 0.000    0.023   -125476    0 
230200:    1.00    5.636    0.061 0.000    0.026   -125447    0 
230300:    1.00    5.777    0.059 0.000    0.022   -125485    0 
230400:    1.00    5.463    0.060 0.000    0.019   -125524    0 
230500:    1.00    5.520    0.063 0.000    0.019   -125495    0 
230600:    1.00    5.372    0.069 0.000    0.019   -125500    0 
230700:    1.00    5.469    0.058 0.000    0.019   -125497    0 
230800:    1.00    5.548    0.066 0.000    0.033   -125441    0 
230900:    1.00    5.810    0.080 0.000    0.028   -125454    0 

--------------------------------------------
Proportion of membership of each pre-defined
 population in each of the 2 clusters

Given    Inferred Clusters       Number of
 Pop       1      2             Individuals

  1:     0.508  0.492             358
  2:     0.500  0.500             1039
  3:     0.498  0.502             603
--------------------------------------------

  Rep#:   Lambda   Alpha      F1    F2     D1,2    Ln Like  Est Ln P(D)
231000:    1.00    5.917    0.080 0.000    0.033   -125438    0 
231100:    1.00    6.197    0.085 0.000    0.037   -125446    0 
231200:    1.00    6.283    0.068 0.000    0.033   -125441    0 
231300:    1.00    6.642    0.089 0.000    0.032   -125487    0 
231400:    1.00    6.681    0.075 0.000    0.035   -125446    0 
231500:    1.00    6.964    0.081 0.000    0.031   -125512    0 
231600:    1.00    6.469    0.091 0.000    0.028   -125436    0 
231700:    1.00    6.785    0.085 0.000    0.035   -125422    0 
231800:    1.00    7.068    0.077 0.000    0.033   -125457    0 
231900:    1.00    6.872    0.086 0.000    0.029   -125464    0 

--------------------------------------------
Proportion of membership of each pre-defined
 population in each of the 2 clusters

Given    Inferred Clusters       Number of
 Pop       1      2             Individuals

  1:     0.500  0.500             358
  2:     0.502  0.498             1039
  3:     0.495  0.505             603
--------------------------------------------

  Rep#:   Lambda   Alpha      F1    F2     D1,2    Ln Like  Est Ln P(D)
232000:    1.00    6.931    0.081 0.000    0.034   -125474    0 
232100:    1.00    7.152    0.072 0.000    0.033   -125473    0 
232200:    1.00    6.896    0.095 0.000    0.039   -125427    0 
232300:    1.00    6.524    0.069 0.000    0.037   -125428    0 
232400:    1.00    6.570    0.090 0.000    0.036   -125409    0 
232500:    1.00    6.443    0.076 0.000    0.037   -125375    0 
232600:    1.00    6.427    0.098 0.000    0.034   -125453    0 
232700:    1.00    5.968    0.085 0.000    0.034   -125431    0 
232800:    1.00    6.460    0.086 0.000    0.034   -125455    0 
232900:    1.00    6.176    0.091 0.000    0.035   -125439    0 

--------------------------------------------
Proportion of membership of each pre-defined
 population in each of the 2 clusters

Given    Inferred Clusters       Number of
 Pop       1      2             Individuals

  1:     0.491  0.509             358
  2:     0.501  0.499             1039
  3:     0.494  0.506             603
--------------------------------------------

  Rep#:   Lambda   Alpha      F1    F2     D1,2    Ln Like  Est Ln P(D)
233000:    1.00    5.787    0.093 0.000    0.038   -125392    0 
233100:    1.00    5.718    0.079 0.000    0.037   -125411    0 
233200:    1.00    5.696    0.087 0.000    0.032   -125415    0 
233300:    1.00    5.637    0.076 0.000    0.027   -125444    0 
233400:    1.00    5.715    0.084 0.000    0.030   -125433    0 
233500:    1.00    5.683    0.079 0.000    0.026   -125424    0 
233600:    1.00    5.884    0.052 0.000    0.024   -125469    0 
233700:    1.00    5.998    0.067 0.000    0.023   -125462    0 
233800:    1.00    5.751    0.063 0.000    0.026   -125483    0 
233900:    1.00    5.443    0.062 0.000    0.031   -125415    0 

--------------------------------------------
Proportion of membership of each pre-defined
 population in each of the 2 clusters

Given    Inferred Clusters       Number of
 Pop       1      2             Individuals

  1:     0.496  0.504             358
  2:     0.499  0.501             1039
  3:     0.503  0.497             603
--------------------------------------------

  Rep#:   Lambda   Alpha      F1    F2     D1,2    Ln Like  Est Ln P(D)
234000:    1.00    5.133    0.057 0.000    0.029   -125450    0 
234100:    1.00    4.657    0.078 0.000    0.028   -125392    0 
234200:    1.00    4.961    0.060 0.000    0.025   -125430    0 
234300:    1.00    4.890    0.052 0.000    0.027   -125442    0 
234400:    1.00    4.978    0.066 0.000    0.023   -125433    0 
234500:    1.00    5.174    0.068 0.000    0.027   -125381    0 
234600:    1.00    5.119    0.056 0.000    0.026   -125419    0 
234700:    1.00    5.262    0.061 0.000    0.025   -125427    0 
234800:    1.00    5.237    0.070 0.000    0.029   -125435    0 
234900:    1.00    4.990    0.086 0.000    0.029   -125430    0 

--------------------------------------------
Proportion of membership of each pre-defined
 population in each of the 2 clusters

Given    Inferred Clusters       Number of
 Pop       1      2             Individuals

  1:     0.513  0.487             358
  2:     0.506  0.494             1039
  3:     0.506  0.494             603
--------------------------------------------

  Rep#:   Lambda   Alpha      F1    F2     D1,2    Ln Like  Est Ln P(D)
235000:    1.00    5.064    0.058 0.000    0.029   -125439    0 
235100:    1.00    5.695    0.069 0.000    0.032   -125416    0 
235200:    1.00    5.626    0.074 0.000    0.033   -125433    0 
235300:    1.00    5.380    0.079 0.000    0.027   -125402    0 
235400:    1.00    5.263    0.065 0.000    0.023   -125444    0 
235500:    1.00    5.054    0.060 0.000    0.022   -125411    0 
235600:    1.00    5.195    0.058 0.000    0.022   -125471    0 
235700:    1.00    5.117    0.052 0.000    0.017   -125494    0 
235800:    1.00    4.771    0.049 0.000    0.020   -125495    0 
235900:    1.00    4.562    0.060 0.000    0.021   -125499    0 

--------------------------------------------
Proportion of membership of each pre-defined
 population in each of the 2 clusters

Given    Inferred Clusters       Number of
 Pop       1      2             Individuals

  1:     0.508  0.492             358
  2:     0.504  0.496             1039
  3:     0.492  0.508             603
--------------------------------------------

  Rep#:   Lambda   Alpha      F1    F2     D1,2    Ln Like  Est Ln P(D)
236000:    1.00    4.914    0.059 0.000    0.024   -125481    0 
236100:    1.00    4.827    0.048 0.000    0.025   -125436    0 
236200:    1.00    4.799    0.055 0.000    0.023   -125457    0 
236300:    1.00    4.912    0.048 0.000    0.017   -125481    0 
236400:    1.00    4.836    0.062 0.000    0.020   -125468    0 
236500:    1.00    4.803    0.057 0.000    0.024   -125488    0 
236600:    1.00    4.228    0.059 0.000    0.022   -125453    0 
236700:    1.00    4.449    0.067 0.000    0.023   -125432    0 
236800:    1.00    4.242    0.052 0.000    0.023   -125409    0 
236900:    1.00    4.401    0.040 0.000    0.019   -125461    0 

--------------------------------------------
Proportion of membership of each pre-defined
 population in each of the 2 clusters

Given    Inferred Clusters       Number of
 Pop       1      2             Individuals

  1:     0.490  0.510             358
  2:     0.507  0.493             1039
  3:     0.496  0.504             603
--------------------------------------------

  Rep#:   Lambda   Alpha      F1    F2     D1,2    Ln Like  Est Ln P(D)
237000:    1.00    4.647    0.052 0.000    0.021   -125492    0 
237100:    1.00    4.583    0.065 0.000    0.023   -125428    0 
237200:    1.00    5.078    0.072 0.000    0.019   -125478    0 
237300:    1.00    5.133    0.066 0.000    0.019   -125497    0 
237400:    1.00    5.242    0.079 0.000    0.021   -125453    0 
237500:    1.00    5.458    0.061 0.000    0.019   -125453    0 
237600:    1.00    5.537    0.054 0.000    0.019   -125488    0 
237700:    1.00    5.017    0.059 0.000    0.019   -125497    0 
237800:    1.00    4.641    0.058 0.000    0.020   -125497    0 
237900:    1.00    4.649    0.055 0.000    0.018   -125469    0 

--------------------------------------------
Proportion of membership of each pre-defined
 population in each of the 2 clusters

Given    Inferred Clusters       Number of
 Pop       1      2             Individuals

  1:     0.504  0.496             358
  2:     0.511  0.489             1039
  3:     0.492  0.508             603
--------------------------------------------

  Rep#:   Lambda   Alpha      F1    F2     D1,2    Ln Like  Est Ln P(D)
238000:    1.00    4.843    0.053 0.000    0.018   -125495    0 
238100:    1.00    5.076    0.055 0.000    0.020   -125485    0 
238200:    1.00    5.168    0.059 0.000    0.020   -125481    0 
238300:    1.00    5.283    0.054 0.000    0.022   -125495    0 
238400:    1.00    5.277    0.062 0.000    0.020   -125516    0 
238500:    1.00    4.872    0.058 0.000    0.027   -125465    0 
238600:    1.00    5.009    0.042 0.000    0.025   -125482    0 
238700:    1.00    5.183    0.058 0.000    0.024   -125440    0 
238800:    1.00    5.218    0.060 0.000    0.024   -125475    0 
238900:    1.00    5.273    0.066 0.000    0.022   -125487    0 

--------------------------------------------
Proportion of membership of each pre-defined
 population in each of the 2 clusters

Given    Inferred Clusters       Number of
 Pop       1      2             Individuals

  1:     0.495  0.505             358
  2:     0.495  0.505             1039
  3:     0.507  0.493             603
--------------------------------------------

  Rep#:   Lambda   Alpha      F1    F2     D1,2    Ln Like  Est Ln P(D)
239000:    1.00    5.524    0.055 0.000    0.022   -125521    0 
239100:    1.00    5.405    0.055 0.000    0.020   -125506    0 
239200:    1.00    5.328    0.046 0.000    0.019   -125515    0 
239300:    1.00    5.137    0.062 0.000    0.025   -125470    0 
239400:    1.00    4.941    0.066 0.000    0.025   -125493    0 
239500:    1.00    5.041    0.053 0.000    0.022   -125459    0 
239600:    1.00    4.761    0.048 0.000    0.017   -125463    0 
239700:    1.00    5.046    0.061 0.000    0.018   -125487    0 
239800:    1.00    5.251    0.049 0.000    0.022   -125508    0 
239900:    1.00    5.257    0.075 0.000    0.022   -125470    0 

--------------------------------------------
Proportion of membership of each pre-defined
 population in each of the 2 clusters

Given    Inferred Clusters       Number of
 Pop       1      2             Individuals

  1:     0.508  0.492             358
  2:     0.503  0.497             1039
  3:     0.506  0.494             603
--------------------------------------------

  Rep#:   Lambda   Alpha      F1    F2     D1,2    Ln Like  Est Ln P(D)
240000:    1.00    5.599    0.067 0.000    0.025   -125408    0 
240100:    1.00    5.725    0.049 0.000    0.019   -125474    0 
240200:    1.00    5.366    0.064 0.000    0.021   -125461    0 
240300:    1.00    5.422    0.060 0.000    0.028   -125443    0 
240400:    1.00    5.589    0.041 0.000    0.023   -125432    0 
240500:    1.00    4.945    0.063 0.000    0.019   -125479    0 
240600:    1.00    5.051    0.056 0.000    0.020   -125507    0 
240700:    1.00    5.093    0.056 0.000    0.023   -125439    0 
240800:    1.00    5.086    0.073 0.000    0.027   -125422    0 
240900:    1.00    5.160    0.056 0.000    0.028   -125452    0 

--------------------------------------------
Proportion of membership of each pre-defined
 population in each of the 2 clusters

Given    Inferred Clusters       Number of
 Pop       1      2             Individuals

  1:     0.495  0.505             358
  2:     0.498  0.502             1039
  3:     0.499  0.501             603
--------------------------------------------

  Rep#:   Lambda   Alpha      F1    F2     D1,2    Ln Like  Est Ln P(D)
241000:    1.00    5.227    0.068 0.000    0.028   -125470    0 
241100:    1.00    5.049    0.067 0.000    0.025   -125416    0 
241200:    1.00    5.316    0.055 0.000    0.022   -125521    0 
241300:    1.00    5.361    0.053 0.000    0.022   -125475    0 
241400:    1.00    5.149    0.056 0.000    0.020   -125506    0 
241500:    1.00    5.018    0.047 0.000    0.019   -125491    0 
241600:    1.00    4.677    0.049 0.000    0.022   -125440    0 
241700:    1.00    4.296    0.061 0.000    0.024   -125461    0 
241800:    1.00    4.338    0.057 0.000    0.024   -125391    0 
241900:    1.00    4.137    0.053 0.000    0.026   -125423    0 

--------------------------------------------
Proportion of membership of each pre-defined
 population in each of the 2 clusters

Given    Inferred Clusters       Number of
 Pop       1      2             Individuals

  1:     0.488  0.512             358
  2:     0.502  0.498             1039
  3:     0.498  0.502             603
--------------------------------------------

  Rep#:   Lambda   Alpha      F1    F2     D1,2    Ln Like  Est Ln P(D)
242000:    1.00    3.690    0.060 0.000    0.025   -125351    0 
242100:    1.00    4.261    0.062 0.000    0.024   -125406    0 
242200:    1.00    4.115    0.052 0.000    0.026   -125406    0 
242300:    1.00    4.510    0.058 0.000    0.023   -125410    0 
242400:    1.00    4.618    0.067 0.000    0.023   -125454    0 
242500:    1.00    4.854    0.056 0.000    0.027   -125428    0 
242600:    1.00    4.646    0.055 0.000    0.023   -125424    0 
242700:    1.00    4.229    0.054 0.000    0.024   -125408    0 
242800:    1.00    4.190    0.067 0.000    0.024   -125447    0 
242900:    1.00    4.192    0.052 0.000    0.022   -125408    0 

--------------------------------------------
Proportion of membership of each pre-defined
 population in each of the 2 clusters

Given    Inferred Clusters       Number of
 Pop       1      2             Individuals

  1:     0.499  0.501             358
  2:     0.504  0.496             1039
  3:     0.490  0.510             603
--------------------------------------------

  Rep#:   Lambda   Alpha      F1    F2     D1,2    Ln Like  Est Ln P(D)
243000:    1.00    4.363    0.061 0.000    0.024   -125411    0 
243100:    1.00    4.538    0.075 0.000    0.026   -125401    0 
243200:    1.00    4.713    0.053 0.000    0.023   -125447    0 
243300:    1.00    4.414    0.053 0.000    0.021   -125406    0 
243400:    1.00    4.365    0.047 0.000    0.021   -125476    0 
243500:    1.00    4.572    0.041 0.000    0.022   -125481    0 
243600:    1.00    4.899    0.049 0.000    0.024   -125457    0 
243700:    1.00    4.481    0.053 0.000    0.026   -125425    0 
243800:    1.00    4.114    0.053 0.000    0.019   -125473    0 
243900:    1.00    4.195    0.044 0.000    0.017   -125472    0 

--------------------------------------------
Proportion of membership of each pre-defined
 population in each of the 2 clusters

Given    Inferred Clusters       Number of
 Pop       1      2             Individuals

  1:     0.489  0.511             358
  2:     0.505  0.495             1039
  3:     0.490  0.510             603
--------------------------------------------

  Rep#:   Lambda   Alpha      F1    F2     D1,2    Ln Like  Est Ln P(D)
244000:    1.00    4.144    0.043 0.000    0.020   -125426    0 
244100:    1.00    3.902    0.047 0.000    0.023   -125382    0 
244200:    1.00    3.810    0.052 0.000    0.017   -125445    0 
244300:    1.00    3.938    0.046 0.000    0.016   -125412    0 
244400:    1.00    3.660    0.047 0.000    0.020   -125402    0 
244500:    1.00    3.668    0.048 0.000    0.021   -125451    0 
244600:    1.00    3.839    0.043 0.000    0.020   -125442    0 
244700:    1.00    4.038    0.040 0.000    0.019   -125456    0 
244800:    1.00    4.121    0.041 0.000    0.023   -125401    0 
244900:    1.00    3.999    0.064 0.000    0.027   -125377    0 

--------------------------------------------
Proportion of membership of each pre-defined
 population in each of the 2 clusters

Given    Inferred Clusters       Number of
 Pop       1      2             Individuals

  1:     0.493  0.507             358
  2:     0.503  0.497             1039
  3:     0.502  0.498             603
--------------------------------------------

  Rep#:   Lambda   Alpha      F1    F2     D1,2    Ln Like  Est Ln P(D)
245000:    1.00    3.823    0.047 0.000    0.024   -125431    0 
245100:    1.00    3.809    0.048 0.000    0.025   -125385    0 
245200:    1.00    3.657    0.035 0.000    0.022   -125407    0 
245300:    1.00    3.651    0.046 0.000    0.024   -125377    0 
245400:    1.00    3.759    0.042 0.000    0.020   -125412    0 
245500:    1.00    4.187    0.044 0.000    0.020   -125463    0 
245600:    1.00    4.415    0.045 0.000    0.020   -125449    0 
245700:    1.00    4.608    0.068 0.000    0.018   -125490    0 
245800:    1.00    4.568    0.066 0.000    0.018   -125492    0 
245900:    1.00    4.654    0.060 0.000    0.022   -125469    0 

--------------------------------------------
Proportion of membership of each pre-defined
 population in each of the 2 clusters

Given    Inferred Clusters       Number of
 Pop       1      2             Individuals

  1:     0.499  0.501             358
  2:     0.503  0.497             1039
  3:     0.500  0.500             603
--------------------------------------------

  Rep#:   Lambda   Alpha      F1    F2     D1,2    Ln Like  Est Ln P(D)
246000:    1.00    4.878    0.056 0.000    0.017   -125513    0 
246100:    1.00    4.615    0.070 0.000    0.018   -125466    0 
246200:    1.00    4.388    0.050 0.000    0.018   -125478    0 
246300:    1.00    4.423    0.059 0.000    0.021   -125451    0 
246400:    1.00    4.240    0.061 0.000    0.020   -125363    0 
246500:    1.00    4.242    0.064 0.000    0.024   -125385    0 
246600:    1.00    4.326    0.056 0.000    0.025   -125392    0 
246700:    1.00    4.429    0.065 0.000    0.027   -125327    0 
246800:    1.00    4.505    0.060 0.000    0.026   -125408    0 
246900:    1.00    4.654    0.072 0.000    0.027   -125405    0 

--------------------------------------------
Proportion of membership of each pre-defined
 population in each of the 2 clusters

Given    Inferred Clusters       Number of
 Pop       1      2             Individuals

  1:     0.504  0.496             358
  2:     0.507  0.493             1039
  3:     0.491  0.509             603
--------------------------------------------

  Rep#:   Lambda   Alpha      F1    F2     D1,2    Ln Like  Est Ln P(D)
247000:    1.00    4.819    0.056 0.000    0.026   -125418    0 
247100:    1.00    4.849    0.055 0.000    0.027   -125390    0 
247200:    1.00    5.054    0.086 0.000    0.032   -125424    0 
247300:    1.00    4.952    0.061 0.000    0.029   -125415    0 
247400:    1.00    4.749    0.069 0.000    0.024   -125434    0 
247500:    1.00    4.680    0.055 0.000    0.030   -125433    0 
247600:    1.00    4.746    0.062 0.000    0.028   -125407    0 
247700:    1.00    4.933    0.073 0.000    0.023   -125407    0 
247800:    1.00    5.026    0.067 0.000    0.024   -125431    0 
247900:    1.00    5.401    0.061 0.000    0.029   -125381    0 

--------------------------------------------
Proportion of membership of each pre-defined
 population in each of the 2 clusters

Given    Inferred Clusters       Number of
 Pop       1      2             Individuals

  1:     0.498  0.502             358
  2:     0.508  0.492             1039
  3:     0.489  0.511             603
--------------------------------------------

  Rep#:   Lambda   Alpha      F1    F2     D1,2    Ln Like  Est Ln P(D)
248000:    1.00    5.190    0.083 0.000    0.028   -125446    0 
248100:    1.00    5.705    0.067 0.000    0.028   -125455    0 
248200:    1.00    5.728    0.067 0.000    0.027   -125471    0 
248300:    1.00    6.118    0.053 0.000    0.020   -125478    0 
248400:    1.00    5.767    0.043 0.000    0.021   -125518    0 
248500:    1.00    5.485    0.048 0.000    0.019   -125500    0 
248600:    1.00    5.111    0.043 0.000    0.017   -125519    0 
248700:    1.00    4.762    0.045 0.000    0.014   -125533    0 
248800:    1.00    4.180    0.046 0.000    0.017   -125508    0 
248900:    1.00    4.391    0.052 0.000    0.017   -125493    0 

--------------------------------------------
Proportion of membership of each pre-defined
 population in each of the 2 clusters

Given    Inferred Clusters       Number of
 Pop       1      2             Individuals

  1:     0.516  0.484             358
  2:     0.499  0.501             1039
  3:     0.500  0.500             603
--------------------------------------------

  Rep#:   Lambda   Alpha      F1    F2     D1,2    Ln Like  Est Ln P(D)
249000:    1.00    4.153    0.053 0.000    0.017   -125440    0 
249100:    1.00    4.435    0.065 0.000    0.018   -125450    0 
249200:    1.00    4.619    0.057 0.000    0.018   -125473    0 
249300:    1.00    4.598    0.046 0.000    0.017   -125502    0 
249400:    1.00    4.586    0.040 0.000    0.015   -125508    0 
249500:    1.00    4.430    0.058 0.000    0.016   -125442    0 
249600:    1.00    4.480    0.035 0.000    0.015   -125498    0 
249700:    1.00    4.683    0.047 0.000    0.017   -125522    0 
249800:    1.00    4.796    0.043 0.000    0.017   -125467    0 
249900:    1.00    5.060    0.038 0.000    0.016   -125551    0 

--------------------------------------------
Proportion of membership of each pre-defined
 population in each of the 2 clusters

Given    Inferred Clusters       Number of
 Pop       1      2             Individuals

  1:     0.508  0.492             358
  2:     0.506  0.494             1039
  3:     0.501  0.499             603
--------------------------------------------

  Rep#:   Lambda   Alpha      F1    F2     D1,2    Ln Like  Est Ln P(D)
250000:    1.00    4.471    0.041 0.000    0.018   -125501    0 
250100:    1.00    4.440    0.055 0.000    0.019   -125437    0 
250200:    1.00    4.288    0.047 0.000    0.017   -125513    0 
250300:    1.00    4.230    0.053 0.000    0.016   -125462    0 
250400:    1.00    3.896    0.053 0.000    0.017   -125434    0 
250500:    1.00    3.816    0.055 0.000    0.019   -125397    0 
250600:    1.00    3.752    0.051 0.000    0.018   -125448    0 
250700:    1.00    3.919    0.047 0.000    0.016   -125462    0 
250800:    1.00    4.214    0.051 0.000    0.016   -125489    0 
250900:    1.00    4.223    0.040 0.000    0.014   -125444    0 

--------------------------------------------
Proportion of membership of each pre-defined
 population in each of the 2 clusters

Given    Inferred Clusters       Number of
 Pop       1      2             Individuals

  1:     0.510  0.490             358
  2:     0.506  0.494             1039
  3:     0.499  0.501             603
--------------------------------------------

  Rep#:   Lambda   Alpha      F1    F2     D1,2    Ln Like  Est Ln P(D)
251000:    1.00    3.869    0.034 0.000    0.015   -125450    0 
251100:    1.00    3.803    0.046 0.000    0.016   -125443    0 
251200:    1.00    3.870    0.043 0.000    0.014   -125457    0 
251300:    1.00    3.470    0.045 0.000    0.016   -125463    0 
251400:    1.00    3.125    0.031 0.000    0.016   -125407    0 
251500:    1.00    3.043    0.029 0.000    0.013   -125484    0 
251600:    1.00    3.232    0.029 0.000    0.010   -125491    0 
251700:    1.00    3.591    0.027 0.000    0.009   -125549    0 
251800:    1.00    3.547    0.029 0.000    0.009   -125529    0 
251900:    1.00    3.463    0.025 0.000    0.009   -125558    0 

--------------------------------------------
Proportion of membership of each pre-defined
 population in each of the 2 clusters

Given    Inferred Clusters       Number of
 Pop       1      2             Individuals

  1:     0.507  0.493             358
  2:     0.501  0.499             1039
  3:     0.484  0.516             603
--------------------------------------------

  Rep#:   Lambda   Alpha      F1    F2     D1,2    Ln Like  Est Ln P(D)
252000:    1.00    3.300    0.027 0.000    0.010   -125589    0 
252100:    1.00    2.508    0.030 0.000    0.011   -125454    0 
252200:    1.00    2.978    0.028 0.000    0.012   -125475    0 
252300:    1.00    2.929    0.031 0.000    0.011   -125522    0 
252400:    1.00    2.417    0.031 0.000    0.012   -125458    0 
252500:    1.00    2.593    0.031 0.000    0.012   -125429    0 
252600:    1.00    2.551    0.032 0.000    0.012   -125385    0 
252700:    1.00    2.364    0.033 0.000    0.013   -125392    0 
252800:    1.00    2.324    0.032 0.000    0.013   -125386    0 
252900:    1.00    2.537    0.032 0.000    0.015   -125399    0 

--------------------------------------------
Proportion of membership of each pre-defined
 population in each of the 2 clusters

Given    Inferred Clusters       Number of
 Pop       1      2             Individuals

  1:     0.496  0.504             358
  2:     0.491  0.509             1039
  3:     0.496  0.504             603
--------------------------------------------

  Rep#:   Lambda   Alpha      F1    F2     D1,2    Ln Like  Est Ln P(D)
253000:    1.00    2.300    0.030 0.000    0.013   -125361    0 
253100:    1.00    2.272    0.041 0.000    0.013   -125398    0 
253200:    1.00    2.434    0.039 0.000    0.014   -125379    0 
253300:    1.00    2.945    0.036 0.000    0.017   -125407    0 
253400:    1.00    3.120    0.043 0.000    0.015   -125475    0 
253500:    1.00    3.234    0.028 0.000    0.011   -125507    0 
253600:    1.00    3.221    0.032 0.000    0.012   -125461    0 
253700:    1.00    3.190    0.040 0.000    0.013   -125488    0 
253800:    1.00    2.988    0.026 0.000    0.010   -125502    0 
253900:    1.00    2.603    0.023 0.000    0.010   -125496    0 

--------------------------------------------
Proportion of membership of each pre-defined
 population in each of the 2 clusters

Given    Inferred Clusters       Number of
 Pop       1      2             Individuals

  1:     0.525  0.475             358
  2:     0.501  0.499             1039
  3:     0.499  0.501             603
--------------------------------------------

  Rep#:   Lambda   Alpha      F1    F2     D1,2    Ln Like  Est Ln P(D)
254000:    1.00    2.644    0.028 0.000    0.011   -125469    0 
254100:    1.00    2.686    0.023 0.000    0.009   -125464    0 
254200:    1.00    2.686    0.038 0.000    0.010   -125462    0 
254300:    1.00    2.657    0.036 0.000    0.013   -125440    0 
254400:    1.00    2.672    0.036 0.000    0.013   -125400    0 
254500:    1.00    2.785    0.044 0.000    0.012   -125437    0 
254600:    1.00    2.848    0.032 0.000    0.011   -125478    0 
254700:    1.00    2.873    0.037 0.000    0.013   -125430    0 
254800:    1.00    2.888    0.046 0.000    0.014   -125411    0 
254900:    1.00    3.024    0.032 0.000    0.015   -125444    0 

--------------------------------------------
Proportion of membership of each pre-defined
 population in each of the 2 clusters

Given    Inferred Clusters       Number of
 Pop       1      2             Individuals

  1:     0.517  0.483             358
  2:     0.496  0.504             1039
  3:     0.485  0.515             603
--------------------------------------------

  Rep#:   Lambda   Alpha      F1    F2     D1,2    Ln Like  Est Ln P(D)
255000:    1.00    2.770    0.037 0.000    0.016   -125351    0 
255100:    1.00    2.821    0.036 0.000    0.013   -125403    0 
255200:    1.00    3.146    0.041 0.000    0.014   -125457    0 
255300:    1.00    3.230    0.039 0.000    0.015   -125409    0 
255400:    1.00    3.357    0.045 0.000    0.014   -125426    0 
255500:    1.00    3.624    0.040 0.000    0.014   -125411    0 
255600:    1.00    3.882    0.040 0.000    0.015   -125442    0 
255700:    1.00    3.740    0.043 0.000    0.018   -125461    0 
255800:    1.00    3.641    0.055 0.000    0.019   -125424    0 
255900:    1.00    4.110    0.044 0.000    0.016   -125457    0 

--------------------------------------------
Proportion of membership of each pre-defined
 population in each of the 2 clusters

Given    Inferred Clusters       Number of
 Pop       1      2             Individuals

  1:     0.520  0.480             358
  2:     0.510  0.490             1039
  3:     0.508  0.492             603
--------------------------------------------

  Rep#:   Lambda   Alpha      F1    F2     D1,2    Ln Like  Est Ln P(D)
256000:    1.00    3.993    0.037 0.000    0.018   -125438    0 
256100:    1.00    3.526    0.043 0.000    0.017   -125450    0 
256200:    1.00    3.445    0.047 0.000    0.018   -125437    0 
256300:    1.00    3.861    0.048 0.000    0.017   -125459    0 
256400:    1.00    4.220    0.044 0.000    0.017   -125460    0 
256500:    1.00    4.332    0.045 0.000    0.015   -125472    0 
256600:    1.00    4.485    0.045 0.000    0.016   -125455    0 
256700:    1.00    4.585    0.063 0.000    0.019   -125442    0 
256800:    1.00    4.467    0.065 0.000    0.020   -125440    0 
256900:    1.00    4.121    0.052 0.000    0.020   -125458    0 

--------------------------------------------
Proportion of membership of each pre-defined
 population in each of the 2 clusters

Given    Inferred Clusters       Number of
 Pop       1      2             Individuals

  1:     0.495  0.505             358
  2:     0.500  0.500             1039
  3:     0.497  0.503             603
--------------------------------------------

  Rep#:   Lambda   Alpha      F1    F2     D1,2    Ln Like  Est Ln P(D)
257000:    1.00    4.261    0.063 0.000    0.023   -125416    0 
257100:    1.00    4.741    0.048 0.000    0.020   -125437    0 
257200:    1.00    4.397    0.047 0.000    0.021   -125461    0 
257300:    1.00    4.430    0.065 0.000    0.024   -125411    0 
257400:    1.00    4.335    0.057 0.000    0.023   -125395    0 
257500:    1.00    4.107    0.057 0.000    0.020   -125441    0 
257600:    1.00    3.938    0.047 0.000    0.015   -125475    0 
257700:    1.00    3.862    0.061 0.000    0.018   -125386    0 
257800:    1.00    4.194    0.052 0.000    0.017   -125453    0 
257900:    1.00    4.278    0.039 0.000    0.018   -125462    0 

--------------------------------------------
Proportion of membership of each pre-defined
 population in each of the 2 clusters

Given    Inferred Clusters       Number of
 Pop       1      2             Individuals

  1:     0.503  0.497             358
  2:     0.498  0.502             1039
  3:     0.500  0.500             603
--------------------------------------------

  Rep#:   Lambda   Alpha      F1    F2     D1,2    Ln Like  Est Ln P(D)
258000:    1.00    4.539    0.049 0.000    0.019   -125484    0 
258100:    1.00    4.734    0.060 0.000    0.020   -125450    0 
258200:    1.00    4.766    0.067 0.000    0.024   -125440    0 
258300:    1.00    5.360    0.069 0.000    0.029   -125372    0 
258400:    1.00    4.967    0.048 0.000    0.022   -125442    0 
258500:    1.00    4.742    0.045 0.000    0.024   -125469    0 
258600:    1.00    4.756    0.058 0.000    0.019   -125471    0 
258700:    1.00    4.393    0.049 0.000    0.021   -125437    0 
258800:    1.00    4.238    0.046 0.000    0.022   -125424    0 
258900:    1.00    4.524    0.052 0.000    0.021   -125464    0 

--------------------------------------------
Proportion of membership of each pre-defined
 population in each of the 2 clusters

Given    Inferred Clusters       Number of
 Pop       1      2             Individuals

  1:     0.513  0.487             358
  2:     0.508  0.492             1039
  3:     0.491  0.509             603
--------------------------------------------

  Rep#:   Lambda   Alpha      F1    F2     D1,2    Ln Like  Est Ln P(D)
259000:    1.00    4.594    0.063 0.000    0.024   -125452    0 
259100:    1.00    4.471    0.056 0.000    0.020   -125478    0 
259200:    1.00    4.744    0.042 0.000    0.021   -125508    0 
259300:    1.00    4.522    0.052 0.000    0.025   -125446    0 
259400:    1.00    5.045    0.060 0.000    0.024   -125455    0 
259500:    1.00    4.722    0.050 0.000    0.024   -125428    0 
259600:    1.00    4.715    0.054 0.000    0.023   -125469    0 
259700:    1.00    4.601    0.057 0.000    0.021   -125431    0 
259800:    1.00    4.683    0.059 0.000    0.020   -125443    0 
259900:    1.00    4.777    0.069 0.000    0.021   -125452    0 

--------------------------------------------
Proportion of membership of each pre-defined
 population in each of the 2 clusters

Given    Inferred Clusters       Number of
 Pop       1      2             Individuals

  1:     0.505  0.495             358
  2:     0.501  0.499             1039
  3:     0.512  0.488             603
--------------------------------------------

  Rep#:   Lambda   Alpha      F1    F2     D1,2    Ln Like  Est Ln P(D)
260000:    1.00    5.112    0.051 0.000    0.021   -125504    0 
260100:    1.00    5.135    0.050 0.000    0.022   -125498    0 
260200:    1.00    4.883    0.053 0.000    0.022   -125468    0 
260300:    1.00    4.673    0.051 0.000    0.024   -125395    0 
260400:    1.00    4.489    0.077 0.000    0.025   -125361    0 
260500:    1.00    4.805    0.069 0.000    0.023   -125460    0 
260600:    1.00    4.642    0.056 0.000    0.020   -125451    0 
260700:    1.00    4.661    0.075 0.000    0.022   -125378    0 
260800:    1.00    4.503    0.060 0.000    0.021   -125451    0 
260900:    1.00    4.373    0.083 0.000    0.020   -125407    0 

--------------------------------------------
Proportion of membership of each pre-defined
 population in each of the 2 clusters

Given    Inferred Clusters       Number of
 Pop       1      2             Individuals

  1:     0.510  0.490             358
  2:     0.505  0.495             1039
  3:     0.490  0.510             603
--------------------------------------------

  Rep#:   Lambda   Alpha      F1    F2     D1,2    Ln Like  Est Ln P(D)
261000:    1.00    4.407    0.058 0.000    0.020   -125434    0 
261100:    1.00    4.325    0.055 0.000    0.017   -125443    0 
261200:    1.00    4.196    0.061 0.000    0.021   -125456    0 
261300:    1.00    4.293    0.073 0.000    0.019   -125397    0 
261400:    1.00    4.234    0.060 0.000    0.016   -125458    0 
261500:    1.00    4.149    0.049 0.000    0.017   -125436    0 
261600:    1.00    4.283    0.051 0.000    0.019   -125379    0 
261700:    1.00    4.149    0.053 0.000    0.018   -125421    0 
261800:    1.00    4.240    0.074 0.000    0.020   -125372    0 
261900:    1.00    4.256    0.051 0.000    0.016   -125424    0 

--------------------------------------------
Proportion of membership of each pre-defined
 population in each of the 2 clusters

Given    Inferred Clusters       Number of
 Pop       1      2             Individuals

  1:     0.513  0.487             358
  2:     0.505  0.495             1039
  3:     0.497  0.503             603
--------------------------------------------

  Rep#:   Lambda   Alpha      F1    F2     D1,2    Ln Like  Est Ln P(D)
262000:    1.00    4.411    0.051 0.000    0.022   -125426    0 
262100:    1.00    4.646    0.064 0.000    0.018   -125489    0 
262200:    1.00    4.860    0.055 0.000    0.021   -125465    0 
262300:    1.00    4.739    0.050 0.000    0.022   -125451    0 
262400:    1.00    4.547    0.050 0.000    0.018   -125459    0 
262500:    1.00    4.509    0.062 0.000    0.023   -125454    0 
262600:    1.00    4.331    0.040 0.000    0.020   -125503    0 
262700:    1.00    4.430    0.064 0.000    0.019   -125471    0 
262800:    1.00    4.716    0.061 0.000    0.018   -125495    0 
262900:    1.00    4.908    0.057 0.000    0.021   -125474    0 

--------------------------------------------
Proportion of membership of each pre-defined
 population in each of the 2 clusters

Given    Inferred Clusters       Number of
 Pop       1      2             Individuals

  1:     0.495  0.505             358
  2:     0.506  0.494             1039
  3:     0.491  0.509             603
--------------------------------------------

  Rep#:   Lambda   Alpha      F1    F2     D1,2    Ln Like  Est Ln P(D)
263000:    1.00    4.803    0.051 0.000    0.021   -125486    0 
263100:    1.00    4.559    0.054 0.000    0.018   -125488    0 
263200:    1.00    4.534    0.067 0.000    0.019   -125437    0 
263300:    1.00    4.649    0.047 0.000    0.019   -125529    0 
263400:    1.00    4.525    0.048 0.000    0.019   -125469    0 
263500:    1.00    4.729    0.040 0.000    0.022   -125497    0 
263600:    1.00    4.710    0.058 0.000    0.021   -125453    0 
263700:    1.00    4.422    0.066 0.000    0.022   -125422    0 
263800:    1.00    4.067    0.059 0.000    0.022   -125357    0 
263900:    1.00    4.379    0.071 0.000    0.022   -125419    0 

--------------------------------------------
Proportion of membership of each pre-defined
 population in each of the 2 clusters

Given    Inferred Clusters       Number of
 Pop       1      2             Individuals

  1:     0.513  0.487             358
  2:     0.505  0.495             1039
  3:     0.506  0.494             603
--------------------------------------------

  Rep#:   Lambda   Alpha      F1    F2     D1,2    Ln Like  Est Ln P(D)
264000:    1.00    4.786    0.052 0.000    0.021   -125461    0 
264100:    1.00    4.824    0.055 0.000    0.017   -125501    0 
264200:    1.00    5.206    0.052 0.000    0.019   -125505    0 
264300:    1.00    5.032    0.049 0.000    0.024   -125448    0 
264400:    1.00    4.769    0.046 0.000    0.016   -125520    0 
264500:    1.00    4.398    0.061 0.000    0.014   -125526    0 
264600:    1.00    4.322    0.044 0.000    0.018   -125501    0 
264700:    1.00    4.197    0.037 0.000    0.016   -125520    0 
264800:    1.00    4.172    0.042 0.000    0.014   -125487    0 
264900:    1.00    4.067    0.045 0.000    0.015   -125460    0 

--------------------------------------------
Proportion of membership of each pre-defined
 population in each of the 2 clusters

Given    Inferred Clusters       Number of
 Pop       1      2             Individuals

  1:     0.509  0.491             358
  2:     0.502  0.498             1039
  3:     0.495  0.505             603
--------------------------------------------

  Rep#:   Lambda   Alpha      F1    F2     D1,2    Ln Like  Est Ln P(D)
265000:    1.00    4.132    0.037 0.000    0.017   -125441    0 
265100:    1.00    4.109    0.048 0.000    0.017   -125440    0 
265200:    1.00    3.983    0.047 0.000    0.017   -125469    0 
265300:    1.00    3.888    0.039 0.000    0.017   -125493    0 
265400:    1.00    4.348    0.042 0.000    0.015   -125521    0 
265500:    1.00    4.399    0.044 0.000    0.017   -125482    0 
265600:    1.00    4.314    0.054 0.000    0.019   -125491    0 
265700:    1.00    4.317    0.051 0.000    0.019   -125486    0 
265800:    1.00    4.293    0.048 0.000    0.018   -125471    0 
265900:    1.00    4.202    0.051 0.000    0.018   -125474    0 

--------------------------------------------
Proportion of membership of each pre-defined
 population in each of the 2 clusters

Given    Inferred Clusters       Number of
 Pop       1      2             Individuals

  1:     0.492  0.508             358
  2:     0.495  0.505             1039
  3:     0.499  0.501             603
--------------------------------------------

  Rep#:   Lambda   Alpha      F1    F2     D1,2    Ln Like  Est Ln P(D)
266000:    1.00    4.022    0.053 0.000    0.020   -125414    0 
266100:    1.00    4.119    0.048 0.000    0.022   -125383    0 
266200:    1.00    4.190    0.039 0.000    0.021   -125481    0 
266300:    1.00    4.084    0.039 0.000    0.019   -125440    0 
266400:    1.00    4.194    0.048 0.000    0.021   -125497    0 
266500:    1.00    4.175    0.049 0.000    0.022   -125456    0 
266600:    1.00    3.870    0.050 0.000    0.020   -125403    0 
266700:    1.00    3.703    0.059 0.000    0.022   -125410    0 
266800:    1.00    3.941    0.057 0.000    0.022   -125441    0 
266900:    1.00    3.920    0.071 0.000    0.022   -125379    0 

--------------------------------------------
Proportion of membership of each pre-defined
 population in each of the 2 clusters

Given    Inferred Clusters       Number of
 Pop       1      2             Individuals

  1:     0.510  0.490             358
  2:     0.500  0.500             1039
  3:     0.505  0.495             603
--------------------------------------------

  Rep#:   Lambda   Alpha      F1    F2     D1,2    Ln Like  Est Ln P(D)
267000:    1.00    4.105    0.059 0.000    0.020   -125440    0 
267100:    1.00    4.042    0.052 0.000    0.018   -125466    0 
267200:    1.00    3.907    0.056 0.000    0.018   -125411    0 
267300:    1.00    3.980    0.060 0.000    0.019   -125441    0 
267400:    1.00    4.021    0.054 0.000    0.021   -125415    0 
267500:    1.00    4.383    0.050 0.000    0.022   -125438    0 
267600:    1.00    5.000    0.059 0.000    0.022   -125441    0 
267700:    1.00    4.875    0.055 0.000    0.023   -125485    0 
267800:    1.00    4.665    0.066 0.000    0.022   -125434    0 
267900:    1.00    4.777    0.055 0.000    0.022   -125424    0 

--------------------------------------------
Proportion of membership of each pre-defined
 population in each of the 2 clusters

Given    Inferred Clusters       Number of
 Pop       1      2             Individuals

  1:     0.508  0.492             358
  2:     0.506  0.494             1039
  3:     0.501  0.499             603
--------------------------------------------

  Rep#:   Lambda   Alpha      F1    F2     D1,2    Ln Like  Est Ln P(D)
268000:    1.00    4.639    0.056 0.000    0.025   -125429    0 
268100:    1.00    4.847    0.060 0.000    0.028   -125405    0 
268200:    1.00    4.788    0.044 0.000    0.026   -125434    0 
268300:    1.00    4.909    0.048 0.000    0.025   -125443    0 
268400:    1.00    4.957    0.070 0.000    0.026   -125439    0 
268500:    1.00    5.205    0.057 0.000    0.025   -125477    0 
268600:    1.00    4.982    0.068 0.000    0.027   -125512    0 
268700:    1.00    5.163    0.061 0.000    0.024   -125481    0 
268800:    1.00    5.401    0.053 0.000    0.025   -125496    0 
268900:    1.00    5.258    0.065 0.000    0.023   -125415    0 

--------------------------------------------
Proportion of membership of each pre-defined
 population in each of the 2 clusters

Given    Inferred Clusters       Number of
 Pop       1      2             Individuals

  1:     0.502  0.498             358
  2:     0.501  0.499             1039
  3:     0.510  0.490             603
--------------------------------------------

  Rep#:   Lambda   Alpha      F1    F2     D1,2    Ln Like  Est Ln P(D)
269000:    1.00    4.917    0.059 0.000    0.021   -125439    0 
269100:    1.00    5.034    0.050 0.000    0.021   -125465    0 
269200:    1.00    5.103    0.048 0.000    0.016   -125547    0 
269300:    1.00    4.852    0.051 0.000    0.016   -125433    0 
269400:    1.00    4.724    0.037 0.000    0.018   -125474    0 
269500:    1.00    4.680    0.034 0.000    0.016   -125500    0 
269600:    1.00    4.766    0.050 0.000    0.016   -125482    0 
269700:    1.00    4.659    0.053 0.000    0.019   -125472    0 
269800:    1.00    4.737    0.064 0.000    0.023   -125407    0 
269900:    1.00    4.412    0.066 0.000    0.026   -125336    0 

--------------------------------------------
Proportion of membership of each pre-defined
 population in each of the 2 clusters

Given    Inferred Clusters       Number of
 Pop       1      2             Individuals

  1:     0.505  0.495             358
  2:     0.506  0.494             1039
  3:     0.500  0.500             603
--------------------------------------------

  Rep#:   Lambda   Alpha      F1    F2     D1,2    Ln Like  Est Ln P(D)
270000:    1.00    4.390    0.077 0.000    0.024   -125416    0 
270100:    1.00    4.127    0.077 0.000    0.028   -125369    0 
270200:    1.00    4.004    0.066 0.000    0.027   -125361    0 
270300:    1.00    4.259    0.076 0.000    0.022   -125397    0 
270400:    1.00    4.257    0.070 0.000    0.023   -125387    0 
270500:    1.00    4.054    0.058 0.000    0.022   -125414    0 
270600:    1.00    4.214    0.064 0.000    0.019   -125438    0 
270700:    1.00    3.859    0.053 0.000    0.018   -125427    0 
270800:    1.00    4.015    0.047 0.000    0.019   -125405    0 
270900:    1.00    4.303    0.051 0.000    0.021   -125426    0 

--------------------------------------------
Proportion of membership of each pre-defined
 population in each of the 2 clusters

Given    Inferred Clusters       Number of
 Pop       1      2             Individuals

  1:     0.495  0.505             358
  2:     0.502  0.498             1039
  3:     0.501  0.499             603
--------------------------------------------

  Rep#:   Lambda   Alpha      F1    F2     D1,2    Ln Like  Est Ln P(D)
271000:    1.00    4.332    0.046 0.000    0.025   -125400    0 
271100:    1.00    4.724    0.072 0.000    0.030   -125420    0 
271200:    1.00    4.924    0.065 0.000    0.027   -125427    0 
271300:    1.00    5.301    0.095 0.000    0.028   -125359    0 
271400:    1.00    5.026    0.079 0.000    0.029   -125393    0 
271500:    1.00    5.246    0.076 0.000    0.032   -125385    0 
271600:    1.00    5.184    0.067 0.000    0.026   -125383    0 
271700:    1.00    4.887    0.072 0.000    0.024   -125420    0 
271800:    1.00    4.808    0.052 0.000    0.027   -125367    0 
271900:    1.00    4.679    0.060 0.000    0.027   -125342    0 

--------------------------------------------
Proportion of membership of each pre-defined
 population in each of the 2 clusters

Given    Inferred Clusters       Number of
 Pop       1      2             Individuals

  1:     0.495  0.505             358
  2:     0.496  0.504             1039
  3:     0.500  0.500             603
--------------------------------------------

  Rep#:   Lambda   Alpha      F1    F2     D1,2    Ln Like  Est Ln P(D)
272000:    1.00    4.642    0.051 0.000    0.024   -125363    0 
272100:    1.00    4.784    0.063 0.000    0.027   -125383    0 
272200:    1.00    4.980    0.066 0.000    0.027   -125388    0 
272300:    1.00    4.800    0.054 0.000    0.025   -125438    0 
272400:    1.00    4.941    0.082 0.000    0.026   -125413    0 
272500:    1.00    4.920    0.061 0.000    0.025   -125413    0 
272600:    1.00    4.694    0.068 0.000    0.028   -125392    0 
272700:    1.00    4.886    0.073 0.000    0.024   -125358    0 
272800:    1.00    5.076    0.052 0.000    0.027   -125414    0 
272900:    1.00    5.346    0.067 0.000    0.025   -125449    0 

--------------------------------------------
Proportion of membership of each pre-defined
 population in each of the 2 clusters

Given    Inferred Clusters       Number of
 Pop       1      2             Individuals

  1:     0.502  0.498             358
  2:     0.504  0.496             1039
  3:     0.500  0.500             603
--------------------------------------------

  Rep#:   Lambda   Alpha      F1    F2     D1,2    Ln Like  Est Ln P(D)
273000:    1.00    5.278    0.065 0.000    0.024   -125490    0 
273100:    1.00    5.479    0.073 0.000    0.026   -125452    0 
273200:    1.00    4.956    0.059 0.000    0.024   -125445    0 
273300:    1.00    5.233    0.074 0.000    0.025   -125465    0 
273400:    1.00    4.848    0.073 0.000    0.026   -125365    0 
273500:    1.00    5.239    0.073 0.000    0.028   -125443    0 
273600:    1.00    5.540    0.062 0.000    0.030   -125397    0 
273700:    1.00    5.547    0.078 0.000    0.029   -125401    0 
273800:    1.00    5.763    0.072 0.000    0.023   -125482    0 
273900:    1.00    5.605    0.061 0.000    0.023   -125521    0 

--------------------------------------------
Proportion of membership of each pre-defined
 population in each of the 2 clusters

Given    Inferred Clusters       Number of
 Pop       1      2             Individuals

  1:     0.509  0.491             358
  2:     0.496  0.504             1039
  3:     0.499  0.501             603
--------------------------------------------

  Rep#:   Lambda   Alpha      F1    F2     D1,2    Ln Like  Est Ln P(D)
274000:    1.00    5.352    0.059 0.000    0.023   -125463    0 
274100:    1.00    5.479    0.063 0.000    0.026   -125444    0 
274200:    1.00    5.699    0.069 0.000    0.030   -125420    0 
274300:    1.00    5.216    0.076 0.000    0.030   -125410    0 
274400:    1.00    5.149    0.062 0.000    0.030   -125414    0 
274500:    1.00    5.207    0.079 0.000    0.024   -125418    0 
274600:    1.00    5.514    0.066 0.000    0.027   -125451    0 
274700:    1.00    5.578    0.073 0.000    0.024   -125466    0 
274800:    1.00    5.474    0.049 0.000    0.022   -125504    0 
274900:    1.00    5.336    0.059 0.000    0.023   -125469    0 

--------------------------------------------
Proportion of membership of each pre-defined
 population in each of the 2 clusters

Given    Inferred Clusters       Number of
 Pop       1      2             Individuals

  1:     0.494  0.506             358
  2:     0.504  0.496             1039
  3:     0.492  0.508             603
--------------------------------------------

  Rep#:   Lambda   Alpha      F1    F2     D1,2    Ln Like  Est Ln P(D)
275000:    1.00    5.345    0.053 0.000    0.023   -125507    0 
275100:    1.00    5.251    0.064 0.000    0.026   -125446    0 
275200:    1.00    5.329    0.052 0.000    0.022   -125497    0 
275300:    1.00    4.964    0.049 0.000    0.021   -125514    0 
275400:    1.00    4.963    0.068 0.000    0.022   -125454    0 
275500:    1.00    5.026    0.061 0.000    0.021   -125433    0 
275600:    1.00    4.511    0.061 0.000    0.019   -125466    0 
275700:    1.00    4.850    0.048 0.000    0.023   -125456    0 
275800:    1.00    5.217    0.055 0.000    0.020   -125529    0 
275900:    1.00    5.464    0.048 0.000    0.017   -125534    0 

--------------------------------------------
Proportion of membership of each pre-defined
 population in each of the 2 clusters

Given    Inferred Clusters       Number of
 Pop       1      2             Individuals

  1:     0.487  0.513             358
  2:     0.500  0.500             1039
  3:     0.500  0.500             603
--------------------------------------------

  Rep#:   Lambda   Alpha      F1    F2     D1,2    Ln Like  Est Ln P(D)
276000:    1.00    5.623    0.048 0.000    0.015   -125554    0 
276100:    1.00    5.351    0.050 0.000    0.017   -125534    0 
276200:    1.00    4.950    0.050 0.000    0.016   -125522    0 
276300:    1.00    4.652    0.044 0.000    0.015   -125480    0 
276400:    1.00    4.845    0.045 0.000    0.016   -125509    0 
276500:    1.00    4.876    0.031 0.000    0.015   -125519    0 
276600:    1.00    4.731    0.050 0.000    0.018   -125546    0 
276700:    1.00    4.447    0.048 0.000    0.015   -125509    0 
276800:    1.00    5.085    0.038 0.000    0.013   -125522    0 
276900:    1.00    4.994    0.040 0.000    0.015   -125525    0 

--------------------------------------------
Proportion of membership of each pre-defined
 population in each of the 2 clusters

Given    Inferred Clusters       Number of
 Pop       1      2             Individuals

  1:     0.506  0.494             358
  2:     0.500  0.500             1039
  3:     0.497  0.503             603
--------------------------------------------

  Rep#:   Lambda   Alpha      F1    F2     D1,2    Ln Like  Est Ln P(D)
277000:    1.00    4.954    0.046 0.000    0.016   -125522    0 
277100:    1.00    4.851    0.039 0.000    0.014   -125535    0 
277200:    1.00    4.886    0.044 0.000    0.017   -125509    0 
277300:    1.00    5.113    0.044 0.000    0.017   -125548    0 
277400:    1.00    5.044    0.036 0.000    0.017   -125551    0 
277500:    1.00    5.080    0.041 0.000    0.016   -125579    0 
277600:    1.00    5.030    0.042 0.000    0.018   -125537    0 
277700:    1.00    4.660    0.046 0.000    0.015   -125591    0 
277800:    1.00    4.595    0.038 0.000    0.014   -125524    0 
277900:    1.00    4.953    0.037 0.000    0.015   -125522    0 

--------------------------------------------
Proportion of membership of each pre-defined
 population in each of the 2 clusters

Given    Inferred Clusters       Number of
 Pop       1      2             Individuals

  1:     0.501  0.499             358
  2:     0.498  0.502             1039
  3:     0.493  0.507             603
--------------------------------------------

  Rep#:   Lambda   Alpha      F1    F2     D1,2    Ln Like  Est Ln P(D)
278000:    1.00    5.181    0.041 0.000    0.016   -125463    0 
278100:    1.00    4.880    0.046 0.000    0.020   -125469    0 
278200:    1.00    4.866    0.050 0.000    0.025   -125480    0 
278300:    1.00    4.538    0.069 0.000    0.026   -125477    0 
278400:    1.00    4.860    0.045 0.000    0.021   -125484    0 
278500:    1.00    4.776    0.059 0.000    0.021   -125468    0 
278600:    1.00    4.746    0.059 0.000    0.021   -125462    0 
278700:    1.00    4.484    0.053 0.000    0.019   -125499    0 
278800:    1.00    4.473    0.049 0.000    0.018   -125463    0 
278900:    1.00    4.488    0.049 0.000    0.019   -125543    0 

--------------------------------------------
Proportion of membership of each pre-defined
 population in each of the 2 clusters

Given    Inferred Clusters       Number of
 Pop       1      2             Individuals

  1:     0.496  0.504             358
  2:     0.499  0.501             1039
  3:     0.495  0.505             603
--------------------------------------------

  Rep#:   Lambda   Alpha      F1    F2     D1,2    Ln Like  Est Ln P(D)
279000:    1.00    4.757    0.056 0.000    0.021   -125517    0 
279100:    1.00    4.915    0.051 0.000    0.020   -125477    0 
279200:    1.00    4.746    0.050 0.000    0.017   -125506    0 
279300:    1.00    4.805    0.050 0.000    0.022   -125479    0 
279400:    1.00    4.446    0.056 0.000    0.022   -125463    0 
279500:    1.00    4.372    0.039 0.000    0.024   -125434    0 
279600:    1.00    4.375    0.054 0.000    0.022   -125481    0 
279700:    1.00    3.772    0.043 0.000    0.022   -125441    0 
279800:    1.00    3.873    0.059 0.000    0.018   -125442    0 
279900:    1.00    3.558    0.055 0.000    0.019   -125410    0 

--------------------------------------------
Proportion of membership of each pre-defined
 population in each of the 2 clusters

Given    Inferred Clusters       Number of
 Pop       1      2             Individuals

  1:     0.493  0.507             358
  2:     0.494  0.506             1039
  3:     0.496  0.504             603
--------------------------------------------

  Rep#:   Lambda   Alpha      F1    F2     D1,2    Ln Like  Est Ln P(D)
280000:    1.00    3.485    0.044 0.000    0.019   -125379    0 
280100:    1.00    3.665    0.047 0.000    0.017   -125432    0 
280200:    1.00    3.450    0.045 0.000    0.019   -125406    0 
280300:    1.00    3.729    0.044 0.000    0.016   -125515    0 
280400:    1.00    3.434    0.040 0.000    0.016   -125484    0 
280500:    1.00    3.849    0.045 0.000    0.015   -125471    0 
280600:    1.00    3.823    0.042 0.000    0.015   -125484    0 
280700:    1.00    3.869    0.043 0.000    0.016   -125464    0 
280800:    1.00    4.065    0.042 0.000    0.014   -125502    0 
280900:    1.00    3.870    0.055 0.000    0.015   -125522    0 

--------------------------------------------
Proportion of membership of each pre-defined
 population in each of the 2 clusters

Given    Inferred Clusters       Number of
 Pop       1      2             Individuals

  1:     0.503  0.497             358
  2:     0.512  0.488             1039
  3:     0.498  0.502             603
--------------------------------------------

  Rep#:   Lambda   Alpha      F1    F2     D1,2    Ln Like  Est Ln P(D)
281000:    1.00    4.281    0.058 0.000    0.014   -125496    0 
281100:    1.00    4.362    0.040 0.000    0.017   -125448    0 
281200:    1.00    4.466    0.069 0.000    0.017   -125500    0 
281300:    1.00    4.437    0.053 0.000    0.019   -125479    0 
281400:    1.00    4.451    0.047 0.000    0.018   -125456    0 
281500:    1.00    4.256    0.041 0.000    0.014   -125470    0 
281600:    1.00    4.622    0.036 0.000    0.015   -125513    0 
281700:    1.00    4.348    0.040 0.000    0.018   -125422    0 
281800:    1.00    4.612    0.070 0.000    0.022   -125452    0 
281900:    1.00    4.993    0.054 0.000    0.017   -125484    0 

--------------------------------------------
Proportion of membership of each pre-defined
 population in each of the 2 clusters

Given    Inferred Clusters       Number of
 Pop       1      2             Individuals

  1:     0.492  0.508             358
  2:     0.506  0.494             1039
  3:     0.493  0.507             603
--------------------------------------------

  Rep#:   Lambda   Alpha      F1    F2     D1,2    Ln Like  Est Ln P(D)
282000:    1.00    4.921    0.053 0.000    0.016   -125514    0 
282100:    1.00    4.999    0.047 0.000    0.016   -125471    0 
282200:    1.00    5.040    0.056 0.000    0.020   -125480    0 
282300:    1.00    4.975    0.053 0.000    0.021   -125499    0 
282400:    1.00    5.289    0.054 0.000    0.020   -125500    0 
282500:    1.00    5.465    0.070 0.000    0.020   -125480    0 
282600:    1.00    5.667    0.070 0.000    0.020   -125530    0 
282700:    1.00    5.888    0.051 0.000    0.020   -125542    0 
282800:    1.00    6.032    0.059 0.000    0.018   -125515    0 
282900:    1.00    5.999    0.047 0.000    0.016   -125600    0 

--------------------------------------------
Proportion of membership of each pre-defined
 population in each of the 2 clusters

Given    Inferred Clusters       Number of
 Pop       1      2             Individuals

  1:     0.504  0.496             358
  2:     0.495  0.505             1039
  3:     0.506  0.494             603
--------------------------------------------

  Rep#:   Lambda   Alpha      F1    F2     D1,2    Ln Like  Est Ln P(D)
283000:    1.00    6.147    0.043 0.000    0.015   -125536    0 
283100:    1.00    6.511    0.047 0.000    0.016   -125617    0 
283200:    1.00    6.917    0.044 0.000    0.016   -125601    0 
283300:    1.00    6.744    0.049 0.000    0.017   -125528    0 
283400:    1.00    6.818    0.038 0.000    0.014   -125590    0 
283500:    1.00    6.832    0.044 0.000    0.014   -125571    0 
283600:    1.00    7.081    0.045 0.000    0.015   -125565    0 
283700:    1.00    7.127    0.062 0.000    0.016   -125600    0 
283800:    1.00    7.058    0.045 0.000    0.013   -125617    0 
283900:    1.00    6.770    0.053 0.000    0.015   -125581    0 

--------------------------------------------
Proportion of membership of each pre-defined
 population in each of the 2 clusters

Given    Inferred Clusters       Number of
 Pop       1      2             Individuals

  1:     0.507  0.493             358
  2:     0.500  0.500             1039
  3:     0.491  0.509             603
--------------------------------------------

  Rep#:   Lambda   Alpha      F1    F2     D1,2    Ln Like  Est Ln P(D)
284000:    1.00    6.260    0.041 0.000    0.014   -125584    0 
284100:    1.00    6.402    0.044 0.000    0.016   -125601    0 
284200:    1.00    6.453    0.037 0.000    0.016   -125555    0 
284300:    1.00    6.054    0.041 0.000    0.016   -125555    0 
284400:    1.00    5.698    0.044 0.000    0.021   -125487    0 
284500:    1.00    5.362    0.051 0.000    0.020   -125530    0 
284600:    1.00    5.531    0.046 0.000    0.015   -125552    0 
284700:    1.00    5.383    0.039 0.000    0.012   -125582    0 
284800:    1.00    5.464    0.039 0.000    0.013   -125554    0 
284900:    1.00    5.462    0.040 0.000    0.014   -125568    0 

--------------------------------------------
Proportion of membership of each pre-defined
 population in each of the 2 clusters

Given    Inferred Clusters       Number of
 Pop       1      2             Individuals

  1:     0.503  0.497             358
  2:     0.501  0.499             1039
  3:     0.498  0.502             603
--------------------------------------------

  Rep#:   Lambda   Alpha      F1    F2     D1,2    Ln Like  Est Ln P(D)
285000:    1.00    5.267    0.031 0.000    0.012   -125562    0 
285100:    1.00    5.484    0.042 0.000    0.014   -125588    0 
285200:    1.00    5.471    0.036 0.000    0.013   -125578    0 
285300:    1.00    5.757    0.032 0.000    0.014   -125570    0 
285400:    1.00    5.758    0.030 0.000    0.016   -125565    0 
285500:    1.00    5.806    0.037 0.000    0.015   -125577    0 
285600:    1.00    6.131    0.043 0.000    0.017   -125589    0 
285700:    1.00    5.952    0.048 0.000    0.021   -125557    0 
285800:    1.00    5.548    0.050 0.000    0.019   -125524    0 
285900:    1.00    5.449    0.050 0.000    0.019   -125520    0 

--------------------------------------------
Proportion of membership of each pre-defined
 population in each of the 2 clusters

Given    Inferred Clusters       Number of
 Pop       1      2             Individuals

  1:     0.513  0.487             358
  2:     0.511  0.489             1039
  3:     0.498  0.502             603
--------------------------------------------

  Rep#:   Lambda   Alpha      F1    F2     D1,2    Ln Like  Est Ln P(D)
286000:    1.00    5.401    0.053 0.000    0.020   -125504    0 
286100:    1.00    5.661    0.051 0.000    0.020   -125533    0 
286200:    1.00    5.146    0.054 0.000    0.022   -125480    0 
286300:    1.00    5.124    0.053 0.000    0.019   -125458    0 
286400:    1.00    5.340    0.053 0.000    0.017   -125537    0 
286500:    1.00    5.718    0.047 0.000    0.016   -125506    0 
286600:    1.00    5.718    0.039 0.000    0.015   -125534    0 
286700:    1.00    5.676    0.043 0.000    0.012   -125582    0 
286800:    1.00    5.434    0.040 0.000    0.014   -125578    0 
286900:    1.00    5.691    0.042 0.000    0.014   -125594    0 

--------------------------------------------
Proportion of membership of each pre-defined
 population in each of the 2 clusters

Given    Inferred Clusters       Number of
 Pop       1      2             Individuals

  1:     0.491  0.509             358
  2:     0.499  0.501             1039
  3:     0.503  0.497             603
--------------------------------------------

  Rep#:   Lambda   Alpha      F1    F2     D1,2    Ln Like  Est Ln P(D)
287000:    1.00    6.013    0.033 0.000    0.013   -125605    0 
287100:    1.00    5.857    0.041 0.000    0.012   -125573    0 
287200:    1.00    5.636    0.048 0.000    0.015   -125572    0 
287300:    1.00    5.234    0.031 0.000    0.013   -125606    0 
287400:    1.00    4.891    0.048 0.000    0.018   -125520    0 
287500:    1.00    4.985    0.048 0.000    0.019   -125507    0 
287600:    1.00    4.840    0.044 0.000    0.017   -125481    0 
287700:    1.00    4.741    0.030 0.000    0.015   -125525    0 
287800:    1.00    4.687    0.034 0.000    0.013   -125539    0 
287900:    1.00    4.582    0.040 0.000    0.014   -125502    0 

--------------------------------------------
Proportion of membership of each pre-defined
 population in each of the 2 clusters

Given    Inferred Clusters       Number of
 Pop       1      2             Individuals

  1:     0.497  0.503             358
  2:     0.501  0.499             1039
  3:     0.494  0.506             603
--------------------------------------------

  Rep#:   Lambda   Alpha      F1    F2     D1,2    Ln Like  Est Ln P(D)
288000:    1.00    4.414    0.042 0.000    0.014   -125514    0 
288100:    1.00    4.310    0.052 0.000    0.015   -125548    0 
288200:    1.00    3.958    0.034 0.000    0.014   -125498    0 
288300:    1.00    3.889    0.030 0.000    0.013   -125547    0 
288400:    1.00    4.479    0.043 0.000    0.015   -125555    0 
288500:    1.00    4.703    0.046 0.000    0.018   -125518    0 
288600:    1.00    4.612    0.047 0.000    0.013   -125561    0 
288700:    1.00    4.300    0.052 0.000    0.017   -125458    0 
288800:    1.00    4.537    0.048 0.000    0.014   -125551    0 
288900:    1.00    4.346    0.041 0.000    0.015   -125477    0 

--------------------------------------------
Proportion of membership of each pre-defined
 population in each of the 2 clusters

Given    Inferred Clusters       Number of
 Pop       1      2             Individuals

  1:     0.508  0.492             358
  2:     0.503  0.497             1039
  3:     0.498  0.502             603
--------------------------------------------

  Rep#:   Lambda   Alpha      F1    F2     D1,2    Ln Like  Est Ln P(D)
289000:    1.00    4.429    0.042 0.000    0.015   -125490    0 
289100:    1.00    4.269    0.061 0.000    0.016   -125454    0 
289200:    1.00    4.260    0.049 0.000    0.016   -125465    0 
289300:    1.00    4.510    0.045 0.000    0.016   -125500    0 
289400:    1.00    4.284    0.053 0.000    0.016   -125490    0 
289500:    1.00    4.138    0.050 0.000    0.017   -125472    0 
289600:    1.00    4.239    0.042 0.000    0.019   -125472    0 
289700:    1.00    4.182    0.043 0.000    0.016   -125513    0 
289800:    1.00    3.764    0.036 0.000    0.015   -125546    0 
289900:    1.00    4.364    0.044 0.000    0.013   -125517    0 

--------------------------------------------
Proportion of membership of each pre-defined
 population in each of the 2 clusters

Given    Inferred Clusters       Number of
 Pop       1      2             Individuals

  1:     0.503  0.497             358
  2:     0.512  0.488             1039
  3:     0.493  0.507             603
--------------------------------------------

  Rep#:   Lambda   Alpha      F1    F2     D1,2    Ln Like  Est Ln P(D)
290000:    1.00    4.503    0.042 0.000    0.014   -125518    0 
290100:    1.00    4.493    0.052 0.000    0.018   -125503    0 
290200:    1.00    4.423    0.046 0.000    0.016   -125537    0 
290300:    1.00    4.094    0.041 0.000    0.016   -125516    0 
290400:    1.00    4.537    0.050 0.000    0.019   -125483    0 
290500:    1.00    4.571    0.042 0.000    0.020   -125493    0 
290600:    1.00    4.135    0.047 0.000    0.017   -125487    0 
290700:    1.00    3.809    0.051 0.000    0.019   -125474    0 
290800:    1.00    3.659    0.043 0.000    0.019   -125466    0 
290900:    1.00    3.679    0.033 0.000    0.018   -125467    0 

--------------------------------------------
Proportion of membership of each pre-defined
 population in each of the 2 clusters

Given    Inferred Clusters       Number of
 Pop       1      2             Individuals

  1:     0.509  0.491             358
  2:     0.505  0.495             1039
  3:     0.511  0.489             603
--------------------------------------------

  Rep#:   Lambda   Alpha      F1    F2     D1,2    Ln Like  Est Ln P(D)
291000:    1.00    3.493    0.050 0.000    0.017   -125477    0 
291100:    1.00    3.209    0.033 0.000    0.016   -125460    0 
291200:    1.00    3.372    0.048 0.000    0.014   -125441    0 
291300:    1.00    3.268    0.044 0.000    0.016   -125378    0 
291400:    1.00    3.158    0.045 0.000    0.014   -125476    0 
291500:    1.00    3.169    0.032 0.000    0.012   -125497    0 
291600:    1.00    2.962    0.043 0.000    0.016   -125497    0 
291700:    1.00    3.203    0.040 0.000    0.015   -125457    0 
291800:    1.00    3.542    0.038 0.000    0.013   -125443    0 
291900:    1.00    3.691    0.032 0.000    0.012   -125517    0 

--------------------------------------------
Proportion of membership of each pre-defined
 population in each of the 2 clusters

Given    Inferred Clusters       Number of
 Pop       1      2             Individuals

  1:     0.512  0.488             358
  2:     0.504  0.496             1039
  3:     0.498  0.502             603
--------------------------------------------

  Rep#:   Lambda   Alpha      F1    F2     D1,2    Ln Like  Est Ln P(D)
292000:    1.00    3.975    0.034 0.000    0.012   -125556    0 
292100:    1.00    3.683    0.026 0.000    0.011   -125524    0 
292200:    1.00    3.664    0.041 0.000    0.013   -125506    0 
292300:    1.00    3.846    0.032 0.000    0.011   -125523    0 
292400:    1.00    3.736    0.034 0.000    0.010   -125543    0 
292500:    1.00    3.620    0.031 0.000    0.012   -125512    0 
292600:    1.00    4.079    0.044 0.000    0.015   -125495    0 
292700:    1.00    4.253    0.040 0.000    0.016   -125468    0 
292800:    1.00    4.240    0.042 0.000    0.018   -125473    0 
292900:    1.00    4.451    0.051 0.000    0.025   -125439    0 

--------------------------------------------
Proportion of membership of each pre-defined
 population in each of the 2 clusters

Given    Inferred Clusters       Number of
 Pop       1      2             Individuals

  1:     0.500  0.500             358
  2:     0.503  0.497             1039
  3:     0.494  0.506             603
--------------------------------------------

  Rep#:   Lambda   Alpha      F1    F2     D1,2    Ln Like  Est Ln P(D)
293000:    1.00    4.490    0.068 0.000    0.021   -125418    0 
293100:    1.00    4.462    0.063 0.000    0.022   -125361    0 
293200:    1.00    4.391    0.055 0.000    0.023   -125388    0 
293300:    1.00    4.646    0.054 0.000    0.024   -125422    0 
293400:    1.00    4.721    0.047 0.000    0.020   -125480    0 
293500:    1.00    4.975    0.049 0.000    0.016   -125527    0 
293600:    1.00    4.969    0.058 0.000    0.015   -125491    0 
293700:    1.00    4.830    0.041 0.000    0.017   -125528    0 
293800:    1.00    5.330    0.049 0.000    0.017   -125515    0 
293900:    1.00    5.269    0.050 0.000    0.018   -125513    0 

--------------------------------------------
Proportion of membership of each pre-defined
 population in each of the 2 clusters

Given    Inferred Clusters       Number of
 Pop       1      2             Individuals

  1:     0.512  0.488             358
  2:     0.503  0.497             1039
  3:     0.497  0.503             603
--------------------------------------------

  Rep#:   Lambda   Alpha      F1    F2     D1,2    Ln Like  Est Ln P(D)
294000:    1.00    4.861    0.045 0.000    0.014   -125517    0 
294100:    1.00    4.726    0.056 0.000    0.019   -125529    0 
294200:    1.00    4.799    0.066 0.000    0.024   -125450    0 
294300:    1.00    4.811    0.045 0.000    0.016   -125586    0 
294400:    1.00    4.942    0.049 0.000    0.019   -125433    0 
294500:    1.00    4.752    0.058 0.000    0.018   -125510    0 
294600:    1.00    5.339    0.043 0.000    0.017   -125529    0 
294700:    1.00    5.488    0.056 0.000    0.018   -125491    0 
294800:    1.00    5.226    0.051 0.000    0.020   -125467    0 
294900:    1.00    5.327    0.057 0.000    0.018   -125497    0 

--------------------------------------------
Proportion of membership of each pre-defined
 population in each of the 2 clusters

Given    Inferred Clusters       Number of
 Pop       1      2             Individuals

  1:     0.503  0.497             358
  2:     0.507  0.493             1039
  3:     0.505  0.495             603
--------------------------------------------

  Rep#:   Lambda   Alpha      F1    F2     D1,2    Ln Like  Est Ln P(D)
295000:    1.00    6.002    0.070 0.000    0.019   -125497    0 
295100:    1.00    5.817    0.048 0.000    0.020   -125571    0 
295200:    1.00    5.913    0.055 0.000    0.021   -125556    0 
295300:    1.00    5.857    0.048 0.000    0.024   -125541    0 
295400:    1.00    6.010    0.047 0.000    0.023   -125540    0 
295500:    1.00    5.767    0.040 0.000    0.020   -125540    0 
295600:    1.00    5.716    0.047 0.000    0.016   -125557    0 
295700:    1.00    5.513    0.054 0.000    0.019   -125567    0 
295800:    1.00    5.871    0.049 0.000    0.021   -125578    0 
295900:    1.00    6.014    0.057 0.000    0.025   -125551    0 

--------------------------------------------
Proportion of membership of each pre-defined
 population in each of the 2 clusters

Given    Inferred Clusters       Number of
 Pop       1      2             Individuals

  1:     0.501  0.499             358
  2:     0.496  0.504             1039
  3:     0.497  0.503             603
--------------------------------------------

  Rep#:   Lambda   Alpha      F1    F2     D1,2    Ln Like  Est Ln P(D)
296000:    1.00    5.837    0.049 0.000    0.023   -125537    0 
296100:    1.00    5.671    0.055 0.000    0.023   -125513    0 
296200:    1.00    5.868    0.056 0.000    0.022   -125554    0 
296300:    1.00    5.705    0.048 0.000    0.021   -125506    0 
296400:    1.00    5.608    0.056 0.000    0.021   -125495    0 
296500:    1.00    5.226    0.063 0.000    0.024   -125473    0 
296600:    1.00    5.253    0.064 0.000    0.023   -125506    0 
296700:    1.00    5.272    0.047 0.000    0.019   -125530    0 
296800:    1.00    5.174    0.042 0.000    0.020   -125478    0 
296900:    1.00    5.381    0.046 0.000    0.023   -125549    0 

--------------------------------------------
Proportion of membership of each pre-defined
 population in each of the 2 clusters

Given    Inferred Clusters       Number of
 Pop       1      2             Individuals

  1:     0.504  0.496             358
  2:     0.505  0.495             1039
  3:     0.501  0.499             603
--------------------------------------------

  Rep#:   Lambda   Alpha      F1    F2     D1,2    Ln Like  Est Ln P(D)
297000:    1.00    4.960    0.055 0.000    0.021   -125467    0 
297100:    1.00    5.192    0.047 0.000    0.017   -125504    0 
297200:    1.00    5.568    0.044 0.000    0.015   -125533    0 
297300:    1.00    5.492    0.057 0.000    0.018   -125486    0 
297400:    1.00    5.313    0.056 0.000    0.019   -125453    0 
297500:    1.00    5.139    0.068 0.000    0.023   -125457    0 
297600:    1.00    5.155    0.057 0.000    0.026   -125414    0 
297700:    1.00    5.050    0.077 0.000    0.025   -125393    0 
297800:    1.00    5.011    0.079 0.000    0.022   -125466    0 
297900:    1.00    5.392    0.067 0.000    0.019   -125506    0 

--------------------------------------------
Proportion of membership of each pre-defined
 population in each of the 2 clusters

Given    Inferred Clusters       Number of
 Pop       1      2             Individuals

  1:     0.488  0.512             358
  2:     0.501  0.499             1039
  3:     0.496  0.504             603
--------------------------------------------

  Rep#:   Lambda   Alpha      F1    F2     D1,2    Ln Like  Est Ln P(D)
298000:    1.00    5.413    0.044 0.000    0.022   -125513    0 
298100:    1.00    5.440    0.066 0.000    0.019   -125502    0 
298200:    1.00    5.591    0.062 0.000    0.023   -125460    0 
298300:    1.00    5.518    0.090 0.000    0.023   -125484    0 
298400:    1.00    5.595    0.057 0.000    0.023   -125471    0 
298500:    1.00    5.774    0.068 0.000    0.023   -125436    0 
298600:    1.00    5.880    0.070 0.000    0.026   -125461    0 
298700:    1.00    5.695    0.071 0.000    0.024   -125508    0 
298800:    1.00    5.701    0.059 0.000    0.019   -125493    0 
298900:    1.00    5.575    0.045 0.000    0.019   -125548    0 

--------------------------------------------
Proportion of membership of each pre-defined
 population in each of the 2 clusters

Given    Inferred Clusters       Number of
 Pop       1      2             Individuals

  1:     0.497  0.503             358
  2:     0.502  0.498             1039
  3:     0.507  0.493             603
--------------------------------------------

  Rep#:   Lambda   Alpha      F1    F2     D1,2    Ln Like  Est Ln P(D)
299000:    1.00    5.181    0.050 0.000    0.018   -125501    0 
299100:    1.00    4.887    0.059 0.000    0.019   -125495    0 
299200:    1.00    4.803    0.054 0.000    0.021   -125488    0 
299300:    1.00    4.839    0.055 0.000    0.017   -125513    0 
299400:    1.00    4.935    0.054 0.000    0.019   -125509    0 
299500:    1.00    5.133    0.044 0.000    0.020   -125526    0 
299600:    1.00    5.250    0.056 0.000    0.019   -125535    0 
299700:    1.00    5.612    0.065 0.000    0.020   -125490    0 
299800:    1.00    5.542    0.051 0.000    0.021   -125531    0 
299900:    1.00    5.770    0.051 0.000    0.024   -125533    0 

--------------------------------------------
Proportion of membership of each pre-defined
 population in each of the 2 clusters

Given    Inferred Clusters       Number of
 Pop       1      2             Individuals

  1:     0.503  0.497             358
  2:     0.498  0.502             1039
  3:     0.488  0.512             603
--------------------------------------------

  Rep#:   Lambda   Alpha      F1    F2     D1,2    Ln Like  Est Ln P(D)
300000:    1.00    5.595    0.056 0.000    0.025   -125508    0 
300100:    1.00    5.759    0.060 0.000    0.020   -125508    0 
300200:    1.00    5.762    0.052 0.000    0.022   -125543    0 
300300:    1.00    5.657    0.047 0.000    0.021   -125539    0 
300400:    1.00    5.979    0.055 0.000    0.021   -125531    0 
300500:    1.00    6.023    0.075 0.000    0.023   -125535    0 
300600:    1.00    6.499    0.082 0.000    0.021   -125500    0 
300700:    1.00    6.469    0.065 0.000    0.026   -125514    0 
300800:    1.00    6.745    0.066 0.000    0.025   -125518    0 
300900:    1.00    7.268    0.070 0.000    0.022   -125541    0 

--------------------------------------------
Proportion of membership of each pre-defined
 population in each of the 2 clusters

Given    Inferred Clusters       Number of
 Pop       1      2             Individuals

  1:     0.505  0.495             358
  2:     0.500  0.500             1039
  3:     0.503  0.497             603
--------------------------------------------

  Rep#:   Lambda   Alpha      F1    F2     D1,2    Ln Like  Est Ln P(D)
301000:    1.00    7.578    0.055 0.000    0.026   -125570    0 
301100:    1.00    7.877    0.064 0.000    0.029   -125519    0 
301200:    1.00    7.839    0.055 0.000    0.023   -125566    0 
301300:    1.00    7.795    0.048 0.000    0.020   -125578    0 
301400:    1.00    7.655    0.053 0.000    0.022   -125570    0 
301500:    1.00    7.432    0.046 0.000    0.023   -125596    0 
301600:    1.00    7.877    0.063 0.000    0.025   -125593    0 
301700:    1.00    7.984    0.058 0.000    0.025   -125582    0 
301800:    1.00    8.189    0.071 0.000    0.032   -125534    0 
301900:    1.00    7.547    0.074 0.000    0.039   -125498    0 

--------------------------------------------
Proportion of membership of each pre-defined
 population in each of the 2 clusters

Given    Inferred Clusters       Number of
 Pop       1      2             Individuals

  1:     0.510  0.490             358
  2:     0.500  0.500             1039
  3:     0.495  0.505             603
--------------------------------------------

  Rep#:   Lambda   Alpha      F1    F2     D1,2    Ln Like  Est Ln P(D)
302000:    1.00    7.199    0.066 0.000    0.036   -125491    0 
302100:    1.00    7.122    0.067 0.000    0.033   -125533    0 
302200:    1.00    6.949    0.069 0.000    0.029   -125510    0 
302300:    1.00    6.980    0.074 0.000    0.031   -125565    0 
302400:    1.00    7.133    0.056 0.000    0.028   -125530    0 
302500:    1.00    6.827    0.063 0.000    0.027   -125544    0 
302600:    1.00    7.044    0.059 0.000    0.023   -125554    0 
302700:    1.00    7.270    0.061 0.000    0.023   -125581    0 
302800:    1.00    7.095    0.074 0.000    0.026   -125576    0 
302900:    1.00    7.113    0.061 0.000    0.023   -125570    0 

--------------------------------------------
Proportion of membership of each pre-defined
 population in each of the 2 clusters

Given    Inferred Clusters       Number of
 Pop       1      2             Individuals

  1:     0.513  0.487             358
  2:     0.504  0.496             1039
  3:     0.497  0.503             603
--------------------------------------------

  Rep#:   Lambda   Alpha      F1    F2     D1,2    Ln Like  Est Ln P(D)
303000:    1.00    7.320    0.049 0.000    0.020   -125549    0 
303100:    1.00    7.359    0.047 0.000    0.021   -125565    0 
303200:    1.00    7.022    0.056 0.000    0.019   -125538    0 
303300:    1.00    7.142    0.056 0.000    0.018   -125586    0 
303400:    1.00    6.846    0.052 0.000    0.018   -125575    0 
303500:    1.00    6.690    0.063 0.000    0.023   -125522    0 
303600:    1.00    6.945    0.066 0.000    0.025   -125544    0 
303700:    1.00    6.910    0.071 0.000    0.025   -125541    0 
303800:    1.00    7.058    0.069 0.000    0.023   -125586    0 
303900:    1.00    7.292    0.068 0.000    0.023   -125573    0 

--------------------------------------------
Proportion of membership of each pre-defined
 population in each of the 2 clusters

Given    Inferred Clusters       Number of
 Pop       1      2             Individuals

  1:     0.497  0.503             358
  2:     0.498  0.502             1039
  3:     0.497  0.503             603
--------------------------------------------

  Rep#:   Lambda   Alpha      F1    F2     D1,2    Ln Like  Est Ln P(D)
304000:    1.00    7.774    0.066 0.000    0.027   -125536    0 
304100:    1.00    8.198    0.063 0.000    0.026   -125602    0 
304200:    1.00    8.604    0.050 0.000    0.022   -125577    0 
304300:    1.00    8.626    0.054 0.000    0.025   -125585    0 
304400:    1.00    8.199    0.063 0.000    0.026   -125575    0 
304500:    1.00    8.039    0.054 0.000    0.023   -125593    0 
304600:    1.00    8.422    0.052 0.000    0.022   -125594    0 
304700:    1.00    8.626    0.067 0.000    0.023   -125625    0 
304800:    1.00    8.586    0.072 0.000    0.027   -125581    0 
304900:    1.00    8.102    0.075 0.000    0.028   -125560    0 

--------------------------------------------
Proportion of membership of each pre-defined
 population in each of the 2 clusters

Given    Inferred Clusters       Number of
 Pop       1      2             Individuals

  1:     0.499  0.501             358
  2:     0.497  0.503             1039
  3:     0.501  0.499             603
--------------------------------------------

  Rep#:   Lambda   Alpha      F1    F2     D1,2    Ln Like  Est Ln P(D)
305000:    1.00    8.186    0.079 0.000    0.035   -125526    0 
305100:    1.00    8.169    0.085 0.000    0.030   -125538    0 
305200:    1.00    8.701    0.069 0.000    0.027   -125578    0 
305300:    1.00    8.902    0.065 0.000    0.029   -125555    0 
305400:    1.00    9.707    0.087 0.000    0.033   -125586    0 
305500:    1.00    9.350    0.059 0.000    0.024   -125602    0 
305600:    1.00    9.041    0.061 0.000    0.026   -125569    0 
305700:    1.00    8.908    0.073 0.000    0.028   -125604    0 
305800:    1.00    9.026    0.065 0.000    0.028   -125584    0 
305900:    1.00    9.117    0.077 0.000    0.028   -125593    0 

--------------------------------------------
Proportion of membership of each pre-defined
 population in each of the 2 clusters

Given    Inferred Clusters       Number of
 Pop       1      2             Individuals

  1:     0.504  0.496             358
  2:     0.496  0.504             1039
  3:     0.489  0.511             603
--------------------------------------------

  Rep#:   Lambda   Alpha      F1    F2     D1,2    Ln Like  Est Ln P(D)
306000:    1.00    9.365    0.081 0.000    0.030   -125592    0 
306100:    1.00    9.758    0.077 0.000    0.030   -125617    0 
306200:    1.00    9.854    0.074 0.000    0.028   -125587    0 
306300:    1.00    9.889    0.057 0.000    0.031   -125561    0 
306400:    1.00    9.538    0.070 0.000    0.029   -125549    0 
306500:    1.00    9.275    0.069 0.000    0.027   -125573    0 
306600:    1.00    9.304    0.053 0.000    0.023   -125598    0 
306700:    1.00    9.361    0.054 0.000    0.023   -125552    0 
306800:    1.00    9.449    0.062 0.000    0.019   -125631    0 
306900:    1.00    9.122    0.055 0.000    0.023   -125607    0 

--------------------------------------------
Proportion of membership of each pre-defined
 population in each of the 2 clusters

Given    Inferred Clusters       Number of
 Pop       1      2             Individuals

  1:     0.513  0.487             358
  2:     0.495  0.505             1039
  3:     0.492  0.508             603
--------------------------------------------

  Rep#:   Lambda   Alpha      F1    F2     D1,2    Ln Like  Est Ln P(D)
307000:    1.00    9.002    0.067 0.000    0.020   -125602    0 
307100:    1.00    8.926    0.057 0.000    0.024   -125570    0 
307200:    1.00    9.100    0.067 0.000    0.027   -125595    0 
307300:    1.00    8.822    0.056 0.000    0.022   -125568    0 
307400:    1.00    8.800    0.058 0.000    0.023   -125588    0 
307500:    1.00    8.760    0.065 0.000    0.019   -125594    0 
307600:    1.00    8.662    0.044 0.000    0.018   -125624    0 
307700:    1.00    9.038    0.052 0.000    0.020   -125603    0 
307800:    1.00    9.175    0.067 0.000    0.019   -125638    0 
307900:    1.00    9.296    0.044 0.000    0.019   -125630    0 

--------------------------------------------
Proportion of membership of each pre-defined
 population in each of the 2 clusters

Given    Inferred Clusters       Number of
 Pop       1      2             Individuals

  1:     0.512  0.488             358
  2:     0.499  0.501             1039
  3:     0.499  0.501             603
--------------------------------------------

  Rep#:   Lambda   Alpha      F1    F2     D1,2    Ln Like  Est Ln P(D)
308000:    1.00    9.312    0.047 0.000    0.019   -125594    0 
308100:    1.00    9.872    0.068 0.000    0.017   -125600    0 
308200:    1.00    9.841    0.054 0.000    0.019   -125635    0 
308300:    1.00    9.960    0.060 0.000    0.018   -125608    0 
308400:    1.00    9.782    0.054 0.000    0.021   -125636    0 
308500:    1.00    9.590    0.052 0.000    0.019   -125623    0 
308600:    1.00    9.724    0.049 0.000    0.017   -125642    0 
308700:    1.00    9.747    0.045 0.000    0.015   -125635    0 
308800:    1.00    9.286    0.044 0.000    0.016   -125588    0 
308900:    1.00    9.013    0.036 0.000    0.014   -125622    0 

--------------------------------------------
Proportion of membership of each pre-defined
 population in each of the 2 clusters

Given    Inferred Clusters       Number of
 Pop       1      2             Individuals

  1:     0.497  0.503             358
  2:     0.507  0.493             1039
  3:     0.495  0.505             603
--------------------------------------------

  Rep#:   Lambda   Alpha      F1    F2     D1,2    Ln Like  Est Ln P(D)
309000:    1.00    8.938    0.052 0.000    0.015   -125631    0 
309100:    1.00    8.639    0.056 0.000    0.019   -125625    0 
309200:    1.00    9.001    0.064 0.000    0.019   -125645    0 
309300:    1.00    9.066    0.046 0.000    0.017   -125635    0 
309400:    1.00    8.996    0.041 0.000    0.017   -125602    0 
309500:    1.00    9.164    0.043 0.000    0.015   -125657    0 
309600:    1.00    9.158    0.041 0.000    0.014   -125629    0 
309700:    1.00    9.325    0.037 0.000    0.013   -125648    0 
309800:    1.00    9.117    0.029 0.000    0.012   -125641    0 
309900:    1.00    9.636    0.039 0.000    0.012   -125648    0 

--------------------------------------------
Proportion of membership of each pre-defined
 population in each of the 2 clusters

Given    Inferred Clusters       Number of
 Pop       1      2             Individuals

  1:     0.495  0.505             358
  2:     0.496  0.504             1039
  3:     0.503  0.497             603
--------------------------------------------

  Rep#:   Lambda   Alpha      F1    F2     D1,2    Ln Like  Est Ln P(D)
310000:    1.00    9.807    0.044 0.000    0.013   -125680    0 
310100:    1.00    9.266    0.036 0.000    0.014   -125665    0 
310200:    1.00    9.344    0.032 0.000    0.014   -125651    0 
310300:    1.00    9.564    0.053 0.000    0.017   -125663    0 
310400:    1.00    9.863    0.058 0.000    0.016   -125662    0 
310500:    1.00    9.631    0.041 0.000    0.015   -125650    0 
310600:    1.00    9.543    0.046 0.000    0.017   -125642    0 
310700:    1.00    9.827    0.042 0.000    0.017   -125630    0 
310800:    1.00    9.592    0.040 0.000    0.013   -125676    0 
310900:    1.00    9.714    0.041 0.000    0.014   -125640    0 

--------------------------------------------
Proportion of membership of each pre-defined
 population in each of the 2 clusters

Given    Inferred Clusters       Number of
 Pop       1      2             Individuals

  1:     0.500  0.500             358
  2:     0.502  0.498             1039
  3:     0.495  0.505             603
--------------------------------------------

  Rep#:   Lambda   Alpha      F1    F2     D1,2    Ln Like  Est Ln P(D)
311000:    1.00    9.664    0.033 0.000    0.014   -125638    0 
311100:    1.00    9.909    0.049 0.000    0.015   -125611    0 
311200:    1.00    9.655    0.044 0.000    0.018   -125623    0 
311300:    1.00    9.258    0.049 0.000    0.017   -125648    0 
311400:    1.00    8.934    0.044 0.000    0.017   -125640    0 
311500:    1.00    8.845    0.056 0.000    0.019   -125643    0 
311600:    1.00    9.078    0.063 0.000    0.025   -125624    0 
311700:    1.00    9.040    0.060 0.000    0.024   -125620    0 
311800:    1.00    8.916    0.064 0.000    0.024   -125574    0 
311900:    1.00    8.693    0.058 0.000    0.022   -125587    0 

--------------------------------------------
Proportion of membership of each pre-defined
 population in each of the 2 clusters

Given    Inferred Clusters       Number of
 Pop       1      2             Individuals

  1:     0.509  0.491             358
  2:     0.499  0.501             1039
  3:     0.496  0.504             603
--------------------------------------------

  Rep#:   Lambda   Alpha      F1    F2     D1,2    Ln Like  Est Ln P(D)
312000:    1.00    9.530    0.069 0.000    0.025   -125591    0 
312100:    1.00    9.498    0.062 0.000    0.023   -125641    0 
312200:    1.00    9.675    0.067 0.000    0.023   -125604    0 
312300:    1.00    9.660    0.066 0.000    0.022   -125595    0 
312400:    1.00    9.784    0.077 0.000    0.022   -125625    0 
312500:    1.00    9.010    0.063 0.000    0.023   -125549    0 
312600:    1.00    9.093    0.059 0.000    0.024   -125567    0 
312700:    1.00    9.157    0.086 0.000    0.029   -125556    0 
312800:    1.00    9.098    0.075 0.000    0.030   -125513    0 
312900:    1.00    8.844    0.078 0.000    0.031   -125501    0 

--------------------------------------------
Proportion of membership of each pre-defined
 population in each of the 2 clusters

Given    Inferred Clusters       Number of
 Pop       1      2             Individuals

  1:     0.504  0.496             358
  2:     0.500  0.500             1039
  3:     0.494  0.506             603
--------------------------------------------

  Rep#:   Lambda   Alpha      F1    F2     D1,2    Ln Like  Est Ln P(D)
313000:    1.00    8.358    0.072 0.000    0.034   -125497    0 
313100:    1.00    8.268    0.089 0.000    0.032   -125476    0 
313200:    1.00    8.128    0.088 0.000    0.033   -125511    0 
313300:    1.00    8.315    0.081 0.000    0.028   -125503    0 
313400:    1.00    8.264    0.092 0.000    0.031   -125519    0 
313500:    1.00    8.418    0.080 0.000    0.030   -125535    0 
313600:    1.00    7.796    0.079 0.000    0.028   -125512    0 
313700:    1.00    7.813    0.074 0.000    0.031   -125517    0 
313800:    1.00    7.881    0.062 0.000    0.029   -125491    0 
313900:    1.00    7.748    0.078 0.000    0.029   -125541    0 

--------------------------------------------
Proportion of membership of each pre-defined
 population in each of the 2 clusters

Given    Inferred Clusters       Number of
 Pop       1      2             Individuals

  1:     0.498  0.502             358
  2:     0.502  0.498             1039
  3:     0.502  0.498             603
--------------------------------------------

  Rep#:   Lambda   Alpha      F1    F2     D1,2    Ln Like  Est Ln P(D)
314000:    1.00    8.130    0.061 0.000    0.028   -125540    0 
314100:    1.00    8.205    0.074 0.000    0.028   -125564    0 
314200:    1.00    8.452    0.062 0.000    0.026   -125566    0 
314300:    1.00    8.586    0.059 0.000    0.025   -125562    0 
314400:    1.00    8.339    0.051 0.000    0.024   -125572    0 
314500:    1.00    8.214    0.067 0.000    0.017   -125571    0 
314600:    1.00    8.283    0.055 0.000    0.018   -125594    0 
314700:    1.00    8.053    0.054 0.000    0.020   -125624    0 
314800:    1.00    7.966    0.057 0.000    0.019   -125594    0 
314900:    1.00    7.833    0.052 0.000    0.018   -125572    0 

--------------------------------------------
Proportion of membership of each pre-defined
 population in each of the 2 clusters

Given    Inferred Clusters       Number of
 Pop       1      2             Individuals

  1:     0.521  0.479             358
  2:     0.505  0.495             1039
  3:     0.493  0.507             603
--------------------------------------------

  Rep#:   Lambda   Alpha      F1    F2     D1,2    Ln Like  Est Ln P(D)
315000:    1.00    7.580    0.046 0.000    0.020   -125574    0 
315100:    1.00    7.430    0.055 0.000    0.020   -125578    0 
315200:    1.00    7.599    0.054 0.000    0.025   -125605    0 
315300:    1.00    7.552    0.068 0.000    0.025   -125542    0 
315400:    1.00    7.225    0.065 0.000    0.028   -125557    0 
315500:    1.00    7.112    0.063 0.000    0.027   -125523    0 
315600:    1.00    7.184    0.072 0.000    0.024   -125487    0 
315700:    1.00    7.178    0.060 0.000    0.022   -125508    0 
315800:    1.00    6.983    0.069 0.000    0.026   -125476    0 
315900:    1.00    7.053    0.068 0.000    0.023   -125540    0 

--------------------------------------------
Proportion of membership of each pre-defined
 population in each of the 2 clusters

Given    Inferred Clusters       Number of
 Pop       1      2             Individuals

  1:     0.511  0.489             358
  2:     0.498  0.502             1039
  3:     0.500  0.500             603
--------------------------------------------

  Rep#:   Lambda   Alpha      F1    F2     D1,2    Ln Like  Est Ln P(D)
316000:    1.00    7.250    0.079 0.000    0.023   -125535    0 
316100:    1.00    7.130    0.065 0.000    0.026   -125503    0 
316200:    1.00    7.410    0.081 0.000    0.029   -125498    0 
316300:    1.00    7.757    0.078 0.000    0.028   -125484    0 
316400:    1.00    7.454    0.063 0.000    0.029   -125500    0 
316500:    1.00    7.188    0.055 0.000    0.030   -125476    0 
316600:    1.00    7.369    0.084 0.000    0.026   -125513    0 
316700:    1.00    7.445    0.072 0.000    0.027   -125475    0 
316800:    1.00    7.303    0.094 0.000    0.028   -125531    0 
316900:    1.00    7.500    0.063 0.000    0.025   -125546    0 

--------------------------------------------
Proportion of membership of each pre-defined
 population in each of the 2 clusters

Given    Inferred Clusters       Number of
 Pop       1      2             Individuals

  1:     0.498  0.502             358
  2:     0.497  0.503             1039
  3:     0.501  0.499             603
--------------------------------------------

  Rep#:   Lambda   Alpha      F1    F2     D1,2    Ln Like  Est Ln P(D)
317000:    1.00    7.821    0.072 0.000    0.027   -125494    0 
317100:    1.00    7.366    0.081 0.000    0.028   -125470    0 
317200:    1.00    7.455    0.057 0.000    0.031   -125506    0 
317300:    1.00    7.353    0.049 0.000    0.024   -125510    0 
317400:    1.00    7.374    0.072 0.000    0.031   -125496    0 
317500:    1.00    6.799    0.089 0.000    0.031   -125446    0 
317600:    1.00    6.531    0.062 0.000    0.032   -125506    0 
317700:    1.00    6.816    0.066 0.000    0.028   -125481    0 
317800:    1.00    6.802    0.076 0.000    0.026   -125535    0 
317900:    1.00    6.876    0.061 0.000    0.025   -125517    0 

--------------------------------------------
Proportion of membership of each pre-defined
 population in each of the 2 clusters

Given    Inferred Clusters       Number of
 Pop       1      2             Individuals

  1:     0.507  0.493             358
  2:     0.505  0.495             1039
  3:     0.493  0.507             603
--------------------------------------------

  Rep#:   Lambda   Alpha      F1    F2     D1,2    Ln Like  Est Ln P(D)
318000:    1.00    6.616    0.048 0.000    0.021   -125566    0 
318100:    1.00    6.616    0.055 0.000    0.023   -125530    0 
318200:    1.00    6.976    0.056 0.000    0.024   -125502    0 
318300:    1.00    7.229    0.054 0.000    0.019   -125599    0 
318400:    1.00    7.127    0.049 0.000    0.021   -125563    0 
318500:    1.00    7.161    0.058 0.000    0.019   -125586    0 
318600:    1.00    7.525    0.059 0.000    0.021   -125562    0 
318700:    1.00    7.498    0.078 0.000    0.023   -125518    0 
318800:    1.00    7.327    0.084 0.000    0.025   -125549    0 
318900:    1.00    7.128    0.067 0.000    0.022   -125562    0 

--------------------------------------------
Proportion of membership of each pre-defined
 population in each of the 2 clusters

Given    Inferred Clusters       Number of
 Pop       1      2             Individuals

  1:     0.509  0.491             358
  2:     0.498  0.502             1039
  3:     0.494  0.506             603
--------------------------------------------

  Rep#:   Lambda   Alpha      F1    F2     D1,2    Ln Like  Est Ln P(D)
319000:    1.00    7.187    0.063 0.000    0.022   -125552    0 
319100:    1.00    6.786    0.051 0.000    0.020   -125556    0 
319200:    1.00    6.620    0.055 0.000    0.017   -125517    0 
319300:    1.00    6.592    0.053 0.000    0.019   -125525    0 
319400:    1.00    6.899    0.076 0.000    0.026   -125517    0 
319500:    1.00    6.752    0.078 0.000    0.026   -125481    0 
319600:    1.00    6.930    0.070 0.000    0.025   -125492    0 
319700:    1.00    6.746    0.066 0.000    0.025   -125531    0 
319800:    1.00    6.705    0.076 0.000    0.026   -125506    0 
319900:    1.00    6.771    0.058 0.000    0.025   -125509    0 

--------------------------------------------
Proportion of membership of each pre-defined
 population in each of the 2 clusters

Given    Inferred Clusters       Number of
 Pop       1      2             Individuals

  1:     0.503  0.497             358
  2:     0.495  0.505             1039
  3:     0.502  0.498             603
--------------------------------------------

  Rep#:   Lambda   Alpha      F1    F2     D1,2    Ln Like  Est Ln P(D)
320000:    1.00    6.992    0.052 0.000    0.027   -125528    0 
320100:    1.00    7.272    0.049 0.000    0.026   -125554    0 
320200:    1.00    7.347    0.071 0.000    0.027   -125510    0 
320300:    1.00    7.676    0.054 0.000    0.026   -125566    0 
320400:    1.00    7.601    0.063 0.000    0.028   -125515    0 
320500:    1.00    7.456    0.073 0.000    0.029   -125519    0 
320600:    1.00    7.738    0.073 0.000    0.027   -125498    0 
320700:    1.00    7.651    0.080 0.000    0.031   -125475    0 
320800:    1.00    7.415    0.076 0.000    0.026   -125518    0 
320900:    1.00    7.416    0.055 0.000    0.024   -125523    0 

--------------------------------------------
Proportion of membership of each pre-defined
 population in each of the 2 clusters

Given    Inferred Clusters       Number of
 Pop       1      2             Individuals

  1:     0.517  0.483             358
  2:     0.500  0.500             1039
  3:     0.499  0.501             603
--------------------------------------------

  Rep#:   Lambda   Alpha      F1    F2     D1,2    Ln Like  Est Ln P(D)
321000:    1.00    7.722    0.055 0.000    0.023   -125582    0 
321100:    1.00    7.864    0.051 0.000    0.022   -125562    0 
321200:    1.00    8.021    0.052 0.000    0.022   -125576    0 
321300:    1.00    8.094    0.053 0.000    0.020   -125604    0 
321400:    1.00    8.089    0.047 0.000    0.018   -125625    0 
321500:    1.00    8.079    0.043 0.000    0.014   -125608    0 
321600:    1.00    8.054    0.039 0.000    0.014   -125639    0 
321700:    1.00    7.879    0.030 0.000    0.012   -125626    0 
321800:    1.00    7.469    0.036 0.000    0.013   -125624    0 
321900:    1.00    7.570    0.036 0.000    0.013   -125624    0 

--------------------------------------------
Proportion of membership of each pre-defined
 population in each of the 2 clusters

Given    Inferred Clusters       Number of
 Pop       1      2             Individuals

  1:     0.500  0.500             358
  2:     0.503  0.497             1039
  3:     0.496  0.504             603
--------------------------------------------

  Rep#:   Lambda   Alpha      F1    F2     D1,2    Ln Like  Est Ln P(D)
322000:    1.00    7.836    0.047 0.000    0.014   -125610    0 
322100:    1.00    8.249    0.038 0.000    0.015   -125615    0 
322200:    1.00    8.168    0.032 0.000    0.014   -125621    0 
322300:    1.00    8.249    0.031 0.000    0.015   -125625    0 
322400:    1.00    8.289    0.035 0.000    0.011   -125657    0 
322500:    1.00    8.158    0.037 0.000    0.014   -125648    0 
322600:    1.00    8.237    0.028 0.000    0.013   -125631    0 
322700:    1.00    7.943    0.039 0.000    0.013   -125641    0 
322800:    1.00    8.064    0.033 0.000    0.012   -125664    0 
322900:    1.00    7.872    0.033 0.000    0.010   -125669    0 

--------------------------------------------
Proportion of membership of each pre-defined
 population in each of the 2 clusters

Given    Inferred Clusters       Number of
 Pop       1      2             Individuals

  1:     0.502  0.498             358
  2:     0.498  0.502             1039
  3:     0.501  0.499             603
--------------------------------------------

  Rep#:   Lambda   Alpha      F1    F2     D1,2    Ln Like  Est Ln P(D)
323000:    1.00    8.055    0.027 0.000    0.010   -125695    0 
323100:    1.00    7.870    0.049 0.000    0.013   -125614    0 
323200:    1.00    7.809    0.040 0.000    0.013   -125621    0 
323300:    1.00    7.386    0.041 0.000    0.014   -125616    0 
323400:    1.00    7.374    0.034 0.000    0.013   -125630    0 
323500:    1.00    7.709    0.038 0.000    0.012   -125645    0 
323600:    1.00    7.875    0.040 0.000    0.012   -125619    0 
323700:    1.00    7.731    0.056 0.000    0.015   -125629    0 
323800:    1.00    7.944    0.040 0.000    0.011   -125648    0 
323900:    1.00    8.083    0.042 0.000    0.014   -125636    0 

--------------------------------------------
Proportion of membership of each pre-defined
 population in each of the 2 clusters

Given    Inferred Clusters       Number of
 Pop       1      2             Individuals

  1:     0.502  0.498             358
  2:     0.504  0.496             1039
  3:     0.501  0.499             603
--------------------------------------------

  Rep#:   Lambda   Alpha      F1    F2     D1,2    Ln Like  Est Ln P(D)
324000:    1.00    7.898    0.034 0.000    0.013   -125654    0 
324100:    1.00    7.632    0.034 0.000    0.015   -125649    0 
324200:    1.00    8.069    0.042 0.000    0.012   -125645    0 
324300:    1.00    7.686    0.036 0.000    0.010   -125616    0 
324400:    1.00    7.905    0.036 0.000    0.012   -125639    0 
324500:    1.00    7.708    0.038 0.000    0.010   -125664    0 
324600:    1.00    7.355    0.033 0.000    0.009   -125652    0 
324700:    1.00    7.534    0.034 0.000    0.009   -125649    0 
324800:    1.00    8.079    0.031 0.000    0.011   -125626    0 
324900:    1.00    7.890    0.032 0.000    0.009   -125660    0 

--------------------------------------------
Proportion of membership of each pre-defined
 population in each of the 2 clusters

Given    Inferred Clusters       Number of
 Pop       1      2             Individuals

  1:     0.497  0.503             358
  2:     0.497  0.503             1039
  3:     0.502  0.498             603
--------------------------------------------

  Rep#:   Lambda   Alpha      F1    F2     D1,2    Ln Like  Est Ln P(D)
325000:    1.00    8.121    0.029 0.000    0.011   -125641    0 
325100:    1.00    7.987    0.026 0.000    0.009   -125669    0 
325200:    1.00    7.354    0.029 0.000    0.010   -125637    0 
325300:    1.00    7.057    0.031 0.000    0.011   -125627    0 
325400:    1.00    7.194    0.031 0.000    0.009   -125641    0 
325500:    1.00    7.058    0.039 0.000    0.013   -125641    0 
325600:    1.00    7.297    0.036 0.000    0.012   -125614    0 
325700:    1.00    6.852    0.026 0.000    0.011   -125641    0 
325800:    1.00    7.002    0.027 0.000    0.011   -125644    0 
325900:    1.00    6.930    0.033 0.000    0.013   -125617    0 

--------------------------------------------
Proportion of membership of each pre-defined
 population in each of the 2 clusters

Given    Inferred Clusters       Number of
 Pop       1      2             Individuals

  1:     0.499  0.501             358
  2:     0.504  0.496             1039
  3:     0.490  0.510             603
--------------------------------------------

  Rep#:   Lambda   Alpha      F1    F2     D1,2    Ln Like  Est Ln P(D)
326000:    1.00    7.172    0.038 0.000    0.015   -125642    0 
326100:    1.00    7.449    0.042 0.000    0.016   -125635    0 
326200:    1.00    6.971    0.040 0.000    0.020   -125592    0 
326300:    1.00    7.258    0.046 0.000    0.019   -125582    0 
326400:    1.00    7.340    0.045 0.000    0.014   -125609    0 
326500:    1.00    7.602    0.050 0.000    0.017   -125595    0 
326600:    1.00    7.879    0.053 0.000    0.022   -125590    0 
326700:    1.00    7.803    0.065 0.000    0.024   -125536    0 
326800:    1.00    8.123    0.065 0.000    0.021   -125569    0 
326900:    1.00    8.018    0.081 0.000    0.026   -125548    0 

--------------------------------------------
Proportion of membership of each pre-defined
 population in each of the 2 clusters

Given    Inferred Clusters       Number of
 Pop       1      2             Individuals

  1:     0.490  0.510             358
  2:     0.498  0.502             1039
  3:     0.500  0.500             603
--------------------------------------------

  Rep#:   Lambda   Alpha      F1    F2     D1,2    Ln Like  Est Ln P(D)
327000:    1.00    8.340    0.080 0.000    0.029   -125558    0 
327100:    1.00    8.331    0.067 0.000    0.025   -125560    0 
327200:    1.00    8.539    0.050 0.000    0.025   -125578    0 
327300:    1.00    8.268    0.045 0.000    0.019   -125598    0 
327400:    1.00    8.151    0.056 0.000    0.021   -125561    0 
327500:    1.00    8.279    0.047 0.000    0.021   -125623    0 
327600:    1.00    8.452    0.050 0.000    0.023   -125566    0 
327700:    1.00    8.254    0.061 0.000    0.022   -125543    0 
327800:    1.00    8.147    0.058 0.000    0.022   -125571    0 
327900:    1.00    7.729    0.062 0.000    0.022   -125587    0 

--------------------------------------------
Proportion of membership of each pre-defined
 population in each of the 2 clusters

Given    Inferred Clusters       Number of
 Pop       1      2             Individuals

  1:     0.508  0.492             358
  2:     0.500  0.500             1039
  3:     0.495  0.505             603
--------------------------------------------

  Rep#:   Lambda   Alpha      F1    F2     D1,2    Ln Like  Est Ln P(D)
328000:    1.00    7.912    0.046 0.000    0.021   -125583    0 
328100:    1.00    7.787    0.053 0.000    0.020   -125610    0 
328200:    1.00    7.905    0.052 0.000    0.017   -125603    0 
328300:    1.00    7.814    0.044 0.000    0.017   -125597    0 
328400:    1.00    7.990    0.054 0.000    0.019   -125611    0 
328500:    1.00    7.508    0.067 0.000    0.018   -125627    0 
328600:    1.00    7.443    0.043 0.000    0.022   -125560    0 
328700:    1.00    7.464    0.040 0.000    0.021   -125644    0 
328800:    1.00    7.566    0.047 0.000    0.023   -125647    0 
328900:    1.00    7.868    0.044 0.000    0.023   -125605    0 

--------------------------------------------
Proportion of membership of each pre-defined
 population in each of the 2 clusters

Given    Inferred Clusters       Number of
 Pop       1      2             Individuals

  1:     0.512  0.488             358
  2:     0.500  0.500             1039
  3:     0.501  0.499             603
--------------------------------------------

  Rep#:   Lambda   Alpha      F1    F2     D1,2    Ln Like  Est Ln P(D)
329000:    1.00    8.064    0.055 0.000    0.020   -125575    0 
329100:    1.00    7.811    0.042 0.000    0.021   -125603    0 
329200:    1.00    7.537    0.063 0.000    0.025   -125608    0 
329300:    1.00    7.603    0.050 0.000    0.024   -125618    0 
329400:    1.00    7.258    0.072 0.000    0.021   -125580    0 
329500:    1.00    7.268    0.063 0.000    0.022   -125554    0 
329600:    1.00    7.502    0.057 0.000    0.022   -125570    0 
329700:    1.00    7.809    0.069 0.000    0.026   -125554    0 
329800:    1.00    7.672    0.101 0.000    0.027   -125496    0 
329900:    1.00    7.174    0.080 0.000    0.029   -125514    0 

--------------------------------------------
Proportion of membership of each pre-defined
 population in each of the 2 clusters

Given    Inferred Clusters       Number of
 Pop       1      2             Individuals

  1:     0.495  0.505             358
  2:     0.499  0.501             1039
  3:     0.490  0.510             603
--------------------------------------------

  Rep#:   Lambda   Alpha      F1    F2     D1,2    Ln Like  Est Ln P(D)
330000:    1.00    7.339    0.091 0.000    0.029   -125543    0 
330100:    1.00    7.511    0.084 0.000    0.029   -125548    0 
330200:    1.00    7.175    0.071 0.000    0.029   -125547    0 
330300:    1.00    7.071    0.072 0.000    0.028   -125520    0 
330400:    1.00    6.877    0.076 0.000    0.024   -125521    0 
330500:    1.00    7.438    0.075 0.000    0.025   -125559    0 
330600:    1.00    7.153    0.065 0.000    0.026   -125521    0 
330700:    1.00    7.268    0.058 0.000    0.023   -125531    0 
330800:    1.00    8.045    0.062 0.000    0.029   -125540    0 
330900:    1.00    8.099    0.055 0.000    0.028   -125531    0 

--------------------------------------------
Proportion of membership of each pre-defined
 population in each of the 2 clusters

Given    Inferred Clusters       Number of
 Pop       1      2             Individuals

  1:     0.515  0.485             358
  2:     0.502  0.498             1039
  3:     0.498  0.502             603
--------------------------------------------

  Rep#:   Lambda   Alpha      F1    F2     D1,2    Ln Like  Est Ln P(D)
331000:    1.00    7.901    0.058 0.000    0.026   -125514    0 
331100:    1.00    7.872    0.071 0.000    0.028   -125573    0 
331200:    1.00    7.635    0.081 0.000    0.029   -125558    0 
331300:    1.00    7.663    0.074 0.000    0.024   -125539    0 
331400:    1.00    7.949    0.057 0.000    0.023   -125550    0 
331500:    1.00    8.304    0.046 0.000    0.020   -125598    0 
331600:    1.00    8.294    0.051 0.000    0.020   -125573    0 
331700:    1.00    8.192    0.049 0.000    0.022   -125615    0 
331800:    1.00    8.301    0.054 0.000    0.022   -125588    0 
331900:    1.00    8.124    0.062 0.000    0.022   -125601    0 

--------------------------------------------
Proportion of membership of each pre-defined
 population in each of the 2 clusters

Given    Inferred Clusters       Number of
 Pop       1      2             Individuals

  1:     0.506  0.494             358
  2:     0.512  0.488             1039
  3:     0.497  0.503             603
--------------------------------------------

  Rep#:   Lambda   Alpha      F1    F2     D1,2    Ln Like  Est Ln P(D)
332000:    1.00    8.278    0.071 0.000    0.022   -125621    0 
332100:    1.00    8.476    0.054 0.000    0.019   -125578    0 
332200:    1.00    8.291    0.045 0.000    0.020   -125643    0 
332300:    1.00    8.204    0.043 0.000    0.021   -125597    0 
332400:    1.00    8.356    0.042 0.000    0.019   -125585    0 
332500:    1.00    8.661    0.040 0.000    0.017   -125624    0 
332600:    1.00    8.219    0.046 0.000    0.012   -125653    0 
332700:    1.00    8.240    0.039 0.000    0.012   -125640    0 
332800:    1.00    8.155    0.045 0.000    0.014   -125635    0 
332900:    1.00    7.815    0.039 0.000    0.015   -125623    0 

--------------------------------------------
Proportion of membership of each pre-defined
 population in each of the 2 clusters

Given    Inferred Clusters       Number of
 Pop       1      2             Individuals

  1:     0.499  0.501             358
  2:     0.500  0.500             1039
  3:     0.505  0.495             603
--------------------------------------------

  Rep#:   Lambda   Alpha      F1    F2     D1,2    Ln Like  Est Ln P(D)
333000:    1.00    7.737    0.037 0.000    0.010   -125663    0 
333100:    1.00    7.847    0.041 0.000    0.012   -125630    0 
333200:    1.00    7.567    0.050 0.000    0.013   -125597    0 
333300:    1.00    8.015    0.038 0.000    0.014   -125567    0 
333400:    1.00    8.100    0.051 0.000    0.016   -125591    0 
333500:    1.00    7.935    0.052 0.000    0.022   -125618    0 
333600:    1.00    7.674    0.060 0.000    0.023   -125545    0 
333700:    1.00    8.179    0.045 0.000    0.022   -125555    0 
333800:    1.00    8.338    0.059 0.000    0.022   -125591    0 
333900:    1.00    8.267    0.069 0.000    0.025   -125552    0 

--------------------------------------------
Proportion of membership of each pre-defined
 population in each of the 2 clusters

Given    Inferred Clusters       Number of
 Pop       1      2             Individuals

  1:     0.498  0.502             358
  2:     0.500  0.500             1039
  3:     0.498  0.502             603
--------------------------------------------

  Rep#:   Lambda   Alpha      F1    F2     D1,2    Ln Like  Est Ln P(D)
334000:    1.00    8.533    0.092 0.000    0.025   -125546    0 
334100:    1.00    8.523    0.075 0.000    0.028   -125544    0 
334200:    1.00    8.715    0.082 0.000    0.028   -125537    0 
334300:    1.00    9.098    0.080 0.000    0.024   -125558    0 
334400:    1.00    9.393    0.096 0.000    0.030   -125542    0 
334500:    1.00    9.612    0.083 0.000    0.028   -125580    0 
334600:    1.00    9.802    0.091 0.000    0.028   -125589    0 
334700:    1.00    9.975    0.084 0.000    0.031   -125593    0 
334800:    1.00    9.792    0.080 0.000    0.033   -125595    0 
334900:    1.00    9.782    0.085 0.000    0.029   -125633    0 

--------------------------------------------
Proportion of membership of each pre-defined
 population in each of the 2 clusters

Given    Inferred Clusters       Number of
 Pop       1      2             Individuals

  1:     0.506  0.494             358
  2:     0.503  0.497             1039
  3:     0.499  0.501             603
--------------------------------------------

  Rep#:   Lambda   Alpha      F1    F2     D1,2    Ln Like  Est Ln P(D)
335000:    1.00    9.664    0.081 0.000    0.028   -125572    0 
335100:    1.00    9.911    0.068 0.000    0.030   -125569    0 
335200:    1.00    9.776    0.055 0.000    0.027   -125597    0 
335300:    1.00    9.633    0.051 0.000    0.026   -125578    0 
335400:    1.00    9.963    0.058 0.000    0.021   -125624    0 
335500:    1.00    9.859    0.063 0.000    0.022   -125632    0 
335600:    1.00    9.902    0.060 0.000    0.019   -125645    0 
335700:    1.00    9.881    0.048 0.000    0.020   -125636    0 
335800:    1.00    9.975    0.043 0.000    0.020   -125592    0 
335900:    1.00    9.787    0.043 0.000    0.022   -125599    0 

--------------------------------------------
Proportion of membership of each pre-defined
 population in each of the 2 clusters

Given    Inferred Clusters       Number of
 Pop       1      2             Individuals

  1:     0.499  0.501             358
  2:     0.502  0.498             1039
  3:     0.500  0.500             603
--------------------------------------------

  Rep#:   Lambda   Alpha      F1    F2     D1,2    Ln Like  Est Ln P(D)
336000:    1.00    9.508    0.059 0.000    0.021   -125582    0 
336100:    1.00    9.251    0.055 0.000    0.021   -125603    0 
336200:    1.00    9.348    0.048 0.000    0.017   -125633    0 
336300:    1.00    9.541    0.059 0.000    0.018   -125603    0 
336400:    1.00    9.624    0.068 0.000    0.022   -125607    0 
336500:    1.00    9.883    0.074 0.000    0.026   -125578    0 
336600:    1.00    9.958    0.066 0.000    0.026   -125603    0 
336700:    1.00    9.829    0.079 0.000    0.023   -125590    0 
336800:    1.00    9.624    0.061 0.000    0.024   -125606    0 
336900:    1.00    9.622    0.073 0.000    0.021   -125629    0 

--------------------------------------------
Proportion of membership of each pre-defined
 population in each of the 2 clusters

Given    Inferred Clusters       Number of
 Pop       1      2             Individuals

  1:     0.501  0.499             358
  2:     0.496  0.504             1039
  3:     0.497  0.503             603
--------------------------------------------

  Rep#:   Lambda   Alpha      F1    F2     D1,2    Ln Like  Est Ln P(D)
337000:    1.00    9.313    0.075 0.000    0.027   -125586    0 
337100:    1.00    9.535    0.074 0.000    0.026   -125590    0 
337200:    1.00    9.559    0.064 0.000    0.023   -125617    0 
337300:    1.00    9.518    0.067 0.000    0.025   -125595    0 
337400:    1.00    9.840    0.110 0.000    0.032   -125529    0 
337500:    1.00    9.685    0.097 0.000    0.030   -125546    0 
337600:    1.00    9.609    0.080 0.000    0.034   -125556    0 
337700:    1.00    9.662    0.083 0.000    0.035   -125538    0 
337800:    1.00    9.826    0.062 0.000    0.028   -125579    0 
337900:    1.00    9.954    0.072 0.000    0.028   -125601    0 

--------------------------------------------
Proportion of membership of each pre-defined
 population in each of the 2 clusters

Given    Inferred Clusters       Number of
 Pop       1      2             Individuals

  1:     0.504  0.496             358
  2:     0.506  0.494             1039
  3:     0.499  0.501             603
--------------------------------------------

  Rep#:   Lambda   Alpha      F1    F2     D1,2    Ln Like  Est Ln P(D)
338000:    1.00    9.793    0.055 0.000    0.023   -125620    0 
338100:    1.00    10.000    0.068 0.000    0.027   -125580    0 
338200:    1.00    9.953    0.062 0.000    0.025   -125595    0 
338300:    1.00    9.983    0.058 0.000    0.022   -125606    0 
338400:    1.00    9.779    0.062 0.000    0.022   -125574    0 
338500:    1.00    9.632    0.055 0.000    0.020   -125608    0 
338600:    1.00    9.732    0.065 0.000    0.023   -125599    0 
338700:    1.00    9.770    0.060 0.000    0.019   -125603    0 
338800:    1.00    9.735    0.061 0.000    0.018   -125631    0 
338900:    1.00    9.820    0.067 0.000    0.020   -125605    0 

--------------------------------------------
Proportion of membership of each pre-defined
 population in each of the 2 clusters

Given    Inferred Clusters       Number of
 Pop       1      2             Individuals

  1:     0.501  0.499             358
  2:     0.506  0.494             1039
  3:     0.501  0.499             603
--------------------------------------------

  Rep#:   Lambda   Alpha      F1    F2     D1,2    Ln Like  Est Ln P(D)
339000:    1.00    9.935    0.053 0.000    0.019   -125577    0 
339100:    1.00    9.812    0.071 0.000    0.022   -125580    0 
339200:    1.00    9.938    0.052 0.000    0.022   -125608    0 
339300:    1.00    9.618    0.072 0.000    0.023   -125574    0 
339400:    1.00    9.367    0.081 0.000    0.029   -125552    0 
339500:    1.00    9.091    0.075 0.000    0.030   -125538    0 
339600:    1.00    9.267    0.069 0.000    0.029   -125552    0 
339700:    1.00    9.042    0.063 0.000    0.030   -125577    0 
339800:    1.00    9.101    0.083 0.000    0.030   -125557    0 
339900:    1.00    8.719    0.065 0.000    0.031   -125562    0 

--------------------------------------------
Proportion of membership of each pre-defined
 population in each of the 2 clusters

Given    Inferred Clusters       Number of
 Pop       1      2             Individuals

  1:     0.496  0.504             358
  2:     0.504  0.496             1039
  3:     0.502  0.498             603
--------------------------------------------

  Rep#:   Lambda   Alpha      F1    F2     D1,2    Ln Like  Est Ln P(D)
340000:    1.00    8.630    0.077 0.000    0.028   -125532    0 
340100:    1.00    8.521    0.080 0.000    0.028   -125526    0 
340200:    1.00    8.089    0.071 0.000    0.026   -125533    0 
340300:    1.00    7.970    0.067 0.000    0.026   -125561    0 
340400:    1.00    7.908    0.084 0.000    0.028   -125489    0 
340500:    1.00    7.479    0.089 0.000    0.029   -125489    0 
340600:    1.00    7.785    0.081 0.000    0.032   -125500    0 
340700:    1.00    7.371    0.078 0.000    0.037   -125488    0 
340800:    1.00    7.195    0.095 0.000    0.031   -125471    0 
340900:    1.00    7.328    0.077 0.000    0.032   -125437    0 

--------------------------------------------
Proportion of membership of each pre-defined
 population in each of the 2 clusters

Given    Inferred Clusters       Number of
 Pop       1      2             Individuals

  1:     0.506  0.494             358
  2:     0.503  0.497             1039
  3:     0.501  0.499             603
--------------------------------------------

  Rep#:   Lambda   Alpha      F1    F2     D1,2    Ln Like  Est Ln P(D)
341000:    1.00    6.855    0.070 0.000    0.032   -125441    0 
341100:    1.00    6.323    0.076 0.000    0.035   -125384    0 
341200:    1.00    6.488    0.056 0.000    0.028   -125489    0 
341300:    1.00    6.607    0.058 0.000    0.034   -125442    0 
341400:    1.00    6.696    0.072 0.000    0.034   -125487    0 
341500:    1.00    6.449    0.079 0.000    0.033   -125485    0 
341600:    1.00    6.364    0.061 0.000    0.030   -125467    0 
341700:    1.00    6.121    0.070 0.000    0.027   -125473    0 
341800:    1.00    5.544    0.075 0.000    0.023   -125463    0 
341900:    1.00    5.786    0.073 0.000    0.024   -125487    0 

--------------------------------------------
Proportion of membership of each pre-defined
 population in each of the 2 clusters

Given    Inferred Clusters       Number of
 Pop       1      2             Individuals

  1:     0.498  0.502             358
  2:     0.499  0.501             1039
  3:     0.488  0.512             603
--------------------------------------------

  Rep#:   Lambda   Alpha      F1    F2     D1,2    Ln Like  Est Ln P(D)
342000:    1.00    6.305    0.066 0.000    0.027   -125442    0 
342100:    1.00    6.076    0.061 0.000    0.024   -125475    0 
342200:    1.00    6.200    0.056 0.000    0.019   -125535    0 
342300:    1.00    6.183    0.068 0.000    0.023   -125465    0 
342400:    1.00    6.285    0.061 0.000    0.021   -125529    0 
342500:    1.00    6.496    0.060 0.000    0.018   -125509    0 
342600:    1.00    6.649    0.053 0.000    0.018   -125560    0 
342700:    1.00    6.280    0.058 0.000    0.017   -125541    0 
342800:    1.00    5.982    0.062 0.000    0.017   -125514    0 
342900:    1.00    5.963    0.069 0.000    0.020   -125510    0 

--------------------------------------------
Proportion of membership of each pre-defined
 population in each of the 2 clusters

Given    Inferred Clusters       Number of
 Pop       1      2             Individuals

  1:     0.498  0.502             358
  2:     0.503  0.497             1039
  3:     0.503  0.497             603
--------------------------------------------

  Rep#:   Lambda   Alpha      F1    F2     D1,2    Ln Like  Est Ln P(D)
343000:    1.00    5.930    0.063 0.000    0.023   -125476    0 
343100:    1.00    5.850    0.063 0.000    0.023   -125486    0 
343200:    1.00    5.755    0.057 0.000    0.026   -125428    0 
343300:    1.00    5.918    0.070 0.000    0.025   -125474    0 
343400:    1.00    6.151    0.071 0.000    0.030   -125446    0 
343500:    1.00    6.331    0.085 0.000    0.026   -125453    0 
343600:    1.00    6.296    0.064 0.000    0.025   -125525    0 
343700:    1.00    5.903    0.068 0.000    0.029   -125479    0 
343800:    1.00    5.883    0.057 0.000    0.024   -125486    0 
343900:    1.00    5.959    0.080 0.000    0.028   -125423    0 

--------------------------------------------
Proportion of membership of each pre-defined
 population in each of the 2 clusters

Given    Inferred Clusters       Number of
 Pop       1      2             Individuals

  1:     0.503  0.497             358
  2:     0.498  0.502             1039
  3:     0.488  0.512             603
--------------------------------------------

  Rep#:   Lambda   Alpha      F1    F2     D1,2    Ln Like  Est Ln P(D)
344000:    1.00    6.184    0.068 0.000    0.025   -125498    0 
344100:    1.00    6.093    0.059 0.000    0.024   -125472    0 
344200:    1.00    6.009    0.059 0.000    0.022   -125518    0 
344300:    1.00    6.195    0.047 0.000    0.021   -125522    0 
344400:    1.00    6.188    0.051 0.000    0.020   -125515    0 
344500:    1.00    6.236    0.048 0.000    0.024   -125493    0 
344600:    1.00    5.718    0.050 0.000    0.021   -125539    0 
344700:    1.00    5.767    0.046 0.000    0.021   -125545    0 
344800:    1.00    5.381    0.039 0.000    0.018   -125535    0 
344900:    1.00    5.726    0.037 0.000    0.017   -125580    0 

--------------------------------------------
Proportion of membership of each pre-defined
 population in each of the 2 clusters

Given    Inferred Clusters       Number of
 Pop       1      2             Individuals

  1:     0.498  0.502             358
  2:     0.498  0.502             1039
  3:     0.501  0.499             603
--------------------------------------------

  Rep#:   Lambda   Alpha      F1    F2     D1,2    Ln Like  Est Ln P(D)
345000:    1.00    6.307    0.039 0.000    0.016   -125543    0 
345100:    1.00    6.707    0.049 0.000    0.014   -125597    0 
345200:    1.00    7.005    0.040 0.000    0.017   -125597    0 
345300:    1.00    7.343    0.042 0.000    0.015   -125567    0 
345400:    1.00    7.326    0.053 0.000    0.017   -125566    0 
345500:    1.00    7.290    0.060 0.000    0.019   -125587    0 
345600:    1.00    6.818    0.054 0.000    0.021   -125600    0 
345700:    1.00    7.410    0.046 0.000    0.020   -125592    0 
345800:    1.00    7.528    0.063 0.000    0.016   -125557    0 
345900:    1.00    7.563    0.053 0.000    0.017   -125591    0 

--------------------------------------------
Proportion of membership of each pre-defined
 population in each of the 2 clusters

Given    Inferred Clusters       Number of
 Pop       1      2             Individuals

  1:     0.508  0.492             358
  2:     0.501  0.499             1039
  3:     0.497  0.503             603
--------------------------------------------

  Rep#:   Lambda   Alpha      F1    F2     D1,2    Ln Like  Est Ln P(D)
346000:    1.00    7.936    0.045 0.000    0.017   -125641    0 
346100:    1.00    8.307    0.056 0.000    0.018   -125631    0 
346200:    1.00    8.261    0.038 0.000    0.015   -125632    0 
346300:    1.00    8.186    0.045 0.000    0.016   -125629    0 
346400:    1.00    8.223    0.049 0.000    0.015   -125640    0 
346500:    1.00    7.945    0.037 0.000    0.017   -125648    0 
346600:    1.00    7.604    0.034 0.000    0.012   -125636    0 
346700:    1.00    7.496    0.042 0.000    0.015   -125604    0 
346800:    1.00    7.636    0.039 0.000    0.015   -125634    0 
346900:    1.00    7.650    0.042 0.000    0.014   -125639    0 

--------------------------------------------
Proportion of membership of each pre-defined
 population in each of the 2 clusters

Given    Inferred Clusters       Number of
 Pop       1      2             Individuals

  1:     0.500  0.500             358
  2:     0.495  0.505             1039
  3:     0.491  0.509             603
--------------------------------------------

  Rep#:   Lambda   Alpha      F1    F2     D1,2    Ln Like  Est Ln P(D)
347000:    1.00    7.863    0.041 0.000    0.014   -125640    0 
347100:    1.00    7.892    0.040 0.000    0.014   -125663    0 
347200:    1.00    7.886    0.044 0.000    0.015   -125625    0 
347300:    1.00    7.816    0.042 0.000    0.015   -125607    0 
347400:    1.00    7.844    0.045 0.000    0.014   -125641    0 
347500:    1.00    7.595    0.048 0.000    0.014   -125606    0 
347600:    1.00    7.502    0.050 0.000    0.015   -125603    0 
347700:    1.00    7.753    0.049 0.000    0.015   -125557    0 
347800:    1.00    8.029    0.055 0.000    0.020   -125586    0 
347900:    1.00    8.127    0.074 0.000    0.023   -125538    0 

--------------------------------------------
Proportion of membership of each pre-defined
 population in each of the 2 clusters

Given    Inferred Clusters       Number of
 Pop       1      2             Individuals

  1:     0.494  0.506             358
  2:     0.507  0.493             1039
  3:     0.496  0.504             603
--------------------------------------------

  Rep#:   Lambda   Alpha      F1    F2     D1,2    Ln Like  Est Ln P(D)
348000:    1.00    9.087    0.051 0.000    0.016   -125596    0 
348100:    1.00    9.092    0.053 0.000    0.018   -125617    0 
348200:    1.00    8.922    0.046 0.000    0.018   -125581    0 
348300:    1.00    8.876    0.048 0.000    0.019   -125586    0 
348400:    1.00    8.862    0.044 0.000    0.018   -125608    0 
348500:    1.00    9.085    0.054 0.000    0.023   -125635    0 
348600:    1.00    9.105    0.072 0.000    0.024   -125583    0 
348700:    1.00    8.861    0.061 0.000    0.024   -125586    0 
348800:    1.00    8.763    0.056 0.000    0.025   -125590    0 
348900:    1.00    8.858    0.062 0.000    0.029   -125559    0 

--------------------------------------------
Proportion of membership of each pre-defined
 population in each of the 2 clusters

Given    Inferred Clusters       Number of
 Pop       1      2             Individuals

  1:     0.500  0.500             358
  2:     0.500  0.500             1039
  3:     0.500  0.500             603
--------------------------------------------

  Rep#:   Lambda   Alpha      F1    F2     D1,2    Ln Like  Est Ln P(D)
349000:    1.00    9.071    0.065 0.000    0.029   -125562    0 
349100:    1.00    8.989    0.067 0.000    0.028   -125581    0 
349200:    1.00    9.225    0.095 0.000    0.032   -125560    0 
349300:    1.00    9.147    0.096 0.000    0.028   -125490    0 
349400:    1.00    9.029    0.086 0.000    0.028   -125580    0 
349500:    1.00    8.688    0.062 0.000    0.027   -125481    0 
349600:    1.00    8.415    0.065 0.000    0.026   -125598    0 
349700:    1.00    8.349    0.060 0.000    0.028   -125548    0 
349800:    1.00    8.573    0.065 0.000    0.026   -125560    0 
349900:    1.00    8.607    0.068 0.000    0.025   -125561    0 

--------------------------------------------
Proportion of membership of each pre-defined
 population in each of the 2 clusters

Given    Inferred Clusters       Number of
 Pop       1      2             Individuals

  1:     0.493  0.507             358
  2:     0.495  0.505             1039
  3:     0.494  0.506             603
--------------------------------------------

  Rep#:   Lambda   Alpha      F1    F2     D1,2    Ln Like  Est Ln P(D)
350000:    1.00    8.723    0.066 0.000    0.027   -125562    0 
350100:    1.00    8.806    0.071 0.000    0.027   -125587    0 
350200:    1.00    8.559    0.076 0.000    0.029   -125556    0 
350300:    1.00    9.190    0.069 0.000    0.023   -125561    0 
350400:    1.00    9.123    0.069 0.000    0.028   -125529    0 
350500:    1.00    9.416    0.061 0.000    0.028   -125591    0 
350600:    1.00    9.457    0.050 0.000    0.027   -125595    0 
350700:    1.00    9.008    0.070 0.000    0.025   -125559    0 
350800:    1.00    8.870    0.057 0.000    0.026   -125548    0 
350900:    1.00    8.375    0.069 0.000    0.023   -125560    0 

--------------------------------------------
Proportion of membership of each pre-defined
 population in each of the 2 clusters

Given    Inferred Clusters       Number of
 Pop       1      2             Individuals

  1:     0.503  0.497             358
  2:     0.504  0.496             1039
  3:     0.496  0.504             603
--------------------------------------------

  Rep#:   Lambda   Alpha      F1    F2     D1,2    Ln Like  Est Ln P(D)
351000:    1.00    8.620    0.063 0.000    0.025   -125548    0 
351100:    1.00    8.410    0.083 0.000    0.028   -125532    0 
351200:    1.00    8.286    0.066 0.000    0.027   -125540    0 
351300:    1.00    8.193    0.083 0.000    0.026   -125532    0 
351400:    1.00    8.103    0.052 0.000    0.023   -125538    0 
351500:    1.00    7.892    0.061 0.000    0.026   -125511    0 
351600:    1.00    7.734    0.076 0.000    0.029   -125503    0 
351700:    1.00    7.775    0.079 0.000    0.026   -125557    0 
351800:    1.00    8.240    0.059 0.000    0.028   -125548    0 
351900:    1.00    8.412    0.071 0.000    0.025   -125553    0 

--------------------------------------------
Proportion of membership of each pre-defined
 population in each of the 2 clusters

Given    Inferred Clusters       Number of
 Pop       1      2             Individuals

  1:     0.504  0.496             358
  2:     0.504  0.496             1039
  3:     0.500  0.500             603
--------------------------------------------

  Rep#:   Lambda   Alpha      F1    F2     D1,2    Ln Like  Est Ln P(D)
352000:    1.00    8.546    0.063 0.000    0.023   -125607    0 
352100:    1.00    8.932    0.062 0.000    0.022   -125620    0 
352200:    1.00    9.016    0.063 0.000    0.024   -125604    0 
352300:    1.00    8.781    0.059 0.000    0.029   -125568    0 
352400:    1.00    8.704    0.069 0.000    0.024   -125626    0 
352500:    1.00    8.807    0.063 0.000    0.022   -125624    0 
352600:    1.00    8.443    0.054 0.000    0.024   -125606    0 
352700:    1.00    8.677    0.056 0.000    0.021   -125580    0 
352800:    1.00    8.574    0.082 0.000    0.023   -125596    0 
352900:    1.00    9.184    0.078 0.000    0.032   -125569    0 

--------------------------------------------
Proportion of membership of each pre-defined
 population in each of the 2 clusters

Given    Inferred Clusters       Number of
 Pop       1      2             Individuals

  1:     0.504  0.496             358
  2:     0.499  0.501             1039
  3:     0.502  0.498             603
--------------------------------------------

  Rep#:   Lambda   Alpha      F1    F2     D1,2    Ln Like  Est Ln P(D)
353000:    1.00    9.258    0.082 0.000    0.027   -125614    0 
353100:    1.00    9.112    0.082 0.000    0.031   -125537    0 
353200:    1.00    8.859    0.066 0.000    0.026   -125580    0 
353300:    1.00    8.724    0.063 0.000    0.027   -125529    0 
353400:    1.00    8.659    0.075 0.000    0.026   -125556    0 
353500:    1.00    8.969    0.062 0.000    0.029   -125573    0 
353600:    1.00    9.050    0.087 0.000    0.032   -125480    0 
353700:    1.00    9.282    0.101 0.000    0.036   -125448    0 
353800:    1.00    9.230    0.084 0.000    0.037   -125511    0 
353900:    1.00    8.789    0.099 0.000    0.039   -125478    0 

--------------------------------------------
Proportion of membership of each pre-defined
 population in each of the 2 clusters

Given    Inferred Clusters       Number of
 Pop       1      2             Individuals

  1:     0.507  0.493             358
  2:     0.499  0.501             1039
  3:     0.506  0.494             603
--------------------------------------------

  Rep#:   Lambda   Alpha      F1    F2     D1,2    Ln Like  Est Ln P(D)
354000:    1.00    8.881    0.087 0.000    0.033   -125470    0 
354100:    1.00    9.104    0.080 0.000    0.030   -125492    0 
354200:    1.00    8.975    0.073 0.000    0.033   -125518    0 
354300:    1.00    8.975    0.111 0.000    0.031   -125526    0 
354400:    1.00    8.763    0.076 0.000    0.027   -125519    0 
354500:    1.00    8.450    0.081 0.000    0.032   -125554    0 
354600:    1.00    8.473    0.104 0.000    0.040   -125454    0 
354700:    1.00    8.326    0.098 0.000    0.035   -125493    0 
354800:    1.00    8.233    0.089 0.000    0.030   -125467    0 
354900:    1.00    8.178    0.064 0.000    0.027   -125557    0 

--------------------------------------------
Proportion of membership of each pre-defined
 population in each of the 2 clusters

Given    Inferred Clusters       Number of
 Pop       1      2             Individuals

  1:     0.502  0.498             358
  2:     0.507  0.493             1039
  3:     0.499  0.501             603
--------------------------------------------

  Rep#:   Lambda   Alpha      F1    F2     D1,2    Ln Like  Est Ln P(D)
355000:    1.00    8.272    0.069 0.000    0.028   -125521    0 
355100:    1.00    8.499    0.086 0.000    0.033   -125502    0 
355200:    1.00    8.709    0.086 0.000    0.031   -125476    0 
355300:    1.00    8.783    0.061 0.000    0.025   -125513    0 
355400:    1.00    8.730    0.088 0.000    0.030   -125510    0 
355500:    1.00    8.952    0.091 0.000    0.029   -125513    0 
355600:    1.00    9.509    0.068 0.000    0.029   -125567    0 
355700:    1.00    9.581    0.107 0.000    0.031   -125528    0 
355800:    1.00    9.586    0.095 0.000    0.033   -125518    0 
355900:    1.00    9.912    0.064 0.000    0.025   -125563    0 

--------------------------------------------
Proportion of membership of each pre-defined
 population in each of the 2 clusters

Given    Inferred Clusters       Number of
 Pop       1      2             Individuals

  1:     0.500  0.500             358
  2:     0.500  0.500             1039
  3:     0.499  0.501             603
--------------------------------------------

  Rep#:   Lambda   Alpha      F1    F2     D1,2    Ln Like  Est Ln P(D)
356000:    1.00    9.851    0.086 0.000    0.030   -125532    0 
356100:    1.00    9.664    0.068 0.000    0.023   -125612    0 
356200:    1.00    9.773    0.063 0.000    0.023   -125584    0 
356300:    1.00    9.493    0.079 0.000    0.026   -125570    0 
356400:    1.00    9.255    0.067 0.000    0.028   -125572    0 
356500:    1.00    9.261    0.081 0.000    0.029   -125514    0 
356600:    1.00    9.290    0.084 0.000    0.036   -125544    0 
356700:    1.00    9.278    0.069 0.000    0.035   -125540    0 
356800:    1.00    9.558    0.070 0.000    0.034   -125532    0 
356900:    1.00    9.913    0.069 0.000    0.031   -125549    0 

--------------------------------------------
Proportion of membership of each pre-defined
 population in each of the 2 clusters

Given    Inferred Clusters       Number of
 Pop       1      2             Individuals

  1:     0.496  0.504             358
  2:     0.506  0.494             1039
  3:     0.499  0.501             603
--------------------------------------------

  Rep#:   Lambda   Alpha      F1    F2     D1,2    Ln Like  Est Ln P(D)
357000:    1.00    9.751    0.060 0.000    0.027   -125582    0 
357100:    1.00    9.430    0.049 0.000    0.024   -125589    0 
357200:    1.00    9.328    0.063 0.000    0.023   -125595    0 
357300:    1.00    9.596    0.047 0.000    0.019   -125625    0 
357400:    1.00    9.513    0.044 0.000    0.013   -125630    0 
357500:    1.00    9.769    0.058 0.000    0.017   -125632    0 
357600:    1.00    9.822    0.052 0.000    0.020   -125593    0 
357700:    1.00    9.812    0.045 0.000    0.017   -125603    0 
357800:    1.00    9.887    0.054 0.000    0.016   -125619    0 
357900:    1.00    9.734    0.061 0.000    0.020   -125590    0 

--------------------------------------------
Proportion of membership of each pre-defined
 population in each of the 2 clusters

Given    Inferred Clusters       Number of
 Pop       1      2             Individuals

  1:     0.505  0.495             358
  2:     0.498  0.502             1039
  3:     0.498  0.502             603
--------------------------------------------

  Rep#:   Lambda   Alpha      F1    F2     D1,2    Ln Like  Est Ln P(D)
358000:    1.00    9.838    0.061 0.000    0.020   -125595    0 
358100:    1.00    9.926    0.054 0.000    0.020   -125623    0 
358200:    1.00    9.889    0.067 0.000    0.021   -125579    0 
358300:    1.00    9.645    0.065 0.000    0.019   -125591    0 
358400:    1.00    9.781    0.052 0.000    0.019   -125593    0 
358500:    1.00    9.521    0.045 0.000    0.016   -125605    0 
358600:    1.00    9.381    0.047 0.000    0.016   -125680    0 
358700:    1.00    9.649    0.066 0.000    0.022   -125602    0 
358800:    1.00    9.684    0.070 0.000    0.021   -125618    0 
358900:    1.00    9.843    0.049 0.000    0.019   -125646    0 

--------------------------------------------
Proportion of membership of each pre-defined
 population in each of the 2 clusters

Given    Inferred Clusters       Number of
 Pop       1      2             Individuals

  1:     0.499  0.501             358
  2:     0.504  0.496             1039
  3:     0.495  0.505             603
--------------------------------------------

  Rep#:   Lambda   Alpha      F1    F2     D1,2    Ln Like  Est Ln P(D)
359000:    1.00    9.744    0.060 0.000    0.020   -125596    0 
359100:    1.00    9.839    0.077 0.000    0.021   -125611    0 
359200:    1.00    9.540    0.084 0.000    0.019   -125572    0 
359300:    1.00    9.729    0.070 0.000    0.021   -125631    0 
359400:    1.00    9.259    0.072 0.000    0.021   -125592    0 
359500:    1.00    9.344    0.072 0.000    0.025   -125589    0 
359600:    1.00    9.657    0.055 0.000    0.027   -125587    0 
359700:    1.00    9.822    0.055 0.000    0.024   -125575    0 
359800:    1.00    9.622    0.062 0.000    0.022   -125599    0 
359900:    1.00    9.708    0.046 0.000    0.019   -125633    0 

--------------------------------------------
Proportion of membership of each pre-defined
 population in each of the 2 clusters

Given    Inferred Clusters       Number of
 Pop       1      2             Individuals

  1:     0.497  0.503             358
  2:     0.500  0.500             1039
  3:     0.500  0.500             603
--------------------------------------------

  Rep#:   Lambda   Alpha      F1    F2     D1,2    Ln Like  Est Ln P(D)
360000:    1.00    9.516    0.073 0.000    0.023   -125555    0 
360100:    1.00    9.590    0.076 0.000    0.023   -125586    0 
360200:    1.00    9.475    0.065 0.000    0.022   -125609    0 
360300:    1.00    9.644    0.061 0.000    0.023   -125618    0 
360400:    1.00    9.714    0.043 0.000    0.019   -125630    0 
360500:    1.00    9.736    0.054 0.000    0.018   -125612    0 
360600:    1.00    9.190    0.050 0.000    0.017   -125637    0 
360700:    1.00    9.363    0.049 0.000    0.017   -125615    0 
360800:    1.00    9.095    0.049 0.000    0.013   -125624    0 
360900:    1.00    8.929    0.046 0.000    0.015   -125597    0 

--------------------------------------------
Proportion of membership of each pre-defined
 population in each of the 2 clusters

Given    Inferred Clusters       Number of
 Pop       1      2             Individuals

  1:     0.507  0.493             358
  2:     0.504  0.496             1039
  3:     0.498  0.502             603
--------------------------------------------

  Rep#:   Lambda   Alpha      F1    F2     D1,2    Ln Like  Est Ln P(D)
361000:    1.00    9.146    0.043 0.000    0.017   -125639    0 
361100:    1.00    9.182    0.058 0.000    0.018   -125648    0 
361200:    1.00    9.083    0.035 0.000    0.015   -125620    0 
361300:    1.00    9.238    0.047 0.000    0.015   -125675    0 
361400:    1.00    9.421    0.045 0.000    0.016   -125640    0 
361500:    1.00    9.296    0.051 0.000    0.021   -125609    0 
361600:    1.00    8.960    0.065 0.000    0.030   -125546    0 
361700:    1.00    8.992    0.056 0.000    0.027   -125565    0 
361800:    1.00    8.863    0.060 0.000    0.022   -125594    0 
361900:    1.00    8.733    0.052 0.000    0.022   -125575    0 

--------------------------------------------
Proportion of membership of each pre-defined
 population in each of the 2 clusters

Given    Inferred Clusters       Number of
 Pop       1      2             Individuals

  1:     0.497  0.503             358
  2:     0.503  0.497             1039
  3:     0.498  0.502             603
--------------------------------------------

  Rep#:   Lambda   Alpha      F1    F2     D1,2    Ln Like  Est Ln P(D)
362000:    1.00    8.551    0.045 0.000    0.021   -125619    0 
362100:    1.00    8.712    0.047 0.000    0.021   -125634    0 
362200:    1.00    8.699    0.050 0.000    0.019   -125611    0 
362300:    1.00    8.460    0.051 0.000    0.019   -125584    0 
362400:    1.00    8.173    0.047 0.000    0.021   -125593    0 
362500:    1.00    7.846    0.045 0.000    0.019   -125611    0 
362600:    1.00    8.033    0.049 0.000    0.020   -125614    0 
362700:    1.00    8.140    0.049 0.000    0.020   -125604    0 
362800:    1.00    8.430    0.051 0.000    0.022   -125602    0 
362900:    1.00    8.391    0.056 0.000    0.020   -125559    0 

--------------------------------------------
Proportion of membership of each pre-defined
 population in each of the 2 clusters

Given    Inferred Clusters       Number of
 Pop       1      2             Individuals

  1:     0.514  0.486             358
  2:     0.503  0.497             1039
  3:     0.508  0.492             603
--------------------------------------------

  Rep#:   Lambda   Alpha      F1    F2     D1,2    Ln Like  Est Ln P(D)
363000:    1.00    8.276    0.050 0.000    0.017   -125589    0 
363100:    1.00    8.049    0.055 0.000    0.022   -125549    0 
363200:    1.00    8.008    0.062 0.000    0.018   -125614    0 
363300:    1.00    8.242    0.055 0.000    0.030   -125542    0 
363400:    1.00    8.045    0.061 0.000    0.028   -125571    0 
363500:    1.00    7.937    0.045 0.000    0.025   -125547    0 
363600:    1.00    7.787    0.054 0.000    0.027   -125547    0 
363700:    1.00    7.726    0.041 0.000    0.019   -125593    0 
363800:    1.00    7.761    0.043 0.000    0.016   -125608    0 
363900:    1.00    8.145    0.040 0.000    0.014   -125648    0 

--------------------------------------------
Proportion of membership of each pre-defined
 population in each of the 2 clusters

Given    Inferred Clusters       Number of
 Pop       1      2             Individuals

  1:     0.497  0.503             358
  2:     0.505  0.495             1039
  3:     0.492  0.508             603
--------------------------------------------

  Rep#:   Lambda   Alpha      F1    F2     D1,2    Ln Like  Est Ln P(D)
364000:    1.00    8.137    0.034 0.000    0.017   -125603    0 
364100:    1.00    7.942    0.041 0.000    0.017   -125648    0 
364200:    1.00    7.882    0.043 0.000    0.016   -125560    0 
364300:    1.00    7.635    0.048 0.000    0.020   -125577    0 
364400:    1.00    7.397    0.064 0.000    0.027   -125553    0 
364500:    1.00    7.319    0.061 0.000    0.024   -125556    0 
364600:    1.00    7.553    0.053 0.000    0.017   -125611    0 
364700:    1.00    7.442    0.050 0.000    0.021   -125557    0 
364800:    1.00    7.867    0.057 0.000    0.022   -125560    0 
364900:    1.00    7.737    0.058 0.000    0.020   -125581    0 

--------------------------------------------
Proportion of membership of each pre-defined
 population in each of the 2 clusters

Given    Inferred Clusters       Number of
 Pop       1      2             Individuals

  1:     0.508  0.492             358
  2:     0.504  0.496             1039
  3:     0.496  0.504             603
--------------------------------------------

  Rep#:   Lambda   Alpha      F1    F2     D1,2    Ln Like  Est Ln P(D)
365000:    1.00    7.411    0.060 0.000    0.022   -125590    0 
365100:    1.00    7.575    0.072 0.000    0.024   -125559    0 
365200:    1.00    7.825    0.070 0.000    0.030   -125541    0 
365300:    1.00    7.825    0.079 0.000    0.029   -125521    0 
365400:    1.00    7.771    0.048 0.000    0.027   -125529    0 
365500:    1.00    7.653    0.060 0.000    0.024   -125530    0 
365600:    1.00    7.385    0.044 0.000    0.021   -125539    0 
365700:    1.00    7.147    0.050 0.000    0.021   -125580    0 
365800:    1.00    7.262    0.065 0.000    0.022   -125580    0 
365900:    1.00    7.373    0.066 0.000    0.027   -125500    0 

--------------------------------------------
Proportion of membership of each pre-defined
 population in each of the 2 clusters

Given    Inferred Clusters       Number of
 Pop       1      2             Individuals

  1:     0.505  0.495             358
  2:     0.507  0.493             1039
  3:     0.500  0.500             603
--------------------------------------------

  Rep#:   Lambda   Alpha      F1    F2     D1,2    Ln Like  Est Ln P(D)
366000:    1.00    6.969    0.075 0.000    0.027   -125530    0 
366100:    1.00    7.268    0.084 0.000    0.029   -125510    0 
366200:    1.00    7.953    0.068 0.000    0.030   -125522    0 
366300:    1.00    7.712    0.077 0.000    0.033   -125494    0 
366400:    1.00    7.988    0.102 0.000    0.034   -125554    0 
366500:    1.00    7.987    0.063 0.000    0.023   -125510    0 
366600:    1.00    7.957    0.085 0.000    0.024   -125560    0 
366700:    1.00    8.175    0.080 0.000    0.028   -125584    0 
366800:    1.00    8.008    0.065 0.000    0.028   -125532    0 
366900:    1.00    8.382    0.090 0.000    0.029   -125531    0 

--------------------------------------------
Proportion of membership of each pre-defined
 population in each of the 2 clusters

Given    Inferred Clusters       Number of
 Pop       1      2             Individuals

  1:     0.502  0.498             358
  2:     0.504  0.496             1039
  3:     0.500  0.500             603
--------------------------------------------

  Rep#:   Lambda   Alpha      F1    F2     D1,2    Ln Like  Est Ln P(D)
367000:    1.00    8.525    0.074 0.000    0.028   -125519    0 
367100:    1.00    8.520    0.080 0.000    0.036   -125529    0 
367200:    1.00    8.556    0.054 0.000    0.026   -125564    0 
367300:    1.00    8.402    0.054 0.000    0.022   -125582    0 
367400:    1.00    8.180    0.054 0.000    0.020   -125594    0 
367500:    1.00    7.866    0.054 0.000    0.020   -125600    0 
367600:    1.00    7.636    0.057 0.000    0.018   -125577    0 
367700:    1.00    7.723    0.052 0.000    0.022   -125614    0 
367800:    1.00    8.072    0.055 0.000    0.024   -125630    0 
367900:    1.00    8.138    0.053 0.000    0.020   -125602    0 

--------------------------------------------
Proportion of membership of each pre-defined
 population in each of the 2 clusters

Given    Inferred Clusters       Number of
 Pop       1      2             Individuals

  1:     0.492  0.508             358
  2:     0.499  0.501             1039
  3:     0.503  0.497             603
--------------------------------------------

  Rep#:   Lambda   Alpha      F1    F2     D1,2    Ln Like  Est Ln P(D)
368000:    1.00    8.096    0.051 0.000    0.019   -125586    0 
368100:    1.00    8.199    0.050 0.000    0.019   -125609    0 
368200:    1.00    8.134    0.074 0.000    0.020   -125543    0 
368300:    1.00    8.007    0.062 0.000    0.019   -125594    0 
368400:    1.00    8.233    0.060 0.000    0.021   -125583    0 
368500:    1.00    7.775    0.057 0.000    0.018   -125595    0 
368600:    1.00    7.806    0.057 0.000    0.021   -125576    0 
368700:    1.00    7.625    0.069 0.000    0.024   -125568    0 
368800:    1.00    7.809    0.061 0.000    0.021   -125567    0 
368900:    1.00    7.660    0.055 0.000    0.021   -125582    0 

--------------------------------------------
Proportion of membership of each pre-defined
 population in each of the 2 clusters

Given    Inferred Clusters       Number of
 Pop       1      2             Individuals

  1:     0.500  0.500             358
  2:     0.503  0.497             1039
  3:     0.505  0.495             603
--------------------------------------------

  Rep#:   Lambda   Alpha      F1    F2     D1,2    Ln Like  Est Ln P(D)
369000:    1.00    7.834    0.060 0.000    0.021   -125586    0 
369100:    1.00    7.703    0.055 0.000    0.023   -125537    0 
369200:    1.00    7.984    0.074 0.000    0.025   -125534    0 
369300:    1.00    7.911    0.062 0.000    0.034   -125526    0 
369400:    1.00    8.334    0.061 0.000    0.028   -125516    0 
369500:    1.00    8.584    0.049 0.000    0.023   -125583    0 
369600:    1.00    8.818    0.061 0.000    0.020   -125603    0 
369700:    1.00    9.072    0.072 0.000    0.024   -125576    0 
369800:    1.00    8.948    0.052 0.000    0.021   -125581    0 
369900:    1.00    8.997    0.050 0.000    0.020   -125613    0 

--------------------------------------------
Proportion of membership of each pre-defined
 population in each of the 2 clusters

Given    Inferred Clusters       Number of
 Pop       1      2             Individuals

  1:     0.493  0.507             358
  2:     0.501  0.499             1039
  3:     0.494  0.506             603
--------------------------------------------

  Rep#:   Lambda   Alpha      F1    F2     D1,2    Ln Like  Est Ln P(D)
370000:    1.00    8.956    0.064 0.000    0.024   -125604    0 
370100:    1.00    9.163    0.069 0.000    0.028   -125577    0 
370200:    1.00    9.066    0.062 0.000    0.026   -125594    0 
370300:    1.00    9.240    0.078 0.000    0.022   -125566    0 
370400:    1.00    9.068    0.087 0.000    0.028   -125545    0 
370500:    1.00    8.748    0.112 0.000    0.026   -125538    0 
370600:    1.00    8.911    0.074 0.000    0.026   -125551    0 
370700:    1.00    8.914    0.067 0.000    0.023   -125547    0 
370800:    1.00    8.638    0.059 0.000    0.023   -125545    0 
370900:    1.00    8.740    0.066 0.000    0.021   -125560    0 

--------------------------------------------
Proportion of membership of each pre-defined
 population in each of the 2 clusters

Given    Inferred Clusters       Number of
 Pop       1      2             Individuals

  1:     0.516  0.484             358
  2:     0.501  0.499             1039
  3:     0.502  0.498             603
--------------------------------------------

  Rep#:   Lambda   Alpha      F1    F2     D1,2    Ln Like  Est Ln P(D)
371000:    1.00    9.263    0.062 0.000    0.026   -125561    0 
371100:    1.00    9.331    0.082 0.000    0.035   -125503    0 
371200:    1.00    9.376    0.066 0.000    0.028   -125591    0 
371300:    1.00    9.260    0.073 0.000    0.035   -125580    0 
371400:    1.00    9.226    0.080 0.000    0.031   -125539    0 
371500:    1.00    9.606    0.079 0.000    0.029   -125554    0 
371600:    1.00    9.833    0.060 0.000    0.027   -125547    0 
371700:    1.00    9.354    0.060 0.000    0.021   -125598    0 
371800:    1.00    9.538    0.064 0.000    0.023   -125574    0 
371900:    1.00    9.765    0.066 0.000    0.026   -125571    0 

--------------------------------------------
Proportion of membership of each pre-defined
 population in each of the 2 clusters

Given    Inferred Clusters       Number of
 Pop       1      2             Individuals

  1:     0.504  0.496             358
  2:     0.496  0.504             1039
  3:     0.497  0.503             603
--------------------------------------------

  Rep#:   Lambda   Alpha      F1    F2     D1,2    Ln Like  Est Ln P(D)
372000:    1.00    9.721    0.066 0.000    0.022   -125603    0 
372100:    1.00    9.976    0.069 0.000    0.020   -125594    0 
372200:    1.00    9.385    0.053 0.000    0.019   -125608    0 
372300:    1.00    9.001    0.056 0.000    0.021   -125600    0 
372400:    1.00    8.566    0.049 0.000    0.021   -125598    0 
372500:    1.00    8.673    0.056 0.000    0.020   -125636    0 
372600:    1.00    8.743    0.055 0.000    0.018   -125592    0 
372700:    1.00    9.007    0.052 0.000    0.017   -125656    0 
372800:    1.00    8.666    0.043 0.000    0.014   -125636    0 
372900:    1.00    8.873    0.055 0.000    0.018   -125595    0 

--------------------------------------------
Proportion of membership of each pre-defined
 population in each of the 2 clusters

Given    Inferred Clusters       Number of
 Pop       1      2             Individuals

  1:     0.507  0.493             358
  2:     0.499  0.501             1039
  3:     0.495  0.505             603
--------------------------------------------

  Rep#:   Lambda   Alpha      F1    F2     D1,2    Ln Like  Est Ln P(D)
373000:    1.00    8.818    0.043 0.000    0.019   -125607    0 
373100:    1.00    9.083    0.060 0.000    0.023   -125623    0 
373200:    1.00    9.083    0.060 0.000    0.024   -125578    0 
373300:    1.00    9.651    0.061 0.000    0.018   -125626    0 
373400:    1.00    9.977    0.054 0.000    0.023   -125624    0 
373500:    1.00    9.536    0.065 0.000    0.023   -125618    0 
373600:    1.00    9.164    0.063 0.000    0.019   -125642    0 
373700:    1.00    8.888    0.044 0.000    0.017   -125638    0 
373800:    1.00    8.931    0.052 0.000    0.020   -125613    0 
373900:    1.00    8.941    0.062 0.000    0.026   -125615    0 

--------------------------------------------
Proportion of membership of each pre-defined
 population in each of the 2 clusters

Given    Inferred Clusters       Number of
 Pop       1      2             Individuals

  1:     0.502  0.498             358
  2:     0.507  0.493             1039
  3:     0.503  0.497             603
--------------------------------------------

  Rep#:   Lambda   Alpha      F1    F2     D1,2    Ln Like  Est Ln P(D)
374000:    1.00    9.049    0.056 0.000    0.028   -125560    0 
374100:    1.00    9.278    0.059 0.000    0.025   -125555    0 
374200:    1.00    9.356    0.038 0.000    0.021   -125620    0 
374300:    1.00    9.313    0.056 0.000    0.019   -125597    0 
374400:    1.00    9.449    0.042 0.000    0.017   -125656    0 
374500:    1.00    9.354    0.054 0.000    0.017   -125597    0 
374600:    1.00    9.155    0.048 0.000    0.020   -125605    0 
374700:    1.00    9.355    0.052 0.000    0.025   -125631    0 
374800:    1.00    9.923    0.051 0.000    0.024   -125600    0 
374900:    1.00    9.684    0.046 0.000    0.019   -125611    0 

--------------------------------------------
Proportion of membership of each pre-defined
 population in each of the 2 clusters

Given    Inferred Clusters       Number of
 Pop       1      2             Individuals

  1:     0.496  0.504             358
  2:     0.496  0.504             1039
  3:     0.508  0.492             603
--------------------------------------------

  Rep#:   Lambda   Alpha      F1    F2     D1,2    Ln Like  Est Ln P(D)
375000:    1.00    9.925    0.070 0.000    0.020   -125604    0 
375100:    1.00    9.900    0.065 0.000    0.024   -125604    0 
375200:    1.00    9.550    0.070 0.000    0.027   -125592    0 
375300:    1.00    9.673    0.063 0.000    0.023   -125587    0 
375400:    1.00    9.800    0.059 0.000    0.021   -125604    0 
375500:    1.00    9.699    0.061 0.000    0.022   -125590    0 
375600:    1.00    9.807    0.065 0.000    0.022   -125627    0 
375700:    1.00    9.951    0.048 0.000    0.016   -125613    0 
375800:    1.00    9.706    0.044 0.000    0.019   -125650    0 
375900:    1.00    9.852    0.055 0.000    0.024   -125624    0 

--------------------------------------------
Proportion of membership of each pre-defined
 population in each of the 2 clusters

Given    Inferred Clusters       Number of
 Pop       1      2             Individuals

  1:     0.508  0.492             358
  2:     0.495  0.505             1039
  3:     0.501  0.499             603
--------------------------------------------

  Rep#:   Lambda   Alpha      F1    F2     D1,2    Ln Like  Est Ln P(D)
376000:    1.00    9.475    0.054 0.000    0.024   -125621    0 
376100:    1.00    9.841    0.069 0.000    0.028   -125604    0 
376200:    1.00    9.722    0.070 0.000    0.031   -125593    0 
376300:    1.00    9.935    0.063 0.000    0.018   -125630    0 
376400:    1.00    9.529    0.064 0.000    0.020   -125590    0 
376500:    1.00    9.356    0.061 0.000    0.022   -125603    0 
376600:    1.00    9.621    0.051 0.000    0.017   -125661    0 
376700:    1.00    9.783    0.051 0.000    0.013   -125636    0 
376800:    1.00    9.776    0.049 0.000    0.018   -125617    0 
376900:    1.00    9.941    0.039 0.000    0.016   -125638    0 

--------------------------------------------
Proportion of membership of each pre-defined
 population in each of the 2 clusters

Given    Inferred Clusters       Number of
 Pop       1      2             Individuals

  1:     0.494  0.506             358
  2:     0.495  0.505             1039
  3:     0.496  0.504             603
--------------------------------------------

  Rep#:   Lambda   Alpha      F1    F2     D1,2    Ln Like  Est Ln P(D)
377000:    1.00    9.999    0.057 0.000    0.020   -125619    0 
377100:    1.00    9.822    0.055 0.000    0.022   -125618    0 
377200:    1.00    9.776    0.048 0.000    0.021   -125619    0 
377300:    1.00    9.673    0.069 0.000    0.021   -125625    0 
377400:    1.00    9.564    0.075 0.000    0.024   -125571    0 
377500:    1.00    9.929    0.063 0.000    0.023   -125567    0 
377600:    1.00    9.952    0.063 0.000    0.022   -125626    0 
377700:    1.00    9.839    0.061 0.000    0.023   -125589    0 
377800:    1.00    9.948    0.075 0.000    0.022   -125603    0 
377900:    1.00    9.868    0.055 0.000    0.023   -125578    0 

--------------------------------------------
Proportion of membership of each pre-defined
 population in each of the 2 clusters

Given    Inferred Clusters       Number of
 Pop       1      2             Individuals

  1:     0.504  0.496             358
  2:     0.498  0.502             1039
  3:     0.501  0.499             603
--------------------------------------------

  Rep#:   Lambda   Alpha      F1    F2     D1,2    Ln Like  Est Ln P(D)
378000:    1.00    9.801    0.063 0.000    0.026   -125613    0 
378100:    1.00    9.524    0.067 0.000    0.025   -125555    0 
378200:    1.00    9.518    0.082 0.000    0.029   -125547    0 
378300:    1.00    8.859    0.070 0.000    0.027   -125578    0 
378400:    1.00    9.212    0.058 0.000    0.024   -125602    0 
378500:    1.00    8.983    0.075 0.000    0.029   -125544    0 
378600:    1.00    8.961    0.083 0.000    0.030   -125582    0 
378700:    1.00    8.711    0.070 0.000    0.030   -125544    0 
378800:    1.00    8.932    0.077 0.000    0.027   -125586    0 
378900:    1.00    9.180    0.063 0.000    0.028   -125546    0 

--------------------------------------------
Proportion of membership of each pre-defined
 population in each of the 2 clusters

Given    Inferred Clusters       Number of
 Pop       1      2             Individuals

  1:     0.495  0.505             358
  2:     0.496  0.504             1039
  3:     0.507  0.493             603
--------------------------------------------

  Rep#:   Lambda   Alpha      F1    F2     D1,2    Ln Like  Est Ln P(D)
379000:    1.00    9.168    0.071 0.000    0.026   -125612    0 
379100:    1.00    9.328    0.062 0.000    0.027   -125540    0 
379200:    1.00    9.024    0.084 0.000    0.027   -125547    0 
379300:    1.00    9.134    0.074 0.000    0.026   -125568    0 
379400:    1.00    9.230    0.073 0.000    0.029   -125557    0 
379500:    1.00    9.129    0.089 0.000    0.036   -125524    0 
379600:    1.00    8.825    0.076 0.000    0.031   -125579    0 
379700:    1.00    8.987    0.085 0.000    0.038   -125573    0 
379800:    1.00    8.778    0.067 0.000    0.029   -125601    0 
379900:    1.00    8.853    0.071 0.000    0.027   -125546    0 

--------------------------------------------
Proportion of membership of each pre-defined
 population in each of the 2 clusters

Given    Inferred Clusters       Number of
 Pop       1      2             Individuals

  1:     0.499  0.501             358
  2:     0.502  0.498             1039
  3:     0.493  0.507             603
--------------------------------------------

  Rep#:   Lambda   Alpha      F1    F2     D1,2    Ln Like  Est Ln P(D)
380000:    1.00    8.490    0.055 0.000    0.025   -125565    0 
380100:    1.00    8.328    0.060 0.000    0.027   -125547    0 
380200:    1.00    8.538    0.105 0.000    0.038   -125488    0 
380300:    1.00    8.794    0.079 0.000    0.035   -125567    0 
380400:    1.00    9.016    0.077 0.000    0.034   -125531    0 
380500:    1.00    9.497    0.081 0.000    0.032   -125582    0 
380600:    1.00    9.455    0.074 0.000    0.033   -125572    0 
380700:    1.00    9.526    0.057 0.000    0.025   -125610    0 
380800:    1.00    9.527    0.069 0.000    0.026   -125589    0 
380900:    1.00    9.805    0.057 0.000    0.018   -125595    0 

--------------------------------------------
Proportion of membership of each pre-defined
 population in each of the 2 clusters

Given    Inferred Clusters       Number of
 Pop       1      2             Individuals

  1:     0.502  0.498             358
  2:     0.503  0.497             1039
  3:     0.496  0.504             603
--------------------------------------------

  Rep#:   Lambda   Alpha      F1    F2     D1,2    Ln Like  Est Ln P(D)
381000:    1.00    9.479    0.062 0.000    0.026   -125634    0 
381100:    1.00    9.343    0.082 0.000    0.025   -125604    0 
381200:    1.00    9.102    0.057 0.000    0.024   -125621    0 
381300:    1.00    8.832    0.051 0.000    0.023   -125594    0 
381400:    1.00    8.727    0.050 0.000    0.023   -125582    0 
381500:    1.00    8.804    0.055 0.000    0.029   -125581    0 
381600:    1.00    8.930    0.079 0.000    0.034   -125540    0 
381700:    1.00    9.021    0.074 0.000    0.031   -125559    0 
381800:    1.00    9.524    0.058 0.000    0.024   -125577    0 
381900:    1.00    9.424    0.073 0.000    0.028   -125585    0 

--------------------------------------------
Proportion of membership of each pre-defined
 population in each of the 2 clusters

Given    Inferred Clusters       Number of
 Pop       1      2             Individuals

  1:     0.512  0.488             358
  2:     0.498  0.502             1039
  3:     0.503  0.497             603
--------------------------------------------

  Rep#:   Lambda   Alpha      F1    F2     D1,2    Ln Like  Est Ln P(D)
382000:    1.00    9.737    0.061 0.000    0.031   -125617    0 
382100:    1.00    9.730    0.092 0.000    0.030   -125582    0 
382200:    1.00    9.705    0.081 0.000    0.030   -125553    0 
382300:    1.00    9.950    0.069 0.000    0.028   -125583    0 
382400:    1.00    9.717    0.081 0.000    0.028   -125575    0 
382500:    1.00    9.721    0.075 0.000    0.028   -125557    0 
382600:    1.00    9.876    0.074 0.000    0.023   -125561    0 
382700:    1.00    9.578    0.077 0.000    0.027   -125556    0 
382800:    1.00    9.270    0.067 0.000    0.026   -125525    0 
382900:    1.00    9.089    0.072 0.000    0.026   -125589    0 

--------------------------------------------
Proportion of membership of each pre-defined
 population in each of the 2 clusters

Given    Inferred Clusters       Number of
 Pop       1      2             Individuals

  1:     0.507  0.493             358
  2:     0.506  0.494             1039
  3:     0.500  0.500             603
--------------------------------------------

  Rep#:   Lambda   Alpha      F1    F2     D1,2    Ln Like  Est Ln P(D)
383000:    1.00    9.476    0.084 0.000    0.024   -125553    0 
383100:    1.00    9.175    0.067 0.000    0.022   -125563    0 
383200:    1.00    9.133    0.051 0.000    0.019   -125603    0 
383300:    1.00    8.878    0.066 0.000    0.021   -125580    0 
383400:    1.00    8.954    0.065 0.000    0.025   -125573    0 
383500:    1.00    8.802    0.093 0.000    0.035   -125487    0 
383600:    1.00    8.624    0.093 0.000    0.037   -125504    0 
383700:    1.00    8.890    0.078 0.000    0.031   -125512    0 
383800:    1.00    8.930    0.103 0.000    0.035   -125515    0 
383900:    1.00    8.833    0.100 0.000    0.029   -125505    0 

--------------------------------------------
Proportion of membership of each pre-defined
 population in each of the 2 clusters

Given    Inferred Clusters       Number of
 Pop       1      2             Individuals

  1:     0.500  0.500             358
  2:     0.501  0.499             1039
  3:     0.506  0.494             603
--------------------------------------------

  Rep#:   Lambda   Alpha      F1    F2     D1,2    Ln Like  Est Ln P(D)
384000:    1.00    8.989    0.077 0.000    0.040   -125543    0 
384100:    1.00    8.731    0.098 0.000    0.035   -125477    0 
384200:    1.00    8.462    0.089 0.000    0.036   -125471    0 
384300:    1.00    9.113    0.067 0.000    0.032   -125501    0 
384400:    1.00    9.189    0.074 0.000    0.032   -125550    0 
384500:    1.00    8.981    0.063 0.000    0.024   -125547    0 
384600:    1.00    8.810    0.085 0.000    0.023   -125558    0 
384700:    1.00    8.558    0.091 0.000    0.025   -125535    0 
384800:    1.00    8.568    0.083 0.000    0.035   -125482    0 
384900:    1.00    8.658    0.088 0.000    0.030   -125468    0 

--------------------------------------------
Proportion of membership of each pre-defined
 population in each of the 2 clusters

Given    Inferred Clusters       Number of
 Pop       1      2             Individuals

  1:     0.511  0.489             358
  2:     0.501  0.499             1039
  3:     0.499  0.501             603
--------------------------------------------

  Rep#:   Lambda   Alpha      F1    F2     D1,2    Ln Like  Est Ln P(D)
385000:    1.00    8.679    0.067 0.000    0.025   -125545    0 
385100:    1.00    8.767    0.081 0.000    0.028   -125520    0 
385200:    1.00    8.615    0.078 0.000    0.028   -125487    0 
385300:    1.00    8.478    0.076 0.000    0.035   -125480    0 
385400:    1.00    8.818    0.098 0.000    0.037   -125465    0 
385500:    1.00    9.052    0.077 0.000    0.038   -125502    0 
385600:    1.00    9.317    0.092 0.000    0.035   -125560    0 
385700:    1.00    9.610    0.069 0.000    0.031   -125521    0 
385800:    1.00    9.827    0.077 0.000    0.034   -125572    0 
385900:    1.00    9.563    0.078 0.000    0.035   -125544    0 

--------------------------------------------
Proportion of membership of each pre-defined
 population in each of the 2 clusters

Given    Inferred Clusters       Number of
 Pop       1      2             Individuals

  1:     0.510  0.490             358
  2:     0.502  0.498             1039
  3:     0.500  0.500             603
--------------------------------------------

  Rep#:   Lambda   Alpha      F1    F2     D1,2    Ln Like  Est Ln P(D)
386000:    1.00    9.618    0.076 0.000    0.031   -125590    0 
386100:    1.00    9.818    0.083 0.000    0.035   -125527    0 
386200:    1.00    9.809    0.092 0.000    0.040   -125531    0 
386300:    1.00    9.945    0.126 0.000    0.038   -125505    0 
386400:    1.00    9.803    0.087 0.000    0.032   -125579    0 
386500:    1.00    9.536    0.087 0.000    0.032   -125570    0 
386600:    1.00    9.574    0.079 0.000    0.032   -125540    0 
386700:    1.00    9.578    0.079 0.000    0.032   -125553    0 
386800:    1.00    9.465    0.091 0.000    0.035   -125548    0 
386900:    1.00    9.680    0.116 0.000    0.036   -125528    0 

--------------------------------------------
Proportion of membership of each pre-defined
 population in each of the 2 clusters

Given    Inferred Clusters       Number of
 Pop       1      2             Individuals

  1:     0.501  0.499             358
  2:     0.507  0.493             1039
  3:     0.497  0.503             603
--------------------------------------------

  Rep#:   Lambda   Alpha      F1    F2     D1,2    Ln Like  Est Ln P(D)
387000:    1.00    9.445    0.087 0.000    0.030   -125529    0 
387100:    1.00    9.302    0.094 0.000    0.039   -125474    0 
387200:    1.00    9.429    0.090 0.000    0.040   -125510    0 
387300:    1.00    9.504    0.086 0.000    0.044   -125520    0 
387400:    1.00    9.441    0.090 0.000    0.045   -125510    0 
387500:    1.00    9.502    0.090 0.000    0.044   -125523    0 
387600:    1.00    9.999    0.136 0.000    0.044   -125502    0 
387700:    1.00    9.888    0.109 0.000    0.044   -125493    0 
387800:    1.00    9.910    0.127 0.000    0.045   -125495    0 
387900:    1.00    9.802    0.092 0.000    0.048   -125524    0 

--------------------------------------------
Proportion of membership of each pre-defined
 population in each of the 2 clusters

Given    Inferred Clusters       Number of
 Pop       1      2             Individuals

  1:     0.495  0.505             358
  2:     0.505  0.495             1039
  3:     0.491  0.509             603
--------------------------------------------

  Rep#:   Lambda   Alpha      F1    F2     D1,2    Ln Like  Est Ln P(D)
388000:    1.00    9.768    0.118 0.000    0.041   -125458    0 
388100:    1.00    9.874    0.089 0.000    0.037   -125503    0 
388200:    1.00    9.510    0.094 0.000    0.043   -125505    0 
388300:    1.00    9.412    0.089 0.000    0.042   -125520    0 
388400:    1.00    9.355    0.103 0.000    0.035   -125478    0 
388500:    1.00    9.776    0.072 0.000    0.029   -125587    0 
388600:    1.00    9.807    0.074 0.000    0.030   -125564    0 
388700:    1.00    9.701    0.072 0.000    0.027   -125572    0 
388800:    1.00    9.750    0.091 0.000    0.036   -125495    0 
388900:    1.00    9.938    0.069 0.000    0.028   -125540    0 

--------------------------------------------
Proportion of membership of each pre-defined
 population in each of the 2 clusters

Given    Inferred Clusters       Number of
 Pop       1      2             Individuals

  1:     0.498  0.502             358
  2:     0.495  0.505             1039
  3:     0.496  0.504             603
--------------------------------------------

  Rep#:   Lambda   Alpha      F1    F2     D1,2    Ln Like  Est Ln P(D)
389000:    1.00    9.745    0.092 0.000    0.032   -125514    0 
389100:    1.00    9.949    0.102 0.000    0.032   -125525    0 
389200:    1.00    9.771    0.094 0.000    0.032   -125548    0 
389300:    1.00    9.642    0.086 0.000    0.031   -125567    0 
389400:    1.00    9.875    0.087 0.000    0.034   -125523    0 
389500:    1.00    9.779    0.127 0.000    0.032   -125521    0 
389600:    1.00    9.950    0.091 0.000    0.033   -125542    0 
389700:    1.00    9.955    0.099 0.000    0.036   -125494    0 
389800:    1.00    9.784    0.082 0.000    0.040   -125478    0 
389900:    1.00    9.657    0.082 0.000    0.034   -125485    0 

--------------------------------------------
Proportion of membership of each pre-defined
 population in each of the 2 clusters

Given    Inferred Clusters       Number of
 Pop       1      2             Individuals

  1:     0.505  0.495             358
  2:     0.506  0.494             1039
  3:     0.503  0.497             603
--------------------------------------------

  Rep#:   Lambda   Alpha      F1    F2     D1,2    Ln Like  Est Ln P(D)
390000:    1.00    9.365    0.086 0.000    0.033   -125515    0 
390100:    1.00    9.032    0.114 0.000    0.037   -125460    0 
390200:    1.00    9.047    0.089 0.000    0.034   -125511    0 
390300:    1.00    8.875    0.073 0.000    0.029   -125533    0 
390400:    1.00    9.151    0.058 0.000    0.025   -125585    0 
390500:    1.00    9.047    0.067 0.000    0.023   -125560    0 
390600:    1.00    9.194    0.070 0.000    0.021   -125550    0 
390700:    1.00    9.451    0.060 0.000    0.020   -125631    0 
390800:    1.00    9.337    0.070 0.000    0.024   -125636    0 
390900:    1.00    9.015    0.063 0.000    0.026   -125575    0 

--------------------------------------------
Proportion of membership of each pre-defined
 population in each of the 2 clusters

Given    Inferred Clusters       Number of
 Pop       1      2             Individuals

  1:     0.508  0.492             358
  2:     0.498  0.502             1039
  3:     0.502  0.498             603
--------------------------------------------

  Rep#:   Lambda   Alpha      F1    F2     D1,2    Ln Like  Est Ln P(D)
391000:    1.00    8.677    0.065 0.000    0.025   -125553    0 
391100:    1.00    8.492    0.059 0.000    0.025   -125586    0 
391200:    1.00    8.157    0.075 0.000    0.026   -125522    0 
391300:    1.00    8.449    0.073 0.000    0.029   -125531    0 
391400:    1.00    8.432    0.079 0.000    0.037   -125552    0 
391500:    1.00    8.167    0.063 0.000    0.028   -125562    0 
391600:    1.00    8.286    0.066 0.000    0.025   -125534    0 
391700:    1.00    8.180    0.086 0.000    0.026   -125501    0 
391800:    1.00    7.985    0.082 0.000    0.027   -125547    0 
391900:    1.00    7.955    0.086 0.000    0.034   -125523    0 

--------------------------------------------
Proportion of membership of each pre-defined
 population in each of the 2 clusters

Given    Inferred Clusters       Number of
 Pop       1      2             Individuals

  1:     0.504  0.496             358
  2:     0.507  0.493             1039
  3:     0.501  0.499             603
--------------------------------------------

  Rep#:   Lambda   Alpha      F1    F2     D1,2    Ln Like  Est Ln P(D)
392000:    1.00    7.863    0.068 0.000    0.029   -125519    0 
392100:    1.00    7.768    0.079 0.000    0.032   -125504    0 
392200:    1.00    8.205    0.078 0.000    0.031   -125561    0 
392300:    1.00    8.410    0.074 0.000    0.029   -125543    0 
392400:    1.00    8.617    0.087 0.000    0.033   -125508    0 
392500:    1.00    8.616    0.081 0.000    0.029   -125489    0 
392600:    1.00    9.139    0.098 0.000    0.033   -125499    0 
392700:    1.00    8.570    0.095 0.000    0.037   -125497    0 
392800:    1.00    8.581    0.074 0.000    0.036   -125507    0 
392900:    1.00    8.836    0.093 0.000    0.033   -125538    0 

--------------------------------------------
Proportion of membership of each pre-defined
 population in each of the 2 clusters

Given    Inferred Clusters       Number of
 Pop       1      2             Individuals

  1:     0.499  0.501             358
  2:     0.505  0.495             1039
  3:     0.497  0.503             603
--------------------------------------------

  Rep#:   Lambda   Alpha      F1    F2     D1,2    Ln Like  Est Ln P(D)
393000:    1.00    8.857    0.108 0.000    0.036   -125526    0 
393100:    1.00    9.044    0.087 0.000    0.032   -125495    0 
393200:    1.00    8.997    0.078 0.000    0.032   -125548    0 
393300:    1.00    9.148    0.091 0.000    0.040   -125520    0 
393400:    1.00    8.872    0.083 0.000    0.038   -125574    0 
393500:    1.00    9.235    0.080 0.000    0.038   -125516    0 
393600:    1.00    9.238    0.080 0.000    0.038   -125515    0 
393700:    1.00    9.513    0.069 0.000    0.030   -125561    0 
393800:    1.00    9.372    0.068 0.000    0.029   -125611    0 
393900:    1.00    9.267    0.062 0.000    0.024   -125605    0 

--------------------------------------------
Proportion of membership of each pre-defined
 population in each of the 2 clusters

Given    Inferred Clusters       Number of
 Pop       1      2             Individuals

  1:     0.499  0.501             358
  2:     0.501  0.499             1039
  3:     0.504  0.496             603
--------------------------------------------

  Rep#:   Lambda   Alpha      F1    F2     D1,2    Ln Like  Est Ln P(D)
394000:    1.00    9.129    0.083 0.000    0.028   -125567    0 
394100:    1.00    8.920    0.054 0.000    0.025   -125558    0 
394200:    1.00    9.166    0.049 0.000    0.021   -125635    0 
394300:    1.00    9.217    0.056 0.000    0.023   -125594    0 
394400:    1.00    9.696    0.056 0.000    0.018   -125568    0 
394500:    1.00    9.427    0.048 0.000    0.021   -125624    0 
394600:    1.00    9.327    0.050 0.000    0.026   -125593    0 
394700:    1.00    9.397    0.058 0.000    0.028   -125577    0 
394800:    1.00    9.113    0.059 0.000    0.029   -125574    0 
394900:    1.00    8.951    0.058 0.000    0.022   -125593    0 

--------------------------------------------
Proportion of membership of each pre-defined
 population in each of the 2 clusters

Given    Inferred Clusters       Number of
 Pop       1      2             Individuals

  1:     0.514  0.486             358
  2:     0.501  0.499             1039
  3:     0.497  0.503             603
--------------------------------------------

  Rep#:   Lambda   Alpha      F1    F2     D1,2    Ln Like  Est Ln P(D)
395000:    1.00    8.703    0.049 0.000    0.020   -125624    0 
395100:    1.00    8.550    0.061 0.000    0.021   -125608    0 
395200:    1.00    8.483    0.055 0.000    0.025   -125624    0 
395300:    1.00    8.615    0.050 0.000    0.022   -125616    0 
395400:    1.00    8.298    0.075 0.000    0.023   -125577    0 
395500:    1.00    8.156    0.043 0.000    0.019   -125613    0 
395600:    1.00    8.229    0.052 0.000    0.015   -125668    0 
395700:    1.00    8.106    0.040 0.000    0.016   -125645    0 
395800:    1.00    8.386    0.039 0.000    0.017   -125590    0 
395900:    1.00    8.268    0.041 0.000    0.021   -125635    0 

--------------------------------------------
Proportion of membership of each pre-defined
 population in each of the 2 clusters

Given    Inferred Clusters       Number of
 Pop       1      2             Individuals

  1:     0.509  0.491             358
  2:     0.502  0.498             1039
  3:     0.500  0.500             603
--------------------------------------------

  Rep#:   Lambda   Alpha      F1    F2     D1,2    Ln Like  Est Ln P(D)
396000:    1.00    8.522    0.045 0.000    0.018   -125590    0 
396100:    1.00    8.098    0.045 0.000    0.018   -125619    0 
396200:    1.00    8.348    0.057 0.000    0.020   -125623    0 
396300:    1.00    8.494    0.054 0.000    0.020   -125656    0 
396400:    1.00    8.392    0.052 0.000    0.023   -125568    0 
396500:    1.00    8.248    0.067 0.000    0.018   -125579    0 
396600:    1.00    8.536    0.053 0.000    0.022   -125637    0 
396700:    1.00    8.430    0.062 0.000    0.023   -125604    0 
396800:    1.00    8.253    0.043 0.000    0.020   -125590    0 
396900:    1.00    7.926    0.056 0.000    0.020   -125598    0 

--------------------------------------------
Proportion of membership of each pre-defined
 population in each of the 2 clusters

Given    Inferred Clusters       Number of
 Pop       1      2             Individuals

  1:     0.502  0.498             358
  2:     0.501  0.499             1039
  3:     0.483  0.517             603
--------------------------------------------

  Rep#:   Lambda   Alpha      F1    F2     D1,2    Ln Like  Est Ln P(D)
397000:    1.00    7.628    0.087 0.000    0.023   -125551    0 
397100:    1.00    7.393    0.047 0.000    0.016   -125580    0 
397200:    1.00    7.293    0.050 0.000    0.018   -125576    0 
397300:    1.00    7.124    0.065 0.000    0.028   -125454    0 
397400:    1.00    6.686    0.070 0.000    0.026   -125461    0 
397500:    1.00    6.948    0.071 0.000    0.028   -125441    0 
397600:    1.00    6.669    0.075 0.000    0.034   -125474    0 
397700:    1.00    6.665    0.065 0.000    0.026   -125499    0 
397800:    1.00    6.522    0.057 0.000    0.029   -125485    0 
397900:    1.00    6.404    0.066 0.000    0.024   -125493    0 

--------------------------------------------
Proportion of membership of each pre-defined
 population in each of the 2 clusters

Given    Inferred Clusters       Number of
 Pop       1      2             Individuals

  1:     0.499  0.501             358
  2:     0.507  0.493             1039
  3:     0.499  0.501             603
--------------------------------------------

  Rep#:   Lambda   Alpha      F1    F2     D1,2    Ln Like  Est Ln P(D)
398000:    1.00    6.292    0.073 0.000    0.022   -125491    0 
398100:    1.00    6.413    0.061 0.000    0.031   -125454    0 
398200:    1.00    6.536    0.079 0.000    0.030   -125443    0 
398300:    1.00    6.457    0.072 0.000    0.029   -125427    0 
398400:    1.00    6.573    0.083 0.000    0.029   -125448    0 
398500:    1.00    6.791    0.067 0.000    0.031   -125433    0 
398600:    1.00    6.972    0.057 0.000    0.027   -125530    0 
398700:    1.00    6.690    0.063 0.000    0.026   -125475    0 
398800:    1.00    6.914    0.060 0.000    0.031   -125495    0 
398900:    1.00    6.611    0.067 0.000    0.027   -125510    0 

--------------------------------------------
Proportion of membership of each pre-defined
 population in each of the 2 clusters

Given    Inferred Clusters       Number of
 Pop       1      2             Individuals

  1:     0.507  0.493             358
  2:     0.512  0.488             1039
  3:     0.502  0.498             603
--------------------------------------------

  Rep#:   Lambda   Alpha      F1    F2     D1,2    Ln Like  Est Ln P(D)
399000:    1.00    6.735    0.083 0.000    0.028   -125447    0 
399100:    1.00    6.514    0.070 0.000    0.029   -125421    0 
399200:    1.00    6.702    0.077 0.000    0.024   -125472    0 
399300:    1.00    7.080    0.051 0.000    0.021   -125510    0 
399400:    1.00    7.194    0.051 0.000    0.016   -125515    0 
399500:    1.00    7.176    0.047 0.000    0.018   -125547    0 
399600:    1.00    7.130    0.047 0.000    0.019   -125557    0 
399700:    1.00    6.981    0.043 0.000    0.018   -125577    0 
399800:    1.00    7.018    0.052 0.000    0.021   -125567    0 
399900:    1.00    7.105    0.051 0.000    0.017   -125544    0 

--------------------------------------------
Proportion of membership of each pre-defined
 population in each of the 2 clusters

Given    Inferred Clusters       Number of
 Pop       1      2             Individuals

  1:     0.511  0.489             358
  2:     0.503  0.497             1039
  3:     0.499  0.501             603
--------------------------------------------

  Rep#:   Lambda   Alpha      F1    F2     D1,2    Ln Like  Est Ln P(D)
400000:    1.00    7.163    0.053 0.000    0.017   -125596    0 
400100:    1.00    6.828    0.050 0.000    0.018   -125594    0 
400200:    1.00    6.840    0.061 0.000    0.023   -125518    0 
400300:    1.00    6.661    0.074 0.000    0.022   -125511    0 
400400:    1.00    7.012    0.073 0.000    0.029   -125524    0 
400500:    1.00    7.333    0.054 0.000    0.028   -125531    0 
400600:    1.00    7.480    0.070 0.000    0.022   -125504    0 
400700:    1.00    7.171    0.063 0.000    0.024   -125527    0 
400800:    1.00    7.250    0.074 0.000    0.025   -125485    0 
400900:    1.00    7.332    0.060 0.000    0.024   -125513    0 

--------------------------------------------
Proportion of membership of each pre-defined
 population in each of the 2 clusters

Given    Inferred Clusters       Number of
 Pop       1      2             Individuals

  1:     0.503  0.497             358
  2:     0.499  0.501             1039
  3:     0.499  0.501             603
--------------------------------------------

  Rep#:   Lambda   Alpha      F1    F2     D1,2    Ln Like  Est Ln P(D)
401000:    1.00    7.137    0.068 0.000    0.026   -125504    0 
401100:    1.00    7.415    0.065 0.000    0.029   -125494    0 
401200:    1.00    7.337    0.089 0.000    0.033   -125543    0 
401300:    1.00    7.469    0.065 0.000    0.029   -125495    0 
401400:    1.00    7.650    0.065 0.000    0.023   -125542    0 
401500:    1.00    7.527    0.066 0.000    0.026   -125549    0 
401600:    1.00    7.804    0.063 0.000    0.022   -125569    0 
401700:    1.00    7.860    0.061 0.000    0.022   -125554    0 
401800:    1.00    7.910    0.052 0.000    0.021   -125545    0 
401900:    1.00    8.005    0.045 0.000    0.018   -125583    0 

--------------------------------------------
Proportion of membership of each pre-defined
 population in each of the 2 clusters

Given    Inferred Clusters       Number of
 Pop       1      2             Individuals

  1:     0.506  0.494             358
  2:     0.506  0.494             1039
  3:     0.504  0.496             603
--------------------------------------------

  Rep#:   Lambda   Alpha      F1    F2     D1,2    Ln Like  Est Ln P(D)
402000:    1.00    7.739    0.067 0.000    0.021   -125534    0 
402100:    1.00    7.831    0.068 0.000    0.026   -125536    0 
402200:    1.00    7.744    0.072 0.000    0.028   -125512    0 
402300:    1.00    7.608    0.099 0.000    0.029   -125477    0 
402400:    1.00    7.291    0.083 0.000    0.028   -125501    0 
402500:    1.00    7.129    0.082 0.000    0.029   -125548    0 
402600:    1.00    7.373    0.089 0.000    0.026   -125550    0 
402700:    1.00    7.354    0.080 0.000    0.022   -125516    0 
402800:    1.00    7.726    0.084 0.000    0.028   -125537    0 
402900:    1.00    7.665    0.073 0.000    0.026   -125579    0 

--------------------------------------------
Proportion of membership of each pre-defined
 population in each of the 2 clusters

Given    Inferred Clusters       Number of
 Pop       1      2             Individuals

  1:     0.503  0.497             358
  2:     0.496  0.504             1039
  3:     0.501  0.499             603
--------------------------------------------

  Rep#:   Lambda   Alpha      F1    F2     D1,2    Ln Like  Est Ln P(D)
403000:    1.00    8.002    0.068 0.000    0.024   -125558    0 
403100:    1.00    7.766    0.064 0.000    0.024   -125543    0 
403200:    1.00    7.847    0.064 0.000    0.027   -125540    0 
403300:    1.00    7.815    0.063 0.000    0.031   -125538    0 
403400:    1.00    7.925    0.061 0.000    0.020   -125579    0 
403500:    1.00    7.758    0.068 0.000    0.029   -125521    0 
403600:    1.00    7.821    0.090 0.000    0.030   -125557    0 
403700:    1.00    7.903    0.090 0.000    0.031   -125522    0 
403800:    1.00    7.619    0.074 0.000    0.028   -125534    0 
403900:    1.00    7.370    0.095 0.000    0.027   -125518    0 

--------------------------------------------
Proportion of membership of each pre-defined
 population in each of the 2 clusters

Given    Inferred Clusters       Number of
 Pop       1      2             Individuals

  1:     0.499  0.501             358
  2:     0.504  0.496             1039
  3:     0.492  0.508             603
--------------------------------------------

  Rep#:   Lambda   Alpha      F1    F2     D1,2    Ln Like  Est Ln P(D)
404000:    1.00    7.647    0.085 0.000    0.030   -125510    0 
404100:    1.00    7.947    0.098 0.000    0.027   -125545    0 
404200:    1.00    8.367    0.078 0.000    0.024   -125560    0 
404300:    1.00    8.270    0.070 0.000    0.019   -125606    0 
404400:    1.00    8.167    0.075 0.000    0.024   -125582    0 
404500:    1.00    8.286    0.057 0.000    0.021   -125601    0 
404600:    1.00    7.718    0.050 0.000    0.020   -125604    0 
404700:    1.00    7.674    0.069 0.000    0.028   -125520    0 
404800:    1.00    7.435    0.092 0.000    0.031   -125478    0 
404900:    1.00    7.909    0.108 0.000    0.029   -125500    0 

--------------------------------------------
Proportion of membership of each pre-defined
 population in each of the 2 clusters

Given    Inferred Clusters       Number of
 Pop       1      2             Individuals

  1:     0.494  0.506             358
  2:     0.501  0.499             1039
  3:     0.495  0.505             603
--------------------------------------------

  Rep#:   Lambda   Alpha      F1    F2     D1,2    Ln Like  Est Ln P(D)
405000:    1.00    7.818    0.102 0.000    0.029   -125503    0 
405100:    1.00    7.698    0.088 0.000    0.029   -125480    0 
405200:    1.00    7.447    0.082 0.000    0.026   -125488    0 
405300:    1.00    7.330    0.055 0.000    0.027   -125527    0 
405400:    1.00    7.598    0.074 0.000    0.026   -125513    0 
405500:    1.00    7.334    0.056 0.000    0.023   -125500    0 
405600:    1.00    7.364    0.057 0.000    0.025   -125537    0 
405700:    1.00    7.359    0.062 0.000    0.036   -125425    0 
405800:    1.00    7.356    0.091 0.000    0.035   -125472    0 
405900:    1.00    7.444    0.099 0.000    0.032   -125401    0 

--------------------------------------------
Proportion of membership of each pre-defined
 population in each of the 2 clusters

Given    Inferred Clusters       Number of
 Pop       1      2             Individuals

  1:     0.485  0.515             358
  2:     0.503  0.497             1039
  3:     0.487  0.513             603
--------------------------------------------

  Rep#:   Lambda   Alpha      F1    F2     D1,2    Ln Like  Est Ln P(D)
406000:    1.00    7.245    0.083 0.000    0.036   -125440    0 
406100:    1.00    7.241    0.080 0.000    0.029   -125478    0 
406200:    1.00    6.817    0.066 0.000    0.026   -125468    0 
406300:    1.00    6.760    0.075 0.000    0.025   -125515    0 
406400:    1.00    7.188    0.081 0.000    0.024   -125518    0 
406500:    1.00    7.059    0.076 0.000    0.025   -125514    0 
406600:    1.00    7.112    0.073 0.000    0.024   -125505    0 
406700:    1.00    7.283    0.077 0.000    0.027   -125477    0 
406800:    1.00    7.317    0.072 0.000    0.028   -125514    0 
406900:    1.00    7.379    0.059 0.000    0.026   -125520    0 

--------------------------------------------
Proportion of membership of each pre-defined
 population in each of the 2 clusters

Given    Inferred Clusters       Number of
 Pop       1      2             Individuals

  1:     0.503  0.497             358
  2:     0.502  0.498             1039
  3:     0.507  0.493             603
--------------------------------------------

  Rep#:   Lambda   Alpha      F1    F2     D1,2    Ln Like  Est Ln P(D)
407000:    1.00    7.550    0.066 0.000    0.026   -125519    0 
407100:    1.00    7.110    0.089 0.000    0.029   -125465    0 
407200:    1.00    6.899    0.073 0.000    0.030   -125514    0 
407300:    1.00    6.975    0.071 0.000    0.024   -125530    0 
407400:    1.00    7.180    0.073 0.000    0.021   -125568    0 
407500:    1.00    7.578    0.057 0.000    0.018   -125593    0 
407600:    1.00    7.355    0.055 0.000    0.024   -125545    0 
407700:    1.00    7.176    0.071 0.000    0.026   -125518    0 
407800:    1.00    7.076    0.073 0.000    0.023   -125522    0 
407900:    1.00    7.082    0.058 0.000    0.026   -125535    0 

--------------------------------------------
Proportion of membership of each pre-defined
 population in each of the 2 clusters

Given    Inferred Clusters       Number of
 Pop       1      2             Individuals

  1:     0.494  0.506             358
  2:     0.501  0.499             1039
  3:     0.492  0.508             603
--------------------------------------------

  Rep#:   Lambda   Alpha      F1    F2     D1,2    Ln Like  Est Ln P(D)
408000:    1.00    7.566    0.072 0.000    0.024   -125508    0 
408100:    1.00    7.389    0.063 0.000    0.030   -125524    0 
408200:    1.00    7.762    0.087 0.000    0.033   -125452    0 
408300:    1.00    7.697    0.079 0.000    0.029   -125449    0 
408400:    1.00    7.537    0.108 0.000    0.034   -125465    0 
408500:    1.00    7.628    0.099 0.000    0.035   -125491    0 
408600:    1.00    7.216    0.108 0.000    0.036   -125447    0 
408700:    1.00    7.549    0.088 0.000    0.037   -125429    0 
408800:    1.00    7.580    0.092 0.000    0.028   -125466    0 
408900:    1.00    7.998    0.080 0.000    0.030   -125561    0 

--------------------------------------------
Proportion of membership of each pre-defined
 population in each of the 2 clusters

Given    Inferred Clusters       Number of
 Pop       1      2             Individuals

  1:     0.517  0.483             358
  2:     0.499  0.501             1039
  3:     0.500  0.500             603
--------------------------------------------

  Rep#:   Lambda   Alpha      F1    F2     D1,2    Ln Like  Est Ln P(D)
409000:    1.00    8.313    0.065 0.000    0.022   -125542    0 
409100:    1.00    8.206    0.055 0.000    0.026   -125562    0 
409200:    1.00    8.600    0.067 0.000    0.025   -125554    0 
409300:    1.00    8.652    0.062 0.000    0.024   -125570    0 
409400:    1.00    8.652    0.050 0.000    0.021   -125608    0 
409500:    1.00    8.476    0.055 0.000    0.022   -125561    0 
409600:    1.00    9.172    0.085 0.000    0.026   -125566    0 
409700:    1.00    8.633    0.051 0.000    0.020   -125595    0 
409800:    1.00    8.638    0.062 0.000    0.022   -125621    0 
409900:    1.00    9.248    0.047 0.000    0.017   -125612    0 

--------------------------------------------
Proportion of membership of each pre-defined
 population in each of the 2 clusters

Given    Inferred Clusters       Number of
 Pop       1      2             Individuals

  1:     0.503  0.497             358
  2:     0.499  0.501             1039
  3:     0.498  0.502             603
--------------------------------------------

  Rep#:   Lambda   Alpha      F1    F2     D1,2    Ln Like  Est Ln P(D)
410000:    1.00    9.343    0.056 0.000    0.016   -125652    0 
410100:    1.00    9.485    0.038 0.000    0.017   -125655    0 
410200:    1.00    9.288    0.038 0.000    0.016   -125635    0 
410300:    1.00    9.270    0.047 0.000    0.019   -125603    0 
410400:    1.00    9.171    0.054 0.000    0.020   -125606    0 
410500:    1.00    8.897    0.071 0.000    0.022   -125625    0 
410600:    1.00    8.557    0.055 0.000    0.021   -125570    0 
410700:    1.00    8.664    0.075 0.000    0.020   -125578    0 
410800:    1.00    8.805    0.095 0.000    0.022   -125557    0 
410900:    1.00    9.029    0.078 0.000    0.030   -125562    0 

--------------------------------------------
Proportion of membership of each pre-defined
 population in each of the 2 clusters

Given    Inferred Clusters       Number of
 Pop       1      2             Individuals

  1:     0.493  0.507             358
  2:     0.507  0.493             1039
  3:     0.499  0.501             603
--------------------------------------------

  Rep#:   Lambda   Alpha      F1    F2     D1,2    Ln Like  Est Ln P(D)
411000:    1.00    9.335    0.079 0.000    0.027   -125556    0 
411100:    1.00    9.596    0.057 0.000    0.022   -125620    0 
411200:    1.00    9.294    0.064 0.000    0.020   -125624    0 
411300:    1.00    9.080    0.055 0.000    0.021   -125576    0 
411400:    1.00    9.118    0.051 0.000    0.022   -125585    0 
411500:    1.00    9.120    0.047 0.000    0.018   -125577    0 
411600:    1.00    9.129    0.055 0.000    0.024   -125621    0 
411700:    1.00    9.371    0.064 0.000    0.021   -125600    0 
411800:    1.00    9.610    0.071 0.000    0.018   -125601    0 
411900:    1.00    9.743    0.048 0.000    0.015   -125624    0 

--------------------------------------------
Proportion of membership of each pre-defined
 population in each of the 2 clusters

Given    Inferred Clusters       Number of
 Pop       1      2             Individuals

  1:     0.508  0.492             358
  2:     0.499  0.501             1039
  3:     0.504  0.496             603
--------------------------------------------

  Rep#:   Lambda   Alpha      F1    F2     D1,2    Ln Like  Est Ln P(D)
412000:    1.00    9.673    0.050 0.000    0.019   -125587    0 
412100:    1.00    9.669    0.048 0.000    0.018   -125623    0 
412200:    1.00    9.321    0.072 0.000    0.024   -125590    0 
412300:    1.00    9.229    0.072 0.000    0.024   -125570    0 
412400:    1.00    9.224    0.069 0.000    0.026   -125545    0 
412500:    1.00    9.447    0.066 0.000    0.022   -125568    0 
412600:    1.00    9.581    0.062 0.000    0.023   -125588    0 
412700:    1.00    9.958    0.048 0.000    0.021   -125621    0 
412800:    1.00    9.482    0.079 0.000    0.025   -125605    0 
412900:    1.00    9.216    0.085 0.000    0.025   -125561    0 

--------------------------------------------
Proportion of membership of each pre-defined
 population in each of the 2 clusters

Given    Inferred Clusters       Number of
 Pop       1      2             Individuals

  1:     0.509  0.491             358
  2:     0.509  0.491             1039
  3:     0.504  0.496             603
--------------------------------------------

  Rep#:   Lambda   Alpha      F1    F2     D1,2    Ln Like  Est Ln P(D)
413000:    1.00    9.381    0.073 0.000    0.021   -125599    0 
413100:    1.00    9.245    0.062 0.000    0.019   -125625    0 
413200:    1.00    8.992    0.059 0.000    0.018   -125614    0 
413300:    1.00    9.157    0.057 0.000    0.013   -125611    0 
413400:    1.00    9.042    0.052 0.000    0.016   -125634    0 
413500:    1.00    8.876    0.093 0.000    0.023   -125601    0 
413600:    1.00    8.909    0.063 0.000    0.026   -125552    0 
413700:    1.00    8.784    0.065 0.000    0.027   -125605    0 
413800:    1.00    8.771    0.056 0.000    0.024   -125547    0 
413900:    1.00    9.047    0.062 0.000    0.025   -125580    0 

--------------------------------------------
Proportion of membership of each pre-defined
 population in each of the 2 clusters

Given    Inferred Clusters       Number of
 Pop       1      2             Individuals

  1:     0.501  0.499             358
  2:     0.495  0.505             1039
  3:     0.500  0.500             603
--------------------------------------------

  Rep#:   Lambda   Alpha      F1    F2     D1,2    Ln Like  Est Ln P(D)
414000:    1.00    8.701    0.056 0.000    0.026   -125606    0 
414100:    1.00    9.081    0.067 0.000    0.026   -125606    0 
414200:    1.00    8.806    0.056 0.000    0.019   -125582    0 
414300:    1.00    8.822    0.046 0.000    0.018   -125653    0 
414400:    1.00    8.967    0.054 0.000    0.022   -125660    0 
414500:    1.00    8.853    0.046 0.000    0.019   -125632    0 
414600:    1.00    9.095    0.050 0.000    0.019   -125611    0 
414700:    1.00    9.032    0.061 0.000    0.021   -125633    0 
414800:    1.00    9.164    0.053 0.000    0.020   -125624    0 
414900:    1.00    8.807    0.047 0.000    0.020   -125576    0 

--------------------------------------------
Proportion of membership of each pre-defined
 population in each of the 2 clusters

Given    Inferred Clusters       Number of
 Pop       1      2             Individuals

  1:     0.497  0.503             358
  2:     0.496  0.504             1039
  3:     0.501  0.499             603
--------------------------------------------

  Rep#:   Lambda   Alpha      F1    F2     D1,2    Ln Like  Est Ln P(D)
415000:    1.00    9.244    0.055 0.000    0.018   -125602    0 
415100:    1.00    9.525    0.046 0.000    0.018   -125628    0 
415200:    1.00    9.309    0.043 0.000    0.015   -125672    0 
415300:    1.00    9.842    0.042 0.000    0.018   -125652    0 
415400:    1.00    9.821    0.037 0.000    0.017   -125596    0 
415500:    1.00    9.972    0.045 0.000    0.016   -125642    0 
415600:    1.00    9.691    0.044 0.000    0.018   -125655    0 
415700:    1.00    9.701    0.053 0.000    0.019   -125612    0 
415800:    1.00    9.938    0.076 0.000    0.025   -125588    0 
415900:    1.00    9.580    0.080 0.000    0.029   -125559    0 

--------------------------------------------
Proportion of membership of each pre-defined
 population in each of the 2 clusters

Given    Inferred Clusters       Number of
 Pop       1      2             Individuals

  1:     0.504  0.496             358
  2:     0.511  0.489             1039
  3:     0.498  0.502             603
--------------------------------------------

  Rep#:   Lambda   Alpha      F1    F2     D1,2    Ln Like  Est Ln P(D)
416000:    1.00    9.595    0.088 0.000    0.033   -125559    0 
416100:    1.00    9.618    0.100 0.000    0.031   -125556    0 
416200:    1.00    9.699    0.077 0.000    0.028   -125595    0 
416300:    1.00    9.873    0.069 0.000    0.028   -125552    0 
416400:    1.00    9.725    0.085 0.000    0.032   -125536    0 
416500:    1.00    9.807    0.082 0.000    0.033   -125554    0 
416600:    1.00    9.848    0.096 0.000    0.033   -125518    0 
416700:    1.00    9.929    0.097 0.000    0.028   -125587    0 
416800:    1.00    9.931    0.080 0.000    0.034   -125482    0 
416900:    1.00    9.624    0.077 0.000    0.032   -125530    0 

--------------------------------------------
Proportion of membership of each pre-defined
 population in each of the 2 clusters

Given    Inferred Clusters       Number of
 Pop       1      2             Individuals

  1:     0.496  0.504             358
  2:     0.501  0.499             1039
  3:     0.498  0.502             603
--------------------------------------------

  Rep#:   Lambda   Alpha      F1    F2     D1,2    Ln Like  Est Ln P(D)
417000:    1.00    9.477    0.082 0.000    0.029   -125605    0 
417100:    1.00    9.802    0.078 0.000    0.024   -125562    0 
417200:    1.00    9.643    0.071 0.000    0.019   -125596    0 
417300:    1.00    9.143    0.064 0.000    0.025   -125589    0 
417400:    1.00    9.130    0.070 0.000    0.029   -125571    0 
417500:    1.00    9.168    0.081 0.000    0.026   -125545    0 
417600:    1.00    9.265    0.096 0.000    0.028   -125566    0 
417700:    1.00    9.075    0.100 0.000    0.026   -125568    0 
417800:    1.00    9.180    0.078 0.000    0.025   -125585    0 
417900:    1.00    9.289    0.074 0.000    0.027   -125566    0 

--------------------------------------------
Proportion of membership of each pre-defined
 population in each of the 2 clusters

Given    Inferred Clusters       Number of
 Pop       1      2             Individuals

  1:     0.503  0.497             358
  2:     0.499  0.501             1039
  3:     0.502  0.498             603
--------------------------------------------

  Rep#:   Lambda   Alpha      F1    F2     D1,2    Ln Like  Est Ln P(D)
418000:    1.00    9.096    0.059 0.000    0.027   -125532    0 
418100:    1.00    9.367    0.074 0.000    0.039   -125511    0 
418200:    1.00    9.362    0.106 0.000    0.039   -125541    0 
418300:    1.00    9.119    0.092 0.000    0.041   -125498    0 
418400:    1.00    9.482    0.092 0.000    0.036   -125479    0 
418500:    1.00    9.366    0.099 0.000    0.041   -125501    0 
418600:    1.00    9.440    0.101 0.000    0.037   -125472    0 
418700:    1.00    9.616    0.090 0.000    0.040   -125516    0 
418800:    1.00    9.433    0.088 0.000    0.042   -125524    0 
418900:    1.00    9.417    0.108 0.000    0.046   -125468    0 

--------------------------------------------
Proportion of membership of each pre-defined
 population in each of the 2 clusters

Given    Inferred Clusters       Number of
 Pop       1      2             Individuals

  1:     0.499  0.501             358
  2:     0.502  0.498             1039
  3:     0.503  0.497             603
--------------------------------------------

  Rep#:   Lambda   Alpha      F1    F2     D1,2    Ln Like  Est Ln P(D)
419000:    1.00    9.370    0.089 0.000    0.047   -125476    0 
419100:    1.00    9.101    0.113 0.000    0.051   -125439    0 
419200:    1.00    9.253    0.101 0.000    0.041   -125502    0 
419300:    1.00    9.604    0.102 0.000    0.044   -125533    0 
419400:    1.00    9.672    0.109 0.000    0.044   -125479    0 
419500:    1.00    9.828    0.145 0.000    0.046   -125500    0 
419600:    1.00    9.532    0.117 0.000    0.043   -125501    0 
419700:    1.00    9.412    0.106 0.000    0.045   -125443    0 
419800:    1.00    9.330    0.077 0.000    0.039   -125521    0 
419900:    1.00    9.344    0.102 0.000    0.042   -125495    0 

--------------------------------------------
Proportion of membership of each pre-defined
 population in each of the 2 clusters

Given    Inferred Clusters       Number of
 Pop       1      2             Individuals

  1:     0.491  0.509             358
  2:     0.503  0.497             1039
  3:     0.501  0.499             603
--------------------------------------------

  Rep#:   Lambda   Alpha      F1    F2     D1,2    Ln Like  Est Ln P(D)
420000:    1.00    9.427    0.096 0.000    0.038   -125515    0 
420100:    1.00    9.633    0.099 0.000    0.040   -125517    0 
420200:    1.00    9.169    0.085 0.000    0.042   -125513    0 
420300:    1.00    8.503    0.094 0.000    0.036   -125469    0 
420400:    1.00    8.492    0.098 0.000    0.037   -125508    0 
420500:    1.00    8.647    0.114 0.000    0.035   -125512    0 
420600:    1.00    8.708    0.096 0.000    0.032   -125529    0 
420700:    1.00    8.757    0.073 0.000    0.027   -125540    0 
420800:    1.00    8.205    0.059 0.000    0.023   -125529    0 
420900:    1.00    8.346    0.093 0.000    0.030   -125525    0 

--------------------------------------------
Proportion of membership of each pre-defined
 population in each of the 2 clusters

Given    Inferred Clusters       Number of
 Pop       1      2             Individuals

  1:     0.501  0.499             358
  2:     0.499  0.501             1039
  3:     0.489  0.511             603
--------------------------------------------

  Rep#:   Lambda   Alpha      F1    F2     D1,2    Ln Like  Est Ln P(D)
421000:    1.00    8.267    0.071 0.000    0.025   -125514    0 
421100:    1.00    7.961    0.078 0.000    0.027   -125537    0 
421200:    1.00    7.875    0.077 0.000    0.027   -125521    0 
421300:    1.00    7.821    0.079 0.000    0.023   -125519    0 
421400:    1.00    8.206    0.087 0.000    0.024   -125525    0 
421500:    1.00    8.132    0.083 0.000    0.026   -125489    0 
421600:    1.00    7.985    0.072 0.000    0.021   -125533    0 
421700:    1.00    7.643    0.063 0.000    0.023   -125492    0 
421800:    1.00    7.663    0.078 0.000    0.024   -125536    0 
421900:    1.00    7.740    0.078 0.000    0.027   -125524    0 

--------------------------------------------
Proportion of membership of each pre-defined
 population in each of the 2 clusters

Given    Inferred Clusters       Number of
 Pop       1      2             Individuals

  1:     0.504  0.496             358
  2:     0.504  0.496             1039
  3:     0.489  0.511             603
--------------------------------------------

  Rep#:   Lambda   Alpha      F1    F2     D1,2    Ln Like  Est Ln P(D)
422000:    1.00    7.359    0.079 0.000    0.028   -125510    0 
422100:    1.00    7.443    0.091 0.000    0.031   -125426    0 
422200:    1.00    7.418    0.089 0.000    0.030   -125442    0 
422300:    1.00    6.955    0.089 0.000    0.036   -125428    0 
422400:    1.00    7.018    0.094 0.000    0.034   -125473    0 
422500:    1.00    6.578    0.070 0.000    0.031   -125452    0 
422600:    1.00    6.795    0.105 0.000    0.031   -125492    0 
422700:    1.00    6.640    0.090 0.000    0.027   -125419    0 
422800:    1.00    6.277    0.084 0.000    0.026   -125469    0 
422900:    1.00    6.241    0.066 0.000    0.031   -125429    0 

--------------------------------------------
Proportion of membership of each pre-defined
 population in each of the 2 clusters

Given    Inferred Clusters       Number of
 Pop       1      2             Individuals

  1:     0.495  0.505             358
  2:     0.507  0.493             1039
  3:     0.496  0.504             603
--------------------------------------------

  Rep#:   Lambda   Alpha      F1    F2     D1,2    Ln Like  Est Ln P(D)
423000:    1.00    5.689    0.066 0.000    0.026   -125455    0 
423100:    1.00    5.754    0.061 0.000    0.026   -125470    0 
423200:    1.00    5.714    0.079 0.000    0.027   -125440    0 
423300:    1.00    5.503    0.088 0.000    0.026   -125421    0 
423400:    1.00    5.258    0.072 0.000    0.025   -125430    0 
423500:    1.00    4.933    0.069 0.000    0.024   -125431    0 
423600:    1.00    5.066    0.079 0.000    0.025   -125415    0 
423700:    1.00    5.103    0.079 0.000    0.028   -125413    0 
423800:    1.00    5.156    0.062 0.000    0.026   -125415    0 
423900:    1.00    5.644    0.051 0.000    0.024   -125481    0 

--------------------------------------------
Proportion of membership of each pre-defined
 population in each of the 2 clusters

Given    Inferred Clusters       Number of
 Pop       1      2             Individuals

  1:     0.496  0.504             358
  2:     0.494  0.506             1039
  3:     0.496  0.504             603
--------------------------------------------

  Rep#:   Lambda   Alpha      F1    F2     D1,2    Ln Like  Est Ln P(D)
424000:    1.00    5.939    0.051 0.000    0.018   -125535    0 
424100:    1.00    6.195    0.049 0.000    0.019   -125513    0 
424200:    1.00    6.219    0.073 0.000    0.019   -125517    0 
424300:    1.00    6.056    0.054 0.000    0.020   -125508    0 
424400:    1.00    6.050    0.051 0.000    0.019   -125466    0 
424500:    1.00    6.036    0.063 0.000    0.020   -125495    0 
424600:    1.00    5.759    0.051 0.000    0.019   -125549    0 
424700:    1.00    5.602    0.059 0.000    0.017   -125519    0 
424800:    1.00    5.548    0.063 0.000    0.019   -125568    0 
424900:    1.00    5.336    0.078 0.000    0.021   -125461    0 

--------------------------------------------
Proportion of membership of each pre-defined
 population in each of the 2 clusters

Given    Inferred Clusters       Number of
 Pop       1      2             Individuals

  1:     0.513  0.487             358
  2:     0.499  0.501             1039
  3:     0.495  0.505             603
--------------------------------------------

  Rep#:   Lambda   Alpha      F1    F2     D1,2    Ln Like  Est Ln P(D)
425000:    1.00    5.620    0.063 0.000    0.025   -125446    0 
425100:    1.00    5.559    0.050 0.000    0.020   -125509    0 
425200:    1.00    5.756    0.051 0.000    0.022   -125500    0 
425300:    1.00    5.923    0.059 0.000    0.023   -125501    0 
425400:    1.00    6.362    0.062 0.000    0.028   -125499    0 
425500:    1.00    6.261    0.066 0.000    0.022   -125486    0 
425600:    1.00    6.194    0.066 0.000    0.021   -125523    0 
425700:    1.00    6.181    0.075 0.000    0.025   -125498    0 
425800:    1.00    6.389    0.058 0.000    0.024   -125447    0 
425900:    1.00    6.177    0.077 0.000    0.023   -125478    0 

--------------------------------------------
Proportion of membership of each pre-defined
 population in each of the 2 clusters

Given    Inferred Clusters       Number of
 Pop       1      2             Individuals

  1:     0.505  0.495             358
  2:     0.498  0.502             1039
  3:     0.500  0.500             603
--------------------------------------------

  Rep#:   Lambda   Alpha      F1    F2     D1,2    Ln Like  Est Ln P(D)
426000:    1.00    6.481    0.061 0.000    0.028   -125426    0 
426100:    1.00    6.723    0.066 0.000    0.028   -125481    0 
426200:    1.00    6.228    0.075 0.000    0.030   -125422    0 
426300:    1.00    6.028    0.065 0.000    0.021   -125490    0 
426400:    1.00    5.892    0.062 0.000    0.029   -125461    0 
426500:    1.00    5.920    0.068 0.000    0.030   -125475    0 
426600:    1.00    5.930    0.062 0.000    0.027   -125475    0 
426700:    1.00    5.759    0.063 0.000    0.024   -125519    0 
426800:    1.00    5.613    0.060 0.000    0.023   -125483    0 
426900:    1.00    5.499    0.079 0.000    0.026   -125503    0 

--------------------------------------------
Proportion of membership of each pre-defined
 population in each of the 2 clusters

Given    Inferred Clusters       Number of
 Pop       1      2             Individuals

  1:     0.492  0.508             358
  2:     0.501  0.499             1039
  3:     0.493  0.507             603
--------------------------------------------

  Rep#:   Lambda   Alpha      F1    F2     D1,2    Ln Like  Est Ln P(D)
427000:    1.00    5.521    0.067 0.000    0.025   -125466    0 
427100:    1.00    5.341    0.089 0.000    0.025   -125453    0 
427200:    1.00    5.258    0.059 0.000    0.024   -125455    0 
427300:    1.00    4.999    0.059 0.000    0.022   -125444    0 
427400:    1.00    4.748    0.051 0.000    0.024   -125453    0 
427500:    1.00    4.804    0.057 0.000    0.022   -125395    0 
427600:    1.00    4.570    0.061 0.000    0.018   -125513    0 
427700:    1.00    4.427    0.038 0.000    0.018   -125488    0 
427800:    1.00    4.637    0.055 0.000    0.018   -125454    0 
427900:    1.00    5.160    0.061 0.000    0.023   -125477    0 

--------------------------------------------
Proportion of membership of each pre-defined
 population in each of the 2 clusters

Given    Inferred Clusters       Number of
 Pop       1      2             Individuals

  1:     0.513  0.487             358
  2:     0.507  0.493             1039
  3:     0.507  0.493             603
--------------------------------------------

  Rep#:   Lambda   Alpha      F1    F2     D1,2    Ln Like  Est Ln P(D)
428000:    1.00    4.897    0.060 0.000    0.028   -125417    0 
428100:    1.00    5.322    0.067 0.000    0.025   -125447    0 
428200:    1.00    5.146    0.061 0.000    0.023   -125487    0 
428300:    1.00    4.835    0.058 0.000    0.018   -125499    0 
428400:    1.00    4.541    0.057 0.000    0.021   -125433    0 
428500:    1.00    4.401    0.061 0.000    0.018   -125407    0 
428600:    1.00    4.758    0.064 0.000    0.024   -125389    0 
428700:    1.00    4.886    0.070 0.000    0.025   -125447    0 
428800:    1.00    4.873    0.060 0.000    0.022   -125427    0 
428900:    1.00    4.892    0.066 0.000    0.022   -125383    0 

--------------------------------------------
Proportion of membership of each pre-defined
 population in each of the 2 clusters

Given    Inferred Clusters       Number of
 Pop       1      2             Individuals

  1:     0.505  0.495             358
  2:     0.506  0.494             1039
  3:     0.494  0.506             603
--------------------------------------------

  Rep#:   Lambda   Alpha      F1    F2     D1,2    Ln Like  Est Ln P(D)
429000:    1.00    4.739    0.070 0.000    0.026   -125427    0 
429100:    1.00    4.911    0.047 0.000    0.016   -125475    0 
429200:    1.00    4.929    0.050 0.000    0.019   -125471    0 
429300:    1.00    4.681    0.048 0.000    0.023   -125460    0 
429400:    1.00    4.883    0.053 0.000    0.021   -125454    0 
429500:    1.00    5.132    0.048 0.000    0.020   -125514    0 
429600:    1.00    4.926    0.053 0.000    0.019   -125542    0 
429700:    1.00    4.913    0.051 0.000    0.017   -125507    0 
429800:    1.00    4.876    0.056 0.000    0.024   -125439    0 
429900:    1.00    4.727    0.074 0.000    0.028   -125440    0 

--------------------------------------------
Proportion of membership of each pre-defined
 population in each of the 2 clusters

Given    Inferred Clusters       Number of
 Pop       1      2             Individuals

  1:     0.522  0.478             358
  2:     0.496  0.504             1039
  3:     0.499  0.501             603
--------------------------------------------

  Rep#:   Lambda   Alpha      F1    F2     D1,2    Ln Like  Est Ln P(D)
430000:    1.00    4.642    0.079 0.000    0.020   -125487    0 
430100:    1.00    4.649    0.062 0.000    0.024   -125399    0 
430200:    1.00    4.569    0.051 0.000    0.022   -125472    0 
430300:    1.00    3.985    0.038 0.000    0.014   -125518    0 
430400:    1.00    4.091    0.048 0.000    0.019   -125477    0 
430500:    1.00    4.071    0.052 0.000    0.016   -125494    0 
430600:    1.00    4.043    0.041 0.000    0.015   -125493    0 
430700:    1.00    4.025    0.046 0.000    0.015   -125512    0 
430800:    1.00    4.176    0.055 0.000    0.019   -125416    0 
430900:    1.00    4.654    0.060 0.000    0.021   -125439    0 

--------------------------------------------
Proportion of membership of each pre-defined
 population in each of the 2 clusters

Given    Inferred Clusters       Number of
 Pop       1      2             Individuals

  1:     0.512  0.488             358
  2:     0.502  0.498             1039
  3:     0.498  0.502             603
--------------------------------------------

  Rep#:   Lambda   Alpha      F1    F2     D1,2    Ln Like  Est Ln P(D)
431000:    1.00    5.017    0.043 0.000    0.022   -125435    0 
431100:    1.00    4.783    0.063 0.000    0.019   -125426    0 
431200:    1.00    4.407    0.052 0.000    0.018   -125479    0 
431300:    1.00    4.426    0.063 0.000    0.019   -125393    0 
431400:    1.00    4.497    0.053 0.000    0.017   -125472    0 
431500:    1.00    4.562    0.043 0.000    0.017   -125518    0 
431600:    1.00    4.705    0.049 0.000    0.018   -125476    0 
431700:    1.00    4.819    0.043 0.000    0.020   -125476    0 
431800:    1.00    4.995    0.057 0.000    0.026   -125450    0 
431900:    1.00    5.118    0.061 0.000    0.023   -125461    0 

--------------------------------------------
Proportion of membership of each pre-defined
 population in each of the 2 clusters

Given    Inferred Clusters       Number of
 Pop       1      2             Individuals

  1:     0.499  0.501             358
  2:     0.500  0.500             1039
  3:     0.500  0.500             603
--------------------------------------------

  Rep#:   Lambda   Alpha      F1    F2     D1,2    Ln Like  Est Ln P(D)
432000:    1.00    4.973    0.060 0.000    0.026   -125402    0 
432100:    1.00    5.123    0.048 0.000    0.023   -125409    0 
432200:    1.00    5.189    0.056 0.000    0.026   -125391    0 
432300:    1.00    5.146    0.054 0.000    0.020   -125500    0 
432400:    1.00    4.975    0.051 0.000    0.019   -125469    0 
432500:    1.00    4.692    0.045 0.000    0.013   -125530    0 
432600:    1.00    4.540    0.038 0.000    0.016   -125535    0 
432700:    1.00    4.742    0.032 0.000    0.013   -125582    0 
432800:    1.00    4.202    0.042 0.000    0.015   -125473    0 
432900:    1.00    3.989    0.040 0.000    0.014   -125475    0 

--------------------------------------------
Proportion of membership of each pre-defined
 population in each of the 2 clusters

Given    Inferred Clusters       Number of
 Pop       1      2             Individuals

  1:     0.507  0.493             358
  2:     0.507  0.493             1039
  3:     0.492  0.508             603
--------------------------------------------

  Rep#:   Lambda   Alpha      F1    F2     D1,2    Ln Like  Est Ln P(D)
433000:    1.00    4.317    0.040 0.000    0.014   -125534    0 
433100:    1.00    4.551    0.044 0.000    0.015   -125551    0 
433200:    1.00    4.602    0.035 0.000    0.015   -125562    0 
433300:    1.00    4.527    0.037 0.000    0.013   -125559    0 
433400:    1.00    4.340    0.032 0.000    0.013   -125547    0 
433500:    1.00    4.344    0.046 0.000    0.013   -125502    0 
433600:    1.00    4.560    0.044 0.000    0.013   -125566    0 
433700:    1.00    4.557    0.034 0.000    0.014   -125542    0 
433800:    1.00    4.737    0.036 0.000    0.013   -125527    0 
433900:    1.00    4.602    0.032 0.000    0.014   -125535    0 

--------------------------------------------
Proportion of membership of each pre-defined
 population in each of the 2 clusters

Given    Inferred Clusters       Number of
 Pop       1      2             Individuals

  1:     0.495  0.505             358
  2:     0.501  0.499             1039
  3:     0.490  0.510             603
--------------------------------------------

  Rep#:   Lambda   Alpha      F1    F2     D1,2    Ln Like  Est Ln P(D)
434000:    1.00    4.742    0.039 0.000    0.010   -125590    0 
434100:    1.00    4.462    0.057 0.000    0.017   -125485    0 
434200:    1.00    4.931    0.038 0.000    0.016   -125581    0 
434300:    1.00    4.868    0.047 0.000    0.014   -125537    0 
434400:    1.00    4.539    0.040 0.000    0.015   -125484    0 
434500:    1.00    4.637    0.039 0.000    0.015   -125534    0 
434600:    1.00    4.469    0.051 0.000    0.015   -125520    0 
434700:    1.00    4.556    0.048 0.000    0.017   -125475    0 
434800:    1.00    4.753    0.060 0.000    0.020   -125523    0 
434900:    1.00    4.846    0.070 0.000    0.019   -125468    0 

--------------------------------------------
Proportion of membership of each pre-defined
 population in each of the 2 clusters

Given    Inferred Clusters       Number of
 Pop       1      2             Individuals

  1:     0.496  0.504             358
  2:     0.507  0.493             1039
  3:     0.502  0.498             603
--------------------------------------------

  Rep#:   Lambda   Alpha      F1    F2     D1,2    Ln Like  Est Ln P(D)
435000:    1.00    5.201    0.043 0.000    0.017   -125484    0 
435100:    1.00    5.309    0.045 0.000    0.017   -125516    0 
435200:    1.00    5.277    0.067 0.000    0.021   -125484    0 
435300:    1.00    5.438    0.060 0.000    0.019   -125492    0 
435400:    1.00    5.336    0.061 0.000    0.020   -125510    0 
435500:    1.00    5.320    0.053 0.000    0.023   -125521    0 
435600:    1.00    5.231    0.055 0.000    0.016   -125524    0 
435700:    1.00    4.990    0.050 0.000    0.019   -125499    0 
435800:    1.00    4.916    0.050 0.000    0.021   -125451    0 
435900:    1.00    4.699    0.055 0.000    0.018   -125483    0 

--------------------------------------------
Proportion of membership of each pre-defined
 population in each of the 2 clusters

Given    Inferred Clusters       Number of
 Pop       1      2             Individuals

  1:     0.497  0.503             358
  2:     0.501  0.499             1039
  3:     0.494  0.506             603
--------------------------------------------

  Rep#:   Lambda   Alpha      F1    F2     D1,2    Ln Like  Est Ln P(D)
436000:    1.00    4.381    0.056 0.000    0.015   -125474    0 
436100:    1.00    4.513    0.047 0.000    0.018   -125483    0 
436200:    1.00    4.494    0.049 0.000    0.020   -125441    0 
436300:    1.00    4.592    0.045 0.000    0.018   -125497    0 
436400:    1.00    4.636    0.050 0.000    0.014   -125487    0 
436500:    1.00    4.615    0.053 0.000    0.021   -125483    0 
436600:    1.00    4.602    0.058 0.000    0.024   -125457    0 
436700:    1.00    4.434    0.060 0.000    0.022   -125463    0 
436800:    1.00    4.464    0.049 0.000    0.015   -125513    0 
436900:    1.00    4.221    0.055 0.000    0.020   -125453    0 

--------------------------------------------
Proportion of membership of each pre-defined
 population in each of the 2 clusters

Given    Inferred Clusters       Number of
 Pop       1      2             Individuals

  1:     0.496  0.504             358
  2:     0.494  0.506             1039
  3:     0.512  0.488             603
--------------------------------------------

  Rep#:   Lambda   Alpha      F1    F2     D1,2    Ln Like  Est Ln P(D)
437000:    1.00    4.236    0.053 0.000    0.019   -125438    0 
437100:    1.00    4.448    0.046 0.000    0.013   -125495    0 
437200:    1.00    4.586    0.054 0.000    0.016   -125506    0 
437300:    1.00    4.998    0.046 0.000    0.017   -125488    0 
437400:    1.00    5.314    0.051 0.000    0.018   -125529    0 
437500:    1.00    5.354    0.045 0.000    0.016   -125558    0 
437600:    1.00    5.121    0.063 0.000    0.016   -125491    0 
437700:    1.00    5.238    0.059 0.000    0.018   -125471    0 
437800:    1.00    5.364    0.045 0.000    0.018   -125509    0 
437900:    1.00    5.250    0.045 0.000    0.020   -125529    0 

--------------------------------------------
Proportion of membership of each pre-defined
 population in each of the 2 clusters

Given    Inferred Clusters       Number of
 Pop       1      2             Individuals

  1:     0.504  0.496             358
  2:     0.505  0.495             1039
  3:     0.494  0.506             603
--------------------------------------------

  Rep#:   Lambda   Alpha      F1    F2     D1,2    Ln Like  Est Ln P(D)
438000:    1.00    5.415    0.046 0.000    0.020   -125544    0 
438100:    1.00    5.581    0.052 0.000    0.024   -125519    0 
438200:    1.00    5.497    0.054 0.000    0.022   -125469    0 
438300:    1.00    5.633    0.055 0.000    0.022   -125500    0 
438400:    1.00    5.538    0.058 0.000    0.020   -125519    0 
438500:    1.00    5.936    0.045 0.000    0.014   -125567    0 
438600:    1.00    5.711    0.044 0.000    0.016   -125528    0 
438700:    1.00    5.908    0.048 0.000    0.015   -125549    0 
438800:    1.00    5.995    0.059 0.000    0.021   -125550    0 
438900:    1.00    5.884    0.055 0.000    0.017   -125524    0 

--------------------------------------------
Proportion of membership of each pre-defined
 population in each of the 2 clusters

Given    Inferred Clusters       Number of
 Pop       1      2             Individuals

  1:     0.501  0.499             358
  2:     0.502  0.498             1039
  3:     0.509  0.491             603
--------------------------------------------

  Rep#:   Lambda   Alpha      F1    F2     D1,2    Ln Like  Est Ln P(D)
439000:    1.00    5.541    0.054 0.000    0.018   -125601    0 
439100:    1.00    5.914    0.050 0.000    0.017   -125549    0 
439200:    1.00    6.264    0.056 0.000    0.018   -125517    0 
439300:    1.00    6.379    0.042 0.000    0.019   -125561    0 
439400:    1.00    6.411    0.050 0.000    0.020   -125535    0 
439500:    1.00    5.902    0.057 0.000    0.019   -125544    0 
439600:    1.00    5.846    0.062 0.000    0.021   -125485    0 
439700:    1.00    5.963    0.057 0.000    0.018   -125560    0 
439800:    1.00    6.040    0.067 0.000    0.019   -125555    0 
439900:    1.00    5.824    0.065 0.000    0.021   -125533    0 

--------------------------------------------
Proportion of membership of each pre-defined
 population in each of the 2 clusters

Given    Inferred Clusters       Number of
 Pop       1      2             Individuals

  1:     0.513  0.487             358
  2:     0.510  0.490             1039
  3:     0.504  0.496             603
--------------------------------------------

  Rep#:   Lambda   Alpha      F1    F2     D1,2    Ln Like  Est Ln P(D)
440000:    1.00    5.297    0.051 0.000    0.016   -125536    0 
440100:    1.00    5.139    0.049 0.000    0.018   -125527    0 
440200:    1.00    5.036    0.047 0.000    0.018   -125547    0 
440300:    1.00    5.078    0.044 0.000    0.018   -125521    0 
440400:    1.00    5.275    0.049 0.000    0.018   -125511    0 
440500:    1.00    4.998    0.046 0.000    0.017   -125529    0 
440600:    1.00    4.764    0.040 0.000    0.017   -125518    0 
440700:    1.00    4.911    0.034 0.000    0.010   -125580    0 
440800:    1.00    4.842    0.035 0.000    0.014   -125567    0 
440900:    1.00    4.784    0.038 0.000    0.015   -125564    0 

--------------------------------------------
Proportion of membership of each pre-defined
 population in each of the 2 clusters

Given    Inferred Clusters       Number of
 Pop       1      2             Individuals

  1:     0.497  0.503             358
  2:     0.508  0.492             1039
  3:     0.498  0.502             603
--------------------------------------------

  Rep#:   Lambda   Alpha      F1    F2     D1,2    Ln Like  Est Ln P(D)
441000:    1.00    4.978    0.038 0.000    0.013   -125573    0 
441100:    1.00    5.089    0.041 0.000    0.016   -125559    0 
441200:    1.00    5.153    0.042 0.000    0.019   -125526    0 
441300:    1.00    5.373    0.039 0.000    0.016   -125556    0 
441400:    1.00    5.452    0.056 0.000    0.019   -125467    0 
441500:    1.00    5.040    0.056 0.000    0.019   -125530    0 
441600:    1.00    4.635    0.063 0.000    0.021   -125451    0 
441700:    1.00    4.490    0.066 0.000    0.018   -125451    0 
441800:    1.00    4.542    0.048 0.000    0.017   -125485    0 
441900:    1.00    4.325    0.043 0.000    0.018   -125477    0 

--------------------------------------------
Proportion of membership of each pre-defined
 population in each of the 2 clusters

Given    Inferred Clusters       Number of
 Pop       1      2             Individuals

  1:     0.510  0.490             358
  2:     0.502  0.498             1039
  3:     0.506  0.494             603
--------------------------------------------

  Rep#:   Lambda   Alpha      F1    F2     D1,2    Ln Like  Est Ln P(D)
442000:    1.00    4.404    0.047 0.000    0.015   -125519    0 
442100:    1.00    4.423    0.045 0.000    0.015   -125487    0 
442200:    1.00    4.500    0.044 0.000    0.016   -125476    0 
442300:    1.00    4.522    0.048 0.000    0.018   -125463    0 
442400:    1.00    4.398    0.051 0.000    0.018   -125446    0 
442500:    1.00    4.507    0.056 0.000    0.022   -125469    0 
442600:    1.00    4.355    0.069 0.000    0.023   -125449    0 
442700:    1.00    4.452    0.063 0.000    0.018   -125452    0 
442800:    1.00    4.320    0.065 0.000    0.022   -125445    0 
442900:    1.00    4.659    0.041 0.000    0.018   -125475    0 

--------------------------------------------
Proportion of membership of each pre-defined
 population in each of the 2 clusters

Given    Inferred Clusters       Number of
 Pop       1      2             Individuals

  1:     0.498  0.502             358
  2:     0.504  0.496             1039
  3:     0.498  0.502             603
--------------------------------------------

  Rep#:   Lambda   Alpha      F1    F2     D1,2    Ln Like  Est Ln P(D)
443000:    1.00    4.483    0.059 0.000    0.024   -125426    0 
443100:    1.00    4.551    0.046 0.000    0.022   -125455    0 
443200:    1.00    4.358    0.048 0.000    0.020   -125474    0 
443300:    1.00    4.193    0.055 0.000    0.023   -125443    0 
443400:    1.00    3.964    0.068 0.000    0.028   -125371    0 
443500:    1.00    4.245    0.074 0.000    0.023   -125366    0 
443600:    1.00    4.100    0.082 0.000    0.028   -125345    0 
443700:    1.00    4.005    0.071 0.000    0.023   -125358    0 
443800:    1.00    4.175    0.071 0.000    0.027   -125378    0 
443900:    1.00    4.031    0.054 0.000    0.020   -125417    0 

--------------------------------------------
Proportion of membership of each pre-defined
 population in each of the 2 clusters

Given    Inferred Clusters       Number of
 Pop       1      2             Individuals

  1:     0.507  0.493             358
  2:     0.506  0.494             1039
  3:     0.495  0.505             603
--------------------------------------------

  Rep#:   Lambda   Alpha      F1    F2     D1,2    Ln Like  Est Ln P(D)
444000:    1.00    3.937    0.040 0.000    0.015   -125453    0 
444100:    1.00    3.602    0.043 0.001    0.016   -125421    0 
444200:    1.00    3.516    0.044 0.001    0.016   -125412    0 
444300:    1.00    3.637    0.052 0.001    0.023   -125362    0 
444400:    1.00    3.535    0.034 0.001    0.019   -125384    0 
444500:    1.00    3.732    0.057 0.001    0.020   -125412    0 
444600:    1.00    3.773    0.050 0.001    0.020   -125370    0 
444700:    1.00    3.683    0.047 0.001    0.017   -125433    0 
444800:    1.00    3.867    0.044 0.001    0.023   -125419    0 
444900:    1.00    3.382    0.048 0.001    0.022   -125286    0 

--------------------------------------------
Proportion of membership of each pre-defined
 population in each of the 2 clusters

Given    Inferred Clusters       Number of
 Pop       1      2             Individuals

  1:     0.494  0.506             358
  2:     0.497  0.503             1039
  3:     0.481  0.519             603
--------------------------------------------

  Rep#:   Lambda   Alpha      F1    F2     D1,2    Ln Like  Est Ln P(D)
445000:    1.00    3.528    0.052 0.001    0.019   -125379    0 
445100:    1.00    3.446    0.059 0.001    0.021   -125351    0 
445200:    1.00    3.124    0.048 0.001    0.017   -125353    0 
445300:    1.00    3.331    0.048 0.001    0.020   -125367    0 
445400:    1.00    3.435    0.045 0.001    0.016   -125461    0 
445500:    1.00    3.099    0.045 0.001    0.016   -125377    0 
445600:    1.00    3.193    0.042 0.001    0.018   -125384    0 
445700:    1.00    2.991    0.044 0.001    0.020   -125389    0 
445800:    1.00    3.067    0.047 0.001    0.016   -125371    0 
445900:    1.00    3.146    0.055 0.001    0.020   -125345    0 

--------------------------------------------
Proportion of membership of each pre-defined
 population in each of the 2 clusters

Given    Inferred Clusters       Number of
 Pop       1      2             Individuals

  1:     0.497  0.503             358
  2:     0.492  0.508             1039
  3:     0.502  0.498             603
--------------------------------------------

  Rep#:   Lambda   Alpha      F1    F2     D1,2    Ln Like  Est Ln P(D)
446000:    1.00    3.547    0.042 0.001    0.015   -125488    0 
446100:    1.00    3.491    0.038 0.001    0.014   -125496    0 
446200:    1.00    2.913    0.029 0.001    0.011   -125456    0 
446300:    1.00    2.843    0.037 0.001    0.014   -125401    0 
446400:    1.00    2.560    0.033 0.001    0.012   -125390    0 
446500:    1.00    2.544    0.041 0.001    0.015   -125358    0 
446600:    1.00    2.652    0.034 0.001    0.012   -125396    0 
446700:    1.00    2.615    0.037 0.001    0.013   -125403    0 
446800:    1.00    2.655    0.037 0.001    0.014   -125329    0 
446900:    1.00    2.574    0.047 0.001    0.017   -125372    0 

--------------------------------------------
Proportion of membership of each pre-defined
 population in each of the 2 clusters

Given    Inferred Clusters       Number of
 Pop       1      2             Individuals

  1:     0.512  0.488             358
  2:     0.509  0.491             1039
  3:     0.492  0.508             603
--------------------------------------------

  Rep#:   Lambda   Alpha      F1    F2     D1,2    Ln Like  Est Ln P(D)
447000:    1.00    2.617    0.033 0.001    0.017   -125332    0 
447100:    1.00    2.679    0.036 0.001    0.014   -125412    0 
447200:    1.00    2.789    0.035 0.001    0.014   -125419    0 
447300:    1.00    2.657    0.040 0.001    0.014   -125365    0 
447400:    1.00    2.650    0.031 0.001    0.011   -125446    0 
447500:    1.00    3.095    0.043 0.001    0.013   -125421    0 
447600:    1.00    3.232    0.028 0.001    0.014   -125482    0 
447700:    1.00    3.078    0.037 0.001    0.017   -125413    0 
447800:    1.00    2.847    0.045 0.001    0.016   -125384    0 
447900:    1.00    2.601    0.038 0.001    0.016   -125375    0 

--------------------------------------------
Proportion of membership of each pre-defined
 population in each of the 2 clusters

Given    Inferred Clusters       Number of
 Pop       1      2             Individuals

  1:     0.499  0.501             358
  2:     0.512  0.488             1039
  3:     0.505  0.495             603
--------------------------------------------

  Rep#:   Lambda   Alpha      F1    F2     D1,2    Ln Like  Est Ln P(D)
448000:    1.00    2.248    0.043 0.001    0.014   -125323    0 
448100:    1.00    2.338    0.045 0.001    0.016   -125366    0 
448200:    1.00    2.348    0.041 0.001    0.013   -125358    0 
448300:    1.00    2.332    0.037 0.001    0.016   -125364    0 
448400:    1.00    2.484    0.036 0.001    0.014   -125388    0 
448500:    1.00    2.762    0.042 0.001    0.014   -125404    0 
448600:    1.00    3.095    0.038 0.001    0.011   -125464    0 
448700:    1.00    3.002    0.036 0.001    0.014   -125422    0 
448800:    1.00    3.083    0.034 0.001    0.014   -125457    0 
448900:    1.00    2.941    0.044 0.001    0.013   -125403    0 

--------------------------------------------
Proportion of membership of each pre-defined
 population in each of the 2 clusters

Given    Inferred Clusters       Number of
 Pop       1      2             Individuals

  1:     0.505  0.495             358
  2:     0.500  0.500             1039
  3:     0.506  0.494             603
--------------------------------------------

  Rep#:   Lambda   Alpha      F1    F2     D1,2    Ln Like  Est Ln P(D)
449000:    1.00    3.076    0.042 0.001    0.015   -125455    0 
449100:    1.00    3.563    0.034 0.001    0.012   -125475    0 
449200:    1.00    3.767    0.047 0.001    0.020   -125413    0 
449300:    1.00    3.781    0.055 0.001    0.020   -125450    0 
449400:    1.00    3.911    0.044 0.001    0.019   -125459    0 
449500:    1.00    3.970    0.055 0.001    0.019   -125459    0 
449600:    1.00    3.739    0.043 0.001    0.016   -125435    0 
449700:    1.00    4.042    0.048 0.001    0.015   -125520    0 
449800:    1.00    3.990    0.042 0.001    0.018   -125452    0 
449900:    1.00    4.305    0.032 0.001    0.018   -125487    0 

--------------------------------------------
Proportion of membership of each pre-defined
 population in each of the 2 clusters

Given    Inferred Clusters       Number of
 Pop       1      2             Individuals

  1:     0.498  0.502             358
  2:     0.511  0.489             1039
  3:     0.497  0.503             603
--------------------------------------------

  Rep#:   Lambda   Alpha      F1    F2     D1,2    Ln Like  Est Ln P(D)
450000:    1.00    3.874    0.039 0.001    0.015   -125467    0 
450100:    1.00    4.092    0.049 0.001    0.020   -125444    0 
450200:    1.00    4.018    0.062 0.001    0.021   -125420    0 
450300:    1.00    4.425    0.056 0.001    0.016   -125556    0 
450400:    1.00    4.213    0.046 0.001    0.019   -125428    0 
450500:    1.00    3.860    0.069 0.001    0.024   -125417    0 
450600:    1.00    3.978    0.068 0.001    0.023   -125433    0 
450700:    1.00    4.103    0.073 0.001    0.023   -125385    0 
450800:    1.00    4.295    0.064 0.001    0.026   -125402    0 
450900:    1.00    4.307    0.055 0.001    0.022   -125419    0 

--------------------------------------------
Proportion of membership of each pre-defined
 population in each of the 2 clusters

Given    Inferred Clusters       Number of
 Pop       1      2             Individuals

  1:     0.495  0.505             358
  2:     0.505  0.495             1039
  3:     0.499  0.501             603
--------------------------------------------

  Rep#:   Lambda   Alpha      F1    F2     D1,2    Ln Like  Est Ln P(D)
451000:    1.00    4.067    0.047 0.001    0.016   -125408    0 
451100:    1.00    4.206    0.048 0.001    0.018   -125462    0 
451200:    1.00    4.239    0.073 0.001    0.022   -125416    0 
451300:    1.00    4.593    0.054 0.001    0.024   -125434    0 
451400:    1.00    4.532    0.060 0.001    0.023   -125450    0 
451500:    1.00    4.184    0.056 0.001    0.023   -125433    0 
451600:    1.00    4.183    0.055 0.001    0.019   -125441    0 
451700:    1.00    4.006    0.053 0.001    0.018   -125426    0 
451800:    1.00    4.199    0.048 0.001    0.021   -125445    0 
451900:    1.00    4.053    0.053 0.001    0.020   -125406    0 

--------------------------------------------
Proportion of membership of each pre-defined
 population in each of the 2 clusters

Given    Inferred Clusters       Number of
 Pop       1      2             Individuals

  1:     0.489  0.511             358
  2:     0.496  0.504             1039
  3:     0.498  0.502             603
--------------------------------------------

  Rep#:   Lambda   Alpha      F1    F2     D1,2    Ln Like  Est Ln P(D)
452000:    1.00    4.114    0.050 0.001    0.018   -125437    0 
452100:    1.00    3.868    0.047 0.001    0.020   -125353    0 
452200:    1.00    3.996    0.051 0.001    0.019   -125442    0 
452300:    1.00    4.151    0.056 0.001    0.020   -125424    0 
452400:    1.00    4.316    0.048 0.001    0.021   -125378    0 
452500:    1.00    4.283    0.051 0.001    0.017   -125459    0 
452600:    1.00    4.027    0.033 0.001    0.015   -125477    0 
452700:    1.00    3.920    0.046 0.001    0.018   -125436    0 
452800:    1.00    3.844    0.046 0.001    0.019   -125467    0 
452900:    1.00    3.390    0.037 0.001    0.015   -125479    0 

--------------------------------------------
Proportion of membership of each pre-defined
 population in each of the 2 clusters

Given    Inferred Clusters       Number of
 Pop       1      2             Individuals

  1:     0.491  0.509             358
  2:     0.503  0.497             1039
  3:     0.495  0.505             603
--------------------------------------------

  Rep#:   Lambda   Alpha      F1    F2     D1,2    Ln Like  Est Ln P(D)
453000:    1.00    3.459    0.040 0.001    0.015   -125442    0 
453100:    1.00    3.486    0.038 0.001    0.014   -125431    0 
453200:    1.00    3.990    0.052 0.001    0.021   -125429    0 
453300:    1.00    3.591    0.044 0.001    0.019   -125414    0 
453400:    1.00    3.367    0.067 0.001    0.023   -125324    0 
453500:    1.00    3.444    0.042 0.001    0.019   -125394    0 
453600:    1.00    3.527    0.063 0.001    0.020   -125355    0 
453700:    1.00    3.594    0.045 0.001    0.018   -125395    0 
453800:    1.00    3.598    0.044 0.001    0.017   -125372    0 
453900:    1.00    3.472    0.035 0.000    0.016   -125418    0 

--------------------------------------------
Proportion of membership of each pre-defined
 population in each of the 2 clusters

Given    Inferred Clusters       Number of
 Pop       1      2             Individuals

  1:     0.512  0.488             358
  2:     0.500  0.500             1039
  3:     0.500  0.500             603
--------------------------------------------

  Rep#:   Lambda   Alpha      F1    F2     D1,2    Ln Like  Est Ln P(D)
454000:    1.00    3.556    0.036 0.000    0.012   -125497    0 
454100:    1.00    3.967    0.051 0.000    0.013   -125435    0 
454200:    1.00    3.728    0.039 0.000    0.016   -125402    0 
454300:    1.00    3.504    0.038 0.000    0.013   -125442    0 
454400:    1.00    3.573    0.039 0.000    0.016   -125429    0 
454500:    1.00    3.500    0.049 0.000    0.015   -125427    0 
454600:    1.00    3.352    0.046 0.000    0.013   -125494    0 
454700:    1.00    3.376    0.049 0.000    0.014   -125464    0 
454800:    1.00    3.654    0.046 0.000    0.018   -125424    0 
454900:    1.00    3.513    0.040 0.000    0.014   -125463    0 

--------------------------------------------
Proportion of membership of each pre-defined
 population in each of the 2 clusters

Given    Inferred Clusters       Number of
 Pop       1      2             Individuals

  1:     0.510  0.490             358
  2:     0.491  0.509             1039
  3:     0.507  0.493             603
--------------------------------------------

  Rep#:   Lambda   Alpha      F1    F2     D1,2    Ln Like  Est Ln P(D)
455000:    1.00    3.222    0.041 0.000    0.015   -125474    0 
455100:    1.00    3.358    0.044 0.000    0.015   -125414    0 
455200:    1.00    3.401    0.045 0.000    0.016   -125401    0 
455300:    1.00    2.904    0.044 0.000    0.015   -125375    0 
455400:    1.00    3.051    0.036 0.000    0.014   -125402    0 
455500:    1.00    3.442    0.046 0.000    0.018   -125373    0 
455600:    1.00    3.377    0.038 0.000    0.015   -125441    0 
455700:    1.00    3.744    0.041 0.000    0.013   -125417    0 
455800:    1.00    4.102    0.051 0.000    0.017   -125460    0 
455900:    1.00    4.008    0.053 0.000    0.017   -125421    0 

--------------------------------------------
Proportion of membership of each pre-defined
 population in each of the 2 clusters

Given    Inferred Clusters       Number of
 Pop       1      2             Individuals

  1:     0.503  0.497             358
  2:     0.504  0.496             1039
  3:     0.504  0.496             603
--------------------------------------------

  Rep#:   Lambda   Alpha      F1    F2     D1,2    Ln Like  Est Ln P(D)
456000:    1.00    4.536    0.046 0.000    0.019   -125468    0 
456100:    1.00    4.485    0.039 0.000    0.015   -125541    0 
456200:    1.00    4.722    0.060 0.000    0.014   -125522    0 
456300:    1.00    4.845    0.062 0.000    0.023   -125449    0 
456400:    1.00    4.767    0.071 0.000    0.027   -125418    0 
456500:    1.00    4.650    0.058 0.000    0.023   -125372    0 
456600:    1.00    4.785    0.064 0.000    0.024   -125430    0 
456700:    1.00    4.671    0.051 0.000    0.024   -125395    0 
456800:    1.00    4.857    0.085 0.000    0.032   -125336    0 
456900:    1.00    4.751    0.088 0.000    0.028   -125410    0 

--------------------------------------------
Proportion of membership of each pre-defined
 population in each of the 2 clusters

Given    Inferred Clusters       Number of
 Pop       1      2             Individuals

  1:     0.505  0.495             358
  2:     0.495  0.505             1039
  3:     0.497  0.503             603
--------------------------------------------

  Rep#:   Lambda   Alpha      F1    F2     D1,2    Ln Like  Est Ln P(D)
457000:    1.00    4.908    0.068 0.000    0.025   -125406    0 
457100:    1.00    4.905    0.066 0.000    0.027   -125424    0 
457200:    1.00    4.953    0.093 0.000    0.028   -125365    0 
457300:    1.00    4.814    0.083 0.000    0.028   -125388    0 
457400:    1.00    5.182    0.074 0.000    0.023   -125407    0 
457500:    1.00    5.364    0.072 0.000    0.020   -125475    0 
457600:    1.00    4.897    0.068 0.000    0.023   -125373    0 
457700:    1.00    5.362    0.055 0.000    0.021   -125429    0 
457800:    1.00    5.545    0.077 0.000    0.025   -125421    0 
457900:    1.00    5.871    0.060 0.000    0.025   -125445    0 

--------------------------------------------
Proportion of membership of each pre-defined
 population in each of the 2 clusters

Given    Inferred Clusters       Number of
 Pop       1      2             Individuals

  1:     0.507  0.493             358
  2:     0.502  0.498             1039
  3:     0.501  0.499             603
--------------------------------------------

  Rep#:   Lambda   Alpha      F1    F2     D1,2    Ln Like  Est Ln P(D)
458000:    1.00    5.671    0.065 0.000    0.024   -125450    0 
458100:    1.00    5.745    0.083 0.000    0.024   -125470    0 
458200:    1.00    5.451    0.094 0.000    0.031   -125447    0 
458300:    1.00    5.843    0.061 0.000    0.029   -125430    0 
458400:    1.00    5.675    0.054 0.000    0.021   -125478    0 
458500:    1.00    5.916    0.072 0.000    0.029   -125430    0 
458600:    1.00    6.310    0.066 0.000    0.026   -125537    0 
458700:    1.00    6.195    0.061 0.000    0.030   -125474    0 
458800:    1.00    5.997    0.074 0.000    0.033   -125478    0 
458900:    1.00    5.924    0.091 0.000    0.032   -125418    0 

--------------------------------------------
Proportion of membership of each pre-defined
 population in each of the 2 clusters

Given    Inferred Clusters       Number of
 Pop       1      2             Individuals

  1:     0.506  0.494             358
  2:     0.502  0.498             1039
  3:     0.499  0.501             603
--------------------------------------------

  Rep#:   Lambda   Alpha      F1    F2     D1,2    Ln Like  Est Ln P(D)
459000:    1.00    5.937    0.054 0.000    0.032   -125451    0 
459100:    1.00    6.379    0.078 0.000    0.030   -125421    0 
459200:    1.00    6.640    0.090 0.000    0.029   -125435    0 
459300:    1.00    6.842    0.066 0.000    0.030   -125443    0 
459400:    1.00    6.615    0.079 0.000    0.032   -125468    0 
459500:    1.00    6.065    0.069 0.000    0.027   -125442    0 
459600:    1.00    6.472    0.086 0.000    0.028   -125484    0 
459700:    1.00    6.385    0.075 0.000    0.031   -125458    0 
459800:    1.00    6.568    0.067 0.000    0.026   -125435    0 
459900:    1.00    6.374    0.064 0.000    0.025   -125518    0 

--------------------------------------------
Proportion of membership of each pre-defined
 population in each of the 2 clusters

Given    Inferred Clusters       Number of
 Pop       1      2             Individuals

  1:     0.510  0.490             358
  2:     0.507  0.493             1039
  3:     0.507  0.493             603
--------------------------------------------

  Rep#:   Lambda   Alpha      F1    F2     D1,2    Ln Like  Est Ln P(D)
460000:    1.00    6.442    0.064 0.000    0.022   -125462    0 
460100:    1.00    6.530    0.053 0.000    0.022   -125502    0 
460200:    1.00    6.552    0.064 0.000    0.026   -125508    0 
460300:    1.00    6.240    0.062 0.000    0.021   -125540    0 
460400:    1.00    6.005    0.054 0.000    0.023   -125541    0 
460500:    1.00    5.990    0.047 0.000    0.018   -125501    0 
460600:    1.00    5.411    0.051 0.000    0.017   -125504    0 
460700:    1.00    5.357    0.042 0.000    0.019   -125482    0 
460800:    1.00    5.087    0.050 0.000    0.019   -125515    0 
460900:    1.00    5.196    0.053 0.000    0.021   -125495    0 

--------------------------------------------
Proportion of membership of each pre-defined
 population in each of the 2 clusters

Given    Inferred Clusters       Number of
 Pop       1      2             Individuals

  1:     0.504  0.496             358
  2:     0.497  0.503             1039
  3:     0.501  0.499             603
--------------------------------------------

  Rep#:   Lambda   Alpha      F1    F2     D1,2    Ln Like  Est Ln P(D)
461000:    1.00    4.912    0.041 0.000    0.018   -125533    0 
461100:    1.00    4.643    0.046 0.000    0.020   -125498    0 
461200:    1.00    4.705    0.050 0.000    0.020   -125404    0 
461300:    1.00    4.569    0.049 0.000    0.018   -125481    0 
461400:    1.00    4.387    0.052 0.000    0.020   -125470    0 
461500:    1.00    4.826    0.060 0.000    0.023   -125381    0 
461600:    1.00    4.778    0.075 0.000    0.023   -125418    0 
461700:    1.00    4.701    0.067 0.000    0.022   -125393    0 
461800:    1.00    4.019    0.047 0.000    0.022   -125401    0 
461900:    1.00    3.766    0.072 0.000    0.021   -125377    0 

--------------------------------------------
Proportion of membership of each pre-defined
 population in each of the 2 clusters

Given    Inferred Clusters       Number of
 Pop       1      2             Individuals

  1:     0.510  0.490             358
  2:     0.498  0.502             1039
  3:     0.506  0.494             603
--------------------------------------------

  Rep#:   Lambda   Alpha      F1    F2     D1,2    Ln Like  Est Ln P(D)
462000:    1.00    3.823    0.046 0.000    0.018   -125401    0 
462100:    1.00    4.063    0.057 0.000    0.020   -125367    0 
462200:    1.00    4.040    0.047 0.000    0.019   -125435    0 
462300:    1.00    4.030    0.054 0.000    0.019   -125421    0 
462400:    1.00    3.869    0.052 0.000    0.023   -125402    0 
462500:    1.00    4.031    0.061 0.000    0.023   -125425    0 
462600:    1.00    4.058    0.052 0.000    0.022   -125389    0 
462700:    1.00    4.101    0.051 0.000    0.024   -125377    0 
462800:    1.00    3.965    0.053 0.000    0.021   -125337    0 
462900:    1.00    4.035    0.061 0.000    0.022   -125422    0 

--------------------------------------------
Proportion of membership of each pre-defined
 population in each of the 2 clusters

Given    Inferred Clusters       Number of
 Pop       1      2             Individuals

  1:     0.509  0.491             358
  2:     0.513  0.487             1039
  3:     0.489  0.511             603
--------------------------------------------

  Rep#:   Lambda   Alpha      F1    F2     D1,2    Ln Like  Est Ln P(D)
463000:    1.00    4.224    0.053 0.000    0.025   -125374    0 
463100:    1.00    4.323    0.065 0.000    0.018   -125417    0 
463200:    1.00    4.478    0.061 0.000    0.023   -125421    0 
463300:    1.00    4.687    0.053 0.000    0.022   -125439    0 
463400:    1.00    4.769    0.056 0.000    0.019   -125472    0 
463500:    1.00    4.585    0.066 0.000    0.020   -125435    0 
463600:    1.00    4.499    0.054 0.000    0.019   -125481    0 
463700:    1.00    4.395    0.057 0.001    0.022   -125448    0 
463800:    1.00    4.178    0.059 0.001    0.020   -125451    0 
463900:    1.00    3.588    0.052 0.001    0.020   -125358    0 

--------------------------------------------
Proportion of membership of each pre-defined
 population in each of the 2 clusters

Given    Inferred Clusters       Number of
 Pop       1      2             Individuals

  1:     0.504  0.496             358
  2:     0.498  0.502             1039
  3:     0.492  0.508             603
--------------------------------------------

  Rep#:   Lambda   Alpha      F1    F2     D1,2    Ln Like  Est Ln P(D)
464000:    1.00    3.637    0.066 0.001    0.021   -125390    0 
464100:    1.00    3.788    0.050 0.001    0.016   -125416    0 
464200:    1.00    3.759    0.055 0.001    0.021   -125424    0 
464300:    1.00    3.840    0.057 0.001    0.020   -125390    0 
464400:    1.00    4.149    0.045 0.001    0.017   -125445    0 
464500:    1.00    4.409    0.055 0.001    0.018   -125436    0 
464600:    1.00    4.263    0.063 0.001    0.023   -125415    0 
464700:    1.00    4.517    0.068 0.001    0.020   -125417    0 
464800:    1.00    4.286    0.074 0.001    0.023   -125330    0 
464900:    1.00    4.463    0.056 0.001    0.019   -125429    0 

--------------------------------------------
Proportion of membership of each pre-defined
 population in each of the 2 clusters

Given    Inferred Clusters       Number of
 Pop       1      2             Individuals

  1:     0.494  0.506             358
  2:     0.502  0.498             1039
  3:     0.483  0.517             603
--------------------------------------------

  Rep#:   Lambda   Alpha      F1    F2     D1,2    Ln Like  Est Ln P(D)
465000:    1.00    4.559    0.060 0.001    0.021   -125401    0 
465100:    1.00    4.456    0.067 0.001    0.024   -125399    0 
465200:    1.00    4.717    0.060 0.001    0.022   -125443    0 
465300:    1.00    5.065    0.052 0.001    0.021   -125479    0 
465400:    1.00    4.870    0.059 0.001    0.031   -125382    0 
465500:    1.00    4.886    0.068 0.001    0.025   -125436    0 
465600:    1.00    4.931    0.052 0.001    0.029   -125459    0 
465700:    1.00    5.097    0.069 0.001    0.026   -125408    0 
465800:    1.00    5.332    0.065 0.001    0.025   -125454    0 
465900:    1.00    5.489    0.056 0.001    0.022   -125475    0 

--------------------------------------------
Proportion of membership of each pre-defined
 population in each of the 2 clusters

Given    Inferred Clusters       Number of
 Pop       1      2             Individuals

  1:     0.501  0.499             358
  2:     0.496  0.504             1039
  3:     0.491  0.509             603
--------------------------------------------

  Rep#:   Lambda   Alpha      F1    F2     D1,2    Ln Like  Est Ln P(D)
466000:    1.00    5.642    0.057 0.001    0.022   -125466    0 
466100:    1.00    6.273    0.058 0.001    0.023   -125490    0 
466200:    1.00    6.256    0.072 0.001    0.026   -125438    0 
466300:    1.00    5.927    0.092 0.001    0.030   -125448    0 
466400:    1.00    5.840    0.065 0.001    0.028   -125454    0 
466500:    1.00    5.952    0.095 0.001    0.033   -125438    0 
466600:    1.00    6.212    0.069 0.001    0.029   -125503    0 
466700:    1.00    6.670    0.072 0.001    0.026   -125485    0 
466800:    1.00    6.995    0.077 0.001    0.030   -125480    0 
466900:    1.00    6.885    0.080 0.001    0.030   -125489    0 

--------------------------------------------
Proportion of membership of each pre-defined
 population in each of the 2 clusters

Given    Inferred Clusters       Number of
 Pop       1      2             Individuals

  1:     0.499  0.501             358
  2:     0.500  0.500             1039
  3:     0.499  0.501             603
--------------------------------------------

  Rep#:   Lambda   Alpha      F1    F2     D1,2    Ln Like  Est Ln P(D)
467000:    1.00    6.708    0.082 0.001    0.035   -125469    0 
467100:    1.00    6.390    0.096 0.001    0.048   -125366    0 
467200:    1.00    6.870    0.084 0.001    0.036   -125442    0 
467300:    1.00    6.971    0.083 0.001    0.042   -125382    0 
467400:    1.00    7.319    0.105 0.001    0.039   -125424    0 
467500:    1.00    7.195    0.090 0.001    0.041   -125412    0 
467600:    1.00    6.991    0.096 0.001    0.038   -125408    0 
467700:    1.00    7.022    0.054 0.001    0.035   -125473    0 
467800:    1.00    6.998    0.063 0.001    0.034   -125477    0 
467900:    1.00    7.164    0.078 0.001    0.034   -125444    0 

--------------------------------------------
Proportion of membership of each pre-defined
 population in each of the 2 clusters

Given    Inferred Clusters       Number of
 Pop       1      2             Individuals

  1:     0.497  0.503             358
  2:     0.506  0.494             1039
  3:     0.500  0.500             603
--------------------------------------------

  Rep#:   Lambda   Alpha      F1    F2     D1,2    Ln Like  Est Ln P(D)
468000:    1.00    7.142    0.081 0.001    0.031   -125433    0 
468100:    1.00    7.126    0.075 0.001    0.033   -125445    0 
468200:    1.00    7.576    0.079 0.001    0.025   -125510    0 
468300:    1.00    8.060    0.089 0.001    0.027   -125581    0 
468400:    1.00    8.188    0.082 0.001    0.027   -125549    0 
468500:    1.00    8.502    0.110 0.001    0.031   -125517    0 
468600:    1.00    8.968    0.082 0.001    0.032   -125590    0 
468700:    1.00    9.454    0.082 0.001    0.039   -125493    0 
468800:    1.00    9.346    0.081 0.001    0.043   -125484    0 
468900:    1.00    9.348    0.072 0.001    0.028   -125561    0 

--------------------------------------------
Proportion of membership of each pre-defined
 population in each of the 2 clusters

Given    Inferred Clusters       Number of
 Pop       1      2             Individuals

  1:     0.501  0.499             358
  2:     0.502  0.498             1039
  3:     0.502  0.498             603
--------------------------------------------

  Rep#:   Lambda   Alpha      F1    F2     D1,2    Ln Like  Est Ln P(D)
469000:    1.00    9.178    0.068 0.001    0.027   -125592    0 
469100:    1.00    9.046    0.068 0.001    0.032   -125569    0 
469200:    1.00    9.115    0.071 0.001    0.025   -125550    0 
469300:    1.00    9.361    0.070 0.001    0.029   -125566    0 
469400:    1.00    9.304    0.079 0.001    0.028   -125564    0 
469500:    1.00    9.114    0.067 0.001    0.027   -125552    0 
469600:    1.00    8.587    0.076 0.001    0.029   -125580    0 
469700:    1.00    8.343    0.089 0.001    0.031   -125550    0 
469800:    1.00    8.625    0.073 0.001    0.027   -125523    0 
469900:    1.00    8.892    0.078 0.001    0.031   -125527    0 

--------------------------------------------
Proportion of membership of each pre-defined
 population in each of the 2 clusters

Given    Inferred Clusters       Number of
 Pop       1      2             Individuals

  1:     0.502  0.498             358
  2:     0.500  0.500             1039
  3:     0.493  0.507             603
--------------------------------------------

  Rep#:   Lambda   Alpha      F1    F2     D1,2    Ln Like  Est Ln P(D)
470000:    1.00    8.806    0.068 0.001    0.031   -125584    0 
470100:    1.00    8.569    0.071 0.001    0.029   -125548    0 
470200:    1.00    8.529    0.063 0.001    0.025   -125554    0 
470300:    1.00    8.683    0.063 0.001    0.031   -125558    0 
470400:    1.00    9.128    0.074 0.001    0.025   -125563    0 
470500:    1.00    8.998    0.078 0.001    0.024   -125533    0 
470600:    1.00    9.334    0.069 0.001    0.023   -125573    0 
470700:    1.00    9.465    0.058 0.001    0.030   -125543    0 
470800:    1.00    9.358    0.049 0.001    0.021   -125602    0 
470900:    1.00    9.176    0.058 0.001    0.023   -125620    0 

--------------------------------------------
Proportion of membership of each pre-defined
 population in each of the 2 clusters

Given    Inferred Clusters       Number of
 Pop       1      2             Individuals

  1:     0.496  0.504             358
  2:     0.501  0.499             1039
  3:     0.502  0.498             603
--------------------------------------------

  Rep#:   Lambda   Alpha      F1    F2     D1,2    Ln Like  Est Ln P(D)
471000:    1.00    9.003    0.064 0.001    0.020   -125559    0 
471100:    1.00    9.435    0.077 0.001    0.025   -125524    0 
471200:    1.00    9.582    0.085 0.001    0.022   -125598    0 
471300:    1.00    9.999    0.074 0.001    0.029   -125543    0 
471400:    1.00    9.963    0.064 0.001    0.025   -125571    0 
471500:    1.00    9.984    0.105 0.001    0.024   -125592    0 
471600:    1.00    9.611    0.065 0.001    0.025   -125594    0 
471700:    1.00    9.476    0.082 0.001    0.031   -125562    0 
471800:    1.00    9.508    0.080 0.001    0.031   -125544    0 
471900:    1.00    9.798    0.091 0.001    0.030   -125577    0 

--------------------------------------------
Proportion of membership of each pre-defined
 population in each of the 2 clusters

Given    Inferred Clusters       Number of
 Pop       1      2             Individuals

  1:     0.497  0.503             358
  2:     0.499  0.501             1039
  3:     0.497  0.503             603
--------------------------------------------

  Rep#:   Lambda   Alpha      F1    F2     D1,2    Ln Like  Est Ln P(D)
472000:    1.00    9.616    0.069 0.001    0.019   -125633    0 
472100:    1.00    9.621    0.059 0.001    0.023   -125626    0 
472200:    1.00    9.635    0.059 0.001    0.021   -125629    0 
472300:    1.00    9.375    0.060 0.001    0.025   -125595    0 
472400:    1.00    9.197    0.062 0.001    0.023   -125585    0 
472500:    1.00    9.141    0.052 0.001    0.018   -125605    0 
472600:    1.00    9.269    0.075 0.001    0.022   -125574    0 
472700:    1.00    9.036    0.061 0.001    0.025   -125542    0 
472800:    1.00    8.877    0.062 0.001    0.024   -125569    0 
472900:    1.00    8.920    0.073 0.001    0.029   -125569    0 

--------------------------------------------
Proportion of membership of each pre-defined
 population in each of the 2 clusters

Given    Inferred Clusters       Number of
 Pop       1      2             Individuals

  1:     0.510  0.490             358
  2:     0.499  0.501             1039
  3:     0.500  0.500             603
--------------------------------------------

  Rep#:   Lambda   Alpha      F1    F2     D1,2    Ln Like  Est Ln P(D)
473000:    1.00    9.181    0.075 0.001    0.025   -125568    0 
473100:    1.00    8.991    0.100 0.001    0.030   -125548    0 
473200:    1.00    8.916    0.079 0.001    0.023   -125637    0 
473300:    1.00    9.159    0.063 0.001    0.021   -125568    0 
473400:    1.00    8.884    0.054 0.001    0.020   -125593    0 
473500:    1.00    9.025    0.054 0.001    0.022   -125608    0 
473600:    1.00    8.730    0.060 0.001    0.027   -125555    0 
473700:    1.00    8.840    0.067 0.001    0.027   -125562    0 
473800:    1.00    8.673    0.083 0.001    0.030   -125524    0 
473900:    1.00    9.115    0.077 0.001    0.027   -125587    0 

--------------------------------------------
Proportion of membership of each pre-defined
 population in each of the 2 clusters

Given    Inferred Clusters       Number of
 Pop       1      2             Individuals

  1:     0.502  0.498             358
  2:     0.499  0.501             1039
  3:     0.487  0.513             603
--------------------------------------------

  Rep#:   Lambda   Alpha      F1    F2     D1,2    Ln Like  Est Ln P(D)
474000:    1.00    9.033    0.064 0.001    0.027   -125555    0 
474100:    1.00    8.437    0.055 0.001    0.020   -125641    0 
474200:    1.00    8.092    0.066 0.001    0.023   -125571    0 
474300:    1.00    7.937    0.059 0.001    0.025   -125541    0 
474400:    1.00    8.040    0.068 0.001    0.029   -125522    0 
474500:    1.00    8.275    0.087 0.001    0.025   -125550    0 
474600:    1.00    8.301    0.068 0.001    0.024   -125585    0 
474700:    1.00    8.175    0.056 0.001    0.025   -125561    0 
474800:    1.00    8.424    0.064 0.001    0.025   -125528    0 
474900:    1.00    8.335    0.056 0.001    0.021   -125567    0 

--------------------------------------------
Proportion of membership of each pre-defined
 population in each of the 2 clusters

Given    Inferred Clusters       Number of
 Pop       1      2             Individuals

  1:     0.497  0.503             358
  2:     0.497  0.503             1039
  3:     0.500  0.500             603
--------------------------------------------

  Rep#:   Lambda   Alpha      F1    F2     D1,2    Ln Like  Est Ln P(D)
475000:    1.00    7.979    0.068 0.001    0.024   -125519    0 
475100:    1.00    8.054    0.065 0.001    0.030   -125537    0 
475200:    1.00    8.007    0.071 0.001    0.023   -125539    0 
475300:    1.00    8.036    0.059 0.001    0.026   -125559    0 
475400:    1.00    8.377    0.074 0.001    0.029   -125558    0 
475500:    1.00    8.327    0.075 0.001    0.024   -125553    0 
475600:    1.00    8.630    0.073 0.001    0.032   -125565    0 
475700:    1.00    8.738    0.076 0.001    0.038   -125510    0 
475800:    1.00    8.546    0.073 0.001    0.036   -125540    0 
475900:    1.00    8.930    0.085 0.001    0.037   -125566    0 

--------------------------------------------
Proportion of membership of each pre-defined
 population in each of the 2 clusters

Given    Inferred Clusters       Number of
 Pop       1      2             Individuals

  1:     0.497  0.503             358
  2:     0.502  0.498             1039
  3:     0.498  0.502             603
--------------------------------------------

  Rep#:   Lambda   Alpha      F1    F2     D1,2    Ln Like  Est Ln P(D)
476000:    1.00    8.889    0.067 0.001    0.037   -125523    0 
476100:    1.00    9.076    0.081 0.001    0.035   -125510    0 
476200:    1.00    8.982    0.098 0.001    0.045   -125475    0 
476300:    1.00    9.111    0.088 0.001    0.039   -125506    0 
476400:    1.00    9.142    0.115 0.001    0.039   -125488    0 
476500:    1.00    9.201    0.095 0.001    0.035   -125509    0 
476600:    1.00    9.374    0.095 0.001    0.048   -125470    0 
476700:    1.00    9.091    0.105 0.001    0.046   -125451    0 
476800:    1.00    9.313    0.087 0.001    0.031   -125536    0 
476900:    1.00    8.931    0.069 0.001    0.032   -125532    0 

--------------------------------------------
Proportion of membership of each pre-defined
 population in each of the 2 clusters

Given    Inferred Clusters       Number of
 Pop       1      2             Individuals

  1:     0.492  0.508             358
  2:     0.500  0.500             1039
  3:     0.497  0.503             603
--------------------------------------------

  Rep#:   Lambda   Alpha      F1    F2     D1,2    Ln Like  Est Ln P(D)
477000:    1.00    8.963    0.072 0.001    0.027   -125514    0 
477100:    1.00    8.623    0.076 0.001    0.030   -125593    0 
477200:    1.00    8.244    0.068 0.001    0.029   -125554    0 
477300:    1.00    8.138    0.081 0.001    0.026   -125507    0 
477400:    1.00    8.183    0.069 0.001    0.027   -125566    0 
477500:    1.00    7.996    0.076 0.001    0.036   -125485    0 
477600:    1.00    8.133    0.058 0.001    0.029   -125540    0 
477700:    1.00    7.890    0.051 0.001    0.028   -125547    0 
477800:    1.00    7.775    0.074 0.001    0.030   -125546    0 
477900:    1.00    7.894    0.072 0.001    0.029   -125523    0 

--------------------------------------------
Proportion of membership of each pre-defined
 population in each of the 2 clusters

Given    Inferred Clusters       Number of
 Pop       1      2             Individuals

  1:     0.495  0.505             358
  2:     0.500  0.500             1039
  3:     0.493  0.507             603
--------------------------------------------

  Rep#:   Lambda   Alpha      F1    F2     D1,2    Ln Like  Est Ln P(D)
478000:    1.00    8.215    0.073 0.001    0.034   -125569    0 
478100:    1.00    8.600    0.062 0.001    0.028   -125573    0 
478200:    1.00    8.414    0.073 0.001    0.022   -125478    0 
478300:    1.00    8.965    0.089 0.001    0.021   -125571    0 
478400:    1.00    8.913    0.061 0.001    0.024   -125534    0 
478500:    1.00    9.008    0.065 0.001    0.022   -125559    0 
478600:    1.00    8.909    0.076 0.001    0.021   -125553    0 
478700:    1.00    8.813    0.047 0.001    0.020   -125602    0 
478800:    1.00    8.622    0.060 0.001    0.028   -125555    0 
478900:    1.00    8.812    0.085 0.001    0.024   -125544    0 

--------------------------------------------
Proportion of membership of each pre-defined
 population in each of the 2 clusters

Given    Inferred Clusters       Number of
 Pop       1      2             Individuals

  1:     0.507  0.493             358
  2:     0.502  0.498             1039
  3:     0.500  0.500             603
--------------------------------------------

  Rep#:   Lambda   Alpha      F1    F2     D1,2    Ln Like  Est Ln P(D)
479000:    1.00    8.471    0.070 0.001    0.024   -125571    0 
479100:    1.00    8.403    0.065 0.001    0.024   -125495    0 
479200:    1.00    8.385    0.062 0.001    0.024   -125543    0 
479300:    1.00    8.374    0.066 0.001    0.022   -125546    0 
479400:    1.00    8.033    0.066 0.001    0.021   -125608    0 
479500:    1.00    8.247    0.070 0.001    0.026   -125541    0 
479600:    1.00    7.914    0.076 0.001    0.026   -125513    0 
479700:    1.00    8.538    0.049 0.001    0.020   -125535    0 
479800:    1.00    8.598    0.054 0.001    0.021   -125541    0 
479900:    1.00    8.378    0.061 0.001    0.020   -125527    0 

--------------------------------------------
Proportion of membership of each pre-defined
 population in each of the 2 clusters

Given    Inferred Clusters       Number of
 Pop       1      2             Individuals

  1:     0.503  0.497             358
  2:     0.506  0.494             1039
  3:     0.497  0.503             603
--------------------------------------------

  Rep#:   Lambda   Alpha      F1    F2     D1,2    Ln Like  Est Ln P(D)
480000:    1.00    8.794    0.073 0.001    0.029   -125533    0 
480100:    1.00    8.828    0.077 0.001    0.029   -125566    0 
480200:    1.00    9.209    0.096 0.001    0.035   -125531    0 
480300:    1.00    9.013    0.098 0.001    0.027   -125553    0 
480400:    1.00    9.013    0.071 0.001    0.021   -125585    0 
480500:    1.00    8.929    0.078 0.001    0.029   -125510    0 
480600:    1.00    9.068    0.080 0.001    0.031   -125555    0 
480700:    1.00    9.129    0.079 0.001    0.034   -125553    0 
480800:    1.00    8.865    0.060 0.001    0.027   -125564    0 
480900:    1.00    8.717    0.052 0.001    0.021   -125572    0 

--------------------------------------------
Proportion of membership of each pre-defined
 population in each of the 2 clusters

Given    Inferred Clusters       Number of
 Pop       1      2             Individuals

  1:     0.495  0.505             358
  2:     0.499  0.501             1039
  3:     0.488  0.512             603
--------------------------------------------

  Rep#:   Lambda   Alpha      F1    F2     D1,2    Ln Like  Est Ln P(D)
481000:    1.00    9.120    0.064 0.001    0.024   -125542    0 
481100:    1.00    9.141    0.067 0.001    0.026   -125581    0 
481200:    1.00    9.094    0.064 0.001    0.026   -125561    0 
481300:    1.00    9.064    0.064 0.001    0.023   -125624    0 
481400:    1.00    8.904    0.067 0.001    0.028   -125528    0 
481500:    1.00    9.271    0.056 0.001    0.020   -125592    0 
481600:    1.00    9.403    0.052 0.001    0.018   -125615    0 
481700:    1.00    9.739    0.058 0.001    0.019   -125619    0 
481800:    1.00    9.593    0.065 0.001    0.016   -125618    0 
481900:    1.00    9.765    0.051 0.001    0.015   -125623    0 

--------------------------------------------
Proportion of membership of each pre-defined
 population in each of the 2 clusters

Given    Inferred Clusters       Number of
 Pop       1      2             Individuals

  1:     0.504  0.496             358
  2:     0.503  0.497             1039
  3:     0.493  0.507             603
--------------------------------------------

  Rep#:   Lambda   Alpha      F1    F2     D1,2    Ln Like  Est Ln P(D)
482000:    1.00    9.779    0.050 0.001    0.016   -125615    0 
482100:    1.00    9.958    0.043 0.001    0.017   -125651    0 
482200:    1.00    9.393    0.050 0.001    0.020   -125650    0 
482300:    1.00    9.275    0.040 0.001    0.015   -125648    0 
482400:    1.00    9.212    0.042 0.001    0.014   -125643    0 
482500:    1.00    9.392    0.038 0.001    0.013   -125663    0 
482600:    1.00    9.074    0.042 0.001    0.018   -125635    0 
482700:    1.00    8.892    0.053 0.001    0.023   -125592    0 
482800:    1.00    8.467    0.062 0.001    0.019   -125573    0 
482900:    1.00    8.701    0.061 0.001    0.021   -125629    0 

--------------------------------------------
Proportion of membership of each pre-defined
 population in each of the 2 clusters

Given    Inferred Clusters       Number of
 Pop       1      2             Individuals

  1:     0.496  0.504             358
  2:     0.499  0.501             1039
  3:     0.495  0.505             603
--------------------------------------------

  Rep#:   Lambda   Alpha      F1    F2     D1,2    Ln Like  Est Ln P(D)
483000:    1.00    8.803    0.055 0.001    0.019   -125625    0 
483100:    1.00    8.935    0.055 0.001    0.021   -125571    0 
483200:    1.00    8.619    0.050 0.001    0.019   -125597    0 
483300:    1.00    8.960    0.041 0.001    0.018   -125612    0 
483400:    1.00    8.695    0.036 0.001    0.015   -125627    0 
483500:    1.00    8.880    0.050 0.001    0.019   -125624    0 
483600:    1.00    8.560    0.044 0.001    0.021   -125638    0 
483700:    1.00    8.509    0.057 0.001    0.020   -125592    0 
483800:    1.00    8.564    0.070 0.001    0.027   -125549    0 
483900:    1.00    8.397    0.076 0.001    0.038   -125524    0 

--------------------------------------------
Proportion of membership of each pre-defined
 population in each of the 2 clusters

Given    Inferred Clusters       Number of
 Pop       1      2             Individuals

  1:     0.503  0.497             358
  2:     0.499  0.501             1039
  3:     0.506  0.494             603
--------------------------------------------

  Rep#:   Lambda   Alpha      F1    F2     D1,2    Ln Like  Est Ln P(D)
484000:    1.00    8.292    0.085 0.001    0.034   -125510    0 
484100:    1.00    8.414    0.066 0.001    0.030   -125550    0 
484200:    1.00    8.537    0.079 0.001    0.026   -125556    0 
484300:    1.00    8.269    0.068 0.001    0.024   -125576    0 
484400:    1.00    8.516    0.053 0.001    0.023   -125539    0 
484500:    1.00    8.554    0.057 0.001    0.026   -125592    0 
484600:    1.00    8.752    0.069 0.001    0.026   -125536    0 
484700:    1.00    8.880    0.047 0.001    0.021   -125587    0 
484800:    1.00    8.917    0.048 0.001    0.020   -125613    0 
484900:    1.00    8.668    0.050 0.001    0.020   -125559    0 

--------------------------------------------
Proportion of membership of each pre-defined
 population in each of the 2 clusters

Given    Inferred Clusters       Number of
 Pop       1      2             Individuals

  1:     0.495  0.505             358
  2:     0.496  0.504             1039
  3:     0.500  0.500             603
--------------------------------------------

  Rep#:   Lambda   Alpha      F1    F2     D1,2    Ln Like  Est Ln P(D)
485000:    1.00    8.764    0.073 0.001    0.021   -125603    0 
485100:    1.00    8.532    0.065 0.001    0.023   -125570    0 
485200:    1.00    8.950    0.051 0.001    0.020   -125632    0 
485300:    1.00    8.930    0.039 0.001    0.015   -125597    0 
485400:    1.00    8.931    0.036 0.001    0.012   -125687    0 
485500:    1.00    8.848    0.035 0.001    0.013   -125648    0 
485600:    1.00    8.686    0.040 0.001    0.013   -125628    0 
485700:    1.00    8.593    0.030 0.001    0.011   -125694    0 
485800:    1.00    8.724    0.040 0.001    0.017   -125615    0 
485900:    1.00    8.471    0.053 0.001    0.015   -125673    0 

--------------------------------------------
Proportion of membership of each pre-defined
 population in each of the 2 clusters

Given    Inferred Clusters       Number of
 Pop       1      2             Individuals

  1:     0.509  0.491             358
  2:     0.506  0.494             1039
  3:     0.499  0.501             603
--------------------------------------------

  Rep#:   Lambda   Alpha      F1    F2     D1,2    Ln Like  Est Ln P(D)
486000:    1.00    8.497    0.044 0.001    0.012   -125675    0 
486100:    1.00    8.680    0.039 0.001    0.015   -125638    0 
486200:    1.00    8.567    0.035 0.001    0.019   -125618    0 
486300:    1.00    8.432    0.038 0.001    0.017   -125636    0 
486400:    1.00    8.025    0.044 0.001    0.014   -125605    0 
486500:    1.00    8.326    0.041 0.001    0.014   -125615    0 
486600:    1.00    8.038    0.056 0.001    0.018   -125607    0 
486700:    1.00    8.330    0.053 0.001    0.021   -125543    0 
486800:    1.00    8.330    0.081 0.001    0.025   -125554    0 
486900:    1.00    8.001    0.060 0.001    0.022   -125502    0 

--------------------------------------------
Proportion of membership of each pre-defined
 population in each of the 2 clusters

Given    Inferred Clusters       Number of
 Pop       1      2             Individuals

  1:     0.491  0.509             358
  2:     0.506  0.494             1039
  3:     0.507  0.493             603
--------------------------------------------

  Rep#:   Lambda   Alpha      F1    F2     D1,2    Ln Like  Est Ln P(D)
487000:    1.00    7.984    0.100 0.001    0.028   -125526    0 
487100:    1.00    7.705    0.063 0.001    0.024   -125547    0 
487200:    1.00    7.988    0.055 0.001    0.023   -125555    0 
487300:    1.00    8.369    0.061 0.001    0.025   -125508    0 
487400:    1.00    8.137    0.058 0.001    0.020   -125559    0 
487500:    1.00    8.428    0.042 0.001    0.016   -125617    0 
487600:    1.00    8.560    0.049 0.001    0.014   -125632    0 
487700:    1.00    8.688    0.037 0.001    0.016   -125653    0 
487800:    1.00    8.506    0.043 0.001    0.016   -125596    0 
487900:    1.00    8.713    0.052 0.001    0.020   -125553    0 

--------------------------------------------
Proportion of membership of each pre-defined
 population in each of the 2 clusters

Given    Inferred Clusters       Number of
 Pop       1      2             Individuals

  1:     0.489  0.511             358
  2:     0.504  0.496             1039
  3:     0.498  0.502             603
--------------------------------------------

  Rep#:   Lambda   Alpha      F1    F2     D1,2    Ln Like  Est Ln P(D)
488000:    1.00    8.822    0.058 0.001    0.026   -125552    0 
488100:    1.00    8.748    0.076 0.001    0.023   -125595    0 
488200:    1.00    8.354    0.065 0.001    0.026   -125577    0 
488300:    1.00    8.152    0.068 0.001    0.022   -125608    0 
488400:    1.00    8.287    0.053 0.001    0.022   -125577    0 
488500:    1.00    8.220    0.062 0.001    0.027   -125534    0 
488600:    1.00    8.214    0.067 0.001    0.029   -125545    0 
488700:    1.00    8.219    0.050 0.001    0.026   -125584    0 
488800:    1.00    8.507    0.054 0.001    0.023   -125590    0 
488900:    1.00    8.436    0.063 0.001    0.024   -125580    0 

--------------------------------------------
Proportion of membership of each pre-defined
 population in each of the 2 clusters

Given    Inferred Clusters       Number of
 Pop       1      2             Individuals

  1:     0.489  0.511             358
  2:     0.500  0.500             1039
  3:     0.500  0.500             603
--------------------------------------------

  Rep#:   Lambda   Alpha      F1    F2     D1,2    Ln Like  Est Ln P(D)
489000:    1.00    8.115    0.058 0.001    0.020   -125603    0 
489100:    1.00    8.197    0.046 0.001    0.019   -125588    0 
489200:    1.00    8.156    0.053 0.001    0.019   -125583    0 
489300:    1.00    8.486    0.051 0.001    0.023   -125594    0 
489400:    1.00    8.740    0.044 0.001    0.021   -125581    0 
489500:    1.00    8.793    0.055 0.001    0.023   -125613    0 
489600:    1.00    9.039    0.054 0.001    0.026   -125570    0 
489700:    1.00    9.362    0.055 0.001    0.021   -125578    0 
489800:    1.00    9.438    0.044 0.001    0.019   -125626    0 
489900:    1.00    9.313    0.063 0.001    0.028   -125597    0 

--------------------------------------------
Proportion of membership of each pre-defined
 population in each of the 2 clusters

Given    Inferred Clusters       Number of
 Pop       1      2             Individuals

  1:     0.505  0.495             358
  2:     0.509  0.491             1039
  3:     0.495  0.505             603
--------------------------------------------

  Rep#:   Lambda   Alpha      F1    F2     D1,2    Ln Like  Est Ln P(D)
490000:    1.00    8.942    0.069 0.001    0.026   -125540    0 
490100:    1.00    8.713    0.052 0.001    0.024   -125598    0 
490200:    1.00    8.669    0.050 0.001    0.023   -125590    0 
490300:    1.00    8.595    0.051 0.001    0.027   -125576    0 
490400:    1.00    8.750    0.074 0.001    0.029   -125589    0 
490500:    1.00    8.733    0.061 0.001    0.027   -125615    0 
490600:    1.00    8.708    0.064 0.001    0.022   -125527    0 
490700:    1.00    8.818    0.072 0.001    0.026   -125544    0 
490800:    1.00    8.416    0.065 0.001    0.026   -125534    0 
490900:    1.00    8.397    0.071 0.001    0.031   -125534    0 

--------------------------------------------
Proportion of membership of each pre-defined
 population in each of the 2 clusters

Given    Inferred Clusters       Number of
 Pop       1      2             Individuals

  1:     0.511  0.489             358
  2:     0.500  0.500             1039
  3:     0.500  0.500             603
--------------------------------------------

  Rep#:   Lambda   Alpha      F1    F2     D1,2    Ln Like  Est Ln P(D)
491000:    1.00    8.383    0.072 0.001    0.036   -125523    0 
491100:    1.00    8.491    0.102 0.001    0.039   -125513    0 
491200:    1.00    8.804    0.067 0.001    0.026   -125545    0 
491300:    1.00    8.892    0.050 0.001    0.021   -125596    0 
491400:    1.00    8.954    0.061 0.001    0.023   -125599    0 
491500:    1.00    9.125    0.053 0.001    0.021   -125610    0 
491600:    1.00    8.925    0.062 0.001    0.027   -125570    0 
491700:    1.00    9.219    0.062 0.001    0.025   -125563    0 
491800:    1.00    9.445    0.081 0.001    0.032   -125547    0 
491900:    1.00    9.525    0.053 0.001    0.027   -125556    0 

--------------------------------------------
Proportion of membership of each pre-defined
 population in each of the 2 clusters

Given    Inferred Clusters       Number of
 Pop       1      2             Individuals

  1:     0.498  0.502             358
  2:     0.496  0.504             1039
  3:     0.504  0.496             603
--------------------------------------------

  Rep#:   Lambda   Alpha      F1    F2     D1,2    Ln Like  Est Ln P(D)
492000:    1.00    9.600    0.070 0.001    0.021   -125599    0 
492100:    1.00    9.746    0.065 0.001    0.029   -125590    0 
492200:    1.00    9.453    0.050 0.001    0.024   -125625    0 
492300:    1.00    9.540    0.061 0.001    0.024   -125596    0 
492400:    1.00    9.138    0.058 0.001    0.029   -125606    0 
492500:    1.00    8.616    0.066 0.001    0.021   -125653    0 
492600:    1.00    8.199    0.046 0.001    0.019   -125606    0 
492700:    1.00    8.298    0.059 0.001    0.019   -125587    0 
492800:    1.00    8.042    0.056 0.001    0.020   -125607    0 
492900:    1.00    7.617    0.069 0.001    0.026   -125564    0 

--------------------------------------------
Proportion of membership of each pre-defined
 population in each of the 2 clusters

Given    Inferred Clusters       Number of
 Pop       1      2             Individuals

  1:     0.503  0.497             358
  2:     0.499  0.501             1039
  3:     0.500  0.500             603
--------------------------------------------

  Rep#:   Lambda   Alpha      F1    F2     D1,2    Ln Like  Est Ln P(D)
493000:    1.00    7.415    0.067 0.001    0.029   -125501    0 
493100:    1.00    7.507    0.072 0.001    0.028   -125523    0 
493200:    1.00    7.395    0.051 0.001    0.021   -125553    0 
493300:    1.00    7.345    0.065 0.001    0.021   -125587    0 
493400:    1.00    7.593    0.047 0.001    0.020   -125602    0 
493500:    1.00    7.695    0.075 0.001    0.021   -125600    0 
493600:    1.00    7.296    0.059 0.001    0.021   -125589    0 
493700:    1.00    7.294    0.054 0.001    0.023   -125591    0 
493800:    1.00    7.690    0.060 0.001    0.022   -125600    0 
493900:    1.00    8.028    0.060 0.001    0.028   -125576    0 

--------------------------------------------
Proportion of membership of each pre-defined
 population in each of the 2 clusters

Given    Inferred Clusters       Number of
 Pop       1      2             Individuals

  1:     0.507  0.493             358
  2:     0.507  0.493             1039
  3:     0.494  0.506             603
--------------------------------------------

  Rep#:   Lambda   Alpha      F1    F2     D1,2    Ln Like  Est Ln P(D)
494000:    1.00    7.826    0.056 0.001    0.021   -125602    0 
494100:    1.00    7.812    0.060 0.001    0.023   -125592    0 
494200:    1.00    7.982    0.056 0.001    0.018   -125594    0 
494300:    1.00    8.248    0.047 0.001    0.019   -125633    0 
494400:    1.00    8.540    0.044 0.001    0.020   -125573    0 
494500:    1.00    8.109    0.058 0.001    0.023   -125567    0 
494600:    1.00    7.973    0.049 0.001    0.019   -125580    0 
494700:    1.00    8.057    0.057 0.001    0.021   -125578    0 
494800:    1.00    7.999    0.062 0.001    0.023   -125565    0 
494900:    1.00    8.129    0.063 0.001    0.021   -125564    0 

--------------------------------------------
Proportion of membership of each pre-defined
 population in each of the 2 clusters

Given    Inferred Clusters       Number of
 Pop       1      2             Individuals

  1:     0.509  0.491             358
  2:     0.506  0.494             1039
  3:     0.501  0.499             603
--------------------------------------------

  Rep#:   Lambda   Alpha      F1    F2     D1,2    Ln Like  Est Ln P(D)
495000:    1.00    8.075    0.042 0.001    0.015   -125586    0 
495100:    1.00    7.823    0.046 0.001    0.016   -125598    0 
495200:    1.00    7.742    0.040 0.001    0.015   -125648    0 
495300:    1.00    7.852    0.038 0.001    0.015   -125637    0 
495400:    1.00    7.875    0.034 0.001    0.016   -125620    0 
495500:    1.00    8.095    0.042 0.001    0.018   -125589    0 
495600:    1.00    8.268    0.045 0.001    0.019   -125622    0 
495700:    1.00    8.249    0.058 0.001    0.018   -125644    0 
495800:    1.00    8.321    0.067 0.001    0.025   -125583    0 
495900:    1.00    8.327    0.048 0.001    0.022   -125582    0 

--------------------------------------------
Proportion of membership of each pre-defined
 population in each of the 2 clusters

Given    Inferred Clusters       Number of
 Pop       1      2             Individuals

  1:     0.494  0.506             358
  2:     0.500  0.500             1039
  3:     0.498  0.502             603
--------------------------------------------

  Rep#:   Lambda   Alpha      F1    F2     D1,2    Ln Like  Est Ln P(D)
496000:    1.00    7.891    0.045 0.001    0.020   -125617    0 
496100:    1.00    8.345    0.041 0.001    0.014   -125579    0 
496200:    1.00    8.226    0.043 0.001    0.016   -125598    0 
496300:    1.00    8.410    0.046 0.001    0.015   -125618    0 
496400:    1.00    8.440    0.060 0.001    0.020   -125646    0 
496500:    1.00    8.513    0.079 0.001    0.027   -125556    0 
496600:    1.00    8.012    0.071 0.001    0.028   -125541    0 
496700:    1.00    8.364    0.072 0.001    0.025   -125557    0 
496800:    1.00    8.424    0.102 0.001    0.027   -125555    0 
496900:    1.00    8.277    0.082 0.001    0.043   -125480    0 

--------------------------------------------
Proportion of membership of each pre-defined
 population in each of the 2 clusters

Given    Inferred Clusters       Number of
 Pop       1      2             Individuals

  1:     0.499  0.501             358
  2:     0.505  0.495             1039
  3:     0.490  0.510             603
--------------------------------------------

  Rep#:   Lambda   Alpha      F1    F2     D1,2    Ln Like  Est Ln P(D)
497000:    1.00    8.771    0.085 0.001    0.040   -125503    0 
497100:    1.00    8.496    0.084 0.001    0.030   -125511    0 
497200:    1.00    8.506    0.097 0.001    0.032   -125518    0 
497300:    1.00    8.522    0.071 0.001    0.026   -125528    0 
497400:    1.00    8.797    0.074 0.001    0.027   -125547    0 
497500:    1.00    9.170    0.093 0.001    0.031   -125527    0 
497600:    1.00    8.957    0.124 0.001    0.035   -125478    0 
497700:    1.00    8.466    0.084 0.001    0.036   -125459    0 
497800:    1.00    8.539    0.073 0.001    0.033   -125528    0 
497900:    1.00    8.924    0.075 0.001    0.027   -125542    0 

--------------------------------------------
Proportion of membership of each pre-defined
 population in each of the 2 clusters

Given    Inferred Clusters       Number of
 Pop       1      2             Individuals

  1:     0.506  0.494             358
  2:     0.500  0.500             1039
  3:     0.496  0.504             603
--------------------------------------------

  Rep#:   Lambda   Alpha      F1    F2     D1,2    Ln Like  Est Ln P(D)
498000:    1.00    8.837    0.079 0.001    0.025   -125551    0 
498100:    1.00    8.823    0.101 0.001    0.029   -125498    0 
498200:    1.00    8.778    0.078 0.001    0.031   -125496    0 
498300:    1.00    9.059    0.083 0.001    0.024   -125586    0 
498400:    1.00    9.321    0.061 0.001    0.023   -125521    0 
498500:    1.00    9.416    0.064 0.001    0.020   -125574    0 
498600:    1.00    9.336    0.078 0.001    0.024   -125578    0 
498700:    1.00    9.669    0.082 0.001    0.024   -125592    0 
498800:    1.00    9.792    0.092 0.001    0.033   -125516    0 
498900:    1.00    9.947    0.080 0.001    0.030   -125540    0 

--------------------------------------------
Proportion of membership of each pre-defined
 population in each of the 2 clusters

Given    Inferred Clusters       Number of
 Pop       1      2             Individuals

  1:     0.497  0.503             358
  2:     0.499  0.501             1039
  3:     0.499  0.501             603
--------------------------------------------

  Rep#:   Lambda   Alpha      F1    F2     D1,2    Ln Like  Est Ln P(D)
499000:    1.00    9.777    0.079 0.001    0.030   -125551    0 
499100:    1.00    9.767    0.080 0.001    0.027   -125590    0 
499200:    1.00    9.529    0.065 0.001    0.032   -125541    0 
499300:    1.00    9.114    0.084 0.001    0.037   -125501    0 
499400:    1.00    9.173    0.084 0.001    0.036   -125555    0 
499500:    1.00    9.157    0.117 0.001    0.045   -125526    0 
499600:    1.00    9.524    0.075 0.001    0.029   -125567    0 
499700:    1.00    9.737    0.065 0.001    0.024   -125601    0 
499800:    1.00    9.504    0.069 0.001    0.022   -125585    0 
499900:    1.00    9.350    0.047 0.001    0.018   -125596    0 

--------------------------------------------
Proportion of membership of each pre-defined
 population in each of the 2 clusters

Given    Inferred Clusters       Number of
 Pop       1      2             Individuals

  1:     0.496  0.504             358
  2:     0.505  0.495             1039
  3:     0.501  0.499             603
--------------------------------------------

  Rep#:   Lambda   Alpha      F1    F2     D1,2    Ln Like  Est Ln P(D)
500000:    1.00    9.681    0.086 0.001    0.032   -125510    0 
500100:    1.00    9.782    0.084 0.001    0.028   -125571    0 
500200:    1.00    9.514    0.081 0.001    0.036   -125565    0 
500300:    1.00    9.641    0.078 0.001    0.038   -125540    0 
500400:    1.00    9.824    0.080 0.001    0.028   -125643    0 
500500:    1.00    9.621    0.064 0.001    0.033   -125563    0 
500600:    1.00    9.654    0.069 0.001    0.026   -125572    0 
500700:    1.00    9.169    0.064 0.001    0.024   -125605    0 
500800:    1.00    9.180    0.081 0.001    0.026   -125540    0 
500900:    1.00    9.876    0.053 0.001    0.019   -125610    0 

--------------------------------------------
Proportion of membership of each pre-defined
 population in each of the 2 clusters

Given    Inferred Clusters       Number of
 Pop       1      2             Individuals

  1:     0.502  0.498             358
  2:     0.503  0.497             1039
  3:     0.493  0.507             603
--------------------------------------------

  Rep#:   Lambda   Alpha      F1    F2     D1,2    Ln Like  Est Ln P(D)
501000:    1.00    9.646    0.072 0.001    0.021   -125586    0 
501100:    1.00    9.418    0.084 0.001    0.020   -125588    0 
501200:    1.00    9.635    0.080 0.001    0.035   -125531    0 
501300:    1.00    9.738    0.058 0.001    0.030   -125563    0 
501400:    1.00    9.972    0.097 0.001    0.037   -125601    0 
501500:    1.00    9.830    0.101 0.001    0.035   -125550    0 
501600:    1.00    9.997    0.111 0.001    0.039   -125519    0 
501700:    1.00    9.860    0.065 0.001    0.025   -125571    0 
501800:    1.00    9.799    0.082 0.001    0.029   -125553    0 
501900:    1.00    9.535    0.085 0.001    0.033   -125532    0 

--------------------------------------------
Proportion of membership of each pre-defined
 population in each of the 2 clusters

Given    Inferred Clusters       Number of
 Pop       1      2             Individuals

  1:     0.499  0.501             358
  2:     0.501  0.499             1039
  3:     0.499  0.501             603
--------------------------------------------

  Rep#:   Lambda   Alpha      F1    F2     D1,2    Ln Like  Est Ln P(D)
502000:    1.00    9.648    0.060 0.001    0.026   -125608    0 
502100:    1.00    9.959    0.074 0.001    0.020   -125593    0 
502200:    1.00    9.879    0.063 0.001    0.024   -125619    0 
502300:    1.00    9.934    0.086 0.001    0.028   -125571    0 
502400:    1.00    9.962    0.076 0.001    0.027   -125555    0 
502500:    1.00    9.882    0.070 0.001    0.034   -125550    0 
502600:    1.00    9.795    0.075 0.001    0.025   -125602    0 
502700:    1.00    9.548    0.072 0.001    0.027   -125613    0 
502800:    1.00    9.610    0.062 0.001    0.024   -125605    0 
502900:    1.00    9.780    0.091 0.001    0.035   -125568    0 

--------------------------------------------
Proportion of membership of each pre-defined
 population in each of the 2 clusters

Given    Inferred Clusters       Number of
 Pop       1      2             Individuals

  1:     0.502  0.498             358
  2:     0.504  0.496             1039
  3:     0.508  0.492             603
--------------------------------------------

  Rep#:   Lambda   Alpha      F1    F2     D1,2    Ln Like  Est Ln P(D)
503000:    1.00    9.826    0.076 0.001    0.030   -125568    0 
503100:    1.00    9.445    0.087 0.001    0.039   -125532    0 
503200:    1.00    9.788    0.080 0.001    0.026   -125562    0 
503300:    1.00    9.538    0.091 0.001    0.031   -125530    0 
503400:    1.00    9.594    0.085 0.001    0.030   -125530    0 
503500:    1.00    9.484    0.111 0.001    0.036   -125547    0 
503600:    1.00    9.335    0.097 0.001    0.037   -125516    0 
503700:    1.00    9.568    0.089 0.001    0.028   -125538    0 
503800:    1.00    9.931    0.101 0.001    0.030   -125594    0 
503900:    1.00    9.888    0.079 0.001    0.031   -125567    0 

--------------------------------------------
Proportion of membership of each pre-defined
 population in each of the 2 clusters

Given    Inferred Clusters       Number of
 Pop       1      2             Individuals

  1:     0.505  0.495             358
  2:     0.506  0.494             1039
  3:     0.491  0.509             603
--------------------------------------------

  Rep#:   Lambda   Alpha      F1    F2     D1,2    Ln Like  Est Ln P(D)
504000:    1.00    9.628    0.077 0.001    0.031   -125571    0 
504100:    1.00    9.532    0.069 0.001    0.030   -125551    0 
504200:    1.00    9.981    0.055 0.001    0.024   -125578    0 
504300:    1.00    9.671    0.100 0.001    0.023   -125565    0 
504400:    1.00    9.438    0.064 0.001    0.026   -125559    0 
504500:    1.00    9.202    0.074 0.001    0.025   -125610    0 
504600:    1.00    9.475    0.072 0.002    0.027   -125574    0 
504700:    1.00    9.396    0.061 0.002    0.029   -125569    0 
504800:    1.00    9.420    0.065 0.001    0.031   -125567    0 
504900:    1.00    9.320    0.086 0.001    0.031   -125590    0 

--------------------------------------------
Proportion of membership of each pre-defined
 population in each of the 2 clusters

Given    Inferred Clusters       Number of
 Pop       1      2             Individuals

  1:     0.513  0.487             358
  2:     0.498  0.502             1039
  3:     0.499  0.501             603
--------------------------------------------

  Rep#:   Lambda   Alpha      F1    F2     D1,2    Ln Like  Est Ln P(D)
505000:    1.00    9.205    0.096 0.001    0.033   -125530    0 
505100:    1.00    9.217    0.074 0.001    0.031   -125563    0 
505200:    1.00    9.146    0.056 0.001    0.023   -125594    0 
505300:    1.00    8.874    0.064 0.001    0.030   -125562    0 
505400:    1.00    9.109    0.080 0.001    0.024   -125572    0 
505500:    1.00    8.541    0.088 0.001    0.025   -125539    0 
505600:    1.00    8.614    0.056 0.001    0.021   -125546    0 
505700:    1.00    8.307    0.061 0.001    0.024   -125590    0 
505800:    1.00    8.203    0.053 0.001    0.021   -125621    0 
505900:    1.00    8.265    0.052 0.001    0.019   -125620    0 

--------------------------------------------
Proportion of membership of each pre-defined
 population in each of the 2 clusters

Given    Inferred Clusters       Number of
 Pop       1      2             Individuals

  1:     0.506  0.494             358
  2:     0.499  0.501             1039
  3:     0.496  0.504             603
--------------------------------------------

  Rep#:   Lambda   Alpha      F1    F2     D1,2    Ln Like  Est Ln P(D)
506000:    1.00    8.138    0.070 0.001    0.023   -125573    0 
506100:    1.00    8.201    0.060 0.001    0.022   -125595    0 
506200:    1.00    8.444    0.078 0.001    0.029   -125493    0 
506300:    1.00    8.282    0.075 0.001    0.025   -125611    0 
506400:    1.00    8.140    0.064 0.001    0.030   -125562    0 
506500:    1.00    8.364    0.078 0.001    0.033   -125548    0 
506600:    1.00    8.403    0.084 0.001    0.032   -125557    0 
506700:    1.00    7.943    0.059 0.001    0.020   -125573    0 
506800:    1.00    7.972    0.054 0.001    0.019   -125566    0 
506900:    1.00    8.082    0.066 0.001    0.020   -125592    0 

--------------------------------------------
Proportion of membership of each pre-defined
 population in each of the 2 clusters

Given    Inferred Clusters       Number of
 Pop       1      2             Individuals

  1:     0.503  0.497             358
  2:     0.508  0.492             1039
  3:     0.497  0.503             603
--------------------------------------------

  Rep#:   Lambda   Alpha      F1    F2     D1,2    Ln Like  Est Ln P(D)
507000:    1.00    7.625    0.076 0.001    0.020   -125556    0 
507100:    1.00    7.711    0.057 0.001    0.022   -125618    0 
507200:    1.00    8.057    0.053 0.001    0.022   -125582    0 
507300:    1.00    8.565    0.056 0.001    0.014   -125603    0 
507400:    1.00    8.559    0.053 0.001    0.019   -125618    0 
507500:    1.00    8.898    0.043 0.001    0.019   -125614    0 
507600:    1.00    9.026    0.051 0.001    0.022   -125595    0 
507700:    1.00    9.163    0.043 0.001    0.019   -125621    0 
507800:    1.00    9.308    0.055 0.001    0.017   -125600    0 
507900:    1.00    9.181    0.066 0.001    0.030   -125540    0 

--------------------------------------------
Proportion of membership of each pre-defined
 population in each of the 2 clusters

Given    Inferred Clusters       Number of
 Pop       1      2             Individuals

  1:     0.503  0.497             358
  2:     0.499  0.501             1039
  3:     0.495  0.505             603
--------------------------------------------

  Rep#:   Lambda   Alpha      F1    F2     D1,2    Ln Like  Est Ln P(D)
508000:    1.00    9.560    0.088 0.001    0.037   -125537    0 
508100:    1.00    9.895    0.054 0.001    0.022   -125576    0 
508200:    1.00    9.804    0.077 0.001    0.023   -125622    0 
508300:    1.00    9.775    0.068 0.001    0.032   -125591    0 
508400:    1.00    9.896    0.109 0.001    0.029   -125550    0 
508500:    1.00    9.695    0.097 0.001    0.030   -125554    0 
508600:    1.00    9.986    0.074 0.001    0.027   -125595    0 
508700:    1.00    9.369    0.098 0.001    0.036   -125481    0 
508800:    1.00    9.358    0.087 0.001    0.035   -125472    0 
508900:    1.00    9.206    0.092 0.001    0.038   -125498    0 

--------------------------------------------
Proportion of membership of each pre-defined
 population in each of the 2 clusters

Given    Inferred Clusters       Number of
 Pop       1      2             Individuals

  1:     0.501  0.499             358
  2:     0.506  0.494             1039
  3:     0.488  0.512             603
--------------------------------------------

  Rep#:   Lambda   Alpha      F1    F2     D1,2    Ln Like  Est Ln P(D)
509000:    1.00    9.513    0.084 0.001    0.032   -125509    0 
509100:    1.00    9.292    0.088 0.001    0.031   -125517    0 
509200:    1.00    9.354    0.096 0.001    0.041   -125485    0 
509300:    1.00    9.798    0.106 0.001    0.042   -125529    0 
509400:    1.00    9.988    0.117 0.001    0.042   -125501    0 
509500:    1.00    9.959    0.099 0.001    0.033   -125516    0 
509600:    1.00    9.904    0.097 0.001    0.034   -125529    0 
509700:    1.00    9.789    0.070 0.001    0.031   -125572    0 
509800:    1.00    9.639    0.108 0.001    0.029   -125501    0 
509900:    1.00    9.267    0.089 0.001    0.029   -125525    0 

--------------------------------------------
Proportion of membership of each pre-defined
 population in each of the 2 clusters

Given    Inferred Clusters       Number of
 Pop       1      2             Individuals

  1:     0.499  0.501             358
  2:     0.503  0.497             1039
  3:     0.498  0.502             603
--------------------------------------------

  Rep#:   Lambda   Alpha      F1    F2     D1,2    Ln Like  Est Ln P(D)
510000:    1.00    9.215    0.069 0.001    0.024   -125573    0 
510100:    1.00    9.134    0.082 0.001    0.037   -125524    0 
510200:    1.00    9.229    0.068 0.001    0.026   -125552    0 
510300:    1.00    9.090    0.097 0.001    0.031   -125506    0 
510400:    1.00    9.053    0.083 0.001    0.038   -125456    0 
510500:    1.00    8.672    0.072 0.001    0.027   -125533    0 
510600:    1.00    8.709    0.085 0.001    0.032   -125504    0 
510700:    1.00    8.786    0.067 0.001    0.027   -125581    0 
510800:    1.00    8.838    0.064 0.001    0.026   -125562    0 
510900:    1.00    9.050    0.082 0.001    0.029   -125538    0 

--------------------------------------------
Proportion of membership of each pre-defined
 population in each of the 2 clusters

Given    Inferred Clusters       Number of
 Pop       1      2             Individuals

  1:     0.497  0.503             358
  2:     0.498  0.502             1039
  3:     0.493  0.507             603
--------------------------------------------

  Rep#:   Lambda   Alpha      F1    F2     D1,2    Ln Like  Est Ln P(D)
511000:    1.00    9.127    0.075 0.001    0.030   -125538    0 
511100:    1.00    9.002    0.084 0.001    0.031   -125586    0 
511200:    1.00    8.917    0.097 0.001    0.035   -125509    0 
511300:    1.00    8.648    0.077 0.001    0.031   -125538    0 
511400:    1.00    8.933    0.058 0.001    0.029   -125560    0 
511500:    1.00    9.211    0.054 0.001    0.023   -125545    0 
511600:    1.00    9.001    0.068 0.001    0.025   -125564    0 
511700:    1.00    9.222    0.054 0.001    0.023   -125581    0 
511800:    1.00    8.849    0.077 0.001    0.025   -125566    0 
511900:    1.00    8.748    0.070 0.001    0.027   -125574    0 

--------------------------------------------
Proportion of membership of each pre-defined
 population in each of the 2 clusters

Given    Inferred Clusters       Number of
 Pop       1      2             Individuals

  1:     0.499  0.501             358
  2:     0.503  0.497             1039
  3:     0.497  0.503             603
--------------------------------------------

  Rep#:   Lambda   Alpha      F1    F2     D1,2    Ln Like  Est Ln P(D)
512000:    1.00    8.773    0.086 0.001    0.026   -125572    0 
512100:    1.00    8.896    0.092 0.001    0.033   -125531    0 
512200:    1.00    8.395    0.093 0.001    0.031   -125490    0 
512300:    1.00    8.722    0.100 0.001    0.028   -125497    0 
512400:    1.00    8.365    0.070 0.001    0.020   -125546    0 
512500:    1.00    7.893    0.061 0.001    0.022   -125570    0 
512600:    1.00    7.627    0.078 0.001    0.025   -125518    0 
512700:    1.00    7.831    0.081 0.001    0.025   -125551    0 
512800:    1.00    8.059    0.049 0.001    0.022   -125582    0 
512900:    1.00    7.721    0.054 0.001    0.018   -125587    0 

--------------------------------------------
Proportion of membership of each pre-defined
 population in each of the 2 clusters

Given    Inferred Clusters       Number of
 Pop       1      2             Individuals

  1:     0.492  0.508             358
  2:     0.501  0.499             1039
  3:     0.491  0.509             603
--------------------------------------------

  Rep#:   Lambda   Alpha      F1    F2     D1,2    Ln Like  Est Ln P(D)
513000:    1.00    7.925    0.051 0.001    0.019   -125565    0 
513100:    1.00    8.049    0.056 0.001    0.026   -125534    0 
513200:    1.00    7.950    0.054 0.001    0.023   -125543    0 
513300:    1.00    7.743    0.074 0.001    0.022   -125575    0 
513400:    1.00    7.614    0.058 0.001    0.024   -125545    0 
513500:    1.00    7.697    0.077 0.001    0.032   -125543    0 
513600:    1.00    7.895    0.097 0.001    0.034   -125494    0 
513700:    1.00    8.119    0.081 0.001    0.030   -125497    0 
513800:    1.00    8.218    0.069 0.001    0.032   -125524    0 
513900:    1.00    8.240    0.087 0.001    0.031   -125497    0 

--------------------------------------------
Proportion of membership of each pre-defined
 population in each of the 2 clusters

Given    Inferred Clusters       Number of
 Pop       1      2             Individuals

  1:     0.497  0.503             358
  2:     0.506  0.494             1039
  3:     0.501  0.499             603
--------------------------------------------

  Rep#:   Lambda   Alpha      F1    F2     D1,2    Ln Like  Est Ln P(D)
514000:    1.00    7.905    0.066 0.001    0.024   -125567    0 
514100:    1.00    7.978    0.081 0.001    0.025   -125563    0 
514200:    1.00    8.041    0.070 0.001    0.022   -125557    0 
514300:    1.00    8.350    0.093 0.001    0.042   -125483    0 
514400:    1.00    8.450    0.062 0.001    0.027   -125598    0 
514500:    1.00    8.771    0.074 0.001    0.027   -125586    0 
514600:    1.00    8.663    0.076 0.001    0.030   -125547    0 
514700:    1.00    8.675    0.081 0.001    0.029   -125574    0 
514800:    1.00    8.889    0.071 0.001    0.029   -125563    0 
514900:    1.00    9.029    0.075 0.001    0.030   -125567    0 

--------------------------------------------
Proportion of membership of each pre-defined
 population in each of the 2 clusters

Given    Inferred Clusters       Number of
 Pop       1      2             Individuals

  1:     0.498  0.502             358
  2:     0.506  0.494             1039
  3:     0.504  0.496             603
--------------------------------------------

  Rep#:   Lambda   Alpha      F1    F2     D1,2    Ln Like  Est Ln P(D)
515000:    1.00    8.810    0.077 0.001    0.029   -125569    0 
515100:    1.00    8.700    0.071 0.001    0.029   -125558    0 
515200:    1.00    8.472    0.086 0.001    0.030   -125512    0 
515300:    1.00    8.457    0.073 0.002    0.027   -125494    0 
515400:    1.00    8.145    0.089 0.002    0.031   -125501    0 
515500:    1.00    7.976    0.061 0.002    0.029   -125565    0 
515600:    1.00    8.482    0.102 0.002    0.031   -125498    0 
515700:    1.00    8.619    0.077 0.002    0.026   -125527    0 
515800:    1.00    8.165    0.061 0.002    0.026   -125541    0 
515900:    1.00    8.326    0.090 0.002    0.031   -125561    0 

--------------------------------------------
Proportion of membership of each pre-defined
 population in each of the 2 clusters

Given    Inferred Clusters       Number of
 Pop       1      2             Individuals

  1:     0.497  0.503             358
  2:     0.503  0.497             1039
  3:     0.504  0.496             603
--------------------------------------------

  Rep#:   Lambda   Alpha      F1    F2     D1,2    Ln Like  Est Ln P(D)
516000:    1.00    8.560    0.067 0.002    0.027   -125574    0 
516100:    1.00    9.014    0.082 0.002    0.030   -125547    0 
516200:    1.00    8.878    0.092 0.002    0.034   -125555    0 
516300:    1.00    8.867    0.096 0.002    0.039   -125540    0 
516400:    1.00    8.807    0.087 0.002    0.041   -125466    0 
516500:    1.00    8.738    0.068 0.002    0.035   -125511    0 
516600:    1.00    8.529    0.063 0.002    0.030   -125522    0 
516700:    1.00    8.272    0.059 0.002    0.029   -125552    0 
516800:    1.00    8.051    0.096 0.003    0.034   -125480    0 
516900:    1.00    7.801    0.076 0.003    0.027   -125525    0 

--------------------------------------------
Proportion of membership of each pre-defined
 population in each of the 2 clusters

Given    Inferred Clusters       Number of
 Pop       1      2             Individuals

  1:     0.504  0.496             358
  2:     0.498  0.502             1039
  3:     0.496  0.504             603
--------------------------------------------

  Rep#:   Lambda   Alpha      F1    F2     D1,2    Ln Like  Est Ln P(D)
517000:    1.00    8.042    0.050 0.002    0.023   -125546    0 
517100:    1.00    7.522    0.056 0.002    0.020   -125546    0 
517200:    1.00    7.239    0.069 0.002    0.022   -125542    0 
517300:    1.00    7.315    0.071 0.002    0.021   -125529    0 
517400:    1.00    7.178    0.063 0.002    0.023   -125511    0 
517500:    1.00    7.471    0.070 0.002    0.027   -125527    0 
517600:    1.00    7.305    0.088 0.002    0.028   -125464    0 
517700:    1.00    7.218    0.086 0.002    0.031   -125463    0 
517800:    1.00    7.186    0.065 0.002    0.025   -125475    0 
517900:    1.00    7.146    0.059 0.002    0.024   -125547    0 

--------------------------------------------
Proportion of membership of each pre-defined
 population in each of the 2 clusters

Given    Inferred Clusters       Number of
 Pop       1      2             Individuals

  1:     0.499  0.501             358
  2:     0.498  0.502             1039
  3:     0.496  0.504             603
--------------------------------------------

  Rep#:   Lambda   Alpha      F1    F2     D1,2    Ln Like  Est Ln P(D)
518000:    1.00    7.186    0.085 0.002    0.031   -125512    0 
518100:    1.00    6.963    0.076 0.002    0.027   -125502    0 
518200:    1.00    7.002    0.074 0.002    0.027   -125481    0 
518300:    1.00    6.782    0.074 0.002    0.027   -125546    0 
518400:    1.00    6.626    0.077 0.002    0.021   -125542    0 
518500:    1.00    6.712    0.063 0.002    0.025   -125513    0 
518600:    1.00    6.696    0.071 0.002    0.029   -125449    0 
518700:    1.00    6.982    0.074 0.002    0.028   -125509    0 
518800:    1.00    6.904    0.067 0.002    0.032   -125431    0 
518900:    1.00    7.114    0.082 0.002    0.030   -125484    0 

--------------------------------------------
Proportion of membership of each pre-defined
 population in each of the 2 clusters

Given    Inferred Clusters       Number of
 Pop       1      2             Individuals

  1:     0.499  0.501             358
  2:     0.506  0.494             1039
  3:     0.494  0.506             603
--------------------------------------------

  Rep#:   Lambda   Alpha      F1    F2     D1,2    Ln Like  Est Ln P(D)
519000:    1.00    7.308    0.083 0.002    0.029   -125527    0 
519100:    1.00    6.950    0.072 0.002    0.027   -125514    0 
519200:    1.00    7.194    0.073 0.002    0.029   -125487    0 
519300:    1.00    7.222    0.055 0.002    0.026   -125495    0 
519400:    1.00    7.408    0.071 0.002    0.021   -125521    0 
519500:    1.00    7.442    0.104 0.002    0.031   -125490    0 
519600:    1.00    7.288    0.068 0.002    0.024   -125553    0 
519700:    1.00    7.405    0.073 0.002    0.029   -125530    0 
519800:    1.00    7.736    0.090 0.002    0.030   -125536    0 
519900:    1.00    7.690    0.085 0.002    0.032   -125531    0 

--------------------------------------------
Proportion of membership of each pre-defined
 population in each of the 2 clusters

Given    Inferred Clusters       Number of
 Pop       1      2             Individuals

  1:     0.499  0.501             358
  2:     0.502  0.498             1039
  3:     0.497  0.503             603
--------------------------------------------

  Rep#:   Lambda   Alpha      F1    F2     D1,2    Ln Like  Est Ln P(D)
520000:    1.00    8.028    0.064 0.002    0.027   -125496    0 
520100:    1.00    8.295    0.090 0.002    0.034   -125490    0 
520200:    1.00    8.342    0.076 0.002    0.028   -125525    0 
520300:    1.00    8.182    0.088 0.002    0.030   -125554    0 
520400:    1.00    8.003    0.088 0.002    0.034   -125487    0 
520500:    1.00    7.808    0.071 0.002    0.034   -125437    0 
520600:    1.00    7.917    0.070 0.003    0.034   -125475    0 
520700:    1.00    7.784    0.065 0.003    0.029   -125445    0 
520800:    1.00    7.777    0.067 0.002    0.030   -125514    0 
520900:    1.00    7.279    0.087 0.002    0.028   -125469    0 

--------------------------------------------
Proportion of membership of each pre-defined
 population in each of the 2 clusters

Given    Inferred Clusters       Number of
 Pop       1      2             Individuals

  1:     0.496  0.504             358
  2:     0.515  0.485             1039
  3:     0.499  0.501             603
--------------------------------------------

  Rep#:   Lambda   Alpha      F1    F2     D1,2    Ln Like  Est Ln P(D)
521000:    1.00    7.502    0.083 0.002    0.039   -125479    0 
521100:    1.00    7.384    0.081 0.002    0.043   -125430    0 
521200:    1.00    6.891    0.070 0.002    0.035   -125457    0 
521300:    1.00    6.960    0.085 0.002    0.025   -125482    0 
521400:    1.00    7.125    0.072 0.002    0.029   -125492    0 
521500:    1.00    6.725    0.080 0.002    0.030   -125442    0 
521600:    1.00    6.561    0.085 0.002    0.027   -125477    0 
521700:    1.00    6.764    0.086 0.002    0.034   -125431    0 
521800:    1.00    6.878    0.074 0.002    0.032   -125478    0 
521900:    1.00    6.753    0.084 0.002    0.029   -125475    0 

--------------------------------------------
Proportion of membership of each pre-defined
 population in each of the 2 clusters

Given    Inferred Clusters       Number of
 Pop       1      2             Individuals

  1:     0.500  0.500             358
  2:     0.510  0.490             1039
  3:     0.503  0.497             603
--------------------------------------------

  Rep#:   Lambda   Alpha      F1    F2     D1,2    Ln Like  Est Ln P(D)
522000:    1.00    6.813    0.077 0.002    0.034   -125456    0 
522100:    1.00    6.454    0.083 0.002    0.035   -125424    0 
522200:    1.00    6.557    0.090 0.002    0.033   -125441    0 
522300:    1.00    6.380    0.083 0.002    0.026   -125480    0 
522400:    1.00    6.073    0.074 0.002    0.027   -125418    0 
522500:    1.00    6.256    0.080 0.002    0.027   -125463    0 
522600:    1.00    6.098    0.084 0.003    0.038   -125403    0 
522700:    1.00    6.009    0.076 0.003    0.032   -125403    0 
522800:    1.00    6.148    0.062 0.003    0.031   -125436    0 
522900:    1.00    6.203    0.077 0.003    0.027   -125391    0 

--------------------------------------------
Proportion of membership of each pre-defined
 population in each of the 2 clusters

Given    Inferred Clusters       Number of
 Pop       1      2             Individuals

  1:     0.498  0.502             358
  2:     0.499  0.501             1039
  3:     0.489  0.511             603
--------------------------------------------

  Rep#:   Lambda   Alpha      F1    F2     D1,2    Ln Like  Est Ln P(D)
523000:    1.00    6.026    0.078 0.003    0.026   -125477    0 
523100:    1.00    6.002    0.054 0.004    0.022   -125514    0 
523200:    1.00    5.946    0.055 0.004    0.025   -125512    0 
523300:    1.00    5.997    0.071 0.004    0.027   -125426    0 
523400:    1.00    5.824    0.062 0.004    0.022   -125518    0 
523500:    1.00    5.961    0.053 0.003    0.017   -125503    0 
523600:    1.00    5.615    0.079 0.003    0.022   -125491    0 
523700:    1.00    5.384    0.065 0.004    0.030   -125424    0 
523800:    1.00    5.565    0.051 0.004    0.025   -125419    0 
523900:    1.00    5.592    0.081 0.004    0.026   -125441    0 

--------------------------------------------
Proportion of membership of each pre-defined
 population in each of the 2 clusters

Given    Inferred Clusters       Number of
 Pop       1      2             Individuals

  1:     0.509  0.491             358
  2:     0.504  0.496             1039
  3:     0.493  0.507             603
--------------------------------------------

  Rep#:   Lambda   Alpha      F1    F2     D1,2    Ln Like  Est Ln P(D)
524000:    1.00    5.602    0.053 0.005    0.024   -125464    0 
524100:    1.00    5.703    0.060 0.004    0.027   -125481    0 
524200:    1.00    5.973    0.052 0.004    0.026   -125491    0 
524300:    1.00    5.977    0.067 0.003    0.034   -125407    0 
524400:    1.00    5.903    0.079 0.003    0.030   -125439    0 
524500:    1.00    5.861    0.080 0.003    0.030   -125448    0 
524600:    1.00    5.779    0.080 0.003    0.029   -125408    0 
524700:    1.00    5.724    0.057 0.003    0.021   -125450    0 
524800:    1.00    5.900    0.062 0.004    0.027   -125458    0 
524900:    1.00    6.204    0.074 0.004    0.027   -125485    0 

--------------------------------------------
Proportion of membership of each pre-defined
 population in each of the 2 clusters

Given    Inferred Clusters       Number of
 Pop       1      2             Individuals

  1:     0.504  0.496             358
  2:     0.506  0.494             1039
  3:     0.502  0.498             603
--------------------------------------------

  Rep#:   Lambda   Alpha      F1    F2     D1,2    Ln Like  Est Ln P(D)
525000:    1.00    6.250    0.068 0.004    0.021   -125522    0 
525100:    1.00    6.221    0.065 0.004    0.024   -125416    0 
525200:    1.00    6.289    0.079 0.004    0.030   -125512    0 
525300:    1.00    6.369    0.069 0.004    0.026   -125423    0 
525400:    1.00    6.166    0.066 0.004    0.026   -125423    0 
525500:    1.00    5.887    0.070 0.004    0.029   -125437    0 
525600:    1.00    5.928    0.065 0.005    0.032   -125423    0 
525700:    1.00    5.937    0.062 0.006    0.027   -125506    0 
525800:    1.00    5.829    0.062 0.006    0.032   -125365    0 
525900:    1.00    5.770    0.061 0.006    0.032   -125438    0 

--------------------------------------------
Proportion of membership of each pre-defined
 population in each of the 2 clusters

Given    Inferred Clusters       Number of
 Pop       1      2             Individuals

  1:     0.500  0.500             358
  2:     0.504  0.496             1039
  3:     0.499  0.501             603
--------------------------------------------

  Rep#:   Lambda   Alpha      F1    F2     D1,2    Ln Like  Est Ln P(D)
526000:    1.00    5.745    0.068 0.006    0.024   -125480    0 
526100:    1.00    5.877    0.060 0.006    0.022   -125477    0 
526200:    1.00    6.079    0.067 0.006    0.024   -125531    0 
526300:    1.00    5.917    0.067 0.007    0.025   -125474    0 
526400:    1.00    6.001    0.073 0.007    0.032   -125398    0 
526500:    1.00    5.995    0.068 0.006    0.038   -125391    0 
526600:    1.00    6.000    0.083 0.008    0.031   -125468    0 
526700:    1.00    5.983    0.067 0.008    0.031   -125484    0 
526800:    1.00    6.224    0.078 0.007    0.035   -125424    0 
526900:    1.00    6.432    0.088 0.009    0.033   -125436    0 

--------------------------------------------
Proportion of membership of each pre-defined
 population in each of the 2 clusters

Given    Inferred Clusters       Number of
 Pop       1      2             Individuals

  1:     0.508  0.492             358
  2:     0.505  0.495             1039
  3:     0.500  0.500             603
--------------------------------------------

  Rep#:   Lambda   Alpha      F1    F2     D1,2    Ln Like  Est Ln P(D)
527000:    1.00    6.734    0.105 0.009    0.037   -125461    0 
527100:    1.00    6.499    0.088 0.010    0.041   -125449    0 
527200:    1.00    6.479    0.077 0.008    0.037   -125519    0 
527300:    1.00    6.514    0.067 0.007    0.029   -125484    0 
527400:    1.00    6.851    0.075 0.007    0.029   -125465    0 
527500:    1.00    6.601    0.089 0.007    0.031   -125385    0 
527600:    1.00    6.951    0.104 0.007    0.035   -125398    0 
527700:    1.00    6.957    0.078 0.009    0.038   -125456    0 
527800:    1.00    7.187    0.074 0.010    0.033   -125472    0 
527900:    1.00    7.146    0.072 0.007    0.027   -125458    0 

--------------------------------------------
Proportion of membership of each pre-defined
 population in each of the 2 clusters

Given    Inferred Clusters       Number of
 Pop       1      2             Individuals

  1:     0.495  0.505             358
  2:     0.512  0.488             1039
  3:     0.497  0.503             603
--------------------------------------------

  Rep#:   Lambda   Alpha      F1    F2     D1,2    Ln Like  Est Ln P(D)
528000:    1.00    7.252    0.075 0.008    0.029   -125473    0 
528100:    1.00    7.552    0.080 0.008    0.033   -125429    0 
528200:    1.00    7.395    0.067 0.008    0.036   -125439    0 
528300:    1.00    7.700    0.097 0.009    0.037   -125459    0 
528400:    1.00    7.998    0.085 0.010    0.037   -125469    0 
528500:    1.00    7.945    0.107 0.011    0.045   -125447    0 
528600:    1.00    7.980    0.100 0.011    0.037   -125444    0 
528700:    1.00    7.928    0.116 0.011    0.054   -125407    0 
528800:    1.00    7.802    0.116 0.015    0.046   -125383    0 
528900:    1.00    7.492    0.095 0.024    0.043   -125399    0 

--------------------------------------------
Proportion of membership of each pre-defined
 population in each of the 2 clusters

Given    Inferred Clusters       Number of
 Pop       1      2             Individuals

  1:     0.498  0.502             358
  2:     0.501  0.499             1039
  3:     0.505  0.495             603
--------------------------------------------

  Rep#:   Lambda   Alpha      F1    F2     D1,2    Ln Like  Est Ln P(D)
529000:    1.00    7.158    0.086 0.022    0.042   -125396    0 
529100:    1.00    6.911    0.104 0.023    0.053   -125390    0 
529200:    1.00    7.147    0.095 0.019    0.041   -125355    0 
529300:    1.00    6.976    0.087 0.022    0.039   -125399    0 
529400:    1.00    6.954    0.086 0.017    0.040   -125387    0 
529500:    1.00    6.814    0.096 0.016    0.042   -125314    0 
529600:    1.00    6.451    0.065 0.019    0.042   -125363    0 
529700:    1.00    6.419    0.067 0.020    0.036   -125422    0 
529800:    1.00    6.334    0.084 0.021    0.032   -125366    0 
529900:    1.00    6.438    0.071 0.021    0.039   -125363    0 

--------------------------------------------
Proportion of membership of each pre-defined
 population in each of the 2 clusters

Given    Inferred Clusters       Number of
 Pop       1      2             Individuals

  1:     0.490  0.510             358
  2:     0.506  0.494             1039
  3:     0.500  0.500             603
--------------------------------------------

  Rep#:   Lambda   Alpha      F1    F2     D1,2    Ln Like  Est Ln P(D)
530000:    1.00    6.515    0.055 0.023    0.043   -125376    0 
530100:    1.00    6.713    0.050 0.026    0.040   -125396    0 
530200:    1.00    6.915    0.069 0.023    0.031   -125440    0 
530300:    1.00    6.503    0.063 0.026    0.041   -125350    0 
530400:    1.00    6.496    0.066 0.027    0.048   -125344    0 
530500:    1.00    6.791    0.086 0.024    0.037   -125432    0 
530600:    1.00    7.051    0.082 0.023    0.036   -125445    0 
530700:    1.00    6.891    0.071 0.026    0.043   -125376    0 
530800:    1.00    6.721    0.068 0.025    0.045   -125352    0 
530900:    1.00    6.686    0.086 0.027    0.037   -125434    0 

--------------------------------------------
Proportion of membership of each pre-defined
 population in each of the 2 clusters

Given    Inferred Clusters       Number of
 Pop       1      2             Individuals

  1:     0.505  0.495             358
  2:     0.507  0.493             1039
  3:     0.490  0.510             603
--------------------------------------------

  Rep#:   Lambda   Alpha      F1    F2     D1,2    Ln Like  Est Ln P(D)
531000:    1.00    6.744    0.076 0.026    0.042   -125359    0 
531100:    1.00    6.629    0.073 0.028    0.044   -125305    0 
531200:    1.00    6.876    0.068 0.022    0.036   -125426    0 
531300:    1.00    7.154    0.076 0.024    0.043   -125400    0 
531400:    1.00    7.549    0.095 0.029    0.039   -125359    0 
531500:    1.00    7.243    0.085 0.028    0.045   -125399    0 
531600:    1.00    7.482    0.079 0.027    0.039   -125431    0 
531700:    1.00    7.569    0.098 0.035    0.051   -125341    0 
531800:    1.00    7.392    0.089 0.045    0.050   -125384    0 
531900:    1.00    7.455    0.097 0.035    0.053   -125347    0 

--------------------------------------------
Proportion of membership of each pre-defined
 population in each of the 2 clusters

Given    Inferred Clusters       Number of
 Pop       1      2             Individuals

  1:     0.499  0.501             358
  2:     0.501  0.499             1039
  3:     0.504  0.496             603
--------------------------------------------

  Rep#:   Lambda   Alpha      F1    F2     D1,2    Ln Like  Est Ln P(D)
532000:    1.00    7.520    0.065 0.033    0.044   -125385    0 
532100:    1.00    7.557    0.071 0.034    0.040   -125418    0 
532200:    1.00    7.913    0.091 0.033    0.043   -125400    0 
532300:    1.00    8.196    0.073 0.031    0.042   -125398    0 
532400:    1.00    8.254    0.066 0.039    0.048   -125385    0 
532500:    1.00    7.921    0.073 0.037    0.052   -125340    0 
532600:    1.00    7.962    0.074 0.038    0.051   -125304    0 
532700:    1.00    8.580    0.086 0.038    0.050   -125356    0 
532800:    1.00    8.655    0.059 0.035    0.053   -125378    0 
532900:    1.00    8.642    0.068 0.037    0.053   -125362    0 

--------------------------------------------
Proportion of membership of each pre-defined
 population in each of the 2 clusters

Given    Inferred Clusters       Number of
 Pop       1      2             Individuals

  1:     0.499  0.501             358
  2:     0.510  0.490             1039
  3:     0.493  0.507             603
--------------------------------------------

  Rep#:   Lambda   Alpha      F1    F2     D1,2    Ln Like  Est Ln P(D)
533000:    1.00    8.770    0.121 0.028    0.061   -125329    0 
533100:    1.00    8.737    0.086 0.032    0.062   -125311    0 
533200:    1.00    9.044    0.084 0.033    0.060   -125359    0 
533300:    1.00    9.159    0.075 0.039    0.054   -125421    0 
533400:    1.00    9.498    0.094 0.029    0.058   -125402    0 
533500:    1.00    9.673    0.094 0.033    0.050   -125391    0 
533600:    1.00    9.382    0.110 0.034    0.043   -125461    0 
533700:    1.00    9.399    0.092 0.035    0.051   -125382    0 
533800:    1.00    9.082    0.116 0.047    0.056   -125344    0 
533900:    1.00    9.155    0.103 0.047    0.061   -125299    0 

--------------------------------------------
Proportion of membership of each pre-defined
 population in each of the 2 clusters

Given    Inferred Clusters       Number of
 Pop       1      2             Individuals

  1:     0.502  0.498             358
  2:     0.498  0.502             1039
  3:     0.503  0.497             603
--------------------------------------------

  Rep#:   Lambda   Alpha      F1    F2     D1,2    Ln Like  Est Ln P(D)
534000:    1.00    8.713    0.084 0.056    0.066   -125318    0 
534100:    1.00    8.153    0.074 0.054    0.052   -125332    0 
534200:    1.00    8.448    0.061 0.043    0.047   -125367    0 
534300:    1.00    8.287    0.046 0.041    0.044   -125382    0 
534400:    1.00    8.262    0.054 0.036    0.041   -125440    0 
534500:    1.00    8.069    0.060 0.036    0.044   -125427    0 
534600:    1.00    8.255    0.075 0.050    0.062   -125363    0 
534700:    1.00    8.358    0.079 0.060    0.069   -125363    0 
534800:    1.00    7.809    0.066 0.047    0.060   -125331    0 
534900:    1.00    7.304    0.051 0.066    0.050   -125378    0 

--------------------------------------------
Proportion of membership of each pre-defined
 population in each of the 2 clusters

Given    Inferred Clusters       Number of
 Pop       1      2             Individuals

  1:     0.503  0.497             358
  2:     0.499  0.501             1039
  3:     0.508  0.492             603
--------------------------------------------

  Rep#:   Lambda   Alpha      F1    F2     D1,2    Ln Like  Est Ln P(D)
535000:    1.00    7.478    0.053 0.076    0.058   -125381    0 
535100:    1.00    7.214    0.062 0.073    0.056   -125334    0 
535200:    1.00    6.964    0.042 0.073    0.052   -125378    0 
535300:    1.00    6.906    0.039 0.052    0.044   -125381    0 
535400:    1.00    7.098    0.045 0.047    0.034   -125420    0 
535500:    1.00    6.971    0.063 0.053    0.036   -125343    0 
535600:    1.00    6.999    0.055 0.047    0.037   -125335    0 
535700:    1.00    6.901    0.054 0.055    0.040   -125365    0 
535800:    1.00    6.972    0.051 0.071    0.048   -125352    0 
535900:    1.00    6.850    0.049 0.064    0.040   -125383    0 

--------------------------------------------
Proportion of membership of each pre-defined
 population in each of the 2 clusters

Given    Inferred Clusters       Number of
 Pop       1      2             Individuals

  1:     0.491  0.509             358
  2:     0.502  0.498             1039
  3:     0.506  0.494             603
--------------------------------------------

  Rep#:   Lambda   Alpha      F1    F2     D1,2    Ln Like  Est Ln P(D)
536000:    1.00    6.648    0.054 0.063    0.041   -125367    0 
536100:    1.00    6.418    0.041 0.052    0.034   -125387    0 
536200:    1.00    6.623    0.057 0.038    0.037   -125355    0 
536300:    1.00    6.465    0.079 0.033    0.034   -125365    0 
536400:    1.00    6.932    0.056 0.047    0.040   -125379    0 
536500:    1.00    6.542    0.062 0.036    0.041   -125390    0 
536600:    1.00    6.786    0.077 0.040    0.045   -125334    0 
536700:    1.00    6.828    0.073 0.047    0.057   -125324    0 
536800:    1.00    7.032    0.062 0.043    0.057   -125300    0 
536900:    1.00    7.048    0.057 0.048    0.057   -125375    0 

--------------------------------------------
Proportion of membership of each pre-defined
 population in each of the 2 clusters

Given    Inferred Clusters       Number of
 Pop       1      2             Individuals

  1:     0.496  0.504             358
  2:     0.500  0.500             1039
  3:     0.502  0.498             603
--------------------------------------------

  Rep#:   Lambda   Alpha      F1    F2     D1,2    Ln Like  Est Ln P(D)
537000:    1.00    7.253    0.087 0.041    0.060   -125306    0 
537100:    1.00    7.883    0.074 0.037    0.045   -125392    0 
537200:    1.00    8.178    0.070 0.051    0.041   -125405    0 
537300:    1.00    8.012    0.069 0.044    0.055   -125366    0 
537400:    1.00    8.136    0.068 0.075    0.058   -125278    0 
537500:    1.00    7.993    0.055 0.066    0.048   -125338    0 
537600:    1.00    7.931    0.058 0.065    0.055   -125338    0 
537700:    1.00    7.682    0.048 0.061    0.049   -125326    0 
537800:    1.00    7.998    0.060 0.067    0.056   -125302    0 
537900:    1.00    7.999    0.068 0.051    0.052   -125303    0 

--------------------------------------------
Proportion of membership of each pre-defined
 population in each of the 2 clusters

Given    Inferred Clusters       Number of
 Pop       1      2             Individuals

  1:     0.490  0.510             358
  2:     0.501  0.499             1039
  3:     0.502  0.498             603
--------------------------------------------

  Rep#:   Lambda   Alpha      F1    F2     D1,2    Ln Like  Est Ln P(D)
538000:    1.00    7.582    0.059 0.065    0.045   -125354    0 
538100:    1.00    7.764    0.052 0.058    0.047   -125359    0 
538200:    1.00    7.594    0.050 0.074    0.049   -125325    0 
538300:    1.00    7.540    0.040 0.063    0.054   -125296    0 
538400:    1.00    7.426    0.047 0.056    0.052   -125373    0 
538500:    1.00    7.337    0.051 0.056    0.052   -125335    0 
538600:    1.00    7.261    0.057 0.045    0.043   -125371    0 
538700:    1.00    6.935    0.060 0.038    0.043   -125382    0 
538800:    1.00    7.031    0.051 0.031    0.040   -125378    0 
538900:    1.00    7.028    0.070 0.044    0.047   -125317    0 

--------------------------------------------
Proportion of membership of each pre-defined
 population in each of the 2 clusters

Given    Inferred Clusters       Number of
 Pop       1      2             Individuals

  1:     0.497  0.503             358
  2:     0.502  0.498             1039
  3:     0.493  0.507             603
--------------------------------------------

  Rep#:   Lambda   Alpha      F1    F2     D1,2    Ln Like  Est Ln P(D)
539000:    1.00    6.651    0.092 0.031    0.034   -125413    0 
539100:    1.00    6.615    0.092 0.025    0.043   -125381    0 
539200:    1.00    6.288    0.085 0.030    0.040   -125372    0 
539300:    1.00    6.406    0.065 0.035    0.038   -125353    0 
539400:    1.00    6.471    0.075 0.033    0.042   -125385    0 
539500:    1.00    6.775    0.064 0.042    0.038   -125389    0 
539600:    1.00    6.522    0.064 0.045    0.046   -125347    0 
539700:    1.00    6.657    0.063 0.040    0.040   -125322    0 
539800:    1.00    6.514    0.038 0.044    0.038   -125365    0 
539900:    1.00    6.696    0.043 0.043    0.029   -125417    0 

--------------------------------------------
Proportion of membership of each pre-defined
 population in each of the 2 clusters

Given    Inferred Clusters       Number of
 Pop       1      2             Individuals

  1:     0.498  0.502             358
  2:     0.499  0.501             1039
  3:     0.491  0.509             603
--------------------------------------------

  Rep#:   Lambda   Alpha      F1    F2     D1,2    Ln Like  Est Ln P(D)
540000:    1.00    6.701    0.050 0.043    0.032   -125384    0 
540100:    1.00    7.114    0.050 0.047    0.044   -125383    0 
540200:    1.00    6.844    0.054 0.043    0.043   -125325    0 
540300:    1.00    6.872    0.047 0.043    0.042   -125344    0 
540400:    1.00    6.770    0.094 0.048    0.052   -125298    0 
540500:    1.00    6.331    0.076 0.048    0.058   -125295    0 
540600:    1.00    6.259    0.084 0.049    0.046   -125308    0 
540700:    1.00    6.422    0.073 0.041    0.044   -125348    0 
540800:    1.00    6.597    0.058 0.038    0.043   -125382    0 
540900:    1.00    6.691    0.077 0.036    0.038   -125348    0 

--------------------------------------------
Proportion of membership of each pre-defined
 population in each of the 2 clusters

Given    Inferred Clusters       Number of
 Pop       1      2             Individuals

  1:     0.497  0.503             358
  2:     0.499  0.501             1039
  3:     0.504  0.496             603
--------------------------------------------

  Rep#:   Lambda   Alpha      F1    F2     D1,2    Ln Like  Est Ln P(D)
541000:    1.00    6.548    0.069 0.038    0.042   -125344    0 
541100:    1.00    7.012    0.068 0.028    0.044   -125349    0 
541200:    1.00    7.031    0.066 0.039    0.044   -125359    0 
541300:    1.00    6.950    0.062 0.044    0.047   -125326    0 
541400:    1.00    7.158    0.045 0.040    0.042   -125372    0 
541500:    1.00    6.817    0.059 0.044    0.045   -125353    0 
541600:    1.00    7.155    0.054 0.047    0.047   -125321    0 
541700:    1.00    6.881    0.062 0.047    0.049   -125301    0 
541800:    1.00    6.892    0.054 0.058    0.055   -125337    0 
541900:    1.00    6.904    0.065 0.063    0.053   -125319    0 

--------------------------------------------
Proportion of membership of each pre-defined
 population in each of the 2 clusters

Given    Inferred Clusters       Number of
 Pop       1      2             Individuals

  1:     0.487  0.513             358
  2:     0.497  0.503             1039
  3:     0.501  0.499             603
--------------------------------------------

  Rep#:   Lambda   Alpha      F1    F2     D1,2    Ln Like  Est Ln P(D)
542000:    1.00    7.286    0.068 0.049    0.041   -125408    0 
542100:    1.00    7.316    0.043 0.046    0.038   -125363    0 
542200:    1.00    7.467    0.054 0.053    0.036   -125457    0 
542300:    1.00    7.376    0.062 0.051    0.037   -125399    0 
542400:    1.00    7.122    0.087 0.048    0.043   -125366    0 
542500:    1.00    7.106    0.081 0.038    0.044   -125367    0 
542600:    1.00    7.379    0.056 0.040    0.041   -125367    0 
542700:    1.00    7.968    0.060 0.036    0.050   -125390    0 
542800:    1.00    8.259    0.076 0.036    0.045   -125411    0 
542900:    1.00    8.115    0.062 0.032    0.041   -125388    0 

--------------------------------------------
Proportion of membership of each pre-defined
 population in each of the 2 clusters

Given    Inferred Clusters       Number of
 Pop       1      2             Individuals

  1:     0.499  0.501             358
  2:     0.505  0.495             1039
  3:     0.497  0.503             603
--------------------------------------------

  Rep#:   Lambda   Alpha      F1    F2     D1,2    Ln Like  Est Ln P(D)
543000:    1.00    8.311    0.064 0.038    0.048   -125395    0 
543100:    1.00    8.325    0.052 0.037    0.045   -125458    0 
543200:    1.00    8.331    0.049 0.061    0.056   -125363    0 
543300:    1.00    8.299    0.065 0.045    0.045   -125407    0 
543400:    1.00    8.493    0.063 0.046    0.048   -125402    0 
543500:    1.00    8.426    0.062 0.061    0.042   -125370    0 
543600:    1.00    8.351    0.084 0.063    0.046   -125406    0 
543700:    1.00    8.442    0.089 0.076    0.055   -125373    0 
543800:    1.00    8.202    0.096 0.045    0.055   -125359    0 
543900:    1.00    8.422    0.077 0.057    0.048   -125383    0 

--------------------------------------------
Proportion of membership of each pre-defined
 population in each of the 2 clusters

Given    Inferred Clusters       Number of
 Pop       1      2             Individuals

  1:     0.488  0.512             358
  2:     0.493  0.507             1039
  3:     0.500  0.500             603
--------------------------------------------

  Rep#:   Lambda   Alpha      F1    F2     D1,2    Ln Like  Est Ln P(D)
544000:    1.00    8.866    0.098 0.055    0.056   -125343    0 
544100:    1.00    9.058    0.084 0.065    0.071   -125348    0 
544200:    1.00    8.806    0.081 0.055    0.060   -125313    0 
544300:    1.00    8.755    0.071 0.050    0.045   -125425    0 
544400:    1.00    8.835    0.078 0.050    0.045   -125432    0 
544500:    1.00    8.407    0.067 0.061    0.048   -125397    0 
544600:    1.00    8.466    0.065 0.060    0.046   -125405    0 
544700:    1.00    8.456    0.079 0.058    0.042   -125394    0 
544800:    1.00    9.009    0.069 0.048    0.052   -125406    0 
544900:    1.00    9.176    0.064 0.059    0.050   -125371    0 

--------------------------------------------
Proportion of membership of each pre-defined
 population in each of the 2 clusters

Given    Inferred Clusters       Number of
 Pop       1      2             Individuals

  1:     0.486  0.514             358
  2:     0.499  0.501             1039
  3:     0.498  0.502             603
--------------------------------------------

  Rep#:   Lambda   Alpha      F1    F2     D1,2    Ln Like  Est Ln P(D)
545000:    1.00    9.107    0.089 0.054    0.061   -125369    0 
545100:    1.00    9.320    0.114 0.052    0.054   -125360    0 
545200:    1.00    9.775    0.105 0.038    0.057   -125397    0 
545300:    1.00    9.668    0.088 0.038    0.053   -125449    0 
545400:    1.00    9.472    0.098 0.041    0.051   -125433    0 
545500:    1.00    9.454    0.079 0.032    0.044   -125416    0 
545600:    1.00    9.699    0.069 0.041    0.049   -125429    0 
545700:    1.00    9.654    0.072 0.033    0.047   -125417    0 
545800:    1.00    9.482    0.078 0.038    0.042   -125426    0 
545900:    1.00    9.635    0.073 0.036    0.046   -125401    0 

--------------------------------------------
Proportion of membership of each pre-defined
 population in each of the 2 clusters

Given    Inferred Clusters       Number of
 Pop       1      2             Individuals

  1:     0.496  0.504             358
  2:     0.494  0.506             1039
  3:     0.504  0.496             603
--------------------------------------------

  Rep#:   Lambda   Alpha      F1    F2     D1,2    Ln Like  Est Ln P(D)
546000:    1.00    9.365    0.097 0.038    0.046   -125371    0 
546100:    1.00    9.412    0.095 0.025    0.045   -125414    0 
546200:    1.00    9.506    0.100 0.026    0.051   -125407    0 
546300:    1.00    9.332    0.081 0.026    0.037   -125457    0 
546400:    1.00    9.429    0.081 0.029    0.046   -125451    0 
546500:    1.00    8.843    0.077 0.027    0.044   -125444    0 
546600:    1.00    8.679    0.064 0.027    0.033   -125545    0 
546700:    1.00    9.045    0.052 0.026    0.031   -125500    0 
546800:    1.00    9.054    0.077 0.020    0.038   -125487    0 
546900:    1.00    8.851    0.088 0.020    0.041   -125383    0 

--------------------------------------------
Proportion of membership of each pre-defined
 population in each of the 2 clusters

Given    Inferred Clusters       Number of
 Pop       1      2             Individuals

  1:     0.500  0.500             358
  2:     0.497  0.503             1039
  3:     0.499  0.501             603
--------------------------------------------

  Rep#:   Lambda   Alpha      F1    F2     D1,2    Ln Like  Est Ln P(D)
547000:    1.00    8.899    0.059 0.020    0.039   -125503    0 
547100:    1.00    8.717    0.097 0.018    0.035   -125458    0 
547200:    1.00    8.324    0.064 0.028    0.039   -125455    0 
547300:    1.00    8.135    0.064 0.028    0.038   -125416    0 
547400:    1.00    8.501    0.081 0.025    0.040   -125426    0 
547500:    1.00    8.734    0.084 0.025    0.050   -125398    0 
547600:    1.00    8.758    0.092 0.032    0.047   -125403    0 
547700:    1.00    8.881    0.077 0.045    0.058   -125392    0 
547800:    1.00    8.815    0.077 0.035    0.047   -125385    0 
547900:    1.00    9.005    0.099 0.028    0.056   -125383    0 

--------------------------------------------
Proportion of membership of each pre-defined
 population in each of the 2 clusters

Given    Inferred Clusters       Number of
 Pop       1      2             Individuals

  1:     0.496  0.504             358
  2:     0.506  0.494             1039
  3:     0.489  0.511             603
--------------------------------------------

  Rep#:   Lambda   Alpha      F1    F2     D1,2    Ln Like  Est Ln P(D)
548000:    1.00    8.957    0.101 0.023    0.053   -125435    0 
548100:    1.00    9.300    0.130 0.024    0.061   -125422    0 
548200:    1.00    9.045    0.124 0.025    0.073   -125356    0 
548300:    1.00    8.794    0.105 0.027    0.052   -125448    0 
548400:    1.00    8.988    0.081 0.021    0.037   -125478    0 
548500:    1.00    9.371    0.092 0.018    0.041   -125447    0 
548600:    1.00    9.709    0.093 0.018    0.054   -125432    0 
548700:    1.00    9.654    0.078 0.021    0.049   -125378    0 
548800:    1.00    9.446    0.089 0.025    0.045   -125467    0 
548900:    1.00    9.320    0.100 0.022    0.052   -125435    0 

--------------------------------------------
Proportion of membership of each pre-defined
 population in each of the 2 clusters

Given    Inferred Clusters       Number of
 Pop       1      2             Individuals

  1:     0.507  0.493             358
  2:     0.501  0.499             1039
  3:     0.494  0.506             603
--------------------------------------------

  Rep#:   Lambda   Alpha      F1    F2     D1,2    Ln Like  Est Ln P(D)
549000:    1.00    9.835    0.094 0.023    0.039   -125455    0 
549100:    1.00    9.545    0.095 0.025    0.042   -125442    0 
549200:    1.00    9.954    0.063 0.025    0.040   -125428    0 
549300:    1.00    9.980    0.083 0.026    0.042   -125496    0 
549400:    1.00    9.914    0.093 0.031    0.044   -125469    0 
549500:    1.00    9.862    0.098 0.028    0.052   -125442    0 
549600:    1.00    9.862    0.076 0.025    0.051   -125463    0 
549700:    1.00    9.731    0.089 0.028    0.043   -125494    0 
549800:    1.00    9.830    0.070 0.022    0.030   -125528    0 
549900:    1.00    9.865    0.081 0.021    0.043   -125451    0 

--------------------------------------------
Proportion of membership of each pre-defined
 population in each of the 2 clusters

Given    Inferred Clusters       Number of
 Pop       1      2             Individuals

  1:     0.495  0.505             358
  2:     0.500  0.500             1039
  3:     0.496  0.504             603
--------------------------------------------

  Rep#:   Lambda   Alpha      F1    F2     D1,2    Ln Like  Est Ln P(D)
550000:    1.00    9.775    0.090 0.024    0.035   -125528    0 
550100:    1.00    9.822    0.073 0.021    0.032   -125508    0 
550200:    1.00    9.493    0.078 0.025    0.044   -125463    0 
550300:    1.00    9.334    0.075 0.019    0.041   -125506    0 
550400:    1.00    9.283    0.085 0.022    0.052   -125388    0 
550500:    1.00    9.035    0.077 0.021    0.053   -125372    0 
550600:    1.00    9.192    0.093 0.020    0.062   -125365    0 
550700:    1.00    9.257    0.102 0.027    0.061   -125365    0 
550800:    1.00    9.089    0.083 0.023    0.053   -125387    0 
550900:    1.00    8.858    0.077 0.024    0.042   -125475    0 

--------------------------------------------
Proportion of membership of each pre-defined
 population in each of the 2 clusters

Given    Inferred Clusters       Number of
 Pop       1      2             Individuals

  1:     0.495  0.505             358
  2:     0.501  0.499             1039
  3:     0.496  0.504             603
--------------------------------------------

  Rep#:   Lambda   Alpha      F1    F2     D1,2    Ln Like  Est Ln P(D)
551000:    1.00    8.958    0.063 0.032    0.047   -125430    0 
551100:    1.00    8.998    0.074 0.036    0.043   -125414    0 
551200:    1.00    9.091    0.078 0.030    0.052   -125355    0 
551300:    1.00    9.140    0.069 0.039    0.048   -125430    0 
551400:    1.00    9.452    0.056 0.042    0.039   -125465    0 
551500:    1.00    9.328    0.052 0.037    0.045   -125485    0 
551600:    1.00    9.186    0.045 0.038    0.043   -125503    0 
551700:    1.00    9.028    0.049 0.036    0.044   -125475    0 
551800:    1.00    8.986    0.069 0.027    0.050   -125419    0 
551900:    1.00    9.152    0.068 0.029    0.042   -125426    0 

--------------------------------------------
Proportion of membership of each pre-defined
 population in each of the 2 clusters

Given    Inferred Clusters       Number of
 Pop       1      2             Individuals

  1:     0.491  0.509             358
  2:     0.504  0.496             1039
  3:     0.502  0.498             603
--------------------------------------------

  Rep#:   Lambda   Alpha      F1    F2     D1,2    Ln Like  Est Ln P(D)
552000:    1.00    8.818    0.075 0.027    0.044   -125425    0 
552100:    1.00    9.127    0.090 0.032    0.057   -125368    0 
552200:    1.00    8.864    0.070 0.042    0.044   -125380    0 
552300:    1.00    8.844    0.076 0.040    0.055   -125329    0 
552400:    1.00    8.907    0.081 0.046    0.057   -125381    0 
552500:    1.00    8.804    0.064 0.047    0.055   -125390    0 
552600:    1.00    8.945    0.073 0.057    0.050   -125426    0 
552700:    1.00    8.956    0.077 0.062    0.056   -125345    0 
552800:    1.00    8.709    0.103 0.039    0.048   -125371    0 
552900:    1.00    8.445    0.108 0.033    0.049   -125361    0 

--------------------------------------------
Proportion of membership of each pre-defined
 population in each of the 2 clusters

Given    Inferred Clusters       Number of
 Pop       1      2             Individuals

  1:     0.492  0.508             358
  2:     0.498  0.502             1039
  3:     0.506  0.494             603
--------------------------------------------

  Rep#:   Lambda   Alpha      F1    F2     D1,2    Ln Like  Est Ln P(D)
553000:    1.00    8.877    0.101 0.045    0.070   -125393    0 
553100:    1.00    9.070    0.090 0.040    0.053   -125369    0 
553200:    1.00    9.220    0.075 0.035    0.047   -125405    0 
553300:    1.00    9.155    0.096 0.035    0.048   -125409    0 
553400:    1.00    9.146    0.077 0.035    0.041   -125471    0 
553500:    1.00    9.328    0.088 0.039    0.050   -125412    0 
553600:    1.00    9.603    0.069 0.034    0.042   -125431    0 
553700:    1.00    9.347    0.073 0.044    0.053   -125395    0 
553800:    1.00    9.571    0.086 0.047    0.061   -125411    0 
553900:    1.00    9.853    0.066 0.044    0.038   -125501    0 

--------------------------------------------
Proportion of membership of each pre-defined
 population in each of the 2 clusters

Given    Inferred Clusters       Number of
 Pop       1      2             Individuals

  1:     0.506  0.494             358
  2:     0.499  0.501             1039
  3:     0.506  0.494             603
--------------------------------------------

  Rep#:   Lambda   Alpha      F1    F2     D1,2    Ln Like  Est Ln P(D)
554000:    1.00    9.969    0.065 0.033    0.040   -125496    0 
554100:    1.00    9.799    0.060 0.025    0.042   -125511    0 
554200:    1.00    9.975    0.056 0.030    0.041   -125507    0 
554300:    1.00    9.711    0.070 0.041    0.044   -125478    0 
554400:    1.00    9.998    0.045 0.047    0.045   -125434    0 
554500:    1.00    9.745    0.051 0.045    0.054   -125450    0 
554600:    1.00    9.776    0.065 0.046    0.047   -125464    0 
554700:    1.00    9.356    0.052 0.053    0.040   -125462    0 
554800:    1.00    9.275    0.089 0.054    0.056   -125330    0 
554900:    1.00    9.530    0.093 0.056    0.058   -125386    0 

--------------------------------------------
Proportion of membership of each pre-defined
 population in each of the 2 clusters

Given    Inferred Clusters       Number of
 Pop       1      2             Individuals

  1:     0.486  0.514             358
  2:     0.500  0.500             1039
  3:     0.502  0.498             603
--------------------------------------------

  Rep#:   Lambda   Alpha      F1    F2     D1,2    Ln Like  Est Ln P(D)
555000:    1.00    9.553    0.062 0.051    0.060   -125336    0 
555100:    1.00    9.689    0.105 0.058    0.059   -125383    0 
555200:    1.00    9.545    0.088 0.048    0.050   -125387    0 
555300:    1.00    9.067    0.059 0.037    0.042   -125415    0 
555400:    1.00    9.115    0.060 0.039    0.042   -125505    0 
555500:    1.00    9.095    0.065 0.029    0.049   -125403    0 
555600:    1.00    9.100    0.075 0.032    0.048   -125455    0 
555700:    1.00    9.089    0.066 0.029    0.037   -125488    0 
555800:    1.00    9.041    0.085 0.027    0.034   -125455    0 
555900:    1.00    9.039    0.070 0.031    0.042   -125467    0 

--------------------------------------------
Proportion of membership of each pre-defined
 population in each of the 2 clusters

Given    Inferred Clusters       Number of
 Pop       1      2             Individuals

  1:     0.499  0.501             358
  2:     0.500  0.500             1039
  3:     0.506  0.494             603
--------------------------------------------

  Rep#:   Lambda   Alpha      F1    F2     D1,2    Ln Like  Est Ln P(D)
556000:    1.00    9.011    0.075 0.034    0.049   -125424    0 
556100:    1.00    8.803    0.065 0.033    0.053   -125439    0 
556200:    1.00    8.696    0.075 0.035    0.057   -125368    0 
556300:    1.00    8.217    0.078 0.033    0.039   -125420    0 
556400:    1.00    8.354    0.093 0.041    0.057   -125343    0 
556500:    1.00    8.771    0.101 0.052    0.057   -125339    0 
556600:    1.00    8.571    0.094 0.038    0.055   -125423    0 
556700:    1.00    8.019    0.073 0.034    0.054   -125399    0 
556800:    1.00    7.698    0.070 0.049    0.052   -125338    0 
556900:    1.00    8.009    0.072 0.033    0.037   -125432    0 

--------------------------------------------
Proportion of membership of each pre-defined
 population in each of the 2 clusters

Given    Inferred Clusters       Number of
 Pop       1      2             Individuals

  1:     0.506  0.494             358
  2:     0.503  0.497             1039
  3:     0.502  0.498             603
--------------------------------------------

  Rep#:   Lambda   Alpha      F1    F2     D1,2    Ln Like  Est Ln P(D)
557000:    1.00    8.120    0.071 0.034    0.040   -125454    0 
557100:    1.00    8.590    0.088 0.031    0.043   -125478    0 
557200:    1.00    8.497    0.091 0.034    0.041   -125424    0 
557300:    1.00    8.223    0.083 0.041    0.044   -125434    0 
557400:    1.00    7.547    0.061 0.037    0.039   -125472    0 
557500:    1.00    7.626    0.077 0.032    0.054   -125357    0 
557600:    1.00    7.632    0.082 0.035    0.051   -125388    0 
557700:    1.00    7.783    0.097 0.029    0.052   -125309    0 
557800:    1.00    7.700    0.071 0.027    0.053   -125416    0 
557900:    1.00    7.789    0.120 0.028    0.054   -125367    0 

--------------------------------------------
Proportion of membership of each pre-defined
 population in each of the 2 clusters

Given    Inferred Clusters       Number of
 Pop       1      2             Individuals

  1:     0.500  0.500             358
  2:     0.502  0.498             1039
  3:     0.503  0.497             603
--------------------------------------------

  Rep#:   Lambda   Alpha      F1    F2     D1,2    Ln Like  Est Ln P(D)
558000:    1.00    7.603    0.082 0.033    0.045   -125384    0 
558100:    1.00    8.043    0.076 0.037    0.045   -125437    0 
558200:    1.00    8.379    0.070 0.036    0.050   -125417    0 
558300:    1.00    8.481    0.098 0.040    0.051   -125388    0 
558400:    1.00    8.229    0.082 0.044    0.051   -125352    0 
558500:    1.00    8.301    0.075 0.053    0.044   -125366    0 
558600:    1.00    8.212    0.079 0.055    0.047   -125377    0 
558700:    1.00    8.314    0.069 0.053    0.038   -125444    0 
558800:    1.00    8.430    0.071 0.043    0.043   -125388    0 
558900:    1.00    8.144    0.056 0.047    0.040   -125424    0 

--------------------------------------------
Proportion of membership of each pre-defined
 population in each of the 2 clusters

Given    Inferred Clusters       Number of
 Pop       1      2             Individuals

  1:     0.505  0.495             358
  2:     0.496  0.504             1039
  3:     0.499  0.501             603
--------------------------------------------

  Rep#:   Lambda   Alpha      F1    F2     D1,2    Ln Like  Est Ln P(D)
559000:    1.00    7.782    0.070 0.045    0.050   -125341    0 
559100:    1.00    7.661    0.078 0.048    0.049   -125305    0 
559200:    1.00    7.892    0.084 0.058    0.048   -125375    0 
559300:    1.00    8.107    0.066 0.032    0.043   -125422    0 
559400:    1.00    7.958    0.111 0.035    0.045   -125416    0 
559500:    1.00    7.806    0.087 0.034    0.045   -125374    0 
559600:    1.00    8.047    0.085 0.040    0.047   -125357    0 
559700:    1.00    8.322    0.077 0.033    0.052   -125366    0 
559800:    1.00    8.351    0.077 0.043    0.046   -125325    0 
559900:    1.00    8.400    0.055 0.044    0.042   -125353    0 

--------------------------------------------
Proportion of membership of each pre-defined
 population in each of the 2 clusters

Given    Inferred Clusters       Number of
 Pop       1      2             Individuals

  1:     0.502  0.498             358
  2:     0.499  0.501             1039
  3:     0.504  0.496             603
--------------------------------------------

  Rep#:   Lambda   Alpha      F1    F2     D1,2    Ln Like  Est Ln P(D)
560000:    1.00    8.226    0.064 0.057    0.047   -125318    0 
560100:    1.00    8.092    0.093 0.063    0.060   -125351    0 
560200:    1.00    8.347    0.078 0.045    0.058   -125328    0 
560300:    1.00    8.363    0.102 0.044    0.052   -125346    0 
560400:    1.00    8.291    0.076 0.041    0.049   -125365    0 
560500:    1.00    8.322    0.089 0.034    0.063   -125330    0 
560600:    1.00    8.357    0.094 0.047    0.049   -125358    0 
560700:    1.00    8.183    0.073 0.056    0.047   -125387    0 
560800:    1.00    8.103    0.069 0.043    0.037   -125390    0 
560900:    1.00    8.292    0.064 0.049    0.046   -125400    0 

--------------------------------------------
Proportion of membership of each pre-defined
 population in each of the 2 clusters

Given    Inferred Clusters       Number of
 Pop       1      2             Individuals

  1:     0.508  0.492             358
  2:     0.504  0.496             1039
  3:     0.494  0.506             603
--------------------------------------------

  Rep#:   Lambda   Alpha      F1    F2     D1,2    Ln Like  Est Ln P(D)
561000:    1.00    8.098    0.106 0.038    0.054   -125353    0 
561100:    1.00    7.997    0.109 0.030    0.047   -125354    0 
561200:    1.00    7.761    0.085 0.043    0.049   -125438    0 
561300:    1.00    7.838    0.082 0.043    0.040   -125314    0 
561400:    1.00    8.009    0.093 0.044    0.047   -125380    0 
561500:    1.00    8.073    0.071 0.030    0.044   -125377    0 
561600:    1.00    8.118    0.065 0.046    0.043   -125352    0 
561700:    1.00    7.934    0.060 0.048    0.043   -125392    0 
561800:    1.00    8.001    0.066 0.049    0.047   -125360    0 
561900:    1.00    7.849    0.072 0.056    0.046   -125331    0 

--------------------------------------------
Proportion of membership of each pre-defined
 population in each of the 2 clusters

Given    Inferred Clusters       Number of
 Pop       1      2             Individuals

  1:     0.506  0.494             358
  2:     0.498  0.502             1039
  3:     0.497  0.503             603
--------------------------------------------

  Rep#:   Lambda   Alpha      F1    F2     D1,2    Ln Like  Est Ln P(D)
562000:    1.00    7.923    0.055 0.055    0.046   -125341    0 
562100:    1.00    7.828    0.057 0.065    0.046   -125372    0 
562200:    1.00    7.363    0.038 0.065    0.048   -125385    0 
562300:    1.00    6.710    0.044 0.049    0.050   -125251    0 
562400:    1.00    7.440    0.056 0.050    0.037   -125398    0 
562500:    1.00    7.159    0.047 0.056    0.038   -125364    0 
562600:    1.00    7.005    0.049 0.049    0.039   -125380    0 
562700:    1.00    6.982    0.049 0.054    0.037   -125361    0 
562800:    1.00    7.412    0.057 0.061    0.039   -125388    0 
562900:    1.00    6.943    0.046 0.043    0.039   -125426    0 

--------------------------------------------
Proportion of membership of each pre-defined
 population in each of the 2 clusters

Given    Inferred Clusters       Number of
 Pop       1      2             Individuals

  1:     0.486  0.514             358
  2:     0.498  0.502             1039
  3:     0.499  0.501             603
--------------------------------------------

  Rep#:   Lambda   Alpha      F1    F2     D1,2    Ln Like  Est Ln P(D)
563000:    1.00    6.914    0.042 0.041    0.034   -125446    0 
563100:    1.00    7.434    0.045 0.023    0.035   -125444    0 
563200:    1.00    7.254    0.058 0.031    0.040   -125450    0 
563300:    1.00    7.142    0.058 0.027    0.041   -125425    0 
563400:    1.00    7.604    0.069 0.032    0.034   -125414    0 
563500:    1.00    7.805    0.076 0.029    0.038   -125382    0 
563600:    1.00    8.264    0.062 0.028    0.042   -125447    0 
563700:    1.00    8.220    0.060 0.042    0.038   -125449    0 
563800:    1.00    8.507    0.080 0.035    0.043   -125378    0 
563900:    1.00    8.715    0.039 0.030    0.040   -125441    0 

--------------------------------------------
Proportion of membership of each pre-defined
 population in each of the 2 clusters

Given    Inferred Clusters       Number of
 Pop       1      2             Individuals

  1:     0.499  0.501             358
  2:     0.504  0.496             1039
  3:     0.501  0.499             603
--------------------------------------------

  Rep#:   Lambda   Alpha      F1    F2     D1,2    Ln Like  Est Ln P(D)
564000:    1.00    8.345    0.076 0.025    0.043   -125423    0 
564100:    1.00    8.275    0.074 0.021    0.040   -125392    0 
564200:    1.00    7.873    0.071 0.025    0.033   -125467    0 
564300:    1.00    7.952    0.068 0.027    0.037   -125470    0 
564400:    1.00    7.942    0.053 0.027    0.034   -125460    0 
564500:    1.00    7.757    0.065 0.028    0.040   -125442    0 
564600:    1.00    8.088    0.060 0.028    0.035   -125395    0 
564700:    1.00    7.788    0.068 0.036    0.050   -125404    0 
564800:    1.00    7.476    0.078 0.042    0.045   -125315    0 
564900:    1.00    7.842    0.079 0.053    0.054   -125337    0 

--------------------------------------------
Proportion of membership of each pre-defined
 population in each of the 2 clusters

Given    Inferred Clusters       Number of
 Pop       1      2             Individuals

  1:     0.492  0.508             358
  2:     0.495  0.505             1039
  3:     0.495  0.505             603
--------------------------------------------

  Rep#:   Lambda   Alpha      F1    F2     D1,2    Ln Like  Est Ln P(D)
565000:    1.00    8.168    0.066 0.045    0.041   -125374    0 
565100:    1.00    7.831    0.059 0.036    0.045   -125409    0 
565200:    1.00    7.663    0.066 0.040    0.043   -125408    0 
565300:    1.00    7.765    0.075 0.049    0.053   -125340    0 
565400:    1.00    7.905    0.067 0.050    0.050   -125404    0 
565500:    1.00    7.887    0.055 0.056    0.051   -125301    0 
565600:    1.00    8.174    0.069 0.048    0.049   -125425    0 
565700:    1.00    7.946    0.068 0.056    0.046   -125357    0 
565800:    1.00    7.736    0.103 0.056    0.056   -125360    0 
565900:    1.00    7.706    0.085 0.048    0.054   -125315    0 

--------------------------------------------
Proportion of membership of each pre-defined
 population in each of the 2 clusters

Given    Inferred Clusters       Number of
 Pop       1      2             Individuals

  1:     0.501  0.499             358
  2:     0.499  0.501             1039
  3:     0.504  0.496             603
--------------------------------------------

  Rep#:   Lambda   Alpha      F1    F2     D1,2    Ln Like  Est Ln P(D)
566000:    1.00    7.670    0.054 0.059    0.051   -125399    0 
566100:    1.00    7.476    0.054 0.075    0.042   -125377    0 
566200:    1.00    7.101    0.065 0.041    0.041   -125378    0 
566300:    1.00    6.714    0.067 0.046    0.049   -125337    0 
566400:    1.00    6.400    0.068 0.035    0.035   -125402    0 
566500:    1.00    6.239    0.059 0.035    0.045   -125379    0 
566600:    1.00    6.124    0.051 0.035    0.032   -125395    0 
566700:    1.00    5.721    0.054 0.030    0.044   -125374    0 
566800:    1.00    5.794    0.057 0.033    0.038   -125340    0 
566900:    1.00    5.956    0.054 0.033    0.033   -125403    0 

--------------------------------------------
Proportion of membership of each pre-defined
 population in each of the 2 clusters

Given    Inferred Clusters       Number of
 Pop       1      2             Individuals

  1:     0.512  0.488             358
  2:     0.497  0.503             1039
  3:     0.511  0.489             603
--------------------------------------------

  Rep#:   Lambda   Alpha      F1    F2     D1,2    Ln Like  Est Ln P(D)
567000:    1.00    5.629    0.086 0.030    0.043   -125316    0 
567100:    1.00    5.891    0.071 0.054    0.037   -125390    0 
567200:    1.00    6.344    0.060 0.043    0.046   -125377    0 
567300:    1.00    6.858    0.063 0.046    0.034   -125422    0 
567400:    1.00    6.533    0.067 0.039    0.039   -125347    0 
567500:    1.00    6.607    0.070 0.027    0.033   -125442    0 
567600:    1.00    6.783    0.086 0.030    0.048   -125313    0 
567700:    1.00    7.003    0.083 0.031    0.036   -125425    0 
567800:    1.00    6.991    0.054 0.051    0.035   -125383    0 
567900:    1.00    6.442    0.057 0.038    0.036   -125368    0 

--------------------------------------------
Proportion of membership of each pre-defined
 population in each of the 2 clusters

Given    Inferred Clusters       Number of
 Pop       1      2             Individuals

  1:     0.505  0.495             358
  2:     0.503  0.497             1039
  3:     0.497  0.503             603
--------------------------------------------

  Rep#:   Lambda   Alpha      F1    F2     D1,2    Ln Like  Est Ln P(D)
568000:    1.00    6.414    0.061 0.032    0.037   -125399    0 
568100:    1.00    6.871    0.053 0.053    0.034   -125410    0 
568200:    1.00    6.741    0.071 0.045    0.050   -125334    0 
568300:    1.00    6.655    0.061 0.043    0.044   -125349    0 
568400:    1.00    7.003    0.080 0.040    0.046   -125378    0 
568500:    1.00    7.446    0.075 0.043    0.057   -125332    0 
568600:    1.00    7.517    0.092 0.044    0.042   -125353    0 
568700:    1.00    7.369    0.072 0.034    0.036   -125406    0 
568800:    1.00    7.287    0.056 0.047    0.047   -125409    0 
568900:    1.00    7.419    0.058 0.061    0.053   -125418    0 

--------------------------------------------
Proportion of membership of each pre-defined
 population in each of the 2 clusters

Given    Inferred Clusters       Number of
 Pop       1      2             Individuals

  1:     0.510  0.490             358
  2:     0.506  0.494             1039
  3:     0.506  0.494             603
--------------------------------------------

  Rep#:   Lambda   Alpha      F1    F2     D1,2    Ln Like  Est Ln P(D)
569000:    1.00    7.740    0.047 0.046    0.042   -125427    0 
569100:    1.00    7.673    0.047 0.052    0.044   -125409    0 
569200:    1.00    7.735    0.057 0.052    0.047   -125301    0 
569300:    1.00    8.001    0.058 0.060    0.041   -125364    0 
569400:    1.00    7.462    0.055 0.057    0.047   -125358    0 
569500:    1.00    7.437    0.084 0.042    0.044   -125419    0 
569600:    1.00    7.685    0.075 0.043    0.040   -125397    0 
569700:    1.00    7.520    0.049 0.032    0.038   -125412    0 
569800:    1.00    7.938    0.058 0.039    0.038   -125408    0 
569900:    1.00    8.261    0.084 0.031    0.038   -125370    0 

--------------------------------------------
Proportion of membership of each pre-defined
 population in each of the 2 clusters

Given    Inferred Clusters       Number of
 Pop       1      2             Individuals

  1:     0.504  0.496             358
  2:     0.499  0.501             1039
  3:     0.496  0.504             603
--------------------------------------------

  Rep#:   Lambda   Alpha      F1    F2     D1,2    Ln Like  Est Ln P(D)
570000:    1.00    8.219    0.078 0.029    0.039   -125401    0 
570100:    1.00    7.912    0.082 0.035    0.048   -125413    0 
570200:    1.00    7.760    0.066 0.028    0.039   -125392    0 
570300:    1.00    7.670    0.071 0.045    0.048   -125343    0 
570400:    1.00    7.782    0.054 0.049    0.042   -125399    0 
570500:    1.00    7.104    0.054 0.040    0.040   -125440    0 
570600:    1.00    7.246    0.046 0.040    0.036   -125391    0 
570700:    1.00    7.040    0.050 0.043    0.037   -125438    0 
570800:    1.00    6.928    0.042 0.065    0.049   -125364    0 
570900:    1.00    6.975    0.042 0.083    0.052   -125317    0 

--------------------------------------------
Proportion of membership of each pre-defined
 population in each of the 2 clusters

Given    Inferred Clusters       Number of
 Pop       1      2             Individuals

  1:     0.512  0.488             358
  2:     0.510  0.490             1039
  3:     0.502  0.498             603
--------------------------------------------

  Rep#:   Lambda   Alpha      F1    F2     D1,2    Ln Like  Est Ln P(D)
571000:    1.00    7.282    0.052 0.071    0.043   -125365    0 
571100:    1.00    7.502    0.046 0.058    0.041   -125394    0 
571200:    1.00    7.257    0.036 0.074    0.037   -125364    0 
571300:    1.00    6.791    0.039 0.067    0.044   -125371    0 
571400:    1.00    6.682    0.040 0.049    0.050   -125301    0 
571500:    1.00    6.222    0.040 0.045    0.035   -125415    0 
571600:    1.00    6.079    0.034 0.055    0.035   -125385    0 
571700:    1.00    6.209    0.028 0.064    0.049   -125361    0 
571800:    1.00    6.125    0.034 0.060    0.049   -125281    0 
571900:    1.00    5.947    0.049 0.063    0.044   -125315    0 

--------------------------------------------
Proportion of membership of each pre-defined
 population in each of the 2 clusters

Given    Inferred Clusters       Number of
 Pop       1      2             Individuals

  1:     0.481  0.519             358
  2:     0.497  0.503             1039
  3:     0.484  0.516             603
--------------------------------------------

  Rep#:   Lambda   Alpha      F1    F2     D1,2    Ln Like  Est Ln P(D)
572000:    1.00    5.968    0.037 0.059    0.043   -125349    0 
572100:    1.00    5.613    0.050 0.045    0.037   -125367    0 
572200:    1.00    5.466    0.061 0.027    0.037   -125332    0 
572300:    1.00    5.631    0.063 0.023    0.035   -125365    0 
572400:    1.00    5.400    0.057 0.023    0.036   -125302    0 
572500:    1.00    5.362    0.056 0.028    0.033   -125288    0 
572600:    1.00    5.477    0.086 0.026    0.042   -125290    0 
572700:    1.00    5.738    0.069 0.022    0.038   -125365    0 
572800:    1.00    5.446    0.069 0.017    0.030   -125424    0 
572900:    1.00    5.425    0.058 0.020    0.042   -125299    0 

--------------------------------------------
Proportion of membership of each pre-defined
 population in each of the 2 clusters

Given    Inferred Clusters       Number of
 Pop       1      2             Individuals

  1:     0.501  0.499             358
  2:     0.497  0.503             1039
  3:     0.507  0.493             603
--------------------------------------------

  Rep#:   Lambda   Alpha      F1    F2     D1,2    Ln Like  Est Ln P(D)
573000:    1.00    5.353    0.057 0.028    0.036   -125364    0 
573100:    1.00    5.542    0.063 0.023    0.034   -125367    0 
573200:    1.00    5.473    0.068 0.026    0.043   -125305    0 
573300:    1.00    5.505    0.060 0.028    0.038   -125350    0 
573400:    1.00    5.471    0.048 0.032    0.036   -125387    0 
573500:    1.00    5.373    0.049 0.032    0.038   -125323    0 
573600:    1.00    5.092    0.050 0.026    0.034   -125313    0 
573700:    1.00    5.129    0.048 0.028    0.032   -125327    0 
573800:    1.00    5.178    0.058 0.021    0.032   -125292    0 
573900:    1.00    4.714    0.060 0.031    0.026   -125350    0 

--------------------------------------------
Proportion of membership of each pre-defined
 population in each of the 2 clusters

Given    Inferred Clusters       Number of
 Pop       1      2             Individuals

  1:     0.483  0.517             358
  2:     0.500  0.500             1039
  3:     0.500  0.500             603
--------------------------------------------

  Rep#:   Lambda   Alpha      F1    F2     D1,2    Ln Like  Est Ln P(D)
574000:    1.00    4.387    0.053 0.026    0.031   -125299    0 
574100:    1.00    4.045    0.054 0.031    0.033   -125242    0 
574200:    1.00    4.018    0.036 0.028    0.029   -125298    0 
574300:    1.00    4.003    0.049 0.027    0.024   -125340    0 
574400:    1.00    3.848    0.049 0.029    0.027   -125297    0 
574500:    1.00    4.127    0.046 0.029    0.030   -125368    0 
574600:    1.00    4.332    0.063 0.031    0.032   -125301    0 
574700:    1.00    4.349    0.046 0.036    0.033   -125291    0 
574800:    1.00    3.963    0.055 0.037    0.035   -125311    0 
574900:    1.00    4.273    0.056 0.045    0.040   -125238    0 

--------------------------------------------
Proportion of membership of each pre-defined
 population in each of the 2 clusters

Given    Inferred Clusters       Number of
 Pop       1      2             Individuals

  1:     0.498  0.502             358
  2:     0.507  0.493             1039
  3:     0.494  0.506             603
--------------------------------------------

  Rep#:   Lambda   Alpha      F1    F2     D1,2    Ln Like  Est Ln P(D)
575000:    1.00    4.731    0.074 0.040    0.034   -125287    0 
575100:    1.00    4.687    0.057 0.046    0.037   -125271    0 
575200:    1.00    4.595    0.055 0.030    0.034   -125292    0 
575300:    1.00    4.627    0.047 0.045    0.031   -125379    0 
575400:    1.00    4.801    0.050 0.046    0.031   -125296    0 
575500:    1.00    4.976    0.053 0.042    0.033   -125292    0 
575600:    1.00    5.363    0.052 0.042    0.034   -125352    0 
575700:    1.00    5.573    0.069 0.046    0.043   -125302    0 
575800:    1.00    5.627    0.069 0.048    0.046   -125304    0 
575900:    1.00    5.889    0.063 0.041    0.045   -125313    0 

--------------------------------------------
Proportion of membership of each pre-defined
 population in each of the 2 clusters

Given    Inferred Clusters       Number of
 Pop       1      2             Individuals

  1:     0.499  0.501             358
  2:     0.496  0.504             1039
  3:     0.495  0.505             603
--------------------------------------------

  Rep#:   Lambda   Alpha      F1    F2     D1,2    Ln Like  Est Ln P(D)
576000:    1.00    5.954    0.056 0.042    0.047   -125368    0 
576100:    1.00    6.038    0.057 0.058    0.042   -125346    0 
576200:    1.00    6.344    0.063 0.047    0.040   -125366    0 
576300:    1.00    6.152    0.064 0.035    0.040   -125403    0 
576400:    1.00    6.777    0.059 0.052    0.051   -125387    0 
576500:    1.00    6.748    0.046 0.058    0.049   -125334    0 
576600:    1.00    6.476    0.048 0.058    0.043   -125309    0 
576700:    1.00    6.615    0.066 0.039    0.041   -125286    0 
576800:    1.00    6.768    0.064 0.043    0.041   -125388    0 
576900:    1.00    6.581    0.069 0.055    0.055   -125302    0 

--------------------------------------------
Proportion of membership of each pre-defined
 population in each of the 2 clusters

Given    Inferred Clusters       Number of
 Pop       1      2             Individuals

  1:     0.498  0.502             358
  2:     0.498  0.502             1039
  3:     0.504  0.496             603
--------------------------------------------

  Rep#:   Lambda   Alpha      F1    F2     D1,2    Ln Like  Est Ln P(D)
577000:    1.00    6.364    0.054 0.042    0.037   -125401    0 
577100:    1.00    6.565    0.064 0.042    0.042   -125376    0 
577200:    1.00    6.619    0.060 0.052    0.046   -125296    0 
577300:    1.00    7.077    0.055 0.048    0.051   -125267    0 
577400:    1.00    7.058    0.057 0.048    0.047   -125343    0 
577500:    1.00    7.001    0.051 0.056    0.044   -125367    0 
577600:    1.00    7.362    0.067 0.047    0.047   -125345    0 
577700:    1.00    7.629    0.061 0.036    0.042   -125341    0 
577800:    1.00    7.790    0.060 0.038    0.038   -125427    0 
577900:    1.00    7.730    0.079 0.037    0.043   -125426    0 

--------------------------------------------
Proportion of membership of each pre-defined
 population in each of the 2 clusters

Given    Inferred Clusters       Number of
 Pop       1      2             Individuals

  1:     0.499  0.501             358
  2:     0.505  0.495             1039
  3:     0.512  0.488             603
--------------------------------------------

  Rep#:   Lambda   Alpha      F1    F2     D1,2    Ln Like  Est Ln P(D)
578000:    1.00    7.593    0.095 0.028    0.039   -125421    0 
578100:    1.00    8.065    0.066 0.028    0.051   -125393    0 
578200:    1.00    8.454    0.087 0.026    0.037   -125414    0 
578300:    1.00    8.499    0.105 0.030    0.047   -125390    0 
578400:    1.00    8.874    0.085 0.043    0.049   -125400    0 
578500:    1.00    8.891    0.077 0.048    0.049   -125408    0 
578600:    1.00    8.168    0.085 0.065    0.049   -125396    0 
578700:    1.00    8.241    0.062 0.070    0.056   -125383    0 
578800:    1.00    8.414    0.065 0.060    0.053   -125412    0 
578900:    1.00    8.050    0.056 0.056    0.048   -125415    0 

--------------------------------------------
Proportion of membership of each pre-defined
 population in each of the 2 clusters

Given    Inferred Clusters       Number of
 Pop       1      2             Individuals

  1:     0.494  0.506             358
  2:     0.504  0.496             1039
  3:     0.497  0.503             603
--------------------------------------------

  Rep#:   Lambda   Alpha      F1    F2     D1,2    Ln Like  Est Ln P(D)
579000:    1.00    8.241    0.052 0.064    0.050   -125387    0 
579100:    1.00    8.255    0.042 0.067    0.048   -125390    0 
579200:    1.00    8.360    0.066 0.072    0.050   -125386    0 
579300:    1.00    7.940    0.051 0.058    0.045   -125400    0 
579400:    1.00    7.809    0.060 0.065    0.056   -125365    0 
579500:    1.00    8.413    0.073 0.059    0.064   -125355    0 
579600:    1.00    8.739    0.071 0.068    0.062   -125363    0 
579700:    1.00    8.808    0.070 0.070    0.060   -125376    0 
579800:    1.00    8.683    0.061 0.074    0.056   -125386    0 
579900:    1.00    8.788    0.059 0.069    0.042   -125458    0 

--------------------------------------------
Proportion of membership of each pre-defined
 population in each of the 2 clusters

Given    Inferred Clusters       Number of
 Pop       1      2             Individuals

  1:     0.508  0.492             358
  2:     0.502  0.498             1039
  3:     0.503  0.497             603
--------------------------------------------

  Rep#:   Lambda   Alpha      F1    F2     D1,2    Ln Like  Est Ln P(D)
580000:    1.00    8.756    0.057 0.059    0.050   -125398    0 
580100:    1.00    8.654    0.048 0.054    0.037   -125444    0 
580200:    1.00    8.517    0.059 0.050    0.051   -125404    0 
580300:    1.00    8.696    0.084 0.055    0.052   -125335    0 
580400:    1.00    8.569    0.072 0.073    0.059   -125357    0 
580500:    1.00    8.263    0.062 0.043    0.043   -125378    0 
580600:    1.00    8.005    0.061 0.054    0.040   -125445    0 
580700:    1.00    8.181    0.057 0.073    0.045   -125392    0 
580800:    1.00    7.879    0.074 0.061    0.055   -125412    0 
580900:    1.00    7.599    0.063 0.059    0.047   -125374    0 

--------------------------------------------
Proportion of membership of each pre-defined
 population in each of the 2 clusters

Given    Inferred Clusters       Number of
 Pop       1      2             Individuals

  1:     0.504  0.496             358
  2:     0.500  0.500             1039
  3:     0.506  0.494             603
--------------------------------------------

  Rep#:   Lambda   Alpha      F1    F2     D1,2    Ln Like  Est Ln P(D)
581000:    1.00    7.276    0.060 0.044    0.046   -125337    0 
581100:    1.00    7.342    0.061 0.047    0.042   -125342    0 
581200:    1.00    7.666    0.058 0.037    0.038   -125364    0 
581300:    1.00    7.186    0.095 0.041    0.045   -125336    0 
581400:    1.00    7.201    0.073 0.036    0.048   -125354    0 
581500:    1.00    6.676    0.068 0.036    0.029   -125389    0 
581600:    1.00    6.465    0.068 0.037    0.033   -125403    0 
581700:    1.00    6.675    0.078 0.035    0.034   -125351    0 
581800:    1.00    6.683    0.065 0.034    0.042   -125329    0 
581900:    1.00    6.892    0.090 0.042    0.038   -125381    0 

--------------------------------------------
Proportion of membership of each pre-defined
 population in each of the 2 clusters

Given    Inferred Clusters       Number of
 Pop       1      2             Individuals

  1:     0.508  0.492             358
  2:     0.507  0.493             1039
  3:     0.499  0.501             603
--------------------------------------------

  Rep#:   Lambda   Alpha      F1    F2     D1,2    Ln Like  Est Ln P(D)
582000:    1.00    7.094    0.076 0.026    0.042   -125339    0 
582100:    1.00    6.990    0.078 0.029    0.040   -125342    0 
582200:    1.00    6.757    0.080 0.023    0.037   -125386    0 
582300:    1.00    6.959    0.080 0.026    0.037   -125387    0 
582400:    1.00    7.276    0.070 0.037    0.032   -125435    0 
582500:    1.00    7.284    0.051 0.047    0.036   -125438    0 
582600:    1.00    7.393    0.046 0.041    0.042   -125392    0 
582700:    1.00    7.265    0.056 0.058    0.046   -125386    0 
582800:    1.00    7.047    0.053 0.076    0.037   -125338    0 
582900:    1.00    7.155    0.069 0.046    0.043   -125326    0 

--------------------------------------------
Proportion of membership of each pre-defined
 population in each of the 2 clusters

Given    Inferred Clusters       Number of
 Pop       1      2             Individuals

  1:     0.495  0.505             358
  2:     0.504  0.496             1039
  3:     0.498  0.502             603
--------------------------------------------

  Rep#:   Lambda   Alpha      F1    F2     D1,2    Ln Like  Est Ln P(D)
583000:    1.00    7.040    0.042 0.046    0.045   -125392    0 
583100:    1.00    6.993    0.044 0.060    0.040   -125376    0 
583200:    1.00    7.090    0.045 0.049    0.047   -125396    0 
583300:    1.00    7.622    0.062 0.038    0.046   -125447    0 
583400:    1.00    7.204    0.060 0.045    0.044   -125313    0 
583500:    1.00    7.317    0.066 0.043    0.050   -125370    0 
583600:    1.00    7.507    0.079 0.044    0.041   -125395    0 
583700:    1.00    7.821    0.067 0.038    0.045   -125389    0 
583800:    1.00    7.737    0.069 0.047    0.046   -125399    0 
583900:    1.00    7.772    0.063 0.041    0.050   -125343    0 

--------------------------------------------
Proportion of membership of each pre-defined
 population in each of the 2 clusters

Given    Inferred Clusters       Number of
 Pop       1      2             Individuals

  1:     0.499  0.501             358
  2:     0.502  0.498             1039
  3:     0.509  0.491             603
--------------------------------------------

  Rep#:   Lambda   Alpha      F1    F2     D1,2    Ln Like  Est Ln P(D)
584000:    1.00    7.579    0.080 0.035    0.044   -125354    0 
584100:    1.00    7.760    0.070 0.052    0.049   -125351    0 
584200:    1.00    7.759    0.067 0.052    0.057   -125371    0 
584300:    1.00    7.865    0.054 0.065    0.054   -125337    0 
584400:    1.00    8.116    0.071 0.048    0.052   -125330    0 
584500:    1.00    7.991    0.066 0.038    0.038   -125394    0 
584600:    1.00    8.217    0.066 0.044    0.043   -125401    0 
584700:    1.00    8.183    0.058 0.043    0.031   -125475    0 
584800:    1.00    8.383    0.057 0.043    0.038   -125436    0 
584900:    1.00    8.235    0.046 0.040    0.031   -125491    0 

--------------------------------------------
Proportion of membership of each pre-defined
 population in each of the 2 clusters

Given    Inferred Clusters       Number of
 Pop       1      2             Individuals

  1:     0.491  0.509             358
  2:     0.505  0.495             1039
  3:     0.498  0.502             603
--------------------------------------------

  Rep#:   Lambda   Alpha      F1    F2     D1,2    Ln Like  Est Ln P(D)
585000:    1.00    8.454    0.044 0.033    0.046   -125415    0 
585100:    1.00    8.611    0.079 0.044    0.046   -125372    0 
585200:    1.00    8.949    0.071 0.034    0.039   -125419    0 
585300:    1.00    9.060    0.058 0.030    0.042   -125465    0 
585400:    1.00    8.667    0.078 0.027    0.039   -125441    0 
585500:    1.00    8.810    0.081 0.035    0.049   -125384    0 
585600:    1.00    8.660    0.087 0.029    0.049   -125359    0 
585700:    1.00    8.675    0.091 0.031    0.044   -125390    0 
585800:    1.00    8.621    0.069 0.029    0.042   -125428    0 
585900:    1.00    8.924    0.066 0.031    0.039   -125473    0 

--------------------------------------------
Proportion of membership of each pre-defined
 population in each of the 2 clusters

Given    Inferred Clusters       Number of
 Pop       1      2             Individuals

  1:     0.496  0.504             358
  2:     0.509  0.491             1039
  3:     0.494  0.506             603
--------------------------------------------

  Rep#:   Lambda   Alpha      F1    F2     D1,2    Ln Like  Est Ln P(D)
586000:    1.00    8.612    0.056 0.026    0.036   -125492    0 
586100:    1.00    8.977    0.082 0.028    0.038   -125446    0 
586200:    1.00    9.106    0.076 0.026    0.041   -125428    0 
586300:    1.00    9.197    0.078 0.024    0.054   -125393    0 
586400:    1.00    9.055    0.081 0.022    0.048   -125407    0 
586500:    1.00    9.012    0.094 0.029    0.044   -125428    0 
586600:    1.00    8.603    0.067 0.027    0.041   -125423    0 
586700:    1.00    8.342    0.044 0.024    0.038   -125488    0 
586800:    1.00    8.625    0.049 0.023    0.034   -125526    0 
586900:    1.00    8.605    0.055 0.028    0.036   -125548    0 

--------------------------------------------
Proportion of membership of each pre-defined
 population in each of the 2 clusters

Given    Inferred Clusters       Number of
 Pop       1      2             Individuals

  1:     0.491  0.509             358
  2:     0.496  0.504             1039
  3:     0.500  0.500             603
--------------------------------------------

  Rep#:   Lambda   Alpha      F1    F2     D1,2    Ln Like  Est Ln P(D)
587000:    1.00    8.694    0.049 0.025    0.034   -125491    0 
587100:    1.00    9.043    0.047 0.025    0.038   -125490    0 
587200:    1.00    8.805    0.058 0.023    0.035   -125413    0 
587300:    1.00    8.621    0.061 0.032    0.034   -125434    0 
587400:    1.00    8.738    0.062 0.031    0.037   -125494    0 
587500:    1.00    8.800    0.072 0.041    0.051   -125417    0 
587600:    1.00    9.256    0.058 0.059    0.056   -125444    0 
587700:    1.00    8.801    0.052 0.066    0.064   -125317    0 
587800:    1.00    8.909    0.066 0.049    0.056   -125391    0 
587900:    1.00    8.964    0.077 0.044    0.045   -125425    0 

--------------------------------------------
Proportion of membership of each pre-defined
 population in each of the 2 clusters

Given    Inferred Clusters       Number of
 Pop       1      2             Individuals

  1:     0.497  0.503             358
  2:     0.504  0.496             1039
  3:     0.501  0.499             603
--------------------------------------------

  Rep#:   Lambda   Alpha      F1    F2     D1,2    Ln Like  Est Ln P(D)
588000:    1.00    8.696    0.067 0.053    0.050   -125412    0 
588100:    1.00    8.766    0.059 0.061    0.050   -125363    0 
588200:    1.00    8.754    0.059 0.051    0.049   -125416    0 
588300:    1.00    8.800    0.048 0.054    0.040   -125469    0 
588400:    1.00    8.797    0.063 0.050    0.059   -125361    0 
588500:    1.00    8.865    0.064 0.045    0.056   -125363    0 
588600:    1.00    8.727    0.067 0.053    0.045   -125419    0 
588700:    1.00    8.886    0.064 0.046    0.051   -125408    0 
588800:    1.00    8.895    0.086 0.037    0.049   -125430    0 
588900:    1.00    8.251    0.069 0.045    0.047   -125450    0 

--------------------------------------------
Proportion of membership of each pre-defined
 population in each of the 2 clusters

Given    Inferred Clusters       Number of
 Pop       1      2             Individuals

  1:     0.495  0.505             358
  2:     0.498  0.502             1039
  3:     0.504  0.496             603
--------------------------------------------

  Rep#:   Lambda   Alpha      F1    F2     D1,2    Ln Like  Est Ln P(D)
589000:    1.00    8.224    0.069 0.044    0.048   -125339    0 
589100:    1.00    8.608    0.063 0.042    0.055   -125342    0 
589200:    1.00    8.899    0.070 0.042    0.047   -125399    0 
589300:    1.00    9.001    0.095 0.038    0.059   -125416    0 
589400:    1.00    9.203    0.080 0.041    0.055   -125419    0 
589500:    1.00    8.864    0.089 0.041    0.052   -125415    0 
589600:    1.00    8.551    0.070 0.053    0.057   -125359    0 
589700:    1.00    8.671    0.069 0.054    0.050   -125331    0 
589800:    1.00    9.012    0.062 0.053    0.045   -125371    0 
589900:    1.00    9.262    0.077 0.059    0.048   -125411    0 

--------------------------------------------
Proportion of membership of each pre-defined
 population in each of the 2 clusters

Given    Inferred Clusters       Number of
 Pop       1      2             Individuals

  1:     0.495  0.505             358
  2:     0.501  0.499             1039
  3:     0.498  0.502             603
--------------------------------------------

  Rep#:   Lambda   Alpha      F1    F2     D1,2    Ln Like  Est Ln P(D)
590000:    1.00    9.213    0.074 0.066    0.063   -125369    0 
590100:    1.00    8.943    0.073 0.057    0.058   -125368    0 
590200:    1.00    8.824    0.071 0.059    0.053   -125424    0 
590300:    1.00    9.182    0.067 0.051    0.054   -125404    0 
590400:    1.00    9.165    0.064 0.045    0.053   -125373    0 
590500:    1.00    9.096    0.085 0.046    0.046   -125402    0 
590600:    1.00    8.933    0.061 0.051    0.050   -125423    0 
590700:    1.00    8.700    0.057 0.082    0.065   -125367    0 
590800:    1.00    8.613    0.064 0.074    0.061   -125361    0 
590900:    1.00    8.626    0.065 0.060    0.053   -125379    0 

--------------------------------------------
Proportion of membership of each pre-defined
 population in each of the 2 clusters

Given    Inferred Clusters       Number of
 Pop       1      2             Individuals

  1:     0.497  0.503             358
  2:     0.496  0.504             1039
  3:     0.499  0.501             603
--------------------------------------------

  Rep#:   Lambda   Alpha      F1    F2     D1,2    Ln Like  Est Ln P(D)
591000:    1.00    8.436    0.056 0.087    0.061   -125330    0 
591100:    1.00    8.680    0.054 0.069    0.059   -125349    0 
591200:    1.00    8.431    0.067 0.055    0.045   -125398    0 
591300:    1.00    8.180    0.071 0.059    0.045   -125435    0 
591400:    1.00    7.787    0.057 0.058    0.054   -125397    0 
591500:    1.00    7.789    0.072 0.058    0.058   -125354    0 
591600:    1.00    8.188    0.070 0.056    0.055   -125356    0 
591700:    1.00    8.377    0.083 0.057    0.059   -125340    0 
591800:    1.00    8.451    0.087 0.056    0.049   -125366    0 
591900:    1.00    8.481    0.076 0.050    0.048   -125375    0 

--------------------------------------------
Proportion of membership of each pre-defined
 population in each of the 2 clusters

Given    Inferred Clusters       Number of
 Pop       1      2             Individuals

  1:     0.508  0.492             358
  2:     0.497  0.503             1039
  3:     0.506  0.494             603
--------------------------------------------

  Rep#:   Lambda   Alpha      F1    F2     D1,2    Ln Like  Est Ln P(D)
592000:    1.00    8.790    0.052 0.060    0.048   -125373    0 
592100:    1.00    8.892    0.072 0.055    0.051   -125363    0 
592200:    1.00    8.609    0.065 0.059    0.051   -125396    0 
592300:    1.00    8.813    0.063 0.053    0.045   -125418    0 
592400:    1.00    8.816    0.083 0.049    0.055   -125331    0 
592500:    1.00    8.929    0.069 0.065    0.053   -125399    0 
592600:    1.00    8.838    0.070 0.052    0.044   -125412    0 
592700:    1.00    9.197    0.067 0.064    0.053   -125398    0 
592800:    1.00    9.354    0.075 0.060    0.050   -125405    0 
592900:    1.00    9.523    0.061 0.069    0.061   -125370    0 

--------------------------------------------
Proportion of membership of each pre-defined
 population in each of the 2 clusters

Given    Inferred Clusters       Number of
 Pop       1      2             Individuals

  1:     0.499  0.501             358
  2:     0.496  0.504             1039
  3:     0.501  0.499             603
--------------------------------------------

  Rep#:   Lambda   Alpha      F1    F2     D1,2    Ln Like  Est Ln P(D)
593000:    1.00    9.624    0.061 0.083    0.056   -125437    0 
593100:    1.00    9.255    0.046 0.082    0.047   -125384    0 
593200:    1.00    9.113    0.069 0.068    0.046   -125360    0 
593300:    1.00    9.321    0.094 0.049    0.061   -125307    0 
593400:    1.00    9.375    0.103 0.044    0.073   -125343    0 
593500:    1.00    9.317    0.106 0.061    0.057   -125357    0 
593600:    1.00    8.831    0.111 0.049    0.068   -125327    0 
593700:    1.00    8.695    0.085 0.040    0.060   -125363    0 
593800:    1.00    8.609    0.081 0.052    0.052   -125410    0 
593900:    1.00    9.120    0.057 0.065    0.063   -125365    0 

--------------------------------------------
Proportion of membership of each pre-defined
 population in each of the 2 clusters

Given    Inferred Clusters       Number of
 Pop       1      2             Individuals

  1:     0.515  0.485             358
  2:     0.498  0.502             1039
  3:     0.497  0.503             603
--------------------------------------------

  Rep#:   Lambda   Alpha      F1    F2     D1,2    Ln Like  Est Ln P(D)
594000:    1.00    9.048    0.095 0.051    0.060   -125367    0 
594100:    1.00    8.751    0.077 0.067    0.062   -125356    0 
594200:    1.00    8.419    0.071 0.053    0.060   -125310    0 
594300:    1.00    8.415    0.085 0.046    0.051   -125343    0 
594400:    1.00    8.489    0.088 0.035    0.048   -125382    0 
594500:    1.00    8.362    0.100 0.041    0.051   -125345    0 
594600:    1.00    8.509    0.094 0.055    0.057   -125345    0 
594700:    1.00    8.591    0.112 0.030    0.052   -125360    0 
594800:    1.00    8.916    0.134 0.036    0.060   -125393    0 
594900:    1.00    8.608    0.124 0.033    0.057   -125334    0 

--------------------------------------------
Proportion of membership of each pre-defined
 population in each of the 2 clusters

Given    Inferred Clusters       Number of
 Pop       1      2             Individuals

  1:     0.498  0.502             358
  2:     0.501  0.499             1039
  3:     0.496  0.504             603
--------------------------------------------

  Rep#:   Lambda   Alpha      F1    F2     D1,2    Ln Like  Est Ln P(D)
595000:    1.00    8.417    0.139 0.036    0.055   -125342    0 
595100:    1.00    8.150    0.084 0.037    0.050   -125336    0 
595200:    1.00    7.961    0.089 0.041    0.053   -125335    0 
595300:    1.00    7.823    0.070 0.037    0.042   -125444    0 
595400:    1.00    7.960    0.060 0.051    0.052   -125316    0 
595500:    1.00    7.779    0.066 0.063    0.046   -125365    0 
595600:    1.00    7.981    0.072 0.064    0.055   -125299    0 
595700:    1.00    8.110    0.058 0.042    0.046   -125397    0 
595800:    1.00    7.964    0.066 0.036    0.043   -125384    0 
595900:    1.00    7.913    0.065 0.051    0.051   -125359    0 

--------------------------------------------
Proportion of membership of each pre-defined
 population in each of the 2 clusters

Given    Inferred Clusters       Number of
 Pop       1      2             Individuals

  1:     0.483  0.517             358
  2:     0.497  0.503             1039
  3:     0.503  0.497             603
--------------------------------------------

  Rep#:   Lambda   Alpha      F1    F2     D1,2    Ln Like  Est Ln P(D)
596000:    1.00    8.177    0.077 0.056    0.065   -125377    0 
596100:    1.00    8.025    0.063 0.058    0.044   -125376    0 
596200:    1.00    7.920    0.066 0.063    0.049   -125365    0 
596300:    1.00    8.451    0.075 0.045    0.041   -125414    0 
596400:    1.00    8.276    0.067 0.059    0.037   -125423    0 
596500:    1.00    8.391    0.049 0.061    0.046   -125408    0 
596600:    1.00    8.378    0.069 0.072    0.049   -125368    0 
596700:    1.00    8.454    0.070 0.063    0.057   -125410    0 
596800:    1.00    8.139    0.067 0.074    0.044   -125347    0 
596900:    1.00    8.471    0.069 0.072    0.050   -125387    0 

--------------------------------------------
Proportion of membership of each pre-defined
 population in each of the 2 clusters

Given    Inferred Clusters       Number of
 Pop       1      2             Individuals

  1:     0.500  0.500             358
  2:     0.495  0.505             1039
  3:     0.504  0.496             603
--------------------------------------------

  Rep#:   Lambda   Alpha      F1    F2     D1,2    Ln Like  Est Ln P(D)
597000:    1.00    8.185    0.061 0.053    0.044   -125369    0 
597100:    1.00    7.888    0.068 0.069    0.045   -125385    0 
597200:    1.00    8.017    0.075 0.052    0.050   -125387    0 
597300:    1.00    8.058    0.061 0.058    0.052   -125373    0 
597400:    1.00    7.703    0.084 0.050    0.057   -125295    0 
597500:    1.00    7.661    0.078 0.045    0.049   -125340    0 
597600:    1.00    7.732    0.080 0.053    0.057   -125373    0 
597700:    1.00    7.249    0.060 0.053    0.043   -125352    0 
597800:    1.00    7.152    0.087 0.032    0.045   -125400    0 
597900:    1.00    7.576    0.090 0.033    0.061   -125354    0 

--------------------------------------------
Proportion of membership of each pre-defined
 population in each of the 2 clusters

Given    Inferred Clusters       Number of
 Pop       1      2             Individuals

  1:     0.498  0.502             358
  2:     0.502  0.498             1039
  3:     0.494  0.506             603
--------------------------------------------

  Rep#:   Lambda   Alpha      F1    F2     D1,2    Ln Like  Est Ln P(D)
598000:    1.00    7.159    0.073 0.038    0.050   -125317    0 
598100:    1.00    7.445    0.061 0.039    0.043   -125364    0 
598200:    1.00    7.089    0.064 0.048    0.048   -125386    0 
598300:    1.00    6.670    0.060 0.045    0.049   -125391    0 
598400:    1.00    7.131    0.055 0.034    0.037   -125386    0 
598500:    1.00    7.179    0.092 0.029    0.036   -125439    0 
598600:    1.00    6.836    0.094 0.026    0.041   -125327    0 
598700:    1.00    7.168    0.072 0.022    0.036   -125429    0 
598800:    1.00    7.370    0.070 0.019    0.031   -125501    0 
598900:    1.00    7.111    0.090 0.017    0.047   -125350    0 

--------------------------------------------
Proportion of membership of each pre-defined
 population in each of the 2 clusters

Given    Inferred Clusters       Number of
 Pop       1      2             Individuals

  1:     0.495  0.505             358
  2:     0.513  0.487             1039
  3:     0.498  0.502             603
--------------------------------------------

  Rep#:   Lambda   Alpha      F1    F2     D1,2    Ln Like  Est Ln P(D)
599000:    1.00    7.064    0.082 0.025    0.040   -125363    0 
599100:    1.00    6.934    0.093 0.023    0.039   -125441    0 
599200:    1.00    7.398    0.068 0.031    0.037   -125391    0 
599300:    1.00    7.512    0.084 0.022    0.045   -125370    0 
599400:    1.00    7.368    0.083 0.021    0.047   -125396    0 
599500:    1.00    7.317    0.068 0.023    0.040   -125387    0 
599600:    1.00    7.338    0.053 0.026    0.042   -125399    0 
599700:    1.00    7.728    0.064 0.027    0.047   -125382    0 
599800:    1.00    7.464    0.084 0.022    0.038   -125392    0 
599900:    1.00    7.591    0.076 0.021    0.049   -125334    0 
600000:    1.00    7.697    0.064 0.024    0.031   -125462    0 

MCMC completed

Inferred ancestry of individuals:
        Label (%Miss) Pop:  Inferred clusters
  1 CP00019943    (0)    2 :  0.497 0.503 
  2 CP00019945    (0)    2 :  0.442 0.558 
  3 CP00019948    (0)    2 :  0.522 0.478 
  4 CP00019939    (0)    2 :  0.478 0.522 
  5 CP00019944    (0)    2 :  0.467 0.533 
  6 CP00019712    (0)    2 :  0.487 0.513 
  7 CP00019695    (0)    2 :  0.522 0.478 
  8 CP00019928    (0)    2 :  0.559 0.441 
  9 CP00019983    (0)    2 :  0.464 0.536 
 10 CP00019707    (0)    2 :  0.467 0.533 
 11 CP00020015    (0)    2 :  0.513 0.487 
 12 CP00019692    (0)    2 :  0.535 0.465 
 13 CP00019715    (0)    2 :  0.501 0.499 
 14 CP00019713    (0)    2 :  0.538 0.462 
 15 CP00019708    (0)    2 :  0.502 0.498 
 16 CP00019699    (0)    2 :  0.490 0.510 
 17 CP00019681    (0)    2 :  0.497 0.503 
 18 CP00019680    (0)    2 :  0.468 0.532 
 19 CP00019679    (0)    2 :  0.456 0.544 
 20 CP00019927    (0)    2 :  0.497 0.503 
 21 CP00019690    (0)    2 :  0.482 0.518 
 22 CP00019687    (0)    2 :  0.500 0.500 
 23 CP00019701    (0)    2 :  0.495 0.505 
 24 CP00019709    (0)    2 :  0.473 0.527 
 25 CP00019717    (0)    2 :  0.533 0.467 
 26 CP00019718    (0)    2 :  0.571 0.429 
 27 CP00020007    (0)    2 :  0.539 0.461 
 28 CP00019934    (0)    2 :  0.539 0.461 
 29 CP00019979    (0)    2 :  0.568 0.432 
 30 CP00019935    (0)    2 :  0.576 0.424 
 31 CP00020005    (0)    2 :  0.562 0.438 
 32 CP00019988    (0)    2 :  0.466 0.534 
 33 CP00019685    (0)    2 :  0.558 0.442 
 34 CP00019706    (0)    2 :  0.445 0.555 
 35 CP00019703    (0)    2 :  0.491 0.509 
 36 CP00019704    (0)    2 :  0.512 0.488 
 37 CP00019705    (0)    2 :  0.484 0.516 
 38 CP00019710    (0)    2 :  0.517 0.483 
 39 CP00019940    (0)    2 :  0.510 0.490 
 40 CP00019985    (0)    2 :  0.460 0.540 
 41 CP00020006    (0)    2 :  0.462 0.538 
 42 CP00019981    (0)    2 :  0.475 0.525 
 43 CP00020003    (0)    2 :  0.523 0.477 
 44 CP00020004    (0)    2 :  0.546 0.454 
 45 CP00019946    (0)    2 :  0.502 0.498 
 46 CP00019941    (0)    2 :  0.576 0.424 
 47 CP00020002    (0)    2 :  0.533 0.467 
 48 CP00020323    (0)    2 :  0.405 0.595 
 49 CP00020008    (0)    2 :  0.505 0.495 
 50 CP00019716    (0)    2 :  0.544 0.456 
 51 CP00019982    (0)    2 :  0.510 0.490 
 52 CP00019942    (0)    2 :  0.539 0.461 
 53 CP00020018    (0)    2 :  0.511 0.489 
 54 CP00019933    (0)    2 :  0.508 0.492 
 55 CP00020019    (0)    2 :  0.543 0.457 
 56 CP00019688    (0)    2 :  0.568 0.432 
 57 CP00019926    (0)    2 :  0.485 0.515 
 58 CP00020001    (0)    2 :  0.500 0.500 
 59 CP00019698    (0)    2 :  0.459 0.541 
 60 CP00019672    (0)    2 :  0.499 0.501 
 61 CP00019673    (0)    2 :  0.477 0.523 
 62 CP00019691    (0)    2 :  0.452 0.548 
 63 CP00019947    (0)    2 :  0.508 0.492 
 64 CP00019676    (0)    2 :  0.496 0.504 
 65 CP00020000    (0)    2 :  0.482 0.518 
 66 CP00019674    (0)    2 :  0.525 0.475 
 67 CP00019989    (0)    2 :  0.460 0.540 
 68 CP00020017    (0)    2 :  0.429 0.571 
 69 CP00019686    (0)    2 :  0.423 0.577 
 70 CP00019980    (0)    2 :  0.500 0.500 
 71 CP00020016    (0)    2 :  0.509 0.491 
 72 CP00019978    (0)    2 :  0.569 0.431 
 73 CP00019720    (0)    2 :  0.495 0.505 
 74 CP00019693    (0)    2 :  0.475 0.525 
 75 CP00019998    (0)    2 :  0.494 0.506 
 76 CP00019694    (0)    2 :  0.504 0.496 
 77 CP00019675    (0)    2 :  0.529 0.471 
 78 CP00019671    (0)    2 :  0.478 0.522 
 79 CP00019714    (0)    2 :  0.573 0.427 
 80 CP00019937    (0)    2 :  0.512 0.488 
 81 CP00020324    (0)    2 :  0.559 0.441 
 82 CP00020020    (0)    2 :  0.425 0.575 
 83 CP00019696    (0)    2 :  0.486 0.514 
 84 CP00019689    (0)    2 :  0.521 0.479 
 85 CP00019702    (0)    2 :  0.470 0.530 
 86 CP00019993    (0)    2 :  0.478 0.522 
 87 CP00019999    (0)    2 :  0.435 0.565 
 88 CP00019700    (0)    2 :  0.495 0.505 
 89 CP00019936    (0)    2 :  0.550 0.450 
 90 CP00019984    (0)    2 :  0.475 0.525 
 91 CP00019684    (0)    2 :  0.529 0.471 
 92 CP00019719    (0)    2 :  0.548 0.452 
 93 CP00020103    (0)    2 :  0.462 0.538 
 94 CP00020105    (0)    2 :  0.538 0.462 
 95 CP00020072    (0)    2 :  0.537 0.463 
 96 CP00020086    (0)    2 :  0.461 0.539 
 97 CP00020107    (0)    2 :  0.487 0.513 
 98 CP00020106    (0)    2 :  0.494 0.506 
 99 CP00020089    (0)    2 :  0.565 0.435 
100 CP00020094    (0)    2 :  0.528 0.472 
101 CP00020037    (0)    2 :  0.503 0.497 
102 CP00020069    (0)    2 :  0.470 0.530 
103 CP00020112    (0)    2 :  0.434 0.566 
104 CP00020083    (0)    2 :  0.475 0.525 
105 CP00020099    (0)    2 :  0.507 0.493 
106 CP00020092    (0)    2 :  0.483 0.517 
107 CP00020097    (0)    2 :  0.549 0.451 
108 CP00020098    (0)    2 :  0.490 0.510 
109 CP00020102    (0)    2 :  0.582 0.418 
110 CP00020117    (0)    2 :  0.577 0.423 
111 CP00020085    (0)    2 :  0.493 0.507 
112 CP00020078    (0)    2 :  0.464 0.536 
113 CP00020111    (0)    2 :  0.541 0.459 
114 CP00020053    (0)    2 :  0.510 0.490 
115 CP00020021    (0)    2 :  0.490 0.510 
116 CP00020041    (0)    2 :  0.566 0.434 
117 CP00020047    (0)    2 :  0.523 0.477 
118 CP00020064    (0)    2 :  0.458 0.542 
119 CP00020065    (0)    2 :  0.534 0.466 
120 CP00020046    (0)    2 :  0.516 0.484 
121 CP00020025    (0)    2 :  0.473 0.527 
122 CP00020022    (0)    2 :  0.505 0.495 
123 CP00020028    (0)    2 :  0.549 0.451 
124 CP00020062    (0)    2 :  0.564 0.436 
125 CP00020023    (0)    2 :  0.497 0.503 
126 CP00020059    (0)    2 :  0.511 0.489 
127 CP00020060    (0)    2 :  0.551 0.449 
128 CP00020057    (0)    2 :  0.499 0.501 
129 CP00020119    (0)    2 :  0.547 0.453 
130 CP00020073    (0)    2 :  0.483 0.517 
131 CP00020055    (0)    2 :  0.547 0.453 
132 CP00020071    (0)    2 :  0.421 0.579 
133 CP00020087    (0)    2 :  0.483 0.517 
134 CP00020116    (0)    2 :  0.499 0.501 
135 CP00020052    (0)    2 :  0.474 0.526 
136 CP00020067    (0)    2 :  0.511 0.489 
137 CP00020070    (0)    2 :  0.522 0.478 
138 CP00020036    (0)    2 :  0.491 0.509 
139 CP00020029    (0)    2 :  0.451 0.549 
140 CP00020031    (0)    2 :  0.481 0.519 
141 CP00020108    (0)    2 :  0.496 0.504 
142 CP00020109    (0)    2 :  0.513 0.487 
143 CP00020101    (0)    2 :  0.518 0.482 
144 CP00020076    (0)    2 :  0.507 0.493 
145 CP00020104    (0)    2 :  0.540 0.460 
146 CP00020077    (0)    2 :  0.510 0.490 
147 CP00020088    (0)    2 :  0.550 0.450 
148 CP00020100    (0)    2 :  0.530 0.470 
149 CP00020096    (0)    2 :  0.589 0.411 
150 CP00020095    (0)    2 :  0.516 0.484 
151 CP00020090    (0)    2 :  0.439 0.561 
152 CP00020061    (0)    2 :  0.510 0.490 
153 CP00020093    (0)    2 :  0.430 0.570 
154 CP00020058    (0)    2 :  0.460 0.540 
155 CP00020056    (0)    2 :  0.524 0.476 
156 CP00020054    (0)    2 :  0.517 0.483 
157 CP00020034    (0)    2 :  0.493 0.507 
158 CP00020030    (0)    2 :  0.438 0.562 
159 CP00020066    (0)    2 :  0.547 0.453 
160 CP00020068    (0)    2 :  0.468 0.532 
161 CP00020032    (0)    2 :  0.500 0.500 
162 CP00020039    (0)    2 :  0.567 0.433 
163 CP00020038    (0)    2 :  0.535 0.465 
164 CP00020026    (0)    2 :  0.535 0.465 
165 CP00020048    (0)    2 :  0.488 0.512 
166 CP00020079    (0)    2 :  0.537 0.463 
167 CP00020120    (0)    2 :  0.474 0.526 
168 CP00020074    (0)    2 :  0.474 0.526 
169 CP00020115    (0)    2 :  0.580 0.420 
170 CP00020080    (0)    2 :  0.516 0.484 
171 CP00020091    (0)    2 :  0.430 0.570 
172 CP00020081    (0)    2 :  0.566 0.434 
173 CP00020082    (0)    2 :  0.443 0.557 
174 CP00019591    (0)    2 :  0.536 0.464 
175 CP00019572    (0)    2 :  0.511 0.489 
176 CP00020202    (0)    2 :  0.498 0.502 
177 CP00019610    (0)    2 :  0.459 0.541 
178 CP00019595    (0)    2 :  0.575 0.425 
179 CP00019607    (0)    2 :  0.480 0.520 
180 CP00020203    (0)    2 :  0.447 0.553 
181 CP00020187    (0)    2 :  0.471 0.529 
182 CP00020185    (0)    2 :  0.491 0.509 
183 CP00020206    (0)    2 :  0.517 0.483 
184 CP00020190    (0)    2 :  0.508 0.492 
185 CP00020209    (0)    2 :  0.546 0.454 
186 CP00020200    (0)    2 :  0.485 0.515 
187 CP00020213    (0)    2 :  0.480 0.520 
188 CP00020218    (0)    2 :  0.491 0.509 
189 CP00020186    (0)    2 :  0.507 0.493 
190 CP00019575    (0)    2 :  0.493 0.507 
191 CP00020215    (0)    2 :  0.511 0.489 
192 CP00020219    (0)    2 :  0.426 0.574 
193 CP00020180    (0)    2 :  0.533 0.467 
194 CP00019612    (0)    2 :  0.477 0.523 
195 CP00020220    (0)    2 :  0.495 0.505 
196 CP00020217    (0)    2 :  0.547 0.453 
197 CP00020216    (0)    2 :  0.525 0.475 
198 CP00020211    (0)    2 :  0.512 0.488 
199 CP00020212    (0)    2 :  0.500 0.500 
200 CP00020205    (0)    2 :  0.517 0.483 
201 CP00019614    (0)    2 :  0.536 0.464 
202 CP00020177    (0)    2 :  0.557 0.443 
203 CP00019587    (0)    2 :  0.514 0.486 
204 CP00019602    (0)    2 :  0.458 0.542 
205 CP00019605    (0)    2 :  0.499 0.501 
206 CP00019590    (0)    2 :  0.530 0.470 
207 CP00019592    (0)    2 :  0.497 0.503 
208 CP00019603    (0)    2 :  0.564 0.436 
209 CP00019597    (0)    2 :  0.400 0.600 
210 CP00019582    (0)    2 :  0.482 0.518 
211 CP00019578    (0)    2 :  0.503 0.497 
212 CP00020176    (0)    2 :  0.498 0.502 
213 CP00020173    (0)    2 :  0.482 0.518 
214 CP00019580    (0)    2 :  0.506 0.494 
215 CP00019571    (0)    2 :  0.533 0.467 
216 CP00020192    (0)    2 :  0.463 0.537 
217 CP00020208    (0)    2 :  0.519 0.481 
218 CP00020188    (0)    2 :  0.489 0.511 
219 CP00020171    (0)    2 :  0.464 0.536 
220 CP00020195    (0)    2 :  0.509 0.491 
221 CP00020196    (0)    2 :  0.487 0.513 
222 CP00020261    (0)    2 :  0.491 0.509 
223 CP00020181    (0)    2 :  0.533 0.467 
224 CP00020183    (0)    2 :  0.489 0.511 
225 CP00020199    (0)    2 :  0.522 0.478 
226 CP00020182    (0)    2 :  0.498 0.502 
227 CP00019609    (0)    2 :  0.490 0.510 
228 CP00019588    (0)    2 :  0.504 0.496 
229 CP00019598    (0)    2 :  0.543 0.457 
230 CP00019604    (0)    2 :  0.492 0.508 
231 CP00019615    (0)    2 :  0.500 0.500 
232 CP00020214    (0)    2 :  0.486 0.514 
233 CP00020184    (0)    2 :  0.541 0.459 
234 CP00020172    (0)    2 :  0.501 0.499 
235 CP00020179    (0)    2 :  0.490 0.510 
236 CP00019586    (0)    2 :  0.509 0.491 
237 CP00019583    (0)    2 :  0.549 0.451 
238 CP00019599    (0)    2 :  0.513 0.487 
239 CP00019596    (0)    2 :  0.462 0.538 
240 CP00019589    (0)    2 :  0.512 0.488 
241 CP00019606    (0)    2 :  0.565 0.435 
242 CP00020178    (0)    2 :  0.542 0.458 
243 CP00020175    (0)    2 :  0.508 0.492 
244 CP00020174    (0)    2 :  0.523 0.477 
245 CP00019584    (0)    2 :  0.525 0.475 
246 CP00019574    (0)    2 :  0.511 0.489 
247 CP00020204    (0)    2 :  0.450 0.550 
248 CP00019611    (0)    2 :  0.498 0.502 
249 CP00020201    (0)    2 :  0.508 0.492 
250 CP00020210    (0)    2 :  0.428 0.572 
251 CP00020207    (0)    2 :  0.503 0.497 
252 CP00020194    (0)    2 :  0.490 0.510 
253 CP00020191    (0)    2 :  0.539 0.461 
254 CP00020193    (0)    2 :  0.513 0.487 
255 CP00019619    (0)    2 :  0.494 0.506 
256 CP00020398    (0)    2 :  0.497 0.503 
257 CP00020377    (0)    2 :  0.433 0.567 
258 CP00020412    (0)    2 :  0.492 0.508 
259 CP00020400    (0)    2 :  0.557 0.443 
260 CP00020399    (0)    2 :  0.508 0.492 
261 CP00020379    (0)    2 :  0.506 0.494 
262 CP00020393    (0)    2 :  0.492 0.508 
263 CP00020411    (0)    2 :  0.541 0.459 
264 CP00020374    (0)    2 :  0.545 0.455 
265 CP00019876    (0)    2 :  0.515 0.485 
266 CP00019892    (0)    2 :  0.474 0.526 
267 CP00019919    (0)    2 :  0.476 0.524 
268 CP00020418    (0)    2 :  0.504 0.496 
269 CP00019893    (0)    2 :  0.537 0.463 
270 CP00019889    (0)    2 :  0.496 0.504 
271 CP00019904    (0)    2 :  0.507 0.493 
272 CP00019909    (0)    2 :  0.480 0.520 
273 CP00020392    (0)    2 :  0.555 0.445 
274 CP00020387    (0)    2 :  0.503 0.497 
275 CP00019872    (0)    2 :  0.559 0.441 
276 CP00020395    (0)    2 :  0.469 0.531 
277 CP00020378    (0)    2 :  0.454 0.546 
278 CP00020417    (0)    2 :  0.510 0.490 
279 CP00019887    (0)    2 :  0.501 0.499 
280 CP00019884    (0)    2 :  0.470 0.530 
281 CP00019907    (0)    2 :  0.439 0.561 
282 CP00019874    (0)    2 :  0.544 0.456 
283 CP00019881    (0)    2 :  0.504 0.496 
284 CP00019871    (0)    2 :  0.547 0.453 
285 CP00019878    (0)    2 :  0.517 0.483 
286 CP00019901    (0)    2 :  0.501 0.499 
287 CP00019879    (0)    2 :  0.454 0.546 
288 CP00019902    (0)    2 :  0.434 0.566 
289 CP00019913    (0)    2 :  0.543 0.457 
290 CP00019875    (0)    2 :  0.435 0.565 
291 CP00019912    (0)    2 :  0.496 0.504 
292 CP00019898    (0)    2 :  0.490 0.510 
293 CP00019910    (0)    2 :  0.499 0.501 
294 CP00020416    (0)    2 :  0.500 0.500 
295 CP00020396    (0)    2 :  0.449 0.551 
296 CP00019900    (0)    2 :  0.490 0.510 
297 CP00019899    (0)    2 :  0.481 0.519 
298 CP00019883    (0)    2 :  0.487 0.513 
299 CP00020409    (0)    2 :  0.549 0.451 
300 CP00020415    (0)    2 :  0.510 0.490 
301 CP00020419    (0)    2 :  0.455 0.545 
302 CP00019905    (0)    2 :  0.520 0.480 
303 CP00020385    (0)    2 :  0.537 0.463 
304 CP00019920    (0)    2 :  0.505 0.495 
305 CP00019890    (0)    2 :  0.536 0.464 
306 CP00019896    (0)    2 :  0.527 0.473 
307 CP00020382    (0)    2 :  0.485 0.515 
308 CP00020381    (0)    2 :  0.512 0.488 
309 CP00020384    (0)    2 :  0.466 0.534 
310 CP00020410    (0)    2 :  0.499 0.501 
311 CP00019915    (0)    2 :  0.469 0.531 
312 CP00019885    (0)    2 :  0.452 0.548 
313 CP00020371    (0)    2 :  0.491 0.509 
314 CP00020372    (0)    2 :  0.465 0.535 
315 CP00020402    (0)    2 :  0.484 0.516 
316 CP00020414    (0)    2 :  0.450 0.550 
317 CP00020386    (0)    2 :  0.481 0.519 
318 CP00020389    (0)    2 :  0.534 0.466 
319 CP00020388    (0)    2 :  0.457 0.543 
320 CP00020413    (3)    2 :  0.463 0.537 
321 CP00020376    (0)    2 :  0.524 0.476 
322 CP00020407    (0)    2 :  0.499 0.501 
323 CP00020406    (0)    2 :  0.489 0.511 
324 CP00019873    (0)    2 :  0.564 0.436 
325 CP00019888    (0)    2 :  0.482 0.518 
326 CP00019877    (0)    2 :  0.469 0.531 
327 CP00019894    (0)    2 :  0.511 0.489 
328 CP00020375    (0)    2 :  0.435 0.565 
329 CP00020404    (0)    2 :  0.537 0.463 
330 CP00020391    (0)    2 :  0.456 0.544 
331 CP00020380    (0)    2 :  0.512 0.488 
332 CP00020408    (0)    2 :  0.514 0.486 
333 CP00020397    (0)    2 :  0.516 0.484 
334 CP00019891    (0)    2 :  0.496 0.504 
335 CP00019917    (0)    2 :  0.509 0.491 
336 CP00019906    (0)    2 :  0.532 0.468 
337 CP00019916    (0)    2 :  0.514 0.486 
338 CP00019908    (0)    2 :  0.513 0.487 
339 CP00020373    (0)    2 :  0.505 0.495 
340 CP00020383    (0)    2 :  0.542 0.458 
341 CP00019882    (0)    2 :  0.486 0.514 
342 CP00019903    (0)    2 :  0.484 0.516 
343 CP00020401    (0)    2 :  0.516 0.484 
344 CP00020403    (0)    2 :  0.559 0.441 
345 CP00019886    (0)    2 :  0.529 0.471 
346 CP00020405    (0)    2 :  0.482 0.518 
347 CP00020390    (0)    2 :  0.522 0.478 
348 CP00019911    (0)    2 :  0.490 0.510 
349 CP00019897    (0)    2 :  0.490 0.510 
350 CP00020420    (0)    2 :  0.553 0.447 
351 CP00019895    (0)    2 :  0.492 0.508 
352 CP00019918    (0)    2 :  0.488 0.512 
353 CP00019808    (0)    2 :  0.499 0.501 
354 CP00019779    (0)    2 :  0.556 0.444 
355 CP00019789    (0)    2 :  0.563 0.437 
356 CP00019791    (0)    2 :  0.561 0.439 
357 CP00019799    (0)    2 :  0.467 0.533 
358 CP00019790    (0)    2 :  0.482 0.518 
359 CP00019834    (0)    2 :  0.596 0.404 
360 CP00019801    (0)    2 :  0.509 0.491 
361 CP00019782    (0)    2 :  0.443 0.557 
362 CP00019867    (0)    2 :  0.480 0.520 
363 CP00019845    (0)    2 :  0.491 0.509 
364 CP00019792    (0)    2 :  0.484 0.516 
365 CP00019860    (0)    2 :  0.493 0.507 
366 CP00019858    (0)    2 :  0.517 0.483 
367 CP00019856    (0)    2 :  0.464 0.536 
368 CP00019857    (0)    2 :  0.556 0.444 
369 CP00019828    (0)    2 :  0.486 0.514 
370 CP00019821    (0)    2 :  0.472 0.528 
371 CP00019863    (0)    2 :  0.489 0.511 
372 CP00019846    (0)    2 :  0.491 0.509 
373 CP00019825    (0)    2 :  0.469 0.531 
374 CP00019824    (0)    2 :  0.517 0.483 
375 CP00019838    (0)    2 :  0.523 0.477 
376 CP00019868    (0)    2 :  0.592 0.408 
377 CP00019835    (0)    2 :  0.541 0.459 
378 CP00019836    (0)    2 :  0.506 0.494 
379 CP00019870    (0)    2 :  0.536 0.464 
380 CP00019833    (0)    2 :  0.510 0.490 
381 CP00019826    (0)    2 :  0.477 0.523 
382 CP00019837    (0)    2 :  0.499 0.501 
383 CP00019830    (0)    2 :  0.447 0.553 
384 CP00019822    (0)    2 :  0.466 0.534 
385 CP00019866    (0)    2 :  0.563 0.437 
386 CP00019829    (0)    2 :  0.490 0.510 
387 CP00019841    (0)    2 :  0.534 0.466 
388 CP00019831    (0)    2 :  0.558 0.442 
389 CP00019774    (0)    2 :  0.456 0.544 
390 CP00019847    (0)    2 :  0.544 0.456 
391 CP00019851    (0)    2 :  0.446 0.554 
392 CP00019844    (0)    2 :  0.502 0.498 
393 CP00019823    (0)    2 :  0.528 0.472 
394 CP00019842    (0)    2 :  0.489 0.511 
395 CP00019859    (0)    2 :  0.527 0.473 
396 CP00019827    (0)    2 :  0.478 0.522 
397 CP00019862    (0)    2 :  0.531 0.469 
398 CP00019864    (0)    2 :  0.475 0.525 
399 CP00019861    (0)    2 :  0.486 0.514 
400 CP00019865    (0)    2 :  0.506 0.494 
401 CP00019819    (0)    2 :  0.507 0.493 
402 CP00019778    (0)    2 :  0.483 0.517 
403 CP00019796    (0)    2 :  0.532 0.468 
404 CP00019803    (0)    2 :  0.514 0.486 
405 CP00019804    (0)    2 :  0.564 0.436 
406 CP00019775    (0)    2 :  0.497 0.503 
407 CP00019780    (0)    2 :  0.498 0.502 
408 CP00019820    (0)    2 :  0.527 0.473 
409 CP00019787    (0)    2 :  0.538 0.462 
410 CP00019771    (0)    2 :  0.569 0.431 
411 CP00019793    (0)    2 :  0.577 0.423 
412 CP00019788    (0)    2 :  0.447 0.553 
413 CP00019781    (0)    2 :  0.501 0.499 
414 CP00019797    (0)    2 :  0.494 0.506 
415 CP00019807    (0)    2 :  0.541 0.459 
416 CP00019800    (0)    2 :  0.499 0.501 
417 CP00019813    (0)    2 :  0.573 0.427 
418 CP00019814    (0)    2 :  0.525 0.475 
419 CP00019772    (0)    2 :  0.424 0.576 
420 CP00019794    (0)    2 :  0.502 0.498 
421 CP00019839    (0)    2 :  0.479 0.521 
422 CP00019854    (0)    2 :  0.532 0.468 
423 CP00019852    (0)    2 :  0.555 0.445 
424 CP00019855    (0)    2 :  0.505 0.495 
425 CP00019805    (0)    2 :  0.497 0.503 
426 CP00019843    (0)    2 :  0.569 0.431 
427 CP00019811    (0)    2 :  0.523 0.477 
428 CP00019817    (0)    2 :  0.481 0.519 
429 CP00019832    (0)    2 :  0.511 0.489 
430 CP00019773    (0)    2 :  0.521 0.479 
431 CP00019850    (0)    2 :  0.448 0.552 
432 CP00019853    (0)    2 :  0.539 0.461 
433 CP00019785    (0)    2 :  0.456 0.544 
434 CP00019815    (0)    2 :  0.470 0.530 
435 CP00019809    (0)    2 :  0.493 0.507 
436 CP00019840    (0)    2 :  0.519 0.481 
437 CP00019776    (0)    2 :  0.511 0.489 
438 CP00019816    (0)    2 :  0.466 0.534 
439 CP00019810    (0)    2 :  0.450 0.550 
440 CP00019848    (0)    2 :  0.473 0.527 
441 CP00019806    (0)    2 :  0.449 0.551 
442 CP00019812    (0)    2 :  0.594 0.406 
443 CP00019818    (0)    2 :  0.535 0.465 
444 CP00019849    (0)    2 :  0.465 0.535 
445 CP00019786    (0)    2 :  0.457 0.543 
446 CP00019783    (0)    2 :  0.476 0.524 
447 CP00019802    (0)    2 :  0.478 0.522 
448 CP00020014    (0)    2 :  0.534 0.466 
449 CP00021063    (0)    2 :  0.462 0.538 
450 CP00021052    (3)    2 :  0.462 0.538 
451 CP00019924    (0)    2 :  0.547 0.453 
452 CP00020013    (0)    2 :  0.437 0.563 
453 CP00019953    (0)    2 :  0.483 0.517 
454 CP00021046    (0)    2 :  0.450 0.550 
455 CP00019969    (0)    2 :  0.525 0.475 
456 CP00021024    (0)    2 :  0.439 0.561 
457 CP00019990    (0)    2 :  0.541 0.459 
458 CP00019976    (0)    2 :  0.499 0.501 
459 CP00019975    (0)    2 :  0.470 0.530 
460 CP00019994    (0)    2 :  0.587 0.413 
461 CP00020266    (0)    2 :  0.481 0.519 
462 CP00019977    (0)    2 :  0.526 0.474 
463 CP00021043    (0)    2 :  0.466 0.534 
464 CP00021030    (0)    2 :  0.499 0.501 
465 CP00019959    (0)    2 :  0.478 0.522 
466 CP00019997    (0)    2 :  0.511 0.489 
467 CP00019929    (0)    2 :  0.562 0.438 
468 CP00021047    (0)    2 :  0.492 0.508 
469 CP00019677    (0)    2 :  0.518 0.482 
470 CP00020322    (0)    2 :  0.552 0.448 
471 CP00020265    (0)    2 :  0.559 0.441 
472 CP00021036    (0)    2 :  0.570 0.430 
473 CP00020328    (0)    2 :  0.516 0.484 
474 CP00020267    (0)    2 :  0.508 0.492 
475 CP00021045    (0)    2 :  0.445 0.555 
476 CP00021038    (0)    2 :  0.479 0.521 
477 CP00021027    (0)    2 :  0.529 0.471 
478 CP00020330    (0)    2 :  0.557 0.443 
479 CP00019957    (0)    2 :  0.528 0.472 
480 CP00019956    (0)    2 :  0.550 0.450 
481 CP00021025    (0)    2 :  0.547 0.453 
482 CP00021040    (0)    2 :  0.503 0.497 
483 CP00021044    (0)    2 :  0.452 0.548 
484 CP00021051    (0)    2 :  0.512 0.488 
485 CP00021058    (0)    2 :  0.523 0.477 
486 CP00019932    (0)    2 :  0.490 0.510 
487 CP00021060    (0)    2 :  0.578 0.422 
488 CP00021032    (0)    2 :  0.469 0.531 
489 CP00021048    (0)    2 :  0.594 0.406 
490 CP00021034    (0)    2 :  0.502 0.498 
491 CP00020262    (0)    2 :  0.541 0.459 
492 CP00021050    (0)    2 :  0.485 0.515 
493 CP00019950    (0)    2 :  0.493 0.507 
494 CP00019921    (0)    2 :  0.500 0.500 
495 CP00021023    (0)    2 :  0.490 0.510 
496 CP00019996    (0)    2 :  0.562 0.438 
497 CP00019949    (0)    2 :  0.501 0.499 
498 CP00019970    (0)    2 :  0.487 0.513 
499 CP00020329    (0)    2 :  0.428 0.572 
500 CP00019930    (0)    2 :  0.543 0.457 
501 CP00020009    (0)    2 :  0.484 0.516 
502 CP00021039    (0)    2 :  0.431 0.569 
503 CP00021061    (0)    2 :  0.467 0.533 
504 CP00021021    (0)    2 :  0.490 0.510 
505 CP00020327    (0)    2 :  0.498 0.502 
506 CP00021028    (0)    2 :  0.570 0.430 
507 CP00020263    (0)    2 :  0.511 0.489 
508 CP00019960    (0)    2 :  0.428 0.572 
509 CP00019922    (0)    2 :  0.536 0.464 
510 CP00019995    (0)    2 :  0.493 0.507 
511 CP00021062    (0)    2 :  0.521 0.479 
512 CP00021059    (0)    2 :  0.535 0.465 
513 CP00020011    (0)    2 :  0.531 0.469 
514 CP00019951    (0)    2 :  0.467 0.533 
515 CP00020268    (0)    2 :  0.515 0.485 
516 CP00019678    (0)    2 :  0.487 0.513 
517 CP00019952    (0)    2 :  0.486 0.514 
518 CP00021037    (0)    2 :  0.470 0.530 
519 CP00021042    (0)    2 :  0.561 0.439 
520 CP00021041    (0)    2 :  0.467 0.533 
521 CP00020010    (0)    2 :  0.488 0.512 
522 CP00021056    (0)    2 :  0.452 0.548 
523 CP00020012    (0)    2 :  0.490 0.510 
524 CP00021031    (0)    2 :  0.483 0.517 
525 CP00019958    (0)    2 :  0.507 0.493 
526 CP00019971    (0)    2 :  0.564 0.436 
527 CP00021026    (0)    2 :  0.515 0.485 
528 CP00020321    (0)    2 :  0.491 0.509 
529 CP00019972    (0)    2 :  0.440 0.560 
530 CP00021035    (0)    2 :  0.528 0.472 
531 CP00020264    (0)    2 :  0.532 0.468 
532 CP00021049    (0)    2 :  0.518 0.482 
533 CP00021033    (0)    2 :  0.473 0.527 
534 CP00019954    (0)    2 :  0.516 0.484 
535 CP00019931    (0)    2 :  0.570 0.430 
536 CP00021054    (0)    2 :  0.505 0.495 
537 CP00021029    (0)    2 :  0.465 0.535 
538 CP00021053    (0)    2 :  0.501 0.499 
539 CP00021022    (0)    2 :  0.477 0.523 
540 CP00021055    (0)    2 :  0.495 0.505 
541 CP00020718    (0)    2 :  0.516 0.484 
542 CP00020716    (0)    2 :  0.554 0.446 
543 CP00020696    (0)    2 :  0.468 0.532 
544 CP00020714    (0)    2 :  0.549 0.451 
545 CP00020682    (0)    2 :  0.492 0.508 
546 CP00020698    (0)    2 :  0.535 0.465 
547 CP00020697    (0)    2 :  0.438 0.562 
548 CP00020688    (0)    2 :  0.541 0.459 
549 CP00020687    (0)    2 :  0.495 0.505 
550 CP00020675    (0)    2 :  0.473 0.527 
551 CP00020717    (0)    2 :  0.515 0.485 
552 CP00020676    (0)    2 :  0.496 0.504 
553 CP00020704    (0)    2 :  0.554 0.446 
554 CP00020686    (0)    2 :  0.501 0.499 
555 CP00020699    (0)    2 :  0.467 0.533 
556 CP00020700    (0)    2 :  0.500 0.500 
557 CP00020689    (0)    2 :  0.453 0.547 
558 CP00020566    (0)    2 :  0.544 0.456 
559 CP00020360    (0)    2 :  0.511 0.489 
560 CP00020345    (0)    2 :  0.539 0.461 
561 CP00020357    (0)    2 :  0.466 0.534 
562 CP00020352    (0)    2 :  0.489 0.511 
563 CP00020353    (0)    2 :  0.504 0.496 
564 CP00020342    (0)    2 :  0.516 0.484 
565 CP00020367    (0)    2 :  0.429 0.571 
566 CP00020561    (0)    2 :  0.482 0.518 
567 CP00020343    (0)    2 :  0.477 0.523 
568 CP00020569    (0)    2 :  0.545 0.455 
569 CP00020554    (0)    2 :  0.506 0.494 
570 CP00020355    (0)    2 :  0.514 0.486 
571 CP00020356    (0)    2 :  0.557 0.443 
572 CP00020562    (0)    2 :  0.430 0.570 
573 CP00020563    (0)    2 :  0.493 0.507 
574 CP00020564    (0)    2 :  0.458 0.542 
575 CP00020341    (0)    2 :  0.437 0.563 
576 CP00020695    (0)    2 :  0.544 0.456 
577 CP00020363    (0)    2 :  0.493 0.507 
578 CP00020362    (0)    2 :  0.564 0.436 
579 CP00020359    (0)    2 :  0.510 0.490 
580 CP00020551    (0)    2 :  0.511 0.489 
581 CP00020365    (0)    2 :  0.526 0.474 
582 CP00020712    (0)    2 :  0.507 0.493 
583 CP00020556    (0)    2 :  0.585 0.415 
584 CP00020559    (0)    2 :  0.483 0.517 
585 CP00020350    (0)    2 :  0.548 0.452 
586 CP00020570    (0)    2 :  0.518 0.482 
587 CP00020552    (0)    2 :  0.543 0.457 
588 CP00020560    (0)    2 :  0.511 0.489 
589 CP00020567    (0)    2 :  0.502 0.498 
590 CP00020346    (0)    2 :  0.508 0.492 
591 CP00020347    (0)    2 :  0.469 0.531 
592 CP00020558    (0)    2 :  0.558 0.442 
593 CP00020557    (0)    2 :  0.462 0.538 
594 CP00020361    (0)    2 :  0.466 0.534 
595 CP00020368    (0)    2 :  0.529 0.471 
596 CP00020348    (0)    2 :  0.473 0.527 
597 CP00020370    (0)    2 :  0.510 0.490 
598 CP00020358    (0)    2 :  0.464 0.536 
599 CP00020349    (0)    2 :  0.488 0.512 
600 CP00020553    (0)    2 :  0.446 0.554 
601 CP00020344    (0)    2 :  0.559 0.441 
602 CP00020555    (0)    2 :  0.508 0.492 
603 CP00020354    (0)    2 :  0.497 0.503 
604 CP00020565    (0)    2 :  0.560 0.440 
605 CP00020690    (0)    2 :  0.463 0.537 
606 CP00020702    (0)    2 :  0.491 0.509 
607 CP00020711    (0)    2 :  0.554 0.446 
608 CP00020692    (0)    2 :  0.475 0.525 
609 CP00020685    (0)    2 :  0.508 0.492 
610 CP00020703    (0)    2 :  0.506 0.494 
611 CP00020681    (0)    2 :  0.508 0.492 
612 CP00020706    (0)    2 :  0.506 0.494 
613 CP00020710    (0)    2 :  0.531 0.469 
614 CP00020672    (0)    2 :  0.517 0.483 
615 CP00020677    (0)    2 :  0.508 0.492 
616 CP00020691    (0)    2 :  0.507 0.493 
617 CP00020680    (0)    2 :  0.492 0.508 
618 CP00020709    (0)    2 :  0.488 0.512 
619 CP00020679    (0)    2 :  0.506 0.494 
620 CP00020671    (0)    2 :  0.505 0.495 
621 CP00020719    (0)    2 :  0.513 0.487 
622 CP00020693    (0)    2 :  0.538 0.462 
623 CP00020708    (0)    2 :  0.489 0.511 
624 CP00020705    (0)    2 :  0.511 0.489 
625 CP00020720    (0)    2 :  0.469 0.531 
626 CP00020707    (0)    2 :  0.484 0.516 
627 CP00020674    (0)    2 :  0.510 0.490 
628 CP00020673    (0)    2 :  0.578 0.422 
629 CP00020701    (0)    2 :  0.451 0.549 
630 CP00020713    (0)    2 :  0.491 0.509 
631 CP00020715    (0)    2 :  0.487 0.513 
632 CP00017120    (0)    2 :  0.528 0.472 
633 CP00017077    (0)    2 :  0.550 0.450 
634 CP00017117    (0)    2 :  0.459 0.541 
635 CP00017100    (0)    2 :  0.493 0.507 
636 CP00017118    (0)    2 :  0.504 0.496 
637 CP00017083    (0)    2 :  0.461 0.539 
638 CP00017085    (0)    2 :  0.562 0.438 
639 CP00017097    (0)    2 :  0.480 0.520 
640 CP00017092    (0)    2 :  0.496 0.504 
641 CP00017038    (0)    2 :  0.525 0.475 
642 CP00017067    (0)    2 :  0.444 0.556 
643 CP00017017    (0)    3 :  0.488 0.512 
644 CP00017012    (0)    3 :  0.450 0.550 
645 CP00017036    (0)    2 :  0.450 0.550 
646 CP00017040    (0)    2 :  0.468 0.532 
647 CP00017046    (0)    2 :  0.454 0.546 
648 CP00017059    (0)    2 :  0.504 0.496 
649 CP00017043    (0)    2 :  0.519 0.481 
650 CP00017080    (0)    2 :  0.501 0.499 
651 CP00017079    (0)    2 :  0.449 0.551 
652 CP00017056    (0)    2 :  0.534 0.466 
653 CP00017057    (0)    2 :  0.466 0.534 
654 CP00017058    (0)    2 :  0.514 0.486 
655 CP00017087    (0)    2 :  0.429 0.571 
656 CP00017072    (0)    2 :  0.518 0.482 
657 CP00017075    (0)    2 :  0.491 0.509 
658 CP00017078    (0)    2 :  0.558 0.442 
659 CP00017053    (0)    2 :  0.504 0.496 
660 CP00017052    (0)    2 :  0.542 0.458 
661 CP00017119    (0)    2 :  0.463 0.537 
662 CP00017099    (0)    2 :  0.490 0.510 
663 CP00017095    (0)    2 :  0.517 0.483 
664 CP00017115    (0)    2 :  0.513 0.487 
665 CP00017091    (0)    2 :  0.461 0.539 
666 CP00017098    (0)    2 :  0.472 0.528 
667 CP00017116    (0)    2 :  0.468 0.532 
668 CP00017114    (0)    2 :  0.495 0.505 
669 CP00017061    (0)    2 :  0.504 0.496 
670 CP00017064    (0)    2 :  0.537 0.463 
671 CP00017021    (0)    2 :  0.486 0.514 
672 CP00017042    (0)    2 :  0.465 0.535 
673 CP00017018    (0)    3 :  0.476 0.524 
674 CP00017011    (0)    3 :  0.564 0.436 
675 CP00017049    (0)    2 :  0.526 0.474 
676 CP00017023    (0)    3 :  0.550 0.450 
677 CP00017014    (0)    3 :  0.488 0.512 
678 CP00017070    (0)    2 :  0.485 0.515 
679 CP00017109    (0)    2 :  0.459 0.541 
680 CP00017068    (0)    2 :  0.486 0.514 
681 CP00017025    (0)    3 :  0.463 0.537 
682 CP00017015    (0)    3 :  0.534 0.466 
683 CP00017020    (0)    3 :  0.484 0.516 
684 CP00017110    (0)    2 :  0.459 0.541 
685 CP00017016    (0)    3 :  0.547 0.453 
686 CP00017027    (0)    3 :  0.437 0.563 
687 CP00017048    (0)    2 :  0.497 0.503 
688 CP00017094    (0)    2 :  0.519 0.481 
689 CP00017022    (0)    3 :  0.458 0.542 
690 CP00017055    (0)    2 :  0.456 0.544 
691 CP00017054    (0)    2 :  0.491 0.509 
692 CP00017024    (0)    3 :  0.450 0.550 
693 CP00017030    (0)    3 :  0.534 0.466 
694 CP00017096    (0)    2 :  0.573 0.427 
695 CP00017065    (0)    2 :  0.446 0.554 
696 CP00017050    (0)    2 :  0.487 0.513 
697 CP00017063    (0)    2 :  0.521 0.479 
698 CP00017051    (0)    2 :  0.538 0.462 
699 CP00017013    (0)    3 :  0.435 0.565 
700 CP00017076    (0)    2 :  0.489 0.511 
701 CP00017073    (0)    2 :  0.514 0.486 
702 CP00017033    (0)    2 :  0.494 0.506 
703 CP00017028    (0)    3 :  0.519 0.481 
704 CP00017031    (0)    2 :  0.473 0.527 
705 CP00017026    (0)    3 :  0.524 0.476 
706 CP00017035    (0)    2 :  0.452 0.548 
707 CP00017029    (0)    3 :  0.495 0.505 
708 CP00017111    (0)    2 :  0.527 0.473 
709 CP00017044    (0)    2 :  0.521 0.479 
710 CP00017113    (0)    2 :  0.496 0.504 
711 CP00017041    (0)    2 :  0.555 0.445 
712 CP00017069    (0)    2 :  0.472 0.528 
713 CP00017019    (0)    3 :  0.403 0.597 
714 CP00017034    (0)    2 :  0.489 0.511 
715 CP00017002    (0)    3 :  0.529 0.471 
716 CP00017047    (0)    2 :  0.515 0.485 
717 CP00017060    (0)    2 :  0.468 0.532 
718 CP00017037    (0)    2 :  0.495 0.505 
719 CP00017112    (0)    2 :  0.495 0.505 
720 CP00017090    (0)    2 :  0.476 0.524 
721 CP00049957    (0)    2 :  0.473 0.527 
722 CP00049253    (0)    2 :  0.499 0.501 
723 CP00049224    (0)    2 :  0.518 0.482 
724 CP00049921    (0)    2 :  0.472 0.528 
725 CP00049412    (0)    2 :  0.541 0.459 
726 CP00049935    (0)    2 :  0.555 0.445 
727 CP00049959    (0)    2 :  0.475 0.525 
728 CP00049956    (0)    2 :  0.453 0.547 
729 CP00049958    (0)    2 :  0.520 0.480 
730 CP00049384    (0)    2 :  0.479 0.521 
731 CP00049386    (0)    2 :  0.550 0.450 
732 CP00049400    (0)    2 :  0.473 0.527 
733 CP00049392    (0)    2 :  0.498 0.502 
734 CP00049409    (0)    2 :  0.500 0.500 
735 CP00049394    (0)    2 :  0.489 0.511 
736 CP00049262    (0)    2 :  0.445 0.555 
737 CP00049939    (0)    2 :  0.486 0.514 
738 CP00049264    (0)    2 :  0.446 0.554 
739 CP00049221    (0)    2 :  0.522 0.478 
740 CP00049266    (0)    2 :  0.527 0.473 
741 CP00049391    (0)    2 :  0.436 0.564 
742 CP00049405    (0)    2 :  0.547 0.453 
743 CP00049404    (0)    2 :  0.494 0.506 
744 CP00049393    (0)    2 :  0.498 0.502 
745 CP00049408    (0)    2 :  0.521 0.479 
746 CP00049410    (0)    2 :  0.463 0.537 
747 CP00049407    (0)    2 :  0.479 0.521 
748 CP00049250    (0)    2 :  0.440 0.560 
749 CP00049255    (0)    2 :  0.484 0.516 
750 CP00049257    (0)    2 :  0.530 0.470 
751 CP00049258    (0)    2 :  0.562 0.438 
752 CP00049248    (0)    2 :  0.446 0.554 
753 CP00049251    (0)    2 :  0.550 0.450 
754 CP00049265    (0)    2 :  0.483 0.517 
755 CP00049385    (0)    2 :  0.473 0.527 
756 CP00049397    (0)    2 :  0.513 0.487 
757 CP00049398    (0)    2 :  0.505 0.495 
758 CP00049244    (0)    2 :  0.488 0.512 
759 CP00049406    (0)    2 :  0.444 0.556 
760 CP00049411    (0)    2 :  0.559 0.441 
761 CP00049399    (0)    2 :  0.494 0.506 
762 CP00049401    (0)    2 :  0.460 0.540 
763 CP00049403    (0)    2 :  0.438 0.562 
764 CP00049941    (0)    2 :  0.428 0.572 
765 CP00049955    (0)    2 :  0.525 0.475 
766 CP00049233    (0)    2 :  0.502 0.498 
767 CP00049228    (0)    2 :  0.518 0.482 
768 CP00049954    (0)    2 :  0.517 0.483 
769 CP00049944    (0)    2 :  0.497 0.503 
770 CP00049260    (0)    2 :  0.459 0.541 
771 CP00049268    (0)    2 :  0.526 0.474 
772 CP00049239    (0)    2 :  0.499 0.501 
773 CP00049946    (0)    2 :  0.551 0.449 
774 CP00049232    (0)    2 :  0.541 0.459 
775 CP00049256    (0)    2 :  0.505 0.495 
776 CP00049259    (0)    2 :  0.514 0.486 
777 CP00049943    (0)    2 :  0.509 0.491 
778 CP00049930    (0)    2 :  0.569 0.431 
779 CP00049388    (0)    2 :  0.476 0.524 
780 CP00049413    (0)    2 :  0.518 0.482 
781 CP00049230    (0)    2 :  0.541 0.459 
782 CP00049226    (0)    2 :  0.512 0.488 
783 CP00049925    (0)    2 :  0.510 0.490 
784 CP00049387    (0)    2 :  0.436 0.564 
785 CP00049241    (0)    2 :  0.457 0.543 
786 CP00049236    (0)    2 :  0.527 0.473 
787 CP00049225    (0)    2 :  0.434 0.566 
788 CP00049229    (0)    2 :  0.531 0.469 
789 CP00049960    (0)    2 :  0.463 0.537 
790 CP00049242    (0)    2 :  0.434 0.566 
791 CP00049940    (0)    2 :  0.512 0.488 
792 CP00049948    (0)    2 :  0.496 0.504 
793 CP00049949    (0)    2 :  0.456 0.544 
794 CP00049254    (0)    2 :  0.469 0.531 
795 CP00049267    (0)    2 :  0.457 0.543 
796 CP00049261    (0)    2 :  0.485 0.515 
797 CP00049235    (0)    2 :  0.451 0.549 
798 CP00049953    (0)    2 :  0.468 0.532 
799 CP00049923    (0)    2 :  0.475 0.525 
800 CP00049947    (0)    2 :  0.529 0.471 
801 CP00049234    (0)    2 :  0.444 0.556 
802 CP00049389    (0)    2 :  0.549 0.451 
803 CP00049414    (0)    2 :  0.504 0.496 
804 CP00049390    (0)    2 :  0.551 0.449 
805 CP00049402    (0)    2 :  0.435 0.565 
806 CP00049396    (0)    2 :  0.506 0.494 
807 CP00049934    (0)    2 :  0.473 0.527 
808 CP00049246    (0)    2 :  0.441 0.559 
809 CP00049238    (0)    2 :  0.482 0.518 
810 CP00049945    (0)    2 :  0.450 0.550 
811 CP00049938    (0)    2 :  0.479 0.521 
812 CP00049928    (0)    2 :  0.493 0.507 
813 CP00049247    (0)    2 :  0.509 0.491 
814 CP00049240    (0)    2 :  0.502 0.498 
815 CP00049237    (0)    2 :  0.534 0.466 
816 CP00049243    (0)    2 :  0.461 0.539 
817 CP00049926    (0)    2 :  0.459 0.541 
818 CP00049245    (0)    2 :  0.533 0.467 
819 CP00049936    (0)    2 :  0.518 0.482 
820 CP00049927    (0)    2 :  0.539 0.461 
821 CP00049924    (0)    2 :  0.535 0.465 
822 CP00049222    (0)    2 :  0.521 0.479 
823 CP00049922    (0)    2 :  0.456 0.544 
824 CP00020222    (0)    2 :  0.581 0.419 
825 CP00020248    (0)    2 :  0.526 0.474 
826 CP00020246    (0)    2 :  0.511 0.489 
827 CP00020250    (0)    2 :  0.574 0.426 
828 CP00020247    (0)    2 :  0.524 0.476 
829 CP00020245    (0)    2 :  0.492 0.508 
830 CP00020253    (0)    2 :  0.503 0.497 
831 CP00020254    (0)    2 :  0.487 0.513 
832 CP00020227    (0)    2 :  0.452 0.548 
833 CP00020252    (0)    2 :  0.448 0.552 
834 CP00020251    (0)    2 :  0.487 0.513 
835 CP00020241    (0)    2 :  0.573 0.427 
836 CP00020240    (0)    2 :  0.537 0.463 
837 CP00020258    (0)    2 :  0.432 0.568 
838 CP00020150    (0)    2 :  0.467 0.533 
839 CP00020128    (0)    2 :  0.487 0.513 
840 CP00020224    (0)    2 :  0.509 0.491 
841 CP00020136    (0)    2 :  0.535 0.465 
842 CP00020126    (0)    2 :  0.519 0.481 
843 CP00020151    (0)    2 :  0.514 0.486 
844 CP00020130    (0)    2 :  0.516 0.484 
845 CP00020123    (0)    2 :  0.511 0.489 
846 CP00020129    (0)    2 :  0.498 0.502 
847 CP00020225    (0)    2 :  0.559 0.441 
848 CP00020161    (0)    2 :  0.570 0.430 
849 CP00020138    (0)    2 :  0.501 0.499 
850 CP00020239    (0)    2 :  0.511 0.489 
851 CP00020259    (0)    2 :  0.535 0.465 
852 CP00020135    (0)    2 :  0.495 0.505 
853 CP00020238    (0)    2 :  0.504 0.496 
854 CP00020234    (0)    2 :  0.521 0.479 
855 CP00020273    (0)    2 :  0.490 0.510 
856 CP00020282    (0)    2 :  0.536 0.464 
857 CP00020158    (0)    2 :  0.524 0.476 
858 CP00020243    (0)    2 :  0.581 0.419 
859 CP00020221    (0)    2 :  0.516 0.484 
860 CP00020229    (0)    2 :  0.474 0.526 
861 CP00020276    (0)    2 :  0.465 0.535 
862 CP00020146    (0)    2 :  0.429 0.571 
863 CP00020124    (0)    2 :  0.469 0.531 
864 CP00020156    (0)    2 :  0.533 0.467 
865 CP00020145    (0)    2 :  0.512 0.488 
866 CP00020125    (0)    2 :  0.581 0.419 
867 CP00020278    (0)    2 :  0.486 0.514 
868 CP00020132    (0)    2 :  0.559 0.441 
869 CP00020137    (0)    2 :  0.510 0.490 
870 CP00020127    (0)    2 :  0.510 0.490 
871 CP00020131    (0)    2 :  0.522 0.478 
872 CP00020260    (0)    2 :  0.449 0.551 
873 CP00020155    (0)    2 :  0.458 0.542 
874 CP00020141    (0)    2 :  0.558 0.442 
875 CP00020143    (0)    2 :  0.541 0.459 
876 CP00020142    (0)    2 :  0.502 0.498 
877 CP00020256    (0)    2 :  0.510 0.490 
878 CP00020170    (0)    2 :  0.488 0.512 
879 CP00020140    (0)    2 :  0.527 0.473 
880 CP00020147    (0)    2 :  0.453 0.547 
881 CP00020163    (0)    2 :  0.582 0.418 
882 CP00020152    (0)    2 :  0.500 0.500 
883 CP00020139    (0)    2 :  0.466 0.534 
884 CP00020162    (0)    2 :  0.598 0.402 
885 CP00020166    (0)    2 :  0.501 0.499 
886 CP00020226    (0)    2 :  0.535 0.465 
887 CP00020154    (0)    2 :  0.505 0.495 
888 CP00020257    (0)    2 :  0.452 0.548 
889 CP00020242    (0)    2 :  0.534 0.466 
890 CP00020148    (0)    2 :  0.475 0.525 
891 CP00020271    (0)    2 :  0.575 0.425 
892 CP00020233    (0)    2 :  0.447 0.553 
893 CP00020275    (0)    2 :  0.522 0.478 
894 CP00020244    (3)    2 :  0.480 0.520 
895 CP00020230    (0)    2 :  0.472 0.528 
896 CP00020279    (0)    2 :  0.522 0.478 
897 CP00020159    (0)    2 :  0.470 0.530 
898 CP00020237    (0)    2 :  0.455 0.545 
899 CP00020231    (0)    2 :  0.466 0.534 
900 CP00020281    (0)    2 :  0.526 0.474 
901 CP00020167    (0)    2 :  0.553 0.447 
902 CP00020122    (0)    2 :  0.569 0.431 
903 CP00020121    (0)    2 :  0.533 0.467 
904 CP00020157    (0)    2 :  0.446 0.554 
905 CP00020144    (0)    2 :  0.499 0.501 
906 CP00020164    (0)    2 :  0.461 0.539 
907 CP00020165    (0)    2 :  0.504 0.496 
908 CP00020255    (0)    2 :  0.489 0.511 
909 CP00020134    (0)    2 :  0.560 0.440 
910 CP00020149    (0)    2 :  0.462 0.538 
911 CP00020160    (0)    2 :  0.486 0.514 
912 CP00020228    (0)    2 :  0.524 0.476 
913 CP00020272    (0)    2 :  0.514 0.486 
914 CP00020274    (0)    2 :  0.453 0.547 
915 CP00020235    (0)    2 :  0.539 0.461 
916 CP00020280    (0)    2 :  0.520 0.480 
917 CP00020232    (0)    2 :  0.523 0.477 
918 CP00020277    (0)    2 :  0.494 0.506 
919 CP00020236    (0)    2 :  0.467 0.533 
920 CP00020223    (0)    2 :  0.535 0.465 
921 CP00016184    (0)    3 :  0.518 0.482 
922 CP00016197    (0)    3 :  0.539 0.461 
923 CP00016020    (0)    1 :  0.481 0.519 
924 CP00016181    (0)    3 :  0.491 0.509 
925 CP00016212    (0)    3 :  0.442 0.558 
926 CP00016215    (0)    3 :  0.474 0.526 
927 CP00016040    (0)    3 :  0.443 0.557 
928 CP00016051    (0)    3 :  0.500 0.500 
929 CP00016211    (0)    3 :  0.579 0.421 
930 CP00016049    (0)    3 :  0.528 0.472 
931 CP00016177    (0)    3 :  0.518 0.482 
932 CP00016060    (0)    3 :  0.509 0.491 
933 CP00016216    (0)    3 :  0.474 0.526 
934 CP00016059    (0)    3 :  0.487 0.513 
935 CP00016058    (0)    3 :  0.498 0.502 
936 CP00016178    (0)    3 :  0.542 0.458 
937 CP00016055    (0)    3 :  0.521 0.479 
938 CP00016038    (0)    3 :  0.538 0.462 
939 CP00016056    (0)    3 :  0.427 0.573 
940 CP00016185    (0)    3 :  0.530 0.470 
941 CP00016053    (0)    3 :  0.472 0.528 
942 CP00016044    (0)    1 :  0.482 0.518 
943 CP00016173    (0)    3 :  0.548 0.452 
944 CP00016213    (0)    3 :  0.519 0.481 
945 CP00016043    (0)    1 :  0.467 0.533 
946 CP00016196    (0)    3 :  0.535 0.465 
947 CP00016034    (0)    3 :  0.456 0.544 
948 CP00016182    (0)    3 :  0.516 0.484 
949 CP00016042    (0)    1 :  0.525 0.475 
950 CP00016002    (0)    1 :  0.475 0.525 
951 CP00016006    (0)    1 :  0.523 0.477 
952 CP00016005    (0)    1 :  0.489 0.511 
953 CP00016019    (0)    1 :  0.487 0.513 
954 CP00016190    (0)    3 :  0.505 0.495 
955 CP00016036    (0)    3 :  0.519 0.481 
956 CP00016008    (0)    1 :  0.531 0.469 
957 CP00016183    (0)    3 :  0.450 0.550 
958 CP00016208    (0)    3 :  0.514 0.486 
959 CP00016203    (0)    3 :  0.463 0.537 
960 CP00016172    (0)    3 :  0.498 0.502 
961 CP00016194    (0)    3 :  0.504 0.496 
962 CP00016218    (0)    3 :  0.573 0.427 
963 CP00016205    (0)    3 :  0.523 0.477 
964 CP00016050    (0)    3 :  0.532 0.468 
965 CP00016199    (0)    3 :  0.518 0.482 
966 CP00016201    (0)    3 :  0.466 0.534 
967 CP00016200    (0)    3 :  0.502 0.498 
968 CP00016004    (0)    1 :  0.457 0.543 
969 CP00016032    (0)    3 :  0.541 0.459 
970 CP00016195    (0)    3 :  0.468 0.532 
971 CP00016033    (0)    3 :  0.487 0.513 
972 CP00016012    (0)    1 :  0.499 0.501 
973 CP00016192    (0)    3 :  0.504 0.496 
974 CP00016217    (0)    3 :  0.482 0.518 
975 CP00016007    (0)    1 :  0.456 0.544 
976 CP00016191    (0)    3 :  0.461 0.539 
977 CP00016013    (0)    1 :  0.494 0.506 
978 CP00016204    (0)    3 :  0.503 0.497 
979 CP00016016    (0)    1 :  0.535 0.465 
980 CP00016206    (0)    3 :  0.466 0.534 
981 CP00016202    (0)    3 :  0.449 0.551 
982 CP00016009    (0)    1 :  0.494 0.506 
983 CP00016018    (0)    1 :  0.572 0.428 
984 CP00016052    (0)    3 :  0.555 0.445 
985 CP00016035    (0)    3 :  0.537 0.463 
986 CP00016054    (0)    3 :  0.436 0.564 
987 CP00016037    (0)    3 :  0.456 0.544 
988 CP00016039    (0)    3 :  0.444 0.556 
989 CP00016047    (0)    3 :  0.492 0.508 
990 CP00016048    (0)    3 :  0.494 0.506 
991 CP00016179    (0)    3 :  0.483 0.517 
992 CP00016180    (3)    3 :  0.493 0.507 
993 CP00016057    (0)    3 :  0.484 0.516 
994 CP00016189    (0)    3 :  0.464 0.536 
995 CP00016210    (0)    3 :  0.526 0.474 
996 CP00016209    (0)    3 :  0.472 0.528 
997 CP00016220    (0)    3 :  0.431 0.569 
998 CP00016198    (0)    3 :  0.450 0.550 
999 CP00016003    (0)    1 :  0.434 0.566 
1000 CP00016207    (0)    3 :  0.461 0.539 
1001 CP00016014    (0)    1 :  0.511 0.489 
1002 CP00016045    (0)    1 :  0.503 0.497 
1003 CP00016187    (0)    3 :  0.483 0.517 
1004 CP00016186    (0)    3 :  0.582 0.418 
1005 CP00016188    (0)    3 :  0.519 0.481 
1006 CP00016046    (0)    3 :  0.572 0.428 
1007 CP00016011    (0)    1 :  0.535 0.465 
1008 CP00016041    (0)    1 :  0.548 0.452 
1009 CP00016171    (0)    3 :  0.464 0.536 
1010 CP00016219    (0)    3 :  0.506 0.494 
1011 CP00016031    (0)    3 :  0.532 0.468 
1012 CP00016193    (0)    3 :  0.596 0.404 
1013 CP00016229    (0)    2 :  0.543 0.457 
1014 CP00015060    (0)    2 :  0.530 0.470 
1015 CP00016251    (0)    2 :  0.508 0.492 
1016 CP00015026    (0)    2 :  0.587 0.413 
1017 CP00015055    (0)    2 :  0.555 0.445 
1018 CP00016240    (0)    1 :  0.450 0.550 
1019 CP00016266    (0)    1 :  0.498 0.502 
1020 CP00016257    (0)    2 :  0.420 0.580 
1021 CP00015024    (0)    2 :  0.466 0.534 
1022 CP00015025    (0)    2 :  0.445 0.555 
1023 CP00049493    (0)    2 :  0.472 0.528 
1024 CP00016252    (0)    2 :  0.551 0.449 
1025 CP00015040    (0)    2 :  0.504 0.496 
1026 CP00015058    (0)    1 :  0.533 0.467 
1027 CP00049491    (0)    1 :  0.481 0.519 
1028 CP00015046    (0)    1 :  0.506 0.494 
1029 CP00015028    (0)    1 :  0.541 0.459 
1030 CP00015047    (0)    1 :  0.496 0.504 
1031 CP00016226    (0)    1 :  0.441 0.559 
1032 CP00016238    (0)    1 :  0.545 0.455 
1033 CP00016248    (0)    1 :  0.511 0.489 
1034 CP00015041    (0)    1 :  0.501 0.499 
1035 CP00049496    (0)    1 :  0.499 0.501 
1036 CP00015037    (0)    1 :  0.503 0.497 
1037 CP00015048    (0)    1 :  0.478 0.522 
1038 CP00016250    (0)    1 :  0.510 0.490 
1039 CP00015051    (0)    1 :  0.496 0.504 
1040 CP00016230    (0)    1 :  0.551 0.449 
1041 CP00015027    (0)    1 :  0.495 0.505 
1042 CP00049498    (0)    1 :  0.527 0.473 
1043 CP00016237    (0)    1 :  0.473 0.527 
1044 CP00016270    (0)    1 :  0.497 0.503 
1045 CP00015031    (0)    1 :  0.444 0.556 
1046 CP00016267    (0)    1 :  0.496 0.504 
1047 CP00016265    (0)    1 :  0.522 0.478 
1048 CP00016247    (0)    1 :  0.465 0.535 
1049 CP00015043    (0)    1 :  0.544 0.456 
1050 CP00016262    (0)    1 :  0.433 0.567 
1051 CP00016264    (0)    1 :  0.547 0.453 
1052 CP00049495    (0)    1 :  0.488 0.512 
1053 CP00016263    (0)    3 :  0.463 0.537 
1054 CP00015032    (0)    1 :  0.525 0.475 
1055 CP00015023    (0)    1 :  0.479 0.521 
1056 CP00016234    (0)    1 :  0.539 0.461 
1057 CP00015050    (0)    1 :  0.570 0.430 
1058 CP00015044    (0)    1 :  0.484 0.516 
1059 CP00015049    (0)    1 :  0.503 0.497 
1060 CP00016255    (0)    1 :  0.532 0.468 
1061 CP00016242    (0)    1 :  0.441 0.559 
1062 CP00049499    (0)    1 :  0.513 0.487 
1063 CP00016258    (0)    1 :  0.522 0.478 
1064 CP00016223    (0)    1 :  0.534 0.466 
1065 CP00015038    (0)    1 :  0.462 0.538 
1066 CP00016268    (0)    1 :  0.530 0.470 
1067 CP00049494    (0)    1 :  0.529 0.471 
1068 CP00016243    (0)    1 :  0.513 0.487 
1069 CP00016241    (0)    1 :  0.541 0.459 
1070 CP00016244    (0)    1 :  0.464 0.536 
1071 CP00015034    (0)    1 :  0.530 0.470 
1072 CP00016259    (0)    1 :  0.463 0.537 
1073 CP00016249    (0)    1 :  0.452 0.548 
1074 CP00015033    (0)    1 :  0.510 0.490 
1075 CP00015035    (0)    1 :  0.497 0.503 
1076 CP00015036    (0)    1 :  0.532 0.468 
1077 CP00016269    (0)    1 :  0.467 0.533 
1078 CP00049500    (0)    1 :  0.472 0.528 
1079 CP00015029    (0)    1 :  0.504 0.496 
1080 CP00015030    (0)    1 :  0.494 0.506 
1081 CP00016261    (0)    1 :  0.523 0.477 
1082 CP00015059    (0)    1 :  0.467 0.533 
1083 CP00016256    (0)    1 :  0.449 0.551 
1084 CP00015045    (0)    1 :  0.464 0.536 
1085 CP00015054    (0)    1 :  0.448 0.552 
1086 CP00015052    (0)    1 :  0.484 0.516 
1087 CP00015053    (0)    1 :  0.521 0.479 
1088 CP00016239    (0)    1 :  0.469 0.531 
1089 CP00015057    (0)    1 :  0.498 0.502 
1090 CP00016246    (0)    1 :  0.476 0.524 
1091 CP00016221    (0)    1 :  0.514 0.486 
1092 CP00016225    (0)    1 :  0.464 0.536 
1093 CP00016222    (0)    1 :  0.487 0.513 
1094 CP00016224    (0)    1 :  0.511 0.489 
1095 CP00016232    (0)    1 :  0.472 0.528 
1096 CP00016236    (0)    1 :  0.501 0.499 
1097 CP00015021    (0)    1 :  0.535 0.465 
1098 CP00015039    (0)    1 :  0.534 0.466 
1099 CP00016260    (0)    1 :  0.547 0.453 
1100 CP00016253    (0)    3 :  0.502 0.498 
1101 CP00016254    (0)    1 :  0.470 0.530 
1102 CP00049492    (0)    1 :  0.470 0.530 
1103 CP00016331    (0)    3 :  0.496 0.504 
1104 CP00016359    (0)    3 :  0.557 0.443 
1105 CP00016327    (0)    3 :  0.531 0.469 
1106 CP00016506    (0)    3 :  0.495 0.505 
1107 CP00016490    (0)    3 :  0.512 0.488 
1108 CP00016342    (0)    3 :  0.485 0.515 
1109 CP00016473    (0)    3 :  0.484 0.516 
1110 CP00016520    (0)    3 :  0.478 0.522 
1111 CP00016471    (0)    3 :  0.535 0.465 
1112 CP00016491    (0)    3 :  0.488 0.512 
1113 CP00016481    (0)    3 :  0.528 0.472 
1114 CP00016482    (0)    3 :  0.545 0.455 
1115 CP00016343    (0)    3 :  0.503 0.497 
1116 CP00016324    (0)    3 :  0.545 0.455 
1117 CP00016362    (0)    3 :  0.495 0.505 
1118 CP00016505    (0)    3 :  0.529 0.471 
1119 CP00016503    (0)    3 :  0.425 0.575 
1120 CP00016370    (0)    3 :  0.438 0.562 
1121 CP00016336    (0)    3 :  0.458 0.542 
1122 CP00016363    (0)    3 :  0.486 0.514 
1123 CP00016322    (0)    3 :  0.480 0.520 
1124 CP00016499    (0)    3 :  0.521 0.479 
1125 CP00016339    (0)    3 :  0.490 0.510 
1126 CP00016476    (0)    3 :  0.475 0.525 
1127 CP00016360    (0)    3 :  0.475 0.525 
1128 CP00016332    (0)    3 :  0.479 0.521 
1129 CP00016474    (0)    3 :  0.484 0.516 
1130 CP00016344    (0)    3 :  0.458 0.542 
1131 CP00016496    (0)    3 :  0.493 0.507 
1132 CP00016485    (0)    3 :  0.449 0.551 
1133 CP00016494    (0)    3 :  0.477 0.523 
1134 CP00016495    (0)    3 :  0.520 0.480 
1135 CP00016323    (0)    3 :  0.482 0.518 
1136 CP00016358    (0)    3 :  0.528 0.472 
1137 CP00016508    (0)    3 :  0.455 0.545 
1138 CP00016484    (0)    3 :  0.457 0.543 
1139 CP00016487    (0)    3 :  0.540 0.460 
1140 CP00016519    (0)    3 :  0.530 0.470 
1141 CP00016500    (0)    3 :  0.392 0.608 
1142 CP00016498    (0)    3 :  0.496 0.504 
1143 CP00016341    (0)    3 :  0.521 0.479 
1144 CP00016369    (0)    3 :  0.492 0.508 
1145 CP00016357    (0)    3 :  0.503 0.497 
1146 CP00016497    (0)    3 :  0.440 0.560 
1147 CP00016366    (0)    3 :  0.522 0.478 
1148 CP00016333    (0)    3 :  0.464 0.536 
1149 CP00016334    (0)    3 :  0.485 0.515 
1150 CP00016483    (0)    3 :  0.466 0.534 
1151 CP00016486    (0)    3 :  0.460 0.540 
1152 CP00016478    (0)    3 :  0.508 0.492 
1153 CP00016367    (0)    3 :  0.527 0.473 
1154 CP00016345    (0)    3 :  0.462 0.538 
1155 CP00016501    (0)    3 :  0.474 0.526 
1156 CP00016480    (0)    3 :  0.520 0.480 
1157 CP00016330    (0)    3 :  0.445 0.555 
1158 CP00016328    (0)    3 :  0.529 0.471 
1159 CP00016337    (0)    3 :  0.456 0.544 
1160 CP00016364    (0)    3 :  0.538 0.462 
1161 CP00016489    (0)    3 :  0.512 0.488 
1162 CP00016338    (0)    3 :  0.532 0.468 
1163 CP00016346    (0)    3 :  0.525 0.475 
1164 CP00016493    (0)    3 :  0.467 0.533 
1165 CP00016492    (0)    3 :  0.436 0.564 
1166 CP00016354    (0)    3 :  0.529 0.471 
1167 CP00016329    (0)    3 :  0.467 0.533 
1168 CP00016502    (0)    3 :  0.469 0.531 
1169 CP00016326    (0)    3 :  0.469 0.531 
1170 CP00016349    (0)    3 :  0.503 0.497 
1171 CP00016368    (0)    3 :  0.557 0.443 
1172 CP00016365    (0)    3 :  0.475 0.525 
1173 CP00016321    (0)    3 :  0.525 0.475 
1174 CP00016477    (0)    3 :  0.476 0.524 
1175 CP00016361    (0)    3 :  0.532 0.468 
1176 CP00016512    (0)    3 :  0.450 0.550 
1177 CP00016515    (0)    3 :  0.510 0.490 
1178 CP00016353    (0)    3 :  0.493 0.507 
1179 CP00016516    (0)    3 :  0.562 0.438 
1180 CP00016513    (0)    3 :  0.477 0.523 
1181 CP00016517    (0)    3 :  0.508 0.492 
1182 CP00016352    (0)    3 :  0.504 0.496 
1183 CP00016325    (0)    3 :  0.538 0.462 
1184 CP00016475    (0)    3 :  0.476 0.524 
1185 CP00016340    (0)    3 :  0.474 0.526 
1186 CP00016355    (0)    3 :  0.505 0.495 
1187 CP00016511    (0)    3 :  0.471 0.529 
1188 CP00016351    (0)    3 :  0.525 0.475 
1189 CP00016507    (0)    3 :  0.516 0.484 
1190 CP00016479    (0)    3 :  0.529 0.471 
1191 CP00016504    (0)    3 :  0.432 0.568 
1192 CP00016472    (0)    3 :  0.486 0.514 
1193 CP00016488    (3)    3 :  0.526 0.474 
1194 CP00016514    (0)    3 :  0.472 0.528 
1195 CP00016347    (0)    3 :  0.471 0.529 
1196 CP00016348    (0)    3 :  0.475 0.525 
1197 CP00016510    (0)    3 :  0.524 0.476 
1198 CP00016350    (0)    3 :  0.486 0.514 
1199 CP00016518    (0)    3 :  0.502 0.498 
1200 CP00016509    (0)    3 :  0.517 0.483 
1201 CP00015888    (0)    3 :  0.520 0.480 
1202 CP00015759    (0)    3 :  0.534 0.466 
1203 CP00015760    (0)    3 :  0.512 0.488 
1204 CP00015918    (0)    3 :  0.420 0.580 
1205 CP00015756    (0)    3 :  0.459 0.541 
1206 CP00015880    (0)    3 :  0.492 0.508 
1207 CP00015916    (0)    3 :  0.492 0.508 
1208 CP00015753    (0)    3 :  0.514 0.486 
1209 CP00015885    (0)    3 :  0.536 0.464 
1210 CP00015896    (0)    3 :  0.515 0.485 
1211 CP00015899    (0)    3 :  0.452 0.548 
1212 CP00015909    (0)    3 :  0.555 0.445 
1213 CP00015894    (0)    3 :  0.468 0.532 
1214 CP00015724    (0)    3 :  0.502 0.498 
1215 CP00015906    (0)    3 :  0.563 0.437 
1216 CP00015734    (3)    3 :  0.503 0.497 
1217 CP00015764    (0)    3 :  0.448 0.552 
1218 CP00015897    (0)    3 :  0.477 0.523 
1219 CP00015758    (0)    3 :  0.554 0.446 
1220 CP00015920    (0)    3 :  0.468 0.532 
1221 CP00015889    (0)    3 :  0.528 0.472 
1222 CP00015919    (0)    3 :  0.455 0.545 
1223 CP00015912    (0)    3 :  0.478 0.522 
1224 CP00015913    (0)    3 :  0.483 0.517 
1225 CP00015872    (0)    3 :  0.502 0.498 
1226 CP00015911    (0)    3 :  0.474 0.526 
1227 CP00015908    (0)    3 :  0.493 0.507 
1228 CP00015901    (0)    3 :  0.497 0.503 
1229 CP00015892    (3)    3 :  0.500 0.500 
1230 CP00015883    (0)    3 :  0.557 0.443 
1231 CP00015910    (0)    3 :  0.533 0.467 
1232 CP00015884    (0)    3 :  0.452 0.548 
1233 CP00015875    (0)    3 :  0.507 0.493 
1234 CP00015879    (0)    3 :  0.485 0.515 
1235 CP00015905    (0)    3 :  0.500 0.500 
1236 CP00015891    (0)    3 :  0.466 0.534 
1237 CP00015740    (0)    3 :  0.500 0.500 
1238 CP00015766    (0)    3 :  0.443 0.557 
1239 CP00015763    (0)    3 :  0.516 0.484 
1240 CP00015762    (0)    3 :  0.454 0.546 
1241 CP00015761    (0)    3 :  0.493 0.507 
1242 CP00015743    (0)    3 :  0.492 0.508 
1243 CP00015878    (0)    3 :  0.506 0.494 
1244 CP00015748    (0)    3 :  0.480 0.520 
1245 CP00015737    (0)    3 :  0.494 0.506 
1246 CP00015768    (0)    3 :  0.551 0.449 
1247 CP00015767    (0)    3 :  0.463 0.537 
1248 CP00015746    (0)    3 :  0.523 0.477 
1249 CP00015893    (0)    3 :  0.575 0.425 
1250 CP00015741    (0)    3 :  0.457 0.543 
1251 CP00015757    (0)    3 :  0.464 0.536 
1252 CP00015739    (0)    3 :  0.488 0.512 
1253 CP00015751    (0)    3 :  0.426 0.574 
1254 CP00015745    (0)    3 :  0.458 0.542 
1255 CP00015747    (0)    3 :  0.503 0.497 
1256 CP00015754    (0)    3 :  0.429 0.571 
1257 CP00015873    (0)    3 :  0.493 0.507 
1258 CP00015881    (0)    3 :  0.505 0.495 
1259 CP00015877    (0)    3 :  0.523 0.477 
1260 CP00015915    (0)    3 :  0.502 0.498 
1261 CP00015904    (0)    3 :  0.472 0.528 
1262 CP00015900    (0)    3 :  0.529 0.471 
1263 CP00015907    (0)    3 :  0.537 0.463 
1264 CP00015742    (0)    3 :  0.428 0.572 
1265 CP00015738    (0)    3 :  0.535 0.465 
1266 CP00015727    (0)    3 :  0.468 0.532 
1267 CP00015728    (0)    3 :  0.533 0.467 
1268 CP00015726    (0)    3 :  0.503 0.497 
1269 CP00015914    (0)    3 :  0.470 0.530 
1270 CP00015769    (0)    3 :  0.513 0.487 
1271 CP00015770    (0)    3 :  0.535 0.465 
1272 CP00015750    (0)    3 :  0.582 0.418 
1273 CP00015749    (0)    3 :  0.480 0.520 
1274 CP00015721    (0)    3 :  0.472 0.528 
1275 CP00015735    (0)    3 :  0.529 0.471 
1276 CP00015732    (0)    3 :  0.508 0.492 
1277 CP00015723    (0)    3 :  0.549 0.451 
1278 CP00015729    (0)    3 :  0.567 0.433 
1279 CP00015736    (0)    3 :  0.544 0.456 
1280 CP00015725    (0)    3 :  0.505 0.495 
1281 CP00015886    (0)    3 :  0.477 0.523 
1282 CP00015722    (0)    3 :  0.522 0.478 
1283 CP00015731    (0)    3 :  0.521 0.479 
1284 CP00015730    (0)    3 :  0.580 0.420 
1285 CP00015752    (0)    3 :  0.532 0.468 
1286 CP00015890    (0)    3 :  0.507 0.493 
1287 CP00015876    (0)    3 :  0.534 0.466 
1288 CP00015887    (0)    3 :  0.521 0.479 
1289 CP00015882    (0)    3 :  0.486 0.514 
1290 CP00015765    (0)    3 :  0.499 0.501 
1291 CP00015744    (0)    3 :  0.486 0.514 
1292 CP00015104    (0)    1 :  0.507 0.493 
1293 CP00015100    (0)    1 :  0.437 0.563 
1294 CP00015000    (0)    1 :  0.489 0.511 
1295 CP00015119    (0)    1 :  0.491 0.509 
1296 CP00015016    (0)    1 :  0.514 0.486 
1297 CP00015078    (0)    1 :  0.507 0.493 
1298 CP00015076    (0)    1 :  0.429 0.571 
1299 CP00015084    (0)    1 :  0.501 0.499 
1300 CP00015091    (0)    1 :  0.519 0.481 
1301 CP00015013    (0)    1 :  0.521 0.479 
1302 CP00015009    (0)    1 :  0.473 0.527 
1303 CP00015082    (0)    1 :  0.489 0.511 
1304 CP00014983    (0)    1 :  0.526 0.474 
1305 CP00015072    (0)    1 :  0.572 0.428 
1306 CP00015086    (0)    1 :  0.500 0.500 
1307 CP00015073    (0)    1 :  0.479 0.521 
1308 CP00015077    (0)    1 :  0.465 0.535 
1309 CP00014973    (0)    1 :  0.522 0.478 
1310 CP00015015    (0)    1 :  0.515 0.485 
1311 CP00014975    (0)    1 :  0.459 0.541 
1312 CP00014979    (0)    1 :  0.505 0.495 
1313 CP00014980    (0)    1 :  0.529 0.471 
1314 CP00015111    (0)    1 :  0.535 0.465 
1315 CP00015090    (0)    1 :  0.537 0.463 
1316 CP00015098    (0)    1 :  0.460 0.540 
1317 CP00015005    (0)    1 :  0.470 0.530 
1318 CP00015109    (0)    1 :  0.462 0.538 
1319 CP00015114    (0)    1 :  0.466 0.534 
1320 CP00015007    (0)    1 :  0.456 0.544 
1321 CP00015006    (0)    1 :  0.510 0.490 
1322 CP00014974    (0)    1 :  0.494 0.506 
1323 CP00015096    (0)    1 :  0.455 0.545 
1324 CP00015112    (0)    1 :  0.535 0.465 
1325 CP00015002    (0)    1 :  0.584 0.416 
1326 CP00015113    (0)    1 :  0.504 0.496 
1327 CP00015010    (0)    1 :  0.515 0.485 
1328 CP00015019    (0)    1 :  0.487 0.513 
1329 CP00015120    (0)    1 :  0.530 0.470 
1330 CP00015107    (0)    1 :  0.518 0.482 
1331 CP00015081    (0)    1 :  0.495 0.505 
1332 CP00015071    (0)    1 :  0.547 0.453 
1333 CP00015087    (0)    1 :  0.485 0.515 
1334 CP00015093    (3)    1 :  0.488 0.512 
1335 CP00015102    (0)    1 :  0.553 0.447 
1336 CP00015101    (0)    1 :  0.523 0.477 
1337 CP00014982    (0)    1 :  0.552 0.448 
1338 CP00014990    (0)    1 :  0.531 0.469 
1339 CP00015088    (0)    1 :  0.472 0.528 
1340 CP00014995    (0)    1 :  0.574 0.426 
1341 CP00015003    (0)    1 :  0.443 0.557 
1342 CP00015097    (0)    1 :  0.522 0.478 
1343 CP00014972    (0)    1 :  0.470 0.530 
1344 CP00015106    (0)    1 :  0.518 0.482 
1345 CP00015095    (0)    1 :  0.526 0.474 
1346 CP00014998    (0)    1 :  0.457 0.543 
1347 CP00014985    (0)    1 :  0.547 0.453 
1348 CP00014986    (0)    1 :  0.520 0.480 
1349 CP00014999    (0)    1 :  0.542 0.458 
1350 CP00014984    (0)    1 :  0.535 0.465 
1351 CP00015117    (0)    1 :  0.489 0.511 
1352 CP00015099    (0)    1 :  0.517 0.483 
1353 CP00015110    (0)    1 :  0.469 0.531 
1354 CP00015115    (0)    1 :  0.493 0.507 
1355 CP00015080    (0)    1 :  0.464 0.536 
1356 CP00015012    (0)    1 :  0.547 0.453 
1357 CP00014994    (0)    1 :  0.511 0.489 
1358 CP00015001    (0)    1 :  0.504 0.496 
1359 CP00014992    (0)    1 :  0.486 0.514 
1360 CP00015074    (0)    1 :  0.449 0.551 
1361 CP00014991    (0)    1 :  0.507 0.493 
1362 CP00014981    (0)    1 :  0.500 0.500 
1363 CP00014977    (0)    1 :  0.486 0.514 
1364 CP00014976    (0)    1 :  0.494 0.506 
1365 CP00014993    (0)    1 :  0.514 0.486 
1366 CP00014971    (0)    1 :  0.500 0.500 
1367 CP00015020    (0)    1 :  0.509 0.491 
1368 CP00015004    (0)    1 :  0.467 0.533 
1369 CP00015103    (0)    1 :  0.495 0.505 
1370 CP00015116    (0)    1 :  0.488 0.512 
1371 CP00015118    (0)    1 :  0.472 0.528 
1372 CP00014996    (0)    1 :  0.536 0.464 
1373 CP00015079    (0)    1 :  0.486 0.514 
1374 CP00015094    (0)    1 :  0.527 0.473 
1375 CP00015085    (0)    1 :  0.511 0.489 
1376 CP00015083    (0)    1 :  0.525 0.475 
1377 CP00015092    (0)    1 :  0.465 0.535 
1378 CP00018197    (0)    1 :  0.494 0.506 
1379 CP00018136    (0)    1 :  0.480 0.520 
1380 CP00018190    (0)    1 :  0.461 0.539 
1381 CP00018139    (0)    1 :  0.452 0.548 
1382 CP00018207    (0)    1 :  0.464 0.536 
1383 CP00018213    (0)    1 :  0.552 0.448 
1384 CP00018163    (0)    1 :  0.500 0.500 
1385 CP00018179    (0)    1 :  0.554 0.446 
1386 CP00018178    (0)    1 :  0.454 0.546 
1387 CP00018144    (0)    1 :  0.503 0.497 
1388 CP00018155    (0)    1 :  0.484 0.516 
1389 CP00018151    (0)    1 :  0.453 0.547 
1390 CP00018180    (0)    1 :  0.475 0.525 
1391 CP00018182    (0)    1 :  0.545 0.455 
1392 CP00018189    (0)    1 :  0.532 0.468 
1393 CP00018217    (0)    1 :  0.534 0.466 
1394 CP00018154    (0)    1 :  0.453 0.547 
1395 CP00018158    (0)    1 :  0.519 0.481 
1396 CP00018181    (0)    3 :  0.471 0.529 
1397 CP00018208    (0)    1 :  0.473 0.527 
1398 CP00018211    (0)    3 :  0.522 0.478 
1399 CP00018176    (0)    3 :  0.466 0.534 
1400 CP00018128    (0)    3 :  0.491 0.509 
1401 CP00018122    (0)    3 :  0.492 0.508 
1402 CP00018156    (0)    3 :  0.495 0.505 
1403 CP00018126    (3)    3 :  0.472 0.528 
1404 CP00018187    (0)    3 :  0.483 0.517 
1405 CP00018143    (0)    3 :  0.569 0.431 
1406 CP00018188    (0)    3 :  0.451 0.549 
1407 CP00018219    (0)    1 :  0.542 0.458 
1408 CP00018205    (0)    1 :  0.566 0.434 
1409 CP00018124    (0)    1 :  0.416 0.584 
1410 CP00018160    (0)    1 :  0.469 0.531 
1411 CP00018199    (0)    1 :  0.456 0.544 
1412 CP00018137    (0)    1 :  0.490 0.510 
1413 CP00018215    (0)    1 :  0.475 0.525 
1414 CP00018171    (0)    1 :  0.460 0.540 
1415 CP00018157    (0)    1 :  0.431 0.569 
1416 CP00018165    (0)    1 :  0.542 0.458 
1417 CP00018191    (0)    1 :  0.544 0.456 
1418 CP00018141    (0)    1 :  0.457 0.543 
1419 CP00018204    (0)    3 :  0.436 0.564 
1420 CP00018127    (0)    3 :  0.445 0.555 
1421 CP00018194    (0)    1 :  0.504 0.496 
1422 CP00018168    (0)    3 :  0.457 0.543 
1423 CP00018216    (0)    1 :  0.462 0.538 
1424 CP00018192    (0)    1 :  0.500 0.500 
1425 CP00018184    (0)    3 :  0.518 0.482 
1426 CP00018134    (0)    3 :  0.501 0.499 
1427 CP00018142    (0)    3 :  0.539 0.461 
1428 CP00018220    (0)    3 :  0.466 0.534 
1429 CP00018186    (0)    3 :  0.533 0.467 
1430 CP00018131    (0)    3 :  0.502 0.498 
1431 CP00018183    (0)    3 :  0.531 0.469 
1432 CP00018209    (0)    3 :  0.501 0.499 
1433 CP00018193    (0)    1 :  0.532 0.468 
1434 CP00018177    (0)    1 :  0.541 0.459 
1435 CP00018214    (0)    1 :  0.506 0.494 
1436 CP00018145    (0)    3 :  0.550 0.450 
1437 CP00018185    (0)    3 :  0.522 0.478 
1438 CP00018201    (0)    3 :  0.528 0.472 
1439 CP00018153    (0)    3 :  0.510 0.490 
1440 CP00018121    (0)    3 :  0.577 0.423 
1441 CP00018175    (0)    3 :  0.515 0.485 
1442 CP00018146    (0)    3 :  0.528 0.472 
1443 CP00018148    (0)    3 :  0.584 0.416 
1444 CP00018195    (0)    1 :  0.551 0.449 
1445 CP00018132    (0)    3 :  0.517 0.483 
1446 CP00018210    (0)    3 :  0.533 0.467 
1447 CP00018135    (0)    3 :  0.535 0.465 
1448 CP00018164    (0)    3 :  0.455 0.545 
1449 CP00018133    (0)    3 :  0.460 0.540 
1450 CP00018149    (0)    3 :  0.472 0.528 
1451 CP00018170    (0)    3 :  0.477 0.523 
1452 CP00018166    (0)    3 :  0.489 0.511 
1453 CP00018173    (0)    3 :  0.554 0.446 
1454 CP00018212    (0)    1 :  0.526 0.474 
1455 CP00018172    (0)    3 :  0.513 0.487 
1456 CP00018202    (0)    3 :  0.479 0.521 
1457 CP00018125    (0)    3 :  0.493 0.507 
1458 CP00018198    (0)    1 :  0.556 0.444 
1459 CP00018129    (0)    3 :  0.530 0.470 
1460 CP00018140    (0)    3 :  0.479 0.521 
1461 CP00018196    (0)    1 :  0.515 0.485 
1462 CP00018218    (0)    1 :  0.491 0.509 
1463 CP00017467    (0)    3 :  0.466 0.534 
1464 CP00017499    (0)    3 :  0.490 0.510 
1465 CP00017430    (0)    3 :  0.496 0.504 
1466 CP00017510    (0)    3 :  0.528 0.472 
1467 CP00017437    (0)    3 :  0.522 0.478 
1468 CP00017429    (0)    3 :  0.491 0.509 
1469 CP00017432    (0)    3 :  0.453 0.547 
1470 CP00017447    (0)    3 :  0.422 0.578 
1471 CP00017442    (0)    3 :  0.498 0.502 
1472 CP00017484    (0)    3 :  0.513 0.487 
1473 CP00017504    (0)    3 :  0.478 0.522 
1474 CP00017423    (0)    3 :  0.547 0.453 
1475 CP00017518    (0)    3 :  0.499 0.501 
1476 CP00017455    (0)    3 :  0.482 0.518 
1477 CP00017497    (0)    3 :  0.431 0.569 
1478 CP00017456    (0)    3 :  0.509 0.491 
1479 CP00017514    (0)    3 :  0.523 0.477 
1480 CP00017489    (0)    3 :  0.500 0.500 
1481 CP00017424    (0)    3 :  0.455 0.545 
1482 CP00017468    (0)    3 :  0.528 0.472 
1483 CP00017511    (0)    3 :  0.515 0.485 
1484 CP00017438    (0)    3 :  0.561 0.439 
1485 CP00017463    (0)    3 :  0.556 0.444 
1486 CP00017469    (0)    3 :  0.479 0.521 
1487 CP00017436    (0)    3 :  0.437 0.563 
1488 CP00017491    (0)    3 :  0.489 0.511 
1489 CP00017452    (0)    3 :  0.510 0.490 
1490 CP00017520    (0)    3 :  0.525 0.475 
1491 CP00017434    (0)    3 :  0.448 0.552 
1492 CP00017472    (0)    3 :  0.458 0.542 
1493 CP00017507    (0)    3 :  0.422 0.578 
1494 CP00017479    (0)    3 :  0.468 0.532 
1495 CP00017475    (0)    3 :  0.516 0.484 
1496 CP00017464    (0)    3 :  0.456 0.544 
1497 CP00017477    (0)    3 :  0.543 0.457 
1498 CP00017500    (0)    3 :  0.486 0.514 
1499 CP00017461    (0)    3 :  0.522 0.478 
1500 CP00017427    (0)    3 :  0.477 0.523 
1501 CP00017444    (0)    3 :  0.520 0.480 
1502 CP00017476    (0)    3 :  0.415 0.585 
1503 CP00017493    (0)    3 :  0.494 0.506 
1504 CP00017440    (0)    3 :  0.479 0.521 
1505 CP00017509    (0)    3 :  0.445 0.555 
1506 CP00017439    (0)    3 :  0.473 0.527 
1507 CP00017428    (0)    3 :  0.519 0.481 
1508 CP00017502    (0)    3 :  0.475 0.525 
1509 CP00017471    (0)    3 :  0.485 0.515 
1510 CP00017459    (0)    3 :  0.453 0.547 
1511 CP00017425    (0)    3 :  0.473 0.527 
1512 CP00017465    (0)    3 :  0.545 0.455 
1513 CP00017516    (0)    3 :  0.491 0.509 
1514 CP00017498    (0)    3 :  0.515 0.485 
1515 CP00017426    (0)    3 :  0.429 0.571 
1516 CP00017481    (0)    3 :  0.506 0.494 
1517 CP00017422    (0)    3 :  0.501 0.499 
1518 CP00017512    (0)    3 :  0.458 0.542 
1519 CP00017460    (0)    3 :  0.525 0.475 
1520 CP00017443    (0)    3 :  0.428 0.572 
1521 CP00017457    (0)    3 :  0.489 0.511 
1522 CP00017446    (0)    3 :  0.561 0.439 
1523 CP00017431    (0)    3 :  0.495 0.505 
1524 CP00017462    (0)    3 :  0.508 0.492 
1525 CP00017445    (0)    3 :  0.531 0.469 
1526 CP00017435    (0)    3 :  0.506 0.494 
1527 CP00017449    (0)    3 :  0.555 0.445 
1528 CP00017454    (0)    3 :  0.494 0.506 
1529 CP00017501    (0)    3 :  0.493 0.507 
1530 CP00017451    (0)    3 :  0.536 0.464 
1531 CP00017490    (0)    3 :  0.509 0.491 
1532 CP00017470    (0)    3 :  0.510 0.490 
1533 CP00017506    (0)    3 :  0.476 0.524 
1534 CP00017466    (0)    3 :  0.529 0.471 
1535 CP00017441    (0)    3 :  0.512 0.488 
1536 CP00017473    (0)    3 :  0.451 0.549 
1537 CP00017453    (0)    3 :  0.485 0.515 
1538 CP00017513    (0)    3 :  0.527 0.473 
1539 CP00017508    (0)    3 :  0.472 0.528 
1540 CP00017505    (0)    3 :  0.472 0.528 
1541 CP00017421    (0)    3 :  0.596 0.404 
1542 CP00017496    (0)    3 :  0.510 0.490 
1543 CP00017433    (0)    3 :  0.484 0.516 
1544 CP00017458    (0)    3 :  0.500 0.500 
1545 CP00017478    (0)    3 :  0.525 0.475 
1546 CP00017492    (0)    3 :  0.452 0.548 
1547 CP00017517    (0)    3 :  0.498 0.502 
1548 CP00017503    (0)    3 :  0.460 0.540 
1549 CP00017694    (0)    2 :  0.457 0.543 
1550 CP00017741    (0)    3 :  0.515 0.485 
1551 CP00017734    (0)    3 :  0.481 0.519 
1552 CP00017717    (0)    1 :  0.468 0.532 
1553 CP00017690    (0)    3 :  0.493 0.507 
1554 CP00017755    (0)    3 :  0.441 0.559 
1555 CP00017712    (0)    3 :  0.460 0.540 
1556 CP00017688    (0)    3 :  0.511 0.489 
1557 CP00017714    (0)    3 :  0.464 0.536 
1558 CP00017680    (0)    3 :  0.457 0.543 
1559 CP00017710    (0)    3 :  0.465 0.535 
1560 CP00017733    (0)    3 :  0.533 0.467 
1561 CP00017682    (0)    3 :  0.427 0.573 
1562 CP00017763    (0)    3 :  0.509 0.491 
1563 CP00017695    (0)    2 :  0.472 0.528 
1564 CP00017730    (0)    3 :  0.463 0.537 
1565 CP00017757    (0)    3 :  0.553 0.447 
1566 CP00017770    (0)    3 :  0.507 0.493 
1567 CP00017697    (0)    2 :  0.519 0.481 
1568 CP00017739    (0)    3 :  0.522 0.478 
1569 CP00017681    (0)    3 :  0.554 0.446 
1570 CP00017685    (0)    3 :  0.501 0.499 
1571 CP00017696    (0)    2 :  0.508 0.492 
1572 CP00017679    (0)    3 :  0.474 0.526 
1573 CP00017766    (0)    3 :  0.513 0.487 
1574 CP00017702    (0)    2 :  0.484 0.516 
1575 CP00017715    (0)    3 :  0.457 0.543 
1576 CP00017676    (0)    3 :  0.495 0.505 
1577 CP00017700    (0)    2 :  0.445 0.555 
1578 CP00017723    (0)    3 :  0.540 0.460 
1579 CP00017724    (0)    3 :  0.536 0.464 
1580 CP00017725    (0)    3 :  0.537 0.463 
1581 CP00017673    (0)    3 :  0.572 0.428 
1582 CP00017735    (0)    3 :  0.497 0.503 
1583 CP00017737    (0)    3 :  0.505 0.495 
1584 CP00017760    (0)    3 :  0.532 0.468 
1585 CP00017731    (0)    3 :  0.531 0.469 
1586 CP00017706    (0)    2 :  0.474 0.526 
1587 CP00017672    (0)    3 :  0.493 0.507 
1588 CP00017769    (0)    3 :  0.533 0.467 
1589 CP00017698    (0)    2 :  0.504 0.496 
1590 CP00017699    (0)    2 :  0.559 0.441 
1591 CP00017683    (0)    3 :  0.476 0.524 
1592 CP00017765    (0)    3 :  0.498 0.502 
1593 CP00017756    (0)    3 :  0.523 0.477 
1594 CP00017677    (0)    3 :  0.476 0.524 
1595 CP00017752    (0)    3 :  0.579 0.421 
1596 CP00017686    (0)    3 :  0.435 0.565 
1597 CP00017736    (0)    3 :  0.563 0.437 
1598 CP00017753    (0)    3 :  0.507 0.493 
1599 CP00017727    (0)    3 :  0.515 0.485 
1600 CP00017721    (0)    3 :  0.495 0.505 
1601 CP00017754    (0)    3 :  0.526 0.474 
1602 CP00017692    (0)    2 :  0.467 0.533 
1603 CP00017718    (0)    3 :  0.518 0.482 
1604 CP00017691    (0)    3 :  0.531 0.469 
1605 CP00017726    (0)    3 :  0.523 0.477 
1606 CP00017705    (0)    2 :  0.544 0.456 
1607 CP00017701    (0)    2 :  0.475 0.525 
1608 CP00017711    (0)    3 :  0.557 0.443 
1609 CP00017704    (0)    2 :  0.472 0.528 
1610 CP00017761    (0)    3 :  0.523 0.477 
1611 CP00017720    (0)    3 :  0.532 0.468 
1612 CP00017678    (0)    3 :  0.469 0.531 
1613 CP00017671    (0)    3 :  0.508 0.492 
1614 CP00017722    (0)    3 :  0.489 0.511 
1615 CP00017675    (0)    3 :  0.559 0.441 
1616 CP00017709    (0)    2 :  0.499 0.501 
1617 CP00017684    (0)    3 :  0.533 0.467 
1618 CP00017729    (0)    3 :  0.515 0.485 
1619 CP00017751    (0)    3 :  0.494 0.506 
1620 CP00017703    (3)    2 :  0.511 0.489 
1621 CP00017764    (0)    3 :  0.496 0.504 
1622 CP00017716    (0)    3 :  0.480 0.520 
1623 CP00017693    (0)    2 :  0.480 0.520 
1624 CP00017740    (0)    3 :  0.447 0.553 
1625 CP00017728    (0)    3 :  0.483 0.517 
1626 CP00017713    (0)    3 :  0.472 0.528 
1627 CP00017738    (0)    3 :  0.482 0.518 
1628 CP00017732    (0)    3 :  0.493 0.507 
1629 CP00017674    (0)    3 :  0.452 0.548 
1630 CP00017708    (0)    2 :  0.465 0.535 
1631 CP00015547    (0)    3 :  0.437 0.563 
1632 CP00015567    (0)    3 :  0.515 0.485 
1633 CP00015562    (0)    3 :  0.492 0.508 
1634 CP00015644    (0)    3 :  0.519 0.481 
1635 CP00015548    (0)    3 :  0.523 0.477 
1636 CP00015649    (0)    3 :  0.499 0.501 
1637 CP00015670    (0)    3 :  0.532 0.468 
1638 CP00015546    (0)    3 :  0.543 0.457 
1639 CP00015629    (0)    3 :  0.474 0.526 
1640 CP00015558    (0)    3 :  0.487 0.513 
1641 CP00015654    (0)    3 :  0.564 0.436 
1642 CP00015623    (0)    3 :  0.499 0.501 
1643 CP00015650    (0)    3 :  0.472 0.528 
1644 CP00015526    (0)    3 :  0.530 0.470 
1645 CP00015636    (0)    3 :  0.459 0.541 
1646 CP00015661    (0)    3 :  0.552 0.448 
1647 CP00015626    (0)    3 :  0.519 0.481 
1648 CP00015647    (0)    3 :  0.527 0.473 
1649 CP00015630    (0)    3 :  0.512 0.488 
1650 CP00015533    (0)    3 :  0.519 0.481 
1651 CP00015532    (0)    3 :  0.431 0.569 
1652 CP00015541    (0)    3 :  0.472 0.528 
1653 CP00015549    (0)    3 :  0.516 0.484 
1654 CP00015539    (0)    1 :  0.484 0.516 
1655 CP00015667    (0)    3 :  0.478 0.522 
1656 CP00015534    (0)    1 :  0.559 0.441 
1657 CP00015551    (0)    3 :  0.489 0.511 
1658 CP00015568    (0)    1 :  0.494 0.506 
1659 CP00015645    (0)    1 :  0.518 0.482 
1660 CP00015543    (0)    1 :  0.480 0.520 
1661 CP00015531    (0)    1 :  0.485 0.515 
1662 CP00015659    (0)    1 :  0.467 0.533 
1663 CP00015563    (0)    1 :  0.546 0.454 
1664 CP00015553    (0)    1 :  0.498 0.502 
1665 CP00015668    (0)    3 :  0.468 0.532 
1666 CP00015555    (0)    3 :  0.514 0.486 
1667 CP00015621    (0)    3 :  0.463 0.537 
1668 CP00015669    (0)    3 :  0.492 0.508 
1669 CP00015666    (0)    3 :  0.505 0.495 
1670 CP00015663    (0)    3 :  0.442 0.558 
1671 CP00015624    (0)    3 :  0.429 0.571 
1672 CP00015625    (0)    3 :  0.534 0.466 
1673 CP00015665    (0)    3 :  0.485 0.515 
1674 CP00015664    (0)    3 :  0.456 0.544 
1675 CP00015535    (0)    3 :  0.445 0.555 
1676 CP00015524    (0)    3 :  0.515 0.485 
1677 CP00015653    (0)    3 :  0.482 0.518 
1678 CP00015652    (0)    3 :  0.557 0.443 
1679 CP00015538    (0)    3 :  0.522 0.478 
1680 CP00015642    (0)    3 :  0.425 0.575 
1681 CP00015634    (0)    3 :  0.513 0.487 
1682 CP00015540    (0)    3 :  0.526 0.474 
1683 CP00015552    (0)    3 :  0.482 0.518 
1684 CP00015570    (0)    3 :  0.517 0.483 
1685 CP00015557    (0)    3 :  0.420 0.580 
1686 CP00015662    (0)    3 :  0.442 0.558 
1687 CP00015635    (0)    1 :  0.470 0.530 
1688 CP00015643    (0)    1 :  0.448 0.552 
1689 CP00015646    (0)    1 :  0.523 0.477 
1690 CP00015554    (0)    1 :  0.493 0.507 
1691 CP00015527    (0)    1 :  0.529 0.471 
1692 CP00015523    (0)    1 :  0.506 0.494 
1693 CP00015627    (0)    3 :  0.563 0.437 
1694 CP00015564    (0)    1 :  0.567 0.433 
1695 CP00015560    (0)    1 :  0.482 0.518 
1696 CP00015525    (0)    1 :  0.538 0.462 
1697 CP00015628    (0)    3 :  0.496 0.504 
1698 CP00015651    (0)    1 :  0.483 0.517 
1699 CP00017568    (0)    2 :  0.538 0.462 
1700 CP00017580    (0)    2 :  0.510 0.490 
1701 CP00017575    (0)    2 :  0.484 0.516 
1702 CP00017577    (0)    2 :  0.503 0.497 
1703 CP00017593    (0)    2 :  0.515 0.485 
1704 CP00017560    (0)    2 :  0.450 0.550 
1705 CP00017592    (0)    2 :  0.505 0.495 
1706 CP00017550    (0)    2 :  0.461 0.539 
1707 CP00017614    (0)    2 :  0.442 0.558 
1708 CP00017579    (0)    2 :  0.560 0.440 
1709 CP00017536    (0)    2 :  0.545 0.455 
1710 CP00017538    (0)    2 :  0.536 0.464 
1711 CP00017596    (0)    2 :  0.464 0.536 
1712 CP00017524    (0)    2 :  0.510 0.490 
1713 CP00017543    (0)    2 :  0.455 0.545 
1714 CP00017578    (0)    2 :  0.436 0.564 
1715 CP00017588    (0)    2 :  0.420 0.580 
1716 CP00017539    (0)    2 :  0.469 0.531 
1717 CP00017545    (0)    2 :  0.465 0.535 
1718 CP00017581    (0)    2 :  0.461 0.539 
1719 CP00017527    (0)    2 :  0.485 0.515 
1720 CP00017531    (0)    2 :  0.521 0.479 
1721 CP00017582    (0)    2 :  0.439 0.561 
1722 CP00017554    (0)    2 :  0.495 0.505 
1723 CP00017595    (0)    2 :  0.521 0.479 
1724 CP00017589    (0)    2 :  0.507 0.493 
1725 CP00017541    (0)    2 :  0.507 0.493 
1726 CP00017532    (0)    2 :  0.541 0.459 
1727 CP00017544    (0)    2 :  0.436 0.564 
1728 CP00017561    (0)    2 :  0.464 0.536 
1729 CP00017572    (0)    2 :  0.467 0.533 
1730 CP00017525    (0)    2 :  0.587 0.413 
1731 CP00017523    (0)    2 :  0.472 0.528 
1732 CP00017612    (0)    2 :  0.504 0.496 
1733 CP00017571    (0)    2 :  0.467 0.533 
1734 CP00017613    (0)    2 :  0.467 0.533 
1735 CP00017521    (0)    2 :  0.483 0.517 
1736 CP00017522    (0)    2 :  0.527 0.473 
1737 CP00017540    (0)    2 :  0.488 0.512 
1738 CP00017590    (0)    2 :  0.539 0.461 
1739 CP00017601    (0)    2 :  0.471 0.529 
1740 CP00017576    (0)    2 :  0.525 0.475 
1741 CP00017551    (0)    2 :  0.498 0.502 
1742 CP00017605    (0)    2 :  0.470 0.530 
1743 CP00017570    (0)    2 :  0.477 0.523 
1744 CP00017547    (0)    2 :  0.543 0.457 
1745 CP00017564    (0)    2 :  0.474 0.526 
1746 CP00017585    (0)    2 :  0.524 0.476 
1747 CP00017574    (0)    2 :  0.506 0.494 
1748 CP00017552    (0)    2 :  0.475 0.525 
1749 CP00017537    (0)    2 :  0.533 0.467 
1750 CP00017607    (0)    2 :  0.429 0.571 
1751 CP00017566    (0)    2 :  0.545 0.455 
1752 CP00017617    (0)    2 :  0.470 0.530 
1753 CP00017611    (0)    2 :  0.507 0.493 
1754 CP00017610    (0)    2 :  0.493 0.507 
1755 CP00017562    (0)    2 :  0.444 0.556 
1756 CP00017584    (0)    2 :  0.528 0.472 
1757 CP00017548    (0)    2 :  0.538 0.462 
1758 CP00017597    (0)    2 :  0.468 0.532 
1759 CP00017556    (0)    2 :  0.531 0.469 
1760 CP00017586    (0)    2 :  0.487 0.513 
1761 CP00017549    (0)    2 :  0.524 0.476 
1762 CP00017542    (0)    2 :  0.527 0.473 
1763 CP00017609    (0)    2 :  0.496 0.504 
1764 CP00017553    (0)    2 :  0.484 0.516 
1765 CP00017603    (0)    2 :  0.574 0.426 
1766 CP00017533    (0)    2 :  0.514 0.486 
1767 CP00017535    (0)    2 :  0.505 0.495 
1768 CP00017565    (0)    2 :  0.554 0.446 
1769 CP00017615    (0)    2 :  0.529 0.471 
1770 CP00017619    (0)    2 :  0.528 0.472 
1771 CP00017620    (0)    2 :  0.468 0.532 
1772 CP00017567    (0)    2 :  0.554 0.446 
1773 CP00017529    (0)    2 :  0.549 0.451 
1774 CP00017569    (0)    2 :  0.460 0.540 
1775 CP00017608    (0)    2 :  0.491 0.509 
1776 CP00017558    (0)    2 :  0.567 0.433 
1777 CP00017555    (0)    2 :  0.527 0.473 
1778 CP00017618    (0)    2 :  0.462 0.538 
1779 CP00017557    (0)    2 :  0.435 0.565 
1780 CP00017606    (0)    2 :  0.519 0.481 
1781 CP00017600    (0)    2 :  0.467 0.533 
1782 CP00017583    (0)    2 :  0.517 0.483 
1783 CP00017599    (0)    2 :  0.538 0.462 
1784 CP00017530    (0)    2 :  0.447 0.553 
1785 CP00017546    (0)    2 :  0.469 0.531 
1786 CP00017616    (0)    2 :  0.488 0.512 
1787 CP00017559    (0)    2 :  0.445 0.555 
1788 CP00017563    (0)    2 :  0.532 0.468 
1789 CP00017602    (0)    2 :  0.516 0.484 
1790 CP00017591    (0)    2 :  0.516 0.484 
1791 CP00017598    (0)    2 :  0.487 0.513 
1792 CP00017526    (0)    2 :  0.482 0.518 
1793 CP00017604    (0)    2 :  0.562 0.438 
1794 CP00015690    (0)    1 :  0.509 0.491 
1795 CP00015069    (3)    1 :  0.492 0.508 
1796 CP00015687    (0)    1 :  0.553 0.447 
1797 CP00015708    (0)    1 :  0.463 0.537 
1798 CP00015720    (0)    1 :  0.417 0.583 
1799 CP00049555    (0)    1 :  0.540 0.460 
1800 CP00049558    (0)    1 :  0.485 0.515 
1801 CP00015068    (0)    1 :  0.528 0.472 
1802 CP00015710    (0)    1 :  0.497 0.503 
1803 CP00049570    (0)    1 :  0.566 0.434 
1804 CP00049556    (0)    1 :  0.477 0.523 
1805 CP00049534    (0)    3 :  0.562 0.438 
1806 CP00049543    (0)    3 :  0.493 0.507 
1807 CP00049539    (0)    3 :  0.475 0.525 
1808 CP00049567    (0)    3 :  0.544 0.456 
1809 CP00015706    (0)    1 :  0.535 0.465 
1810 CP00015063    (0)    3 :  0.513 0.487 
1811 CP00015067    (0)    3 :  0.478 0.522 
1812 CP00049536    (0)    3 :  0.426 0.574 
1813 CP00049560    (0)    3 :  0.441 0.559 
1814 CP00049529    (0)    3 :  0.524 0.476 
1815 CP00015699    (0)    1 :  0.487 0.513 
1816 CP00015066    (0)    3 :  0.525 0.475 
1817 CP00015712    (0)    1 :  0.506 0.494 
1818 CP00049526    (0)    3 :  0.545 0.455 
1819 CP00049562    (0)    3 :  0.483 0.517 
1820 CP00049525    (0)    3 :  0.491 0.509 
1821 CP00015689    (0)    1 :  0.507 0.493 
1822 CP00049544    (0)    3 :  0.498 0.502 
1823 CP00049545    (0)    3 :  0.498 0.502 
1824 CP00049541    (0)    3 :  0.530 0.470 
1825 CP00049528    (0)    3 :  0.454 0.546 
1826 CP00049521    (0)    3 :  0.484 0.516 
1827 CP00015709    (0)    1 :  0.443 0.557 
1828 CP00015716    (0)    1 :  0.518 0.482 
1829 CP00015688    (0)    1 :  0.475 0.525 
1830 CP00015700    (0)    1 :  0.534 0.466 
1831 CP00049549    (0)    3 :  0.505 0.495 
1832 CP00049550    (0)    3 :  0.532 0.468 
1833 CP00015070    (0)    3 :  0.508 0.492 
1834 CP00015686    (0)    1 :  0.465 0.535 
1835 CP00015062    (0)    3 :  0.464 0.536 
1836 CP00049563    (0)    3 :  0.513 0.487 
1837 CP00049537    (0)    3 :  0.473 0.527 
1838 CP00049551    (0)    3 :  0.524 0.476 
1839 CP00049535    (0)    3 :  0.471 0.529 
1840 CP00015719    (0)    1 :  0.429 0.571 
1841 CP00015697    (0)    1 :  0.521 0.479 
1842 CP00015714    (0)    1 :  0.467 0.533 
1843 CP00015715    (0)    1 :  0.485 0.515 
1844 CP00049559    (0)    3 :  0.531 0.469 
1845 CP00049566    (0)    3 :  0.506 0.494 
1846 CP00049542    (0)    3 :  0.479 0.521 
1847 CP00049530    (0)    3 :  0.512 0.488 
1848 CP00049532    (0)    3 :  0.539 0.461 
1849 CP00049554    (0)    3 :  0.498 0.502 
1850 CP00049564    (0)    3 :  0.482 0.518 
1851 CP00015702    (0)    1 :  0.510 0.490 
1852 CP00015681    (0)    1 :  0.504 0.496 
1853 CP00015718    (0)    1 :  0.533 0.467 
1854 CP00015698    (0)    1 :  0.512 0.488 
1855 CP00049531    (0)    3 :  0.463 0.537 
1856 CP00049548    (0)    3 :  0.516 0.484 
1857 CP00015695    (0)    1 :  0.510 0.490 
1858 CP00015692    (0)    1 :  0.490 0.510 
1859 CP00015693    (0)    1 :  0.483 0.517 
1860 CP00049522    (0)    3 :  0.484 0.516 
1861 CP00049546    (0)    3 :  0.554 0.446 
1862 CP00049557    (0)    3 :  0.536 0.464 
1863 CP00049533    (0)    3 :  0.495 0.505 
1864 CP00015683    (0)    1 :  0.547 0.453 
1865 CP00015713    (0)    1 :  0.506 0.494 
1866 CP00015684    (0)    1 :  0.546 0.454 
1867 CP00015696    (0)    1 :  0.528 0.472 
1868 CP00049538    (0)    3 :  0.532 0.468 
1869 CP00015705    (0)    1 :  0.575 0.425 
1870 CP00015691    (0)    1 :  0.485 0.515 
1871 CP00049547    (0)    1 :  0.465 0.535 
1872 CP00015065    (0)    1 :  0.539 0.461 
1873 CP00049540    (0)    1 :  0.554 0.446 
1874 CP00015703    (0)    1 :  0.551 0.449 
1875 CP00049552    (0)    1 :  0.487 0.513 
1876 CP00015682    (0)    1 :  0.496 0.504 
1877 CP00015064    (0)    3 :  0.451 0.549 
1878 CP00015685    (0)    1 :  0.513 0.487 
1879 CP00015061    (0)    3 :  0.440 0.560 
1880 CP00021003    (0)    1 :  0.533 0.467 
1881 CP00021007    (0)    1 :  0.514 0.486 
1882 CP00021019    (0)    1 :  0.493 0.507 
1883 CP00020975    (0)    1 :  0.489 0.511 
1884 CP00020971    (0)    1 :  0.471 0.529 
1885 CP00020972    (0)    1 :  0.512 0.488 
1886 CP00020973    (0)    1 :  0.486 0.514 
1887 CP00021002    (0)    1 :  0.492 0.508 
1888 CP00021008    (0)    1 :  0.477 0.523 
1889 CP00021020    (0)    1 :  0.541 0.459 
1890 CP00021016    (0)    1 :  0.565 0.435 
1891 CP00020999    (0)    1 :  0.525 0.475 
1892 CP00021000    (0)    1 :  0.570 0.430 
1893 CP00020996    (0)    1 :  0.534 0.466 
1894 CP00021005    (0)    1 :  0.504 0.496 
1895 CP00020976    (0)    1 :  0.495 0.505 
1896 CP00021009    (0)    1 :  0.526 0.474 
1897 CP00021010    (0)    1 :  0.542 0.458 
1898 CP00020998    (0)    1 :  0.504 0.496 
1899 CP00020997    (0)    1 :  0.516 0.484 
1900 CP00021017    (0)    1 :  0.492 0.508 
1901 CP00021018    (0)    1 :  0.559 0.441 
1902 CP00020974    (0)    1 :  0.452 0.548 
1903 CP00021015    (0)    1 :  0.522 0.478 
1904 CP00021006    (0)    1 :  0.512 0.488 
1905 CP00020991    (0)    1 :  0.462 0.538 
1906 CP00020977    (0)    1 :  0.567 0.433 
1907 CP00020993    (0)    1 :  0.523 0.477 
1908 CP00020995    (0)    1 :  0.500 0.500 
1909 CP00021004    (0)    1 :  0.442 0.558 
1910 CP00020992    (3)    1 :  0.560 0.440 
1911 CP00021001    (0)    1 :  0.449 0.551 
1912 CP00020866    (0)    3 :  0.480 0.520 
1913 CP00020822    (0)    3 :  0.484 0.516 
1914 CP00072624    (0)    3 :  0.440 0.560 
1915 CP00072595    (0)    2 :  0.484 0.516 
1916 CP00072586    (0)    2 :  0.477 0.523 
1917 CP00072605    (0)    3 :  0.565 0.435 
1918 CP00072615    (0)    3 :  0.523 0.477 
1919 CP00072633    (0)    1 :  0.556 0.444 
1920 CP00072589    (0)    2 :  0.484 0.516 
1921 CP00072630    (0)    3 :  0.534 0.466 
1922 CP00072593    (0)    2 :  0.484 0.516 
1923 CP00072614    (0)    3 :  0.491 0.509 
1924 CP00072617    (0)    3 :  0.535 0.465 
1925 CP00072618    (0)    3 :  0.520 0.480 
1926 CP00072583    (0)    2 :  0.541 0.459 
1927 CP00072637    (0)    1 :  0.495 0.505 
1928 CP00072612    (0)    3 :  0.500 0.500 
1929 CP00072579    (0)    1 :  0.495 0.505 
1930 CP00072629    (0)    3 :  0.482 0.518 
1931 CP00072607    (0)    3 :  0.499 0.501 
1932 CP00072613    (0)    3 :  0.470 0.530 
1933 CP00072644    (0)    3 :  0.541 0.459 
1934 CP00072627    (0)    3 :  0.463 0.537 
1935 CP00072584    (0)    2 :  0.486 0.514 
1936 CP00072611    (0)    3 :  0.512 0.488 
1937 CP00072578    (0)    1 :  0.563 0.437 
1938 CP00072608    (0)    3 :  0.543 0.457 
1939 CP00072628    (0)    3 :  0.451 0.549 
1940 CP00072606    (0)    3 :  0.410 0.590 
1941 CP00072645    (0)    3 :  0.526 0.474 
1942 CP00072638    (0)    1 :  0.512 0.488 
1943 CP00072580    (0)    1 :  0.500 0.500 
1944 CP00072588    (0)    2 :  0.498 0.502 
1945 CP00072591    (0)    2 :  0.493 0.507 
1946 CP00072590    (0)    2 :  0.499 0.501 
1947 CP00072592    (0)    2 :  0.474 0.526 
1948 CP00072582    (0)    1 :  0.476 0.524 
1949 CP00072609    (0)    3 :  0.465 0.535 
1950 CP00072635    (0)    1 :  0.449 0.551 
1951 CP00072647    (0)    1 :  0.443 0.557 
1952 CP00072585    (0)    2 :  0.526 0.474 
1953 CP00072587    (0)    2 :  0.516 0.484 
1954 CP00072639    (0)    1 :  0.451 0.549 
1955 CP00072640    (0)    1 :  0.521 0.479 
1956 CP00072625    (0)    3 :  0.541 0.459 
1957 CP00072576    (0)    1 :  0.496 0.504 
1958 CP00072634    (0)    1 :  0.511 0.489 
1959 CP00072619    (0)    3 :  0.537 0.463 
1960 CP00072621    (0)    3 :  0.540 0.460 
1961 CP00072571    (0)    1 :  0.478 0.522 
1962 CP00072646    (0)    1 :  0.571 0.429 
1963 CP00072622    (0)    1 :  0.531 0.469 
1964 CP00072577    (0)    1 :  0.472 0.528 
1965 CP00072610    (0)    3 :  0.554 0.446 
1966 CP00072620    (0)    3 :  0.568 0.432 
1967 CP00072616    (0)    3 :  0.436 0.564 
1968 CP00072623    (0)    3 :  0.517 0.483 
1969 CP00072626    (0)    3 :  0.560 0.440 
1970 CP00072641    (0)    1 :  0.503 0.497 
1971 CP00072642    (0)    3 :  0.510 0.490 
1972 CP00072157    (0)    3 :  0.533 0.467 
1973 CP00072132    (0)    3 :  0.510 0.490 
1974 CP00072144    (0)    3 :  0.522 0.478 
1975 CP00072148    (0)    3 :  0.554 0.446 
1976 CP00072169    (0)    3 :  0.498 0.502 
1977 CP00072133    (0)    3 :  0.510 0.490 
1978 CP00072139    (0)    3 :  0.537 0.463 
1979 CP00072155    (0)    1 :  0.492 0.508 
1980 CP00072143    (0)    1 :  0.397 0.603 
1981 CP00072136    (0)    1 :  0.555 0.445 
1982 CP00075424    (0)    1 :  0.451 0.549 
1983 CP00075416    (0)    1 :  0.501 0.499 
1984 CP00075420    (0)    1 :  0.505 0.495 
1985 CP00072159    (0)    1 :  0.468 0.532 
1986 CP00072137    (0)    1 :  0.517 0.483 
1987 CP00075415    (0)    1 :  0.524 0.476 
1988 CP00072131    (0)    1 :  0.550 0.450 
1989 CP00072156    (0)    1 :  0.490 0.510 
1990 CP00072134    (0)    1 :  0.498 0.502 
1991 CP00072138    (0)    1 :  0.516 0.484 
1992 CP00072142    (0)    1 :  0.437 0.563 
1993 CP00072168    (0)    1 :  0.441 0.559 
1994 CP00072153    (0)    1 :  0.500 0.500 
1995 CP00072154    (0)    1 :  0.429 0.571 
1996 CP00072166    (0)    1 :  0.502 0.498 
1997 CP00075417    (0)    2 :  0.453 0.547 
1998 CP00072152    (0)    2 :  0.502 0.498 
1999 CP00072160    (0)    2 :  0.452 0.548 
2000 CP00072149    (0)    2 :  0.427 0.573 

Command line arguments:   ./structure -m mainparams_primary -e extraparams_primary -i Albania_2000_STRUCTURE.txt -o primary_output/Albania_primary_K02_rep14 -K 2 -N 2000 -L 16 -D 20262819 
Input File:    Albania_2000_STRUCTURE.txt
Output File:   primary_output/Albania_primary_K02_rep14_f

Run parameters:
   2000 individuals
   16 loci
   2 populations assumed
   100000 Burn-in period
   500000 Reps
RANDOMIZE turned off

--------------------------------------------
Estimated Ln Prob of Data   = -128824.2
Mean value of ln likelihood = -125509.7
Variance of ln likelihood   = 6628.9
Mean value of alpha         = 7.4118

Mean value of Fst_1         = 0.0645
Mean value of Fst_2         = 0.0063


--------------------------------------------
Proportion of membership of each pre-defined
 population in each of the 2 clusters

Given    Inferred Clusters       Number of
 Pop       1      2             Individuals

  1:     0.501  0.499             358
  2:     0.502  0.498             1039
  3:     0.499  0.501             603
--------------------------------------------
Final results printed to file primary_output/Albania_primary_K02_rep14_f

