

----------------------------------------------------
STRUCTURE by Pritchard, Stephens and Donnelly (2000)
     and Falush, Stephens and Pritchard (2003)
       Code by Pritchard, Falush and Hubisz
             Version 2.3.4 (Jul 2012)
----------------------------------------------------


Reading file "mainparams_primary".
datafile is
Albania_2000_STRUCTURE.txt
Reading file "extraparams_primary".
Reading file "Albania_2000_STRUCTURE.txt".


Data file "Albania_2000_STRUCTURE.txt" (truncated) --

Ind:   Label Pop : Genotype_data . . . .
  1: CP00019943    2  : 93 170 150 120 100 110 120  . . . . 242
  1: CP00019943    2  : 93 230 160 130 110 140 130  . . . . 302
  2: CP00019945    2  : 60 190 180 130 120 140 132  . . . . 200
  2: CP00019945    2  : 93 200 180 140 120 180 150  . . . . 302
  3: CP00019948    2  : 60 170 160 120  90 120 140  . . . . 190
  3: CP00019948    2  : 80 250 180 140 120 180 150  . . . . 252
  4: CP00019939    2  : 60 170 150 140 120 160 140  . . . . 200
  4: CP00019939    2  : 90 200 180 150 120 170 140  . . . . 232

      *******   

1999: CP00072160    2  : 80 160 160 110  90 120 140  . . . . 190
1999: CP00072160    2  : 93 170 170 120 110 160 142  . . . . 200
2000: CP00072149    2  : 60 160 150 120  90 110 140  . . . . 180
2000: CP00072149    2  : 60 160 180 150 120 140 150  . . . . 262

Number of alleles per locus: min= 6; ave=15.4; max=55


--------------------------------------

Finished initialization; starting MCMC 
500000 iterations + 100000 burnin


--------------------------------------------
Proportion of membership of each pre-defined
 population in each of the 2 clusters

Given    Inferred Clusters       Number of
 Pop       1      2             Individuals

  1:     0.509  0.491             358
  2:     0.499  0.501             1039
  3:     0.509  0.491             603
--------------------------------------------

 Rep#:   Lambda   Alpha      F1    F2     D1,2    Ln Like 
  100:    1.00    1.351    0.006 0.007    0.005   --  
  200:    1.00    1.115    0.005 0.007    0.005   --  
  300:    1.00    1.197    0.005 0.007    0.005   --  
  400:    1.00    1.216    0.006 0.007    0.005   --  
  500:    1.00    1.222    0.005 0.007    0.004   --  
  600:    1.00    1.050    0.005 0.007    0.004   --  
  700:    1.00    1.091    0.005 0.007    0.004   --  
  800:    1.00    1.119    0.004 0.008    0.005   --  
  900:    1.00    1.438    0.004 0.012    0.008   --  

--------------------------------------------
Proportion of membership of each pre-defined
 population in each of the 2 clusters

Given    Inferred Clusters       Number of
 Pop       1      2             Individuals

  1:     0.508  0.492             358
  2:     0.482  0.518             1039
  3:     0.511  0.489             603
--------------------------------------------

 Rep#:   Lambda   Alpha      F1    F2     D1,2    Ln Like 
 1000:    1.00    1.354    0.004 0.012    0.006   --  
 1100:    1.00    1.550    0.006 0.012    0.009   --  
 1200:    1.00    1.429    0.012 0.010    0.006   --  
 1300:    1.00    1.387    0.012 0.009    0.011   --  
 1400:    1.00    1.484    0.011 0.010    0.006   --  
 1500:    1.00    1.507    0.010 0.011    0.006   --  
 1600:    1.00    1.394    0.008 0.015    0.009   --  
 1700:    1.00    1.241    0.008 0.015    0.008   --  
 1800:    1.00    1.381    0.008 0.013    0.009   --  
 1900:    1.00    1.332    0.008 0.015    0.008   --  

--------------------------------------------
Proportion of membership of each pre-defined
 population in each of the 2 clusters

Given    Inferred Clusters       Number of
 Pop       1      2             Individuals

  1:     0.507  0.493             358
  2:     0.507  0.493             1039
  3:     0.496  0.504             603
--------------------------------------------

 Rep#:   Lambda   Alpha      F1    F2     D1,2    Ln Like 
 2000:    1.00    1.533    0.008 0.013    0.009   --  
 2100:    1.00    1.713    0.008 0.014    0.009   --  
 2200:    1.00    1.790    0.008 0.021    0.009   --  
 2300:    1.00    1.699    0.008 0.021    0.013   --  
 2400:    1.00    1.762    0.014 0.024    0.013   --  
 2500:    1.00    1.985    0.010 0.023    0.012   --  
 2600:    1.00    1.971    0.013 0.025    0.014   --  
 2700:    1.00    1.787    0.012 0.027    0.010   --  
 2800:    1.00    2.143    0.014 0.027    0.015   --  
 2900:    1.00    2.547    0.011 0.031    0.015   --  

--------------------------------------------
Proportion of membership of each pre-defined
 population in each of the 2 clusters

Given    Inferred Clusters       Number of
 Pop       1      2             Individuals

  1:     0.501  0.499             358
  2:     0.501  0.499             1039
  3:     0.508  0.492             603
--------------------------------------------

 Rep#:   Lambda   Alpha      F1    F2     D1,2    Ln Like 
 3000:    1.00    2.434    0.012 0.022    0.017   --  
 3100:    1.00    2.394    0.015 0.038    0.015   --  
 3200:    1.00    2.602    0.015 0.033    0.018   --  
 3300:    1.00    2.381    0.017 0.039    0.019   --  
 3400:    1.00    2.534    0.017 0.034    0.018   --  
 3500:    1.00    2.693    0.015 0.026    0.013   --  
 3600:    1.00    2.601    0.018 0.034    0.021   --  
 3700:    1.00    2.773    0.018 0.035    0.017   --  
 3800:    1.00    2.810    0.019 0.031    0.019   --  
 3900:    1.00    2.766    0.021 0.024    0.018   --  

--------------------------------------------
Proportion of membership of each pre-defined
 population in each of the 2 clusters

Given    Inferred Clusters       Number of
 Pop       1      2             Individuals

  1:     0.502  0.498             358
  2:     0.503  0.497             1039
  3:     0.499  0.501             603
--------------------------------------------

 Rep#:   Lambda   Alpha      F1    F2     D1,2    Ln Like 
 4000:    1.00    2.758    0.027 0.022    0.021   --  
 4100:    1.00    2.959    0.025 0.026    0.022   --  
 4200:    1.00    2.927    0.023 0.034    0.016   --  
 4300:    1.00    3.395    0.021 0.026    0.020   --  
 4400:    1.00    2.996    0.029 0.020    0.024   --  
 4500:    1.00    2.974    0.027 0.024    0.025   --  
 4600:    1.00    3.324    0.029 0.025    0.021   --  
 4700:    1.00    3.616    0.028 0.029    0.022   --  
 4800:    1.00    3.745    0.028 0.030    0.020   --  
 4900:    1.00    4.105    0.032 0.032    0.022   --  

--------------------------------------------
Proportion of membership of each pre-defined
 population in each of the 2 clusters

Given    Inferred Clusters       Number of
 Pop       1      2             Individuals

  1:     0.511  0.489             358
  2:     0.497  0.503             1039
  3:     0.496  0.504             603
--------------------------------------------

 Rep#:   Lambda   Alpha      F1    F2     D1,2    Ln Like 
 5000:    1.00    3.873    0.046 0.019    0.023   --  
 5100:    1.00    3.841    0.045 0.023    0.025   --  
 5200:    1.00    4.530    0.045 0.029    0.022   --  
 5300:    1.00    4.355    0.035 0.044    0.027   --  
 5400:    1.00    4.305    0.037 0.041    0.031   --  
 5500:    1.00    4.110    0.042 0.033    0.022   --  
 5600:    1.00    4.294    0.037 0.031    0.036   --  
 5700:    1.00    4.327    0.038 0.034    0.033   --  
 5800:    1.00    4.224    0.032 0.048    0.025   --  
 5900:    1.00    4.414    0.026 0.065    0.028   --  

--------------------------------------------
Proportion of membership of each pre-defined
 population in each of the 2 clusters

Given    Inferred Clusters       Number of
 Pop       1      2             Individuals

  1:     0.497  0.503             358
  2:     0.501  0.499             1039
  3:     0.501  0.499             603
--------------------------------------------

 Rep#:   Lambda   Alpha      F1    F2     D1,2    Ln Like 
 6000:    1.00    4.526    0.028 0.051    0.037   --  
 6100:    1.00    4.592    0.024 0.078    0.040   --  
 6200:    1.00    5.069    0.028 0.059    0.039   --  
 6300:    1.00    5.162    0.029 0.070    0.037   --  
 6400:    1.00    4.965    0.028 0.061    0.036   --  
 6500:    1.00    5.144    0.028 0.056    0.032   --  
 6600:    1.00    4.696    0.024 0.059    0.033   --  
 6700:    1.00    4.684    0.021 0.050    0.025   --  
 6800:    1.00    4.408    0.028 0.044    0.034   --  
 6900:    1.00    4.477    0.036 0.047    0.030   --  

--------------------------------------------
Proportion of membership of each pre-defined
 population in each of the 2 clusters

Given    Inferred Clusters       Number of
 Pop       1      2             Individuals

  1:     0.506  0.494             358
  2:     0.505  0.495             1039
  3:     0.502  0.498             603
--------------------------------------------

 Rep#:   Lambda   Alpha      F1    F2     D1,2    Ln Like 
 7000:    1.00    4.692    0.033 0.035    0.027   --  
 7100:    1.00    4.865    0.031 0.037    0.029   --  
 7200:    1.00    4.754    0.022 0.038    0.026   --  
 7300:    1.00    4.899    0.024 0.040    0.024   --  
 7400:    1.00    4.483    0.025 0.052    0.026   --  
 7500:    1.00    4.756    0.029 0.068    0.034   --  
 7600:    1.00    4.354    0.032 0.043    0.028   --  
 7700:    1.00    4.410    0.023 0.053    0.029   --  
 7800:    1.00    4.420    0.020 0.057    0.028   --  
 7900:    1.00    4.691    0.028 0.049    0.026   --  

--------------------------------------------
Proportion of membership of each pre-defined
 population in each of the 2 clusters

Given    Inferred Clusters       Number of
 Pop       1      2             Individuals

  1:     0.503  0.497             358
  2:     0.499  0.501             1039
  3:     0.499  0.501             603
--------------------------------------------

 Rep#:   Lambda   Alpha      F1    F2     D1,2    Ln Like 
 8000:    1.00    4.664    0.030 0.063    0.027   --  
 8100:    1.00    4.664    0.028 0.054    0.028   --  
 8200:    1.00    4.519    0.037 0.047    0.042   --  
 8300:    1.00    4.566    0.030 0.064    0.029   --  
 8400:    1.00    4.830    0.036 0.072    0.037   --  
 8500:    1.00    5.123    0.033 0.061    0.035   --  
 8600:    1.00    5.183    0.033 0.053    0.033   --  
 8700:    1.00    5.393    0.026 0.070    0.043   --  
 8800:    1.00    5.453    0.037 0.069    0.035   --  
 8900:    1.00    5.433    0.037 0.060    0.040   --  

--------------------------------------------
Proportion of membership of each pre-defined
 population in each of the 2 clusters

Given    Inferred Clusters       Number of
 Pop       1      2             Individuals

  1:     0.506  0.494             358
  2:     0.498  0.502             1039
  3:     0.506  0.494             603
--------------------------------------------

 Rep#:   Lambda   Alpha      F1    F2     D1,2    Ln Like 
 9000:    1.00    5.750    0.040 0.048    0.044   --  
 9100:    1.00    5.696    0.053 0.052    0.042   --  
 9200:    1.00    6.038    0.038 0.039    0.030   --  
 9300:    1.00    6.241    0.040 0.057    0.031   --  
 9400:    1.00    6.200    0.032 0.057    0.034   --  
 9500:    1.00    6.333    0.059 0.042    0.033   --  
 9600:    1.00    6.302    0.047 0.048    0.032   --  
 9700:    1.00    6.333    0.040 0.052    0.030   --  
 9800:    1.00    6.436    0.050 0.052    0.033   --  
 9900:    1.00    6.564    0.035 0.060    0.041   --  

--------------------------------------------
Proportion of membership of each pre-defined
 population in each of the 2 clusters

Given    Inferred Clusters       Number of
 Pop       1      2             Individuals

  1:     0.506  0.494             358
  2:     0.501  0.499             1039
  3:     0.501  0.499             603
--------------------------------------------

 Rep#:   Lambda   Alpha      F1    F2     D1,2    Ln Like 
10000:    1.00    6.870    0.057 0.049    0.038   --  
10100:    1.00    7.087    0.047 0.042    0.043   --  
10200:    1.00    7.084    0.045 0.048    0.039   --  
10300:    1.00    7.098    0.045 0.064    0.048   --  
10400:    1.00    6.928    0.040 0.063    0.035   --  
10500:    1.00    6.801    0.033 0.071    0.037   --  
10600:    1.00    6.593    0.033 0.073    0.042   --  
10700:    1.00    6.344    0.032 0.058    0.044   --  
10800:    1.00    6.275    0.035 0.076    0.035   --  
10900:    1.00    6.310    0.023 0.059    0.036   --  

--------------------------------------------
Proportion of membership of each pre-defined
 population in each of the 2 clusters

Given    Inferred Clusters       Number of
 Pop       1      2             Individuals

  1:     0.509  0.491             358
  2:     0.498  0.502             1039
  3:     0.507  0.493             603
--------------------------------------------

 Rep#:   Lambda   Alpha      F1    F2     D1,2    Ln Like 
11000:    1.00    5.810    0.027 0.048    0.033   --  
11100:    1.00    5.559    0.030 0.071    0.039   --  
11200:    1.00    5.800    0.025 0.043    0.037   --  
11300:    1.00    5.795    0.042 0.040    0.034   --  
11400:    1.00    5.719    0.050 0.049    0.034   --  
11500:    1.00    5.833    0.051 0.044    0.031   --  
11600:    1.00    6.097    0.046 0.042    0.042   --  
11700:    1.00    6.284    0.038 0.031    0.030   --  
11800:    1.00    6.345    0.034 0.045    0.033   --  
11900:    1.00    6.277    0.027 0.054    0.031   --  

--------------------------------------------
Proportion of membership of each pre-defined
 population in each of the 2 clusters

Given    Inferred Clusters       Number of
 Pop       1      2             Individuals

  1:     0.498  0.502             358
  2:     0.497  0.503             1039
  3:     0.501  0.499             603
--------------------------------------------

 Rep#:   Lambda   Alpha      F1    F2     D1,2    Ln Like 
12000:    1.00    6.555    0.034 0.066    0.031   --  
12100:    1.00    6.412    0.043 0.059    0.040   --  
12200:    1.00    6.202    0.042 0.055    0.039   --  
12300:    1.00    6.619    0.035 0.051    0.031   --  
12400:    1.00    6.475    0.045 0.054    0.033   --  
12500:    1.00    6.373    0.048 0.053    0.041   --  
12600:    1.00    6.530    0.050 0.044    0.046   --  
12700:    1.00    6.709    0.056 0.077    0.044   --  
12800:    1.00    6.789    0.048 0.060    0.045   --  
12900:    1.00    6.967    0.032 0.075    0.043   --  

--------------------------------------------
Proportion of membership of each pre-defined
 population in each of the 2 clusters

Given    Inferred Clusters       Number of
 Pop       1      2             Individuals

  1:     0.495  0.505             358
  2:     0.501  0.499             1039
  3:     0.499  0.501             603
--------------------------------------------

 Rep#:   Lambda   Alpha      F1    F2     D1,2    Ln Like 
13000:    1.00    7.296    0.041 0.077    0.052   --  
13100:    1.00    7.585    0.044 0.068    0.056   --  
13200:    1.00    7.092    0.038 0.073    0.043   --  
13300:    1.00    7.038    0.030 0.100    0.039   --  
13400:    1.00    7.271    0.029 0.082    0.048   --  
13500:    1.00    7.321    0.026 0.086    0.045   --  
13600:    1.00    7.574    0.031 0.093    0.053   --  
13700:    1.00    7.580    0.030 0.097    0.044   --  
13800:    1.00    7.390    0.032 0.090    0.045   --  
13900:    1.00    7.193    0.034 0.098    0.043   --  

--------------------------------------------
Proportion of membership of each pre-defined
 population in each of the 2 clusters

Given    Inferred Clusters       Number of
 Pop       1      2             Individuals

  1:     0.506  0.494             358
  2:     0.505  0.495             1039
  3:     0.504  0.496             603
--------------------------------------------

 Rep#:   Lambda   Alpha      F1    F2     D1,2    Ln Like 
14000:    1.00    6.974    0.043 0.070    0.042   --  
14100:    1.00    6.517    0.055 0.062    0.041   --  
14200:    1.00    5.923    0.059 0.066    0.051   --  
14300:    1.00    5.815    0.050 0.046    0.042   --  
14400:    1.00    6.141    0.065 0.049    0.046   --  
14500:    1.00    6.136    0.045 0.040    0.039   --  
14600:    1.00    6.139    0.048 0.056    0.029   --  
14700:    1.00    6.081    0.053 0.067    0.040   --  
14800:    1.00    5.789    0.045 0.062    0.037   --  
14900:    1.00    5.719    0.044 0.065    0.037   --  

--------------------------------------------
Proportion of membership of each pre-defined
 population in each of the 2 clusters

Given    Inferred Clusters       Number of
 Pop       1      2             Individuals

  1:     0.497  0.503             358
  2:     0.498  0.502             1039
  3:     0.492  0.508             603
--------------------------------------------

 Rep#:   Lambda   Alpha      F1    F2     D1,2    Ln Like 
15000:    1.00    5.477    0.053 0.065    0.035   --  
15100:    1.00    5.418    0.046 0.068    0.033   --  
15200:    1.00    5.408    0.030 0.078    0.035   --  
15300:    1.00    4.989    0.033 0.059    0.037   --  
15400:    1.00    4.820    0.032 0.042    0.033   --  
15500:    1.00    4.815    0.036 0.037    0.032   --  
15600:    1.00    4.788    0.050 0.030    0.025   --  
15700:    1.00    5.077    0.043 0.040    0.034   --  
15800:    1.00    5.256    0.040 0.049    0.033   --  
15900:    1.00    5.453    0.040 0.056    0.044   --  

--------------------------------------------
Proportion of membership of each pre-defined
 population in each of the 2 clusters

Given    Inferred Clusters       Number of
 Pop       1      2             Individuals

  1:     0.495  0.505             358
  2:     0.500  0.500             1039
  3:     0.507  0.493             603
--------------------------------------------

 Rep#:   Lambda   Alpha      F1    F2     D1,2    Ln Like 
16000:    1.00    5.605    0.025 0.054    0.026   --  
16100:    1.00    5.831    0.027 0.072    0.036   --  
16200:    1.00    5.621    0.033 0.078    0.040   --  
16300:    1.00    5.765    0.028 0.065    0.038   --  
16400:    1.00    5.964    0.020 0.068    0.039   --  
16500:    1.00    5.797    0.023 0.070    0.032   --  
16600:    1.00    5.882    0.029 0.063    0.040   --  
16700:    1.00    5.761    0.020 0.070    0.042   --  
16800:    1.00    5.514    0.020 0.089    0.037   --  
16900:    1.00    5.809    0.023 0.064    0.036   --  

--------------------------------------------
Proportion of membership of each pre-defined
 population in each of the 2 clusters

Given    Inferred Clusters       Number of
 Pop       1      2             Individuals

  1:     0.501  0.499             358
  2:     0.495  0.505             1039
  3:     0.498  0.502             603
--------------------------------------------

 Rep#:   Lambda   Alpha      F1    F2     D1,2    Ln Like 
17000:    1.00    6.104    0.029 0.044    0.038   --  
17100:    1.00    6.530    0.031 0.066    0.043   --  
17200:    1.00    6.699    0.030 0.049    0.033   --  
17300:    1.00    6.725    0.029 0.060    0.044   --  
17400:    1.00    6.840    0.040 0.089    0.038   --  
17500:    1.00    6.352    0.043 0.067    0.039   --  
17600:    1.00    6.496    0.031 0.063    0.040   --  
17700:    1.00    6.417    0.035 0.078    0.040   --  
17800:    1.00    6.282    0.027 0.086    0.035   --  
17900:    1.00    6.302    0.029 0.059    0.045   --  

--------------------------------------------
Proportion of membership of each pre-defined
 population in each of the 2 clusters

Given    Inferred Clusters       Number of
 Pop       1      2             Individuals

  1:     0.502  0.498             358
  2:     0.493  0.507             1039
  3:     0.501  0.499             603
--------------------------------------------

 Rep#:   Lambda   Alpha      F1    F2     D1,2    Ln Like 
18000:    1.00    6.177    0.028 0.062    0.031   --  
18100:    1.00    5.984    0.027 0.084    0.035   --  
18200:    1.00    5.784    0.026 0.065    0.037   --  
18300:    1.00    5.842    0.023 0.064    0.026   --  
18400:    1.00    5.617    0.020 0.053    0.029   --  
18500:    1.00    5.617    0.019 0.071    0.031   --  
18600:    1.00    5.871    0.024 0.053    0.036   --  
18700:    1.00    5.799    0.022 0.073    0.032   --  
18800:    1.00    5.835    0.024 0.068    0.034   --  
18900:    1.00    5.905    0.030 0.077    0.036   --  

--------------------------------------------
Proportion of membership of each pre-defined
 population in each of the 2 clusters

Given    Inferred Clusters       Number of
 Pop       1      2             Individuals

  1:     0.506  0.494             358
  2:     0.505  0.495             1039
  3:     0.504  0.496             603
--------------------------------------------

 Rep#:   Lambda   Alpha      F1    F2     D1,2    Ln Like 
19000:    1.00    6.158    0.026 0.083    0.033   --  
19100:    1.00    6.136    0.024 0.092    0.035   --  
19200:    1.00    5.900    0.024 0.058    0.036   --  
19300:    1.00    6.098    0.020 0.068    0.032   --  
19400:    1.00    6.262    0.021 0.067    0.030   --  
19500:    1.00    6.350    0.017 0.060    0.032   --  
19600:    1.00    5.855    0.021 0.054    0.033   --  
19700:    1.00    5.943    0.023 0.055    0.034   --  
19800:    1.00    6.143    0.019 0.059    0.035   --  
19900:    1.00    5.959    0.020 0.063    0.027   --  

--------------------------------------------
Proportion of membership of each pre-defined
 population in each of the 2 clusters

Given    Inferred Clusters       Number of
 Pop       1      2             Individuals

  1:     0.508  0.492             358
  2:     0.492  0.508             1039
  3:     0.499  0.501             603
--------------------------------------------

 Rep#:   Lambda   Alpha      F1    F2     D1,2    Ln Like 
20000:    1.00    5.806    0.014 0.054    0.029   --  
20100:    1.00    5.996    0.015 0.050    0.024   --  
20200:    1.00    5.789    0.014 0.078    0.038   --  
20300:    1.00    5.745    0.017 0.063    0.029   --  
20400:    1.00    5.458    0.014 0.058    0.032   --  
20500:    1.00    5.130    0.015 0.051    0.024   --  
20600:    1.00    5.332    0.026 0.046    0.029   --  
20700:    1.00    5.288    0.032 0.053    0.029   --  
20800:    1.00    5.008    0.024 0.067    0.033   --  
20900:    1.00    5.314    0.027 0.050    0.036   --  

--------------------------------------------
Proportion of membership of each pre-defined
 population in each of the 2 clusters

Given    Inferred Clusters       Number of
 Pop       1      2             Individuals

  1:     0.496  0.504             358
  2:     0.496  0.504             1039
  3:     0.493  0.507             603
--------------------------------------------

 Rep#:   Lambda   Alpha      F1    F2     D1,2    Ln Like 
21000:    1.00    5.509    0.025 0.054    0.037   --  
21100:    1.00    5.143    0.021 0.057    0.026   --  
21200:    1.00    5.085    0.018 0.062    0.026   --  
21300:    1.00    5.111    0.018 0.057    0.030   --  
21400:    1.00    5.053    0.018 0.059    0.036   --  
21500:    1.00    5.212    0.020 0.048    0.030   --  
21600:    1.00    5.184    0.020 0.046    0.029   --  
21700:    1.00    5.091    0.027 0.048    0.030   --  
21800:    1.00    5.194    0.025 0.044    0.028   --  
21900:    1.00    5.102    0.029 0.055    0.033   --  

--------------------------------------------
Proportion of membership of each pre-defined
 population in each of the 2 clusters

Given    Inferred Clusters       Number of
 Pop       1      2             Individuals

  1:     0.495  0.505             358
  2:     0.500  0.500             1039
  3:     0.504  0.496             603
--------------------------------------------

 Rep#:   Lambda   Alpha      F1    F2     D1,2    Ln Like 
22000:    1.00    4.746    0.033 0.050    0.027   --  
22100:    1.00    4.730    0.030 0.037    0.035   --  
22200:    1.00    4.722    0.031 0.044    0.027   --  
22300:    1.00    4.994    0.031 0.037    0.033   --  
22400:    1.00    5.130    0.026 0.049    0.032   --  
22500:    1.00    4.791    0.024 0.041    0.029   --  
22600:    1.00    4.366    0.025 0.060    0.028   --  
22700:    1.00    4.797    0.020 0.043    0.021   --  
22800:    1.00    4.867    0.028 0.050    0.034   --  
22900:    1.00    5.099    0.023 0.046    0.033   --  

--------------------------------------------
Proportion of membership of each pre-defined
 population in each of the 2 clusters

Given    Inferred Clusters       Number of
 Pop       1      2             Individuals

  1:     0.515  0.485             358
  2:     0.501  0.499             1039
  3:     0.500  0.500             603
--------------------------------------------

 Rep#:   Lambda   Alpha      F1    F2     D1,2    Ln Like 
23000:    1.00    5.356    0.026 0.064    0.026   --  
23100:    1.00    5.461    0.018 0.065    0.034   --  
23200:    1.00    5.772    0.020 0.049    0.029   --  
23300:    1.00    5.738    0.019 0.060    0.033   --  
23400:    1.00    5.829    0.015 0.072    0.031   --  
23500:    1.00    5.605    0.012 0.073    0.033   --  
23600:    1.00    5.597    0.015 0.077    0.031   --  
23700:    1.00    5.244    0.019 0.060    0.030   --  
23800:    1.00    5.668    0.018 0.060    0.033   --  
23900:    1.00    5.477    0.021 0.062    0.034   --  

--------------------------------------------
Proportion of membership of each pre-defined
 population in each of the 2 clusters

Given    Inferred Clusters       Number of
 Pop       1      2             Individuals

  1:     0.504  0.496             358
  2:     0.501  0.499             1039
  3:     0.502  0.498             603
--------------------------------------------

 Rep#:   Lambda   Alpha      F1    F2     D1,2    Ln Like 
24000:    1.00    5.152    0.018 0.052    0.033   --  
24100:    1.00    5.029    0.031 0.037    0.026   --  
24200:    1.00    4.758    0.022 0.052    0.037   --  
24300:    1.00    4.910    0.027 0.051    0.038   --  
24400:    1.00    4.841    0.020 0.053    0.030   --  
24500:    1.00    4.740    0.023 0.046    0.030   --  
24600:    1.00    4.335    0.025 0.051    0.030   --  
24700:    1.00    4.038    0.025 0.060    0.034   --  
24800:    1.00    4.138    0.025 0.050    0.028   --  
24900:    1.00    4.409    0.021 0.038    0.023   --  

--------------------------------------------
Proportion of membership of each pre-defined
 population in each of the 2 clusters

Given    Inferred Clusters       Number of
 Pop       1      2             Individuals

  1:     0.512  0.488             358
  2:     0.506  0.494             1039
  3:     0.490  0.510             603
--------------------------------------------

 Rep#:   Lambda   Alpha      F1    F2     D1,2    Ln Like 
25000:    1.00    4.675    0.019 0.048    0.026   --  
25100:    1.00    4.493    0.023 0.040    0.026   --  
25200:    1.00    4.391    0.029 0.044    0.025   --  
25300:    1.00    4.379    0.025 0.048    0.026   --  
25400:    1.00    4.104    0.022 0.052    0.028   --  
25500:    1.00    4.340    0.022 0.031    0.021   --  
25600:    1.00    4.382    0.024 0.035    0.024   --  
25700:    1.00    4.722    0.024 0.020    0.020   --  
25800:    1.00    4.605    0.023 0.029    0.029   --  
25900:    1.00    4.869    0.023 0.026    0.027   --  

--------------------------------------------
Proportion of membership of each pre-defined
 population in each of the 2 clusters

Given    Inferred Clusters       Number of
 Pop       1      2             Individuals

  1:     0.508  0.492             358
  2:     0.499  0.501             1039
  3:     0.494  0.506             603
--------------------------------------------

 Rep#:   Lambda   Alpha      F1    F2     D1,2    Ln Like 
26000:    1.00    4.617    0.021 0.029    0.022   --  
26100:    1.00    4.842    0.020 0.041    0.025   --  
26200:    1.00    5.231    0.019 0.051    0.029   --  
26300:    1.00    5.537    0.020 0.056    0.032   --  
26400:    1.00    5.172    0.023 0.055    0.034   --  
26500:    1.00    5.131    0.023 0.043    0.028   --  
26600:    1.00    5.157    0.024 0.063    0.034   --  
26700:    1.00    5.108    0.027 0.049    0.028   --  
26800:    1.00    4.806    0.022 0.058    0.025   --  
26900:    1.00    4.854    0.029 0.050    0.031   --  

--------------------------------------------
Proportion of membership of each pre-defined
 population in each of the 2 clusters

Given    Inferred Clusters       Number of
 Pop       1      2             Individuals

  1:     0.496  0.504             358
  2:     0.496  0.504             1039
  3:     0.498  0.502             603
--------------------------------------------

 Rep#:   Lambda   Alpha      F1    F2     D1,2    Ln Like 
27000:    1.00    4.992    0.037 0.044    0.028   --  
27100:    1.00    4.958    0.025 0.064    0.036   --  
27200:    1.00    5.196    0.026 0.077    0.044   --  
27300:    1.00    5.485    0.037 0.060    0.034   --  
27400:    1.00    5.486    0.029 0.053    0.032   --  
27500:    1.00    5.548    0.042 0.056    0.036   --  
27600:    1.00    5.221    0.029 0.057    0.029   --  
27700:    1.00    5.333    0.031 0.055    0.029   --  
27800:    1.00    5.134    0.023 0.052    0.027   --  
27900:    1.00    5.347    0.025 0.063    0.033   --  

--------------------------------------------
Proportion of membership of each pre-defined
 population in each of the 2 clusters

Given    Inferred Clusters       Number of
 Pop       1      2             Individuals

  1:     0.505  0.495             358
  2:     0.504  0.496             1039
  3:     0.496  0.504             603
--------------------------------------------

 Rep#:   Lambda   Alpha      F1    F2     D1,2    Ln Like 
28000:    1.00    5.623    0.035 0.062    0.040   --  
28100:    1.00    5.769    0.039 0.042    0.034   --  
28200:    1.00    5.711    0.032 0.061    0.035   --  
28300:    1.00    5.551    0.031 0.067    0.041   --  
28400:    1.00    5.708    0.037 0.065    0.040   --  
28500:    1.00    5.919    0.039 0.060    0.050   --  
28600:    1.00    5.761    0.039 0.066    0.043   --  
28700:    1.00    5.881    0.035 0.082    0.046   --  
28800:    1.00    6.135    0.039 0.063    0.045   --  
28900:    1.00    5.721    0.052 0.059    0.048   --  

--------------------------------------------
Proportion of membership of each pre-defined
 population in each of the 2 clusters

Given    Inferred Clusters       Number of
 Pop       1      2             Individuals

  1:     0.509  0.491             358
  2:     0.502  0.498             1039
  3:     0.500  0.500             603
--------------------------------------------

 Rep#:   Lambda   Alpha      F1    F2     D1,2    Ln Like 
29000:    1.00    5.753    0.054 0.049    0.046   --  
29100:    1.00    5.874    0.036 0.060    0.047   --  
29200:    1.00    5.905    0.041 0.064    0.044   --  
29300:    1.00    5.451    0.030 0.054    0.034   --  
29400:    1.00    5.644    0.039 0.054    0.031   --  
29500:    1.00    5.702    0.038 0.061    0.039   --  
29600:    1.00    5.939    0.050 0.074    0.034   --  
29700:    1.00    6.579    0.044 0.055    0.044   --  
29800:    1.00    6.699    0.047 0.066    0.047   --  
29900:    1.00    6.531    0.046 0.051    0.037   --  

--------------------------------------------
Proportion of membership of each pre-defined
 population in each of the 2 clusters

Given    Inferred Clusters       Number of
 Pop       1      2             Individuals

  1:     0.496  0.504             358
  2:     0.493  0.507             1039
  3:     0.502  0.498             603
--------------------------------------------

 Rep#:   Lambda   Alpha      F1    F2     D1,2    Ln Like 
30000:    1.00    6.586    0.038 0.073    0.042   --  
30100:    1.00    6.774    0.038 0.075    0.049   --  
30200:    1.00    6.967    0.037 0.071    0.044   --  
30300:    1.00    6.827    0.034 0.065    0.037   --  
30400:    1.00    7.063    0.030 0.062    0.038   --  
30500:    1.00    6.807    0.019 0.098    0.036   --  
30600:    1.00    6.390    0.020 0.084    0.038   --  
30700:    1.00    6.204    0.027 0.060    0.035   --  
30800:    1.00    6.539    0.030 0.055    0.032   --  
30900:    1.00    6.609    0.025 0.070    0.032   --  

--------------------------------------------
Proportion of membership of each pre-defined
 population in each of the 2 clusters

Given    Inferred Clusters       Number of
 Pop       1      2             Individuals

  1:     0.505  0.495             358
  2:     0.503  0.497             1039
  3:     0.503  0.497             603
--------------------------------------------

 Rep#:   Lambda   Alpha      F1    F2     D1,2    Ln Like 
31000:    1.00    6.297    0.022 0.081    0.045   --  
31100:    1.00    6.367    0.026 0.060    0.039   --  
31200:    1.00    6.148    0.025 0.066    0.041   --  
31300:    1.00    6.392    0.021 0.069    0.047   --  
31400:    1.00    6.182    0.023 0.073    0.036   --  
31500:    1.00    6.531    0.022 0.062    0.031   --  
31600:    1.00    6.530    0.029 0.066    0.036   --  
31700:    1.00    6.612    0.033 0.058    0.033   --  
31800:    1.00    6.804    0.033 0.058    0.036   --  
31900:    1.00    6.576    0.028 0.064    0.040   --  

--------------------------------------------
Proportion of membership of each pre-defined
 population in each of the 2 clusters

Given    Inferred Clusters       Number of
 Pop       1      2             Individuals

  1:     0.502  0.498             358
  2:     0.500  0.500             1039
  3:     0.495  0.505             603
--------------------------------------------

 Rep#:   Lambda   Alpha      F1    F2     D1,2    Ln Like 
32000:    1.00    6.724    0.036 0.067    0.042   --  
32100:    1.00    7.163    0.033 0.059    0.040   --  
32200:    1.00    6.805    0.024 0.064    0.034   --  
32300:    1.00    6.843    0.031 0.068    0.035   --  
32400:    1.00    6.839    0.024 0.073    0.042   --  
32500:    1.00    6.857    0.019 0.081    0.037   --  
32600:    1.00    6.985    0.030 0.064    0.043   --  
32700:    1.00    7.407    0.038 0.070    0.045   --  
32800:    1.00    7.805    0.035 0.059    0.036   --  
32900:    1.00    7.535    0.032 0.062    0.034   --  

--------------------------------------------
Proportion of membership of each pre-defined
 population in each of the 2 clusters

Given    Inferred Clusters       Number of
 Pop       1      2             Individuals

  1:     0.495  0.505             358
  2:     0.499  0.501             1039
  3:     0.505  0.495             603
--------------------------------------------

 Rep#:   Lambda   Alpha      F1    F2     D1,2    Ln Like 
33000:    1.00    7.585    0.038 0.051    0.035   --  
33100:    1.00    7.333    0.034 0.056    0.032   --  
33200:    1.00    7.333    0.033 0.080    0.037   --  
33300:    1.00    7.161    0.036 0.053    0.040   --  
33400:    1.00    6.932    0.032 0.050    0.034   --  
33500:    1.00    7.118    0.028 0.074    0.048   --  
33600:    1.00    6.996    0.023 0.067    0.039   --  
33700:    1.00    7.245    0.015 0.093    0.030   --  
33800:    1.00    7.495    0.019 0.075    0.036   --  
33900:    1.00    7.747    0.018 0.080    0.036   --  

--------------------------------------------
Proportion of membership of each pre-defined
 population in each of the 2 clusters

Given    Inferred Clusters       Number of
 Pop       1      2             Individuals

  1:     0.504  0.496             358
  2:     0.506  0.494             1039
  3:     0.505  0.495             603
--------------------------------------------

 Rep#:   Lambda   Alpha      F1    F2     D1,2    Ln Like 
34000:    1.00    7.861    0.028 0.076    0.043   --  
34100:    1.00    7.861    0.034 0.070    0.047   --  
34200:    1.00    7.975    0.024 0.084    0.048   --  
34300:    1.00    7.970    0.023 0.092    0.044   --  
34400:    1.00    7.824    0.025 0.085    0.037   --  
34500:    1.00    7.757    0.031 0.090    0.047   --  
34600:    1.00    7.732    0.029 0.072    0.043   --  
34700:    1.00    7.527    0.027 0.093    0.045   --  
34800:    1.00    7.669    0.025 0.081    0.039   --  
34900:    1.00    7.042    0.023 0.092    0.037   --  

--------------------------------------------
Proportion of membership of each pre-defined
 population in each of the 2 clusters

Given    Inferred Clusters       Number of
 Pop       1      2             Individuals

  1:     0.496  0.504             358
  2:     0.504  0.496             1039
  3:     0.500  0.500             603
--------------------------------------------

 Rep#:   Lambda   Alpha      F1    F2     D1,2    Ln Like 
35000:    1.00    7.169    0.022 0.096    0.044   --  
35100:    1.00    7.157    0.039 0.072    0.042   --  
35200:    1.00    6.810    0.031 0.055    0.031   --  
35300:    1.00    7.089    0.039 0.067    0.045   --  
35400:    1.00    7.231    0.039 0.075    0.050   --  
35500:    1.00    7.178    0.029 0.074    0.056   --  
35600:    1.00    7.239    0.022 0.087    0.048   --  
35700:    1.00    6.938    0.018 0.084    0.039   --  
35800:    1.00    7.119    0.022 0.093    0.041   --  
35900:    1.00    7.331    0.019 0.098    0.039   --  

--------------------------------------------
Proportion of membership of each pre-defined
 population in each of the 2 clusters

Given    Inferred Clusters       Number of
 Pop       1      2             Individuals

  1:     0.492  0.508             358
  2:     0.504  0.496             1039
  3:     0.513  0.487             603
--------------------------------------------

 Rep#:   Lambda   Alpha      F1    F2     D1,2    Ln Like 
36000:    1.00    7.198    0.026 0.089    0.048   --  
36100:    1.00    7.510    0.024 0.096    0.036   --  
36200:    1.00    7.552    0.024 0.092    0.041   --  
36300:    1.00    7.839    0.023 0.076    0.040   --  
36400:    1.00    7.508    0.031 0.075    0.044   --  
36500:    1.00    7.102    0.034 0.079    0.040   --  
36600:    1.00    6.732    0.034 0.082    0.035   --  
36700:    1.00    6.651    0.030 0.075    0.038   --  
36800:    1.00    6.533    0.032 0.085    0.046   --  
36900:    1.00    6.619    0.033 0.081    0.047   --  

--------------------------------------------
Proportion of membership of each pre-defined
 population in each of the 2 clusters

Given    Inferred Clusters       Number of
 Pop       1      2             Individuals

  1:     0.501  0.499             358
  2:     0.498  0.502             1039
  3:     0.504  0.496             603
--------------------------------------------

 Rep#:   Lambda   Alpha      F1    F2     D1,2    Ln Like 
37000:    1.00    6.778    0.029 0.061    0.040   --  
37100:    1.00    6.863    0.032 0.056    0.031   --  
37200:    1.00    6.938    0.034 0.070    0.047   --  
37300:    1.00    7.148    0.039 0.052    0.033   --  
37400:    1.00    7.197    0.031 0.067    0.042   --  
37500:    1.00    7.905    0.036 0.072    0.047   --  
37600:    1.00    8.002    0.031 0.083    0.042   --  
37700:    1.00    8.244    0.041 0.070    0.042   --  
37800:    1.00    8.006    0.039 0.088    0.048   --  
37900:    1.00    8.082    0.036 0.072    0.046   --  

--------------------------------------------
Proportion of membership of each pre-defined
 population in each of the 2 clusters

Given    Inferred Clusters       Number of
 Pop       1      2             Individuals

  1:     0.498  0.502             358
  2:     0.500  0.500             1039
  3:     0.504  0.496             603
--------------------------------------------

 Rep#:   Lambda   Alpha      F1    F2     D1,2    Ln Like 
38000:    1.00    7.845    0.027 0.091    0.051   --  
38100:    1.00    8.137    0.031 0.094    0.050   --  
38200:    1.00    8.231    0.038 0.075    0.045   --  
38300:    1.00    8.407    0.038 0.089    0.047   --  
38400:    1.00    8.870    0.042 0.077    0.048   --  
38500:    1.00    8.189    0.032 0.083    0.042   --  
38600:    1.00    8.338    0.037 0.107    0.054   --  
38700:    1.00    8.368    0.053 0.088    0.043   --  
38800:    1.00    8.705    0.041 0.092    0.050   --  
38900:    1.00    8.538    0.041 0.083    0.039   --  

--------------------------------------------
Proportion of membership of each pre-defined
 population in each of the 2 clusters

Given    Inferred Clusters       Number of
 Pop       1      2             Individuals

  1:     0.502  0.498             358
  2:     0.498  0.502             1039
  3:     0.499  0.501             603
--------------------------------------------

 Rep#:   Lambda   Alpha      F1    F2     D1,2    Ln Like 
39000:    1.00    8.519    0.031 0.081    0.041   --  
39100:    1.00    8.498    0.038 0.098    0.051   --  
39200:    1.00    8.715    0.036 0.093    0.056   --  
39300:    1.00    8.933    0.038 0.076    0.047   --  
39400:    1.00    8.828    0.040 0.072    0.052   --  
39500:    1.00    9.008    0.037 0.088    0.049   --  
39600:    1.00    9.367    0.047 0.088    0.057   --  
39700:    1.00    9.102    0.047 0.090    0.062   --  
39800:    1.00    9.298    0.053 0.077    0.061   --  
39900:    1.00    9.375    0.047 0.079    0.054   --  

--------------------------------------------
Proportion of membership of each pre-defined
 population in each of the 2 clusters

Given    Inferred Clusters       Number of
 Pop       1      2             Individuals

  1:     0.506  0.494             358
  2:     0.496  0.504             1039
  3:     0.503  0.497             603
--------------------------------------------

 Rep#:   Lambda   Alpha      F1    F2     D1,2    Ln Like 
40000:    1.00    9.417    0.044 0.091    0.067   --  
40100:    1.00    9.421    0.034 0.119    0.060   --  
40200:    1.00    9.234    0.052 0.079    0.057   --  
40300:    1.00    9.559    0.043 0.096    0.055   --  
40400:    1.00    9.371    0.032 0.090    0.046   --  
40500:    1.00    9.257    0.033 0.065    0.043   --  
40600:    1.00    9.387    0.038 0.084    0.045   --  
40700:    1.00    9.375    0.030 0.083    0.053   --  
40800:    1.00    9.374    0.036 0.089    0.059   --  
40900:    1.00    9.276    0.037 0.095    0.047   --  

--------------------------------------------
Proportion of membership of each pre-defined
 population in each of the 2 clusters

Given    Inferred Clusters       Number of
 Pop       1      2             Individuals

  1:     0.492  0.508             358
  2:     0.499  0.501             1039
  3:     0.493  0.507             603
--------------------------------------------

 Rep#:   Lambda   Alpha      F1    F2     D1,2    Ln Like 
41000:    1.00    9.581    0.048 0.099    0.047   --  
41100:    1.00    9.651    0.040 0.055    0.040   --  
41200:    1.00    9.218    0.047 0.093    0.052   --  
41300:    1.00    9.469    0.041 0.123    0.055   --  
41400:    1.00    9.364    0.046 0.104    0.058   --  
41500:    1.00    9.295    0.054 0.095    0.077   --  
41600:    1.00    9.445    0.041 0.073    0.060   --  
41700:    1.00    9.447    0.047 0.072    0.046   --  
41800:    1.00    9.404    0.052 0.061    0.047   --  
41900:    1.00    9.232    0.069 0.071    0.051   --  

--------------------------------------------
Proportion of membership of each pre-defined
 population in each of the 2 clusters

Given    Inferred Clusters       Number of
 Pop       1      2             Individuals

  1:     0.508  0.492             358
  2:     0.496  0.504             1039
  3:     0.496  0.504             603
--------------------------------------------

 Rep#:   Lambda   Alpha      F1    F2     D1,2    Ln Like 
42000:    1.00    9.112    0.071 0.066    0.056   --  
42100:    1.00    9.575    0.064 0.058    0.055   --  
42200:    1.00    9.881    0.056 0.061    0.048   --  
42300:    1.00    9.843    0.065 0.061    0.059   --  
42400:    1.00    9.915    0.053 0.064    0.051   --  
42500:    1.00    9.982    0.054 0.086    0.061   --  
42600:    1.00    9.844    0.055 0.077    0.062   --  
42700:    1.00    9.891    0.057 0.075    0.046   --  
42800:    1.00    9.925    0.057 0.053    0.049   --  
42900:    1.00    9.777    0.054 0.050    0.053   --  

--------------------------------------------
Proportion of membership of each pre-defined
 population in each of the 2 clusters

Given    Inferred Clusters       Number of
 Pop       1      2             Individuals

  1:     0.499  0.501             358
  2:     0.501  0.499             1039
  3:     0.493  0.507             603
--------------------------------------------

 Rep#:   Lambda   Alpha      F1    F2     D1,2    Ln Like 
43000:    1.00    9.663    0.058 0.060    0.047   --  
43100:    1.00    9.668    0.041 0.082    0.058   --  
43200:    1.00    9.181    0.053 0.080    0.066   --  
43300:    1.00    9.037    0.041 0.075    0.048   --  
43400:    1.00    8.899    0.052 0.052    0.043   --  
43500:    1.00    8.958    0.049 0.058    0.054   --  
43600:    1.00    8.952    0.042 0.053    0.044   --  
43700:    1.00    9.063    0.036 0.053    0.047   --  
43800:    1.00    9.093    0.032 0.064    0.042   --  
43900:    1.00    9.270    0.033 0.066    0.050   --  

--------------------------------------------
Proportion of membership of each pre-defined
 population in each of the 2 clusters

Given    Inferred Clusters       Number of
 Pop       1      2             Individuals

  1:     0.495  0.505             358
  2:     0.492  0.508             1039
  3:     0.501  0.499             603
--------------------------------------------

 Rep#:   Lambda   Alpha      F1    F2     D1,2    Ln Like 
44000:    1.00    9.142    0.032 0.069    0.050   --  
44100:    1.00    9.167    0.037 0.074    0.043   --  
44200:    1.00    9.332    0.046 0.063    0.048   --  
44300:    1.00    9.424    0.047 0.082    0.057   --  
44400:    1.00    9.340    0.027 0.078    0.042   --  
44500:    1.00    9.151    0.030 0.069    0.051   --  
44600:    1.00    8.827    0.032 0.094    0.053   --  
44700:    1.00    8.755    0.031 0.084    0.064   --  
44800:    1.00    8.261    0.034 0.081    0.047   --  
44900:    1.00    8.172    0.040 0.060    0.052   --  

--------------------------------------------
Proportion of membership of each pre-defined
 population in each of the 2 clusters

Given    Inferred Clusters       Number of
 Pop       1      2             Individuals

  1:     0.503  0.497             358
  2:     0.503  0.497             1039
  3:     0.494  0.506             603
--------------------------------------------

 Rep#:   Lambda   Alpha      F1    F2     D1,2    Ln Like 
45000:    1.00    8.388    0.046 0.089    0.063   --  
45100:    1.00    8.064    0.042 0.074    0.044   --  
45200:    1.00    7.778    0.040 0.062    0.050   --  
45300:    1.00    8.149    0.035 0.082    0.051   --  
45400:    1.00    8.262    0.039 0.096    0.048   --  
45500:    1.00    8.263    0.033 0.072    0.045   --  
45600:    1.00    8.208    0.033 0.055    0.032   --  
45700:    1.00    8.046    0.039 0.044    0.035   --  
45800:    1.00    8.273    0.036 0.062    0.037   --  
45900:    1.00    8.442    0.041 0.048    0.040   --  

--------------------------------------------
Proportion of membership of each pre-defined
 population in each of the 2 clusters

Given    Inferred Clusters       Number of
 Pop       1      2             Individuals

  1:     0.486  0.514             358
  2:     0.500  0.500             1039
  3:     0.507  0.493             603
--------------------------------------------

 Rep#:   Lambda   Alpha      F1    F2     D1,2    Ln Like 
46000:    1.00    8.264    0.047 0.054    0.049   --  
46100:    1.00    8.084    0.041 0.051    0.046   --  
46200:    1.00    8.026    0.043 0.048    0.040   --  
46300:    1.00    7.823    0.060 0.046    0.040   --  
46400:    1.00    7.618    0.042 0.042    0.040   --  
46500:    1.00    7.786    0.051 0.050    0.047   --  
46600:    1.00    7.711    0.057 0.041    0.043   --  
46700:    1.00    7.818    0.064 0.045    0.054   --  
46800:    1.00    8.126    0.056 0.050    0.050   --  
46900:    1.00    8.192    0.068 0.041    0.049   --  

--------------------------------------------
Proportion of membership of each pre-defined
 population in each of the 2 clusters

Given    Inferred Clusters       Number of
 Pop       1      2             Individuals

  1:     0.499  0.501             358
  2:     0.504  0.496             1039
  3:     0.500  0.500             603
--------------------------------------------

 Rep#:   Lambda   Alpha      F1    F2     D1,2    Ln Like 
47000:    1.00    8.521    0.048 0.053    0.041   --  
47100:    1.00    8.473    0.043 0.060    0.044   --  
47200:    1.00    8.295    0.048 0.068    0.056   --  
47300:    1.00    8.382    0.044 0.064    0.039   --  
47400:    1.00    8.098    0.051 0.069    0.054   --  
47500:    1.00    7.924    0.050 0.069    0.057   --  
47600:    1.00    8.170    0.057 0.068    0.052   --  
47700:    1.00    8.139    0.061 0.067    0.052   --  
47800:    1.00    7.945    0.042 0.083    0.054   --  
47900:    1.00    8.343    0.054 0.065    0.041   --  

--------------------------------------------
Proportion of membership of each pre-defined
 population in each of the 2 clusters

Given    Inferred Clusters       Number of
 Pop       1      2             Individuals

  1:     0.501  0.499             358
  2:     0.498  0.502             1039
  3:     0.498  0.502             603
--------------------------------------------

 Rep#:   Lambda   Alpha      F1    F2     D1,2    Ln Like 
48000:    1.00    7.997    0.060 0.081    0.039   --  
48100:    1.00    7.945    0.045 0.069    0.046   --  
48200:    1.00    7.726    0.039 0.061    0.033   --  
48300:    1.00    7.445    0.041 0.068    0.043   --  
48400:    1.00    7.506    0.045 0.067    0.039   --  
48500:    1.00    7.263    0.056 0.066    0.037   --  
48600:    1.00    7.497    0.040 0.052    0.045   --  
48700:    1.00    7.524    0.055 0.055    0.044   --  
48800:    1.00    7.283    0.066 0.064    0.049   --  
48900:    1.00    7.062    0.059 0.072    0.046   --  

--------------------------------------------
Proportion of membership of each pre-defined
 population in each of the 2 clusters

Given    Inferred Clusters       Number of
 Pop       1      2             Individuals

  1:     0.513  0.487             358
  2:     0.505  0.495             1039
  3:     0.500  0.500             603
--------------------------------------------

 Rep#:   Lambda   Alpha      F1    F2     D1,2    Ln Like 
49000:    1.00    7.270    0.067 0.052    0.048   --  
49100:    1.00    7.216    0.041 0.042    0.043   --  
49200:    1.00    7.282    0.038 0.057    0.040   --  
49300:    1.00    7.259    0.033 0.083    0.041   --  
49400:    1.00    7.099    0.022 0.082    0.045   --  
49500:    1.00    6.937    0.023 0.089    0.057   --  
49600:    1.00    7.158    0.027 0.061    0.044   --  
49700:    1.00    7.142    0.027 0.054    0.034   --  
49800:    1.00    6.829    0.034 0.057    0.043   --  
49900:    1.00    6.776    0.027 0.046    0.037   --  

--------------------------------------------
Proportion of membership of each pre-defined
 population in each of the 2 clusters

Given    Inferred Clusters       Number of
 Pop       1      2             Individuals

  1:     0.491  0.509             358
  2:     0.496  0.504             1039
  3:     0.493  0.507             603
--------------------------------------------

 Rep#:   Lambda   Alpha      F1    F2     D1,2    Ln Like 
50000:    1.00    6.677    0.032 0.061    0.047   --  
50100:    1.00    6.596    0.040 0.058    0.042   --  
50200:    1.00    6.650    0.036 0.059    0.047   --  
50300:    1.00    6.647    0.035 0.050    0.043   --  
50400:    1.00    6.890    0.031 0.055    0.040   --  
50500:    1.00    6.800    0.027 0.051    0.031   --  
50600:    1.00    7.042    0.037 0.076    0.037   --  
50700:    1.00    7.111    0.029 0.070    0.040   --  
50800:    1.00    6.975    0.031 0.067    0.038   --  
50900:    1.00    7.316    0.035 0.070    0.045   --  

--------------------------------------------
Proportion of membership of each pre-defined
 population in each of the 2 clusters

Given    Inferred Clusters       Number of
 Pop       1      2             Individuals

  1:     0.506  0.494             358
  2:     0.491  0.509             1039
  3:     0.497  0.503             603
--------------------------------------------

 Rep#:   Lambda   Alpha      F1    F2     D1,2    Ln Like 
51000:    1.00    7.593    0.039 0.063    0.039   --  
51100:    1.00    7.497    0.042 0.058    0.044   --  
51200:    1.00    7.215    0.053 0.063    0.055   --  
51300:    1.00    7.343    0.056 0.061    0.045   --  
51400:    1.00    7.177    0.050 0.042    0.035   --  
51500:    1.00    6.960    0.047 0.062    0.033   --  
51600:    1.00    6.757    0.051 0.057    0.040   --  
51700:    1.00    6.740    0.037 0.056    0.047   --  
51800:    1.00    6.270    0.035 0.068    0.034   --  
51900:    1.00    6.456    0.040 0.048    0.040   --  

--------------------------------------------
Proportion of membership of each pre-defined
 population in each of the 2 clusters

Given    Inferred Clusters       Number of
 Pop       1      2             Individuals

  1:     0.499  0.501             358
  2:     0.502  0.498             1039
  3:     0.508  0.492             603
--------------------------------------------

 Rep#:   Lambda   Alpha      F1    F2     D1,2    Ln Like 
52000:    1.00    6.451    0.026 0.063    0.036   --  
52100:    1.00    5.935    0.033 0.047    0.032   --  
52200:    1.00    5.685    0.029 0.050    0.033   --  
52300:    1.00    5.663    0.031 0.061    0.031   --  
52400:    1.00    5.775    0.035 0.061    0.031   --  
52500:    1.00    6.065    0.026 0.053    0.033   --  
52600:    1.00    6.289    0.026 0.054    0.038   --  
52700:    1.00    6.397    0.027 0.076    0.034   --  
52800:    1.00    6.253    0.025 0.058    0.042   --  
52900:    1.00    6.588    0.037 0.059    0.040   --  

--------------------------------------------
Proportion of membership of each pre-defined
 population in each of the 2 clusters

Given    Inferred Clusters       Number of
 Pop       1      2             Individuals

  1:     0.499  0.501             358
  2:     0.496  0.504             1039
  3:     0.499  0.501             603
--------------------------------------------

 Rep#:   Lambda   Alpha      F1    F2     D1,2    Ln Like 
53000:    1.00    6.393    0.034 0.061    0.034   --  
53100:    1.00    6.284    0.032 0.077    0.045   --  
53200:    1.00    6.143    0.026 0.080    0.038   --  
53300:    1.00    6.001    0.024 0.059    0.035   --  
53400:    1.00    6.173    0.026 0.046    0.038   --  
53500:    1.00    6.248    0.021 0.049    0.025   --  
53600:    1.00    5.987    0.019 0.053    0.037   --  
53700:    1.00    6.401    0.016 0.070    0.040   --  
53800:    1.00    6.724    0.014 0.069    0.033   --  
53900:    1.00    6.688    0.012 0.076    0.031   --  

--------------------------------------------
Proportion of membership of each pre-defined
 population in each of the 2 clusters

Given    Inferred Clusters       Number of
 Pop       1      2             Individuals

  1:     0.501  0.499             358
  2:     0.498  0.502             1039
  3:     0.500  0.500             603
--------------------------------------------

 Rep#:   Lambda   Alpha      F1    F2     D1,2    Ln Like 
54000:    1.00    6.526    0.016 0.062    0.036   --  
54100:    1.00    6.510    0.015 0.061    0.028   --  
54200:    1.00    7.136    0.010 0.058    0.024   --  
54300:    1.00    7.090    0.012 0.069    0.028   --  
54400:    1.00    7.229    0.009 0.079    0.023   --  
54500:    1.00    7.591    0.012 0.073    0.025   --  
54600:    1.00    7.543    0.012 0.073    0.031   --  
54700:    1.00    7.349    0.015 0.059    0.027   --  
54800:    1.00    7.182    0.012 0.081    0.037   --  
54900:    1.00    7.227    0.013 0.114    0.031   --  

--------------------------------------------
Proportion of membership of each pre-defined
 population in each of the 2 clusters

Given    Inferred Clusters       Number of
 Pop       1      2             Individuals

  1:     0.503  0.497             358
  2:     0.500  0.500             1039
  3:     0.503  0.497             603
--------------------------------------------

 Rep#:   Lambda   Alpha      F1    F2     D1,2    Ln Like 
55000:    1.00    7.212    0.012 0.097    0.044   --  
55100:    1.00    7.153    0.013 0.094    0.045   --  
55200:    1.00    7.207    0.017 0.108    0.041   --  
55300:    1.00    7.522    0.014 0.072    0.045   --  
55400:    1.00    7.920    0.014 0.063    0.042   --  
55500:    1.00    7.622    0.013 0.076    0.038   --  
55600:    1.00    7.754    0.021 0.088    0.048   --  
55700:    1.00    7.864    0.022 0.060    0.038   --  
55800:    1.00    7.705    0.018 0.065    0.034   --  
55900:    1.00    7.621    0.020 0.061    0.039   --  

--------------------------------------------
Proportion of membership of each pre-defined
 population in each of the 2 clusters

Given    Inferred Clusters       Number of
 Pop       1      2             Individuals

  1:     0.495  0.505             358
  2:     0.500  0.500             1039
  3:     0.501  0.499             603
--------------------------------------------

 Rep#:   Lambda   Alpha      F1    F2     D1,2    Ln Like 
56000:    1.00    7.633    0.018 0.101    0.048   --  
56100:    1.00    7.420    0.020 0.062    0.036   --  
56200:    1.00    7.613    0.015 0.095    0.039   --  
56300:    1.00    7.312    0.016 0.093    0.035   --  
56400:    1.00    7.448    0.019 0.067    0.040   --  
56500:    1.00    7.102    0.022 0.070    0.045   --  
56600:    1.00    7.275    0.026 0.073    0.039   --  
56700:    1.00    7.381    0.027 0.066    0.039   --  
56800:    1.00    7.496    0.024 0.062    0.037   --  
56900:    1.00    7.610    0.031 0.075    0.039   --  

--------------------------------------------
Proportion of membership of each pre-defined
 population in each of the 2 clusters

Given    Inferred Clusters       Number of
 Pop       1      2             Individuals

  1:     0.499  0.501             358
  2:     0.500  0.500             1039
  3:     0.501  0.499             603
--------------------------------------------

 Rep#:   Lambda   Alpha      F1    F2     D1,2    Ln Like 
57000:    1.00    7.761    0.029 0.064    0.038   --  
57100:    1.00    7.606    0.026 0.071    0.043   --  
57200:    1.00    7.736    0.026 0.066    0.042   --  
57300:    1.00    7.698    0.034 0.066    0.038   --  
57400:    1.00    7.440    0.031 0.049    0.030   --  
57500:    1.00    7.286    0.031 0.063    0.039   --  
57600:    1.00    7.326    0.025 0.071    0.043   --  
57700:    1.00    7.600    0.035 0.074    0.042   --  
57800:    1.00    8.027    0.037 0.071    0.042   --  
57900:    1.00    8.107    0.037 0.068    0.040   --  

--------------------------------------------
Proportion of membership of each pre-defined
 population in each of the 2 clusters

Given    Inferred Clusters       Number of
 Pop       1      2             Individuals

  1:     0.496  0.504             358
  2:     0.494  0.506             1039
  3:     0.491  0.509             603
--------------------------------------------

 Rep#:   Lambda   Alpha      F1    F2     D1,2    Ln Like 
58000:    1.00    7.838    0.043 0.077    0.041   --  
58100:    1.00    8.009    0.053 0.057    0.059   --  
58200:    1.00    7.405    0.043 0.080    0.046   --  
58300:    1.00    7.094    0.054 0.070    0.048   --  
58400:    1.00    6.849    0.041 0.068    0.047   --  
58500:    1.00    6.676    0.040 0.074    0.048   --  
58600:    1.00    6.569    0.040 0.079    0.049   --  
58700:    1.00    6.628    0.043 0.083    0.047   --  
58800:    1.00    6.845    0.049 0.074    0.043   --  
58900:    1.00    6.763    0.040 0.053    0.044   --  

--------------------------------------------
Proportion of membership of each pre-defined
 population in each of the 2 clusters

Given    Inferred Clusters       Number of
 Pop       1      2             Individuals

  1:     0.509  0.491             358
  2:     0.500  0.500             1039
  3:     0.508  0.492             603
--------------------------------------------

 Rep#:   Lambda   Alpha      F1    F2     D1,2    Ln Like 
59000:    1.00    7.041    0.049 0.065    0.046   --  
59100:    1.00    6.901    0.062 0.038    0.039   --  
59200:    1.00    6.881    0.070 0.041    0.042   --  
59300:    1.00    6.857    0.061 0.055    0.044   --  
59400:    1.00    6.738    0.066 0.047    0.047   --  
59500:    1.00    7.037    0.064 0.041    0.038   --  
59600:    1.00    6.954    0.061 0.043    0.045   --  
59700:    1.00    7.025    0.061 0.038    0.047   --  
59800:    1.00    6.877    0.052 0.054    0.038   --  
59900:    1.00    6.849    0.031 0.051    0.036   --  

--------------------------------------------
Proportion of membership of each pre-defined
 population in each of the 2 clusters

Given    Inferred Clusters       Number of
 Pop       1      2             Individuals

  1:     0.490  0.510             358
  2:     0.499  0.501             1039
  3:     0.504  0.496             603
--------------------------------------------

 Rep#:   Lambda   Alpha      F1    F2     D1,2    Ln Like 
60000:    1.00    6.958    0.043 0.047    0.036   --  
60100:    1.00    6.857    0.042 0.052    0.044   --  
60200:    1.00    6.673    0.041 0.052    0.032   --  
60300:    1.00    6.275    0.034 0.052    0.040   --  
60400:    1.00    6.571    0.026 0.069    0.036   --  
60500:    1.00    6.286    0.031 0.059    0.035   --  
60600:    1.00    6.203    0.026 0.048    0.025   --  
60700:    1.00    6.104    0.034 0.047    0.033   --  
60800:    1.00    6.218    0.032 0.050    0.031   --  
60900:    1.00    6.345    0.045 0.056    0.035   --  

--------------------------------------------
Proportion of membership of each pre-defined
 population in each of the 2 clusters

Given    Inferred Clusters       Number of
 Pop       1      2             Individuals

  1:     0.509  0.491             358
  2:     0.499  0.501             1039
  3:     0.501  0.499             603
--------------------------------------------

 Rep#:   Lambda   Alpha      F1    F2     D1,2    Ln Like 
61000:    1.00    6.482    0.042 0.057    0.042   --  
61100:    1.00    6.431    0.045 0.061    0.038   --  
61200:    1.00    5.916    0.040 0.048    0.033   --  
61300:    1.00    6.215    0.063 0.063    0.036   --  
61400:    1.00    5.879    0.046 0.060    0.037   --  
61500:    1.00    5.982    0.043 0.048    0.037   --  
61600:    1.00    5.821    0.050 0.055    0.036   --  
61700:    1.00    5.911    0.049 0.059    0.040   --  
61800:    1.00    6.312    0.052 0.065    0.048   --  
61900:    1.00    6.446    0.036 0.061    0.041   --  

--------------------------------------------
Proportion of membership of each pre-defined
 population in each of the 2 clusters

Given    Inferred Clusters       Number of
 Pop       1      2             Individuals

  1:     0.506  0.494             358
  2:     0.505  0.495             1039
  3:     0.504  0.496             603
--------------------------------------------

 Rep#:   Lambda   Alpha      F1    F2     D1,2    Ln Like 
62000:    1.00    6.985    0.036 0.092    0.048   --  
62100:    1.00    7.407    0.049 0.084    0.046   --  
62200:    1.00    7.307    0.051 0.084    0.052   --  
62300:    1.00    7.040    0.056 0.073    0.049   --  
62400:    1.00    7.188    0.054 0.069    0.053   --  
62500:    1.00    6.812    0.058 0.079    0.044   --  
62600:    1.00    7.005    0.045 0.067    0.050   --  
62700:    1.00    6.629    0.053 0.077    0.051   --  
62800:    1.00    6.823    0.052 0.076    0.048   --  
62900:    1.00    6.486    0.046 0.054    0.040   --  

--------------------------------------------
Proportion of membership of each pre-defined
 population in each of the 2 clusters

Given    Inferred Clusters       Number of
 Pop       1      2             Individuals

  1:     0.508  0.492             358
  2:     0.502  0.498             1039
  3:     0.503  0.497             603
--------------------------------------------

 Rep#:   Lambda   Alpha      F1    F2     D1,2    Ln Like 
63000:    1.00    7.003    0.045 0.059    0.055   --  
63100:    1.00    7.266    0.066 0.045    0.043   --  
63200:    1.00    7.414    0.050 0.055    0.047   --  
63300:    1.00    7.511    0.039 0.073    0.053   --  
63400:    1.00    7.530    0.033 0.079    0.047   --  
63500:    1.00    7.567    0.035 0.084    0.044   --  
63600:    1.00    7.979    0.037 0.076    0.046   --  
63700:    1.00    7.839    0.039 0.084    0.051   --  
63800:    1.00    7.804    0.034 0.072    0.047   --  
63900:    1.00    7.844    0.040 0.050    0.047   --  

--------------------------------------------
Proportion of membership of each pre-defined
 population in each of the 2 clusters

Given    Inferred Clusters       Number of
 Pop       1      2             Individuals

  1:     0.501  0.499             358
  2:     0.495  0.505             1039
  3:     0.501  0.499             603
--------------------------------------------

 Rep#:   Lambda   Alpha      F1    F2     D1,2    Ln Like 
64000:    1.00    7.846    0.033 0.087    0.044   --  
64100:    1.00    7.114    0.024 0.085    0.048   --  
64200:    1.00    7.089    0.023 0.086    0.040   --  
64300:    1.00    7.130    0.031 0.074    0.044   --  
64400:    1.00    7.585    0.029 0.097    0.052   --  
64500:    1.00    7.497    0.028 0.080    0.046   --  
64600:    1.00    7.371    0.027 0.085    0.044   --  
64700:    1.00    7.772    0.026 0.090    0.041   --  
64800:    1.00    7.874    0.027 0.093    0.057   --  
64900:    1.00    7.757    0.029 0.092    0.039   --  

--------------------------------------------
Proportion of membership of each pre-defined
 population in each of the 2 clusters

Given    Inferred Clusters       Number of
 Pop       1      2             Individuals

  1:     0.503  0.497             358
  2:     0.497  0.503             1039
  3:     0.495  0.505             603
--------------------------------------------

 Rep#:   Lambda   Alpha      F1    F2     D1,2    Ln Like 
65000:    1.00    7.429    0.024 0.099    0.049   --  
65100:    1.00    7.624    0.022 0.075    0.055   --  
65200:    1.00    7.441    0.021 0.087    0.051   --  
65300:    1.00    7.479    0.028 0.085    0.047   --  
65400:    1.00    7.634    0.030 0.087    0.050   --  
65500:    1.00    7.709    0.029 0.082    0.062   --  
65600:    1.00    7.799    0.034 0.078    0.046   --  
65700:    1.00    7.724    0.030 0.087    0.043   --  
65800:    1.00    7.415    0.024 0.098    0.046   --  
65900:    1.00    7.516    0.021 0.083    0.041   --  

--------------------------------------------
Proportion of membership of each pre-defined
 population in each of the 2 clusters

Given    Inferred Clusters       Number of
 Pop       1      2             Individuals

  1:     0.495  0.505             358
  2:     0.501  0.499             1039
  3:     0.497  0.503             603
--------------------------------------------

 Rep#:   Lambda   Alpha      F1    F2     D1,2    Ln Like 
66000:    1.00    7.265    0.025 0.078    0.049   --  
66100:    1.00    7.433    0.027 0.073    0.053   --  
66200:    1.00    7.228    0.025 0.062    0.032   --  
66300:    1.00    7.226    0.027 0.076    0.035   --  
66400:    1.00    7.362    0.042 0.071    0.040   --  
66500:    1.00    6.898    0.033 0.053    0.038   --  
66600:    1.00    6.895    0.031 0.057    0.030   --  
66700:    1.00    6.404    0.036 0.088    0.051   --  
66800:    1.00    6.676    0.027 0.083    0.041   --  
66900:    1.00    6.936    0.034 0.067    0.053   --  

--------------------------------------------
Proportion of membership of each pre-defined
 population in each of the 2 clusters

Given    Inferred Clusters       Number of
 Pop       1      2             Individuals

  1:     0.501  0.499             358
  2:     0.506  0.494             1039
  3:     0.506  0.494             603
--------------------------------------------

 Rep#:   Lambda   Alpha      F1    F2     D1,2    Ln Like 
67000:    1.00    6.773    0.028 0.093    0.047   --  
67100:    1.00    6.759    0.033 0.078    0.048   --  
67200:    1.00    6.502    0.037 0.060    0.043   --  
67300:    1.00    6.477    0.038 0.052    0.038   --  
67400:    1.00    6.234    0.039 0.054    0.031   --  
67500:    1.00    6.321    0.042 0.045    0.037   --  
67600:    1.00    6.169    0.038 0.047    0.036   --  
67700:    1.00    5.924    0.052 0.052    0.044   --  
67800:    1.00    5.599    0.043 0.048    0.038   --  
67900:    1.00    5.610    0.042 0.042    0.036   --  

--------------------------------------------
Proportion of membership of each pre-defined
 population in each of the 2 clusters

Given    Inferred Clusters       Number of
 Pop       1      2             Individuals

  1:     0.499  0.501             358
  2:     0.506  0.494             1039
  3:     0.492  0.508             603
--------------------------------------------

 Rep#:   Lambda   Alpha      F1    F2     D1,2    Ln Like 
68000:    1.00    5.916    0.043 0.038    0.029   --  
68100:    1.00    5.619    0.040 0.042    0.034   --  
68200:    1.00    5.803    0.035 0.051    0.032   --  
68300:    1.00    5.787    0.027 0.048    0.043   --  
68400:    1.00    5.942    0.031 0.060    0.038   --  
68500:    1.00    5.805    0.035 0.064    0.049   --  
68600:    1.00    5.525    0.034 0.058    0.030   --  
68700:    1.00    5.496    0.037 0.059    0.034   --  
68800:    1.00    4.984    0.043 0.057    0.040   --  
68900:    1.00    5.041    0.044 0.056    0.038   --  

--------------------------------------------
Proportion of membership of each pre-defined
 population in each of the 2 clusters

Given    Inferred Clusters       Number of
 Pop       1      2             Individuals

  1:     0.491  0.509             358
  2:     0.496  0.504             1039
  3:     0.501  0.499             603
--------------------------------------------

 Rep#:   Lambda   Alpha      F1    F2     D1,2    Ln Like 
69000:    1.00    5.041    0.032 0.052    0.036   --  
69100:    1.00    5.224    0.027 0.059    0.035   --  
69200:    1.00    4.883    0.037 0.065    0.035   --  
69300:    1.00    4.671    0.040 0.060    0.038   --  
69400:    1.00    5.065    0.048 0.045    0.031   --  
69500:    1.00    4.809    0.043 0.034    0.025   --  
69600:    1.00    4.876    0.029 0.041    0.032   --  
69700:    1.00    4.790    0.024 0.052    0.023   --  
69800:    1.00    4.574    0.023 0.074    0.028   --  
69900:    1.00    5.130    0.022 0.059    0.028   --  

--------------------------------------------
Proportion of membership of each pre-defined
 population in each of the 2 clusters

Given    Inferred Clusters       Number of
 Pop       1      2             Individuals

  1:     0.502  0.498             358
  2:     0.501  0.499             1039
  3:     0.495  0.505             603
--------------------------------------------

 Rep#:   Lambda   Alpha      F1    F2     D1,2    Ln Like 
70000:    1.00    5.157    0.022 0.056    0.036   --  
70100:    1.00    5.320    0.022 0.063    0.029   --  
70200:    1.00    5.269    0.029 0.059    0.033   --  
70300:    1.00    5.252    0.028 0.048    0.035   --  
70400:    1.00    5.153    0.029 0.069    0.034   --  
70500:    1.00    5.424    0.031 0.061    0.040   --  
70600:    1.00    5.567    0.029 0.065    0.026   --  
70700:    1.00    5.840    0.030 0.073    0.035   --  
70800:    1.00    5.631    0.037 0.071    0.034   --  
70900:    1.00    5.881    0.050 0.056    0.039   --  

--------------------------------------------
Proportion of membership of each pre-defined
 population in each of the 2 clusters

Given    Inferred Clusters       Number of
 Pop       1      2             Individuals

  1:     0.502  0.498             358
  2:     0.499  0.501             1039
  3:     0.499  0.501             603
--------------------------------------------

 Rep#:   Lambda   Alpha      F1    F2     D1,2    Ln Like 
71000:    1.00    6.075    0.058 0.062    0.039   --  
71100:    1.00    6.203    0.040 0.067    0.034   --  
71200:    1.00    6.215    0.044 0.065    0.046   --  
71300:    1.00    6.901    0.052 0.054    0.047   --  
71400:    1.00    6.915    0.066 0.075    0.046   --  
71500:    1.00    6.504    0.057 0.064    0.044   --  
71600:    1.00    6.706    0.049 0.054    0.053   --  
71700:    1.00    6.844    0.059 0.070    0.054   --  
71800:    1.00    7.331    0.048 0.072    0.045   --  
71900:    1.00    7.318    0.044 0.069    0.037   --  

--------------------------------------------
Proportion of membership of each pre-defined
 population in each of the 2 clusters

Given    Inferred Clusters       Number of
 Pop       1      2             Individuals

  1:     0.504  0.496             358
  2:     0.499  0.501             1039
  3:     0.496  0.504             603
--------------------------------------------

 Rep#:   Lambda   Alpha      F1    F2     D1,2    Ln Like 
72000:    1.00    7.572    0.044 0.076    0.037   --  
72100:    1.00    7.604    0.038 0.042    0.033   --  
72200:    1.00    7.209    0.045 0.045    0.039   --  
72300:    1.00    6.997    0.043 0.067    0.044   --  
72400:    1.00    7.024    0.043 0.052    0.039   --  
72500:    1.00    6.929    0.044 0.049    0.035   --  
72600:    1.00    6.810    0.034 0.058    0.039   --  
72700:    1.00    6.602    0.029 0.063    0.042   --  
72800:    1.00    6.703    0.041 0.051    0.036   --  
72900:    1.00    6.990    0.034 0.066    0.043   --  

--------------------------------------------
Proportion of membership of each pre-defined
 population in each of the 2 clusters

Given    Inferred Clusters       Number of
 Pop       1      2             Individuals

  1:     0.504  0.496             358
  2:     0.498  0.502             1039
  3:     0.502  0.498             603
--------------------------------------------

 Rep#:   Lambda   Alpha      F1    F2     D1,2    Ln Like 
73000:    1.00    7.542    0.036 0.067    0.046   --  
73100:    1.00    7.697    0.045 0.082    0.056   --  
73200:    1.00    7.826    0.033 0.102    0.053   --  
73300:    1.00    8.104    0.030 0.107    0.047   --  
73400:    1.00    7.974    0.033 0.078    0.041   --  
73500:    1.00    8.050    0.037 0.078    0.052   --  
73600:    1.00    8.023    0.030 0.058    0.049   --  
73700:    1.00    8.174    0.028 0.065    0.040   --  
73800:    1.00    8.195    0.037 0.084    0.047   --  
73900:    1.00    8.079    0.052 0.046    0.045   --  

--------------------------------------------
Proportion of membership of each pre-defined
 population in each of the 2 clusters

Given    Inferred Clusters       Number of
 Pop       1      2             Individuals

  1:     0.499  0.501             358
  2:     0.497  0.503             1039
  3:     0.500  0.500             603
--------------------------------------------

 Rep#:   Lambda   Alpha      F1    F2     D1,2    Ln Like 
74000:    1.00    7.963    0.054 0.050    0.041   --  
74100:    1.00    7.855    0.053 0.074    0.051   --  
74200:    1.00    7.752    0.045 0.073    0.058   --  
74300:    1.00    7.533    0.038 0.080    0.051   --  
74400:    1.00    7.344    0.029 0.060    0.041   --  
74500:    1.00    7.393    0.027 0.072    0.043   --  
74600:    1.00    7.484    0.031 0.077    0.049   --  
74700:    1.00    7.660    0.026 0.058    0.036   --  
74800:    1.00    7.475    0.031 0.076    0.042   --  
74900:    1.00    7.564    0.034 0.089    0.040   --  

--------------------------------------------
Proportion of membership of each pre-defined
 population in each of the 2 clusters

Given    Inferred Clusters       Number of
 Pop       1      2             Individuals

  1:     0.502  0.498             358
  2:     0.499  0.501             1039
  3:     0.504  0.496             603
--------------------------------------------

 Rep#:   Lambda   Alpha      F1    F2     D1,2    Ln Like 
75000:    1.00    7.843    0.042 0.083    0.051   --  
75100:    1.00    7.745    0.030 0.080    0.042   --  
75200:    1.00    8.020    0.028 0.083    0.040   --  
75300:    1.00    7.918    0.019 0.105    0.046   --  
75400:    1.00    7.955    0.022 0.088    0.035   --  
75500:    1.00    8.047    0.025 0.065    0.040   --  
75600:    1.00    7.967    0.025 0.070    0.041   --  
75700:    1.00    7.573    0.025 0.060    0.039   --  
75800:    1.00    7.610    0.020 0.101    0.054   --  
75900:    1.00    7.707    0.020 0.079    0.055   --  

--------------------------------------------
Proportion of membership of each pre-defined
 population in each of the 2 clusters

Given    Inferred Clusters       Number of
 Pop       1      2             Individuals

  1:     0.508  0.492             358
  2:     0.501  0.499             1039
  3:     0.499  0.501             603
--------------------------------------------

 Rep#:   Lambda   Alpha      F1    F2     D1,2    Ln Like 
76000:    1.00    8.019    0.023 0.085    0.045   --  
76100:    1.00    7.984    0.023 0.071    0.039   --  
76200:    1.00    7.683    0.027 0.095    0.042   --  
76300:    1.00    7.661    0.033 0.056    0.057   --  
76400:    1.00    7.415    0.034 0.050    0.042   --  
76500:    1.00    7.721    0.032 0.045    0.033   --  
76600:    1.00    7.545    0.045 0.051    0.044   --  
76700:    1.00    7.706    0.039 0.046    0.038   --  
76800:    1.00    7.510    0.037 0.057    0.041   --  
76900:    1.00    7.462    0.043 0.046    0.041   --  

--------------------------------------------
Proportion of membership of each pre-defined
 population in each of the 2 clusters

Given    Inferred Clusters       Number of
 Pop       1      2             Individuals

  1:     0.512  0.488             358
  2:     0.501  0.499             1039
  3:     0.512  0.488             603
--------------------------------------------

 Rep#:   Lambda   Alpha      F1    F2     D1,2    Ln Like 
77000:    1.00    7.847    0.032 0.063    0.047   --  
77100:    1.00    7.970    0.041 0.059    0.045   --  
77200:    1.00    8.229    0.042 0.052    0.038   --  
77300:    1.00    8.121    0.036 0.073    0.044   --  
77400:    1.00    8.172    0.033 0.076    0.046   --  
77500:    1.00    7.892    0.041 0.071    0.045   --  
77600:    1.00    7.655    0.032 0.089    0.043   --  
77700:    1.00    7.423    0.029 0.074    0.036   --  
77800:    1.00    7.405    0.024 0.067    0.043   --  
77900:    1.00    7.097    0.025 0.066    0.040   --  

--------------------------------------------
Proportion of membership of each pre-defined
 population in each of the 2 clusters

Given    Inferred Clusters       Number of
 Pop       1      2             Individuals

  1:     0.506  0.494             358
  2:     0.499  0.501             1039
  3:     0.505  0.495             603
--------------------------------------------

 Rep#:   Lambda   Alpha      F1    F2     D1,2    Ln Like 
78000:    1.00    7.004    0.031 0.093    0.051   --  
78100:    1.00    6.620    0.030 0.092    0.042   --  
78200:    1.00    6.314    0.035 0.080    0.047   --  
78300:    1.00    6.360    0.038 0.064    0.032   --  
78400:    1.00    6.631    0.038 0.064    0.038   --  
78500:    1.00    7.003    0.034 0.069    0.048   --  
78600:    1.00    7.145    0.043 0.073    0.041   --  
78700:    1.00    7.412    0.035 0.050    0.042   --  
78800:    1.00    7.623    0.036 0.046    0.042   --  
78900:    1.00    7.352    0.035 0.060    0.041   --  

--------------------------------------------
Proportion of membership of each pre-defined
 population in each of the 2 clusters

Given    Inferred Clusters       Number of
 Pop       1      2             Individuals

  1:     0.496  0.504             358
  2:     0.497  0.503             1039
  3:     0.502  0.498             603
--------------------------------------------

 Rep#:   Lambda   Alpha      F1    F2     D1,2    Ln Like 
79000:    1.00    7.219    0.032 0.049    0.039   --  
79100:    1.00    7.526    0.025 0.088    0.038   --  
79200:    1.00    7.775    0.041 0.069    0.034   --  
79300:    1.00    7.852    0.044 0.053    0.042   --  
79400:    1.00    8.016    0.045 0.065    0.039   --  
79500:    1.00    8.388    0.041 0.085    0.038   --  
79600:    1.00    8.267    0.055 0.066    0.053   --  
79700:    1.00    7.937    0.045 0.061    0.056   --  
79800:    1.00    7.943    0.041 0.064    0.053   --  
79900:    1.00    7.708    0.033 0.078    0.039   --  

--------------------------------------------
Proportion of membership of each pre-defined
 population in each of the 2 clusters

Given    Inferred Clusters       Number of
 Pop       1      2             Individuals

  1:     0.496  0.504             358
  2:     0.492  0.508             1039
  3:     0.500  0.500             603
--------------------------------------------

 Rep#:   Lambda   Alpha      F1    F2     D1,2    Ln Like 
80000:    1.00    7.793    0.035 0.062    0.042   --  
80100:    1.00    7.208    0.035 0.063    0.038   --  
80200:    1.00    7.145    0.038 0.079    0.049   --  
80300:    1.00    7.202    0.031 0.060    0.038   --  
80400:    1.00    7.231    0.032 0.060    0.039   --  
80500:    1.00    6.965    0.032 0.079    0.048   --  
80600:    1.00    6.556    0.034 0.079    0.043   --  
80700:    1.00    6.674    0.031 0.044    0.038   --  
80800:    1.00    6.619    0.037 0.043    0.034   --  
80900:    1.00    6.377    0.044 0.044    0.035   --  

--------------------------------------------
Proportion of membership of each pre-defined
 population in each of the 2 clusters

Given    Inferred Clusters       Number of
 Pop       1      2             Individuals

  1:     0.511  0.489             358
  2:     0.499  0.501             1039
  3:     0.504  0.496             603
--------------------------------------------

 Rep#:   Lambda   Alpha      F1    F2     D1,2    Ln Like 
81000:    1.00    6.570    0.045 0.056    0.037   --  
81100:    1.00    6.223    0.052 0.056    0.041   --  
81200:    1.00    6.671    0.053 0.056    0.042   --  
81300:    1.00    6.985    0.053 0.054    0.033   --  
81400:    1.00    6.555    0.045 0.043    0.043   --  
81500:    1.00    6.813    0.044 0.068    0.047   --  
81600:    1.00    6.639    0.034 0.058    0.033   --  
81700:    1.00    6.755    0.030 0.079    0.037   --  
81800:    1.00    7.358    0.042 0.069    0.039   --  
81900:    1.00    7.683    0.031 0.082    0.041   --  

--------------------------------------------
Proportion of membership of each pre-defined
 population in each of the 2 clusters

Given    Inferred Clusters       Number of
 Pop       1      2             Individuals

  1:     0.492  0.508             358
  2:     0.509  0.491             1039
  3:     0.498  0.502             603
--------------------------------------------

 Rep#:   Lambda   Alpha      F1    F2     D1,2    Ln Like 
82000:    1.00    7.464    0.034 0.072    0.045   --  
82100:    1.00    7.728    0.040 0.099    0.060   --  
82200:    1.00    8.048    0.042 0.078    0.045   --  
82300:    1.00    8.007    0.039 0.078    0.048   --  
82400:    1.00    8.485    0.032 0.076    0.041   --  
82500:    1.00    8.465    0.028 0.075    0.043   --  
82600:    1.00    9.066    0.032 0.061    0.042   --  
82700:    1.00    8.986    0.033 0.061    0.039   --  
82800:    1.00    9.341    0.026 0.061    0.040   --  
82900:    1.00    9.392    0.032 0.051    0.048   --  

--------------------------------------------
Proportion of membership of each pre-defined
 population in each of the 2 clusters

Given    Inferred Clusters       Number of
 Pop       1      2             Individuals

  1:     0.512  0.488             358
  2:     0.498  0.502             1039
  3:     0.503  0.497             603
--------------------------------------------

 Rep#:   Lambda   Alpha      F1    F2     D1,2    Ln Like 
83000:    1.00    9.507    0.030 0.065    0.044   --  
83100:    1.00    9.364    0.039 0.055    0.037   --  
83200:    1.00    8.624    0.038 0.074    0.052   --  
83300:    1.00    9.054    0.028 0.104    0.056   --  
83400:    1.00    8.975    0.029 0.107    0.046   --  
83500:    1.00    9.036    0.031 0.107    0.054   --  
83600:    1.00    9.085    0.022 0.119    0.055   --  
83700:    1.00    9.362    0.030 0.091    0.053   --  
83800:    1.00    9.340    0.024 0.101    0.058   --  
83900:    1.00    9.374    0.021 0.105    0.051   --  

--------------------------------------------
Proportion of membership of each pre-defined
 population in each of the 2 clusters

Given    Inferred Clusters       Number of
 Pop       1      2             Individuals

  1:     0.497  0.503             358
  2:     0.500  0.500             1039
  3:     0.503  0.497             603
--------------------------------------------

 Rep#:   Lambda   Alpha      F1    F2     D1,2    Ln Like 
84000:    1.00    9.135    0.019 0.125    0.057   --  
84100:    1.00    9.291    0.017 0.125    0.056   --  
84200:    1.00    9.256    0.017 0.098    0.055   --  
84300:    1.00    9.531    0.016 0.110    0.043   --  
84400:    1.00    9.503    0.020 0.097    0.043   --  
84500:    1.00    9.566    0.023 0.097    0.051   --  
84600:    1.00    9.738    0.025 0.103    0.046   --  
84700:    1.00    9.914    0.022 0.100    0.048   --  
84800:    1.00    9.953    0.019 0.097    0.041   --  
84900:    1.00    9.911    0.020 0.094    0.053   --  

--------------------------------------------
Proportion of membership of each pre-defined
 population in each of the 2 clusters

Given    Inferred Clusters       Number of
 Pop       1      2             Individuals

  1:     0.497  0.503             358
  2:     0.500  0.500             1039
  3:     0.494  0.506             603
--------------------------------------------

 Rep#:   Lambda   Alpha      F1    F2     D1,2    Ln Like 
85000:    1.00    9.763    0.022 0.101    0.051   --  
85100:    1.00    9.835    0.021 0.126    0.057   --  
85200:    1.00    9.714    0.019 0.070    0.043   --  
85300:    1.00    9.602    0.019 0.086    0.044   --  
85400:    1.00    9.980    0.016 0.095    0.040   --  
85500:    1.00    9.998    0.020 0.102    0.042   --  
85600:    1.00    9.774    0.019 0.100    0.042   --  
85700:    1.00    9.579    0.017 0.065    0.036   --  
85800:    1.00    9.265    0.025 0.069    0.047   --  
85900:    1.00    9.464    0.036 0.078    0.051   --  

--------------------------------------------
Proportion of membership of each pre-defined
 population in each of the 2 clusters

Given    Inferred Clusters       Number of
 Pop       1      2             Individuals

  1:     0.498  0.502             358
  2:     0.503  0.497             1039
  3:     0.497  0.503             603
--------------------------------------------

 Rep#:   Lambda   Alpha      F1    F2     D1,2    Ln Like 
86000:    1.00    9.593    0.039 0.059    0.052   --  
86100:    1.00    9.657    0.037 0.068    0.041   --  
86200:    1.00    9.841    0.034 0.068    0.057   --  
86300:    1.00    9.654    0.029 0.083    0.051   --  
86400:    1.00    9.695    0.029 0.084    0.049   --  
86500:    1.00    9.788    0.026 0.085    0.043   --  
86600:    1.00    9.423    0.025 0.090    0.046   --  
86700:    1.00    9.835    0.033 0.098    0.047   --  
86800:    1.00    9.875    0.032 0.088    0.058   --  
86900:    1.00    9.650    0.032 0.082    0.046   --  

--------------------------------------------
Proportion of membership of each pre-defined
 population in each of the 2 clusters

Given    Inferred Clusters       Number of
 Pop       1      2             Individuals

  1:     0.501  0.499             358
  2:     0.501  0.499             1039
  3:     0.505  0.495             603
--------------------------------------------

 Rep#:   Lambda   Alpha      F1    F2     D1,2    Ln Like 
87000:    1.00    9.565    0.028 0.088    0.054   --  
87100:    1.00    9.291    0.030 0.084    0.053   --  
87200:    1.00    9.361    0.038 0.075    0.048   --  
87300:    1.00    9.404    0.039 0.075    0.052   --  
87400:    1.00    9.228    0.030 0.091    0.063   --  
87500:    1.00    8.906    0.028 0.106    0.055   --  
87600:    1.00    8.850    0.036 0.091    0.054   --  
87700:    1.00    8.554    0.033 0.101    0.068   --  
87800:    1.00    8.449    0.033 0.096    0.067   --  
87900:    1.00    8.430    0.034 0.083    0.056   --  

--------------------------------------------
Proportion of membership of each pre-defined
 population in each of the 2 clusters

Given    Inferred Clusters       Number of
 Pop       1      2             Individuals

  1:     0.493  0.507             358
  2:     0.498  0.502             1039
  3:     0.500  0.500             603
--------------------------------------------

 Rep#:   Lambda   Alpha      F1    F2     D1,2    Ln Like 
88000:    1.00    8.703    0.040 0.074    0.054   --  
88100:    1.00    8.395    0.031 0.074    0.046   --  
88200:    1.00    8.365    0.028 0.065    0.034   --  
88300:    1.00    8.398    0.025 0.078    0.034   --  
88400:    1.00    8.375    0.027 0.067    0.035   --  
88500:    1.00    8.627    0.025 0.097    0.047   --  
88600:    1.00    8.764    0.020 0.084    0.039   --  
88700:    1.00    8.590    0.021 0.106    0.049   --  
88800:    1.00    8.512    0.022 0.084    0.043   --  
88900:    1.00    8.389    0.026 0.132    0.048   --  

--------------------------------------------
Proportion of membership of each pre-defined
 population in each of the 2 clusters

Given    Inferred Clusters       Number of
 Pop       1      2             Individuals

  1:     0.496  0.504             358
  2:     0.501  0.499             1039
  3:     0.498  0.502             603
--------------------------------------------

 Rep#:   Lambda   Alpha      F1    F2     D1,2    Ln Like 
89000:    1.00    8.633    0.024 0.083    0.045   --  
89100:    1.00    8.546    0.032 0.089    0.044   --  
89200:    1.00    9.234    0.027 0.102    0.048   --  
89300:    1.00    9.088    0.027 0.101    0.051   --  
89400:    1.00    9.208    0.028 0.075    0.040   --  
89500:    1.00    9.598    0.027 0.102    0.060   --  
89600:    1.00    9.862    0.025 0.101    0.057   --  
89700:    1.00    9.729    0.025 0.126    0.052   --  
89800:    1.00    9.776    0.023 0.121    0.054   --  
89900:    1.00    9.712    0.024 0.107    0.057   --  

--------------------------------------------
Proportion of membership of each pre-defined
 population in each of the 2 clusters

Given    Inferred Clusters       Number of
 Pop       1      2             Individuals

  1:     0.510  0.490             358
  2:     0.504  0.496             1039
  3:     0.510  0.490             603
--------------------------------------------

 Rep#:   Lambda   Alpha      F1    F2     D1,2    Ln Like 
90000:    1.00    9.605    0.030 0.094    0.045   --  
90100:    1.00    9.476    0.027 0.101    0.053   --  
90200:    1.00    9.324    0.030 0.108    0.054   --  
90300:    1.00    9.335    0.028 0.115    0.049   --  
90400:    1.00    9.619    0.025 0.126    0.055   --  
90500:    1.00    9.729    0.023 0.103    0.037   --  
90600:    1.00    9.665    0.025 0.103    0.052   --  
90700:    1.00    9.490    0.036 0.126    0.058   --  
90800:    1.00    9.460    0.037 0.099    0.063   --  
90900:    1.00    9.609    0.031 0.089    0.067   --  

--------------------------------------------
Proportion of membership of each pre-defined
 population in each of the 2 clusters

Given    Inferred Clusters       Number of
 Pop       1      2             Individuals

  1:     0.508  0.492             358
  2:     0.497  0.503             1039
  3:     0.498  0.502             603
--------------------------------------------

 Rep#:   Lambda   Alpha      F1    F2     D1,2    Ln Like 
91000:    1.00    9.782    0.050 0.096    0.061   --  
91100:    1.00    9.993    0.046 0.073    0.053   --  
91200:    1.00    9.903    0.035 0.104    0.050   --  
91300:    1.00    9.597    0.042 0.122    0.058   --  
91400:    1.00    9.482    0.038 0.087    0.060   --  
91500:    1.00    9.608    0.041 0.095    0.047   --  
91600:    1.00    8.939    0.030 0.067    0.044   --  
91700:    1.00    8.954    0.022 0.078    0.043   --  
91800:    1.00    9.137    0.028 0.079    0.041   --  
91900:    1.00    9.258    0.023 0.076    0.045   --  

--------------------------------------------
Proportion of membership of each pre-defined
 population in each of the 2 clusters

Given    Inferred Clusters       Number of
 Pop       1      2             Individuals

  1:     0.504  0.496             358
  2:     0.498  0.502             1039
  3:     0.500  0.500             603
--------------------------------------------

 Rep#:   Lambda   Alpha      F1    F2     D1,2    Ln Like 
92000:    1.00    9.325    0.017 0.085    0.044   --  
92100:    1.00    9.186    0.023 0.096    0.047   --  
92200:    1.00    9.118    0.027 0.112    0.051   --  
92300:    1.00    8.882    0.021 0.079    0.050   --  
92400:    1.00    8.632    0.021 0.103    0.037   --  
92500:    1.00    8.606    0.024 0.081    0.034   --  
92600:    1.00    8.702    0.026 0.068    0.034   --  
92700:    1.00    8.914    0.022 0.084    0.039   --  
92800:    1.00    8.575    0.025 0.078    0.036   --  
92900:    1.00    7.991    0.039 0.083    0.046   --  

--------------------------------------------
Proportion of membership of each pre-defined
 population in each of the 2 clusters

Given    Inferred Clusters       Number of
 Pop       1      2             Individuals

  1:     0.508  0.492             358
  2:     0.498  0.502             1039
  3:     0.505  0.495             603
--------------------------------------------

 Rep#:   Lambda   Alpha      F1    F2     D1,2    Ln Like 
93000:    1.00    8.394    0.035 0.088    0.052   --  
93100:    1.00    8.564    0.043 0.065    0.050   --  
93200:    1.00    8.698    0.043 0.085    0.048   --  
93300:    1.00    8.666    0.045 0.084    0.060   --  
93400:    1.00    8.982    0.037 0.072    0.048   --  
93500:    1.00    9.064    0.051 0.094    0.067   --  
93600:    1.00    9.065    0.041 0.076    0.062   --  
93700:    1.00    8.986    0.043 0.063    0.044   --  
93800:    1.00    9.538    0.039 0.073    0.053   --  
93900:    1.00    9.724    0.034 0.062    0.035   --  

--------------------------------------------
Proportion of membership of each pre-defined
 population in each of the 2 clusters

Given    Inferred Clusters       Number of
 Pop       1      2             Individuals

  1:     0.496  0.504             358
  2:     0.498  0.502             1039
  3:     0.497  0.503             603
--------------------------------------------

 Rep#:   Lambda   Alpha      F1    F2     D1,2    Ln Like 
94000:    1.00    9.759    0.037 0.058    0.033   --  
94100:    1.00    9.594    0.035 0.087    0.051   --  
94200:    1.00    9.650    0.036 0.082    0.046   --  
94300:    1.00    9.464    0.039 0.066    0.045   --  
94400:    1.00    8.862    0.044 0.064    0.054   --  
94500:    1.00    8.751    0.051 0.070    0.040   --  
94600:    1.00    8.834    0.039 0.071    0.047   --  
94700:    1.00    9.025    0.038 0.064    0.043   --  
94800:    1.00    9.130    0.043 0.058    0.032   --  
94900:    1.00    8.809    0.036 0.054    0.035   --  

--------------------------------------------
Proportion of membership of each pre-defined
 population in each of the 2 clusters

Given    Inferred Clusters       Number of
 Pop       1      2             Individuals

  1:     0.495  0.505             358
  2:     0.498  0.502             1039
  3:     0.499  0.501             603
--------------------------------------------

 Rep#:   Lambda   Alpha      F1    F2     D1,2    Ln Like 
95000:    1.00    8.681    0.031 0.052    0.041   --  
95100:    1.00    8.427    0.031 0.057    0.033   --  
95200:    1.00    8.598    0.059 0.067    0.043   --  
95300:    1.00    8.222    0.053 0.061    0.054   --  
95400:    1.00    8.198    0.046 0.080    0.053   --  
95500:    1.00    8.382    0.051 0.096    0.046   --  
95600:    1.00    8.205    0.064 0.074    0.052   --  
95700:    1.00    7.843    0.039 0.093    0.047   --  
95800:    1.00    7.903    0.045 0.076    0.050   --  
95900:    1.00    7.628    0.055 0.077    0.044   --  

--------------------------------------------
Proportion of membership of each pre-defined
 population in each of the 2 clusters

Given    Inferred Clusters       Number of
 Pop       1      2             Individuals

  1:     0.490  0.510             358
  2:     0.501  0.499             1039
  3:     0.501  0.499             603
--------------------------------------------

 Rep#:   Lambda   Alpha      F1    F2     D1,2    Ln Like 
96000:    1.00    7.727    0.041 0.062    0.043   --  
96100:    1.00    7.992    0.041 0.085    0.052   --  
96200:    1.00    7.886    0.025 0.091    0.041   --  
96300:    1.00    7.966    0.030 0.102    0.047   --  
96400:    1.00    8.047    0.028 0.084    0.050   --  
96500:    1.00    7.844    0.042 0.075    0.048   --  
96600:    1.00    8.322    0.036 0.072    0.050   --  
96700:    1.00    8.420    0.036 0.083    0.052   --  
96800:    1.00    8.353    0.038 0.077    0.043   --  
96900:    1.00    8.333    0.038 0.086    0.052   --  

--------------------------------------------
Proportion of membership of each pre-defined
 population in each of the 2 clusters

Given    Inferred Clusters       Number of
 Pop       1      2             Individuals

  1:     0.502  0.498             358
  2:     0.503  0.497             1039
  3:     0.493  0.507             603
--------------------------------------------

 Rep#:   Lambda   Alpha      F1    F2     D1,2    Ln Like 
97000:    1.00    8.492    0.028 0.069    0.037   --  
97100:    1.00    8.403    0.042 0.086    0.038   --  
97200:    1.00    8.132    0.040 0.064    0.047   --  
97300:    1.00    8.023    0.041 0.085    0.053   --  
97400:    1.00    7.851    0.047 0.074    0.039   --  
97500:    1.00    7.696    0.030 0.059    0.032   --  
97600:    1.00    7.959    0.041 0.057    0.031   --  
97700:    1.00    7.685    0.035 0.070    0.043   --  
97800:    1.00    7.901    0.030 0.075    0.040   --  
97900:    1.00    7.804    0.035 0.067    0.041   --  

--------------------------------------------
Proportion of membership of each pre-defined
 population in each of the 2 clusters

Given    Inferred Clusters       Number of
 Pop       1      2             Individuals

  1:     0.504  0.496             358
  2:     0.492  0.508             1039
  3:     0.493  0.507             603
--------------------------------------------

 Rep#:   Lambda   Alpha      F1    F2     D1,2    Ln Like 
98000:    1.00    7.979    0.037 0.069    0.038   --  
98100:    1.00    7.699    0.040 0.084    0.041   --  
98200:    1.00    8.408    0.031 0.072    0.046   --  
98300:    1.00    8.376    0.039 0.073    0.053   --  
98400:    1.00    8.557    0.042 0.067    0.057   --  
98500:    1.00    8.846    0.057 0.058    0.054   --  
98600:    1.00    8.654    0.047 0.056    0.053   --  
98700:    1.00    8.427    0.049 0.055    0.060   --  
98800:    1.00    8.122    0.065 0.053    0.045   --  
98900:    1.00    7.870    0.057 0.052    0.044   --  

--------------------------------------------
Proportion of membership of each pre-defined
 population in each of the 2 clusters

Given    Inferred Clusters       Number of
 Pop       1      2             Individuals

  1:     0.504  0.496             358
  2:     0.502  0.498             1039
  3:     0.500  0.500             603
--------------------------------------------

 Rep#:   Lambda   Alpha      F1    F2     D1,2    Ln Like 
99000:    1.00    7.984    0.059 0.039    0.043   --  
99100:    1.00    8.033    0.057 0.050    0.050   --  
99200:    1.00    7.962    0.061 0.064    0.049   --  
99300:    1.00    7.653    0.049 0.079    0.048   --  
99400:    1.00    7.765    0.056 0.053    0.047   --  
99500:    1.00    7.250    0.065 0.058    0.055   --  
99600:    1.00    7.285    0.064 0.060    0.043   --  
99700:    1.00    7.697    0.046 0.051    0.046   --  
99800:    1.00    7.630    0.056 0.050    0.044   --  
99900:    1.00    7.769    0.055 0.051    0.045   --  
100000:    1.00    7.319    0.065 0.072    0.048   --  

BURNIN completed
  Rep#:   Lambda   Alpha      F1    F2     D1,2    Ln Like  Est Ln P(D)
100100:    1.00    7.602    0.047 0.047    0.050   -125404    0 
100200:    1.00    7.221    0.035 0.055    0.038   -125376    0 
100300:    1.00    7.014    0.044 0.069    0.040   -125372    0 
100400:    1.00    6.832    0.037 0.066    0.039   -125322    0 
100500:    1.00    6.874    0.035 0.068    0.051   -125315    0 
100600:    1.00    6.625    0.041 0.055    0.051   -125346    0 
100700:    1.00    6.933    0.051 0.083    0.049   -125336    0 
100800:    1.00    6.883    0.050 0.062    0.043   -125294    0 
100900:    1.00    6.563    0.039 0.058    0.042   -125380    0 

--------------------------------------------
Proportion of membership of each pre-defined
 population in each of the 2 clusters

Given    Inferred Clusters       Number of
 Pop       1      2             Individuals

  1:     0.498  0.502             358
  2:     0.499  0.501             1039
  3:     0.505  0.495             603
--------------------------------------------

  Rep#:   Lambda   Alpha      F1    F2     D1,2    Ln Like  Est Ln P(D)
101000:    1.00    6.813    0.048 0.058    0.047   -125342    0 
101100:    1.00    6.534    0.041 0.082    0.045   -125357    0 
101200:    1.00    6.619    0.055 0.075    0.041   -125346    0 
101300:    1.00    6.570    0.041 0.094    0.051   -125318    0 
101400:    1.00    6.684    0.040 0.103    0.039   -125334    0 
101500:    1.00    7.109    0.041 0.086    0.060   -125301    0 
101600:    1.00    7.160    0.037 0.120    0.047   -125317    0 
101700:    1.00    7.175    0.037 0.127    0.044   -125389    0 
101800:    1.00    7.554    0.036 0.086    0.052   -125313    0 
101900:    1.00    7.652    0.041 0.080    0.037   -125376    0 

--------------------------------------------
Proportion of membership of each pre-defined
 population in each of the 2 clusters

Given    Inferred Clusters       Number of
 Pop       1      2             Individuals

  1:     0.509  0.491             358
  2:     0.493  0.507             1039
  3:     0.501  0.499             603
--------------------------------------------

  Rep#:   Lambda   Alpha      F1    F2     D1,2    Ln Like  Est Ln P(D)
102000:    1.00    8.200    0.042 0.071    0.036   -125445    0 
102100:    1.00    8.318    0.054 0.059    0.045   -125373    0 
102200:    1.00    8.720    0.046 0.062    0.047   -125421    0 
102300:    1.00    8.595    0.034 0.070    0.044   -125339    0 
102400:    1.00    8.613    0.036 0.102    0.047   -125440    0 
102500:    1.00    8.478    0.038 0.101    0.058   -125327    0 
102600:    1.00    8.722    0.033 0.080    0.061   -125403    0 
102700:    1.00    9.179    0.033 0.093    0.045   -125380    0 
102800:    1.00    9.075    0.033 0.104    0.051   -125395    0 
102900:    1.00    8.949    0.037 0.093    0.068   -125377    0 

--------------------------------------------
Proportion of membership of each pre-defined
 population in each of the 2 clusters

Given    Inferred Clusters       Number of
 Pop       1      2             Individuals

  1:     0.502  0.498             358
  2:     0.500  0.500             1039
  3:     0.496  0.504             603
--------------------------------------------

  Rep#:   Lambda   Alpha      F1    F2     D1,2    Ln Like  Est Ln P(D)
103000:    1.00    8.942    0.031 0.105    0.062   -125400    0 
103100:    1.00    9.277    0.034 0.078    0.051   -125385    0 
103200:    1.00    9.412    0.054 0.059    0.056   -125398    0 
103300:    1.00    9.631    0.051 0.069    0.059   -125382    0 
103400:    1.00    9.830    0.044 0.064    0.050   -125436    0 
103500:    1.00    9.853    0.046 0.065    0.059   -125382    0 
103600:    1.00    9.953    0.043 0.078    0.044   -125445    0 
103700:    1.00    9.702    0.046 0.071    0.054   -125416    0 
103800:    1.00    9.679    0.043 0.098    0.062   -125359    0 
103900:    1.00    9.885    0.033 0.092    0.048   -125433    0 

--------------------------------------------
Proportion of membership of each pre-defined
 population in each of the 2 clusters

Given    Inferred Clusters       Number of
 Pop       1      2             Individuals

  1:     0.499  0.501             358
  2:     0.503  0.497             1039
  3:     0.503  0.497             603
--------------------------------------------

  Rep#:   Lambda   Alpha      F1    F2     D1,2    Ln Like  Est Ln P(D)
104000:    1.00    9.824    0.045 0.080    0.053   -125371    0 
104100:    1.00    9.742    0.038 0.079    0.051   -125363    0 
104200:    1.00    9.587    0.043 0.063    0.046   -125402    0 
104300:    1.00    9.135    0.035 0.072    0.048   -125403    0 
104400:    1.00    9.019    0.042 0.093    0.052   -125398    0 
104500:    1.00    8.925    0.033 0.083    0.054   -125390    0 
104600:    1.00    8.701    0.038 0.107    0.055   -125315    0 
104700:    1.00    9.029    0.031 0.102    0.050   -125359    0 
104800:    1.00    9.433    0.030 0.110    0.056   -125379    0 
104900:    1.00    9.462    0.029 0.107    0.053   -125309    0 

--------------------------------------------
Proportion of membership of each pre-defined
 population in each of the 2 clusters

Given    Inferred Clusters       Number of
 Pop       1      2             Individuals

  1:     0.493  0.507             358
  2:     0.497  0.503             1039
  3:     0.507  0.493             603
--------------------------------------------

  Rep#:   Lambda   Alpha      F1    F2     D1,2    Ln Like  Est Ln P(D)
105000:    1.00    9.293    0.036 0.108    0.053   -125387    0 
105100:    1.00    9.510    0.031 0.084    0.058   -125408    0 
105200:    1.00    9.405    0.036 0.077    0.050   -125380    0 
105300:    1.00    9.533    0.040 0.085    0.051   -125472    0 
105400:    1.00    9.515    0.032 0.082    0.050   -125368    0 
105500:    1.00    9.598    0.054 0.081    0.051   -125372    0 
105600:    1.00    9.463    0.034 0.088    0.055   -125394    0 
105700:    1.00    9.517    0.036 0.071    0.053   -125389    0 
105800:    1.00    9.446    0.051 0.087    0.055   -125419    0 
105900:    1.00    9.482    0.042 0.064    0.039   -125414    0 

--------------------------------------------
Proportion of membership of each pre-defined
 population in each of the 2 clusters

Given    Inferred Clusters       Number of
 Pop       1      2             Individuals

  1:     0.492  0.508             358
  2:     0.492  0.508             1039
  3:     0.505  0.495             603
--------------------------------------------

  Rep#:   Lambda   Alpha      F1    F2     D1,2    Ln Like  Est Ln P(D)
106000:    1.00    9.265    0.034 0.085    0.046   -125420    0 
106100:    1.00    9.403    0.031 0.072    0.044   -125522    0 
106200:    1.00    9.638    0.043 0.069    0.046   -125467    0 
106300:    1.00    9.821    0.043 0.059    0.044   -125461    0 
106400:    1.00    9.903    0.036 0.063    0.044   -125467    0 
106500:    1.00    9.732    0.038 0.075    0.044   -125407    0 
106600:    1.00    9.652    0.040 0.073    0.057   -125400    0 
106700:    1.00    9.327    0.033 0.071    0.047   -125369    0 
106800:    1.00    9.542    0.031 0.076    0.048   -125402    0 
106900:    1.00    9.734    0.028 0.092    0.043   -125395    0 

--------------------------------------------
Proportion of membership of each pre-defined
 population in each of the 2 clusters

Given    Inferred Clusters       Number of
 Pop       1      2             Individuals

  1:     0.501  0.499             358
  2:     0.498  0.502             1039
  3:     0.508  0.492             603
--------------------------------------------

  Rep#:   Lambda   Alpha      F1    F2     D1,2    Ln Like  Est Ln P(D)
107000:    1.00    9.761    0.030 0.115    0.048   -125466    0 
107100:    1.00    9.866    0.025 0.089    0.042   -125442    0 
107200:    1.00    9.996    0.032 0.130    0.058   -125435    0 
107300:    1.00    9.578    0.028 0.134    0.053   -125410    0 
107400:    1.00    9.547    0.028 0.100    0.047   -125416    0 
107500:    1.00    9.749    0.024 0.087    0.051   -125410    0 
107600:    1.00    9.789    0.030 0.096    0.051   -125440    0 
107700:    1.00    9.902    0.032 0.119    0.066   -125337    0 
107800:    1.00    9.687    0.042 0.091    0.063   -125360    0 
107900:    1.00    9.566    0.042 0.088    0.066   -125385    0 

--------------------------------------------
Proportion of membership of each pre-defined
 population in each of the 2 clusters

Given    Inferred Clusters       Number of
 Pop       1      2             Individuals

  1:     0.501  0.499             358
  2:     0.497  0.503             1039
  3:     0.502  0.498             603
--------------------------------------------

  Rep#:   Lambda   Alpha      F1    F2     D1,2    Ln Like  Est Ln P(D)
108000:    1.00    9.641    0.044 0.096    0.050   -125451    0 
108100:    1.00    9.626    0.044 0.094    0.058   -125421    0 
108200:    1.00    9.851    0.047 0.073    0.063   -125416    0 
108300:    1.00    9.628    0.048 0.068    0.067   -125397    0 
108400:    1.00    9.645    0.048 0.084    0.054   -125395    0 
108500:    1.00    9.576    0.049 0.069    0.051   -125366    0 
108600:    1.00    9.732    0.047 0.068    0.045   -125419    0 
108700:    1.00    9.507    0.044 0.079    0.059   -125343    0 
108800:    1.00    9.614    0.043 0.088    0.051   -125436    0 
108900:    1.00    9.534    0.039 0.082    0.056   -125428    0 

--------------------------------------------
Proportion of membership of each pre-defined
 population in each of the 2 clusters

Given    Inferred Clusters       Number of
 Pop       1      2             Individuals

  1:     0.502  0.498             358
  2:     0.497  0.503             1039
  3:     0.505  0.495             603
--------------------------------------------

  Rep#:   Lambda   Alpha      F1    F2     D1,2    Ln Like  Est Ln P(D)
109000:    1.00    9.830    0.047 0.101    0.064   -125352    0 
109100:    1.00    9.774    0.048 0.079    0.051   -125370    0 
109200:    1.00    9.510    0.045 0.083    0.055   -125404    0 
109300:    1.00    8.775    0.046 0.078    0.061   -125415    0 
109400:    1.00    8.867    0.050 0.070    0.068   -125360    0 
109500:    1.00    8.804    0.050 0.116    0.066   -125304    0 
109600:    1.00    8.356    0.050 0.089    0.061   -125350    0 
109700:    1.00    8.580    0.074 0.056    0.047   -125401    0 
109800:    1.00    8.127    0.074 0.060    0.056   -125378    0 
109900:    1.00    8.146    0.076 0.058    0.052   -125327    0 

--------------------------------------------
Proportion of membership of each pre-defined
 population in each of the 2 clusters

Given    Inferred Clusters       Number of
 Pop       1      2             Individuals

  1:     0.502  0.498             358
  2:     0.508  0.492             1039
  3:     0.500  0.500             603
--------------------------------------------

  Rep#:   Lambda   Alpha      F1    F2     D1,2    Ln Like  Est Ln P(D)
110000:    1.00    7.970    0.048 0.076    0.050   -125362    0 
110100:    1.00    8.432    0.066 0.059    0.055   -125377    0 
110200:    1.00    8.408    0.071 0.043    0.050   -125399    0 
110300:    1.00    8.346    0.096 0.042    0.044   -125433    0 
110400:    1.00    8.497    0.068 0.059    0.050   -125443    0 
110500:    1.00    8.866    0.040 0.056    0.039   -125489    0 
110600:    1.00    8.858    0.044 0.041    0.034   -125520    0 
110700:    1.00    9.123    0.066 0.042    0.045   -125452    0 
110800:    1.00    8.856    0.046 0.060    0.038   -125455    0 
110900:    1.00    8.967    0.044 0.057    0.043   -125365    0 

--------------------------------------------
Proportion of membership of each pre-defined
 population in each of the 2 clusters

Given    Inferred Clusters       Number of
 Pop       1      2             Individuals

  1:     0.507  0.493             358
  2:     0.499  0.501             1039
  3:     0.504  0.496             603
--------------------------------------------

  Rep#:   Lambda   Alpha      F1    F2     D1,2    Ln Like  Est Ln P(D)
111000:    1.00    8.603    0.047 0.057    0.048   -125381    0 
111100:    1.00    8.422    0.040 0.055    0.049   -125455    0 
111200:    1.00    8.459    0.052 0.048    0.057   -125347    0 
111300:    1.00    8.671    0.043 0.054    0.061   -125346    0 
111400:    1.00    8.476    0.030 0.072    0.049   -125406    0 
111500:    1.00    8.530    0.040 0.091    0.059   -125404    0 
111600:    1.00    8.510    0.026 0.072    0.040   -125391    0 
111700:    1.00    8.864    0.034 0.104    0.053   -125398    0 
111800:    1.00    9.036    0.039 0.087    0.054   -125405    0 
111900:    1.00    8.698    0.028 0.101    0.045   -125377    0 

--------------------------------------------
Proportion of membership of each pre-defined
 population in each of the 2 clusters

Given    Inferred Clusters       Number of
 Pop       1      2             Individuals

  1:     0.499  0.501             358
  2:     0.494  0.506             1039
  3:     0.495  0.505             603
--------------------------------------------

  Rep#:   Lambda   Alpha      F1    F2     D1,2    Ln Like  Est Ln P(D)
112000:    1.00    8.843    0.029 0.087    0.055   -125356    0 
112100:    1.00    8.901    0.032 0.090    0.044   -125414    0 
112200:    1.00    8.492    0.035 0.076    0.061   -125367    0 
112300:    1.00    8.502    0.040 0.085    0.055   -125357    0 
112400:    1.00    8.807    0.048 0.079    0.046   -125400    0 
112500:    1.00    9.143    0.032 0.065    0.042   -125428    0 
112600:    1.00    8.717    0.028 0.071    0.037   -125506    0 
112700:    1.00    8.804    0.022 0.075    0.036   -125441    0 
112800:    1.00    8.843    0.021 0.079    0.036   -125470    0 
112900:    1.00    8.634    0.020 0.074    0.041   -125460    0 

--------------------------------------------
Proportion of membership of each pre-defined
 population in each of the 2 clusters

Given    Inferred Clusters       Number of
 Pop       1      2             Individuals

  1:     0.501  0.499             358
  2:     0.496  0.504             1039
  3:     0.507  0.493             603
--------------------------------------------

  Rep#:   Lambda   Alpha      F1    F2     D1,2    Ln Like  Est Ln P(D)
113000:    1.00    9.071    0.017 0.075    0.034   -125516    0 
113100:    1.00    9.345    0.021 0.065    0.037   -125509    0 
113200:    1.00    9.366    0.019 0.079    0.040   -125525    0 
113300:    1.00    9.601    0.020 0.087    0.041   -125480    0 
113400:    1.00    9.268    0.017 0.074    0.033   -125437    0 
113500:    1.00    8.949    0.014 0.064    0.040   -125442    0 
113600:    1.00    8.373    0.016 0.076    0.042   -125406    0 
113700:    1.00    8.194    0.016 0.054    0.030   -125493    0 
113800:    1.00    8.196    0.024 0.060    0.037   -125446    0 
113900:    1.00    8.646    0.028 0.057    0.038   -125439    0 

--------------------------------------------
Proportion of membership of each pre-defined
 population in each of the 2 clusters

Given    Inferred Clusters       Number of
 Pop       1      2             Individuals

  1:     0.494  0.506             358
  2:     0.499  0.501             1039
  3:     0.499  0.501             603
--------------------------------------------

  Rep#:   Lambda   Alpha      F1    F2     D1,2    Ln Like  Est Ln P(D)
114000:    1.00    8.918    0.032 0.054    0.043   -125421    0 
114100:    1.00    8.964    0.028 0.053    0.035   -125488    0 
114200:    1.00    8.888    0.021 0.071    0.038   -125468    0 
114300:    1.00    8.850    0.023 0.070    0.038   -125492    0 
114400:    1.00    8.711    0.022 0.097    0.036   -125473    0 
114500:    1.00    8.550    0.026 0.069    0.038   -125473    0 
114600:    1.00    8.430    0.027 0.070    0.037   -125439    0 
114700:    1.00    7.956    0.032 0.067    0.035   -125444    0 
114800:    1.00    8.167    0.031 0.090    0.045   -125423    0 
114900:    1.00    7.985    0.044 0.090    0.058   -125363    0 

--------------------------------------------
Proportion of membership of each pre-defined
 population in each of the 2 clusters

Given    Inferred Clusters       Number of
 Pop       1      2             Individuals

  1:     0.502  0.498             358
  2:     0.501  0.499             1039
  3:     0.500  0.500             603
--------------------------------------------

  Rep#:   Lambda   Alpha      F1    F2     D1,2    Ln Like  Est Ln P(D)
115000:    1.00    8.093    0.041 0.099    0.062   -125372    0 
115100:    1.00    8.298    0.041 0.068    0.054   -125357    0 
115200:    1.00    7.987    0.046 0.066    0.041   -125437    0 
115300:    1.00    7.763    0.038 0.086    0.044   -125363    0 
115400:    1.00    8.005    0.035 0.061    0.043   -125440    0 
115500:    1.00    8.226    0.042 0.078    0.062   -125309    0 
115600:    1.00    8.259    0.049 0.081    0.058   -125344    0 
115700:    1.00    8.317    0.055 0.084    0.053   -125433    0 
115800:    1.00    8.461    0.037 0.095    0.042   -125396    0 
115900:    1.00    8.456    0.036 0.083    0.048   -125327    0 

--------------------------------------------
Proportion of membership of each pre-defined
 population in each of the 2 clusters

Given    Inferred Clusters       Number of
 Pop       1      2             Individuals

  1:     0.501  0.499             358
  2:     0.503  0.497             1039
  3:     0.498  0.502             603
--------------------------------------------

  Rep#:   Lambda   Alpha      F1    F2     D1,2    Ln Like  Est Ln P(D)
116000:    1.00    8.369    0.041 0.086    0.044   -125366    0 
116100:    1.00    8.549    0.048 0.074    0.047   -125363    0 
116200:    1.00    8.059    0.047 0.096    0.052   -125367    0 
116300:    1.00    8.412    0.031 0.058    0.040   -125419    0 
116400:    1.00    8.324    0.026 0.080    0.040   -125377    0 
116500:    1.00    8.326    0.036 0.064    0.041   -125422    0 
116600:    1.00    8.836    0.037 0.069    0.045   -125459    0 
116700:    1.00    8.883    0.031 0.078    0.036   -125410    0 
116800:    1.00    8.594    0.032 0.054    0.033   -125443    0 
116900:    1.00    8.740    0.044 0.050    0.043   -125464    0 

--------------------------------------------
Proportion of membership of each pre-defined
 population in each of the 2 clusters

Given    Inferred Clusters       Number of
 Pop       1      2             Individuals

  1:     0.513  0.487             358
  2:     0.500  0.500             1039
  3:     0.502  0.498             603
--------------------------------------------

  Rep#:   Lambda   Alpha      F1    F2     D1,2    Ln Like  Est Ln P(D)
117000:    1.00    8.539    0.058 0.053    0.049   -125439    0 
117100:    1.00    9.035    0.068 0.062    0.047   -125367    0 
117200:    1.00    8.906    0.071 0.069    0.064   -125333    0 
117300:    1.00    8.899    0.049 0.060    0.052   -125361    0 
117400:    1.00    8.984    0.047 0.077    0.054   -125408    0 
117500:    1.00    9.152    0.036 0.075    0.043   -125485    0 
117600:    1.00    9.196    0.049 0.080    0.051   -125468    0 
117700:    1.00    8.723    0.046 0.070    0.048   -125416    0 
117800:    1.00    8.534    0.044 0.084    0.055   -125380    0 
117900:    1.00    8.939    0.048 0.071    0.057   -125372    0 

--------------------------------------------
Proportion of membership of each pre-defined
 population in each of the 2 clusters

Given    Inferred Clusters       Number of
 Pop       1      2             Individuals

  1:     0.509  0.491             358
  2:     0.496  0.504             1039
  3:     0.498  0.502             603
--------------------------------------------

  Rep#:   Lambda   Alpha      F1    F2     D1,2    Ln Like  Est Ln P(D)
118000:    1.00    9.120    0.057 0.064    0.053   -125343    0 
118100:    1.00    9.028    0.064 0.066    0.050   -125343    0 
118200:    1.00    8.842    0.100 0.057    0.059   -125368    0 
118300:    1.00    9.133    0.073 0.069    0.059   -125304    0 
118400:    1.00    9.087    0.063 0.072    0.056   -125370    0 
118500:    1.00    8.627    0.058 0.067    0.059   -125335    0 
118600:    1.00    9.065    0.055 0.083    0.060   -125381    0 
118700:    1.00    9.082    0.056 0.059    0.038   -125442    0 
118800:    1.00    8.941    0.056 0.056    0.055   -125427    0 
118900:    1.00    9.034    0.044 0.059    0.048   -125398    0 

--------------------------------------------
Proportion of membership of each pre-defined
 population in each of the 2 clusters

Given    Inferred Clusters       Number of
 Pop       1      2             Individuals

  1:     0.497  0.503             358
  2:     0.501  0.499             1039
  3:     0.503  0.497             603
--------------------------------------------

  Rep#:   Lambda   Alpha      F1    F2     D1,2    Ln Like  Est Ln P(D)
119000:    1.00    8.943    0.042 0.066    0.055   -125411    0 
119100:    1.00    9.260    0.045 0.055    0.054   -125407    0 
119200:    1.00    9.490    0.039 0.081    0.047   -125435    0 
119300:    1.00    9.733    0.037 0.050    0.044   -125455    0 
119400:    1.00    9.875    0.052 0.051    0.040   -125477    0 
119500:    1.00    9.910    0.056 0.050    0.050   -125428    0 
119600:    1.00    9.605    0.043 0.051    0.039   -125440    0 
119700:    1.00    9.867    0.046 0.065    0.046   -125400    0 
119800:    1.00    9.795    0.033 0.077    0.052   -125423    0 
119900:    1.00    9.973    0.033 0.064    0.052   -125405    0 

--------------------------------------------
Proportion of membership of each pre-defined
 population in each of the 2 clusters

Given    Inferred Clusters       Number of
 Pop       1      2             Individuals

  1:     0.500  0.500             358
  2:     0.497  0.503             1039
  3:     0.507  0.493             603
--------------------------------------------

  Rep#:   Lambda   Alpha      F1    F2     D1,2    Ln Like  Est Ln P(D)
120000:    1.00    9.961    0.032 0.104    0.045   -125453    0 
120100:    1.00    9.908    0.029 0.092    0.050   -125455    0 
120200:    1.00    9.737    0.039 0.075    0.047   -125472    0 
120300:    1.00    9.959    0.037 0.071    0.063   -125397    0 
120400:    1.00    9.631    0.033 0.095    0.055   -125389    0 
120500:    1.00    9.959    0.037 0.065    0.043   -125460    0 
120600:    1.00    9.813    0.041 0.046    0.057   -125408    0 
120700:    1.00    9.615    0.039 0.045    0.046   -125422    0 
120800:    1.00    9.944    0.046 0.048    0.043   -125455    0 
120900:    1.00    9.779    0.045 0.068    0.056   -125396    0 

--------------------------------------------
Proportion of membership of each pre-defined
 population in each of the 2 clusters

Given    Inferred Clusters       Number of
 Pop       1      2             Individuals

  1:     0.491  0.509             358
  2:     0.489  0.511             1039
  3:     0.495  0.505             603
--------------------------------------------

  Rep#:   Lambda   Alpha      F1    F2     D1,2    Ln Like  Est Ln P(D)
121000:    1.00    9.884    0.042 0.082    0.043   -125457    0 
121100:    1.00    9.956    0.038 0.083    0.054   -125385    0 
121200:    1.00    9.759    0.049 0.079    0.071   -125370    0 
121300:    1.00    9.635    0.048 0.071    0.050   -125369    0 
121400:    1.00    9.363    0.038 0.091    0.044   -125423    0 
121500:    1.00    9.117    0.036 0.136    0.057   -125332    0 
121600:    1.00    9.109    0.027 0.069    0.043   -125419    0 
121700:    1.00    8.977    0.029 0.090    0.045   -125429    0 
121800:    1.00    9.112    0.029 0.101    0.056   -125385    0 
121900:    1.00    8.375    0.030 0.110    0.055   -125398    0 

--------------------------------------------
Proportion of membership of each pre-defined
 population in each of the 2 clusters

Given    Inferred Clusters       Number of
 Pop       1      2             Individuals

  1:     0.503  0.497             358
  2:     0.502  0.498             1039
  3:     0.498  0.502             603
--------------------------------------------

  Rep#:   Lambda   Alpha      F1    F2     D1,2    Ln Like  Est Ln P(D)
122000:    1.00    8.357    0.022 0.083    0.045   -125395    0 
122100:    1.00    7.958    0.024 0.105    0.059   -125394    0 
122200:    1.00    7.925    0.029 0.093    0.047   -125369    0 
122300:    1.00    7.652    0.032 0.104    0.050   -125315    0 
122400:    1.00    7.437    0.040 0.090    0.059   -125311    0 
122500:    1.00    7.355    0.038 0.085    0.050   -125353    0 
122600:    1.00    7.560    0.045 0.083    0.050   -125399    0 
122700:    1.00    7.756    0.044 0.096    0.056   -125293    0 
122800:    1.00    7.634    0.038 0.100    0.055   -125314    0 
122900:    1.00    7.676    0.037 0.092    0.053   -125313    0 

--------------------------------------------
Proportion of membership of each pre-defined
 population in each of the 2 clusters

Given    Inferred Clusters       Number of
 Pop       1      2             Individuals

  1:     0.503  0.497             358
  2:     0.497  0.503             1039
  3:     0.510  0.490             603
--------------------------------------------

  Rep#:   Lambda   Alpha      F1    F2     D1,2    Ln Like  Est Ln P(D)
123000:    1.00    7.908    0.037 0.109    0.056   -125363    0 
123100:    1.00    7.711    0.041 0.100    0.048   -125385    0 
123200:    1.00    7.755    0.036 0.101    0.048   -125387    0 
123300:    1.00    7.610    0.031 0.088    0.046   -125421    0 
123400:    1.00    7.441    0.021 0.122    0.037   -125421    0 
123500:    1.00    7.766    0.031 0.098    0.047   -125404    0 
123600:    1.00    7.492    0.028 0.098    0.046   -125420    0 
123700:    1.00    7.507    0.032 0.107    0.056   -125353    0 
123800:    1.00    7.457    0.028 0.099    0.046   -125402    0 
123900:    1.00    7.509    0.028 0.080    0.051   -125383    0 

--------------------------------------------
Proportion of membership of each pre-defined
 population in each of the 2 clusters

Given    Inferred Clusters       Number of
 Pop       1      2             Individuals

  1:     0.499  0.501             358
  2:     0.505  0.495             1039
  3:     0.499  0.501             603
--------------------------------------------

  Rep#:   Lambda   Alpha      F1    F2     D1,2    Ln Like  Est Ln P(D)
124000:    1.00    7.546    0.030 0.088    0.037   -125429    0 
124100:    1.00    6.692    0.024 0.080    0.039   -125357    0 
124200:    1.00    6.811    0.025 0.094    0.033   -125412    0 
124300:    1.00    7.148    0.027 0.086    0.044   -125360    0 
124400:    1.00    7.236    0.023 0.063    0.040   -125442    0 
124500:    1.00    7.094    0.028 0.099    0.049   -125412    0 
124600:    1.00    7.109    0.029 0.094    0.049   -125294    0 
124700:    1.00    7.372    0.027 0.079    0.041   -125390    0 
124800:    1.00    7.597    0.023 0.077    0.039   -125393    0 
124900:    1.00    7.641    0.027 0.091    0.042   -125414    0 

--------------------------------------------
Proportion of membership of each pre-defined
 population in each of the 2 clusters

Given    Inferred Clusters       Number of
 Pop       1      2             Individuals

  1:     0.510  0.490             358
  2:     0.507  0.493             1039
  3:     0.497  0.503             603
--------------------------------------------

  Rep#:   Lambda   Alpha      F1    F2     D1,2    Ln Like  Est Ln P(D)
125000:    1.00    8.073    0.033 0.074    0.038   -125407    0 
125100:    1.00    7.985    0.030 0.063    0.048   -125357    0 
125200:    1.00    8.221    0.049 0.062    0.041   -125417    0 
125300:    1.00    8.170    0.049 0.045    0.034   -125400    0 
125400:    1.00    7.882    0.064 0.050    0.040   -125429    0 
125500:    1.00    7.527    0.072 0.050    0.046   -125370    0 
125600:    1.00    7.666    0.077 0.056    0.042   -125361    0 
125700:    1.00    7.530    0.059 0.063    0.054   -125336    0 
125800:    1.00    7.754    0.053 0.071    0.062   -125277    0 
125900:    1.00    7.817    0.061 0.079    0.045   -125360    0 

--------------------------------------------
Proportion of membership of each pre-defined
 population in each of the 2 clusters

Given    Inferred Clusters       Number of
 Pop       1      2             Individuals

  1:     0.508  0.492             358
  2:     0.503  0.497             1039
  3:     0.496  0.504             603
--------------------------------------------

  Rep#:   Lambda   Alpha      F1    F2     D1,2    Ln Like  Est Ln P(D)
126000:    1.00    7.960    0.051 0.070    0.054   -125334    0 
126100:    1.00    7.918    0.075 0.054    0.050   -125375    0 
126200:    1.00    7.853    0.055 0.081    0.048   -125337    0 
126300:    1.00    8.012    0.064 0.081    0.058   -125349    0 
126400:    1.00    8.141    0.043 0.061    0.050   -125377    0 
126500:    1.00    8.186    0.036 0.080    0.054   -125373    0 
126600:    1.00    8.403    0.039 0.068    0.043   -125411    0 
126700:    1.00    8.731    0.038 0.073    0.052   -125379    0 
126800:    1.00    8.928    0.046 0.070    0.059   -125359    0 
126900:    1.00    8.731    0.046 0.058    0.047   -125424    0 

--------------------------------------------
Proportion of membership of each pre-defined
 population in each of the 2 clusters

Given    Inferred Clusters       Number of
 Pop       1      2             Individuals

  1:     0.509  0.491             358
  2:     0.501  0.499             1039
  3:     0.504  0.496             603
--------------------------------------------

  Rep#:   Lambda   Alpha      F1    F2     D1,2    Ln Like  Est Ln P(D)
127000:    1.00    9.082    0.056 0.055    0.045   -125398    0 
127100:    1.00    9.321    0.052 0.060    0.044   -125493    0 
127200:    1.00    9.545    0.041 0.063    0.040   -125450    0 
127300:    1.00    9.398    0.037 0.060    0.048   -125463    0 
127400:    1.00    9.611    0.035 0.083    0.044   -125455    0 
127500:    1.00    9.580    0.042 0.090    0.052   -125438    0 
127600:    1.00    9.372    0.044 0.080    0.045   -125419    0 
127700:    1.00    9.352    0.035 0.062    0.058   -125416    0 
127800:    1.00    9.225    0.041 0.060    0.044   -125428    0 
127900:    1.00    9.169    0.058 0.067    0.067   -125329    0 

--------------------------------------------
Proportion of membership of each pre-defined
 population in each of the 2 clusters

Given    Inferred Clusters       Number of
 Pop       1      2             Individuals

  1:     0.503  0.497             358
  2:     0.500  0.500             1039
  3:     0.500  0.500             603
--------------------------------------------

  Rep#:   Lambda   Alpha      F1    F2     D1,2    Ln Like  Est Ln P(D)
128000:    1.00    9.708    0.058 0.058    0.060   -125389    0 
128100:    1.00    9.704    0.059 0.055    0.059   -125435    0 
128200:    1.00    9.938    0.063 0.047    0.050   -125439    0 
128300:    1.00    9.579    0.068 0.055    0.065   -125375    0 
128400:    1.00    9.521    0.059 0.072    0.061   -125371    0 
128500:    1.00    9.618    0.058 0.084    0.078   -125378    0 
128600:    1.00    9.645    0.041 0.081    0.059   -125395    0 
128700:    1.00    9.706    0.050 0.069    0.043   -125439    0 
128800:    1.00    9.389    0.043 0.062    0.046   -125448    0 
128900:    1.00    9.237    0.064 0.059    0.050   -125434    0 

--------------------------------------------
Proportion of membership of each pre-defined
 population in each of the 2 clusters

Given    Inferred Clusters       Number of
 Pop       1      2             Individuals

  1:     0.504  0.496             358
  2:     0.498  0.502             1039
  3:     0.500  0.500             603
--------------------------------------------

  Rep#:   Lambda   Alpha      F1    F2     D1,2    Ln Like  Est Ln P(D)
129000:    1.00    9.387    0.047 0.076    0.048   -125424    0 
129100:    1.00    9.108    0.041 0.111    0.059   -125394    0 
129200:    1.00    9.289    0.042 0.088    0.051   -125411    0 
129300:    1.00    9.404    0.039 0.073    0.049   -125387    0 
129400:    1.00    9.615    0.036 0.105    0.058   -125379    0 
129500:    1.00    9.464    0.041 0.092    0.057   -125422    0 
129600:    1.00    9.284    0.040 0.076    0.048   -125462    0 
129700:    1.00    9.316    0.038 0.084    0.054   -125381    0 
129800:    1.00    9.603    0.054 0.077    0.061   -125351    0 
129900:    1.00    9.715    0.057 0.096    0.070   -125341    0 

--------------------------------------------
Proportion of membership of each pre-defined
 population in each of the 2 clusters

Given    Inferred Clusters       Number of
 Pop       1      2             Individuals

  1:     0.497  0.503             358
  2:     0.498  0.502             1039
  3:     0.499  0.501             603
--------------------------------------------

  Rep#:   Lambda   Alpha      F1    F2     D1,2    Ln Like  Est Ln P(D)
130000:    1.00    9.359    0.054 0.090    0.070   -125330    0 
130100:    1.00    9.790    0.057 0.070    0.058   -125398    0 
130200:    1.00    9.647    0.062 0.073    0.056   -125404    0 
130300:    1.00    9.603    0.041 0.122    0.054   -125398    0 
130400:    1.00    9.648    0.044 0.111    0.075   -125343    0 
130500:    1.00    9.667    0.055 0.112    0.067   -125349    0 
130600:    1.00    9.345    0.041 0.082    0.044   -125412    0 
130700:    1.00    9.754    0.035 0.079    0.041   -125506    0 
130800:    1.00    9.929    0.047 0.081    0.048   -125413    0 
130900:    1.00    9.366    0.039 0.093    0.047   -125409    0 

--------------------------------------------
Proportion of membership of each pre-defined
 population in each of the 2 clusters

Given    Inferred Clusters       Number of
 Pop       1      2             Individuals

  1:     0.504  0.496             358
  2:     0.503  0.497             1039
  3:     0.498  0.502             603
--------------------------------------------

  Rep#:   Lambda   Alpha      F1    F2     D1,2    Ln Like  Est Ln P(D)
131000:    1.00    9.511    0.034 0.087    0.050   -125422    0 
131100:    1.00    9.632    0.031 0.076    0.049   -125443    0 
131200:    1.00    9.987    0.054 0.078    0.051   -125463    0 
131300:    1.00    9.842    0.045 0.091    0.056   -125390    0 
131400:    1.00    9.289    0.058 0.072    0.049   -125371    0 
131500:    1.00    9.227    0.047 0.078    0.051   -125423    0 
131600:    1.00    9.409    0.031 0.088    0.036   -125451    0 
131700:    1.00    9.325    0.051 0.072    0.052   -125390    0 
131800:    1.00    9.376    0.049 0.099    0.050   -125366    0 
131900:    1.00    9.459    0.051 0.069    0.045   -125377    0 

--------------------------------------------
Proportion of membership of each pre-defined
 population in each of the 2 clusters

Given    Inferred Clusters       Number of
 Pop       1      2             Individuals

  1:     0.499  0.501             358
  2:     0.502  0.498             1039
  3:     0.502  0.498             603
--------------------------------------------

  Rep#:   Lambda   Alpha      F1    F2     D1,2    Ln Like  Est Ln P(D)
132000:    1.00    9.561    0.041 0.070    0.047   -125412    0 
132100:    1.00    9.442    0.064 0.053    0.049   -125433    0 
132200:    1.00    9.502    0.057 0.077    0.052   -125393    0 
132300:    1.00    9.537    0.054 0.094    0.051   -125374    0 
132400:    1.00    9.426    0.043 0.092    0.048   -125391    0 
132500:    1.00    9.748    0.038 0.065    0.052   -125420    0 
132600:    1.00    9.789    0.042 0.078    0.051   -125396    0 
132700:    1.00    8.972    0.047 0.073    0.051   -125401    0 
132800:    1.00    9.226    0.069 0.073    0.049   -125383    0 
132900:    1.00    8.764    0.053 0.056    0.045   -125375    0 

--------------------------------------------
Proportion of membership of each pre-defined
 population in each of the 2 clusters

Given    Inferred Clusters       Number of
 Pop       1      2             Individuals

  1:     0.502  0.498             358
  2:     0.499  0.501             1039
  3:     0.499  0.501             603
--------------------------------------------

  Rep#:   Lambda   Alpha      F1    F2     D1,2    Ln Like  Est Ln P(D)
133000:    1.00    8.748    0.060 0.079    0.050   -125394    0 
133100:    1.00    9.122    0.055 0.086    0.051   -125359    0 
133200:    1.00    8.884    0.042 0.088    0.058   -125405    0 
133300:    1.00    8.566    0.050 0.065    0.064   -125328    0 
133400:    1.00    8.548    0.047 0.078    0.063   -125325    0 
133500:    1.00    8.032    0.047 0.064    0.050   -125323    0 
133600:    1.00    7.508    0.056 0.071    0.055   -125302    0 
133700:    1.00    7.157    0.041 0.064    0.041   -125314    0 
133800:    1.00    7.378    0.052 0.088    0.038   -125381    0 
133900:    1.00    7.692    0.035 0.083    0.038   -125380    0 

--------------------------------------------
Proportion of membership of each pre-defined
 population in each of the 2 clusters

Given    Inferred Clusters       Number of
 Pop       1      2             Individuals

  1:     0.501  0.499             358
  2:     0.489  0.511             1039
  3:     0.496  0.504             603
--------------------------------------------

  Rep#:   Lambda   Alpha      F1    F2     D1,2    Ln Like  Est Ln P(D)
134000:    1.00    7.470    0.029 0.106    0.047   -125419    0 
134100:    1.00    8.010    0.036 0.077    0.048   -125411    0 
134200:    1.00    8.220    0.042 0.070    0.048   -125373    0 
134300:    1.00    8.348    0.038 0.052    0.043   -125451    0 
134400:    1.00    8.158    0.038 0.060    0.036   -125451    0 
134500:    1.00    8.415    0.049 0.043    0.045   -125424    0 
134600:    1.00    8.637    0.050 0.037    0.038   -125475    0 
134700:    1.00    8.318    0.055 0.034    0.050   -125421    0 
134800:    1.00    8.303    0.068 0.031    0.045   -125439    0 
134900:    1.00    7.948    0.064 0.041    0.044   -125395    0 

--------------------------------------------
Proportion of membership of each pre-defined
 population in each of the 2 clusters

Given    Inferred Clusters       Number of
 Pop       1      2             Individuals

  1:     0.506  0.494             358
  2:     0.504  0.496             1039
  3:     0.494  0.506             603
--------------------------------------------

  Rep#:   Lambda   Alpha      F1    F2     D1,2    Ln Like  Est Ln P(D)
135000:    1.00    7.729    0.082 0.028    0.048   -125403    0 
135100:    1.00    7.726    0.068 0.027    0.045   -125353    0 
135200:    1.00    8.348    0.066 0.028    0.039   -125447    0 
135300:    1.00    8.604    0.054 0.030    0.040   -125479    0 
135400:    1.00    8.470    0.044 0.038    0.041   -125461    0 
135500:    1.00    8.523    0.036 0.039    0.036   -125503    0 
135600:    1.00    8.329    0.047 0.038    0.054   -125416    0 
135700:    1.00    8.558    0.041 0.066    0.055   -125363    0 
135800:    1.00    8.986    0.062 0.036    0.038   -125477    0 
135900:    1.00    9.011    0.051 0.031    0.041   -125463    0 

--------------------------------------------
Proportion of membership of each pre-defined
 population in each of the 2 clusters

Given    Inferred Clusters       Number of
 Pop       1      2             Individuals

  1:     0.500  0.500             358
  2:     0.499  0.501             1039
  3:     0.491  0.509             603
--------------------------------------------

  Rep#:   Lambda   Alpha      F1    F2     D1,2    Ln Like  Est Ln P(D)
136000:    1.00    8.797    0.060 0.053    0.050   -125454    0 
136100:    1.00    9.264    0.058 0.042    0.047   -125431    0 
136200:    1.00    9.023    0.054 0.046    0.053   -125402    0 
136300:    1.00    8.745    0.060 0.067    0.049   -125380    0 
136400:    1.00    9.034    0.066 0.059    0.056   -125392    0 
136500:    1.00    9.264    0.057 0.061    0.067   -125342    0 
136600:    1.00    9.321    0.065 0.060    0.057   -125379    0 
136700:    1.00    9.633    0.060 0.115    0.054   -125363    0 
136800:    1.00    9.818    0.078 0.074    0.056   -125342    0 
136900:    1.00    9.711    0.068 0.090    0.058   -125352    0 

--------------------------------------------
Proportion of membership of each pre-defined
 population in each of the 2 clusters

Given    Inferred Clusters       Number of
 Pop       1      2             Individuals

  1:     0.508  0.492             358
  2:     0.501  0.499             1039
  3:     0.498  0.502             603
--------------------------------------------

  Rep#:   Lambda   Alpha      F1    F2     D1,2    Ln Like  Est Ln P(D)
137000:    1.00    9.775    0.045 0.081    0.054   -125403    0 
137100:    1.00    9.795    0.050 0.085    0.050   -125390    0 
137200:    1.00    9.812    0.036 0.104    0.054   -125387    0 
137300:    1.00    9.851    0.035 0.106    0.060   -125370    0 
137400:    1.00    9.945    0.037 0.102    0.062   -125392    0 
137500:    1.00    9.952    0.048 0.095    0.059   -125382    0 
137600:    1.00    9.880    0.038 0.095    0.057   -125440    0 
137700:    1.00    9.639    0.037 0.101    0.063   -125413    0 
137800:    1.00    9.692    0.043 0.093    0.067   -125319    0 
137900:    1.00    9.747    0.052 0.094    0.063   -125369    0 

--------------------------------------------
Proportion of membership of each pre-defined
 population in each of the 2 clusters

Given    Inferred Clusters       Number of
 Pop       1      2             Individuals

  1:     0.502  0.498             358
  2:     0.501  0.499             1039
  3:     0.486  0.514             603
--------------------------------------------

  Rep#:   Lambda   Alpha      F1    F2     D1,2    Ln Like  Est Ln P(D)
138000:    1.00    9.616    0.061 0.071    0.053   -125418    0 
138100:    1.00    9.842    0.049 0.064    0.057   -125425    0 
138200:    1.00    9.916    0.069 0.066    0.058   -125407    0 
138300:    1.00    9.940    0.076 0.061    0.057   -125394    0 
138400:    1.00    9.990    0.056 0.082    0.063   -125444    0 
138500:    1.00    9.957    0.043 0.075    0.064   -125391    0 
138600:    1.00    9.965    0.045 0.090    0.058   -125383    0 
138700:    1.00    9.919    0.031 0.081    0.052   -125388    0 
138800:    1.00    9.807    0.040 0.060    0.048   -125452    0 
138900:    1.00    9.824    0.037 0.059    0.053   -125437    0 

--------------------------------------------
Proportion of membership of each pre-defined
 population in each of the 2 clusters

Given    Inferred Clusters       Number of
 Pop       1      2             Individuals

  1:     0.502  0.498             358
  2:     0.498  0.502             1039
  3:     0.506  0.494             603
--------------------------------------------

  Rep#:   Lambda   Alpha      F1    F2     D1,2    Ln Like  Est Ln P(D)
139000:    1.00    9.873    0.049 0.059    0.046   -125477    0 
139100:    1.00    9.704    0.047 0.068    0.053   -125433    0 
139200:    1.00    9.598    0.046 0.071    0.059   -125401    0 
139300:    1.00    9.657    0.033 0.081    0.066   -125380    0 
139400:    1.00    9.447    0.033 0.101    0.062   -125346    0 
139500:    1.00    9.135    0.037 0.093    0.058   -125351    0 
139600:    1.00    9.249    0.031 0.098    0.054   -125459    0 
139700:    1.00    8.892    0.037 0.078    0.046   -125490    0 
139800:    1.00    8.515    0.039 0.093    0.045   -125469    0 
139900:    1.00    8.738    0.050 0.085    0.058   -125369    0 

--------------------------------------------
Proportion of membership of each pre-defined
 population in each of the 2 clusters

Given    Inferred Clusters       Number of
 Pop       1      2             Individuals

  1:     0.496  0.504             358
  2:     0.495  0.505             1039
  3:     0.503  0.497             603
--------------------------------------------

  Rep#:   Lambda   Alpha      F1    F2     D1,2    Ln Like  Est Ln P(D)
140000:    1.00    8.302    0.045 0.081    0.051   -125361    0 
140100:    1.00    8.387    0.046 0.072    0.057   -125388    0 
140200:    1.00    8.871    0.055 0.081    0.055   -125354    0 
140300:    1.00    8.664    0.043 0.061    0.050   -125425    0 
140400:    1.00    8.879    0.060 0.060    0.054   -125395    0 
140500:    1.00    9.042    0.045 0.088    0.053   -125430    0 
140600:    1.00    8.523    0.030 0.090    0.050   -125415    0 
140700:    1.00    8.403    0.036 0.068    0.056   -125342    0 
140800:    1.00    9.211    0.031 0.087    0.045   -125467    0 
140900:    1.00    8.998    0.034 0.076    0.040   -125463    0 

--------------------------------------------
Proportion of membership of each pre-defined
 population in each of the 2 clusters

Given    Inferred Clusters       Number of
 Pop       1      2             Individuals

  1:     0.501  0.499             358
  2:     0.499  0.501             1039
  3:     0.500  0.500             603
--------------------------------------------

  Rep#:   Lambda   Alpha      F1    F2     D1,2    Ln Like  Est Ln P(D)
141000:    1.00    8.897    0.026 0.087    0.044   -125433    0 
141100:    1.00    8.920    0.019 0.095    0.045   -125471    0 
141200:    1.00    9.092    0.023 0.079    0.038   -125509    0 
141300:    1.00    9.471    0.025 0.117    0.046   -125440    0 
141400:    1.00    9.417    0.028 0.088    0.041   -125508    0 
141500:    1.00    9.721    0.030 0.115    0.046   -125412    0 
141600:    1.00    9.893    0.032 0.070    0.052   -125423    0 
141700:    1.00    9.779    0.026 0.070    0.049   -125413    0 
141800:    1.00    9.469    0.022 0.055    0.034   -125510    0 
141900:    1.00    9.346    0.022 0.093    0.047   -125461    0 

--------------------------------------------
Proportion of membership of each pre-defined
 population in each of the 2 clusters

Given    Inferred Clusters       Number of
 Pop       1      2             Individuals

  1:     0.490  0.510             358
  2:     0.496  0.504             1039
  3:     0.497  0.503             603
--------------------------------------------

  Rep#:   Lambda   Alpha      F1    F2     D1,2    Ln Like  Est Ln P(D)
142000:    1.00    9.155    0.018 0.066    0.037   -125477    0 
142100:    1.00    9.248    0.024 0.094    0.035   -125501    0 
142200:    1.00    9.413    0.026 0.089    0.033   -125540    0 
142300:    1.00    9.677    0.033 0.064    0.050   -125459    0 
142400:    1.00    9.900    0.039 0.068    0.058   -125480    0 
142500:    1.00    9.556    0.036 0.077    0.047   -125427    0 
142600:    1.00    9.323    0.031 0.062    0.042   -125503    0 
142700:    1.00    9.447    0.032 0.065    0.049   -125462    0 
142800:    1.00    9.477    0.034 0.057    0.048   -125498    0 
142900:    1.00    9.492    0.037 0.071    0.041   -125457    0 

--------------------------------------------
Proportion of membership of each pre-defined
 population in each of the 2 clusters

Given    Inferred Clusters       Number of
 Pop       1      2             Individuals

  1:     0.490  0.510             358
  2:     0.498  0.502             1039
  3:     0.503  0.497             603
--------------------------------------------

  Rep#:   Lambda   Alpha      F1    F2     D1,2    Ln Like  Est Ln P(D)
143000:    1.00    9.423    0.035 0.070    0.040   -125451    0 
143100:    1.00    9.087    0.032 0.079    0.042   -125480    0 
143200:    1.00    9.330    0.032 0.069    0.036   -125478    0 
143300:    1.00    9.369    0.032 0.065    0.031   -125484    0 
143400:    1.00    9.839    0.034 0.100    0.056   -125382    0 
143500:    1.00    9.581    0.034 0.075    0.050   -125467    0 
143600:    1.00    9.557    0.035 0.079    0.056   -125420    0 
143700:    1.00    9.464    0.042 0.091    0.047   -125468    0 
143800:    1.00    9.999    0.038 0.090    0.038   -125421    0 
143900:    1.00    9.893    0.044 0.076    0.056   -125433    0 

--------------------------------------------
Proportion of membership of each pre-defined
 population in each of the 2 clusters

Given    Inferred Clusters       Number of
 Pop       1      2             Individuals

  1:     0.507  0.493             358
  2:     0.499  0.501             1039
  3:     0.499  0.501             603
--------------------------------------------

  Rep#:   Lambda   Alpha      F1    F2     D1,2    Ln Like  Est Ln P(D)
144000:    1.00    9.749    0.035 0.085    0.051   -125378    0 
144100:    1.00    9.961    0.028 0.088    0.044   -125433    0 
144200:    1.00    9.811    0.029 0.116    0.064   -125377    0 
144300:    1.00    9.461    0.028 0.095    0.052   -125403    0 
144400:    1.00    9.890    0.031 0.089    0.045   -125475    0 
144500:    1.00    9.800    0.027 0.086    0.041   -125422    0 
144600:    1.00    9.824    0.022 0.070    0.047   -125452    0 
144700:    1.00    9.898    0.038 0.080    0.050   -125415    0 
144800:    1.00    9.997    0.043 0.059    0.053   -125433    0 
144900:    1.00    9.679    0.044 0.058    0.052   -125427    0 

--------------------------------------------
Proportion of membership of each pre-defined
 population in each of the 2 clusters

Given    Inferred Clusters       Number of
 Pop       1      2             Individuals

  1:     0.502  0.498             358
  2:     0.503  0.497             1039
  3:     0.498  0.502             603
--------------------------------------------

  Rep#:   Lambda   Alpha      F1    F2     D1,2    Ln Like  Est Ln P(D)
145000:    1.00    9.762    0.048 0.057    0.047   -125450    0 
145100:    1.00    9.968    0.053 0.045    0.053   -125378    0 
145200:    1.00    9.841    0.053 0.053    0.054   -125425    0 
145300:    1.00    9.900    0.047 0.058    0.061   -125441    0 
145400:    1.00    9.696    0.042 0.074    0.047   -125440    0 
145500:    1.00    9.814    0.048 0.086    0.051   -125429    0 
145600:    1.00    9.651    0.047 0.078    0.052   -125407    0 
145700:    1.00    9.509    0.050 0.087    0.065   -125401    0 
145800:    1.00    9.176    0.044 0.087    0.051   -125374    0 
145900:    1.00    9.508    0.041 0.065    0.054   -125444    0 

--------------------------------------------
Proportion of membership of each pre-defined
 population in each of the 2 clusters

Given    Inferred Clusters       Number of
 Pop       1      2             Individuals

  1:     0.495  0.505             358
  2:     0.502  0.498             1039
  3:     0.501  0.499             603
--------------------------------------------

  Rep#:   Lambda   Alpha      F1    F2     D1,2    Ln Like  Est Ln P(D)
146000:    1.00    9.417    0.051 0.094    0.056   -125392    0 
146100:    1.00    9.740    0.049 0.070    0.048   -125408    0 
146200:    1.00    9.899    0.036 0.081    0.049   -125415    0 
146300:    1.00    9.660    0.047 0.091    0.060   -125437    0 
146400:    1.00    9.671    0.056 0.083    0.062   -125392    0 
146500:    1.00    9.810    0.040 0.087    0.067   -125438    0 
146600:    1.00    9.267    0.034 0.068    0.055   -125348    0 
146700:    1.00    9.591    0.039 0.066    0.051   -125433    0 
146800:    1.00    9.432    0.035 0.077    0.054   -125394    0 
146900:    1.00    9.406    0.033 0.075    0.047   -125462    0 

--------------------------------------------
Proportion of membership of each pre-defined
 population in each of the 2 clusters

Given    Inferred Clusters       Number of
 Pop       1      2             Individuals

  1:     0.498  0.502             358
  2:     0.503  0.497             1039
  3:     0.501  0.499             603
--------------------------------------------

  Rep#:   Lambda   Alpha      F1    F2     D1,2    Ln Like  Est Ln P(D)
147000:    1.00    9.101    0.041 0.079    0.052   -125450    0 
147100:    1.00    8.987    0.033 0.083    0.039   -125441    0 
147200:    1.00    8.771    0.033 0.063    0.042   -125435    0 
147300:    1.00    8.788    0.032 0.073    0.048   -125410    0 
147400:    1.00    8.526    0.044 0.075    0.056   -125353    0 
147500:    1.00    8.757    0.038 0.069    0.053   -125302    0 
147600:    1.00    8.760    0.045 0.071    0.034   -125425    0 
147700:    1.00    9.019    0.040 0.065    0.046   -125421    0 
147800:    1.00    9.104    0.033 0.080    0.049   -125384    0 
147900:    1.00    9.393    0.037 0.070    0.048   -125378    0 

--------------------------------------------
Proportion of membership of each pre-defined
 population in each of the 2 clusters

Given    Inferred Clusters       Number of
 Pop       1      2             Individuals

  1:     0.498  0.502             358
  2:     0.499  0.501             1039
  3:     0.502  0.498             603
--------------------------------------------

  Rep#:   Lambda   Alpha      F1    F2     D1,2    Ln Like  Est Ln P(D)
148000:    1.00    9.347    0.041 0.096    0.049   -125408    0 
148100:    1.00    9.650    0.046 0.062    0.052   -125397    0 
148200:    1.00    9.593    0.049 0.070    0.058   -125405    0 
148300:    1.00    9.595    0.048 0.082    0.050   -125430    0 
148400:    1.00    9.749    0.054 0.058    0.046   -125405    0 
148500:    1.00    9.493    0.042 0.042    0.056   -125397    0 
148600:    1.00    9.266    0.055 0.057    0.059   -125410    0 
148700:    1.00    9.483    0.052 0.067    0.048   -125406    0 
148800:    1.00    9.417    0.047 0.053    0.046   -125412    0 
148900:    1.00    9.364    0.064 0.050    0.049   -125416    0 

--------------------------------------------
Proportion of membership of each pre-defined
 population in each of the 2 clusters

Given    Inferred Clusters       Number of
 Pop       1      2             Individuals

  1:     0.501  0.499             358
  2:     0.500  0.500             1039
  3:     0.502  0.498             603
--------------------------------------------

  Rep#:   Lambda   Alpha      F1    F2     D1,2    Ln Like  Est Ln P(D)
149000:    1.00    9.202    0.043 0.050    0.040   -125456    0 
149100:    1.00    9.191    0.034 0.058    0.038   -125429    0 
149200:    1.00    9.240    0.033 0.056    0.034   -125450    0 
149300:    1.00    9.100    0.037 0.045    0.038   -125462    0 
149400:    1.00    8.862    0.045 0.040    0.037   -125471    0 
149500:    1.00    8.996    0.045 0.053    0.036   -125466    0 
149600:    1.00    8.706    0.046 0.048    0.046   -125434    0 
149700:    1.00    8.536    0.059 0.054    0.046   -125384    0 
149800:    1.00    8.131    0.057 0.055    0.045   -125439    0 
149900:    1.00    8.142    0.056 0.066    0.047   -125412    0 

--------------------------------------------
Proportion of membership of each pre-defined
 population in each of the 2 clusters

Given    Inferred Clusters       Number of
 Pop       1      2             Individuals

  1:     0.494  0.506             358
  2:     0.499  0.501             1039
  3:     0.499  0.501             603
--------------------------------------------

  Rep#:   Lambda   Alpha      F1    F2     D1,2    Ln Like  Est Ln P(D)
150000:    1.00    8.141    0.055 0.057    0.053   -125381    0 
150100:    1.00    8.206    0.044 0.061    0.049   -125361    0 
150200:    1.00    8.219    0.029 0.076    0.048   -125421    0 
150300:    1.00    8.105    0.032 0.065    0.031   -125447    0 
150400:    1.00    8.120    0.042 0.063    0.036   -125479    0 
150500:    1.00    8.427    0.041 0.051    0.040   -125447    0 
150600:    1.00    8.116    0.030 0.064    0.035   -125466    0 
150700:    1.00    7.823    0.047 0.063    0.048   -125377    0 
150800:    1.00    7.293    0.045 0.051    0.049   -125365    0 
150900:    1.00    7.511    0.043 0.053    0.046   -125416    0 

--------------------------------------------
Proportion of membership of each pre-defined
 population in each of the 2 clusters

Given    Inferred Clusters       Number of
 Pop       1      2             Individuals

  1:     0.510  0.490             358
  2:     0.499  0.501             1039
  3:     0.498  0.502             603
--------------------------------------------

  Rep#:   Lambda   Alpha      F1    F2     D1,2    Ln Like  Est Ln P(D)
151000:    1.00    7.722    0.047 0.043    0.043   -125404    0 
151100:    1.00    7.782    0.042 0.033    0.029   -125517    0 
151200:    1.00    7.849    0.052 0.044    0.042   -125428    0 
151300:    1.00    7.886    0.054 0.039    0.046   -125412    0 
151400:    1.00    8.142    0.051 0.041    0.045   -125431    0 
151500:    1.00    8.208    0.045 0.038    0.035   -125461    0 
151600:    1.00    8.123    0.052 0.043    0.048   -125417    0 
151700:    1.00    8.376    0.062 0.036    0.044   -125449    0 
151800:    1.00    8.735    0.036 0.039    0.037   -125524    0 
151900:    1.00    8.698    0.036 0.058    0.041   -125428    0 

--------------------------------------------
Proportion of membership of each pre-defined
 population in each of the 2 clusters

Given    Inferred Clusters       Number of
 Pop       1      2             Individuals

  1:     0.506  0.494             358
  2:     0.498  0.502             1039
  3:     0.497  0.503             603
--------------------------------------------

  Rep#:   Lambda   Alpha      F1    F2     D1,2    Ln Like  Est Ln P(D)
152000:    1.00    8.763    0.043 0.056    0.052   -125374    0 
152100:    1.00    8.565    0.043 0.062    0.039   -125450    0 
152200:    1.00    8.746    0.057 0.057    0.061   -125358    0 
152300:    1.00    9.195    0.050 0.054    0.043   -125421    0 
152400:    1.00    9.226    0.049 0.063    0.065   -125389    0 
152500:    1.00    9.532    0.044 0.072    0.054   -125397    0 
152600:    1.00    9.524    0.044 0.058    0.048   -125403    0 
152700:    1.00    9.409    0.052 0.070    0.052   -125389    0 
152800:    1.00    9.544    0.042 0.074    0.045   -125453    0 
152900:    1.00    9.606    0.048 0.061    0.046   -125419    0 

--------------------------------------------
Proportion of membership of each pre-defined
 population in each of the 2 clusters

Given    Inferred Clusters       Number of
 Pop       1      2             Individuals

  1:     0.495  0.505             358
  2:     0.500  0.500             1039
  3:     0.496  0.504             603
--------------------------------------------

  Rep#:   Lambda   Alpha      F1    F2     D1,2    Ln Like  Est Ln P(D)
153000:    1.00    9.230    0.042 0.081    0.050   -125340    0 
153100:    1.00    8.924    0.055 0.063    0.050   -125398    0 
153200:    1.00    8.471    0.063 0.047    0.056   -125390    0 
153300:    1.00    8.456    0.044 0.046    0.044   -125371    0 
153400:    1.00    8.423    0.059 0.057    0.048   -125396    0 
153500:    1.00    8.763    0.045 0.062    0.053   -125391    0 
153600:    1.00    8.714    0.044 0.043    0.047   -125422    0 
153700:    1.00    9.367    0.039 0.041    0.037   -125532    0 
153800:    1.00    9.465    0.033 0.056    0.043   -125451    0 
153900:    1.00    9.693    0.028 0.073    0.050   -125486    0 

--------------------------------------------
Proportion of membership of each pre-defined
 population in each of the 2 clusters

Given    Inferred Clusters       Number of
 Pop       1      2             Individuals

  1:     0.510  0.490             358
  2:     0.499  0.501             1039
  3:     0.495  0.505             603
--------------------------------------------

  Rep#:   Lambda   Alpha      F1    F2     D1,2    Ln Like  Est Ln P(D)
154000:    1.00    9.960    0.030 0.082    0.057   -125480    0 
154100:    1.00    9.863    0.037 0.098    0.046   -125491    0 
154200:    1.00    9.999    0.028 0.088    0.047   -125402    0 
154300:    1.00    9.974    0.034 0.084    0.061   -125341    0 
154400:    1.00    9.949    0.053 0.080    0.052   -125445    0 
154500:    1.00    9.878    0.037 0.090    0.047   -125420    0 
154600:    1.00    9.579    0.028 0.088    0.036   -125434    0 
154700:    1.00    9.432    0.040 0.083    0.044   -125413    0 
154800:    1.00    9.796    0.055 0.081    0.053   -125461    0 
154900:    1.00    9.763    0.053 0.088    0.059   -125391    0 

--------------------------------------------
Proportion of membership of each pre-defined
 population in each of the 2 clusters

Given    Inferred Clusters       Number of
 Pop       1      2             Individuals

  1:     0.500  0.500             358
  2:     0.499  0.501             1039
  3:     0.499  0.501             603
--------------------------------------------

  Rep#:   Lambda   Alpha      F1    F2     D1,2    Ln Like  Est Ln P(D)
155000:    1.00    9.971    0.060 0.091    0.045   -125462    0 
155100:    1.00    9.729    0.050 0.072    0.053   -125416    0 
155200:    1.00    9.944    0.057 0.081    0.050   -125379    0 
155300:    1.00    9.898    0.068 0.082    0.056   -125391    0 
155400:    1.00    9.918    0.062 0.073    0.053   -125433    0 
155500:    1.00    9.625    0.065 0.064    0.063   -125378    0 
155600:    1.00    9.741    0.078 0.069    0.064   -125345    0 
155700:    1.00    9.506    0.043 0.099    0.059   -125331    0 
155800:    1.00    9.514    0.051 0.099    0.063   -125380    0 
155900:    1.00    9.745    0.045 0.081    0.053   -125397    0 

--------------------------------------------
Proportion of membership of each pre-defined
 population in each of the 2 clusters

Given    Inferred Clusters       Number of
 Pop       1      2             Individuals

  1:     0.510  0.490             358
  2:     0.497  0.503             1039
  3:     0.495  0.505             603
--------------------------------------------

  Rep#:   Lambda   Alpha      F1    F2     D1,2    Ln Like  Est Ln P(D)
156000:    1.00    9.923    0.044 0.086    0.053   -125437    0 
156100:    1.00    9.850    0.047 0.078    0.045   -125474    0 
156200:    1.00    9.604    0.034 0.095    0.043   -125464    0 
156300:    1.00    9.614    0.034 0.136    0.045   -125425    0 
156400:    1.00    9.646    0.034 0.120    0.048   -125422    0 
156500:    1.00    9.541    0.055 0.073    0.065   -125348    0 
156600:    1.00    9.288    0.059 0.091    0.058   -125352    0 
156700:    1.00    8.708    0.055 0.077    0.061   -125315    0 
156800:    1.00    8.685    0.050 0.077    0.059   -125361    0 
156900:    1.00    8.595    0.057 0.071    0.056   -125346    0 

--------------------------------------------
Proportion of membership of each pre-defined
 population in each of the 2 clusters

Given    Inferred Clusters       Number of
 Pop       1      2             Individuals

  1:     0.507  0.493             358
  2:     0.502  0.498             1039
  3:     0.495  0.505             603
--------------------------------------------

  Rep#:   Lambda   Alpha      F1    F2     D1,2    Ln Like  Est Ln P(D)
157000:    1.00    8.765    0.045 0.061    0.048   -125408    0 
157100:    1.00    8.471    0.045 0.068    0.047   -125409    0 
157200:    1.00    8.132    0.060 0.065    0.047   -125382    0 
157300:    1.00    8.210    0.049 0.071    0.050   -125328    0 
157400:    1.00    8.320    0.071 0.048    0.048   -125322    0 
157500:    1.00    8.007    0.076 0.058    0.051   -125345    0 
157600:    1.00    8.213    0.067 0.072    0.052   -125321    0 
157700:    1.00    8.489    0.073 0.053    0.052   -125377    0 
157800:    1.00    8.314    0.064 0.055    0.051   -125362    0 
157900:    1.00    8.333    0.078 0.052    0.052   -125365    0 

--------------------------------------------
Proportion of membership of each pre-defined
 population in each of the 2 clusters

Given    Inferred Clusters       Number of
 Pop       1      2             Individuals

  1:     0.512  0.488             358
  2:     0.503  0.497             1039
  3:     0.498  0.502             603
--------------------------------------------

  Rep#:   Lambda   Alpha      F1    F2     D1,2    Ln Like  Est Ln P(D)
158000:    1.00    9.004    0.076 0.059    0.057   -125399    0 
158100:    1.00    9.312    0.055 0.062    0.059   -125419    0 
158200:    1.00    9.527    0.062 0.083    0.066   -125359    0 
158300:    1.00    9.603    0.055 0.069    0.058   -125435    0 
158400:    1.00    9.673    0.055 0.080    0.060   -125381    0 
158500:    1.00    9.747    0.047 0.071    0.051   -125371    0 
158600:    1.00    9.654    0.057 0.052    0.058   -125408    0 
158700:    1.00    9.604    0.075 0.059    0.064   -125361    0 
158800:    1.00    9.676    0.064 0.063    0.054   -125373    0 
158900:    1.00    9.897    0.085 0.041    0.042   -125460    0 

--------------------------------------------
Proportion of membership of each pre-defined
 population in each of the 2 clusters

Given    Inferred Clusters       Number of
 Pop       1      2             Individuals

  1:     0.503  0.497             358
  2:     0.500  0.500             1039
  3:     0.499  0.501             603
--------------------------------------------

  Rep#:   Lambda   Alpha      F1    F2     D1,2    Ln Like  Est Ln P(D)
159000:    1.00    9.884    0.047 0.064    0.044   -125404    0 
159100:    1.00    9.917    0.053 0.081    0.056   -125402    0 
159200:    1.00    9.996    0.054 0.071    0.056   -125426    0 
159300:    1.00    9.799    0.051 0.087    0.054   -125436    0 
159400:    1.00    9.674    0.055 0.063    0.051   -125382    0 
159500:    1.00    9.883    0.044 0.065    0.048   -125449    0 
159600:    1.00    9.798    0.053 0.082    0.054   -125448    0 
159700:    1.00    9.701    0.043 0.081    0.055   -125397    0 
159800:    1.00    9.436    0.036 0.073    0.061   -125421    0 
159900:    1.00    9.233    0.043 0.080    0.060   -125428    0 

--------------------------------------------
Proportion of membership of each pre-defined
 population in each of the 2 clusters

Given    Inferred Clusters       Number of
 Pop       1      2             Individuals

  1:     0.506  0.494             358
  2:     0.495  0.505             1039
  3:     0.501  0.499             603
--------------------------------------------

  Rep#:   Lambda   Alpha      F1    F2     D1,2    Ln Like  Est Ln P(D)
160000:    1.00    9.111    0.055 0.070    0.048   -125328    0 
160100:    1.00    9.177    0.043 0.072    0.051   -125408    0 
160200:    1.00    9.268    0.038 0.070    0.044   -125435    0 
160300:    1.00    9.283    0.037 0.092    0.054   -125424    0 
160400:    1.00    9.563    0.030 0.075    0.052   -125380    0 
160500:    1.00    9.575    0.031 0.117    0.055   -125377    0 
160600:    1.00    9.671    0.029 0.084    0.052   -125410    0 
160700:    1.00    9.665    0.029 0.090    0.042   -125464    0 
160800:    1.00    9.740    0.023 0.098    0.042   -125473    0 
160900:    1.00    9.632    0.027 0.107    0.042   -125452    0 

--------------------------------------------
Proportion of membership of each pre-defined
 population in each of the 2 clusters

Given    Inferred Clusters       Number of
 Pop       1      2             Individuals

  1:     0.508  0.492             358
  2:     0.498  0.502             1039
  3:     0.505  0.495             603
--------------------------------------------

  Rep#:   Lambda   Alpha      F1    F2     D1,2    Ln Like  Est Ln P(D)
161000:    1.00    9.546    0.027 0.092    0.045   -125404    0 
161100:    1.00    9.354    0.029 0.084    0.041   -125453    0 
161200:    1.00    9.297    0.026 0.069    0.038   -125526    0 
161300:    1.00    9.234    0.022 0.080    0.042   -125439    0 
161400:    1.00    9.139    0.023 0.081    0.047   -125444    0 
161500:    1.00    9.439    0.026 0.107    0.052   -125428    0 
161600:    1.00    9.320    0.022 0.094    0.046   -125483    0 
161700:    1.00    9.617    0.027 0.088    0.051   -125455    0 
161800:    1.00    9.914    0.031 0.076    0.046   -125496    0 
161900:    1.00    9.985    0.027 0.086    0.053   -125390    0 

--------------------------------------------
Proportion of membership of each pre-defined
 population in each of the 2 clusters

Given    Inferred Clusters       Number of
 Pop       1      2             Individuals

  1:     0.503  0.497             358
  2:     0.501  0.499             1039
  3:     0.505  0.495             603
--------------------------------------------

  Rep#:   Lambda   Alpha      F1    F2     D1,2    Ln Like  Est Ln P(D)
162000:    1.00    9.938    0.028 0.111    0.066   -125389    0 
162100:    1.00    9.948    0.029 0.076    0.053   -125395    0 
162200:    1.00    9.943    0.029 0.091    0.052   -125497    0 
162300:    1.00    9.536    0.028 0.113    0.060   -125412    0 
162400:    1.00    9.608    0.037 0.072    0.048   -125414    0 
162500:    1.00    9.466    0.034 0.060    0.040   -125459    0 
162600:    1.00    9.896    0.037 0.077    0.037   -125492    0 
162700:    1.00    9.950    0.022 0.077    0.039   -125493    0 
162800:    1.00    9.910    0.034 0.074    0.043   -125455    0 
162900:    1.00    9.960    0.031 0.074    0.042   -125465    0 

--------------------------------------------
Proportion of membership of each pre-defined
 population in each of the 2 clusters

Given    Inferred Clusters       Number of
 Pop       1      2             Individuals

  1:     0.500  0.500             358
  2:     0.497  0.503             1039
  3:     0.495  0.505             603
--------------------------------------------

  Rep#:   Lambda   Alpha      F1    F2     D1,2    Ln Like  Est Ln P(D)
163000:    1.00    9.733    0.031 0.061    0.039   -125469    0 
163100:    1.00    9.925    0.030 0.074    0.041   -125464    0 
163200:    1.00    9.795    0.033 0.076    0.038   -125472    0 
163300:    1.00    9.979    0.026 0.073    0.038   -125505    0 
163400:    1.00    9.599    0.033 0.063    0.038   -125511    0 
163500:    1.00    9.810    0.032 0.064    0.036   -125479    0 
163600:    1.00    9.757    0.032 0.088    0.046   -125455    0 
163700:    1.00    9.877    0.024 0.068    0.043   -125455    0 
163800:    1.00    9.835    0.035 0.080    0.044   -125479    0 
163900:    1.00    9.829    0.045 0.075    0.055   -125393    0 

--------------------------------------------
Proportion of membership of each pre-defined
 population in each of the 2 clusters

Given    Inferred Clusters       Number of
 Pop       1      2             Individuals

  1:     0.494  0.506             358
  2:     0.504  0.496             1039
  3:     0.502  0.498             603
--------------------------------------------

  Rep#:   Lambda   Alpha      F1    F2     D1,2    Ln Like  Est Ln P(D)
164000:    1.00    9.954    0.034 0.088    0.051   -125370    0 
164100:    1.00    9.998    0.040 0.090    0.065   -125388    0 
164200:    1.00    9.909    0.046 0.092    0.059   -125352    0 
164300:    1.00    9.906    0.048 0.069    0.059   -125365    0 
164400:    1.00    9.729    0.049 0.076    0.046   -125399    0 
164500:    1.00    9.923    0.047 0.087    0.052   -125399    0 
164600:    1.00    9.864    0.054 0.071    0.061   -125392    0 
164700:    1.00    9.702    0.055 0.081    0.051   -125364    0 
164800:    1.00    9.898    0.040 0.062    0.047   -125426    0 
164900:    1.00    9.732    0.041 0.073    0.041   -125430    0 

--------------------------------------------
Proportion of membership of each pre-defined
 population in each of the 2 clusters

Given    Inferred Clusters       Number of
 Pop       1      2             Individuals

  1:     0.495  0.505             358
  2:     0.503  0.497             1039
  3:     0.498  0.502             603
--------------------------------------------

  Rep#:   Lambda   Alpha      F1    F2     D1,2    Ln Like  Est Ln P(D)
165000:    1.00    9.900    0.044 0.050    0.046   -125502    0 
165100:    1.00    9.994    0.047 0.062    0.048   -125472    0 
165200:    1.00    9.946    0.064 0.059    0.058   -125416    0 
165300:    1.00    9.892    0.067 0.072    0.050   -125397    0 
165400:    1.00    9.963    0.060 0.055    0.047   -125485    0 
165500:    1.00    9.939    0.059 0.034    0.044   -125444    0 
165600:    1.00    9.648    0.047 0.042    0.040   -125443    0 
165700:    1.00    9.387    0.064 0.042    0.043   -125482    0 
165800:    1.00    9.122    0.084 0.034    0.060   -125372    0 
165900:    1.00    8.938    0.086 0.035    0.053   -125397    0 

--------------------------------------------
Proportion of membership of each pre-defined
 population in each of the 2 clusters

Given    Inferred Clusters       Number of
 Pop       1      2             Individuals

  1:     0.493  0.507             358
  2:     0.502  0.498             1039
  3:     0.501  0.499             603
--------------------------------------------

  Rep#:   Lambda   Alpha      F1    F2     D1,2    Ln Like  Est Ln P(D)
166000:    1.00    9.117    0.107 0.033    0.059   -125405    0 
166100:    1.00    9.132    0.102 0.031    0.048   -125424    0 
166200:    1.00    9.110    0.104 0.031    0.046   -125455    0 
166300:    1.00    8.997    0.083 0.026    0.056   -125395    0 
166400:    1.00    9.379    0.072 0.023    0.037   -125549    0 
166500:    1.00    9.702    0.092 0.023    0.043   -125426    0 
166600:    1.00    9.657    0.097 0.026    0.044   -125497    0 
166700:    1.00    9.354    0.070 0.028    0.040   -125479    0 
166800:    1.00    9.851    0.061 0.032    0.040   -125499    0 
166900:    1.00    9.829    0.060 0.027    0.053   -125512    0 

--------------------------------------------
Proportion of membership of each pre-defined
 population in each of the 2 clusters

Given    Inferred Clusters       Number of
 Pop       1      2             Individuals

  1:     0.507  0.493             358
  2:     0.500  0.500             1039
  3:     0.504  0.496             603
--------------------------------------------

  Rep#:   Lambda   Alpha      F1    F2     D1,2    Ln Like  Est Ln P(D)
167000:    1.00    9.969    0.070 0.030    0.040   -125454    0 
167100:    1.00    9.674    0.064 0.045    0.041   -125506    0 
167200:    1.00    9.879    0.061 0.034    0.034   -125568    0 
167300:    1.00    9.971    0.052 0.032    0.039   -125521    0 
167400:    1.00    9.942    0.068 0.035    0.039   -125508    0 
167500:    1.00    9.756    0.052 0.043    0.044   -125439    0 
167600:    1.00    9.749    0.051 0.049    0.047   -125447    0 
167700:    1.00    9.993    0.046 0.086    0.053   -125395    0 
167800:    1.00    9.930    0.050 0.054    0.049   -125393    0 
167900:    1.00    9.925    0.074 0.059    0.046   -125456    0 

--------------------------------------------
Proportion of membership of each pre-defined
 population in each of the 2 clusters

Given    Inferred Clusters       Number of
 Pop       1      2             Individuals

  1:     0.499  0.501             358
  2:     0.498  0.502             1039
  3:     0.494  0.506             603
--------------------------------------------

  Rep#:   Lambda   Alpha      F1    F2     D1,2    Ln Like  Est Ln P(D)
168000:    1.00    9.720    0.039 0.043    0.043   -125488    0 
168100:    1.00    9.861    0.044 0.040    0.038   -125453    0 
168200:    1.00    9.673    0.048 0.048    0.049   -125477    0 
168300:    1.00    9.286    0.049 0.056    0.047   -125446    0 
168400:    1.00    9.109    0.067 0.051    0.052   -125409    0 
168500:    1.00    8.827    0.084 0.046    0.051   -125365    0 
168600:    1.00    8.906    0.077 0.040    0.055   -125372    0 
168700:    1.00    8.851    0.076 0.056    0.067   -125317    0 
168800:    1.00    8.753    0.077 0.046    0.062   -125397    0 
168900:    1.00    8.243    0.065 0.049    0.049   -125394    0 

--------------------------------------------
Proportion of membership of each pre-defined
 population in each of the 2 clusters

Given    Inferred Clusters       Number of
 Pop       1      2             Individuals

  1:     0.499  0.501             358
  2:     0.495  0.505             1039
  3:     0.495  0.505             603
--------------------------------------------

  Rep#:   Lambda   Alpha      F1    F2     D1,2    Ln Like  Est Ln P(D)
169000:    1.00    8.471    0.063 0.052    0.059   -125342    0 
169100:    1.00    8.627    0.056 0.051    0.057   -125338    0 
169200:    1.00    8.805    0.071 0.043    0.051   -125360    0 
169300:    1.00    8.945    0.060 0.053    0.051   -125399    0 
169400:    1.00    9.219    0.084 0.055    0.067   -125374    0 
169500:    1.00    9.543    0.068 0.067    0.071   -125347    0 
169600:    1.00    9.622    0.067 0.057    0.065   -125390    0 
169700:    1.00    9.362    0.062 0.054    0.050   -125397    0 
169800:    1.00    9.264    0.088 0.044    0.053   -125382    0 
169900:    1.00    9.141    0.066 0.043    0.050   -125436    0 

--------------------------------------------
Proportion of membership of each pre-defined
 population in each of the 2 clusters

Given    Inferred Clusters       Number of
 Pop       1      2             Individuals

  1:     0.497  0.503             358
  2:     0.504  0.496             1039
  3:     0.494  0.506             603
--------------------------------------------

  Rep#:   Lambda   Alpha      F1    F2     D1,2    Ln Like  Est Ln P(D)
170000:    1.00    9.306    0.069 0.046    0.051   -125453    0 
170100:    1.00    8.938    0.041 0.063    0.058   -125417    0 
170200:    1.00    9.084    0.059 0.065    0.053   -125383    0 
170300:    1.00    9.000    0.049 0.081    0.042   -125436    0 
170400:    1.00    8.759    0.057 0.073    0.054   -125391    0 
170500:    1.00    8.916    0.049 0.100    0.057   -125378    0 
170600:    1.00    8.949    0.039 0.069    0.060   -125410    0 
170700:    1.00    8.922    0.049 0.079    0.061   -125413    0 
170800:    1.00    9.117    0.036 0.077    0.040   -125485    0 
170900:    1.00    8.960    0.042 0.073    0.046   -125475    0 

--------------------------------------------
Proportion of membership of each pre-defined
 population in each of the 2 clusters

Given    Inferred Clusters       Number of
 Pop       1      2             Individuals

  1:     0.511  0.489             358
  2:     0.501  0.499             1039
  3:     0.484  0.516             603
--------------------------------------------

  Rep#:   Lambda   Alpha      F1    F2     D1,2    Ln Like  Est Ln P(D)
171000:    1.00    8.535    0.060 0.060    0.041   -125428    0 
171100:    1.00    8.459    0.041 0.063    0.050   -125397    0 
171200:    1.00    8.325    0.050 0.062    0.052   -125400    0 
171300:    1.00    8.267    0.048 0.068    0.049   -125409    0 
171400:    1.00    8.668    0.053 0.055    0.047   -125415    0 
171500:    1.00    8.641    0.040 0.059    0.045   -125446    0 
171600:    1.00    8.360    0.025 0.082    0.045   -125451    0 
171700:    1.00    8.588    0.027 0.082    0.049   -125425    0 
171800:    1.00    8.753    0.030 0.088    0.050   -125412    0 
171900:    1.00    8.914    0.024 0.087    0.041   -125482    0 

--------------------------------------------
Proportion of membership of each pre-defined
 population in each of the 2 clusters

Given    Inferred Clusters       Number of
 Pop       1      2             Individuals

  1:     0.505  0.495             358
  2:     0.498  0.502             1039
  3:     0.501  0.499             603
--------------------------------------------

  Rep#:   Lambda   Alpha      F1    F2     D1,2    Ln Like  Est Ln P(D)
172000:    1.00    8.989    0.028 0.079    0.046   -125459    0 
172100:    1.00    8.898    0.039 0.071    0.043   -125457    0 
172200:    1.00    8.900    0.037 0.072    0.045   -125423    0 
172300:    1.00    9.411    0.037 0.058    0.044   -125477    0 
172400:    1.00    9.435    0.044 0.061    0.042   -125455    0 
172500:    1.00    9.049    0.076 0.060    0.055   -125391    0 
172600:    1.00    8.734    0.065 0.070    0.048   -125428    0 
172700:    1.00    8.319    0.049 0.093    0.051   -125480    0 
172800:    1.00    8.162    0.040 0.118    0.053   -125321    0 
172900:    1.00    8.379    0.038 0.121    0.057   -125379    0 

--------------------------------------------
Proportion of membership of each pre-defined
 population in each of the 2 clusters

Given    Inferred Clusters       Number of
 Pop       1      2             Individuals

  1:     0.499  0.501             358
  2:     0.488  0.512             1039
  3:     0.505  0.495             603
--------------------------------------------

  Rep#:   Lambda   Alpha      F1    F2     D1,2    Ln Like  Est Ln P(D)
173000:    1.00    8.259    0.036 0.089    0.048   -125403    0 
173100:    1.00    8.205    0.037 0.097    0.044   -125418    0 
173200:    1.00    8.428    0.042 0.096    0.050   -125378    0 
173300:    1.00    8.431    0.031 0.098    0.055   -125317    0 
173400:    1.00    8.614    0.033 0.093    0.060   -125306    0 
173500:    1.00    8.593    0.035 0.093    0.056   -125399    0 
173600:    1.00    8.648    0.035 0.084    0.051   -125405    0 
173700:    1.00    8.559    0.024 0.085    0.046   -125393    0 
173800:    1.00    8.436    0.031 0.090    0.048   -125369    0 
173900:    1.00    8.312    0.045 0.080    0.059   -125401    0 

--------------------------------------------
Proportion of membership of each pre-defined
 population in each of the 2 clusters

Given    Inferred Clusters       Number of
 Pop       1      2             Individuals

  1:     0.502  0.498             358
  2:     0.496  0.504             1039
  3:     0.508  0.492             603
--------------------------------------------

  Rep#:   Lambda   Alpha      F1    F2     D1,2    Ln Like  Est Ln P(D)
174000:    1.00    8.307    0.041 0.075    0.054   -125356    0 
174100:    1.00    8.106    0.047 0.074    0.048   -125381    0 
174200:    1.00    8.316    0.037 0.093    0.058   -125385    0 
174300:    1.00    8.534    0.033 0.085    0.045   -125425    0 
174400:    1.00    8.896    0.033 0.094    0.052   -125398    0 
174500:    1.00    8.721    0.038 0.117    0.060   -125367    0 
174600:    1.00    8.726    0.054 0.100    0.069   -125300    0 
174700:    1.00    8.790    0.055 0.116    0.056   -125374    0 
174800:    1.00    9.075    0.049 0.106    0.056   -125357    0 
174900:    1.00    9.360    0.053 0.112    0.058   -125344    0 

--------------------------------------------
Proportion of membership of each pre-defined
 population in each of the 2 clusters

Given    Inferred Clusters       Number of
 Pop       1      2             Individuals

  1:     0.508  0.492             358
  2:     0.499  0.501             1039
  3:     0.495  0.505             603
--------------------------------------------

  Rep#:   Lambda   Alpha      F1    F2     D1,2    Ln Like  Est Ln P(D)
175000:    1.00    9.035    0.078 0.077    0.064   -125363    0 
175100:    1.00    9.182    0.074 0.080    0.060   -125338    0 
175200:    1.00    9.009    0.066 0.077    0.048   -125412    0 
175300:    1.00    9.177    0.062 0.085    0.063   -125390    0 
175400:    1.00    9.111    0.057 0.067    0.057   -125356    0 
175500:    1.00    8.945    0.074 0.065    0.055   -125406    0 
175600:    1.00    8.673    0.063 0.082    0.065   -125335    0 
175700:    1.00    8.965    0.043 0.085    0.050   -125392    0 
175800:    1.00    8.671    0.051 0.087    0.066   -125316    0 
175900:    1.00    9.132    0.055 0.072    0.055   -125392    0 

--------------------------------------------
Proportion of membership of each pre-defined
 population in each of the 2 clusters

Given    Inferred Clusters       Number of
 Pop       1      2             Individuals

  1:     0.504  0.496             358
  2:     0.501  0.499             1039
  3:     0.509  0.491             603
--------------------------------------------

  Rep#:   Lambda   Alpha      F1    F2     D1,2    Ln Like  Est Ln P(D)
176000:    1.00    9.063    0.045 0.076    0.053   -125376    0 
176100:    1.00    8.823    0.063 0.062    0.047   -125391    0 
176200:    1.00    9.333    0.056 0.079    0.056   -125391    0 
176300:    1.00    9.302    0.088 0.085    0.054   -125410    0 
176400:    1.00    9.424    0.071 0.080    0.054   -125366    0 
176500:    1.00    9.334    0.060 0.070    0.048   -125408    0 
176600:    1.00    8.983    0.076 0.061    0.047   -125385    0 
176700:    1.00    8.979    0.075 0.064    0.057   -125422    0 
176800:    1.00    9.347    0.064 0.056    0.060   -125422    0 
176900:    1.00    9.589    0.069 0.079    0.070   -125390    0 

--------------------------------------------
Proportion of membership of each pre-defined
 population in each of the 2 clusters

Given    Inferred Clusters       Number of
 Pop       1      2             Individuals

  1:     0.500  0.500             358
  2:     0.494  0.506             1039
  3:     0.496  0.504             603
--------------------------------------------

  Rep#:   Lambda   Alpha      F1    F2     D1,2    Ln Like  Est Ln P(D)
177000:    1.00    9.780    0.063 0.076    0.057   -125397    0 
177100:    1.00    9.429    0.052 0.074    0.055   -125377    0 
177200:    1.00    9.249    0.048 0.107    0.069   -125392    0 
177300:    1.00    9.383    0.049 0.116    0.072   -125297    0 
177400:    1.00    9.158    0.045 0.114    0.078   -125341    0 
177500:    1.00    9.368    0.048 0.093    0.064   -125350    0 
177600:    1.00    8.948    0.034 0.104    0.048   -125407    0 
177700:    1.00    8.965    0.039 0.099    0.055   -125340    0 
177800:    1.00    8.887    0.056 0.099    0.052   -125401    0 
177900:    1.00    8.755    0.079 0.067    0.053   -125341    0 

--------------------------------------------
Proportion of membership of each pre-defined
 population in each of the 2 clusters

Given    Inferred Clusters       Number of
 Pop       1      2             Individuals

  1:     0.496  0.504             358
  2:     0.500  0.500             1039
  3:     0.492  0.508             603
--------------------------------------------

  Rep#:   Lambda   Alpha      F1    F2     D1,2    Ln Like  Est Ln P(D)
178000:    1.00    8.622    0.053 0.085    0.055   -125341    0 
178100:    1.00    8.468    0.062 0.078    0.050   -125432    0 
178200:    1.00    8.689    0.061 0.067    0.052   -125405    0 
178300:    1.00    9.095    0.056 0.093    0.053   -125361    0 
178400:    1.00    9.144    0.069 0.075    0.063   -125342    0 
178500:    1.00    9.022    0.064 0.064    0.055   -125390    0 
178600:    1.00    9.424    0.060 0.064    0.056   -125389    0 
178700:    1.00    9.241    0.064 0.064    0.056   -125391    0 
178800:    1.00    8.997    0.062 0.067    0.057   -125339    0 
178900:    1.00    8.923    0.070 0.072    0.065   -125326    0 

--------------------------------------------
Proportion of membership of each pre-defined
 population in each of the 2 clusters

Given    Inferred Clusters       Number of
 Pop       1      2             Individuals

  1:     0.506  0.494             358
  2:     0.506  0.494             1039
  3:     0.502  0.498             603
--------------------------------------------

  Rep#:   Lambda   Alpha      F1    F2     D1,2    Ln Like  Est Ln P(D)
179000:    1.00    9.256    0.079 0.075    0.067   -125322    0 
179100:    1.00    9.212    0.078 0.057    0.063   -125316    0 
179200:    1.00    9.516    0.062 0.057    0.051   -125427    0 
179300:    1.00    9.894    0.056 0.062    0.057   -125402    0 
179400:    1.00    9.860    0.049 0.085    0.054   -125429    0 
179500:    1.00    9.783    0.053 0.068    0.055   -125407    0 
179600:    1.00    9.747    0.051 0.097    0.059   -125349    0 
179700:    1.00    9.582    0.051 0.070    0.066   -125381    0 
179800:    1.00    9.711    0.055 0.064    0.052   -125419    0 
179900:    1.00    9.668    0.063 0.057    0.054   -125426    0 

--------------------------------------------
Proportion of membership of each pre-defined
 population in each of the 2 clusters

Given    Inferred Clusters       Number of
 Pop       1      2             Individuals

  1:     0.508  0.492             358
  2:     0.500  0.500             1039
  3:     0.500  0.500             603
--------------------------------------------

  Rep#:   Lambda   Alpha      F1    F2     D1,2    Ln Like  Est Ln P(D)
180000:    1.00    9.127    0.070 0.100    0.063   -125329    0 
180100:    1.00    8.974    0.061 0.075    0.067   -125366    0 
180200:    1.00    9.079    0.060 0.085    0.060   -125374    0 
180300:    1.00    9.111    0.065 0.093    0.052   -125408    0 
180400:    1.00    8.822    0.049 0.076    0.044   -125409    0 
180500:    1.00    9.274    0.051 0.056    0.056   -125415    0 
180600:    1.00    9.919    0.069 0.059    0.056   -125403    0 
180700:    1.00    9.793    0.066 0.064    0.058   -125374    0 
180800:    1.00    9.717    0.078 0.052    0.061   -125436    0 
180900:    1.00    9.598    0.074 0.052    0.057   -125383    0 

--------------------------------------------
Proportion of membership of each pre-defined
 population in each of the 2 clusters

Given    Inferred Clusters       Number of
 Pop       1      2             Individuals

  1:     0.499  0.501             358
  2:     0.499  0.501             1039
  3:     0.494  0.506             603
--------------------------------------------

  Rep#:   Lambda   Alpha      F1    F2     D1,2    Ln Like  Est Ln P(D)
181000:    1.00    9.639    0.053 0.058    0.055   -125391    0 
181100:    1.00    9.474    0.061 0.063    0.056   -125451    0 
181200:    1.00    9.250    0.062 0.056    0.052   -125444    0 
181300:    1.00    9.352    0.067 0.070    0.054   -125356    0 
181400:    1.00    9.421    0.075 0.062    0.069   -125319    0 
181500:    1.00    9.551    0.069 0.058    0.066   -125387    0 
181600:    1.00    9.135    0.077 0.054    0.059   -125368    0 
181700:    1.00    8.895    0.047 0.058    0.054   -125353    0 
181800:    1.00    9.073    0.059 0.057    0.043   -125400    0 
181900:    1.00    9.057    0.053 0.059    0.044   -125413    0 

--------------------------------------------
Proportion of membership of each pre-defined
 population in each of the 2 clusters

Given    Inferred Clusters       Number of
 Pop       1      2             Individuals

  1:     0.502  0.498             358
  2:     0.498  0.502             1039
  3:     0.496  0.504             603
--------------------------------------------

  Rep#:   Lambda   Alpha      F1    F2     D1,2    Ln Like  Est Ln P(D)
182000:    1.00    9.183    0.071 0.054    0.052   -125458    0 
182100:    1.00    9.275    0.053 0.053    0.054   -125435    0 
182200:    1.00    8.900    0.069 0.057    0.051   -125412    0 
182300:    1.00    9.252    0.056 0.040    0.041   -125480    0 
182400:    1.00    9.190    0.069 0.051    0.061   -125352    0 
182500:    1.00    9.438    0.051 0.057    0.058   -125374    0 
182600:    1.00    9.149    0.040 0.058    0.061   -125366    0 
182700:    1.00    9.259    0.046 0.063    0.057   -125369    0 
182800:    1.00    8.976    0.049 0.070    0.040   -125405    0 
182900:    1.00    9.204    0.046 0.076    0.056   -125342    0 

--------------------------------------------
Proportion of membership of each pre-defined
 population in each of the 2 clusters

Given    Inferred Clusters       Number of
 Pop       1      2             Individuals

  1:     0.496  0.504             358
  2:     0.496  0.504             1039
  3:     0.502  0.498             603
--------------------------------------------

  Rep#:   Lambda   Alpha      F1    F2     D1,2    Ln Like  Est Ln P(D)
183000:    1.00    9.774    0.036 0.088    0.042   -125453    0 
183100:    1.00    9.812    0.033 0.102    0.050   -125438    0 
183200:    1.00    9.927    0.028 0.073    0.045   -125448    0 
183300:    1.00    9.836    0.026 0.119    0.043   -125389    0 
183400:    1.00    9.994    0.034 0.088    0.048   -125419    0 
183500:    1.00    9.811    0.040 0.084    0.049   -125423    0 
183600:    1.00    9.951    0.032 0.080    0.053   -125408    0 
183700:    1.00    9.837    0.027 0.102    0.058   -125372    0 
183800:    1.00    9.544    0.027 0.115    0.059   -125330    0 
183900:    1.00    9.436    0.036 0.110    0.061   -125390    0 

--------------------------------------------
Proportion of membership of each pre-defined
 population in each of the 2 clusters

Given    Inferred Clusters       Number of
 Pop       1      2             Individuals

  1:     0.503  0.497             358
  2:     0.506  0.494             1039
  3:     0.499  0.501             603
--------------------------------------------

  Rep#:   Lambda   Alpha      F1    F2     D1,2    Ln Like  Est Ln P(D)
184000:    1.00    9.153    0.038 0.076    0.053   -125388    0 
184100:    1.00    9.383    0.038 0.097    0.056   -125397    0 
184200:    1.00    9.571    0.040 0.077    0.058   -125388    0 
184300:    1.00    9.936    0.027 0.097    0.043   -125439    0 
184400:    1.00    9.995    0.023 0.089    0.042   -125490    0 
184500:    1.00    9.629    0.028 0.100    0.048   -125367    0 
184600:    1.00    9.452    0.028 0.100    0.050   -125417    0 
184700:    1.00    9.653    0.043 0.107    0.063   -125422    0 
184800:    1.00    9.350    0.045 0.107    0.059   -125347    0 
184900:    1.00    9.406    0.036 0.114    0.075   -125325    0 

--------------------------------------------
Proportion of membership of each pre-defined
 population in each of the 2 clusters

Given    Inferred Clusters       Number of
 Pop       1      2             Individuals

  1:     0.503  0.497             358
  2:     0.502  0.498             1039
  3:     0.501  0.499             603
--------------------------------------------

  Rep#:   Lambda   Alpha      F1    F2     D1,2    Ln Like  Est Ln P(D)
185000:    1.00    9.067    0.029 0.119    0.057   -125410    0 
185100:    1.00    9.543    0.036 0.095    0.055   -125397    0 
185200:    1.00    9.234    0.039 0.065    0.061   -125378    0 
185300:    1.00    9.622    0.048 0.077    0.055   -125440    0 
185400:    1.00    9.474    0.029 0.089    0.044   -125410    0 
185500:    1.00    9.742    0.039 0.075    0.050   -125376    0 
185600:    1.00    9.864    0.036 0.091    0.043   -125448    0 
185700:    1.00    9.910    0.040 0.071    0.055   -125408    0 
185800:    1.00    9.687    0.041 0.069    0.045   -125417    0 
185900:    1.00    9.784    0.053 0.069    0.052   -125426    0 

--------------------------------------------
Proportion of membership of each pre-defined
 population in each of the 2 clusters

Given    Inferred Clusters       Number of
 Pop       1      2             Individuals

  1:     0.510  0.490             358
  2:     0.502  0.498             1039
  3:     0.500  0.500             603
--------------------------------------------

  Rep#:   Lambda   Alpha      F1    F2     D1,2    Ln Like  Est Ln P(D)
186000:    1.00    9.610    0.040 0.074    0.048   -125440    0 
186100:    1.00    9.932    0.039 0.063    0.049   -125414    0 
186200:    1.00    9.780    0.039 0.079    0.052   -125418    0 
186300:    1.00    9.638    0.043 0.086    0.059   -125391    0 
186400:    1.00    9.557    0.042 0.093    0.057   -125383    0 
186500:    1.00    9.716    0.058 0.075    0.054   -125442    0 
186600:    1.00    9.868    0.046 0.070    0.047   -125399    0 
186700:    1.00    9.961    0.045 0.090    0.065   -125393    0 
186800:    1.00    9.863    0.053 0.097    0.072   -125348    0 
186900:    1.00    9.688    0.053 0.068    0.055   -125406    0 

--------------------------------------------
Proportion of membership of each pre-defined
 population in each of the 2 clusters

Given    Inferred Clusters       Number of
 Pop       1      2             Individuals

  1:     0.507  0.493             358
  2:     0.499  0.501             1039
  3:     0.492  0.508             603
--------------------------------------------

  Rep#:   Lambda   Alpha      F1    F2     D1,2    Ln Like  Est Ln P(D)
187000:    1.00    9.767    0.049 0.071    0.058   -125401    0 
187100:    1.00    9.563    0.054 0.053    0.053   -125370    0 
187200:    1.00    9.853    0.048 0.066    0.052   -125413    0 
187300:    1.00    9.948    0.059 0.072    0.062   -125363    0 
187400:    1.00    9.574    0.059 0.060    0.054   -125404    0 
187500:    1.00    9.876    0.064 0.053    0.057   -125419    0 
187600:    1.00    9.861    0.054 0.051    0.045   -125456    0 
187700:    1.00    9.850    0.060 0.067    0.053   -125445    0 
187800:    1.00    9.666    0.063 0.040    0.052   -125415    0 
187900:    1.00    9.874    0.065 0.054    0.049   -125392    0 

--------------------------------------------
Proportion of membership of each pre-defined
 population in each of the 2 clusters

Given    Inferred Clusters       Number of
 Pop       1      2             Individuals

  1:     0.509  0.491             358
  2:     0.501  0.499             1039
  3:     0.504  0.496             603
--------------------------------------------

  Rep#:   Lambda   Alpha      F1    F2     D1,2    Ln Like  Est Ln P(D)
188000:    1.00    9.578    0.058 0.047    0.041   -125431    0 
188100:    1.00    9.507    0.048 0.057    0.040   -125415    0 
188200:    1.00    9.353    0.064 0.040    0.042   -125437    0 
188300:    1.00    8.991    0.052 0.049    0.044   -125426    0 
188400:    1.00    8.783    0.049 0.039    0.045   -125442    0 
188500:    1.00    8.639    0.051 0.041    0.042   -125402    0 
188600:    1.00    9.044    0.054 0.046    0.050   -125386    0 
188700:    1.00    9.206    0.062 0.065    0.059   -125431    0 
188800:    1.00    9.127    0.071 0.045    0.047   -125411    0 
188900:    1.00    8.924    0.062 0.049    0.053   -125410    0 

--------------------------------------------
Proportion of membership of each pre-defined
 population in each of the 2 clusters

Given    Inferred Clusters       Number of
 Pop       1      2             Individuals

  1:     0.504  0.496             358
  2:     0.500  0.500             1039
  3:     0.502  0.498             603
--------------------------------------------

  Rep#:   Lambda   Alpha      F1    F2     D1,2    Ln Like  Est Ln P(D)
189000:    1.00    9.047    0.060 0.050    0.051   -125375    0 
189100:    1.00    9.028    0.057 0.047    0.057   -125409    0 
189200:    1.00    9.124    0.050 0.038    0.040   -125445    0 
189300:    1.00    9.183    0.049 0.040    0.042   -125429    0 
189400:    1.00    9.216    0.053 0.046    0.043   -125430    0 
189500:    1.00    9.228    0.101 0.038    0.047   -125382    0 
189600:    1.00    9.160    0.069 0.036    0.048   -125432    0 
189700:    1.00    9.316    0.060 0.030    0.048   -125452    0 
189800:    1.00    9.509    0.085 0.026    0.049   -125448    0 
189900:    1.00    9.696    0.077 0.038    0.061   -125418    0 

--------------------------------------------
Proportion of membership of each pre-defined
 population in each of the 2 clusters

Given    Inferred Clusters       Number of
 Pop       1      2             Individuals

  1:     0.501  0.499             358
  2:     0.498  0.502             1039
  3:     0.501  0.499             603
--------------------------------------------

  Rep#:   Lambda   Alpha      F1    F2     D1,2    Ln Like  Est Ln P(D)
190000:    1.00    9.439    0.058 0.044    0.045   -125431    0 
190100:    1.00    9.057    0.062 0.049    0.051   -125442    0 
190200:    1.00    9.027    0.056 0.059    0.045   -125434    0 
190300:    1.00    9.289    0.060 0.039    0.033   -125474    0 
190400:    1.00    9.385    0.062 0.045    0.049   -125478    0 
190500:    1.00    9.215    0.061 0.066    0.041   -125417    0 
190600:    1.00    9.121    0.067 0.057    0.064   -125339    0 
190700:    1.00    8.957    0.061 0.054    0.054   -125375    0 
190800:    1.00    9.284    0.054 0.073    0.060   -125381    0 
190900:    1.00    8.785    0.057 0.066    0.061   -125391    0 

--------------------------------------------
Proportion of membership of each pre-defined
 population in each of the 2 clusters

Given    Inferred Clusters       Number of
 Pop       1      2             Individuals

  1:     0.508  0.492             358
  2:     0.498  0.502             1039
  3:     0.504  0.496             603
--------------------------------------------

  Rep#:   Lambda   Alpha      F1    F2     D1,2    Ln Like  Est Ln P(D)
191000:    1.00    9.034    0.052 0.071    0.051   -125369    0 
191100:    1.00    8.621    0.064 0.053    0.051   -125403    0 
191200:    1.00    8.592    0.065 0.063    0.047   -125467    0 
191300:    1.00    8.324    0.064 0.069    0.043   -125381    0 
191400:    1.00    8.808    0.055 0.068    0.056   -125389    0 
191500:    1.00    8.676    0.050 0.080    0.057   -125330    0 
191600:    1.00    8.818    0.053 0.083    0.055   -125418    0 
191700:    1.00    8.447    0.055 0.086    0.058   -125354    0 
191800:    1.00    8.521    0.041 0.087    0.047   -125399    0 
191900:    1.00    8.509    0.065 0.064    0.054   -125346    0 

--------------------------------------------
Proportion of membership of each pre-defined
 population in each of the 2 clusters

Given    Inferred Clusters       Number of
 Pop       1      2             Individuals

  1:     0.496  0.504             358
  2:     0.496  0.504             1039
  3:     0.492  0.508             603
--------------------------------------------

  Rep#:   Lambda   Alpha      F1    F2     D1,2    Ln Like  Est Ln P(D)
192000:    1.00    8.528    0.058 0.055    0.040   -125406    0 
192100:    1.00    8.734    0.062 0.061    0.056   -125363    0 
192200:    1.00    8.661    0.055 0.054    0.050   -125387    0 
192300:    1.00    8.117    0.047 0.081    0.058   -125259    0 
192400:    1.00    7.908    0.050 0.069    0.041   -125452    0 
192500:    1.00    7.674    0.063 0.060    0.052   -125350    0 
192600:    1.00    8.210    0.048 0.104    0.046   -125374    0 
192700:    1.00    8.324    0.044 0.080    0.048   -125444    0 
192800:    1.00    8.457    0.049 0.091    0.063   -125352    0 
192900:    1.00    8.607    0.054 0.083    0.066   -125332    0 

--------------------------------------------
Proportion of membership of each pre-defined
 population in each of the 2 clusters

Given    Inferred Clusters       Number of
 Pop       1      2             Individuals

  1:     0.506  0.494             358
  2:     0.500  0.500             1039
  3:     0.501  0.499             603
--------------------------------------------

  Rep#:   Lambda   Alpha      F1    F2     D1,2    Ln Like  Est Ln P(D)
193000:    1.00    8.194    0.053 0.076    0.066   -125397    0 
193100:    1.00    8.330    0.042 0.075    0.053   -125334    0 
193200:    1.00    8.437    0.036 0.078    0.054   -125377    0 
193300:    1.00    8.336    0.042 0.074    0.049   -125466    0 
193400:    1.00    8.431    0.039 0.085    0.059   -125389    0 
193500:    1.00    8.776    0.046 0.068    0.057   -125372    0 
193600:    1.00    8.742    0.040 0.067    0.052   -125389    0 
193700:    1.00    8.674    0.038 0.055    0.045   -125389    0 
193800:    1.00    9.090    0.038 0.061    0.051   -125389    0 
193900:    1.00    9.368    0.055 0.068    0.053   -125379    0 

--------------------------------------------
Proportion of membership of each pre-defined
 population in each of the 2 clusters

Given    Inferred Clusters       Number of
 Pop       1      2             Individuals

  1:     0.493  0.507             358
  2:     0.501  0.499             1039
  3:     0.498  0.502             603
--------------------------------------------

  Rep#:   Lambda   Alpha      F1    F2     D1,2    Ln Like  Est Ln P(D)
194000:    1.00    9.338    0.050 0.073    0.055   -125394    0 
194100:    1.00    9.317    0.084 0.067    0.061   -125426    0 
194200:    1.00    9.375    0.058 0.065    0.068   -125412    0 
194300:    1.00    9.188    0.046 0.065    0.043   -125483    0 
194400:    1.00    9.266    0.054 0.068    0.046   -125408    0 
194500:    1.00    9.659    0.057 0.075    0.044   -125392    0 
194600:    1.00    9.948    0.049 0.069    0.057   -125458    0 
194700:    1.00    9.690    0.044 0.072    0.054   -125392    0 
194800:    1.00    9.298    0.033 0.091    0.047   -125394    0 
194900:    1.00    9.105    0.033 0.103    0.041   -125414    0 

--------------------------------------------
Proportion of membership of each pre-defined
 population in each of the 2 clusters

Given    Inferred Clusters       Number of
 Pop       1      2             Individuals

  1:     0.504  0.496             358
  2:     0.498  0.502             1039
  3:     0.509  0.491             603
--------------------------------------------

  Rep#:   Lambda   Alpha      F1    F2     D1,2    Ln Like  Est Ln P(D)
195000:    1.00    8.630    0.035 0.115    0.051   -125364    0 
195100:    1.00    8.856    0.036 0.085    0.044   -125464    0 
195200:    1.00    8.821    0.033 0.065    0.043   -125449    0 
195300:    1.00    8.763    0.035 0.072    0.069   -125371    0 
195400:    1.00    8.904    0.037 0.063    0.041   -125420    0 
195500:    1.00    8.760    0.035 0.060    0.042   -125476    0 
195600:    1.00    8.920    0.034 0.056    0.042   -125466    0 
195700:    1.00    8.607    0.030 0.077    0.049   -125396    0 
195800:    1.00    8.726    0.036 0.069    0.043   -125458    0 
195900:    1.00    8.561    0.042 0.069    0.052   -125391    0 

--------------------------------------------
Proportion of membership of each pre-defined
 population in each of the 2 clusters

Given    Inferred Clusters       Number of
 Pop       1      2             Individuals

  1:     0.502  0.498             358
  2:     0.497  0.503             1039
  3:     0.497  0.503             603
--------------------------------------------

  Rep#:   Lambda   Alpha      F1    F2     D1,2    Ln Like  Est Ln P(D)
196000:    1.00    8.039    0.046 0.070    0.046   -125396    0 
196100:    1.00    7.834    0.041 0.073    0.045   -125367    0 
196200:    1.00    8.124    0.040 0.073    0.045   -125383    0 
196300:    1.00    8.292    0.035 0.081    0.044   -125419    0 
196400:    1.00    8.483    0.039 0.051    0.037   -125454    0 
196500:    1.00    8.706    0.043 0.057    0.042   -125469    0 
196600:    1.00    8.572    0.052 0.043    0.039   -125397    0 
196700:    1.00    8.164    0.042 0.047    0.042   -125410    0 
196800:    1.00    7.837    0.049 0.055    0.045   -125413    0 
196900:    1.00    7.858    0.058 0.044    0.044   -125455    0 

--------------------------------------------
Proportion of membership of each pre-defined
 population in each of the 2 clusters

Given    Inferred Clusters       Number of
 Pop       1      2             Individuals

  1:     0.502  0.498             358
  2:     0.501  0.499             1039
  3:     0.496  0.504             603
--------------------------------------------

  Rep#:   Lambda   Alpha      F1    F2     D1,2    Ln Like  Est Ln P(D)
197000:    1.00    7.737    0.072 0.041    0.060   -125410    0 
197100:    1.00    7.653    0.044 0.034    0.045   -125416    0 
197200:    1.00    7.823    0.045 0.037    0.039   -125444    0 
197300:    1.00    7.887    0.053 0.042    0.044   -125398    0 
197400:    1.00    8.016    0.052 0.043    0.044   -125375    0 
197500:    1.00    8.328    0.046 0.037    0.043   -125460    0 
197600:    1.00    8.210    0.059 0.036    0.043   -125396    0 
197700:    1.00    8.092    0.053 0.042    0.041   -125401    0 
197800:    1.00    8.152    0.048 0.035    0.037   -125440    0 
197900:    1.00    8.114    0.048 0.030    0.037   -125444    0 

--------------------------------------------
Proportion of membership of each pre-defined
 population in each of the 2 clusters

Given    Inferred Clusters       Number of
 Pop       1      2             Individuals

  1:     0.498  0.502             358
  2:     0.498  0.502             1039
  3:     0.503  0.497             603
--------------------------------------------

  Rep#:   Lambda   Alpha      F1    F2     D1,2    Ln Like  Est Ln P(D)
198000:    1.00    7.975    0.052 0.036    0.031   -125478    0 
198100:    1.00    7.845    0.045 0.035    0.034   -125463    0 
198200:    1.00    7.966    0.041 0.049    0.031   -125478    0 
198300:    1.00    8.223    0.032 0.062    0.047   -125448    0 
198400:    1.00    8.352    0.034 0.076    0.041   -125417    0 
198500:    1.00    8.746    0.027 0.095    0.040   -125457    0 
198600:    1.00    8.910    0.029 0.079    0.045   -125384    0 
198700:    1.00    8.465    0.032 0.090    0.046   -125376    0 
198800:    1.00    8.518    0.029 0.085    0.043   -125444    0 
198900:    1.00    8.518    0.033 0.071    0.040   -125468    0 

--------------------------------------------
Proportion of membership of each pre-defined
 population in each of the 2 clusters

Given    Inferred Clusters       Number of
 Pop       1      2             Individuals

  1:     0.504  0.496             358
  2:     0.506  0.494             1039
  3:     0.504  0.496             603
--------------------------------------------

  Rep#:   Lambda   Alpha      F1    F2     D1,2    Ln Like  Est Ln P(D)
199000:    1.00    8.864    0.040 0.068    0.042   -125440    0 
199100:    1.00    9.094    0.030 0.069    0.040   -125426    0 
199200:    1.00    9.076    0.033 0.082    0.045   -125448    0 
199300:    1.00    9.179    0.037 0.055    0.039   -125437    0 
199400:    1.00    8.952    0.037 0.060    0.045   -125396    0 
199500:    1.00    9.174    0.032 0.076    0.040   -125443    0 
199600:    1.00    9.358    0.032 0.091    0.041   -125438    0 
199700:    1.00    9.431    0.031 0.080    0.039   -125439    0 
199800:    1.00    9.570    0.030 0.080    0.035   -125467    0 
199900:    1.00    9.622    0.036 0.070    0.052   -125390    0 

--------------------------------------------
Proportion of membership of each pre-defined
 population in each of the 2 clusters

Given    Inferred Clusters       Number of
 Pop       1      2             Individuals

  1:     0.498  0.502             358
  2:     0.496  0.504             1039
  3:     0.499  0.501             603
--------------------------------------------

  Rep#:   Lambda   Alpha      F1    F2     D1,2    Ln Like  Est Ln P(D)
200000:    1.00    9.504    0.040 0.062    0.049   -125436    0 
200100:    1.00    9.271    0.038 0.066    0.047   -125435    0 
200200:    1.00    9.140    0.026 0.084    0.041   -125456    0 
200300:    1.00    9.143    0.025 0.110    0.054   -125414    0 
200400:    1.00    9.072    0.024 0.107    0.049   -125464    0 
200500:    1.00    9.112    0.024 0.104    0.044   -125482    0 
200600:    1.00    9.152    0.024 0.108    0.047   -125467    0 
200700:    1.00    9.434    0.022 0.085    0.039   -125549    0 
200800:    1.00    9.609    0.030 0.087    0.049   -125434    0 
200900:    1.00    9.775    0.033 0.086    0.059   -125397    0 

--------------------------------------------
Proportion of membership of each pre-defined
 population in each of the 2 clusters

Given    Inferred Clusters       Number of
 Pop       1      2             Individuals

  1:     0.495  0.505             358
  2:     0.495  0.505             1039
  3:     0.506  0.494             603
--------------------------------------------

  Rep#:   Lambda   Alpha      F1    F2     D1,2    Ln Like  Est Ln P(D)
201000:    1.00    9.779    0.032 0.094    0.050   -125421    0 
201100:    1.00    9.587    0.043 0.077    0.049   -125401    0 
201200:    1.00    9.686    0.056 0.100    0.068   -125353    0 
201300:    1.00    9.847    0.047 0.081    0.055   -125439    0 
201400:    1.00    9.188    0.052 0.105    0.055   -125382    0 
201500:    1.00    9.161    0.058 0.068    0.055   -125396    0 
201600:    1.00    9.665    0.061 0.062    0.046   -125436    0 
201700:    1.00    9.403    0.050 0.065    0.059   -125395    0 
201800:    1.00    9.501    0.039 0.089    0.047   -125381    0 
201900:    1.00    9.834    0.047 0.093    0.049   -125372    0 

--------------------------------------------
Proportion of membership of each pre-defined
 population in each of the 2 clusters

Given    Inferred Clusters       Number of
 Pop       1      2             Individuals

  1:     0.497  0.503             358
  2:     0.501  0.499             1039
  3:     0.503  0.497             603
--------------------------------------------

  Rep#:   Lambda   Alpha      F1    F2     D1,2    Ln Like  Est Ln P(D)
202000:    1.00    9.853    0.042 0.071    0.065   -125338    0 
202100:    1.00    9.919    0.034 0.078    0.042   -125437    0 
202200:    1.00    9.612    0.050 0.093    0.048   -125400    0 
202300:    1.00    9.434    0.049 0.094    0.050   -125378    0 
202400:    1.00    9.483    0.060 0.063    0.052   -125395    0 
202500:    1.00    9.053    0.062 0.069    0.053   -125413    0 
202600:    1.00    9.326    0.052 0.080    0.051   -125407    0 
202700:    1.00    9.428    0.050 0.088    0.061   -125322    0 
202800:    1.00    9.281    0.052 0.087    0.061   -125358    0 
202900:    1.00    9.492    0.044 0.083    0.053   -125407    0 

--------------------------------------------
Proportion of membership of each pre-defined
 population in each of the 2 clusters

Given    Inferred Clusters       Number of
 Pop       1      2             Individuals

  1:     0.509  0.491             358
  2:     0.495  0.505             1039
  3:     0.499  0.501             603
--------------------------------------------

  Rep#:   Lambda   Alpha      F1    F2     D1,2    Ln Like  Est Ln P(D)
203000:    1.00    9.679    0.047 0.091    0.056   -125414    0 
203100:    1.00    9.579    0.041 0.090    0.059   -125403    0 
203200:    1.00    9.838    0.043 0.090    0.049   -125482    0 
203300:    1.00    9.816    0.036 0.077    0.047   -125435    0 
203400:    1.00    9.694    0.033 0.079    0.051   -125431    0 
203500:    1.00    9.984    0.040 0.056    0.051   -125466    0 
203600:    1.00    9.950    0.035 0.081    0.050   -125438    0 
203700:    1.00    9.888    0.031 0.114    0.053   -125458    0 
203800:    1.00    9.611    0.033 0.082    0.057   -125390    0 
203900:    1.00    9.936    0.040 0.092    0.057   -125418    0 

--------------------------------------------
Proportion of membership of each pre-defined
 population in each of the 2 clusters

Given    Inferred Clusters       Number of
 Pop       1      2             Individuals

  1:     0.503  0.497             358
  2:     0.494  0.506             1039
  3:     0.493  0.507             603
--------------------------------------------

  Rep#:   Lambda   Alpha      F1    F2     D1,2    Ln Like  Est Ln P(D)
204000:    1.00    9.992    0.051 0.061    0.052   -125431    0 
204100:    1.00    9.953    0.041 0.065    0.051   -125429    0 
204200:    1.00    9.887    0.049 0.072    0.055   -125348    0 
204300:    1.00    9.800    0.053 0.077    0.055   -125343    0 
204400:    1.00    9.879    0.051 0.063    0.046   -125379    0 
204500:    1.00    9.890    0.061 0.066    0.054   -125448    0 
204600:    1.00    9.641    0.054 0.073    0.050   -125441    0 
204700:    1.00    9.916    0.042 0.076    0.050   -125402    0 
204800:    1.00    9.653    0.039 0.102    0.054   -125414    0 
204900:    1.00    9.891    0.041 0.061    0.049   -125448    0 

--------------------------------------------
Proportion of membership of each pre-defined
 population in each of the 2 clusters

Given    Inferred Clusters       Number of
 Pop       1      2             Individuals

  1:     0.503  0.497             358
  2:     0.498  0.502             1039
  3:     0.503  0.497             603
--------------------------------------------

  Rep#:   Lambda   Alpha      F1    F2     D1,2    Ln Like  Est Ln P(D)
205000:    1.00    9.796    0.039 0.072    0.053   -125409    0 
205100:    1.00    9.855    0.036 0.090    0.053   -125384    0 
205200:    1.00    9.679    0.036 0.107    0.057   -125357    0 
205300:    1.00    9.496    0.029 0.126    0.055   -125356    0 
205400:    1.00    9.655    0.035 0.094    0.052   -125415    0 
205500:    1.00    9.609    0.028 0.087    0.051   -125414    0 
205600:    1.00    9.435    0.037 0.087    0.063   -125432    0 
205700:    1.00    9.387    0.040 0.080    0.052   -125402    0 
205800:    1.00    9.125    0.044 0.082    0.056   -125403    0 
205900:    1.00    9.266    0.048 0.074    0.051   -125370    0 

--------------------------------------------
Proportion of membership of each pre-defined
 population in each of the 2 clusters

Given    Inferred Clusters       Number of
 Pop       1      2             Individuals

  1:     0.497  0.503             358
  2:     0.498  0.502             1039
  3:     0.500  0.500             603
--------------------------------------------

  Rep#:   Lambda   Alpha      F1    F2     D1,2    Ln Like  Est Ln P(D)
206000:    1.00    8.983    0.039 0.082    0.059   -125403    0 
206100:    1.00    8.668    0.041 0.068    0.054   -125382    0 
206200:    1.00    8.792    0.041 0.068    0.045   -125342    0 
206300:    1.00    8.608    0.040 0.068    0.047   -125394    0 
206400:    1.00    8.277    0.036 0.075    0.044   -125386    0 
206500:    1.00    7.902    0.038 0.091    0.049   -125398    0 
206600:    1.00    8.040    0.040 0.072    0.049   -125322    0 
206700:    1.00    8.110    0.043 0.081    0.051   -125358    0 
206800:    1.00    8.263    0.043 0.100    0.048   -125366    0 
206900:    1.00    8.363    0.046 0.097    0.054   -125416    0 

--------------------------------------------
Proportion of membership of each pre-defined
 population in each of the 2 clusters

Given    Inferred Clusters       Number of
 Pop       1      2             Individuals

  1:     0.489  0.511             358
  2:     0.498  0.502             1039
  3:     0.501  0.499             603
--------------------------------------------

  Rep#:   Lambda   Alpha      F1    F2     D1,2    Ln Like  Est Ln P(D)
207000:    1.00    8.085    0.048 0.075    0.052   -125309    0 
207100:    1.00    8.052    0.046 0.069    0.054   -125396    0 
207200:    1.00    8.454    0.051 0.068    0.043   -125436    0 
207300:    1.00    8.551    0.053 0.078    0.049   -125381    0 
207400:    1.00    8.390    0.050 0.071    0.045   -125389    0 
207500:    1.00    8.322    0.042 0.074    0.046   -125334    0 
207600:    1.00    8.408    0.037 0.081    0.047   -125446    0 
207700:    1.00    8.446    0.047 0.080    0.049   -125377    0 
207800:    1.00    8.397    0.043 0.082    0.056   -125364    0 
207900:    1.00    8.543    0.045 0.078    0.049   -125412    0 

--------------------------------------------
Proportion of membership of each pre-defined
 population in each of the 2 clusters

Given    Inferred Clusters       Number of
 Pop       1      2             Individuals

  1:     0.497  0.503             358
  2:     0.502  0.498             1039
  3:     0.502  0.498             603
--------------------------------------------

  Rep#:   Lambda   Alpha      F1    F2     D1,2    Ln Like  Est Ln P(D)
208000:    1.00    8.525    0.038 0.105    0.047   -125413    0 
208100:    1.00    8.127    0.028 0.121    0.055   -125421    0 
208200:    1.00    8.022    0.035 0.122    0.047   -125330    0 
208300:    1.00    7.707    0.028 0.096    0.043   -125389    0 
208400:    1.00    7.925    0.032 0.102    0.048   -125383    0 
208500:    1.00    7.512    0.026 0.105    0.041   -125422    0 
208600:    1.00    7.485    0.058 0.070    0.047   -125346    0 
208700:    1.00    7.415    0.049 0.085    0.046   -125345    0 
208800:    1.00    7.126    0.042 0.068    0.050   -125317    0 
208900:    1.00    7.661    0.043 0.055    0.044   -125333    0 

--------------------------------------------
Proportion of membership of each pre-defined
 population in each of the 2 clusters

Given    Inferred Clusters       Number of
 Pop       1      2             Individuals

  1:     0.491  0.509             358
  2:     0.501  0.499             1039
  3:     0.501  0.499             603
--------------------------------------------

  Rep#:   Lambda   Alpha      F1    F2     D1,2    Ln Like  Est Ln P(D)
209000:    1.00    7.853    0.039 0.066    0.046   -125337    0 
209100:    1.00    7.830    0.045 0.077    0.047   -125356    0 
209200:    1.00    7.854    0.052 0.064    0.044   -125365    0 
209300:    1.00    8.032    0.046 0.069    0.050   -125327    0 
209400:    1.00    7.839    0.032 0.078    0.043   -125438    0 
209500:    1.00    7.617    0.032 0.077    0.049   -125362    0 
209600:    1.00    7.292    0.054 0.062    0.047   -125322    0 
209700:    1.00    7.499    0.043 0.065    0.043   -125405    0 
209800:    1.00    7.569    0.042 0.055    0.042   -125383    0 
209900:    1.00    7.731    0.036 0.051    0.041   -125403    0 

--------------------------------------------
Proportion of membership of each pre-defined
 population in each of the 2 clusters

Given    Inferred Clusters       Number of
 Pop       1      2             Individuals

  1:     0.497  0.503             358
  2:     0.502  0.498             1039
  3:     0.498  0.502             603
--------------------------------------------

  Rep#:   Lambda   Alpha      F1    F2     D1,2    Ln Like  Est Ln P(D)
210000:    1.00    7.919    0.036 0.059    0.049   -125405    0 
210100:    1.00    8.169    0.036 0.074    0.043   -125420    0 
210200:    1.00    8.574    0.035 0.083    0.047   -125378    0 
210300:    1.00    8.674    0.047 0.061    0.048   -125373    0 
210400:    1.00    8.901    0.039 0.069    0.043   -125373    0 
210500:    1.00    8.532    0.035 0.077    0.051   -125338    0 
210600:    1.00    8.192    0.044 0.095    0.055   -125337    0 
210700:    1.00    7.891    0.043 0.067    0.052   -125332    0 
210800:    1.00    7.748    0.049 0.073    0.043   -125360    0 
210900:    1.00    7.554    0.048 0.076    0.059   -125326    0 

--------------------------------------------
Proportion of membership of each pre-defined
 population in each of the 2 clusters

Given    Inferred Clusters       Number of
 Pop       1      2             Individuals

  1:     0.498  0.502             358
  2:     0.491  0.509             1039
  3:     0.502  0.498             603
--------------------------------------------

  Rep#:   Lambda   Alpha      F1    F2     D1,2    Ln Like  Est Ln P(D)
211000:    1.00    7.680    0.047 0.089    0.049   -125348    0 
211100:    1.00    7.955    0.040 0.073    0.039   -125433    0 
211200:    1.00    8.051    0.041 0.077    0.045   -125328    0 
211300:    1.00    8.332    0.057 0.059    0.045   -125405    0 
211400:    1.00    8.294    0.059 0.073    0.050   -125337    0 
211500:    1.00    8.706    0.049 0.074    0.044   -125438    0 
211600:    1.00    8.893    0.044 0.073    0.052   -125373    0 
211700:    1.00    8.548    0.048 0.090    0.054   -125348    0 
211800:    1.00    8.738    0.044 0.080    0.054   -125396    0 
211900:    1.00    8.857    0.036 0.100    0.051   -125443    0 

--------------------------------------------
Proportion of membership of each pre-defined
 population in each of the 2 clusters

Given    Inferred Clusters       Number of
 Pop       1      2             Individuals

  1:     0.489  0.511             358
  2:     0.499  0.501             1039
  3:     0.496  0.504             603
--------------------------------------------

  Rep#:   Lambda   Alpha      F1    F2     D1,2    Ln Like  Est Ln P(D)
212000:    1.00    8.990    0.053 0.070    0.047   -125432    0 
212100:    1.00    9.013    0.037 0.084    0.049   -125433    0 
212200:    1.00    9.359    0.030 0.088    0.044   -125444    0 
212300:    1.00    9.130    0.033 0.065    0.043   -125451    0 
212400:    1.00    9.304    0.047 0.064    0.040   -125485    0 
212500:    1.00    9.172    0.040 0.067    0.039   -125484    0 
212600:    1.00    9.038    0.039 0.083    0.047   -125415    0 
212700:    1.00    9.225    0.033 0.074    0.040   -125460    0 
212800:    1.00    9.238    0.033 0.086    0.039   -125513    0 
212900:    1.00    9.415    0.029 0.086    0.042   -125464    0 

--------------------------------------------
Proportion of membership of each pre-defined
 population in each of the 2 clusters

Given    Inferred Clusters       Number of
 Pop       1      2             Individuals

  1:     0.503  0.497             358
  2:     0.501  0.499             1039
  3:     0.497  0.503             603
--------------------------------------------

  Rep#:   Lambda   Alpha      F1    F2     D1,2    Ln Like  Est Ln P(D)
213000:    1.00    9.309    0.035 0.086    0.045   -125398    0 
213100:    1.00    9.501    0.030 0.082    0.045   -125453    0 
213200:    1.00    9.291    0.034 0.081    0.043   -125446    0 
213300:    1.00    9.482    0.033 0.077    0.046   -125472    0 
213400:    1.00    9.874    0.032 0.073    0.043   -125437    0 
213500:    1.00    9.503    0.025 0.063    0.034   -125487    0 
213600:    1.00    9.646    0.023 0.079    0.036   -125501    0 
213700:    1.00    9.971    0.031 0.065    0.032   -125506    0 
213800:    1.00    9.766    0.028 0.085    0.042   -125389    0 
213900:    1.00    9.215    0.034 0.087    0.051   -125384    0 

--------------------------------------------
Proportion of membership of each pre-defined
 population in each of the 2 clusters

Given    Inferred Clusters       Number of
 Pop       1      2             Individuals

  1:     0.500  0.500             358
  2:     0.496  0.504             1039
  3:     0.501  0.499             603
--------------------------------------------

  Rep#:   Lambda   Alpha      F1    F2     D1,2    Ln Like  Est Ln P(D)
214000:    1.00    9.188    0.031 0.077    0.043   -125449    0 
214100:    1.00    9.235    0.032 0.058    0.050   -125461    0 
214200:    1.00    8.901    0.039 0.068    0.052   -125429    0 
214300:    1.00    8.998    0.043 0.063    0.054   -125379    0 
214400:    1.00    9.046    0.042 0.061    0.060   -125405    0 
214500:    1.00    9.315    0.048 0.085    0.052   -125384    0 
214600:    1.00    9.470    0.047 0.093    0.050   -125417    0 
214700:    1.00    9.024    0.046 0.058    0.046   -125457    0 
214800:    1.00    8.940    0.052 0.043    0.044   -125439    0 
214900:    1.00    9.251    0.052 0.044    0.038   -125468    0 

--------------------------------------------
Proportion of membership of each pre-defined
 population in each of the 2 clusters

Given    Inferred Clusters       Number of
 Pop       1      2             Individuals

  1:     0.498  0.502             358
  2:     0.497  0.503             1039
  3:     0.503  0.497             603
--------------------------------------------

  Rep#:   Lambda   Alpha      F1    F2     D1,2    Ln Like  Est Ln P(D)
215000:    1.00    9.437    0.054 0.038    0.036   -125552    0 
215100:    1.00    9.466    0.067 0.034    0.041   -125467    0 
215200:    1.00    9.575    0.059 0.029    0.036   -125476    0 
215300:    1.00    9.439    0.053 0.036    0.047   -125490    0 
215400:    1.00    9.417    0.051 0.045    0.047   -125462    0 
215500:    1.00    9.536    0.039 0.060    0.051   -125445    0 
215600:    1.00    9.466    0.040 0.071    0.044   -125425    0 
215700:    1.00    9.189    0.038 0.081    0.056   -125430    0 
215800:    1.00    8.913    0.040 0.068    0.047   -125404    0 
215900:    1.00    8.681    0.038 0.075    0.047   -125425    0 

--------------------------------------------
Proportion of membership of each pre-defined
 population in each of the 2 clusters

Given    Inferred Clusters       Number of
 Pop       1      2             Individuals

  1:     0.501  0.499             358
  2:     0.503  0.497             1039
  3:     0.493  0.507             603
--------------------------------------------

  Rep#:   Lambda   Alpha      F1    F2     D1,2    Ln Like  Est Ln P(D)
216000:    1.00    7.942    0.056 0.058    0.055   -125389    0 
216100:    1.00    8.055    0.050 0.077    0.058   -125318    0 
216200:    1.00    8.354    0.046 0.085    0.050   -125404    0 
216300:    1.00    8.403    0.034 0.079    0.052   -125361    0 
216400:    1.00    8.168    0.035 0.102    0.059   -125324    0 
216500:    1.00    8.185    0.032 0.084    0.048   -125378    0 
216600:    1.00    8.141    0.041 0.092    0.053   -125353    0 
216700:    1.00    8.135    0.039 0.082    0.059   -125308    0 
216800:    1.00    8.094    0.038 0.115    0.050   -125333    0 
216900:    1.00    8.117    0.031 0.110    0.054   -125361    0 

--------------------------------------------
Proportion of membership of each pre-defined
 population in each of the 2 clusters

Given    Inferred Clusters       Number of
 Pop       1      2             Individuals

  1:     0.505  0.495             358
  2:     0.504  0.496             1039
  3:     0.498  0.502             603
--------------------------------------------

  Rep#:   Lambda   Alpha      F1    F2     D1,2    Ln Like  Est Ln P(D)
217000:    1.00    8.327    0.034 0.071    0.047   -125383    0 
217100:    1.00    8.630    0.035 0.086    0.046   -125328    0 
217200:    1.00    8.549    0.038 0.078    0.040   -125412    0 
217300:    1.00    8.545    0.044 0.078    0.050   -125397    0 
217400:    1.00    8.631    0.042 0.093    0.058   -125418    0 
217500:    1.00    8.609    0.041 0.075    0.054   -125315    0 
217600:    1.00    8.393    0.034 0.085    0.039   -125461    0 
217700:    1.00    8.223    0.030 0.098    0.042   -125459    0 
217800:    1.00    8.124    0.033 0.083    0.041   -125421    0 
217900:    1.00    8.085    0.039 0.094    0.039   -125387    0 

--------------------------------------------
Proportion of membership of each pre-defined
 population in each of the 2 clusters

Given    Inferred Clusters       Number of
 Pop       1      2             Individuals

  1:     0.496  0.504             358
  2:     0.493  0.507             1039
  3:     0.507  0.493             603
--------------------------------------------

  Rep#:   Lambda   Alpha      F1    F2     D1,2    Ln Like  Est Ln P(D)
218000:    1.00    7.939    0.031 0.079    0.041   -125376    0 
218100:    1.00    8.074    0.046 0.073    0.056   -125355    0 
218200:    1.00    8.259    0.045 0.068    0.057   -125320    0 
218300:    1.00    8.464    0.041 0.058    0.047   -125337    0 
218400:    1.00    8.699    0.043 0.061    0.051   -125321    0 
218500:    1.00    8.778    0.055 0.072    0.050   -125306    0 
218600:    1.00    8.212    0.056 0.083    0.058   -125374    0 
218700:    1.00    8.451    0.046 0.073    0.050   -125407    0 
218800:    1.00    8.343    0.048 0.070    0.051   -125337    0 
218900:    1.00    8.944    0.049 0.073    0.051   -125411    0 

--------------------------------------------
Proportion of membership of each pre-defined
 population in each of the 2 clusters

Given    Inferred Clusters       Number of
 Pop       1      2             Individuals

  1:     0.505  0.495             358
  2:     0.504  0.496             1039
  3:     0.504  0.496             603
--------------------------------------------

  Rep#:   Lambda   Alpha      F1    F2     D1,2    Ln Like  Est Ln P(D)
219000:    1.00    8.991    0.050 0.064    0.056   -125427    0 
219100:    1.00    8.919    0.056 0.075    0.048   -125411    0 
219200:    1.00    8.504    0.039 0.059    0.047   -125410    0 
219300:    1.00    8.778    0.034 0.064    0.045   -125420    0 
219400:    1.00    9.164    0.036 0.062    0.051   -125363    0 
219500:    1.00    9.114    0.041 0.054    0.052   -125407    0 
219600:    1.00    9.354    0.034 0.061    0.051   -125455    0 
219700:    1.00    9.135    0.029 0.070    0.040   -125436    0 
219800:    1.00    9.037    0.033 0.053    0.043   -125416    0 
219900:    1.00    9.299    0.029 0.077    0.044   -125493    0 

--------------------------------------------
Proportion of membership of each pre-defined
 population in each of the 2 clusters

Given    Inferred Clusters       Number of
 Pop       1      2             Individuals

  1:     0.495  0.505             358
  2:     0.497  0.503             1039
  3:     0.507  0.493             603
--------------------------------------------

  Rep#:   Lambda   Alpha      F1    F2     D1,2    Ln Like  Est Ln P(D)
220000:    1.00    8.955    0.027 0.073    0.047   -125421    0 
220100:    1.00    8.883    0.025 0.085    0.049   -125491    0 
220200:    1.00    9.016    0.022 0.086    0.043   -125488    0 
220300:    1.00    9.165    0.018 0.100    0.044   -125487    0 
220400:    1.00    9.475    0.022 0.113    0.049   -125444    0 
220500:    1.00    9.664    0.018 0.094    0.039   -125475    0 
220600:    1.00    9.714    0.019 0.086    0.044   -125451    0 
220700:    1.00    9.744    0.018 0.065    0.043   -125491    0 
220800:    1.00    9.977    0.028 0.067    0.036   -125516    0 
220900:    1.00    9.869    0.035 0.053    0.046   -125435    0 

--------------------------------------------
Proportion of membership of each pre-defined
 population in each of the 2 clusters

Given    Inferred Clusters       Number of
 Pop       1      2             Individuals

  1:     0.503  0.497             358
  2:     0.501  0.499             1039
  3:     0.511  0.489             603
--------------------------------------------

  Rep#:   Lambda   Alpha      F1    F2     D1,2    Ln Like  Est Ln P(D)
221000:    1.00    9.524    0.035 0.054    0.034   -125491    0 
221100:    1.00    9.746    0.018 0.087    0.042   -125445    0 
221200:    1.00    9.955    0.019 0.095    0.040   -125491    0 
221300:    1.00    9.703    0.019 0.085    0.043   -125479    0 
221400:    1.00    9.911    0.023 0.092    0.043   -125452    0 
221500:    1.00    9.908    0.019 0.059    0.040   -125520    0 
221600:    1.00    9.877    0.025 0.070    0.044   -125513    0 
221700:    1.00    9.915    0.020 0.065    0.045   -125468    0 
221800:    1.00    9.982    0.019 0.061    0.036   -125473    0 
221900:    1.00    9.761    0.025 0.073    0.037   -125515    0 

--------------------------------------------
Proportion of membership of each pre-defined
 population in each of the 2 clusters

Given    Inferred Clusters       Number of
 Pop       1      2             Individuals

  1:     0.505  0.495             358
  2:     0.498  0.502             1039
  3:     0.498  0.502             603
--------------------------------------------

  Rep#:   Lambda   Alpha      F1    F2     D1,2    Ln Like  Est Ln P(D)
222000:    1.00    9.659    0.039 0.064    0.044   -125425    0 
222100:    1.00    9.888    0.042 0.098    0.048   -125402    0 
222200:    1.00    9.783    0.039 0.109    0.052   -125399    0 
222300:    1.00    9.918    0.039 0.084    0.052   -125423    0 
222400:    1.00    9.853    0.026 0.097    0.054   -125435    0 
222500:    1.00    9.858    0.030 0.095    0.039   -125470    0 
222600:    1.00    9.951    0.028 0.110    0.057   -125393    0 
222700:    1.00    9.804    0.036 0.121    0.057   -125447    0 
222800:    1.00    9.925    0.029 0.109    0.049   -125405    0 
222900:    1.00    9.828    0.032 0.162    0.060   -125420    0 

--------------------------------------------
Proportion of membership of each pre-defined
 population in each of the 2 clusters

Given    Inferred Clusters       Number of
 Pop       1      2             Individuals

  1:     0.499  0.501             358
  2:     0.500  0.500             1039
  3:     0.504  0.496             603
--------------------------------------------

  Rep#:   Lambda   Alpha      F1    F2     D1,2    Ln Like  Est Ln P(D)
223000:    1.00    9.904    0.031 0.103    0.060   -125353    0 
223100:    1.00    9.930    0.022 0.106    0.053   -125350    0 
223200:    1.00    9.992    0.021 0.089    0.046   -125434    0 
223300:    1.00    9.963    0.040 0.076    0.036   -125480    0 
223400:    1.00    9.926    0.032 0.076    0.046   -125510    0 
223500:    1.00    9.570    0.032 0.075    0.045   -125436    0 
223600:    1.00    9.891    0.032 0.095    0.045   -125499    0 
223700:    1.00    9.505    0.028 0.087    0.045   -125474    0 
223800:    1.00    9.214    0.024 0.107    0.045   -125426    0 
223900:    1.00    9.238    0.037 0.095    0.057   -125416    0 

--------------------------------------------
Proportion of membership of each pre-defined
 population in each of the 2 clusters

Given    Inferred Clusters       Number of
 Pop       1      2             Individuals

  1:     0.501  0.499             358
  2:     0.495  0.505             1039
  3:     0.496  0.504             603
--------------------------------------------

  Rep#:   Lambda   Alpha      F1    F2     D1,2    Ln Like  Est Ln P(D)
224000:    1.00    9.322    0.043 0.123    0.062   -125415    0 
224100:    1.00    9.245    0.041 0.091    0.060   -125379    0 
224200:    1.00    9.209    0.046 0.104    0.060   -125355    0 
224300:    1.00    9.374    0.048 0.099    0.063   -125357    0 
224400:    1.00    9.509    0.046 0.118    0.056   -125363    0 
224500:    1.00    9.201    0.058 0.085    0.058   -125334    0 
224600:    1.00    9.261    0.043 0.077    0.052   -125324    0 
224700:    1.00    9.546    0.050 0.089    0.053   -125382    0 
224800:    1.00    9.336    0.061 0.107    0.061   -125392    0 
224900:    1.00    8.880    0.045 0.099    0.056   -125402    0 

--------------------------------------------
Proportion of membership of each pre-defined
 population in each of the 2 clusters

Given    Inferred Clusters       Number of
 Pop       1      2             Individuals

  1:     0.511  0.489             358
  2:     0.507  0.493             1039
  3:     0.497  0.503             603
--------------------------------------------

  Rep#:   Lambda   Alpha      F1    F2     D1,2    Ln Like  Est Ln P(D)
225000:    1.00    9.338    0.045 0.084    0.058   -125327    0 
225100:    1.00    9.391    0.043 0.072    0.052   -125379    0 
225200:    1.00    9.505    0.058 0.070    0.065   -125381    0 
225300:    1.00    9.662    0.054 0.074    0.059   -125364    0 
225400:    1.00    9.467    0.051 0.087    0.056   -125405    0 
225500:    1.00    9.599    0.054 0.073    0.045   -125423    0 
225600:    1.00    9.642    0.047 0.092    0.050   -125406    0 
225700:    1.00    9.483    0.049 0.094    0.066   -125392    0 
225800:    1.00    9.443    0.056 0.074    0.055   -125421    0 
225900:    1.00    9.402    0.055 0.088    0.052   -125387    0 

--------------------------------------------
Proportion of membership of each pre-defined
 population in each of the 2 clusters

Given    Inferred Clusters       Number of
 Pop       1      2             Individuals

  1:     0.512  0.488             358
  2:     0.496  0.504             1039
  3:     0.500  0.500             603
--------------------------------------------

  Rep#:   Lambda   Alpha      F1    F2     D1,2    Ln Like  Est Ln P(D)
226000:    1.00    9.552    0.063 0.065    0.049   -125400    0 
226100:    1.00    9.558    0.036 0.080    0.058   -125375    0 
226200:    1.00    9.235    0.040 0.067    0.056   -125405    0 
226300:    1.00    9.418    0.050 0.068    0.053   -125444    0 
226400:    1.00    8.949    0.051 0.058    0.050   -125365    0 
226500:    1.00    8.846    0.045 0.064    0.044   -125416    0 
226600:    1.00    8.538    0.051 0.059    0.050   -125402    0 
226700:    1.00    8.514    0.058 0.052    0.051   -125445    0 
226800:    1.00    8.707    0.056 0.046    0.048   -125414    0 
226900:    1.00    8.370    0.060 0.042    0.044   -125425    0 

--------------------------------------------
Proportion of membership of each pre-defined
 population in each of the 2 clusters

Given    Inferred Clusters       Number of
 Pop       1      2             Individuals

  1:     0.492  0.508             358
  2:     0.497  0.503             1039
  3:     0.505  0.495             603
--------------------------------------------

  Rep#:   Lambda   Alpha      F1    F2     D1,2    Ln Like  Est Ln P(D)
227000:    1.00    8.244    0.047 0.039    0.037   -125473    0 
227100:    1.00    8.539    0.063 0.038    0.047   -125424    0 
227200:    1.00    8.193    0.061 0.053    0.061   -125382    0 
227300:    1.00    8.238    0.093 0.050    0.057   -125399    0 
227400:    1.00    8.074    0.086 0.050    0.058   -125341    0 
227500:    1.00    8.265    0.099 0.058    0.063   -125341    0 
227600:    1.00    8.320    0.087 0.037    0.048   -125398    0 
227700:    1.00    8.442    0.072 0.054    0.054   -125317    0 
227800:    1.00    8.535    0.075 0.039    0.044   -125417    0 
227900:    1.00    8.448    0.074 0.037    0.043   -125454    0 

--------------------------------------------
Proportion of membership of each pre-defined
 population in each of the 2 clusters

Given    Inferred Clusters       Number of
 Pop       1      2             Individuals

  1:     0.508  0.492             358
  2:     0.504  0.496             1039
  3:     0.501  0.499             603
--------------------------------------------

  Rep#:   Lambda   Alpha      F1    F2     D1,2    Ln Like  Est Ln P(D)
228000:    1.00    8.461    0.081 0.031    0.054   -125353    0 
228100:    1.00    7.999    0.076 0.052    0.042   -125375    0 
228200:    1.00    7.814    0.073 0.040    0.041   -125364    0 
228300:    1.00    7.656    0.073 0.051    0.051   -125344    0 
228400:    1.00    7.604    0.094 0.047    0.060   -125311    0 
228500:    1.00    7.767    0.092 0.054    0.053   -125384    0 
228600:    1.00    8.088    0.100 0.061    0.070   -125319    0 
228700:    1.00    7.867    0.055 0.053    0.046   -125352    0 
228800:    1.00    7.842    0.057 0.068    0.052   -125322    0 
228900:    1.00    8.044    0.061 0.071    0.047   -125386    0 

--------------------------------------------
Proportion of membership of each pre-defined
 population in each of the 2 clusters

Given    Inferred Clusters       Number of
 Pop       1      2             Individuals

  1:     0.509  0.491             358
  2:     0.495  0.505             1039
  3:     0.499  0.501             603
--------------------------------------------

  Rep#:   Lambda   Alpha      F1    F2     D1,2    Ln Like  Est Ln P(D)
229000:    1.00    8.286    0.056 0.065    0.045   -125361    0 
229100:    1.00    8.087    0.042 0.065    0.051   -125360    0 
229200:    1.00    8.354    0.050 0.069    0.065   -125327    0 
229300:    1.00    8.394    0.032 0.067    0.047   -125368    0 
229400:    1.00    8.574    0.040 0.066    0.043   -125388    0 
229500:    1.00    8.931    0.043 0.054    0.038   -125460    0 
229600:    1.00    8.943    0.034 0.071    0.045   -125460    0 
229700:    1.00    8.575    0.036 0.059    0.040   -125465    0 
229800:    1.00    8.639    0.028 0.068    0.038   -125455    0 
229900:    1.00    8.885    0.027 0.104    0.064   -125364    0 

--------------------------------------------
Proportion of membership of each pre-defined
 population in each of the 2 clusters

Given    Inferred Clusters       Number of
 Pop       1      2             Individuals

  1:     0.492  0.508             358
  2:     0.500  0.500             1039
  3:     0.497  0.503             603
--------------------------------------------

  Rep#:   Lambda   Alpha      F1    F2     D1,2    Ln Like  Est Ln P(D)
230000:    1.00    8.652    0.026 0.080    0.058   -125352    0 
230100:    1.00    8.670    0.027 0.077    0.035   -125435    0 
230200:    1.00    8.521    0.029 0.060    0.036   -125445    0 
230300:    1.00    8.252    0.048 0.075    0.044   -125405    0 
230400:    1.00    7.950    0.038 0.079    0.040   -125394    0 
230500:    1.00    7.635    0.031 0.062    0.039   -125390    0 
230600:    1.00    8.001    0.042 0.072    0.051   -125411    0 
230700:    1.00    8.126    0.051 0.063    0.055   -125395    0 
230800:    1.00    8.040    0.038 0.077    0.044   -125418    0 
230900:    1.00    7.695    0.049 0.068    0.049   -125415    0 

--------------------------------------------
Proportion of membership of each pre-defined
 population in each of the 2 clusters

Given    Inferred Clusters       Number of
 Pop       1      2             Individuals

  1:     0.496  0.504             358
  2:     0.496  0.504             1039
  3:     0.503  0.497             603
--------------------------------------------

  Rep#:   Lambda   Alpha      F1    F2     D1,2    Ln Like  Est Ln P(D)
231000:    1.00    7.662    0.037 0.057    0.039   -125417    0 
231100:    1.00    7.876    0.035 0.081    0.043   -125386    0 
231200:    1.00    8.084    0.032 0.071    0.051   -125376    0 
231300:    1.00    8.295    0.035 0.083    0.045   -125401    0 
231400:    1.00    8.324    0.037 0.070    0.039   -125435    0 
231500:    1.00    8.367    0.044 0.063    0.042   -125467    0 
231600:    1.00    8.655    0.043 0.062    0.051   -125403    0 
231700:    1.00    8.596    0.036 0.050    0.041   -125489    0 
231800:    1.00    8.477    0.037 0.048    0.039   -125515    0 
231900:    1.00    8.240    0.034 0.043    0.035   -125493    0 

--------------------------------------------
Proportion of membership of each pre-defined
 population in each of the 2 clusters

Given    Inferred Clusters       Number of
 Pop       1      2             Individuals

  1:     0.497  0.503             358
  2:     0.494  0.506             1039
  3:     0.495  0.505             603
--------------------------------------------

  Rep#:   Lambda   Alpha      F1    F2     D1,2    Ln Like  Est Ln P(D)
232000:    1.00    8.207    0.029 0.057    0.028   -125559    0 
232100:    1.00    8.263    0.035 0.054    0.022   -125574    0 
232200:    1.00    8.138    0.035 0.044    0.025   -125525    0 
232300:    1.00    8.179    0.044 0.039    0.027   -125580    0 
232400:    1.00    8.410    0.040 0.050    0.043   -125497    0 
232500:    1.00    8.040    0.040 0.047    0.030   -125515    0 
232600:    1.00    7.905    0.042 0.040    0.037   -125482    0 
232700:    1.00    8.317    0.045 0.041    0.027   -125531    0 
232800:    1.00    8.300    0.039 0.041    0.031   -125492    0 
232900:    1.00    8.698    0.040 0.047    0.041   -125467    0 

--------------------------------------------
Proportion of membership of each pre-defined
 population in each of the 2 clusters

Given    Inferred Clusters       Number of
 Pop       1      2             Individuals

  1:     0.501  0.499             358
  2:     0.502  0.498             1039
  3:     0.494  0.506             603
--------------------------------------------

  Rep#:   Lambda   Alpha      F1    F2     D1,2    Ln Like  Est Ln P(D)
233000:    1.00    8.504    0.041 0.030    0.036   -125457    0 
233100:    1.00    8.916    0.041 0.046    0.034   -125472    0 
233200:    1.00    9.396    0.050 0.072    0.051   -125419    0 
233300:    1.00    9.652    0.049 0.062    0.053   -125402    0 
233400:    1.00    9.637    0.042 0.090    0.049   -125389    0 
233500:    1.00    9.751    0.043 0.087    0.053   -125401    0 
233600:    1.00    9.700    0.056 0.067    0.066   -125412    0 
233700:    1.00    9.558    0.046 0.072    0.053   -125405    0 
233800:    1.00    9.276    0.047 0.058    0.052   -125325    0 
233900:    1.00    9.335    0.046 0.075    0.046   -125482    0 

--------------------------------------------
Proportion of membership of each pre-defined
 population in each of the 2 clusters

Given    Inferred Clusters       Number of
 Pop       1      2             Individuals

  1:     0.498  0.502             358
  2:     0.496  0.504             1039
  3:     0.496  0.504             603
--------------------------------------------

  Rep#:   Lambda   Alpha      F1    F2     D1,2    Ln Like  Est Ln P(D)
234000:    1.00    9.615    0.038 0.086    0.047   -125393    0 
234100:    1.00    9.742    0.036 0.099    0.058   -125400    0 
234200:    1.00    9.775    0.043 0.097    0.059   -125391    0 
234300:    1.00    9.735    0.062 0.088    0.069   -125365    0 
234400:    1.00    9.619    0.071 0.081    0.063   -125343    0 
234500:    1.00    9.962    0.068 0.080    0.064   -125407    0 
234600:    1.00    9.898    0.053 0.079    0.054   -125385    0 
234700:    1.00    9.624    0.053 0.085    0.051   -125398    0 
234800:    1.00    9.777    0.052 0.062    0.049   -125376    0 
234900:    1.00    9.921    0.045 0.081    0.056   -125383    0 

--------------------------------------------
Proportion of membership of each pre-defined
 population in each of the 2 clusters

Given    Inferred Clusters       Number of
 Pop       1      2             Individuals

  1:     0.504  0.496             358
  2:     0.505  0.495             1039
  3:     0.499  0.501             603
--------------------------------------------

  Rep#:   Lambda   Alpha      F1    F2     D1,2    Ln Like  Est Ln P(D)
235000:    1.00    9.890    0.081 0.057    0.062   -125432    0 
235100:    1.00    9.483    0.072 0.064    0.051   -125421    0 
235200:    1.00    9.719    0.056 0.059    0.054   -125419    0 
235300:    1.00    9.675    0.043 0.079    0.065   -125313    0 
235400:    1.00    9.591    0.047 0.071    0.072   -125340    0 
235500:    1.00    9.306    0.037 0.070    0.055   -125423    0 
235600:    1.00    9.480    0.038 0.089    0.057   -125402    0 
235700:    1.00    9.611    0.042 0.082    0.064   -125380    0 
235800:    1.00    9.792    0.050 0.072    0.066   -125409    0 
235900:    1.00    9.496    0.050 0.081    0.062   -125405    0 

--------------------------------------------
Proportion of membership of each pre-defined
 population in each of the 2 clusters

Given    Inferred Clusters       Number of
 Pop       1      2             Individuals

  1:     0.500  0.500             358
  2:     0.497  0.503             1039
  3:     0.495  0.505             603
--------------------------------------------

  Rep#:   Lambda   Alpha      F1    F2     D1,2    Ln Like  Est Ln P(D)
236000:    1.00    9.478    0.045 0.052    0.053   -125406    0 
236100:    1.00    9.199    0.046 0.068    0.052   -125408    0 
236200:    1.00    9.030    0.059 0.056    0.060   -125436    0 
236300:    1.00    8.991    0.071 0.054    0.041   -125423    0 
236400:    1.00    9.410    0.048 0.048    0.034   -125518    0 
236500:    1.00    9.387    0.047 0.049    0.037   -125503    0 
236600:    1.00    9.365    0.033 0.068    0.046   -125430    0 
236700:    1.00    9.368    0.032 0.088    0.042   -125496    0 
236800:    1.00    9.375    0.030 0.071    0.048   -125485    0 
236900:    1.00    9.682    0.028 0.063    0.040   -125521    0 

--------------------------------------------
Proportion of membership of each pre-defined
 population in each of the 2 clusters

Given    Inferred Clusters       Number of
 Pop       1      2             Individuals

  1:     0.500  0.500             358
  2:     0.494  0.506             1039
  3:     0.500  0.500             603
--------------------------------------------

  Rep#:   Lambda   Alpha      F1    F2     D1,2    Ln Like  Est Ln P(D)
237000:    1.00    9.847    0.025 0.066    0.042   -125491    0 
237100:    1.00    9.621    0.036 0.072    0.046   -125420    0 
237200:    1.00    9.784    0.035 0.093    0.056   -125421    0 
237300:    1.00    9.382    0.034 0.091    0.046   -125425    0 
237400:    1.00    9.394    0.036 0.072    0.053   -125373    0 
237500:    1.00    9.536    0.041 0.099    0.051   -125404    0 
237600:    1.00    9.659    0.039 0.094    0.049   -125400    0 
237700:    1.00    9.422    0.033 0.087    0.040   -125415    0 
237800:    1.00    9.726    0.033 0.106    0.047   -125461    0 
237900:    1.00    9.663    0.031 0.078    0.052   -125395    0 

--------------------------------------------
Proportion of membership of each pre-defined
 population in each of the 2 clusters

Given    Inferred Clusters       Number of
 Pop       1      2             Individuals

  1:     0.498  0.502             358
  2:     0.509  0.491             1039
  3:     0.500  0.500             603
--------------------------------------------

  Rep#:   Lambda   Alpha      F1    F2     D1,2    Ln Like  Est Ln P(D)
238000:    1.00    9.603    0.037 0.100    0.049   -125412    0 
238100:    1.00    9.223    0.027 0.071    0.051   -125415    0 
238200:    1.00    8.957    0.040 0.093    0.055   -125370    0 
238300:    1.00    9.281    0.029 0.088    0.058   -125402    0 
238400:    1.00    9.165    0.025 0.084    0.051   -125450    0 
238500:    1.00    8.844    0.026 0.088    0.044   -125389    0 
238600:    1.00    9.124    0.026 0.097    0.045   -125450    0 
238700:    1.00    9.273    0.024 0.108    0.052   -125446    0 
238800:    1.00    9.830    0.028 0.089    0.057   -125391    0 
238900:    1.00    9.866    0.031 0.096    0.056   -125416    0 

--------------------------------------------
Proportion of membership of each pre-defined
 population in each of the 2 clusters

Given    Inferred Clusters       Number of
 Pop       1      2             Individuals

  1:     0.497  0.503             358
  2:     0.503  0.497             1039
  3:     0.495  0.505             603
--------------------------------------------

  Rep#:   Lambda   Alpha      F1    F2     D1,2    Ln Like  Est Ln P(D)
239000:    1.00    10.000    0.028 0.089    0.064   -125443    0 
239100:    1.00    9.967    0.032 0.082    0.053   -125423    0 
239200:    1.00    9.866    0.038 0.114    0.068   -125330    0 
239300:    1.00    9.585    0.044 0.080    0.064   -125366    0 
239400:    1.00    9.673    0.044 0.076    0.058   -125375    0 
239500:    1.00    9.209    0.035 0.113    0.058   -125365    0 
239600:    1.00    9.080    0.041 0.102    0.061   -125407    0 
239700:    1.00    8.761    0.041 0.084    0.055   -125442    0 
239800:    1.00    8.980    0.044 0.099    0.058   -125401    0 
239900:    1.00    9.401    0.052 0.101    0.066   -125343    0 

--------------------------------------------
Proportion of membership of each pre-defined
 population in each of the 2 clusters

Given    Inferred Clusters       Number of
 Pop       1      2             Individuals

  1:     0.504  0.496             358
  2:     0.504  0.496             1039
  3:     0.503  0.497             603
--------------------------------------------

  Rep#:   Lambda   Alpha      F1    F2     D1,2    Ln Like  Est Ln P(D)
240000:    1.00    9.636    0.067 0.080    0.060   -125374    0 
240100:    1.00    8.981    0.076 0.068    0.049   -125381    0 
240200:    1.00    8.735    0.060 0.062    0.045   -125433    0 
240300:    1.00    8.904    0.061 0.063    0.055   -125373    0 
240400:    1.00    8.771    0.070 0.050    0.053   -125333    0 
240500:    1.00    9.246    0.085 0.069    0.054   -125384    0 
240600:    1.00    9.394    0.088 0.073    0.066   -125348    0 
240700:    1.00    9.165    0.070 0.066    0.067   -125332    0 
240800:    1.00    9.253    0.073 0.068    0.054   -125359    0 
240900:    1.00    9.498    0.060 0.067    0.067   -125319    0 

--------------------------------------------
Proportion of membership of each pre-defined
 population in each of the 2 clusters

Given    Inferred Clusters       Number of
 Pop       1      2             Individuals

  1:     0.504  0.496             358
  2:     0.492  0.508             1039
  3:     0.496  0.504             603
--------------------------------------------

  Rep#:   Lambda   Alpha      F1    F2     D1,2    Ln Like  Est Ln P(D)
241000:    1.00    9.614    0.062 0.089    0.068   -125360    0 
241100:    1.00    9.369    0.065 0.067    0.062   -125318    0 
241200:    1.00    8.893    0.054 0.062    0.045   -125384    0 
241300:    1.00    8.901    0.044 0.104    0.057   -125362    0 
241400:    1.00    9.209    0.048 0.072    0.050   -125437    0 
241500:    1.00    9.267    0.042 0.072    0.034   -125462    0 
241600:    1.00    9.266    0.039 0.073    0.046   -125462    0 
241700:    1.00    9.285    0.039 0.076    0.051   -125456    0 
241800:    1.00    9.087    0.034 0.079    0.056   -125437    0 
241900:    1.00    9.006    0.038 0.064    0.061   -125375    0 

--------------------------------------------
Proportion of membership of each pre-defined
 population in each of the 2 clusters

Given    Inferred Clusters       Number of
 Pop       1      2             Individuals

  1:     0.502  0.498             358
  2:     0.500  0.500             1039
  3:     0.504  0.496             603
--------------------------------------------

  Rep#:   Lambda   Alpha      F1    F2     D1,2    Ln Like  Est Ln P(D)
242000:    1.00    9.079    0.038 0.068    0.054   -125420    0 
242100:    1.00    9.046    0.042 0.058    0.042   -125469    0 
242200:    1.00    9.113    0.034 0.061    0.035   -125506    0 
242300:    1.00    8.935    0.022 0.062    0.038   -125448    0 
242400:    1.00    9.310    0.025 0.064    0.034   -125481    0 
242500:    1.00    8.776    0.027 0.085    0.043   -125471    0 
242600:    1.00    8.657    0.028 0.094    0.056   -125366    0 
242700:    1.00    8.360    0.024 0.082    0.048   -125405    0 
242800:    1.00    8.275    0.026 0.094    0.056   -125419    0 
242900:    1.00    8.400    0.032 0.079    0.045   -125351    0 

--------------------------------------------
Proportion of membership of each pre-defined
 population in each of the 2 clusters

Given    Inferred Clusters       Number of
 Pop       1      2             Individuals

  1:     0.507  0.493             358
  2:     0.500  0.500             1039
  3:     0.494  0.506             603
--------------------------------------------

  Rep#:   Lambda   Alpha      F1    F2     D1,2    Ln Like  Est Ln P(D)
243000:    1.00    8.354    0.035 0.082    0.041   -125410    0 
243100:    1.00    8.151    0.039 0.072    0.047   -125378    0 
243200:    1.00    8.060    0.038 0.082    0.061   -125362    0 
243300:    1.00    7.918    0.034 0.076    0.047   -125399    0 
243400:    1.00    8.103    0.036 0.090    0.041   -125467    0 
243500:    1.00    8.301    0.035 0.077    0.042   -125417    0 
243600:    1.00    8.494    0.023 0.080    0.047   -125442    0 
243700:    1.00    8.514    0.044 0.063    0.041   -125411    0 
243800:    1.00    8.321    0.034 0.068    0.042   -125395    0 
243900:    1.00    8.448    0.041 0.059    0.042   -125401    0 

--------------------------------------------
Proportion of membership of each pre-defined
 population in each of the 2 clusters

Given    Inferred Clusters       Number of
 Pop       1      2             Individuals

  1:     0.488  0.512             358
  2:     0.497  0.503             1039
  3:     0.507  0.493             603
--------------------------------------------

  Rep#:   Lambda   Alpha      F1    F2     D1,2    Ln Like  Est Ln P(D)
244000:    1.00    8.259    0.039 0.066    0.042   -125427    0 
244100:    1.00    8.257    0.037 0.072    0.044   -125367    0 
244200:    1.00    7.837    0.038 0.081    0.054   -125394    0 
244300:    1.00    7.812    0.042 0.070    0.049   -125387    0 
244400:    1.00    7.844    0.044 0.078    0.053   -125365    0 
244500:    1.00    7.530    0.035 0.082    0.051   -125361    0 
244600:    1.00    7.408    0.041 0.077    0.038   -125411    0 
244700:    1.00    7.471    0.034 0.098    0.048   -125344    0 
244800:    1.00    7.787    0.052 0.082    0.052   -125329    0 
244900:    1.00    7.493    0.046 0.061    0.042   -125400    0 

--------------------------------------------
Proportion of membership of each pre-defined
 population in each of the 2 clusters

Given    Inferred Clusters       Number of
 Pop       1      2             Individuals

  1:     0.500  0.500             358
  2:     0.502  0.498             1039
  3:     0.499  0.501             603
--------------------------------------------

  Rep#:   Lambda   Alpha      F1    F2     D1,2    Ln Like  Est Ln P(D)
245000:    1.00    7.604    0.051 0.060    0.038   -125414    0 
245100:    1.00    7.607    0.046 0.073    0.053   -125380    0 
245200:    1.00    8.000    0.037 0.083    0.054   -125379    0 
245300:    1.00    8.174    0.049 0.094    0.045   -125369    0 
245400:    1.00    8.357    0.035 0.090    0.054   -125390    0 
245500:    1.00    8.736    0.042 0.085    0.051   -125353    0 
245600:    1.00    8.825    0.041 0.084    0.049   -125347    0 
245700:    1.00    8.824    0.045 0.088    0.051   -125363    0 
245800:    1.00    8.759    0.046 0.087    0.044   -125408    0 
245900:    1.00    8.830    0.053 0.061    0.045   -125416    0 

--------------------------------------------
Proportion of membership of each pre-defined
 population in each of the 2 clusters

Given    Inferred Clusters       Number of
 Pop       1      2             Individuals

  1:     0.509  0.491             358
  2:     0.511  0.489             1039
  3:     0.495  0.505             603
--------------------------------------------

  Rep#:   Lambda   Alpha      F1    F2     D1,2    Ln Like  Est Ln P(D)
246000:    1.00    8.325    0.038 0.066    0.038   -125416    0 
246100:    1.00    8.651    0.034 0.080    0.045   -125439    0 
246200:    1.00    8.280    0.034 0.084    0.053   -125360    0 
246300:    1.00    8.287    0.031 0.082    0.058   -125375    0 
246400:    1.00    8.185    0.035 0.086    0.063   -125341    0 
246500:    1.00    8.231    0.036 0.065    0.042   -125443    0 
246600:    1.00    8.366    0.033 0.088    0.051   -125356    0 
246700:    1.00    8.218    0.029 0.075    0.054   -125370    0 
246800:    1.00    8.289    0.031 0.095    0.044   -125390    0 
246900:    1.00    8.254    0.037 0.081    0.044   -125424    0 

--------------------------------------------
Proportion of membership of each pre-defined
 population in each of the 2 clusters

Given    Inferred Clusters       Number of
 Pop       1      2             Individuals

  1:     0.500  0.500             358
  2:     0.494  0.506             1039
  3:     0.492  0.508             603
--------------------------------------------

  Rep#:   Lambda   Alpha      F1    F2     D1,2    Ln Like  Est Ln P(D)
247000:    1.00    8.412    0.033 0.066    0.033   -125465    0 
247100:    1.00    8.397    0.039 0.081    0.043   -125407    0 
247200:    1.00    7.933    0.029 0.073    0.038   -125431    0 
247300:    1.00    7.967    0.039 0.061    0.041   -125440    0 
247400:    1.00    7.971    0.052 0.064    0.049   -125418    0 
247500:    1.00    7.984    0.041 0.076    0.042   -125468    0 
247600:    1.00    7.832    0.047 0.071    0.048   -125401    0 
247700:    1.00    8.019    0.034 0.071    0.040   -125410    0 
247800:    1.00    7.921    0.035 0.053    0.051   -125392    0 
247900:    1.00    7.587    0.041 0.067    0.046   -125395    0 

--------------------------------------------
Proportion of membership of each pre-defined
 population in each of the 2 clusters

Given    Inferred Clusters       Number of
 Pop       1      2             Individuals

  1:     0.502  0.498             358
  2:     0.503  0.497             1039
  3:     0.501  0.499             603
--------------------------------------------

  Rep#:   Lambda   Alpha      F1    F2     D1,2    Ln Like  Est Ln P(D)
248000:    1.00    7.479    0.037 0.073    0.050   -125353    0 
248100:    1.00    7.564    0.039 0.063    0.047   -125401    0 
248200:    1.00    7.388    0.032 0.070    0.042   -125441    0 
248300:    1.00    7.936    0.026 0.071    0.042   -125442    0 
248400:    1.00    8.000    0.030 0.061    0.044   -125423    0 
248500:    1.00    8.614    0.051 0.074    0.061   -125352    0 
248600:    1.00    8.438    0.065 0.055    0.044   -125384    0 
248700:    1.00    8.695    0.040 0.052    0.043   -125404    0 
248800:    1.00    8.778    0.046 0.056    0.048   -125449    0 
248900:    1.00    8.418    0.058 0.066    0.042   -125362    0 

--------------------------------------------
Proportion of membership of each pre-defined
 population in each of the 2 clusters

Given    Inferred Clusters       Number of
 Pop       1      2             Individuals

  1:     0.515  0.485             358
  2:     0.499  0.501             1039
  3:     0.501  0.499             603
--------------------------------------------

  Rep#:   Lambda   Alpha      F1    F2     D1,2    Ln Like  Est Ln P(D)
249000:    1.00    8.902    0.069 0.063    0.062   -125380    0 
249100:    1.00    9.082    0.058 0.057    0.054   -125377    0 
249200:    1.00    9.330    0.051 0.062    0.055   -125390    0 
249300:    1.00    9.003    0.039 0.068    0.050   -125370    0 
249400:    1.00    9.286    0.044 0.061    0.060   -125344    0 
249500:    1.00    9.309    0.042 0.066    0.052   -125336    0 
249600:    1.00    9.434    0.044 0.067    0.048   -125416    0 
249700:    1.00    9.440    0.037 0.058    0.045   -125467    0 
249800:    1.00    9.759    0.064 0.057    0.061   -125354    0 
249900:    1.00    9.788    0.067 0.064    0.073   -125368    0 

--------------------------------------------
Proportion of membership of each pre-defined
 population in each of the 2 clusters

Given    Inferred Clusters       Number of
 Pop       1      2             Individuals

  1:     0.511  0.489             358
  2:     0.501  0.499             1039
  3:     0.497  0.503             603
--------------------------------------------

  Rep#:   Lambda   Alpha      F1    F2     D1,2    Ln Like  Est Ln P(D)
250000:    1.00    9.885    0.069 0.052    0.061   -125375    0 
250100:    1.00    9.601    0.072 0.038    0.062   -125364    0 
250200:    1.00    9.477    0.066 0.039    0.051   -125461    0 
250300:    1.00    9.719    0.070 0.051    0.056   -125403    0 
250400:    1.00    9.637    0.058 0.042    0.047   -125376    0 
250500:    1.00    9.082    0.052 0.066    0.042   -125426    0 
250600:    1.00    8.983    0.053 0.066    0.042   -125457    0 
250700:    1.00    9.419    0.038 0.081    0.046   -125400    0 
250800:    1.00    9.071    0.039 0.069    0.040   -125445    0 
250900:    1.00    9.053    0.051 0.063    0.046   -125379    0 

--------------------------------------------
Proportion of membership of each pre-defined
 population in each of the 2 clusters

Given    Inferred Clusters       Number of
 Pop       1      2             Individuals

  1:     0.506  0.494             358
  2:     0.500  0.500             1039
  3:     0.507  0.493             603
--------------------------------------------

  Rep#:   Lambda   Alpha      F1    F2     D1,2    Ln Like  Est Ln P(D)
251000:    1.00    9.171    0.032 0.068    0.041   -125457    0 
251100:    1.00    9.364    0.044 0.074    0.058   -125440    0 
251200:    1.00    9.658    0.038 0.055    0.041   -125445    0 
251300:    1.00    9.689    0.030 0.093    0.051   -125397    0 
251400:    1.00    9.860    0.028 0.102    0.053   -125394    0 
251500:    1.00    9.934    0.026 0.094    0.039   -125435    0 
251600:    1.00    9.661    0.025 0.122    0.058   -125362    0 
251700:    1.00    9.636    0.026 0.078    0.045   -125470    0 
251800:    1.00    9.700    0.028 0.095    0.047   -125476    0 
251900:    1.00    9.973    0.029 0.110    0.057   -125422    0 

--------------------------------------------
Proportion of membership of each pre-defined
 population in each of the 2 clusters

Given    Inferred Clusters       Number of
 Pop       1      2             Individuals

  1:     0.496  0.504             358
  2:     0.498  0.502             1039
  3:     0.499  0.501             603
--------------------------------------------

  Rep#:   Lambda   Alpha      F1    F2     D1,2    Ln Like  Est Ln P(D)
252000:    1.00    9.894    0.031 0.108    0.059   -125431    0 
252100:    1.00    9.800    0.032 0.083    0.056   -125420    0 
252200:    1.00    9.740    0.047 0.102    0.056   -125400    0 
252300:    1.00    9.629    0.037 0.086    0.043   -125490    0 
252400:    1.00    9.585    0.025 0.085    0.050   -125448    0 
252500:    1.00    9.269    0.027 0.098    0.048   -125452    0 
252600:    1.00    9.264    0.031 0.077    0.046   -125450    0 
252700:    1.00    8.895    0.041 0.077    0.046   -125376    0 
252800:    1.00    8.565    0.042 0.069    0.048   -125435    0 
252900:    1.00    8.413    0.048 0.056    0.050   -125429    0 

--------------------------------------------
Proportion of membership of each pre-defined
 population in each of the 2 clusters

Given    Inferred Clusters       Number of
 Pop       1      2             Individuals

  1:     0.494  0.506             358
  2:     0.498  0.502             1039
  3:     0.503  0.497             603
--------------------------------------------

  Rep#:   Lambda   Alpha      F1    F2     D1,2    Ln Like  Est Ln P(D)
253000:    1.00    8.151    0.050 0.059    0.039   -125454    0 
253100:    1.00    7.855    0.065 0.047    0.058   -125387    0 
253200:    1.00    8.316    0.065 0.054    0.049   -125378    0 
253300:    1.00    8.184    0.081 0.058    0.049   -125393    0 
253400:    1.00    8.732    0.078 0.064    0.052   -125343    0 
253500:    1.00    8.556    0.069 0.052    0.048   -125388    0 
253600:    1.00    8.771    0.073 0.055    0.055   -125372    0 
253700:    1.00    8.717    0.068 0.052    0.042   -125395    0 
253800:    1.00    8.561    0.059 0.047    0.040   -125448    0 
253900:    1.00    8.354    0.055 0.055    0.053   -125369    0 

--------------------------------------------
Proportion of membership of each pre-defined
 population in each of the 2 clusters

Given    Inferred Clusters       Number of
 Pop       1      2             Individuals

  1:     0.510  0.490             358
  2:     0.503  0.497             1039
  3:     0.499  0.501             603
--------------------------------------------

  Rep#:   Lambda   Alpha      F1    F2     D1,2    Ln Like  Est Ln P(D)
254000:    1.00    8.458    0.048 0.051    0.039   -125432    0 
254100:    1.00    8.349    0.046 0.051    0.043   -125425    0 
254200:    1.00    8.432    0.044 0.058    0.044   -125432    0 
254300:    1.00    8.221    0.040 0.073    0.052   -125343    0 
254400:    1.00    7.884    0.043 0.082    0.057   -125366    0 
254500:    1.00    7.737    0.037 0.082    0.049   -125337    0 
254600:    1.00    7.574    0.041 0.071    0.035   -125370    0 
254700:    1.00    7.569    0.039 0.077    0.036   -125379    0 
254800:    1.00    7.427    0.039 0.068    0.045   -125369    0 
254900:    1.00    7.495    0.033 0.096    0.041   -125353    0 

--------------------------------------------
Proportion of membership of each pre-defined
 population in each of the 2 clusters

Given    Inferred Clusters       Number of
 Pop       1      2             Individuals

  1:     0.501  0.499             358
  2:     0.505  0.495             1039
  3:     0.505  0.495             603
--------------------------------------------

  Rep#:   Lambda   Alpha      F1    F2     D1,2    Ln Like  Est Ln P(D)
255000:    1.00    7.512    0.035 0.099    0.047   -125351    0 
255100:    1.00    8.003    0.027 0.112    0.058   -125379    0 
255200:    1.00    7.970    0.039 0.115    0.052   -125377    0 
255300:    1.00    7.842    0.033 0.109    0.061   -125343    0 
255400:    1.00    8.014    0.034 0.108    0.053   -125308    0 
255500:    1.00    7.787    0.038 0.077    0.054   -125355    0 
255600:    1.00    7.897    0.031 0.072    0.042   -125426    0 
255700:    1.00    7.785    0.042 0.087    0.043   -125431    0 
255800:    1.00    8.291    0.034 0.074    0.049   -125464    0 
255900:    1.00    8.600    0.042 0.100    0.048   -125448    0 

--------------------------------------------
Proportion of membership of each pre-defined
 population in each of the 2 clusters

Given    Inferred Clusters       Number of
 Pop       1      2             Individuals

  1:     0.508  0.492             358
  2:     0.496  0.504             1039
  3:     0.502  0.498             603
--------------------------------------------

  Rep#:   Lambda   Alpha      F1    F2     D1,2    Ln Like  Est Ln P(D)
256000:    1.00    8.698    0.035 0.082    0.041   -125439    0 
256100:    1.00    8.584    0.024 0.083    0.051   -125421    0 
256200:    1.00    8.768    0.026 0.075    0.048   -125395    0 
256300:    1.00    8.535    0.029 0.084    0.050   -125351    0 
256400:    1.00    8.239    0.045 0.085    0.047   -125369    0 
256500:    1.00    7.952    0.044 0.066    0.041   -125397    0 
256600:    1.00    7.877    0.065 0.071    0.050   -125326    0 
256700:    1.00    7.769    0.052 0.065    0.048   -125373    0 
256800:    1.00    7.735    0.053 0.055    0.047   -125438    0 
256900:    1.00    8.004    0.073 0.053    0.053   -125342    0 

--------------------------------------------
Proportion of membership of each pre-defined
 population in each of the 2 clusters

Given    Inferred Clusters       Number of
 Pop       1      2             Individuals

  1:     0.500  0.500             358
  2:     0.501  0.499             1039
  3:     0.506  0.494             603
--------------------------------------------

  Rep#:   Lambda   Alpha      F1    F2     D1,2    Ln Like  Est Ln P(D)
257000:    1.00    8.344    0.067 0.051    0.056   -125340    0 
257100:    1.00    8.396    0.073 0.061    0.054   -125368    0 
257200:    1.00    8.761    0.057 0.068    0.051   -125375    0 
257300:    1.00    8.427    0.034 0.084    0.047   -125397    0 
257400:    1.00    8.516    0.043 0.090    0.060   -125356    0 
257500:    1.00    8.372    0.046 0.087    0.050   -125387    0 
257600:    1.00    8.154    0.044 0.074    0.039   -125403    0 
257700:    1.00    8.480    0.046 0.062    0.049   -125355    0 
257800:    1.00    8.566    0.044 0.078    0.046   -125441    0 
257900:    1.00    8.876    0.032 0.076    0.038   -125433    0 

--------------------------------------------
Proportion of membership of each pre-defined
 population in each of the 2 clusters

Given    Inferred Clusters       Number of
 Pop       1      2             Individuals

  1:     0.502  0.498             358
  2:     0.498  0.502             1039
  3:     0.506  0.494             603
--------------------------------------------

  Rep#:   Lambda   Alpha      F1    F2     D1,2    Ln Like  Est Ln P(D)
258000:    1.00    8.633    0.037 0.089    0.054   -125371    0 
258100:    1.00    9.056    0.030 0.079    0.058   -125398    0 
258200:    1.00    8.649    0.046 0.083    0.052   -125372    0 
258300:    1.00    8.602    0.048 0.103    0.053   -125335    0 
258400:    1.00    8.229    0.045 0.079    0.042   -125373    0 
258500:    1.00    8.086    0.037 0.071    0.051   -125363    0 
258600:    1.00    8.106    0.031 0.073    0.048   -125375    0 
258700:    1.00    8.017    0.037 0.098    0.049   -125388    0 
258800:    1.00    7.971    0.039 0.084    0.051   -125360    0 
258900:    1.00    7.644    0.038 0.080    0.056   -125298    0 

--------------------------------------------
Proportion of membership of each pre-defined
 population in each of the 2 clusters

Given    Inferred Clusters       Number of
 Pop       1      2             Individuals

  1:     0.496  0.504             358
  2:     0.497  0.503             1039
  3:     0.494  0.506             603
--------------------------------------------

  Rep#:   Lambda   Alpha      F1    F2     D1,2    Ln Like  Est Ln P(D)
259000:    1.00    7.584    0.038 0.101    0.065   -125339    0 
259100:    1.00    7.835    0.039 0.086    0.058   -125327    0 
259200:    1.00    7.880    0.045 0.129    0.063   -125331    0 
259300:    1.00    7.644    0.044 0.080    0.053   -125322    0 
259400:    1.00    8.309    0.046 0.112    0.055   -125350    0 
259500:    1.00    8.378    0.037 0.091    0.051   -125380    0 
259600:    1.00    8.550    0.038 0.095    0.048   -125400    0 
259700:    1.00    8.420    0.042 0.075    0.050   -125374    0 
259800:    1.00    8.412    0.053 0.082    0.056   -125375    0 
259900:    1.00    8.476    0.036 0.102    0.053   -125379    0 

--------------------------------------------
Proportion of membership of each pre-defined
 population in each of the 2 clusters

Given    Inferred Clusters       Number of
 Pop       1      2             Individuals

  1:     0.503  0.497             358
  2:     0.501  0.499             1039
  3:     0.499  0.501             603
--------------------------------------------

  Rep#:   Lambda   Alpha      F1    F2     D1,2    Ln Like  Est Ln P(D)
260000:    1.00    8.540    0.030 0.099    0.052   -125391    0 
260100:    1.00    8.406    0.031 0.092    0.055   -125344    0 
260200:    1.00    8.453    0.032 0.108    0.054   -125333    0 
260300:    1.00    8.698    0.033 0.103    0.049   -125372    0 
260400:    1.00    8.786    0.037 0.081    0.048   -125445    0 
260500:    1.00    9.147    0.032 0.105    0.048   -125392    0 
260600:    1.00    9.475    0.025 0.071    0.046   -125411    0 
260700:    1.00    9.453    0.037 0.084    0.056   -125394    0 
260800:    1.00    9.661    0.042 0.116    0.056   -125403    0 
260900:    1.00    9.771    0.038 0.101    0.057   -125375    0 

--------------------------------------------
Proportion of membership of each pre-defined
 population in each of the 2 clusters

Given    Inferred Clusters       Number of
 Pop       1      2             Individuals

  1:     0.494  0.506             358
  2:     0.496  0.504             1039
  3:     0.503  0.497             603
--------------------------------------------

  Rep#:   Lambda   Alpha      F1    F2     D1,2    Ln Like  Est Ln P(D)
261000:    1.00    9.999    0.038 0.098    0.050   -125408    0 
261100:    1.00    9.774    0.034 0.062    0.043   -125462    0 
261200:    1.00    9.887    0.028 0.086    0.047   -125408    0 
261300:    1.00    9.640    0.030 0.069    0.039   -125494    0 
261400:    1.00    9.692    0.025 0.073    0.045   -125480    0 
261500:    1.00    9.777    0.024 0.130    0.052   -125400    0 
261600:    1.00    9.978    0.033 0.121    0.059   -125389    0 
261700:    1.00    9.884    0.027 0.113    0.054   -125358    0 
261800:    1.00    9.728    0.023 0.103    0.051   -125422    0 
261900:    1.00    9.611    0.029 0.116    0.055   -125331    0 

--------------------------------------------
Proportion of membership of each pre-defined
 population in each of the 2 clusters

Given    Inferred Clusters       Number of
 Pop       1      2             Individuals

  1:     0.500  0.500             358
  2:     0.498  0.502             1039
  3:     0.496  0.504             603
--------------------------------------------

  Rep#:   Lambda   Alpha      F1    F2     D1,2    Ln Like  Est Ln P(D)
262000:    1.00    9.576    0.027 0.085    0.048   -125434    0 
262100:    1.00    9.658    0.029 0.095    0.047   -125447    0 
262200:    1.00    9.600    0.021 0.075    0.049   -125438    0 
262300:    1.00    9.837    0.025 0.094    0.054   -125408    0 
262400:    1.00    9.618    0.026 0.090    0.055   -125416    0 
262500:    1.00    9.685    0.029 0.135    0.064   -125409    0 
262600:    1.00    9.844    0.038 0.107    0.062   -125383    0 
262700:    1.00    9.971    0.034 0.105    0.061   -125446    0 
262800:    1.00    9.905    0.034 0.115    0.060   -125352    0 
262900:    1.00    9.823    0.033 0.143    0.060   -125343    0 

--------------------------------------------
Proportion of membership of each pre-defined
 population in each of the 2 clusters

Given    Inferred Clusters       Number of
 Pop       1      2             Individuals

  1:     0.497  0.503             358
  2:     0.502  0.498             1039
  3:     0.497  0.503             603
--------------------------------------------

  Rep#:   Lambda   Alpha      F1    F2     D1,2    Ln Like  Est Ln P(D)
263000:    1.00    9.710    0.036 0.102    0.069   -125357    0 
263100:    1.00    9.425    0.038 0.082    0.060   -125400    0 
263200:    1.00    9.729    0.036 0.119    0.059   -125340    0 
263300:    1.00    9.869    0.030 0.096    0.048   -125418    0 
263400:    1.00    9.927    0.045 0.081    0.053   -125449    0 
263500:    1.00    9.923    0.032 0.061    0.042   -125436    0 
263600:    1.00    9.930    0.034 0.073    0.041   -125493    0 
263700:    1.00    9.729    0.026 0.074    0.053   -125432    0 
263800:    1.00    9.500    0.023 0.073    0.041   -125524    0 
263900:    1.00    9.250    0.022 0.094    0.043   -125413    0 

--------------------------------------------
Proportion of membership of each pre-defined
 population in each of the 2 clusters

Given    Inferred Clusters       Number of
 Pop       1      2             Individuals

  1:     0.501  0.499             358
  2:     0.498  0.502             1039
  3:     0.502  0.498             603
--------------------------------------------

  Rep#:   Lambda   Alpha      F1    F2     D1,2    Ln Like  Est Ln P(D)
264000:    1.00    8.930    0.033 0.088    0.046   -125378    0 
264100:    1.00    9.038    0.031 0.080    0.047   -125455    0 
264200:    1.00    9.100    0.032 0.084    0.040   -125410    0 
264300:    1.00    8.955    0.035 0.087    0.036   -125439    0 
264400:    1.00    8.761    0.035 0.106    0.060   -125384    0 
264500:    1.00    8.711    0.040 0.090    0.057   -125357    0 
264600:    1.00    8.846    0.044 0.095    0.073   -125362    0 
264700:    1.00    8.905    0.047 0.093    0.046   -125473    0 
264800:    1.00    9.250    0.048 0.073    0.046   -125495    0 
264900:    1.00    8.789    0.048 0.098    0.053   -125375    0 

--------------------------------------------
Proportion of membership of each pre-defined
 population in each of the 2 clusters

Given    Inferred Clusters       Number of
 Pop       1      2             Individuals

  1:     0.508  0.492             358
  2:     0.494  0.506             1039
  3:     0.502  0.498             603
--------------------------------------------

  Rep#:   Lambda   Alpha      F1    F2     D1,2    Ln Like  Est Ln P(D)
265000:    1.00    8.792    0.036 0.076    0.057   -125334    0 
265100:    1.00    8.753    0.041 0.085    0.056   -125385    0 
265200:    1.00    8.713    0.055 0.062    0.060   -125327    0 
265300:    1.00    9.064    0.038 0.087    0.067   -125353    0 
265400:    1.00    9.322    0.042 0.094    0.065   -125385    0 
265500:    1.00    9.644    0.045 0.064    0.049   -125433    0 
265600:    1.00    9.409    0.046 0.079    0.056   -125449    0 
265700:    1.00    9.240    0.036 0.086    0.052   -125468    0 
265800:    1.00    9.063    0.040 0.068    0.062   -125365    0 
265900:    1.00    9.064    0.036 0.080    0.048   -125441    0 

--------------------------------------------
Proportion of membership of each pre-defined
 population in each of the 2 clusters

Given    Inferred Clusters       Number of
 Pop       1      2             Individuals

  1:     0.505  0.495             358
  2:     0.504  0.496             1039
  3:     0.501  0.499             603
--------------------------------------------

  Rep#:   Lambda   Alpha      F1    F2     D1,2    Ln Like  Est Ln P(D)
266000:    1.00    9.301    0.035 0.120    0.060   -125399    0 
266100:    1.00    9.373    0.053 0.089    0.075   -125355    0 
266200:    1.00    9.682    0.047 0.122    0.071   -125380    0 
266300:    1.00    9.975    0.047 0.112    0.061   -125408    0 
266400:    1.00    9.683    0.043 0.097    0.057   -125404    0 
266500:    1.00    9.259    0.068 0.069    0.055   -125392    0 
266600:    1.00    8.916    0.059 0.060    0.050   -125396    0 
266700:    1.00    8.869    0.061 0.064    0.051   -125391    0 
266800:    1.00    8.651    0.045 0.066    0.062   -125378    0 
266900:    1.00    8.340    0.059 0.083    0.055   -125319    0 

--------------------------------------------
Proportion of membership of each pre-defined
 population in each of the 2 clusters

Given    Inferred Clusters       Number of
 Pop       1      2             Individuals

  1:     0.499  0.501             358
  2:     0.507  0.493             1039
  3:     0.513  0.487             603
--------------------------------------------

  Rep#:   Lambda   Alpha      F1    F2     D1,2    Ln Like  Est Ln P(D)
267000:    1.00    8.343    0.056 0.057    0.044   -125342    0 
267100:    1.00    8.004    0.065 0.048    0.048   -125424    0 
267200:    1.00    8.346    0.062 0.051    0.048   -125435    0 
267300:    1.00    7.868    0.054 0.056    0.043   -125421    0 
267400:    1.00    7.780    0.056 0.057    0.044   -125390    0 
267500:    1.00    7.480    0.050 0.065    0.047   -125401    0 
267600:    1.00    7.712    0.036 0.062    0.042   -125426    0 
267700:    1.00    7.681    0.045 0.053    0.040   -125449    0 
267800:    1.00    8.033    0.050 0.047    0.048   -125389    0 
267900:    1.00    8.028    0.036 0.061    0.047   -125426    0 

--------------------------------------------
Proportion of membership of each pre-defined
 population in each of the 2 clusters

Given    Inferred Clusters       Number of
 Pop       1      2             Individuals

  1:     0.495  0.505             358
  2:     0.493  0.507             1039
  3:     0.504  0.496             603
--------------------------------------------

  Rep#:   Lambda   Alpha      F1    F2     D1,2    Ln Like  Est Ln P(D)
268000:    1.00    8.448    0.037 0.078    0.052   -125390    0 
268100:    1.00    8.022    0.032 0.057    0.036   -125425    0 
268200:    1.00    7.813    0.032 0.089    0.038   -125434    0 
268300:    1.00    7.655    0.037 0.078    0.044   -125324    0 
268400:    1.00    7.631    0.039 0.086    0.049   -125325    0 
268500:    1.00    7.415    0.035 0.092    0.048   -125339    0 
268600:    1.00    7.268    0.030 0.087    0.049   -125325    0 
268700:    1.00    7.732    0.034 0.082    0.057   -125356    0 
268800:    1.00    7.643    0.039 0.089    0.047   -125312    0 
268900:    1.00    8.011    0.055 0.083    0.050   -125375    0 

--------------------------------------------
Proportion of membership of each pre-defined
 population in each of the 2 clusters

Given    Inferred Clusters       Number of
 Pop       1      2             Individuals

  1:     0.510  0.490             358
  2:     0.497  0.503             1039
  3:     0.494  0.506             603
--------------------------------------------

  Rep#:   Lambda   Alpha      F1    F2     D1,2    Ln Like  Est Ln P(D)
269000:    1.00    8.024    0.034 0.067    0.039   -125389    0 
269100:    1.00    8.192    0.037 0.107    0.057   -125392    0 
269200:    1.00    8.199    0.040 0.089    0.056   -125327    0 
269300:    1.00    8.252    0.036 0.101    0.049   -125326    0 
269400:    1.00    8.327    0.035 0.086    0.054   -125332    0 
269500:    1.00    8.455    0.026 0.068    0.046   -125445    0 
269600:    1.00    8.754    0.032 0.088    0.056   -125386    0 
269700:    1.00    9.362    0.027 0.130    0.061   -125386    0 
269800:    1.00    9.272    0.036 0.115    0.059   -125309    0 
269900:    1.00    9.486    0.048 0.114    0.058   -125378    0 

--------------------------------------------
Proportion of membership of each pre-defined
 population in each of the 2 clusters

Given    Inferred Clusters       Number of
 Pop       1      2             Individuals

  1:     0.497  0.503             358
  2:     0.498  0.502             1039
  3:     0.504  0.496             603
--------------------------------------------

  Rep#:   Lambda   Alpha      F1    F2     D1,2    Ln Like  Est Ln P(D)
270000:    1.00    9.517    0.037 0.106    0.052   -125396    0 
270100:    1.00    9.707    0.035 0.092    0.052   -125390    0 
270200:    1.00    9.477    0.045 0.094    0.055   -125407    0 
270300:    1.00    9.285    0.038 0.093    0.061   -125402    0 
270400:    1.00    9.154    0.034 0.103    0.052   -125431    0 
270500:    1.00    8.876    0.032 0.086    0.049   -125470    0 
270600:    1.00    8.715    0.033 0.058    0.043   -125453    0 
270700:    1.00    8.577    0.033 0.078    0.045   -125391    0 
270800:    1.00    8.484    0.041 0.057    0.040   -125373    0 
270900:    1.00    8.510    0.040 0.045    0.044   -125470    0 

--------------------------------------------
Proportion of membership of each pre-defined
 population in each of the 2 clusters

Given    Inferred Clusters       Number of
 Pop       1      2             Individuals

  1:     0.505  0.495             358
  2:     0.503  0.497             1039
  3:     0.500  0.500             603
--------------------------------------------

  Rep#:   Lambda   Alpha      F1    F2     D1,2    Ln Like  Est Ln P(D)
271000:    1.00    8.757    0.049 0.060    0.051   -125381    0 
271100:    1.00    8.496    0.048 0.062    0.044   -125433    0 
271200:    1.00    8.715    0.049 0.045    0.038   -125436    0 
271300:    1.00    8.599    0.052 0.052    0.043   -125445    0 
271400:    1.00    8.655    0.065 0.059    0.052   -125323    0 
271500:    1.00    8.759    0.060 0.060    0.046   -125414    0 
271600:    1.00    8.689    0.048 0.056    0.037   -125430    0 
271700:    1.00    8.614    0.040 0.078    0.054   -125392    0 
271800:    1.00    8.329    0.038 0.080    0.053   -125379    0 
271900:    1.00    8.220    0.028 0.080    0.044   -125387    0 

--------------------------------------------
Proportion of membership of each pre-defined
 population in each of the 2 clusters

Given    Inferred Clusters       Number of
 Pop       1      2             Individuals

  1:     0.511  0.489             358
  2:     0.502  0.498             1039
  3:     0.504  0.496             603
--------------------------------------------

  Rep#:   Lambda   Alpha      F1    F2     D1,2    Ln Like  Est Ln P(D)
272000:    1.00    8.028    0.042 0.088    0.051   -125344    0 
272100:    1.00    8.483    0.032 0.071    0.049   -125377    0 
272200:    1.00    8.605    0.041 0.080    0.041   -125432    0 
272300:    1.00    8.662    0.040 0.064    0.049   -125396    0 
272400:    1.00    8.869    0.037 0.092    0.062   -125419    0 
272500:    1.00    9.034    0.033 0.067    0.046   -125453    0 
272600:    1.00    9.146    0.031 0.063    0.048   -125431    0 
272700:    1.00    8.910    0.038 0.070    0.043   -125424    0 
272800:    1.00    8.705    0.032 0.095    0.041   -125424    0 
272900:    1.00    8.825    0.029 0.085    0.049   -125404    0 

--------------------------------------------
Proportion of membership of each pre-defined
 population in each of the 2 clusters

Given    Inferred Clusters       Number of
 Pop       1      2             Individuals

  1:     0.508  0.492             358
  2:     0.502  0.498             1039
  3:     0.503  0.497             603
--------------------------------------------

  Rep#:   Lambda   Alpha      F1    F2     D1,2    Ln Like  Est Ln P(D)
273000:    1.00    8.976    0.025 0.091    0.041   -125431    0 
273100:    1.00    8.956    0.030 0.076    0.050   -125429    0 
273200:    1.00    9.054    0.027 0.067    0.050   -125425    0 
273300:    1.00    9.195    0.028 0.084    0.044   -125441    0 
273400:    1.00    9.140    0.027 0.059    0.038   -125484    0 
273500:    1.00    9.252    0.028 0.058    0.038   -125469    0 
273600:    1.00    8.998    0.033 0.081    0.049   -125362    0 
273700:    1.00    8.814    0.031 0.064    0.048   -125420    0 
273800:    1.00    8.720    0.035 0.068    0.040   -125428    0 
273900:    1.00    8.773    0.030 0.080    0.048   -125428    0 

--------------------------------------------
Proportion of membership of each pre-defined
 population in each of the 2 clusters

Given    Inferred Clusters       Number of
 Pop       1      2             Individuals

  1:     0.507  0.493             358
  2:     0.499  0.501             1039
  3:     0.497  0.503             603
--------------------------------------------

  Rep#:   Lambda   Alpha      F1    F2     D1,2    Ln Like  Est Ln P(D)
274000:    1.00    9.167    0.034 0.067    0.052   -125426    0 
274100:    1.00    9.510    0.035 0.097    0.052   -125400    0 
274200:    1.00    9.520    0.034 0.102    0.055   -125398    0 
274300:    1.00    9.615    0.022 0.100    0.051   -125499    0 
274400:    1.00    9.187    0.027 0.064    0.040   -125511    0 
274500:    1.00    9.375    0.022 0.055    0.036   -125501    0 
274600:    1.00    9.321    0.019 0.083    0.049   -125425    0 
274700:    1.00    9.458    0.014 0.079    0.042   -125505    0 
274800:    1.00    9.393    0.019 0.096    0.051   -125428    0 
274900:    1.00    9.273    0.020 0.101    0.052   -125436    0 

--------------------------------------------
Proportion of membership of each pre-defined
 population in each of the 2 clusters

Given    Inferred Clusters       Number of
 Pop       1      2             Individuals

  1:     0.504  0.496             358
  2:     0.504  0.496             1039
  3:     0.500  0.500             603
--------------------------------------------

  Rep#:   Lambda   Alpha      F1    F2     D1,2    Ln Like  Est Ln P(D)
275000:    1.00    9.164    0.017 0.104    0.037   -125495    0 
275100:    1.00    9.394    0.020 0.095    0.042   -125477    0 
275200:    1.00    9.767    0.028 0.075    0.040   -125465    0 
275300:    1.00    9.601    0.026 0.098    0.050   -125412    0 
275400:    1.00    9.607    0.022 0.102    0.052   -125443    0 
275500:    1.00    9.995    0.022 0.092    0.042   -125437    0 
275600:    1.00    9.873    0.022 0.104    0.050   -125471    0 
275700:    1.00    9.671    0.024 0.147    0.043   -125474    0 
275800:    1.00    9.902    0.024 0.121    0.043   -125454    0 
275900:    1.00    9.719    0.028 0.111    0.053   -125452    0 

--------------------------------------------
Proportion of membership of each pre-defined
 population in each of the 2 clusters

Given    Inferred Clusters       Number of
 Pop       1      2             Individuals

  1:     0.496  0.504             358
  2:     0.496  0.504             1039
  3:     0.505  0.495             603
--------------------------------------------

  Rep#:   Lambda   Alpha      F1    F2     D1,2    Ln Like  Est Ln P(D)
276000:    1.00    9.755    0.028 0.147    0.047   -125444    0 
276100:    1.00    9.933    0.026 0.131    0.047   -125434    0 
276200:    1.00    9.964    0.035 0.133    0.053   -125440    0 
276300:    1.00    9.941    0.036 0.094    0.059   -125394    0 
276400:    1.00    9.848    0.030 0.118    0.058   -125376    0 
276500:    1.00    9.679    0.025 0.074    0.051   -125445    0 
276600:    1.00    9.883    0.026 0.080    0.048   -125472    0 
276700:    1.00    9.760    0.026 0.104    0.050   -125447    0 
276800:    1.00    9.536    0.032 0.110    0.042   -125394    0 
276900:    1.00    9.008    0.024 0.119    0.053   -125479    0 

--------------------------------------------
Proportion of membership of each pre-defined
 population in each of the 2 clusters

Given    Inferred Clusters       Number of
 Pop       1      2             Individuals

  1:     0.492  0.508             358
  2:     0.493  0.507             1039
  3:     0.499  0.501             603
--------------------------------------------

  Rep#:   Lambda   Alpha      F1    F2     D1,2    Ln Like  Est Ln P(D)
277000:    1.00    9.354    0.025 0.098    0.051   -125423    0 
277100:    1.00    9.423    0.025 0.093    0.054   -125421    0 
277200:    1.00    9.590    0.026 0.128    0.052   -125422    0 
277300:    1.00    9.470    0.025 0.100    0.051   -125403    0 
277400:    1.00    9.225    0.027 0.108    0.045   -125437    0 
277500:    1.00    9.320    0.025 0.110    0.062   -125386    0 
277600:    1.00    9.985    0.039 0.096    0.054   -125496    0 
277700:    1.00    9.985    0.034 0.118    0.060   -125396    0 
277800:    1.00    9.845    0.034 0.126    0.060   -125399    0 
277900:    1.00    9.801    0.035 0.117    0.055   -125444    0 

--------------------------------------------
Proportion of membership of each pre-defined
 population in each of the 2 clusters

Given    Inferred Clusters       Number of
 Pop       1      2             Individuals

  1:     0.498  0.502             358
  2:     0.499  0.501             1039
  3:     0.498  0.502             603
--------------------------------------------

  Rep#:   Lambda   Alpha      F1    F2     D1,2    Ln Like  Est Ln P(D)
278000:    1.00    9.728    0.033 0.106    0.067   -125306    0 
278100:    1.00    9.818    0.044 0.113    0.072   -125389    0 
278200:    1.00    9.922    0.052 0.103    0.065   -125369    0 
278300:    1.00    9.942    0.045 0.079    0.068   -125352    0 
278400:    1.00    9.873    0.041 0.093    0.061   -125339    0 
278500:    1.00    9.847    0.050 0.101    0.058   -125388    0 
278600:    1.00    9.730    0.074 0.088    0.054   -125418    0 
278700:    1.00    9.610    0.063 0.096    0.053   -125405    0 
278800:    1.00    9.579    0.050 0.065    0.047   -125365    0 
278900:    1.00    9.552    0.050 0.076    0.063   -125346    0 

--------------------------------------------
Proportion of membership of each pre-defined
 population in each of the 2 clusters

Given    Inferred Clusters       Number of
 Pop       1      2             Individuals

  1:     0.503  0.497             358
  2:     0.504  0.496             1039
  3:     0.500  0.500             603
--------------------------------------------

  Rep#:   Lambda   Alpha      F1    F2     D1,2    Ln Like  Est Ln P(D)
279000:    1.00    9.567    0.063 0.079    0.064   -125391    0 
279100:    1.00    9.450    0.057 0.071    0.051   -125421    0 
279200:    1.00    9.378    0.057 0.069    0.043   -125378    0 
279300:    1.00    9.151    0.057 0.067    0.051   -125373    0 
279400:    1.00    9.631    0.055 0.074    0.054   -125373    0 
279500:    1.00    9.696    0.048 0.080    0.048   -125363    0 
279600:    1.00    9.534    0.047 0.081    0.053   -125369    0 
279700:    1.00    9.881    0.093 0.061    0.053   -125349    0 
279800:    1.00    9.880    0.079 0.047    0.053   -125409    0 
279900:    1.00    9.904    0.073 0.060    0.056   -125401    0 

--------------------------------------------
Proportion of membership of each pre-defined
 population in each of the 2 clusters

Given    Inferred Clusters       Number of
 Pop       1      2             Individuals

  1:     0.498  0.502             358
  2:     0.500  0.500             1039
  3:     0.496  0.504             603
--------------------------------------------

  Rep#:   Lambda   Alpha      F1    F2     D1,2    Ln Like  Est Ln P(D)
280000:    1.00    9.818    0.080 0.051    0.052   -125420    0 
280100:    1.00    9.939    0.072 0.049    0.056   -125363    0 
280200:    1.00    9.764    0.061 0.049    0.057   -125336    0 
280300:    1.00    9.711    0.083 0.045    0.059   -125354    0 
280400:    1.00    9.506    0.076 0.045    0.053   -125415    0 
280500:    1.00    9.118    0.072 0.049    0.058   -125363    0 
280600:    1.00    9.190    0.064 0.038    0.042   -125402    0 
280700:    1.00    9.167    0.092 0.036    0.047   -125428    0 
280800:    1.00    9.256    0.082 0.041    0.048   -125453    0 
280900:    1.00    8.920    0.058 0.035    0.037   -125450    0 

--------------------------------------------
Proportion of membership of each pre-defined
 population in each of the 2 clusters

Given    Inferred Clusters       Number of
 Pop       1      2             Individuals

  1:     0.485  0.515             358
  2:     0.496  0.504             1039
  3:     0.498  0.502             603
--------------------------------------------

  Rep#:   Lambda   Alpha      F1    F2     D1,2    Ln Like  Est Ln P(D)
281000:    1.00    8.964    0.056 0.041    0.038   -125494    0 
281100:    1.00    8.829    0.052 0.034    0.034   -125473    0 
281200:    1.00    8.659    0.050 0.036    0.031   -125555    0 
281300:    1.00    8.743    0.055 0.031    0.028   -125490    0 
281400:    1.00    8.739    0.055 0.043    0.041   -125415    0 
281500:    1.00    8.633    0.057 0.044    0.039   -125414    0 
281600:    1.00    8.819    0.060 0.048    0.050   -125403    0 
281700:    1.00    8.800    0.074 0.050    0.045   -125407    0 
281800:    1.00    8.989    0.039 0.041    0.031   -125510    0 
281900:    1.00    8.839    0.039 0.040    0.033   -125503    0 

--------------------------------------------
Proportion of membership of each pre-defined
 population in each of the 2 clusters

Given    Inferred Clusters       Number of
 Pop       1      2             Individuals

  1:     0.502  0.498             358
  2:     0.497  0.503             1039
  3:     0.502  0.498             603
--------------------------------------------

  Rep#:   Lambda   Alpha      F1    F2     D1,2    Ln Like  Est Ln P(D)
282000:    1.00    8.646    0.057 0.033    0.037   -125505    0 
282100:    1.00    8.755    0.062 0.039    0.037   -125440    0 
282200:    1.00    8.474    0.064 0.038    0.045   -125421    0 
282300:    1.00    8.788    0.078 0.044    0.047   -125364    0 
282400:    1.00    8.711    0.075 0.038    0.044   -125400    0 
282500:    1.00    9.039    0.080 0.042    0.053   -125400    0 
282600:    1.00    9.054    0.094 0.050    0.061   -125320    0 
282700:    1.00    8.828    0.075 0.036    0.052   -125387    0 
282800:    1.00    8.837    0.071 0.046    0.052   -125361    0 
282900:    1.00    8.839    0.064 0.042    0.043   -125407    0 

--------------------------------------------
Proportion of membership of each pre-defined
 population in each of the 2 clusters

Given    Inferred Clusters       Number of
 Pop       1      2             Individuals

  1:     0.498  0.502             358
  2:     0.507  0.493             1039
  3:     0.501  0.499             603
--------------------------------------------

  Rep#:   Lambda   Alpha      F1    F2     D1,2    Ln Like  Est Ln P(D)
283000:    1.00    8.994    0.060 0.034    0.047   -125417    0 
283100:    1.00    8.944    0.062 0.029    0.054   -125404    0 
283200:    1.00    9.251    0.058 0.039    0.045   -125407    0 
283300:    1.00    8.643    0.053 0.033    0.033   -125476    0 
283400:    1.00    8.745    0.071 0.039    0.045   -125411    0 
283500:    1.00    8.673    0.077 0.052    0.051   -125396    0 
283600:    1.00    8.760    0.083 0.051    0.042   -125407    0 
283700:    1.00    8.960    0.080 0.055    0.052   -125369    0 
283800:    1.00    8.478    0.068 0.054    0.052   -125349    0 
283900:    1.00    8.289    0.059 0.066    0.060   -125336    0 

--------------------------------------------
Proportion of membership of each pre-defined
 population in each of the 2 clusters

Given    Inferred Clusters       Number of
 Pop       1      2             Individuals

  1:     0.499  0.501             358
  2:     0.504  0.496             1039
  3:     0.499  0.501             603
--------------------------------------------

  Rep#:   Lambda   Alpha      F1    F2     D1,2    Ln Like  Est Ln P(D)
284000:    1.00    8.567    0.092 0.042    0.050   -125392    0 
284100:    1.00    8.114    0.071 0.050    0.050   -125373    0 
284200:    1.00    8.228    0.070 0.038    0.049   -125320    0 
284300:    1.00    7.977    0.072 0.044    0.058   -125416    0 
284400:    1.00    7.679    0.073 0.043    0.051   -125354    0 
284500:    1.00    7.522    0.089 0.033    0.047   -125377    0 
284600:    1.00    7.726    0.088 0.029    0.053   -125357    0 
284700:    1.00    7.767    0.084 0.037    0.059   -125375    0 
284800:    1.00    7.626    0.060 0.033    0.045   -125371    0 
284900:    1.00    7.926    0.072 0.040    0.046   -125400    0 

--------------------------------------------
Proportion of membership of each pre-defined
 population in each of the 2 clusters

Given    Inferred Clusters       Number of
 Pop       1      2             Individuals

  1:     0.502  0.498             358
  2:     0.498  0.502             1039
  3:     0.495  0.505             603
--------------------------------------------

  Rep#:   Lambda   Alpha      F1    F2     D1,2    Ln Like  Est Ln P(D)
285000:    1.00    7.822    0.068 0.035    0.047   -125392    0 
285100:    1.00    7.672    0.087 0.036    0.045   -125364    0 
285200:    1.00    7.646    0.060 0.038    0.044   -125369    0 
285300:    1.00    7.466    0.074 0.042    0.049   -125348    0 
285400:    1.00    7.444    0.068 0.039    0.035   -125410    0 
285500:    1.00    7.245    0.083 0.052    0.045   -125351    0 
285600:    1.00    7.045    0.104 0.039    0.042   -125335    0 
285700:    1.00    7.377    0.060 0.041    0.046   -125320    0 
285800:    1.00    7.132    0.063 0.042    0.042   -125371    0 
285900:    1.00    6.555    0.058 0.039    0.036   -125464    0 

--------------------------------------------
Proportion of membership of each pre-defined
 population in each of the 2 clusters

Given    Inferred Clusters       Number of
 Pop       1      2             Individuals

  1:     0.509  0.491             358
  2:     0.500  0.500             1039
  3:     0.500  0.500             603
--------------------------------------------

  Rep#:   Lambda   Alpha      F1    F2     D1,2    Ln Like  Est Ln P(D)
286000:    1.00    6.225    0.052 0.037    0.038   -125440    0 
286100:    1.00    6.036    0.053 0.035    0.037   -125358    0 
286200:    1.00    6.152    0.059 0.029    0.036   -125367    0 
286300:    1.00    6.089    0.064 0.036    0.043   -125308    0 
286400:    1.00    6.036    0.071 0.050    0.041   -125326    0 
286500:    1.00    6.207    0.061 0.030    0.042   -125341    0 
286600:    1.00    6.228    0.055 0.034    0.044   -125337    0 
286700:    1.00    6.547    0.044 0.025    0.040   -125386    0 
286800:    1.00    6.465    0.070 0.026    0.043   -125365    0 
286900:    1.00    6.577    0.089 0.025    0.049   -125331    0 

--------------------------------------------
Proportion of membership of each pre-defined
 population in each of the 2 clusters

Given    Inferred Clusters       Number of
 Pop       1      2             Individuals

  1:     0.504  0.496             358
  2:     0.501  0.499             1039
  3:     0.495  0.505             603
--------------------------------------------

  Rep#:   Lambda   Alpha      F1    F2     D1,2    Ln Like  Est Ln P(D)
287000:    1.00    7.119    0.075 0.033    0.048   -125330    0 
287100:    1.00    7.355    0.071 0.032    0.037   -125410    0 
287200:    1.00    7.513    0.078 0.035    0.043   -125369    0 
287300:    1.00    7.379    0.073 0.037    0.029   -125465    0 
287400:    1.00    6.665    0.077 0.029    0.028   -125392    0 
287500:    1.00    6.592    0.070 0.025    0.037   -125413    0 
287600:    1.00    6.343    0.077 0.029    0.044   -125356    0 
287700:    1.00    6.355    0.072 0.025    0.043   -125368    0 
287800:    1.00    5.993    0.093 0.022    0.042   -125310    0 
287900:    1.00    6.083    0.072 0.022    0.041   -125349    0 

--------------------------------------------
Proportion of membership of each pre-defined
 population in each of the 2 clusters

Given    Inferred Clusters       Number of
 Pop       1      2             Individuals

  1:     0.499  0.501             358
  2:     0.495  0.505             1039
  3:     0.507  0.493             603
--------------------------------------------

  Rep#:   Lambda   Alpha      F1    F2     D1,2    Ln Like  Est Ln P(D)
288000:    1.00    6.053    0.071 0.031    0.038   -125330    0 
288100:    1.00    6.009    0.084 0.040    0.047   -125262    0 
288200:    1.00    5.784    0.062 0.032    0.038   -125352    0 
288300:    1.00    5.447    0.058 0.031    0.037   -125328    0 
288400:    1.00    5.720    0.072 0.029    0.045   -125327    0 
288500:    1.00    6.156    0.066 0.036    0.044   -125311    0 
288600:    1.00    5.897    0.056 0.042    0.034   -125369    0 
288700:    1.00    5.727    0.056 0.030    0.035   -125359    0 
288800:    1.00    5.492    0.083 0.026    0.037   -125384    0 
288900:    1.00    5.892    0.066 0.035    0.044   -125299    0 

--------------------------------------------
Proportion of membership of each pre-defined
 population in each of the 2 clusters

Given    Inferred Clusters       Number of
 Pop       1      2             Individuals

  1:     0.504  0.496             358
  2:     0.511  0.489             1039
  3:     0.501  0.499             603
--------------------------------------------

  Rep#:   Lambda   Alpha      F1    F2     D1,2    Ln Like  Est Ln P(D)
289000:    1.00    5.881    0.056 0.030    0.034   -125371    0 
289100:    1.00    5.909    0.067 0.039    0.042   -125363    0 
289200:    1.00    5.608    0.058 0.037    0.041   -125301    0 
289300:    1.00    5.899    0.065 0.040    0.031   -125373    0 
289400:    1.00    6.190    0.063 0.046    0.040   -125374    0 
289500:    1.00    6.640    0.069 0.032    0.046   -125318    0 
289600:    1.00    6.138    0.080 0.036    0.044   -125288    0 
289700:    1.00    6.392    0.072 0.040    0.045   -125283    0 
289800:    1.00    6.516    0.105 0.040    0.049   -125325    0 
289900:    1.00    6.668    0.093 0.041    0.053   -125303    0 

--------------------------------------------
Proportion of membership of each pre-defined
 population in each of the 2 clusters

Given    Inferred Clusters       Number of
 Pop       1      2             Individuals

  1:     0.499  0.501             358
  2:     0.494  0.506             1039
  3:     0.498  0.502             603
--------------------------------------------

  Rep#:   Lambda   Alpha      F1    F2     D1,2    Ln Like  Est Ln P(D)
290000:    1.00    6.612    0.086 0.037    0.047   -125362    0 
290100:    1.00    6.733    0.108 0.037    0.059   -125320    0 
290200:    1.00    6.595    0.098 0.026    0.043   -125324    0 
290300:    1.00    6.681    0.087 0.028    0.043   -125348    0 
290400:    1.00    6.651    0.088 0.038    0.047   -125331    0 
290500:    1.00    6.796    0.110 0.031    0.055   -125295    0 
290600:    1.00    6.592    0.116 0.025    0.043   -125300    0 
290700:    1.00    6.672    0.095 0.027    0.044   -125375    0 
290800:    1.00    7.267    0.077 0.025    0.045   -125427    0 
290900:    1.00    7.421    0.086 0.027    0.045   -125382    0 

--------------------------------------------
Proportion of membership of each pre-defined
 population in each of the 2 clusters

Given    Inferred Clusters       Number of
 Pop       1      2             Individuals

  1:     0.499  0.501             358
  2:     0.500  0.500             1039
  3:     0.497  0.503             603
--------------------------------------------

  Rep#:   Lambda   Alpha      F1    F2     D1,2    Ln Like  Est Ln P(D)
291000:    1.00    6.958    0.075 0.029    0.045   -125354    0 
291100:    1.00    6.982    0.072 0.033    0.047   -125317    0 
291200:    1.00    6.829    0.080 0.032    0.047   -125319    0 
291300:    1.00    6.850    0.077 0.026    0.046   -125306    0 
291400:    1.00    6.404    0.092 0.030    0.047   -125281    0 
291500:    1.00    6.549    0.083 0.027    0.033   -125383    0 
291600:    1.00    6.517    0.094 0.027    0.037   -125370    0 
291700:    1.00    6.493    0.065 0.034    0.031   -125398    0 
291800:    1.00    6.592    0.067 0.034    0.037   -125389    0 
291900:    1.00    6.536    0.053 0.029    0.032   -125387    0 

--------------------------------------------
Proportion of membership of each pre-defined
 population in each of the 2 clusters

Given    Inferred Clusters       Number of
 Pop       1      2             Individuals

  1:     0.494  0.506             358
  2:     0.498  0.502             1039
  3:     0.503  0.497             603
--------------------------------------------

  Rep#:   Lambda   Alpha      F1    F2     D1,2    Ln Like  Est Ln P(D)
292000:    1.00    6.900    0.057 0.028    0.042   -125391    0 
292100:    1.00    7.124    0.071 0.032    0.039   -125439    0 
292200:    1.00    7.331    0.066 0.020    0.033   -125446    0 
292300:    1.00    7.499    0.087 0.021    0.040   -125391    0 
292400:    1.00    7.672    0.072 0.023    0.032   -125452    0 
292500:    1.00    7.728    0.079 0.019    0.039   -125462    0 
292600:    1.00    7.536    0.071 0.015    0.033   -125466    0 
292700:    1.00    7.729    0.098 0.021    0.038   -125424    0 
292800:    1.00    7.463    0.074 0.020    0.041   -125437    0 
292900:    1.00    7.228    0.075 0.026    0.043   -125383    0 

--------------------------------------------
Proportion of membership of each pre-defined
 population in each of the 2 clusters

Given    Inferred Clusters       Number of
 Pop       1      2             Individuals

  1:     0.507  0.493             358
  2:     0.502  0.498             1039
  3:     0.500  0.500             603
--------------------------------------------

  Rep#:   Lambda   Alpha      F1    F2     D1,2    Ln Like  Est Ln P(D)
293000:    1.00    7.282    0.095 0.024    0.043   -125381    0 
293100:    1.00    7.667    0.075 0.022    0.034   -125441    0 
293200:    1.00    7.546    0.063 0.024    0.038   -125422    0 
293300:    1.00    7.757    0.071 0.027    0.041   -125357    0 
293400:    1.00    7.963    0.097 0.033    0.042   -125419    0 
293500:    1.00    8.320    0.078 0.031    0.043   -125481    0 
293600:    1.00    8.236    0.082 0.025    0.039   -125435    0 
293700:    1.00    7.961    0.128 0.020    0.050   -125426    0 
293800:    1.00    8.245    0.086 0.037    0.050   -125382    0 
293900:    1.00    8.043    0.086 0.023    0.038   -125403    0 

--------------------------------------------
Proportion of membership of each pre-defined
 population in each of the 2 clusters

Given    Inferred Clusters       Number of
 Pop       1      2             Individuals

  1:     0.500  0.500             358
  2:     0.497  0.503             1039
  3:     0.504  0.496             603
--------------------------------------------

  Rep#:   Lambda   Alpha      F1    F2     D1,2    Ln Like  Est Ln P(D)
294000:    1.00    8.104    0.074 0.025    0.037   -125443    0 
294100:    1.00    8.352    0.063 0.024    0.043   -125381    0 
294200:    1.00    8.119    0.082 0.028    0.036   -125458    0 
294300:    1.00    8.078    0.084 0.036    0.053   -125376    0 
294400:    1.00    8.640    0.074 0.035    0.043   -125449    0 
294500:    1.00    8.865    0.071 0.031    0.048   -125465    0 
294600:    1.00    9.591    0.076 0.034    0.051   -125414    0 
294700:    1.00    9.701    0.099 0.045    0.060   -125392    0 
294800:    1.00    9.576    0.080 0.049    0.060   -125406    0 
294900:    1.00    9.849    0.085 0.035    0.050   -125447    0 

--------------------------------------------
Proportion of membership of each pre-defined
 population in each of the 2 clusters

Given    Inferred Clusters       Number of
 Pop       1      2             Individuals

  1:     0.506  0.494             358
  2:     0.498  0.502             1039
  3:     0.498  0.502             603
--------------------------------------------

  Rep#:   Lambda   Alpha      F1    F2     D1,2    Ln Like  Est Ln P(D)
295000:    1.00    9.759    0.095 0.031    0.052   -125401    0 
295100:    1.00    9.531    0.084 0.039    0.042   -125475    0 
295200:    1.00    9.492    0.087 0.043    0.046   -125459    0 
295300:    1.00    9.217    0.068 0.064    0.054   -125387    0 
295400:    1.00    8.932    0.086 0.054    0.063   -125411    0 
295500:    1.00    9.491    0.066 0.059    0.066   -125350    0 
295600:    1.00    9.049    0.072 0.059    0.062   -125385    0 
295700:    1.00    9.420    0.060 0.064    0.054   -125415    0 
295800:    1.00    9.052    0.038 0.073    0.056   -125384    0 
295900:    1.00    9.231    0.055 0.066    0.065   -125409    0 

--------------------------------------------
Proportion of membership of each pre-defined
 population in each of the 2 clusters

Given    Inferred Clusters       Number of
 Pop       1      2             Individuals

  1:     0.486  0.514             358
  2:     0.503  0.497             1039
  3:     0.507  0.493             603
--------------------------------------------

  Rep#:   Lambda   Alpha      F1    F2     D1,2    Ln Like  Est Ln P(D)
296000:    1.00    9.058    0.053 0.065    0.065   -125387    0 
296100:    1.00    8.901    0.047 0.092    0.061   -125363    0 
296200:    1.00    9.081    0.050 0.066    0.048   -125391    0 
296300:    1.00    9.137    0.067 0.038    0.052   -125427    0 
296400:    1.00    9.051    0.062 0.035    0.034   -125472    0 
296500:    1.00    9.252    0.053 0.045    0.032   -125509    0 
296600:    1.00    9.118    0.057 0.067    0.042   -125447    0 
296700:    1.00    9.387    0.060 0.055    0.047   -125437    0 
296800:    1.00    9.409    0.066 0.035    0.043   -125496    0 
296900:    1.00    9.769    0.088 0.039    0.039   -125492    0 

--------------------------------------------
Proportion of membership of each pre-defined
 population in each of the 2 clusters

Given    Inferred Clusters       Number of
 Pop       1      2             Individuals

  1:     0.507  0.493             358
  2:     0.498  0.502             1039
  3:     0.507  0.493             603
--------------------------------------------

  Rep#:   Lambda   Alpha      F1    F2     D1,2    Ln Like  Est Ln P(D)
297000:    1.00    9.356    0.060 0.045    0.044   -125479    0 
297100:    1.00    9.308    0.079 0.042    0.052   -125385    0 
297200:    1.00    9.252    0.065 0.032    0.043   -125414    0 
297300:    1.00    9.190    0.062 0.040    0.048   -125449    0 
297400:    1.00    8.872    0.086 0.040    0.051   -125354    0 
297500:    1.00    8.498    0.066 0.042    0.042   -125406    0 
297600:    1.00    8.575    0.087 0.031    0.048   -125402    0 
297700:    1.00    8.227    0.085 0.026    0.042   -125445    0 
297800:    1.00    8.675    0.090 0.024    0.057   -125420    0 
297900:    1.00    8.656    0.103 0.036    0.067   -125328    0 

--------------------------------------------
Proportion of membership of each pre-defined
 population in each of the 2 clusters

Given    Inferred Clusters       Number of
 Pop       1      2             Individuals

  1:     0.504  0.496             358
  2:     0.503  0.497             1039
  3:     0.495  0.505             603
--------------------------------------------

  Rep#:   Lambda   Alpha      F1    F2     D1,2    Ln Like  Est Ln P(D)
298000:    1.00    8.670    0.105 0.045    0.059   -125334    0 
298100:    1.00    8.501    0.090 0.038    0.046   -125419    0 
298200:    1.00    8.744    0.077 0.043    0.051   -125371    0 
298300:    1.00    8.506    0.114 0.038    0.064   -125346    0 
298400:    1.00    8.696    0.094 0.052    0.052   -125394    0 
298500:    1.00    8.398    0.076 0.057    0.046   -125393    0 
298600:    1.00    8.351    0.065 0.055    0.044   -125339    0 
298700:    1.00    8.432    0.082 0.062    0.047   -125361    0 
298800:    1.00    8.549    0.076 0.050    0.043   -125411    0 
298900:    1.00    8.569    0.094 0.050    0.047   -125378    0 

--------------------------------------------
Proportion of membership of each pre-defined
 population in each of the 2 clusters

Given    Inferred Clusters       Number of
 Pop       1      2             Individuals

  1:     0.495  0.505             358
  2:     0.498  0.502             1039
  3:     0.499  0.501             603
--------------------------------------------

  Rep#:   Lambda   Alpha      F1    F2     D1,2    Ln Like  Est Ln P(D)
299000:    1.00    8.444    0.060 0.046    0.042   -125408    0 
299100:    1.00    8.512    0.065 0.044    0.047   -125368    0 
299200:    1.00    8.497    0.068 0.039    0.047   -125366    0 
299300:    1.00    8.238    0.095 0.034    0.051   -125357    0 
299400:    1.00    8.182    0.073 0.044    0.049   -125396    0 
299500:    1.00    8.214    0.083 0.041    0.048   -125369    0 
299600:    1.00    7.954    0.070 0.049    0.045   -125407    0 
299700:    1.00    8.316    0.059 0.048    0.041   -125406    0 
299800:    1.00    8.816    0.068 0.040    0.037   -125447    0 
299900:    1.00    9.196    0.065 0.049    0.055   -125454    0 

--------------------------------------------
Proportion of membership of each pre-defined
 population in each of the 2 clusters

Given    Inferred Clusters       Number of
 Pop       1      2             Individuals

  1:     0.500  0.500             358
  2:     0.504  0.496             1039
  3:     0.509  0.491             603
--------------------------------------------

  Rep#:   Lambda   Alpha      F1    F2     D1,2    Ln Like  Est Ln P(D)
300000:    1.00    8.961    0.062 0.053    0.044   -125395    0 
300100:    1.00    8.591    0.077 0.046    0.054   -125384    0 
300200:    1.00    8.770    0.062 0.058    0.057   -125360    0 
300300:    1.00    8.607    0.071 0.061    0.051   -125354    0 
300400:    1.00    8.478    0.068 0.060    0.063   -125334    0 
300500:    1.00    8.541    0.073 0.065    0.057   -125307    0 
300600:    1.00    8.576    0.060 0.075    0.067   -125278    0 
300700:    1.00    8.609    0.083 0.066    0.058   -125339    0 
300800:    1.00    8.718    0.061 0.077    0.063   -125365    0 
300900:    1.00    8.944    0.063 0.073    0.067   -125332    0 

--------------------------------------------
Proportion of membership of each pre-defined
 population in each of the 2 clusters

Given    Inferred Clusters       Number of
 Pop       1      2             Individuals

  1:     0.499  0.501             358
  2:     0.499  0.501             1039
  3:     0.499  0.501             603
--------------------------------------------

  Rep#:   Lambda   Alpha      F1    F2     D1,2    Ln Like  Est Ln P(D)
301000:    1.00    8.463    0.063 0.062    0.057   -125309    0 
301100:    1.00    8.660    0.068 0.063    0.052   -125382    0 
301200:    1.00    8.682    0.072 0.056    0.053   -125355    0 
301300:    1.00    8.836    0.075 0.052    0.059   -125356    0 
301400:    1.00    8.434    0.073 0.042    0.053   -125329    0 
301500:    1.00    8.412    0.063 0.043    0.052   -125342    0 
301600:    1.00    8.047    0.081 0.049    0.059   -125322    0 
301700:    1.00    7.943    0.088 0.042    0.052   -125340    0 
301800:    1.00    7.731    0.085 0.040    0.045   -125374    0 
301900:    1.00    7.988    0.090 0.048    0.056   -125305    0 

--------------------------------------------
Proportion of membership of each pre-defined
 population in each of the 2 clusters

Given    Inferred Clusters       Number of
 Pop       1      2             Individuals

  1:     0.488  0.512             358
  2:     0.503  0.497             1039
  3:     0.501  0.499             603
--------------------------------------------

  Rep#:   Lambda   Alpha      F1    F2     D1,2    Ln Like  Est Ln P(D)
302000:    1.00    7.917    0.087 0.042    0.044   -125338    0 
302100:    1.00    7.957    0.067 0.039    0.043   -125412    0 
302200:    1.00    7.698    0.068 0.032    0.047   -125353    0 
302300:    1.00    7.499    0.083 0.048    0.057   -125325    0 
302400:    1.00    7.505    0.093 0.033    0.054   -125359    0 
302500:    1.00    7.584    0.068 0.048    0.047   -125371    0 
302600:    1.00    7.623    0.049 0.038    0.034   -125476    0 
302700:    1.00    7.420    0.070 0.031    0.043   -125424    0 
302800:    1.00    7.325    0.082 0.030    0.038   -125401    0 
302900:    1.00    7.385    0.077 0.026    0.041   -125451    0 

--------------------------------------------
Proportion of membership of each pre-defined
 population in each of the 2 clusters

Given    Inferred Clusters       Number of
 Pop       1      2             Individuals

  1:     0.479  0.521             358
  2:     0.499  0.501             1039
  3:     0.506  0.494             603
--------------------------------------------

  Rep#:   Lambda   Alpha      F1    F2     D1,2    Ln Like  Est Ln P(D)
303000:    1.00    7.377    0.080 0.016    0.038   -125415    0 
303100:    1.00    7.781    0.079 0.023    0.049   -125346    0 
303200:    1.00    7.513    0.088 0.025    0.047   -125419    0 
303300:    1.00    7.745    0.069 0.026    0.040   -125430    0 
303400:    1.00    7.311    0.074 0.026    0.044   -125413    0 
303500:    1.00    6.940    0.088 0.023    0.043   -125364    0 
303600:    1.00    7.141    0.071 0.023    0.034   -125440    0 
303700:    1.00    6.988    0.062 0.025    0.034   -125391    0 
303800:    1.00    7.069    0.103 0.021    0.032   -125401    0 
303900:    1.00    6.869    0.060 0.026    0.040   -125350    0 

--------------------------------------------
Proportion of membership of each pre-defined
 population in each of the 2 clusters

Given    Inferred Clusters       Number of
 Pop       1      2             Individuals

  1:     0.504  0.496             358
  2:     0.498  0.502             1039
  3:     0.505  0.495             603
--------------------------------------------

  Rep#:   Lambda   Alpha      F1    F2     D1,2    Ln Like  Est Ln P(D)
304000:    1.00    6.665    0.081 0.036    0.043   -125387    0 
304100:    1.00    6.785    0.071 0.039    0.042   -125331    0 
304200:    1.00    6.474    0.057 0.028    0.043   -125388    0 
304300:    1.00    6.822    0.037 0.032    0.038   -125381    0 
304400:    1.00    6.753    0.059 0.033    0.034   -125440    0 
304500:    1.00    6.619    0.064 0.023    0.036   -125396    0 
304600:    1.00    6.496    0.069 0.028    0.039   -125342    0 
304700:    1.00    6.722    0.049 0.028    0.034   -125393    0 
304800:    1.00    6.508    0.092 0.028    0.045   -125294    0 
304900:    1.00    6.323    0.099 0.028    0.039   -125310    0 

--------------------------------------------
Proportion of membership of each pre-defined
 population in each of the 2 clusters

Given    Inferred Clusters       Number of
 Pop       1      2             Individuals

  1:     0.507  0.493             358
  2:     0.501  0.499             1039
  3:     0.499  0.501             603
--------------------------------------------

  Rep#:   Lambda   Alpha      F1    F2     D1,2    Ln Like  Est Ln P(D)
305000:    1.00    6.249    0.083 0.026    0.037   -125366    0 
305100:    1.00    6.061    0.075 0.024    0.043   -125338    0 
305200:    1.00    6.187    0.087 0.022    0.046   -125295    0 
305300:    1.00    6.390    0.083 0.021    0.044   -125278    0 
305400:    1.00    5.915    0.086 0.018    0.038   -125337    0 
305500:    1.00    5.955    0.089 0.017    0.037   -125341    0 
305600:    1.00    6.074    0.096 0.019    0.037   -125320    0 
305700:    1.00    5.819    0.063 0.017    0.035   -125303    0 
305800:    1.00    6.078    0.094 0.017    0.037   -125368    0 
305900:    1.00    6.293    0.096 0.019    0.043   -125322    0 

--------------------------------------------
Proportion of membership of each pre-defined
 population in each of the 2 clusters

Given    Inferred Clusters       Number of
 Pop       1      2             Individuals

  1:     0.500  0.500             358
  2:     0.500  0.500             1039
  3:     0.502  0.498             603
--------------------------------------------

  Rep#:   Lambda   Alpha      F1    F2     D1,2    Ln Like  Est Ln P(D)
306000:    1.00    6.312    0.081 0.018    0.042   -125314    0 
306100:    1.00    5.861    0.062 0.024    0.040   -125342    0 
306200:    1.00    6.121    0.069 0.026    0.036   -125381    0 
306300:    1.00    5.841    0.067 0.022    0.035   -125321    0 
306400:    1.00    5.064    0.103 0.018    0.030   -125388    0 
306500:    1.00    4.850    0.053 0.027    0.020   -125366    0 
306600:    1.00    4.995    0.047 0.028    0.032   -125290    0 
306700:    1.00    4.966    0.053 0.021    0.026   -125438    0 
306800:    1.00    5.181    0.051 0.021    0.025   -125404    0 
306900:    1.00    5.392    0.059 0.022    0.031   -125338    0 

--------------------------------------------
Proportion of membership of each pre-defined
 population in each of the 2 clusters

Given    Inferred Clusters       Number of
 Pop       1      2             Individuals

  1:     0.510  0.490             358
  2:     0.500  0.500             1039
  3:     0.492  0.508             603
--------------------------------------------

  Rep#:   Lambda   Alpha      F1    F2     D1,2    Ln Like  Est Ln P(D)
307000:    1.00    4.888    0.076 0.018    0.027   -125382    0 
307100:    1.00    5.148    0.063 0.020    0.030   -125348    0 
307200:    1.00    4.963    0.069 0.016    0.033   -125368    0 
307300:    1.00    5.113    0.059 0.034    0.037   -125346    0 
307400:    1.00    5.088    0.052 0.036    0.036   -125317    0 
307500:    1.00    5.230    0.057 0.032    0.035   -125385    0 
307600:    1.00    5.838    0.049 0.036    0.035   -125346    0 
307700:    1.00    6.105    0.048 0.042    0.045   -125361    0 
307800:    1.00    6.249    0.060 0.039    0.042   -125448    0 
307900:    1.00    5.848    0.052 0.039    0.036   -125341    0 

--------------------------------------------
Proportion of membership of each pre-defined
 population in each of the 2 clusters

Given    Inferred Clusters       Number of
 Pop       1      2             Individuals

  1:     0.494  0.506             358
  2:     0.493  0.507             1039
  3:     0.497  0.503             603
--------------------------------------------

  Rep#:   Lambda   Alpha      F1    F2     D1,2    Ln Like  Est Ln P(D)
308000:    1.00    6.073    0.043 0.046    0.042   -125366    0 
308100:    1.00    6.065    0.047 0.057    0.040   -125430    0 
308200:    1.00    6.058    0.063 0.051    0.036   -125326    0 
308300:    1.00    6.154    0.058 0.046    0.039   -125356    0 
308400:    1.00    6.661    0.073 0.045    0.049   -125366    0 
308500:    1.00    7.045    0.057 0.039    0.043   -125383    0 
308600:    1.00    6.918    0.050 0.038    0.037   -125384    0 
308700:    1.00    6.830    0.063 0.053    0.046   -125375    0 
308800:    1.00    6.778    0.062 0.046    0.047   -125357    0 
308900:    1.00    6.444    0.051 0.043    0.038   -125395    0 

--------------------------------------------
Proportion of membership of each pre-defined
 population in each of the 2 clusters

Given    Inferred Clusters       Number of
 Pop       1      2             Individuals

  1:     0.484  0.516             358
  2:     0.497  0.503             1039
  3:     0.497  0.503             603
--------------------------------------------

  Rep#:   Lambda   Alpha      F1    F2     D1,2    Ln Like  Est Ln P(D)
309000:    1.00    6.300    0.051 0.032    0.034   -125394    0 
309100:    1.00    6.197    0.061 0.034    0.042   -125344    0 
309200:    1.00    6.004    0.070 0.029    0.040   -125342    0 
309300:    1.00    6.229    0.063 0.023    0.040   -125322    0 
309400:    1.00    6.090    0.058 0.026    0.029   -125397    0 
309500:    1.00    6.140    0.054 0.031    0.032   -125347    0 
309600:    1.00    6.181    0.050 0.024    0.029   -125352    0 
309700:    1.00    6.093    0.054 0.032    0.039   -125353    0 
309800:    1.00    6.177    0.070 0.029    0.038   -125362    0 
309900:    1.00    6.201    0.069 0.033    0.034   -125327    0 

--------------------------------------------
Proportion of membership of each pre-defined
 population in each of the 2 clusters

Given    Inferred Clusters       Number of
 Pop       1      2             Individuals

  1:     0.509  0.491             358
  2:     0.494  0.506             1039
  3:     0.503  0.497             603
--------------------------------------------

  Rep#:   Lambda   Alpha      F1    F2     D1,2    Ln Like  Est Ln P(D)
310000:    1.00    6.492    0.070 0.045    0.040   -125361    0 
310100:    1.00    6.354    0.070 0.031    0.039   -125339    0 
310200:    1.00    6.354    0.075 0.032    0.046   -125276    0 
310300:    1.00    6.408    0.069 0.038    0.047   -125353    0 
310400:    1.00    6.181    0.051 0.049    0.050   -125295    0 
310500:    1.00    6.100    0.057 0.040    0.043   -125325    0 
310600:    1.00    6.262    0.059 0.042    0.038   -125373    0 
310700:    1.00    6.241    0.051 0.041    0.036   -125339    0 
310800:    1.00    6.084    0.042 0.045    0.036   -125392    0 
310900:    1.00    6.023    0.045 0.037    0.036   -125397    0 

--------------------------------------------
Proportion of membership of each pre-defined
 population in each of the 2 clusters

Given    Inferred Clusters       Number of
 Pop       1      2             Individuals

  1:     0.501  0.499             358
  2:     0.504  0.496             1039
  3:     0.503  0.497             603
--------------------------------------------

  Rep#:   Lambda   Alpha      F1    F2     D1,2    Ln Like  Est Ln P(D)
311000:    1.00    6.211    0.045 0.037    0.035   -125394    0 
311100:    1.00    6.305    0.057 0.035    0.038   -125347    0 
311200:    1.00    6.636    0.051 0.036    0.039   -125396    0 
311300:    1.00    6.348    0.053 0.028    0.030   -125430    0 
311400:    1.00    6.135    0.046 0.025    0.031   -125409    0 
311500:    1.00    5.738    0.052 0.033    0.038   -125379    0 
311600:    1.00    5.643    0.057 0.038    0.034   -125378    0 
311700:    1.00    5.847    0.050 0.031    0.029   -125395    0 
311800:    1.00    6.125    0.031 0.037    0.025   -125473    0 
311900:    1.00    5.503    0.031 0.059    0.034   -125354    0 

--------------------------------------------
Proportion of membership of each pre-defined
 population in each of the 2 clusters

Given    Inferred Clusters       Number of
 Pop       1      2             Individuals

  1:     0.492  0.508             358
  2:     0.496  0.504             1039
  3:     0.499  0.501             603
--------------------------------------------

  Rep#:   Lambda   Alpha      F1    F2     D1,2    Ln Like  Est Ln P(D)
312000:    1.00    5.330    0.030 0.058    0.036   -125305    0 
312100:    1.00    5.699    0.037 0.063    0.041   -125308    0 
312200:    1.00    6.130    0.038 0.054    0.036   -125386    0 
312300:    1.00    5.867    0.038 0.066    0.049   -125341    0 
312400:    1.00    6.060    0.036 0.059    0.049   -125375    0 
312500:    1.00    6.176    0.032 0.077    0.049   -125342    0 
312600:    1.00    5.632    0.030 0.073    0.049   -125284    0 
312700:    1.00    5.835    0.032 0.057    0.043   -125378    0 
312800:    1.00    6.189    0.044 0.050    0.036   -125426    0 
312900:    1.00    6.246    0.038 0.042    0.038   -125425    0 

--------------------------------------------
Proportion of membership of each pre-defined
 population in each of the 2 clusters

Given    Inferred Clusters       Number of
 Pop       1      2             Individuals

  1:     0.507  0.493             358
  2:     0.506  0.494             1039
  3:     0.494  0.506             603
--------------------------------------------

  Rep#:   Lambda   Alpha      F1    F2     D1,2    Ln Like  Est Ln P(D)
313000:    1.00    6.306    0.050 0.046    0.042   -125318    0 
313100:    1.00    6.218    0.048 0.038    0.040   -125389    0 
313200:    1.00    6.324    0.059 0.032    0.035   -125379    0 
313300:    1.00    6.007    0.052 0.035    0.035   -125388    0 
313400:    1.00    6.384    0.047 0.040    0.045   -125385    0 
313500:    1.00    6.135    0.048 0.036    0.037   -125371    0 
313600:    1.00    6.162    0.047 0.050    0.035   -125380    0 
313700:    1.00    6.091    0.056 0.032    0.047   -125315    0 
313800:    1.00    6.207    0.057 0.031    0.043   -125337    0 
313900:    1.00    6.240    0.061 0.031    0.044   -125341    0 

--------------------------------------------
Proportion of membership of each pre-defined
 population in each of the 2 clusters

Given    Inferred Clusters       Number of
 Pop       1      2             Individuals

  1:     0.498  0.502             358
  2:     0.502  0.498             1039
  3:     0.504  0.496             603
--------------------------------------------

  Rep#:   Lambda   Alpha      F1    F2     D1,2    Ln Like  Est Ln P(D)
314000:    1.00    6.260    0.059 0.033    0.043   -125318    0 
314100:    1.00    6.612    0.050 0.029    0.031   -125416    0 
314200:    1.00    6.547    0.069 0.036    0.051   -125361    0 
314300:    1.00    6.698    0.074 0.025    0.040   -125350    0 
314400:    1.00    6.965    0.068 0.022    0.042   -125381    0 
314500:    1.00    7.019    0.072 0.023    0.047   -125323    0 
314600:    1.00    7.085    0.091 0.029    0.047   -125335    0 
314700:    1.00    7.148    0.072 0.031    0.036   -125391    0 
314800:    1.00    6.908    0.073 0.027    0.037   -125391    0 
314900:    1.00    6.615    0.061 0.028    0.039   -125348    0 

--------------------------------------------
Proportion of membership of each pre-defined
 population in each of the 2 clusters

Given    Inferred Clusters       Number of
 Pop       1      2             Individuals

  1:     0.505  0.495             358
  2:     0.506  0.494             1039
  3:     0.492  0.508             603
--------------------------------------------

  Rep#:   Lambda   Alpha      F1    F2     D1,2    Ln Like  Est Ln P(D)
315000:    1.00    6.466    0.065 0.033    0.039   -125356    0 
315100:    1.00    6.927    0.074 0.033    0.039   -125344    0 
315200:    1.00    6.777    0.061 0.029    0.042   -125375    0 
315300:    1.00    6.811    0.053 0.035    0.038   -125355    0 
315400:    1.00    6.927    0.040 0.054    0.038   -125386    0 
315500:    1.00    7.248    0.033 0.052    0.044   -125364    0 
315600:    1.00    7.616    0.034 0.063    0.042   -125409    0 
315700:    1.00    7.544    0.051 0.055    0.045   -125398    0 
315800:    1.00    7.602    0.063 0.037    0.041   -125401    0 
315900:    1.00    7.613    0.047 0.051    0.039   -125386    0 

--------------------------------------------
Proportion of membership of each pre-defined
 population in each of the 2 clusters

Given    Inferred Clusters       Number of
 Pop       1      2             Individuals

  1:     0.511  0.489             358
  2:     0.500  0.500             1039
  3:     0.503  0.497             603
--------------------------------------------

  Rep#:   Lambda   Alpha      F1    F2     D1,2    Ln Like  Est Ln P(D)
316000:    1.00    7.154    0.052 0.054    0.049   -125372    0 
316100:    1.00    7.092    0.043 0.065    0.040   -125365    0 
316200:    1.00    7.160    0.057 0.046    0.035   -125393    0 
316300:    1.00    7.147    0.037 0.044    0.030   -125498    0 
316400:    1.00    7.388    0.028 0.048    0.028   -125474    0 
316500:    1.00    7.074    0.032 0.056    0.029   -125407    0 
316600:    1.00    7.520    0.031 0.036    0.027   -125411    0 
316700:    1.00    7.829    0.050 0.034    0.034   -125498    0 
316800:    1.00    7.549    0.047 0.036    0.030   -125469    0 
316900:    1.00    7.648    0.045 0.035    0.044   -125416    0 

--------------------------------------------
Proportion of membership of each pre-defined
 population in each of the 2 clusters

Given    Inferred Clusters       Number of
 Pop       1      2             Individuals

  1:     0.482  0.518             358
  2:     0.499  0.501             1039
  3:     0.505  0.495             603
--------------------------------------------

  Rep#:   Lambda   Alpha      F1    F2     D1,2    Ln Like  Est Ln P(D)
317000:    1.00    7.437    0.059 0.033    0.038   -125451    0 
317100:    1.00    7.210    0.049 0.038    0.039   -125407    0 
317200:    1.00    7.023    0.043 0.048    0.051   -125324    0 
317300:    1.00    7.211    0.039 0.057    0.045   -125343    0 
317400:    1.00    6.977    0.047 0.036    0.031   -125435    0 
317500:    1.00    6.943    0.051 0.044    0.046   -125374    0 
317600:    1.00    6.655    0.050 0.043    0.041   -125361    0 
317700:    1.00    6.662    0.064 0.036    0.033   -125368    0 
317800:    1.00    6.551    0.052 0.037    0.033   -125392    0 
317900:    1.00    6.365    0.065 0.034    0.033   -125383    0 

--------------------------------------------
Proportion of membership of each pre-defined
 population in each of the 2 clusters

Given    Inferred Clusters       Number of
 Pop       1      2             Individuals

  1:     0.499  0.501             358
  2:     0.501  0.499             1039
  3:     0.504  0.496             603
--------------------------------------------

  Rep#:   Lambda   Alpha      F1    F2     D1,2    Ln Like  Est Ln P(D)
318000:    1.00    6.306    0.065 0.037    0.037   -125349    0 
318100:    1.00    6.317    0.084 0.036    0.043   -125325    0 
318200:    1.00    5.850    0.062 0.041    0.041   -125330    0 
318300:    1.00    6.185    0.055 0.034    0.040   -125390    0 
318400:    1.00    5.974    0.050 0.037    0.033   -125364    0 
318500:    1.00    5.526    0.055 0.037    0.033   -125360    0 
318600:    1.00    5.710    0.052 0.032    0.033   -125357    0 
318700:    1.00    5.287    0.055 0.041    0.040   -125278    0 
318800:    1.00    5.426    0.058 0.032    0.043   -125235    0 
318900:    1.00    5.379    0.074 0.029    0.043   -125335    0 

--------------------------------------------
Proportion of membership of each pre-defined
 population in each of the 2 clusters

Given    Inferred Clusters       Number of
 Pop       1      2             Individuals

  1:     0.494  0.506             358
  2:     0.494  0.506             1039
  3:     0.502  0.498             603
--------------------------------------------

  Rep#:   Lambda   Alpha      F1    F2     D1,2    Ln Like  Est Ln P(D)
319000:    1.00    5.599    0.060 0.028    0.041   -125348    0 
319100:    1.00    5.742    0.053 0.031    0.041   -125329    0 
319200:    1.00    5.506    0.056 0.042    0.043   -125290    0 
319300:    1.00    5.839    0.056 0.043    0.039   -125334    0 
319400:    1.00    5.979    0.060 0.043    0.045   -125324    0 
319500:    1.00    6.072    0.059 0.041    0.032   -125396    0 
319600:    1.00    5.849    0.044 0.040    0.042   -125365    0 
319700:    1.00    5.476    0.046 0.042    0.036   -125375    0 
319800:    1.00    5.485    0.048 0.043    0.037   -125319    0 
319900:    1.00    5.137    0.044 0.061    0.039   -125283    0 

--------------------------------------------
Proportion of membership of each pre-defined
 population in each of the 2 clusters

Given    Inferred Clusters       Number of
 Pop       1      2             Individuals

  1:     0.498  0.502             358
  2:     0.505  0.495             1039
  3:     0.488  0.512             603
--------------------------------------------

  Rep#:   Lambda   Alpha      F1    F2     D1,2    Ln Like  Est Ln P(D)
320000:    1.00    5.423    0.041 0.058    0.042   -125317    0 
320100:    1.00    5.498    0.051 0.051    0.045   -125266    0 
320200:    1.00    5.489    0.057 0.045    0.038   -125353    0 
320300:    1.00    5.602    0.051 0.039    0.036   -125315    0 
320400:    1.00    5.737    0.064 0.057    0.034   -125362    0 
320500:    1.00    5.857    0.060 0.043    0.030   -125394    0 
320600:    1.00    5.879    0.071 0.038    0.043   -125319    0 
320700:    1.00    6.097    0.084 0.044    0.048   -125318    0 
320800:    1.00    6.576    0.099 0.044    0.055   -125276    0 
320900:    1.00    6.690    0.090 0.043    0.051   -125319    0 

--------------------------------------------
Proportion of membership of each pre-defined
 population in each of the 2 clusters

Given    Inferred Clusters       Number of
 Pop       1      2             Individuals

  1:     0.498  0.502             358
  2:     0.495  0.505             1039
  3:     0.507  0.493             603
--------------------------------------------

  Rep#:   Lambda   Alpha      F1    F2     D1,2    Ln Like  Est Ln P(D)
321000:    1.00    6.858    0.086 0.043    0.048   -125339    0 
321100:    1.00    7.012    0.068 0.046    0.049   -125333    0 
321200:    1.00    6.922    0.080 0.042    0.065   -125305    0 
321300:    1.00    7.074    0.084 0.039    0.048   -125361    0 
321400:    1.00    7.124    0.068 0.049    0.045   -125338    0 
321500:    1.00    7.537    0.085 0.052    0.055   -125371    0 
321600:    1.00    7.164    0.115 0.045    0.067   -125352    0 
321700:    1.00    7.323    0.070 0.044    0.052   -125331    0 
321800:    1.00    7.664    0.077 0.046    0.055   -125394    0 
321900:    1.00    7.458    0.073 0.039    0.053   -125312    0 

--------------------------------------------
Proportion of membership of each pre-defined
 population in each of the 2 clusters

Given    Inferred Clusters       Number of
 Pop       1      2             Individuals

  1:     0.503  0.497             358
  2:     0.501  0.499             1039
  3:     0.501  0.499             603
--------------------------------------------

  Rep#:   Lambda   Alpha      F1    F2     D1,2    Ln Like  Est Ln P(D)
322000:    1.00    7.756    0.059 0.044    0.047   -125362    0 
322100:    1.00    7.525    0.083 0.050    0.054   -125345    0 
322200:    1.00    7.404    0.068 0.057    0.045   -125336    0 
322300:    1.00    7.396    0.066 0.056    0.041   -125357    0 
322400:    1.00    7.241    0.044 0.045    0.044   -125393    0 
322500:    1.00    7.018    0.055 0.041    0.039   -125358    0 
322600:    1.00    7.027    0.069 0.031    0.046   -125356    0 
322700:    1.00    6.833    0.071 0.039    0.039   -125360    0 
322800:    1.00    6.868    0.078 0.029    0.035   -125396    0 
322900:    1.00    6.320    0.081 0.036    0.043   -125379    0 

--------------------------------------------
Proportion of membership of each pre-defined
 population in each of the 2 clusters

Given    Inferred Clusters       Number of
 Pop       1      2             Individuals

  1:     0.489  0.511             358
  2:     0.498  0.502             1039
  3:     0.505  0.495             603
--------------------------------------------

  Rep#:   Lambda   Alpha      F1    F2     D1,2    Ln Like  Est Ln P(D)
323000:    1.00    6.423    0.072 0.030    0.036   -125300    0 
323100:    1.00    6.562    0.072 0.040    0.040   -125364    0 
323200:    1.00    6.569    0.084 0.039    0.042   -125354    0 
323300:    1.00    7.012    0.085 0.034    0.047   -125242    0 
323400:    1.00    6.780    0.109 0.033    0.051   -125316    0 
323500:    1.00    6.605    0.104 0.037    0.053   -125286    0 
323600:    1.00    6.597    0.070 0.038    0.042   -125306    0 
323700:    1.00    6.553    0.073 0.044    0.038   -125394    0 
323800:    1.00    6.450    0.057 0.030    0.034   -125414    0 
323900:    1.00    6.455    0.064 0.025    0.036   -125370    0 

--------------------------------------------
Proportion of membership of each pre-defined
 population in each of the 2 clusters

Given    Inferred Clusters       Number of
 Pop       1      2             Individuals

  1:     0.502  0.498             358
  2:     0.497  0.503             1039
  3:     0.502  0.498             603
--------------------------------------------

  Rep#:   Lambda   Alpha      F1    F2     D1,2    Ln Like  Est Ln P(D)
324000:    1.00    6.760    0.054 0.032    0.036   -125391    0 
324100:    1.00    6.813    0.064 0.036    0.041   -125405    0 
324200:    1.00    6.685    0.076 0.037    0.052   -125267    0 
324300:    1.00    6.976    0.078 0.039    0.039   -125387    0 
324400:    1.00    6.762    0.064 0.034    0.042   -125405    0 
324500:    1.00    6.346    0.056 0.036    0.043   -125374    0 
324600:    1.00    6.189    0.059 0.029    0.039   -125378    0 
324700:    1.00    6.375    0.058 0.022    0.032   -125409    0 
324800:    1.00    6.665    0.097 0.022    0.049   -125350    0 
324900:    1.00    6.889    0.100 0.019    0.044   -125366    0 

--------------------------------------------
Proportion of membership of each pre-defined
 population in each of the 2 clusters

Given    Inferred Clusters       Number of
 Pop       1      2             Individuals

  1:     0.500  0.500             358
  2:     0.502  0.498             1039
  3:     0.492  0.508             603
--------------------------------------------

  Rep#:   Lambda   Alpha      F1    F2     D1,2    Ln Like  Est Ln P(D)
325000:    1.00    6.861    0.073 0.021    0.046   -125368    0 
325100:    1.00    6.617    0.068 0.021    0.046   -125320    0 
325200:    1.00    6.800    0.100 0.023    0.056   -125286    0 
325300:    1.00    7.038    0.102 0.028    0.061   -125332    0 
325400:    1.00    6.927    0.096 0.025    0.038   -125372    0 
325500:    1.00    6.974    0.080 0.029    0.043   -125325    0 
325600:    1.00    7.240    0.107 0.035    0.046   -125350    0 
325700:    1.00    7.385    0.087 0.037    0.048   -125357    0 
325800:    1.00    7.159    0.071 0.041    0.046   -125291    0 
325900:    1.00    7.119    0.079 0.034    0.046   -125350    0 

--------------------------------------------
Proportion of membership of each pre-defined
 population in each of the 2 clusters

Given    Inferred Clusters       Number of
 Pop       1      2             Individuals

  1:     0.485  0.515             358
  2:     0.498  0.502             1039
  3:     0.501  0.499             603
--------------------------------------------

  Rep#:   Lambda   Alpha      F1    F2     D1,2    Ln Like  Est Ln P(D)
326000:    1.00    7.397    0.088 0.031    0.044   -125381    0 
326100:    1.00    7.390    0.092 0.031    0.038   -125405    0 
326200:    1.00    7.174    0.105 0.025    0.040   -125348    0 
326300:    1.00    6.799    0.091 0.028    0.039   -125348    0 
326400:    1.00    6.789    0.070 0.031    0.043   -125301    0 
326500:    1.00    6.615    0.084 0.043    0.049   -125293    0 
326600:    1.00    6.675    0.089 0.037    0.040   -125359    0 
326700:    1.00    6.622    0.072 0.043    0.050   -125380    0 
326800:    1.00    6.474    0.082 0.042    0.044   -125341    0 
326900:    1.00    6.360    0.071 0.042    0.038   -125329    0 

--------------------------------------------
Proportion of membership of each pre-defined
 population in each of the 2 clusters

Given    Inferred Clusters       Number of
 Pop       1      2             Individuals

  1:     0.500  0.500             358
  2:     0.496  0.504             1039
  3:     0.499  0.501             603
--------------------------------------------

  Rep#:   Lambda   Alpha      F1    F2     D1,2    Ln Like  Est Ln P(D)
327000:    1.00    6.585    0.064 0.036    0.046   -125327    0 
327100:    1.00    7.056    0.055 0.051    0.048   -125343    0 
327200:    1.00    6.864    0.060 0.038    0.040   -125374    0 
327300:    1.00    7.033    0.052 0.054    0.040   -125362    0 
327400:    1.00    6.748    0.076 0.035    0.039   -125320    0 
327500:    1.00    6.419    0.072 0.023    0.032   -125383    0 
327600:    1.00    6.301    0.062 0.023    0.032   -125406    0 
327700:    1.00    6.357    0.071 0.024    0.038   -125353    0 
327800:    1.00    6.463    0.046 0.018    0.026   -125455    0 
327900:    1.00    6.513    0.071 0.021    0.040   -125331    0 

--------------------------------------------
Proportion of membership of each pre-defined
 population in each of the 2 clusters

Given    Inferred Clusters       Number of
 Pop       1      2             Individuals

  1:     0.497  0.503             358
  2:     0.500  0.500             1039
  3:     0.502  0.498             603
--------------------------------------------

  Rep#:   Lambda   Alpha      F1    F2     D1,2    Ln Like  Est Ln P(D)
328000:    1.00    6.436    0.066 0.020    0.038   -125381    0 
328100:    1.00    6.593    0.061 0.020    0.032   -125377    0 
328200:    1.00    6.394    0.072 0.021    0.032   -125394    0 
328300:    1.00    6.464    0.077 0.026    0.032   -125416    0 
328400:    1.00    6.655    0.068 0.025    0.034   -125395    0 
328500:    1.00    6.186    0.078 0.026    0.043   -125339    0 
328600:    1.00    6.329    0.071 0.026    0.042   -125406    0 
328700:    1.00    6.441    0.078 0.025    0.040   -125396    0 
328800:    1.00    6.630    0.084 0.026    0.041   -125386    0 
328900:    1.00    6.704    0.070 0.033    0.043   -125355    0 

--------------------------------------------
Proportion of membership of each pre-defined
 population in each of the 2 clusters

Given    Inferred Clusters       Number of
 Pop       1      2             Individuals

  1:     0.494  0.506             358
  2:     0.508  0.492             1039
  3:     0.504  0.496             603
--------------------------------------------

  Rep#:   Lambda   Alpha      F1    F2     D1,2    Ln Like  Est Ln P(D)
329000:    1.00    6.728    0.074 0.044    0.039   -125320    0 
329100:    1.00    6.356    0.077 0.036    0.039   -125415    0 
329200:    1.00    6.855    0.055 0.039    0.041   -125373    0 
329300:    1.00    6.989    0.050 0.037    0.038   -125426    0 
329400:    1.00    6.884    0.055 0.039    0.040   -125356    0 
329500:    1.00    7.113    0.046 0.059    0.043   -125455    0 
329600:    1.00    7.111    0.046 0.057    0.042   -125410    0 
329700:    1.00    6.821    0.036 0.050    0.041   -125377    0 
329800:    1.00    6.977    0.034 0.063    0.046   -125362    0 
329900:    1.00    7.138    0.045 0.067    0.044   -125352    0 

--------------------------------------------
Proportion of membership of each pre-defined
 population in each of the 2 clusters

Given    Inferred Clusters       Number of
 Pop       1      2             Individuals

  1:     0.499  0.501             358
  2:     0.501  0.499             1039
  3:     0.496  0.504             603
--------------------------------------------

  Rep#:   Lambda   Alpha      F1    F2     D1,2    Ln Like  Est Ln P(D)
330000:    1.00    7.406    0.050 0.065    0.045   -125404    0 
330100:    1.00    7.961    0.076 0.037    0.039   -125427    0 
330200:    1.00    8.202    0.074 0.038    0.048   -125458    0 
330300:    1.00    8.258    0.057 0.027    0.032   -125506    0 
330400:    1.00    8.324    0.052 0.034    0.035   -125438    0 
330500:    1.00    8.269    0.067 0.027    0.031   -125488    0 
330600:    1.00    8.492    0.077 0.027    0.041   -125418    0 
330700:    1.00    8.409    0.071 0.022    0.038   -125436    0 
330800:    1.00    8.479    0.086 0.022    0.054   -125397    0 
330900:    1.00    8.229    0.095 0.026    0.045   -125423    0 

--------------------------------------------
Proportion of membership of each pre-defined
 population in each of the 2 clusters

Given    Inferred Clusters       Number of
 Pop       1      2             Individuals

  1:     0.486  0.514             358
  2:     0.496  0.504             1039
  3:     0.499  0.501             603
--------------------------------------------

  Rep#:   Lambda   Alpha      F1    F2     D1,2    Ln Like  Est Ln P(D)
331000:    1.00    8.261    0.105 0.024    0.042   -125394    0 
331100:    1.00    8.049    0.090 0.030    0.040   -125409    0 
331200:    1.00    7.936    0.065 0.034    0.045   -125424    0 
331300:    1.00    7.657    0.079 0.034    0.042   -125397    0 
331400:    1.00    7.578    0.074 0.032    0.048   -125347    0 
331500:    1.00    7.586    0.077 0.034    0.045   -125380    0 
331600:    1.00    7.726    0.085 0.031    0.050   -125395    0 
331700:    1.00    7.275    0.073 0.034    0.049   -125400    0 
331800:    1.00    7.130    0.062 0.040    0.039   -125365    0 
331900:    1.00    6.995    0.065 0.033    0.040   -125309    0 

--------------------------------------------
Proportion of membership of each pre-defined
 population in each of the 2 clusters

Given    Inferred Clusters       Number of
 Pop       1      2             Individuals

  1:     0.503  0.497             358
  2:     0.503  0.497             1039
  3:     0.495  0.505             603
--------------------------------------------

  Rep#:   Lambda   Alpha      F1    F2     D1,2    Ln Like  Est Ln P(D)
332000:    1.00    6.959    0.060 0.039    0.042   -125304    0 
332100:    1.00    6.397    0.082 0.029    0.055   -125301    0 
332200:    1.00    6.293    0.071 0.034    0.051   -125308    0 
332300:    1.00    5.731    0.075 0.044    0.050   -125294    0 
332400:    1.00    6.050    0.059 0.046    0.040   -125374    0 
332500:    1.00    5.930    0.044 0.057    0.030   -125405    0 
332600:    1.00    6.103    0.063 0.046    0.038   -125349    0 
332700:    1.00    6.152    0.056 0.079    0.047   -125314    0 
332800:    1.00    5.941    0.050 0.049    0.039   -125351    0 
332900:    1.00    5.698    0.053 0.058    0.035   -125305    0 

--------------------------------------------
Proportion of membership of each pre-defined
 population in each of the 2 clusters

Given    Inferred Clusters       Number of
 Pop       1      2             Individuals

  1:     0.501  0.499             358
  2:     0.503  0.497             1039
  3:     0.508  0.492             603
--------------------------------------------

  Rep#:   Lambda   Alpha      F1    F2     D1,2    Ln Like  Est Ln P(D)
333000:    1.00    5.693    0.059 0.050    0.043   -125292    0 
333100:    1.00    5.782    0.056 0.058    0.039   -125288    0 
333200:    1.00    5.916    0.047 0.054    0.033   -125304    0 
333300:    1.00    6.294    0.062 0.041    0.035   -125356    0 
333400:    1.00    6.350    0.062 0.048    0.043   -125328    0 
333500:    1.00    6.260    0.076 0.041    0.058   -125296    0 
333600:    1.00    6.229    0.070 0.050    0.042   -125329    0 
333700:    1.00    6.168    0.065 0.068    0.039   -125300    0 
333800:    1.00    6.238    0.062 0.063    0.041   -125298    0 
333900:    1.00    6.144    0.064 0.052    0.041   -125340    0 

--------------------------------------------
Proportion of membership of each pre-defined
 population in each of the 2 clusters

Given    Inferred Clusters       Number of
 Pop       1      2             Individuals

  1:     0.489  0.511             358
  2:     0.493  0.507             1039
  3:     0.502  0.498             603
--------------------------------------------

  Rep#:   Lambda   Alpha      F1    F2     D1,2    Ln Like  Est Ln P(D)
334000:    1.00    6.467    0.070 0.058    0.054   -125250    0 
334100:    1.00    6.656    0.045 0.061    0.043   -125348    0 
334200:    1.00    6.394    0.048 0.053    0.045   -125317    0 
334300:    1.00    5.959    0.052 0.038    0.031   -125362    0 
334400:    1.00    5.802    0.039 0.028    0.027   -125371    0 
334500:    1.00    6.016    0.036 0.021    0.027   -125412    0 
334600:    1.00    5.914    0.043 0.033    0.032   -125383    0 
334700:    1.00    6.149    0.041 0.041    0.034   -125415    0 
334800:    1.00    6.493    0.055 0.036    0.044   -125330    0 
334900:    1.00    6.851    0.058 0.030    0.034   -125434    0 

--------------------------------------------
Proportion of membership of each pre-defined
 population in each of the 2 clusters

Given    Inferred Clusters       Number of
 Pop       1      2             Individuals

  1:     0.497  0.503             358
  2:     0.501  0.499             1039
  3:     0.500  0.500             603
--------------------------------------------

  Rep#:   Lambda   Alpha      F1    F2     D1,2    Ln Like  Est Ln P(D)
335000:    1.00    6.867    0.053 0.039    0.043   -125394    0 
335100:    1.00    6.849    0.053 0.032    0.040   -125343    0 
335200:    1.00    6.824    0.068 0.045    0.041   -125359    0 
335300:    1.00    6.979    0.067 0.041    0.045   -125341    0 
335400:    1.00    6.916    0.078 0.044    0.052   -125305    0 
335500:    1.00    7.123    0.070 0.052    0.052   -125339    0 
335600:    1.00    7.003    0.067 0.037    0.044   -125323    0 
335700:    1.00    7.071    0.055 0.049    0.042   -125363    0 
335800:    1.00    6.953    0.040 0.048    0.044   -125402    0 
335900:    1.00    6.740    0.045 0.061    0.048   -125330    0 

--------------------------------------------
Proportion of membership of each pre-defined
 population in each of the 2 clusters

Given    Inferred Clusters       Number of
 Pop       1      2             Individuals

  1:     0.502  0.498             358
  2:     0.499  0.501             1039
  3:     0.495  0.505             603
--------------------------------------------

  Rep#:   Lambda   Alpha      F1    F2     D1,2    Ln Like  Est Ln P(D)
336000:    1.00    6.677    0.049 0.062    0.041   -125383    0 
336100:    1.00    7.099    0.048 0.059    0.045   -125391    0 
336200:    1.00    7.078    0.044 0.042    0.036   -125413    0 
336300:    1.00    7.186    0.042 0.049    0.043   -125401    0 
336400:    1.00    7.296    0.052 0.045    0.034   -125433    0 
336500:    1.00    7.362    0.045 0.045    0.043   -125400    0 
336600:    1.00    7.435    0.068 0.027    0.034   -125460    0 
336700:    1.00    7.623    0.087 0.034    0.033   -125406    0 
336800:    1.00    7.839    0.077 0.029    0.039   -125433    0 
336900:    1.00    7.813    0.055 0.036    0.035   -125426    0 

--------------------------------------------
Proportion of membership of each pre-defined
 population in each of the 2 clusters

Given    Inferred Clusters       Number of
 Pop       1      2             Individuals

  1:     0.502  0.498             358
  2:     0.501  0.499             1039
  3:     0.498  0.502             603
--------------------------------------------

  Rep#:   Lambda   Alpha      F1    F2     D1,2    Ln Like  Est Ln P(D)
337000:    1.00    8.196    0.062 0.037    0.032   -125471    0 
337100:    1.00    7.988    0.046 0.043    0.038   -125450    0 
337200:    1.00    8.230    0.058 0.049    0.038   -125400    0 
337300:    1.00    8.001    0.075 0.028    0.035   -125446    0 
337400:    1.00    7.917    0.059 0.028    0.035   -125433    0 
337500:    1.00    7.927    0.070 0.035    0.043   -125424    0 
337600:    1.00    8.344    0.073 0.037    0.051   -125457    0 
337700:    1.00    7.869    0.069 0.050    0.047   -125376    0 
337800:    1.00    8.255    0.073 0.042    0.051   -125338    0 
337900:    1.00    8.040    0.074 0.030    0.038   -125445    0 

--------------------------------------------
Proportion of membership of each pre-defined
 population in each of the 2 clusters

Given    Inferred Clusters       Number of
 Pop       1      2             Individuals

  1:     0.503  0.497             358
  2:     0.501  0.499             1039
  3:     0.500  0.500             603
--------------------------------------------

  Rep#:   Lambda   Alpha      F1    F2     D1,2    Ln Like  Est Ln P(D)
338000:    1.00    8.011    0.067 0.030    0.041   -125436    0 
338100:    1.00    8.048    0.073 0.041    0.050   -125363    0 
338200:    1.00    8.365    0.084 0.033    0.045   -125430    0 
338300:    1.00    8.492    0.090 0.027    0.050   -125396    0 
338400:    1.00    8.488    0.092 0.034    0.053   -125408    0 
338500:    1.00    8.539    0.076 0.033    0.042   -125426    0 
338600:    1.00    8.534    0.122 0.030    0.054   -125375    0 
338700:    1.00    8.275    0.078 0.027    0.056   -125360    0 
338800:    1.00    8.415    0.099 0.025    0.049   -125406    0 
338900:    1.00    8.839    0.094 0.026    0.051   -125381    0 

--------------------------------------------
Proportion of membership of each pre-defined
 population in each of the 2 clusters

Given    Inferred Clusters       Number of
 Pop       1      2             Individuals

  1:     0.490  0.510             358
  2:     0.500  0.500             1039
  3:     0.500  0.500             603
--------------------------------------------

  Rep#:   Lambda   Alpha      F1    F2     D1,2    Ln Like  Est Ln P(D)
339000:    1.00    8.314    0.126 0.028    0.049   -125330    0 
339100:    1.00    8.687    0.135 0.026    0.058   -125316    0 
339200:    1.00    8.441    0.103 0.032    0.054   -125326    0 
339300:    1.00    8.439    0.119 0.030    0.049   -125387    0 
339400:    1.00    8.702    0.085 0.023    0.041   -125424    0 
339500:    1.00    8.775    0.085 0.033    0.049   -125377    0 
339600:    1.00    8.349    0.089 0.038    0.053   -125341    0 
339700:    1.00    8.733    0.075 0.030    0.059   -125370    0 
339800:    1.00    8.557    0.060 0.036    0.046   -125416    0 
339900:    1.00    8.702    0.065 0.035    0.043   -125455    0 

--------------------------------------------
Proportion of membership of each pre-defined
 population in each of the 2 clusters

Given    Inferred Clusters       Number of
 Pop       1      2             Individuals

  1:     0.503  0.497             358
  2:     0.500  0.500             1039
  3:     0.502  0.498             603
--------------------------------------------

  Rep#:   Lambda   Alpha      F1    F2     D1,2    Ln Like  Est Ln P(D)
340000:    1.00    8.445    0.060 0.040    0.054   -125345    0 
340100:    1.00    8.599    0.061 0.048    0.043   -125424    0 
340200:    1.00    8.452    0.074 0.038    0.051   -125365    0 
340300:    1.00    8.729    0.068 0.044    0.059   -125315    0 
340400:    1.00    8.373    0.055 0.048    0.052   -125342    0 
340500:    1.00    8.447    0.076 0.043    0.052   -125412    0 
340600:    1.00    8.194    0.066 0.028    0.048   -125353    0 
340700:    1.00    8.225    0.068 0.036    0.045   -125394    0 
340800:    1.00    8.247    0.067 0.033    0.044   -125395    0 
340900:    1.00    8.368    0.071 0.033    0.045   -125412    0 

--------------------------------------------
Proportion of membership of each pre-defined
 population in each of the 2 clusters

Given    Inferred Clusters       Number of
 Pop       1      2             Individuals

  1:     0.497  0.503             358
  2:     0.497  0.503             1039
  3:     0.488  0.512             603
--------------------------------------------

  Rep#:   Lambda   Alpha      F1    F2     D1,2    Ln Like  Est Ln P(D)
341000:    1.00    8.533    0.076 0.029    0.047   -125402    0 
341100:    1.00    9.231    0.095 0.035    0.054   -125388    0 
341200:    1.00    8.879    0.103 0.044    0.054   -125347    0 
341300:    1.00    8.888    0.101 0.039    0.045   -125386    0 
341400:    1.00    9.071    0.085 0.030    0.054   -125395    0 
341500:    1.00    8.985    0.089 0.030    0.056   -125346    0 
341600:    1.00    9.193    0.076 0.039    0.054   -125421    0 
341700:    1.00    9.385    0.081 0.035    0.051   -125367    0 
341800:    1.00    9.320    0.090 0.033    0.042   -125485    0 
341900:    1.00    9.478    0.070 0.045    0.044   -125416    0 

--------------------------------------------
Proportion of membership of each pre-defined
 population in each of the 2 clusters

Given    Inferred Clusters       Number of
 Pop       1      2             Individuals

  1:     0.502  0.498             358
  2:     0.504  0.496             1039
  3:     0.500  0.500             603
--------------------------------------------

  Rep#:   Lambda   Alpha      F1    F2     D1,2    Ln Like  Est Ln P(D)
342000:    1.00    9.616    0.065 0.052    0.048   -125418    0 
342100:    1.00    9.514    0.060 0.045    0.041   -125448    0 
342200:    1.00    9.528    0.047 0.047    0.046   -125413    0 
342300:    1.00    9.522    0.065 0.042    0.043   -125504    0 
342400:    1.00    9.659    0.078 0.047    0.051   -125422    0 
342500:    1.00    9.563    0.085 0.045    0.065   -125349    0 
342600:    1.00    9.656    0.080 0.050    0.057   -125338    0 
342700:    1.00    9.301    0.082 0.041    0.060   -125400    0 
342800:    1.00    9.164    0.101 0.042    0.066   -125386    0 
342900:    1.00    8.815    0.103 0.047    0.064   -125358    0 

--------------------------------------------
Proportion of membership of each pre-defined
 population in each of the 2 clusters

Given    Inferred Clusters       Number of
 Pop       1      2             Individuals

  1:     0.507  0.493             358
  2:     0.504  0.496             1039
  3:     0.503  0.497             603
--------------------------------------------

  Rep#:   Lambda   Alpha      F1    F2     D1,2    Ln Like  Est Ln P(D)
343000:    1.00    8.850    0.081 0.037    0.063   -125322    0 
343100:    1.00    8.579    0.102 0.037    0.051   -125329    0 
343200:    1.00    8.615    0.087 0.043    0.053   -125390    0 
343300:    1.00    8.877    0.080 0.040    0.043   -125397    0 
343400:    1.00    9.245    0.101 0.045    0.053   -125391    0 
343500:    1.00    9.078    0.062 0.041    0.046   -125482    0 
343600:    1.00    8.936    0.058 0.042    0.053   -125397    0 
343700:    1.00    9.266    0.067 0.038    0.049   -125489    0 
343800:    1.00    9.552    0.072 0.038    0.045   -125502    0 
343900:    1.00    9.412    0.077 0.050    0.046   -125441    0 

--------------------------------------------
Proportion of membership of each pre-defined
 population in each of the 2 clusters

Given    Inferred Clusters       Number of
 Pop       1      2             Individuals

  1:     0.492  0.508             358
  2:     0.500  0.500             1039
  3:     0.502  0.498             603
--------------------------------------------

  Rep#:   Lambda   Alpha      F1    F2     D1,2    Ln Like  Est Ln P(D)
344000:    1.00    9.413    0.083 0.033    0.052   -125400    0 
344100:    1.00    9.039    0.072 0.048    0.054   -125383    0 
344200:    1.00    9.058    0.072 0.060    0.056   -125343    0 
344300:    1.00    9.131    0.056 0.056    0.052   -125379    0 
344400:    1.00    9.051    0.085 0.046    0.058   -125346    0 
344500:    1.00    9.370    0.077 0.053    0.047   -125430    0 
344600:    1.00    9.074    0.062 0.050    0.047   -125340    0 
344700:    1.00    9.401    0.057 0.039    0.055   -125397    0 
344800:    1.00    9.762    0.051 0.041    0.049   -125425    0 
344900:    1.00    9.758    0.069 0.040    0.053   -125454    0 

--------------------------------------------
Proportion of membership of each pre-defined
 population in each of the 2 clusters

Given    Inferred Clusters       Number of
 Pop       1      2             Individuals

  1:     0.496  0.504             358
  2:     0.505  0.495             1039
  3:     0.497  0.503             603
--------------------------------------------

  Rep#:   Lambda   Alpha      F1    F2     D1,2    Ln Like  Est Ln P(D)
345000:    1.00    9.701    0.077 0.040    0.065   -125465    0 
345100:    1.00    9.983    0.081 0.030    0.049   -125478    0 
345200:    1.00    9.939    0.059 0.047    0.044   -125485    0 
345300:    1.00    9.996    0.047 0.045    0.049   -125441    0 
345400:    1.00    9.708    0.057 0.053    0.045   -125466    0 
345500:    1.00    9.573    0.067 0.039    0.046   -125430    0 
345600:    1.00    9.961    0.063 0.045    0.048   -125415    0 
345700:    1.00    9.804    0.047 0.046    0.043   -125438    0 
345800:    1.00    9.936    0.057 0.052    0.048   -125450    0 
345900:    1.00    9.640    0.054 0.052    0.043   -125482    0 

--------------------------------------------
Proportion of membership of each pre-defined
 population in each of the 2 clusters

Given    Inferred Clusters       Number of
 Pop       1      2             Individuals

  1:     0.491  0.509             358
  2:     0.495  0.505             1039
  3:     0.500  0.500             603
--------------------------------------------

  Rep#:   Lambda   Alpha      F1    F2     D1,2    Ln Like  Est Ln P(D)
346000:    1.00    9.385    0.064 0.049    0.046   -125421    0 
346100:    1.00    9.544    0.075 0.039    0.050   -125437    0 
346200:    1.00    9.178    0.069 0.039    0.050   -125412    0 
346300:    1.00    9.205    0.069 0.060    0.051   -125376    0 
346400:    1.00    9.390    0.056 0.058    0.050   -125410    0 
346500:    1.00    9.533    0.048 0.059    0.055   -125379    0 
346600:    1.00    9.438    0.045 0.058    0.047   -125414    0 
346700:    1.00    9.067    0.046 0.053    0.048   -125444    0 
346800:    1.00    9.276    0.053 0.063    0.055   -125402    0 
346900:    1.00    9.149    0.043 0.061    0.057   -125378    0 

--------------------------------------------
Proportion of membership of each pre-defined
 population in each of the 2 clusters

Given    Inferred Clusters       Number of
 Pop       1      2             Individuals

  1:     0.501  0.499             358
  2:     0.501  0.499             1039
  3:     0.505  0.495             603
--------------------------------------------

  Rep#:   Lambda   Alpha      F1    F2     D1,2    Ln Like  Est Ln P(D)
347000:    1.00    9.182    0.056 0.067    0.063   -125358    0 
347100:    1.00    9.504    0.051 0.062    0.051   -125443    0 
347200:    1.00    9.536    0.052 0.080    0.048   -125438    0 
347300:    1.00    9.784    0.038 0.074    0.048   -125474    0 
347400:    1.00    9.615    0.040 0.072    0.048   -125445    0 
347500:    1.00    9.501    0.052 0.067    0.048   -125489    0 
347600:    1.00    9.823    0.053 0.062    0.043   -125486    0 
347700:    1.00    9.554    0.042 0.056    0.054   -125455    0 
347800:    1.00    9.704    0.063 0.059    0.069   -125359    0 
347900:    1.00    9.585    0.055 0.064    0.058   -125395    0 

--------------------------------------------
Proportion of membership of each pre-defined
 population in each of the 2 clusters

Given    Inferred Clusters       Number of
 Pop       1      2             Individuals

  1:     0.491  0.509             358
  2:     0.500  0.500             1039
  3:     0.506  0.494             603
--------------------------------------------

  Rep#:   Lambda   Alpha      F1    F2     D1,2    Ln Like  Est Ln P(D)
348000:    1.00    9.765    0.066 0.072    0.072   -125307    0 
348100:    1.00    9.939    0.065 0.057    0.055   -125409    0 
348200:    1.00    9.790    0.070 0.058    0.058   -125392    0 
348300:    1.00    9.832    0.107 0.052    0.067   -125358    0 
348400:    1.00    9.496    0.085 0.044    0.059   -125395    0 
348500:    1.00    9.689    0.085 0.043    0.062   -125363    0 
348600:    1.00    9.671    0.071 0.049    0.049   -125373    0 
348700:    1.00    9.423    0.084 0.046    0.052   -125392    0 
348800:    1.00    9.167    0.103 0.035    0.047   -125417    0 
348900:    1.00    9.318    0.122 0.032    0.046   -125407    0 

--------------------------------------------
Proportion of membership of each pre-defined
 population in each of the 2 clusters

Given    Inferred Clusters       Number of
 Pop       1      2             Individuals

  1:     0.502  0.498             358
  2:     0.499  0.501             1039
  3:     0.493  0.507             603
--------------------------------------------

  Rep#:   Lambda   Alpha      F1    F2     D1,2    Ln Like  Est Ln P(D)
349000:    1.00    9.267    0.084 0.034    0.041   -125455    0 
349100:    1.00    9.525    0.066 0.041    0.035   -125464    0 
349200:    1.00    9.676    0.071 0.057    0.056   -125381    0 
349300:    1.00    9.720    0.061 0.058    0.059   -125411    0 
349400:    1.00    9.595    0.062 0.078    0.058   -125378    0 
349500:    1.00    9.932    0.068 0.065    0.070   -125409    0 
349600:    1.00    9.808    0.050 0.068    0.054   -125391    0 
349700:    1.00    9.968    0.062 0.061    0.054   -125447    0 
349800:    1.00    9.971    0.067 0.050    0.046   -125432    0 
349900:    1.00    9.830    0.057 0.053    0.046   -125495    0 

--------------------------------------------
Proportion of membership of each pre-defined
 population in each of the 2 clusters

Given    Inferred Clusters       Number of
 Pop       1      2             Individuals

  1:     0.504  0.496             358
  2:     0.494  0.506             1039
  3:     0.502  0.498             603
--------------------------------------------

  Rep#:   Lambda   Alpha      F1    F2     D1,2    Ln Like  Est Ln P(D)
350000:    1.00    9.739    0.058 0.043    0.037   -125459    0 
350100:    1.00    9.585    0.056 0.040    0.041   -125493    0 
350200:    1.00    9.541    0.056 0.047    0.040   -125475    0 
350300:    1.00    9.655    0.073 0.049    0.069   -125385    0 
350400:    1.00    9.497    0.067 0.051    0.057   -125381    0 
350500:    1.00    9.339    0.078 0.034    0.044   -125398    0 
350600:    1.00    9.279    0.092 0.032    0.039   -125474    0 
350700:    1.00    9.510    0.070 0.029    0.039   -125460    0 
350800:    1.00    9.395    0.092 0.033    0.046   -125376    0 
350900:    1.00    9.254    0.091 0.034    0.048   -125381    0 

--------------------------------------------
Proportion of membership of each pre-defined
 population in each of the 2 clusters

Given    Inferred Clusters       Number of
 Pop       1      2             Individuals

  1:     0.497  0.503             358
  2:     0.499  0.501             1039
  3:     0.496  0.504             603
--------------------------------------------

  Rep#:   Lambda   Alpha      F1    F2     D1,2    Ln Like  Est Ln P(D)
351000:    1.00    9.454    0.100 0.029    0.051   -125451    0 
351100:    1.00    9.204    0.084 0.030    0.045   -125410    0 
351200:    1.00    9.261    0.065 0.032    0.037   -125476    0 
351300:    1.00    9.383    0.063 0.034    0.041   -125400    0 
351400:    1.00    9.384    0.059 0.054    0.043   -125477    0 
351500:    1.00    9.259    0.038 0.057    0.045   -125497    0 
351600:    1.00    9.496    0.043 0.062    0.055   -125414    0 
351700:    1.00    9.264    0.060 0.052    0.051   -125425    0 
351800:    1.00    9.108    0.049 0.075    0.044   -125490    0 
351900:    1.00    9.626    0.048 0.062    0.050   -125401    0 

--------------------------------------------
Proportion of membership of each pre-defined
 population in each of the 2 clusters

Given    Inferred Clusters       Number of
 Pop       1      2             Individuals

  1:     0.492  0.508             358
  2:     0.504  0.496             1039
  3:     0.498  0.502             603
--------------------------------------------

  Rep#:   Lambda   Alpha      F1    F2     D1,2    Ln Like  Est Ln P(D)
352000:    1.00    9.486    0.054 0.060    0.054   -125380    0 
352100:    1.00    9.503    0.084 0.056    0.060   -125377    0 
352200:    1.00    9.505    0.090 0.059    0.059   -125385    0 
352300:    1.00    9.333    0.120 0.040    0.061   -125374    0 
352400:    1.00    9.088    0.093 0.044    0.060   -125318    0 
352500:    1.00    9.120    0.070 0.059    0.060   -125368    0 
352600:    1.00    8.809    0.085 0.048    0.049   -125397    0 
352700:    1.00    8.854    0.069 0.041    0.055   -125366    0 
352800:    1.00    9.272    0.081 0.050    0.054   -125395    0 
352900:    1.00    9.306    0.076 0.055    0.055   -125382    0 

--------------------------------------------
Proportion of membership of each pre-defined
 population in each of the 2 clusters

Given    Inferred Clusters       Number of
 Pop       1      2             Individuals

  1:     0.503  0.497             358
  2:     0.501  0.499             1039
  3:     0.503  0.497             603
--------------------------------------------

  Rep#:   Lambda   Alpha      F1    F2     D1,2    Ln Like  Est Ln P(D)
353000:    1.00    9.348    0.100 0.037    0.055   -125366    0 
353100:    1.00    9.275    0.095 0.049    0.057   -125373    0 
353200:    1.00    9.233    0.111 0.034    0.060   -125334    0 
353300:    1.00    9.586    0.105 0.040    0.048   -125417    0 
353400:    1.00    9.764    0.082 0.054    0.048   -125443    0 
353500:    1.00    9.882    0.095 0.046    0.059   -125389    0 
353600:    1.00    9.787    0.103 0.036    0.067   -125378    0 
353700:    1.00    9.929    0.095 0.039    0.056   -125436    0 
353800:    1.00    9.658    0.108 0.036    0.054   -125405    0 
353900:    1.00    9.298    0.090 0.041    0.054   -125380    0 

--------------------------------------------
Proportion of membership of each pre-defined
 population in each of the 2 clusters

Given    Inferred Clusters       Number of
 Pop       1      2             Individuals

  1:     0.487  0.513             358
  2:     0.501  0.499             1039
  3:     0.492  0.508             603
--------------------------------------------

  Rep#:   Lambda   Alpha      F1    F2     D1,2    Ln Like  Est Ln P(D)
354000:    1.00    9.643    0.096 0.039    0.055   -125388    0 
354100:    1.00    9.265    0.120 0.035    0.059   -125350    0 
354200:    1.00    9.283    0.118 0.037    0.060   -125424    0 
354300:    1.00    9.390    0.120 0.033    0.056   -125434    0 
354400:    1.00    9.866    0.103 0.035    0.054   -125415    0 
354500:    1.00    9.973    0.110 0.031    0.051   -125430    0 
354600:    1.00    9.953    0.106 0.039    0.054   -125384    0 
354700:    1.00    9.850    0.104 0.041    0.061   -125370    0 
354800:    1.00    9.958    0.110 0.041    0.056   -125415    0 
354900:    1.00    9.916    0.074 0.042    0.052   -125401    0 

--------------------------------------------
Proportion of membership of each pre-defined
 population in each of the 2 clusters

Given    Inferred Clusters       Number of
 Pop       1      2             Individuals

  1:     0.505  0.495             358
  2:     0.502  0.498             1039
  3:     0.502  0.498             603
--------------------------------------------

  Rep#:   Lambda   Alpha      F1    F2     D1,2    Ln Like  Est Ln P(D)
355000:    1.00    9.895    0.090 0.066    0.061   -125353    0 
355100:    1.00    9.949    0.121 0.049    0.063   -125340    0 
355200:    1.00    9.578    0.114 0.045    0.050   -125348    0 
355300:    1.00    9.849    0.077 0.041    0.046   -125471    0 
355400:    1.00    9.875    0.083 0.044    0.041   -125439    0 
355500:    1.00    9.686    0.077 0.034    0.048   -125455    0 
355600:    1.00    9.904    0.066 0.029    0.052   -125455    0 
355700:    1.00    9.759    0.082 0.036    0.058   -125442    0 
355800:    1.00    9.549    0.069 0.034    0.054   -125405    0 
355900:    1.00    9.418    0.080 0.035    0.049   -125394    0 

--------------------------------------------
Proportion of membership of each pre-defined
 population in each of the 2 clusters

Given    Inferred Clusters       Number of
 Pop       1      2             Individuals

  1:     0.495  0.505             358
  2:     0.496  0.504             1039
  3:     0.501  0.499             603
--------------------------------------------

  Rep#:   Lambda   Alpha      F1    F2     D1,2    Ln Like  Est Ln P(D)
356000:    1.00    8.814    0.103 0.038    0.055   -125385    0 
356100:    1.00    8.876    0.086 0.045    0.057   -125372    0 
356200:    1.00    9.022    0.084 0.036    0.056   -125298    0 
356300:    1.00    8.719    0.091 0.055    0.056   -125349    0 
356400:    1.00    8.463    0.074 0.065    0.055   -125398    0 
356500:    1.00    8.800    0.083 0.055    0.041   -125440    0 
356600:    1.00    8.997    0.087 0.054    0.042   -125399    0 
356700:    1.00    9.365    0.075 0.054    0.057   -125388    0 
356800:    1.00    9.636    0.091 0.050    0.053   -125404    0 
356900:    1.00    9.832    0.070 0.038    0.059   -125432    0 

--------------------------------------------
Proportion of membership of each pre-defined
 population in each of the 2 clusters

Given    Inferred Clusters       Number of
 Pop       1      2             Individuals

  1:     0.509  0.491             358
  2:     0.499  0.501             1039
  3:     0.498  0.502             603
--------------------------------------------

  Rep#:   Lambda   Alpha      F1    F2     D1,2    Ln Like  Est Ln P(D)
357000:    1.00    9.770    0.101 0.041    0.057   -125371    0 
357100:    1.00    9.824    0.124 0.047    0.056   -125406    0 
357200:    1.00    9.659    0.113 0.036    0.059   -125355    0 
357300:    1.00    9.674    0.102 0.029    0.042   -125356    0 
357400:    1.00    9.583    0.073 0.041    0.045   -125392    0 
357500:    1.00    9.523    0.083 0.033    0.054   -125389    0 
357600:    1.00    9.563    0.078 0.033    0.047   -125405    0 
357700:    1.00    9.230    0.092 0.033    0.050   -125416    0 
357800:    1.00    9.034    0.082 0.036    0.053   -125389    0 
357900:    1.00    9.156    0.067 0.032    0.036   -125462    0 

--------------------------------------------
Proportion of membership of each pre-defined
 population in each of the 2 clusters

Given    Inferred Clusters       Number of
 Pop       1      2             Individuals

  1:     0.500  0.500             358
  2:     0.497  0.503             1039
  3:     0.498  0.502             603
--------------------------------------------

  Rep#:   Lambda   Alpha      F1    F2     D1,2    Ln Like  Est Ln P(D)
358000:    1.00    9.198    0.092 0.042    0.064   -125382    0 
358100:    1.00    9.662    0.085 0.041    0.061   -125340    0 
358200:    1.00    9.809    0.092 0.034    0.055   -125368    0 
358300:    1.00    9.456    0.085 0.043    0.051   -125378    0 
358400:    1.00    9.202    0.081 0.034    0.049   -125457    0 
358500:    1.00    9.580    0.080 0.036    0.047   -125476    0 
358600:    1.00    9.668    0.099 0.023    0.052   -125428    0 
358700:    1.00    9.372    0.140 0.023    0.065   -125392    0 
358800:    1.00    9.055    0.127 0.029    0.050   -125424    0 
358900:    1.00    8.897    0.112 0.028    0.054   -125407    0 

--------------------------------------------
Proportion of membership of each pre-defined
 population in each of the 2 clusters

Given    Inferred Clusters       Number of
 Pop       1      2             Individuals

  1:     0.505  0.495             358
  2:     0.503  0.497             1039
  3:     0.500  0.500             603
--------------------------------------------

  Rep#:   Lambda   Alpha      F1    F2     D1,2    Ln Like  Est Ln P(D)
359000:    1.00    8.701    0.109 0.028    0.051   -125412    0 
359100:    1.00    8.735    0.100 0.025    0.055   -125426    0 
359200:    1.00    8.766    0.084 0.020    0.043   -125480    0 
359300:    1.00    8.746    0.076 0.023    0.050   -125399    0 
359400:    1.00    8.658    0.085 0.025    0.046   -125425    0 
359500:    1.00    8.447    0.095 0.023    0.035   -125417    0 
359600:    1.00    8.259    0.081 0.022    0.041   -125493    0 
359700:    1.00    7.830    0.096 0.025    0.051   -125375    0 
359800:    1.00    7.590    0.082 0.039    0.056   -125380    0 
359900:    1.00    7.950    0.094 0.018    0.040   -125398    0 

--------------------------------------------
Proportion of membership of each pre-defined
 population in each of the 2 clusters

Given    Inferred Clusters       Number of
 Pop       1      2             Individuals

  1:     0.491  0.509             358
  2:     0.495  0.505             1039
  3:     0.500  0.500             603
--------------------------------------------

  Rep#:   Lambda   Alpha      F1    F2     D1,2    Ln Like  Est Ln P(D)
360000:    1.00    8.452    0.100 0.031    0.047   -125416    0 
360100:    1.00    8.225    0.083 0.030    0.041   -125423    0 
360200:    1.00    7.689    0.076 0.030    0.042   -125416    0 
360300:    1.00    8.078    0.085 0.034    0.042   -125477    0 
360400:    1.00    8.118    0.070 0.028    0.038   -125442    0 
360500:    1.00    8.160    0.063 0.045    0.048   -125370    0 
360600:    1.00    8.421    0.082 0.033    0.044   -125364    0 
360700:    1.00    8.329    0.081 0.034    0.048   -125382    0 
360800:    1.00    7.985    0.084 0.028    0.048   -125389    0 
360900:    1.00    7.906    0.102 0.030    0.049   -125344    0 

--------------------------------------------
Proportion of membership of each pre-defined
 population in each of the 2 clusters

Given    Inferred Clusters       Number of
 Pop       1      2             Individuals

  1:     0.501  0.499             358
  2:     0.501  0.499             1039
  3:     0.495  0.505             603
--------------------------------------------

  Rep#:   Lambda   Alpha      F1    F2     D1,2    Ln Like  Est Ln P(D)
361000:    1.00    7.588    0.090 0.038    0.046   -125440    0 
361100:    1.00    7.649    0.084 0.027    0.039   -125395    0 
361200:    1.00    7.554    0.075 0.029    0.039   -125408    0 
361300:    1.00    7.282    0.080 0.031    0.050   -125384    0 
361400:    1.00    7.333    0.082 0.030    0.041   -125360    0 
361500:    1.00    7.231    0.076 0.025    0.048   -125345    0 
361600:    1.00    7.531    0.080 0.024    0.039   -125430    0 
361700:    1.00    7.725    0.087 0.022    0.052   -125407    0 
361800:    1.00    7.642    0.075 0.027    0.051   -125392    0 
361900:    1.00    7.938    0.075 0.036    0.043   -125437    0 

--------------------------------------------
Proportion of membership of each pre-defined
 population in each of the 2 clusters

Given    Inferred Clusters       Number of
 Pop       1      2             Individuals

  1:     0.502  0.498             358
  2:     0.506  0.494             1039
  3:     0.496  0.504             603
--------------------------------------------

  Rep#:   Lambda   Alpha      F1    F2     D1,2    Ln Like  Est Ln P(D)
362000:    1.00    7.919    0.057 0.034    0.040   -125430    0 
362100:    1.00    7.957    0.085 0.030    0.048   -125387    0 
362200:    1.00    8.249    0.067 0.035    0.048   -125386    0 
362300:    1.00    7.670    0.063 0.044    0.048   -125387    0 
362400:    1.00    8.000    0.062 0.049    0.046   -125370    0 
362500:    1.00    7.625    0.087 0.042    0.050   -125367    0 
362600:    1.00    7.188    0.111 0.039    0.061   -125345    0 
362700:    1.00    7.496    0.110 0.037    0.054   -125269    0 
362800:    1.00    7.525    0.090 0.041    0.052   -125270    0 
362900:    1.00    7.681    0.074 0.035    0.050   -125326    0 

--------------------------------------------
Proportion of membership of each pre-defined
 population in each of the 2 clusters

Given    Inferred Clusters       Number of
 Pop       1      2             Individuals

  1:     0.488  0.512             358
  2:     0.504  0.496             1039
  3:     0.501  0.499             603
--------------------------------------------

  Rep#:   Lambda   Alpha      F1    F2     D1,2    Ln Like  Est Ln P(D)
363000:    1.00    7.985    0.071 0.041    0.053   -125379    0 
363100:    1.00    8.317    0.068 0.047    0.055   -125374    0 
363200:    1.00    8.274    0.054 0.058    0.055   -125376    0 
363300:    1.00    8.053    0.067 0.054    0.058   -125379    0 
363400:    1.00    8.264    0.065 0.059    0.052   -125341    0 
363500:    1.00    7.888    0.066 0.050    0.054   -125331    0 
363600:    1.00    7.904    0.069 0.055    0.061   -125342    0 
363700:    1.00    7.496    0.077 0.044    0.049   -125345    0 
363800:    1.00    7.657    0.084 0.047    0.052   -125312    0 
363900:    1.00    7.987    0.079 0.048    0.055   -125394    0 

--------------------------------------------
Proportion of membership of each pre-defined
 population in each of the 2 clusters

Given    Inferred Clusters       Number of
 Pop       1      2             Individuals

  1:     0.492  0.508             358
  2:     0.505  0.495             1039
  3:     0.508  0.492             603
--------------------------------------------

  Rep#:   Lambda   Alpha      F1    F2     D1,2    Ln Like  Est Ln P(D)
364000:    1.00    7.840    0.083 0.051    0.057   -125307    0 
364100:    1.00    7.752    0.067 0.067    0.054   -125343    0 
364200:    1.00    7.546    0.065 0.060    0.056   -125318    0 
364300:    1.00    7.784    0.066 0.056    0.050   -125401    0 
364400:    1.00    7.555    0.077 0.057    0.047   -125396    0 
364500:    1.00    7.219    0.064 0.046    0.045   -125360    0 
364600:    1.00    7.328    0.094 0.041    0.045   -125327    0 
364700:    1.00    7.515    0.062 0.042    0.037   -125397    0 
364800:    1.00    7.307    0.059 0.045    0.032   -125393    0 
364900:    1.00    7.487    0.087 0.037    0.041   -125385    0 

--------------------------------------------
Proportion of membership of each pre-defined
 population in each of the 2 clusters

Given    Inferred Clusters       Number of
 Pop       1      2             Individuals

  1:     0.483  0.517             358
  2:     0.497  0.503             1039
  3:     0.498  0.502             603
--------------------------------------------

  Rep#:   Lambda   Alpha      F1    F2     D1,2    Ln Like  Est Ln P(D)
365000:    1.00    7.762    0.064 0.038    0.046   -125384    0 
365100:    1.00    7.838    0.072 0.043    0.042   -125416    0 
365200:    1.00    8.222    0.079 0.040    0.045   -125405    0 
365300:    1.00    8.479    0.069 0.036    0.044   -125468    0 
365400:    1.00    8.150    0.076 0.032    0.050   -125354    0 
365500:    1.00    8.208    0.084 0.035    0.046   -125412    0 
365600:    1.00    8.399    0.068 0.043    0.039   -125405    0 
365700:    1.00    8.439    0.084 0.036    0.048   -125407    0 
365800:    1.00    8.322    0.099 0.027    0.041   -125396    0 
365900:    1.00    7.842    0.088 0.036    0.054   -125356    0 

--------------------------------------------
Proportion of membership of each pre-defined
 population in each of the 2 clusters

Given    Inferred Clusters       Number of
 Pop       1      2             Individuals

  1:     0.507  0.493             358
  2:     0.498  0.502             1039
  3:     0.502  0.498             603
--------------------------------------------

  Rep#:   Lambda   Alpha      F1    F2     D1,2    Ln Like  Est Ln P(D)
366000:    1.00    8.077    0.097 0.036    0.044   -125397    0 
366100:    1.00    7.920    0.095 0.032    0.056   -125307    0 
366200:    1.00    8.202    0.130 0.035    0.056   -125341    0 
366300:    1.00    8.611    0.082 0.047    0.049   -125385    0 
366400:    1.00    8.533    0.081 0.059    0.054   -125398    0 
366500:    1.00    8.641    0.082 0.047    0.049   -125434    0 
366600:    1.00    8.695    0.076 0.050    0.051   -125354    0 
366700:    1.00    8.610    0.076 0.046    0.055   -125372    0 
366800:    1.00    8.489    0.087 0.043    0.055   -125359    0 
366900:    1.00    8.630    0.062 0.065    0.052   -125371    0 

--------------------------------------------
Proportion of membership of each pre-defined
 population in each of the 2 clusters

Given    Inferred Clusters       Number of
 Pop       1      2             Individuals

  1:     0.504  0.496             358
  2:     0.500  0.500             1039
  3:     0.498  0.502             603
--------------------------------------------

  Rep#:   Lambda   Alpha      F1    F2     D1,2    Ln Like  Est Ln P(D)
367000:    1.00    8.708    0.080 0.073    0.055   -125335    0 
367100:    1.00    8.345    0.058 0.061    0.054   -125366    0 
367200:    1.00    8.294    0.074 0.077    0.058   -125322    0 
367300:    1.00    8.356    0.084 0.068    0.058   -125358    0 
367400:    1.00    8.379    0.075 0.082    0.054   -125344    0 
367500:    1.00    8.442    0.086 0.048    0.057   -125340    0 
367600:    1.00    8.202    0.066 0.052    0.052   -125353    0 
367700:    1.00    8.675    0.084 0.062    0.057   -125352    0 
367800:    1.00    8.478    0.061 0.047    0.053   -125442    0 
367900:    1.00    8.587    0.070 0.048    0.046   -125394    0 

--------------------------------------------
Proportion of membership of each pre-defined
 population in each of the 2 clusters

Given    Inferred Clusters       Number of
 Pop       1      2             Individuals

  1:     0.497  0.503             358
  2:     0.496  0.504             1039
  3:     0.505  0.495             603
--------------------------------------------

  Rep#:   Lambda   Alpha      F1    F2     D1,2    Ln Like  Est Ln P(D)
368000:    1.00    8.591    0.063 0.053    0.046   -125369    0 
368100:    1.00    8.614    0.079 0.050    0.056   -125380    0 
368200:    1.00    8.890    0.066 0.052    0.043   -125381    0 
368300:    1.00    8.356    0.059 0.073    0.064   -125328    0 
368400:    1.00    8.000    0.075 0.064    0.057   -125336    0 
368500:    1.00    7.691    0.066 0.061    0.057   -125344    0 
368600:    1.00    7.510    0.068 0.056    0.040   -125383    0 
368700:    1.00    7.635    0.060 0.066    0.041   -125345    0 
368800:    1.00    7.702    0.065 0.054    0.044   -125399    0 
368900:    1.00    7.729    0.069 0.048    0.049   -125357    0 

--------------------------------------------
Proportion of membership of each pre-defined
 population in each of the 2 clusters

Given    Inferred Clusters       Number of
 Pop       1      2             Individuals

  1:     0.502  0.498             358
  2:     0.496  0.504             1039
  3:     0.497  0.503             603
--------------------------------------------

  Rep#:   Lambda   Alpha      F1    F2     D1,2    Ln Like  Est Ln P(D)
369000:    1.00    7.634    0.085 0.037    0.051   -125319    0 
369100:    1.00    7.513    0.083 0.051    0.049   -125358    0 
369200:    1.00    7.423    0.064 0.059    0.052   -125400    0 
369300:    1.00    7.090    0.054 0.046    0.050   -125315    0 
369400:    1.00    7.066    0.054 0.055    0.057   -125310    0 
369500:    1.00    7.076    0.066 0.043    0.045   -125344    0 
369600:    1.00    7.032    0.056 0.043    0.047   -125355    0 
369700:    1.00    6.964    0.051 0.066    0.047   -125347    0 
369800:    1.00    6.733    0.041 0.054    0.036   -125353    0 
369900:    1.00    6.919    0.047 0.058    0.040   -125421    0 

--------------------------------------------
Proportion of membership of each pre-defined
 population in each of the 2 clusters

Given    Inferred Clusters       Number of
 Pop       1      2             Individuals

  1:     0.504  0.496             358
  2:     0.507  0.493             1039
  3:     0.501  0.499             603
--------------------------------------------

  Rep#:   Lambda   Alpha      F1    F2     D1,2    Ln Like  Est Ln P(D)
370000:    1.00    6.872    0.051 0.055    0.038   -125430    0 
370100:    1.00    6.934    0.054 0.054    0.046   -125339    0 
370200:    1.00    7.031    0.049 0.056    0.059   -125306    0 
370300:    1.00    7.432    0.062 0.063    0.056   -125358    0 
370400:    1.00    7.786    0.060 0.043    0.055   -125405    0 
370500:    1.00    8.038    0.051 0.048    0.043   -125399    0 
370600:    1.00    8.290    0.045 0.041    0.042   -125420    0 
370700:    1.00    8.364    0.050 0.047    0.048   -125403    0 
370800:    1.00    8.116    0.068 0.045    0.048   -125352    0 
370900:    1.00    8.167    0.071 0.046    0.052   -125331    0 

--------------------------------------------
Proportion of membership of each pre-defined
 population in each of the 2 clusters

Given    Inferred Clusters       Number of
 Pop       1      2             Individuals

  1:     0.500  0.500             358
  2:     0.499  0.501             1039
  3:     0.497  0.503             603
--------------------------------------------

  Rep#:   Lambda   Alpha      F1    F2     D1,2    Ln Like  Est Ln P(D)
371000:    1.00    8.299    0.081 0.054    0.054   -125302    0 
371100:    1.00    8.475    0.087 0.043    0.061   -125323    0 
371200:    1.00    8.849    0.067 0.070    0.065   -125366    0 
371300:    1.00    9.094    0.052 0.062    0.056   -125386    0 
371400:    1.00    9.243    0.055 0.062    0.061   -125367    0 
371500:    1.00    9.277    0.048 0.063    0.055   -125383    0 
371600:    1.00    8.735    0.056 0.059    0.052   -125409    0 
371700:    1.00    8.920    0.040 0.069    0.051   -125420    0 
371800:    1.00    8.971    0.065 0.044    0.044   -125451    0 
371900:    1.00    9.010    0.060 0.056    0.054   -125409    0 

--------------------------------------------
Proportion of membership of each pre-defined
 population in each of the 2 clusters

Given    Inferred Clusters       Number of
 Pop       1      2             Individuals

  1:     0.512  0.488             358
  2:     0.505  0.495             1039
  3:     0.499  0.501             603
--------------------------------------------

  Rep#:   Lambda   Alpha      F1    F2     D1,2    Ln Like  Est Ln P(D)
372000:    1.00    9.312    0.063 0.050    0.047   -125431    0 
372100:    1.00    9.295    0.047 0.046    0.050   -125396    0 
372200:    1.00    8.708    0.061 0.046    0.047   -125387    0 
372300:    1.00    8.661    0.054 0.048    0.053   -125399    0 
372400:    1.00    8.028    0.062 0.047    0.044   -125375    0 
372500:    1.00    8.062    0.060 0.048    0.048   -125341    0 
372600:    1.00    7.981    0.060 0.055    0.056   -125420    0 
372700:    1.00    7.700    0.064 0.038    0.066   -125383    0 
372800:    1.00    7.226    0.071 0.048    0.047   -125318    0 
372900:    1.00    7.030    0.077 0.037    0.040   -125362    0 

--------------------------------------------
Proportion of membership of each pre-defined
 population in each of the 2 clusters

Given    Inferred Clusters       Number of
 Pop       1      2             Individuals

  1:     0.492  0.508             358
  2:     0.500  0.500             1039
  3:     0.498  0.502             603
--------------------------------------------

  Rep#:   Lambda   Alpha      F1    F2     D1,2    Ln Like  Est Ln P(D)
373000:    1.00    7.377    0.056 0.034    0.039   -125373    0 
373100:    1.00    7.388    0.062 0.029    0.034   -125407    0 
373200:    1.00    7.457    0.061 0.028    0.039   -125437    0 
373300:    1.00    7.120    0.062 0.030    0.038   -125395    0 
373400:    1.00    6.959    0.073 0.033    0.043   -125362    0 
373500:    1.00    7.024    0.071 0.028    0.042   -125369    0 
373600:    1.00    6.954    0.067 0.043    0.040   -125374    0 
373700:    1.00    6.933    0.073 0.030    0.044   -125383    0 
373800:    1.00    7.122    0.073 0.030    0.046   -125335    0 
373900:    1.00    6.957    0.065 0.034    0.035   -125405    0 

--------------------------------------------
Proportion of membership of each pre-defined
 population in each of the 2 clusters

Given    Inferred Clusters       Number of
 Pop       1      2             Individuals

  1:     0.494  0.506             358
  2:     0.507  0.493             1039
  3:     0.499  0.501             603
--------------------------------------------

  Rep#:   Lambda   Alpha      F1    F2     D1,2    Ln Like  Est Ln P(D)
374000:    1.00    7.299    0.047 0.035    0.029   -125485    0 
374100:    1.00    7.132    0.085 0.020    0.034   -125367    0 
374200:    1.00    7.084    0.076 0.012    0.036   -125395    0 
374300:    1.00    7.168    0.093 0.013    0.042   -125435    0 
374400:    1.00    7.363    0.090 0.014    0.032   -125431    0 
374500:    1.00    7.631    0.079 0.014    0.035   -125451    0 
374600:    1.00    7.649    0.070 0.015    0.042   -125333    0 
374700:    1.00    7.895    0.108 0.012    0.040   -125403    0 
374800:    1.00    7.820    0.092 0.012    0.038   -125426    0 
374900:    1.00    7.837    0.106 0.017    0.037   -125426    0 

--------------------------------------------
Proportion of membership of each pre-defined
 population in each of the 2 clusters

Given    Inferred Clusters       Number of
 Pop       1      2             Individuals

  1:     0.492  0.508             358
  2:     0.503  0.497             1039
  3:     0.492  0.508             603
--------------------------------------------

  Rep#:   Lambda   Alpha      F1    F2     D1,2    Ln Like  Est Ln P(D)
375000:    1.00    7.759    0.127 0.014    0.039   -125410    0 
375100:    1.00    7.558    0.087 0.014    0.029   -125444    0 
375200:    1.00    7.342    0.076 0.011    0.035   -125433    0 
375300:    1.00    7.627    0.076 0.011    0.038   -125412    0 
375400:    1.00    7.438    0.091 0.019    0.044   -125430    0 
375500:    1.00    6.957    0.085 0.018    0.038   -125383    0 
375600:    1.00    6.850    0.083 0.017    0.037   -125417    0 
375700:    1.00    6.929    0.103 0.019    0.045   -125350    0 
375800:    1.00    7.099    0.084 0.018    0.036   -125345    0 
375900:    1.00    6.787    0.082 0.015    0.033   -125348    0 

--------------------------------------------
Proportion of membership of each pre-defined
 population in each of the 2 clusters

Given    Inferred Clusters       Number of
 Pop       1      2             Individuals

  1:     0.509  0.491             358
  2:     0.498  0.502             1039
  3:     0.485  0.515             603
--------------------------------------------

  Rep#:   Lambda   Alpha      F1    F2     D1,2    Ln Like  Est Ln P(D)
376000:    1.00    6.643    0.074 0.016    0.041   -125365    0 
376100:    1.00    6.715    0.055 0.011    0.024   -125494    0 
376200:    1.00    6.385    0.063 0.020    0.031   -125418    0 
376300:    1.00    6.136    0.047 0.020    0.032   -125393    0 
376400:    1.00    6.091    0.083 0.017    0.040   -125356    0 
376500:    1.00    6.456    0.077 0.019    0.042   -125370    0 
376600:    1.00    6.139    0.076 0.025    0.037   -125316    0 
376700:    1.00    5.705    0.071 0.026    0.037   -125329    0 
376800:    1.00    4.839    0.068 0.022    0.030   -125394    0 
376900:    1.00    4.911    0.058 0.028    0.030   -125359    0 

--------------------------------------------
Proportion of membership of each pre-defined
 population in each of the 2 clusters

Given    Inferred Clusters       Number of
 Pop       1      2             Individuals

  1:     0.490  0.510             358
  2:     0.500  0.500             1039
  3:     0.495  0.505             603
--------------------------------------------

  Rep#:   Lambda   Alpha      F1    F2     D1,2    Ln Like  Est Ln P(D)
377000:    1.00    4.813    0.048 0.030    0.037   -125404    0 
377100:    1.00    4.781    0.036 0.038    0.030   -125317    0 
377200:    1.00    4.889    0.052 0.036    0.023   -125379    0 
377300:    1.00    4.991    0.063 0.027    0.033   -125314    0 
377400:    1.00    4.761    0.071 0.028    0.028   -125369    0 
377500:    1.00    4.538    0.057 0.034    0.034   -125309    0 
377600:    1.00    4.150    0.050 0.037    0.031   -125283    0 
377700:    1.00    4.135    0.062 0.028    0.030   -125244    0 
377800:    1.00    4.320    0.046 0.027    0.028   -125362    0 
377900:    1.00    4.557    0.065 0.029    0.027   -125362    0 

--------------------------------------------
Proportion of membership of each pre-defined
 population in each of the 2 clusters

Given    Inferred Clusters       Number of
 Pop       1      2             Individuals

  1:     0.503  0.497             358
  2:     0.496  0.504             1039
  3:     0.495  0.505             603
--------------------------------------------

  Rep#:   Lambda   Alpha      F1    F2     D1,2    Ln Like  Est Ln P(D)
378000:    1.00    4.669    0.064 0.025    0.033   -125340    0 
378100:    1.00    4.861    0.054 0.029    0.028   -125399    0 
378200:    1.00    4.704    0.046 0.026    0.027   -125408    0 
378300:    1.00    4.888    0.036 0.023    0.030   -125368    0 
378400:    1.00    4.857    0.048 0.026    0.031   -125277    0 
378500:    1.00    4.835    0.054 0.023    0.029   -125305    0 
378600:    1.00    4.513    0.066 0.029    0.033   -125306    0 
378700:    1.00    4.655    0.060 0.028    0.037   -125275    0 
378800:    1.00    4.477    0.065 0.028    0.037   -125289    0 
378900:    1.00    4.443    0.052 0.032    0.030   -125301    0 

--------------------------------------------
Proportion of membership of each pre-defined
 population in each of the 2 clusters

Given    Inferred Clusters       Number of
 Pop       1      2             Individuals

  1:     0.508  0.492             358
  2:     0.502  0.498             1039
  3:     0.502  0.498             603
--------------------------------------------

  Rep#:   Lambda   Alpha      F1    F2     D1,2    Ln Like  Est Ln P(D)
379000:    1.00    4.477    0.060 0.031    0.036   -125306    0 
379100:    1.00    4.654    0.062 0.032    0.033   -125288    0 
379200:    1.00    4.807    0.062 0.030    0.035   -125323    0 
379300:    1.00    5.391    0.067 0.025    0.045   -125301    0 
379400:    1.00    5.546    0.070 0.027    0.035   -125289    0 
379500:    1.00    5.061    0.064 0.031    0.035   -125303    0 
379600:    1.00    5.132    0.079 0.026    0.039   -125331    0 
379700:    1.00    5.122    0.079 0.029    0.039   -125312    0 
379800:    1.00    5.164    0.069 0.030    0.036   -125339    0 
379900:    1.00    5.390    0.054 0.028    0.035   -125308    0 

--------------------------------------------
Proportion of membership of each pre-defined
 population in each of the 2 clusters

Given    Inferred Clusters       Number of
 Pop       1      2             Individuals

  1:     0.504  0.496             358
  2:     0.497  0.503             1039
  3:     0.504  0.496             603
--------------------------------------------

  Rep#:   Lambda   Alpha      F1    F2     D1,2    Ln Like  Est Ln P(D)
380000:    1.00    5.500    0.074 0.039    0.046   -125320    0 
380100:    1.00    5.584    0.070 0.035    0.035   -125321    0 
380200:    1.00    6.067    0.054 0.030    0.035   -125340    0 
380300:    1.00    6.148    0.051 0.035    0.040   -125395    0 
380400:    1.00    6.660    0.042 0.044    0.035   -125348    0 
380500:    1.00    6.312    0.050 0.039    0.035   -125381    0 
380600:    1.00    6.296    0.034 0.057    0.036   -125413    0 
380700:    1.00    6.375    0.039 0.059    0.037   -125361    0 
380800:    1.00    6.248    0.048 0.054    0.037   -125335    0 
380900:    1.00    5.833    0.044 0.053    0.039   -125362    0 

--------------------------------------------
Proportion of membership of each pre-defined
 population in each of the 2 clusters

Given    Inferred Clusters       Number of
 Pop       1      2             Individuals

  1:     0.498  0.502             358
  2:     0.507  0.493             1039
  3:     0.501  0.499             603
--------------------------------------------

  Rep#:   Lambda   Alpha      F1    F2     D1,2    Ln Like  Est Ln P(D)
381000:    1.00    6.023    0.045 0.054    0.037   -125360    0 
381100:    1.00    6.629    0.042 0.051    0.035   -125371    0 
381200:    1.00    6.747    0.038 0.045    0.034   -125440    0 
381300:    1.00    6.687    0.040 0.051    0.045   -125392    0 
381400:    1.00    6.658    0.034 0.047    0.042   -125383    0 
381500:    1.00    6.458    0.052 0.039    0.032   -125428    0 
381600:    1.00    6.490    0.044 0.062    0.033   -125343    0 
381700:    1.00    6.782    0.044 0.042    0.041   -125382    0 
381800:    1.00    6.450    0.047 0.045    0.041   -125368    0 
381900:    1.00    6.435    0.045 0.039    0.037   -125435    0 

--------------------------------------------
Proportion of membership of each pre-defined
 population in each of the 2 clusters

Given    Inferred Clusters       Number of
 Pop       1      2             Individuals

  1:     0.497  0.503             358
  2:     0.502  0.498             1039
  3:     0.496  0.504             603
--------------------------------------------

  Rep#:   Lambda   Alpha      F1    F2     D1,2    Ln Like  Est Ln P(D)
382000:    1.00    6.564    0.038 0.032    0.036   -125396    0 
382100:    1.00    6.765    0.042 0.040    0.029   -125408    0 
382200:    1.00    7.251    0.059 0.032    0.036   -125442    0 
382300:    1.00    7.186    0.069 0.035    0.042   -125440    0 
382400:    1.00    6.973    0.063 0.044    0.049   -125348    0 
382500:    1.00    7.142    0.063 0.039    0.042   -125342    0 
382600:    1.00    7.308    0.061 0.057    0.047   -125345    0 
382700:    1.00    7.120    0.091 0.045    0.043   -125356    0 
382800:    1.00    7.102    0.057 0.038    0.042   -125359    0 
382900:    1.00    6.848    0.051 0.048    0.045   -125335    0 

--------------------------------------------
Proportion of membership of each pre-defined
 population in each of the 2 clusters

Given    Inferred Clusters       Number of
 Pop       1      2             Individuals

  1:     0.499  0.501             358
  2:     0.506  0.494             1039
  3:     0.493  0.507             603
--------------------------------------------

  Rep#:   Lambda   Alpha      F1    F2     D1,2    Ln Like  Est Ln P(D)
383000:    1.00    7.001    0.074 0.055    0.044   -125378    0 
383100:    1.00    7.151    0.061 0.042    0.043   -125301    0 
383200:    1.00    6.824    0.078 0.039    0.048   -125321    0 
383300:    1.00    6.397    0.060 0.031    0.044   -125351    0 
383400:    1.00    6.445    0.070 0.030    0.036   -125440    0 
383500:    1.00    6.453    0.068 0.026    0.032   -125369    0 
383600:    1.00    6.451    0.061 0.026    0.034   -125390    0 
383700:    1.00    6.470    0.056 0.026    0.029   -125407    0 
383800:    1.00    6.170    0.085 0.028    0.036   -125365    0 
383900:    1.00    6.008    0.072 0.022    0.025   -125385    0 

--------------------------------------------
Proportion of membership of each pre-defined
 population in each of the 2 clusters

Given    Inferred Clusters       Number of
 Pop       1      2             Individuals

  1:     0.502  0.498             358
  2:     0.502  0.498             1039
  3:     0.502  0.498             603
--------------------------------------------

  Rep#:   Lambda   Alpha      F1    F2     D1,2    Ln Like  Est Ln P(D)
384000:    1.00    5.630    0.082 0.022    0.037   -125342    0 
384100:    1.00    5.599    0.056 0.027    0.038   -125340    0 
384200:    1.00    5.939    0.069 0.032    0.045   -125342    0 
384300:    1.00    5.958    0.045 0.034    0.028   -125400    0 
384400:    1.00    5.880    0.061 0.027    0.038   -125398    0 
384500:    1.00    5.646    0.082 0.038    0.045   -125334    0 
384600:    1.00    5.392    0.060 0.033    0.044   -125324    0 
384700:    1.00    5.317    0.056 0.030    0.036   -125322    0 
384800:    1.00    5.236    0.066 0.032    0.038   -125325    0 
384900:    1.00    5.681    0.065 0.042    0.030   -125364    0 

--------------------------------------------
Proportion of membership of each pre-defined
 population in each of the 2 clusters

Given    Inferred Clusters       Number of
 Pop       1      2             Individuals

  1:     0.494  0.506             358
  2:     0.495  0.505             1039
  3:     0.493  0.507             603
--------------------------------------------

  Rep#:   Lambda   Alpha      F1    F2     D1,2    Ln Like  Est Ln P(D)
385000:    1.00    5.536    0.066 0.031    0.031   -125314    0 
385100:    1.00    5.442    0.064 0.036    0.041   -125287    0 
385200:    1.00    5.633    0.074 0.034    0.038   -125345    0 
385300:    1.00    5.680    0.080 0.031    0.046   -125313    0 
385400:    1.00    5.586    0.079 0.045    0.043   -125242    0 
385500:    1.00    5.462    0.064 0.037    0.035   -125264    0 
385600:    1.00    5.801    0.076 0.040    0.034   -125341    0 
385700:    1.00    5.690    0.060 0.035    0.041   -125269    0 
385800:    1.00    5.734    0.061 0.035    0.033   -125355    0 
385900:    1.00    5.882    0.064 0.040    0.032   -125430    0 

--------------------------------------------
Proportion of membership of each pre-defined
 population in each of the 2 clusters

Given    Inferred Clusters       Number of
 Pop       1      2             Individuals

  1:     0.485  0.515             358
  2:     0.497  0.503             1039
  3:     0.492  0.508             603
--------------------------------------------

  Rep#:   Lambda   Alpha      F1    F2     D1,2    Ln Like  Est Ln P(D)
386000:    1.00    5.319    0.043 0.034    0.033   -125372    0 
386100:    1.00    5.153    0.051 0.032    0.034   -125388    0 
386200:    1.00    5.343    0.050 0.038    0.029   -125343    0 
386300:    1.00    5.245    0.055 0.038    0.030   -125343    0 
386400:    1.00    5.552    0.067 0.033    0.042   -125270    0 
386500:    1.00    6.083    0.050 0.032    0.037   -125333    0 
386600:    1.00    5.997    0.079 0.039    0.038   -125358    0 
386700:    1.00    5.777    0.060 0.028    0.040   -125288    0 
386800:    1.00    5.375    0.056 0.032    0.035   -125345    0 
386900:    1.00    5.375    0.050 0.026    0.030   -125377    0 

--------------------------------------------
Proportion of membership of each pre-defined
 population in each of the 2 clusters

Given    Inferred Clusters       Number of
 Pop       1      2             Individuals

  1:     0.507  0.493             358
  2:     0.506  0.494             1039
  3:     0.499  0.501             603
--------------------------------------------

  Rep#:   Lambda   Alpha      F1    F2     D1,2    Ln Like  Est Ln P(D)
387000:    1.00    5.694    0.069 0.034    0.042   -125265    0 
387100:    1.00    5.692    0.098 0.021    0.038   -125292    0 
387200:    1.00    5.676    0.082 0.021    0.044   -125330    0 
387300:    1.00    5.736    0.072 0.019    0.037   -125355    0 
387400:    1.00    5.359    0.067 0.016    0.039   -125370    0 
387500:    1.00    5.045    0.066 0.018    0.038   -125292    0 
387600:    1.00    5.095    0.052 0.028    0.027   -125411    0 
387700:    1.00    5.293    0.075 0.025    0.036   -125382    0 
387800:    1.00    5.382    0.079 0.023    0.043   -125313    0 
387900:    1.00    5.807    0.072 0.018    0.037   -125367    0 

--------------------------------------------
Proportion of membership of each pre-defined
 population in each of the 2 clusters

Given    Inferred Clusters       Number of
 Pop       1      2             Individuals

  1:     0.497  0.503             358
  2:     0.502  0.498             1039
  3:     0.495  0.505             603
--------------------------------------------

  Rep#:   Lambda   Alpha      F1    F2     D1,2    Ln Like  Est Ln P(D)
388000:    1.00    5.745    0.058 0.019    0.034   -125357    0 
388100:    1.00    5.520    0.043 0.019    0.025   -125352    0 
388200:    1.00    5.366    0.047 0.021    0.035   -125335    0 
388300:    1.00    5.115    0.051 0.020    0.028   -125373    0 
388400:    1.00    4.829    0.070 0.027    0.031   -125343    0 
388500:    1.00    4.889    0.063 0.025    0.033   -125337    0 
388600:    1.00    4.917    0.070 0.023    0.030   -125328    0 
388700:    1.00    5.292    0.080 0.025    0.038   -125349    0 
388800:    1.00    5.795    0.069 0.019    0.038   -125392    0 
388900:    1.00    5.949    0.075 0.016    0.031   -125424    0 

--------------------------------------------
Proportion of membership of each pre-defined
 population in each of the 2 clusters

Given    Inferred Clusters       Number of
 Pop       1      2             Individuals

  1:     0.503  0.497             358
  2:     0.501  0.499             1039
  3:     0.499  0.501             603
--------------------------------------------

  Rep#:   Lambda   Alpha      F1    F2     D1,2    Ln Like  Est Ln P(D)
389000:    1.00    5.979    0.064 0.016    0.036   -125364    0 
389100:    1.00    5.906    0.080 0.016    0.032   -125401    0 
389200:    1.00    5.729    0.086 0.021    0.039   -125373    0 
389300:    1.00    5.622    0.056 0.023    0.029   -125400    0 
389400:    1.00    5.665    0.080 0.023    0.037   -125357    0 
389500:    1.00    5.807    0.062 0.031    0.042   -125344    0 
389600:    1.00    5.974    0.082 0.022    0.037   -125347    0 
389700:    1.00    6.433    0.092 0.023    0.040   -125346    0 
389800:    1.00    6.037    0.101 0.023    0.036   -125364    0 
389900:    1.00    5.790    0.096 0.030    0.047   -125277    0 

--------------------------------------------
Proportion of membership of each pre-defined
 population in each of the 2 clusters

Given    Inferred Clusters       Number of
 Pop       1      2             Individuals

  1:     0.492  0.508             358
  2:     0.500  0.500             1039
  3:     0.501  0.499             603
--------------------------------------------

  Rep#:   Lambda   Alpha      F1    F2     D1,2    Ln Like  Est Ln P(D)
390000:    1.00    5.730    0.110 0.028    0.042   -125368    0 
390100:    1.00    5.319    0.073 0.034    0.035   -125352    0 
390200:    1.00    5.096    0.059 0.035    0.031   -125364    0 
390300:    1.00    5.137    0.049 0.041    0.031   -125314    0 
390400:    1.00    4.976    0.047 0.032    0.028   -125371    0 
390500:    1.00    5.014    0.049 0.033    0.042   -125243    0 
390600:    1.00    4.816    0.066 0.035    0.035   -125241    0 
390700:    1.00    5.108    0.069 0.032    0.029   -125292    0 
390800:    1.00    5.127    0.065 0.031    0.033   -125287    0 
390900:    1.00    5.086    0.048 0.031    0.032   -125299    0 

--------------------------------------------
Proportion of membership of each pre-defined
 population in each of the 2 clusters

Given    Inferred Clusters       Number of
 Pop       1      2             Individuals

  1:     0.499  0.501             358
  2:     0.497  0.503             1039
  3:     0.498  0.502             603
--------------------------------------------

  Rep#:   Lambda   Alpha      F1    F2     D1,2    Ln Like  Est Ln P(D)
391000:    1.00    5.396    0.044 0.035    0.032   -125310    0 
391100:    1.00    5.220    0.066 0.032    0.034   -125328    0 
391200:    1.00    5.555    0.061 0.030    0.032   -125388    0 
391300:    1.00    5.519    0.058 0.027    0.042   -125325    0 
391400:    1.00    5.640    0.068 0.027    0.027   -125404    0 
391500:    1.00    5.185    0.049 0.024    0.030   -125370    0 
391600:    1.00    5.190    0.058 0.027    0.037   -125308    0 
391700:    1.00    4.813    0.063 0.034    0.034   -125317    0 
391800:    1.00    4.986    0.063 0.024    0.038   -125316    0 
391900:    1.00    4.971    0.051 0.029    0.035   -125325    0 

--------------------------------------------
Proportion of membership of each pre-defined
 population in each of the 2 clusters

Given    Inferred Clusters       Number of
 Pop       1      2             Individuals

  1:     0.504  0.496             358
  2:     0.504  0.496             1039
  3:     0.498  0.502             603
--------------------------------------------

  Rep#:   Lambda   Alpha      F1    F2     D1,2    Ln Like  Est Ln P(D)
392000:    1.00    4.892    0.066 0.028    0.041   -125322    0 
392100:    1.00    5.421    0.051 0.040    0.034   -125358    0 
392200:    1.00    5.379    0.045 0.031    0.027   -125402    0 
392300:    1.00    5.121    0.054 0.032    0.035   -125376    0 
392400:    1.00    4.950    0.045 0.035    0.030   -125316    0 
392500:    1.00    5.487    0.044 0.033    0.033   -125352    0 
392600:    1.00    5.570    0.049 0.026    0.030   -125414    0 
392700:    1.00    5.590    0.062 0.034    0.024   -125424    0 
392800:    1.00    5.444    0.064 0.030    0.032   -125284    0 
392900:    1.00    5.463    0.059 0.030    0.036   -125335    0 

--------------------------------------------
Proportion of membership of each pre-defined
 population in each of the 2 clusters

Given    Inferred Clusters       Number of
 Pop       1      2             Individuals

  1:     0.505  0.495             358
  2:     0.495  0.505             1039
  3:     0.499  0.501             603
--------------------------------------------

  Rep#:   Lambda   Alpha      F1    F2     D1,2    Ln Like  Est Ln P(D)
393000:    1.00    6.102    0.055 0.045    0.036   -125401    0 
393100:    1.00    6.456    0.056 0.037    0.041   -125372    0 
393200:    1.00    6.183    0.069 0.029    0.040   -125371    0 
393300:    1.00    6.687    0.068 0.024    0.037   -125384    0 
393400:    1.00    6.375    0.079 0.029    0.037   -125387    0 
393500:    1.00    6.332    0.068 0.027    0.035   -125403    0 
393600:    1.00    6.179    0.062 0.031    0.037   -125417    0 
393700:    1.00    6.154    0.063 0.030    0.034   -125353    0 
393800:    1.00    6.549    0.051 0.030    0.034   -125367    0 
393900:    1.00    6.794    0.066 0.039    0.048   -125348    0 

--------------------------------------------
Proportion of membership of each pre-defined
 population in each of the 2 clusters

Given    Inferred Clusters       Number of
 Pop       1      2             Individuals

  1:     0.510  0.490             358
  2:     0.495  0.505             1039
  3:     0.505  0.495             603
--------------------------------------------

  Rep#:   Lambda   Alpha      F1    F2     D1,2    Ln Like  Est Ln P(D)
394000:    1.00    6.816    0.095 0.033    0.057   -125357    0 
394100:    1.00    7.048    0.069 0.040    0.040   -125373    0 
394200:    1.00    7.141    0.069 0.036    0.051   -125382    0 
394300:    1.00    7.356    0.070 0.038    0.048   -125418    0 
394400:    1.00    7.733    0.062 0.039    0.049   -125396    0 
394500:    1.00    7.695    0.051 0.046    0.039   -125387    0 
394600:    1.00    7.299    0.045 0.046    0.036   -125374    0 
394700:    1.00    7.176    0.059 0.043    0.037   -125411    0 
394800:    1.00    7.094    0.050 0.032    0.037   -125417    0 
394900:    1.00    6.790    0.048 0.040    0.039   -125364    0 

--------------------------------------------
Proportion of membership of each pre-defined
 population in each of the 2 clusters

Given    Inferred Clusters       Number of
 Pop       1      2             Individuals

  1:     0.503  0.497             358
  2:     0.498  0.502             1039
  3:     0.498  0.502             603
--------------------------------------------

  Rep#:   Lambda   Alpha      F1    F2     D1,2    Ln Like  Est Ln P(D)
395000:    1.00    6.442    0.066 0.030    0.036   -125407    0 
395100:    1.00    6.411    0.054 0.039    0.033   -125415    0 
395200:    1.00    6.391    0.056 0.041    0.043   -125325    0 
395300:    1.00    6.572    0.072 0.034    0.038   -125382    0 
395400:    1.00    6.602    0.075 0.041    0.044   -125367    0 
395500:    1.00    6.511    0.054 0.045    0.036   -125375    0 
395600:    1.00    6.696    0.047 0.073    0.048   -125332    0 
395700:    1.00    6.968    0.079 0.057    0.055   -125378    0 
395800:    1.00    6.525    0.060 0.045    0.043   -125367    0 
395900:    1.00    6.590    0.075 0.053    0.042   -125288    0 

--------------------------------------------
Proportion of membership of each pre-defined
 population in each of the 2 clusters

Given    Inferred Clusters       Number of
 Pop       1      2             Individuals

  1:     0.500  0.500             358
  2:     0.501  0.499             1039
  3:     0.495  0.505             603
--------------------------------------------

  Rep#:   Lambda   Alpha      F1    F2     D1,2    Ln Like  Est Ln P(D)
396000:    1.00    6.598    0.068 0.058    0.056   -125284    0 
396100:    1.00    6.823    0.077 0.054    0.040   -125325    0 
396200:    1.00    7.003    0.094 0.044    0.049   -125306    0 
396300:    1.00    6.999    0.070 0.039    0.042   -125328    0 
396400:    1.00    6.968    0.119 0.039    0.048   -125356    0 
396500:    1.00    6.892    0.075 0.054    0.054   -125319    0 
396600:    1.00    6.738    0.077 0.060    0.048   -125396    0 
396700:    1.00    6.964    0.055 0.040    0.041   -125338    0 
396800:    1.00    7.212    0.066 0.066    0.039   -125394    0 
396900:    1.00    7.291    0.070 0.042    0.041   -125376    0 

--------------------------------------------
Proportion of membership of each pre-defined
 population in each of the 2 clusters

Given    Inferred Clusters       Number of
 Pop       1      2             Individuals

  1:     0.483  0.517             358
  2:     0.499  0.501             1039
  3:     0.504  0.496             603
--------------------------------------------

  Rep#:   Lambda   Alpha      F1    F2     D1,2    Ln Like  Est Ln P(D)
397000:    1.00    7.555    0.041 0.056    0.050   -125399    0 
397100:    1.00    7.102    0.057 0.055    0.039   -125308    0 
397200:    1.00    7.071    0.052 0.052    0.041   -125389    0 
397300:    1.00    7.192    0.054 0.052    0.036   -125431    0 
397400:    1.00    6.758    0.067 0.037    0.043   -125397    0 
397500:    1.00    6.744    0.085 0.035    0.035   -125373    0 
397600:    1.00    6.330    0.064 0.035    0.034   -125385    0 
397700:    1.00    6.520    0.064 0.032    0.036   -125388    0 
397800:    1.00    6.819    0.053 0.035    0.039   -125392    0 
397900:    1.00    6.721    0.058 0.047    0.039   -125386    0 

--------------------------------------------
Proportion of membership of each pre-defined
 population in each of the 2 clusters

Given    Inferred Clusters       Number of
 Pop       1      2             Individuals

  1:     0.477  0.523             358
  2:     0.503  0.497             1039
  3:     0.506  0.494             603
--------------------------------------------

  Rep#:   Lambda   Alpha      F1    F2     D1,2    Ln Like  Est Ln P(D)
398000:    1.00    6.475    0.056 0.048    0.044   -125313    0 
398100:    1.00    6.516    0.054 0.037    0.040   -125423    0 
398200:    1.00    6.457    0.059 0.042    0.035   -125363    0 
398300:    1.00    6.520    0.068 0.038    0.048   -125317    0 
398400:    1.00    6.661    0.068 0.045    0.055   -125274    0 
398500:    1.00    6.551    0.066 0.053    0.039   -125392    0 
398600:    1.00    6.579    0.049 0.043    0.043   -125379    0 
398700:    1.00    6.124    0.045 0.033    0.033   -125371    0 
398800:    1.00    5.799    0.062 0.034    0.047   -125281    0 
398900:    1.00    6.268    0.053 0.030    0.039   -125380    0 

--------------------------------------------
Proportion of membership of each pre-defined
 population in each of the 2 clusters

Given    Inferred Clusters       Number of
 Pop       1      2             Individuals

  1:     0.500  0.500             358
  2:     0.498  0.502             1039
  3:     0.504  0.496             603
--------------------------------------------

  Rep#:   Lambda   Alpha      F1    F2     D1,2    Ln Like  Est Ln P(D)
399000:    1.00    6.042    0.052 0.042    0.043   -125351    0 
399100:    1.00    6.491    0.058 0.053    0.049   -125279    0 
399200:    1.00    7.052    0.063 0.043    0.044   -125343    0 
399300:    1.00    7.252    0.074 0.051    0.052   -125276    0 
399400:    1.00    7.806    0.093 0.044    0.049   -125337    0 
399500:    1.00    7.642    0.066 0.051    0.060   -125334    0 
399600:    1.00    8.027    0.088 0.042    0.058   -125393    0 
399700:    1.00    7.684    0.067 0.041    0.053   -125326    0 
399800:    1.00    7.443    0.055 0.039    0.044   -125285    0 
399900:    1.00    7.656    0.069 0.037    0.041   -125417    0 

--------------------------------------------
Proportion of membership of each pre-defined
 population in each of the 2 clusters

Given    Inferred Clusters       Number of
 Pop       1      2             Individuals

  1:     0.506  0.494             358
  2:     0.501  0.499             1039
  3:     0.511  0.489             603
--------------------------------------------

  Rep#:   Lambda   Alpha      F1    F2     D1,2    Ln Like  Est Ln P(D)
400000:    1.00    7.835    0.067 0.033    0.058   -125361    0 
400100:    1.00    7.961    0.059 0.035    0.038   -125416    0 
400200:    1.00    8.084    0.086 0.042    0.049   -125329    0 
400300:    1.00    7.536    0.067 0.051    0.045   -125321    0 
400400:    1.00    7.772    0.054 0.057    0.048   -125394    0 
400500:    1.00    7.714    0.048 0.043    0.043   -125405    0 
400600:    1.00    7.360    0.044 0.049    0.044   -125342    0 
400700:    1.00    7.004    0.046 0.050    0.049   -125351    0 
400800:    1.00    7.086    0.063 0.035    0.046   -125339    0 
400900:    1.00    7.460    0.064 0.057    0.050   -125365    0 

--------------------------------------------
Proportion of membership of each pre-defined
 population in each of the 2 clusters

Given    Inferred Clusters       Number of
 Pop       1      2             Individuals

  1:     0.502  0.498             358
  2:     0.503  0.497             1039
  3:     0.508  0.492             603
--------------------------------------------

  Rep#:   Lambda   Alpha      F1    F2     D1,2    Ln Like  Est Ln P(D)
401000:    1.00    7.497    0.065 0.046    0.052   -125370    0 
401100:    1.00    7.262    0.063 0.043    0.046   -125356    0 
401200:    1.00    7.469    0.056 0.055    0.048   -125345    0 
401300:    1.00    7.607    0.054 0.046    0.051   -125369    0 
401400:    1.00    7.623    0.057 0.041    0.046   -125357    0 
401500:    1.00    7.624    0.069 0.050    0.054   -125312    0 
401600:    1.00    7.560    0.054 0.060    0.053   -125373    0 
401700:    1.00    7.481    0.050 0.062    0.053   -125362    0 
401800:    1.00    7.592    0.063 0.036    0.037   -125397    0 
401900:    1.00    7.431    0.047 0.041    0.037   -125432    0 

--------------------------------------------
Proportion of membership of each pre-defined
 population in each of the 2 clusters

Given    Inferred Clusters       Number of
 Pop       1      2             Individuals

  1:     0.501  0.499             358
  2:     0.502  0.498             1039
  3:     0.492  0.508             603
--------------------------------------------

  Rep#:   Lambda   Alpha      F1    F2     D1,2    Ln Like  Est Ln P(D)
402000:    1.00    7.312    0.074 0.036    0.039   -125414    0 
402100:    1.00    7.092    0.056 0.038    0.044   -125344    0 
402200:    1.00    6.978    0.065 0.049    0.042   -125398    0 
402300:    1.00    7.686    0.050 0.044    0.043   -125372    0 
402400:    1.00    7.856    0.071 0.047    0.040   -125391    0 
402500:    1.00    7.698    0.068 0.039    0.048   -125422    0 
402600:    1.00    7.544    0.075 0.036    0.033   -125461    0 
402700:    1.00    7.249    0.065 0.034    0.035   -125428    0 
402800:    1.00    7.348    0.073 0.034    0.045   -125410    0 
402900:    1.00    7.327    0.099 0.033    0.052   -125389    0 

--------------------------------------------
Proportion of membership of each pre-defined
 population in each of the 2 clusters

Given    Inferred Clusters       Number of
 Pop       1      2             Individuals

  1:     0.504  0.496             358
  2:     0.506  0.494             1039
  3:     0.505  0.495             603
--------------------------------------------

  Rep#:   Lambda   Alpha      F1    F2     D1,2    Ln Like  Est Ln P(D)
403000:    1.00    7.151    0.063 0.046    0.038   -125386    0 
403100:    1.00    7.277    0.068 0.031    0.039   -125379    0 
403200:    1.00    7.419    0.056 0.035    0.046   -125400    0 
403300:    1.00    7.541    0.073 0.036    0.049   -125386    0 
403400:    1.00    7.459    0.080 0.033    0.045   -125394    0 
403500:    1.00    7.351    0.090 0.034    0.050   -125327    0 
403600:    1.00    7.480    0.089 0.026    0.049   -125318    0 
403700:    1.00    7.590    0.090 0.024    0.049   -125314    0 
403800:    1.00    7.520    0.097 0.027    0.056   -125342    0 
403900:    1.00    7.622    0.094 0.025    0.055   -125361    0 

--------------------------------------------
Proportion of membership of each pre-defined
 population in each of the 2 clusters

Given    Inferred Clusters       Number of
 Pop       1      2             Individuals

  1:     0.506  0.494             358
  2:     0.494  0.506             1039
  3:     0.506  0.494             603
--------------------------------------------

  Rep#:   Lambda   Alpha      F1    F2     D1,2    Ln Like  Est Ln P(D)
404000:    1.00    7.400    0.086 0.030    0.047   -125377    0 
404100:    1.00    7.440    0.090 0.028    0.045   -125369    0 
404200:    1.00    7.308    0.070 0.037    0.048   -125381    0 
404300:    1.00    7.322    0.050 0.037    0.034   -125403    0 
404400:    1.00    7.456    0.059 0.028    0.036   -125434    0 
404500:    1.00    7.009    0.080 0.028    0.045   -125361    0 
404600:    1.00    6.812    0.068 0.027    0.037   -125401    0 
404700:    1.00    6.885    0.088 0.023    0.042   -125355    0 
404800:    1.00    6.945    0.081 0.027    0.035   -125377    0 
404900:    1.00    6.580    0.072 0.026    0.033   -125388    0 

--------------------------------------------
Proportion of membership of each pre-defined
 population in each of the 2 clusters

Given    Inferred Clusters       Number of
 Pop       1      2             Individuals

  1:     0.502  0.498             358
  2:     0.500  0.500             1039
  3:     0.498  0.502             603
--------------------------------------------

  Rep#:   Lambda   Alpha      F1    F2     D1,2    Ln Like  Est Ln P(D)
405000:    1.00    6.791    0.082 0.032    0.040   -125368    0 
405100:    1.00    6.393    0.065 0.042    0.047   -125286    0 
405200:    1.00    6.484    0.072 0.038    0.036   -125396    0 
405300:    1.00    6.737    0.083 0.039    0.042   -125319    0 
405400:    1.00    6.438    0.073 0.040    0.044   -125362    0 
405500:    1.00    6.600    0.089 0.040    0.038   -125340    0 
405600:    1.00    6.734    0.065 0.040    0.034   -125413    0 
405700:    1.00    6.648    0.103 0.048    0.043   -125319    0 
405800:    1.00    6.832    0.076 0.061    0.045   -125326    0 
405900:    1.00    6.982    0.063 0.052    0.051   -125337    0 

--------------------------------------------
Proportion of membership of each pre-defined
 population in each of the 2 clusters

Given    Inferred Clusters       Number of
 Pop       1      2             Individuals

  1:     0.490  0.510             358
  2:     0.507  0.493             1039
  3:     0.512  0.488             603
--------------------------------------------

  Rep#:   Lambda   Alpha      F1    F2     D1,2    Ln Like  Est Ln P(D)
406000:    1.00    6.966    0.091 0.049    0.049   -125304    0 
406100:    1.00    7.320    0.104 0.034    0.047   -125341    0 
406200:    1.00    6.990    0.083 0.037    0.041   -125355    0 
406300:    1.00    6.933    0.086 0.041    0.042   -125332    0 
406400:    1.00    7.345    0.059 0.035    0.048   -125385    0 
406500:    1.00    7.452    0.079 0.029    0.037   -125346    0 
406600:    1.00    7.650    0.076 0.024    0.048   -125330    0 
406700:    1.00    7.765    0.082 0.033    0.052   -125328    0 
406800:    1.00    8.255    0.114 0.037    0.055   -125405    0 
406900:    1.00    8.230    0.094 0.039    0.061   -125340    0 

--------------------------------------------
Proportion of membership of each pre-defined
 population in each of the 2 clusters

Given    Inferred Clusters       Number of
 Pop       1      2             Individuals

  1:     0.491  0.509             358
  2:     0.497  0.503             1039
  3:     0.499  0.501             603
--------------------------------------------

  Rep#:   Lambda   Alpha      F1    F2     D1,2    Ln Like  Est Ln P(D)
407000:    1.00    8.180    0.077 0.039    0.040   -125399    0 
407100:    1.00    8.274    0.086 0.034    0.051   -125369    0 
407200:    1.00    7.800    0.079 0.037    0.039   -125399    0 
407300:    1.00    7.952    0.093 0.048    0.045   -125351    0 
407400:    1.00    7.718    0.076 0.041    0.041   -125354    0 
407500:    1.00    7.637    0.059 0.042    0.036   -125427    0 
407600:    1.00    7.703    0.075 0.033    0.037   -125413    0 
407700:    1.00    7.927    0.068 0.029    0.033   -125481    0 
407800:    1.00    8.376    0.079 0.023    0.034   -125374    0 
407900:    1.00    8.167    0.065 0.033    0.036   -125401    0 

--------------------------------------------
Proportion of membership of each pre-defined
 population in each of the 2 clusters

Given    Inferred Clusters       Number of
 Pop       1      2             Individuals

  1:     0.490  0.510             358
  2:     0.503  0.497             1039
  3:     0.500  0.500             603
--------------------------------------------

  Rep#:   Lambda   Alpha      F1    F2     D1,2    Ln Like  Est Ln P(D)
408000:    1.00    8.038    0.058 0.036    0.042   -125409    0 
408100:    1.00    8.190    0.084 0.038    0.045   -125382    0 
408200:    1.00    8.039    0.089 0.036    0.052   -125375    0 
408300:    1.00    7.813    0.110 0.037    0.060   -125315    0 
408400:    1.00    8.126    0.111 0.034    0.049   -125393    0 
408500:    1.00    7.724    0.104 0.033    0.056   -125373    0 
408600:    1.00    7.732    0.104 0.048    0.055   -125338    0 
408700:    1.00    8.145    0.098 0.045    0.048   -125357    0 
408800:    1.00    8.667    0.098 0.051    0.057   -125382    0 
408900:    1.00    9.021    0.087 0.049    0.048   -125375    0 

--------------------------------------------
Proportion of membership of each pre-defined
 population in each of the 2 clusters

Given    Inferred Clusters       Number of
 Pop       1      2             Individuals

  1:     0.502  0.498             358
  2:     0.499  0.501             1039
  3:     0.499  0.501             603
--------------------------------------------

  Rep#:   Lambda   Alpha      F1    F2     D1,2    Ln Like  Est Ln P(D)
409000:    1.00    9.477    0.088 0.049    0.057   -125403    0 
409100:    1.00    9.105    0.076 0.071    0.059   -125349    0 
409200:    1.00    8.570    0.093 0.066    0.068   -125360    0 
409300:    1.00    8.773    0.080 0.050    0.053   -125359    0 
409400:    1.00    8.748    0.073 0.068    0.063   -125347    0 
409500:    1.00    8.893    0.080 0.064    0.062   -125317    0 
409600:    1.00    8.946    0.083 0.057    0.056   -125362    0 
409700:    1.00    9.012    0.077 0.062    0.062   -125344    0 
409800:    1.00    9.095    0.078 0.061    0.054   -125376    0 
409900:    1.00    9.029    0.072 0.055    0.049   -125385    0 

--------------------------------------------
Proportion of membership of each pre-defined
 population in each of the 2 clusters

Given    Inferred Clusters       Number of
 Pop       1      2             Individuals

  1:     0.505  0.495             358
  2:     0.499  0.501             1039
  3:     0.492  0.508             603
--------------------------------------------

  Rep#:   Lambda   Alpha      F1    F2     D1,2    Ln Like  Est Ln P(D)
410000:    1.00    8.920    0.074 0.061    0.048   -125409    0 
410100:    1.00    8.913    0.071 0.069    0.046   -125459    0 
410200:    1.00    8.911    0.055 0.065    0.046   -125432    0 
410300:    1.00    9.299    0.065 0.062    0.051   -125348    0 
410400:    1.00    9.197    0.069 0.048    0.064   -125333    0 
410500:    1.00    9.631    0.062 0.059    0.050   -125399    0 
410600:    1.00    9.633    0.055 0.058    0.040   -125414    0 
410700:    1.00    9.362    0.063 0.040    0.048   -125454    0 
410800:    1.00    9.511    0.075 0.033    0.039   -125441    0 
410900:    1.00    9.584    0.085 0.033    0.042   -125387    0 

--------------------------------------------
Proportion of membership of each pre-defined
 population in each of the 2 clusters

Given    Inferred Clusters       Number of
 Pop       1      2             Individuals

  1:     0.493  0.507             358
  2:     0.498  0.502             1039
  3:     0.493  0.507             603
--------------------------------------------

  Rep#:   Lambda   Alpha      F1    F2     D1,2    Ln Like  Est Ln P(D)
411000:    1.00    9.468    0.072 0.036    0.041   -125403    0 
411100:    1.00    9.329    0.084 0.040    0.039   -125425    0 
411200:    1.00    9.532    0.085 0.037    0.037   -125442    0 
411300:    1.00    9.327    0.080 0.038    0.042   -125426    0 
411400:    1.00    9.469    0.084 0.037    0.055   -125377    0 
411500:    1.00    9.308    0.102 0.045    0.057   -125383    0 
411600:    1.00    9.427    0.103 0.043    0.051   -125448    0 
411700:    1.00    9.470    0.076 0.050    0.049   -125389    0 
411800:    1.00    9.927    0.112 0.048    0.052   -125439    0 
411900:    1.00    9.772    0.060 0.037    0.045   -125442    0 

--------------------------------------------
Proportion of membership of each pre-defined
 population in each of the 2 clusters

Given    Inferred Clusters       Number of
 Pop       1      2             Individuals

  1:     0.496  0.504             358
  2:     0.499  0.501             1039
  3:     0.494  0.506             603
--------------------------------------------

  Rep#:   Lambda   Alpha      F1    F2     D1,2    Ln Like  Est Ln P(D)
412000:    1.00    9.618    0.087 0.039    0.039   -125467    0 
412100:    1.00    9.266    0.070 0.040    0.050   -125401    0 
412200:    1.00    9.147    0.075 0.058    0.047   -125384    0 
412300:    1.00    8.820    0.070 0.052    0.053   -125376    0 
412400:    1.00    8.828    0.089 0.044    0.062   -125338    0 
412500:    1.00    8.421    0.123 0.035    0.056   -125372    0 
412600:    1.00    8.413    0.091 0.039    0.070   -125287    0 
412700:    1.00    9.014    0.080 0.039    0.067   -125322    0 
412800:    1.00    8.826    0.099 0.046    0.056   -125369    0 
412900:    1.00    8.586    0.064 0.041    0.047   -125353    0 

--------------------------------------------
Proportion of membership of each pre-defined
 population in each of the 2 clusters

Given    Inferred Clusters       Number of
 Pop       1      2             Individuals

  1:     0.488  0.512             358
  2:     0.501  0.499             1039
  3:     0.504  0.496             603
--------------------------------------------

  Rep#:   Lambda   Alpha      F1    F2     D1,2    Ln Like  Est Ln P(D)
413000:    1.00    8.443    0.088 0.029    0.042   -125406    0 
413100:    1.00    8.366    0.061 0.028    0.045   -125372    0 
413200:    1.00    8.333    0.079 0.023    0.041   -125381    0 
413300:    1.00    8.275    0.098 0.034    0.053   -125337    0 
413400:    1.00    9.027    0.098 0.032    0.043   -125439    0 
413500:    1.00    9.351    0.087 0.033    0.050   -125379    0 
413600:    1.00    9.526    0.089 0.036    0.051   -125396    0 
413700:    1.00    9.226    0.085 0.036    0.054   -125413    0 
413800:    1.00    9.192    0.065 0.038    0.045   -125400    0 
413900:    1.00    8.794    0.063 0.032    0.049   -125412    0 

--------------------------------------------
Proportion of membership of each pre-defined
 population in each of the 2 clusters

Given    Inferred Clusters       Number of
 Pop       1      2             Individuals

  1:     0.502  0.498             358
  2:     0.496  0.504             1039
  3:     0.505  0.495             603
--------------------------------------------

  Rep#:   Lambda   Alpha      F1    F2     D1,2    Ln Like  Est Ln P(D)
414000:    1.00    8.585    0.079 0.037    0.043   -125412    0 
414100:    1.00    8.960    0.065 0.056    0.050   -125386    0 
414200:    1.00    9.240    0.066 0.054    0.057   -125367    0 
414300:    1.00    9.221    0.067 0.045    0.049   -125428    0 
414400:    1.00    9.036    0.065 0.035    0.034   -125476    0 
414500:    1.00    9.081    0.055 0.044    0.040   -125469    0 
414600:    1.00    9.233    0.058 0.065    0.039   -125438    0 
414700:    1.00    8.997    0.068 0.062    0.047   -125424    0 
414800:    1.00    9.151    0.061 0.065    0.062   -125344    0 
414900:    1.00    9.315    0.065 0.078    0.054   -125390    0 

--------------------------------------------
Proportion of membership of each pre-defined
 population in each of the 2 clusters

Given    Inferred Clusters       Number of
 Pop       1      2             Individuals

  1:     0.496  0.504             358
  2:     0.499  0.501             1039
  3:     0.501  0.499             603
--------------------------------------------

  Rep#:   Lambda   Alpha      F1    F2     D1,2    Ln Like  Est Ln P(D)
415000:    1.00    9.312    0.068 0.064    0.050   -125399    0 
415100:    1.00    8.896    0.057 0.068    0.053   -125370    0 
415200:    1.00    8.638    0.046 0.049    0.054   -125344    0 
415300:    1.00    8.350    0.047 0.042    0.043   -125388    0 
415400:    1.00    8.404    0.061 0.045    0.047   -125407    0 
415500:    1.00    8.514    0.052 0.035    0.043   -125441    0 
415600:    1.00    9.118    0.090 0.035    0.057   -125387    0 
415700:    1.00    9.159    0.076 0.032    0.048   -125438    0 
415800:    1.00    9.072    0.070 0.020    0.032   -125464    0 
415900:    1.00    8.943    0.088 0.018    0.043   -125427    0 

--------------------------------------------
Proportion of membership of each pre-defined
 population in each of the 2 clusters

Given    Inferred Clusters       Number of
 Pop       1      2             Individuals

  1:     0.495  0.505             358
  2:     0.503  0.497             1039
  3:     0.504  0.496             603
--------------------------------------------

  Rep#:   Lambda   Alpha      F1    F2     D1,2    Ln Like  Est Ln P(D)
416000:    1.00    9.106    0.084 0.014    0.044   -125432    0 
416100:    1.00    9.182    0.098 0.019    0.043   -125468    0 
416200:    1.00    9.036    0.076 0.020    0.041   -125445    0 
416300:    1.00    9.045    0.087 0.018    0.051   -125430    0 
416400:    1.00    8.907    0.076 0.018    0.035   -125434    0 
416500:    1.00    8.555    0.096 0.023    0.046   -125392    0 
416600:    1.00    8.132    0.088 0.016    0.040   -125407    0 
416700:    1.00    8.040    0.067 0.019    0.034   -125429    0 
416800:    1.00    7.877    0.077 0.015    0.031   -125453    0 
416900:    1.00    7.917    0.075 0.014    0.031   -125479    0 

--------------------------------------------
Proportion of membership of each pre-defined
 population in each of the 2 clusters

Given    Inferred Clusters       Number of
 Pop       1      2             Individuals

  1:     0.510  0.490             358
  2:     0.506  0.494             1039
  3:     0.501  0.499             603
--------------------------------------------

  Rep#:   Lambda   Alpha      F1    F2     D1,2    Ln Like  Est Ln P(D)
417000:    1.00    7.646    0.100 0.010    0.037   -125475    0 
417100:    1.00    7.613    0.094 0.010    0.031   -125485    0 
417200:    1.00    7.780    0.099 0.010    0.042   -125468    0 
417300:    1.00    8.131    0.095 0.013    0.036   -125464    0 
417400:    1.00    7.873    0.062 0.014    0.043   -125435    0 
417500:    1.00    7.954    0.069 0.018    0.032   -125469    0 
417600:    1.00    8.131    0.079 0.016    0.040   -125432    0 
417700:    1.00    8.137    0.058 0.013    0.033   -125521    0 
417800:    1.00    8.065    0.072 0.016    0.044   -125422    0 
417900:    1.00    8.289    0.063 0.014    0.037   -125414    0 

--------------------------------------------
Proportion of membership of each pre-defined
 population in each of the 2 clusters

Given    Inferred Clusters       Number of
 Pop       1      2             Individuals

  1:     0.497  0.503             358
  2:     0.497  0.503             1039
  3:     0.498  0.502             603
--------------------------------------------

  Rep#:   Lambda   Alpha      F1    F2     D1,2    Ln Like  Est Ln P(D)
418000:    1.00    8.288    0.075 0.020    0.043   -125398    0 
418100:    1.00    8.378    0.087 0.020    0.045   -125428    0 
418200:    1.00    8.093    0.075 0.018    0.036   -125410    0 
418300:    1.00    8.481    0.063 0.019    0.044   -125401    0 
418400:    1.00    7.928    0.091 0.019    0.049   -125336    0 
418500:    1.00    8.000    0.079 0.017    0.046   -125363    0 
418600:    1.00    7.565    0.093 0.018    0.035   -125474    0 
418700:    1.00    7.607    0.085 0.016    0.048   -125421    0 
418800:    1.00    7.608    0.089 0.015    0.042   -125411    0 
418900:    1.00    7.428    0.108 0.017    0.039   -125458    0 

--------------------------------------------
Proportion of membership of each pre-defined
 population in each of the 2 clusters

Given    Inferred Clusters       Number of
 Pop       1      2             Individuals

  1:     0.493  0.507             358
  2:     0.494  0.506             1039
  3:     0.503  0.497             603
--------------------------------------------

  Rep#:   Lambda   Alpha      F1    F2     D1,2    Ln Like  Est Ln P(D)
419000:    1.00    7.690    0.093 0.019    0.035   -125403    0 
419100:    1.00    7.695    0.073 0.019    0.031   -125484    0 
419200:    1.00    7.496    0.066 0.020    0.031   -125505    0 
419300:    1.00    7.597    0.064 0.013    0.030   -125437    0 
419400:    1.00    7.171    0.078 0.018    0.038   -125403    0 
419500:    1.00    7.298    0.074 0.017    0.037   -125452    0 
419600:    1.00    7.397    0.085 0.019    0.036   -125389    0 
419700:    1.00    7.433    0.065 0.021    0.035   -125440    0 
419800:    1.00    7.484    0.050 0.019    0.032   -125487    0 
419900:    1.00    7.667    0.066 0.019    0.036   -125477    0 

--------------------------------------------
Proportion of membership of each pre-defined
 population in each of the 2 clusters

Given    Inferred Clusters       Number of
 Pop       1      2             Individuals

  1:     0.494  0.506             358
  2:     0.500  0.500             1039
  3:     0.501  0.499             603
--------------------------------------------

  Rep#:   Lambda   Alpha      F1    F2     D1,2    Ln Like  Est Ln P(D)
420000:    1.00    7.440    0.088 0.019    0.040   -125428    0 
420100:    1.00    7.493    0.077 0.019    0.035   -125439    0 
420200:    1.00    7.608    0.096 0.018    0.041   -125416    0 
420300:    1.00    7.808    0.066 0.024    0.038   -125440    0 
420400:    1.00    7.990    0.053 0.024    0.033   -125447    0 
420500:    1.00    7.684    0.067 0.027    0.045   -125380    0 
420600:    1.00    7.607    0.053 0.042    0.044   -125372    0 
420700:    1.00    7.582    0.057 0.030    0.044   -125336    0 
420800:    1.00    7.525    0.068 0.036    0.047   -125400    0 
420900:    1.00    7.500    0.072 0.035    0.045   -125389    0 

--------------------------------------------
Proportion of membership of each pre-defined
 population in each of the 2 clusters

Given    Inferred Clusters       Number of
 Pop       1      2             Individuals

  1:     0.496  0.504             358
  2:     0.504  0.496             1039
  3:     0.500  0.500             603
--------------------------------------------

  Rep#:   Lambda   Alpha      F1    F2     D1,2    Ln Like  Est Ln P(D)
421000:    1.00    7.370    0.079 0.029    0.046   -125325    0 
421100:    1.00    7.173    0.092 0.022    0.043   -125390    0 
421200:    1.00    7.272    0.112 0.024    0.044   -125355    0 
421300:    1.00    7.143    0.084 0.030    0.049   -125287    0 
421400:    1.00    7.256    0.082 0.026    0.052   -125376    0 
421500:    1.00    7.666    0.090 0.025    0.049   -125339    0 
421600:    1.00    7.533    0.084 0.028    0.054   -125338    0 
421700:    1.00    7.279    0.089 0.031    0.052   -125306    0 
421800:    1.00    6.893    0.076 0.040    0.053   -125333    0 
421900:    1.00    6.588    0.068 0.034    0.041   -125349    0 

--------------------------------------------
Proportion of membership of each pre-defined
 population in each of the 2 clusters

Given    Inferred Clusters       Number of
 Pop       1      2             Individuals

  1:     0.503  0.497             358
  2:     0.501  0.499             1039
  3:     0.508  0.492             603
--------------------------------------------

  Rep#:   Lambda   Alpha      F1    F2     D1,2    Ln Like  Est Ln P(D)
422000:    1.00    6.604    0.067 0.044    0.041   -125367    0 
422100:    1.00    6.421    0.090 0.039    0.044   -125268    0 
422200:    1.00    6.621    0.063 0.040    0.042   -125363    0 
422300:    1.00    6.970    0.069 0.041    0.036   -125389    0 
422400:    1.00    6.995    0.064 0.031    0.040   -125348    0 
422500:    1.00    6.708    0.076 0.046    0.044   -125326    0 
422600:    1.00    6.578    0.058 0.047    0.039   -125478    0 
422700:    1.00    6.768    0.057 0.032    0.030   -125410    0 
422800:    1.00    6.423    0.077 0.031    0.037   -125347    0 
422900:    1.00    6.714    0.066 0.035    0.042   -125332    0 

--------------------------------------------
Proportion of membership of each pre-defined
 population in each of the 2 clusters

Given    Inferred Clusters       Number of
 Pop       1      2             Individuals

  1:     0.494  0.506             358
  2:     0.500  0.500             1039
  3:     0.499  0.501             603
--------------------------------------------

  Rep#:   Lambda   Alpha      F1    F2     D1,2    Ln Like  Est Ln P(D)
423000:    1.00    6.844    0.068 0.042    0.046   -125361    0 
423100:    1.00    6.633    0.066 0.038    0.043   -125342    0 
423200:    1.00    6.975    0.050 0.033    0.045   -125363    0 
423300:    1.00    7.319    0.084 0.034    0.035   -125418    0 
423400:    1.00    7.416    0.071 0.032    0.040   -125374    0 
423500:    1.00    7.473    0.085 0.035    0.052   -125324    0 
423600:    1.00    7.527    0.117 0.027    0.045   -125365    0 
423700:    1.00    7.740    0.085 0.041    0.048   -125309    0 
423800:    1.00    7.774    0.109 0.026    0.045   -125415    0 
423900:    1.00    7.972    0.101 0.026    0.054   -125383    0 

--------------------------------------------
Proportion of membership of each pre-defined
 population in each of the 2 clusters

Given    Inferred Clusters       Number of
 Pop       1      2             Individuals

  1:     0.502  0.498             358
  2:     0.497  0.503             1039
  3:     0.494  0.506             603
--------------------------------------------

  Rep#:   Lambda   Alpha      F1    F2     D1,2    Ln Like  Est Ln P(D)
424000:    1.00    8.140    0.113 0.030    0.060   -125350    0 
424100:    1.00    8.729    0.109 0.029    0.056   -125373    0 
424200:    1.00    9.139    0.119 0.023    0.055   -125381    0 
424300:    1.00    9.218    0.103 0.030    0.046   -125404    0 
424400:    1.00    9.174    0.107 0.032    0.054   -125369    0 
424500:    1.00    8.943    0.094 0.032    0.051   -125423    0 
424600:    1.00    9.005    0.076 0.026    0.046   -125473    0 
424700:    1.00    8.956    0.072 0.026    0.048   -125443    0 
424800:    1.00    8.869    0.090 0.022    0.041   -125433    0 
424900:    1.00    8.552    0.101 0.022    0.043   -125386    0 

--------------------------------------------
Proportion of membership of each pre-defined
 population in each of the 2 clusters

Given    Inferred Clusters       Number of
 Pop       1      2             Individuals

  1:     0.508  0.492             358
  2:     0.496  0.504             1039
  3:     0.490  0.510             603
--------------------------------------------

  Rep#:   Lambda   Alpha      F1    F2     D1,2    Ln Like  Est Ln P(D)
425000:    1.00    8.586    0.089 0.025    0.037   -125475    0 
425100:    1.00    7.890    0.076 0.025    0.036   -125405    0 
425200:    1.00    7.861    0.086 0.026    0.031   -125479    0 
425300:    1.00    7.745    0.106 0.027    0.042   -125425    0 
425400:    1.00    7.873    0.067 0.026    0.038   -125450    0 
425500:    1.00    7.643    0.059 0.027    0.033   -125429    0 
425600:    1.00    7.646    0.080 0.027    0.042   -125473    0 
425700:    1.00    7.420    0.086 0.027    0.047   -125411    0 
425800:    1.00    7.671    0.084 0.027    0.046   -125403    0 
425900:    1.00    7.644    0.069 0.037    0.042   -125353    0 

--------------------------------------------
Proportion of membership of each pre-defined
 population in each of the 2 clusters

Given    Inferred Clusters       Number of
 Pop       1      2             Individuals

  1:     0.502  0.498             358
  2:     0.498  0.502             1039
  3:     0.499  0.501             603
--------------------------------------------

  Rep#:   Lambda   Alpha      F1    F2     D1,2    Ln Like  Est Ln P(D)
426000:    1.00    7.447    0.075 0.045    0.050   -125304    0 
426100:    1.00    7.675    0.080 0.042    0.054   -125341    0 
426200:    1.00    7.780    0.086 0.038    0.046   -125369    0 
426300:    1.00    7.739    0.067 0.034    0.046   -125400    0 
426400:    1.00    7.828    0.094 0.026    0.055   -125333    0 
426500:    1.00    7.926    0.093 0.024    0.053   -125337    0 
426600:    1.00    7.853    0.082 0.033    0.048   -125352    0 
426700:    1.00    7.581    0.061 0.036    0.054   -125407    0 
426800:    1.00    7.423    0.052 0.033    0.043   -125412    0 
426900:    1.00    7.799    0.060 0.041    0.058   -125337    0 

--------------------------------------------
Proportion of membership of each pre-defined
 population in each of the 2 clusters

Given    Inferred Clusters       Number of
 Pop       1      2             Individuals

  1:     0.495  0.505             358
  2:     0.504  0.496             1039
  3:     0.501  0.499             603
--------------------------------------------

  Rep#:   Lambda   Alpha      F1    F2     D1,2    Ln Like  Est Ln P(D)
427000:    1.00    7.964    0.064 0.051    0.048   -125385    0 
427100:    1.00    8.572    0.095 0.048    0.064   -125345    0 
427200:    1.00    8.914    0.081 0.050    0.050   -125399    0 
427300:    1.00    8.884    0.066 0.045    0.041   -125391    0 
427400:    1.00    9.460    0.062 0.052    0.047   -125442    0 
427500:    1.00    9.505    0.063 0.056    0.046   -125413    0 
427600:    1.00    9.620    0.059 0.066    0.056   -125360    0 
427700:    1.00    9.364    0.054 0.058    0.057   -125464    0 
427800:    1.00    9.333    0.045 0.059    0.062   -125451    0 
427900:    1.00    9.137    0.045 0.065    0.053   -125416    0 

--------------------------------------------
Proportion of membership of each pre-defined
 population in each of the 2 clusters

Given    Inferred Clusters       Number of
 Pop       1      2             Individuals

  1:     0.498  0.502             358
  2:     0.506  0.494             1039
  3:     0.501  0.499             603
--------------------------------------------

  Rep#:   Lambda   Alpha      F1    F2     D1,2    Ln Like  Est Ln P(D)
428000:    1.00    9.235    0.050 0.054    0.056   -125385    0 
428100:    1.00    9.324    0.047 0.071    0.065   -125423    0 
428200:    1.00    9.119    0.047 0.067    0.052   -125370    0 
428300:    1.00    9.057    0.059 0.080    0.060   -125312    0 
428400:    1.00    9.133    0.046 0.068    0.058   -125407    0 
428500:    1.00    9.080    0.060 0.059    0.061   -125356    0 
428600:    1.00    9.164    0.063 0.048    0.056   -125356    0 
428700:    1.00    9.095    0.065 0.046    0.060   -125336    0 
428800:    1.00    8.892    0.060 0.059    0.053   -125375    0 
428900:    1.00    8.953    0.067 0.040    0.052   -125382    0 

--------------------------------------------
Proportion of membership of each pre-defined
 population in each of the 2 clusters

Given    Inferred Clusters       Number of
 Pop       1      2             Individuals

  1:     0.496  0.504             358
  2:     0.499  0.501             1039
  3:     0.499  0.501             603
--------------------------------------------

  Rep#:   Lambda   Alpha      F1    F2     D1,2    Ln Like  Est Ln P(D)
429000:    1.00    8.557    0.070 0.057    0.046   -125374    0 
429100:    1.00    8.439    0.063 0.043    0.037   -125449    0 
429200:    1.00    8.982    0.078 0.044    0.042   -125409    0 
429300:    1.00    9.394    0.087 0.056    0.063   -125348    0 
429400:    1.00    9.586    0.065 0.058    0.048   -125413    0 
429500:    1.00    9.413    0.073 0.051    0.047   -125407    0 
429600:    1.00    9.644    0.084 0.058    0.062   -125323    0 
429700:    1.00    9.881    0.062 0.062    0.057   -125385    0 
429800:    1.00    9.950    0.056 0.049    0.043   -125417    0 
429900:    1.00    9.944    0.073 0.074    0.056   -125390    0 

--------------------------------------------
Proportion of membership of each pre-defined
 population in each of the 2 clusters

Given    Inferred Clusters       Number of
 Pop       1      2             Individuals

  1:     0.494  0.506             358
  2:     0.500  0.500             1039
  3:     0.505  0.495             603
--------------------------------------------

  Rep#:   Lambda   Alpha      F1    F2     D1,2    Ln Like  Est Ln P(D)
430000:    1.00    9.737    0.068 0.053    0.059   -125376    0 
430100:    1.00    9.775    0.065 0.059    0.062   -125400    0 
430200:    1.00    9.651    0.063 0.068    0.067   -125362    0 
430300:    1.00    9.695    0.076 0.073    0.062   -125351    0 
430400:    1.00    9.656    0.102 0.066    0.058   -125372    0 
430500:    1.00    9.491    0.072 0.061    0.053   -125388    0 
430600:    1.00    9.356    0.075 0.049    0.055   -125355    0 
430700:    1.00    9.020    0.080 0.051    0.058   -125434    0 
430800:    1.00    9.185    0.063 0.047    0.047   -125443    0 
430900:    1.00    8.853    0.093 0.045    0.048   -125358    0 

--------------------------------------------
Proportion of membership of each pre-defined
 population in each of the 2 clusters

Given    Inferred Clusters       Number of
 Pop       1      2             Individuals

  1:     0.501  0.499             358
  2:     0.501  0.499             1039
  3:     0.494  0.506             603
--------------------------------------------

  Rep#:   Lambda   Alpha      F1    F2     D1,2    Ln Like  Est Ln P(D)
431000:    1.00    8.977    0.091 0.038    0.045   -125431    0 
431100:    1.00    9.020    0.073 0.035    0.044   -125378    0 
431200:    1.00    8.979    0.075 0.041    0.052   -125370    0 
431300:    1.00    8.380    0.070 0.047    0.056   -125325    0 
431400:    1.00    8.366    0.059 0.053    0.050   -125415    0 
431500:    1.00    8.372    0.042 0.050    0.043   -125418    0 
431600:    1.00    8.293    0.053 0.074    0.061   -125399    0 
431700:    1.00    8.485    0.040 0.074    0.048   -125416    0 
431800:    1.00    8.208    0.050 0.059    0.042   -125374    0 
431900:    1.00    8.161    0.053 0.068    0.052   -125389    0 

--------------------------------------------
Proportion of membership of each pre-defined
 population in each of the 2 clusters

Given    Inferred Clusters       Number of
 Pop       1      2             Individuals

  1:     0.506  0.494             358
  2:     0.504  0.496             1039
  3:     0.498  0.502             603
--------------------------------------------

  Rep#:   Lambda   Alpha      F1    F2     D1,2    Ln Like  Est Ln P(D)
432000:    1.00    8.148    0.063 0.071    0.068   -125363    0 
432100:    1.00    8.106    0.051 0.068    0.057   -125363    0 
432200:    1.00    8.109    0.058 0.065    0.050   -125323    0 
432300:    1.00    7.932    0.050 0.094    0.058   -125341    0 
432400:    1.00    7.832    0.057 0.075    0.060   -125346    0 
432500:    1.00    7.779    0.044 0.075    0.063   -125287    0 
432600:    1.00    7.606    0.064 0.101    0.063   -125329    0 
432700:    1.00    7.665    0.070 0.065    0.062   -125319    0 
432800:    1.00    8.167    0.059 0.059    0.055   -125321    0 
432900:    1.00    8.025    0.078 0.050    0.053   -125359    0 

--------------------------------------------
Proportion of membership of each pre-defined
 population in each of the 2 clusters

Given    Inferred Clusters       Number of
 Pop       1      2             Individuals

  1:     0.505  0.495             358
  2:     0.501  0.499             1039
  3:     0.498  0.502             603
--------------------------------------------

  Rep#:   Lambda   Alpha      F1    F2     D1,2    Ln Like  Est Ln P(D)
433000:    1.00    8.192    0.066 0.042    0.042   -125361    0 
433100:    1.00    7.929    0.097 0.039    0.043   -125374    0 
433200:    1.00    8.056    0.085 0.031    0.043   -125400    0 
433300:    1.00    8.418    0.097 0.046    0.045   -125417    0 
433400:    1.00    8.014    0.078 0.040    0.047   -125355    0 
433500:    1.00    8.222    0.070 0.030    0.052   -125386    0 
433600:    1.00    8.762    0.083 0.040    0.064   -125344    0 
433700:    1.00    8.711    0.074 0.039    0.053   -125446    0 
433800:    1.00    8.768    0.103 0.031    0.054   -125371    0 
433900:    1.00    9.016    0.095 0.050    0.058   -125384    0 

--------------------------------------------
Proportion of membership of each pre-defined
 population in each of the 2 clusters

Given    Inferred Clusters       Number of
 Pop       1      2             Individuals

  1:     0.503  0.497             358
  2:     0.499  0.501             1039
  3:     0.506  0.494             603
--------------------------------------------

  Rep#:   Lambda   Alpha      F1    F2     D1,2    Ln Like  Est Ln P(D)
434000:    1.00    9.010    0.094 0.041    0.046   -125401    0 
434100:    1.00    8.648    0.091 0.030    0.055   -125345    0 
434200:    1.00    8.765    0.111 0.022    0.051   -125418    0 
434300:    1.00    9.009    0.104 0.025    0.048   -125438    0 
434400:    1.00    8.928    0.081 0.020    0.044   -125438    0 
434500:    1.00    8.648    0.079 0.025    0.051   -125452    0 
434600:    1.00    8.572    0.081 0.022    0.048   -125436    0 
434700:    1.00    8.721    0.077 0.023    0.055   -125470    0 
434800:    1.00    8.860    0.079 0.023    0.043   -125411    0 
434900:    1.00    8.729    0.089 0.017    0.047   -125386    0 

--------------------------------------------
Proportion of membership of each pre-defined
 population in each of the 2 clusters

Given    Inferred Clusters       Number of
 Pop       1      2             Individuals

  1:     0.506  0.494             358
  2:     0.506  0.494             1039
  3:     0.498  0.502             603
--------------------------------------------

  Rep#:   Lambda   Alpha      F1    F2     D1,2    Ln Like  Est Ln P(D)
435000:    1.00    9.064    0.132 0.021    0.053   -125322    0 
435100:    1.00    9.049    0.080 0.028    0.044   -125435    0 
435200:    1.00    9.229    0.088 0.022    0.037   -125523    0 
435300:    1.00    9.092    0.072 0.022    0.044   -125423    0 
435400:    1.00    9.128    0.106 0.019    0.053   -125435    0 
435500:    1.00    9.543    0.101 0.026    0.047   -125418    0 
435600:    1.00    9.679    0.080 0.026    0.040   -125448    0 
435700:    1.00    9.536    0.085 0.028    0.042   -125430    0 
435800:    1.00    9.296    0.093 0.027    0.046   -125469    0 
435900:    1.00    9.237    0.124 0.031    0.057   -125400    0 

--------------------------------------------
Proportion of membership of each pre-defined
 population in each of the 2 clusters

Given    Inferred Clusters       Number of
 Pop       1      2             Individuals

  1:     0.496  0.504             358
  2:     0.503  0.497             1039
  3:     0.502  0.498             603
--------------------------------------------

  Rep#:   Lambda   Alpha      F1    F2     D1,2    Ln Like  Est Ln P(D)
436000:    1.00    9.035    0.099 0.035    0.061   -125368    0 
436100:    1.00    9.204    0.082 0.044    0.057   -125409    0 
436200:    1.00    9.375    0.082 0.038    0.046   -125424    0 
436300:    1.00    9.345    0.065 0.041    0.057   -125451    0 
436400:    1.00    9.177    0.073 0.042    0.041   -125468    0 
436500:    1.00    8.627    0.073 0.036    0.048   -125468    0 
436600:    1.00    8.676    0.105 0.039    0.059   -125440    0 
436700:    1.00    8.801    0.088 0.036    0.047   -125444    0 
436800:    1.00    8.609    0.081 0.035    0.034   -125478    0 
436900:    1.00    8.899    0.088 0.043    0.046   -125385    0 

--------------------------------------------
Proportion of membership of each pre-defined
 population in each of the 2 clusters

Given    Inferred Clusters       Number of
 Pop       1      2             Individuals

  1:     0.502  0.498             358
  2:     0.499  0.501             1039
  3:     0.497  0.503             603
--------------------------------------------

  Rep#:   Lambda   Alpha      F1    F2     D1,2    Ln Like  Est Ln P(D)
437000:    1.00    9.094    0.100 0.034    0.044   -125432    0 
437100:    1.00    9.467    0.112 0.033    0.052   -125416    0 
437200:    1.00    9.434    0.111 0.038    0.045   -125432    0 
437300:    1.00    9.364    0.091 0.046    0.047   -125480    0 
437400:    1.00    9.544    0.091 0.037    0.042   -125464    0 
437500:    1.00    9.289    0.111 0.025    0.053   -125461    0 
437600:    1.00    9.476    0.122 0.023    0.043   -125449    0 
437700:    1.00    9.759    0.104 0.025    0.042   -125444    0 
437800:    1.00    9.715    0.082 0.031    0.041   -125412    0 
437900:    1.00    9.814    0.082 0.031    0.046   -125418    0 

--------------------------------------------
Proportion of membership of each pre-defined
 population in each of the 2 clusters

Given    Inferred Clusters       Number of
 Pop       1      2             Individuals

  1:     0.499  0.501             358
  2:     0.503  0.497             1039
  3:     0.505  0.495             603
--------------------------------------------

  Rep#:   Lambda   Alpha      F1    F2     D1,2    Ln Like  Est Ln P(D)
438000:    1.00    9.591    0.098 0.031    0.052   -125396    0 
438100:    1.00    9.684    0.086 0.033    0.044   -125428    0 
438200:    1.00    9.800    0.081 0.033    0.051   -125352    0 
438300:    1.00    9.958    0.096 0.040    0.050   -125423    0 
438400:    1.00    9.843    0.072 0.043    0.048   -125494    0 
438500:    1.00    9.981    0.082 0.054    0.069   -125389    0 
438600:    1.00    9.691    0.073 0.070    0.074   -125292    0 
438700:    1.00    9.964    0.072 0.056    0.073   -125389    0 
438800:    1.00    9.921    0.076 0.057    0.054   -125430    0 
438900:    1.00    9.833    0.070 0.061    0.057   -125394    0 

--------------------------------------------
Proportion of membership of each pre-defined
 population in each of the 2 clusters

Given    Inferred Clusters       Number of
 Pop       1      2             Individuals

  1:     0.496  0.504             358
  2:     0.495  0.505             1039
  3:     0.504  0.496             603
--------------------------------------------

  Rep#:   Lambda   Alpha      F1    F2     D1,2    Ln Like  Est Ln P(D)
439000:    1.00    9.420    0.079 0.056    0.050   -125390    0 
439100:    1.00    9.058    0.059 0.059    0.071   -125362    0 
439200:    1.00    8.987    0.085 0.071    0.064   -125344    0 
439300:    1.00    8.769    0.074 0.061    0.057   -125373    0 
439400:    1.00    8.809    0.068 0.067    0.069   -125371    0 
439500:    1.00    8.795    0.059 0.063    0.073   -125374    0 
439600:    1.00    8.350    0.056 0.070    0.047   -125387    0 
439700:    1.00    8.807    0.065 0.059    0.065   -125373    0 
439800:    1.00    9.014    0.048 0.056    0.058   -125394    0 
439900:    1.00    9.159    0.047 0.048    0.046   -125463    0 

--------------------------------------------
Proportion of membership of each pre-defined
 population in each of the 2 clusters

Given    Inferred Clusters       Number of
 Pop       1      2             Individuals

  1:     0.496  0.504             358
  2:     0.509  0.491             1039
  3:     0.503  0.497             603
--------------------------------------------

  Rep#:   Lambda   Alpha      F1    F2     D1,2    Ln Like  Est Ln P(D)
440000:    1.00    9.229    0.066 0.036    0.042   -125450    0 
440100:    1.00    9.300    0.054 0.041    0.040   -125425    0 
440200:    1.00    9.712    0.076 0.046    0.049   -125405    0 
440300:    1.00    9.709    0.061 0.036    0.050   -125456    0 
440400:    1.00    9.708    0.065 0.032    0.055   -125426    0 
440500:    1.00    9.275    0.067 0.031    0.042   -125483    0 
440600:    1.00    8.911    0.071 0.027    0.044   -125445    0 
440700:    1.00    9.000    0.076 0.029    0.040   -125457    0 
440800:    1.00    8.815    0.082 0.024    0.035   -125470    0 
440900:    1.00    8.871    0.077 0.023    0.053   -125404    0 

--------------------------------------------
Proportion of membership of each pre-defined
 population in each of the 2 clusters

Given    Inferred Clusters       Number of
 Pop       1      2             Individuals

  1:     0.505  0.495             358
  2:     0.505  0.495             1039
  3:     0.499  0.501             603
--------------------------------------------

  Rep#:   Lambda   Alpha      F1    F2     D1,2    Ln Like  Est Ln P(D)
441000:    1.00    8.589    0.081 0.029    0.042   -125370    0 
441100:    1.00    8.698    0.086 0.023    0.044   -125416    0 
441200:    1.00    8.952    0.064 0.038    0.049   -125383    0 
441300:    1.00    8.728    0.067 0.028    0.032   -125470    0 
441400:    1.00    8.983    0.067 0.028    0.042   -125451    0 
441500:    1.00    9.101    0.074 0.035    0.042   -125402    0 
441600:    1.00    9.128    0.081 0.029    0.036   -125474    0 
441700:    1.00    9.191    0.082 0.031    0.034   -125447    0 
441800:    1.00    9.474    0.072 0.034    0.042   -125419    0 
441900:    1.00    9.653    0.083 0.036    0.039   -125417    0 

--------------------------------------------
Proportion of membership of each pre-defined
 population in each of the 2 clusters

Given    Inferred Clusters       Number of
 Pop       1      2             Individuals

  1:     0.500  0.500             358
  2:     0.503  0.497             1039
  3:     0.498  0.502             603
--------------------------------------------

  Rep#:   Lambda   Alpha      F1    F2     D1,2    Ln Like  Est Ln P(D)
442000:    1.00    9.545    0.060 0.046    0.045   -125493    0 
442100:    1.00    9.676    0.073 0.040    0.044   -125410    0 
442200:    1.00    9.560    0.058 0.027    0.040   -125460    0 
442300:    1.00    9.625    0.084 0.034    0.040   -125418    0 
442400:    1.00    9.877    0.080 0.031    0.044   -125449    0 
442500:    1.00    9.980    0.101 0.035    0.051   -125441    0 
442600:    1.00    9.924    0.075 0.043    0.058   -125409    0 
442700:    1.00    9.992    0.078 0.041    0.042   -125462    0 
442800:    1.00    9.426    0.083 0.055    0.056   -125476    0 
442900:    1.00    9.081    0.064 0.050    0.042   -125443    0 

--------------------------------------------
Proportion of membership of each pre-defined
 population in each of the 2 clusters

Given    Inferred Clusters       Number of
 Pop       1      2             Individuals

  1:     0.495  0.505             358
  2:     0.504  0.496             1039
  3:     0.495  0.505             603
--------------------------------------------

  Rep#:   Lambda   Alpha      F1    F2     D1,2    Ln Like  Est Ln P(D)
443000:    1.00    8.826    0.051 0.044    0.042   -125473    0 
443100:    1.00    8.952    0.055 0.043    0.032   -125451    0 
443200:    1.00    8.967    0.085 0.036    0.044   -125436    0 
443300:    1.00    9.112    0.085 0.041    0.040   -125473    0 
443400:    1.00    8.648    0.051 0.041    0.032   -125488    0 
443500:    1.00    8.844    0.040 0.041    0.036   -125517    0 
443600:    1.00    9.443    0.071 0.038    0.047   -125399    0 
443700:    1.00    9.992    0.089 0.042    0.055   -125382    0 
443800:    1.00    9.740    0.072 0.045    0.052   -125358    0 
443900:    1.00    9.590    0.085 0.056    0.052   -125406    0 

--------------------------------------------
Proportion of membership of each pre-defined
 population in each of the 2 clusters

Given    Inferred Clusters       Number of
 Pop       1      2             Individuals

  1:     0.503  0.497             358
  2:     0.501  0.499             1039
  3:     0.498  0.502             603
--------------------------------------------

  Rep#:   Lambda   Alpha      F1    F2     D1,2    Ln Like  Est Ln P(D)
444000:    1.00    9.806    0.076 0.042    0.056   -125403    0 
444100:    1.00    9.949    0.091 0.031    0.059   -125421    0 
444200:    1.00    9.801    0.105 0.030    0.057   -125385    0 
444300:    1.00    9.768    0.103 0.033    0.058   -125388    0 
444400:    1.00    9.887    0.120 0.039    0.061   -125400    0 
444500:    1.00    9.389    0.094 0.032    0.053   -125416    0 
444600:    1.00    9.371    0.082 0.031    0.046   -125459    0 
444700:    1.00    9.680    0.075 0.031    0.049   -125475    0 
444800:    1.00    9.898    0.071 0.036    0.048   -125407    0 
444900:    1.00    9.990    0.059 0.044    0.041   -125482    0 

--------------------------------------------
Proportion of membership of each pre-defined
 population in each of the 2 clusters

Given    Inferred Clusters       Number of
 Pop       1      2             Individuals

  1:     0.486  0.514             358
  2:     0.503  0.497             1039
  3:     0.504  0.496             603
--------------------------------------------

  Rep#:   Lambda   Alpha      F1    F2     D1,2    Ln Like  Est Ln P(D)
445000:    1.00    9.747    0.060 0.044    0.036   -125437    0 
445100:    1.00    9.911    0.062 0.034    0.031   -125468    0 
445200:    1.00    9.935    0.072 0.023    0.044   -125436    0 
445300:    1.00    9.992    0.078 0.023    0.040   -125433    0 
445400:    1.00    9.605    0.089 0.030    0.051   -125481    0 
445500:    1.00    9.318    0.082 0.030    0.059   -125370    0 
445600:    1.00    9.619    0.052 0.032    0.044   -125457    0 
445700:    1.00    9.613    0.072 0.027    0.048   -125488    0 
445800:    1.00    9.346    0.070 0.033    0.045   -125457    0 
445900:    1.00    9.358    0.093 0.032    0.066   -125432    0 

--------------------------------------------
Proportion of membership of each pre-defined
 population in each of the 2 clusters

Given    Inferred Clusters       Number of
 Pop       1      2             Individuals

  1:     0.502  0.498             358
  2:     0.499  0.501             1039
  3:     0.499  0.501             603
--------------------------------------------

  Rep#:   Lambda   Alpha      F1    F2     D1,2    Ln Like  Est Ln P(D)
446000:    1.00    9.563    0.084 0.032    0.063   -125360    0 
446100:    1.00    9.013    0.069 0.035    0.048   -125418    0 
446200:    1.00    9.098    0.085 0.029    0.048   -125418    0 
446300:    1.00    8.947    0.110 0.032    0.043   -125411    0 
446400:    1.00    8.524    0.084 0.037    0.043   -125363    0 
446500:    1.00    8.558    0.106 0.032    0.051   -125372    0 
446600:    1.00    8.593    0.102 0.029    0.052   -125415    0 
446700:    1.00    8.449    0.083 0.030    0.051   -125377    0 
446800:    1.00    8.583    0.070 0.028    0.042   -125416    0 
446900:    1.00    8.421    0.082 0.024    0.049   -125435    0 

--------------------------------------------
Proportion of membership of each pre-defined
 population in each of the 2 clusters

Given    Inferred Clusters       Number of
 Pop       1      2             Individuals

  1:     0.507  0.493             358
  2:     0.504  0.496             1039
  3:     0.490  0.510             603
--------------------------------------------

  Rep#:   Lambda   Alpha      F1    F2     D1,2    Ln Like  Est Ln P(D)
447000:    1.00    8.515    0.104 0.021    0.052   -125430    0 
447100:    1.00    8.534    0.096 0.027    0.052   -125404    0 
447200:    1.00    8.388    0.071 0.026    0.043   -125412    0 
447300:    1.00    8.795    0.104 0.019    0.046   -125400    0 
447400:    1.00    8.770    0.095 0.018    0.046   -125389    0 
447500:    1.00    9.133    0.096 0.016    0.049   -125413    0 
447600:    1.00    9.189    0.112 0.015    0.051   -125402    0 
447700:    1.00    8.777    0.119 0.012    0.045   -125440    0 
447800:    1.00    8.986    0.102 0.010    0.043   -125425    0 
447900:    1.00    8.854    0.079 0.012    0.034   -125479    0 

--------------------------------------------
Proportion of membership of each pre-defined
 population in each of the 2 clusters

Given    Inferred Clusters       Number of
 Pop       1      2             Individuals

  1:     0.520  0.480             358
  2:     0.503  0.497             1039
  3:     0.495  0.505             603
--------------------------------------------

  Rep#:   Lambda   Alpha      F1    F2     D1,2    Ln Like  Est Ln P(D)
448000:    1.00    8.679    0.074 0.014    0.028   -125471    0 
448100:    1.00    8.634    0.074 0.011    0.030   -125484    0 
448200:    1.00    8.676    0.062 0.013    0.032   -125466    0 
448300:    1.00    8.494    0.082 0.017    0.042   -125506    0 
448400:    1.00    8.568    0.057 0.017    0.030   -125516    0 
448500:    1.00    8.490    0.048 0.020    0.032   -125511    0 
448600:    1.00    8.309    0.054 0.020    0.027   -125527    0 
448700:    1.00    8.055    0.078 0.016    0.039   -125467    0 
448800:    1.00    7.959    0.073 0.015    0.033   -125461    0 
448900:    1.00    7.961    0.067 0.015    0.033   -125443    0 

--------------------------------------------
Proportion of membership of each pre-defined
 population in each of the 2 clusters

Given    Inferred Clusters       Number of
 Pop       1      2             Individuals

  1:     0.502  0.498             358
  2:     0.499  0.501             1039
  3:     0.493  0.507             603
--------------------------------------------

  Rep#:   Lambda   Alpha      F1    F2     D1,2    Ln Like  Est Ln P(D)
449000:    1.00    8.004    0.091 0.016    0.043   -125418    0 
449100:    1.00    8.350    0.069 0.017    0.035   -125451    0 
449200:    1.00    8.394    0.066 0.016    0.040   -125389    0 
449300:    1.00    8.266    0.075 0.018    0.029   -125506    0 
449400:    1.00    8.092    0.081 0.014    0.033   -125500    0 
449500:    1.00    8.109    0.075 0.018    0.034   -125430    0 
449600:    1.00    8.304    0.069 0.016    0.030   -125476    0 
449700:    1.00    8.151    0.078 0.014    0.034   -125477    0 
449800:    1.00    8.122    0.097 0.015    0.037   -125457    0 
449900:    1.00    7.962    0.078 0.013    0.038   -125423    0 

--------------------------------------------
Proportion of membership of each pre-defined
 population in each of the 2 clusters

Given    Inferred Clusters       Number of
 Pop       1      2             Individuals

  1:     0.504  0.496             358
  2:     0.503  0.497             1039
  3:     0.506  0.494             603
--------------------------------------------

  Rep#:   Lambda   Alpha      F1    F2     D1,2    Ln Like  Est Ln P(D)
450000:    1.00    7.851    0.086 0.020    0.041   -125438    0 
450100:    1.00    7.776    0.067 0.022    0.041   -125440    0 
450200:    1.00    7.710    0.058 0.021    0.035   -125483    0 
450300:    1.00    7.587    0.065 0.019    0.040   -125422    0 
450400:    1.00    7.308    0.066 0.017    0.035   -125476    0 
450500:    1.00    7.383    0.066 0.016    0.033   -125478    0 
450600:    1.00    6.742    0.081 0.018    0.046   -125405    0 
450700:    1.00    6.709    0.073 0.015    0.040   -125412    0 
450800:    1.00    6.787    0.098 0.023    0.039   -125394    0 
450900:    1.00    6.820    0.088 0.029    0.040   -125370    0 

--------------------------------------------
Proportion of membership of each pre-defined
 population in each of the 2 clusters

Given    Inferred Clusters       Number of
 Pop       1      2             Individuals

  1:     0.498  0.502             358
  2:     0.507  0.493             1039
  3:     0.497  0.503             603
--------------------------------------------

  Rep#:   Lambda   Alpha      F1    F2     D1,2    Ln Like  Est Ln P(D)
451000:    1.00    6.949    0.071 0.023    0.038   -125390    0 
451100:    1.00    7.040    0.069 0.016    0.033   -125450    0 
451200:    1.00    6.279    0.077 0.015    0.040   -125411    0 
451300:    1.00    6.094    0.064 0.017    0.033   -125422    0 
451400:    1.00    5.761    0.064 0.015    0.037   -125356    0 
451500:    1.00    5.626    0.072 0.017    0.033   -125366    0 
451600:    1.00    5.800    0.058 0.023    0.037   -125370    0 
451700:    1.00    6.149    0.081 0.026    0.027   -125370    0 
451800:    1.00    6.227    0.056 0.020    0.027   -125425    0 
451900:    1.00    6.113    0.060 0.023    0.035   -125337    0 

--------------------------------------------
Proportion of membership of each pre-defined
 population in each of the 2 clusters

Given    Inferred Clusters       Number of
 Pop       1      2             Individuals

  1:     0.501  0.499             358
  2:     0.500  0.500             1039
  3:     0.501  0.499             603
--------------------------------------------

  Rep#:   Lambda   Alpha      F1    F2     D1,2    Ln Like  Est Ln P(D)
452000:    1.00    6.592    0.055 0.035    0.037   -125385    0 
452100:    1.00    7.007    0.063 0.035    0.046   -125378    0 
452200:    1.00    7.062    0.058 0.043    0.036   -125370    0 
452300:    1.00    7.344    0.071 0.035    0.051   -125351    0 
452400:    1.00    6.598    0.057 0.044    0.044   -125392    0 
452500:    1.00    6.825    0.047 0.053    0.044   -125359    0 
452600:    1.00    6.606    0.038 0.065    0.041   -125358    0 
452700:    1.00    6.492    0.064 0.052    0.045   -125281    0 
452800:    1.00    6.156    0.064 0.052    0.051   -125339    0 
452900:    1.00    6.296    0.056 0.040    0.041   -125393    0 

--------------------------------------------
Proportion of membership of each pre-defined
 population in each of the 2 clusters

Given    Inferred Clusters       Number of
 Pop       1      2             Individuals

  1:     0.494  0.506             358
  2:     0.498  0.502             1039
  3:     0.483  0.517             603
--------------------------------------------

  Rep#:   Lambda   Alpha      F1    F2     D1,2    Ln Like  Est Ln P(D)
453000:    1.00    6.315    0.068 0.040    0.041   -125365    0 
453100:    1.00    6.333    0.042 0.033    0.031   -125405    0 
453200:    1.00    6.005    0.050 0.039    0.034   -125385    0 
453300:    1.00    6.158    0.059 0.045    0.035   -125358    0 
453400:    1.00    6.294    0.055 0.040    0.038   -125363    0 
453500:    1.00    6.273    0.045 0.043    0.035   -125387    0 
453600:    1.00    6.333    0.062 0.043    0.037   -125343    0 
453700:    1.00    6.017    0.077 0.033    0.038   -125350    0 
453800:    1.00    6.259    0.054 0.033    0.048   -125364    0 
453900:    1.00    5.849    0.072 0.042    0.037   -125310    0 

--------------------------------------------
Proportion of membership of each pre-defined
 population in each of the 2 clusters

Given    Inferred Clusters       Number of
 Pop       1      2             Individuals

  1:     0.491  0.509             358
  2:     0.502  0.498             1039
  3:     0.502  0.498             603
--------------------------------------------

  Rep#:   Lambda   Alpha      F1    F2     D1,2    Ln Like  Est Ln P(D)
454000:    1.00    5.900    0.057 0.047    0.042   -125267    0 
454100:    1.00    5.888    0.058 0.035    0.039   -125328    0 
454200:    1.00    6.023    0.036 0.051    0.035   -125409    0 
454300:    1.00    6.189    0.058 0.042    0.038   -125357    0 
454400:    1.00    5.967    0.050 0.046    0.045   -125333    0 
454500:    1.00    6.241    0.053 0.036    0.041   -125321    0 
454600:    1.00    6.062    0.076 0.034    0.044   -125314    0 
454700:    1.00    5.955    0.061 0.032    0.041   -125311    0 
454800:    1.00    6.083    0.052 0.045    0.041   -125324    0 
454900:    1.00    5.855    0.070 0.038    0.039   -125354    0 

--------------------------------------------
Proportion of membership of each pre-defined
 population in each of the 2 clusters

Given    Inferred Clusters       Number of
 Pop       1      2             Individuals

  1:     0.497  0.503             358
  2:     0.505  0.495             1039
  3:     0.498  0.502             603
--------------------------------------------

  Rep#:   Lambda   Alpha      F1    F2     D1,2    Ln Like  Est Ln P(D)
455000:    1.00    5.856    0.094 0.043    0.041   -125348    0 
455100:    1.00    6.043    0.055 0.051    0.035   -125339    0 
455200:    1.00    5.927    0.055 0.043    0.038   -125402    0 
455300:    1.00    6.260    0.055 0.042    0.042   -125332    0 
455400:    1.00    6.618    0.060 0.041    0.037   -125390    0 
455500:    1.00    7.022    0.056 0.045    0.046   -125370    0 
455600:    1.00    7.036    0.057 0.038    0.034   -125412    0 
455700:    1.00    7.029    0.059 0.036    0.041   -125354    0 
455800:    1.00    7.302    0.051 0.033    0.041   -125411    0 
455900:    1.00    7.323    0.044 0.035    0.044   -125385    0 

--------------------------------------------
Proportion of membership of each pre-defined
 population in each of the 2 clusters

Given    Inferred Clusters       Number of
 Pop       1      2             Individuals

  1:     0.502  0.498             358
  2:     0.500  0.500             1039
  3:     0.497  0.503             603
--------------------------------------------

  Rep#:   Lambda   Alpha      F1    F2     D1,2    Ln Like  Est Ln P(D)
456000:    1.00    7.275    0.060 0.042    0.048   -125339    0 
456100:    1.00    7.449    0.094 0.034    0.049   -125326    0 
456200:    1.00    7.733    0.074 0.029    0.045   -125372    0 
456300:    1.00    7.831    0.064 0.027    0.040   -125382    0 
456400:    1.00    7.583    0.057 0.034    0.039   -125375    0 
456500:    1.00    7.300    0.060 0.036    0.037   -125421    0 
456600:    1.00    7.440    0.086 0.040    0.052   -125369    0 
456700:    1.00    7.541    0.073 0.038    0.046   -125387    0 
456800:    1.00    7.513    0.072 0.041    0.044   -125418    0 
456900:    1.00    7.845    0.083 0.048    0.047   -125353    0 

--------------------------------------------
Proportion of membership of each pre-defined
 population in each of the 2 clusters

Given    Inferred Clusters       Number of
 Pop       1      2             Individuals

  1:     0.510  0.490             358
  2:     0.499  0.501             1039
  3:     0.500  0.500             603
--------------------------------------------

  Rep#:   Lambda   Alpha      F1    F2     D1,2    Ln Like  Est Ln P(D)
457000:    1.00    7.906    0.082 0.034    0.044   -125387    0 
457100:    1.00    7.999    0.094 0.036    0.044   -125367    0 
457200:    1.00    8.346    0.088 0.037    0.049   -125366    0 
457300:    1.00    8.480    0.096 0.054    0.054   -125320    0 
457400:    1.00    8.330    0.077 0.049    0.051   -125390    0 
457500:    1.00    8.123    0.075 0.052    0.053   -125390    0 
457600:    1.00    7.859    0.055 0.045    0.047   -125417    0 
457700:    1.00    7.962    0.057 0.050    0.048   -125326    0 
457800:    1.00    8.104    0.065 0.055    0.041   -125339    0 
457900:    1.00    7.429    0.071 0.045    0.046   -125365    0 

--------------------------------------------
Proportion of membership of each pre-defined
 population in each of the 2 clusters

Given    Inferred Clusters       Number of
 Pop       1      2             Individuals

  1:     0.499  0.501             358
  2:     0.505  0.495             1039
  3:     0.493  0.507             603
--------------------------------------------

  Rep#:   Lambda   Alpha      F1    F2     D1,2    Ln Like  Est Ln P(D)
458000:    1.00    7.731    0.077 0.053    0.047   -125362    0 
458100:    1.00    7.847    0.066 0.048    0.055   -125381    0 
458200:    1.00    7.843    0.077 0.054    0.050   -125372    0 
458300:    1.00    8.047    0.064 0.042    0.040   -125425    0 
458400:    1.00    7.863    0.068 0.047    0.040   -125335    0 
458500:    1.00    7.841    0.078 0.055    0.058   -125281    0 
458600:    1.00    7.816    0.068 0.052    0.059   -125337    0 
458700:    1.00    7.440    0.055 0.051    0.049   -125350    0 
458800:    1.00    7.485    0.080 0.043    0.046   -125364    0 
458900:    1.00    7.774    0.097 0.051    0.062   -125321    0 

--------------------------------------------
Proportion of membership of each pre-defined
 population in each of the 2 clusters

Given    Inferred Clusters       Number of
 Pop       1      2             Individuals

  1:     0.494  0.506             358
  2:     0.507  0.493             1039
  3:     0.500  0.500             603
--------------------------------------------

  Rep#:   Lambda   Alpha      F1    F2     D1,2    Ln Like  Est Ln P(D)
459000:    1.00    7.745    0.076 0.057    0.056   -125244    0 
459100:    1.00    7.797    0.086 0.057    0.063   -125261    0 
459200:    1.00    7.840    0.059 0.066    0.060   -125323    0 
459300:    1.00    7.822    0.064 0.054    0.052   -125312    0 
459400:    1.00    7.528    0.058 0.065    0.043   -125349    0 
459500:    1.00    7.364    0.060 0.069    0.053   -125343    0 
459600:    1.00    7.220    0.054 0.047    0.043   -125309    0 
459700:    1.00    7.100    0.054 0.044    0.038   -125420    0 
459800:    1.00    6.962    0.037 0.060    0.039   -125399    0 
459900:    1.00    7.159    0.048 0.058    0.057   -125311    0 

--------------------------------------------
Proportion of membership of each pre-defined
 population in each of the 2 clusters

Given    Inferred Clusters       Number of
 Pop       1      2             Individuals

  1:     0.502  0.498             358
  2:     0.504  0.496             1039
  3:     0.502  0.498             603
--------------------------------------------

  Rep#:   Lambda   Alpha      F1    F2     D1,2    Ln Like  Est Ln P(D)
460000:    1.00    7.564    0.047 0.061    0.047   -125335    0 
460100:    1.00    7.715    0.046 0.062    0.045   -125417    0 
460200:    1.00    7.655    0.051 0.057    0.045   -125371    0 
460300:    1.00    7.693    0.053 0.063    0.041   -125346    0 
460400:    1.00    7.780    0.063 0.076    0.050   -125371    0 
460500:    1.00    8.021    0.056 0.055    0.051   -125430    0 
460600:    1.00    7.904    0.063 0.051    0.050   -125350    0 
460700:    1.00    8.130    0.045 0.047    0.045   -125385    0 
460800:    1.00    8.480    0.053 0.049    0.049   -125403    0 
460900:    1.00    8.703    0.064 0.053    0.054   -125354    0 

--------------------------------------------
Proportion of membership of each pre-defined
 population in each of the 2 clusters

Given    Inferred Clusters       Number of
 Pop       1      2             Individuals

  1:     0.497  0.503             358
  2:     0.500  0.500             1039
  3:     0.500  0.500             603
--------------------------------------------

  Rep#:   Lambda   Alpha      F1    F2     D1,2    Ln Like  Est Ln P(D)
461000:    1.00    8.393    0.052 0.051    0.048   -125389    0 
461100:    1.00    8.097    0.061 0.052    0.041   -125356    0 
461200:    1.00    7.789    0.064 0.054    0.045   -125357    0 
461300:    1.00    7.984    0.054 0.054    0.043   -125362    0 
461400:    1.00    7.898    0.047 0.055    0.050   -125365    0 
461500:    1.00    7.994    0.049 0.054    0.038   -125411    0 
461600:    1.00    7.746    0.044 0.041    0.032   -125403    0 
461700:    1.00    8.100    0.077 0.032    0.047   -125469    0 
461800:    1.00    8.093    0.082 0.026    0.050   -125362    0 
461900:    1.00    7.823    0.073 0.030    0.053   -125404    0 

--------------------------------------------
Proportion of membership of each pre-defined
 population in each of the 2 clusters

Given    Inferred Clusters       Number of
 Pop       1      2             Individuals

  1:     0.497  0.503             358
  2:     0.502  0.498             1039
  3:     0.498  0.502             603
--------------------------------------------

  Rep#:   Lambda   Alpha      F1    F2     D1,2    Ln Like  Est Ln P(D)
462000:    1.00    7.858    0.104 0.023    0.042   -125398    0 
462100:    1.00    7.991    0.105 0.020    0.051   -125375    0 
462200:    1.00    8.341    0.100 0.025    0.050   -125371    0 
462300:    1.00    8.433    0.101 0.026    0.047   -125446    0 
462400:    1.00    8.318    0.091 0.031    0.043   -125425    0 
462500:    1.00    8.652    0.086 0.031    0.053   -125342    0 
462600:    1.00    8.905    0.088 0.034    0.048   -125432    0 
462700:    1.00    8.902    0.078 0.031    0.042   -125462    0 
462800:    1.00    8.586    0.082 0.030    0.046   -125406    0 
462900:    1.00    8.770    0.072 0.032    0.044   -125452    0 

--------------------------------------------
Proportion of membership of each pre-defined
 population in each of the 2 clusters

Given    Inferred Clusters       Number of
 Pop       1      2             Individuals

  1:     0.503  0.497             358
  2:     0.493  0.507             1039
  3:     0.495  0.505             603
--------------------------------------------

  Rep#:   Lambda   Alpha      F1    F2     D1,2    Ln Like  Est Ln P(D)
463000:    1.00    8.956    0.083 0.039    0.040   -125460    0 
463100:    1.00    8.707    0.080 0.033    0.050   -125379    0 
463200:    1.00    8.743    0.097 0.033    0.057   -125423    0 
463300:    1.00    8.358    0.079 0.033    0.057   -125364    0 
463400:    1.00    8.232    0.076 0.043    0.045   -125372    0 
463500:    1.00    8.414    0.071 0.041    0.044   -125382    0 
463600:    1.00    8.408    0.059 0.042    0.041   -125428    0 
463700:    1.00    8.627    0.053 0.030    0.044   -125389    0 
463800:    1.00    8.436    0.075 0.037    0.044   -125377    0 
463900:    1.00    8.371    0.081 0.038    0.045   -125397    0 

--------------------------------------------
Proportion of membership of each pre-defined
 population in each of the 2 clusters

Given    Inferred Clusters       Number of
 Pop       1      2             Individuals

  1:     0.485  0.515             358
  2:     0.502  0.498             1039
  3:     0.492  0.508             603
--------------------------------------------

  Rep#:   Lambda   Alpha      F1    F2     D1,2    Ln Like  Est Ln P(D)
464000:    1.00    8.402    0.094 0.041    0.055   -125317    0 
464100:    1.00    8.232    0.067 0.031    0.047   -125420    0 
464200:    1.00    8.031    0.091 0.032    0.052   -125352    0 
464300:    1.00    7.887    0.105 0.041    0.050   -125319    0 
464400:    1.00    7.565    0.086 0.033    0.058   -125328    0 
464500:    1.00    7.604    0.077 0.030    0.047   -125332    0 
464600:    1.00    7.677    0.060 0.032    0.036   -125462    0 
464700:    1.00    7.640    0.069 0.025    0.041   -125418    0 
464800:    1.00    7.868    0.071 0.027    0.039   -125414    0 
464900:    1.00    8.157    0.072 0.033    0.042   -125390    0 

--------------------------------------------
Proportion of membership of each pre-defined
 population in each of the 2 clusters

Given    Inferred Clusters       Number of
 Pop       1      2             Individuals

  1:     0.498  0.502             358
  2:     0.506  0.494             1039
  3:     0.501  0.499             603
--------------------------------------------

  Rep#:   Lambda   Alpha      F1    F2     D1,2    Ln Like  Est Ln P(D)
465000:    1.00    8.825    0.099 0.027    0.036   -125476    0 
465100:    1.00    8.839    0.086 0.021    0.033   -125506    0 
465200:    1.00    8.636    0.076 0.021    0.042   -125430    0 
465300:    1.00    8.697    0.082 0.027    0.041   -125461    0 
465400:    1.00    8.940    0.081 0.026    0.044   -125468    0 
465500:    1.00    9.253    0.075 0.027    0.037   -125467    0 
465600:    1.00    8.727    0.082 0.029    0.043   -125433    0 
465700:    1.00    8.457    0.096 0.034    0.048   -125335    0 
465800:    1.00    8.824    0.075 0.030    0.047   -125395    0 
465900:    1.00    9.086    0.071 0.030    0.049   -125390    0 

--------------------------------------------
Proportion of membership of each pre-defined
 population in each of the 2 clusters

Given    Inferred Clusters       Number of
 Pop       1      2             Individuals

  1:     0.500  0.500             358
  2:     0.496  0.504             1039
  3:     0.488  0.512             603
--------------------------------------------

  Rep#:   Lambda   Alpha      F1    F2     D1,2    Ln Like  Est Ln P(D)
466000:    1.00    9.490    0.095 0.027    0.044   -125399    0 
466100:    1.00    9.152    0.083 0.025    0.039   -125404    0 
466200:    1.00    8.875    0.081 0.020    0.032   -125422    0 
466300:    1.00    8.771    0.078 0.020    0.042   -125447    0 
466400:    1.00    8.270    0.121 0.019    0.049   -125395    0 
466500:    1.00    8.158    0.102 0.021    0.046   -125368    0 
466600:    1.00    8.188    0.085 0.023    0.044   -125410    0 
466700:    1.00    8.224    0.097 0.024    0.041   -125439    0 
466800:    1.00    8.164    0.072 0.028    0.039   -125443    0 
466900:    1.00    8.186    0.073 0.022    0.045   -125394    0 

--------------------------------------------
Proportion of membership of each pre-defined
 population in each of the 2 clusters

Given    Inferred Clusters       Number of
 Pop       1      2             Individuals

  1:     0.500  0.500             358
  2:     0.498  0.502             1039
  3:     0.493  0.507             603
--------------------------------------------

  Rep#:   Lambda   Alpha      F1    F2     D1,2    Ln Like  Est Ln P(D)
467000:    1.00    8.079    0.072 0.022    0.041   -125377    0 
467100:    1.00    7.672    0.098 0.029    0.054   -125287    0 
467200:    1.00    7.042    0.078 0.041    0.049   -125337    0 
467300:    1.00    7.041    0.083 0.025    0.050   -125297    0 
467400:    1.00    7.195    0.074 0.020    0.041   -125397    0 
467500:    1.00    7.170    0.059 0.024    0.040   -125427    0 
467600:    1.00    6.841    0.065 0.032    0.041   -125389    0 
467700:    1.00    6.905    0.047 0.033    0.039   -125366    0 
467800:    1.00    6.832    0.056 0.036    0.035   -125381    0 
467900:    1.00    7.147    0.076 0.027    0.040   -125355    0 

--------------------------------------------
Proportion of membership of each pre-defined
 population in each of the 2 clusters

Given    Inferred Clusters       Number of
 Pop       1      2             Individuals

  1:     0.499  0.501             358
  2:     0.497  0.503             1039
  3:     0.499  0.501             603
--------------------------------------------

  Rep#:   Lambda   Alpha      F1    F2     D1,2    Ln Like  Est Ln P(D)
468000:    1.00    7.097    0.088 0.034    0.045   -125361    0 
468100:    1.00    6.990    0.056 0.027    0.040   -125391    0 
468200:    1.00    6.719    0.046 0.040    0.044   -125327    0 
468300:    1.00    6.505    0.053 0.054    0.045   -125378    0 
468400:    1.00    6.839    0.053 0.043    0.039   -125380    0 
468500:    1.00    6.793    0.049 0.029    0.028   -125462    0 
468600:    1.00    6.589    0.045 0.043    0.040   -125321    0 
468700:    1.00    6.381    0.046 0.052    0.039   -125380    0 
468800:    1.00    6.525    0.055 0.048    0.046   -125320    0 
468900:    1.00    6.567    0.067 0.037    0.044   -125373    0 

--------------------------------------------
Proportion of membership of each pre-defined
 population in each of the 2 clusters

Given    Inferred Clusters       Number of
 Pop       1      2             Individuals

  1:     0.499  0.501             358
  2:     0.499  0.501             1039
  3:     0.498  0.502             603
--------------------------------------------

  Rep#:   Lambda   Alpha      F1    F2     D1,2    Ln Like  Est Ln P(D)
469000:    1.00    6.272    0.068 0.035    0.032   -125418    0 
469100:    1.00    6.420    0.067 0.038    0.042   -125293    0 
469200:    1.00    6.193    0.052 0.036    0.035   -125324    0 
469300:    1.00    6.480    0.070 0.032    0.040   -125352    0 
469400:    1.00    6.424    0.071 0.029    0.044   -125360    0 
469500:    1.00    6.447    0.070 0.032    0.040   -125338    0 
469600:    1.00    6.849    0.065 0.038    0.049   -125301    0 
469700:    1.00    6.586    0.069 0.037    0.050   -125301    0 
469800:    1.00    6.784    0.084 0.038    0.052   -125308    0 
469900:    1.00    6.873    0.097 0.036    0.049   -125300    0 

--------------------------------------------
Proportion of membership of each pre-defined
 population in each of the 2 clusters

Given    Inferred Clusters       Number of
 Pop       1      2             Individuals

  1:     0.495  0.505             358
  2:     0.498  0.502             1039
  3:     0.487  0.513             603
--------------------------------------------

  Rep#:   Lambda   Alpha      F1    F2     D1,2    Ln Like  Est Ln P(D)
470000:    1.00    6.812    0.095 0.029    0.046   -125341    0 
470100:    1.00    6.593    0.060 0.026    0.045   -125337    0 
470200:    1.00    6.523    0.065 0.023    0.037   -125401    0 
470300:    1.00    6.379    0.063 0.026    0.036   -125418    0 
470400:    1.00    6.626    0.063 0.026    0.038   -125412    0 
470500:    1.00    6.785    0.053 0.030    0.038   -125421    0 
470600:    1.00    7.056    0.044 0.038    0.034   -125395    0 
470700:    1.00    6.577    0.056 0.030    0.041   -125447    0 
470800:    1.00    6.937    0.084 0.040    0.052   -125356    0 
470900:    1.00    6.914    0.090 0.034    0.042   -125346    0 

--------------------------------------------
Proportion of membership of each pre-defined
 population in each of the 2 clusters

Given    Inferred Clusters       Number of
 Pop       1      2             Individuals

  1:     0.496  0.504             358
  2:     0.505  0.495             1039
  3:     0.491  0.509             603
--------------------------------------------

  Rep#:   Lambda   Alpha      F1    F2     D1,2    Ln Like  Est Ln P(D)
471000:    1.00    6.501    0.087 0.036    0.049   -125330    0 
471100:    1.00    6.440    0.071 0.047    0.041   -125297    0 
471200:    1.00    6.839    0.060 0.049    0.053   -125301    0 
471300:    1.00    6.431    0.046 0.040    0.044   -125359    0 
471400:    1.00    6.624    0.036 0.040    0.037   -125374    0 
471500:    1.00    6.741    0.046 0.045    0.042   -125362    0 
471600:    1.00    6.474    0.059 0.046    0.050   -125328    0 
471700:    1.00    6.657    0.056 0.042    0.048   -125380    0 
471800:    1.00    6.097    0.057 0.041    0.037   -125331    0 
471900:    1.00    6.813    0.047 0.045    0.045   -125347    0 

--------------------------------------------
Proportion of membership of each pre-defined
 population in each of the 2 clusters

Given    Inferred Clusters       Number of
 Pop       1      2             Individuals

  1:     0.507  0.493             358
  2:     0.501  0.499             1039
  3:     0.508  0.492             603
--------------------------------------------

  Rep#:   Lambda   Alpha      F1    F2     D1,2    Ln Like  Est Ln P(D)
472000:    1.00    6.616    0.070 0.031    0.038   -125362    0 
472100:    1.00    6.722    0.066 0.046    0.043   -125330    0 
472200:    1.00    6.927    0.071 0.038    0.034   -125363    0 
472300:    1.00    7.097    0.082 0.034    0.038   -125411    0 
472400:    1.00    6.688    0.073 0.034    0.036   -125369    0 
472500:    1.00    6.927    0.049 0.049    0.052   -125347    0 
472600:    1.00    6.901    0.054 0.041    0.042   -125362    0 
472700:    1.00    7.065    0.073 0.037    0.046   -125358    0 
472800:    1.00    7.241    0.075 0.038    0.043   -125357    0 
472900:    1.00    7.211    0.059 0.029    0.041   -125406    0 

--------------------------------------------
Proportion of membership of each pre-defined
 population in each of the 2 clusters

Given    Inferred Clusters       Number of
 Pop       1      2             Individuals

  1:     0.501  0.499             358
  2:     0.498  0.502             1039
  3:     0.496  0.504             603
--------------------------------------------

  Rep#:   Lambda   Alpha      F1    F2     D1,2    Ln Like  Est Ln P(D)
473000:    1.00    7.560    0.054 0.024    0.033   -125440    0 
473100:    1.00    7.705    0.080 0.021    0.031   -125421    0 
473200:    1.00    7.849    0.068 0.018    0.030   -125436    0 
473300:    1.00    7.815    0.073 0.023    0.041   -125442    0 
473400:    1.00    7.736    0.077 0.021    0.043   -125417    0 
473500:    1.00    7.971    0.100 0.024    0.048   -125367    0 
473600:    1.00    7.786    0.089 0.031    0.047   -125368    0 
473700:    1.00    7.219    0.093 0.029    0.042   -125372    0 
473800:    1.00    7.539    0.090 0.026    0.056   -125359    0 
473900:    1.00    7.342    0.075 0.033    0.046   -125392    0 

--------------------------------------------
Proportion of membership of each pre-defined
 population in each of the 2 clusters

Given    Inferred Clusters       Number of
 Pop       1      2             Individuals

  1:     0.498  0.502             358
  2:     0.502  0.498             1039
  3:     0.504  0.496             603
--------------------------------------------

  Rep#:   Lambda   Alpha      F1    F2     D1,2    Ln Like  Est Ln P(D)
474000:    1.00    7.555    0.092 0.029    0.040   -125402    0 
474100:    1.00    7.458    0.102 0.022    0.050   -125355    0 
474200:    1.00    7.538    0.086 0.023    0.046   -125419    0 
474300:    1.00    7.761    0.097 0.032    0.048   -125341    0 
474400:    1.00    7.531    0.064 0.028    0.039   -125431    0 
474500:    1.00    7.233    0.073 0.023    0.035   -125467    0 
474600:    1.00    6.955    0.069 0.023    0.037   -125397    0 
474700:    1.00    6.895    0.077 0.025    0.042   -125346    0 
474800:    1.00    6.701    0.062 0.028    0.034   -125395    0 
474900:    1.00    6.372    0.077 0.046    0.039   -125354    0 

--------------------------------------------
Proportion of membership of each pre-defined
 population in each of the 2 clusters

Given    Inferred Clusters       Number of
 Pop       1      2             Individuals

  1:     0.501  0.499             358
  2:     0.497  0.503             1039
  3:     0.494  0.506             603
--------------------------------------------

  Rep#:   Lambda   Alpha      F1    F2     D1,2    Ln Like  Est Ln P(D)
475000:    1.00    6.171    0.068 0.034    0.039   -125338    0 
475100:    1.00    6.413    0.065 0.034    0.033   -125351    0 
475200:    1.00    6.456    0.058 0.043    0.037   -125380    0 
475300:    1.00    6.183    0.074 0.042    0.044   -125360    0 
475400:    1.00    6.182    0.094 0.036    0.049   -125379    0 
475500:    1.00    6.075    0.089 0.042    0.040   -125306    0 
475600:    1.00    6.028    0.086 0.038    0.043   -125272    0 
475700:    1.00    6.332    0.048 0.065    0.045   -125359    0 
475800:    1.00    6.539    0.045 0.073    0.042   -125469    0 
475900:    1.00    6.365    0.043 0.061    0.039   -125370    0 

--------------------------------------------
Proportion of membership of each pre-defined
 population in each of the 2 clusters

Given    Inferred Clusters       Number of
 Pop       1      2             Individuals

  1:     0.500  0.500             358
  2:     0.502  0.498             1039
  3:     0.514  0.486             603
--------------------------------------------

  Rep#:   Lambda   Alpha      F1    F2     D1,2    Ln Like  Est Ln P(D)
476000:    1.00    6.417    0.037 0.059    0.041   -125361    0 
476100:    1.00    6.545    0.040 0.067    0.042   -125386    0 
476200:    1.00    6.895    0.037 0.068    0.047   -125437    0 
476300:    1.00    6.765    0.037 0.074    0.044   -125350    0 
476400:    1.00    6.836    0.043 0.078    0.037   -125395    0 
476500:    1.00    7.275    0.047 0.070    0.048   -125350    0 
476600:    1.00    7.377    0.055 0.074    0.054   -125365    0 
476700:    1.00    7.216    0.062 0.062    0.053   -125353    0 
476800:    1.00    7.443    0.065 0.067    0.067   -125315    0 
476900:    1.00    7.657    0.050 0.053    0.052   -125386    0 

--------------------------------------------
Proportion of membership of each pre-defined
 population in each of the 2 clusters

Given    Inferred Clusters       Number of
 Pop       1      2             Individuals

  1:     0.498  0.502             358
  2:     0.499  0.501             1039
  3:     0.495  0.505             603
--------------------------------------------

  Rep#:   Lambda   Alpha      F1    F2     D1,2    Ln Like  Est Ln P(D)
477000:    1.00    7.538    0.057 0.068    0.054   -125367    0 
477100:    1.00    7.389    0.049 0.050    0.050   -125373    0 
477200:    1.00    7.473    0.045 0.055    0.041   -125439    0 
477300:    1.00    7.309    0.064 0.051    0.039   -125415    0 
477400:    1.00    7.246    0.061 0.047    0.052   -125307    0 
477500:    1.00    7.079    0.066 0.045    0.042   -125355    0 
477600:    1.00    6.996    0.059 0.054    0.038   -125326    0 
477700:    1.00    7.019    0.056 0.046    0.048   -125379    0 
477800:    1.00    6.752    0.058 0.059    0.045   -125322    0 
477900:    1.00    6.910    0.061 0.041    0.044   -125313    0 

--------------------------------------------
Proportion of membership of each pre-defined
 population in each of the 2 clusters

Given    Inferred Clusters       Number of
 Pop       1      2             Individuals

  1:     0.494  0.506             358
  2:     0.502  0.498             1039
  3:     0.503  0.497             603
--------------------------------------------

  Rep#:   Lambda   Alpha      F1    F2     D1,2    Ln Like  Est Ln P(D)
478000:    1.00    6.866    0.066 0.033    0.046   -125390    0 
478100:    1.00    6.866    0.073 0.032    0.038   -125356    0 
478200:    1.00    6.520    0.071 0.036    0.040   -125339    0 
478300:    1.00    6.098    0.069 0.040    0.039   -125345    0 
478400:    1.00    5.702    0.069 0.037    0.039   -125368    0 
478500:    1.00    5.994    0.063 0.042    0.043   -125319    0 
478600:    1.00    5.838    0.051 0.034    0.037   -125347    0 
478700:    1.00    6.009    0.071 0.023    0.038   -125318    0 
478800:    1.00    6.145    0.058 0.021    0.032   -125350    0 
478900:    1.00    6.149    0.060 0.028    0.030   -125373    0 

--------------------------------------------
Proportion of membership of each pre-defined
 population in each of the 2 clusters

Given    Inferred Clusters       Number of
 Pop       1      2             Individuals

  1:     0.493  0.507             358
  2:     0.500  0.500             1039
  3:     0.498  0.502             603
--------------------------------------------

  Rep#:   Lambda   Alpha      F1    F2     D1,2    Ln Like  Est Ln P(D)
479000:    1.00    6.187    0.088 0.025    0.042   -125327    0 
479100:    1.00    6.842    0.070 0.026    0.055   -125341    0 
479200:    1.00    6.706    0.072 0.025    0.044   -125385    0 
479300:    1.00    6.901    0.075 0.028    0.040   -125360    0 
479400:    1.00    7.279    0.078 0.029    0.044   -125305    0 
479500:    1.00    6.934    0.085 0.028    0.041   -125360    0 
479600:    1.00    6.742    0.100 0.020    0.038   -125355    0 
479700:    1.00    6.576    0.055 0.025    0.030   -125394    0 
479800:    1.00    6.800    0.047 0.045    0.036   -125416    0 
479900:    1.00    6.918    0.044 0.034    0.040   -125370    0 

--------------------------------------------
Proportion of membership of each pre-defined
 population in each of the 2 clusters

Given    Inferred Clusters       Number of
 Pop       1      2             Individuals

  1:     0.498  0.502             358
  2:     0.505  0.495             1039
  3:     0.500  0.500             603
--------------------------------------------

  Rep#:   Lambda   Alpha      F1    F2     D1,2    Ln Like  Est Ln P(D)
480000:    1.00    7.447    0.045 0.044    0.035   -125366    0 
480100:    1.00    7.377    0.042 0.047    0.034   -125416    0 
480200:    1.00    7.481    0.066 0.052    0.045   -125364    0 
480300:    1.00    7.189    0.074 0.042    0.046   -125399    0 
480400:    1.00    7.266    0.068 0.041    0.043   -125383    0 
480500:    1.00    6.746    0.043 0.045    0.038   -125366    0 
480600:    1.00    6.984    0.051 0.036    0.044   -125406    0 
480700:    1.00    6.814    0.061 0.030    0.043   -125401    0 
480800:    1.00    7.128    0.071 0.024    0.048   -125314    0 
480900:    1.00    7.192    0.083 0.027    0.051   -125358    0 

--------------------------------------------
Proportion of membership of each pre-defined
 population in each of the 2 clusters

Given    Inferred Clusters       Number of
 Pop       1      2             Individuals

  1:     0.494  0.506             358
  2:     0.508  0.492             1039
  3:     0.502  0.498             603
--------------------------------------------

  Rep#:   Lambda   Alpha      F1    F2     D1,2    Ln Like  Est Ln P(D)
481000:    1.00    7.688    0.089 0.033    0.054   -125335    0 
481100:    1.00    7.688    0.079 0.027    0.048   -125366    0 
481200:    1.00    7.656    0.075 0.030    0.051   -125358    0 
481300:    1.00    7.559    0.102 0.034    0.052   -125348    0 
481400:    1.00    7.757    0.086 0.025    0.053   -125289    0 
481500:    1.00    7.881    0.071 0.030    0.054   -125371    0 
481600:    1.00    8.071    0.078 0.036    0.045   -125375    0 
481700:    1.00    8.451    0.053 0.035    0.045   -125357    0 
481800:    1.00    8.787    0.070 0.041    0.060   -125375    0 
481900:    1.00    8.631    0.049 0.058    0.046   -125399    0 

--------------------------------------------
Proportion of membership of each pre-defined
 population in each of the 2 clusters

Given    Inferred Clusters       Number of
 Pop       1      2             Individuals

  1:     0.497  0.503             358
  2:     0.499  0.501             1039
  3:     0.505  0.495             603
--------------------------------------------

  Rep#:   Lambda   Alpha      F1    F2     D1,2    Ln Like  Est Ln P(D)
482000:    1.00    8.837    0.052 0.063    0.038   -125463    0 
482100:    1.00    8.715    0.048 0.053    0.047   -125422    0 
482200:    1.00    9.059    0.052 0.056    0.046   -125413    0 
482300:    1.00    8.957    0.041 0.056    0.044   -125381    0 
482400:    1.00    8.995    0.041 0.041    0.031   -125465    0 
482500:    1.00    9.081    0.045 0.051    0.036   -125446    0 
482600:    1.00    9.417    0.057 0.051    0.049   -125450    0 
482700:    1.00    9.457    0.062 0.040    0.048   -125384    0 
482800:    1.00    9.206    0.052 0.037    0.046   -125453    0 
482900:    1.00    8.999    0.052 0.043    0.038   -125497    0 

--------------------------------------------
Proportion of membership of each pre-defined
 population in each of the 2 clusters

Given    Inferred Clusters       Number of
 Pop       1      2             Individuals

  1:     0.509  0.491             358
  2:     0.504  0.496             1039
  3:     0.505  0.495             603
--------------------------------------------

  Rep#:   Lambda   Alpha      F1    F2     D1,2    Ln Like  Est Ln P(D)
483000:    1.00    8.635    0.066 0.044    0.039   -125437    0 
483100:    1.00    8.354    0.071 0.032    0.041   -125492    0 
483200:    1.00    7.803    0.068 0.036    0.039   -125424    0 
483300:    1.00    7.846    0.109 0.037    0.062   -125357    0 
483400:    1.00    7.441    0.090 0.035    0.058   -125335    0 
483500:    1.00    7.437    0.059 0.036    0.046   -125359    0 
483600:    1.00    7.538    0.053 0.038    0.038   -125431    0 
483700:    1.00    7.692    0.070 0.036    0.043   -125400    0 
483800:    1.00    7.615    0.073 0.043    0.047   -125361    0 
483900:    1.00    7.710    0.072 0.039    0.047   -125404    0 

--------------------------------------------
Proportion of membership of each pre-defined
 population in each of the 2 clusters

Given    Inferred Clusters       Number of
 Pop       1      2             Individuals

  1:     0.506  0.494             358
  2:     0.503  0.497             1039
  3:     0.507  0.493             603
--------------------------------------------

  Rep#:   Lambda   Alpha      F1    F2     D1,2    Ln Like  Est Ln P(D)
484000:    1.00    7.804    0.058 0.042    0.041   -125401    0 
484100:    1.00    7.770    0.077 0.042    0.046   -125432    0 
484200:    1.00    7.803    0.066 0.032    0.039   -125452    0 
484300:    1.00    8.026    0.067 0.036    0.047   -125380    0 
484400:    1.00    8.028    0.078 0.042    0.039   -125399    0 
484500:    1.00    7.814    0.075 0.034    0.040   -125411    0 
484600:    1.00    7.973    0.084 0.038    0.049   -125391    0 
484700:    1.00    7.598    0.076 0.054    0.046   -125363    0 
484800:    1.00    7.560    0.077 0.037    0.042   -125422    0 
484900:    1.00    7.443    0.083 0.045    0.044   -125433    0 

--------------------------------------------
Proportion of membership of each pre-defined
 population in each of the 2 clusters

Given    Inferred Clusters       Number of
 Pop       1      2             Individuals

  1:     0.502  0.498             358
  2:     0.502  0.498             1039
  3:     0.504  0.496             603
--------------------------------------------

  Rep#:   Lambda   Alpha      F1    F2     D1,2    Ln Like  Est Ln P(D)
485000:    1.00    7.391    0.069 0.041    0.041   -125385    0 
485100:    1.00    8.062    0.064 0.037    0.053   -125388    0 
485200:    1.00    8.296    0.068 0.039    0.037   -125435    0 
485300:    1.00    8.141    0.060 0.048    0.042   -125423    0 
485400:    1.00    8.393    0.070 0.052    0.051   -125338    0 
485500:    1.00    8.501    0.064 0.042    0.045   -125362    0 
485600:    1.00    8.257    0.060 0.051    0.043   -125382    0 
485700:    1.00    8.287    0.060 0.046    0.045   -125452    0 
485800:    1.00    8.330    0.069 0.052    0.053   -125410    0 
485900:    1.00    8.695    0.057 0.047    0.047   -125390    0 

--------------------------------------------
Proportion of membership of each pre-defined
 population in each of the 2 clusters

Given    Inferred Clusters       Number of
 Pop       1      2             Individuals

  1:     0.505  0.495             358
  2:     0.495  0.505             1039
  3:     0.503  0.497             603
--------------------------------------------

  Rep#:   Lambda   Alpha      F1    F2     D1,2    Ln Like  Est Ln P(D)
486000:    1.00    8.544    0.059 0.039    0.041   -125454    0 
486100:    1.00    8.982    0.058 0.050    0.047   -125400    0 
486200:    1.00    9.130    0.053 0.047    0.038   -125434    0 
486300:    1.00    9.508    0.045 0.046    0.045   -125416    0 
486400:    1.00    9.350    0.058 0.040    0.048   -125449    0 
486500:    1.00    9.684    0.060 0.049    0.051   -125394    0 
486600:    1.00    9.969    0.061 0.052    0.054   -125434    0 
486700:    1.00    9.694    0.062 0.060    0.056   -125416    0 
486800:    1.00    9.951    0.056 0.061    0.069   -125355    0 
486900:    1.00    9.856    0.060 0.076    0.059   -125383    0 

--------------------------------------------
Proportion of membership of each pre-defined
 population in each of the 2 clusters

Given    Inferred Clusters       Number of
 Pop       1      2             Individuals

  1:     0.503  0.497             358
  2:     0.503  0.497             1039
  3:     0.497  0.503             603
--------------------------------------------

  Rep#:   Lambda   Alpha      F1    F2     D1,2    Ln Like  Est Ln P(D)
487000:    1.00    9.943    0.039 0.067    0.041   -125492    0 
487100:    1.00    9.863    0.034 0.053    0.043   -125469    0 
487200:    1.00    9.687    0.043 0.066    0.041   -125436    0 
487300:    1.00    9.842    0.038 0.064    0.059   -125416    0 
487400:    1.00    9.876    0.043 0.063    0.048   -125424    0 
487500:    1.00    9.811    0.034 0.067    0.035   -125526    0 
487600:    1.00    9.927    0.040 0.058    0.045   -125468    0 
487700:    1.00    9.634    0.032 0.061    0.038   -125471    0 
487800:    1.00    9.430    0.031 0.086    0.047   -125467    0 
487900:    1.00    9.378    0.037 0.083    0.053   -125399    0 

--------------------------------------------
Proportion of membership of each pre-defined
 population in each of the 2 clusters

Given    Inferred Clusters       Number of
 Pop       1      2             Individuals

  1:     0.504  0.496             358
  2:     0.498  0.502             1039
  3:     0.505  0.495             603
--------------------------------------------

  Rep#:   Lambda   Alpha      F1    F2     D1,2    Ln Like  Est Ln P(D)
488000:    1.00    9.698    0.029 0.094    0.045   -125395    0 
488100:    1.00    9.787    0.043 0.111    0.051   -125390    0 
488200:    1.00    9.887    0.043 0.104    0.059   -125427    0 
488300:    1.00    9.716    0.030 0.077    0.055   -125413    0 
488400:    1.00    9.884    0.038 0.072    0.056   -125455    0 
488500:    1.00    9.907    0.040 0.095    0.062   -125394    0 
488600:    1.00    9.695    0.037 0.080    0.057   -125421    0 
488700:    1.00    9.705    0.045 0.076    0.050   -125409    0 
488800:    1.00    9.938    0.046 0.090    0.061   -125365    0 
488900:    1.00    9.759    0.046 0.087    0.063   -125362    0 

--------------------------------------------
Proportion of membership of each pre-defined
 population in each of the 2 clusters

Given    Inferred Clusters       Number of
 Pop       1      2             Individuals

  1:     0.504  0.496             358
  2:     0.501  0.499             1039
  3:     0.499  0.501             603
--------------------------------------------

  Rep#:   Lambda   Alpha      F1    F2     D1,2    Ln Like  Est Ln P(D)
489000:    1.00    9.556    0.046 0.102    0.071   -125341    0 
489100:    1.00    9.580    0.056 0.065    0.065   -125324    0 
489200:    1.00    9.089    0.044 0.066    0.047   -125414    0 
489300:    1.00    8.979    0.042 0.076    0.055   -125423    0 
489400:    1.00    8.840    0.033 0.065    0.047   -125460    0 
489500:    1.00    9.105    0.034 0.076    0.055   -125383    0 
489600:    1.00    8.831    0.042 0.076    0.055   -125385    0 
489700:    1.00    8.886    0.041 0.076    0.048   -125406    0 
489800:    1.00    8.473    0.030 0.065    0.041   -125484    0 
489900:    1.00    8.090    0.040 0.053    0.046   -125494    0 

--------------------------------------------
Proportion of membership of each pre-defined
 population in each of the 2 clusters

Given    Inferred Clusters       Number of
 Pop       1      2             Individuals

  1:     0.496  0.504             358
  2:     0.498  0.502             1039
  3:     0.495  0.505             603
--------------------------------------------

  Rep#:   Lambda   Alpha      F1    F2     D1,2    Ln Like  Est Ln P(D)
490000:    1.00    8.252    0.036 0.039    0.029   -125495    0 
490100:    1.00    8.277    0.054 0.030    0.030   -125493    0 
490200:    1.00    8.208    0.067 0.032    0.038   -125396    0 
490300:    1.00    8.521    0.069 0.030    0.048   -125469    0 
490400:    1.00    8.468    0.051 0.025    0.028   -125525    0 
490500:    1.00    8.008    0.046 0.029    0.031   -125489    0 
490600:    1.00    7.972    0.061 0.030    0.039   -125380    0 
490700:    1.00    7.841    0.065 0.033    0.040   -125428    0 
490800:    1.00    8.281    0.053 0.025    0.031   -125519    0 
490900:    1.00    8.239    0.063 0.028    0.039   -125410    0 

--------------------------------------------
Proportion of membership of each pre-defined
 population in each of the 2 clusters

Given    Inferred Clusters       Number of
 Pop       1      2             Individuals

  1:     0.491  0.509             358
  2:     0.502  0.498             1039
  3:     0.493  0.507             603
--------------------------------------------

  Rep#:   Lambda   Alpha      F1    F2     D1,2    Ln Like  Est Ln P(D)
491000:    1.00    8.450    0.056 0.033    0.048   -125367    0 
491100:    1.00    8.765    0.045 0.033    0.039   -125484    0 
491200:    1.00    9.188    0.052 0.041    0.049   -125417    0 
491300:    1.00    8.946    0.054 0.051    0.039   -125481    0 
491400:    1.00    8.474    0.077 0.046    0.048   -125391    0 
491500:    1.00    8.764    0.059 0.041    0.043   -125398    0 
491600:    1.00    8.734    0.057 0.034    0.043   -125443    0 
491700:    1.00    8.762    0.063 0.032    0.038   -125389    0 
491800:    1.00    8.752    0.061 0.029    0.046   -125401    0 
491900:    1.00    8.543    0.067 0.031    0.039   -125441    0 

--------------------------------------------
Proportion of membership of each pre-defined
 population in each of the 2 clusters

Given    Inferred Clusters       Number of
 Pop       1      2             Individuals

  1:     0.500  0.500             358
  2:     0.501  0.499             1039
  3:     0.490  0.510             603
--------------------------------------------

  Rep#:   Lambda   Alpha      F1    F2     D1,2    Ln Like  Est Ln P(D)
492000:    1.00    8.231    0.062 0.036    0.043   -125427    0 
492100:    1.00    8.451    0.077 0.039    0.050   -125390    0 
492200:    1.00    8.526    0.081 0.045    0.060   -125385    0 
492300:    1.00    8.565    0.099 0.033    0.049   -125439    0 
492400:    1.00    8.514    0.095 0.030    0.042   -125459    0 
492500:    1.00    8.148    0.099 0.032    0.053   -125379    0 
492600:    1.00    8.044    0.058 0.026    0.039   -125447    0 
492700:    1.00    8.692    0.064 0.025    0.035   -125513    0 
492800:    1.00    8.976    0.071 0.028    0.035   -125484    0 
492900:    1.00    8.843    0.076 0.022    0.035   -125475    0 

--------------------------------------------
Proportion of membership of each pre-defined
 population in each of the 2 clusters

Given    Inferred Clusters       Number of
 Pop       1      2             Individuals

  1:     0.492  0.508             358
  2:     0.499  0.501             1039
  3:     0.502  0.498             603
--------------------------------------------

  Rep#:   Lambda   Alpha      F1    F2     D1,2    Ln Like  Est Ln P(D)
493000:    1.00    8.909    0.079 0.023    0.045   -125376    0 
493100:    1.00    8.688    0.071 0.025    0.049   -125379    0 
493200:    1.00    8.795    0.126 0.021    0.048   -125432    0 
493300:    1.00    8.629    0.076 0.021    0.038   -125408    0 
493400:    1.00    8.666    0.087 0.022    0.050   -125400    0 
493500:    1.00    8.641    0.091 0.020    0.047   -125387    0 
493600:    1.00    8.435    0.075 0.024    0.042   -125412    0 
493700:    1.00    8.571    0.055 0.027    0.032   -125478    0 
493800:    1.00    8.140    0.078 0.026    0.038   -125392    0 
493900:    1.00    8.031    0.081 0.032    0.043   -125418    0 

--------------------------------------------
Proportion of membership of each pre-defined
 population in each of the 2 clusters

Given    Inferred Clusters       Number of
 Pop       1      2             Individuals

  1:     0.501  0.499             358
  2:     0.505  0.495             1039
  3:     0.502  0.498             603
--------------------------------------------

  Rep#:   Lambda   Alpha      F1    F2     D1,2    Ln Like  Est Ln P(D)
494000:    1.00    7.870    0.073 0.026    0.042   -125391    0 
494100:    1.00    7.681    0.077 0.031    0.042   -125389    0 
494200:    1.00    8.019    0.077 0.025    0.043   -125458    0 
494300:    1.00    7.743    0.084 0.020    0.041   -125416    0 
494400:    1.00    7.706    0.064 0.020    0.030   -125476    0 
494500:    1.00    7.568    0.089 0.024    0.034   -125424    0 
494600:    1.00    7.640    0.064 0.024    0.029   -125486    0 
494700:    1.00    7.349    0.067 0.022    0.033   -125455    0 
494800:    1.00    7.676    0.084 0.021    0.038   -125427    0 
494900:    1.00    7.977    0.076 0.019    0.037   -125424    0 

--------------------------------------------
Proportion of membership of each pre-defined
 population in each of the 2 clusters

Given    Inferred Clusters       Number of
 Pop       1      2             Individuals

  1:     0.502  0.498             358
  2:     0.493  0.507             1039
  3:     0.497  0.503             603
--------------------------------------------

  Rep#:   Lambda   Alpha      F1    F2     D1,2    Ln Like  Est Ln P(D)
495000:    1.00    7.942    0.081 0.030    0.054   -125363    0 
495100:    1.00    7.863    0.079 0.027    0.043   -125397    0 
495200:    1.00    8.011    0.075 0.034    0.049   -125383    0 
495300:    1.00    8.128    0.111 0.041    0.041   -125388    0 
495400:    1.00    8.401    0.083 0.039    0.055   -125363    0 
495500:    1.00    8.328    0.080 0.031    0.050   -125325    0 
495600:    1.00    8.429    0.103 0.029    0.052   -125386    0 
495700:    1.00    8.596    0.081 0.025    0.049   -125367    0 
495800:    1.00    8.529    0.086 0.026    0.039   -125381    0 
495900:    1.00    8.352    0.112 0.029    0.050   -125378    0 

--------------------------------------------
Proportion of membership of each pre-defined
 population in each of the 2 clusters

Given    Inferred Clusters       Number of
 Pop       1      2             Individuals

  1:     0.506  0.494             358
  2:     0.499  0.501             1039
  3:     0.502  0.498             603
--------------------------------------------

  Rep#:   Lambda   Alpha      F1    F2     D1,2    Ln Like  Est Ln P(D)
496000:    1.00    8.696    0.108 0.032    0.055   -125371    0 
496100:    1.00    8.547    0.086 0.033    0.051   -125404    0 
496200:    1.00    8.225    0.068 0.044    0.053   -125391    0 
496300:    1.00    8.084    0.094 0.046    0.058   -125393    0 
496400:    1.00    8.052    0.075 0.053    0.052   -125337    0 
496500:    1.00    8.434    0.087 0.043    0.048   -125427    0 
496600:    1.00    8.100    0.061 0.040    0.049   -125420    0 
496700:    1.00    7.982    0.056 0.044    0.047   -125366    0 
496800:    1.00    8.204    0.067 0.055    0.052   -125408    0 
496900:    1.00    8.052    0.064 0.054    0.051   -125397    0 

--------------------------------------------
Proportion of membership of each pre-defined
 population in each of the 2 clusters

Given    Inferred Clusters       Number of
 Pop       1      2             Individuals

  1:     0.496  0.504             358
  2:     0.506  0.494             1039
  3:     0.505  0.495             603
--------------------------------------------

  Rep#:   Lambda   Alpha      F1    F2     D1,2    Ln Like  Est Ln P(D)
497000:    1.00    8.637    0.068 0.051    0.051   -125421    0 
497100:    1.00    8.671    0.052 0.066    0.054   -125382    0 
497200:    1.00    9.134    0.050 0.070    0.044   -125434    0 
497300:    1.00    9.037    0.052 0.069    0.049   -125452    0 
497400:    1.00    8.706    0.063 0.068    0.053   -125471    0 
497500:    1.00    9.027    0.059 0.065    0.049   -125474    0 
497600:    1.00    9.387    0.058 0.050    0.041   -125442    0 
497700:    1.00    9.223    0.061 0.054    0.053   -125391    0 
497800:    1.00    9.043    0.077 0.048    0.060   -125380    0 
497900:    1.00    8.857    0.068 0.052    0.045   -125374    0 

--------------------------------------------
Proportion of membership of each pre-defined
 population in each of the 2 clusters

Given    Inferred Clusters       Number of
 Pop       1      2             Individuals

  1:     0.506  0.494             358
  2:     0.506  0.494             1039
  3:     0.497  0.503             603
--------------------------------------------

  Rep#:   Lambda   Alpha      F1    F2     D1,2    Ln Like  Est Ln P(D)
498000:    1.00    9.042    0.086 0.057    0.054   -125377    0 
498100:    1.00    9.465    0.081 0.055    0.055   -125453    0 
498200:    1.00    9.412    0.068 0.053    0.052   -125410    0 
498300:    1.00    9.641    0.061 0.057    0.060   -125367    0 
498400:    1.00    9.494    0.064 0.054    0.053   -125363    0 
498500:    1.00    9.379    0.060 0.048    0.049   -125404    0 
498600:    1.00    9.140    0.083 0.058    0.060   -125363    0 
498700:    1.00    9.393    0.062 0.044    0.051   -125450    0 
498800:    1.00    9.385    0.076 0.029    0.039   -125418    0 
498900:    1.00    9.187    0.074 0.026    0.045   -125422    0 

--------------------------------------------
Proportion of membership of each pre-defined
 population in each of the 2 clusters

Given    Inferred Clusters       Number of
 Pop       1      2             Individuals

  1:     0.503  0.497             358
  2:     0.498  0.502             1039
  3:     0.504  0.496             603
--------------------------------------------

  Rep#:   Lambda   Alpha      F1    F2     D1,2    Ln Like  Est Ln P(D)
499000:    1.00    9.523    0.095 0.029    0.046   -125476    0 
499100:    1.00    9.673    0.075 0.032    0.041   -125472    0 
499200:    1.00    9.741    0.092 0.030    0.061   -125396    0 
499300:    1.00    9.913    0.091 0.036    0.061   -125432    0 
499400:    1.00    9.688    0.100 0.030    0.059   -125411    0 
499500:    1.00    9.569    0.109 0.032    0.047   -125464    0 
499600:    1.00    9.973    0.087 0.045    0.054   -125426    0 
499700:    1.00    9.941    0.094 0.045    0.058   -125373    0 
499800:    1.00    9.944    0.094 0.044    0.064   -125366    0 
499900:    1.00    9.861    0.089 0.044    0.063   -125390    0 

--------------------------------------------
Proportion of membership of each pre-defined
 population in each of the 2 clusters

Given    Inferred Clusters       Number of
 Pop       1      2             Individuals

  1:     0.499  0.501             358
  2:     0.505  0.495             1039
  3:     0.504  0.496             603
--------------------------------------------

  Rep#:   Lambda   Alpha      F1    F2     D1,2    Ln Like  Est Ln P(D)
500000:    1.00    9.663    0.081 0.052    0.062   -125413    0 
500100:    1.00    9.426    0.088 0.038    0.050   -125360    0 
500200:    1.00    8.973    0.070 0.057    0.054   -125395    0 
500300:    1.00    9.443    0.081 0.053    0.054   -125350    0 
500400:    1.00    9.711    0.078 0.041    0.046   -125432    0 
500500:    1.00    9.864    0.102 0.037    0.049   -125421    0 
500600:    1.00    9.798    0.073 0.043    0.052   -125381    0 
500700:    1.00    9.834    0.104 0.038    0.051   -125412    0 
500800:    1.00    9.448    0.088 0.042    0.057   -125389    0 
500900:    1.00    9.692    0.072 0.038    0.046   -125451    0 

--------------------------------------------
Proportion of membership of each pre-defined
 population in each of the 2 clusters

Given    Inferred Clusters       Number of
 Pop       1      2             Individuals

  1:     0.502  0.498             358
  2:     0.502  0.498             1039
  3:     0.500  0.500             603
--------------------------------------------

  Rep#:   Lambda   Alpha      F1    F2     D1,2    Ln Like  Est Ln P(D)
501000:    1.00    9.319    0.068 0.047    0.059   -125376    0 
501100:    1.00    9.115    0.067 0.040    0.046   -125437    0 
501200:    1.00    9.686    0.068 0.049    0.047   -125421    0 
501300:    1.00    9.973    0.072 0.042    0.048   -125413    0 
501400:    1.00    9.493    0.073 0.035    0.047   -125434    0 
501500:    1.00    9.438    0.083 0.056    0.053   -125386    0 
501600:    1.00    9.414    0.087 0.050    0.073   -125307    0 
501700:    1.00    9.445    0.065 0.048    0.047   -125349    0 
501800:    1.00    9.237    0.065 0.074    0.069   -125375    0 
501900:    1.00    9.141    0.067 0.071    0.066   -125332    0 

--------------------------------------------
Proportion of membership of each pre-defined
 population in each of the 2 clusters

Given    Inferred Clusters       Number of
 Pop       1      2             Individuals

  1:     0.516  0.484             358
  2:     0.501  0.499             1039
  3:     0.506  0.494             603
--------------------------------------------

  Rep#:   Lambda   Alpha      F1    F2     D1,2    Ln Like  Est Ln P(D)
502000:    1.00    9.401    0.075 0.074    0.064   -125326    0 
502100:    1.00    9.285    0.081 0.081    0.063   -125372    0 
502200:    1.00    9.426    0.064 0.054    0.061   -125376    0 
502300:    1.00    8.963    0.065 0.062    0.047   -125340    0 
502400:    1.00    9.310    0.074 0.055    0.060   -125343    0 
502500:    1.00    8.995    0.097 0.054    0.058   -125318    0 
502600:    1.00    8.577    0.083 0.061    0.058   -125338    0 
502700:    1.00    8.974    0.102 0.058    0.064   -125307    0 
502800:    1.00    8.923    0.068 0.069    0.073   -125306    0 
502900:    1.00    8.684    0.054 0.079    0.056   -125350    0 

--------------------------------------------
Proportion of membership of each pre-defined
 population in each of the 2 clusters

Given    Inferred Clusters       Number of
 Pop       1      2             Individuals

  1:     0.485  0.515             358
  2:     0.500  0.500             1039
  3:     0.503  0.497             603
--------------------------------------------

  Rep#:   Lambda   Alpha      F1    F2     D1,2    Ln Like  Est Ln P(D)
503000:    1.00    8.456    0.069 0.066    0.059   -125277    0 
503100:    1.00    8.067    0.077 0.084    0.060   -125334    0 
503200:    1.00    8.249    0.056 0.077    0.059   -125273    0 
503300:    1.00    8.761    0.061 0.068    0.058   -125347    0 
503400:    1.00    9.003    0.063 0.079    0.048   -125399    0 
503500:    1.00    9.125    0.057 0.086    0.062   -125365    0 
503600:    1.00    8.536    0.068 0.077    0.057   -125381    0 
503700:    1.00    8.400    0.068 0.077    0.066   -125310    0 
503800:    1.00    9.048    0.072 0.068    0.058   -125331    0 
503900:    1.00    9.000    0.069 0.050    0.063   -125366    0 

--------------------------------------------
Proportion of membership of each pre-defined
 population in each of the 2 clusters

Given    Inferred Clusters       Number of
 Pop       1      2             Individuals

  1:     0.491  0.509             358
  2:     0.497  0.503             1039
  3:     0.507  0.493             603
--------------------------------------------

  Rep#:   Lambda   Alpha      F1    F2     D1,2    Ln Like  Est Ln P(D)
504000:    1.00    8.589    0.058 0.050    0.050   -125431    0 
504100:    1.00    8.406    0.097 0.054    0.060   -125345    0 
504200:    1.00    8.655    0.085 0.051    0.061   -125319    0 
504300:    1.00    8.806    0.102 0.052    0.064   -125362    0 
504400:    1.00    8.763    0.101 0.038    0.059   -125331    0 
504500:    1.00    8.525    0.085 0.058    0.065   -125345    0 
504600:    1.00    8.689    0.067 0.059    0.066   -125370    0 
504700:    1.00    8.840    0.062 0.053    0.061   -125339    0 
504800:    1.00    8.995    0.078 0.057    0.062   -125349    0 
504900:    1.00    9.017    0.076 0.069    0.060   -125322    0 

--------------------------------------------
Proportion of membership of each pre-defined
 population in each of the 2 clusters

Given    Inferred Clusters       Number of
 Pop       1      2             Individuals

  1:     0.502  0.498             358
  2:     0.499  0.501             1039
  3:     0.505  0.495             603
--------------------------------------------

  Rep#:   Lambda   Alpha      F1    F2     D1,2    Ln Like  Est Ln P(D)
505000:    1.00    9.293    0.084 0.047    0.051   -125367    0 
505100:    1.00    9.539    0.103 0.051    0.061   -125350    0 
505200:    1.00    9.150    0.120 0.041    0.053   -125423    0 
505300:    1.00    8.881    0.083 0.046    0.051   -125448    0 
505400:    1.00    9.094    0.082 0.044    0.050   -125346    0 
505500:    1.00    9.463    0.082 0.042    0.049   -125418    0 
505600:    1.00    9.345    0.067 0.061    0.056   -125382    0 
505700:    1.00    9.643    0.070 0.069    0.064   -125384    0 
505800:    1.00    9.652    0.110 0.048    0.070   -125370    0 
505900:    1.00    9.461    0.083 0.044    0.056   -125402    0 

--------------------------------------------
Proportion of membership of each pre-defined
 population in each of the 2 clusters

Given    Inferred Clusters       Number of
 Pop       1      2             Individuals

  1:     0.505  0.495             358
  2:     0.502  0.498             1039
  3:     0.498  0.502             603
--------------------------------------------

  Rep#:   Lambda   Alpha      F1    F2     D1,2    Ln Like  Est Ln P(D)
506000:    1.00    9.258    0.084 0.043    0.053   -125391    0 
506100:    1.00    9.329    0.067 0.045    0.052   -125439    0 
506200:    1.00    9.216    0.055 0.053    0.039   -125468    0 
506300:    1.00    9.202    0.082 0.043    0.057   -125375    0 
506400:    1.00    9.049    0.061 0.040    0.050   -125409    0 
506500:    1.00    8.875    0.084 0.044    0.053   -125374    0 
506600:    1.00    8.904    0.099 0.033    0.052   -125373    0 
506700:    1.00    9.081    0.089 0.031    0.051   -125397    0 
506800:    1.00    9.264    0.081 0.046    0.044   -125443    0 
506900:    1.00    9.068    0.074 0.036    0.056   -125390    0 

--------------------------------------------
Proportion of membership of each pre-defined
 population in each of the 2 clusters

Given    Inferred Clusters       Number of
 Pop       1      2             Individuals

  1:     0.497  0.503             358
  2:     0.503  0.497             1039
  3:     0.499  0.501             603
--------------------------------------------

  Rep#:   Lambda   Alpha      F1    F2     D1,2    Ln Like  Est Ln P(D)
507000:    1.00    9.274    0.102 0.038    0.063   -125424    0 
507100:    1.00    8.378    0.083 0.041    0.058   -125387    0 
507200:    1.00    8.812    0.100 0.039    0.071   -125318    0 
507300:    1.00    8.848    0.081 0.058    0.071   -125342    0 
507400:    1.00    8.924    0.083 0.040    0.061   -125366    0 
507500:    1.00    8.843    0.115 0.038    0.064   -125352    0 
507600:    1.00    9.116    0.068 0.052    0.061   -125385    0 
507700:    1.00    9.090    0.084 0.044    0.064   -125324    0 
507800:    1.00    9.304    0.083 0.031    0.050   -125441    0 
507900:    1.00    9.473    0.099 0.034    0.061   -125441    0 

--------------------------------------------
Proportion of membership of each pre-defined
 population in each of the 2 clusters

Given    Inferred Clusters       Number of
 Pop       1      2             Individuals

  1:     0.495  0.505             358
  2:     0.500  0.500             1039
  3:     0.496  0.504             603
--------------------------------------------

  Rep#:   Lambda   Alpha      F1    F2     D1,2    Ln Like  Est Ln P(D)
508000:    1.00    9.390    0.080 0.046    0.054   -125415    0 
508100:    1.00    9.862    0.089 0.035    0.056   -125418    0 
508200:    1.00    9.928    0.084 0.045    0.064   -125384    0 
508300:    1.00    9.578    0.113 0.036    0.064   -125356    0 
508400:    1.00    9.217    0.085 0.032    0.048   -125366    0 
508500:    1.00    9.335    0.088 0.033    0.043   -125453    0 
508600:    1.00    9.555    0.098 0.028    0.060   -125352    0 
508700:    1.00    9.383    0.108 0.031    0.060   -125378    0 
508800:    1.00    9.296    0.125 0.029    0.059   -125360    0 
508900:    1.00    9.152    0.068 0.033    0.037   -125446    0 

--------------------------------------------
Proportion of membership of each pre-defined
 population in each of the 2 clusters

Given    Inferred Clusters       Number of
 Pop       1      2             Individuals

  1:     0.493  0.507             358
  2:     0.497  0.503             1039
  3:     0.501  0.499             603
--------------------------------------------

  Rep#:   Lambda   Alpha      F1    F2     D1,2    Ln Like  Est Ln P(D)
509000:    1.00    9.155    0.106 0.036    0.063   -125280    0 
509100:    1.00    9.209    0.066 0.034    0.051   -125336    0 
509200:    1.00    8.821    0.080 0.033    0.050   -125410    0 
509300:    1.00    9.041    0.099 0.027    0.064   -125407    0 
509400:    1.00    9.159    0.101 0.036    0.072   -125341    0 
509500:    1.00    8.721    0.095 0.034    0.066   -125345    0 
509600:    1.00    8.904    0.093 0.029    0.048   -125417    0 
509700:    1.00    9.020    0.098 0.036    0.051   -125360    0 
509800:    1.00    8.663    0.088 0.037    0.049   -125327    0 
509900:    1.00    8.801    0.109 0.032    0.049   -125373    0 

--------------------------------------------
Proportion of membership of each pre-defined
 population in each of the 2 clusters

Given    Inferred Clusters       Number of
 Pop       1      2             Individuals

  1:     0.493  0.507             358
  2:     0.507  0.493             1039
  3:     0.500  0.500             603
--------------------------------------------

  Rep#:   Lambda   Alpha      F1    F2     D1,2    Ln Like  Est Ln P(D)
510000:    1.00    8.513    0.105 0.033    0.044   -125400    0 
510100:    1.00    8.264    0.072 0.042    0.038   -125456    0 
510200:    1.00    8.051    0.088 0.035    0.052   -125356    0 
510300:    1.00    8.328    0.070 0.040    0.053   -125366    0 
510400:    1.00    8.080    0.081 0.055    0.060   -125342    0 
510500:    1.00    7.767    0.074 0.044    0.049   -125374    0 
510600:    1.00    7.524    0.063 0.043    0.042   -125368    0 
510700:    1.00    7.371    0.080 0.044    0.043   -125352    0 
510800:    1.00    7.880    0.052 0.042    0.038   -125433    0 
510900:    1.00    7.895    0.054 0.052    0.032   -125493    0 

--------------------------------------------
Proportion of membership of each pre-defined
 population in each of the 2 clusters

Given    Inferred Clusters       Number of
 Pop       1      2             Individuals

  1:     0.507  0.493             358
  2:     0.501  0.499             1039
  3:     0.498  0.502             603
--------------------------------------------

  Rep#:   Lambda   Alpha      F1    F2     D1,2    Ln Like  Est Ln P(D)
511000:    1.00    7.672    0.065 0.038    0.040   -125409    0 
511100:    1.00    7.311    0.079 0.041    0.044   -125359    0 
511200:    1.00    6.922    0.075 0.050    0.047   -125337    0 
511300:    1.00    7.012    0.065 0.065    0.045   -125418    0 
511400:    1.00    6.869    0.042 0.049    0.040   -125328    0 
511500:    1.00    6.592    0.047 0.048    0.038   -125334    0 
511600:    1.00    6.790    0.041 0.042    0.039   -125382    0 
511700:    1.00    6.746    0.048 0.040    0.038   -125360    0 
511800:    1.00    6.929    0.054 0.053    0.050   -125319    0 
511900:    1.00    6.761    0.042 0.054    0.043   -125307    0 

--------------------------------------------
Proportion of membership of each pre-defined
 population in each of the 2 clusters

Given    Inferred Clusters       Number of
 Pop       1      2             Individuals

  1:     0.484  0.516             358
  2:     0.500  0.500             1039
  3:     0.498  0.502             603
--------------------------------------------

  Rep#:   Lambda   Alpha      F1    F2     D1,2    Ln Like  Est Ln P(D)
512000:    1.00    6.681    0.050 0.049    0.045   -125353    0 
512100:    1.00    6.872    0.051 0.055    0.039   -125343    0 
512200:    1.00    6.722    0.040 0.067    0.039   -125397    0 
512300:    1.00    6.310    0.047 0.051    0.037   -125385    0 
512400:    1.00    6.429    0.055 0.047    0.041   -125358    0 
512500:    1.00    6.548    0.064 0.044    0.047   -125367    0 
512600:    1.00    6.943    0.052 0.050    0.045   -125371    0 
512700:    1.00    7.180    0.071 0.058    0.043   -125356    0 
512800:    1.00    7.124    0.077 0.045    0.049   -125387    0 
512900:    1.00    7.204    0.078 0.037    0.046   -125365    0 

--------------------------------------------
Proportion of membership of each pre-defined
 population in each of the 2 clusters

Given    Inferred Clusters       Number of
 Pop       1      2             Individuals

  1:     0.494  0.506             358
  2:     0.508  0.492             1039
  3:     0.499  0.501             603
--------------------------------------------

  Rep#:   Lambda   Alpha      F1    F2     D1,2    Ln Like  Est Ln P(D)
513000:    1.00    7.130    0.071 0.040    0.043   -125378    0 
513100:    1.00    6.874    0.068 0.049    0.043   -125322    0 
513200:    1.00    7.278    0.066 0.041    0.042   -125386    0 
513300:    1.00    7.038    0.065 0.050    0.034   -125464    0 
513400:    1.00    7.323    0.069 0.032    0.033   -125438    0 
513500:    1.00    7.133    0.089 0.034    0.039   -125394    0 
513600:    1.00    6.834    0.076 0.053    0.045   -125293    0 
513700:    1.00    6.591    0.063 0.045    0.045   -125322    0 
513800:    1.00    6.536    0.054 0.078    0.056   -125263    0 
513900:    1.00    6.311    0.054 0.054    0.045   -125285    0 

--------------------------------------------
Proportion of membership of each pre-defined
 population in each of the 2 clusters

Given    Inferred Clusters       Number of
 Pop       1      2             Individuals

  1:     0.502  0.498             358
  2:     0.498  0.502             1039
  3:     0.504  0.496             603
--------------------------------------------

  Rep#:   Lambda   Alpha      F1    F2     D1,2    Ln Like  Est Ln P(D)
514000:    1.00    6.217    0.066 0.052    0.042   -125295    0 
514100:    1.00    6.435    0.066 0.044    0.040   -125308    0 
514200:    1.00    5.750    0.056 0.054    0.043   -125284    0 
514300:    1.00    6.189    0.047 0.065    0.043   -125345    0 
514400:    1.00    5.945    0.047 0.063    0.049   -125353    0 
514500:    1.00    5.602    0.034 0.056    0.036   -125321    0 
514600:    1.00    5.807    0.029 0.048    0.032   -125391    0 
514700:    1.00    5.684    0.028 0.046    0.042   -125323    0 
514800:    1.00    5.839    0.031 0.045    0.029   -125318    0 
514900:    1.00    5.929    0.068 0.034    0.033   -125359    0 

--------------------------------------------
Proportion of membership of each pre-defined
 population in each of the 2 clusters

Given    Inferred Clusters       Number of
 Pop       1      2             Individuals

  1:     0.495  0.505             358
  2:     0.503  0.497             1039
  3:     0.510  0.490             603
--------------------------------------------

  Rep#:   Lambda   Alpha      F1    F2     D1,2    Ln Like  Est Ln P(D)
515000:    1.00    6.102    0.071 0.048    0.048   -125347    0 
515100:    1.00    6.354    0.090 0.043    0.044   -125311    0 
515200:    1.00    6.400    0.070 0.041    0.045   -125381    0 
515300:    1.00    6.369    0.071 0.039    0.047   -125340    0 
515400:    1.00    6.118    0.083 0.036    0.045   -125354    0 
515500:    1.00    6.417    0.065 0.034    0.039   -125342    0 
515600:    1.00    6.531    0.070 0.022    0.034   -125405    0 
515700:    1.00    6.519    0.070 0.027    0.032   -125353    0 
515800:    1.00    6.541    0.087 0.025    0.042   -125311    0 
515900:    1.00    6.577    0.067 0.023    0.041   -125432    0 

--------------------------------------------
Proportion of membership of each pre-defined
 population in each of the 2 clusters

Given    Inferred Clusters       Number of
 Pop       1      2             Individuals

  1:     0.494  0.506             358
  2:     0.507  0.493             1039
  3:     0.507  0.493             603
--------------------------------------------

  Rep#:   Lambda   Alpha      F1    F2     D1,2    Ln Like  Est Ln P(D)
516000:    1.00    6.960    0.084 0.025    0.039   -125396    0 
516100:    1.00    6.802    0.071 0.023    0.033   -125354    0 
516200:    1.00    6.868    0.087 0.034    0.038   -125381    0 
516300:    1.00    6.605    0.066 0.029    0.039   -125390    0 
516400:    1.00    6.496    0.080 0.026    0.040   -125338    0 
516500:    1.00    6.760    0.074 0.028    0.040   -125326    0 
516600:    1.00    6.580    0.062 0.019    0.032   -125422    0 
516700:    1.00    6.336    0.077 0.021    0.029   -125395    0 
516800:    1.00    6.731    0.073 0.024    0.036   -125387    0 
516900:    1.00    6.799    0.079 0.021    0.041   -125390    0 

--------------------------------------------
Proportion of membership of each pre-defined
 population in each of the 2 clusters

Given    Inferred Clusters       Number of
 Pop       1      2             Individuals

  1:     0.504  0.496             358
  2:     0.503  0.497             1039
  3:     0.505  0.495             603
--------------------------------------------

  Rep#:   Lambda   Alpha      F1    F2     D1,2    Ln Like  Est Ln P(D)
517000:    1.00    7.189    0.077 0.026    0.034   -125412    0 
517100:    1.00    7.059    0.082 0.021    0.034   -125439    0 
517200:    1.00    6.889    0.072 0.018    0.037   -125427    0 
517300:    1.00    6.506    0.076 0.019    0.033   -125364    0 
517400:    1.00    6.457    0.090 0.021    0.037   -125360    0 
517500:    1.00    6.714    0.072 0.029    0.047   -125306    0 
517600:    1.00    7.147    0.063 0.022    0.037   -125402    0 
517700:    1.00    7.062    0.080 0.017    0.041   -125405    0 
517800:    1.00    6.951    0.056 0.025    0.037   -125423    0 
517900:    1.00    6.681    0.059 0.023    0.035   -125357    0 

--------------------------------------------
Proportion of membership of each pre-defined
 population in each of the 2 clusters

Given    Inferred Clusters       Number of
 Pop       1      2             Individuals

  1:     0.497  0.503             358
  2:     0.506  0.494             1039
  3:     0.500  0.500             603
--------------------------------------------

  Rep#:   Lambda   Alpha      F1    F2     D1,2    Ln Like  Est Ln P(D)
518000:    1.00    6.606    0.056 0.025    0.037   -125403    0 
518100:    1.00    6.349    0.044 0.023    0.039   -125370    0 
518200:    1.00    6.462    0.046 0.029    0.036   -125362    0 
518300:    1.00    6.676    0.055 0.026    0.038   -125334    0 
518400:    1.00    6.408    0.050 0.027    0.036   -125352    0 
518500:    1.00    6.222    0.069 0.023    0.033   -125389    0 
518600:    1.00    6.169    0.068 0.023    0.040   -125406    0 
518700:    1.00    6.018    0.065 0.025    0.037   -125339    0 
518800:    1.00    6.240    0.074 0.016    0.038   -125361    0 
518900:    1.00    6.199    0.093 0.019    0.037   -125343    0 

--------------------------------------------
Proportion of membership of each pre-defined
 population in each of the 2 clusters

Given    Inferred Clusters       Number of
 Pop       1      2             Individuals

  1:     0.496  0.504             358
  2:     0.497  0.503             1039
  3:     0.498  0.502             603
--------------------------------------------

  Rep#:   Lambda   Alpha      F1    F2     D1,2    Ln Like  Est Ln P(D)
519000:    1.00    6.162    0.083 0.017    0.033   -125324    0 
519100:    1.00    6.168    0.085 0.024    0.035   -125341    0 
519200:    1.00    6.228    0.070 0.034    0.038   -125355    0 
519300:    1.00    5.852    0.060 0.028    0.038   -125334    0 
519400:    1.00    5.568    0.055 0.032    0.035   -125408    0 
519500:    1.00    5.323    0.059 0.031    0.035   -125343    0 
519600:    1.00    6.062    0.044 0.030    0.035   -125358    0 
519700:    1.00    6.141    0.058 0.033    0.043   -125355    0 
519800:    1.00    6.299    0.049 0.050    0.047   -125362    0 
519900:    1.00    6.387    0.035 0.042    0.039   -125401    0 

--------------------------------------------
Proportion of membership of each pre-defined
 population in each of the 2 clusters

Given    Inferred Clusters       Number of
 Pop       1      2             Individuals

  1:     0.486  0.514             358
  2:     0.500  0.500             1039
  3:     0.496  0.504             603
--------------------------------------------

  Rep#:   Lambda   Alpha      F1    F2     D1,2    Ln Like  Est Ln P(D)
520000:    1.00    6.565    0.055 0.040    0.039   -125375    0 
520100:    1.00    6.495    0.055 0.031    0.033   -125453    0 
520200:    1.00    6.350    0.057 0.049    0.036   -125418    0 
520300:    1.00    6.597    0.063 0.049    0.042   -125350    0 
520400:    1.00    6.498    0.050 0.044    0.038   -125403    0 
520500:    1.00    6.142    0.038 0.047    0.035   -125382    0 
520600:    1.00    6.498    0.038 0.051    0.035   -125416    0 
520700:    1.00    6.330    0.036 0.042    0.032   -125403    0 
520800:    1.00    6.368    0.037 0.055    0.040   -125425    0 
520900:    1.00    6.583    0.042 0.048    0.044   -125389    0 

--------------------------------------------
Proportion of membership of each pre-defined
 population in each of the 2 clusters

Given    Inferred Clusters       Number of
 Pop       1      2             Individuals

  1:     0.491  0.509             358
  2:     0.507  0.493             1039
  3:     0.506  0.494             603
--------------------------------------------

  Rep#:   Lambda   Alpha      F1    F2     D1,2    Ln Like  Est Ln P(D)
521000:    1.00    6.559    0.036 0.052    0.033   -125417    0 
521100:    1.00    6.559    0.052 0.051    0.037   -125374    0 
521200:    1.00    6.547    0.063 0.047    0.037   -125402    0 
521300:    1.00    6.632    0.047 0.043    0.038   -125437    0 
521400:    1.00    6.500    0.055 0.043    0.051   -125312    0 
521500:    1.00    6.460    0.058 0.038    0.049   -125292    0 
521600:    1.00    6.531    0.051 0.027    0.035   -125382    0 
521700:    1.00    6.397    0.080 0.037    0.046   -125284    0 
521800:    1.00    6.737    0.058 0.043    0.049   -125339    0 
521900:    1.00    6.901    0.065 0.038    0.035   -125389    0 

--------------------------------------------
Proportion of membership of each pre-defined
 population in each of the 2 clusters

Given    Inferred Clusters       Number of
 Pop       1      2             Individuals

  1:     0.505  0.495             358
  2:     0.497  0.503             1039
  3:     0.494  0.506             603
--------------------------------------------

  Rep#:   Lambda   Alpha      F1    F2     D1,2    Ln Like  Est Ln P(D)
522000:    1.00    6.835    0.066 0.034    0.034   -125351    0 
522100:    1.00    6.653    0.076 0.036    0.041   -125376    0 
522200:    1.00    6.668    0.063 0.042    0.039   -125383    0 
522300:    1.00    6.547    0.057 0.049    0.037   -125376    0 
522400:    1.00    6.623    0.062 0.043    0.040   -125370    0 
522500:    1.00    6.153    0.050 0.042    0.038   -125327    0 
522600:    1.00    5.728    0.056 0.040    0.036   -125394    0 
522700:    1.00    5.529    0.063 0.031    0.034   -125405    0 
522800:    1.00    5.646    0.050 0.038    0.037   -125364    0 
522900:    1.00    6.064    0.067 0.035    0.043   -125346    0 

--------------------------------------------
Proportion of membership of each pre-defined
 population in each of the 2 clusters

Given    Inferred Clusters       Number of
 Pop       1      2             Individuals

  1:     0.497  0.503             358
  2:     0.500  0.500             1039
  3:     0.503  0.497             603
--------------------------------------------

  Rep#:   Lambda   Alpha      F1    F2     D1,2    Ln Like  Est Ln P(D)
523000:    1.00    6.084    0.063 0.044    0.041   -125339    0 
523100:    1.00    6.165    0.062 0.038    0.040   -125348    0 
523200:    1.00    6.077    0.053 0.033    0.045   -125391    0 
523300:    1.00    6.182    0.056 0.024    0.036   -125409    0 
523400:    1.00    6.164    0.064 0.025    0.037   -125374    0 
523500:    1.00    6.222    0.057 0.025    0.045   -125346    0 
523600:    1.00    6.555    0.068 0.025    0.036   -125419    0 
523700:    1.00    6.772    0.066 0.027    0.041   -125372    0 
523800:    1.00    6.460    0.054 0.031    0.035   -125351    0 
523900:    1.00    6.512    0.068 0.038    0.037   -125370    0 

--------------------------------------------
Proportion of membership of each pre-defined
 population in each of the 2 clusters

Given    Inferred Clusters       Number of
 Pop       1      2             Individuals

  1:     0.492  0.508             358
  2:     0.501  0.499             1039
  3:     0.494  0.506             603
--------------------------------------------

  Rep#:   Lambda   Alpha      F1    F2     D1,2    Ln Like  Est Ln P(D)
524000:    1.00    6.642    0.064 0.047    0.044   -125390    0 
524100:    1.00    6.744    0.087 0.032    0.037   -125318    0 
524200:    1.00    6.650    0.083 0.033    0.047   -125345    0 
524300:    1.00    6.914    0.072 0.034    0.036   -125318    0 
524400:    1.00    6.887    0.069 0.047    0.042   -125356    0 
524500:    1.00    7.152    0.072 0.048    0.047   -125381    0 
524600:    1.00    7.389    0.068 0.042    0.040   -125373    0 
524700:    1.00    7.461    0.082 0.041    0.042   -125366    0 
524800:    1.00    7.755    0.068 0.035    0.040   -125416    0 
524900:    1.00    7.468    0.089 0.032    0.037   -125452    0 

--------------------------------------------
Proportion of membership of each pre-defined
 population in each of the 2 clusters

Given    Inferred Clusters       Number of
 Pop       1      2             Individuals

  1:     0.491  0.509             358
  2:     0.503  0.497             1039
  3:     0.498  0.502             603
--------------------------------------------

  Rep#:   Lambda   Alpha      F1    F2     D1,2    Ln Like  Est Ln P(D)
525000:    1.00    7.846    0.050 0.039    0.039   -125439    0 
525100:    1.00    7.708    0.052 0.065    0.041   -125372    0 
525200:    1.00    8.019    0.068 0.071    0.054   -125332    0 
525300:    1.00    8.099    0.055 0.099    0.061   -125353    0 
525400:    1.00    8.194    0.064 0.073    0.059   -125335    0 
525500:    1.00    8.621    0.068 0.049    0.052   -125372    0 
525600:    1.00    8.969    0.062 0.057    0.057   -125372    0 
525700:    1.00    8.707    0.057 0.067    0.055   -125322    0 
525800:    1.00    8.880    0.065 0.051    0.055   -125328    0 
525900:    1.00    8.645    0.077 0.053    0.058   -125350    0 

--------------------------------------------
Proportion of membership of each pre-defined
 population in each of the 2 clusters

Given    Inferred Clusters       Number of
 Pop       1      2             Individuals

  1:     0.495  0.505             358
  2:     0.505  0.495             1039
  3:     0.494  0.506             603
--------------------------------------------

  Rep#:   Lambda   Alpha      F1    F2     D1,2    Ln Like  Est Ln P(D)
526000:    1.00    8.700    0.075 0.057    0.059   -125346    0 
526100:    1.00    9.006    0.085 0.043    0.060   -125402    0 
526200:    1.00    8.847    0.094 0.044    0.059   -125302    0 
526300:    1.00    8.862    0.079 0.043    0.063   -125411    0 
526400:    1.00    9.068    0.065 0.047    0.051   -125402    0 
526500:    1.00    8.955    0.073 0.049    0.063   -125393    0 
526600:    1.00    8.768    0.057 0.048    0.059   -125409    0 
526700:    1.00    9.071    0.050 0.046    0.062   -125418    0 
526800:    1.00    8.873    0.065 0.067    0.050   -125441    0 
526900:    1.00    8.613    0.061 0.051    0.047   -125415    0 

--------------------------------------------
Proportion of membership of each pre-defined
 population in each of the 2 clusters

Given    Inferred Clusters       Number of
 Pop       1      2             Individuals

  1:     0.505  0.495             358
  2:     0.504  0.496             1039
  3:     0.500  0.500             603
--------------------------------------------

  Rep#:   Lambda   Alpha      F1    F2     D1,2    Ln Like  Est Ln P(D)
527000:    1.00    8.444    0.065 0.072    0.060   -125345    0 
527100:    1.00    8.392    0.054 0.080    0.056   -125380    0 
527200:    1.00    8.228    0.044 0.075    0.052   -125380    0 
527300:    1.00    7.937    0.060 0.064    0.050   -125359    0 
527400:    1.00    7.776    0.059 0.067    0.051   -125354    0 
527500:    1.00    7.755    0.086 0.053    0.051   -125344    0 
527600:    1.00    7.600    0.072 0.049    0.049   -125336    0 
527700:    1.00    7.514    0.057 0.055    0.049   -125355    0 
527800:    1.00    7.182    0.052 0.052    0.044   -125364    0 
527900:    1.00    7.416    0.067 0.054    0.046   -125339    0 

--------------------------------------------
Proportion of membership of each pre-defined
 population in each of the 2 clusters

Given    Inferred Clusters       Number of
 Pop       1      2             Individuals

  1:     0.495  0.505             358
  2:     0.503  0.497             1039
  3:     0.497  0.503             603
--------------------------------------------

  Rep#:   Lambda   Alpha      F1    F2     D1,2    Ln Like  Est Ln P(D)
528000:    1.00    7.663    0.060 0.045    0.042   -125363    0 
528100:    1.00    8.119    0.051 0.047    0.039   -125432    0 
528200:    1.00    7.808    0.055 0.049    0.044   -125384    0 
528300:    1.00    7.907    0.053 0.043    0.060   -125382    0 
528400:    1.00    8.189    0.048 0.045    0.037   -125406    0 
528500:    1.00    8.185    0.048 0.055    0.035   -125440    0 
528600:    1.00    8.102    0.054 0.047    0.041   -125404    0 
528700:    1.00    8.277    0.049 0.044    0.054   -125393    0 
528800:    1.00    8.106    0.070 0.045    0.049   -125356    0 
528900:    1.00    8.044    0.069 0.036    0.036   -125449    0 

--------------------------------------------
Proportion of membership of each pre-defined
 population in each of the 2 clusters

Given    Inferred Clusters       Number of
 Pop       1      2             Individuals

  1:     0.490  0.510             358
  2:     0.500  0.500             1039
  3:     0.503  0.497             603
--------------------------------------------

  Rep#:   Lambda   Alpha      F1    F2     D1,2    Ln Like  Est Ln P(D)
529000:    1.00    7.908    0.078 0.035    0.050   -125363    0 
529100:    1.00    8.064    0.077 0.047    0.051   -125375    0 
529200:    1.00    8.033    0.062 0.043    0.046   -125413    0 
529300:    1.00    7.698    0.055 0.037    0.043   -125381    0 
529400:    1.00    7.832    0.062 0.042    0.045   -125333    0 
529500:    1.00    7.923    0.055 0.030    0.038   -125352    0 
529600:    1.00    8.083    0.069 0.028    0.038   -125489    0 
529700:    1.00    8.149    0.057 0.028    0.028   -125459    0 
529800:    1.00    8.129    0.075 0.022    0.035   -125458    0 
529900:    1.00    8.267    0.056 0.021    0.035   -125489    0 

--------------------------------------------
Proportion of membership of each pre-defined
 population in each of the 2 clusters

Given    Inferred Clusters       Number of
 Pop       1      2             Individuals

  1:     0.507  0.493             358
  2:     0.504  0.496             1039
  3:     0.500  0.500             603
--------------------------------------------

  Rep#:   Lambda   Alpha      F1    F2     D1,2    Ln Like  Est Ln P(D)
530000:    1.00    8.212    0.058 0.024    0.034   -125500    0 
530100:    1.00    8.124    0.070 0.020    0.038   -125430    0 
530200:    1.00    7.883    0.063 0.022    0.039   -125382    0 
530300:    1.00    7.762    0.095 0.019    0.038   -125441    0 
530400:    1.00    7.674    0.082 0.020    0.043   -125410    0 
530500:    1.00    8.095    0.087 0.029    0.047   -125390    0 
530600:    1.00    8.304    0.059 0.030    0.044   -125469    0 
530700:    1.00    8.427    0.079 0.031    0.045   -125384    0 
530800:    1.00    8.195    0.075 0.034    0.042   -125455    0 
530900:    1.00    8.268    0.065 0.030    0.038   -125437    0 

--------------------------------------------
Proportion of membership of each pre-defined
 population in each of the 2 clusters

Given    Inferred Clusters       Number of
 Pop       1      2             Individuals

  1:     0.503  0.497             358
  2:     0.501  0.499             1039
  3:     0.501  0.499             603
--------------------------------------------

  Rep#:   Lambda   Alpha      F1    F2     D1,2    Ln Like  Est Ln P(D)
531000:    1.00    8.785    0.060 0.041    0.042   -125440    0 
531100:    1.00    9.112    0.065 0.035    0.047   -125457    0 
531200:    1.00    9.374    0.089 0.030    0.057   -125363    0 
531300:    1.00    8.835    0.097 0.028    0.054   -125424    0 
531400:    1.00    8.757    0.081 0.040    0.050   -125363    0 
531500:    1.00    8.841    0.080 0.035    0.043   -125373    0 
531600:    1.00    9.092    0.062 0.042    0.048   -125368    0 
531700:    1.00    9.374    0.055 0.031    0.054   -125384    0 
531800:    1.00    8.894    0.059 0.043    0.050   -125422    0 
531900:    1.00    8.948    0.059 0.045    0.044   -125448    0 

--------------------------------------------
Proportion of membership of each pre-defined
 population in each of the 2 clusters

Given    Inferred Clusters       Number of
 Pop       1      2             Individuals

  1:     0.487  0.513             358
  2:     0.497  0.503             1039
  3:     0.508  0.492             603
--------------------------------------------

  Rep#:   Lambda   Alpha      F1    F2     D1,2    Ln Like  Est Ln P(D)
532000:    1.00    8.882    0.046 0.046    0.038   -125494    0 
532100:    1.00    8.232    0.052 0.042    0.038   -125457    0 
532200:    1.00    8.208    0.084 0.038    0.046   -125410    0 
532300:    1.00    8.493    0.086 0.046    0.054   -125373    0 
532400:    1.00    8.359    0.069 0.032    0.041   -125427    0 
532500:    1.00    8.590    0.060 0.032    0.046   -125456    0 
532600:    1.00    8.475    0.067 0.039    0.047   -125365    0 
532700:    1.00    8.293    0.054 0.034    0.039   -125454    0 
532800:    1.00    8.117    0.078 0.040    0.043   -125382    0 
532900:    1.00    8.481    0.063 0.048    0.045   -125405    0 

--------------------------------------------
Proportion of membership of each pre-defined
 population in each of the 2 clusters

Given    Inferred Clusters       Number of
 Pop       1      2             Individuals

  1:     0.497  0.503             358
  2:     0.497  0.503             1039
  3:     0.505  0.495             603
--------------------------------------------

  Rep#:   Lambda   Alpha      F1    F2     D1,2    Ln Like  Est Ln P(D)
533000:    1.00    8.602    0.070 0.043    0.039   -125412    0 
533100:    1.00    8.146    0.082 0.033    0.047   -125432    0 
533200:    1.00    7.979    0.133 0.036    0.049   -125394    0 
533300:    1.00    8.158    0.104 0.036    0.049   -125376    0 
533400:    1.00    8.183    0.095 0.038    0.043   -125350    0 
533500:    1.00    8.101    0.085 0.044    0.048   -125356    0 
533600:    1.00    7.611    0.072 0.038    0.054   -125434    0 
533700:    1.00    7.425    0.068 0.047    0.063   -125352    0 
533800:    1.00    7.595    0.082 0.039    0.059   -125360    0 
533900:    1.00    7.480    0.109 0.040    0.050   -125324    0 

--------------------------------------------
Proportion of membership of each pre-defined
 population in each of the 2 clusters

Given    Inferred Clusters       Number of
 Pop       1      2             Individuals

  1:     0.512  0.488             358
  2:     0.501  0.499             1039
  3:     0.494  0.506             603
--------------------------------------------

  Rep#:   Lambda   Alpha      F1    F2     D1,2    Ln Like  Est Ln P(D)
534000:    1.00    7.760    0.074 0.037    0.049   -125398    0 
534100:    1.00    7.810    0.092 0.037    0.051   -125385    0 
534200:    1.00    7.831    0.085 0.038    0.045   -125405    0 
534300:    1.00    7.851    0.096 0.033    0.052   -125374    0 
534400:    1.00    7.914    0.087 0.040    0.048   -125369    0 
534500:    1.00    7.871    0.083 0.034    0.039   -125368    0 
534600:    1.00    8.192    0.084 0.033    0.054   -125384    0 
534700:    1.00    8.144    0.072 0.031    0.037   -125470    0 
534800:    1.00    8.302    0.092 0.054    0.052   -125411    0 
534900:    1.00    8.316    0.077 0.053    0.054   -125365    0 

--------------------------------------------
Proportion of membership of each pre-defined
 population in each of the 2 clusters

Given    Inferred Clusters       Number of
 Pop       1      2             Individuals

  1:     0.493  0.507             358
  2:     0.502  0.498             1039
  3:     0.506  0.494             603
--------------------------------------------

  Rep#:   Lambda   Alpha      F1    F2     D1,2    Ln Like  Est Ln P(D)
535000:    1.00    8.250    0.067 0.046    0.051   -125412    0 
535100:    1.00    8.413    0.060 0.049    0.048   -125426    0 
535200:    1.00    8.612    0.066 0.044    0.060   -125382    0 
535300:    1.00    8.649    0.083 0.046    0.061   -125405    0 
535400:    1.00    8.494    0.075 0.055    0.053   -125347    0 
535500:    1.00    8.015    0.077 0.061    0.058   -125316    0 
535600:    1.00    8.275    0.085 0.048    0.060   -125257    0 
535700:    1.00    8.675    0.077 0.055    0.059   -125362    0 
535800:    1.00    8.563    0.068 0.044    0.049   -125401    0 
535900:    1.00    8.539    0.070 0.043    0.058   -125380    0 

--------------------------------------------
Proportion of membership of each pre-defined
 population in each of the 2 clusters

Given    Inferred Clusters       Number of
 Pop       1      2             Individuals

  1:     0.500  0.500             358
  2:     0.497  0.503             1039
  3:     0.490  0.510             603
--------------------------------------------

  Rep#:   Lambda   Alpha      F1    F2     D1,2    Ln Like  Est Ln P(D)
536000:    1.00    8.689    0.060 0.041    0.061   -125395    0 
536100:    1.00    8.774    0.104 0.041    0.059   -125355    0 
536200:    1.00    8.885    0.092 0.045    0.052   -125380    0 
536300:    1.00    9.102    0.100 0.048    0.057   -125356    0 
536400:    1.00    9.166    0.075 0.043    0.064   -125342    0 
536500:    1.00    8.725    0.079 0.046    0.057   -125355    0 
536600:    1.00    8.972    0.084 0.038    0.057   -125374    0 
536700:    1.00    8.749    0.070 0.035    0.047   -125376    0 
536800:    1.00    8.667    0.109 0.029    0.045   -125378    0 
536900:    1.00    8.636    0.086 0.032    0.057   -125382    0 

--------------------------------------------
Proportion of membership of each pre-defined
 population in each of the 2 clusters

Given    Inferred Clusters       Number of
 Pop       1      2             Individuals

  1:     0.495  0.505             358
  2:     0.500  0.500             1039
  3:     0.495  0.505             603
--------------------------------------------

  Rep#:   Lambda   Alpha      F1    F2     D1,2    Ln Like  Est Ln P(D)
537000:    1.00    8.355    0.075 0.043    0.063   -125403    0 
537100:    1.00    8.093    0.071 0.038    0.050   -125363    0 
537200:    1.00    7.963    0.094 0.055    0.051   -125356    0 
537300:    1.00    7.695    0.079 0.048    0.048   -125395    0 
537400:    1.00    7.675    0.074 0.038    0.035   -125425    0 
537500:    1.00    7.822    0.095 0.034    0.040   -125428    0 
537600:    1.00    7.898    0.080 0.024    0.047   -125406    0 
537700:    1.00    7.861    0.084 0.031    0.054   -125436    0 
537800:    1.00    7.695    0.084 0.035    0.057   -125311    0 
537900:    1.00    7.953    0.092 0.045    0.052   -125351    0 

--------------------------------------------
Proportion of membership of each pre-defined
 population in each of the 2 clusters

Given    Inferred Clusters       Number of
 Pop       1      2             Individuals

  1:     0.499  0.501             358
  2:     0.507  0.493             1039
  3:     0.502  0.498             603
--------------------------------------------

  Rep#:   Lambda   Alpha      F1    F2     D1,2    Ln Like  Est Ln P(D)
538000:    1.00    8.081    0.073 0.036    0.048   -125396    0 
538100:    1.00    8.142    0.076 0.041    0.045   -125400    0 
538200:    1.00    8.456    0.087 0.037    0.047   -125398    0 
538300:    1.00    8.535    0.105 0.039    0.057   -125396    0 
538400:    1.00    8.378    0.090 0.042    0.057   -125336    0 
538500:    1.00    8.403    0.075 0.046    0.053   -125392    0 
538600:    1.00    8.612    0.068 0.047    0.041   -125400    0 
538700:    1.00    8.147    0.072 0.037    0.050   -125388    0 
538800:    1.00    7.983    0.071 0.040    0.043   -125425    0 
538900:    1.00    7.766    0.090 0.034    0.052   -125343    0 

--------------------------------------------
Proportion of membership of each pre-defined
 population in each of the 2 clusters

Given    Inferred Clusters       Number of
 Pop       1      2             Individuals

  1:     0.494  0.506             358
  2:     0.505  0.495             1039
  3:     0.503  0.497             603
--------------------------------------------

  Rep#:   Lambda   Alpha      F1    F2     D1,2    Ln Like  Est Ln P(D)
539000:    1.00    8.007    0.076 0.043    0.048   -125398    0 
539100:    1.00    8.301    0.080 0.028    0.041   -125444    0 
539200:    1.00    8.403    0.103 0.035    0.049   -125421    0 
539300:    1.00    8.346    0.114 0.036    0.058   -125367    0 
539400:    1.00    8.384    0.110 0.036    0.057   -125427    0 
539500:    1.00    8.646    0.084 0.032    0.055   -125402    0 
539600:    1.00    9.146    0.083 0.026    0.049   -125403    0 
539700:    1.00    9.085    0.075 0.029    0.048   -125441    0 
539800:    1.00    9.353    0.105 0.033    0.050   -125422    0 
539900:    1.00    9.290    0.134 0.032    0.056   -125361    0 

--------------------------------------------
Proportion of membership of each pre-defined
 population in each of the 2 clusters

Given    Inferred Clusters       Number of
 Pop       1      2             Individuals

  1:     0.490  0.510             358
  2:     0.502  0.498             1039
  3:     0.508  0.492             603
--------------------------------------------

  Rep#:   Lambda   Alpha      F1    F2     D1,2    Ln Like  Est Ln P(D)
540000:    1.00    9.141    0.115 0.035    0.063   -125345    0 
540100:    1.00    9.106    0.113 0.027    0.049   -125424    0 
540200:    1.00    9.282    0.080 0.031    0.054   -125471    0 
540300:    1.00    9.695    0.091 0.031    0.062   -125384    0 
540400:    1.00    9.626    0.082 0.045    0.055   -125384    0 
540500:    1.00    9.991    0.082 0.038    0.053   -125389    0 
540600:    1.00    9.986    0.092 0.034    0.056   -125352    0 
540700:    1.00    9.685    0.108 0.027    0.054   -125367    0 
540800:    1.00    9.709    0.127 0.028    0.063   -125403    0 
540900:    1.00    9.673    0.098 0.028    0.057   -125379    0 

--------------------------------------------
Proportion of membership of each pre-defined
 population in each of the 2 clusters

Given    Inferred Clusters       Number of
 Pop       1      2             Individuals

  1:     0.509  0.491             358
  2:     0.502  0.498             1039
  3:     0.493  0.507             603
--------------------------------------------

  Rep#:   Lambda   Alpha      F1    F2     D1,2    Ln Like  Est Ln P(D)
541000:    1.00    9.684    0.080 0.038    0.048   -125464    0 
541100:    1.00    9.647    0.082 0.031    0.054   -125391    0 
541200:    1.00    9.307    0.098 0.029    0.042   -125464    0 
541300:    1.00    9.381    0.115 0.025    0.053   -125463    0 
541400:    1.00    9.155    0.087 0.027    0.047   -125406    0 
541500:    1.00    8.968    0.083 0.032    0.048   -125431    0 
541600:    1.00    8.936    0.100 0.034    0.037   -125423    0 
541700:    1.00    8.865    0.097 0.041    0.045   -125387    0 
541800:    1.00    9.083    0.091 0.038    0.058   -125392    0 
541900:    1.00    9.368    0.081 0.041    0.071   -125377    0 

--------------------------------------------
Proportion of membership of each pre-defined
 population in each of the 2 clusters

Given    Inferred Clusters       Number of
 Pop       1      2             Individuals

  1:     0.500  0.500             358
  2:     0.496  0.504             1039
  3:     0.495  0.505             603
--------------------------------------------

  Rep#:   Lambda   Alpha      F1    F2     D1,2    Ln Like  Est Ln P(D)
542000:    1.00    9.579    0.052 0.062    0.050   -125472    0 
542100:    1.00    9.412    0.068 0.065    0.053   -125452    0 
542200:    1.00    9.182    0.069 0.054    0.059   -125399    0 
542300:    1.00    9.377    0.081 0.045    0.059   -125412    0 
542400:    1.00    9.189    0.058 0.056    0.051   -125417    0 
542500:    1.00    9.044    0.111 0.060    0.062   -125390    0 
542600:    1.00    9.113    0.094 0.055    0.052   -125392    0 
542700:    1.00    9.349    0.105 0.032    0.054   -125358    0 
542800:    1.00    9.190    0.063 0.038    0.044   -125424    0 
542900:    1.00    9.076    0.075 0.035    0.039   -125441    0 

--------------------------------------------
Proportion of membership of each pre-defined
 population in each of the 2 clusters

Given    Inferred Clusters       Number of
 Pop       1      2             Individuals

  1:     0.500  0.500             358
  2:     0.504  0.496             1039
  3:     0.490  0.510             603
--------------------------------------------

  Rep#:   Lambda   Alpha      F1    F2     D1,2    Ln Like  Est Ln P(D)
543000:    1.00    8.828    0.081 0.041    0.057   -125362    0 
543100:    1.00    8.548    0.089 0.037    0.060   -125370    0 
543200:    1.00    8.353    0.089 0.033    0.046   -125398    0 
543300:    1.00    8.120    0.090 0.034    0.050   -125388    0 
543400:    1.00    8.311    0.075 0.029    0.049   -125373    0 
543500:    1.00    8.555    0.061 0.043    0.056   -125372    0 
543600:    1.00    8.693    0.066 0.047    0.044   -125403    0 
543700:    1.00    8.998    0.070 0.045    0.044   -125415    0 
543800:    1.00    9.347    0.074 0.032    0.051   -125398    0 
543900:    1.00    9.211    0.085 0.024    0.048   -125468    0 

--------------------------------------------
Proportion of membership of each pre-defined
 population in each of the 2 clusters

Given    Inferred Clusters       Number of
 Pop       1      2             Individuals

  1:     0.493  0.507             358
  2:     0.499  0.501             1039
  3:     0.504  0.496             603
--------------------------------------------

  Rep#:   Lambda   Alpha      F1    F2     D1,2    Ln Like  Est Ln P(D)
544000:    1.00    9.397    0.107 0.025    0.061   -125372    0 
544100:    1.00    9.724    0.074 0.025    0.054   -125435    0 
544200:    1.00    9.708    0.083 0.024    0.054   -125405    0 
544300:    1.00    9.905    0.098 0.020    0.059   -125434    0 
544400:    1.00    9.967    0.093 0.030    0.053   -125424    0 
544500:    1.00    9.700    0.084 0.035    0.059   -125392    0 
544600:    1.00    9.936    0.106 0.032    0.061   -125426    0 
544700:    1.00    9.619    0.110 0.025    0.057   -125440    0 
544800:    1.00    9.529    0.122 0.031    0.074   -125365    0 
544900:    1.00    9.188    0.075 0.033    0.050   -125476    0 

--------------------------------------------
Proportion of membership of each pre-defined
 population in each of the 2 clusters

Given    Inferred Clusters       Number of
 Pop       1      2             Individuals

  1:     0.494  0.506             358
  2:     0.497  0.503             1039
  3:     0.501  0.499             603
--------------------------------------------

  Rep#:   Lambda   Alpha      F1    F2     D1,2    Ln Like  Est Ln P(D)
545000:    1.00    9.045    0.075 0.031    0.052   -125417    0 
545100:    1.00    9.009    0.073 0.032    0.047   -125447    0 
545200:    1.00    9.078    0.074 0.030    0.044   -125458    0 
545300:    1.00    9.373    0.067 0.027    0.043   -125450    0 
545400:    1.00    9.602    0.040 0.027    0.028   -125501    0 
545500:    1.00    9.988    0.046 0.032    0.036   -125464    0 
545600:    1.00    9.940    0.038 0.046    0.041   -125516    0 
545700:    1.00    9.593    0.030 0.049    0.036   -125510    0 
545800:    1.00    9.211    0.034 0.075    0.048   -125461    0 
545900:    1.00    9.284    0.037 0.072    0.047   -125439    0 

--------------------------------------------
Proportion of membership of each pre-defined
 population in each of the 2 clusters

Given    Inferred Clusters       Number of
 Pop       1      2             Individuals

  1:     0.508  0.492             358
  2:     0.500  0.500             1039
  3:     0.505  0.495             603
--------------------------------------------

  Rep#:   Lambda   Alpha      F1    F2     D1,2    Ln Like  Est Ln P(D)
546000:    1.00    9.199    0.040 0.068    0.051   -125427    0 
546100:    1.00    8.977    0.036 0.092    0.061   -125386    0 
546200:    1.00    8.947    0.039 0.082    0.057   -125371    0 
546300:    1.00    8.874    0.036 0.083    0.047   -125420    0 
546400:    1.00    8.693    0.045 0.067    0.050   -125420    0 
546500:    1.00    8.758    0.039 0.057    0.049   -125379    0 
546600:    1.00    8.745    0.047 0.066    0.045   -125374    0 
546700:    1.00    9.055    0.062 0.058    0.040   -125426    0 
546800:    1.00    9.445    0.060 0.050    0.066   -125349    0 
546900:    1.00    9.584    0.075 0.058    0.048   -125388    0 

--------------------------------------------
Proportion of membership of each pre-defined
 population in each of the 2 clusters

Given    Inferred Clusters       Number of
 Pop       1      2             Individuals

  1:     0.495  0.505             358
  2:     0.497  0.503             1039
  3:     0.507  0.493             603
--------------------------------------------

  Rep#:   Lambda   Alpha      F1    F2     D1,2    Ln Like  Est Ln P(D)
547000:    1.00    9.268    0.066 0.046    0.051   -125380    0 
547100:    1.00    9.117    0.072 0.036    0.047   -125394    0 
547200:    1.00    9.112    0.066 0.044    0.052   -125453    0 
547300:    1.00    9.381    0.068 0.048    0.048   -125404    0 
547400:    1.00    9.504    0.063 0.061    0.061   -125355    0 
547500:    1.00    9.749    0.064 0.048    0.063   -125343    0 
547600:    1.00    9.942    0.065 0.047    0.061   -125333    0 
547700:    1.00    9.604    0.067 0.038    0.045   -125500    0 
547800:    1.00    9.800    0.075 0.036    0.044   -125439    0 
547900:    1.00    9.569    0.073 0.043    0.047   -125460    0 

--------------------------------------------
Proportion of membership of each pre-defined
 population in each of the 2 clusters

Given    Inferred Clusters       Number of
 Pop       1      2             Individuals

  1:     0.497  0.503             358
  2:     0.503  0.497             1039
  3:     0.509  0.491             603
--------------------------------------------

  Rep#:   Lambda   Alpha      F1    F2     D1,2    Ln Like  Est Ln P(D)
548000:    1.00    9.997    0.077 0.046    0.052   -125407    0 
548100:    1.00    9.948    0.049 0.043    0.035   -125483    0 
548200:    1.00    9.788    0.052 0.039    0.040   -125455    0 
548300:    1.00    9.763    0.066 0.038    0.046   -125393    0 
548400:    1.00    9.892    0.053 0.029    0.035   -125494    0 
548500:    1.00    9.712    0.077 0.033    0.046   -125428    0 
548600:    1.00    9.343    0.064 0.034    0.041   -125444    0 
548700:    1.00    8.818    0.053 0.047    0.046   -125384    0 
548800:    1.00    8.983    0.056 0.051    0.053   -125380    0 
548900:    1.00    9.351    0.073 0.047    0.047   -125457    0 

--------------------------------------------
Proportion of membership of each pre-defined
 population in each of the 2 clusters

Given    Inferred Clusters       Number of
 Pop       1      2             Individuals

  1:     0.496  0.504             358
  2:     0.505  0.495             1039
  3:     0.499  0.501             603
--------------------------------------------

  Rep#:   Lambda   Alpha      F1    F2     D1,2    Ln Like  Est Ln P(D)
549000:    1.00    9.246    0.060 0.047    0.050   -125430    0 
549100:    1.00    9.295    0.042 0.048    0.038   -125489    0 
549200:    1.00    9.300    0.056 0.051    0.042   -125419    0 
549300:    1.00    8.923    0.071 0.044    0.045   -125409    0 
549400:    1.00    8.637    0.085 0.038    0.052   -125325    0 
549500:    1.00    8.195    0.092 0.038    0.040   -125399    0 
549600:    1.00    8.160    0.075 0.025    0.051   -125408    0 
549700:    1.00    8.282    0.101 0.031    0.046   -125480    0 
549800:    1.00    8.266    0.085 0.037    0.045   -125404    0 
549900:    1.00    8.601    0.096 0.046    0.050   -125395    0 

--------------------------------------------
Proportion of membership of each pre-defined
 population in each of the 2 clusters

Given    Inferred Clusters       Number of
 Pop       1      2             Individuals

  1:     0.495  0.505             358
  2:     0.503  0.497             1039
  3:     0.492  0.508             603
--------------------------------------------

  Rep#:   Lambda   Alpha      F1    F2     D1,2    Ln Like  Est Ln P(D)
550000:    1.00    8.288    0.087 0.051    0.051   -125406    0 
550100:    1.00    8.334    0.097 0.036    0.053   -125385    0 
550200:    1.00    8.649    0.083 0.036    0.046   -125427    0 
550300:    1.00    8.765    0.065 0.041    0.044   -125397    0 
550400:    1.00    8.221    0.074 0.049    0.049   -125372    0 
550500:    1.00    7.713    0.063 0.048    0.046   -125302    0 
550600:    1.00    8.082    0.083 0.039    0.052   -125337    0 
550700:    1.00    8.104    0.068 0.038    0.053   -125343    0 
550800:    1.00    8.741    0.062 0.037    0.048   -125327    0 
550900:    1.00    8.760    0.066 0.049    0.050   -125362    0 

--------------------------------------------
Proportion of membership of each pre-defined
 population in each of the 2 clusters

Given    Inferred Clusters       Number of
 Pop       1      2             Individuals

  1:     0.492  0.508             358
  2:     0.497  0.503             1039
  3:     0.501  0.499             603
--------------------------------------------

  Rep#:   Lambda   Alpha      F1    F2     D1,2    Ln Like  Est Ln P(D)
551000:    1.00    8.700    0.077 0.040    0.058   -125360    0 
551100:    1.00    8.467    0.075 0.037    0.051   -125401    0 
551200:    1.00    8.492    0.078 0.034    0.054   -125431    0 
551300:    1.00    8.780    0.067 0.032    0.042   -125468    0 
551400:    1.00    8.590    0.066 0.035    0.048   -125433    0 
551500:    1.00    8.477    0.062 0.024    0.035   -125496    0 
551600:    1.00    8.351    0.066 0.025    0.043   -125451    0 
551700:    1.00    8.271    0.063 0.023    0.039   -125459    0 
551800:    1.00    8.173    0.061 0.029    0.040   -125425    0 
551900:    1.00    8.290    0.079 0.025    0.048   -125373    0 

--------------------------------------------
Proportion of membership of each pre-defined
 population in each of the 2 clusters

Given    Inferred Clusters       Number of
 Pop       1      2             Individuals

  1:     0.503  0.497             358
  2:     0.495  0.505             1039
  3:     0.499  0.501             603
--------------------------------------------

  Rep#:   Lambda   Alpha      F1    F2     D1,2    Ln Like  Est Ln P(D)
552000:    1.00    8.362    0.077 0.023    0.038   -125438    0 
552100:    1.00    8.430    0.053 0.030    0.038   -125462    0 
552200:    1.00    8.454    0.069 0.022    0.038   -125434    0 
552300:    1.00    8.457    0.080 0.025    0.037   -125438    0 
552400:    1.00    8.498    0.091 0.023    0.049   -125435    0 
552500:    1.00    8.358    0.069 0.023    0.054   -125377    0 
552600:    1.00    8.757    0.076 0.026    0.055   -125427    0 
552700:    1.00    9.032    0.070 0.034    0.053   -125405    0 
552800:    1.00    9.145    0.091 0.029    0.044   -125409    0 
552900:    1.00    9.065    0.083 0.028    0.046   -125429    0 

--------------------------------------------
Proportion of membership of each pre-defined
 population in each of the 2 clusters

Given    Inferred Clusters       Number of
 Pop       1      2             Individuals

  1:     0.498  0.502             358
  2:     0.503  0.497             1039
  3:     0.496  0.504             603
--------------------------------------------

  Rep#:   Lambda   Alpha      F1    F2     D1,2    Ln Like  Est Ln P(D)
553000:    1.00    8.917    0.077 0.024    0.043   -125389    0 
553100:    1.00    8.753    0.077 0.025    0.041   -125428    0 
553200:    1.00    8.827    0.094 0.023    0.040   -125451    0 
553300:    1.00    8.856    0.093 0.028    0.047   -125416    0 
553400:    1.00    9.239    0.079 0.023    0.047   -125444    0 
553500:    1.00    9.100    0.061 0.031    0.044   -125483    0 
553600:    1.00    9.063    0.064 0.027    0.043   -125484    0 
553700:    1.00    8.678    0.048 0.025    0.036   -125467    0 
553800:    1.00    8.312    0.045 0.031    0.030   -125409    0 
553900:    1.00    8.259    0.060 0.040    0.047   -125481    0 

--------------------------------------------
Proportion of membership of each pre-defined
 population in each of the 2 clusters

Given    Inferred Clusters       Number of
 Pop       1      2             Individuals

  1:     0.498  0.502             358
  2:     0.495  0.505             1039
  3:     0.504  0.496             603
--------------------------------------------

  Rep#:   Lambda   Alpha      F1    F2     D1,2    Ln Like  Est Ln P(D)
554000:    1.00    8.204    0.046 0.030    0.035   -125483    0 
554100:    1.00    8.560    0.047 0.036    0.044   -125461    0 
554200:    1.00    8.189    0.043 0.031    0.040   -125456    0 
554300:    1.00    8.484    0.069 0.037    0.046   -125380    0 
554400:    1.00    8.210    0.059 0.028    0.037   -125436    0 
554500:    1.00    7.534    0.066 0.029    0.040   -125414    0 
554600:    1.00    7.273    0.075 0.040    0.044   -125382    0 
554700:    1.00    7.321    0.063 0.037    0.049   -125359    0 
554800:    1.00    6.920    0.070 0.036    0.039   -125394    0 
554900:    1.00    6.688    0.058 0.031    0.046   -125352    0 

--------------------------------------------
Proportion of membership of each pre-defined
 population in each of the 2 clusters

Given    Inferred Clusters       Number of
 Pop       1      2             Individuals

  1:     0.500  0.500             358
  2:     0.498  0.502             1039
  3:     0.498  0.502             603
--------------------------------------------

  Rep#:   Lambda   Alpha      F1    F2     D1,2    Ln Like  Est Ln P(D)
555000:    1.00    6.555    0.078 0.023    0.040   -125344    0 
555100:    1.00    6.653    0.063 0.033    0.041   -125374    0 
555200:    1.00    6.554    0.075 0.038    0.049   -125360    0 
555300:    1.00    6.621    0.064 0.026    0.047   -125333    0 
555400:    1.00    6.184    0.080 0.032    0.039   -125288    0 
555500:    1.00    6.129    0.048 0.037    0.032   -125384    0 
555600:    1.00    6.221    0.046 0.042    0.035   -125335    0 
555700:    1.00    6.338    0.060 0.057    0.038   -125320    0 
555800:    1.00    6.280    0.050 0.051    0.036   -125403    0 
555900:    1.00    6.556    0.058 0.048    0.042   -125356    0 

--------------------------------------------
Proportion of membership of each pre-defined
 population in each of the 2 clusters

Given    Inferred Clusters       Number of
 Pop       1      2             Individuals

  1:     0.498  0.502             358
  2:     0.503  0.497             1039
  3:     0.500  0.500             603
--------------------------------------------

  Rep#:   Lambda   Alpha      F1    F2     D1,2    Ln Like  Est Ln P(D)
556000:    1.00    6.310    0.053 0.034    0.043   -125349    0 
556100:    1.00    5.868    0.078 0.042    0.045   -125292    0 
556200:    1.00    5.864    0.057 0.025    0.040   -125323    0 
556300:    1.00    5.463    0.060 0.024    0.026   -125360    0 
556400:    1.00    5.548    0.077 0.025    0.038   -125323    0 
556500:    1.00    5.717    0.059 0.027    0.035   -125376    0 
556600:    1.00    5.564    0.076 0.020    0.030   -125311    0 
556700:    1.00    5.657    0.059 0.019    0.025   -125353    0 
556800:    1.00    5.919    0.061 0.024    0.033   -125408    0 
556900:    1.00    6.098    0.057 0.028    0.036   -125378    0 

--------------------------------------------
Proportion of membership of each pre-defined
 population in each of the 2 clusters

Given    Inferred Clusters       Number of
 Pop       1      2             Individuals

  1:     0.505  0.495             358
  2:     0.504  0.496             1039
  3:     0.499  0.501             603
--------------------------------------------

  Rep#:   Lambda   Alpha      F1    F2     D1,2    Ln Like  Est Ln P(D)
557000:    1.00    6.053    0.063 0.034    0.039   -125270    0 
557100:    1.00    5.823    0.068 0.033    0.043   -125310    0 
557200:    1.00    5.827    0.073 0.032    0.036   -125365    0 
557300:    1.00    5.358    0.050 0.023    0.027   -125421    0 
557400:    1.00    5.462    0.069 0.017    0.035   -125338    0 
557500:    1.00    5.907    0.070 0.020    0.033   -125384    0 
557600:    1.00    6.067    0.050 0.022    0.026   -125428    0 
557700:    1.00    5.920    0.048 0.022    0.039   -125373    0 
557800:    1.00    5.780    0.056 0.021    0.034   -125412    0 
557900:    1.00    5.668    0.066 0.023    0.037   -125310    0 

--------------------------------------------
Proportion of membership of each pre-defined
 population in each of the 2 clusters

Given    Inferred Clusters       Number of
 Pop       1      2             Individuals

  1:     0.494  0.506             358
  2:     0.493  0.507             1039
  3:     0.505  0.495             603
--------------------------------------------

  Rep#:   Lambda   Alpha      F1    F2     D1,2    Ln Like  Est Ln P(D)
558000:    1.00    6.212    0.067 0.039    0.033   -125432    0 
558100:    1.00    6.378    0.077 0.035    0.038   -125372    0 
558200:    1.00    6.286    0.071 0.029    0.040   -125330    0 
558300:    1.00    6.285    0.045 0.030    0.031   -125440    0 
558400:    1.00    6.475    0.048 0.030    0.036   -125366    0 
558500:    1.00    6.585    0.037 0.026    0.028   -125483    0 
558600:    1.00    7.033    0.028 0.036    0.028   -125516    0 
558700:    1.00    6.819    0.055 0.033    0.035   -125451    0 
558800:    1.00    6.918    0.064 0.023    0.032   -125459    0 
558900:    1.00    6.787    0.108 0.030    0.050   -125364    0 

--------------------------------------------
Proportion of membership of each pre-defined
 population in each of the 2 clusters

Given    Inferred Clusters       Number of
 Pop       1      2             Individuals

  1:     0.503  0.497             358
  2:     0.502  0.498             1039
  3:     0.503  0.497             603
--------------------------------------------

  Rep#:   Lambda   Alpha      F1    F2     D1,2    Ln Like  Est Ln P(D)
559000:    1.00    7.001    0.079 0.026    0.040   -125410    0 
559100:    1.00    7.281    0.060 0.025    0.033   -125506    0 
559200:    1.00    7.653    0.044 0.030    0.034   -125473    0 
559300:    1.00    7.810    0.050 0.023    0.037   -125451    0 
559400:    1.00    7.677    0.051 0.038    0.032   -125421    0 
559500:    1.00    7.797    0.049 0.040    0.041   -125410    0 
559600:    1.00    7.915    0.047 0.058    0.045   -125397    0 
559700:    1.00    8.016    0.048 0.063    0.046   -125377    0 
559800:    1.00    7.467    0.042 0.060    0.045   -125410    0 
559900:    1.00    7.683    0.044 0.051    0.034   -125417    0 

--------------------------------------------
Proportion of membership of each pre-defined
 population in each of the 2 clusters

Given    Inferred Clusters       Number of
 Pop       1      2             Individuals

  1:     0.501  0.499             358
  2:     0.493  0.507             1039
  3:     0.499  0.501             603
--------------------------------------------

  Rep#:   Lambda   Alpha      F1    F2     D1,2    Ln Like  Est Ln P(D)
560000:    1.00    8.099    0.056 0.040    0.045   -125372    0 
560100:    1.00    8.436    0.050 0.038    0.042   -125431    0 
560200:    1.00    8.394    0.045 0.050    0.038   -125466    0 
560300:    1.00    8.603    0.041 0.054    0.044   -125364    0 
560400:    1.00    8.923    0.054 0.046    0.045   -125401    0 
560500:    1.00    8.818    0.043 0.040    0.036   -125517    0 
560600:    1.00    8.311    0.048 0.036    0.038   -125491    0 
560700:    1.00    8.683    0.055 0.028    0.034   -125489    0 
560800:    1.00    9.101    0.068 0.037    0.041   -125465    0 
560900:    1.00    8.953    0.083 0.037    0.055   -125400    0 

--------------------------------------------
Proportion of membership of each pre-defined
 population in each of the 2 clusters

Given    Inferred Clusters       Number of
 Pop       1      2             Individuals

  1:     0.492  0.508             358
  2:     0.501  0.499             1039
  3:     0.495  0.505             603
--------------------------------------------

  Rep#:   Lambda   Alpha      F1    F2     D1,2    Ln Like  Est Ln P(D)
561000:    1.00    8.831    0.076 0.037    0.052   -125327    0 
561100:    1.00    8.878    0.088 0.029    0.045   -125433    0 
561200:    1.00    9.105    0.078 0.026    0.046   -125455    0 
561300:    1.00    9.429    0.065 0.035    0.043   -125486    0 
561400:    1.00    9.291    0.055 0.049    0.048   -125420    0 
561500:    1.00    9.166    0.061 0.053    0.049   -125388    0 
561600:    1.00    9.320    0.055 0.059    0.046   -125440    0 
561700:    1.00    9.370    0.050 0.053    0.052   -125417    0 
561800:    1.00    9.379    0.047 0.051    0.041   -125460    0 
561900:    1.00    8.799    0.050 0.043    0.042   -125475    0 

--------------------------------------------
Proportion of membership of each pre-defined
 population in each of the 2 clusters

Given    Inferred Clusters       Number of
 Pop       1      2             Individuals

  1:     0.492  0.508             358
  2:     0.499  0.501             1039
  3:     0.498  0.502             603
--------------------------------------------

  Rep#:   Lambda   Alpha      F1    F2     D1,2    Ln Like  Est Ln P(D)
562000:    1.00    8.989    0.055 0.046    0.047   -125427    0 
562100:    1.00    9.089    0.068 0.047    0.054   -125447    0 
562200:    1.00    8.802    0.074 0.051    0.054   -125371    0 
562300:    1.00    8.525    0.044 0.053    0.049   -125392    0 
562400:    1.00    8.526    0.044 0.067    0.044   -125433    0 
562500:    1.00    8.575    0.047 0.055    0.045   -125423    0 
562600:    1.00    8.879    0.051 0.047    0.031   -125503    0 
562700:    1.00    9.015    0.050 0.049    0.043   -125385    0 
562800:    1.00    8.871    0.053 0.044    0.048   -125417    0 
562900:    1.00    8.975    0.064 0.044    0.054   -125359    0 

--------------------------------------------
Proportion of membership of each pre-defined
 population in each of the 2 clusters

Given    Inferred Clusters       Number of
 Pop       1      2             Individuals

  1:     0.493  0.507             358
  2:     0.496  0.504             1039
  3:     0.511  0.489             603
--------------------------------------------

  Rep#:   Lambda   Alpha      F1    F2     D1,2    Ln Like  Est Ln P(D)
563000:    1.00    8.686    0.057 0.040    0.058   -125383    0 
563100:    1.00    9.173    0.061 0.053    0.047   -125392    0 
563200:    1.00    9.150    0.067 0.039    0.057   -125424    0 
563300:    1.00    8.596    0.048 0.056    0.046   -125422    0 
563400:    1.00    8.589    0.061 0.053    0.040   -125422    0 
563500:    1.00    8.941    0.044 0.052    0.044   -125407    0 
563600:    1.00    8.759    0.052 0.062    0.059   -125385    0 
563700:    1.00    8.456    0.040 0.063    0.049   -125405    0 
563800:    1.00    8.435    0.031 0.086    0.050   -125369    0 
563900:    1.00    8.487    0.040 0.053    0.041   -125439    0 

--------------------------------------------
Proportion of membership of each pre-defined
 population in each of the 2 clusters

Given    Inferred Clusters       Number of
 Pop       1      2             Individuals

  1:     0.496  0.504             358
  2:     0.500  0.500             1039
  3:     0.501  0.499             603
--------------------------------------------

  Rep#:   Lambda   Alpha      F1    F2     D1,2    Ln Like  Est Ln P(D)
564000:    1.00    8.427    0.038 0.071    0.048   -125406    0 
564100:    1.00    8.116    0.043 0.061    0.044   -125432    0 
564200:    1.00    7.957    0.060 0.051    0.044   -125377    0 
564300:    1.00    7.831    0.063 0.040    0.050   -125365    0 
564400:    1.00    7.625    0.067 0.056    0.051   -125348    0 
564500:    1.00    7.536    0.066 0.056    0.049   -125361    0 
564600:    1.00    7.546    0.077 0.032    0.051   -125414    0 
564700:    1.00    8.044    0.075 0.037    0.047   -125390    0 
564800:    1.00    7.830    0.084 0.042    0.049   -125385    0 
564900:    1.00    7.995    0.095 0.044    0.059   -125331    0 

--------------------------------------------
Proportion of membership of each pre-defined
 population in each of the 2 clusters

Given    Inferred Clusters       Number of
 Pop       1      2             Individuals

  1:     0.503  0.497             358
  2:     0.502  0.498             1039
  3:     0.505  0.495             603
--------------------------------------------

  Rep#:   Lambda   Alpha      F1    F2     D1,2    Ln Like  Est Ln P(D)
565000:    1.00    8.222    0.089 0.039    0.048   -125394    0 
565100:    1.00    7.923    0.105 0.035    0.061   -125297    0 
565200:    1.00    8.237    0.114 0.033    0.048   -125411    0 
565300:    1.00    8.621    0.112 0.033    0.049   -125354    0 
565400:    1.00    8.591    0.104 0.035    0.052   -125418    0 
565500:    1.00    8.952    0.100 0.034    0.047   -125381    0 
565600:    1.00    8.892    0.066 0.036    0.044   -125368    0 
565700:    1.00    9.032    0.108 0.022    0.040   -125445    0 
565800:    1.00    8.635    0.096 0.032    0.050   -125430    0 
565900:    1.00    8.497    0.094 0.024    0.049   -125349    0 

--------------------------------------------
Proportion of membership of each pre-defined
 population in each of the 2 clusters

Given    Inferred Clusters       Number of
 Pop       1      2             Individuals

  1:     0.507  0.493             358
  2:     0.504  0.496             1039
  3:     0.506  0.494             603
--------------------------------------------

  Rep#:   Lambda   Alpha      F1    F2     D1,2    Ln Like  Est Ln P(D)
566000:    1.00    8.049    0.086 0.030    0.056   -125351    0 
566100:    1.00    8.331    0.106 0.027    0.054   -125362    0 
566200:    1.00    8.162    0.094 0.024    0.050   -125394    0 
566300:    1.00    7.819    0.075 0.021    0.041   -125400    0 
566400:    1.00    7.646    0.100 0.022    0.044   -125409    0 
566500:    1.00    7.590    0.096 0.026    0.039   -125423    0 
566600:    1.00    7.585    0.077 0.022    0.035   -125459    0 
566700:    1.00    7.456    0.064 0.027    0.034   -125427    0 
566800:    1.00    7.482    0.048 0.027    0.031   -125424    0 
566900:    1.00    7.495    0.077 0.028    0.034   -125431    0 

--------------------------------------------
Proportion of membership of each pre-defined
 population in each of the 2 clusters

Given    Inferred Clusters       Number of
 Pop       1      2             Individuals

  1:     0.497  0.503             358
  2:     0.498  0.502             1039
  3:     0.495  0.505             603
--------------------------------------------

  Rep#:   Lambda   Alpha      F1    F2     D1,2    Ln Like  Est Ln P(D)
567000:    1.00    7.570    0.095 0.022    0.039   -125402    0 
567100:    1.00    7.393    0.088 0.025    0.041   -125416    0 
567200:    1.00    7.213    0.068 0.023    0.031   -125480    0 
567300:    1.00    7.195    0.058 0.030    0.036   -125424    0 
567400:    1.00    7.146    0.074 0.028    0.042   -125380    0 
567500:    1.00    7.359    0.067 0.028    0.039   -125385    0 
567600:    1.00    7.303    0.107 0.024    0.045   -125332    0 
567700:    1.00    7.682    0.067 0.037    0.042   -125343    0 
567800:    1.00    7.848    0.051 0.035    0.039   -125388    0 
567900:    1.00    7.697    0.068 0.040    0.040   -125393    0 

--------------------------------------------
Proportion of membership of each pre-defined
 population in each of the 2 clusters

Given    Inferred Clusters       Number of
 Pop       1      2             Individuals

  1:     0.497  0.503             358
  2:     0.493  0.507             1039
  3:     0.499  0.501             603
--------------------------------------------

  Rep#:   Lambda   Alpha      F1    F2     D1,2    Ln Like  Est Ln P(D)
568000:    1.00    7.966    0.052 0.040    0.041   -125453    0 
568100:    1.00    7.838    0.060 0.037    0.044   -125431    0 
568200:    1.00    7.658    0.081 0.039    0.051   -125404    0 
568300:    1.00    8.113    0.044 0.025    0.039   -125447    0 
568400:    1.00    8.126    0.053 0.029    0.039   -125394    0 
568500:    1.00    8.032    0.075 0.033    0.041   -125389    0 
568600:    1.00    8.054    0.046 0.034    0.036   -125391    0 
568700:    1.00    8.472    0.066 0.030    0.043   -125436    0 
568800:    1.00    8.428    0.073 0.050    0.038   -125408    0 
568900:    1.00    8.541    0.070 0.037    0.059   -125319    0 

--------------------------------------------
Proportion of membership of each pre-defined
 population in each of the 2 clusters

Given    Inferred Clusters       Number of
 Pop       1      2             Individuals

  1:     0.506  0.494             358
  2:     0.502  0.498             1039
  3:     0.512  0.488             603
--------------------------------------------

  Rep#:   Lambda   Alpha      F1    F2     D1,2    Ln Like  Est Ln P(D)
569000:    1.00    8.503    0.076 0.041    0.045   -125383    0 
569100:    1.00    8.920    0.088 0.040    0.053   -125373    0 
569200:    1.00    9.199    0.085 0.041    0.052   -125370    0 
569300:    1.00    9.000    0.058 0.056    0.049   -125430    0 
569400:    1.00    8.697    0.091 0.038    0.047   -125418    0 
569500:    1.00    8.562    0.078 0.047    0.049   -125364    0 
569600:    1.00    8.795    0.088 0.031    0.050   -125415    0 
569700:    1.00    8.570    0.089 0.030    0.055   -125390    0 
569800:    1.00    8.622    0.084 0.031    0.047   -125382    0 
569900:    1.00    8.730    0.114 0.029    0.060   -125375    0 

--------------------------------------------
Proportion of membership of each pre-defined
 population in each of the 2 clusters

Given    Inferred Clusters       Number of
 Pop       1      2             Individuals

  1:     0.497  0.503             358
  2:     0.495  0.505             1039
  3:     0.497  0.503             603
--------------------------------------------

  Rep#:   Lambda   Alpha      F1    F2     D1,2    Ln Like  Est Ln P(D)
570000:    1.00    9.400    0.098 0.023    0.047   -125422    0 
570100:    1.00    9.241    0.104 0.016    0.039   -125446    0 
570200:    1.00    9.221    0.094 0.021    0.039   -125503    0 
570300:    1.00    9.220    0.081 0.024    0.039   -125504    0 
570400:    1.00    8.758    0.071 0.020    0.041   -125494    0 
570500:    1.00    8.954    0.084 0.019    0.038   -125474    0 
570600:    1.00    8.727    0.087 0.020    0.038   -125460    0 
570700:    1.00    9.058    0.104 0.022    0.046   -125425    0 
570800:    1.00    9.523    0.104 0.024    0.040   -125472    0 
570900:    1.00    9.417    0.122 0.023    0.060   -125428    0 

--------------------------------------------
Proportion of membership of each pre-defined
 population in each of the 2 clusters

Given    Inferred Clusters       Number of
 Pop       1      2             Individuals

  1:     0.496  0.504             358
  2:     0.505  0.495             1039
  3:     0.499  0.501             603
--------------------------------------------

  Rep#:   Lambda   Alpha      F1    F2     D1,2    Ln Like  Est Ln P(D)
571000:    1.00    9.495    0.079 0.027    0.038   -125481    0 
571100:    1.00    9.561    0.079 0.047    0.047   -125426    0 
571200:    1.00    9.210    0.065 0.039    0.055   -125317    0 
571300:    1.00    9.447    0.053 0.041    0.040   -125485    0 
571400:    1.00    9.547    0.068 0.036    0.041   -125443    0 
571500:    1.00    9.461    0.067 0.030    0.057   -125348    0 
571600:    1.00    9.481    0.092 0.034    0.057   -125391    0 
571700:    1.00    8.974    0.092 0.041    0.059   -125381    0 
571800:    1.00    9.099    0.069 0.036    0.052   -125435    0 
571900:    1.00    9.266    0.070 0.031    0.044   -125476    0 

--------------------------------------------
Proportion of membership of each pre-defined
 population in each of the 2 clusters

Given    Inferred Clusters       Number of
 Pop       1      2             Individuals

  1:     0.503  0.497             358
  2:     0.503  0.497             1039
  3:     0.501  0.499             603
--------------------------------------------

  Rep#:   Lambda   Alpha      F1    F2     D1,2    Ln Like  Est Ln P(D)
572000:    1.00    9.070    0.092 0.028    0.049   -125423    0 
572100:    1.00    9.065    0.073 0.029    0.039   -125481    0 
572200:    1.00    9.190    0.104 0.037    0.056   -125380    0 
572300:    1.00    9.037    0.092 0.036    0.050   -125362    0 
572400:    1.00    9.051    0.100 0.046    0.064   -125303    0 
572500:    1.00    8.638    0.084 0.046    0.061   -125350    0 
572600:    1.00    8.872    0.083 0.066    0.050   -125390    0 
572700:    1.00    8.982    0.079 0.065    0.054   -125418    0 
572800:    1.00    9.005    0.114 0.051    0.053   -125381    0 
572900:    1.00    8.895    0.086 0.057    0.056   -125419    0 

--------------------------------------------
Proportion of membership of each pre-defined
 population in each of the 2 clusters

Given    Inferred Clusters       Number of
 Pop       1      2             Individuals

  1:     0.503  0.497             358
  2:     0.498  0.502             1039
  3:     0.497  0.503             603
--------------------------------------------

  Rep#:   Lambda   Alpha      F1    F2     D1,2    Ln Like  Est Ln P(D)
573000:    1.00    9.026    0.086 0.036    0.053   -125403    0 
573100:    1.00    9.125    0.105 0.035    0.044   -125405    0 
573200:    1.00    9.006    0.103 0.031    0.062   -125314    0 
573300:    1.00    8.908    0.087 0.036    0.064   -125311    0 
573400:    1.00    8.743    0.088 0.038    0.054   -125343    0 
573500:    1.00    8.566    0.127 0.041    0.057   -125338    0 
573600:    1.00    8.626    0.102 0.037    0.053   -125391    0 
573700:    1.00    8.672    0.083 0.052    0.045   -125401    0 
573800:    1.00    8.428    0.105 0.041    0.041   -125369    0 
573900:    1.00    8.488    0.069 0.047    0.032   -125399    0 

--------------------------------------------
Proportion of membership of each pre-defined
 population in each of the 2 clusters

Given    Inferred Clusters       Number of
 Pop       1      2             Individuals

  1:     0.495  0.505             358
  2:     0.499  0.501             1039
  3:     0.495  0.505             603
--------------------------------------------

  Rep#:   Lambda   Alpha      F1    F2     D1,2    Ln Like  Est Ln P(D)
574000:    1.00    8.549    0.071 0.040    0.042   -125402    0 
574100:    1.00    8.419    0.086 0.043    0.047   -125316    0 
574200:    1.00    8.532    0.115 0.033    0.049   -125337    0 
574300:    1.00    8.694    0.084 0.036    0.048   -125383    0 
574400:    1.00    9.107    0.085 0.041    0.047   -125443    0 
574500:    1.00    8.687    0.092 0.032    0.045   -125392    0 
574600:    1.00    9.137    0.099 0.029    0.047   -125426    0 
574700:    1.00    9.180    0.101 0.035    0.049   -125365    0 
574800:    1.00    9.398    0.097 0.033    0.057   -125400    0 
574900:    1.00    9.620    0.087 0.037    0.069   -125372    0 

--------------------------------------------
Proportion of membership of each pre-defined
 population in each of the 2 clusters

Given    Inferred Clusters       Number of
 Pop       1      2             Individuals

  1:     0.507  0.493             358
  2:     0.494  0.506             1039
  3:     0.496  0.504             603
--------------------------------------------

  Rep#:   Lambda   Alpha      F1    F2     D1,2    Ln Like  Est Ln P(D)
575000:    1.00    9.841    0.103 0.037    0.063   -125361    0 
575100:    1.00    9.996    0.094 0.030    0.050   -125416    0 
575200:    1.00    9.745    0.108 0.042    0.059   -125410    0 
575300:    1.00    9.618    0.110 0.035    0.060   -125361    0 
575400:    1.00    9.360    0.105 0.043    0.062   -125426    0 
575500:    1.00    9.524    0.087 0.049    0.057   -125364    0 
575600:    1.00    9.555    0.081 0.043    0.053   -125403    0 
575700:    1.00    9.261    0.083 0.039    0.055   -125422    0 
575800:    1.00    9.335    0.071 0.036    0.057   -125427    0 
575900:    1.00    9.212    0.076 0.042    0.052   -125389    0 

--------------------------------------------
Proportion of membership of each pre-defined
 population in each of the 2 clusters

Given    Inferred Clusters       Number of
 Pop       1      2             Individuals

  1:     0.500  0.500             358
  2:     0.497  0.503             1039
  3:     0.498  0.502             603
--------------------------------------------

  Rep#:   Lambda   Alpha      F1    F2     D1,2    Ln Like  Est Ln P(D)
576000:    1.00    9.325    0.089 0.039    0.056   -125369    0 
576100:    1.00    9.325    0.088 0.037    0.057   -125393    0 
576200:    1.00    9.368    0.077 0.032    0.059   -125427    0 
576300:    1.00    9.432    0.077 0.033    0.050   -125385    0 
576400:    1.00    9.579    0.072 0.038    0.048   -125434    0 
576500:    1.00    9.224    0.049 0.037    0.046   -125478    0 
576600:    1.00    9.153    0.085 0.040    0.057   -125456    0 
576700:    1.00    9.128    0.068 0.034    0.048   -125432    0 
576800:    1.00    9.302    0.058 0.034    0.040   -125470    0 
576900:    1.00    9.511    0.069 0.031    0.047   -125414    0 

--------------------------------------------
Proportion of membership of each pre-defined
 population in each of the 2 clusters

Given    Inferred Clusters       Number of
 Pop       1      2             Individuals

  1:     0.502  0.498             358
  2:     0.504  0.496             1039
  3:     0.494  0.506             603
--------------------------------------------

  Rep#:   Lambda   Alpha      F1    F2     D1,2    Ln Like  Est Ln P(D)
577000:    1.00    9.492    0.083 0.036    0.048   -125401    0 
577100:    1.00    9.390    0.101 0.033    0.047   -125495    0 
577200:    1.00    9.141    0.070 0.031    0.051   -125386    0 
577300:    1.00    9.090    0.073 0.031    0.049   -125424    0 
577400:    1.00    9.323    0.067 0.035    0.048   -125434    0 
577500:    1.00    9.127    0.080 0.030    0.048   -125430    0 
577600:    1.00    9.343    0.101 0.032    0.050   -125406    0 
577700:    1.00    9.495    0.120 0.031    0.050   -125455    0 
577800:    1.00    9.463    0.120 0.030    0.051   -125427    0 
577900:    1.00    9.375    0.114 0.036    0.049   -125505    0 

--------------------------------------------
Proportion of membership of each pre-defined
 population in each of the 2 clusters

Given    Inferred Clusters       Number of
 Pop       1      2             Individuals

  1:     0.499  0.501             358
  2:     0.505  0.495             1039
  3:     0.507  0.493             603
--------------------------------------------

  Rep#:   Lambda   Alpha      F1    F2     D1,2    Ln Like  Est Ln P(D)
578000:    1.00    9.085    0.085 0.027    0.037   -125436    0 
578100:    1.00    8.798    0.101 0.032    0.050   -125381    0 
578200:    1.00    8.617    0.066 0.032    0.046   -125459    0 
578300:    1.00    8.366    0.085 0.034    0.053   -125319    0 
578400:    1.00    8.571    0.083 0.042    0.051   -125311    0 
578500:    1.00    8.737    0.064 0.040    0.045   -125366    0 
578600:    1.00    8.573    0.080 0.055    0.055   -125340    0 
578700:    1.00    8.239    0.078 0.038    0.052   -125410    0 
578800:    1.00    8.010    0.063 0.045    0.050   -125329    0 
578900:    1.00    8.085    0.072 0.044    0.051   -125334    0 

--------------------------------------------
Proportion of membership of each pre-defined
 population in each of the 2 clusters

Given    Inferred Clusters       Number of
 Pop       1      2             Individuals

  1:     0.498  0.502             358
  2:     0.496  0.504             1039
  3:     0.496  0.504             603
--------------------------------------------

  Rep#:   Lambda   Alpha      F1    F2     D1,2    Ln Like  Est Ln P(D)
579000:    1.00    7.796    0.065 0.043    0.042   -125388    0 
579100:    1.00    7.889    0.100 0.029    0.037   -125439    0 
579200:    1.00    8.175    0.082 0.039    0.044   -125422    0 
579300:    1.00    8.619    0.084 0.033    0.040   -125421    0 
579400:    1.00    8.985    0.065 0.040    0.047   -125409    0 
579500:    1.00    9.104    0.094 0.029    0.055   -125407    0 
579600:    1.00    9.070    0.076 0.033    0.048   -125410    0 
579700:    1.00    9.528    0.050 0.037    0.040   -125456    0 
579800:    1.00    9.781    0.064 0.029    0.044   -125483    0 
579900:    1.00    9.628    0.083 0.025    0.035   -125492    0 

--------------------------------------------
Proportion of membership of each pre-defined
 population in each of the 2 clusters

Given    Inferred Clusters       Number of
 Pop       1      2             Individuals

  1:     0.506  0.494             358
  2:     0.501  0.499             1039
  3:     0.498  0.502             603
--------------------------------------------

  Rep#:   Lambda   Alpha      F1    F2     D1,2    Ln Like  Est Ln P(D)
580000:    1.00    9.167    0.073 0.022    0.038   -125429    0 
580100:    1.00    9.372    0.067 0.022    0.038   -125451    0 
580200:    1.00    8.981    0.073 0.020    0.040   -125506    0 
580300:    1.00    9.173    0.113 0.021    0.048   -125405    0 
580400:    1.00    9.662    0.118 0.022    0.052   -125460    0 
580500:    1.00    9.893    0.130 0.025    0.052   -125432    0 
580600:    1.00    9.921    0.110 0.027    0.049   -125507    0 
580700:    1.00    9.951    0.116 0.029    0.058   -125422    0 
580800:    1.00    9.881    0.071 0.036    0.047   -125502    0 
580900:    1.00    9.615    0.082 0.029    0.048   -125411    0 

--------------------------------------------
Proportion of membership of each pre-defined
 population in each of the 2 clusters

Given    Inferred Clusters       Number of
 Pop       1      2             Individuals

  1:     0.495  0.505             358
  2:     0.501  0.499             1039
  3:     0.496  0.504             603
--------------------------------------------

  Rep#:   Lambda   Alpha      F1    F2     D1,2    Ln Like  Est Ln P(D)
581000:    1.00    9.852    0.065 0.030    0.033   -125524    0 
581100:    1.00    9.600    0.077 0.038    0.057   -125415    0 
581200:    1.00    9.859    0.066 0.032    0.050   -125427    0 
581300:    1.00    9.691    0.099 0.052    0.056   -125390    0 
581400:    1.00    9.713    0.087 0.040    0.047   -125411    0 
581500:    1.00    9.584    0.071 0.052    0.051   -125389    0 
581600:    1.00    9.409    0.054 0.057    0.037   -125478    0 
581700:    1.00    9.481    0.078 0.075    0.055   -125413    0 
581800:    1.00    9.205    0.069 0.037    0.047   -125424    0 
581900:    1.00    9.604    0.075 0.051    0.058   -125343    0 

--------------------------------------------
Proportion of membership of each pre-defined
 population in each of the 2 clusters

Given    Inferred Clusters       Number of
 Pop       1      2             Individuals

  1:     0.501  0.499             358
  2:     0.501  0.499             1039
  3:     0.501  0.499             603
--------------------------------------------

  Rep#:   Lambda   Alpha      F1    F2     D1,2    Ln Like  Est Ln P(D)
582000:    1.00    9.884    0.078 0.052    0.052   -125356    0 
582100:    1.00    9.958    0.076 0.052    0.050   -125362    0 
582200:    1.00    9.719    0.082 0.053    0.056   -125402    0 
582300:    1.00    9.607    0.081 0.052    0.050   -125432    0 
582400:    1.00    9.313    0.061 0.045    0.048   -125438    0 
582500:    1.00    9.106    0.091 0.044    0.048   -125403    0 
582600:    1.00    9.121    0.085 0.045    0.050   -125356    0 
582700:    1.00    9.252    0.107 0.038    0.066   -125345    0 
582800:    1.00    9.287    0.092 0.062    0.057   -125395    0 
582900:    1.00    9.767    0.080 0.063    0.062   -125404    0 

--------------------------------------------
Proportion of membership of each pre-defined
 population in each of the 2 clusters

Given    Inferred Clusters       Number of
 Pop       1      2             Individuals

  1:     0.502  0.498             358
  2:     0.500  0.500             1039
  3:     0.507  0.493             603
--------------------------------------------

  Rep#:   Lambda   Alpha      F1    F2     D1,2    Ln Like  Est Ln P(D)
583000:    1.00    9.818    0.063 0.057    0.057   -125426    0 
583100:    1.00    9.772    0.072 0.048    0.049   -125425    0 
583200:    1.00    9.945    0.077 0.053    0.049   -125425    0 
583300:    1.00    9.882    0.099 0.043    0.060   -125390    0 
583400:    1.00    9.916    0.094 0.036    0.063   -125388    0 
583500:    1.00    9.896    0.106 0.041    0.054   -125378    0 
583600:    1.00    9.534    0.090 0.044    0.056   -125390    0 
583700:    1.00    9.370    0.079 0.052    0.047   -125424    0 
583800:    1.00    9.546    0.084 0.055    0.060   -125318    0 
583900:    1.00    9.351    0.073 0.056    0.070   -125316    0 

--------------------------------------------
Proportion of membership of each pre-defined
 population in each of the 2 clusters

Given    Inferred Clusters       Number of
 Pop       1      2             Individuals

  1:     0.495  0.505             358
  2:     0.496  0.504             1039
  3:     0.502  0.498             603
--------------------------------------------

  Rep#:   Lambda   Alpha      F1    F2     D1,2    Ln Like  Est Ln P(D)
584000:    1.00    9.411    0.075 0.056    0.061   -125388    0 
584100:    1.00    9.532    0.054 0.059    0.046   -125460    0 
584200:    1.00    9.917    0.062 0.055    0.047   -125456    0 
584300:    1.00    9.990    0.055 0.049    0.050   -125444    0 
584400:    1.00    9.898    0.083 0.042    0.052   -125415    0 
584500:    1.00    9.967    0.076 0.039    0.057   -125434    0 
584600:    1.00    9.915    0.065 0.048    0.044   -125433    0 
584700:    1.00    9.875    0.064 0.044    0.057   -125369    0 
584800:    1.00    9.850    0.071 0.037    0.047   -125421    0 
584900:    1.00    9.747    0.091 0.035    0.050   -125425    0 

--------------------------------------------
Proportion of membership of each pre-defined
 population in each of the 2 clusters

Given    Inferred Clusters       Number of
 Pop       1      2             Individuals

  1:     0.498  0.502             358
  2:     0.496  0.504             1039
  3:     0.495  0.505             603
--------------------------------------------

  Rep#:   Lambda   Alpha      F1    F2     D1,2    Ln Like  Est Ln P(D)
585000:    1.00    9.846    0.099 0.033    0.045   -125459    0 
585100:    1.00    9.937    0.094 0.040    0.062   -125379    0 
585200:    1.00    9.902    0.087 0.036    0.045   -125444    0 
585300:    1.00    9.812    0.080 0.041    0.050   -125377    0 
585400:    1.00    9.712    0.097 0.038    0.052   -125376    0 
585500:    1.00    9.956    0.095 0.039    0.047   -125391    0 
585600:    1.00    9.877    0.112 0.030    0.059   -125336    0 
585700:    1.00    9.948    0.123 0.034    0.060   -125372    0 
585800:    1.00    9.988    0.081 0.042    0.050   -125421    0 
585900:    1.00    9.727    0.110 0.037    0.054   -125373    0 

--------------------------------------------
Proportion of membership of each pre-defined
 population in each of the 2 clusters

Given    Inferred Clusters       Number of
 Pop       1      2             Individuals

  1:     0.495  0.505             358
  2:     0.499  0.501             1039
  3:     0.497  0.503             603
--------------------------------------------

  Rep#:   Lambda   Alpha      F1    F2     D1,2    Ln Like  Est Ln P(D)
586000:    1.00    9.573    0.077 0.030    0.055   -125406    0 
586100:    1.00    9.364    0.079 0.030    0.056   -125396    0 
586200:    1.00    9.327    0.076 0.039    0.049   -125408    0 
586300:    1.00    9.379    0.099 0.047    0.058   -125368    0 
586400:    1.00    9.339    0.092 0.050    0.050   -125395    0 
586500:    1.00    9.178    0.077 0.040    0.047   -125442    0 
586600:    1.00    9.287    0.105 0.045    0.058   -125348    0 
586700:    1.00    9.384    0.126 0.041    0.055   -125390    0 
586800:    1.00    9.629    0.118 0.043    0.063   -125339    0 
586900:    1.00    9.175    0.092 0.043    0.075   -125353    0 

--------------------------------------------
Proportion of membership of each pre-defined
 population in each of the 2 clusters

Given    Inferred Clusters       Number of
 Pop       1      2             Individuals

  1:     0.494  0.506             358
  2:     0.502  0.498             1039
  3:     0.508  0.492             603
--------------------------------------------

  Rep#:   Lambda   Alpha      F1    F2     D1,2    Ln Like  Est Ln P(D)
587000:    1.00    9.604    0.074 0.039    0.062   -125373    0 
587100:    1.00    9.759    0.078 0.032    0.054   -125403    0 
587200:    1.00    9.741    0.101 0.027    0.047   -125415    0 
587300:    1.00    9.829    0.099 0.027    0.054   -125439    0 
587400:    1.00    9.742    0.084 0.023    0.054   -125424    0 
587500:    1.00    9.781    0.086 0.019    0.049   -125391    0 
587600:    1.00    9.754    0.086 0.019    0.043   -125445    0 
587700:    1.00    9.812    0.102 0.023    0.048   -125435    0 
587800:    1.00    9.935    0.092 0.025    0.052   -125457    0 
587900:    1.00    9.831    0.074 0.026    0.041   -125448    0 

--------------------------------------------
Proportion of membership of each pre-defined
 population in each of the 2 clusters

Given    Inferred Clusters       Number of
 Pop       1      2             Individuals

  1:     0.506  0.494             358
  2:     0.497  0.503             1039
  3:     0.504  0.496             603
--------------------------------------------

  Rep#:   Lambda   Alpha      F1    F2     D1,2    Ln Like  Est Ln P(D)
588000:    1.00    9.644    0.075 0.027    0.038   -125480    0 
588100:    1.00    9.480    0.112 0.029    0.051   -125458    0 
588200:    1.00    9.328    0.104 0.042    0.061   -125387    0 
588300:    1.00    9.176    0.072 0.043    0.054   -125422    0 
588400:    1.00    9.123    0.059 0.048    0.043   -125442    0 
588500:    1.00    9.341    0.064 0.049    0.043   -125425    0 
588600:    1.00    9.774    0.058 0.046    0.053   -125450    0 
588700:    1.00    9.617    0.059 0.064    0.052   -125436    0 
588800:    1.00    9.894    0.067 0.050    0.050   -125431    0 
588900:    1.00    9.758    0.073 0.052    0.044   -125455    0 

--------------------------------------------
Proportion of membership of each pre-defined
 population in each of the 2 clusters

Given    Inferred Clusters       Number of
 Pop       1      2             Individuals

  1:     0.501  0.499             358
  2:     0.503  0.497             1039
  3:     0.501  0.499             603
--------------------------------------------

  Rep#:   Lambda   Alpha      F1    F2     D1,2    Ln Like  Est Ln P(D)
589000:    1.00    9.944    0.070 0.044    0.050   -125405    0 
589100:    1.00    9.662    0.059 0.040    0.042   -125423    0 
589200:    1.00    9.629    0.061 0.048    0.046   -125426    0 
589300:    1.00    9.645    0.048 0.046    0.050   -125461    0 
589400:    1.00    9.724    0.057 0.035    0.046   -125398    0 
589500:    1.00    9.591    0.065 0.036    0.046   -125431    0 
589600:    1.00    9.527    0.061 0.033    0.038   -125387    0 
589700:    1.00    9.713    0.061 0.041    0.040   -125466    0 
589800:    1.00    9.743    0.077 0.058    0.048   -125457    0 
589900:    1.00    9.964    0.066 0.054    0.050   -125425    0 

--------------------------------------------
Proportion of membership of each pre-defined
 population in each of the 2 clusters

Given    Inferred Clusters       Number of
 Pop       1      2             Individuals

  1:     0.490  0.510             358
  2:     0.501  0.499             1039
  3:     0.498  0.502             603
--------------------------------------------

  Rep#:   Lambda   Alpha      F1    F2     D1,2    Ln Like  Est Ln P(D)
590000:    1.00    9.858    0.071 0.058    0.055   -125405    0 
590100:    1.00    9.763    0.061 0.045    0.042   -125412    0 
590200:    1.00    9.784    0.069 0.059    0.060   -125348    0 
590300:    1.00    9.950    0.060 0.047    0.049   -125433    0 
590400:    1.00    9.900    0.067 0.057    0.052   -125394    0 
590500:    1.00    9.929    0.056 0.069    0.053   -125496    0 
590600:    1.00    9.674    0.041 0.061    0.047   -125395    0 
590700:    1.00    9.696    0.055 0.060    0.053   -125437    0 
590800:    1.00    9.583    0.045 0.063    0.053   -125403    0 
590900:    1.00    9.462    0.041 0.070    0.047   -125480    0 

--------------------------------------------
Proportion of membership of each pre-defined
 population in each of the 2 clusters

Given    Inferred Clusters       Number of
 Pop       1      2             Individuals

  1:     0.493  0.507             358
  2:     0.496  0.504             1039
  3:     0.504  0.496             603
--------------------------------------------

  Rep#:   Lambda   Alpha      F1    F2     D1,2    Ln Like  Est Ln P(D)
591000:    1.00    9.623    0.042 0.044    0.048   -125441    0 
591100:    1.00    9.976    0.049 0.045    0.047   -125459    0 
591200:    1.00    9.911    0.062 0.048    0.048   -125419    0 
591300:    1.00    9.997    0.060 0.066    0.052   -125422    0 
591400:    1.00    9.967    0.036 0.057    0.049   -125449    0 
591500:    1.00    9.799    0.054 0.070    0.065   -125456    0 
591600:    1.00    9.995    0.057 0.070    0.057   -125430    0 
591700:    1.00    9.868    0.045 0.070    0.054   -125395    0 
591800:    1.00    9.553    0.042 0.073    0.049   -125453    0 
591900:    1.00    9.761    0.039 0.080    0.043   -125454    0 

--------------------------------------------
Proportion of membership of each pre-defined
 population in each of the 2 clusters

Given    Inferred Clusters       Number of
 Pop       1      2             Individuals

  1:     0.496  0.504             358
  2:     0.502  0.498             1039
  3:     0.503  0.497             603
--------------------------------------------

  Rep#:   Lambda   Alpha      F1    F2     D1,2    Ln Like  Est Ln P(D)
592000:    1.00    9.774    0.045 0.081    0.048   -125527    0 
592100:    1.00    9.825    0.047 0.073    0.057   -125462    0 
592200:    1.00    9.912    0.037 0.060    0.051   -125413    0 
592300:    1.00    9.857    0.072 0.068    0.061   -125446    0 
592400:    1.00    9.873    0.051 0.057    0.054   -125463    0 
592500:    1.00    9.731    0.052 0.057    0.055   -125470    0 
592600:    1.00    9.844    0.061 0.044    0.055   -125435    0 
592700:    1.00    9.832    0.070 0.045    0.050   -125506    0 
592800:    1.00    9.878    0.063 0.035    0.036   -125512    0 
592900:    1.00    10.000    0.115 0.033    0.050   -125449    0 

--------------------------------------------
Proportion of membership of each pre-defined
 population in each of the 2 clusters

Given    Inferred Clusters       Number of
 Pop       1      2             Individuals

  1:     0.509  0.491             358
  2:     0.499  0.501             1039
  3:     0.493  0.507             603
--------------------------------------------

  Rep#:   Lambda   Alpha      F1    F2     D1,2    Ln Like  Est Ln P(D)
593000:    1.00    9.905    0.069 0.033    0.043   -125438    0 
593100:    1.00    9.350    0.079 0.038    0.047   -125461    0 
593200:    1.00    9.604    0.073 0.039    0.050   -125445    0 
593300:    1.00    9.794    0.073 0.038    0.053   -125397    0 
593400:    1.00    9.897    0.093 0.046    0.055   -125437    0 
593500:    1.00    9.626    0.078 0.039    0.052   -125403    0 
593600:    1.00    9.245    0.082 0.037    0.045   -125483    0 
593700:    1.00    9.259    0.088 0.043    0.056   -125379    0 
593800:    1.00    8.909    0.075 0.035    0.049   -125390    0 
593900:    1.00    8.979    0.105 0.037    0.058   -125345    0 

--------------------------------------------
Proportion of membership of each pre-defined
 population in each of the 2 clusters

Given    Inferred Clusters       Number of
 Pop       1      2             Individuals

  1:     0.496  0.504             358
  2:     0.502  0.498             1039
  3:     0.500  0.500             603
--------------------------------------------

  Rep#:   Lambda   Alpha      F1    F2     D1,2    Ln Like  Est Ln P(D)
594000:    1.00    9.068    0.090 0.052    0.056   -125394    0 
594100:    1.00    9.371    0.076 0.050    0.067   -125340    0 
594200:    1.00    9.390    0.073 0.050    0.062   -125348    0 
594300:    1.00    9.578    0.092 0.051    0.056   -125387    0 
594400:    1.00    9.711    0.081 0.031    0.050   -125447    0 
594500:    1.00    9.739    0.105 0.034    0.044   -125406    0 
594600:    1.00    9.704    0.121 0.035    0.052   -125454    0 
594700:    1.00    9.622    0.114 0.039    0.052   -125437    0 
594800:    1.00    9.388    0.082 0.040    0.051   -125436    0 
594900:    1.00    9.044    0.081 0.044    0.055   -125402    0 

--------------------------------------------
Proportion of membership of each pre-defined
 population in each of the 2 clusters

Given    Inferred Clusters       Number of
 Pop       1      2             Individuals

  1:     0.508  0.492             358
  2:     0.505  0.495             1039
  3:     0.502  0.498             603
--------------------------------------------

  Rep#:   Lambda   Alpha      F1    F2     D1,2    Ln Like  Est Ln P(D)
595000:    1.00    8.567    0.079 0.043    0.048   -125375    0 
595100:    1.00    8.945    0.069 0.057    0.051   -125368    0 
595200:    1.00    8.916    0.065 0.048    0.057   -125365    0 
595300:    1.00    8.843    0.091 0.034    0.049   -125374    0 
595400:    1.00    9.038    0.118 0.040    0.055   -125380    0 
595500:    1.00    9.017    0.073 0.054    0.050   -125373    0 
595600:    1.00    9.164    0.067 0.055    0.058   -125334    0 
595700:    1.00    9.268    0.067 0.054    0.055   -125400    0 
595800:    1.00    9.452    0.072 0.048    0.058   -125347    0 
595900:    1.00    9.497    0.055 0.048    0.048   -125409    0 

--------------------------------------------
Proportion of membership of each pre-defined
 population in each of the 2 clusters

Given    Inferred Clusters       Number of
 Pop       1      2             Individuals

  1:     0.489  0.511             358
  2:     0.497  0.503             1039
  3:     0.506  0.494             603
--------------------------------------------

  Rep#:   Lambda   Alpha      F1    F2     D1,2    Ln Like  Est Ln P(D)
596000:    1.00    9.907    0.071 0.055    0.053   -125417    0 
596100:    1.00    9.848    0.077 0.062    0.068   -125377    0 
596200:    1.00    9.653    0.088 0.061    0.076   -125357    0 
596300:    1.00    9.774    0.092 0.061    0.074   -125347    0 
596400:    1.00    9.597    0.080 0.066    0.073   -125312    0 
596500:    1.00    9.678    0.065 0.075    0.075   -125368    0 
596600:    1.00    9.543    0.090 0.053    0.059   -125382    0 
596700:    1.00    9.654    0.088 0.060    0.064   -125341    0 
596800:    1.00    9.733    0.092 0.052    0.056   -125387    0 
596900:    1.00    9.231    0.077 0.054    0.056   -125425    0 

--------------------------------------------
Proportion of membership of each pre-defined
 population in each of the 2 clusters

Given    Inferred Clusters       Number of
 Pop       1      2             Individuals

  1:     0.492  0.508             358
  2:     0.503  0.497             1039
  3:     0.495  0.505             603
--------------------------------------------

  Rep#:   Lambda   Alpha      F1    F2     D1,2    Ln Like  Est Ln P(D)
597000:    1.00    8.859    0.068 0.045    0.054   -125417    0 
597100:    1.00    8.597    0.088 0.056    0.053   -125339    0 
597200:    1.00    8.568    0.084 0.056    0.065   -125339    0 
597300:    1.00    8.576    0.097 0.057    0.065   -125368    0 
597400:    1.00    8.752    0.070 0.052    0.059   -125439    0 
597500:    1.00    8.785    0.075 0.059    0.057   -125402    0 
597600:    1.00    9.114    0.089 0.039    0.053   -125421    0 
597700:    1.00    9.521    0.100 0.041    0.045   -125398    0 
597800:    1.00    9.925    0.079 0.040    0.061   -125346    0 
597900:    1.00    9.874    0.103 0.027    0.060   -125399    0 

--------------------------------------------
Proportion of membership of each pre-defined
 population in each of the 2 clusters

Given    Inferred Clusters       Number of
 Pop       1      2             Individuals

  1:     0.506  0.494             358
  2:     0.501  0.499             1039
  3:     0.504  0.496             603
--------------------------------------------

  Rep#:   Lambda   Alpha      F1    F2     D1,2    Ln Like  Est Ln P(D)
598000:    1.00    9.293    0.087 0.031    0.063   -125388    0 
598100:    1.00    9.338    0.098 0.033    0.065   -125345    0 
598200:    1.00    9.384    0.093 0.047    0.053   -125385    0 
598300:    1.00    9.146    0.073 0.044    0.044   -125457    0 
598400:    1.00    8.783    0.085 0.036    0.046   -125407    0 
598500:    1.00    8.572    0.082 0.042    0.047   -125403    0 
598600:    1.00    8.557    0.091 0.059    0.057   -125328    0 
598700:    1.00    8.964    0.097 0.051    0.061   -125341    0 
598800:    1.00    8.701    0.107 0.044    0.066   -125384    0 
598900:    1.00    8.821    0.104 0.035    0.061   -125338    0 

--------------------------------------------
Proportion of membership of each pre-defined
 population in each of the 2 clusters

Given    Inferred Clusters       Number of
 Pop       1      2             Individuals

  1:     0.499  0.501             358
  2:     0.495  0.505             1039
  3:     0.497  0.503             603
--------------------------------------------

  Rep#:   Lambda   Alpha      F1    F2     D1,2    Ln Like  Est Ln P(D)
599000:    1.00    9.041    0.086 0.044    0.050   -125377    0 
599100:    1.00    9.105    0.108 0.039    0.047   -125371    0 
599200:    1.00    9.484    0.095 0.047    0.061   -125349    0 
599300:    1.00    9.923    0.097 0.040    0.062   -125332    0 
599400:    1.00    9.941    0.103 0.033    0.055   -125388    0 
599500:    1.00    9.858    0.106 0.033    0.054   -125409    0 
599600:    1.00    9.822    0.094 0.037    0.048   -125429    0 
599700:    1.00    9.518    0.113 0.034    0.052   -125384    0 
599800:    1.00    9.864    0.094 0.032    0.056   -125468    0 
599900:    1.00    9.983    0.124 0.039    0.059   -125396    0 
600000:    1.00    9.634    0.101 0.037    0.047   -125345    0 

MCMC completed

Inferred ancestry of individuals:
        Label (%Miss) Pop:  Inferred clusters
  1 CP00019943    (0)    2 :  0.513 0.487 
  2 CP00019945    (0)    2 :  0.470 0.530 
  3 CP00019948    (0)    2 :  0.502 0.498 
  4 CP00019939    (0)    2 :  0.490 0.510 
  5 CP00019944    (0)    2 :  0.486 0.514 
  6 CP00019712    (0)    2 :  0.490 0.510 
  7 CP00019695    (0)    2 :  0.493 0.507 
  8 CP00019928    (0)    2 :  0.519 0.481 
  9 CP00019983    (0)    2 :  0.478 0.522 
 10 CP00019707    (0)    2 :  0.491 0.509 
 11 CP00020015    (0)    2 :  0.510 0.490 
 12 CP00019692    (0)    2 :  0.508 0.492 
 13 CP00019715    (0)    2 :  0.500 0.500 
 14 CP00019713    (0)    2 :  0.509 0.491 
 15 CP00019708    (0)    2 :  0.490 0.510 
 16 CP00019699    (0)    2 :  0.481 0.519 
 17 CP00019681    (0)    2 :  0.498 0.502 
 18 CP00019680    (0)    2 :  0.487 0.513 
 19 CP00019679    (0)    2 :  0.485 0.515 
 20 CP00019927    (0)    2 :  0.500 0.500 
 21 CP00019690    (0)    2 :  0.493 0.507 
 22 CP00019687    (0)    2 :  0.507 0.493 
 23 CP00019701    (0)    2 :  0.501 0.499 
 24 CP00019709    (0)    2 :  0.500 0.500 
 25 CP00019717    (0)    2 :  0.506 0.494 
 26 CP00019718    (0)    2 :  0.517 0.483 
 27 CP00020007    (0)    2 :  0.509 0.491 
 28 CP00019934    (0)    2 :  0.509 0.491 
 29 CP00019979    (0)    2 :  0.523 0.477 
 30 CP00019935    (0)    2 :  0.525 0.475 
 31 CP00020005    (0)    2 :  0.513 0.487 
 32 CP00019988    (0)    2 :  0.500 0.500 
 33 CP00019685    (0)    2 :  0.526 0.474 
 34 CP00019706    (0)    2 :  0.471 0.529 
 35 CP00019703    (0)    2 :  0.494 0.506 
 36 CP00019704    (0)    2 :  0.498 0.502 
 37 CP00019705    (0)    2 :  0.499 0.501 
 38 CP00019710    (0)    2 :  0.511 0.489 
 39 CP00019940    (0)    2 :  0.499 0.501 
 40 CP00019985    (0)    2 :  0.492 0.508 
 41 CP00020006    (0)    2 :  0.481 0.519 
 42 CP00019981    (0)    2 :  0.481 0.519 
 43 CP00020003    (0)    2 :  0.503 0.497 
 44 CP00020004    (0)    2 :  0.508 0.492 
 45 CP00019946    (0)    2 :  0.495 0.505 
 46 CP00019941    (0)    2 :  0.522 0.478 
 47 CP00020002    (0)    2 :  0.511 0.489 
 48 CP00020323    (0)    2 :  0.466 0.534 
 49 CP00020008    (0)    2 :  0.502 0.498 
 50 CP00019716    (0)    2 :  0.520 0.480 
 51 CP00019982    (0)    2 :  0.494 0.506 
 52 CP00019942    (0)    2 :  0.499 0.501 
 53 CP00020018    (0)    2 :  0.516 0.484 
 54 CP00019933    (0)    2 :  0.518 0.482 
 55 CP00020019    (0)    2 :  0.518 0.482 
 56 CP00019688    (0)    2 :  0.523 0.477 
 57 CP00019926    (0)    2 :  0.497 0.503 
 58 CP00020001    (0)    2 :  0.510 0.490 
 59 CP00019698    (0)    2 :  0.501 0.499 
 60 CP00019672    (0)    2 :  0.490 0.510 
 61 CP00019673    (0)    2 :  0.487 0.513 
 62 CP00019691    (0)    2 :  0.498 0.502 
 63 CP00019947    (0)    2 :  0.507 0.493 
 64 CP00019676    (0)    2 :  0.483 0.517 
 65 CP00020000    (0)    2 :  0.489 0.511 
 66 CP00019674    (0)    2 :  0.506 0.494 
 67 CP00019989    (0)    2 :  0.488 0.512 
 68 CP00020017    (0)    2 :  0.475 0.525 
 69 CP00019686    (0)    2 :  0.493 0.507 
 70 CP00019980    (0)    2 :  0.510 0.490 
 71 CP00020016    (0)    2 :  0.499 0.501 
 72 CP00019978    (0)    2 :  0.516 0.484 
 73 CP00019720    (0)    2 :  0.508 0.492 
 74 CP00019693    (0)    2 :  0.498 0.502 
 75 CP00019998    (0)    2 :  0.487 0.513 
 76 CP00019694    (0)    2 :  0.499 0.501 
 77 CP00019675    (0)    2 :  0.502 0.498 
 78 CP00019671    (0)    2 :  0.494 0.506 
 79 CP00019714    (0)    2 :  0.532 0.468 
 80 CP00019937    (0)    2 :  0.502 0.498 
 81 CP00020324    (0)    2 :  0.525 0.475 
 82 CP00020020    (0)    2 :  0.475 0.525 
 83 CP00019696    (0)    2 :  0.488 0.512 
 84 CP00019689    (0)    2 :  0.513 0.487 
 85 CP00019702    (0)    2 :  0.490 0.510 
 86 CP00019993    (0)    2 :  0.488 0.512 
 87 CP00019999    (0)    2 :  0.481 0.519 
 88 CP00019700    (0)    2 :  0.503 0.497 
 89 CP00019936    (0)    2 :  0.511 0.489 
 90 CP00019984    (0)    2 :  0.476 0.524 
 91 CP00019684    (0)    2 :  0.513 0.487 
 92 CP00019719    (0)    2 :  0.524 0.476 
 93 CP00020103    (0)    2 :  0.501 0.499 
 94 CP00020105    (0)    2 :  0.513 0.487 
 95 CP00020072    (0)    2 :  0.519 0.481 
 96 CP00020086    (0)    2 :  0.480 0.520 
 97 CP00020107    (0)    2 :  0.503 0.497 
 98 CP00020106    (0)    2 :  0.487 0.513 
 99 CP00020089    (0)    2 :  0.523 0.477 
100 CP00020094    (0)    2 :  0.500 0.500 
101 CP00020037    (0)    2 :  0.509 0.491 
102 CP00020069    (0)    2 :  0.494 0.506 
103 CP00020112    (0)    2 :  0.457 0.543 
104 CP00020083    (0)    2 :  0.490 0.510 
105 CP00020099    (0)    2 :  0.506 0.494 
106 CP00020092    (0)    2 :  0.496 0.504 
107 CP00020097    (0)    2 :  0.512 0.488 
108 CP00020098    (0)    2 :  0.501 0.499 
109 CP00020102    (0)    2 :  0.532 0.468 
110 CP00020117    (0)    2 :  0.528 0.472 
111 CP00020085    (0)    2 :  0.497 0.503 
112 CP00020078    (0)    2 :  0.494 0.506 
113 CP00020111    (0)    2 :  0.507 0.493 
114 CP00020053    (0)    2 :  0.502 0.498 
115 CP00020021    (0)    2 :  0.492 0.508 
116 CP00020041    (0)    2 :  0.523 0.477 
117 CP00020047    (0)    2 :  0.496 0.504 
118 CP00020064    (0)    2 :  0.494 0.506 
119 CP00020065    (0)    2 :  0.510 0.490 
120 CP00020046    (0)    2 :  0.490 0.510 
121 CP00020025    (0)    2 :  0.494 0.506 
122 CP00020022    (0)    2 :  0.498 0.502 
123 CP00020028    (0)    2 :  0.512 0.488 
124 CP00020062    (0)    2 :  0.520 0.480 
125 CP00020023    (0)    2 :  0.490 0.510 
126 CP00020059    (0)    2 :  0.519 0.481 
127 CP00020060    (0)    2 :  0.522 0.478 
128 CP00020057    (0)    2 :  0.488 0.512 
129 CP00020119    (0)    2 :  0.528 0.472 
130 CP00020073    (0)    2 :  0.488 0.512 
131 CP00020055    (0)    2 :  0.516 0.484 
132 CP00020071    (0)    2 :  0.465 0.535 
133 CP00020087    (0)    2 :  0.493 0.507 
134 CP00020116    (0)    2 :  0.496 0.504 
135 CP00020052    (0)    2 :  0.476 0.524 
136 CP00020067    (0)    2 :  0.508 0.492 
137 CP00020070    (0)    2 :  0.498 0.502 
138 CP00020036    (0)    2 :  0.485 0.515 
139 CP00020029    (0)    2 :  0.482 0.518 
140 CP00020031    (0)    2 :  0.488 0.512 
141 CP00020108    (0)    2 :  0.490 0.510 
142 CP00020109    (0)    2 :  0.515 0.485 
143 CP00020101    (0)    2 :  0.512 0.488 
144 CP00020076    (0)    2 :  0.507 0.493 
145 CP00020104    (0)    2 :  0.509 0.491 
146 CP00020077    (0)    2 :  0.496 0.504 
147 CP00020088    (0)    2 :  0.515 0.485 
148 CP00020100    (0)    2 :  0.511 0.489 
149 CP00020096    (0)    2 :  0.531 0.469 
150 CP00020095    (0)    2 :  0.497 0.503 
151 CP00020090    (0)    2 :  0.475 0.525 
152 CP00020061    (0)    2 :  0.497 0.503 
153 CP00020093    (0)    2 :  0.466 0.534 
154 CP00020058    (0)    2 :  0.478 0.522 
155 CP00020056    (0)    2 :  0.497 0.503 
156 CP00020054    (0)    2 :  0.513 0.487 
157 CP00020034    (0)    2 :  0.486 0.514 
158 CP00020030    (0)    2 :  0.485 0.515 
159 CP00020066    (0)    2 :  0.510 0.490 
160 CP00020068    (0)    2 :  0.500 0.500 
161 CP00020032    (0)    2 :  0.504 0.496 
162 CP00020039    (0)    2 :  0.527 0.473 
163 CP00020038    (0)    2 :  0.515 0.485 
164 CP00020026    (0)    2 :  0.512 0.488 
165 CP00020048    (0)    2 :  0.494 0.506 
166 CP00020079    (0)    2 :  0.506 0.494 
167 CP00020120    (0)    2 :  0.483 0.517 
168 CP00020074    (0)    2 :  0.478 0.522 
169 CP00020115    (0)    2 :  0.524 0.476 
170 CP00020080    (0)    2 :  0.506 0.494 
171 CP00020091    (0)    2 :  0.485 0.515 
172 CP00020081    (0)    2 :  0.514 0.486 
173 CP00020082    (0)    2 :  0.476 0.524 
174 CP00019591    (0)    2 :  0.507 0.493 
175 CP00019572    (0)    2 :  0.514 0.486 
176 CP00020202    (0)    2 :  0.484 0.516 
177 CP00019610    (0)    2 :  0.491 0.509 
178 CP00019595    (0)    2 :  0.529 0.471 
179 CP00019607    (0)    2 :  0.502 0.498 
180 CP00020203    (0)    2 :  0.487 0.513 
181 CP00020187    (0)    2 :  0.492 0.508 
182 CP00020185    (0)    2 :  0.502 0.498 
183 CP00020206    (0)    2 :  0.512 0.488 
184 CP00020190    (0)    2 :  0.496 0.504 
185 CP00020209    (0)    2 :  0.523 0.477 
186 CP00020200    (0)    2 :  0.503 0.497 
187 CP00020213    (0)    2 :  0.488 0.512 
188 CP00020218    (0)    2 :  0.507 0.493 
189 CP00020186    (0)    2 :  0.507 0.493 
190 CP00019575    (0)    2 :  0.502 0.498 
191 CP00020215    (0)    2 :  0.504 0.496 
192 CP00020219    (0)    2 :  0.479 0.521 
193 CP00020180    (0)    2 :  0.505 0.495 
194 CP00019612    (0)    2 :  0.482 0.518 
195 CP00020220    (0)    2 :  0.502 0.498 
196 CP00020217    (0)    2 :  0.522 0.478 
197 CP00020216    (0)    2 :  0.511 0.489 
198 CP00020211    (0)    2 :  0.495 0.505 
199 CP00020212    (0)    2 :  0.492 0.508 
200 CP00020205    (0)    2 :  0.526 0.474 
201 CP00019614    (0)    2 :  0.521 0.479 
202 CP00020177    (0)    2 :  0.532 0.468 
203 CP00019587    (0)    2 :  0.510 0.490 
204 CP00019602    (0)    2 :  0.479 0.521 
205 CP00019605    (0)    2 :  0.504 0.496 
206 CP00019590    (0)    2 :  0.522 0.478 
207 CP00019592    (0)    2 :  0.490 0.510 
208 CP00019603    (0)    2 :  0.513 0.487 
209 CP00019597    (0)    2 :  0.462 0.538 
210 CP00019582    (0)    2 :  0.490 0.510 
211 CP00019578    (0)    2 :  0.494 0.506 
212 CP00020176    (0)    2 :  0.503 0.497 
213 CP00020173    (0)    2 :  0.492 0.508 
214 CP00019580    (0)    2 :  0.502 0.498 
215 CP00019571    (0)    2 :  0.515 0.485 
216 CP00020192    (0)    2 :  0.489 0.511 
217 CP00020208    (0)    2 :  0.500 0.500 
218 CP00020188    (0)    2 :  0.503 0.497 
219 CP00020171    (0)    2 :  0.487 0.513 
220 CP00020195    (0)    2 :  0.501 0.499 
221 CP00020196    (0)    2 :  0.490 0.510 
222 CP00020261    (0)    2 :  0.496 0.504 
223 CP00020181    (0)    2 :  0.508 0.492 
224 CP00020183    (0)    2 :  0.484 0.516 
225 CP00020199    (0)    2 :  0.505 0.495 
226 CP00020182    (0)    2 :  0.490 0.510 
227 CP00019609    (0)    2 :  0.505 0.495 
228 CP00019588    (0)    2 :  0.518 0.482 
229 CP00019598    (0)    2 :  0.511 0.489 
230 CP00019604    (0)    2 :  0.503 0.497 
231 CP00019615    (0)    2 :  0.492 0.508 
232 CP00020214    (0)    2 :  0.505 0.495 
233 CP00020184    (0)    2 :  0.502 0.498 
234 CP00020172    (0)    2 :  0.518 0.482 
235 CP00020179    (0)    2 :  0.509 0.491 
236 CP00019586    (0)    2 :  0.485 0.515 
237 CP00019583    (0)    2 :  0.506 0.494 
238 CP00019599    (0)    2 :  0.496 0.504 
239 CP00019596    (0)    2 :  0.481 0.519 
240 CP00019589    (0)    2 :  0.490 0.510 
241 CP00019606    (0)    2 :  0.527 0.473 
242 CP00020178    (0)    2 :  0.525 0.475 
243 CP00020175    (0)    2 :  0.500 0.500 
244 CP00020174    (0)    2 :  0.507 0.493 
245 CP00019584    (0)    2 :  0.514 0.486 
246 CP00019574    (0)    2 :  0.513 0.487 
247 CP00020204    (0)    2 :  0.476 0.524 
248 CP00019611    (0)    2 :  0.509 0.491 
249 CP00020201    (0)    2 :  0.496 0.504 
250 CP00020210    (0)    2 :  0.486 0.514 
251 CP00020207    (0)    2 :  0.494 0.506 
252 CP00020194    (0)    2 :  0.494 0.506 
253 CP00020191    (0)    2 :  0.509 0.491 
254 CP00020193    (0)    2 :  0.503 0.497 
255 CP00019619    (0)    2 :  0.504 0.496 
256 CP00020398    (0)    2 :  0.491 0.509 
257 CP00020377    (0)    2 :  0.469 0.531 
258 CP00020412    (0)    2 :  0.493 0.507 
259 CP00020400    (0)    2 :  0.513 0.487 
260 CP00020399    (0)    2 :  0.516 0.484 
261 CP00020379    (0)    2 :  0.500 0.500 
262 CP00020393    (0)    2 :  0.486 0.514 
263 CP00020411    (0)    2 :  0.516 0.484 
264 CP00020374    (0)    2 :  0.520 0.480 
265 CP00019876    (0)    2 :  0.510 0.490 
266 CP00019892    (0)    2 :  0.498 0.502 
267 CP00019919    (0)    2 :  0.506 0.494 
268 CP00020418    (0)    2 :  0.502 0.498 
269 CP00019893    (0)    2 :  0.504 0.496 
270 CP00019889    (0)    2 :  0.497 0.503 
271 CP00019904    (0)    2 :  0.488 0.512 
272 CP00019909    (0)    2 :  0.498 0.502 
273 CP00020392    (0)    2 :  0.507 0.493 
274 CP00020387    (0)    2 :  0.496 0.504 
275 CP00019872    (0)    2 :  0.530 0.470 
276 CP00020395    (0)    2 :  0.486 0.514 
277 CP00020378    (0)    2 :  0.487 0.513 
278 CP00020417    (0)    2 :  0.511 0.489 
279 CP00019887    (0)    2 :  0.487 0.513 
280 CP00019884    (0)    2 :  0.495 0.505 
281 CP00019907    (0)    2 :  0.485 0.515 
282 CP00019874    (0)    2 :  0.516 0.484 
283 CP00019881    (0)    2 :  0.502 0.498 
284 CP00019871    (0)    2 :  0.530 0.470 
285 CP00019878    (0)    2 :  0.502 0.498 
286 CP00019901    (0)    2 :  0.496 0.504 
287 CP00019879    (0)    2 :  0.471 0.529 
288 CP00019902    (0)    2 :  0.482 0.518 
289 CP00019913    (0)    2 :  0.506 0.494 
290 CP00019875    (0)    2 :  0.491 0.509 
291 CP00019912    (0)    2 :  0.511 0.489 
292 CP00019898    (0)    2 :  0.505 0.495 
293 CP00019910    (0)    2 :  0.492 0.508 
294 CP00020416    (0)    2 :  0.501 0.499 
295 CP00020396    (0)    2 :  0.474 0.526 
296 CP00019900    (0)    2 :  0.498 0.502 
297 CP00019899    (0)    2 :  0.490 0.510 
298 CP00019883    (0)    2 :  0.495 0.505 
299 CP00020409    (0)    2 :  0.526 0.474 
300 CP00020415    (0)    2 :  0.514 0.486 
301 CP00020419    (0)    2 :  0.484 0.516 
302 CP00019905    (0)    2 :  0.514 0.486 
303 CP00020385    (0)    2 :  0.501 0.499 
304 CP00019920    (0)    2 :  0.515 0.485 
305 CP00019890    (0)    2 :  0.514 0.486 
306 CP00019896    (0)    2 :  0.512 0.488 
307 CP00020382    (0)    2 :  0.499 0.501 
308 CP00020381    (0)    2 :  0.507 0.493 
309 CP00020384    (0)    2 :  0.486 0.514 
310 CP00020410    (0)    2 :  0.498 0.502 
311 CP00019915    (0)    2 :  0.479 0.521 
312 CP00019885    (0)    2 :  0.494 0.506 
313 CP00020371    (0)    2 :  0.520 0.480 
314 CP00020372    (0)    2 :  0.488 0.512 
315 CP00020402    (0)    2 :  0.494 0.506 
316 CP00020414    (0)    2 :  0.487 0.513 
317 CP00020386    (0)    2 :  0.485 0.515 
318 CP00020389    (0)    2 :  0.530 0.470 
319 CP00020388    (0)    2 :  0.473 0.527 
320 CP00020413    (3)    2 :  0.479 0.521 
321 CP00020376    (0)    2 :  0.502 0.498 
322 CP00020407    (0)    2 :  0.493 0.507 
323 CP00020406    (0)    2 :  0.487 0.513 
324 CP00019873    (0)    2 :  0.540 0.460 
325 CP00019888    (0)    2 :  0.505 0.495 
326 CP00019877    (0)    2 :  0.492 0.508 
327 CP00019894    (0)    2 :  0.504 0.496 
328 CP00020375    (0)    2 :  0.489 0.511 
329 CP00020404    (0)    2 :  0.519 0.481 
330 CP00020391    (0)    2 :  0.471 0.529 
331 CP00020380    (0)    2 :  0.510 0.490 
332 CP00020408    (0)    2 :  0.495 0.505 
333 CP00020397    (0)    2 :  0.498 0.502 
334 CP00019891    (0)    2 :  0.510 0.490 
335 CP00019917    (0)    2 :  0.510 0.490 
336 CP00019906    (0)    2 :  0.507 0.493 
337 CP00019916    (0)    2 :  0.506 0.494 
338 CP00019908    (0)    2 :  0.502 0.498 
339 CP00020373    (0)    2 :  0.493 0.507 
340 CP00020383    (0)    2 :  0.526 0.474 
341 CP00019882    (0)    2 :  0.490 0.510 
342 CP00019903    (0)    2 :  0.504 0.496 
343 CP00020401    (0)    2 :  0.507 0.493 
344 CP00020403    (0)    2 :  0.526 0.474 
345 CP00019886    (0)    2 :  0.505 0.495 
346 CP00020405    (0)    2 :  0.506 0.494 
347 CP00020390    (0)    2 :  0.497 0.503 
348 CP00019911    (0)    2 :  0.494 0.506 
349 CP00019897    (0)    2 :  0.504 0.496 
350 CP00020420    (0)    2 :  0.520 0.480 
351 CP00019895    (0)    2 :  0.498 0.502 
352 CP00019918    (0)    2 :  0.522 0.478 
353 CP00019808    (0)    2 :  0.504 0.496 
354 CP00019779    (0)    2 :  0.524 0.476 
355 CP00019789    (0)    2 :  0.514 0.486 
356 CP00019791    (0)    2 :  0.527 0.473 
357 CP00019799    (0)    2 :  0.498 0.502 
358 CP00019790    (0)    2 :  0.498 0.502 
359 CP00019834    (0)    2 :  0.527 0.473 
360 CP00019801    (0)    2 :  0.498 0.502 
361 CP00019782    (0)    2 :  0.495 0.505 
362 CP00019867    (0)    2 :  0.491 0.509 
363 CP00019845    (0)    2 :  0.515 0.485 
364 CP00019792    (0)    2 :  0.493 0.507 
365 CP00019860    (0)    2 :  0.495 0.505 
366 CP00019858    (0)    2 :  0.502 0.498 
367 CP00019856    (0)    2 :  0.492 0.508 
368 CP00019857    (0)    2 :  0.509 0.491 
369 CP00019828    (0)    2 :  0.495 0.505 
370 CP00019821    (0)    2 :  0.498 0.502 
371 CP00019863    (0)    2 :  0.495 0.505 
372 CP00019846    (0)    2 :  0.498 0.502 
373 CP00019825    (0)    2 :  0.499 0.501 
374 CP00019824    (0)    2 :  0.519 0.481 
375 CP00019838    (0)    2 :  0.505 0.495 
376 CP00019868    (0)    2 :  0.542 0.458 
377 CP00019835    (0)    2 :  0.515 0.485 
378 CP00019836    (0)    2 :  0.504 0.496 
379 CP00019870    (0)    2 :  0.501 0.499 
380 CP00019833    (0)    2 :  0.508 0.492 
381 CP00019826    (0)    2 :  0.483 0.517 
382 CP00019837    (0)    2 :  0.510 0.490 
383 CP00019830    (0)    2 :  0.490 0.510 
384 CP00019822    (0)    2 :  0.478 0.522 
385 CP00019866    (0)    2 :  0.515 0.485 
386 CP00019829    (0)    2 :  0.491 0.509 
387 CP00019841    (0)    2 :  0.501 0.499 
388 CP00019831    (0)    2 :  0.521 0.479 
389 CP00019774    (0)    2 :  0.473 0.527 
390 CP00019847    (0)    2 :  0.519 0.481 
391 CP00019851    (0)    2 :  0.484 0.516 
392 CP00019844    (0)    2 :  0.487 0.513 
393 CP00019823    (0)    2 :  0.514 0.486 
394 CP00019842    (0)    2 :  0.498 0.502 
395 CP00019859    (0)    2 :  0.511 0.489 
396 CP00019827    (0)    2 :  0.486 0.514 
397 CP00019862    (0)    2 :  0.509 0.491 
398 CP00019864    (0)    2 :  0.489 0.511 
399 CP00019861    (0)    2 :  0.501 0.499 
400 CP00019865    (0)    2 :  0.490 0.510 
401 CP00019819    (0)    2 :  0.502 0.498 
402 CP00019778    (0)    2 :  0.499 0.501 
403 CP00019796    (0)    2 :  0.506 0.494 
404 CP00019803    (0)    2 :  0.509 0.491 
405 CP00019804    (0)    2 :  0.518 0.482 
406 CP00019775    (0)    2 :  0.488 0.512 
407 CP00019780    (0)    2 :  0.494 0.506 
408 CP00019820    (0)    2 :  0.512 0.488 
409 CP00019787    (0)    2 :  0.533 0.467 
410 CP00019771    (0)    2 :  0.518 0.482 
411 CP00019793    (0)    2 :  0.523 0.477 
412 CP00019788    (0)    2 :  0.474 0.526 
413 CP00019781    (0)    2 :  0.487 0.513 
414 CP00019797    (0)    2 :  0.510 0.490 
415 CP00019807    (0)    2 :  0.518 0.482 
416 CP00019800    (0)    2 :  0.497 0.503 
417 CP00019813    (0)    2 :  0.534 0.466 
418 CP00019814    (0)    2 :  0.509 0.491 
419 CP00019772    (0)    2 :  0.473 0.527 
420 CP00019794    (0)    2 :  0.508 0.492 
421 CP00019839    (0)    2 :  0.492 0.508 
422 CP00019854    (0)    2 :  0.513 0.487 
423 CP00019852    (0)    2 :  0.524 0.476 
424 CP00019855    (0)    2 :  0.505 0.495 
425 CP00019805    (0)    2 :  0.502 0.498 
426 CP00019843    (0)    2 :  0.520 0.480 
427 CP00019811    (0)    2 :  0.510 0.490 
428 CP00019817    (0)    2 :  0.479 0.521 
429 CP00019832    (0)    2 :  0.511 0.489 
430 CP00019773    (0)    2 :  0.506 0.494 
431 CP00019850    (0)    2 :  0.483 0.517 
432 CP00019853    (0)    2 :  0.510 0.490 
433 CP00019785    (0)    2 :  0.479 0.521 
434 CP00019815    (0)    2 :  0.486 0.514 
435 CP00019809    (0)    2 :  0.489 0.511 
436 CP00019840    (0)    2 :  0.511 0.489 
437 CP00019776    (0)    2 :  0.502 0.498 
438 CP00019816    (0)    2 :  0.500 0.500 
439 CP00019810    (0)    2 :  0.477 0.523 
440 CP00019848    (0)    2 :  0.480 0.520 
441 CP00019806    (0)    2 :  0.473 0.527 
442 CP00019812    (0)    2 :  0.535 0.465 
443 CP00019818    (0)    2 :  0.498 0.502 
444 CP00019849    (0)    2 :  0.483 0.517 
445 CP00019786    (0)    2 :  0.477 0.523 
446 CP00019783    (0)    2 :  0.488 0.512 
447 CP00019802    (0)    2 :  0.495 0.505 
448 CP00020014    (0)    2 :  0.512 0.488 
449 CP00021063    (0)    2 :  0.497 0.503 
450 CP00021052    (3)    2 :  0.482 0.518 
451 CP00019924    (0)    2 :  0.520 0.480 
452 CP00020013    (0)    2 :  0.483 0.517 
453 CP00019953    (0)    2 :  0.486 0.514 
454 CP00021046    (0)    2 :  0.489 0.511 
455 CP00019969    (0)    2 :  0.514 0.486 
456 CP00021024    (0)    2 :  0.480 0.520 
457 CP00019990    (0)    2 :  0.511 0.489 
458 CP00019976    (0)    2 :  0.510 0.490 
459 CP00019975    (0)    2 :  0.496 0.504 
460 CP00019994    (0)    2 :  0.528 0.472 
461 CP00020266    (0)    2 :  0.480 0.520 
462 CP00019977    (0)    2 :  0.495 0.505 
463 CP00021043    (0)    2 :  0.503 0.497 
464 CP00021030    (0)    2 :  0.493 0.507 
465 CP00019959    (0)    2 :  0.504 0.496 
466 CP00019997    (0)    2 :  0.499 0.501 
467 CP00019929    (0)    2 :  0.540 0.460 
468 CP00021047    (0)    2 :  0.501 0.499 
469 CP00019677    (0)    2 :  0.491 0.509 
470 CP00020322    (0)    2 :  0.512 0.488 
471 CP00020265    (0)    2 :  0.520 0.480 
472 CP00021036    (0)    2 :  0.515 0.485 
473 CP00020328    (0)    2 :  0.507 0.493 
474 CP00020267    (0)    2 :  0.488 0.512 
475 CP00021045    (0)    2 :  0.466 0.534 
476 CP00021038    (0)    2 :  0.495 0.505 
477 CP00021027    (0)    2 :  0.504 0.496 
478 CP00020330    (0)    2 :  0.520 0.480 
479 CP00019957    (0)    2 :  0.502 0.498 
480 CP00019956    (0)    2 :  0.525 0.475 
481 CP00021025    (0)    2 :  0.517 0.483 
482 CP00021040    (0)    2 :  0.505 0.495 
483 CP00021044    (0)    2 :  0.498 0.502 
484 CP00021051    (0)    2 :  0.518 0.482 
485 CP00021058    (0)    2 :  0.499 0.501 
486 CP00019932    (0)    2 :  0.487 0.513 
487 CP00021060    (0)    2 :  0.527 0.473 
488 CP00021032    (0)    2 :  0.491 0.509 
489 CP00021048    (0)    2 :  0.545 0.455 
490 CP00021034    (0)    2 :  0.496 0.504 
491 CP00020262    (0)    2 :  0.514 0.486 
492 CP00021050    (0)    2 :  0.494 0.506 
493 CP00019950    (0)    2 :  0.497 0.503 
494 CP00019921    (0)    2 :  0.496 0.504 
495 CP00021023    (0)    2 :  0.506 0.494 
496 CP00019996    (0)    2 :  0.515 0.485 
497 CP00019949    (0)    2 :  0.494 0.506 
498 CP00019970    (0)    2 :  0.490 0.510 
499 CP00020329    (0)    2 :  0.472 0.528 
500 CP00019930    (0)    2 :  0.515 0.485 
501 CP00020009    (0)    2 :  0.481 0.519 
502 CP00021039    (0)    2 :  0.470 0.530 
503 CP00021061    (0)    2 :  0.487 0.513 
504 CP00021021    (0)    2 :  0.493 0.507 
505 CP00020327    (0)    2 :  0.506 0.494 
506 CP00021028    (0)    2 :  0.536 0.464 
507 CP00020263    (0)    2 :  0.487 0.513 
508 CP00019960    (0)    2 :  0.489 0.511 
509 CP00019922    (0)    2 :  0.506 0.494 
510 CP00019995    (0)    2 :  0.498 0.502 
511 CP00021062    (0)    2 :  0.500 0.500 
512 CP00021059    (0)    2 :  0.516 0.484 
513 CP00020011    (0)    2 :  0.510 0.490 
514 CP00019951    (0)    2 :  0.495 0.505 
515 CP00020268    (0)    2 :  0.504 0.496 
516 CP00019678    (0)    2 :  0.492 0.508 
517 CP00019952    (0)    2 :  0.511 0.489 
518 CP00021037    (0)    2 :  0.483 0.517 
519 CP00021042    (0)    2 :  0.517 0.483 
520 CP00021041    (0)    2 :  0.496 0.504 
521 CP00020010    (0)    2 :  0.489 0.511 
522 CP00021056    (0)    2 :  0.484 0.516 
523 CP00020012    (0)    2 :  0.501 0.499 
524 CP00021031    (0)    2 :  0.493 0.507 
525 CP00019958    (0)    2 :  0.497 0.503 
526 CP00019971    (0)    2 :  0.533 0.467 
527 CP00021026    (0)    2 :  0.498 0.502 
528 CP00020321    (0)    2 :  0.489 0.511 
529 CP00019972    (0)    2 :  0.480 0.520 
530 CP00021035    (0)    2 :  0.533 0.467 
531 CP00020264    (0)    2 :  0.508 0.492 
532 CP00021049    (0)    2 :  0.511 0.489 
533 CP00021033    (0)    2 :  0.500 0.500 
534 CP00019954    (0)    2 :  0.510 0.490 
535 CP00019931    (0)    2 :  0.530 0.470 
536 CP00021054    (0)    2 :  0.494 0.506 
537 CP00021029    (0)    2 :  0.494 0.506 
538 CP00021053    (0)    2 :  0.499 0.501 
539 CP00021022    (0)    2 :  0.502 0.498 
540 CP00021055    (0)    2 :  0.480 0.520 
541 CP00020718    (0)    2 :  0.495 0.505 
542 CP00020716    (0)    2 :  0.515 0.485 
543 CP00020696    (0)    2 :  0.486 0.514 
544 CP00020714    (0)    2 :  0.518 0.482 
545 CP00020682    (0)    2 :  0.498 0.502 
546 CP00020698    (0)    2 :  0.505 0.495 
547 CP00020697    (0)    2 :  0.482 0.518 
548 CP00020688    (0)    2 :  0.511 0.489 
549 CP00020687    (0)    2 :  0.489 0.511 
550 CP00020675    (0)    2 :  0.485 0.515 
551 CP00020717    (0)    2 :  0.507 0.493 
552 CP00020676    (0)    2 :  0.493 0.507 
553 CP00020704    (0)    2 :  0.515 0.485 
554 CP00020686    (0)    2 :  0.489 0.511 
555 CP00020699    (0)    2 :  0.488 0.512 
556 CP00020700    (0)    2 :  0.512 0.488 
557 CP00020689    (0)    2 :  0.479 0.521 
558 CP00020566    (0)    2 :  0.510 0.490 
559 CP00020360    (0)    2 :  0.491 0.509 
560 CP00020345    (0)    2 :  0.511 0.489 
561 CP00020357    (0)    2 :  0.475 0.525 
562 CP00020352    (0)    2 :  0.495 0.505 
563 CP00020353    (0)    2 :  0.493 0.507 
564 CP00020342    (0)    2 :  0.499 0.501 
565 CP00020367    (0)    2 :  0.493 0.507 
566 CP00020561    (0)    2 :  0.480 0.520 
567 CP00020343    (0)    2 :  0.492 0.508 
568 CP00020569    (0)    2 :  0.507 0.493 
569 CP00020554    (0)    2 :  0.496 0.504 
570 CP00020355    (0)    2 :  0.508 0.492 
571 CP00020356    (0)    2 :  0.529 0.471 
572 CP00020562    (0)    2 :  0.488 0.512 
573 CP00020563    (0)    2 :  0.493 0.507 
574 CP00020564    (0)    2 :  0.487 0.513 
575 CP00020341    (0)    2 :  0.476 0.524 
576 CP00020695    (0)    2 :  0.498 0.502 
577 CP00020363    (0)    2 :  0.490 0.510 
578 CP00020362    (0)    2 :  0.515 0.485 
579 CP00020359    (0)    2 :  0.509 0.491 
580 CP00020551    (0)    2 :  0.503 0.497 
581 CP00020365    (0)    2 :  0.508 0.492 
582 CP00020712    (0)    2 :  0.506 0.494 
583 CP00020556    (0)    2 :  0.543 0.457 
584 CP00020559    (0)    2 :  0.485 0.515 
585 CP00020350    (0)    2 :  0.522 0.478 
586 CP00020570    (0)    2 :  0.505 0.495 
587 CP00020552    (0)    2 :  0.512 0.488 
588 CP00020560    (0)    2 :  0.498 0.502 
589 CP00020567    (0)    2 :  0.503 0.497 
590 CP00020346    (0)    2 :  0.495 0.505 
591 CP00020347    (0)    2 :  0.471 0.529 
592 CP00020558    (0)    2 :  0.519 0.481 
593 CP00020557    (0)    2 :  0.477 0.523 
594 CP00020361    (0)    2 :  0.490 0.510 
595 CP00020368    (0)    2 :  0.514 0.486 
596 CP00020348    (0)    2 :  0.499 0.501 
597 CP00020370    (0)    2 :  0.502 0.498 
598 CP00020358    (0)    2 :  0.479 0.521 
599 CP00020349    (0)    2 :  0.486 0.514 
600 CP00020553    (0)    2 :  0.481 0.519 
601 CP00020344    (0)    2 :  0.519 0.481 
602 CP00020555    (0)    2 :  0.499 0.501 
603 CP00020354    (0)    2 :  0.489 0.511 
604 CP00020565    (0)    2 :  0.515 0.485 
605 CP00020690    (0)    2 :  0.476 0.524 
606 CP00020702    (0)    2 :  0.498 0.502 
607 CP00020711    (0)    2 :  0.514 0.486 
608 CP00020692    (0)    2 :  0.495 0.505 
609 CP00020685    (0)    2 :  0.500 0.500 
610 CP00020703    (0)    2 :  0.502 0.498 
611 CP00020681    (0)    2 :  0.513 0.487 
612 CP00020706    (0)    2 :  0.509 0.491 
613 CP00020710    (0)    2 :  0.514 0.486 
614 CP00020672    (0)    2 :  0.504 0.496 
615 CP00020677    (0)    2 :  0.506 0.494 
616 CP00020691    (0)    2 :  0.501 0.499 
617 CP00020680    (0)    2 :  0.500 0.500 
618 CP00020709    (0)    2 :  0.500 0.500 
619 CP00020679    (0)    2 :  0.510 0.490 
620 CP00020671    (0)    2 :  0.507 0.493 
621 CP00020719    (0)    2 :  0.498 0.502 
622 CP00020693    (0)    2 :  0.512 0.488 
623 CP00020708    (0)    2 :  0.496 0.504 
624 CP00020705    (0)    2 :  0.504 0.496 
625 CP00020720    (0)    2 :  0.477 0.523 
626 CP00020707    (0)    2 :  0.488 0.512 
627 CP00020674    (0)    2 :  0.508 0.492 
628 CP00020673    (0)    2 :  0.526 0.474 
629 CP00020701    (0)    2 :  0.498 0.502 
630 CP00020713    (0)    2 :  0.503 0.497 
631 CP00020715    (0)    2 :  0.492 0.508 
632 CP00017120    (0)    2 :  0.499 0.501 
633 CP00017077    (0)    2 :  0.520 0.480 
634 CP00017117    (0)    2 :  0.484 0.516 
635 CP00017100    (0)    2 :  0.499 0.501 
636 CP00017118    (0)    2 :  0.487 0.513 
637 CP00017083    (0)    2 :  0.474 0.526 
638 CP00017085    (0)    2 :  0.521 0.479 
639 CP00017097    (0)    2 :  0.497 0.503 
640 CP00017092    (0)    2 :  0.501 0.499 
641 CP00017038    (0)    2 :  0.503 0.497 
642 CP00017067    (0)    2 :  0.472 0.528 
643 CP00017017    (0)    3 :  0.498 0.502 
644 CP00017012    (0)    3 :  0.477 0.523 
645 CP00017036    (0)    2 :  0.486 0.514 
646 CP00017040    (0)    2 :  0.503 0.497 
647 CP00017046    (0)    2 :  0.489 0.511 
648 CP00017059    (0)    2 :  0.510 0.490 
649 CP00017043    (0)    2 :  0.511 0.489 
650 CP00017080    (0)    2 :  0.516 0.484 
651 CP00017079    (0)    2 :  0.488 0.512 
652 CP00017056    (0)    2 :  0.509 0.491 
653 CP00017057    (0)    2 :  0.491 0.509 
654 CP00017058    (0)    2 :  0.499 0.501 
655 CP00017087    (0)    2 :  0.480 0.520 
656 CP00017072    (0)    2 :  0.506 0.494 
657 CP00017075    (0)    2 :  0.505 0.495 
658 CP00017078    (0)    2 :  0.524 0.476 
659 CP00017053    (0)    2 :  0.515 0.485 
660 CP00017052    (0)    2 :  0.529 0.471 
661 CP00017119    (0)    2 :  0.483 0.517 
662 CP00017099    (0)    2 :  0.485 0.515 
663 CP00017095    (0)    2 :  0.509 0.491 
664 CP00017115    (0)    2 :  0.498 0.502 
665 CP00017091    (0)    2 :  0.502 0.498 
666 CP00017098    (0)    2 :  0.484 0.516 
667 CP00017116    (0)    2 :  0.478 0.522 
668 CP00017114    (0)    2 :  0.491 0.509 
669 CP00017061    (0)    2 :  0.494 0.506 
670 CP00017064    (0)    2 :  0.514 0.486 
671 CP00017021    (0)    2 :  0.481 0.519 
672 CP00017042    (0)    2 :  0.494 0.506 
673 CP00017018    (0)    3 :  0.500 0.500 
674 CP00017011    (0)    3 :  0.518 0.482 
675 CP00017049    (0)    2 :  0.496 0.504 
676 CP00017023    (0)    3 :  0.520 0.480 
677 CP00017014    (0)    3 :  0.488 0.512 
678 CP00017070    (0)    2 :  0.484 0.516 
679 CP00017109    (0)    2 :  0.496 0.504 
680 CP00017068    (0)    2 :  0.493 0.507 
681 CP00017025    (0)    3 :  0.487 0.513 
682 CP00017015    (0)    3 :  0.503 0.497 
683 CP00017020    (0)    3 :  0.480 0.520 
684 CP00017110    (0)    2 :  0.486 0.514 
685 CP00017016    (0)    3 :  0.533 0.467 
686 CP00017027    (0)    3 :  0.479 0.521 
687 CP00017048    (0)    2 :  0.484 0.516 
688 CP00017094    (0)    2 :  0.527 0.473 
689 CP00017022    (0)    3 :  0.498 0.502 
690 CP00017055    (0)    2 :  0.480 0.520 
691 CP00017054    (0)    2 :  0.497 0.503 
692 CP00017024    (0)    3 :  0.471 0.529 
693 CP00017030    (0)    3 :  0.513 0.487 
694 CP00017096    (0)    2 :  0.523 0.477 
695 CP00017065    (0)    2 :  0.471 0.529 
696 CP00017050    (0)    2 :  0.485 0.515 
697 CP00017063    (0)    2 :  0.493 0.507 
698 CP00017051    (0)    2 :  0.513 0.487 
699 CP00017013    (0)    3 :  0.479 0.521 
700 CP00017076    (0)    2 :  0.498 0.502 
701 CP00017073    (0)    2 :  0.497 0.503 
702 CP00017033    (0)    2 :  0.497 0.503 
703 CP00017028    (0)    3 :  0.513 0.487 
704 CP00017031    (0)    2 :  0.486 0.514 
705 CP00017026    (0)    3 :  0.509 0.491 
706 CP00017035    (0)    2 :  0.487 0.513 
707 CP00017029    (0)    3 :  0.506 0.494 
708 CP00017111    (0)    2 :  0.503 0.497 
709 CP00017044    (0)    2 :  0.504 0.496 
710 CP00017113    (0)    2 :  0.493 0.507 
711 CP00017041    (0)    2 :  0.504 0.496 
712 CP00017069    (0)    2 :  0.482 0.518 
713 CP00017019    (0)    3 :  0.470 0.530 
714 CP00017034    (0)    2 :  0.495 0.505 
715 CP00017002    (0)    3 :  0.513 0.487 
716 CP00017047    (0)    2 :  0.502 0.498 
717 CP00017060    (0)    2 :  0.491 0.509 
718 CP00017037    (0)    2 :  0.501 0.499 
719 CP00017112    (0)    2 :  0.494 0.506 
720 CP00017090    (0)    2 :  0.492 0.508 
721 CP00049957    (0)    2 :  0.487 0.513 
722 CP00049253    (0)    2 :  0.502 0.498 
723 CP00049224    (0)    2 :  0.506 0.494 
724 CP00049921    (0)    2 :  0.482 0.518 
725 CP00049412    (0)    2 :  0.518 0.482 
726 CP00049935    (0)    2 :  0.516 0.484 
727 CP00049959    (0)    2 :  0.499 0.501 
728 CP00049956    (0)    2 :  0.488 0.512 
729 CP00049958    (0)    2 :  0.507 0.493 
730 CP00049384    (0)    2 :  0.493 0.507 
731 CP00049386    (0)    2 :  0.523 0.477 
732 CP00049400    (0)    2 :  0.501 0.499 
733 CP00049392    (0)    2 :  0.494 0.506 
734 CP00049409    (0)    2 :  0.485 0.515 
735 CP00049394    (0)    2 :  0.507 0.493 
736 CP00049262    (0)    2 :  0.474 0.526 
737 CP00049939    (0)    2 :  0.501 0.499 
738 CP00049264    (0)    2 :  0.476 0.524 
739 CP00049221    (0)    2 :  0.505 0.495 
740 CP00049266    (0)    2 :  0.504 0.496 
741 CP00049391    (0)    2 :  0.479 0.521 
742 CP00049405    (0)    2 :  0.512 0.488 
743 CP00049404    (0)    2 :  0.488 0.512 
744 CP00049393    (0)    2 :  0.503 0.497 
745 CP00049408    (0)    2 :  0.501 0.499 
746 CP00049410    (0)    2 :  0.481 0.519 
747 CP00049407    (0)    2 :  0.489 0.511 
748 CP00049250    (0)    2 :  0.479 0.521 
749 CP00049255    (0)    2 :  0.495 0.505 
750 CP00049257    (0)    2 :  0.508 0.492 
751 CP00049258    (0)    2 :  0.535 0.465 
752 CP00049248    (0)    2 :  0.468 0.532 
753 CP00049251    (0)    2 :  0.541 0.459 
754 CP00049265    (0)    2 :  0.485 0.515 
755 CP00049385    (0)    2 :  0.491 0.509 
756 CP00049397    (0)    2 :  0.507 0.493 
757 CP00049398    (0)    2 :  0.499 0.501 
758 CP00049244    (0)    2 :  0.509 0.491 
759 CP00049406    (0)    2 :  0.480 0.520 
760 CP00049411    (0)    2 :  0.516 0.484 
761 CP00049399    (0)    2 :  0.495 0.505 
762 CP00049401    (0)    2 :  0.486 0.514 
763 CP00049403    (0)    2 :  0.470 0.530 
764 CP00049941    (0)    2 :  0.468 0.532 
765 CP00049955    (0)    2 :  0.507 0.493 
766 CP00049233    (0)    2 :  0.483 0.517 
767 CP00049228    (0)    2 :  0.510 0.490 
768 CP00049954    (0)    2 :  0.507 0.493 
769 CP00049944    (0)    2 :  0.485 0.515 
770 CP00049260    (0)    2 :  0.499 0.501 
771 CP00049268    (0)    2 :  0.495 0.505 
772 CP00049239    (0)    2 :  0.508 0.492 
773 CP00049946    (0)    2 :  0.520 0.480 
774 CP00049232    (0)    2 :  0.520 0.480 
775 CP00049256    (0)    2 :  0.501 0.499 
776 CP00049259    (0)    2 :  0.507 0.493 
777 CP00049943    (0)    2 :  0.493 0.507 
778 CP00049930    (0)    2 :  0.541 0.459 
779 CP00049388    (0)    2 :  0.492 0.508 
780 CP00049413    (0)    2 :  0.507 0.493 
781 CP00049230    (0)    2 :  0.520 0.480 
782 CP00049226    (0)    2 :  0.511 0.489 
783 CP00049925    (0)    2 :  0.513 0.487 
784 CP00049387    (0)    2 :  0.468 0.532 
785 CP00049241    (0)    2 :  0.493 0.507 
786 CP00049236    (0)    2 :  0.508 0.492 
787 CP00049225    (0)    2 :  0.469 0.531 
788 CP00049229    (0)    2 :  0.511 0.489 
789 CP00049960    (0)    2 :  0.475 0.525 
790 CP00049242    (0)    2 :  0.474 0.526 
791 CP00049940    (0)    2 :  0.500 0.500 
792 CP00049948    (0)    2 :  0.487 0.513 
793 CP00049949    (0)    2 :  0.485 0.515 
794 CP00049254    (0)    2 :  0.490 0.510 
795 CP00049267    (0)    2 :  0.502 0.498 
796 CP00049261    (0)    2 :  0.492 0.508 
797 CP00049235    (0)    2 :  0.479 0.521 
798 CP00049953    (0)    2 :  0.488 0.512 
799 CP00049923    (0)    2 :  0.499 0.501 
800 CP00049947    (0)    2 :  0.506 0.494 
801 CP00049234    (0)    2 :  0.484 0.516 
802 CP00049389    (0)    2 :  0.519 0.481 
803 CP00049414    (0)    2 :  0.506 0.494 
804 CP00049390    (0)    2 :  0.520 0.480 
805 CP00049402    (0)    2 :  0.477 0.523 
806 CP00049396    (0)    2 :  0.503 0.497 
807 CP00049934    (0)    2 :  0.488 0.512 
808 CP00049246    (0)    2 :  0.486 0.514 
809 CP00049238    (0)    2 :  0.485 0.515 
810 CP00049945    (0)    2 :  0.475 0.525 
811 CP00049938    (0)    2 :  0.499 0.501 
812 CP00049928    (0)    2 :  0.500 0.500 
813 CP00049247    (0)    2 :  0.497 0.503 
814 CP00049240    (0)    2 :  0.502 0.498 
815 CP00049237    (0)    2 :  0.512 0.488 
816 CP00049243    (0)    2 :  0.477 0.523 
817 CP00049926    (0)    2 :  0.491 0.509 
818 CP00049245    (0)    2 :  0.507 0.493 
819 CP00049936    (0)    2 :  0.512 0.488 
820 CP00049927    (0)    2 :  0.513 0.487 
821 CP00049924    (0)    2 :  0.509 0.491 
822 CP00049222    (0)    2 :  0.511 0.489 
823 CP00049922    (0)    2 :  0.499 0.501 
824 CP00020222    (0)    2 :  0.534 0.466 
825 CP00020248    (0)    2 :  0.509 0.491 
826 CP00020246    (0)    2 :  0.505 0.495 
827 CP00020250    (0)    2 :  0.528 0.472 
828 CP00020247    (0)    2 :  0.500 0.500 
829 CP00020245    (0)    2 :  0.499 0.501 
830 CP00020253    (0)    2 :  0.500 0.500 
831 CP00020254    (0)    2 :  0.495 0.505 
832 CP00020227    (0)    2 :  0.485 0.515 
833 CP00020252    (0)    2 :  0.479 0.521 
834 CP00020251    (0)    2 :  0.504 0.496 
835 CP00020241    (0)    2 :  0.521 0.479 
836 CP00020240    (0)    2 :  0.525 0.475 
837 CP00020258    (0)    2 :  0.484 0.516 
838 CP00020150    (0)    2 :  0.482 0.518 
839 CP00020128    (0)    2 :  0.504 0.496 
840 CP00020224    (0)    2 :  0.495 0.505 
841 CP00020136    (0)    2 :  0.511 0.489 
842 CP00020126    (0)    2 :  0.509 0.491 
843 CP00020151    (0)    2 :  0.512 0.488 
844 CP00020130    (0)    2 :  0.495 0.505 
845 CP00020123    (0)    2 :  0.512 0.488 
846 CP00020129    (0)    2 :  0.489 0.511 
847 CP00020225    (0)    2 :  0.510 0.490 
848 CP00020161    (0)    2 :  0.526 0.474 
849 CP00020138    (0)    2 :  0.493 0.507 
850 CP00020239    (0)    2 :  0.506 0.494 
851 CP00020259    (0)    2 :  0.511 0.489 
852 CP00020135    (0)    2 :  0.477 0.523 
853 CP00020238    (0)    2 :  0.507 0.493 
854 CP00020234    (0)    2 :  0.511 0.489 
855 CP00020273    (0)    2 :  0.492 0.508 
856 CP00020282    (0)    2 :  0.510 0.490 
857 CP00020158    (0)    2 :  0.506 0.494 
858 CP00020243    (0)    2 :  0.521 0.479 
859 CP00020221    (0)    2 :  0.517 0.483 
860 CP00020229    (0)    2 :  0.478 0.522 
861 CP00020276    (0)    2 :  0.478 0.522 
862 CP00020146    (0)    2 :  0.478 0.522 
863 CP00020124    (0)    2 :  0.483 0.517 
864 CP00020156    (0)    2 :  0.515 0.485 
865 CP00020145    (0)    2 :  0.499 0.501 
866 CP00020125    (0)    2 :  0.525 0.475 
867 CP00020278    (0)    2 :  0.495 0.505 
868 CP00020132    (0)    2 :  0.518 0.482 
869 CP00020137    (0)    2 :  0.499 0.501 
870 CP00020127    (0)    2 :  0.498 0.502 
871 CP00020131    (0)    2 :  0.497 0.503 
872 CP00020260    (0)    2 :  0.477 0.523 
873 CP00020155    (0)    2 :  0.487 0.513 
874 CP00020141    (0)    2 :  0.518 0.482 
875 CP00020143    (0)    2 :  0.509 0.491 
876 CP00020142    (0)    2 :  0.499 0.501 
877 CP00020256    (0)    2 :  0.494 0.506 
878 CP00020170    (0)    2 :  0.494 0.506 
879 CP00020140    (0)    2 :  0.501 0.499 
880 CP00020147    (0)    2 :  0.479 0.521 
881 CP00020163    (0)    2 :  0.536 0.464 
882 CP00020152    (0)    2 :  0.500 0.500 
883 CP00020139    (0)    2 :  0.484 0.516 
884 CP00020162    (0)    2 :  0.549 0.451 
885 CP00020166    (0)    2 :  0.496 0.504 
886 CP00020226    (0)    2 :  0.506 0.494 
887 CP00020154    (0)    2 :  0.499 0.501 
888 CP00020257    (0)    2 :  0.488 0.512 
889 CP00020242    (0)    2 :  0.512 0.488 
890 CP00020148    (0)    2 :  0.513 0.487 
891 CP00020271    (0)    2 :  0.519 0.481 
892 CP00020233    (0)    2 :  0.484 0.516 
893 CP00020275    (0)    2 :  0.512 0.488 
894 CP00020244    (3)    2 :  0.501 0.499 
895 CP00020230    (0)    2 :  0.480 0.520 
896 CP00020279    (0)    2 :  0.524 0.476 
897 CP00020159    (0)    2 :  0.483 0.517 
898 CP00020237    (0)    2 :  0.482 0.518 
899 CP00020231    (0)    2 :  0.474 0.526 
900 CP00020281    (0)    2 :  0.510 0.490 
901 CP00020167    (0)    2 :  0.519 0.481 
902 CP00020122    (0)    2 :  0.524 0.476 
903 CP00020121    (0)    2 :  0.506 0.494 
904 CP00020157    (0)    2 :  0.490 0.510 
905 CP00020144    (0)    2 :  0.502 0.498 
906 CP00020164    (0)    2 :  0.494 0.506 
907 CP00020165    (0)    2 :  0.504 0.496 
908 CP00020255    (0)    2 :  0.499 0.501 
909 CP00020134    (0)    2 :  0.519 0.481 
910 CP00020149    (0)    2 :  0.488 0.512 
911 CP00020160    (0)    2 :  0.505 0.495 
912 CP00020228    (0)    2 :  0.509 0.491 
913 CP00020272    (0)    2 :  0.504 0.496 
914 CP00020274    (0)    2 :  0.502 0.498 
915 CP00020235    (0)    2 :  0.512 0.488 
916 CP00020280    (0)    2 :  0.521 0.479 
917 CP00020232    (0)    2 :  0.512 0.488 
918 CP00020277    (0)    2 :  0.513 0.487 
919 CP00020236    (0)    2 :  0.491 0.509 
920 CP00020223    (0)    2 :  0.510 0.490 
921 CP00016184    (0)    3 :  0.512 0.488 
922 CP00016197    (0)    3 :  0.523 0.477 
923 CP00016020    (0)    1 :  0.489 0.511 
924 CP00016181    (0)    3 :  0.504 0.496 
925 CP00016212    (0)    3 :  0.465 0.535 
926 CP00016215    (0)    3 :  0.500 0.500 
927 CP00016040    (0)    3 :  0.488 0.512 
928 CP00016051    (0)    3 :  0.500 0.500 
929 CP00016211    (0)    3 :  0.534 0.466 
930 CP00016049    (0)    3 :  0.519 0.481 
931 CP00016177    (0)    3 :  0.498 0.502 
932 CP00016060    (0)    3 :  0.500 0.500 
933 CP00016216    (0)    3 :  0.489 0.511 
934 CP00016059    (0)    3 :  0.485 0.515 
935 CP00016058    (0)    3 :  0.506 0.494 
936 CP00016178    (0)    3 :  0.513 0.487 
937 CP00016055    (0)    3 :  0.497 0.503 
938 CP00016038    (0)    3 :  0.505 0.495 
939 CP00016056    (0)    3 :  0.474 0.526 
940 CP00016185    (0)    3 :  0.504 0.496 
941 CP00016053    (0)    3 :  0.485 0.515 
942 CP00016044    (0)    1 :  0.487 0.513 
943 CP00016173    (0)    3 :  0.507 0.493 
944 CP00016213    (0)    3 :  0.504 0.496 
945 CP00016043    (0)    1 :  0.502 0.498 
946 CP00016196    (0)    3 :  0.506 0.494 
947 CP00016034    (0)    3 :  0.488 0.512 
948 CP00016182    (0)    3 :  0.508 0.492 
949 CP00016042    (0)    1 :  0.503 0.497 
950 CP00016002    (0)    1 :  0.502 0.498 
951 CP00016006    (0)    1 :  0.504 0.496 
952 CP00016005    (0)    1 :  0.510 0.490 
953 CP00016019    (0)    1 :  0.492 0.508 
954 CP00016190    (0)    3 :  0.519 0.481 
955 CP00016036    (0)    3 :  0.498 0.502 
956 CP00016008    (0)    1 :  0.510 0.490 
957 CP00016183    (0)    3 :  0.474 0.526 
958 CP00016208    (0)    3 :  0.504 0.496 
959 CP00016203    (0)    3 :  0.477 0.523 
960 CP00016172    (0)    3 :  0.493 0.507 
961 CP00016194    (0)    3 :  0.504 0.496 
962 CP00016218    (0)    3 :  0.546 0.454 
963 CP00016205    (0)    3 :  0.498 0.502 
964 CP00016050    (0)    3 :  0.510 0.490 
965 CP00016199    (0)    3 :  0.509 0.491 
966 CP00016201    (0)    3 :  0.485 0.515 
967 CP00016200    (0)    3 :  0.494 0.506 
968 CP00016004    (0)    1 :  0.491 0.509 
969 CP00016032    (0)    3 :  0.495 0.505 
970 CP00016195    (0)    3 :  0.491 0.509 
971 CP00016033    (0)    3 :  0.495 0.505 
972 CP00016012    (0)    1 :  0.492 0.508 
973 CP00016192    (0)    3 :  0.504 0.496 
974 CP00016217    (0)    3 :  0.487 0.513 
975 CP00016007    (0)    1 :  0.487 0.513 
976 CP00016191    (0)    3 :  0.491 0.509 
977 CP00016013    (0)    1 :  0.484 0.516 
978 CP00016204    (0)    3 :  0.523 0.477 
979 CP00016016    (0)    1 :  0.527 0.473 
980 CP00016206    (0)    3 :  0.480 0.520 
981 CP00016202    (0)    3 :  0.476 0.524 
982 CP00016009    (0)    1 :  0.496 0.504 
983 CP00016018    (0)    1 :  0.521 0.479 
984 CP00016052    (0)    3 :  0.520 0.480 
985 CP00016035    (0)    3 :  0.511 0.489 
986 CP00016054    (0)    3 :  0.476 0.524 
987 CP00016037    (0)    3 :  0.477 0.523 
988 CP00016039    (0)    3 :  0.472 0.528 
989 CP00016047    (0)    3 :  0.501 0.499 
990 CP00016048    (0)    3 :  0.491 0.509 
991 CP00016179    (0)    3 :  0.505 0.495 
992 CP00016180    (3)    3 :  0.492 0.508 
993 CP00016057    (0)    3 :  0.497 0.503 
994 CP00016189    (0)    3 :  0.488 0.512 
995 CP00016210    (0)    3 :  0.527 0.473 
996 CP00016209    (0)    3 :  0.503 0.497 
997 CP00016220    (0)    3 :  0.472 0.528 
998 CP00016198    (0)    3 :  0.484 0.516 
999 CP00016003    (0)    1 :  0.475 0.525 
1000 CP00016207    (0)    3 :  0.488 0.512 
1001 CP00016014    (0)    1 :  0.499 0.501 
1002 CP00016045    (0)    1 :  0.501 0.499 
1003 CP00016187    (0)    3 :  0.484 0.516 
1004 CP00016186    (0)    3 :  0.533 0.467 
1005 CP00016188    (0)    3 :  0.508 0.492 
1006 CP00016046    (0)    3 :  0.517 0.483 
1007 CP00016011    (0)    1 :  0.509 0.491 
1008 CP00016041    (0)    1 :  0.515 0.485 
1009 CP00016171    (0)    3 :  0.479 0.521 
1010 CP00016219    (0)    3 :  0.509 0.491 
1011 CP00016031    (0)    3 :  0.519 0.481 
1012 CP00016193    (0)    3 :  0.534 0.466 
1013 CP00016229    (0)    2 :  0.505 0.495 
1014 CP00015060    (0)    2 :  0.506 0.494 
1015 CP00016251    (0)    2 :  0.504 0.496 
1016 CP00015026    (0)    2 :  0.540 0.460 
1017 CP00015055    (0)    2 :  0.515 0.485 
1018 CP00016240    (0)    1 :  0.487 0.513 
1019 CP00016266    (0)    1 :  0.489 0.511 
1020 CP00016257    (0)    2 :  0.471 0.529 
1021 CP00015024    (0)    2 :  0.488 0.512 
1022 CP00015025    (0)    2 :  0.492 0.508 
1023 CP00049493    (0)    2 :  0.495 0.505 
1024 CP00016252    (0)    2 :  0.513 0.487 
1025 CP00015040    (0)    2 :  0.497 0.503 
1026 CP00015058    (0)    1 :  0.509 0.491 
1027 CP00049491    (0)    1 :  0.489 0.511 
1028 CP00015046    (0)    1 :  0.512 0.488 
1029 CP00015028    (0)    1 :  0.522 0.478 
1030 CP00015047    (0)    1 :  0.500 0.500 
1031 CP00016226    (0)    1 :  0.489 0.511 
1032 CP00016238    (0)    1 :  0.514 0.486 
1033 CP00016248    (0)    1 :  0.500 0.500 
1034 CP00015041    (0)    1 :  0.498 0.502 
1035 CP00049496    (0)    1 :  0.499 0.501 
1036 CP00015037    (0)    1 :  0.508 0.492 
1037 CP00015048    (0)    1 :  0.485 0.515 
1038 CP00016250    (0)    1 :  0.509 0.491 
1039 CP00015051    (0)    1 :  0.517 0.483 
1040 CP00016230    (0)    1 :  0.519 0.481 
1041 CP00015027    (0)    1 :  0.496 0.504 
1042 CP00049498    (0)    1 :  0.499 0.501 
1043 CP00016237    (0)    1 :  0.498 0.502 
1044 CP00016270    (0)    1 :  0.489 0.511 
1045 CP00015031    (0)    1 :  0.488 0.512 
1046 CP00016267    (0)    1 :  0.490 0.510 
1047 CP00016265    (0)    1 :  0.498 0.502 
1048 CP00016247    (0)    1 :  0.479 0.521 
1049 CP00015043    (0)    1 :  0.512 0.488 
1050 CP00016262    (0)    1 :  0.476 0.524 
1051 CP00016264    (0)    1 :  0.509 0.491 
1052 CP00049495    (0)    1 :  0.488 0.512 
1053 CP00016263    (0)    3 :  0.489 0.511 
1054 CP00015032    (0)    1 :  0.513 0.487 
1055 CP00015023    (0)    1 :  0.489 0.511 
1056 CP00016234    (0)    1 :  0.510 0.490 
1057 CP00015050    (0)    1 :  0.530 0.470 
1058 CP00015044    (0)    1 :  0.498 0.502 
1059 CP00015049    (0)    1 :  0.508 0.492 
1060 CP00016255    (0)    1 :  0.504 0.496 
1061 CP00016242    (0)    1 :  0.485 0.515 
1062 CP00049499    (0)    1 :  0.504 0.496 
1063 CP00016258    (0)    1 :  0.532 0.468 
1064 CP00016223    (0)    1 :  0.507 0.493 
1065 CP00015038    (0)    1 :  0.475 0.525 
1066 CP00016268    (0)    1 :  0.511 0.489 
1067 CP00049494    (0)    1 :  0.511 0.489 
1068 CP00016243    (0)    1 :  0.505 0.495 
1069 CP00016241    (0)    1 :  0.510 0.490 
1070 CP00016244    (0)    1 :  0.476 0.524 
1071 CP00015034    (0)    1 :  0.512 0.488 
1072 CP00016259    (0)    1 :  0.496 0.504 
1073 CP00016249    (0)    1 :  0.486 0.514 
1074 CP00015033    (0)    1 :  0.502 0.498 
1075 CP00015035    (0)    1 :  0.509 0.491 
1076 CP00015036    (0)    1 :  0.502 0.498 
1077 CP00016269    (0)    1 :  0.495 0.505 
1078 CP00049500    (0)    1 :  0.481 0.519 
1079 CP00015029    (0)    1 :  0.500 0.500 
1080 CP00015030    (0)    1 :  0.504 0.496 
1081 CP00016261    (0)    1 :  0.496 0.504 
1082 CP00015059    (0)    1 :  0.495 0.505 
1083 CP00016256    (0)    1 :  0.478 0.522 
1084 CP00015045    (0)    1 :  0.489 0.511 
1085 CP00015054    (0)    1 :  0.478 0.522 
1086 CP00015052    (0)    1 :  0.511 0.489 
1087 CP00015053    (0)    1 :  0.500 0.500 
1088 CP00016239    (0)    1 :  0.493 0.507 
1089 CP00015057    (0)    1 :  0.493 0.507 
1090 CP00016246    (0)    1 :  0.491 0.509 
1091 CP00016221    (0)    1 :  0.500 0.500 
1092 CP00016225    (0)    1 :  0.489 0.511 
1093 CP00016222    (0)    1 :  0.500 0.500 
1094 CP00016224    (0)    1 :  0.507 0.493 
1095 CP00016232    (0)    1 :  0.493 0.507 
1096 CP00016236    (0)    1 :  0.492 0.508 
1097 CP00015021    (0)    1 :  0.519 0.481 
1098 CP00015039    (0)    1 :  0.525 0.475 
1099 CP00016260    (0)    1 :  0.512 0.488 
1100 CP00016253    (0)    3 :  0.498 0.502 
1101 CP00016254    (0)    1 :  0.491 0.509 
1102 CP00049492    (0)    1 :  0.487 0.513 
1103 CP00016331    (0)    3 :  0.505 0.495 
1104 CP00016359    (0)    3 :  0.517 0.483 
1105 CP00016327    (0)    3 :  0.507 0.493 
1106 CP00016506    (0)    3 :  0.495 0.505 
1107 CP00016490    (0)    3 :  0.510 0.490 
1108 CP00016342    (0)    3 :  0.489 0.511 
1109 CP00016473    (0)    3 :  0.497 0.503 
1110 CP00016520    (0)    3 :  0.482 0.518 
1111 CP00016471    (0)    3 :  0.510 0.490 
1112 CP00016491    (0)    3 :  0.508 0.492 
1113 CP00016481    (0)    3 :  0.512 0.488 
1114 CP00016482    (0)    3 :  0.516 0.484 
1115 CP00016343    (0)    3 :  0.501 0.499 
1116 CP00016324    (0)    3 :  0.512 0.488 
1117 CP00016362    (0)    3 :  0.501 0.499 
1118 CP00016505    (0)    3 :  0.496 0.504 
1119 CP00016503    (0)    3 :  0.473 0.527 
1120 CP00016370    (0)    3 :  0.487 0.513 
1121 CP00016336    (0)    3 :  0.499 0.501 
1122 CP00016363    (0)    3 :  0.496 0.504 
1123 CP00016322    (0)    3 :  0.492 0.508 
1124 CP00016499    (0)    3 :  0.532 0.468 
1125 CP00016339    (0)    3 :  0.500 0.500 
1126 CP00016476    (0)    3 :  0.502 0.498 
1127 CP00016360    (0)    3 :  0.500 0.500 
1128 CP00016332    (0)    3 :  0.483 0.517 
1129 CP00016474    (0)    3 :  0.491 0.509 
1130 CP00016344    (0)    3 :  0.490 0.510 
1131 CP00016496    (0)    3 :  0.490 0.510 
1132 CP00016485    (0)    3 :  0.482 0.518 
1133 CP00016494    (0)    3 :  0.487 0.513 
1134 CP00016495    (0)    3 :  0.521 0.479 
1135 CP00016323    (0)    3 :  0.486 0.514 
1136 CP00016358    (0)    3 :  0.499 0.501 
1137 CP00016508    (0)    3 :  0.488 0.512 
1138 CP00016484    (0)    3 :  0.489 0.511 
1139 CP00016487    (0)    3 :  0.518 0.482 
1140 CP00016519    (0)    3 :  0.512 0.488 
1141 CP00016500    (0)    3 :  0.465 0.535 
1142 CP00016498    (0)    3 :  0.477 0.523 
1143 CP00016341    (0)    3 :  0.504 0.496 
1144 CP00016369    (0)    3 :  0.495 0.505 
1145 CP00016357    (0)    3 :  0.494 0.506 
1146 CP00016497    (0)    3 :  0.479 0.521 
1147 CP00016366    (0)    3 :  0.515 0.485 
1148 CP00016333    (0)    3 :  0.479 0.521 
1149 CP00016334    (0)    3 :  0.509 0.491 
1150 CP00016483    (0)    3 :  0.479 0.521 
1151 CP00016486    (0)    3 :  0.502 0.498 
1152 CP00016478    (0)    3 :  0.499 0.501 
1153 CP00016367    (0)    3 :  0.507 0.493 
1154 CP00016345    (0)    3 :  0.487 0.513 
1155 CP00016501    (0)    3 :  0.483 0.517 
1156 CP00016480    (0)    3 :  0.499 0.501 
1157 CP00016330    (0)    3 :  0.473 0.527 
1158 CP00016328    (0)    3 :  0.509 0.491 
1159 CP00016337    (0)    3 :  0.481 0.519 
1160 CP00016364    (0)    3 :  0.514 0.486 
1161 CP00016489    (0)    3 :  0.503 0.497 
1162 CP00016338    (0)    3 :  0.510 0.490 
1163 CP00016346    (0)    3 :  0.503 0.497 
1164 CP00016493    (0)    3 :  0.496 0.504 
1165 CP00016492    (0)    3 :  0.478 0.522 
1166 CP00016354    (0)    3 :  0.527 0.473 
1167 CP00016329    (0)    3 :  0.494 0.506 
1168 CP00016502    (0)    3 :  0.500 0.500 
1169 CP00016326    (0)    3 :  0.501 0.499 
1170 CP00016349    (0)    3 :  0.506 0.494 
1171 CP00016368    (0)    3 :  0.511 0.489 
1172 CP00016365    (0)    3 :  0.490 0.510 
1173 CP00016321    (0)    3 :  0.503 0.497 
1174 CP00016477    (0)    3 :  0.498 0.502 
1175 CP00016361    (0)    3 :  0.515 0.485 
1176 CP00016512    (0)    3 :  0.486 0.514 
1177 CP00016515    (0)    3 :  0.519 0.481 
1178 CP00016353    (0)    3 :  0.498 0.502 
1179 CP00016516    (0)    3 :  0.516 0.484 
1180 CP00016513    (0)    3 :  0.485 0.515 
1181 CP00016517    (0)    3 :  0.500 0.500 
1182 CP00016352    (0)    3 :  0.500 0.500 
1183 CP00016325    (0)    3 :  0.523 0.477 
1184 CP00016475    (0)    3 :  0.487 0.513 
1185 CP00016340    (0)    3 :  0.494 0.506 
1186 CP00016355    (0)    3 :  0.506 0.494 
1187 CP00016511    (0)    3 :  0.493 0.507 
1188 CP00016351    (0)    3 :  0.503 0.497 
1189 CP00016507    (0)    3 :  0.507 0.493 
1190 CP00016479    (0)    3 :  0.512 0.488 
1191 CP00016504    (0)    3 :  0.476 0.524 
1192 CP00016472    (0)    3 :  0.485 0.515 
1193 CP00016488    (3)    3 :  0.507 0.493 
1194 CP00016514    (0)    3 :  0.493 0.507 
1195 CP00016347    (0)    3 :  0.500 0.500 
1196 CP00016348    (0)    3 :  0.485 0.515 
1197 CP00016510    (0)    3 :  0.520 0.480 
1198 CP00016350    (0)    3 :  0.490 0.510 
1199 CP00016518    (0)    3 :  0.493 0.507 
1200 CP00016509    (0)    3 :  0.492 0.508 
1201 CP00015888    (0)    3 :  0.513 0.487 
1202 CP00015759    (0)    3 :  0.522 0.478 
1203 CP00015760    (0)    3 :  0.498 0.502 
1204 CP00015918    (0)    3 :  0.483 0.517 
1205 CP00015756    (0)    3 :  0.486 0.514 
1206 CP00015880    (0)    3 :  0.490 0.510 
1207 CP00015916    (0)    3 :  0.487 0.513 
1208 CP00015753    (0)    3 :  0.493 0.507 
1209 CP00015885    (0)    3 :  0.510 0.490 
1210 CP00015896    (0)    3 :  0.517 0.483 
1211 CP00015899    (0)    3 :  0.484 0.516 
1212 CP00015909    (0)    3 :  0.525 0.475 
1213 CP00015894    (0)    3 :  0.490 0.510 
1214 CP00015724    (0)    3 :  0.506 0.494 
1215 CP00015906    (0)    3 :  0.524 0.476 
1216 CP00015734    (3)    3 :  0.507 0.493 
1217 CP00015764    (0)    3 :  0.492 0.508 
1218 CP00015897    (0)    3 :  0.486 0.514 
1219 CP00015758    (0)    3 :  0.522 0.478 
1220 CP00015920    (0)    3 :  0.484 0.516 
1221 CP00015889    (0)    3 :  0.501 0.499 
1222 CP00015919    (0)    3 :  0.493 0.507 
1223 CP00015912    (0)    3 :  0.489 0.511 
1224 CP00015913    (0)    3 :  0.489 0.511 
1225 CP00015872    (0)    3 :  0.524 0.476 
1226 CP00015911    (0)    3 :  0.489 0.511 
1227 CP00015908    (0)    3 :  0.496 0.504 
1228 CP00015901    (0)    3 :  0.501 0.499 
1229 CP00015892    (3)    3 :  0.502 0.498 
1230 CP00015883    (0)    3 :  0.514 0.486 
1231 CP00015910    (0)    3 :  0.517 0.483 
1232 CP00015884    (0)    3 :  0.485 0.515 
1233 CP00015875    (0)    3 :  0.508 0.492 
1234 CP00015879    (0)    3 :  0.488 0.512 
1235 CP00015905    (0)    3 :  0.499 0.501 
1236 CP00015891    (0)    3 :  0.503 0.497 
1237 CP00015740    (0)    3 :  0.499 0.501 
1238 CP00015766    (0)    3 :  0.483 0.517 
1239 CP00015763    (0)    3 :  0.494 0.506 
1240 CP00015762    (0)    3 :  0.492 0.508 
1241 CP00015761    (0)    3 :  0.504 0.496 
1242 CP00015743    (0)    3 :  0.499 0.501 
1243 CP00015878    (0)    3 :  0.499 0.501 
1244 CP00015748    (0)    3 :  0.502 0.498 
1245 CP00015737    (0)    3 :  0.518 0.482 
1246 CP00015768    (0)    3 :  0.514 0.486 
1247 CP00015767    (0)    3 :  0.482 0.518 
1248 CP00015746    (0)    3 :  0.519 0.481 
1249 CP00015893    (0)    3 :  0.527 0.473 
1250 CP00015741    (0)    3 :  0.482 0.518 
1251 CP00015757    (0)    3 :  0.489 0.511 
1252 CP00015739    (0)    3 :  0.498 0.502 
1253 CP00015751    (0)    3 :  0.464 0.536 
1254 CP00015745    (0)    3 :  0.484 0.516 
1255 CP00015747    (0)    3 :  0.506 0.494 
1256 CP00015754    (0)    3 :  0.484 0.516 
1257 CP00015873    (0)    3 :  0.501 0.499 
1258 CP00015881    (0)    3 :  0.509 0.491 
1259 CP00015877    (0)    3 :  0.510 0.490 
1260 CP00015915    (0)    3 :  0.509 0.491 
1261 CP00015904    (0)    3 :  0.489 0.511 
1262 CP00015900    (0)    3 :  0.505 0.495 
1263 CP00015907    (0)    3 :  0.511 0.489 
1264 CP00015742    (0)    3 :  0.483 0.517 
1265 CP00015738    (0)    3 :  0.502 0.498 
1266 CP00015727    (0)    3 :  0.487 0.513 
1267 CP00015728    (0)    3 :  0.501 0.499 
1268 CP00015726    (0)    3 :  0.511 0.489 
1269 CP00015914    (0)    3 :  0.489 0.511 
1270 CP00015769    (0)    3 :  0.502 0.498 
1271 CP00015770    (0)    3 :  0.510 0.490 
1272 CP00015750    (0)    3 :  0.520 0.480 
1273 CP00015749    (0)    3 :  0.490 0.510 
1274 CP00015721    (0)    3 :  0.496 0.504 
1275 CP00015735    (0)    3 :  0.511 0.489 
1276 CP00015732    (0)    3 :  0.508 0.492 
1277 CP00015723    (0)    3 :  0.520 0.480 
1278 CP00015729    (0)    3 :  0.524 0.476 
1279 CP00015736    (0)    3 :  0.522 0.478 
1280 CP00015725    (0)    3 :  0.506 0.494 
1281 CP00015886    (0)    3 :  0.496 0.504 
1282 CP00015722    (0)    3 :  0.511 0.489 
1283 CP00015731    (0)    3 :  0.507 0.493 
1284 CP00015730    (0)    3 :  0.538 0.462 
1285 CP00015752    (0)    3 :  0.508 0.492 
1286 CP00015890    (0)    3 :  0.491 0.509 
1287 CP00015876    (0)    3 :  0.509 0.491 
1288 CP00015887    (0)    3 :  0.503 0.497 
1289 CP00015882    (0)    3 :  0.495 0.505 
1290 CP00015765    (0)    3 :  0.502 0.498 
1291 CP00015744    (0)    3 :  0.509 0.491 
1292 CP00015104    (0)    1 :  0.499 0.501 
1293 CP00015100    (0)    1 :  0.484 0.516 
1294 CP00015000    (0)    1 :  0.490 0.510 
1295 CP00015119    (0)    1 :  0.494 0.506 
1296 CP00015016    (0)    1 :  0.490 0.510 
1297 CP00015078    (0)    1 :  0.490 0.510 
1298 CP00015076    (0)    1 :  0.476 0.524 
1299 CP00015084    (0)    1 :  0.497 0.503 
1300 CP00015091    (0)    1 :  0.509 0.491 
1301 CP00015013    (0)    1 :  0.505 0.495 
1302 CP00015009    (0)    1 :  0.494 0.506 
1303 CP00015082    (0)    1 :  0.493 0.507 
1304 CP00014983    (0)    1 :  0.514 0.486 
1305 CP00015072    (0)    1 :  0.521 0.479 
1306 CP00015086    (0)    1 :  0.505 0.495 
1307 CP00015073    (0)    1 :  0.479 0.521 
1308 CP00015077    (0)    1 :  0.487 0.513 
1309 CP00014973    (0)    1 :  0.501 0.499 
1310 CP00015015    (0)    1 :  0.499 0.501 
1311 CP00014975    (0)    1 :  0.494 0.506 
1312 CP00014979    (0)    1 :  0.502 0.498 
1313 CP00014980    (0)    1 :  0.524 0.476 
1314 CP00015111    (0)    1 :  0.509 0.491 
1315 CP00015090    (0)    1 :  0.519 0.481 
1316 CP00015098    (0)    1 :  0.483 0.517 
1317 CP00015005    (0)    1 :  0.490 0.510 
1318 CP00015109    (0)    1 :  0.492 0.508 
1319 CP00015114    (0)    1 :  0.490 0.510 
1320 CP00015007    (0)    1 :  0.478 0.522 
1321 CP00015006    (0)    1 :  0.503 0.497 
1322 CP00014974    (0)    1 :  0.495 0.505 
1323 CP00015096    (0)    1 :  0.490 0.510 
1324 CP00015112    (0)    1 :  0.518 0.482 
1325 CP00015002    (0)    1 :  0.523 0.477 
1326 CP00015113    (0)    1 :  0.491 0.509 
1327 CP00015010    (0)    1 :  0.503 0.497 
1328 CP00015019    (0)    1 :  0.496 0.504 
1329 CP00015120    (0)    1 :  0.537 0.463 
1330 CP00015107    (0)    1 :  0.495 0.505 
1331 CP00015081    (0)    1 :  0.480 0.520 
1332 CP00015071    (0)    1 :  0.511 0.489 
1333 CP00015087    (0)    1 :  0.491 0.509 
1334 CP00015093    (3)    1 :  0.494 0.506 
1335 CP00015102    (0)    1 :  0.516 0.484 
1336 CP00015101    (0)    1 :  0.508 0.492 
1337 CP00014982    (0)    1 :  0.514 0.486 
1338 CP00014990    (0)    1 :  0.502 0.498 
1339 CP00015088    (0)    1 :  0.481 0.519 
1340 CP00014995    (0)    1 :  0.531 0.469 
1341 CP00015003    (0)    1 :  0.479 0.521 
1342 CP00015097    (0)    1 :  0.492 0.508 
1343 CP00014972    (0)    1 :  0.471 0.529 
1344 CP00015106    (0)    1 :  0.499 0.501 
1345 CP00015095    (0)    1 :  0.508 0.492 
1346 CP00014998    (0)    1 :  0.495 0.505 
1347 CP00014985    (0)    1 :  0.523 0.477 
1348 CP00014986    (0)    1 :  0.502 0.498 
1349 CP00014999    (0)    1 :  0.513 0.487 
1350 CP00014984    (0)    1 :  0.515 0.485 
1351 CP00015117    (0)    1 :  0.485 0.515 
1352 CP00015099    (0)    1 :  0.512 0.488 
1353 CP00015110    (0)    1 :  0.495 0.505 
1354 CP00015115    (0)    1 :  0.500 0.500 
1355 CP00015080    (0)    1 :  0.480 0.520 
1356 CP00015012    (0)    1 :  0.514 0.486 
1357 CP00014994    (0)    1 :  0.510 0.490 
1358 CP00015001    (0)    1 :  0.485 0.515 
1359 CP00014992    (0)    1 :  0.506 0.494 
1360 CP00015074    (0)    1 :  0.481 0.519 
1361 CP00014991    (0)    1 :  0.507 0.493 
1362 CP00014981    (0)    1 :  0.498 0.502 
1363 CP00014977    (0)    1 :  0.496 0.504 
1364 CP00014976    (0)    1 :  0.507 0.493 
1365 CP00014993    (0)    1 :  0.498 0.502 
1366 CP00014971    (0)    1 :  0.493 0.507 
1367 CP00015020    (0)    1 :  0.492 0.508 
1368 CP00015004    (0)    1 :  0.482 0.518 
1369 CP00015103    (0)    1 :  0.509 0.491 
1370 CP00015116    (0)    1 :  0.512 0.488 
1371 CP00015118    (0)    1 :  0.478 0.522 
1372 CP00014996    (0)    1 :  0.514 0.486 
1373 CP00015079    (0)    1 :  0.479 0.521 
1374 CP00015094    (0)    1 :  0.508 0.492 
1375 CP00015085    (0)    1 :  0.504 0.496 
1376 CP00015083    (0)    1 :  0.491 0.509 
1377 CP00015092    (0)    1 :  0.487 0.513 
1378 CP00018197    (0)    1 :  0.494 0.506 
1379 CP00018136    (0)    1 :  0.497 0.503 
1380 CP00018190    (0)    1 :  0.485 0.515 
1381 CP00018139    (0)    1 :  0.478 0.522 
1382 CP00018207    (0)    1 :  0.481 0.519 
1383 CP00018213    (0)    1 :  0.511 0.489 
1384 CP00018163    (0)    1 :  0.509 0.491 
1385 CP00018179    (0)    1 :  0.523 0.477 
1386 CP00018178    (0)    1 :  0.477 0.523 
1387 CP00018144    (0)    1 :  0.490 0.510 
1388 CP00018155    (0)    1 :  0.495 0.505 
1389 CP00018151    (0)    1 :  0.477 0.523 
1390 CP00018180    (0)    1 :  0.491 0.509 
1391 CP00018182    (0)    1 :  0.508 0.492 
1392 CP00018189    (0)    1 :  0.505 0.495 
1393 CP00018217    (0)    1 :  0.524 0.476 
1394 CP00018154    (0)    1 :  0.501 0.499 
1395 CP00018158    (0)    1 :  0.511 0.489 
1396 CP00018181    (0)    3 :  0.478 0.522 
1397 CP00018208    (0)    1 :  0.491 0.509 
1398 CP00018211    (0)    3 :  0.505 0.495 
1399 CP00018176    (0)    3 :  0.469 0.531 
1400 CP00018128    (0)    3 :  0.503 0.497 
1401 CP00018122    (0)    3 :  0.497 0.503 
1402 CP00018156    (0)    3 :  0.510 0.490 
1403 CP00018126    (3)    3 :  0.493 0.507 
1404 CP00018187    (0)    3 :  0.500 0.500 
1405 CP00018143    (0)    3 :  0.522 0.478 
1406 CP00018188    (0)    3 :  0.486 0.514 
1407 CP00018219    (0)    1 :  0.517 0.483 
1408 CP00018205    (0)    1 :  0.519 0.481 
1409 CP00018124    (0)    1 :  0.470 0.530 
1410 CP00018160    (0)    1 :  0.479 0.521 
1411 CP00018199    (0)    1 :  0.478 0.522 
1412 CP00018137    (0)    1 :  0.487 0.513 
1413 CP00018215    (0)    1 :  0.482 0.518 
1414 CP00018171    (0)    1 :  0.487 0.513 
1415 CP00018157    (0)    1 :  0.472 0.528 
1416 CP00018165    (0)    1 :  0.507 0.493 
1417 CP00018191    (0)    1 :  0.510 0.490 
1418 CP00018141    (0)    1 :  0.490 0.510 
1419 CP00018204    (0)    3 :  0.493 0.507 
1420 CP00018127    (0)    3 :  0.468 0.532 
1421 CP00018194    (0)    1 :  0.501 0.499 
1422 CP00018168    (0)    3 :  0.492 0.508 
1423 CP00018216    (0)    1 :  0.482 0.518 
1424 CP00018192    (0)    1 :  0.500 0.500 
1425 CP00018184    (0)    3 :  0.512 0.488 
1426 CP00018134    (0)    3 :  0.507 0.493 
1427 CP00018142    (0)    3 :  0.505 0.495 
1428 CP00018220    (0)    3 :  0.477 0.523 
1429 CP00018186    (0)    3 :  0.526 0.474 
1430 CP00018131    (0)    3 :  0.508 0.492 
1431 CP00018183    (0)    3 :  0.504 0.496 
1432 CP00018209    (0)    3 :  0.491 0.509 
1433 CP00018193    (0)    1 :  0.510 0.490 
1434 CP00018177    (0)    1 :  0.519 0.481 
1435 CP00018214    (0)    1 :  0.508 0.492 
1436 CP00018145    (0)    3 :  0.526 0.474 
1437 CP00018185    (0)    3 :  0.506 0.494 
1438 CP00018201    (0)    3 :  0.505 0.495 
1439 CP00018153    (0)    3 :  0.504 0.496 
1440 CP00018121    (0)    3 :  0.537 0.463 
1441 CP00018175    (0)    3 :  0.504 0.496 
1442 CP00018146    (0)    3 :  0.525 0.475 
1443 CP00018148    (0)    3 :  0.526 0.474 
1444 CP00018195    (0)    1 :  0.517 0.483 
1445 CP00018132    (0)    3 :  0.509 0.491 
1446 CP00018210    (0)    3 :  0.514 0.486 
1447 CP00018135    (0)    3 :  0.520 0.480 
1448 CP00018164    (0)    3 :  0.483 0.517 
1449 CP00018133    (0)    3 :  0.484 0.516 
1450 CP00018149    (0)    3 :  0.519 0.481 
1451 CP00018170    (0)    3 :  0.489 0.511 
1452 CP00018166    (0)    3 :  0.495 0.505 
1453 CP00018173    (0)    3 :  0.504 0.496 
1454 CP00018212    (0)    1 :  0.508 0.492 
1455 CP00018172    (0)    3 :  0.509 0.491 
1456 CP00018202    (0)    3 :  0.493 0.507 
1457 CP00018125    (0)    3 :  0.505 0.495 
1458 CP00018198    (0)    1 :  0.514 0.486 
1459 CP00018129    (0)    3 :  0.506 0.494 
1460 CP00018140    (0)    3 :  0.489 0.511 
1461 CP00018196    (0)    1 :  0.505 0.495 
1462 CP00018218    (0)    1 :  0.492 0.508 
1463 CP00017467    (0)    3 :  0.479 0.521 
1464 CP00017499    (0)    3 :  0.498 0.502 
1465 CP00017430    (0)    3 :  0.491 0.509 
1466 CP00017510    (0)    3 :  0.496 0.504 
1467 CP00017437    (0)    3 :  0.511 0.489 
1468 CP00017429    (0)    3 :  0.492 0.508 
1469 CP00017432    (0)    3 :  0.486 0.514 
1470 CP00017447    (0)    3 :  0.469 0.531 
1471 CP00017442    (0)    3 :  0.504 0.496 
1472 CP00017484    (0)    3 :  0.514 0.486 
1473 CP00017504    (0)    3 :  0.501 0.499 
1474 CP00017423    (0)    3 :  0.510 0.490 
1475 CP00017518    (0)    3 :  0.484 0.516 
1476 CP00017455    (0)    3 :  0.506 0.494 
1477 CP00017497    (0)    3 :  0.486 0.514 
1478 CP00017456    (0)    3 :  0.498 0.502 
1479 CP00017514    (0)    3 :  0.504 0.496 
1480 CP00017489    (0)    3 :  0.504 0.496 
1481 CP00017424    (0)    3 :  0.480 0.520 
1482 CP00017468    (0)    3 :  0.506 0.494 
1483 CP00017511    (0)    3 :  0.509 0.491 
1484 CP00017438    (0)    3 :  0.527 0.473 
1485 CP00017463    (0)    3 :  0.521 0.479 
1486 CP00017469    (0)    3 :  0.507 0.493 
1487 CP00017436    (0)    3 :  0.485 0.515 
1488 CP00017491    (0)    3 :  0.487 0.513 
1489 CP00017452    (0)    3 :  0.499 0.501 
1490 CP00017520    (0)    3 :  0.506 0.494 
1491 CP00017434    (0)    3 :  0.480 0.520 
1492 CP00017472    (0)    3 :  0.490 0.510 
1493 CP00017507    (0)    3 :  0.470 0.530 
1494 CP00017479    (0)    3 :  0.501 0.499 
1495 CP00017475    (0)    3 :  0.500 0.500 
1496 CP00017464    (0)    3 :  0.479 0.521 
1497 CP00017477    (0)    3 :  0.510 0.490 
1498 CP00017500    (0)    3 :  0.497 0.503 
1499 CP00017461    (0)    3 :  0.511 0.489 
1500 CP00017427    (0)    3 :  0.489 0.511 
1501 CP00017444    (0)    3 :  0.521 0.479 
1502 CP00017476    (0)    3 :  0.488 0.512 
1503 CP00017493    (0)    3 :  0.520 0.480 
1504 CP00017440    (0)    3 :  0.487 0.513 
1505 CP00017509    (0)    3 :  0.479 0.521 
1506 CP00017439    (0)    3 :  0.489 0.511 
1507 CP00017428    (0)    3 :  0.527 0.473 
1508 CP00017502    (0)    3 :  0.497 0.503 
1509 CP00017471    (0)    3 :  0.497 0.503 
1510 CP00017459    (0)    3 :  0.480 0.520 
1511 CP00017425    (0)    3 :  0.497 0.503 
1512 CP00017465    (0)    3 :  0.509 0.491 
1513 CP00017516    (0)    3 :  0.498 0.502 
1514 CP00017498    (0)    3 :  0.512 0.488 
1515 CP00017426    (0)    3 :  0.475 0.525 
1516 CP00017481    (0)    3 :  0.510 0.490 
1517 CP00017422    (0)    3 :  0.489 0.511 
1518 CP00017512    (0)    3 :  0.491 0.509 
1519 CP00017460    (0)    3 :  0.505 0.495 
1520 CP00017443    (0)    3 :  0.470 0.530 
1521 CP00017457    (0)    3 :  0.490 0.510 
1522 CP00017446    (0)    3 :  0.513 0.487 
1523 CP00017431    (0)    3 :  0.491 0.509 
1524 CP00017462    (0)    3 :  0.502 0.498 
1525 CP00017445    (0)    3 :  0.511 0.489 
1526 CP00017435    (0)    3 :  0.502 0.498 
1527 CP00017449    (0)    3 :  0.526 0.474 
1528 CP00017454    (0)    3 :  0.497 0.503 
1529 CP00017501    (0)    3 :  0.485 0.515 
1530 CP00017451    (0)    3 :  0.513 0.487 
1531 CP00017490    (0)    3 :  0.513 0.487 
1532 CP00017470    (0)    3 :  0.510 0.490 
1533 CP00017506    (0)    3 :  0.488 0.512 
1534 CP00017466    (0)    3 :  0.508 0.492 
1535 CP00017441    (0)    3 :  0.500 0.500 
1536 CP00017473    (0)    3 :  0.475 0.525 
1537 CP00017453    (0)    3 :  0.504 0.496 
1538 CP00017513    (0)    3 :  0.515 0.485 
1539 CP00017508    (0)    3 :  0.496 0.504 
1540 CP00017505    (0)    3 :  0.495 0.505 
1541 CP00017421    (0)    3 :  0.540 0.460 
1542 CP00017496    (0)    3 :  0.513 0.487 
1543 CP00017433    (0)    3 :  0.498 0.502 
1544 CP00017458    (0)    3 :  0.498 0.502 
1545 CP00017478    (0)    3 :  0.508 0.492 
1546 CP00017492    (0)    3 :  0.493 0.507 
1547 CP00017517    (0)    3 :  0.512 0.488 
1548 CP00017503    (0)    3 :  0.473 0.527 
1549 CP00017694    (0)    2 :  0.501 0.499 
1550 CP00017741    (0)    3 :  0.496 0.504 
1551 CP00017734    (0)    3 :  0.500 0.500 
1552 CP00017717    (0)    1 :  0.477 0.523 
1553 CP00017690    (0)    3 :  0.490 0.510 
1554 CP00017755    (0)    3 :  0.470 0.530 
1555 CP00017712    (0)    3 :  0.487 0.513 
1556 CP00017688    (0)    3 :  0.504 0.496 
1557 CP00017714    (0)    3 :  0.481 0.519 
1558 CP00017680    (0)    3 :  0.481 0.519 
1559 CP00017710    (0)    3 :  0.474 0.526 
1560 CP00017733    (0)    3 :  0.506 0.494 
1561 CP00017682    (0)    3 :  0.480 0.520 
1562 CP00017763    (0)    3 :  0.502 0.498 
1563 CP00017695    (0)    2 :  0.479 0.521 
1564 CP00017730    (0)    3 :  0.486 0.514 
1565 CP00017757    (0)    3 :  0.518 0.482 
1566 CP00017770    (0)    3 :  0.507 0.493 
1567 CP00017697    (0)    2 :  0.500 0.500 
1568 CP00017739    (0)    3 :  0.506 0.494 
1569 CP00017681    (0)    3 :  0.514 0.486 
1570 CP00017685    (0)    3 :  0.512 0.488 
1571 CP00017696    (0)    2 :  0.510 0.490 
1572 CP00017679    (0)    3 :  0.503 0.497 
1573 CP00017766    (0)    3 :  0.513 0.487 
1574 CP00017702    (0)    2 :  0.489 0.511 
1575 CP00017715    (0)    3 :  0.495 0.505 
1576 CP00017676    (0)    3 :  0.492 0.508 
1577 CP00017700    (0)    2 :  0.486 0.514 
1578 CP00017723    (0)    3 :  0.519 0.481 
1579 CP00017724    (0)    3 :  0.509 0.491 
1580 CP00017725    (0)    3 :  0.501 0.499 
1581 CP00017673    (0)    3 :  0.527 0.473 
1582 CP00017735    (0)    3 :  0.496 0.504 
1583 CP00017737    (0)    3 :  0.494 0.506 
1584 CP00017760    (0)    3 :  0.518 0.482 
1585 CP00017731    (0)    3 :  0.514 0.486 
1586 CP00017706    (0)    2 :  0.484 0.516 
1587 CP00017672    (0)    3 :  0.505 0.495 
1588 CP00017769    (0)    3 :  0.501 0.499 
1589 CP00017698    (0)    2 :  0.508 0.492 
1590 CP00017699    (0)    2 :  0.522 0.478 
1591 CP00017683    (0)    3 :  0.497 0.503 
1592 CP00017765    (0)    3 :  0.496 0.504 
1593 CP00017756    (0)    3 :  0.512 0.488 
1594 CP00017677    (0)    3 :  0.492 0.508 
1595 CP00017752    (0)    3 :  0.524 0.476 
1596 CP00017686    (0)    3 :  0.480 0.520 
1597 CP00017736    (0)    3 :  0.520 0.480 
1598 CP00017753    (0)    3 :  0.502 0.498 
1599 CP00017727    (0)    3 :  0.510 0.490 
1600 CP00017721    (0)    3 :  0.498 0.502 
1601 CP00017754    (0)    3 :  0.521 0.479 
1602 CP00017692    (0)    2 :  0.505 0.495 
1603 CP00017718    (0)    3 :  0.507 0.493 
1604 CP00017691    (0)    3 :  0.501 0.499 
1605 CP00017726    (0)    3 :  0.518 0.482 
1606 CP00017705    (0)    2 :  0.513 0.487 
1607 CP00017701    (0)    2 :  0.497 0.503 
1608 CP00017711    (0)    3 :  0.520 0.480 
1609 CP00017704    (0)    2 :  0.493 0.507 
1610 CP00017761    (0)    3 :  0.502 0.498 
1611 CP00017720    (0)    3 :  0.524 0.476 
1612 CP00017678    (0)    3 :  0.500 0.500 
1613 CP00017671    (0)    3 :  0.489 0.511 
1614 CP00017722    (0)    3 :  0.503 0.497 
1615 CP00017675    (0)    3 :  0.522 0.478 
1616 CP00017709    (0)    2 :  0.496 0.504 
1617 CP00017684    (0)    3 :  0.507 0.493 
1618 CP00017729    (0)    3 :  0.516 0.484 
1619 CP00017751    (0)    3 :  0.490 0.510 
1620 CP00017703    (3)    2 :  0.496 0.504 
1621 CP00017764    (0)    3 :  0.501 0.499 
1622 CP00017716    (0)    3 :  0.493 0.507 
1623 CP00017693    (0)    2 :  0.479 0.521 
1624 CP00017740    (0)    3 :  0.471 0.529 
1625 CP00017728    (0)    3 :  0.497 0.503 
1626 CP00017713    (0)    3 :  0.484 0.516 
1627 CP00017738    (0)    3 :  0.498 0.502 
1628 CP00017732    (0)    3 :  0.499 0.501 
1629 CP00017674    (0)    3 :  0.501 0.499 
1630 CP00017708    (0)    2 :  0.496 0.504 
1631 CP00015547    (0)    3 :  0.475 0.525 
1632 CP00015567    (0)    3 :  0.507 0.493 
1633 CP00015562    (0)    3 :  0.499 0.501 
1634 CP00015644    (0)    3 :  0.491 0.509 
1635 CP00015548    (0)    3 :  0.521 0.479 
1636 CP00015649    (0)    3 :  0.506 0.494 
1637 CP00015670    (0)    3 :  0.505 0.495 
1638 CP00015546    (0)    3 :  0.510 0.490 
1639 CP00015629    (0)    3 :  0.480 0.520 
1640 CP00015558    (0)    3 :  0.493 0.507 
1641 CP00015654    (0)    3 :  0.521 0.479 
1642 CP00015623    (0)    3 :  0.499 0.501 
1643 CP00015650    (0)    3 :  0.484 0.516 
1644 CP00015526    (0)    3 :  0.507 0.493 
1645 CP00015636    (0)    3 :  0.474 0.526 
1646 CP00015661    (0)    3 :  0.520 0.480 
1647 CP00015626    (0)    3 :  0.495 0.505 
1648 CP00015647    (0)    3 :  0.506 0.494 
1649 CP00015630    (0)    3 :  0.494 0.506 
1650 CP00015533    (0)    3 :  0.497 0.503 
1651 CP00015532    (0)    3 :  0.481 0.519 
1652 CP00015541    (0)    3 :  0.495 0.505 
1653 CP00015549    (0)    3 :  0.506 0.494 
1654 CP00015539    (0)    1 :  0.481 0.519 
1655 CP00015667    (0)    3 :  0.482 0.518 
1656 CP00015534    (0)    1 :  0.521 0.479 
1657 CP00015551    (0)    3 :  0.506 0.494 
1658 CP00015568    (0)    1 :  0.494 0.506 
1659 CP00015645    (0)    1 :  0.496 0.504 
1660 CP00015543    (0)    1 :  0.490 0.510 
1661 CP00015531    (0)    1 :  0.492 0.508 
1662 CP00015659    (0)    1 :  0.481 0.519 
1663 CP00015563    (0)    1 :  0.520 0.480 
1664 CP00015553    (0)    1 :  0.501 0.499 
1665 CP00015668    (0)    3 :  0.483 0.517 
1666 CP00015555    (0)    3 :  0.497 0.503 
1667 CP00015621    (0)    3 :  0.495 0.505 
1668 CP00015669    (0)    3 :  0.493 0.507 
1669 CP00015666    (0)    3 :  0.507 0.493 
1670 CP00015663    (0)    3 :  0.467 0.533 
1671 CP00015624    (0)    3 :  0.472 0.528 
1672 CP00015625    (0)    3 :  0.501 0.499 
1673 CP00015665    (0)    3 :  0.496 0.504 
1674 CP00015664    (0)    3 :  0.491 0.509 
1675 CP00015535    (0)    3 :  0.478 0.522 
1676 CP00015524    (0)    3 :  0.512 0.488 
1677 CP00015653    (0)    3 :  0.493 0.507 
1678 CP00015652    (0)    3 :  0.529 0.471 
1679 CP00015538    (0)    3 :  0.498 0.502 
1680 CP00015642    (0)    3 :  0.470 0.530 
1681 CP00015634    (0)    3 :  0.501 0.499 
1682 CP00015540    (0)    3 :  0.513 0.487 
1683 CP00015552    (0)    3 :  0.498 0.502 
1684 CP00015570    (0)    3 :  0.520 0.480 
1685 CP00015557    (0)    3 :  0.459 0.541 
1686 CP00015662    (0)    3 :  0.473 0.527 
1687 CP00015635    (0)    1 :  0.493 0.507 
1688 CP00015643    (0)    1 :  0.474 0.526 
1689 CP00015646    (0)    1 :  0.502 0.498 
1690 CP00015554    (0)    1 :  0.494 0.506 
1691 CP00015527    (0)    1 :  0.508 0.492 
1692 CP00015523    (0)    1 :  0.504 0.496 
1693 CP00015627    (0)    3 :  0.518 0.482 
1694 CP00015564    (0)    1 :  0.530 0.470 
1695 CP00015560    (0)    1 :  0.489 0.511 
1696 CP00015525    (0)    1 :  0.506 0.494 
1697 CP00015628    (0)    3 :  0.502 0.498 
1698 CP00015651    (0)    1 :  0.492 0.508 
1699 CP00017568    (0)    2 :  0.518 0.482 
1700 CP00017580    (0)    2 :  0.519 0.481 
1701 CP00017575    (0)    2 :  0.483 0.517 
1702 CP00017577    (0)    2 :  0.492 0.508 
1703 CP00017593    (0)    2 :  0.497 0.503 
1704 CP00017560    (0)    2 :  0.493 0.507 
1705 CP00017592    (0)    2 :  0.503 0.497 
1706 CP00017550    (0)    2 :  0.486 0.514 
1707 CP00017614    (0)    2 :  0.478 0.522 
1708 CP00017579    (0)    2 :  0.518 0.482 
1709 CP00017536    (0)    2 :  0.513 0.487 
1710 CP00017538    (0)    2 :  0.522 0.478 
1711 CP00017596    (0)    2 :  0.490 0.510 
1712 CP00017524    (0)    2 :  0.503 0.497 
1713 CP00017543    (0)    2 :  0.492 0.508 
1714 CP00017578    (0)    2 :  0.509 0.491 
1715 CP00017588    (0)    2 :  0.484 0.516 
1716 CP00017539    (0)    2 :  0.497 0.503 
1717 CP00017545    (0)    2 :  0.481 0.519 
1718 CP00017581    (0)    2 :  0.491 0.509 
1719 CP00017527    (0)    2 :  0.505 0.495 
1720 CP00017531    (0)    2 :  0.502 0.498 
1721 CP00017582    (0)    2 :  0.471 0.529 
1722 CP00017554    (0)    2 :  0.489 0.511 
1723 CP00017595    (0)    2 :  0.497 0.503 
1724 CP00017589    (0)    2 :  0.493 0.507 
1725 CP00017541    (0)    2 :  0.497 0.503 
1726 CP00017532    (0)    2 :  0.513 0.487 
1727 CP00017544    (0)    2 :  0.479 0.521 
1728 CP00017561    (0)    2 :  0.480 0.520 
1729 CP00017572    (0)    2 :  0.484 0.516 
1730 CP00017525    (0)    2 :  0.544 0.456 
1731 CP00017523    (0)    2 :  0.492 0.508 
1732 CP00017612    (0)    2 :  0.508 0.492 
1733 CP00017571    (0)    2 :  0.475 0.525 
1734 CP00017613    (0)    2 :  0.500 0.500 
1735 CP00017521    (0)    2 :  0.489 0.511 
1736 CP00017522    (0)    2 :  0.514 0.486 
1737 CP00017540    (0)    2 :  0.505 0.495 
1738 CP00017590    (0)    2 :  0.522 0.478 
1739 CP00017601    (0)    2 :  0.485 0.515 
1740 CP00017576    (0)    2 :  0.496 0.504 
1741 CP00017551    (0)    2 :  0.492 0.508 
1742 CP00017605    (0)    2 :  0.504 0.496 
1743 CP00017570    (0)    2 :  0.491 0.509 
1744 CP00017547    (0)    2 :  0.521 0.479 
1745 CP00017564    (0)    2 :  0.485 0.515 
1746 CP00017585    (0)    2 :  0.509 0.491 
1747 CP00017574    (0)    2 :  0.499 0.501 
1748 CP00017552    (0)    2 :  0.495 0.505 
1749 CP00017537    (0)    2 :  0.506 0.494 
1750 CP00017607    (0)    2 :  0.472 0.528 
1751 CP00017566    (0)    2 :  0.517 0.483 
1752 CP00017617    (0)    2 :  0.478 0.522 
1753 CP00017611    (0)    2 :  0.506 0.494 
1754 CP00017610    (0)    2 :  0.500 0.500 
1755 CP00017562    (0)    2 :  0.472 0.528 
1756 CP00017584    (0)    2 :  0.510 0.490 
1757 CP00017548    (0)    2 :  0.520 0.480 
1758 CP00017597    (0)    2 :  0.491 0.509 
1759 CP00017556    (0)    2 :  0.504 0.496 
1760 CP00017586    (0)    2 :  0.487 0.513 
1761 CP00017549    (0)    2 :  0.506 0.494 
1762 CP00017542    (0)    2 :  0.510 0.490 
1763 CP00017609    (0)    2 :  0.498 0.502 
1764 CP00017553    (0)    2 :  0.494 0.506 
1765 CP00017603    (0)    2 :  0.537 0.463 
1766 CP00017533    (0)    2 :  0.503 0.497 
1767 CP00017535    (0)    2 :  0.505 0.495 
1768 CP00017565    (0)    2 :  0.529 0.471 
1769 CP00017615    (0)    2 :  0.511 0.489 
1770 CP00017619    (0)    2 :  0.503 0.497 
1771 CP00017620    (0)    2 :  0.493 0.507 
1772 CP00017567    (0)    2 :  0.532 0.468 
1773 CP00017529    (0)    2 :  0.515 0.485 
1774 CP00017569    (0)    2 :  0.490 0.510 
1775 CP00017608    (0)    2 :  0.493 0.507 
1776 CP00017558    (0)    2 :  0.534 0.466 
1777 CP00017555    (0)    2 :  0.513 0.487 
1778 CP00017618    (0)    2 :  0.477 0.523 
1779 CP00017557    (0)    2 :  0.476 0.524 
1780 CP00017606    (0)    2 :  0.503 0.497 
1781 CP00017600    (0)    2 :  0.490 0.510 
1782 CP00017583    (0)    2 :  0.493 0.507 
1783 CP00017599    (0)    2 :  0.506 0.494 
1784 CP00017530    (0)    2 :  0.484 0.516 
1785 CP00017546    (0)    2 :  0.479 0.521 
1786 CP00017616    (0)    2 :  0.506 0.494 
1787 CP00017559    (0)    2 :  0.481 0.519 
1788 CP00017563    (0)    2 :  0.510 0.490 
1789 CP00017602    (0)    2 :  0.513 0.487 
1790 CP00017591    (0)    2 :  0.489 0.511 
1791 CP00017598    (0)    2 :  0.487 0.513 
1792 CP00017526    (0)    2 :  0.494 0.506 
1793 CP00017604    (0)    2 :  0.524 0.476 
1794 CP00015690    (0)    1 :  0.519 0.481 
1795 CP00015069    (3)    1 :  0.487 0.513 
1796 CP00015687    (0)    1 :  0.509 0.491 
1797 CP00015708    (0)    1 :  0.477 0.523 
1798 CP00015720    (0)    1 :  0.466 0.534 
1799 CP00049555    (0)    1 :  0.505 0.495 
1800 CP00049558    (0)    1 :  0.504 0.496 
1801 CP00015068    (0)    1 :  0.515 0.485 
1802 CP00015710    (0)    1 :  0.506 0.494 
1803 CP00049570    (0)    1 :  0.523 0.477 
1804 CP00049556    (0)    1 :  0.490 0.510 
1805 CP00049534    (0)    3 :  0.523 0.477 
1806 CP00049543    (0)    3 :  0.496 0.504 
1807 CP00049539    (0)    3 :  0.483 0.517 
1808 CP00049567    (0)    3 :  0.515 0.485 
1809 CP00015706    (0)    1 :  0.514 0.486 
1810 CP00015063    (0)    3 :  0.505 0.495 
1811 CP00015067    (0)    3 :  0.482 0.518 
1812 CP00049536    (0)    3 :  0.483 0.517 
1813 CP00049560    (0)    3 :  0.463 0.537 
1814 CP00049529    (0)    3 :  0.499 0.501 
1815 CP00015699    (0)    1 :  0.485 0.515 
1816 CP00015066    (0)    3 :  0.510 0.490 
1817 CP00015712    (0)    1 :  0.502 0.498 
1818 CP00049526    (0)    3 :  0.526 0.474 
1819 CP00049562    (0)    3 :  0.496 0.504 
1820 CP00049525    (0)    3 :  0.489 0.511 
1821 CP00015689    (0)    1 :  0.511 0.489 
1822 CP00049544    (0)    3 :  0.490 0.510 
1823 CP00049545    (0)    3 :  0.496 0.504 
1824 CP00049541    (0)    3 :  0.503 0.497 
1825 CP00049528    (0)    3 :  0.488 0.512 
1826 CP00049521    (0)    3 :  0.499 0.501 
1827 CP00015709    (0)    1 :  0.485 0.515 
1828 CP00015716    (0)    1 :  0.513 0.487 
1829 CP00015688    (0)    1 :  0.497 0.503 
1830 CP00015700    (0)    1 :  0.510 0.490 
1831 CP00049549    (0)    3 :  0.505 0.495 
1832 CP00049550    (0)    3 :  0.515 0.485 
1833 CP00015070    (0)    3 :  0.513 0.487 
1834 CP00015686    (0)    1 :  0.495 0.505 
1835 CP00015062    (0)    3 :  0.505 0.495 
1836 CP00049563    (0)    3 :  0.511 0.489 
1837 CP00049537    (0)    3 :  0.483 0.517 
1838 CP00049551    (0)    3 :  0.507 0.493 
1839 CP00049535    (0)    3 :  0.488 0.512 
1840 CP00015719    (0)    1 :  0.476 0.524 
1841 CP00015697    (0)    1 :  0.505 0.495 
1842 CP00015714    (0)    1 :  0.501 0.499 
1843 CP00015715    (0)    1 :  0.496 0.504 
1844 CP00049559    (0)    3 :  0.520 0.480 
1845 CP00049566    (0)    3 :  0.513 0.487 
1846 CP00049542    (0)    3 :  0.503 0.497 
1847 CP00049530    (0)    3 :  0.506 0.494 
1848 CP00049532    (0)    3 :  0.503 0.497 
1849 CP00049554    (0)    3 :  0.507 0.493 
1850 CP00049564    (0)    3 :  0.502 0.498 
1851 CP00015702    (0)    1 :  0.505 0.495 
1852 CP00015681    (0)    1 :  0.510 0.490 
1853 CP00015718    (0)    1 :  0.518 0.482 
1854 CP00015698    (0)    1 :  0.504 0.496 
1855 CP00049531    (0)    3 :  0.502 0.498 
1856 CP00049548    (0)    3 :  0.506 0.494 
1857 CP00015695    (0)    1 :  0.515 0.485 
1858 CP00015692    (0)    1 :  0.488 0.512 
1859 CP00015693    (0)    1 :  0.485 0.515 
1860 CP00049522    (0)    3 :  0.486 0.514 
1861 CP00049546    (0)    3 :  0.521 0.479 
1862 CP00049557    (0)    3 :  0.520 0.480 
1863 CP00049533    (0)    3 :  0.499 0.501 
1864 CP00015683    (0)    1 :  0.515 0.485 
1865 CP00015713    (0)    1 :  0.512 0.488 
1866 CP00015684    (0)    1 :  0.516 0.484 
1867 CP00015696    (0)    1 :  0.506 0.494 
1868 CP00049538    (0)    3 :  0.517 0.483 
1869 CP00015705    (0)    1 :  0.523 0.477 
1870 CP00015691    (0)    1 :  0.491 0.509 
1871 CP00049547    (0)    1 :  0.493 0.507 
1872 CP00015065    (0)    1 :  0.515 0.485 
1873 CP00049540    (0)    1 :  0.519 0.481 
1874 CP00015703    (0)    1 :  0.526 0.474 
1875 CP00049552    (0)    1 :  0.482 0.518 
1876 CP00015682    (0)    1 :  0.493 0.507 
1877 CP00015064    (0)    3 :  0.467 0.533 
1878 CP00015685    (0)    1 :  0.506 0.494 
1879 CP00015061    (0)    3 :  0.471 0.529 
1880 CP00021003    (0)    1 :  0.524 0.476 
1881 CP00021007    (0)    1 :  0.506 0.494 
1882 CP00021019    (0)    1 :  0.495 0.505 
1883 CP00020975    (0)    1 :  0.506 0.494 
1884 CP00020971    (0)    1 :  0.488 0.512 
1885 CP00020972    (0)    1 :  0.514 0.486 
1886 CP00020973    (0)    1 :  0.490 0.510 
1887 CP00021002    (0)    1 :  0.478 0.522 
1888 CP00021008    (0)    1 :  0.498 0.502 
1889 CP00021020    (0)    1 :  0.512 0.488 
1890 CP00021016    (0)    1 :  0.513 0.487 
1891 CP00020999    (0)    1 :  0.503 0.497 
1892 CP00021000    (0)    1 :  0.521 0.479 
1893 CP00020996    (0)    1 :  0.517 0.483 
1894 CP00021005    (0)    1 :  0.502 0.498 
1895 CP00020976    (0)    1 :  0.492 0.508 
1896 CP00021009    (0)    1 :  0.503 0.497 
1897 CP00021010    (0)    1 :  0.518 0.482 
1898 CP00020998    (0)    1 :  0.494 0.506 
1899 CP00020997    (0)    1 :  0.499 0.501 
1900 CP00021017    (0)    1 :  0.498 0.502 
1901 CP00021018    (0)    1 :  0.522 0.478 
1902 CP00020974    (0)    1 :  0.482 0.518 
1903 CP00021015    (0)    1 :  0.504 0.496 
1904 CP00021006    (0)    1 :  0.489 0.511 
1905 CP00020991    (0)    1 :  0.509 0.491 
1906 CP00020977    (0)    1 :  0.533 0.467 
1907 CP00020993    (0)    1 :  0.512 0.488 
1908 CP00020995    (0)    1 :  0.511 0.489 
1909 CP00021004    (0)    1 :  0.488 0.512 
1910 CP00020992    (3)    1 :  0.515 0.485 
1911 CP00021001    (0)    1 :  0.482 0.518 
1912 CP00020866    (0)    3 :  0.502 0.498 
1913 CP00020822    (0)    3 :  0.494 0.506 
1914 CP00072624    (0)    3 :  0.471 0.529 
1915 CP00072595    (0)    2 :  0.499 0.501 
1916 CP00072586    (0)    2 :  0.491 0.509 
1917 CP00072605    (0)    3 :  0.519 0.481 
1918 CP00072615    (0)    3 :  0.494 0.506 
1919 CP00072633    (0)    1 :  0.518 0.482 
1920 CP00072589    (0)    2 :  0.509 0.491 
1921 CP00072630    (0)    3 :  0.514 0.486 
1922 CP00072593    (0)    2 :  0.483 0.517 
1923 CP00072614    (0)    3 :  0.500 0.500 
1924 CP00072617    (0)    3 :  0.512 0.488 
1925 CP00072618    (0)    3 :  0.496 0.504 
1926 CP00072583    (0)    2 :  0.506 0.494 
1927 CP00072637    (0)    1 :  0.498 0.502 
1928 CP00072612    (0)    3 :  0.487 0.513 
1929 CP00072579    (0)    1 :  0.488 0.512 
1930 CP00072629    (0)    3 :  0.489 0.511 
1931 CP00072607    (0)    3 :  0.493 0.507 
1932 CP00072613    (0)    3 :  0.486 0.514 
1933 CP00072644    (0)    3 :  0.514 0.486 
1934 CP00072627    (0)    3 :  0.494 0.506 
1935 CP00072584    (0)    2 :  0.500 0.500 
1936 CP00072611    (0)    3 :  0.501 0.499 
1937 CP00072578    (0)    1 :  0.523 0.477 
1938 CP00072608    (0)    3 :  0.506 0.494 
1939 CP00072628    (0)    3 :  0.485 0.515 
1940 CP00072606    (0)    3 :  0.477 0.523 
1941 CP00072645    (0)    3 :  0.515 0.485 
1942 CP00072638    (0)    1 :  0.507 0.493 
1943 CP00072580    (0)    1 :  0.495 0.505 
1944 CP00072588    (0)    2 :  0.496 0.504 
1945 CP00072591    (0)    2 :  0.494 0.506 
1946 CP00072590    (0)    2 :  0.496 0.504 
1947 CP00072592    (0)    2 :  0.493 0.507 
1948 CP00072582    (0)    1 :  0.496 0.504 
1949 CP00072609    (0)    3 :  0.500 0.500 
1950 CP00072635    (0)    1 :  0.482 0.518 
1951 CP00072647    (0)    1 :  0.474 0.526 
1952 CP00072585    (0)    2 :  0.505 0.495 
1953 CP00072587    (0)    2 :  0.495 0.505 
1954 CP00072639    (0)    1 :  0.473 0.527 
1955 CP00072640    (0)    1 :  0.506 0.494 
1956 CP00072625    (0)    3 :  0.510 0.490 
1957 CP00072576    (0)    1 :  0.494 0.506 
1958 CP00072634    (0)    1 :  0.505 0.495 
1959 CP00072619    (0)    3 :  0.525 0.475 
1960 CP00072621    (0)    3 :  0.518 0.482 
1961 CP00072571    (0)    1 :  0.487 0.513 
1962 CP00072646    (0)    1 :  0.524 0.476 
1963 CP00072622    (0)    1 :  0.505 0.495 
1964 CP00072577    (0)    1 :  0.485 0.515 
1965 CP00072610    (0)    3 :  0.508 0.492 
1966 CP00072620    (0)    3 :  0.533 0.467 
1967 CP00072616    (0)    3 :  0.493 0.507 
1968 CP00072623    (0)    3 :  0.508 0.492 
1969 CP00072626    (0)    3 :  0.516 0.484 
1970 CP00072641    (0)    1 :  0.504 0.496 
1971 CP00072642    (0)    3 :  0.497 0.503 
1972 CP00072157    (0)    3 :  0.506 0.494 
1973 CP00072132    (0)    3 :  0.510 0.490 
1974 CP00072144    (0)    3 :  0.520 0.480 
1975 CP00072148    (0)    3 :  0.532 0.468 
1976 CP00072169    (0)    3 :  0.511 0.489 
1977 CP00072133    (0)    3 :  0.509 0.491 
1978 CP00072139    (0)    3 :  0.505 0.495 
1979 CP00072155    (0)    1 :  0.507 0.493 
1980 CP00072143    (0)    1 :  0.472 0.528 
1981 CP00072136    (0)    1 :  0.520 0.480 
1982 CP00075424    (0)    1 :  0.498 0.502 
1983 CP00075416    (0)    1 :  0.497 0.503 
1984 CP00075420    (0)    1 :  0.508 0.492 
1985 CP00072159    (0)    1 :  0.494 0.506 
1986 CP00072137    (0)    1 :  0.504 0.496 
1987 CP00075415    (0)    1 :  0.507 0.493 
1988 CP00072131    (0)    1 :  0.525 0.475 
1989 CP00072156    (0)    1 :  0.497 0.503 
1990 CP00072134    (0)    1 :  0.493 0.507 
1991 CP00072138    (0)    1 :  0.500 0.500 
1992 CP00072142    (0)    1 :  0.486 0.514 
1993 CP00072168    (0)    1 :  0.463 0.537 
1994 CP00072153    (0)    1 :  0.499 0.501 
1995 CP00072154    (0)    1 :  0.468 0.532 
1996 CP00072166    (0)    1 :  0.518 0.482 
1997 CP00075417    (0)    2 :  0.483 0.517 
1998 CP00072152    (0)    2 :  0.503 0.497 
1999 CP00072160    (0)    2 :  0.495 0.505 
2000 CP00072149    (0)    2 :  0.478 0.522 

Command line arguments:   ./structure -m mainparams_primary -e extraparams_primary -i Albania_2000_STRUCTURE.txt -o primary_output/Albania_primary_K02_rep15 -K 2 -N 2000 -L 16 -D 20262820 
Input File:    Albania_2000_STRUCTURE.txt
Output File:   primary_output/Albania_primary_K02_rep15_f

Run parameters:
   2000 individuals
   16 loci
   2 populations assumed
   100000 Burn-in period
   500000 Reps
RANDOMIZE turned off

--------------------------------------------
Estimated Ln Prob of Data   = -126593.9
Mean value of ln likelihood = -125394.9
Variance of ln likelihood   = 2398.0
Mean value of alpha         = 8.3352

Mean value of Fst_1         = 0.0618
Mean value of Fst_2         = 0.0524


--------------------------------------------
Proportion of membership of each pre-defined
 population in each of the 2 clusters

Given    Inferred Clusters       Number of
 Pop       1      2             Individuals

  1:     0.500  0.500             358
  2:     0.500  0.500             1039
  3:     0.500  0.500             603
--------------------------------------------
Final results printed to file primary_output/Albania_primary_K02_rep15_f

