

----------------------------------------------------
STRUCTURE by Pritchard, Stephens and Donnelly (2000)
     and Falush, Stephens and Pritchard (2003)
       Code by Pritchard, Falush and Hubisz
             Version 2.3.4 (Jul 2012)
----------------------------------------------------


Reading file "mainparams_primary".
datafile is
Albania_2000_STRUCTURE.txt
Reading file "extraparams_primary".
Reading file "Albania_2000_STRUCTURE.txt".


Data file "Albania_2000_STRUCTURE.txt" (truncated) --

Ind:   Label Pop : Genotype_data . . . .
  1: CP00019943    2  : 93 170 150 120 100 110 120  . . . . 242
  1: CP00019943    2  : 93 230 160 130 110 140 130  . . . . 302
  2: CP00019945    2  : 60 190 180 130 120 140 132  . . . . 200
  2: CP00019945    2  : 93 200 180 140 120 180 150  . . . . 302
  3: CP00019948    2  : 60 170 160 120  90 120 140  . . . . 190
  3: CP00019948    2  : 80 250 180 140 120 180 150  . . . . 252
  4: CP00019939    2  : 60 170 150 140 120 160 140  . . . . 200
  4: CP00019939    2  : 90 200 180 150 120 170 140  . . . . 232

      *******   

1999: CP00072160    2  : 80 160 160 110  90 120 140  . . . . 190
1999: CP00072160    2  : 93 170 170 120 110 160 142  . . . . 200
2000: CP00072149    2  : 60 160 150 120  90 110 140  . . . . 180
2000: CP00072149    2  : 60 160 180 150 120 140 150  . . . . 262

Number of alleles per locus: min= 6; ave=15.4; max=55


--------------------------------------

Finished initialization; starting MCMC 
500000 iterations + 100000 burnin


--------------------------------------------
Proportion of membership of each pre-defined
 population in each of the 3 clusters

Given    Inferred Clusters       Number of
 Pop       1      2      3      Individuals

  1:     0.315  0.365  0.320      358
  2:     0.341  0.320  0.339      1039
  3:     0.323  0.335  0.341      603
--------------------------------------------

 Rep#:   Lambda   Alpha      F1    F2    F3     D1,2  D1,3  D2,3    Ln Like 
  100:    1.00    1.143    0.007 0.005 0.009    0.004 0.007 0.005   --  
  200:    1.00    1.063    0.007 0.003 0.009    0.004 0.006 0.007   --  
  300:    1.00    0.924    0.007 0.003 0.009    0.004 0.006 0.005   --  
  400:    1.00    0.885    0.006 0.003 0.008    0.004 0.007 0.004   --  
  500:    1.00    0.818    0.006 0.003 0.010    0.005 0.009 0.007   --  
  600:    1.00    0.777    0.006 0.003 0.014    0.004 0.009 0.007   --  
  700:    1.00    0.806    0.008 0.003 0.016    0.004 0.009 0.007   --  
  800:    1.00    0.686    0.008 0.003 0.015    0.004 0.010 0.008   --  
  900:    1.00    0.614    0.006 0.003 0.017    0.003 0.009 0.007   --  

--------------------------------------------
Proportion of membership of each pre-defined
 population in each of the 3 clusters

Given    Inferred Clusters       Number of
 Pop       1      2      3      Individuals

  1:     0.354  0.316  0.330      358
  2:     0.338  0.318  0.344      1039
  3:     0.324  0.350  0.326      603
--------------------------------------------

 Rep#:   Lambda   Alpha      F1    F2    F3     D1,2  D1,3  D2,3    Ln Like 
 1000:    1.00    0.543    0.006 0.003 0.012    0.003 0.007 0.006   --  
 1100:    1.00    0.697    0.006 0.003 0.014    0.003 0.009 0.007   --  
 1200:    1.00    0.678    0.006 0.003 0.016    0.003 0.009 0.007   --  
 1300:    1.00    0.760    0.007 0.002 0.014    0.004 0.007 0.006   --  
 1400:    1.00    0.815    0.007 0.002 0.020    0.003 0.014 0.012   --  
 1500:    1.00    0.868    0.009 0.002 0.017    0.004 0.010 0.007   --  
 1600:    1.00    0.967    0.008 0.002 0.017    0.004 0.012 0.009   --  
 1700:    1.00    0.872    0.008 0.002 0.021    0.004 0.013 0.010   --  
 1800:    1.00    0.804    0.007 0.002 0.014    0.003 0.009 0.007   --  
 1900:    1.00    0.866    0.007 0.002 0.017    0.005 0.013 0.009   --  

--------------------------------------------
Proportion of membership of each pre-defined
 population in each of the 3 clusters

Given    Inferred Clusters       Number of
 Pop       1      2      3      Individuals

  1:     0.362  0.317  0.322      358
  2:     0.343  0.322  0.335      1039
  3:     0.344  0.320  0.335      603
--------------------------------------------

 Rep#:   Lambda   Alpha      F1    F2    F3     D1,2  D1,3  D2,3    Ln Like 
 2000:    1.00    0.852    0.007 0.002 0.018    0.004 0.012 0.010   --  
 2100:    1.00    0.752    0.009 0.002 0.017    0.004 0.014 0.010   --  
 2200:    1.00    0.734    0.007 0.002 0.024    0.004 0.010 0.007   --  
 2300:    1.00    0.692    0.009 0.002 0.018    0.004 0.010 0.007   --  
 2400:    1.00    0.656    0.009 0.002 0.022    0.004 0.012 0.009   --  
 2500:    1.00    0.739    0.009 0.002 0.022    0.005 0.013 0.010   --  
 2600:    1.00    0.816    0.010 0.002 0.023    0.005 0.016 0.010   --  
 2700:    1.00    0.800    0.010 0.001 0.019    0.004 0.013 0.008   --  
 2800:    1.00    0.796    0.008 0.001 0.017    0.004 0.013 0.008   --  
 2900:    1.00    0.881    0.011 0.001 0.018    0.005 0.013 0.007   --  

--------------------------------------------
Proportion of membership of each pre-defined
 population in each of the 3 clusters

Given    Inferred Clusters       Number of
 Pop       1      2      3      Individuals

  1:     0.338  0.325  0.337      358
  2:     0.338  0.336  0.327      1039
  3:     0.331  0.339  0.330      603
--------------------------------------------

 Rep#:   Lambda   Alpha      F1    F2    F3     D1,2  D1,3  D2,3    Ln Like 
 3000:    1.00    0.889    0.009 0.001 0.025    0.005 0.013 0.011   --  
 3100:    1.00    0.870    0.013 0.001 0.018    0.006 0.011 0.009   --  
 3200:    1.00    0.896    0.013 0.001 0.023    0.005 0.014 0.008   --  
 3300:    1.00    0.931    0.013 0.001 0.022    0.006 0.015 0.011   --  
 3400:    1.00    0.912    0.011 0.001 0.026    0.005 0.018 0.011   --  
 3500:    1.00    0.928    0.012 0.001 0.022    0.006 0.016 0.009   --  
 3600:    1.00    0.785    0.011 0.001 0.022    0.006 0.018 0.010   --  
 3700:    1.00    0.836    0.011 0.001 0.026    0.004 0.014 0.010   --  
 3800:    1.00    0.805    0.013 0.001 0.019    0.005 0.015 0.009   --  
 3900:    1.00    0.862    0.011 0.001 0.021    0.004 0.014 0.009   --  

--------------------------------------------
Proportion of membership of each pre-defined
 population in each of the 3 clusters

Given    Inferred Clusters       Number of
 Pop       1      2      3      Individuals

  1:     0.331  0.339  0.330      358
  2:     0.323  0.349  0.329      1039
  3:     0.336  0.332  0.332      603
--------------------------------------------

 Rep#:   Lambda   Alpha      F1    F2    F3     D1,2  D1,3  D2,3    Ln Like 
 4000:    1.00    0.909    0.012 0.001 0.023    0.005 0.013 0.011   --  
 4100:    1.00    1.103    0.010 0.001 0.024    0.005 0.015 0.009   --  
 4200:    1.00    0.940    0.011 0.001 0.024    0.007 0.016 0.009   --  
 4300:    1.00    0.976    0.011 0.001 0.022    0.005 0.017 0.011   --  
 4400:    1.00    1.040    0.014 0.001 0.021    0.006 0.015 0.008   --  
 4500:    1.00    1.099    0.014 0.001 0.029    0.006 0.018 0.010   --  
 4600:    1.00    1.278    0.012 0.001 0.023    0.008 0.018 0.011   --  
 4700:    1.00    1.178    0.019 0.001 0.025    0.008 0.020 0.011   --  
 4800:    1.00    1.446    0.019 0.001 0.032    0.007 0.028 0.019   --  
 4900:    1.00    1.346    0.021 0.001 0.039    0.007 0.028 0.016   --  

--------------------------------------------
Proportion of membership of each pre-defined
 population in each of the 3 clusters

Given    Inferred Clusters       Number of
 Pop       1      2      3      Individuals

  1:     0.330  0.350  0.319      358
  2:     0.345  0.328  0.327      1039
  3:     0.330  0.340  0.330      603
--------------------------------------------

 Rep#:   Lambda   Alpha      F1    F2    F3     D1,2  D1,3  D2,3    Ln Like 
 5000:    1.00    1.453    0.019 0.001 0.036    0.009 0.021 0.014   --  
 5100:    1.00    1.443    0.026 0.001 0.029    0.008 0.017 0.013   --  
 5200:    1.00    1.524    0.022 0.001 0.037    0.008 0.019 0.013   --  
 5300:    1.00    1.625    0.024 0.001 0.035    0.009 0.026 0.015   --  
 5400:    1.00    1.738    0.027 0.001 0.032    0.010 0.026 0.012   --  
 5500:    1.00    1.735    0.023 0.001 0.039    0.010 0.027 0.015   --  
 5600:    1.00    2.056    0.026 0.001 0.035    0.011 0.028 0.015   --  
 5700:    1.00    1.854    0.039 0.001 0.047    0.012 0.030 0.016   --  
 5800:    1.00    1.751    0.031 0.001 0.051    0.012 0.030 0.015   --  
 5900:    1.00    1.820    0.025 0.001 0.033    0.010 0.027 0.013   --  

--------------------------------------------
Proportion of membership of each pre-defined
 population in each of the 3 clusters

Given    Inferred Clusters       Number of
 Pop       1      2      3      Individuals

  1:     0.318  0.336  0.346      358
  2:     0.329  0.344  0.328      1039
  3:     0.333  0.343  0.325      603
--------------------------------------------

 Rep#:   Lambda   Alpha      F1    F2    F3     D1,2  D1,3  D2,3    Ln Like 
 6000:    1.00    1.818    0.024 0.001 0.028    0.009 0.023 0.011   --  
 6100:    1.00    1.779    0.016 0.001 0.032    0.009 0.023 0.011   --  
 6200:    1.00    1.745    0.016 0.001 0.039    0.007 0.019 0.014   --  
 6300:    1.00    1.692    0.020 0.001 0.053    0.008 0.023 0.017   --  
 6400:    1.00    2.048    0.030 0.001 0.044    0.012 0.032 0.023   --  
 6500:    1.00    1.869    0.025 0.001 0.055    0.011 0.034 0.020   --  
 6600:    1.00    1.810    0.031 0.001 0.045    0.014 0.029 0.019   --  
 6700:    1.00    1.666    0.031 0.001 0.046    0.012 0.029 0.021   --  
 6800:    1.00    1.862    0.034 0.001 0.051    0.013 0.027 0.016   --  
 6900:    1.00    1.912    0.042 0.001 0.043    0.015 0.029 0.016   --  

--------------------------------------------
Proportion of membership of each pre-defined
 population in each of the 3 clusters

Given    Inferred Clusters       Number of
 Pop       1      2      3      Individuals

  1:     0.325  0.347  0.328      358
  2:     0.330  0.335  0.335      1039
  3:     0.338  0.344  0.318      603
--------------------------------------------

 Rep#:   Lambda   Alpha      F1    F2    F3     D1,2  D1,3  D2,3    Ln Like 
 7000:    1.00    2.113    0.043 0.001 0.040    0.014 0.032 0.017   --  
 7100:    1.00    2.233    0.039 0.001 0.035    0.019 0.038 0.016   --  
 7200:    1.00    2.167    0.040 0.001 0.035    0.015 0.030 0.015   --  
 7300:    1.00    2.640    0.042 0.001 0.054    0.016 0.039 0.017   --  
 7400:    1.00    3.154    0.035 0.001 0.049    0.016 0.047 0.021   --  
 7500:    1.00    2.948    0.034 0.001 0.061    0.013 0.042 0.024   --  
 7600:    1.00    2.824    0.042 0.001 0.049    0.012 0.037 0.020   --  
 7700:    1.00    2.906    0.030 0.001 0.058    0.014 0.037 0.020   --  
 7800:    1.00    2.820    0.036 0.001 0.062    0.019 0.050 0.026   --  
 7900:    1.00    2.563    0.033 0.001 0.051    0.016 0.044 0.023   --  

--------------------------------------------
Proportion of membership of each pre-defined
 population in each of the 3 clusters

Given    Inferred Clusters       Number of
 Pop       1      2      3      Individuals

  1:     0.327  0.347  0.326      358
  2:     0.331  0.330  0.338      1039
  3:     0.338  0.325  0.337      603
--------------------------------------------

 Rep#:   Lambda   Alpha      F1    F2    F3     D1,2  D1,3  D2,3    Ln Like 
 8000:    1.00    2.480    0.035 0.001 0.064    0.013 0.039 0.025   --  
 8100:    1.00    2.430    0.036 0.001 0.065    0.013 0.038 0.026   --  
 8200:    1.00    2.501    0.037 0.001 0.057    0.019 0.036 0.017   --  
 8300:    1.00    2.574    0.042 0.001 0.056    0.017 0.039 0.023   --  
 8400:    1.00    2.837    0.046 0.001 0.082    0.020 0.045 0.024   --  
 8500:    1.00    2.951    0.055 0.001 0.059    0.021 0.043 0.023   --  
 8600:    1.00    2.917    0.042 0.001 0.055    0.017 0.044 0.023   --  
 8700:    1.00    2.668    0.035 0.001 0.060    0.017 0.044 0.020   --  
 8800:    1.00    2.628    0.041 0.001 0.081    0.021 0.043 0.019   --  
 8900:    1.00    2.749    0.039 0.001 0.072    0.016 0.049 0.027   --  

--------------------------------------------
Proportion of membership of each pre-defined
 population in each of the 3 clusters

Given    Inferred Clusters       Number of
 Pop       1      2      3      Individuals

  1:     0.325  0.332  0.343      358
  2:     0.332  0.338  0.330      1039
  3:     0.326  0.338  0.336      603
--------------------------------------------

 Rep#:   Lambda   Alpha      F1    F2    F3     D1,2  D1,3  D2,3    Ln Like 
 9000:    1.00    2.519    0.041 0.001 0.067    0.015 0.039 0.022   --  
 9100:    1.00    2.646    0.033 0.001 0.067    0.013 0.040 0.028   --  
 9200:    1.00    2.652    0.037 0.001 0.064    0.016 0.036 0.023   --  
 9300:    1.00    2.842    0.035 0.001 0.061    0.014 0.031 0.023   --  
 9400:    1.00    2.932    0.042 0.001 0.072    0.018 0.037 0.019   --  
 9500:    1.00    3.119    0.043 0.001 0.078    0.016 0.042 0.030   --  
 9600:    1.00    3.263    0.050 0.001 0.082    0.017 0.036 0.023   --  
 9700:    1.00    3.361    0.045 0.001 0.078    0.019 0.042 0.024   --  
 9800:    1.00    3.575    0.054 0.001 0.071    0.017 0.049 0.024   --  
 9900:    1.00    3.812    0.047 0.001 0.071    0.027 0.060 0.027   --  

--------------------------------------------
Proportion of membership of each pre-defined
 population in each of the 3 clusters

Given    Inferred Clusters       Number of
 Pop       1      2      3      Individuals

  1:     0.339  0.335  0.326      358
  2:     0.335  0.329  0.337      1039
  3:     0.326  0.341  0.333      603
--------------------------------------------

 Rep#:   Lambda   Alpha      F1    F2    F3     D1,2  D1,3  D2,3    Ln Like 
10000:    1.00    3.762    0.053 0.001 0.081    0.022 0.057 0.031   --  
10100:    1.00    4.105    0.052 0.001 0.065    0.020 0.050 0.028   --  
10200:    1.00    4.194    0.056 0.001 0.065    0.014 0.042 0.027   --  
10300:    1.00    4.465    0.064 0.001 0.066    0.029 0.055 0.029   --  
10400:    1.00    4.769    0.060 0.001 0.059    0.028 0.053 0.023   --  
10500:    1.00    4.788    0.061 0.001 0.074    0.025 0.062 0.031   --  
10600:    1.00    4.733    0.064 0.001 0.069    0.034 0.071 0.024   --  
10700:    1.00    4.879    0.099 0.001 0.104    0.038 0.086 0.039   --  
10800:    1.00    4.896    0.071 0.001 0.135    0.032 0.076 0.036   --  
10900:    1.00    4.851    0.079 0.001 0.120    0.038 0.088 0.041   --  

--------------------------------------------
Proportion of membership of each pre-defined
 population in each of the 3 clusters

Given    Inferred Clusters       Number of
 Pop       1      2      3      Individuals

  1:     0.331  0.337  0.332      358
  2:     0.333  0.332  0.335      1039
  3:     0.329  0.336  0.334      603
--------------------------------------------

 Rep#:   Lambda   Alpha      F1    F2    F3     D1,2  D1,3  D2,3    Ln Like 
11000:    1.00    5.070    0.062 0.001 0.127    0.030 0.072 0.038   --  
11100:    1.00    5.356    0.073 0.001 0.116    0.033 0.099 0.046   --  
11200:    1.00    5.417    0.050 0.001 0.106    0.020 0.057 0.041   --  
11300:    1.00    5.784    0.067 0.001 0.156    0.022 0.068 0.049   --  
11400:    1.00    5.822    0.056 0.001 0.136    0.017 0.077 0.048   --  
11500:    1.00    6.217    0.069 0.001 0.100    0.032 0.085 0.045   --  
11600:    1.00    6.091    0.072 0.001 0.110    0.033 0.072 0.042   --  
11700:    1.00    6.166    0.052 0.001 0.096    0.025 0.074 0.045   --  
11800:    1.00    6.363    0.062 0.001 0.120    0.027 0.080 0.043   --  
11900:    1.00    6.393    0.105 0.001 0.085    0.031 0.078 0.036   --  

--------------------------------------------
Proportion of membership of each pre-defined
 population in each of the 3 clusters

Given    Inferred Clusters       Number of
 Pop       1      2      3      Individuals

  1:     0.332  0.332  0.336      358
  2:     0.329  0.336  0.335      1039
  3:     0.338  0.333  0.329      603
--------------------------------------------

 Rep#:   Lambda   Alpha      F1    F2    F3     D1,2  D1,3  D2,3    Ln Like 
12000:    1.00    6.758    0.095 0.001 0.093    0.038 0.077 0.036   --  
12100:    1.00    6.720    0.079 0.001 0.099    0.025 0.059 0.032   --  
12200:    1.00    6.286    0.072 0.001 0.129    0.029 0.063 0.038   --  
12300:    1.00    6.215    0.078 0.001 0.100    0.029 0.071 0.034   --  
12400:    1.00    6.218    0.057 0.001 0.124    0.027 0.079 0.052   --  
12500:    1.00    6.367    0.051 0.001 0.116    0.019 0.073 0.049   --  
12600:    1.00    6.665    0.065 0.001 0.106    0.022 0.063 0.040   --  
12700:    1.00    6.860    0.053 0.001 0.108    0.022 0.071 0.049   --  
12800:    1.00    6.975    0.065 0.001 0.135    0.024 0.062 0.038   --  
12900:    1.00    6.699    0.072 0.001 0.106    0.031 0.075 0.038   --  

--------------------------------------------
Proportion of membership of each pre-defined
 population in each of the 3 clusters

Given    Inferred Clusters       Number of
 Pop       1      2      3      Individuals

  1:     0.335  0.331  0.335      358
  2:     0.334  0.332  0.334      1039
  3:     0.332  0.340  0.328      603
--------------------------------------------

 Rep#:   Lambda   Alpha      F1    F2    F3     D1,2  D1,3  D2,3    Ln Like 
13000:    1.00    6.579    0.093 0.001 0.105    0.035 0.086 0.040   --  
13100:    1.00    6.553    0.096 0.001 0.112    0.032 0.077 0.041   --  
13200:    1.00    6.453    0.083 0.001 0.172    0.037 0.091 0.046   --  
13300:    1.00    6.202    0.112 0.001 0.137    0.029 0.082 0.055   --  
13400:    1.00    6.171    0.048 0.001 0.090    0.027 0.076 0.048   --  
13500:    1.00    6.387    0.094 0.001 0.111    0.029 0.082 0.043   --  
13600:    1.00    5.931    0.092 0.001 0.130    0.033 0.089 0.043   --  
13700:    1.00    5.857    0.081 0.001 0.167    0.033 0.091 0.047   --  
13800:    1.00    5.909    0.113 0.001 0.091    0.041 0.088 0.037   --  
13900:    1.00    5.912    0.133 0.001 0.116    0.049 0.098 0.036   --  

--------------------------------------------
Proportion of membership of each pre-defined
 population in each of the 3 clusters

Given    Inferred Clusters       Number of
 Pop       1      2      3      Individuals

  1:     0.333  0.324  0.343      358
  2:     0.338  0.328  0.334      1039
  3:     0.332  0.333  0.335      603
--------------------------------------------

 Rep#:   Lambda   Alpha      F1    F2    F3     D1,2  D1,3  D2,3    Ln Like 
14000:    1.00    6.002    0.124 0.001 0.159    0.048 0.097 0.042   --  
14100:    1.00    6.216    0.087 0.001 0.175    0.043 0.107 0.055   --  
14200:    1.00    6.483    0.130 0.001 0.158    0.047 0.120 0.061   --  
14300:    1.00    6.426    0.108 0.001 0.113    0.046 0.095 0.056   --  
14400:    1.00    6.101    0.119 0.001 0.120    0.045 0.099 0.052   --  
14500:    1.00    6.276    0.105 0.001 0.138    0.032 0.088 0.051   --  
14600:    1.00    6.219    0.074 0.001 0.118    0.040 0.090 0.044   --  
14700:    1.00    6.116    0.072 0.001 0.104    0.026 0.079 0.053   --  
14800:    1.00    5.898    0.072 0.001 0.176    0.031 0.094 0.055   --  
14900:    1.00    5.933    0.088 0.001 0.111    0.038 0.085 0.053   --  

--------------------------------------------
Proportion of membership of each pre-defined
 population in each of the 3 clusters

Given    Inferred Clusters       Number of
 Pop       1      2      3      Individuals

  1:     0.331  0.327  0.342      358
  2:     0.336  0.328  0.336      1039
  3:     0.327  0.335  0.338      603
--------------------------------------------

 Rep#:   Lambda   Alpha      F1    F2    F3     D1,2  D1,3  D2,3    Ln Like 
15000:    1.00    5.782    0.091 0.001 0.142    0.035 0.085 0.051   --  
15100:    1.00    5.919    0.076 0.001 0.157    0.027 0.088 0.056   --  
15200:    1.00    6.162    0.072 0.001 0.168    0.031 0.091 0.061   --  
15300:    1.00    6.623    0.090 0.001 0.162    0.037 0.086 0.053   --  
15400:    1.00    6.918    0.064 0.001 0.158    0.027 0.075 0.059   --  
15500:    1.00    6.749    0.078 0.001 0.132    0.031 0.085 0.048   --  
15600:    1.00    6.896    0.083 0.001 0.164    0.034 0.090 0.058   --  
15700:    1.00    6.857    0.099 0.001 0.167    0.032 0.095 0.059   --  
15800:    1.00    6.467    0.104 0.001 0.135    0.033 0.091 0.052   --  
15900:    1.00    6.335    0.086 0.001 0.208    0.038 0.100 0.056   --  

--------------------------------------------
Proportion of membership of each pre-defined
 population in each of the 3 clusters

Given    Inferred Clusters       Number of
 Pop       1      2      3      Individuals

  1:     0.335  0.337  0.327      358
  2:     0.329  0.337  0.334      1039
  3:     0.326  0.338  0.336      603
--------------------------------------------

 Rep#:   Lambda   Alpha      F1    F2    F3     D1,2  D1,3  D2,3    Ln Like 
16000:    1.00    6.386    0.096 0.002 0.133    0.046 0.104 0.049   --  
16100:    1.00    6.637    0.118 0.001 0.112    0.052 0.104 0.045   --  
16200:    1.00    6.759    0.129 0.001 0.161    0.046 0.109 0.051   --  
16300:    1.00    6.853    0.117 0.001 0.142    0.050 0.109 0.052   --  
16400:    1.00    6.568    0.114 0.001 0.161    0.040 0.098 0.055   --  
16500:    1.00    6.737    0.116 0.001 0.169    0.039 0.099 0.051   --  
16600:    1.00    6.151    0.090 0.001 0.132    0.024 0.085 0.055   --  
16700:    1.00    6.258    0.119 0.001 0.135    0.037 0.115 0.063   --  
16800:    1.00    6.317    0.104 0.001 0.110    0.030 0.083 0.055   --  
16900:    1.00    6.563    0.107 0.001 0.120    0.037 0.096 0.058   --  

--------------------------------------------
Proportion of membership of each pre-defined
 population in each of the 3 clusters

Given    Inferred Clusters       Number of
 Pop       1      2      3      Individuals

  1:     0.332  0.327  0.342      358
  2:     0.342  0.328  0.331      1039
  3:     0.333  0.335  0.332      603
--------------------------------------------

 Rep#:   Lambda   Alpha      F1    F2    F3     D1,2  D1,3  D2,3    Ln Like 
17000:    1.00    6.667    0.084 0.001 0.133    0.034 0.080 0.048   --  
17100:    1.00    6.444    0.097 0.001 0.099    0.029 0.077 0.051   --  
17200:    1.00    6.232    0.072 0.001 0.116    0.026 0.070 0.043   --  
17300:    1.00    6.094    0.063 0.001 0.099    0.026 0.076 0.044   --  
17400:    1.00    6.412    0.071 0.001 0.110    0.030 0.076 0.034   --  
17500:    1.00    6.506    0.077 0.001 0.092    0.038 0.087 0.032   --  
17600:    1.00    6.124    0.074 0.001 0.082    0.033 0.079 0.037   --  
17700:    1.00    6.172    0.079 0.001 0.122    0.034 0.095 0.041   --  
17800:    1.00    6.292    0.097 0.001 0.098    0.039 0.073 0.033   --  
17900:    1.00    6.371    0.088 0.001 0.090    0.029 0.069 0.032   --  

--------------------------------------------
Proportion of membership of each pre-defined
 population in each of the 3 clusters

Given    Inferred Clusters       Number of
 Pop       1      2      3      Individuals

  1:     0.341  0.325  0.335      358
  2:     0.336  0.332  0.332      1039
  3:     0.330  0.338  0.332      603
--------------------------------------------

 Rep#:   Lambda   Alpha      F1    F2    F3     D1,2  D1,3  D2,3    Ln Like 
18000:    1.00    6.229    0.069 0.001 0.084    0.024 0.060 0.034   --  
18100:    1.00    6.548    0.081 0.001 0.124    0.030 0.075 0.043   --  
18200:    1.00    6.405    0.064 0.001 0.112    0.026 0.079 0.041   --  
18300:    1.00    5.976    0.054 0.001 0.091    0.017 0.059 0.036   --  
18400:    1.00    6.092    0.060 0.001 0.112    0.021 0.068 0.039   --  
18500:    1.00    5.952    0.080 0.001 0.074    0.027 0.057 0.028   --  
18600:    1.00    5.788    0.066 0.001 0.095    0.028 0.068 0.038   --  
18700:    1.00    5.390    0.081 0.001 0.121    0.028 0.073 0.045   --  
18800:    1.00    5.327    0.092 0.001 0.100    0.033 0.066 0.033   --  
18900:    1.00    5.302    0.073 0.001 0.095    0.029 0.073 0.038   --  

--------------------------------------------
Proportion of membership of each pre-defined
 population in each of the 3 clusters

Given    Inferred Clusters       Number of
 Pop       1      2      3      Individuals

  1:     0.335  0.333  0.332      358
  2:     0.334  0.330  0.335      1039
  3:     0.333  0.336  0.331      603
--------------------------------------------

 Rep#:   Lambda   Alpha      F1    F2    F3     D1,2  D1,3  D2,3    Ln Like 
19000:    1.00    5.388    0.110 0.001 0.115    0.030 0.077 0.041   --  
19100:    1.00    5.570    0.119 0.001 0.106    0.043 0.100 0.051   --  
19200:    1.00    5.491    0.084 0.001 0.112    0.036 0.090 0.044   --  
19300:    1.00    5.535    0.074 0.001 0.124    0.031 0.091 0.049   --  
19400:    1.00    5.434    0.080 0.001 0.120    0.039 0.104 0.051   --  
19500:    1.00    5.341    0.085 0.001 0.133    0.040 0.078 0.045   --  
19600:    1.00    5.487    0.092 0.001 0.173    0.033 0.079 0.041   --  
19700:    1.00    5.513    0.064 0.001 0.119    0.032 0.088 0.047   --  
19800:    1.00    5.134    0.061 0.001 0.126    0.030 0.096 0.048   --  
19900:    1.00    5.227    0.052 0.001 0.128    0.022 0.075 0.043   --  

--------------------------------------------
Proportion of membership of each pre-defined
 population in each of the 3 clusters

Given    Inferred Clusters       Number of
 Pop       1      2      3      Individuals

  1:     0.339  0.332  0.329      358
  2:     0.332  0.338  0.330      1039
  3:     0.337  0.331  0.332      603
--------------------------------------------

 Rep#:   Lambda   Alpha      F1    F2    F3     D1,2  D1,3  D2,3    Ln Like 
20000:    1.00    5.068    0.056 0.001 0.122    0.021 0.067 0.048   --  
20100:    1.00    5.098    0.070 0.001 0.110    0.027 0.075 0.047   --  
20200:    1.00    5.037    0.095 0.001 0.114    0.029 0.070 0.045   --  
20300:    1.00    5.208    0.091 0.001 0.113    0.034 0.083 0.049   --  
20400:    1.00    5.363    0.096 0.001 0.091    0.037 0.089 0.051   --  
20500:    1.00    5.528    0.111 0.001 0.121    0.032 0.073 0.042   --  
20600:    1.00    5.380    0.095 0.001 0.106    0.033 0.079 0.047   --  
20700:    1.00    5.426    0.087 0.001 0.116    0.037 0.090 0.050   --  
20800:    1.00    5.516    0.078 0.001 0.114    0.031 0.079 0.047   --  
20900:    1.00    5.489    0.073 0.001 0.119    0.027 0.076 0.047   --  

--------------------------------------------
Proportion of membership of each pre-defined
 population in each of the 3 clusters

Given    Inferred Clusters       Number of
 Pop       1      2      3      Individuals

  1:     0.343  0.332  0.325      358
  2:     0.333  0.332  0.335      1039
  3:     0.336  0.337  0.327      603
--------------------------------------------

 Rep#:   Lambda   Alpha      F1    F2    F3     D1,2  D1,3  D2,3    Ln Like 
21000:    1.00    6.017    0.069 0.001 0.170    0.019 0.088 0.067   --  
21100:    1.00    6.272    0.070 0.001 0.208    0.025 0.098 0.062   --  
21200:    1.00    6.263    0.063 0.001 0.126    0.025 0.091 0.059   --  
21300:    1.00    6.165    0.069 0.001 0.110    0.027 0.082 0.050   --  
21400:    1.00    5.901    0.087 0.001 0.116    0.030 0.081 0.043   --  
21500:    1.00    6.139    0.071 0.001 0.104    0.042 0.096 0.046   --  
21600:    1.00    6.272    0.077 0.001 0.094    0.036 0.093 0.049   --  
21700:    1.00    6.558    0.063 0.001 0.106    0.036 0.072 0.048   --  
21800:    1.00    6.283    0.094 0.001 0.122    0.043 0.094 0.054   --  
21900:    1.00    6.504    0.092 0.001 0.151    0.037 0.081 0.053   --  

--------------------------------------------
Proportion of membership of each pre-defined
 population in each of the 3 clusters

Given    Inferred Clusters       Number of
 Pop       1      2      3      Individuals

  1:     0.330  0.338  0.332      358
  2:     0.329  0.333  0.337      1039
  3:     0.334  0.332  0.335      603
--------------------------------------------

 Rep#:   Lambda   Alpha      F1    F2    F3     D1,2  D1,3  D2,3    Ln Like 
22000:    1.00    6.237    0.093 0.001 0.146    0.043 0.095 0.050   --  
22100:    1.00    6.266    0.096 0.001 0.133    0.043 0.097 0.046   --  
22200:    1.00    6.355    0.123 0.001 0.111    0.055 0.110 0.042   --  
22300:    1.00    6.646    0.125 0.001 0.128    0.040 0.094 0.049   --  
22400:    1.00    6.697    0.092 0.001 0.180    0.037 0.105 0.067   --  
22500:    1.00    6.741    0.131 0.001 0.159    0.046 0.098 0.053   --  
22600:    1.00    6.989    0.105 0.001 0.135    0.046 0.097 0.051   --  
22700:    1.00    6.794    0.094 0.001 0.105    0.040 0.086 0.049   --  
22800:    1.00    6.306    0.072 0.001 0.140    0.022 0.094 0.064   --  
22900:    1.00    6.060    0.058 0.001 0.112    0.030 0.072 0.040   --  

--------------------------------------------
Proportion of membership of each pre-defined
 population in each of the 3 clusters

Given    Inferred Clusters       Number of
 Pop       1      2      3      Individuals

  1:     0.327  0.334  0.339      358
  2:     0.333  0.334  0.333      1039
  3:     0.332  0.331  0.337      603
--------------------------------------------

 Rep#:   Lambda   Alpha      F1    F2    F3     D1,2  D1,3  D2,3    Ln Like 
23000:    1.00    5.935    0.069 0.001 0.125    0.035 0.084 0.044   --  
23100:    1.00    5.660    0.087 0.001 0.119    0.030 0.082 0.045   --  
23200:    1.00    5.329    0.079 0.001 0.083    0.036 0.074 0.033   --  
23300:    1.00    5.418    0.107 0.001 0.098    0.036 0.079 0.031   --  
23400:    1.00    5.190    0.084 0.001 0.086    0.043 0.082 0.030   --  
23500:    1.00    5.393    0.093 0.001 0.104    0.031 0.073 0.041   --  
23600:    1.00    5.455    0.113 0.001 0.100    0.041 0.072 0.042   --  
23700:    1.00    6.002    0.122 0.001 0.098    0.043 0.085 0.042   --  
23800:    1.00    5.978    0.079 0.001 0.133    0.031 0.071 0.036   --  
23900:    1.00    6.298    0.088 0.001 0.111    0.028 0.074 0.039   --  

--------------------------------------------
Proportion of membership of each pre-defined
 population in each of the 3 clusters

Given    Inferred Clusters       Number of
 Pop       1      2      3      Individuals

  1:     0.334  0.334  0.332      358
  2:     0.331  0.334  0.335      1039
  3:     0.334  0.330  0.336      603
--------------------------------------------

 Rep#:   Lambda   Alpha      F1    F2    F3     D1,2  D1,3  D2,3    Ln Like 
24000:    1.00    6.361    0.098 0.001 0.096    0.041 0.085 0.035   --  
24100:    1.00    6.535    0.098 0.001 0.071    0.046 0.092 0.038   --  
24200:    1.00    6.898    0.094 0.001 0.097    0.039 0.071 0.032   --  
24300:    1.00    6.838    0.083 0.001 0.084    0.038 0.073 0.031   --  
24400:    1.00    6.906    0.087 0.001 0.084    0.044 0.081 0.034   --  
24500:    1.00    6.425    0.094 0.001 0.096    0.041 0.066 0.028   --  
24600:    1.00    6.054    0.072 0.001 0.099    0.031 0.077 0.039   --  
24700:    1.00    6.051    0.094 0.001 0.093    0.033 0.069 0.038   --  
24800:    1.00    5.922    0.082 0.001 0.095    0.039 0.077 0.034   --  
24900:    1.00    5.791    0.097 0.000 0.126    0.039 0.083 0.035   --  

--------------------------------------------
Proportion of membership of each pre-defined
 population in each of the 3 clusters

Given    Inferred Clusters       Number of
 Pop       1      2      3      Individuals

  1:     0.327  0.335  0.338      358
  2:     0.334  0.333  0.333      1039
  3:     0.328  0.335  0.337      603
--------------------------------------------

 Rep#:   Lambda   Alpha      F1    F2    F3     D1,2  D1,3  D2,3    Ln Like 
25000:    1.00    5.878    0.129 0.000 0.093    0.039 0.082 0.040   --  
25100:    1.00    6.037    0.113 0.000 0.130    0.030 0.070 0.043   --  
25200:    1.00    6.219    0.089 0.000 0.122    0.038 0.094 0.045   --  
25300:    1.00    6.543    0.084 0.000 0.137    0.030 0.083 0.046   --  
25400:    1.00    6.704    0.066 0.000 0.123    0.029 0.101 0.050   --  
25500:    1.00    6.804    0.082 0.000 0.126    0.027 0.083 0.044   --  
25600:    1.00    7.207    0.071 0.000 0.110    0.025 0.071 0.044   --  
25700:    1.00    7.125    0.071 0.000 0.127    0.027 0.072 0.045   --  
25800:    1.00    7.193    0.094 0.000 0.133    0.040 0.085 0.038   --  
25900:    1.00    6.958    0.099 0.000 0.152    0.028 0.076 0.045   --  

--------------------------------------------
Proportion of membership of each pre-defined
 population in each of the 3 clusters

Given    Inferred Clusters       Number of
 Pop       1      2      3      Individuals

  1:     0.334  0.331  0.335      358
  2:     0.329  0.333  0.337      1039
  3:     0.336  0.331  0.333      603
--------------------------------------------

 Rep#:   Lambda   Alpha      F1    F2    F3     D1,2  D1,3  D2,3    Ln Like 
26000:    1.00    7.099    0.092 0.000 0.172    0.034 0.097 0.057   --  
26100:    1.00    7.125    0.079 0.000 0.135    0.037 0.103 0.058   --  
26200:    1.00    7.098    0.116 0.000 0.100    0.044 0.098 0.039   --  
26300:    1.00    7.477    0.086 0.000 0.103    0.040 0.105 0.044   --  
26400:    1.00    7.497    0.089 0.000 0.099    0.039 0.089 0.034   --  
26500:    1.00    7.480    0.109 0.000 0.083    0.048 0.081 0.032   --  
26600:    1.00    7.656    0.112 0.000 0.099    0.040 0.077 0.038   --  
26700:    1.00    7.668    0.104 0.000 0.099    0.037 0.081 0.031   --  
26800:    1.00    7.421    0.100 0.000 0.085    0.038 0.071 0.030   --  
26900:    1.00    7.157    0.115 0.000 0.113    0.037 0.072 0.034   --  

--------------------------------------------
Proportion of membership of each pre-defined
 population in each of the 3 clusters

Given    Inferred Clusters       Number of
 Pop       1      2      3      Individuals

  1:     0.329  0.341  0.330      358
  2:     0.334  0.331  0.335      1039
  3:     0.328  0.335  0.337      603
--------------------------------------------

 Rep#:   Lambda   Alpha      F1    F2    F3     D1,2  D1,3  D2,3    Ln Like 
27000:    1.00    7.171    0.145 0.000 0.119    0.053 0.110 0.042   --  
27100:    1.00    7.342    0.152 0.000 0.116    0.054 0.116 0.050   --  
27200:    1.00    7.874    0.166 0.000 0.106    0.047 0.100 0.047   --  
27300:    1.00    7.886    0.136 0.000 0.119    0.044 0.092 0.040   --  
27400:    1.00    7.891    0.133 0.000 0.132    0.039 0.086 0.040   --  
27500:    1.00    7.947    0.118 0.000 0.113    0.042 0.092 0.045   --  
27600:    1.00    7.552    0.097 0.000 0.121    0.042 0.108 0.043   --  
27700:    1.00    7.641    0.128 0.001 0.137    0.051 0.105 0.056   --  
27800:    1.00    7.941    0.125 0.001 0.092    0.049 0.088 0.035   --  
27900:    1.00    7.639    0.116 0.001 0.080    0.050 0.080 0.026   --  

--------------------------------------------
Proportion of membership of each pre-defined
 population in each of the 3 clusters

Given    Inferred Clusters       Number of
 Pop       1      2      3      Individuals

  1:     0.330  0.336  0.334      358
  2:     0.329  0.333  0.338      1039
  3:     0.334  0.334  0.332      603
--------------------------------------------

 Rep#:   Lambda   Alpha      F1    F2    F3     D1,2  D1,3  D2,3    Ln Like 
28000:    1.00    7.331    0.114 0.001 0.099    0.050 0.090 0.031   --  
28100:    1.00    7.036    0.166 0.001 0.110    0.051 0.094 0.028   --  
28200:    1.00    6.880    0.130 0.001 0.084    0.051 0.092 0.033   --  
28300:    1.00    6.884    0.147 0.001 0.111    0.053 0.081 0.032   --  
28400:    1.00    6.978    0.130 0.001 0.088    0.046 0.093 0.033   --  
28500:    1.00    6.966    0.114 0.001 0.148    0.050 0.102 0.040   --  
28600:    1.00    7.030    0.111 0.001 0.115    0.045 0.093 0.039   --  
28700:    1.00    7.289    0.109 0.001 0.097    0.048 0.100 0.037   --  
28800:    1.00    7.267    0.127 0.001 0.085    0.048 0.081 0.030   --  
28900:    1.00    6.902    0.137 0.001 0.113    0.050 0.088 0.039   --  

--------------------------------------------
Proportion of membership of each pre-defined
 population in each of the 3 clusters

Given    Inferred Clusters       Number of
 Pop       1      2      3      Individuals

  1:     0.342  0.328  0.330      358
  2:     0.329  0.334  0.336      1039
  3:     0.334  0.331  0.335      603
--------------------------------------------

 Rep#:   Lambda   Alpha      F1    F2    F3     D1,2  D1,3  D2,3    Ln Like 
29000:    1.00    6.735    0.114 0.001 0.119    0.047 0.095 0.040   --  
29100:    1.00    6.551    0.111 0.001 0.100    0.041 0.090 0.040   --  
29200:    1.00    6.529    0.099 0.001 0.116    0.039 0.072 0.043   --  
29300:    1.00    6.763    0.109 0.001 0.124    0.041 0.099 0.053   --  
29400:    1.00    6.946    0.118 0.001 0.159    0.043 0.101 0.047   --  
29500:    1.00    7.174    0.120 0.001 0.107    0.039 0.088 0.043   --  
29600:    1.00    7.490    0.103 0.001 0.110    0.037 0.088 0.044   --  
29700:    1.00    7.369    0.114 0.001 0.105    0.045 0.092 0.044   --  
29800:    1.00    7.021    0.138 0.001 0.098    0.042 0.099 0.045   --  
29900:    1.00    6.969    0.109 0.001 0.106    0.038 0.085 0.047   --  

--------------------------------------------
Proportion of membership of each pre-defined
 population in each of the 3 clusters

Given    Inferred Clusters       Number of
 Pop       1      2      3      Individuals

  1:     0.333  0.337  0.330      358
  2:     0.341  0.322  0.337      1039
  3:     0.337  0.332  0.331      603
--------------------------------------------

 Rep#:   Lambda   Alpha      F1    F2    F3     D1,2  D1,3  D2,3    Ln Like 
30000:    1.00    7.100    0.110 0.001 0.117    0.043 0.093 0.045   --  
30100:    1.00    6.750    0.109 0.001 0.138    0.040 0.109 0.055   --  
30200:    1.00    6.676    0.099 0.001 0.141    0.045 0.102 0.057   --  
30300:    1.00    6.398    0.146 0.001 0.132    0.053 0.095 0.053   --  
30400:    1.00    6.359    0.134 0.001 0.133    0.053 0.113 0.044   --  
30500:    1.00    6.243    0.117 0.001 0.166    0.046 0.114 0.048   --  
30600:    1.00    6.332    0.098 0.001 0.133    0.045 0.095 0.043   --  
30700:    1.00    6.376    0.105 0.001 0.168    0.056 0.105 0.048   --  
30800:    1.00    6.474    0.139 0.001 0.116    0.048 0.083 0.029   --  
30900:    1.00    6.418    0.132 0.001 0.100    0.039 0.083 0.038   --  

--------------------------------------------
Proportion of membership of each pre-defined
 population in each of the 3 clusters

Given    Inferred Clusters       Number of
 Pop       1      2      3      Individuals

  1:     0.335  0.331  0.335      358
  2:     0.330  0.330  0.340      1039
  3:     0.326  0.339  0.335      603
--------------------------------------------

 Rep#:   Lambda   Alpha      F1    F2    F3     D1,2  D1,3  D2,3    Ln Like 
31000:    1.00    6.647    0.151 0.001 0.111    0.038 0.076 0.043   --  
31100:    1.00    6.645    0.109 0.001 0.083    0.036 0.073 0.037   --  
31200:    1.00    7.045    0.095 0.001 0.108    0.034 0.082 0.041   --  
31300:    1.00    7.324    0.111 0.001 0.102    0.035 0.092 0.040   --  
31400:    1.00    7.453    0.109 0.001 0.097    0.049 0.100 0.046   --  
31500:    1.00    7.538    0.104 0.001 0.140    0.039 0.089 0.047   --  
31600:    1.00    7.406    0.109 0.001 0.100    0.036 0.072 0.047   --  
31700:    1.00    7.328    0.108 0.002 0.092    0.038 0.075 0.033   --  
31800:    1.00    7.142    0.100 0.002 0.069    0.041 0.072 0.028   --  
31900:    1.00    7.074    0.112 0.002 0.091    0.040 0.081 0.029   --  

--------------------------------------------
Proportion of membership of each pre-defined
 population in each of the 3 clusters

Given    Inferred Clusters       Number of
 Pop       1      2      3      Individuals

  1:     0.337  0.334  0.329      358
  2:     0.331  0.334  0.335      1039
  3:     0.333  0.332  0.336      603
--------------------------------------------

 Rep#:   Lambda   Alpha      F1    F2    F3     D1,2  D1,3  D2,3    Ln Like 
32000:    1.00    7.253    0.074 0.002 0.097    0.034 0.075 0.032   --  
32100:    1.00    7.569    0.102 0.002 0.136    0.033 0.091 0.053   --  
32200:    1.00    7.392    0.099 0.002 0.119    0.036 0.080 0.043   --  
32300:    1.00    7.480    0.104 0.002 0.146    0.040 0.098 0.056   --  
32400:    1.00    7.340    0.111 0.002 0.146    0.044 0.095 0.058   --  
32500:    1.00    7.009    0.075 0.002 0.115    0.028 0.091 0.052   --  
32600:    1.00    7.076    0.102 0.002 0.151    0.034 0.108 0.062   --  
32700:    1.00    7.195    0.077 0.002 0.140    0.028 0.092 0.051   --  
32800:    1.00    7.298    0.087 0.002 0.126    0.032 0.080 0.044   --  
32900:    1.00    7.087    0.103 0.002 0.147    0.032 0.091 0.053   --  

--------------------------------------------
Proportion of membership of each pre-defined
 population in each of the 3 clusters

Given    Inferred Clusters       Number of
 Pop       1      2      3      Individuals

  1:     0.336  0.334  0.329      358
  2:     0.337  0.327  0.336      1039
  3:     0.328  0.330  0.341      603
--------------------------------------------

 Rep#:   Lambda   Alpha      F1    F2    F3     D1,2  D1,3  D2,3    Ln Like 
33000:    1.00    6.932    0.105 0.002 0.139    0.038 0.083 0.047   --  
33100:    1.00    7.053    0.116 0.002 0.148    0.035 0.092 0.054   --  
33200:    1.00    7.332    0.099 0.002 0.119    0.033 0.099 0.054   --  
33300:    1.00    7.389    0.086 0.002 0.124    0.032 0.073 0.043   --  
33400:    1.00    7.166    0.138 0.002 0.105    0.048 0.087 0.043   --  
33500:    1.00    7.071    0.146 0.002 0.131    0.040 0.082 0.045   --  
33600:    1.00    7.143    0.153 0.003 0.143    0.060 0.121 0.059   --  
33700:    1.00    6.856    0.122 0.003 0.158    0.051 0.128 0.055   --  
33800:    1.00    7.479    0.129 0.003 0.136    0.056 0.107 0.045   --  
33900:    1.00    7.817    0.129 0.003 0.123    0.059 0.121 0.052   --  

--------------------------------------------
Proportion of membership of each pre-defined
 population in each of the 3 clusters

Given    Inferred Clusters       Number of
 Pop       1      2      3      Individuals

  1:     0.338  0.333  0.329      358
  2:     0.339  0.333  0.328      1039
  3:     0.332  0.330  0.339      603
--------------------------------------------

 Rep#:   Lambda   Alpha      F1    F2    F3     D1,2  D1,3  D2,3    Ln Like 
34000:    1.00    7.727    0.103 0.003 0.195    0.043 0.117 0.064   --  
34100:    1.00    7.663    0.083 0.004 0.177    0.032 0.098 0.064   --  
34200:    1.00    7.723    0.135 0.005 0.174    0.043 0.115 0.062   --  
34300:    1.00    8.269    0.116 0.004 0.166    0.042 0.088 0.055   --  
34400:    1.00    8.578    0.155 0.004 0.158    0.049 0.131 0.059   --  
34500:    1.00    8.326    0.154 0.005 0.156    0.046 0.131 0.065   --  
34600:    1.00    8.408    0.109 0.007 0.121    0.037 0.093 0.056   --  
34700:    1.00    8.279    0.108 0.009 0.113    0.039 0.095 0.059   --  
34800:    1.00    8.772    0.123 0.008 0.141    0.038 0.097 0.049   --  
34900:    1.00    8.740    0.098 0.008 0.151    0.041 0.103 0.055   --  

--------------------------------------------
Proportion of membership of each pre-defined
 population in each of the 3 clusters

Given    Inferred Clusters       Number of
 Pop       1      2      3      Individuals

  1:     0.340  0.328  0.333      358
  2:     0.336  0.331  0.334      1039
  3:     0.328  0.340  0.332      603
--------------------------------------------

 Rep#:   Lambda   Alpha      F1    F2    F3     D1,2  D1,3  D2,3    Ln Like 
35000:    1.00    9.076    0.107 0.012 0.153    0.034 0.094 0.074   --  
35100:    1.00    9.200    0.106 0.011 0.132    0.041 0.093 0.052   --  
35200:    1.00    9.027    0.116 0.010 0.159    0.045 0.090 0.058   --  
35300:    1.00    9.135    0.136 0.009 0.123    0.042 0.096 0.052   --  
35400:    1.00    9.413    0.116 0.007 0.200    0.045 0.124 0.067   --  
35500:    1.00    9.481    0.137 0.008 0.164    0.051 0.102 0.057   --  
35600:    1.00    9.462    0.161 0.007 0.185    0.069 0.147 0.062   --  
35700:    1.00    9.727    0.196 0.008 0.157    0.079 0.145 0.074   --  
35800:    1.00    9.550    0.140 0.008 0.165    0.079 0.142 0.071   --  
35900:    1.00    9.400    0.112 0.012 0.198    0.051 0.125 0.086   --  

--------------------------------------------
Proportion of membership of each pre-defined
 population in each of the 3 clusters

Given    Inferred Clusters       Number of
 Pop       1      2      3      Individuals

  1:     0.329  0.334  0.337      358
  2:     0.333  0.334  0.333      1039
  3:     0.331  0.338  0.331      603
--------------------------------------------

 Rep#:   Lambda   Alpha      F1    F2    F3     D1,2  D1,3  D2,3    Ln Like 
36000:    1.00    9.103    0.110 0.012 0.155    0.040 0.125 0.084   --  
36100:    1.00    9.148    0.126 0.007 0.173    0.045 0.124 0.087   --  
36200:    1.00    9.031    0.115 0.007 0.150    0.041 0.115 0.073   --  
36300:    1.00    9.210    0.127 0.007 0.165    0.046 0.107 0.070   --  
36400:    1.00    9.060    0.102 0.010 0.142    0.049 0.100 0.054   --  
36500:    1.00    8.835    0.127 0.010 0.155    0.042 0.101 0.059   --  
36600:    1.00    8.821    0.166 0.009 0.147    0.054 0.140 0.065   --  
36700:    1.00    8.645    0.162 0.011 0.174    0.054 0.125 0.066   --  
36800:    1.00    8.772    0.147 0.011 0.168    0.057 0.142 0.071   --  
36900:    1.00    8.537    0.184 0.013 0.217    0.062 0.140 0.071   --  

--------------------------------------------
Proportion of membership of each pre-defined
 population in each of the 3 clusters

Given    Inferred Clusters       Number of
 Pop       1      2      3      Individuals

  1:     0.333  0.337  0.330      358
  2:     0.335  0.331  0.334      1039
  3:     0.332  0.336  0.332      603
--------------------------------------------

 Rep#:   Lambda   Alpha      F1    F2    F3     D1,2  D1,3  D2,3    Ln Like 
37000:    1.00    8.938    0.181 0.013 0.141    0.075 0.131 0.053   --  
37100:    1.00    8.971    0.153 0.009 0.171    0.066 0.131 0.056   --  
37200:    1.00    8.861    0.174 0.009 0.117    0.064 0.128 0.057   --  
37300:    1.00    8.970    0.177 0.012 0.114    0.059 0.107 0.055   --  
37400:    1.00    9.041    0.213 0.009 0.135    0.064 0.116 0.045   --  
37500:    1.00    8.983    0.176 0.012 0.104    0.076 0.119 0.050   --  
37600:    1.00    9.214    0.182 0.010 0.114    0.084 0.116 0.046   --  
37700:    1.00    9.343    0.208 0.008 0.130    0.084 0.130 0.054   --  
37800:    1.00    9.447    0.255 0.008 0.148    0.074 0.129 0.059   --  
37900:    1.00    9.433    0.254 0.010 0.140    0.092 0.158 0.061   --  

--------------------------------------------
Proportion of membership of each pre-defined
 population in each of the 3 clusters

Given    Inferred Clusters       Number of
 Pop       1      2      3      Individuals

  1:     0.344  0.327  0.329      358
  2:     0.338  0.332  0.330      1039
  3:     0.329  0.336  0.336      603
--------------------------------------------

 Rep#:   Lambda   Alpha      F1    F2    F3     D1,2  D1,3  D2,3    Ln Like 
38000:    1.00    9.342    0.232 0.010 0.140    0.085 0.163 0.070   --  
38100:    1.00    9.330    0.214 0.010 0.150    0.090 0.147 0.062   --  
38200:    1.00    9.234    0.195 0.009 0.098    0.077 0.126 0.042   --  
38300:    1.00    8.966    0.158 0.007 0.137    0.063 0.115 0.054   --  
38400:    1.00    8.729    0.182 0.009 0.149    0.069 0.129 0.073   --  
38500:    1.00    9.020    0.230 0.012 0.102    0.070 0.111 0.046   --  
38600:    1.00    8.865    0.169 0.010 0.092    0.069 0.090 0.038   --  
38700:    1.00    8.858    0.193 0.010 0.094    0.075 0.125 0.043   --  
38800:    1.00    8.871    0.223 0.012 0.123    0.065 0.106 0.048   --  
38900:    1.00    8.799    0.224 0.012 0.095    0.068 0.117 0.040   --  

--------------------------------------------
Proportion of membership of each pre-defined
 population in each of the 3 clusters

Given    Inferred Clusters       Number of
 Pop       1      2      3      Individuals

  1:     0.334  0.327  0.339      358
  2:     0.338  0.332  0.330      1039
  3:     0.332  0.330  0.338      603
--------------------------------------------

 Rep#:   Lambda   Alpha      F1    F2    F3     D1,2  D1,3  D2,3    Ln Like 
39000:    1.00    9.092    0.181 0.012 0.104    0.077 0.117 0.041   --  
39100:    1.00    8.807    0.187 0.009 0.096    0.071 0.122 0.030   --  
39200:    1.00    9.108    0.139 0.012 0.081    0.075 0.114 0.042   --  
39300:    1.00    8.944    0.159 0.013 0.090    0.051 0.100 0.043   --  
39400:    1.00    8.662    0.152 0.014 0.103    0.059 0.098 0.042   --  
39500:    1.00    8.768    0.172 0.016 0.103    0.070 0.119 0.042   --  
39600:    1.00    8.694    0.166 0.015 0.141    0.070 0.110 0.059   --  
39700:    1.00    8.890    0.110 0.016 0.110    0.057 0.091 0.056   --  
39800:    1.00    8.864    0.141 0.013 0.168    0.045 0.111 0.066   --  
39900:    1.00    8.781    0.116 0.016 0.140    0.045 0.099 0.049   --  

--------------------------------------------
Proportion of membership of each pre-defined
 population in each of the 3 clusters

Given    Inferred Clusters       Number of
 Pop       1      2      3      Individuals

  1:     0.340  0.334  0.326      358
  2:     0.336  0.333  0.331      1039
  3:     0.331  0.335  0.334      603
--------------------------------------------

 Rep#:   Lambda   Alpha      F1    F2    F3     D1,2  D1,3  D2,3    Ln Like 
40000:    1.00    8.768    0.149 0.016 0.142    0.074 0.115 0.048   --  
40100:    1.00    9.204    0.119 0.015 0.127    0.067 0.129 0.062   --  
40200:    1.00    9.333    0.196 0.016 0.120    0.070 0.111 0.064   --  
40300:    1.00    9.205    0.171 0.021 0.151    0.061 0.100 0.054   --  
40400:    1.00    9.040    0.120 0.021 0.135    0.070 0.112 0.059   --  
40500:    1.00    9.626    0.192 0.022 0.133    0.079 0.115 0.057   --  
40600:    1.00    9.718    0.138 0.021 0.131    0.059 0.113 0.063   --  
40700:    1.00    9.879    0.125 0.024 0.171    0.068 0.114 0.074   --  
40800:    1.00    9.945    0.164 0.018 0.144    0.071 0.114 0.061   --  
40900:    1.00    9.848    0.186 0.013 0.137    0.078 0.115 0.048   --  

--------------------------------------------
Proportion of membership of each pre-defined
 population in each of the 3 clusters

Given    Inferred Clusters       Number of
 Pop       1      2      3      Individuals

  1:     0.342  0.330  0.328      358
  2:     0.336  0.334  0.330      1039
  3:     0.336  0.333  0.331      603
--------------------------------------------

 Rep#:   Lambda   Alpha      F1    F2    F3     D1,2  D1,3  D2,3    Ln Like 
41000:    1.00    9.698    0.237 0.011 0.131    0.070 0.106 0.050   --  
41100:    1.00    9.519    0.171 0.008 0.105    0.079 0.113 0.043   --  
41200:    1.00    9.496    0.162 0.008 0.117    0.081 0.135 0.052   --  
41300:    1.00    9.833    0.195 0.008 0.140    0.082 0.140 0.054   --  
41400:    1.00    9.781    0.159 0.008 0.171    0.064 0.144 0.064   --  
41500:    1.00    9.373    0.143 0.008 0.152    0.059 0.115 0.054   --  
41600:    1.00    9.323    0.123 0.008 0.148    0.064 0.099 0.049   --  
41700:    1.00    9.548    0.093 0.008 0.149    0.043 0.095 0.061   --  
41800:    1.00    9.849    0.087 0.008 0.193    0.034 0.098 0.071   --  
41900:    1.00    9.513    0.090 0.008 0.173    0.030 0.092 0.062   --  

--------------------------------------------
Proportion of membership of each pre-defined
 population in each of the 3 clusters

Given    Inferred Clusters       Number of
 Pop       1      2      3      Individuals

  1:     0.337  0.333  0.331      358
  2:     0.336  0.328  0.336      1039
  3:     0.338  0.332  0.330      603
--------------------------------------------

 Rep#:   Lambda   Alpha      F1    F2    F3     D1,2  D1,3  D2,3    Ln Like 
42000:    1.00    9.415    0.094 0.009 0.195    0.041 0.103 0.070   --  
42100:    1.00    9.581    0.128 0.008 0.166    0.056 0.097 0.052   --  
42200:    1.00    9.791    0.121 0.010 0.150    0.036 0.104 0.064   --  
42300:    1.00    9.967    0.124 0.011 0.176    0.050 0.113 0.063   --  
42400:    1.00    9.966    0.136 0.009 0.131    0.046 0.105 0.067   --  
42500:    1.00    9.813    0.127 0.009 0.163    0.042 0.100 0.064   --  
42600:    1.00    9.465    0.090 0.009 0.124    0.043 0.069 0.044   --  
42700:    1.00    9.492    0.090 0.009 0.129    0.036 0.073 0.051   --  
42800:    1.00    9.977    0.136 0.011 0.124    0.037 0.086 0.063   --  
42900:    1.00    9.973    0.106 0.011 0.115    0.044 0.076 0.056   --  

--------------------------------------------
Proportion of membership of each pre-defined
 population in each of the 3 clusters

Given    Inferred Clusters       Number of
 Pop       1      2      3      Individuals

  1:     0.330  0.333  0.336      358
  2:     0.331  0.334  0.335      1039
  3:     0.334  0.332  0.334      603
--------------------------------------------

 Rep#:   Lambda   Alpha      F1    F2    F3     D1,2  D1,3  D2,3    Ln Like 
43000:    1.00    9.977    0.095 0.007 0.147    0.036 0.078 0.050   --  
43100:    1.00    9.440    0.085 0.008 0.133    0.040 0.093 0.065   --  
43200:    1.00    9.090    0.076 0.006 0.142    0.039 0.089 0.054   --  
43300:    1.00    9.239    0.080 0.006 0.167    0.034 0.094 0.055   --  
43400:    1.00    9.255    0.075 0.005 0.136    0.037 0.097 0.059   --  
43500:    1.00    9.026    0.114 0.005 0.123    0.046 0.085 0.041   --  
43600:    1.00    9.277    0.119 0.004 0.130    0.042 0.098 0.058   --  
43700:    1.00    9.946    0.091 0.005 0.163    0.039 0.107 0.062   --  
43800:    1.00    9.895    0.105 0.005 0.148    0.042 0.121 0.070   --  
43900:    1.00    9.809    0.120 0.005 0.146    0.046 0.108 0.066   --  

--------------------------------------------
Proportion of membership of each pre-defined
 population in each of the 3 clusters

Given    Inferred Clusters       Number of
 Pop       1      2      3      Individuals

  1:     0.335  0.337  0.328      358
  2:     0.330  0.332  0.338      1039
  3:     0.336  0.341  0.323      603
--------------------------------------------

 Rep#:   Lambda   Alpha      F1    F2    F3     D1,2  D1,3  D2,3    Ln Like 
44000:    1.00    9.794    0.106 0.005 0.125    0.041 0.098 0.052   --  
44100:    1.00    9.663    0.090 0.006 0.113    0.046 0.116 0.057   --  
44200:    1.00    9.381    0.110 0.006 0.101    0.043 0.091 0.052   --  
44300:    1.00    9.229    0.121 0.006 0.128    0.059 0.125 0.066   --  
44400:    1.00    9.340    0.134 0.006 0.123    0.066 0.109 0.055   --  
44500:    1.00    9.170    0.123 0.005 0.142    0.053 0.106 0.056   --  
44600:    1.00    9.064    0.110 0.005 0.135    0.056 0.128 0.058   --  
44700:    1.00    8.915    0.118 0.006 0.127    0.049 0.093 0.045   --  
44800:    1.00    8.848    0.119 0.006 0.108    0.041 0.082 0.046   --  
44900:    1.00    8.640    0.128 0.005 0.115    0.060 0.113 0.056   --  

--------------------------------------------
Proportion of membership of each pre-defined
 population in each of the 3 clusters

Given    Inferred Clusters       Number of
 Pop       1      2      3      Individuals

  1:     0.342  0.335  0.322      358
  2:     0.338  0.331  0.331      1039
  3:     0.332  0.333  0.334      603
--------------------------------------------

 Rep#:   Lambda   Alpha      F1    F2    F3     D1,2  D1,3  D2,3    Ln Like 
45000:    1.00    8.540    0.132 0.004 0.152    0.041 0.091 0.043   --  
45100:    1.00    8.570    0.097 0.004 0.121    0.039 0.090 0.050   --  
45200:    1.00    8.540    0.133 0.004 0.096    0.045 0.081 0.039   --  
45300:    1.00    8.466    0.121 0.003 0.104    0.052 0.107 0.042   --  
45400:    1.00    8.424    0.118 0.003 0.068    0.046 0.094 0.044   --  
45500:    1.00    8.776    0.105 0.003 0.100    0.049 0.083 0.035   --  
45600:    1.00    8.563    0.106 0.004 0.109    0.043 0.090 0.038   --  
45700:    1.00    8.483    0.116 0.004 0.098    0.050 0.089 0.039   --  
45800:    1.00    7.863    0.123 0.004 0.077    0.048 0.077 0.035   --  
45900:    1.00    8.123    0.119 0.004 0.105    0.042 0.089 0.040   --  

--------------------------------------------
Proportion of membership of each pre-defined
 population in each of the 3 clusters

Given    Inferred Clusters       Number of
 Pop       1      2      3      Individuals

  1:     0.329  0.338  0.333      358
  2:     0.329  0.336  0.335      1039
  3:     0.338  0.332  0.330      603
--------------------------------------------

 Rep#:   Lambda   Alpha      F1    F2    F3     D1,2  D1,3  D2,3    Ln Like 
46000:    1.00    7.828    0.139 0.003 0.089    0.043 0.074 0.045   --  
46100:    1.00    7.967    0.103 0.003 0.068    0.040 0.088 0.038   --  
46200:    1.00    7.820    0.102 0.003 0.087    0.041 0.080 0.031   --  
46300:    1.00    7.798    0.149 0.003 0.090    0.050 0.095 0.042   --  
46400:    1.00    8.010    0.126 0.003 0.087    0.055 0.091 0.038   --  
46500:    1.00    8.304    0.159 0.003 0.104    0.056 0.102 0.044   --  
46600:    1.00    8.142    0.145 0.003 0.076    0.058 0.088 0.034   --  
46700:    1.00    8.373    0.173 0.003 0.094    0.071 0.111 0.038   --  
46800:    1.00    8.364    0.159 0.003 0.093    0.069 0.107 0.039   --  
46900:    1.00    8.612    0.159 0.003 0.099    0.058 0.106 0.043   --  

--------------------------------------------
Proportion of membership of each pre-defined
 population in each of the 3 clusters

Given    Inferred Clusters       Number of
 Pop       1      2      3      Individuals

  1:     0.327  0.338  0.335      358
  2:     0.334  0.330  0.336      1039
  3:     0.334  0.337  0.329      603
--------------------------------------------

 Rep#:   Lambda   Alpha      F1    F2    F3     D1,2  D1,3  D2,3    Ln Like 
47000:    1.00    8.456    0.113 0.005 0.105    0.055 0.090 0.047   --  
47100:    1.00    9.117    0.100 0.005 0.096    0.056 0.086 0.034   --  
47200:    1.00    8.639    0.107 0.005 0.078    0.050 0.086 0.036   --  
47300:    1.00    8.701    0.140 0.005 0.102    0.054 0.108 0.050   --  
47400:    1.00    8.694    0.153 0.004 0.111    0.075 0.130 0.058   --  
47500:    1.00    9.059    0.139 0.003 0.145    0.059 0.123 0.054   --  
47600:    1.00    8.747    0.136 0.003 0.222    0.054 0.113 0.069   --  
47700:    1.00    8.812    0.134 0.003 0.155    0.047 0.108 0.057   --  
47800:    1.00    8.807    0.121 0.003 0.124    0.047 0.112 0.053   --  
47900:    1.00    8.920    0.099 0.003 0.104    0.053 0.114 0.048   --  

--------------------------------------------
Proportion of membership of each pre-defined
 population in each of the 3 clusters

Given    Inferred Clusters       Number of
 Pop       1      2      3      Individuals

  1:     0.346  0.328  0.325      358
  2:     0.333  0.330  0.337      1039
  3:     0.334  0.336  0.330      603
--------------------------------------------

 Rep#:   Lambda   Alpha      F1    F2    F3     D1,2  D1,3  D2,3    Ln Like 
48000:    1.00    9.234    0.129 0.004 0.112    0.050 0.092 0.040   --  
48100:    1.00    8.794    0.117 0.004 0.102    0.049 0.087 0.047   --  
48200:    1.00    8.981    0.115 0.003 0.116    0.050 0.086 0.034   --  
48300:    1.00    9.313    0.121 0.003 0.111    0.053 0.098 0.049   --  
48400:    1.00    9.525    0.106 0.003 0.093    0.048 0.094 0.043   --  
48500:    1.00    9.237    0.085 0.003 0.093    0.041 0.080 0.038   --  
48600:    1.00    9.656    0.099 0.003 0.090    0.046 0.073 0.038   --  
48700:    1.00    9.340    0.112 0.003 0.087    0.044 0.089 0.034   --  
48800:    1.00    9.284    0.120 0.003 0.129    0.046 0.081 0.042   --  
48900:    1.00    9.351    0.083 0.003 0.093    0.038 0.090 0.040   --  

--------------------------------------------
Proportion of membership of each pre-defined
 population in each of the 3 clusters

Given    Inferred Clusters       Number of
 Pop       1      2      3      Individuals

  1:     0.336  0.333  0.331      358
  2:     0.334  0.335  0.331      1039
  3:     0.327  0.335  0.338      603
--------------------------------------------

 Rep#:   Lambda   Alpha      F1    F2    F3     D1,2  D1,3  D2,3    Ln Like 
49000:    1.00    9.631    0.176 0.003 0.086    0.049 0.068 0.034   --  
49100:    1.00    9.586    0.151 0.003 0.093    0.057 0.095 0.035   --  
49200:    1.00    9.743    0.171 0.003 0.125    0.057 0.098 0.040   --  
49300:    1.00    9.711    0.176 0.003 0.166    0.067 0.132 0.049   --  
49400:    1.00    9.643    0.166 0.002 0.143    0.074 0.139 0.054   --  
49500:    1.00    9.796    0.134 0.002 0.138    0.047 0.106 0.051   --  
49600:    1.00    9.719    0.140 0.002 0.132    0.049 0.088 0.046   --  
49700:    1.00    9.878    0.128 0.002 0.129    0.056 0.099 0.049   --  
49800:    1.00    9.916    0.173 0.002 0.133    0.055 0.094 0.054   --  
49900:    1.00    9.977    0.123 0.002 0.168    0.051 0.111 0.059   --  

--------------------------------------------
Proportion of membership of each pre-defined
 population in each of the 3 clusters

Given    Inferred Clusters       Number of
 Pop       1      2      3      Individuals

  1:     0.328  0.335  0.336      358
  2:     0.331  0.331  0.338      1039
  3:     0.331  0.333  0.336      603
--------------------------------------------

 Rep#:   Lambda   Alpha      F1    F2    F3     D1,2  D1,3  D2,3    Ln Like 
50000:    1.00    9.979    0.157 0.002 0.140    0.058 0.120 0.057   --  
50100:    1.00    9.982    0.152 0.002 0.125    0.051 0.102 0.048   --  
50200:    1.00    9.767    0.175 0.003 0.107    0.063 0.113 0.051   --  
50300:    1.00    9.959    0.152 0.003 0.123    0.048 0.111 0.058   --  
50400:    1.00    9.706    0.148 0.003 0.129    0.049 0.106 0.049   --  
50500:    1.00    9.398    0.143 0.003 0.086    0.057 0.104 0.040   --  
50600:    1.00    9.710    0.147 0.003 0.137    0.049 0.095 0.044   --  
50700:    1.00    9.719    0.111 0.003 0.109    0.048 0.089 0.050   --  
50800:    1.00    9.604    0.135 0.003 0.119    0.049 0.106 0.053   --  
50900:    1.00    9.843    0.169 0.003 0.120    0.063 0.110 0.060   --  

--------------------------------------------
Proportion of membership of each pre-defined
 population in each of the 3 clusters

Given    Inferred Clusters       Number of
 Pop       1      2      3      Individuals

  1:     0.338  0.330  0.332      358
  2:     0.337  0.332  0.331      1039
  3:     0.334  0.335  0.331      603
--------------------------------------------

 Rep#:   Lambda   Alpha      F1    F2    F3     D1,2  D1,3  D2,3    Ln Like 
51000:    1.00    9.678    0.144 0.003 0.149    0.059 0.120 0.059   --  
51100:    1.00    9.641    0.151 0.003 0.148    0.049 0.111 0.063   --  
51200:    1.00    9.344    0.190 0.003 0.138    0.048 0.116 0.056   --  
51300:    1.00    9.147    0.151 0.002 0.201    0.048 0.118 0.060   --  
51400:    1.00    9.237    0.149 0.002 0.154    0.056 0.113 0.060   --  
51500:    1.00    8.847    0.170 0.002 0.127    0.054 0.106 0.045   --  
51600:    1.00    8.696    0.138 0.002 0.116    0.042 0.099 0.062   --  
51700:    1.00    8.849    0.117 0.002 0.144    0.054 0.104 0.058   --  
51800:    1.00    8.681    0.119 0.002 0.176    0.046 0.096 0.051   --  
51900:    1.00    8.858    0.136 0.003 0.129    0.049 0.114 0.053   --  

--------------------------------------------
Proportion of membership of each pre-defined
 population in each of the 3 clusters

Given    Inferred Clusters       Number of
 Pop       1      2      3      Individuals

  1:     0.334  0.327  0.339      358
  2:     0.335  0.331  0.334      1039
  3:     0.326  0.339  0.335      603
--------------------------------------------

 Rep#:   Lambda   Alpha      F1    F2    F3     D1,2  D1,3  D2,3    Ln Like 
52000:    1.00    8.713    0.100 0.002 0.128    0.046 0.102 0.063   --  
52100:    1.00    8.084    0.123 0.002 0.113    0.048 0.083 0.051   --  
52200:    1.00    8.611    0.138 0.002 0.102    0.043 0.080 0.056   --  
52300:    1.00    8.756    0.159 0.002 0.132    0.057 0.099 0.053   --  
52400:    1.00    8.520    0.166 0.002 0.120    0.052 0.103 0.052   --  
52500:    1.00    8.430    0.147 0.002 0.115    0.048 0.088 0.054   --  
52600:    1.00    8.766    0.118 0.002 0.077    0.053 0.097 0.041   --  
52700:    1.00    8.516    0.139 0.002 0.084    0.051 0.101 0.033   --  
52800:    1.00    8.605    0.113 0.002 0.077    0.045 0.083 0.031   --  
52900:    1.00    8.319    0.100 0.002 0.097    0.052 0.093 0.034   --  

--------------------------------------------
Proportion of membership of each pre-defined
 population in each of the 3 clusters

Given    Inferred Clusters       Number of
 Pop       1      2      3      Individuals

  1:     0.334  0.327  0.339      358
  2:     0.336  0.332  0.332      1039
  3:     0.332  0.336  0.332      603
--------------------------------------------

 Rep#:   Lambda   Alpha      F1    F2    F3     D1,2  D1,3  D2,3    Ln Like 
53000:    1.00    7.992    0.100 0.002 0.114    0.043 0.077 0.032   --  
53100:    1.00    7.712    0.134 0.002 0.116    0.042 0.074 0.034   --  
53200:    1.00    7.872    0.119 0.002 0.101    0.041 0.076 0.040   --  
53300:    1.00    8.042    0.118 0.002 0.082    0.043 0.090 0.039   --  
53400:    1.00    8.308    0.145 0.002 0.067    0.050 0.101 0.035   --  
53500:    1.00    8.783    0.130 0.001 0.092    0.050 0.088 0.036   --  
53600:    1.00    8.535    0.158 0.001 0.075    0.055 0.094 0.037   --  
53700:    1.00    7.962    0.154 0.001 0.121    0.048 0.106 0.050   --  
53800:    1.00    7.853    0.127 0.001 0.125    0.057 0.106 0.042   --  
53900:    1.00    7.852    0.172 0.001 0.127    0.048 0.104 0.051   --  

--------------------------------------------
Proportion of membership of each pre-defined
 population in each of the 3 clusters

Given    Inferred Clusters       Number of
 Pop       1      2      3      Individuals

  1:     0.332  0.348  0.320      358
  2:     0.332  0.334  0.333      1039
  3:     0.336  0.324  0.340      603
--------------------------------------------

 Rep#:   Lambda   Alpha      F1    F2    F3     D1,2  D1,3  D2,3    Ln Like 
54000:    1.00    7.975    0.116 0.001 0.124    0.047 0.091 0.042   --  
54100:    1.00    8.292    0.109 0.001 0.118    0.048 0.102 0.054   --  
54200:    1.00    8.254    0.162 0.001 0.092    0.053 0.120 0.054   --  
54300:    1.00    8.161    0.163 0.002 0.104    0.059 0.121 0.046   --  
54400:    1.00    8.035    0.120 0.002 0.168    0.048 0.112 0.054   --  
54500:    1.00    7.938    0.134 0.002 0.149    0.046 0.114 0.059   --  
54600:    1.00    7.963    0.115 0.002 0.137    0.044 0.108 0.068   --  
54700:    1.00    7.819    0.137 0.002 0.118    0.062 0.122 0.061   --  
54800:    1.00    7.602    0.119 0.002 0.147    0.053 0.091 0.054   --  
54900:    1.00    7.567    0.192 0.002 0.139    0.051 0.092 0.048   --  

--------------------------------------------
Proportion of membership of each pre-defined
 population in each of the 3 clusters

Given    Inferred Clusters       Number of
 Pop       1      2      3      Individuals

  1:     0.333  0.329  0.338      358
  2:     0.336  0.331  0.333      1039
  3:     0.329  0.338  0.333      603
--------------------------------------------

 Rep#:   Lambda   Alpha      F1    F2    F3     D1,2  D1,3  D2,3    Ln Like 
55000:    1.00    7.098    0.159 0.002 0.107    0.048 0.085 0.039   --  
55100:    1.00    7.280    0.125 0.002 0.131    0.050 0.111 0.054   --  
55200:    1.00    7.045    0.137 0.002 0.129    0.056 0.103 0.049   --  
55300:    1.00    6.698    0.128 0.002 0.100    0.054 0.089 0.036   --  
55400:    1.00    6.590    0.114 0.002 0.083    0.051 0.091 0.039   --  
55500:    1.00    6.702    0.130 0.002 0.097    0.055 0.113 0.047   --  
55600:    1.00    6.772    0.142 0.002 0.112    0.048 0.110 0.047   --  
55700:    1.00    6.610    0.173 0.002 0.084    0.040 0.086 0.039   --  
55800:    1.00    6.859    0.179 0.002 0.107    0.056 0.112 0.045   --  
55900:    1.00    6.539    0.128 0.002 0.112    0.052 0.110 0.042   --  

--------------------------------------------
Proportion of membership of each pre-defined
 population in each of the 3 clusters

Given    Inferred Clusters       Number of
 Pop       1      2      3      Individuals

  1:     0.328  0.332  0.340      358
  2:     0.332  0.332  0.336      1039
  3:     0.330  0.340  0.330      603
--------------------------------------------

 Rep#:   Lambda   Alpha      F1    F2    F3     D1,2  D1,3  D2,3    Ln Like 
56000:    1.00    6.636    0.111 0.002 0.121    0.044 0.079 0.039   --  
56100:    1.00    6.602    0.163 0.002 0.091    0.049 0.085 0.037   --  
56200:    1.00    6.550    0.153 0.002 0.113    0.055 0.126 0.049   --  
56300:    1.00    6.643    0.144 0.002 0.126    0.046 0.107 0.049   --  
56400:    1.00    6.459    0.114 0.002 0.128    0.051 0.114 0.050   --  
56500:    1.00    6.563    0.104 0.001 0.119    0.044 0.115 0.061   --  
56600:    1.00    6.299    0.102 0.001 0.115    0.053 0.112 0.050   --  
56700:    1.00    6.291    0.154 0.001 0.095    0.054 0.098 0.041   --  
56800:    1.00    6.139    0.145 0.001 0.085    0.042 0.088 0.042   --  
56900:    1.00    6.086    0.147 0.001 0.108    0.048 0.102 0.045   --  

--------------------------------------------
Proportion of membership of each pre-defined
 population in each of the 3 clusters

Given    Inferred Clusters       Number of
 Pop       1      2      3      Individuals

  1:     0.325  0.338  0.337      358
  2:     0.336  0.335  0.329      1039
  3:     0.334  0.337  0.329      603
--------------------------------------------

 Rep#:   Lambda   Alpha      F1    F2    F3     D1,2  D1,3  D2,3    Ln Like 
57000:    1.00    6.225    0.136 0.001 0.098    0.043 0.088 0.047   --  
57100:    1.00    6.155    0.108 0.001 0.094    0.039 0.096 0.044   --  
57200:    1.00    6.287    0.096 0.001 0.131    0.040 0.077 0.049   --  
57300:    1.00    6.475    0.067 0.001 0.115    0.030 0.083 0.043   --  
57400:    1.00    6.902    0.063 0.001 0.111    0.031 0.078 0.043   --  
57500:    1.00    6.661    0.070 0.001 0.106    0.022 0.069 0.053   --  
57600:    1.00    6.459    0.052 0.001 0.084    0.026 0.067 0.039   --  
57700:    1.00    6.019    0.058 0.001 0.083    0.023 0.050 0.028   --  
57800:    1.00    5.645    0.069 0.001 0.092    0.028 0.068 0.038   --  
57900:    1.00    5.869    0.094 0.001 0.086    0.028 0.066 0.037   --  

--------------------------------------------
Proportion of membership of each pre-defined
 population in each of the 3 clusters

Given    Inferred Clusters       Number of
 Pop       1      2      3      Individuals

  1:     0.333  0.339  0.328      358
  2:     0.334  0.336  0.330      1039
  3:     0.330  0.332  0.338      603
--------------------------------------------

 Rep#:   Lambda   Alpha      F1    F2    F3     D1,2  D1,3  D2,3    Ln Like 
58000:    1.00    5.692    0.083 0.001 0.082    0.028 0.060 0.032   --  
58100:    1.00    5.789    0.089 0.001 0.085    0.029 0.056 0.029   --  
58200:    1.00    5.872    0.088 0.001 0.090    0.037 0.079 0.039   --  
58300:    1.00    6.144    0.098 0.001 0.102    0.034 0.078 0.044   --  
58400:    1.00    6.288    0.103 0.001 0.096    0.035 0.073 0.032   --  
58500:    1.00    6.632    0.101 0.001 0.108    0.040 0.088 0.040   --  
58600:    1.00    6.347    0.125 0.001 0.101    0.039 0.084 0.036   --  
58700:    1.00    6.532    0.126 0.001 0.090    0.047 0.087 0.035   --  
58800:    1.00    6.668    0.129 0.001 0.134    0.051 0.118 0.052   --  
58900:    1.00    6.734    0.107 0.001 0.110    0.046 0.094 0.044   --  

--------------------------------------------
Proportion of membership of each pre-defined
 population in each of the 3 clusters

Given    Inferred Clusters       Number of
 Pop       1      2      3      Individuals

  1:     0.329  0.339  0.332      358
  2:     0.338  0.336  0.326      1039
  3:     0.333  0.335  0.332      603
--------------------------------------------

 Rep#:   Lambda   Alpha      F1    F2    F3     D1,2  D1,3  D2,3    Ln Like 
59000:    1.00    7.040    0.141 0.001 0.088    0.038 0.077 0.045   --  
59100:    1.00    7.068    0.125 0.001 0.110    0.045 0.089 0.038   --  
59200:    1.00    7.176    0.139 0.001 0.117    0.051 0.089 0.042   --  
59300:    1.00    7.355    0.114 0.001 0.134    0.037 0.095 0.051   --  
59400:    1.00    7.386    0.121 0.001 0.102    0.044 0.086 0.036   --  
59500:    1.00    7.450    0.104 0.001 0.078    0.041 0.070 0.034   --  
59600:    1.00    7.582    0.122 0.001 0.080    0.044 0.071 0.030   --  
59700:    1.00    7.612    0.126 0.001 0.060    0.041 0.071 0.030   --  
59800:    1.00    7.705    0.099 0.001 0.061    0.041 0.051 0.021   --  
59900:    1.00    8.125    0.100 0.001 0.054    0.040 0.050 0.020   --  

--------------------------------------------
Proportion of membership of each pre-defined
 population in each of the 3 clusters

Given    Inferred Clusters       Number of
 Pop       1      2      3      Individuals

  1:     0.333  0.329  0.339      358
  2:     0.337  0.330  0.334      1039
  3:     0.338  0.330  0.331      603
--------------------------------------------

 Rep#:   Lambda   Alpha      F1    F2    F3     D1,2  D1,3  D2,3    Ln Like 
60000:    1.00    8.329    0.101 0.001 0.076    0.050 0.089 0.031   --  
60100:    1.00    8.244    0.106 0.001 0.107    0.048 0.102 0.039   --  
60200:    1.00    7.893    0.084 0.001 0.076    0.040 0.081 0.029   --  
60300:    1.00    7.836    0.105 0.001 0.083    0.039 0.085 0.032   --  
60400:    1.00    7.863    0.070 0.001 0.092    0.023 0.075 0.041   --  
60500:    1.00    7.584    0.086 0.001 0.081    0.033 0.073 0.038   --  
60600:    1.00    7.754    0.089 0.001 0.096    0.032 0.066 0.037   --  
60700:    1.00    7.380    0.077 0.001 0.080    0.032 0.082 0.035   --  
60800:    1.00    7.512    0.104 0.001 0.081    0.042 0.083 0.036   --  
60900:    1.00    7.477    0.150 0.001 0.069    0.054 0.109 0.042   --  

--------------------------------------------
Proportion of membership of each pre-defined
 population in each of the 3 clusters

Given    Inferred Clusters       Number of
 Pop       1      2      3      Individuals

  1:     0.337  0.332  0.331      358
  2:     0.332  0.335  0.333      1039
  3:     0.329  0.336  0.335      603
--------------------------------------------

 Rep#:   Lambda   Alpha      F1    F2    F3     D1,2  D1,3  D2,3    Ln Like 
61000:    1.00    8.024    0.123 0.001 0.106    0.049 0.106 0.042   --  
61100:    1.00    8.187    0.116 0.001 0.092    0.052 0.107 0.040   --  
61200:    1.00    8.385    0.133 0.001 0.111    0.055 0.108 0.039   --  
61300:    1.00    8.361    0.140 0.001 0.113    0.056 0.104 0.039   --  
61400:    1.00    8.455    0.142 0.001 0.094    0.053 0.111 0.042   --  
61500:    1.00    8.294    0.108 0.001 0.151    0.044 0.113 0.053   --  
61600:    1.00    7.849    0.105 0.001 0.185    0.043 0.088 0.052   --  
61700:    1.00    8.171    0.139 0.001 0.158    0.042 0.095 0.049   --  
61800:    1.00    8.020    0.126 0.001 0.178    0.045 0.121 0.057   --  
61900:    1.00    7.927    0.120 0.001 0.142    0.054 0.125 0.050   --  

--------------------------------------------
Proportion of membership of each pre-defined
 population in each of the 3 clusters

Given    Inferred Clusters       Number of
 Pop       1      2      3      Individuals

  1:     0.340  0.320  0.340      358
  2:     0.337  0.333  0.330      1039
  3:     0.329  0.337  0.334      603
--------------------------------------------

 Rep#:   Lambda   Alpha      F1    F2    F3     D1,2  D1,3  D2,3    Ln Like 
62000:    1.00    8.156    0.134 0.001 0.133    0.064 0.131 0.048   --  
62100:    1.00    8.108    0.161 0.001 0.152    0.055 0.132 0.052   --  
62200:    1.00    8.474    0.149 0.001 0.124    0.056 0.131 0.044   --  
62300:    1.00    8.495    0.167 0.001 0.117    0.061 0.123 0.043   --  
62400:    1.00    8.177    0.170 0.001 0.112    0.062 0.109 0.039   --  
62500:    1.00    8.219    0.132 0.001 0.131    0.062 0.120 0.052   --  
62600:    1.00    7.666    0.158 0.001 0.172    0.060 0.111 0.052   --  
62700:    1.00    7.598    0.121 0.001 0.147    0.050 0.097 0.042   --  
62800:    1.00    7.698    0.146 0.001 0.135    0.050 0.096 0.042   --  
62900:    1.00    7.441    0.127 0.001 0.102    0.047 0.098 0.045   --  

--------------------------------------------
Proportion of membership of each pre-defined
 population in each of the 3 clusters

Given    Inferred Clusters       Number of
 Pop       1      2      3      Individuals

  1:     0.338  0.321  0.341      358
  2:     0.335  0.331  0.334      1039
  3:     0.334  0.336  0.330      603
--------------------------------------------

 Rep#:   Lambda   Alpha      F1    F2    F3     D1,2  D1,3  D2,3    Ln Like 
63000:    1.00    7.497    0.097 0.001 0.119    0.047 0.107 0.047   --  
63100:    1.00    7.776    0.102 0.001 0.097    0.048 0.083 0.029   --  
63200:    1.00    7.611    0.110 0.001 0.123    0.048 0.097 0.039   --  
63300:    1.00    7.684    0.141 0.001 0.109    0.061 0.104 0.038   --  
63400:    1.00    7.528    0.148 0.001 0.092    0.055 0.091 0.037   --  
63500:    1.00    7.935    0.108 0.001 0.077    0.055 0.079 0.034   --  
63600:    1.00    7.646    0.123 0.001 0.082    0.063 0.074 0.032   --  
63700:    1.00    7.757    0.144 0.001 0.093    0.064 0.097 0.038   --  
63800:    1.00    7.631    0.170 0.001 0.095    0.076 0.103 0.032   --  
63900:    1.00    7.488    0.179 0.001 0.089    0.072 0.100 0.032   --  

--------------------------------------------
Proportion of membership of each pre-defined
 population in each of the 3 clusters

Given    Inferred Clusters       Number of
 Pop       1      2      3      Individuals

  1:     0.330  0.332  0.338      358
  2:     0.337  0.335  0.328      1039
  3:     0.335  0.332  0.333      603
--------------------------------------------

 Rep#:   Lambda   Alpha      F1    F2    F3     D1,2  D1,3  D2,3    Ln Like 
64000:    1.00    7.556    0.177 0.001 0.100    0.058 0.088 0.031   --  
64100:    1.00    7.665    0.158 0.001 0.106    0.060 0.113 0.041   --  
64200:    1.00    7.553    0.122 0.001 0.106    0.048 0.104 0.051   --  
64300:    1.00    7.429    0.197 0.001 0.096    0.074 0.107 0.038   --  
64400:    1.00    7.606    0.179 0.001 0.121    0.081 0.113 0.042   --  
64500:    1.00    7.754    0.124 0.001 0.154    0.048 0.099 0.058   --  
64600:    1.00    7.692    0.126 0.001 0.139    0.052 0.100 0.044   --  
64700:    1.00    7.710    0.138 0.001 0.111    0.055 0.094 0.054   --  
64800:    1.00    7.550    0.099 0.001 0.102    0.041 0.081 0.038   --  
64900:    1.00    7.204    0.149 0.001 0.139    0.055 0.101 0.039   --  

--------------------------------------------
Proportion of membership of each pre-defined
 population in each of the 3 clusters

Given    Inferred Clusters       Number of
 Pop       1      2      3      Individuals

  1:     0.338  0.335  0.327      358
  2:     0.337  0.331  0.332      1039
  3:     0.327  0.343  0.331      603
--------------------------------------------

 Rep#:   Lambda   Alpha      F1    F2    F3     D1,2  D1,3  D2,3    Ln Like 
65000:    1.00    7.552    0.123 0.001 0.115    0.055 0.092 0.035   --  
65100:    1.00    7.675    0.122 0.001 0.125    0.062 0.112 0.037   --  
65200:    1.00    7.930    0.142 0.001 0.130    0.056 0.127 0.058   --  
65300:    1.00    8.084    0.151 0.001 0.132    0.067 0.147 0.058   --  
65400:    1.00    8.382    0.176 0.001 0.155    0.076 0.132 0.051   --  
65500:    1.00    8.515    0.212 0.001 0.153    0.074 0.156 0.053   --  
65600:    1.00    8.673    0.139 0.001 0.141    0.056 0.124 0.056   --  
65700:    1.00    8.974    0.177 0.001 0.127    0.061 0.128 0.045   --  
65800:    1.00    8.845    0.148 0.001 0.131    0.057 0.121 0.045   --  
65900:    1.00    9.041    0.179 0.001 0.183    0.059 0.137 0.063   --  

--------------------------------------------
Proportion of membership of each pre-defined
 population in each of the 3 clusters

Given    Inferred Clusters       Number of
 Pop       1      2      3      Individuals

  1:     0.338  0.329  0.333      358
  2:     0.334  0.329  0.337      1039
  3:     0.337  0.332  0.331      603
--------------------------------------------

 Rep#:   Lambda   Alpha      F1    F2    F3     D1,2  D1,3  D2,3    Ln Like 
66000:    1.00    9.040    0.190 0.001 0.124    0.061 0.135 0.051   --  
66100:    1.00    9.127    0.137 0.001 0.152    0.050 0.125 0.056   --  
66200:    1.00    9.029    0.163 0.001 0.102    0.050 0.104 0.048   --  
66300:    1.00    8.970    0.163 0.001 0.095    0.055 0.118 0.049   --  
66400:    1.00    8.665    0.151 0.001 0.113    0.055 0.122 0.041   --  
66500:    1.00    8.755    0.153 0.001 0.185    0.056 0.126 0.051   --  
66600:    1.00    8.911    0.120 0.001 0.141    0.052 0.116 0.043   --  
66700:    1.00    8.794    0.164 0.001 0.119    0.047 0.094 0.043   --  
66800:    1.00    8.797    0.135 0.001 0.156    0.052 0.108 0.052   --  
66900:    1.00    8.915    0.151 0.001 0.130    0.055 0.111 0.063   --  

--------------------------------------------
Proportion of membership of each pre-defined
 population in each of the 3 clusters

Given    Inferred Clusters       Number of
 Pop       1      2      3      Individuals

  1:     0.330  0.331  0.339      358
  2:     0.334  0.332  0.333      1039
  3:     0.337  0.333  0.330      603
--------------------------------------------

 Rep#:   Lambda   Alpha      F1    F2    F3     D1,2  D1,3  D2,3    Ln Like 
67000:    1.00    8.948    0.136 0.001 0.128    0.062 0.127 0.054   --  
67100:    1.00    8.681    0.134 0.001 0.109    0.067 0.143 0.054   --  
67200:    1.00    8.356    0.094 0.001 0.114    0.046 0.095 0.044   --  
67300:    1.00    8.559    0.102 0.001 0.137    0.051 0.111 0.050   --  
67400:    1.00    9.086    0.117 0.001 0.140    0.047 0.109 0.056   --  
67500:    1.00    9.050    0.130 0.001 0.147    0.038 0.086 0.055   --  
67600:    1.00    8.943    0.113 0.001 0.134    0.049 0.101 0.058   --  
67700:    1.00    8.988    0.150 0.001 0.149    0.047 0.088 0.050   --  
67800:    1.00    8.871    0.109 0.001 0.100    0.049 0.099 0.047   --  
67900:    1.00    8.526    0.124 0.001 0.115    0.056 0.090 0.048   --  

--------------------------------------------
Proportion of membership of each pre-defined
 population in each of the 3 clusters

Given    Inferred Clusters       Number of
 Pop       1      2      3      Individuals

  1:     0.328  0.335  0.337      358
  2:     0.331  0.333  0.336      1039
  3:     0.339  0.332  0.329      603
--------------------------------------------

 Rep#:   Lambda   Alpha      F1    F2    F3     D1,2  D1,3  D2,3    Ln Like 
68000:    1.00    8.775    0.142 0.001 0.111    0.052 0.097 0.047   --  
68100:    1.00    8.537    0.137 0.001 0.103    0.053 0.108 0.051   --  
68200:    1.00    8.408    0.132 0.001 0.123    0.045 0.102 0.045   --  
68300:    1.00    8.276    0.104 0.001 0.119    0.050 0.094 0.033   --  
68400:    1.00    8.380    0.096 0.001 0.102    0.042 0.092 0.042   --  
68500:    1.00    8.677    0.204 0.001 0.096    0.067 0.129 0.041   --  
68600:    1.00    9.019    0.102 0.001 0.151    0.048 0.101 0.045   --  
68700:    1.00    9.009    0.132 0.001 0.158    0.050 0.117 0.049   --  
68800:    1.00    8.898    0.168 0.001 0.120    0.064 0.110 0.051   --  
68900:    1.00    9.176    0.133 0.001 0.093    0.054 0.088 0.042   --  

--------------------------------------------
Proportion of membership of each pre-defined
 population in each of the 3 clusters

Given    Inferred Clusters       Number of
 Pop       1      2      3      Individuals

  1:     0.334  0.326  0.341      358
  2:     0.338  0.327  0.335      1039
  3:     0.335  0.338  0.327      603
--------------------------------------------

 Rep#:   Lambda   Alpha      F1    F2    F3     D1,2  D1,3  D2,3    Ln Like 
69000:    1.00    9.269    0.139 0.001 0.118    0.054 0.096 0.036   --  
69100:    1.00    9.031    0.155 0.001 0.130    0.053 0.095 0.040   --  
69200:    1.00    9.158    0.164 0.001 0.143    0.062 0.117 0.042   --  
69300:    1.00    8.878    0.153 0.001 0.101    0.053 0.106 0.035   --  
69400:    1.00    8.734    0.150 0.001 0.115    0.063 0.120 0.040   --  
69500:    1.00    8.733    0.120 0.001 0.136    0.056 0.107 0.034   --  
69600:    1.00    8.467    0.141 0.001 0.080    0.059 0.091 0.033   --  
69700:    1.00    8.767    0.203 0.001 0.123    0.055 0.102 0.043   --  
69800:    1.00    8.446    0.136 0.001 0.113    0.053 0.089 0.033   --  
69900:    1.00    8.149    0.162 0.001 0.126    0.060 0.105 0.040   --  

--------------------------------------------
Proportion of membership of each pre-defined
 population in each of the 3 clusters

Given    Inferred Clusters       Number of
 Pop       1      2      3      Individuals

  1:     0.335  0.335  0.331      358
  2:     0.328  0.328  0.344      1039
  3:     0.331  0.335  0.334      603
--------------------------------------------

 Rep#:   Lambda   Alpha      F1    F2    F3     D1,2  D1,3  D2,3    Ln Like 
70000:    1.00    8.064    0.128 0.001 0.074    0.050 0.091 0.035   --  
70100:    1.00    8.210    0.103 0.001 0.097    0.050 0.099 0.035   --  
70200:    1.00    7.757    0.100 0.001 0.095    0.042 0.073 0.029   --  
70300:    1.00    7.375    0.084 0.002 0.100    0.036 0.054 0.030   --  
70400:    1.00    7.134    0.100 0.002 0.086    0.034 0.077 0.032   --  
70500:    1.00    7.013    0.142 0.002 0.098    0.043 0.103 0.043   --  
70600:    1.00    7.323    0.152 0.002 0.066    0.060 0.105 0.024   --  
70700:    1.00    7.193    0.132 0.002 0.082    0.061 0.095 0.027   --  
70800:    1.00    7.282    0.149 0.002 0.075    0.060 0.108 0.029   --  
70900:    1.00    7.249    0.141 0.002 0.076    0.061 0.097 0.028   --  

--------------------------------------------
Proportion of membership of each pre-defined
 population in each of the 3 clusters

Given    Inferred Clusters       Number of
 Pop       1      2      3      Individuals

  1:     0.321  0.340  0.339      358
  2:     0.337  0.330  0.332      1039
  3:     0.332  0.334  0.335      603
--------------------------------------------

 Rep#:   Lambda   Alpha      F1    F2    F3     D1,2  D1,3  D2,3    Ln Like 
71000:    1.00    6.934    0.126 0.002 0.059    0.044 0.062 0.022   --  
71100:    1.00    6.880    0.112 0.002 0.061    0.046 0.074 0.024   --  
71200:    1.00    6.823    0.095 0.002 0.067    0.043 0.064 0.020   --  
71300:    1.00    7.081    0.125 0.002 0.069    0.055 0.089 0.028   --  
71400:    1.00    7.320    0.141 0.002 0.078    0.058 0.085 0.029   --  
71500:    1.00    7.372    0.115 0.002 0.094    0.047 0.092 0.036   --  
71600:    1.00    7.310    0.106 0.002 0.087    0.044 0.081 0.037   --  
71700:    1.00    7.496    0.120 0.002 0.085    0.049 0.086 0.034   --  
71800:    1.00    7.421    0.104 0.002 0.061    0.064 0.096 0.032   --  
71900:    1.00    7.017    0.128 0.002 0.071    0.056 0.093 0.027   --  

--------------------------------------------
Proportion of membership of each pre-defined
 population in each of the 3 clusters

Given    Inferred Clusters       Number of
 Pop       1      2      3      Individuals

  1:     0.329  0.337  0.334      358
  2:     0.330  0.333  0.337      1039
  3:     0.334  0.331  0.336      603
--------------------------------------------

 Rep#:   Lambda   Alpha      F1    F2    F3     D1,2  D1,3  D2,3    Ln Like 
72000:    1.00    7.494    0.112 0.002 0.082    0.047 0.083 0.036   --  
72100:    1.00    7.392    0.079 0.002 0.095    0.038 0.069 0.033   --  
72200:    1.00    7.190    0.115 0.002 0.099    0.041 0.087 0.045   --  
72300:    1.00    7.560    0.138 0.002 0.100    0.043 0.087 0.043   --  
72400:    1.00    7.841    0.106 0.001 0.129    0.044 0.081 0.033   --  
72500:    1.00    7.902    0.085 0.001 0.105    0.031 0.082 0.042   --  
72600:    1.00    7.548    0.098 0.001 0.105    0.043 0.089 0.044   --  
72700:    1.00    7.679    0.127 0.001 0.103    0.057 0.111 0.047   --  
72800:    1.00    7.392    0.144 0.001 0.144    0.045 0.102 0.044   --  
72900:    1.00    7.629    0.090 0.001 0.105    0.035 0.075 0.046   --  

--------------------------------------------
Proportion of membership of each pre-defined
 population in each of the 3 clusters

Given    Inferred Clusters       Number of
 Pop       1      2      3      Individuals

  1:     0.336  0.335  0.329      358
  2:     0.334  0.330  0.336      1039
  3:     0.334  0.326  0.340      603
--------------------------------------------

 Rep#:   Lambda   Alpha      F1    F2    F3     D1,2  D1,3  D2,3    Ln Like 
73000:    1.00    7.200    0.071 0.001 0.116    0.036 0.086 0.043   --  
73100:    1.00    7.031    0.094 0.001 0.122    0.041 0.116 0.047   --  
73200:    1.00    7.208    0.103 0.001 0.116    0.041 0.091 0.045   --  
73300:    1.00    7.137    0.075 0.001 0.098    0.034 0.082 0.046   --  
73400:    1.00    7.617    0.101 0.001 0.135    0.036 0.105 0.058   --  
73500:    1.00    7.367    0.079 0.001 0.140    0.031 0.102 0.065   --  
73600:    1.00    7.310    0.080 0.001 0.154    0.030 0.102 0.075   --  
73700:    1.00    7.416    0.062 0.001 0.137    0.028 0.069 0.045   --  
73800:    1.00    7.540    0.066 0.001 0.149    0.032 0.081 0.041   --  
73900:    1.00    7.525    0.078 0.001 0.137    0.028 0.084 0.047   --  

--------------------------------------------
Proportion of membership of each pre-defined
 population in each of the 3 clusters

Given    Inferred Clusters       Number of
 Pop       1      2      3      Individuals

  1:     0.339  0.328  0.334      358
  2:     0.335  0.329  0.336      1039
  3:     0.338  0.335  0.327      603
--------------------------------------------

 Rep#:   Lambda   Alpha      F1    F2    F3     D1,2  D1,3  D2,3    Ln Like 
74000:    1.00    7.197    0.083 0.001 0.095    0.028 0.077 0.038   --  
74100:    1.00    6.946    0.082 0.001 0.111    0.028 0.073 0.038   --  
74200:    1.00    7.219    0.077 0.001 0.103    0.029 0.072 0.043   --  
74300:    1.00    7.183    0.073 0.001 0.124    0.024 0.073 0.045   --  
74400:    1.00    7.091    0.084 0.001 0.111    0.026 0.077 0.049   --  
74500:    1.00    7.200    0.095 0.001 0.145    0.028 0.074 0.046   --  
74600:    1.00    7.225    0.092 0.001 0.166    0.032 0.108 0.059   --  
74700:    1.00    7.297    0.122 0.001 0.087    0.037 0.072 0.035   --  
74800:    1.00    6.952    0.104 0.001 0.127    0.044 0.084 0.045   --  
74900:    1.00    7.170    0.119 0.001 0.138    0.044 0.098 0.052   --  

--------------------------------------------
Proportion of membership of each pre-defined
 population in each of the 3 clusters

Given    Inferred Clusters       Number of
 Pop       1      2      3      Individuals

  1:     0.336  0.331  0.333      358
  2:     0.332  0.331  0.337      1039
  3:     0.325  0.332  0.343      603
--------------------------------------------

 Rep#:   Lambda   Alpha      F1    F2    F3     D1,2  D1,3  D2,3    Ln Like 
75000:    1.00    7.093    0.120 0.001 0.159    0.048 0.099 0.043   --  
75100:    1.00    7.392    0.146 0.001 0.129    0.048 0.115 0.048   --  
75200:    1.00    7.590    0.127 0.001 0.130    0.041 0.102 0.049   --  
75300:    1.00    7.382    0.169 0.001 0.098    0.049 0.097 0.037   --  
75400:    1.00    7.719    0.177 0.001 0.085    0.063 0.102 0.032   --  
75500:    1.00    7.993    0.167 0.001 0.067    0.062 0.102 0.029   --  
75600:    1.00    7.919    0.156 0.001 0.075    0.056 0.101 0.031   --  
75700:    1.00    7.965    0.124 0.001 0.100    0.060 0.120 0.036   --  
75800:    1.00    7.892    0.105 0.001 0.094    0.056 0.098 0.029   --  
75900:    1.00    7.730    0.123 0.001 0.099    0.059 0.114 0.039   --  

--------------------------------------------
Proportion of membership of each pre-defined
 population in each of the 3 clusters

Given    Inferred Clusters       Number of
 Pop       1      2      3      Individuals

  1:     0.335  0.331  0.334      358
  2:     0.336  0.325  0.339      1039
  3:     0.341  0.332  0.327      603
--------------------------------------------

 Rep#:   Lambda   Alpha      F1    F2    F3     D1,2  D1,3  D2,3    Ln Like 
76000:    1.00    7.908    0.150 0.001 0.076    0.057 0.102 0.028   --  
76100:    1.00    8.332    0.131 0.001 0.068    0.055 0.096 0.034   --  
76200:    1.00    8.322    0.169 0.001 0.134    0.064 0.123 0.039   --  
76300:    1.00    8.357    0.183 0.001 0.119    0.083 0.146 0.046   --  
76400:    1.00    8.437    0.141 0.001 0.164    0.066 0.131 0.045   --  
76500:    1.00    8.795    0.165 0.001 0.100    0.071 0.136 0.048   --  
76600:    1.00    8.798    0.176 0.001 0.111    0.070 0.140 0.050   --  
76700:    1.00    8.944    0.169 0.001 0.084    0.062 0.102 0.034   --  
76800:    1.00    9.312    0.167 0.001 0.098    0.068 0.116 0.032   --  
76900:    1.00    9.324    0.157 0.001 0.101    0.060 0.088 0.035   --  

--------------------------------------------
Proportion of membership of each pre-defined
 population in each of the 3 clusters

Given    Inferred Clusters       Number of
 Pop       1      2      3      Individuals

  1:     0.333  0.322  0.345      358
  2:     0.330  0.333  0.337      1039
  3:     0.330  0.334  0.336      603
--------------------------------------------

 Rep#:   Lambda   Alpha      F1    F2    F3     D1,2  D1,3  D2,3    Ln Like 
77000:    1.00    9.296    0.139 0.001 0.126    0.066 0.118 0.049   --  
77100:    1.00    8.983    0.120 0.001 0.133    0.052 0.109 0.063   --  
77200:    1.00    9.055    0.100 0.001 0.160    0.042 0.115 0.066   --  
77300:    1.00    8.967    0.141 0.001 0.159    0.063 0.154 0.068   --  
77400:    1.00    9.162    0.164 0.001 0.130    0.067 0.135 0.062   --  
77500:    1.00    9.128    0.158 0.001 0.142    0.073 0.143 0.064   --  
77600:    1.00    9.167    0.132 0.001 0.133    0.076 0.137 0.056   --  
77700:    1.00    9.359    0.145 0.001 0.110    0.066 0.117 0.050   --  
77800:    1.00    9.333    0.147 0.001 0.097    0.066 0.126 0.049   --  
77900:    1.00    9.406    0.109 0.001 0.141    0.059 0.109 0.056   --  

--------------------------------------------
Proportion of membership of each pre-defined
 population in each of the 3 clusters

Given    Inferred Clusters       Number of
 Pop       1      2      3      Individuals

  1:     0.332  0.333  0.335      358
  2:     0.335  0.331  0.334      1039
  3:     0.327  0.337  0.336      603
--------------------------------------------

 Rep#:   Lambda   Alpha      F1    F2    F3     D1,2  D1,3  D2,3    Ln Like 
78000:    1.00    9.070    0.114 0.001 0.123    0.050 0.107 0.050   --  
78100:    1.00    9.070    0.100 0.001 0.129    0.049 0.116 0.054   --  
78200:    1.00    9.078    0.111 0.001 0.101    0.037 0.099 0.048   --  
78300:    1.00    8.988    0.107 0.001 0.117    0.040 0.092 0.041   --  
78400:    1.00    8.960    0.105 0.001 0.106    0.053 0.100 0.046   --  
78500:    1.00    9.113    0.123 0.001 0.105    0.065 0.112 0.051   --  
78600:    1.00    9.080    0.141 0.001 0.100    0.063 0.118 0.050   --  
78700:    1.00    9.105    0.167 0.001 0.083    0.066 0.119 0.035   --  
78800:    1.00    9.018    0.152 0.001 0.074    0.066 0.111 0.036   --  
78900:    1.00    9.471    0.136 0.001 0.134    0.049 0.097 0.043   --  

--------------------------------------------
Proportion of membership of each pre-defined
 population in each of the 3 clusters

Given    Inferred Clusters       Number of
 Pop       1      2      3      Individuals

  1:     0.338  0.330  0.332      358
  2:     0.335  0.328  0.337      1039
  3:     0.341  0.336  0.323      603
--------------------------------------------

 Rep#:   Lambda   Alpha      F1    F2    F3     D1,2  D1,3  D2,3    Ln Like 
79000:    1.00    9.276    0.164 0.001 0.114    0.052 0.102 0.040   --  
79100:    1.00    9.125    0.154 0.001 0.100    0.045 0.095 0.037   --  
79200:    1.00    8.933    0.103 0.001 0.129    0.039 0.089 0.038   --  
79300:    1.00    9.091    0.124 0.001 0.096    0.044 0.087 0.036   --  
79400:    1.00    8.867    0.113 0.001 0.100    0.045 0.088 0.042   --  
79500:    1.00    8.912    0.135 0.001 0.093    0.049 0.094 0.038   --  
79600:    1.00    8.889    0.167 0.001 0.100    0.049 0.093 0.035   --  
79700:    1.00    9.014    0.105 0.001 0.108    0.048 0.085 0.036   --  
79800:    1.00    8.851    0.136 0.001 0.100    0.051 0.106 0.040   --  
79900:    1.00    8.824    0.151 0.001 0.118    0.063 0.133 0.054   --  

--------------------------------------------
Proportion of membership of each pre-defined
 population in each of the 3 clusters

Given    Inferred Clusters       Number of
 Pop       1      2      3      Individuals

  1:     0.328  0.333  0.339      358
  2:     0.331  0.334  0.334      1039
  3:     0.335  0.339  0.326      603
--------------------------------------------

 Rep#:   Lambda   Alpha      F1    F2    F3     D1,2  D1,3  D2,3    Ln Like 
80000:    1.00    9.154    0.136 0.001 0.137    0.060 0.135 0.056   --  
80100:    1.00    9.197    0.139 0.001 0.125    0.064 0.130 0.053   --  
80200:    1.00    9.636    0.146 0.001 0.126    0.052 0.120 0.048   --  
80300:    1.00    9.642    0.145 0.001 0.133    0.054 0.113 0.053   --  
80400:    1.00    9.743    0.156 0.001 0.122    0.063 0.113 0.047   --  
80500:    1.00    9.887    0.152 0.001 0.140    0.063 0.131 0.048   --  
80600:    1.00    9.305    0.114 0.001 0.119    0.049 0.118 0.049   --  
80700:    1.00    8.935    0.169 0.001 0.131    0.056 0.112 0.040   --  
80800:    1.00    8.831    0.133 0.001 0.152    0.050 0.132 0.064   --  
80900:    1.00    9.189    0.161 0.001 0.140    0.059 0.129 0.054   --  

--------------------------------------------
Proportion of membership of each pre-defined
 population in each of the 3 clusters

Given    Inferred Clusters       Number of
 Pop       1      2      3      Individuals

  1:     0.336  0.329  0.335      358
  2:     0.338  0.328  0.334      1039
  3:     0.332  0.338  0.330      603
--------------------------------------------

 Rep#:   Lambda   Alpha      F1    F2    F3     D1,2  D1,3  D2,3    Ln Like 
81000:    1.00    9.011    0.108 0.001 0.183    0.041 0.124 0.067   --  
81100:    1.00    9.060    0.132 0.001 0.124    0.059 0.121 0.054   --  
81200:    1.00    8.986    0.148 0.001 0.114    0.045 0.095 0.042   --  
81300:    1.00    8.996    0.124 0.001 0.093    0.050 0.103 0.038   --  
81400:    1.00    8.725    0.136 0.001 0.088    0.055 0.086 0.033   --  
81500:    1.00    8.915    0.132 0.001 0.109    0.045 0.088 0.040   --  
81600:    1.00    8.668    0.090 0.001 0.137    0.035 0.076 0.049   --  
81700:    1.00    8.756    0.107 0.001 0.160    0.035 0.081 0.057   --  
81800:    1.00    8.907    0.080 0.000 0.105    0.038 0.086 0.045   --  
81900:    1.00    9.149    0.080 0.000 0.101    0.040 0.089 0.040   --  

--------------------------------------------
Proportion of membership of each pre-defined
 population in each of the 3 clusters

Given    Inferred Clusters       Number of
 Pop       1      2      3      Individuals

  1:     0.340  0.335  0.325      358
  2:     0.332  0.333  0.335      1039
  3:     0.325  0.340  0.335      603
--------------------------------------------

 Rep#:   Lambda   Alpha      F1    F2    F3     D1,2  D1,3  D2,3    Ln Like 
82000:    1.00    9.506    0.105 0.000 0.079    0.038 0.067 0.028   --  
82100:    1.00    9.716    0.112 0.000 0.084    0.035 0.068 0.029   --  
82200:    1.00    9.881    0.116 0.000 0.060    0.043 0.087 0.031   --  
82300:    1.00    9.480    0.088 0.000 0.073    0.037 0.068 0.032   --  
82400:    1.00    9.427    0.113 0.000 0.100    0.048 0.074 0.034   --  
82500:    1.00    9.229    0.107 0.001 0.090    0.042 0.065 0.026   --  
82600:    1.00    9.182    0.068 0.001 0.113    0.033 0.073 0.042   --  
82700:    1.00    9.368    0.080 0.001 0.092    0.025 0.063 0.034   --  
82800:    1.00    9.073    0.067 0.001 0.087    0.028 0.067 0.040   --  
82900:    1.00    9.233    0.066 0.001 0.075    0.028 0.059 0.031   --  

--------------------------------------------
Proportion of membership of each pre-defined
 population in each of the 3 clusters

Given    Inferred Clusters       Number of
 Pop       1      2      3      Individuals

  1:     0.331  0.335  0.334      358
  2:     0.335  0.334  0.332      1039
  3:     0.333  0.334  0.334      603
--------------------------------------------

 Rep#:   Lambda   Alpha      F1    F2    F3     D1,2  D1,3  D2,3    Ln Like 
83000:    1.00    9.309    0.090 0.001 0.064    0.029 0.063 0.028   --  
83100:    1.00    9.394    0.084 0.001 0.087    0.027 0.072 0.033   --  
83200:    1.00    9.542    0.099 0.001 0.114    0.042 0.095 0.038   --  
83300:    1.00    9.466    0.079 0.000 0.111    0.036 0.077 0.031   --  
83400:    1.00    9.460    0.087 0.000 0.073    0.040 0.066 0.031   --  
83500:    1.00    9.437    0.116 0.000 0.084    0.039 0.074 0.034   --  
83600:    1.00    9.688    0.101 0.000 0.093    0.035 0.064 0.027   --  
83700:    1.00    9.719    0.084 0.000 0.086    0.032 0.067 0.030   --  
83800:    1.00    9.652    0.090 0.000 0.086    0.038 0.067 0.031   --  
83900:    1.00    9.546    0.121 0.000 0.098    0.045 0.078 0.039   --  

--------------------------------------------
Proportion of membership of each pre-defined
 population in each of the 3 clusters

Given    Inferred Clusters       Number of
 Pop       1      2      3      Individuals

  1:     0.338  0.322  0.339      358
  2:     0.335  0.333  0.332      1039
  3:     0.333  0.338  0.329      603
--------------------------------------------

 Rep#:   Lambda   Alpha      F1    F2    F3     D1,2  D1,3  D2,3    Ln Like 
84000:    1.00    9.808    0.103 0.000 0.084    0.040 0.080 0.034   --  
84100:    1.00    9.884    0.129 0.000 0.106    0.046 0.087 0.048   --  
84200:    1.00    9.746    0.112 0.000 0.115    0.052 0.111 0.048   --  
84300:    1.00    9.963    0.132 0.000 0.103    0.049 0.107 0.043   --  
84400:    1.00    9.853    0.142 0.000 0.102    0.045 0.094 0.044   --  
84500:    1.00    9.990    0.111 0.000 0.109    0.044 0.082 0.048   --  
84600:    1.00    9.892    0.112 0.000 0.115    0.052 0.103 0.057   --  
84700:    1.00    9.842    0.148 0.000 0.115    0.052 0.088 0.049   --  
84800:    1.00    9.993    0.164 0.000 0.151    0.065 0.112 0.049   --  
84900:    1.00    9.985    0.156 0.000 0.155    0.061 0.092 0.059   --  

--------------------------------------------
Proportion of membership of each pre-defined
 population in each of the 3 clusters

Given    Inferred Clusters       Number of
 Pop       1      2      3      Individuals

  1:     0.326  0.343  0.331      358
  2:     0.334  0.328  0.337      1039
  3:     0.334  0.338  0.328      603
--------------------------------------------

 Rep#:   Lambda   Alpha      F1    F2    F3     D1,2  D1,3  D2,3    Ln Like 
85000:    1.00    9.777    0.170 0.000 0.125    0.062 0.109 0.055   --  
85100:    1.00    9.631    0.233 0.000 0.130    0.059 0.135 0.067   --  
85200:    1.00    9.441    0.167 0.000 0.096    0.048 0.102 0.061   --  
85300:    1.00    9.810    0.115 0.000 0.117    0.044 0.086 0.058   --  
85400:    1.00    9.354    0.124 0.000 0.098    0.046 0.092 0.051   --  
85500:    1.00    9.384    0.127 0.000 0.122    0.052 0.106 0.056   --  
85600:    1.00    9.645    0.159 0.000 0.119    0.055 0.123 0.062   --  
85700:    1.00    9.733    0.158 0.000 0.102    0.060 0.121 0.046   --  
85800:    1.00    9.824    0.148 0.000 0.140    0.058 0.128 0.062   --  
85900:    1.00    9.809    0.169 0.000 0.181    0.059 0.141 0.074   --  

--------------------------------------------
Proportion of membership of each pre-defined
 population in each of the 3 clusters

Given    Inferred Clusters       Number of
 Pop       1      2      3      Individuals

  1:     0.328  0.337  0.335      358
  2:     0.335  0.333  0.333      1039
  3:     0.340  0.331  0.329      603
--------------------------------------------

 Rep#:   Lambda   Alpha      F1    F2    F3     D1,2  D1,3  D2,3    Ln Like 
86000:    1.00    9.783    0.168 0.000 0.141    0.061 0.152 0.079   --  
86100:    1.00    9.362    0.157 0.000 0.131    0.068 0.136 0.064   --  
86200:    1.00    9.088    0.130 0.000 0.127    0.061 0.113 0.046   --  
86300:    1.00    9.500    0.125 0.000 0.134    0.068 0.133 0.051   --  
86400:    1.00    9.509    0.155 0.000 0.106    0.057 0.130 0.054   --  
86500:    1.00    9.786    0.150 0.000 0.113    0.067 0.127 0.042   --  
86600:    1.00    9.668    0.167 0.000 0.122    0.079 0.144 0.047   --  
86700:    1.00    9.541    0.178 0.000 0.107    0.070 0.122 0.035   --  
86800:    1.00    9.304    0.135 0.000 0.127    0.061 0.113 0.033   --  
86900:    1.00    9.109    0.144 0.000 0.113    0.065 0.125 0.038   --  

--------------------------------------------
Proportion of membership of each pre-defined
 population in each of the 3 clusters

Given    Inferred Clusters       Number of
 Pop       1      2      3      Individuals

  1:     0.334  0.333  0.333      358
  2:     0.335  0.330  0.335      1039
  3:     0.336  0.333  0.332      603
--------------------------------------------

 Rep#:   Lambda   Alpha      F1    F2    F3     D1,2  D1,3  D2,3    Ln Like 
87000:    1.00    8.943    0.207 0.000 0.113    0.071 0.116 0.039   --  
87100:    1.00    9.173    0.197 0.000 0.121    0.064 0.114 0.042   --  
87200:    1.00    9.188    0.205 0.000 0.114    0.071 0.147 0.048   --  
87300:    1.00    9.116    0.151 0.000 0.120    0.055 0.121 0.044   --  
87400:    1.00    9.355    0.147 0.000 0.116    0.059 0.127 0.045   --  
87500:    1.00    9.314    0.154 0.000 0.095    0.063 0.117 0.039   --  
87600:    1.00    9.294    0.117 0.000 0.095    0.059 0.126 0.050   --  
87700:    1.00    9.268    0.180 0.000 0.109    0.059 0.119 0.045   --  
87800:    1.00    9.139    0.162 0.000 0.122    0.069 0.142 0.047   --  
87900:    1.00    9.250    0.149 0.000 0.109    0.070 0.149 0.045   --  

--------------------------------------------
Proportion of membership of each pre-defined
 population in each of the 3 clusters

Given    Inferred Clusters       Number of
 Pop       1      2      3      Individuals

  1:     0.339  0.330  0.331      358
  2:     0.333  0.332  0.334      1039
  3:     0.334  0.334  0.332      603
--------------------------------------------

 Rep#:   Lambda   Alpha      F1    F2    F3     D1,2  D1,3  D2,3    Ln Like 
88000:    1.00    9.319    0.164 0.000 0.091    0.068 0.112 0.036   --  
88100:    1.00    9.031    0.195 0.000 0.099    0.060 0.092 0.032   --  
88200:    1.00    8.926    0.179 0.000 0.095    0.056 0.086 0.036   --  
88300:    1.00    8.839    0.157 0.000 0.107    0.064 0.108 0.033   --  
88400:    1.00    8.923    0.154 0.000 0.110    0.065 0.120 0.045   --  
88500:    1.00    9.092    0.151 0.000 0.089    0.061 0.122 0.052   --  
88600:    1.00    8.779    0.150 0.000 0.132    0.066 0.114 0.054   --  
88700:    1.00    8.466    0.161 0.000 0.152    0.057 0.132 0.068   --  
88800:    1.00    8.786    0.185 0.000 0.157    0.046 0.132 0.076   --  
88900:    1.00    9.207    0.114 0.000 0.136    0.058 0.144 0.067   --  

--------------------------------------------
Proportion of membership of each pre-defined
 population in each of the 3 clusters

Given    Inferred Clusters       Number of
 Pop       1      2      3      Individuals

  1:     0.334  0.325  0.341      358
  2:     0.333  0.333  0.334      1039
  3:     0.333  0.326  0.341      603
--------------------------------------------

 Rep#:   Lambda   Alpha      F1    F2    F3     D1,2  D1,3  D2,3    Ln Like 
89000:    1.00    8.990    0.093 0.000 0.153    0.040 0.119 0.074   --  
89100:    1.00    9.063    0.121 0.000 0.168    0.048 0.134 0.076   --  
89200:    1.00    9.021    0.112 0.000 0.175    0.041 0.119 0.074   --  
89300:    1.00    9.160    0.121 0.000 0.142    0.046 0.117 0.063   --  
89400:    1.00    8.918    0.085 0.000 0.176    0.044 0.098 0.058   --  
89500:    1.00    8.985    0.120 0.000 0.144    0.051 0.116 0.062   --  
89600:    1.00    9.055    0.122 0.000 0.140    0.049 0.111 0.061   --  
89700:    1.00    9.009    0.134 0.000 0.207    0.040 0.127 0.073   --  
89800:    1.00    9.316    0.099 0.000 0.125    0.047 0.108 0.048   --  
89900:    1.00    9.658    0.115 0.000 0.141    0.043 0.117 0.059   --  

--------------------------------------------
Proportion of membership of each pre-defined
 population in each of the 3 clusters

Given    Inferred Clusters       Number of
 Pop       1      2      3      Individuals

  1:     0.333  0.338  0.329      358
  2:     0.338  0.330  0.332      1039
  3:     0.335  0.332  0.333      603
--------------------------------------------

 Rep#:   Lambda   Alpha      F1    F2    F3     D1,2  D1,3  D2,3    Ln Like 
90000:    1.00    9.506    0.103 0.000 0.125    0.035 0.086 0.052   --  
90100:    1.00    9.572    0.104 0.000 0.110    0.039 0.086 0.047   --  
90200:    1.00    9.864    0.094 0.000 0.130    0.034 0.093 0.050   --  
90300:    1.00    9.519    0.134 0.000 0.097    0.039 0.092 0.046   --  
90400:    1.00    9.302    0.109 0.000 0.083    0.041 0.089 0.042   --  
90500:    1.00    9.359    0.125 0.000 0.102    0.053 0.107 0.042   --  
90600:    1.00    9.301    0.115 0.000 0.089    0.048 0.082 0.031   --  
90700:    1.00    9.814    0.107 0.000 0.099    0.059 0.105 0.041   --  
90800:    1.00    9.829    0.118 0.000 0.113    0.058 0.104 0.037   --  
90900:    1.00    9.761    0.165 0.000 0.113    0.064 0.118 0.053   --  

--------------------------------------------
Proportion of membership of each pre-defined
 population in each of the 3 clusters

Given    Inferred Clusters       Number of
 Pop       1      2      3      Individuals

  1:     0.332  0.330  0.338      358
  2:     0.331  0.332  0.337      1039
  3:     0.339  0.334  0.327      603
--------------------------------------------

 Rep#:   Lambda   Alpha      F1    F2    F3     D1,2  D1,3  D2,3    Ln Like 
91000:    1.00    9.522    0.110 0.000 0.121    0.045 0.109 0.056   --  
91100:    1.00    9.675    0.140 0.000 0.114    0.053 0.112 0.059   --  
91200:    1.00    9.980    0.100 0.000 0.142    0.058 0.132 0.071   --  
91300:    1.00    9.785    0.098 0.000 0.116    0.044 0.109 0.068   --  
91400:    1.00    9.388    0.122 0.000 0.139    0.039 0.116 0.078   --  
91500:    1.00    9.340    0.082 0.000 0.178    0.038 0.123 0.074   --  
91600:    1.00    9.102    0.095 0.000 0.149    0.046 0.123 0.066   --  
91700:    1.00    8.989    0.114 0.000 0.167    0.053 0.115 0.059   --  
91800:    1.00    8.771    0.120 0.000 0.116    0.051 0.109 0.043   --  
91900:    1.00    8.993    0.146 0.000 0.115    0.043 0.105 0.042   --  

--------------------------------------------
Proportion of membership of each pre-defined
 population in each of the 3 clusters

Given    Inferred Clusters       Number of
 Pop       1      2      3      Individuals

  1:     0.336  0.327  0.336      358
  2:     0.336  0.334  0.330      1039
  3:     0.328  0.332  0.339      603
--------------------------------------------

 Rep#:   Lambda   Alpha      F1    F2    F3     D1,2  D1,3  D2,3    Ln Like 
92000:    1.00    9.047    0.159 0.000 0.120    0.053 0.130 0.052   --  
92100:    1.00    9.052    0.139 0.000 0.122    0.040 0.098 0.040   --  
92200:    1.00    9.314    0.121 0.000 0.106    0.049 0.127 0.054   --  
92300:    1.00    8.970    0.148 0.000 0.109    0.048 0.103 0.047   --  
92400:    1.00    9.082    0.110 0.000 0.129    0.055 0.125 0.049   --  
92500:    1.00    9.095    0.146 0.000 0.100    0.049 0.110 0.046   --  
92600:    1.00    9.233    0.140 0.000 0.093    0.048 0.117 0.048   --  
92700:    1.00    9.389    0.111 0.000 0.163    0.046 0.137 0.061   --  
92800:    1.00    9.277    0.121 0.000 0.176    0.043 0.134 0.069   --  
92900:    1.00    9.593    0.159 0.000 0.151    0.055 0.121 0.051   --  

--------------------------------------------
Proportion of membership of each pre-defined
 population in each of the 3 clusters

Given    Inferred Clusters       Number of
 Pop       1      2      3      Individuals

  1:     0.334  0.335  0.331      358
  2:     0.334  0.331  0.335      1039
  3:     0.336  0.334  0.329      603
--------------------------------------------

 Rep#:   Lambda   Alpha      F1    F2    F3     D1,2  D1,3  D2,3    Ln Like 
93000:    1.00    9.573    0.177 0.000 0.113    0.065 0.129 0.043   --  
93100:    1.00    9.484    0.154 0.000 0.093    0.052 0.091 0.038   --  
93200:    1.00    9.231    0.192 0.000 0.081    0.059 0.114 0.041   --  
93300:    1.00    9.487    0.148 0.000 0.126    0.054 0.095 0.044   --  
93400:    1.00    9.872    0.170 0.000 0.099    0.055 0.093 0.036   --  
93500:    1.00    9.393    0.158 0.000 0.095    0.049 0.083 0.034   --  
93600:    1.00    9.416    0.149 0.000 0.122    0.059 0.135 0.059   --  
93700:    1.00    9.260    0.116 0.000 0.187    0.050 0.133 0.064   --  
93800:    1.00    9.269    0.152 0.000 0.158    0.051 0.128 0.057   --  
93900:    1.00    9.159    0.094 0.000 0.094    0.043 0.096 0.045   --  

--------------------------------------------
Proportion of membership of each pre-defined
 population in each of the 3 clusters

Given    Inferred Clusters       Number of
 Pop       1      2      3      Individuals

  1:     0.336  0.334  0.330      358
  2:     0.336  0.329  0.335      1039
  3:     0.333  0.335  0.332      603
--------------------------------------------

 Rep#:   Lambda   Alpha      F1    F2    F3     D1,2  D1,3  D2,3    Ln Like 
94000:    1.00    9.013    0.120 0.000 0.091    0.048 0.095 0.036   --  
94100:    1.00    9.062    0.112 0.000 0.103    0.053 0.095 0.038   --  
94200:    1.00    9.196    0.136 0.000 0.116    0.065 0.126 0.044   --  
94300:    1.00    9.054    0.125 0.000 0.095    0.043 0.088 0.035   --  
94400:    1.00    9.277    0.116 0.000 0.124    0.039 0.093 0.043   --  
94500:    1.00    9.135    0.114 0.000 0.078    0.038 0.084 0.036   --  
94600:    1.00    9.072    0.134 0.000 0.105    0.047 0.096 0.039   --  
94700:    1.00    9.368    0.150 0.000 0.133    0.053 0.114 0.044   --  
94800:    1.00    9.141    0.111 0.000 0.131    0.046 0.097 0.051   --  
94900:    1.00    9.009    0.108 0.000 0.140    0.044 0.101 0.052   --  

--------------------------------------------
Proportion of membership of each pre-defined
 population in each of the 3 clusters

Given    Inferred Clusters       Number of
 Pop       1      2      3      Individuals

  1:     0.339  0.333  0.328      358
  2:     0.339  0.330  0.331      1039
  3:     0.339  0.330  0.331      603
--------------------------------------------

 Rep#:   Lambda   Alpha      F1    F2    F3     D1,2  D1,3  D2,3    Ln Like 
95000:    1.00    9.470    0.100 0.000 0.161    0.036 0.105 0.057   --  
95100:    1.00    9.636    0.094 0.000 0.152    0.036 0.111 0.063   --  
95200:    1.00    9.429    0.103 0.000 0.165    0.037 0.106 0.057   --  
95300:    1.00    9.279    0.082 0.000 0.168    0.036 0.102 0.053   --  
95400:    1.00    9.279    0.134 0.000 0.115    0.046 0.103 0.044   --  
95500:    1.00    9.140    0.141 0.000 0.115    0.051 0.103 0.042   --  
95600:    1.00    9.418    0.160 0.000 0.127    0.061 0.109 0.048   --  
95700:    1.00    9.826    0.152 0.000 0.081    0.061 0.096 0.035   --  
95800:    1.00    9.789    0.139 0.000 0.074    0.062 0.099 0.031   --  
95900:    1.00    9.676    0.188 0.000 0.098    0.066 0.099 0.032   --  

--------------------------------------------
Proportion of membership of each pre-defined
 population in each of the 3 clusters

Given    Inferred Clusters       Number of
 Pop       1      2      3      Individuals

  1:     0.331  0.336  0.333      358
  2:     0.335  0.334  0.331      1039
  3:     0.334  0.335  0.332      603
--------------------------------------------

 Rep#:   Lambda   Alpha      F1    F2    F3     D1,2  D1,3  D2,3    Ln Like 
96000:    1.00    9.610    0.153 0.000 0.099    0.057 0.076 0.038   --  
96100:    1.00    9.462    0.175 0.000 0.118    0.058 0.079 0.047   --  
96200:    1.00    9.814    0.159 0.000 0.189    0.068 0.115 0.056   --  
96300:    1.00    9.622    0.159 0.000 0.190    0.064 0.118 0.054   --  
96400:    1.00    9.725    0.192 0.000 0.172    0.060 0.125 0.057   --  
96500:    1.00    9.922    0.222 0.000 0.174    0.062 0.145 0.070   --  
96600:    1.00    9.845    0.238 0.000 0.138    0.071 0.157 0.058   --  
96700:    1.00    9.906    0.159 0.000 0.127    0.064 0.118 0.057   --  
96800:    1.00    9.794    0.165 0.000 0.125    0.056 0.121 0.048   --  
96900:    1.00    9.589    0.143 0.000 0.118    0.048 0.107 0.046   --  

--------------------------------------------
Proportion of membership of each pre-defined
 population in each of the 3 clusters

Given    Inferred Clusters       Number of
 Pop       1      2      3      Individuals

  1:     0.328  0.337  0.335      358
  2:     0.331  0.335  0.334      1039
  3:     0.332  0.341  0.326      603
--------------------------------------------

 Rep#:   Lambda   Alpha      F1    F2    F3     D1,2  D1,3  D2,3    Ln Like 
97000:    1.00    9.865    0.152 0.000 0.087    0.045 0.117 0.045   --  
97100:    1.00    9.806    0.142 0.000 0.069    0.056 0.100 0.027   --  
97200:    1.00    9.600    0.134 0.000 0.111    0.046 0.098 0.039   --  
97300:    1.00    9.886    0.172 0.000 0.089    0.068 0.121 0.039   --  
97400:    1.00    9.703    0.157 0.000 0.083    0.061 0.122 0.040   --  
97500:    1.00    9.866    0.136 0.000 0.103    0.061 0.126 0.054   --  
97600:    1.00    9.963    0.157 0.000 0.128    0.054 0.112 0.045   --  
97700:    1.00    9.703    0.118 0.000 0.118    0.042 0.101 0.045   --  
97800:    1.00    9.488    0.184 0.000 0.100    0.057 0.101 0.038   --  
97900:    1.00    9.317    0.150 0.000 0.125    0.058 0.127 0.044   --  

--------------------------------------------
Proportion of membership of each pre-defined
 population in each of the 3 clusters

Given    Inferred Clusters       Number of
 Pop       1      2      3      Individuals

  1:     0.328  0.335  0.337      358
  2:     0.337  0.327  0.336      1039
  3:     0.331  0.335  0.333      603
--------------------------------------------

 Rep#:   Lambda   Alpha      F1    F2    F3     D1,2  D1,3  D2,3    Ln Like 
98000:    1.00    9.539    0.135 0.000 0.135    0.051 0.096 0.035   --  
98100:    1.00    9.245    0.153 0.000 0.109    0.051 0.105 0.041   --  
98200:    1.00    9.545    0.115 0.000 0.121    0.043 0.095 0.044   --  
98300:    1.00    9.128    0.100 0.000 0.103    0.037 0.079 0.036   --  
98400:    1.00    9.056    0.132 0.000 0.096    0.048 0.096 0.037   --  
98500:    1.00    8.810    0.146 0.000 0.114    0.049 0.099 0.048   --  
98600:    1.00    8.638    0.126 0.000 0.113    0.051 0.079 0.039   --  
98700:    1.00    8.738    0.113 0.000 0.107    0.046 0.076 0.039   --  
98800:    1.00    8.706    0.141 0.000 0.090    0.054 0.091 0.036   --  
98900:    1.00    8.589    0.132 0.000 0.112    0.052 0.098 0.048   --  

--------------------------------------------
Proportion of membership of each pre-defined
 population in each of the 3 clusters

Given    Inferred Clusters       Number of
 Pop       1      2      3      Individuals

  1:     0.334  0.325  0.341      358
  2:     0.336  0.331  0.333      1039
  3:     0.337  0.335  0.328      603
--------------------------------------------

 Rep#:   Lambda   Alpha      F1    F2    F3     D1,2  D1,3  D2,3    Ln Like 
99000:    1.00    8.302    0.131 0.000 0.132    0.043 0.087 0.051   --  
99100:    1.00    8.123    0.141 0.000 0.109    0.044 0.107 0.057   --  
99200:    1.00    8.024    0.117 0.000 0.127    0.043 0.102 0.047   --  
99300:    1.00    7.644    0.176 0.000 0.081    0.067 0.110 0.036   --  
99400:    1.00    7.786    0.146 0.000 0.147    0.067 0.122 0.046   --  
99500:    1.00    7.641    0.141 0.000 0.131    0.058 0.125 0.055   --  
99600:    1.00    7.493    0.189 0.000 0.128    0.058 0.137 0.069   --  
99700:    1.00    7.680    0.123 0.000 0.142    0.052 0.107 0.059   --  
99800:    1.00    7.821    0.135 0.000 0.143    0.059 0.116 0.055   --  
99900:    1.00    8.096    0.113 0.000 0.121    0.048 0.098 0.053   --  
100000:    1.00    8.252    0.112 0.000 0.127    0.050 0.090 0.047   --  

BURNIN completed
  Rep#:   Lambda   Alpha      F1    F2    F3     D1,2  D1,3  D2,3    Ln Like  Est Ln P(D)
100100:    1.00    8.490    0.104 0.000 0.120    0.047 0.095 0.047   -125370    0 
100200:    1.00    8.430    0.087 0.000 0.149    0.041 0.095 0.044   -125279    0 
100300:    1.00    8.492    0.114 0.000 0.138    0.031 0.079 0.044   -125426    0 
100400:    1.00    8.797    0.101 0.000 0.140    0.040 0.096 0.050   -125298    0 
100500:    1.00    8.763    0.111 0.000 0.119    0.048 0.102 0.049   -125304    0 
100600:    1.00    8.659    0.128 0.000 0.098    0.049 0.096 0.040   -125330    0 
100700:    1.00    8.797    0.156 0.000 0.095    0.050 0.093 0.038   -125442    0 
100800:    1.00    8.709    0.136 0.000 0.097    0.050 0.096 0.038   -125385    0 
100900:    1.00    8.750    0.150 0.000 0.098    0.053 0.106 0.054   -125353    0 

--------------------------------------------
Proportion of membership of each pre-defined
 population in each of the 3 clusters

Given    Inferred Clusters       Number of
 Pop       1      2      3      Individuals

  1:     0.331  0.333  0.336      358
  2:     0.331  0.331  0.338      1039
  3:     0.339  0.335  0.326      603
--------------------------------------------

  Rep#:   Lambda   Alpha      F1    F2    F3     D1,2  D1,3  D2,3    Ln Like  Est Ln P(D)
101000:    1.00    8.437    0.134 0.000 0.117    0.046 0.097 0.049   -125259    0 
101100:    1.00    8.401    0.141 0.000 0.101    0.046 0.092 0.044   -125368    0 
101200:    1.00    8.588    0.161 0.000 0.094    0.061 0.104 0.039   -125393    0 
101300:    1.00    8.815    0.175 0.000 0.108    0.058 0.110 0.035   -125347    0 
101400:    1.00    9.075    0.174 0.000 0.134    0.060 0.122 0.044   -125300    0 
101500:    1.00    9.224    0.196 0.000 0.090    0.065 0.103 0.032   -125392    0 
101600:    1.00    9.178    0.182 0.000 0.078    0.082 0.117 0.030   -125336    0 
101700:    1.00    9.150    0.194 0.000 0.081    0.078 0.107 0.025   -125393    0 
101800:    1.00    9.036    0.154 0.000 0.086    0.056 0.093 0.026   -125358    0 
101900:    1.00    9.383    0.153 0.000 0.075    0.053 0.101 0.033   -125402    0 

--------------------------------------------
Proportion of membership of each pre-defined
 population in each of the 3 clusters

Given    Inferred Clusters       Number of
 Pop       1      2      3      Individuals

  1:     0.335  0.337  0.328      358
  2:     0.334  0.336  0.330      1039
  3:     0.331  0.328  0.341      603
--------------------------------------------

  Rep#:   Lambda   Alpha      F1    F2    F3     D1,2  D1,3  D2,3    Ln Like  Est Ln P(D)
102000:    1.00    9.145    0.117 0.000 0.106    0.052 0.108 0.036   -125398    0 
102100:    1.00    9.270    0.141 0.000 0.082    0.050 0.095 0.030   -125379    0 
102200:    1.00    9.422    0.141 0.000 0.093    0.057 0.097 0.032   -125365    0 
102300:    1.00    9.371    0.175 0.000 0.111    0.053 0.095 0.033   -125386    0 
102400:    1.00    9.382    0.162 0.000 0.095    0.051 0.102 0.037   -125370    0 
102500:    1.00    9.086    0.184 0.000 0.122    0.069 0.126 0.045   -125343    0 
102600:    1.00    9.000    0.215 0.000 0.125    0.081 0.136 0.046   -125322    0 
102700:    1.00    9.148    0.209 0.000 0.112    0.072 0.117 0.033   -125378    0 
102800:    1.00    9.284    0.191 0.000 0.131    0.071 0.125 0.035   -125295    0 
102900:    1.00    9.343    0.183 0.000 0.131    0.069 0.126 0.046   -125327    0 

--------------------------------------------
Proportion of membership of each pre-defined
 population in each of the 3 clusters

Given    Inferred Clusters       Number of
 Pop       1      2      3      Individuals

  1:     0.334  0.328  0.338      358
  2:     0.333  0.332  0.334      1039
  3:     0.334  0.334  0.332      603
--------------------------------------------

  Rep#:   Lambda   Alpha      F1    F2    F3     D1,2  D1,3  D2,3    Ln Like  Est Ln P(D)
103000:    1.00    9.954    0.225 0.000 0.126    0.070 0.129 0.052   -125333    0 
103100:    1.00    9.839    0.175 0.000 0.143    0.056 0.113 0.048   -125338    0 
103200:    1.00    9.950    0.148 0.000 0.177    0.056 0.122 0.054   -125369    0 
103300:    1.00    9.625    0.154 0.000 0.147    0.050 0.126 0.066   -125352    0 
103400:    1.00    9.684    0.150 0.000 0.149    0.056 0.122 0.061   -125349    0 
103500:    1.00    9.149    0.162 0.000 0.147    0.064 0.122 0.050   -125296    0 
103600:    1.00    9.010    0.167 0.000 0.148    0.056 0.123 0.049   -125340    0 
103700:    1.00    9.215    0.189 0.000 0.146    0.071 0.135 0.053   -125276    0 
103800:    1.00    9.729    0.184 0.000 0.179    0.068 0.132 0.060   -125359    0 
103900:    1.00    9.854    0.179 0.000 0.144    0.067 0.159 0.067   -125348    0 

--------------------------------------------
Proportion of membership of each pre-defined
 population in each of the 3 clusters

Given    Inferred Clusters       Number of
 Pop       1      2      3      Individuals

  1:     0.328  0.339  0.333      358
  2:     0.333  0.332  0.336      1039
  3:     0.339  0.329  0.332      603
--------------------------------------------

  Rep#:   Lambda   Alpha      F1    F2    F3     D1,2  D1,3  D2,3    Ln Like  Est Ln P(D)
104000:    1.00    9.294    0.148 0.000 0.125    0.066 0.142 0.059   -125312    0 
104100:    1.00    9.647    0.139 0.000 0.154    0.068 0.138 0.051   -125336    0 
104200:    1.00    9.381    0.149 0.000 0.115    0.065 0.120 0.042   -125401    0 
104300:    1.00    9.418    0.142 0.000 0.108    0.053 0.104 0.045   -125424    0 
104400:    1.00    9.097    0.118 0.000 0.117    0.047 0.099 0.041   -125424    0 
104500:    1.00    8.712    0.077 0.000 0.090    0.034 0.089 0.042   -125411    0 
104600:    1.00    8.640    0.085 0.000 0.117    0.044 0.096 0.037   -125422    0 
104700:    1.00    8.718    0.080 0.000 0.085    0.033 0.088 0.050   -125390    0 
104800:    1.00    8.449    0.082 0.000 0.144    0.033 0.088 0.043   -125380    0 
104900:    1.00    8.653    0.096 0.000 0.138    0.036 0.104 0.051   -125344    0 

--------------------------------------------
Proportion of membership of each pre-defined
 population in each of the 3 clusters

Given    Inferred Clusters       Number of
 Pop       1      2      3      Individuals

  1:     0.339  0.328  0.332      358
  2:     0.338  0.333  0.330      1039
  3:     0.333  0.330  0.337      603
--------------------------------------------

  Rep#:   Lambda   Alpha      F1    F2    F3     D1,2  D1,3  D2,3    Ln Like  Est Ln P(D)
105000:    1.00    8.586    0.068 0.000 0.157    0.027 0.090 0.051   -125427    0 
105100:    1.00    8.610    0.072 0.000 0.137    0.021 0.064 0.038   -125458    0 
105200:    1.00    8.804    0.076 0.000 0.104    0.023 0.062 0.043   -125401    0 
105300:    1.00    8.858    0.107 0.000 0.101    0.026 0.071 0.037   -125465    0 
105400:    1.00    8.583    0.092 0.000 0.099    0.028 0.050 0.039   -125441    0 
105500:    1.00    8.784    0.111 0.000 0.079    0.039 0.069 0.038   -125449    0 
105600:    1.00    8.945    0.117 0.000 0.078    0.038 0.084 0.038   -125486    0 
105700:    1.00    9.101    0.128 0.000 0.089    0.040 0.079 0.033   -125419    0 
105800:    1.00    9.300    0.150 0.000 0.107    0.042 0.090 0.041   -125415    0 
105900:    1.00    9.213    0.117 0.000 0.099    0.050 0.093 0.043   -125383    0 

--------------------------------------------
Proportion of membership of each pre-defined
 population in each of the 3 clusters

Given    Inferred Clusters       Number of
 Pop       1      2      3      Individuals

  1:     0.334  0.333  0.333      358
  2:     0.335  0.331  0.334      1039
  3:     0.339  0.332  0.329      603
--------------------------------------------

  Rep#:   Lambda   Alpha      F1    F2    F3     D1,2  D1,3  D2,3    Ln Like  Est Ln P(D)
106000:    1.00    9.229    0.124 0.000 0.130    0.049 0.100 0.045   -125402    0 
106100:    1.00    9.241    0.161 0.000 0.138    0.068 0.126 0.048   -125329    0 
106200:    1.00    9.607    0.171 0.000 0.116    0.072 0.137 0.049   -125313    0 
106300:    1.00    9.755    0.117 0.000 0.146    0.054 0.105 0.049   -125404    0 
106400:    1.00    9.777    0.125 0.000 0.140    0.045 0.111 0.054   -125357    0 
106500:    1.00    9.857    0.133 0.000 0.135    0.061 0.128 0.048   -125357    0 
106600:    1.00    9.916    0.121 0.000 0.133    0.060 0.114 0.040   -125407    0 
106700:    1.00    9.963    0.146 0.000 0.127    0.058 0.110 0.048   -125373    0 
106800:    1.00    9.721    0.127 0.000 0.120    0.054 0.118 0.046   -125414    0 
106900:    1.00    9.868    0.130 0.000 0.092    0.058 0.120 0.042   -125430    0 

--------------------------------------------
Proportion of membership of each pre-defined
 population in each of the 3 clusters

Given    Inferred Clusters       Number of
 Pop       1      2      3      Individuals

  1:     0.335  0.332  0.333      358
  2:     0.331  0.335  0.334      1039
  3:     0.341  0.329  0.330      603
--------------------------------------------

  Rep#:   Lambda   Alpha      F1    F2    F3     D1,2  D1,3  D2,3    Ln Like  Est Ln P(D)
107000:    1.00    9.851    0.143 0.000 0.085    0.059 0.097 0.036   -125433    0 
107100:    1.00    9.820    0.135 0.000 0.138    0.063 0.131 0.045   -125384    0 
107200:    1.00    9.686    0.149 0.000 0.098    0.043 0.103 0.047   -125399    0 
107300:    1.00    9.799    0.136 0.000 0.122    0.051 0.098 0.039   -125422    0 
107400:    1.00    9.418    0.151 0.000 0.101    0.052 0.096 0.043   -125420    0 
107500:    1.00    9.578    0.137 0.000 0.082    0.047 0.092 0.042   -125425    0 
107600:    1.00    9.380    0.145 0.000 0.119    0.056 0.107 0.049   -125406    0 
107700:    1.00    9.262    0.158 0.000 0.109    0.059 0.106 0.044   -125371    0 
107800:    1.00    9.241    0.131 0.000 0.101    0.062 0.106 0.038   -125325    0 
107900:    1.00    9.330    0.118 0.000 0.097    0.067 0.106 0.034   -125381    0 

--------------------------------------------
Proportion of membership of each pre-defined
 population in each of the 3 clusters

Given    Inferred Clusters       Number of
 Pop       1      2      3      Individuals

  1:     0.334  0.334  0.332      358
  2:     0.333  0.334  0.333      1039
  3:     0.335  0.337  0.328      603
--------------------------------------------

  Rep#:   Lambda   Alpha      F1    F2    F3     D1,2  D1,3  D2,3    Ln Like  Est Ln P(D)
108000:    1.00    9.195    0.141 0.000 0.124    0.062 0.115 0.036   -125325    0 
108100:    1.00    9.181    0.132 0.000 0.106    0.052 0.114 0.039   -125339    0 
108200:    1.00    8.953    0.167 0.000 0.132    0.044 0.120 0.046   -125295    0 
108300:    1.00    8.948    0.108 0.000 0.099    0.045 0.093 0.042   -125391    0 
108400:    1.00    9.055    0.146 0.000 0.110    0.063 0.131 0.044   -125340    0 
108500:    1.00    8.724    0.129 0.000 0.117    0.058 0.107 0.039   -125305    0 
108600:    1.00    8.323    0.126 0.000 0.097    0.054 0.102 0.038   -125301    0 
108700:    1.00    8.587    0.180 0.000 0.132    0.063 0.099 0.038   -125356    0 
108800:    1.00    8.783    0.148 0.000 0.153    0.070 0.133 0.053   -125388    0 
108900:    1.00    9.025    0.149 0.000 0.133    0.056 0.135 0.068   -125294    0 

--------------------------------------------
Proportion of membership of each pre-defined
 population in each of the 3 clusters

Given    Inferred Clusters       Number of
 Pop       1      2      3      Individuals

  1:     0.331  0.335  0.334      358
  2:     0.336  0.330  0.334      1039
  3:     0.328  0.336  0.336      603
--------------------------------------------

  Rep#:   Lambda   Alpha      F1    F2    F3     D1,2  D1,3  D2,3    Ln Like  Est Ln P(D)
109000:    1.00    9.231    0.152 0.000 0.149    0.042 0.111 0.069   -125306    0 
109100:    1.00    9.223    0.110 0.000 0.212    0.045 0.107 0.075   -125356    0 
109200:    1.00    9.202    0.136 0.000 0.196    0.046 0.113 0.064   -125307    0 
109300:    1.00    9.529    0.107 0.000 0.174    0.041 0.110 0.056   -125326    0 
109400:    1.00    9.426    0.112 0.000 0.156    0.049 0.121 0.058   -125350    0 
109500:    1.00    9.679    0.111 0.000 0.098    0.038 0.106 0.046   -125380    0 
109600:    1.00    9.586    0.106 0.000 0.098    0.046 0.115 0.051   -125422    0 
109700:    1.00    9.292    0.120 0.000 0.109    0.046 0.096 0.049   -125389    0 
109800:    1.00    9.106    0.093 0.000 0.137    0.044 0.136 0.062   -125323    0 
109900:    1.00    9.209    0.129 0.000 0.124    0.054 0.123 0.052   -125333    0 

--------------------------------------------
Proportion of membership of each pre-defined
 population in each of the 3 clusters

Given    Inferred Clusters       Number of
 Pop       1      2      3      Individuals

  1:     0.335  0.331  0.334      358
  2:     0.333  0.337  0.330      1039
  3:     0.329  0.335  0.336      603
--------------------------------------------

  Rep#:   Lambda   Alpha      F1    F2    F3     D1,2  D1,3  D2,3    Ln Like  Est Ln P(D)
110000:    1.00    8.936    0.118 0.000 0.101    0.039 0.103 0.056   -125366    0 
110100:    1.00    8.663    0.119 0.000 0.135    0.037 0.102 0.056   -125353    0 
110200:    1.00    8.743    0.138 0.000 0.134    0.042 0.099 0.054   -125388    0 
110300:    1.00    8.696    0.122 0.000 0.137    0.046 0.112 0.058   -125312    0 
110400:    1.00    8.666    0.121 0.000 0.133    0.045 0.109 0.051   -125352    0 
110500:    1.00    8.769    0.104 0.000 0.172    0.039 0.096 0.060   -125405    0 
110600:    1.00    8.946    0.151 0.000 0.176    0.047 0.124 0.065   -125301    0 
110700:    1.00    9.330    0.095 0.000 0.235    0.042 0.139 0.084   -125359    0 
110800:    1.00    8.972    0.115 0.000 0.215    0.050 0.151 0.083   -125315    0 
110900:    1.00    9.297    0.150 0.000 0.166    0.054 0.138 0.078   -125329    0 

--------------------------------------------
Proportion of membership of each pre-defined
 population in each of the 3 clusters

Given    Inferred Clusters       Number of
 Pop       1      2      3      Individuals

  1:     0.339  0.330  0.330      358
  2:     0.336  0.330  0.334      1039
  3:     0.327  0.344  0.329      603
--------------------------------------------

  Rep#:   Lambda   Alpha      F1    F2    F3     D1,2  D1,3  D2,3    Ln Like  Est Ln P(D)
111000:    1.00    9.382    0.162 0.000 0.158    0.052 0.125 0.071   -125354    0 
111100:    1.00    9.192    0.162 0.000 0.165    0.042 0.111 0.071   -125374    0 
111200:    1.00    9.269    0.125 0.000 0.131    0.041 0.100 0.054   -125366    0 
111300:    1.00    9.237    0.091 0.000 0.103    0.040 0.089 0.046   -125405    0 
111400:    1.00    9.058    0.117 0.000 0.111    0.046 0.092 0.042   -125435    0 
111500:    1.00    9.015    0.100 0.000 0.078    0.033 0.085 0.040   -125364    0 
111600:    1.00    9.359    0.081 0.000 0.125    0.033 0.105 0.049   -125394    0 
111700:    1.00    9.500    0.088 0.000 0.143    0.039 0.106 0.054   -125465    0 
111800:    1.00    9.385    0.080 0.000 0.139    0.036 0.104 0.055   -125386    0 
111900:    1.00    9.175    0.117 0.000 0.110    0.034 0.096 0.059   -125462    0 

--------------------------------------------
Proportion of membership of each pre-defined
 population in each of the 3 clusters

Given    Inferred Clusters       Number of
 Pop       1      2      3      Individuals

  1:     0.332  0.333  0.335      358
  2:     0.336  0.332  0.332      1039
  3:     0.335  0.338  0.327      603
--------------------------------------------

  Rep#:   Lambda   Alpha      F1    F2    F3     D1,2  D1,3  D2,3    Ln Like  Est Ln P(D)
112000:    1.00    9.555    0.119 0.000 0.105    0.046 0.100 0.053   -125336    0 
112100:    1.00    9.625    0.130 0.000 0.141    0.043 0.082 0.042   -125465    0 
112200:    1.00    9.433    0.128 0.000 0.116    0.047 0.096 0.042   -125407    0 
112300:    1.00    9.661    0.115 0.000 0.132    0.034 0.098 0.056   -125439    0 
112400:    1.00    9.472    0.138 0.000 0.134    0.047 0.098 0.037   -125432    0 
112500:    1.00    9.210    0.142 0.000 0.158    0.056 0.098 0.043   -125345    0 
112600:    1.00    8.977    0.131 0.000 0.109    0.053 0.096 0.040   -125376    0 
112700:    1.00    9.089    0.146 0.000 0.142    0.058 0.120 0.053   -125367    0 
112800:    1.00    8.908    0.133 0.000 0.174    0.056 0.122 0.059   -125299    0 
112900:    1.00    8.868    0.120 0.000 0.164    0.057 0.115 0.067   -125320    0 

--------------------------------------------
Proportion of membership of each pre-defined
 population in each of the 3 clusters

Given    Inferred Clusters       Number of
 Pop       1      2      3      Individuals

  1:     0.330  0.331  0.340      358
  2:     0.332  0.334  0.334      1039
  3:     0.327  0.334  0.339      603
--------------------------------------------

  Rep#:   Lambda   Alpha      F1    F2    F3     D1,2  D1,3  D2,3    Ln Like  Est Ln P(D)
113000:    1.00    8.879    0.134 0.000 0.144    0.057 0.101 0.055   -125305    0 
113100:    1.00    8.648    0.175 0.000 0.116    0.053 0.104 0.052   -125312    0 
113200:    1.00    8.586    0.171 0.000 0.130    0.062 0.101 0.053   -125299    0 
113300:    1.00    8.647    0.189 0.000 0.109    0.069 0.111 0.057   -125298    0 
113400:    1.00    8.369    0.159 0.000 0.112    0.062 0.097 0.050   -125311    0 
113500:    1.00    8.678    0.171 0.000 0.136    0.073 0.108 0.053   -125274    0 
113600:    1.00    8.975    0.179 0.000 0.124    0.080 0.114 0.052   -125275    0 
113700:    1.00    9.309    0.192 0.000 0.110    0.085 0.131 0.049   -125251    0 
113800:    1.00    9.302    0.144 0.000 0.153    0.070 0.114 0.049   -125275    0 
113900:    1.00    9.140    0.171 0.000 0.146    0.058 0.108 0.046   -125314    0 

--------------------------------------------
Proportion of membership of each pre-defined
 population in each of the 3 clusters

Given    Inferred Clusters       Number of
 Pop       1      2      3      Individuals

  1:     0.327  0.342  0.331      358
  2:     0.331  0.334  0.335      1039
  3:     0.334  0.333  0.332      603
--------------------------------------------

  Rep#:   Lambda   Alpha      F1    F2    F3     D1,2  D1,3  D2,3    Ln Like  Est Ln P(D)
114000:    1.00    9.439    0.164 0.000 0.116    0.070 0.103 0.038   -125363    0 
114100:    1.00    9.501    0.161 0.000 0.098    0.064 0.104 0.045   -125321    0 
114200:    1.00    9.597    0.134 0.000 0.099    0.056 0.084 0.035   -125382    0 
114300:    1.00    9.983    0.123 0.000 0.129    0.051 0.089 0.036   -125409    0 
114400:    1.00    9.877    0.127 0.000 0.093    0.055 0.091 0.036   -125380    0 
114500:    1.00    9.591    0.187 0.000 0.097    0.064 0.116 0.044   -125384    0 
114600:    1.00    9.336    0.177 0.000 0.155    0.050 0.104 0.053   -125372    0 
114700:    1.00    9.047    0.143 0.000 0.154    0.051 0.106 0.046   -125351    0 
114800:    1.00    9.075    0.133 0.000 0.139    0.046 0.092 0.045   -125347    0 
114900:    1.00    9.035    0.151 0.000 0.100    0.058 0.103 0.044   -125381    0 

--------------------------------------------
Proportion of membership of each pre-defined
 population in each of the 3 clusters

Given    Inferred Clusters       Number of
 Pop       1      2      3      Individuals

  1:     0.327  0.338  0.335      358
  2:     0.331  0.330  0.339      1039
  3:     0.336  0.342  0.323      603
--------------------------------------------

  Rep#:   Lambda   Alpha      F1    F2    F3     D1,2  D1,3  D2,3    Ln Like  Est Ln P(D)
115000:    1.00    8.969    0.140 0.000 0.124    0.050 0.096 0.044   -125410    0 
115100:    1.00    8.369    0.104 0.000 0.112    0.033 0.080 0.045   -125432    0 
115200:    1.00    8.585    0.113 0.000 0.141    0.044 0.113 0.054   -125371    0 
115300:    1.00    8.607    0.125 0.000 0.122    0.051 0.101 0.050   -125310    0 
115400:    1.00    8.558    0.109 0.000 0.129    0.045 0.098 0.048   -125260    0 
115500:    1.00    7.980    0.104 0.000 0.107    0.048 0.097 0.037   -125345    0 
115600:    1.00    7.909    0.110 0.000 0.186    0.040 0.096 0.047   -125377    0 
115700:    1.00    7.820    0.111 0.000 0.172    0.038 0.111 0.058   -125271    0 
115800:    1.00    7.861    0.093 0.000 0.124    0.041 0.105 0.044   -125374    0 
115900:    1.00    7.815    0.085 0.000 0.133    0.037 0.097 0.048   -125324    0 

--------------------------------------------
Proportion of membership of each pre-defined
 population in each of the 3 clusters

Given    Inferred Clusters       Number of
 Pop       1      2      3      Individuals

  1:     0.335  0.329  0.336      358
  2:     0.335  0.331  0.335      1039
  3:     0.324  0.339  0.336      603
--------------------------------------------

  Rep#:   Lambda   Alpha      F1    F2    F3     D1,2  D1,3  D2,3    Ln Like  Est Ln P(D)
116000:    1.00    7.959    0.118 0.000 0.175    0.042 0.109 0.052   -125322    0 
116100:    1.00    7.885    0.109 0.000 0.131    0.051 0.110 0.050   -125265    0 
116200:    1.00    7.931    0.098 0.000 0.133    0.050 0.099 0.047   -125347    0 
116300:    1.00    7.751    0.097 0.000 0.093    0.047 0.085 0.035   -125376    0 
116400:    1.00    7.630    0.106 0.000 0.102    0.043 0.086 0.043   -125368    0 
116500:    1.00    8.101    0.102 0.000 0.111    0.039 0.070 0.037   -125371    0 
116600:    1.00    8.382    0.138 0.000 0.112    0.049 0.093 0.038   -125392    0 
116700:    1.00    8.087    0.124 0.000 0.099    0.040 0.077 0.041   -125356    0 
116800:    1.00    8.335    0.108 0.000 0.130    0.036 0.087 0.040   -125359    0 
116900:    1.00    7.954    0.109 0.000 0.082    0.030 0.082 0.038   -125360    0 

--------------------------------------------
Proportion of membership of each pre-defined
 population in each of the 3 clusters

Given    Inferred Clusters       Number of
 Pop       1      2      3      Individuals

  1:     0.334  0.334  0.332      358
  2:     0.335  0.332  0.333      1039
  3:     0.326  0.338  0.336      603
--------------------------------------------

  Rep#:   Lambda   Alpha      F1    F2    F3     D1,2  D1,3  D2,3    Ln Like  Est Ln P(D)
117000:    1.00    8.153    0.103 0.000 0.098    0.031 0.076 0.034   -125425    0 
117100:    1.00    8.338    0.096 0.000 0.072    0.041 0.079 0.031   -125372    0 
117200:    1.00    8.583    0.119 0.000 0.082    0.039 0.077 0.027   -125396    0 
117300:    1.00    8.513    0.110 0.000 0.100    0.041 0.074 0.027   -125393    0 
117400:    1.00    8.309    0.124 0.000 0.095    0.052 0.096 0.034   -125352    0 
117500:    1.00    8.231    0.114 0.000 0.085    0.050 0.086 0.034   -125357    0 
117600:    1.00    8.303    0.100 0.000 0.092    0.042 0.079 0.037   -125382    0 
117700:    1.00    8.020    0.104 0.000 0.108    0.041 0.086 0.041   -125356    0 
117800:    1.00    8.059    0.092 0.000 0.098    0.041 0.097 0.039   -125370    0 
117900:    1.00    8.519    0.102 0.000 0.105    0.036 0.086 0.042   -125391    0 

--------------------------------------------
Proportion of membership of each pre-defined
 population in each of the 3 clusters

Given    Inferred Clusters       Number of
 Pop       1      2      3      Individuals

  1:     0.335  0.333  0.332      358
  2:     0.335  0.330  0.336      1039
  3:     0.332  0.337  0.331      603
--------------------------------------------

  Rep#:   Lambda   Alpha      F1    F2    F3     D1,2  D1,3  D2,3    Ln Like  Est Ln P(D)
118000:    1.00    8.808    0.126 0.000 0.117    0.042 0.083 0.037   -125392    0 
118100:    1.00    9.180    0.155 0.000 0.114    0.046 0.108 0.063   -125363    0 
118200:    1.00    9.301    0.118 0.000 0.139    0.051 0.108 0.054   -125333    0 
118300:    1.00    9.180    0.139 0.000 0.120    0.038 0.101 0.053   -125366    0 
118400:    1.00    9.139    0.103 0.000 0.128    0.040 0.107 0.052   -125383    0 
118500:    1.00    9.267    0.121 0.000 0.169    0.043 0.126 0.066   -125360    0 
118600:    1.00    9.075    0.099 0.000 0.123    0.043 0.101 0.045   -125387    0 
118700:    1.00    9.006    0.111 0.000 0.109    0.042 0.103 0.046   -125337    0 
118800:    1.00    9.256    0.182 0.000 0.094    0.055 0.112 0.040   -125398    0 
118900:    1.00    9.405    0.120 0.000 0.085    0.041 0.083 0.035   -125399    0 

--------------------------------------------
Proportion of membership of each pre-defined
 population in each of the 3 clusters

Given    Inferred Clusters       Number of
 Pop       1      2      3      Individuals

  1:     0.334  0.327  0.339      358
  2:     0.333  0.330  0.337      1039
  3:     0.331  0.331  0.338      603
--------------------------------------------

  Rep#:   Lambda   Alpha      F1    F2    F3     D1,2  D1,3  D2,3    Ln Like  Est Ln P(D)
119000:    1.00    9.370    0.124 0.000 0.103    0.042 0.089 0.034   -125446    0 
119100:    1.00    9.519    0.143 0.000 0.105    0.044 0.100 0.041   -125372    0 
119200:    1.00    9.942    0.127 0.000 0.129    0.039 0.090 0.039   -125385    0 
119300:    1.00    9.708    0.104 0.000 0.121    0.054 0.110 0.040   -125412    0 
119400:    1.00    9.735    0.098 0.000 0.098    0.046 0.108 0.044   -125385    0 
119500:    1.00    9.778    0.098 0.000 0.102    0.035 0.082 0.040   -125422    0 
119600:    1.00    9.854    0.100 0.000 0.120    0.039 0.102 0.040   -125436    0 
119700:    1.00    9.855    0.072 0.000 0.098    0.028 0.083 0.038   -125461    0 
119800:    1.00    9.872    0.080 0.000 0.088    0.027 0.077 0.043   -125424    0 
119900:    1.00    9.759    0.075 0.000 0.104    0.028 0.079 0.041   -125503    0 

--------------------------------------------
Proportion of membership of each pre-defined
 population in each of the 3 clusters

Given    Inferred Clusters       Number of
 Pop       1      2      3      Individuals

  1:     0.332  0.334  0.334      358
  2:     0.332  0.335  0.332      1039
  3:     0.338  0.330  0.332      603
--------------------------------------------

  Rep#:   Lambda   Alpha      F1    F2    F3     D1,2  D1,3  D2,3    Ln Like  Est Ln P(D)
120000:    1.00    9.978    0.076 0.000 0.140    0.029 0.097 0.056   -125418    0 
120100:    1.00    9.548    0.091 0.000 0.158    0.035 0.104 0.055   -125396    0 
120200:    1.00    9.576    0.098 0.000 0.121    0.039 0.101 0.058   -125398    0 
120300:    1.00    9.390    0.103 0.000 0.139    0.038 0.085 0.053   -125416    0 
120400:    1.00    9.261    0.094 0.000 0.143    0.036 0.099 0.056   -125378    0 
120500:    1.00    9.274    0.106 0.000 0.137    0.035 0.093 0.051   -125409    0 
120600:    1.00    9.452    0.075 0.000 0.125    0.034 0.109 0.060   -125452    0 
120700:    1.00    9.732    0.115 0.000 0.175    0.042 0.122 0.067   -125396    0 
120800:    1.00    9.575    0.092 0.000 0.099    0.034 0.104 0.057   -125405    0 
120900:    1.00    9.654    0.092 0.000 0.125    0.032 0.099 0.052   -125444    0 

--------------------------------------------
Proportion of membership of each pre-defined
 population in each of the 3 clusters

Given    Inferred Clusters       Number of
 Pop       1      2      3      Individuals

  1:     0.331  0.329  0.339      358
  2:     0.331  0.330  0.339      1039
  3:     0.340  0.326  0.333      603
--------------------------------------------

  Rep#:   Lambda   Alpha      F1    F2    F3     D1,2  D1,3  D2,3    Ln Like  Est Ln P(D)
121000:    1.00    9.851    0.077 0.000 0.151    0.030 0.110 0.068   -125470    0 
121100:    1.00    9.750    0.079 0.000 0.167    0.030 0.112 0.068   -125359    0 
121200:    1.00    9.702    0.106 0.000 0.144    0.026 0.088 0.055   -125453    0 
121300:    1.00    9.913    0.091 0.000 0.145    0.033 0.097 0.053   -125427    0 
121400:    1.00    9.443    0.081 0.000 0.138    0.032 0.092 0.056   -125459    0 
121500:    1.00    9.014    0.077 0.000 0.127    0.030 0.091 0.050   -125380    0 
121600:    1.00    8.747    0.126 0.000 0.141    0.039 0.100 0.049   -125356    0 
121700:    1.00    8.782    0.084 0.000 0.138    0.034 0.086 0.044   -125420    0 
121800:    1.00    8.886    0.073 0.000 0.113    0.029 0.071 0.043   -125436    0 
121900:    1.00    9.150    0.107 0.000 0.124    0.037 0.077 0.046   -125452    0 

--------------------------------------------
Proportion of membership of each pre-defined
 population in each of the 3 clusters

Given    Inferred Clusters       Number of
 Pop       1      2      3      Individuals

  1:     0.335  0.334  0.331      358
  2:     0.331  0.330  0.339      1039
  3:     0.336  0.329  0.334      603
--------------------------------------------

  Rep#:   Lambda   Alpha      F1    F2    F3     D1,2  D1,3  D2,3    Ln Like  Est Ln P(D)
122000:    1.00    9.426    0.074 0.000 0.119    0.033 0.088 0.052   -125407    0 
122100:    1.00    9.260    0.102 0.000 0.150    0.041 0.107 0.061   -125359    0 
122200:    1.00    8.978    0.105 0.000 0.177    0.040 0.106 0.072   -125386    0 
122300:    1.00    9.237    0.104 0.000 0.187    0.039 0.109 0.067   -125425    0 
122400:    1.00    9.416    0.122 0.000 0.173    0.044 0.124 0.068   -125358    0 
122500:    1.00    9.604    0.091 0.000 0.185    0.043 0.116 0.077   -125372    0 
122600:    1.00    9.399    0.126 0.000 0.184    0.051 0.154 0.087   -125245    0 
122700:    1.00    9.563    0.144 0.000 0.223    0.047 0.124 0.083   -125355    0 
122800:    1.00    9.742    0.126 0.000 0.195    0.060 0.150 0.089   -125326    0 
122900:    1.00    9.869    0.128 0.000 0.176    0.063 0.150 0.082   -125278    0 

--------------------------------------------
Proportion of membership of each pre-defined
 population in each of the 3 clusters

Given    Inferred Clusters       Number of
 Pop       1      2      3      Individuals

  1:     0.330  0.337  0.333      358
  2:     0.335  0.332  0.333      1039
  3:     0.333  0.332  0.334      603
--------------------------------------------

  Rep#:   Lambda   Alpha      F1    F2    F3     D1,2  D1,3  D2,3    Ln Like  Est Ln P(D)
123000:    1.00    9.722    0.146 0.000 0.178    0.061 0.159 0.076   -125302    0 
123100:    1.00    9.879    0.142 0.000 0.132    0.071 0.163 0.072   -125307    0 
123200:    1.00    9.996    0.153 0.000 0.142    0.067 0.145 0.067   -125370    0 
123300:    1.00    9.669    0.120 0.000 0.159    0.060 0.129 0.062   -125335    0 
123400:    1.00    9.525    0.139 0.000 0.135    0.073 0.121 0.055   -125352    0 
123500:    1.00    8.782    0.124 0.000 0.139    0.072 0.120 0.061   -125334    0 
123600:    1.00    8.373    0.146 0.000 0.150    0.053 0.104 0.054   -125298    0 
123700:    1.00    8.294    0.126 0.000 0.122    0.050 0.122 0.054   -125328    0 
123800:    1.00    8.509    0.138 0.000 0.117    0.043 0.100 0.046   -125380    0 
123900:    1.00    8.666    0.106 0.000 0.098    0.039 0.081 0.038   -125426    0 

--------------------------------------------
Proportion of membership of each pre-defined
 population in each of the 3 clusters

Given    Inferred Clusters       Number of
 Pop       1      2      3      Individuals

  1:     0.336  0.326  0.338      358
  2:     0.335  0.332  0.333      1039
  3:     0.337  0.331  0.332      603
--------------------------------------------

  Rep#:   Lambda   Alpha      F1    F2    F3     D1,2  D1,3  D2,3    Ln Like  Est Ln P(D)
124000:    1.00    8.554    0.119 0.000 0.082    0.038 0.078 0.036   -125448    0 
124100:    1.00    8.488    0.109 0.000 0.099    0.044 0.095 0.045   -125443    0 
124200:    1.00    8.320    0.107 0.000 0.111    0.035 0.075 0.044   -125405    0 
124300:    1.00    8.608    0.100 0.000 0.125    0.043 0.092 0.045   -125370    0 
124400:    1.00    8.630    0.084 0.000 0.106    0.046 0.085 0.041   -125375    0 
124500:    1.00    8.949    0.117 0.000 0.107    0.047 0.088 0.043   -125413    0 
124600:    1.00    9.070    0.126 0.000 0.153    0.045 0.098 0.049   -125431    0 
124700:    1.00    9.277    0.095 0.000 0.101    0.040 0.091 0.039   -125436    0 
124800:    1.00    9.096    0.095 0.000 0.075    0.038 0.077 0.036   -125444    0 
124900:    1.00    8.945    0.107 0.000 0.093    0.042 0.085 0.034   -125408    0 

--------------------------------------------
Proportion of membership of each pre-defined
 population in each of the 3 clusters

Given    Inferred Clusters       Number of
 Pop       1      2      3      Individuals

  1:     0.328  0.334  0.338      358
  2:     0.331  0.333  0.337      1039
  3:     0.329  0.341  0.330      603
--------------------------------------------

  Rep#:   Lambda   Alpha      F1    F2    F3     D1,2  D1,3  D2,3    Ln Like  Est Ln P(D)
125000:    1.00    9.102    0.083 0.000 0.131    0.039 0.089 0.040   -125392    0 
125100:    1.00    9.096    0.111 0.000 0.110    0.036 0.082 0.042   -125408    0 
125200:    1.00    9.156    0.115 0.000 0.096    0.046 0.092 0.043   -125382    0 
125300:    1.00    8.791    0.114 0.000 0.087    0.037 0.101 0.052   -125407    0 
125400:    1.00    8.998    0.092 0.000 0.136    0.046 0.103 0.049   -125397    0 
125500:    1.00    9.137    0.118 0.000 0.114    0.042 0.094 0.050   -125423    0 
125600:    1.00    8.990    0.099 0.000 0.151    0.049 0.097 0.048   -125337    0 
125700:    1.00    8.612    0.089 0.000 0.113    0.047 0.115 0.054   -125366    0 
125800:    1.00    8.539    0.137 0.000 0.124    0.053 0.104 0.048   -125358    0 
125900:    1.00    8.157    0.135 0.000 0.144    0.058 0.112 0.048   -125288    0 

--------------------------------------------
Proportion of membership of each pre-defined
 population in each of the 3 clusters

Given    Inferred Clusters       Number of
 Pop       1      2      3      Individuals

  1:     0.338  0.331  0.331      358
  2:     0.332  0.331  0.337      1039
  3:     0.335  0.328  0.337      603
--------------------------------------------

  Rep#:   Lambda   Alpha      F1    F2    F3     D1,2  D1,3  D2,3    Ln Like  Est Ln P(D)
126000:    1.00    8.286    0.123 0.000 0.139    0.042 0.107 0.063   -125321    0 
126100:    1.00    8.015    0.098 0.000 0.129    0.040 0.095 0.052   -125338    0 
126200:    1.00    8.058    0.118 0.000 0.125    0.047 0.101 0.052   -125308    0 
126300:    1.00    7.521    0.150 0.000 0.103    0.041 0.093 0.050   -125408    0 
126400:    1.00    7.436    0.100 0.000 0.098    0.044 0.091 0.047   -125345    0 
126500:    1.00    7.511    0.119 0.000 0.116    0.052 0.084 0.044   -125331    0 
126600:    1.00    7.577    0.109 0.000 0.125    0.057 0.097 0.041   -125303    0 
126700:    1.00    7.408    0.126 0.000 0.156    0.054 0.111 0.049   -125264    0 
126800:    1.00    7.154    0.119 0.000 0.142    0.066 0.134 0.055   -125263    0 
126900:    1.00    7.447    0.097 0.000 0.159    0.048 0.103 0.052   -125295    0 

--------------------------------------------
Proportion of membership of each pre-defined
 population in each of the 3 clusters

Given    Inferred Clusters       Number of
 Pop       1      2      3      Individuals

  1:     0.328  0.334  0.338      358
  2:     0.328  0.333  0.339      1039
  3:     0.338  0.336  0.326      603
--------------------------------------------

  Rep#:   Lambda   Alpha      F1    F2    F3     D1,2  D1,3  D2,3    Ln Like  Est Ln P(D)
127000:    1.00    7.713    0.140 0.000 0.128    0.057 0.102 0.044   -125312    0 
127100:    1.00    7.699    0.142 0.000 0.110    0.065 0.108 0.040   -125354    0 
127200:    1.00    8.036    0.143 0.000 0.098    0.071 0.120 0.041   -125269    0 
127300:    1.00    7.432    0.147 0.000 0.080    0.065 0.096 0.027   -125331    0 
127400:    1.00    7.149    0.161 0.000 0.092    0.055 0.097 0.032   -125297    0 
127500:    1.00    7.130    0.131 0.000 0.084    0.052 0.075 0.030   -125327    0 
127600:    1.00    7.289    0.120 0.000 0.064    0.055 0.088 0.026   -125361    0 
127700:    1.00    7.024    0.124 0.000 0.091    0.053 0.082 0.028   -125357    0 
127800:    1.00    7.064    0.130 0.000 0.090    0.054 0.087 0.033   -125322    0 
127900:    1.00    7.211    0.128 0.000 0.085    0.051 0.079 0.030   -125305    0 

--------------------------------------------
Proportion of membership of each pre-defined
 population in each of the 3 clusters

Given    Inferred Clusters       Number of
 Pop       1      2      3      Individuals

  1:     0.325  0.330  0.345      358
  2:     0.337  0.327  0.336      1039
  3:     0.336  0.333  0.332      603
--------------------------------------------

  Rep#:   Lambda   Alpha      F1    F2    F3     D1,2  D1,3  D2,3    Ln Like  Est Ln P(D)
128000:    1.00    7.212    0.146 0.000 0.122    0.045 0.109 0.047   -125251    0 
128100:    1.00    6.978    0.158 0.000 0.097    0.050 0.091 0.036   -125281    0 
128200:    1.00    6.860    0.162 0.000 0.138    0.050 0.084 0.044   -125238    0 
128300:    1.00    7.085    0.107 0.000 0.149    0.052 0.099 0.042   -125191    0 
128400:    1.00    7.356    0.110 0.000 0.122    0.045 0.095 0.042   -125300    0 
128500:    1.00    7.134    0.127 0.000 0.111    0.042 0.088 0.045   -125305    0 
128600:    1.00    6.883    0.144 0.000 0.126    0.048 0.100 0.051   -125242    0 
128700:    1.00    7.256    0.156 0.000 0.098    0.059 0.101 0.045   -125261    0 
128800:    1.00    7.405    0.174 0.000 0.088    0.048 0.107 0.043   -125264    0 
128900:    1.00    7.072    0.173 0.000 0.120    0.059 0.107 0.036   -125233    0 

--------------------------------------------
Proportion of membership of each pre-defined
 population in each of the 3 clusters

Given    Inferred Clusters       Number of
 Pop       1      2      3      Individuals

  1:     0.337  0.327  0.335      358
  2:     0.335  0.334  0.331      1039
  3:     0.335  0.334  0.331      603
--------------------------------------------

  Rep#:   Lambda   Alpha      F1    F2    F3     D1,2  D1,3  D2,3    Ln Like  Est Ln P(D)
129000:    1.00    7.047    0.130 0.000 0.107    0.049 0.082 0.032   -125298    0 
129100:    1.00    7.145    0.121 0.000 0.135    0.050 0.093 0.042   -125287    0 
129200:    1.00    7.296    0.111 0.000 0.144    0.049 0.097 0.043   -125378    0 
129300:    1.00    6.591    0.148 0.000 0.108    0.045 0.092 0.044   -125292    0 
129400:    1.00    6.564    0.188 0.000 0.120    0.057 0.089 0.035   -125275    0 
129500:    1.00    7.023    0.136 0.000 0.104    0.063 0.104 0.041   -125263    0 
129600:    1.00    7.053    0.142 0.000 0.071    0.060 0.086 0.030   -125300    0 
129700:    1.00    7.128    0.168 0.000 0.078    0.060 0.102 0.029   -125269    0 
129800:    1.00    7.604    0.169 0.000 0.061    0.062 0.094 0.021   -125302    0 
129900:    1.00    7.389    0.180 0.000 0.070    0.057 0.096 0.024   -125307    0 

--------------------------------------------
Proportion of membership of each pre-defined
 population in each of the 3 clusters

Given    Inferred Clusters       Number of
 Pop       1      2      3      Individuals

  1:     0.339  0.335  0.325      358
  2:     0.336  0.329  0.335      1039
  3:     0.333  0.331  0.337      603
--------------------------------------------

  Rep#:   Lambda   Alpha      F1    F2    F3     D1,2  D1,3  D2,3    Ln Like  Est Ln P(D)
130000:    1.00    7.235    0.134 0.000 0.063    0.062 0.095 0.025   -125313    0 
130100:    1.00    6.869    0.177 0.000 0.053    0.062 0.095 0.025   -125298    0 
130200:    1.00    6.886    0.153 0.000 0.056    0.064 0.096 0.028   -125300    0 
130300:    1.00    6.876    0.146 0.000 0.095    0.059 0.086 0.026   -125321    0 
130400:    1.00    7.160    0.146 0.000 0.095    0.057 0.085 0.036   -125322    0 
130500:    1.00    7.023    0.147 0.000 0.093    0.059 0.095 0.035   -125261    0 
130600:    1.00    6.999    0.142 0.000 0.068    0.064 0.096 0.032   -125326    0 
130700:    1.00    7.056    0.131 0.000 0.079    0.061 0.092 0.032   -125292    0 
130800:    1.00    7.412    0.166 0.000 0.076    0.069 0.109 0.033   -125293    0 
130900:    1.00    7.380    0.168 0.000 0.083    0.052 0.096 0.036   -125324    0 

--------------------------------------------
Proportion of membership of each pre-defined
 population in each of the 3 clusters

Given    Inferred Clusters       Number of
 Pop       1      2      3      Individuals

  1:     0.336  0.329  0.335      358
  2:     0.331  0.335  0.334      1039
  3:     0.332  0.342  0.327      603
--------------------------------------------

  Rep#:   Lambda   Alpha      F1    F2    F3     D1,2  D1,3  D2,3    Ln Like  Est Ln P(D)
131000:    1.00    7.411    0.135 0.000 0.086    0.049 0.085 0.034   -125355    0 
131100:    1.00    7.543    0.134 0.000 0.097    0.055 0.091 0.036   -125349    0 
131200:    1.00    7.781    0.134 0.000 0.082    0.050 0.076 0.031   -125381    0 
131300:    1.00    7.702    0.155 0.000 0.086    0.056 0.080 0.031   -125360    0 
131400:    1.00    7.471    0.123 0.000 0.091    0.054 0.095 0.037   -125347    0 
131500:    1.00    7.549    0.146 0.000 0.122    0.059 0.091 0.040   -125330    0 
131600:    1.00    7.452    0.143 0.000 0.099    0.061 0.090 0.037   -125329    0 
131700:    1.00    7.541    0.182 0.000 0.106    0.057 0.091 0.033   -125317    0 
131800:    1.00    7.879    0.182 0.000 0.105    0.068 0.110 0.037   -125297    0 
131900:    1.00    7.726    0.144 0.000 0.084    0.059 0.088 0.035   -125337    0 

--------------------------------------------
Proportion of membership of each pre-defined
 population in each of the 3 clusters

Given    Inferred Clusters       Number of
 Pop       1      2      3      Individuals

  1:     0.338  0.332  0.331      358
  2:     0.334  0.336  0.330      1039
  3:     0.338  0.335  0.327      603
--------------------------------------------

  Rep#:   Lambda   Alpha      F1    F2    F3     D1,2  D1,3  D2,3    Ln Like  Est Ln P(D)
132000:    1.00    7.349    0.149 0.000 0.088    0.058 0.105 0.039   -125302    0 
132100:    1.00    7.434    0.148 0.000 0.082    0.052 0.101 0.036   -125300    0 
132200:    1.00    7.516    0.144 0.000 0.092    0.052 0.092 0.035   -125308    0 
132300:    1.00    7.027    0.123 0.000 0.074    0.045 0.081 0.029   -125327    0 
132400:    1.00    6.966    0.104 0.000 0.063    0.037 0.070 0.025   -125344    0 
132500:    1.00    6.973    0.115 0.000 0.080    0.042 0.094 0.038   -125297    0 
132600:    1.00    7.232    0.097 0.000 0.082    0.041 0.084 0.034   -125317    0 
132700:    1.00    7.292    0.136 0.000 0.094    0.046 0.088 0.030   -125353    0 
132800:    1.00    7.057    0.110 0.000 0.081    0.045 0.083 0.033   -125334    0 
132900:    1.00    7.037    0.152 0.000 0.087    0.052 0.104 0.038   -125265    0 

--------------------------------------------
Proportion of membership of each pre-defined
 population in each of the 3 clusters

Given    Inferred Clusters       Number of
 Pop       1      2      3      Individuals

  1:     0.341  0.323  0.336      358
  2:     0.337  0.339  0.324      1039
  3:     0.338  0.325  0.337      603
--------------------------------------------

  Rep#:   Lambda   Alpha      F1    F2    F3     D1,2  D1,3  D2,3    Ln Like  Est Ln P(D)
133000:    1.00    6.905    0.132 0.000 0.089    0.052 0.102 0.039   -125310    0 
133100:    1.00    7.000    0.117 0.000 0.109    0.049 0.100 0.039   -125305    0 
133200:    1.00    7.056    0.137 0.000 0.084    0.052 0.105 0.034   -125298    0 
133300:    1.00    6.810    0.159 0.000 0.078    0.060 0.123 0.034   -125225    0 
133400:    1.00    6.982    0.129 0.000 0.063    0.054 0.091 0.025   -125307    0 
133500:    1.00    6.882    0.124 0.000 0.092    0.043 0.076 0.029   -125371    0 
133600:    1.00    6.594    0.132 0.000 0.052    0.046 0.066 0.023   -125391    0 
133700:    1.00    6.841    0.131 0.000 0.062    0.040 0.073 0.026   -125300    0 
133800:    1.00    6.681    0.130 0.000 0.077    0.036 0.058 0.027   -125347    0 
133900:    1.00    6.798    0.127 0.000 0.080    0.040 0.073 0.030   -125243    0 

--------------------------------------------
Proportion of membership of each pre-defined
 population in each of the 3 clusters

Given    Inferred Clusters       Number of
 Pop       1      2      3      Individuals

  1:     0.331  0.332  0.336      358
  2:     0.336  0.333  0.331      1039
  3:     0.331  0.336  0.332      603
--------------------------------------------

  Rep#:   Lambda   Alpha      F1    F2    F3     D1,2  D1,3  D2,3    Ln Like  Est Ln P(D)
134000:    1.00    6.903    0.120 0.000 0.089    0.045 0.081 0.033   -125221    0 
134100:    1.00    6.819    0.132 0.000 0.105    0.052 0.096 0.038   -125255    0 
134200:    1.00    6.636    0.138 0.000 0.121    0.050 0.100 0.044   -125232    0 
134300:    1.00    6.615    0.144 0.000 0.095    0.051 0.104 0.043   -125267    0 
134400:    1.00    6.502    0.153 0.000 0.119    0.049 0.098 0.040   -125183    0 
134500:    1.00    6.816    0.141 0.000 0.094    0.054 0.084 0.028   -125301    0 
134600:    1.00    6.860    0.130 0.000 0.100    0.048 0.093 0.032   -125253    0 
134700:    1.00    7.061    0.156 0.000 0.070    0.064 0.100 0.038   -125233    0 
134800:    1.00    6.793    0.184 0.000 0.101    0.070 0.109 0.038   -125261    0 
134900:    1.00    6.754    0.189 0.000 0.119    0.048 0.091 0.037   -125291    0 

--------------------------------------------
Proportion of membership of each pre-defined
 population in each of the 3 clusters

Given    Inferred Clusters       Number of
 Pop       1      2      3      Individuals

  1:     0.333  0.327  0.340      358
  2:     0.333  0.332  0.335      1039
  3:     0.326  0.338  0.336      603
--------------------------------------------

  Rep#:   Lambda   Alpha      F1    F2    F3     D1,2  D1,3  D2,3    Ln Like  Est Ln P(D)
135000:    1.00    6.956    0.161 0.000 0.086    0.046 0.075 0.033   -125303    0 
135100:    1.00    7.101    0.170 0.000 0.088    0.047 0.090 0.041   -125316    0 
135200:    1.00    7.437    0.210 0.000 0.081    0.054 0.095 0.035   -125272    0 
135300:    1.00    7.151    0.152 0.000 0.093    0.064 0.103 0.029   -125280    0 
135400:    1.00    6.939    0.177 0.000 0.079    0.065 0.098 0.032   -125304    0 
135500:    1.00    7.074    0.141 0.000 0.077    0.054 0.084 0.035   -125336    0 
135600:    1.00    7.558    0.178 0.000 0.080    0.059 0.085 0.036   -125277    0 
135700:    1.00    6.937    0.130 0.000 0.098    0.061 0.093 0.029   -125310    0 
135800:    1.00    7.272    0.138 0.000 0.059    0.057 0.081 0.025   -125400    0 
135900:    1.00    7.445    0.159 0.000 0.070    0.054 0.074 0.021   -125364    0 

--------------------------------------------
Proportion of membership of each pre-defined
 population in each of the 3 clusters

Given    Inferred Clusters       Number of
 Pop       1      2      3      Individuals

  1:     0.331  0.335  0.334      358
  2:     0.336  0.333  0.331      1039
  3:     0.337  0.336  0.327      603
--------------------------------------------

  Rep#:   Lambda   Alpha      F1    F2    F3     D1,2  D1,3  D2,3    Ln Like  Est Ln P(D)
136000:    1.00    7.689    0.096 0.000 0.079    0.045 0.066 0.026   -125442    0 
136100:    1.00    7.715    0.138 0.000 0.103    0.057 0.095 0.036   -125375    0 
136200:    1.00    7.822    0.122 0.000 0.107    0.070 0.111 0.042   -125296    0 
136300:    1.00    8.146    0.171 0.000 0.093    0.075 0.123 0.044   -125289    0 
136400:    1.00    8.165    0.192 0.000 0.115    0.066 0.115 0.041   -125318    0 
136500:    1.00    8.188    0.165 0.000 0.077    0.063 0.110 0.036   -125301    0 
136600:    1.00    8.413    0.169 0.000 0.109    0.063 0.121 0.044   -125330    0 
136700:    1.00    7.945    0.173 0.000 0.119    0.066 0.102 0.039   -125333    0 
136800:    1.00    8.435    0.174 0.000 0.113    0.070 0.109 0.045   -125266    0 
136900:    1.00    8.311    0.154 0.000 0.133    0.059 0.093 0.045   -125353    0 

--------------------------------------------
Proportion of membership of each pre-defined
 population in each of the 3 clusters

Given    Inferred Clusters       Number of
 Pop       1      2      3      Individuals

  1:     0.342  0.320  0.338      358
  2:     0.333  0.333  0.334      1039
  3:     0.338  0.334  0.327      603
--------------------------------------------

  Rep#:   Lambda   Alpha      F1    F2    F3     D1,2  D1,3  D2,3    Ln Like  Est Ln P(D)
137000:    1.00    8.233    0.185 0.000 0.114    0.055 0.094 0.036   -125377    0 
137100:    1.00    8.278    0.153 0.000 0.105    0.057 0.088 0.036   -125284    0 
137200:    1.00    7.832    0.158 0.000 0.107    0.048 0.076 0.034   -125410    0 
137300:    1.00    7.669    0.110 0.000 0.092    0.043 0.072 0.029   -125391    0 
137400:    1.00    7.562    0.125 0.000 0.105    0.044 0.087 0.034   -125373    0 
137500:    1.00    7.506    0.141 0.000 0.067    0.048 0.099 0.037   -125305    0 
137600:    1.00    7.358    0.152 0.000 0.063    0.050 0.087 0.031   -125378    0 
137700:    1.00    7.445    0.117 0.000 0.072    0.045 0.075 0.025   -125325    0 
137800:    1.00    7.602    0.144 0.000 0.096    0.060 0.104 0.033   -125297    0 
137900:    1.00    7.407    0.126 0.000 0.077    0.064 0.111 0.033   -125272    0 

--------------------------------------------
Proportion of membership of each pre-defined
 population in each of the 3 clusters

Given    Inferred Clusters       Number of
 Pop       1      2      3      Individuals

  1:     0.328  0.332  0.340      358
  2:     0.334  0.336  0.330      1039
  3:     0.329  0.330  0.341      603
--------------------------------------------

  Rep#:   Lambda   Alpha      F1    F2    F3     D1,2  D1,3  D2,3    Ln Like  Est Ln P(D)
138000:    1.00    7.322    0.159 0.000 0.077    0.065 0.118 0.031   -125253    0 
138100:    1.00    7.257    0.153 0.000 0.070    0.062 0.087 0.025   -125269    0 
138200:    1.00    7.269    0.167 0.000 0.093    0.054 0.091 0.029   -125228    0 
138300:    1.00    7.384    0.174 0.000 0.096    0.060 0.106 0.035   -125289    0 
138400:    1.00    7.712    0.175 0.000 0.090    0.058 0.095 0.035   -125266    0 
138500:    1.00    7.646    0.138 0.000 0.101    0.050 0.083 0.030   -125327    0 
138600:    1.00    7.765    0.161 0.000 0.068    0.056 0.080 0.027   -125369    0 
138700:    1.00    7.605    0.139 0.000 0.071    0.050 0.089 0.031   -125372    0 
138800:    1.00    7.042    0.118 0.000 0.059    0.058 0.092 0.025   -125321    0 
138900:    1.00    7.309    0.129 0.000 0.075    0.049 0.085 0.027   -125350    0 

--------------------------------------------
Proportion of membership of each pre-defined
 population in each of the 3 clusters

Given    Inferred Clusters       Number of
 Pop       1      2      3      Individuals

  1:     0.337  0.331  0.332      358
  2:     0.334  0.328  0.338      1039
  3:     0.329  0.337  0.334      603
--------------------------------------------

  Rep#:   Lambda   Alpha      F1    F2    F3     D1,2  D1,3  D2,3    Ln Like  Est Ln P(D)
139000:    1.00    7.207    0.148 0.000 0.087    0.049 0.078 0.033   -125336    0 
139100:    1.00    6.910    0.117 0.000 0.068    0.056 0.100 0.031   -125302    0 
139200:    1.00    7.020    0.124 0.000 0.056    0.047 0.072 0.023   -125391    0 
139300:    1.00    7.359    0.146 0.000 0.058    0.044 0.077 0.023   -125366    0 
139400:    1.00    6.789    0.125 0.000 0.082    0.052 0.090 0.031   -125327    0 
139500:    1.00    6.792    0.128 0.000 0.093    0.049 0.091 0.036   -125277    0 
139600:    1.00    6.607    0.122 0.000 0.092    0.041 0.080 0.030   -125331    0 
139700:    1.00    6.792    0.133 0.000 0.110    0.040 0.086 0.034   -125272    0 
139800:    1.00    6.746    0.119 0.000 0.079    0.036 0.069 0.027   -125365    0 
139900:    1.00    6.781    0.093 0.000 0.087    0.028 0.065 0.030   -125347    0 

--------------------------------------------
Proportion of membership of each pre-defined
 population in each of the 3 clusters

Given    Inferred Clusters       Number of
 Pop       1      2      3      Individuals

  1:     0.333  0.330  0.337      358
  2:     0.335  0.331  0.334      1039
  3:     0.337  0.333  0.331      603
--------------------------------------------

  Rep#:   Lambda   Alpha      F1    F2    F3     D1,2  D1,3  D2,3    Ln Like  Est Ln P(D)
140000:    1.00    6.449    0.078 0.000 0.092    0.036 0.084 0.036   -125340    0 
140100:    1.00    6.561    0.113 0.000 0.101    0.031 0.083 0.046   -125306    0 
140200:    1.00    6.593    0.115 0.000 0.126    0.038 0.092 0.047   -125183    0 
140300:    1.00    6.861    0.134 0.000 0.121    0.038 0.087 0.041   -125244    0 
140400:    1.00    7.150    0.152 0.000 0.100    0.045 0.084 0.035   -125286    0 
140500:    1.00    7.604    0.155 0.000 0.120    0.044 0.100 0.044   -125275    0 
140600:    1.00    7.340    0.138 0.000 0.132    0.051 0.104 0.052   -125254    0 
140700:    1.00    7.495    0.152 0.000 0.103    0.058 0.114 0.062   -125238    0 
140800:    1.00    7.455    0.104 0.000 0.144    0.048 0.111 0.060   -125299    0 
140900:    1.00    7.758    0.138 0.000 0.163    0.054 0.107 0.050   -125264    0 

--------------------------------------------
Proportion of membership of each pre-defined
 population in each of the 3 clusters

Given    Inferred Clusters       Number of
 Pop       1      2      3      Individuals

  1:     0.326  0.333  0.341      358
  2:     0.334  0.332  0.334      1039
  3:     0.335  0.332  0.333      603
--------------------------------------------

  Rep#:   Lambda   Alpha      F1    F2    F3     D1,2  D1,3  D2,3    Ln Like  Est Ln P(D)
141000:    1.00    7.966    0.120 0.000 0.144    0.044 0.106 0.047   -125257    0 
141100:    1.00    8.019    0.111 0.000 0.120    0.047 0.114 0.044   -125327    0 
141200:    1.00    8.265    0.129 0.000 0.121    0.045 0.087 0.041   -125404    0 
141300:    1.00    8.296    0.125 0.000 0.123    0.045 0.088 0.050   -125280    0 
141400:    1.00    8.891    0.154 0.000 0.109    0.041 0.088 0.047   -125372    0 
141500:    1.00    8.111    0.112 0.000 0.098    0.045 0.074 0.036   -125309    0 
141600:    1.00    8.454    0.128 0.000 0.110    0.048 0.103 0.043   -125343    0 
141700:    1.00    8.633    0.142 0.000 0.083    0.052 0.091 0.037   -125369    0 
141800:    1.00    9.100    0.137 0.000 0.092    0.055 0.089 0.028   -125358    0 
141900:    1.00    9.256    0.150 0.000 0.075    0.056 0.100 0.030   -125406    0 

--------------------------------------------
Proportion of membership of each pre-defined
 population in each of the 3 clusters

Given    Inferred Clusters       Number of
 Pop       1      2      3      Individuals

  1:     0.337  0.333  0.329      358
  2:     0.332  0.333  0.335      1039
  3:     0.337  0.332  0.331      603
--------------------------------------------

  Rep#:   Lambda   Alpha      F1    F2    F3     D1,2  D1,3  D2,3    Ln Like  Est Ln P(D)
142000:    1.00    9.243    0.140 0.000 0.086    0.046 0.078 0.033   -125421    0 
142100:    1.00    9.589    0.136 0.000 0.089    0.043 0.084 0.037   -125391    0 
142200:    1.00    9.233    0.108 0.000 0.109    0.041 0.089 0.040   -125450    0 
142300:    1.00    9.657    0.115 0.000 0.102    0.038 0.082 0.040   -125470    0 
142400:    1.00    9.579    0.110 0.000 0.098    0.040 0.071 0.034   -125444    0 
142500:    1.00    9.770    0.113 0.000 0.072    0.048 0.094 0.031   -125464    0 
142600:    1.00    9.865    0.111 0.000 0.105    0.037 0.084 0.039   -125410    0 
142700:    1.00    9.913    0.080 0.000 0.114    0.036 0.072 0.038   -125447    0 
142800:    1.00    9.734    0.091 0.000 0.092    0.034 0.091 0.042   -125398    0 
142900:    1.00    9.832    0.112 0.000 0.108    0.035 0.091 0.048   -125468    0 

--------------------------------------------
Proportion of membership of each pre-defined
 population in each of the 3 clusters

Given    Inferred Clusters       Number of
 Pop       1      2      3      Individuals

  1:     0.331  0.332  0.338      358
  2:     0.337  0.331  0.332      1039
  3:     0.331  0.336  0.333      603
--------------------------------------------

  Rep#:   Lambda   Alpha      F1    F2    F3     D1,2  D1,3  D2,3    Ln Like  Est Ln P(D)
143000:    1.00    9.779    0.116 0.000 0.108    0.037 0.097 0.046   -125384    0 
143100:    1.00    9.193    0.109 0.000 0.120    0.042 0.099 0.048   -125431    0 
143200:    1.00    8.995    0.113 0.000 0.115    0.042 0.089 0.044   -125395    0 
143300:    1.00    9.329    0.088 0.000 0.098    0.041 0.093 0.053   -125431    0 
143400:    1.00    9.493    0.107 0.000 0.097    0.039 0.096 0.052   -125398    0 
143500:    1.00    9.544    0.098 0.000 0.119    0.036 0.077 0.049   -125479    0 
143600:    1.00    9.310    0.142 0.000 0.088    0.051 0.104 0.044   -125460    0 
143700:    1.00    9.209    0.145 0.000 0.101    0.054 0.085 0.035   -125372    0 
143800:    1.00    9.336    0.132 0.000 0.087    0.049 0.109 0.045   -125373    0 
143900:    1.00    9.333    0.164 0.000 0.102    0.055 0.116 0.038   -125356    0 

--------------------------------------------
Proportion of membership of each pre-defined
 population in each of the 3 clusters

Given    Inferred Clusters       Number of
 Pop       1      2      3      Individuals

  1:     0.338  0.325  0.337      358
  2:     0.331  0.339  0.330      1039
  3:     0.334  0.339  0.327      603
--------------------------------------------

  Rep#:   Lambda   Alpha      F1    F2    F3     D1,2  D1,3  D2,3    Ln Like  Est Ln P(D)
144000:    1.00    9.297    0.240 0.000 0.111    0.057 0.128 0.048   -125331    0 
144100:    1.00    9.633    0.147 0.000 0.118    0.050 0.111 0.043   -125368    0 
144200:    1.00    9.576    0.160 0.000 0.111    0.063 0.109 0.034   -125376    0 
144300:    1.00    9.708    0.166 0.000 0.091    0.052 0.099 0.037   -125375    0 
144400:    1.00    9.656    0.186 0.000 0.127    0.064 0.120 0.046   -125317    0 
144500:    1.00    9.866    0.188 0.000 0.105    0.067 0.118 0.044   -125339    0 
144600:    1.00    9.855    0.176 0.000 0.098    0.067 0.121 0.047   -125332    0 
144700:    1.00    9.995    0.195 0.000 0.094    0.067 0.098 0.045   -125398    0 
144800:    1.00    9.816    0.168 0.000 0.113    0.058 0.104 0.044   -125426    0 
144900:    1.00    9.664    0.116 0.000 0.132    0.053 0.112 0.053   -125319    0 

--------------------------------------------
Proportion of membership of each pre-defined
 population in each of the 3 clusters

Given    Inferred Clusters       Number of
 Pop       1      2      3      Individuals

  1:     0.334  0.333  0.333      358
  2:     0.328  0.338  0.335      1039
  3:     0.331  0.337  0.332      603
--------------------------------------------

  Rep#:   Lambda   Alpha      F1    F2    F3     D1,2  D1,3  D2,3    Ln Like  Est Ln P(D)
145000:    1.00    9.641    0.136 0.000 0.152    0.055 0.130 0.059   -125332    0 
145100:    1.00    9.855    0.147 0.000 0.102    0.062 0.114 0.048   -125288    0 
145200:    1.00    9.668    0.112 0.000 0.112    0.074 0.132 0.046   -125298    0 
145300:    1.00    9.511    0.132 0.000 0.113    0.068 0.138 0.054   -125286    0 
145400:    1.00    9.635    0.153 0.000 0.095    0.064 0.127 0.047   -125387    0 
145500:    1.00    9.810    0.168 0.000 0.115    0.064 0.116 0.041   -125304    0 
145600:    1.00    9.802    0.128 0.000 0.111    0.054 0.098 0.042   -125428    0 
145700:    1.00    9.845    0.169 0.000 0.084    0.062 0.110 0.035   -125354    0 
145800:    1.00    9.881    0.177 0.000 0.122    0.059 0.124 0.047   -125340    0 
145900:    1.00    9.816    0.166 0.000 0.113    0.049 0.118 0.050   -125315    0 

--------------------------------------------
Proportion of membership of each pre-defined
 population in each of the 3 clusters

Given    Inferred Clusters       Number of
 Pop       1      2      3      Individuals

  1:     0.333  0.333  0.334      358
  2:     0.340  0.329  0.332      1039
  3:     0.336  0.336  0.329      603
--------------------------------------------

  Rep#:   Lambda   Alpha      F1    F2    F3     D1,2  D1,3  D2,3    Ln Like  Est Ln P(D)
146000:    1.00    9.892    0.155 0.000 0.088    0.053 0.101 0.037   -125373    0 
146100:    1.00    9.798    0.154 0.000 0.117    0.057 0.119 0.042   -125369    0 
146200:    1.00    9.777    0.147 0.000 0.135    0.050 0.110 0.045   -125383    0 
146300:    1.00    9.898    0.176 0.000 0.139    0.054 0.125 0.056   -125299    0 
146400:    1.00    9.668    0.160 0.000 0.127    0.059 0.140 0.070   -125319    0 
146500:    1.00    9.799    0.142 0.000 0.163    0.059 0.135 0.059   -125318    0 
146600:    1.00    9.460    0.132 0.000 0.121    0.049 0.117 0.053   -125366    0 
146700:    1.00    9.142    0.130 0.000 0.133    0.063 0.135 0.051   -125284    0 
146800:    1.00    9.328    0.152 0.000 0.133    0.059 0.122 0.052   -125326    0 
146900:    1.00    9.659    0.183 0.000 0.121    0.052 0.128 0.062   -125315    0 

--------------------------------------------
Proportion of membership of each pre-defined
 population in each of the 3 clusters

Given    Inferred Clusters       Number of
 Pop       1      2      3      Individuals

  1:     0.337  0.330  0.334      358
  2:     0.331  0.339  0.330      1039
  3:     0.334  0.334  0.332      603
--------------------------------------------

  Rep#:   Lambda   Alpha      F1    F2    F3     D1,2  D1,3  D2,3    Ln Like  Est Ln P(D)
147000:    1.00    9.389    0.161 0.000 0.147    0.048 0.124 0.052   -125321    0 
147100:    1.00    9.285    0.168 0.000 0.159    0.052 0.121 0.057   -125274    0 
147200:    1.00    9.300    0.168 0.000 0.136    0.060 0.117 0.051   -125303    0 
147300:    1.00    9.440    0.157 0.000 0.133    0.064 0.133 0.048   -125302    0 
147400:    1.00    9.637    0.155 0.000 0.125    0.054 0.109 0.047   -125331    0 
147500:    1.00    9.407    0.171 0.000 0.100    0.056 0.114 0.043   -125312    0 
147600:    1.00    9.199    0.177 0.000 0.111    0.056 0.119 0.047   -125269    0 
147700:    1.00    8.784    0.176 0.000 0.136    0.056 0.115 0.044   -125331    0 
147800:    1.00    8.901    0.141 0.000 0.122    0.051 0.105 0.051   -125326    0 
147900:    1.00    8.842    0.192 0.000 0.128    0.057 0.108 0.043   -125287    0 

--------------------------------------------
Proportion of membership of each pre-defined
 population in each of the 3 clusters

Given    Inferred Clusters       Number of
 Pop       1      2      3      Individuals

  1:     0.331  0.331  0.338      358
  2:     0.342  0.326  0.332      1039
  3:     0.337  0.332  0.330      603
--------------------------------------------

  Rep#:   Lambda   Alpha      F1    F2    F3     D1,2  D1,3  D2,3    Ln Like  Est Ln P(D)
148000:    1.00    8.712    0.141 0.000 0.115    0.054 0.103 0.048   -125275    0 
148100:    1.00    8.548    0.141 0.000 0.094    0.050 0.103 0.035   -125345    0 
148200:    1.00    8.711    0.142 0.000 0.144    0.043 0.094 0.042   -125358    0 
148300:    1.00    8.586    0.097 0.000 0.109    0.037 0.083 0.047   -125350    0 
148400:    1.00    8.709    0.119 0.000 0.115    0.042 0.085 0.044   -125409    0 
148500:    1.00    8.481    0.120 0.000 0.113    0.033 0.082 0.039   -125381    0 
148600:    1.00    8.915    0.098 0.000 0.098    0.028 0.073 0.034   -125420    0 
148700:    1.00    8.743    0.082 0.000 0.082    0.032 0.070 0.028   -125495    0 
148800:    1.00    8.652    0.082 0.000 0.087    0.026 0.065 0.032   -125478    0 
148900:    1.00    8.734    0.051 0.000 0.083    0.018 0.053 0.031   -125495    0 

--------------------------------------------
Proportion of membership of each pre-defined
 population in each of the 3 clusters

Given    Inferred Clusters       Number of
 Pop       1      2      3      Individuals

  1:     0.330  0.327  0.343      358
  2:     0.335  0.335  0.330      1039
  3:     0.337  0.339  0.324      603
--------------------------------------------

  Rep#:   Lambda   Alpha      F1    F2    F3     D1,2  D1,3  D2,3    Ln Like  Est Ln P(D)
149000:    1.00    9.093    0.075 0.000 0.100    0.026 0.070 0.035   -125484    0 
149100:    1.00    8.952    0.080 0.000 0.120    0.036 0.094 0.043   -125437    0 
149200:    1.00    8.899    0.118 0.000 0.120    0.041 0.089 0.037   -125410    0 
149300:    1.00    8.643    0.101 0.000 0.106    0.047 0.086 0.035   -125421    0 
149400:    1.00    8.357    0.118 0.000 0.117    0.038 0.081 0.034   -125382    0 
149500:    1.00    8.284    0.119 0.000 0.089    0.040 0.082 0.038   -125423    0 
149600:    1.00    8.069    0.168 0.000 0.105    0.044 0.087 0.042   -125332    0 
149700:    1.00    8.399    0.105 0.000 0.100    0.033 0.080 0.045   -125415    0 
149800:    1.00    8.402    0.093 0.000 0.096    0.042 0.089 0.040   -125333    0 
149900:    1.00    8.310    0.146 0.000 0.093    0.048 0.104 0.046   -125336    0 

--------------------------------------------
Proportion of membership of each pre-defined
 population in each of the 3 clusters

Given    Inferred Clusters       Number of
 Pop       1      2      3      Individuals

  1:     0.331  0.336  0.333      358
  2:     0.336  0.333  0.331      1039
  3:     0.332  0.336  0.332      603
--------------------------------------------

  Rep#:   Lambda   Alpha      F1    F2    F3     D1,2  D1,3  D2,3    Ln Like  Est Ln P(D)
150000:    1.00    8.387    0.144 0.000 0.078    0.046 0.082 0.038   -125324    0 
150100:    1.00    8.880    0.120 0.000 0.104    0.039 0.086 0.045   -125360    0 
150200:    1.00    9.250    0.117 0.000 0.115    0.040 0.089 0.044   -125406    0 
150300:    1.00    9.154    0.146 0.000 0.095    0.054 0.090 0.040   -125390    0 
150400:    1.00    9.268    0.133 0.000 0.110    0.054 0.089 0.041   -125392    0 
150500:    1.00    9.325    0.147 0.000 0.108    0.057 0.107 0.039   -125309    0 
150600:    1.00    9.042    0.135 0.000 0.105    0.042 0.088 0.042   -125309    0 
150700:    1.00    8.791    0.117 0.000 0.085    0.049 0.086 0.031   -125403    0 
150800:    1.00    8.653    0.101 0.000 0.103    0.047 0.078 0.030   -125427    0 
150900:    1.00    8.639    0.111 0.000 0.099    0.048 0.075 0.027   -125431    0 

--------------------------------------------
Proportion of membership of each pre-defined
 population in each of the 3 clusters

Given    Inferred Clusters       Number of
 Pop       1      2      3      Individuals

  1:     0.331  0.335  0.334      358
  2:     0.335  0.331  0.335      1039
  3:     0.332  0.338  0.331      603
--------------------------------------------

  Rep#:   Lambda   Alpha      F1    F2    F3     D1,2  D1,3  D2,3    Ln Like  Est Ln P(D)
151000:    1.00    8.574    0.127 0.000 0.084    0.041 0.087 0.039   -125380    0 
151100:    1.00    8.591    0.159 0.000 0.100    0.050 0.080 0.033   -125385    0 
151200:    1.00    8.786    0.160 0.000 0.119    0.057 0.126 0.040   -125376    0 
151300:    1.00    9.116    0.134 0.000 0.143    0.056 0.125 0.050   -125339    0 
151400:    1.00    9.341    0.145 0.000 0.145    0.045 0.095 0.043   -125390    0 
151500:    1.00    9.319    0.152 0.000 0.090    0.046 0.099 0.038   -125368    0 
151600:    1.00    9.149    0.118 0.000 0.110    0.045 0.098 0.040   -125409    0 
151700:    1.00    9.237    0.125 0.000 0.124    0.049 0.100 0.038   -125325    0 
151800:    1.00    9.259    0.131 0.000 0.128    0.046 0.093 0.044   -125383    0 
151900:    1.00    9.415    0.107 0.000 0.126    0.045 0.098 0.044   -125368    0 

--------------------------------------------
Proportion of membership of each pre-defined
 population in each of the 3 clusters

Given    Inferred Clusters       Number of
 Pop       1      2      3      Individuals

  1:     0.326  0.334  0.340      358
  2:     0.331  0.333  0.336      1039
  3:     0.340  0.334  0.326      603
--------------------------------------------

  Rep#:   Lambda   Alpha      F1    F2    F3     D1,2  D1,3  D2,3    Ln Like  Est Ln P(D)
152000:    1.00    9.110    0.130 0.000 0.115    0.045 0.099 0.036   -125427    0 
152100:    1.00    9.364    0.086 0.000 0.102    0.039 0.086 0.039   -125422    0 
152200:    1.00    9.308    0.078 0.000 0.088    0.033 0.071 0.033   -125428    0 
152300:    1.00    9.616    0.096 0.000 0.088    0.035 0.074 0.032   -125448    0 
152400:    1.00    9.878    0.093 0.000 0.084    0.036 0.074 0.032   -125467    0 
152500:    1.00    9.815    0.093 0.000 0.087    0.041 0.087 0.029   -125501    0 
152600:    1.00    9.418    0.120 0.000 0.052    0.039 0.069 0.022   -125504    0 
152700:    1.00    8.983    0.118 0.000 0.054    0.040 0.073 0.022   -125447    0 
152800:    1.00    9.300    0.094 0.000 0.074    0.041 0.077 0.024   -125440    0 
152900:    1.00    9.666    0.127 0.000 0.070    0.043 0.082 0.023   -125414    0 

--------------------------------------------
Proportion of membership of each pre-defined
 population in each of the 3 clusters

Given    Inferred Clusters       Number of
 Pop       1      2      3      Individuals

  1:     0.333  0.338  0.329      358
  2:     0.331  0.332  0.337      1039
  3:     0.337  0.331  0.332      603
--------------------------------------------

  Rep#:   Lambda   Alpha      F1    F2    F3     D1,2  D1,3  D2,3    Ln Like  Est Ln P(D)
153000:    1.00    9.504    0.129 0.000 0.066    0.049 0.080 0.024   -125392    0 
153100:    1.00    9.628    0.116 0.000 0.096    0.046 0.075 0.030   -125428    0 
153200:    1.00    9.622    0.175 0.000 0.106    0.066 0.105 0.033   -125399    0 
153300:    1.00    9.451    0.171 0.000 0.092    0.052 0.081 0.038   -125382    0 
153400:    1.00    8.756    0.175 0.000 0.092    0.058 0.118 0.054   -125289    0 
153500:    1.00    9.024    0.165 0.000 0.127    0.046 0.109 0.057   -125388    0 
153600:    1.00    8.923    0.133 0.000 0.128    0.043 0.092 0.045   -125378    0 
153700:    1.00    9.278    0.150 0.000 0.115    0.057 0.111 0.043   -125400    0 
153800:    1.00    9.346    0.132 0.000 0.128    0.051 0.102 0.041   -125349    0 
153900:    1.00    9.634    0.115 0.000 0.127    0.050 0.093 0.042   -125438    0 

--------------------------------------------
Proportion of membership of each pre-defined
 population in each of the 3 clusters

Given    Inferred Clusters       Number of
 Pop       1      2      3      Individuals

  1:     0.335  0.336  0.329      358
  2:     0.334  0.332  0.334      1039
  3:     0.333  0.338  0.329      603
--------------------------------------------

  Rep#:   Lambda   Alpha      F1    F2    F3     D1,2  D1,3  D2,3    Ln Like  Est Ln P(D)
154000:    1.00    9.779    0.127 0.000 0.127    0.049 0.101 0.046   -125384    0 
154100:    1.00    9.674    0.144 0.000 0.137    0.056 0.113 0.042   -125363    0 
154200:    1.00    9.710    0.138 0.000 0.135    0.057 0.111 0.043   -125363    0 
154300:    1.00    9.479    0.121 0.000 0.131    0.054 0.102 0.040   -125391    0 
154400:    1.00    9.562    0.128 0.000 0.101    0.049 0.093 0.039   -125428    0 
154500:    1.00    9.894    0.144 0.000 0.103    0.053 0.101 0.041   -125380    0 
154600:    1.00    9.836    0.167 0.000 0.097    0.068 0.094 0.033   -125428    0 
154700:    1.00    9.558    0.114 0.000 0.098    0.052 0.104 0.038   -125366    0 
154800:    1.00    9.412    0.117 0.000 0.132    0.044 0.088 0.046   -125411    0 
154900:    1.00    9.418    0.181 0.000 0.101    0.051 0.085 0.032   -125379    0 

--------------------------------------------
Proportion of membership of each pre-defined
 population in each of the 3 clusters

Given    Inferred Clusters       Number of
 Pop       1      2      3      Individuals

  1:     0.332  0.327  0.341      358
  2:     0.338  0.329  0.333      1039
  3:     0.334  0.332  0.334      603
--------------------------------------------

  Rep#:   Lambda   Alpha      F1    F2    F3     D1,2  D1,3  D2,3    Ln Like  Est Ln P(D)
155000:    1.00    9.664    0.163 0.000 0.093    0.060 0.101 0.032   -125412    0 
155100:    1.00    9.558    0.153 0.000 0.070    0.059 0.087 0.025   -125427    0 
155200:    1.00    9.924    0.129 0.000 0.080    0.064 0.100 0.028   -125388    0 
155300:    1.00    9.804    0.166 0.000 0.090    0.060 0.102 0.028   -125419    0 
155400:    1.00    9.644    0.132 0.001 0.058    0.055 0.091 0.025   -125436    0 
155500:    1.00    9.852    0.118 0.001 0.049    0.048 0.063 0.023   -125446    0 
155600:    1.00    9.986    0.147 0.001 0.048    0.053 0.067 0.025   -125475    0 
155700:    1.00    9.803    0.136 0.001 0.052    0.057 0.081 0.022   -125441    0 
155800:    1.00    9.784    0.179 0.001 0.053    0.065 0.085 0.024   -125471    0 
155900:    1.00    9.883    0.123 0.001 0.058    0.058 0.087 0.020   -125494    0 

--------------------------------------------
Proportion of membership of each pre-defined
 population in each of the 3 clusters

Given    Inferred Clusters       Number of
 Pop       1      2      3      Individuals

  1:     0.334  0.340  0.327      358
  2:     0.332  0.334  0.334      1039
  3:     0.334  0.336  0.329      603
--------------------------------------------

  Rep#:   Lambda   Alpha      F1    F2    F3     D1,2  D1,3  D2,3    Ln Like  Est Ln P(D)
156000:    1.00    9.676    0.132 0.001 0.049    0.064 0.103 0.023   -125500    0 
156100:    1.00    9.344    0.124 0.001 0.079    0.060 0.102 0.023   -125436    0 
156200:    1.00    9.665    0.135 0.000 0.069    0.053 0.074 0.021   -125495    0 
156300:    1.00    9.874    0.113 0.000 0.086    0.042 0.079 0.030   -125426    0 
156400:    1.00    9.926    0.101 0.000 0.080    0.054 0.072 0.026   -125470    0 
156500:    1.00    9.771    0.134 0.000 0.107    0.061 0.107 0.037   -125412    0 
156600:    1.00    9.933    0.167 0.000 0.105    0.067 0.113 0.034   -125411    0 
156700:    1.00    9.941    0.244 0.000 0.117    0.066 0.097 0.036   -125371    0 
156800:    1.00    9.883    0.161 0.000 0.110    0.060 0.094 0.041   -125390    0 
156900:    1.00    9.739    0.193 0.000 0.102    0.068 0.112 0.034   -125317    0 

--------------------------------------------
Proportion of membership of each pre-defined
 population in each of the 3 clusters

Given    Inferred Clusters       Number of
 Pop       1      2      3      Individuals

  1:     0.340  0.330  0.330      358
  2:     0.336  0.332  0.332      1039
  3:     0.332  0.335  0.333      603
--------------------------------------------

  Rep#:   Lambda   Alpha      F1    F2    F3     D1,2  D1,3  D2,3    Ln Like  Est Ln P(D)
157000:    1.00    9.684    0.201 0.000 0.094    0.071 0.113 0.033   -125378    0 
157100:    1.00    9.577    0.159 0.000 0.080    0.053 0.092 0.031   -125372    0 
157200:    1.00    9.573    0.145 0.000 0.078    0.063 0.095 0.030   -125430    0 
157300:    1.00    9.526    0.173 0.000 0.117    0.061 0.112 0.034   -125346    0 
157400:    1.00    9.878    0.188 0.000 0.090    0.065 0.113 0.034   -125312    0 
157500:    1.00    9.972    0.170 0.000 0.065    0.064 0.101 0.027   -125426    0 
157600:    1.00    9.979    0.196 0.000 0.073    0.070 0.090 0.024   -125400    0 
157700:    1.00    9.954    0.177 0.000 0.079    0.075 0.100 0.023   -125385    0 
157800:    1.00    9.956    0.150 0.000 0.058    0.059 0.080 0.021   -125429    0 
157900:    1.00    9.940    0.156 0.000 0.097    0.072 0.096 0.027   -125394    0 

--------------------------------------------
Proportion of membership of each pre-defined
 population in each of the 3 clusters

Given    Inferred Clusters       Number of
 Pop       1      2      3      Individuals

  1:     0.339  0.331  0.330      358
  2:     0.336  0.333  0.330      1039
  3:     0.329  0.342  0.328      603
--------------------------------------------

  Rep#:   Lambda   Alpha      F1    F2    F3     D1,2  D1,3  D2,3    Ln Like  Est Ln P(D)
158000:    1.00    9.690    0.143 0.000 0.068    0.067 0.088 0.025   -125359    0 
158100:    1.00    9.271    0.130 0.000 0.101    0.056 0.093 0.039   -125420    0 
158200:    1.00    9.277    0.131 0.000 0.106    0.059 0.092 0.034   -125420    0 
158300:    1.00    9.219    0.159 0.000 0.103    0.066 0.103 0.032   -125359    0 
158400:    1.00    9.126    0.162 0.000 0.092    0.060 0.106 0.039   -125397    0 
158500:    1.00    9.396    0.181 0.000 0.090    0.057 0.119 0.038   -125379    0 
158600:    1.00    9.484    0.212 0.000 0.106    0.081 0.138 0.039   -125321    0 
158700:    1.00    9.714    0.183 0.000 0.088    0.082 0.138 0.039   -125329    0 
158800:    1.00    9.621    0.162 0.000 0.074    0.067 0.111 0.030   -125399    0 
158900:    1.00    9.776    0.151 0.000 0.100    0.053 0.095 0.038   -125402    0 

--------------------------------------------
Proportion of membership of each pre-defined
 population in each of the 3 clusters

Given    Inferred Clusters       Number of
 Pop       1      2      3      Individuals

  1:     0.337  0.326  0.338      358
  2:     0.335  0.330  0.336      1039
  3:     0.337  0.333  0.330      603
--------------------------------------------

  Rep#:   Lambda   Alpha      F1    F2    F3     D1,2  D1,3  D2,3    Ln Like  Est Ln P(D)
159000:    1.00    9.959    0.124 0.000 0.083    0.048 0.089 0.035   -125438    0 
159100:    1.00    9.868    0.123 0.000 0.085    0.049 0.083 0.032   -125436    0 
159200:    1.00    9.482    0.124 0.000 0.080    0.044 0.084 0.037   -125415    0 
159300:    1.00    9.784    0.112 0.000 0.102    0.040 0.087 0.039   -125435    0 
159400:    1.00    9.585    0.130 0.000 0.127    0.043 0.104 0.054   -125351    0 
159500:    1.00    9.809    0.124 0.000 0.135    0.042 0.108 0.059   -125418    0 
159600:    1.00    9.716    0.125 0.000 0.102    0.047 0.098 0.052   -125427    0 
159700:    1.00    9.440    0.114 0.000 0.113    0.053 0.117 0.049   -125402    0 
159800:    1.00    9.644    0.119 0.000 0.131    0.044 0.122 0.058   -125351    0 
159900:    1.00    9.401    0.131 0.000 0.114    0.044 0.126 0.062   -125347    0 

--------------------------------------------
Proportion of membership of each pre-defined
 population in each of the 3 clusters

Given    Inferred Clusters       Number of
 Pop       1      2      3      Individuals

  1:     0.340  0.328  0.332      358
  2:     0.332  0.335  0.333      1039
  3:     0.325  0.333  0.342      603
--------------------------------------------

  Rep#:   Lambda   Alpha      F1    F2    F3     D1,2  D1,3  D2,3    Ln Like  Est Ln P(D)
160000:    1.00    9.076    0.132 0.000 0.137    0.047 0.120 0.057   -125338    0 
160100:    1.00    9.146    0.106 0.000 0.171    0.042 0.128 0.065   -125320    0 
160200:    1.00    9.230    0.083 0.000 0.128    0.042 0.126 0.060   -125369    0 
160300:    1.00    9.012    0.092 0.000 0.125    0.047 0.119 0.051   -125349    0 
160400:    1.00    8.832    0.105 0.000 0.101    0.058 0.105 0.037   -125393    0 
160500:    1.00    8.920    0.149 0.000 0.098    0.045 0.103 0.042   -125371    0 
160600:    1.00    8.788    0.139 0.000 0.095    0.050 0.108 0.043   -125393    0 
160700:    1.00    8.754    0.128 0.000 0.100    0.050 0.098 0.039   -125350    0 
160800:    1.00    8.698    0.128 0.000 0.137    0.058 0.117 0.044   -125326    0 
160900:    1.00    9.215    0.148 0.000 0.104    0.061 0.109 0.034   -125367    0 

--------------------------------------------
Proportion of membership of each pre-defined
 population in each of the 3 clusters

Given    Inferred Clusters       Number of
 Pop       1      2      3      Individuals

  1:     0.333  0.333  0.335      358
  2:     0.331  0.333  0.335      1039
  3:     0.335  0.334  0.331      603
--------------------------------------------

  Rep#:   Lambda   Alpha      F1    F2    F3     D1,2  D1,3  D2,3    Ln Like  Est Ln P(D)
161000:    1.00    8.847    0.138 0.000 0.112    0.048 0.100 0.046   -125387    0 
161100:    1.00    8.785    0.159 0.000 0.103    0.053 0.114 0.050   -125331    0 
161200:    1.00    8.971    0.139 0.000 0.140    0.042 0.102 0.047   -125365    0 
161300:    1.00    8.750    0.095 0.000 0.104    0.038 0.084 0.031   -125349    0 
161400:    1.00    9.007    0.137 0.000 0.105    0.047 0.090 0.037   -125387    0 
161500:    1.00    9.398    0.108 0.000 0.115    0.046 0.105 0.043   -125381    0 
161600:    1.00    8.980    0.107 0.000 0.092    0.048 0.094 0.037   -125359    0 
161700:    1.00    9.015    0.123 0.000 0.086    0.053 0.098 0.039   -125340    0 
161800:    1.00    8.967    0.130 0.000 0.081    0.055 0.103 0.031   -125390    0 
161900:    1.00    9.100    0.132 0.000 0.068    0.062 0.099 0.025   -125358    0 

--------------------------------------------
Proportion of membership of each pre-defined
 population in each of the 3 clusters

Given    Inferred Clusters       Number of
 Pop       1      2      3      Individuals

  1:     0.337  0.333  0.330      358
  2:     0.331  0.333  0.336      1039
  3:     0.339  0.332  0.330      603
--------------------------------------------

  Rep#:   Lambda   Alpha      F1    F2    F3     D1,2  D1,3  D2,3    Ln Like  Est Ln P(D)
162000:    1.00    8.972    0.131 0.000 0.073    0.058 0.086 0.023   -125387    0 
162100:    1.00    8.558    0.123 0.000 0.064    0.061 0.085 0.022   -125408    0 
162200:    1.00    8.555    0.146 0.000 0.090    0.060 0.095 0.027   -125330    0 
162300:    1.00    8.659    0.127 0.000 0.085    0.056 0.086 0.030   -125334    0 
162400:    1.00    8.578    0.210 0.000 0.073    0.062 0.109 0.033   -125287    0 
162500:    1.00    8.601    0.158 0.000 0.086    0.053 0.097 0.030   -125354    0 
162600:    1.00    8.220    0.145 0.000 0.100    0.057 0.110 0.036   -125323    0 
162700:    1.00    8.460    0.173 0.000 0.086    0.063 0.116 0.038   -125334    0 
162800:    1.00    8.179    0.111 0.000 0.093    0.048 0.095 0.044   -125355    0 
162900:    1.00    8.432    0.149 0.000 0.132    0.054 0.110 0.044   -125365    0 

--------------------------------------------
Proportion of membership of each pre-defined
 population in each of the 3 clusters

Given    Inferred Clusters       Number of
 Pop       1      2      3      Individuals

  1:     0.317  0.341  0.343      358
  2:     0.338  0.335  0.327      1039
  3:     0.334  0.334  0.332      603
--------------------------------------------

  Rep#:   Lambda   Alpha      F1    F2    F3     D1,2  D1,3  D2,3    Ln Like  Est Ln P(D)
163000:    1.00    8.290    0.158 0.000 0.110    0.060 0.109 0.049   -125329    0 
163100:    1.00    7.892    0.141 0.000 0.092    0.062 0.103 0.049   -125312    0 
163200:    1.00    7.877    0.147 0.000 0.124    0.055 0.097 0.050   -125315    0 
163300:    1.00    7.729    0.164 0.000 0.107    0.071 0.127 0.045   -125275    0 
163400:    1.00    7.670    0.146 0.000 0.084    0.049 0.083 0.032   -125295    0 
163500:    1.00    7.692    0.155 0.000 0.080    0.059 0.101 0.033   -125277    0 
163600:    1.00    7.569    0.120 0.000 0.095    0.053 0.100 0.032   -125318    0 
163700:    1.00    7.777    0.152 0.000 0.101    0.065 0.114 0.031   -125285    0 
163800:    1.00    7.432    0.188 0.000 0.098    0.071 0.121 0.033   -125254    0 
163900:    1.00    7.543    0.187 0.000 0.077    0.065 0.109 0.032   -125257    0 

--------------------------------------------
Proportion of membership of each pre-defined
 population in each of the 3 clusters

Given    Inferred Clusters       Number of
 Pop       1      2      3      Individuals

  1:     0.335  0.339  0.326      358
  2:     0.341  0.326  0.333      1039
  3:     0.331  0.336  0.333      603
--------------------------------------------

  Rep#:   Lambda   Alpha      F1    F2    F3     D1,2  D1,3  D2,3    Ln Like  Est Ln P(D)
164000:    1.00    7.295    0.155 0.000 0.084    0.056 0.096 0.033   -125300    0 
164100:    1.00    7.197    0.144 0.000 0.061    0.065 0.109 0.031   -125323    0 
164200:    1.00    7.155    0.151 0.000 0.072    0.060 0.094 0.027   -125283    0 
164300:    1.00    7.040    0.134 0.000 0.043    0.059 0.087 0.020   -125337    0 
164400:    1.00    7.282    0.162 0.000 0.054    0.064 0.102 0.023   -125362    0 
164500:    1.00    7.084    0.106 0.000 0.051    0.055 0.082 0.021   -125386    0 
164600:    1.00    7.253    0.151 0.000 0.044    0.051 0.071 0.016   -125379    0 
164700:    1.00    7.461    0.167 0.000 0.051    0.066 0.087 0.017   -125358    0 
164800:    1.00    7.790    0.159 0.000 0.048    0.059 0.087 0.019   -125342    0 
164900:    1.00    7.960    0.166 0.000 0.059    0.059 0.076 0.018   -125371    0 

--------------------------------------------
Proportion of membership of each pre-defined
 population in each of the 3 clusters

Given    Inferred Clusters       Number of
 Pop       1      2      3      Individuals

  1:     0.336  0.335  0.329      358
  2:     0.333  0.332  0.335      1039
  3:     0.333  0.336  0.330      603
--------------------------------------------

  Rep#:   Lambda   Alpha      F1    F2    F3     D1,2  D1,3  D2,3    Ln Like  Est Ln P(D)
165000:    1.00    8.066    0.126 0.000 0.060    0.059 0.093 0.024   -125358    0 
165100:    1.00    7.940    0.109 0.000 0.072    0.053 0.093 0.027   -125375    0 
165200:    1.00    8.256    0.131 0.000 0.069    0.060 0.108 0.032   -125356    0 
165300:    1.00    8.146    0.118 0.000 0.089    0.053 0.083 0.026   -125406    0 
165400:    1.00    8.156    0.102 0.000 0.069    0.044 0.070 0.022   -125433    0 
165500:    1.00    8.165    0.140 0.000 0.064    0.048 0.081 0.023   -125450    0 
165600:    1.00    8.650    0.084 0.000 0.057    0.043 0.072 0.019   -125434    0 
165700:    1.00    8.542    0.135 0.000 0.064    0.049 0.083 0.025   -125402    0 
165800:    1.00    8.654    0.123 0.000 0.061    0.051 0.082 0.023   -125409    0 
165900:    1.00    8.613    0.153 0.000 0.070    0.052 0.083 0.034   -125383    0 

--------------------------------------------
Proportion of membership of each pre-defined
 population in each of the 3 clusters

Given    Inferred Clusters       Number of
 Pop       1      2      3      Individuals

  1:     0.335  0.338  0.328      358
  2:     0.334  0.336  0.330      1039
  3:     0.339  0.330  0.331      603
--------------------------------------------

  Rep#:   Lambda   Alpha      F1    F2    F3     D1,2  D1,3  D2,3    Ln Like  Est Ln P(D)
166000:    1.00    8.732    0.138 0.000 0.083    0.051 0.081 0.029   -125406    0 
166100:    1.00    8.760    0.126 0.000 0.077    0.044 0.084 0.026   -125435    0 
166200:    1.00    9.018    0.129 0.000 0.089    0.049 0.089 0.031   -125418    0 
166300:    1.00    9.145    0.110 0.000 0.096    0.041 0.092 0.034   -125390    0 
166400:    1.00    9.012    0.118 0.000 0.088    0.047 0.091 0.037   -125411    0 
166500:    1.00    8.640    0.107 0.000 0.085    0.043 0.092 0.037   -125405    0 
166600:    1.00    8.370    0.122 0.000 0.084    0.053 0.083 0.035   -125385    0 
166700:    1.00    8.419    0.130 0.000 0.099    0.045 0.097 0.043   -125280    0 
166800:    1.00    8.287    0.127 0.000 0.120    0.050 0.105 0.043   -125317    0 
166900:    1.00    8.431    0.185 0.000 0.153    0.061 0.117 0.049   -125305    0 

--------------------------------------------
Proportion of membership of each pre-defined
 population in each of the 3 clusters

Given    Inferred Clusters       Number of
 Pop       1      2      3      Individuals

  1:     0.335  0.336  0.329      358
  2:     0.336  0.329  0.336      1039
  3:     0.329  0.338  0.333      603
--------------------------------------------

  Rep#:   Lambda   Alpha      F1    F2    F3     D1,2  D1,3  D2,3    Ln Like  Est Ln P(D)
167000:    1.00    8.591    0.114 0.000 0.140    0.057 0.123 0.053   -125310    0 
167100:    1.00    8.634    0.163 0.000 0.131    0.055 0.127 0.051   -125350    0 
167200:    1.00    8.651    0.132 0.000 0.094    0.056 0.101 0.037   -125332    0 
167300:    1.00    8.813    0.174 0.000 0.124    0.060 0.127 0.044   -125298    0 
167400:    1.00    9.032    0.171 0.000 0.106    0.053 0.114 0.041   -125321    0 
167500:    1.00    8.924    0.159 0.000 0.106    0.053 0.114 0.043   -125320    0 
167600:    1.00    8.772    0.139 0.000 0.128    0.049 0.103 0.042   -125333    0 
167700:    1.00    8.634    0.163 0.000 0.136    0.056 0.110 0.043   -125334    0 
167800:    1.00    8.788    0.173 0.000 0.146    0.065 0.116 0.055   -125252    0 
167900:    1.00    8.763    0.184 0.000 0.138    0.062 0.125 0.051   -125303    0 

--------------------------------------------
Proportion of membership of each pre-defined
 population in each of the 3 clusters

Given    Inferred Clusters       Number of
 Pop       1      2      3      Individuals

  1:     0.328  0.338  0.334      358
  2:     0.336  0.331  0.333      1039
  3:     0.332  0.337  0.331      603
--------------------------------------------

  Rep#:   Lambda   Alpha      F1    F2    F3     D1,2  D1,3  D2,3    Ln Like  Est Ln P(D)
168000:    1.00    8.731    0.167 0.000 0.097    0.070 0.111 0.051   -125315    0 
168100:    1.00    9.070    0.136 0.000 0.105    0.066 0.110 0.046   -125306    0 
168200:    1.00    8.889    0.136 0.000 0.076    0.057 0.087 0.040   -125405    0 
168300:    1.00    8.847    0.141 0.000 0.076    0.058 0.098 0.038   -125388    0 
168400:    1.00    8.798    0.152 0.000 0.100    0.060 0.107 0.042   -125337    0 
168500:    1.00    8.453    0.162 0.000 0.093    0.069 0.108 0.041   -125345    0 
168600:    1.00    8.661    0.153 0.000 0.112    0.064 0.114 0.050   -125303    0 
168700:    1.00    8.665    0.170 0.000 0.149    0.065 0.135 0.060   -125295    0 
168800:    1.00    8.006    0.132 0.000 0.134    0.062 0.125 0.049   -125290    0 
168900:    1.00    8.282    0.164 0.000 0.099    0.058 0.097 0.042   -125257    0 

--------------------------------------------
Proportion of membership of each pre-defined
 population in each of the 3 clusters

Given    Inferred Clusters       Number of
 Pop       1      2      3      Individuals

  1:     0.336  0.323  0.340      358
  2:     0.332  0.331  0.336      1039
  3:     0.332  0.336  0.331      603
--------------------------------------------

  Rep#:   Lambda   Alpha      F1    F2    F3     D1,2  D1,3  D2,3    Ln Like  Est Ln P(D)
169000:    1.00    8.392    0.165 0.000 0.123    0.058 0.096 0.047   -125340    0 
169100:    1.00    8.639    0.189 0.000 0.096    0.065 0.104 0.043   -125311    0 
169200:    1.00    9.075    0.155 0.000 0.105    0.056 0.106 0.050   -125354    0 
169300:    1.00    8.637    0.154 0.000 0.141    0.052 0.119 0.054   -125309    0 
169400:    1.00    8.705    0.166 0.000 0.119    0.064 0.102 0.037   -125312    0 
169500:    1.00    8.664    0.230 0.000 0.103    0.067 0.110 0.037   -125309    0 
169600:    1.00    8.402    0.207 0.000 0.116    0.065 0.133 0.041   -125286    0 
169700:    1.00    8.690    0.146 0.000 0.121    0.062 0.116 0.035   -125286    0 
169800:    1.00    8.702    0.174 0.000 0.115    0.059 0.124 0.040   -125290    0 
169900:    1.00    8.655    0.172 0.000 0.124    0.058 0.117 0.040   -125286    0 

--------------------------------------------
Proportion of membership of each pre-defined
 population in each of the 3 clusters

Given    Inferred Clusters       Number of
 Pop       1      2      3      Individuals

  1:     0.335  0.338  0.327      358
  2:     0.335  0.330  0.335      1039
  3:     0.335  0.334  0.330      603
--------------------------------------------

  Rep#:   Lambda   Alpha      F1    F2    F3     D1,2  D1,3  D2,3    Ln Like  Est Ln P(D)
170000:    1.00    8.604    0.222 0.000 0.110    0.070 0.126 0.038   -125213    0 
170100:    1.00    8.277    0.185 0.000 0.136    0.064 0.130 0.047   -125181    0 
170200:    1.00    7.913    0.165 0.000 0.112    0.064 0.117 0.046   -125204    0 
170300:    1.00    8.148    0.183 0.000 0.118    0.067 0.103 0.033   -125251    0 
170400:    1.00    8.314    0.181 0.000 0.159    0.067 0.121 0.040   -125238    0 
170500:    1.00    8.380    0.118 0.000 0.102    0.058 0.114 0.043   -125209    0 
170600:    1.00    8.897    0.120 0.000 0.125    0.048 0.081 0.035   -125346    0 
170700:    1.00    8.844    0.097 0.000 0.121    0.051 0.096 0.044   -125349    0 
170800:    1.00    8.520    0.151 0.000 0.117    0.055 0.110 0.050   -125308    0 
170900:    1.00    8.592    0.139 0.000 0.139    0.056 0.103 0.057   -125330    0 

--------------------------------------------
Proportion of membership of each pre-defined
 population in each of the 3 clusters

Given    Inferred Clusters       Number of
 Pop       1      2      3      Individuals

  1:     0.325  0.336  0.339      358
  2:     0.337  0.332  0.331      1039
  3:     0.332  0.332  0.336      603
--------------------------------------------

  Rep#:   Lambda   Alpha      F1    F2    F3     D1,2  D1,3  D2,3    Ln Like  Est Ln P(D)
171000:    1.00    8.683    0.145 0.000 0.137    0.056 0.096 0.051   -125376    0 
171100:    1.00    8.745    0.170 0.000 0.124    0.062 0.119 0.054   -125286    0 
171200:    1.00    8.788    0.156 0.000 0.149    0.054 0.136 0.068   -125275    0 
171300:    1.00    8.880    0.110 0.000 0.181    0.058 0.145 0.071   -125292    0 
171400:    1.00    9.146    0.089 0.000 0.209    0.043 0.127 0.070   -125280    0 
171500:    1.00    8.966    0.103 0.000 0.160    0.042 0.111 0.059   -125319    0 
171600:    1.00    8.797    0.110 0.000 0.128    0.046 0.111 0.059   -125290    0 
171700:    1.00    8.958    0.132 0.000 0.111    0.048 0.095 0.050   -125393    0 
171800:    1.00    9.139    0.151 0.000 0.138    0.054 0.117 0.052   -125351    0 
171900:    1.00    9.239    0.128 0.000 0.131    0.052 0.090 0.039   -125373    0 

--------------------------------------------
Proportion of membership of each pre-defined
 population in each of the 3 clusters

Given    Inferred Clusters       Number of
 Pop       1      2      3      Individuals

  1:     0.344  0.324  0.332      358
  2:     0.334  0.332  0.334      1039
  3:     0.336  0.330  0.334      603
--------------------------------------------

  Rep#:   Lambda   Alpha      F1    F2    F3     D1,2  D1,3  D2,3    Ln Like  Est Ln P(D)
172000:    1.00    9.622    0.112 0.000 0.133    0.046 0.082 0.033   -125418    0 
172100:    1.00    9.622    0.112 0.000 0.104    0.045 0.092 0.043   -125419    0 
172200:    1.00    9.601    0.139 0.000 0.107    0.052 0.084 0.032   -125376    0 
172300:    1.00    9.699    0.120 0.000 0.120    0.052 0.102 0.037   -125438    0 
172400:    1.00    9.560    0.146 0.000 0.095    0.069 0.116 0.042   -125375    0 
172500:    1.00    9.643    0.147 0.000 0.108    0.063 0.105 0.039   -125354    0 
172600:    1.00    9.727    0.141 0.000 0.104    0.058 0.104 0.039   -125415    0 
172700:    1.00    9.680    0.150 0.000 0.095    0.059 0.113 0.037   -125402    0 
172800:    1.00    9.876    0.144 0.000 0.103    0.049 0.106 0.040   -125375    0 
172900:    1.00    9.934    0.158 0.000 0.082    0.056 0.125 0.048   -125350    0 

--------------------------------------------
Proportion of membership of each pre-defined
 population in each of the 3 clusters

Given    Inferred Clusters       Number of
 Pop       1      2      3      Individuals

  1:     0.331  0.340  0.329      358
  2:     0.335  0.338  0.327      1039
  3:     0.331  0.340  0.329      603
--------------------------------------------

  Rep#:   Lambda   Alpha      F1    F2    F3     D1,2  D1,3  D2,3    Ln Like  Est Ln P(D)
173000:    1.00    9.956    0.107 0.000 0.144    0.055 0.112 0.045   -125395    0 
173100:    1.00    9.903    0.131 0.000 0.127    0.049 0.112 0.055   -125331    0 
173200:    1.00    9.858    0.102 0.000 0.130    0.041 0.096 0.050   -125382    0 
173300:    1.00    9.849    0.111 0.000 0.150    0.045 0.115 0.063   -125352    0 
173400:    1.00    9.865    0.159 0.000 0.139    0.051 0.125 0.063   -125307    0 
173500:    1.00    9.984    0.147 0.000 0.144    0.049 0.119 0.059   -125371    0 
173600:    1.00    9.866    0.168 0.000 0.119    0.060 0.111 0.051   -125388    0 
173700:    1.00    9.760    0.117 0.000 0.107    0.045 0.082 0.037   -125402    0 
173800:    1.00    9.911    0.135 0.000 0.113    0.049 0.090 0.034   -125415    0 
173900:    1.00    9.626    0.146 0.000 0.078    0.057 0.096 0.038   -125374    0 

--------------------------------------------
Proportion of membership of each pre-defined
 population in each of the 3 clusters

Given    Inferred Clusters       Number of
 Pop       1      2      3      Individuals

  1:     0.339  0.327  0.334      358
  2:     0.335  0.329  0.336      1039
  3:     0.333  0.336  0.331      603
--------------------------------------------

  Rep#:   Lambda   Alpha      F1    F2    F3     D1,2  D1,3  D2,3    Ln Like  Est Ln P(D)
174000:    1.00    9.972    0.171 0.000 0.089    0.066 0.102 0.031   -125353    0 
174100:    1.00    9.984    0.201 0.000 0.081    0.067 0.116 0.035   -125359    0 
174200:    1.00    9.993    0.190 0.000 0.106    0.077 0.134 0.040   -125343    0 
174300:    1.00    9.535    0.209 0.000 0.126    0.089 0.138 0.046   -125342    0 
174400:    1.00    9.481    0.163 0.000 0.096    0.073 0.104 0.034   -125406    0 
174500:    1.00    9.558    0.180 0.000 0.077    0.077 0.117 0.041   -125393    0 
174600:    1.00    9.732    0.131 0.000 0.106    0.063 0.115 0.050   -125387    0 
174700:    1.00    9.838    0.152 0.000 0.085    0.066 0.119 0.042   -125381    0 
174800:    1.00    9.676    0.146 0.000 0.130    0.049 0.107 0.047   -125354    0 
174900:    1.00    9.835    0.131 0.000 0.107    0.045 0.113 0.042   -125363    0 

--------------------------------------------
Proportion of membership of each pre-defined
 population in each of the 3 clusters

Given    Inferred Clusters       Number of
 Pop       1      2      3      Individuals

  1:     0.332  0.328  0.341      358
  2:     0.336  0.333  0.331      1039
  3:     0.331  0.339  0.330      603
--------------------------------------------

  Rep#:   Lambda   Alpha      F1    F2    F3     D1,2  D1,3  D2,3    Ln Like  Est Ln P(D)
175000:    1.00    9.697    0.127 0.000 0.104    0.049 0.120 0.048   -125424    0 
175100:    1.00    9.721    0.095 0.000 0.126    0.039 0.090 0.043   -125440    0 
175200:    1.00    9.032    0.102 0.000 0.101    0.041 0.085 0.042   -125409    0 
175300:    1.00    9.494    0.116 0.000 0.104    0.056 0.096 0.041   -125407    0 
175400:    1.00    9.339    0.149 0.000 0.081    0.057 0.081 0.034   -125398    0 
175500:    1.00    9.110    0.179 0.000 0.083    0.072 0.109 0.041   -125368    0 
175600:    1.00    9.185    0.139 0.000 0.084    0.053 0.105 0.044   -125413    0 
175700:    1.00    9.040    0.147 0.000 0.082    0.057 0.110 0.037   -125355    0 
175800:    1.00    9.014    0.151 0.000 0.105    0.054 0.104 0.040   -125334    0 
175900:    1.00    8.872    0.139 0.000 0.127    0.054 0.105 0.045   -125344    0 

--------------------------------------------
Proportion of membership of each pre-defined
 population in each of the 3 clusters

Given    Inferred Clusters       Number of
 Pop       1      2      3      Individuals

  1:     0.331  0.337  0.332      358
  2:     0.335  0.330  0.335      1039
  3:     0.331  0.341  0.328      603
--------------------------------------------

  Rep#:   Lambda   Alpha      F1    F2    F3     D1,2  D1,3  D2,3    Ln Like  Est Ln P(D)
176000:    1.00    8.509    0.188 0.000 0.130    0.054 0.111 0.052   -125268    0 
176100:    1.00    8.306    0.158 0.000 0.125    0.058 0.112 0.049   -125324    0 
176200:    1.00    8.741    0.128 0.000 0.093    0.065 0.124 0.042   -125409    0 
176300:    1.00    8.821    0.147 0.000 0.081    0.057 0.078 0.032   -125378    0 
176400:    1.00    8.725    0.190 0.000 0.089    0.076 0.092 0.027   -125339    0 
176500:    1.00    8.554    0.158 0.000 0.077    0.067 0.104 0.029   -125332    0 
176600:    1.00    8.280    0.152 0.000 0.108    0.072 0.121 0.038   -125281    0 
176700:    1.00    8.275    0.151 0.000 0.135    0.059 0.122 0.047   -125280    0 
176800:    1.00    8.317    0.140 0.000 0.132    0.054 0.118 0.058   -125308    0 
176900:    1.00    8.168    0.129 0.000 0.164    0.052 0.124 0.062   -125255    0 

--------------------------------------------
Proportion of membership of each pre-defined
 population in each of the 3 clusters

Given    Inferred Clusters       Number of
 Pop       1      2      3      Individuals

  1:     0.326  0.335  0.338      358
  2:     0.332  0.332  0.336      1039
  3:     0.335  0.334  0.331      603
--------------------------------------------

  Rep#:   Lambda   Alpha      F1    F2    F3     D1,2  D1,3  D2,3    Ln Like  Est Ln P(D)
177000:    1.00    8.198    0.115 0.000 0.206    0.041 0.122 0.075   -125243    0 
177100:    1.00    8.106    0.122 0.000 0.161    0.050 0.114 0.062   -125228    0 
177200:    1.00    8.299    0.142 0.000 0.172    0.046 0.106 0.058   -125268    0 
177300:    1.00    8.202    0.121 0.000 0.152    0.046 0.125 0.057   -125291    0 
177400:    1.00    8.309    0.167 0.000 0.139    0.048 0.115 0.050   -125283    0 
177500:    1.00    8.041    0.155 0.000 0.123    0.049 0.118 0.047   -125329    0 
177600:    1.00    7.678    0.149 0.000 0.121    0.048 0.114 0.042   -125267    0 
177700:    1.00    7.440    0.128 0.000 0.099    0.046 0.105 0.051   -125274    0 
177800:    1.00    7.547    0.123 0.000 0.107    0.053 0.109 0.048   -125248    0 
177900:    1.00    7.319    0.092 0.000 0.154    0.054 0.113 0.057   -125261    0 

--------------------------------------------
Proportion of membership of each pre-defined
 population in each of the 3 clusters

Given    Inferred Clusters       Number of
 Pop       1      2      3      Individuals

  1:     0.337  0.335  0.329      358
  2:     0.337  0.330  0.333      1039
  3:     0.339  0.326  0.335      603
--------------------------------------------

  Rep#:   Lambda   Alpha      F1    F2    F3     D1,2  D1,3  D2,3    Ln Like  Est Ln P(D)
178000:    1.00    7.014    0.111 0.000 0.113    0.060 0.113 0.047   -125248    0 
178100:    1.00    6.937    0.129 0.000 0.127    0.053 0.103 0.053   -125213    0 
178200:    1.00    6.622    0.111 0.000 0.103    0.043 0.086 0.043   -125218    0 
178300:    1.00    6.748    0.111 0.000 0.112    0.037 0.077 0.043   -125303    0 
178400:    1.00    6.741    0.078 0.000 0.108    0.038 0.092 0.048   -125282    0 
178500:    1.00    6.378    0.108 0.000 0.090    0.039 0.085 0.041   -125244    0 
178600:    1.00    6.635    0.114 0.000 0.103    0.043 0.088 0.042   -125243    0 
178700:    1.00    6.373    0.111 0.000 0.118    0.043 0.088 0.039   -125269    0 
178800:    1.00    7.101    0.088 0.000 0.112    0.047 0.096 0.036   -125302    0 
178900:    1.00    6.892    0.118 0.000 0.086    0.055 0.112 0.038   -125257    0 

--------------------------------------------
Proportion of membership of each pre-defined
 population in each of the 3 clusters

Given    Inferred Clusters       Number of
 Pop       1      2      3      Individuals

  1:     0.329  0.335  0.336      358
  2:     0.337  0.331  0.332      1039
  3:     0.334  0.337  0.330      603
--------------------------------------------

  Rep#:   Lambda   Alpha      F1    F2    F3     D1,2  D1,3  D2,3    Ln Like  Est Ln P(D)
179000:    1.00    6.751    0.151 0.000 0.106    0.054 0.114 0.037   -125238    0 
179100:    1.00    6.756    0.156 0.000 0.115    0.055 0.114 0.039   -125230    0 
179200:    1.00    6.724    0.125 0.000 0.104    0.050 0.101 0.039   -125248    0 
179300:    1.00    6.270    0.092 0.000 0.078    0.042 0.079 0.033   -125291    0 
179400:    1.00    5.994    0.143 0.000 0.139    0.062 0.093 0.030   -125272    0 
179500:    1.00    6.018    0.152 0.000 0.112    0.055 0.092 0.039   -125179    0 
179600:    1.00    5.998    0.136 0.000 0.114    0.052 0.092 0.038   -125187    0 
179700:    1.00    6.180    0.122 0.000 0.119    0.048 0.100 0.041   -125230    0 
179800:    1.00    6.305    0.129 0.000 0.084    0.043 0.089 0.034   -125229    0 
179900:    1.00    6.425    0.111 0.000 0.073    0.039 0.072 0.031   -125284    0 

--------------------------------------------
Proportion of membership of each pre-defined
 population in each of the 3 clusters

Given    Inferred Clusters       Number of
 Pop       1      2      3      Individuals

  1:     0.329  0.342  0.329      358
  2:     0.334  0.336  0.330      1039
  3:     0.330  0.342  0.327      603
--------------------------------------------

  Rep#:   Lambda   Alpha      F1    F2    F3     D1,2  D1,3  D2,3    Ln Like  Est Ln P(D)
180000:    1.00    6.451    0.117 0.000 0.075    0.038 0.068 0.026   -125353    0 
180100:    1.00    6.520    0.144 0.000 0.074    0.049 0.080 0.027   -125309    0 
180200:    1.00    6.493    0.120 0.000 0.116    0.056 0.088 0.031   -125320    0 
180300:    1.00    6.296    0.145 0.000 0.089    0.055 0.095 0.040   -125263    0 
180400:    1.00    6.491    0.110 0.000 0.117    0.052 0.094 0.033   -125237    0 
180500:    1.00    6.805    0.125 0.000 0.139    0.052 0.115 0.046   -125256    0 
180600:    1.00    6.792    0.120 0.000 0.099    0.059 0.106 0.037   -125225    0 
180700:    1.00    6.845    0.115 0.000 0.123    0.054 0.104 0.045   -125252    0 
180800:    1.00    6.900    0.130 0.000 0.148    0.049 0.098 0.047   -125314    0 
180900:    1.00    6.947    0.117 0.000 0.093    0.055 0.092 0.034   -125323    0 

--------------------------------------------
Proportion of membership of each pre-defined
 population in each of the 3 clusters

Given    Inferred Clusters       Number of
 Pop       1      2      3      Individuals

  1:     0.328  0.329  0.343      358
  2:     0.338  0.333  0.329      1039
  3:     0.336  0.338  0.326      603
--------------------------------------------

  Rep#:   Lambda   Alpha      F1    F2    F3     D1,2  D1,3  D2,3    Ln Like  Est Ln P(D)
181000:    1.00    7.080    0.141 0.000 0.096    0.054 0.104 0.038   -125290    0 
181100:    1.00    7.508    0.130 0.000 0.118    0.054 0.108 0.043   -125279    0 
181200:    1.00    7.272    0.155 0.000 0.129    0.057 0.125 0.048   -125244    0 
181300:    1.00    7.500    0.127 0.000 0.100    0.061 0.114 0.043   -125245    0 
181400:    1.00    7.630    0.138 0.000 0.112    0.055 0.103 0.045   -125282    0 
181500:    1.00    7.228    0.152 0.000 0.136    0.064 0.124 0.038   -125257    0 
181600:    1.00    7.409    0.158 0.000 0.111    0.062 0.122 0.039   -125229    0 
181700:    1.00    7.609    0.171 0.000 0.091    0.069 0.131 0.041   -125331    0 
181800:    1.00    7.935    0.152 0.000 0.080    0.066 0.113 0.033   -125251    0 
181900:    1.00    8.181    0.155 0.000 0.093    0.070 0.141 0.037   -125278    0 

--------------------------------------------
Proportion of membership of each pre-defined
 population in each of the 3 clusters

Given    Inferred Clusters       Number of
 Pop       1      2      3      Individuals

  1:     0.329  0.337  0.335      358
  2:     0.336  0.333  0.331      1039
  3:     0.337  0.334  0.329      603
--------------------------------------------

  Rep#:   Lambda   Alpha      F1    F2    F3     D1,2  D1,3  D2,3    Ln Like  Est Ln P(D)
182000:    1.00    8.136    0.142 0.000 0.141    0.076 0.119 0.040   -125307    0 
182100:    1.00    8.356    0.132 0.000 0.118    0.066 0.107 0.042   -125306    0 
182200:    1.00    8.225    0.121 0.000 0.100    0.060 0.110 0.043   -125253    0 
182300:    1.00    8.537    0.122 0.000 0.082    0.063 0.097 0.033   -125343    0 
182400:    1.00    8.677    0.111 0.000 0.098    0.042 0.078 0.036   -125415    0 
182500:    1.00    8.892    0.114 0.000 0.068    0.050 0.086 0.033   -125410    0 
182600:    1.00    8.646    0.139 0.000 0.084    0.054 0.092 0.039   -125364    0 
182700:    1.00    8.682    0.137 0.000 0.079    0.054 0.086 0.032   -125349    0 
182800:    1.00    8.966    0.161 0.000 0.103    0.059 0.118 0.048   -125317    0 
182900:    1.00    9.104    0.159 0.000 0.095    0.065 0.111 0.047   -125325    0 

--------------------------------------------
Proportion of membership of each pre-defined
 population in each of the 3 clusters

Given    Inferred Clusters       Number of
 Pop       1      2      3      Individuals

  1:     0.332  0.330  0.338      358
  2:     0.330  0.333  0.337      1039
  3:     0.331  0.332  0.337      603
--------------------------------------------

  Rep#:   Lambda   Alpha      F1    F2    F3     D1,2  D1,3  D2,3    Ln Like  Est Ln P(D)
183000:    1.00    9.073    0.164 0.000 0.096    0.069 0.105 0.041   -125277    0 
183100:    1.00    9.509    0.172 0.000 0.132    0.053 0.085 0.037   -125388    0 
183200:    1.00    9.362    0.135 0.000 0.124    0.045 0.100 0.051   -125343    0 
183300:    1.00    9.599    0.112 0.000 0.123    0.041 0.096 0.060   -125336    0 
183400:    1.00    9.609    0.115 0.000 0.152    0.041 0.131 0.067   -125361    0 
183500:    1.00    9.860    0.119 0.000 0.122    0.034 0.090 0.050   -125362    0 
183600:    1.00    9.906    0.109 0.000 0.151    0.030 0.092 0.061   -125387    0 
183700:    1.00    9.824    0.111 0.000 0.182    0.041 0.112 0.069   -125332    0 
183800:    1.00    9.728    0.108 0.000 0.146    0.039 0.110 0.065   -125359    0 
183900:    1.00    9.160    0.108 0.000 0.161    0.038 0.101 0.061   -125353    0 

--------------------------------------------
Proportion of membership of each pre-defined
 population in each of the 3 clusters

Given    Inferred Clusters       Number of
 Pop       1      2      3      Individuals

  1:     0.340  0.326  0.335      358
  2:     0.332  0.336  0.333      1039
  3:     0.335  0.334  0.330      603
--------------------------------------------

  Rep#:   Lambda   Alpha      F1    F2    F3     D1,2  D1,3  D2,3    Ln Like  Est Ln P(D)
184000:    1.00    9.096    0.119 0.000 0.156    0.038 0.112 0.066   -125319    0 
184100:    1.00    9.551    0.091 0.000 0.113    0.038 0.110 0.055   -125389    0 
184200:    1.00    9.451    0.095 0.000 0.154    0.038 0.101 0.059   -125365    0 
184300:    1.00    9.853    0.103 0.000 0.151    0.036 0.111 0.074   -125352    0 
184400:    1.00    9.729    0.104 0.000 0.147    0.035 0.111 0.060   -125345    0 
184500:    1.00    9.666    0.103 0.000 0.126    0.042 0.095 0.052   -125345    0 
184600:    1.00    9.648    0.096 0.000 0.188    0.038 0.114 0.069   -125375    0 
184700:    1.00    9.548    0.121 0.000 0.215    0.039 0.114 0.077   -125297    0 
184800:    1.00    9.088    0.157 0.000 0.237    0.045 0.138 0.076   -125288    0 
184900:    1.00    9.221    0.154 0.000 0.176    0.054 0.132 0.071   -125316    0 

--------------------------------------------
Proportion of membership of each pre-defined
 population in each of the 3 clusters

Given    Inferred Clusters       Number of
 Pop       1      2      3      Individuals

  1:     0.329  0.346  0.325      358
  2:     0.335  0.331  0.334      1039
  3:     0.336  0.334  0.330      603
--------------------------------------------

  Rep#:   Lambda   Alpha      F1    F2    F3     D1,2  D1,3  D2,3    Ln Like  Est Ln P(D)
185000:    1.00    8.778    0.179 0.000 0.160    0.067 0.157 0.071   -125286    0 
185100:    1.00    9.281    0.149 0.000 0.180    0.057 0.133 0.064   -125264    0 
185200:    1.00    8.823    0.125 0.000 0.139    0.057 0.143 0.072   -125294    0 
185300:    1.00    8.893    0.156 0.000 0.156    0.052 0.115 0.055   -125278    0 
185400:    1.00    9.147    0.141 0.000 0.148    0.062 0.113 0.063   -125276    0 
185500:    1.00    9.446    0.128 0.000 0.173    0.059 0.123 0.072   -125297    0 
185600:    1.00    9.024    0.162 0.000 0.190    0.058 0.126 0.079   -125265    0 
185700:    1.00    8.579    0.124 0.000 0.181    0.052 0.132 0.083   -125266    0 
185800:    1.00    8.661    0.124 0.000 0.219    0.056 0.150 0.092   -125207    0 
185900:    1.00    8.840    0.155 0.000 0.210    0.052 0.123 0.074   -125360    0 

--------------------------------------------
Proportion of membership of each pre-defined
 population in each of the 3 clusters

Given    Inferred Clusters       Number of
 Pop       1      2      3      Individuals

  1:     0.331  0.329  0.340      358
  2:     0.339  0.329  0.332      1039
  3:     0.331  0.338  0.330      603
--------------------------------------------

  Rep#:   Lambda   Alpha      F1    F2    F3     D1,2  D1,3  D2,3    Ln Like  Est Ln P(D)
186000:    1.00    8.741    0.145 0.000 0.193    0.064 0.139 0.082   -125224    0 
186100:    1.00    8.985    0.137 0.000 0.139    0.071 0.136 0.064   -125300    0 
186200:    1.00    9.160    0.184 0.000 0.152    0.083 0.136 0.065   -125260    0 
186300:    1.00    9.238    0.196 0.000 0.166    0.082 0.125 0.058   -125338    0 
186400:    1.00    9.221    0.166 0.000 0.132    0.072 0.131 0.062   -125298    0 
186500:    1.00    8.795    0.185 0.000 0.164    0.085 0.140 0.057   -125261    0 
186600:    1.00    9.079    0.177 0.000 0.184    0.065 0.129 0.067   -125312    0 
186700:    1.00    8.696    0.170 0.000 0.212    0.069 0.135 0.071   -125275    0 
186800:    1.00    8.831    0.124 0.000 0.174    0.055 0.144 0.076   -125311    0 
186900:    1.00    8.792    0.138 0.000 0.149    0.047 0.113 0.067   -125288    0 

--------------------------------------------
Proportion of membership of each pre-defined
 population in each of the 3 clusters

Given    Inferred Clusters       Number of
 Pop       1      2      3      Individuals

  1:     0.332  0.341  0.327      358
  2:     0.333  0.334  0.333      1039
  3:     0.330  0.333  0.337      603
--------------------------------------------

  Rep#:   Lambda   Alpha      F1    F2    F3     D1,2  D1,3  D2,3    Ln Like  Est Ln P(D)
187000:    1.00    9.074    0.096 0.000 0.161    0.042 0.108 0.060   -125390    0 
187100:    1.00    9.094    0.112 0.000 0.153    0.044 0.121 0.069   -125381    0 
187200:    1.00    9.553    0.127 0.000 0.167    0.048 0.116 0.073   -125359    0 
187300:    1.00    9.420    0.140 0.000 0.199    0.049 0.133 0.079   -125353    0 
187400:    1.00    9.333    0.107 0.000 0.157    0.044 0.118 0.065   -125374    0 
187500:    1.00    9.096    0.148 0.000 0.131    0.044 0.103 0.060   -125376    0 
187600:    1.00    9.424    0.168 0.000 0.136    0.050 0.112 0.064   -125349    0 
187700:    1.00    9.240    0.158 0.000 0.152    0.060 0.150 0.070   -125310    0 
187800:    1.00    8.941    0.139 0.000 0.146    0.053 0.133 0.060   -125311    0 
187900:    1.00    9.128    0.184 0.000 0.167    0.063 0.159 0.063   -125247    0 

--------------------------------------------
Proportion of membership of each pre-defined
 population in each of the 3 clusters

Given    Inferred Clusters       Number of
 Pop       1      2      3      Individuals

  1:     0.329  0.328  0.343      358
  2:     0.329  0.333  0.339      1039
  3:     0.326  0.341  0.333      603
--------------------------------------------

  Rep#:   Lambda   Alpha      F1    F2    F3     D1,2  D1,3  D2,3    Ln Like  Est Ln P(D)
188000:    1.00    8.928    0.152 0.000 0.153    0.056 0.129 0.058   -125295    0 
188100:    1.00    8.766    0.147 0.000 0.125    0.059 0.129 0.055   -125288    0 
188200:    1.00    8.347    0.177 0.000 0.148    0.065 0.132 0.054   -125257    0 
188300:    1.00    8.470    0.177 0.000 0.162    0.072 0.155 0.066   -125269    0 
188400:    1.00    8.542    0.153 0.000 0.087    0.070 0.106 0.040   -125300    0 
188500:    1.00    8.463    0.191 0.000 0.119    0.071 0.122 0.050   -125259    0 
188600:    1.00    8.392    0.163 0.000 0.121    0.074 0.128 0.048   -125279    0 
188700:    1.00    8.344    0.185 0.000 0.104    0.063 0.122 0.052   -125277    0 
188800:    1.00    8.463    0.128 0.000 0.153    0.057 0.116 0.057   -125348    0 
188900:    1.00    8.184    0.111 0.000 0.133    0.048 0.114 0.054   -125285    0 

--------------------------------------------
Proportion of membership of each pre-defined
 population in each of the 3 clusters

Given    Inferred Clusters       Number of
 Pop       1      2      3      Individuals

  1:     0.329  0.320  0.351      358
  2:     0.336  0.328  0.336      1039
  3:     0.332  0.336  0.332      603
--------------------------------------------

  Rep#:   Lambda   Alpha      F1    F2    F3     D1,2  D1,3  D2,3    Ln Like  Est Ln P(D)
189000:    1.00    8.057    0.121 0.000 0.111    0.044 0.101 0.047   -125314    0 
189100:    1.00    7.579    0.111 0.000 0.161    0.043 0.112 0.057   -125283    0 
189200:    1.00    7.652    0.114 0.000 0.138    0.045 0.100 0.053   -125333    0 
189300:    1.00    7.877    0.123 0.000 0.112    0.044 0.099 0.054   -125345    0 
189400:    1.00    7.732    0.151 0.000 0.105    0.047 0.106 0.053   -125363    0 
189500:    1.00    7.603    0.140 0.000 0.120    0.054 0.097 0.042   -125341    0 
189600:    1.00    7.805    0.136 0.000 0.146    0.052 0.112 0.051   -125290    0 
189700:    1.00    7.677    0.130 0.000 0.120    0.057 0.121 0.049   -125254    0 
189800:    1.00    7.575    0.125 0.000 0.163    0.052 0.133 0.059   -125289    0 
189900:    1.00    7.177    0.130 0.000 0.148    0.064 0.130 0.067   -125271    0 

--------------------------------------------
Proportion of membership of each pre-defined
 population in each of the 3 clusters

Given    Inferred Clusters       Number of
 Pop       1      2      3      Individuals

  1:     0.330  0.339  0.331      358
  2:     0.334  0.331  0.334      1039
  3:     0.334  0.338  0.328      603
--------------------------------------------

  Rep#:   Lambda   Alpha      F1    F2    F3     D1,2  D1,3  D2,3    Ln Like  Est Ln P(D)
190000:    1.00    7.055    0.163 0.000 0.118    0.058 0.110 0.049   -125218    0 
190100:    1.00    7.491    0.145 0.000 0.138    0.057 0.105 0.049   -125262    0 
190200:    1.00    7.494    0.161 0.000 0.152    0.063 0.106 0.050   -125306    0 
190300:    1.00    7.740    0.133 0.000 0.197    0.059 0.125 0.061   -125261    0 
190400:    1.00    8.016    0.125 0.000 0.161    0.058 0.123 0.059   -125211    0 
190500:    1.00    8.360    0.129 0.000 0.164    0.045 0.119 0.056   -125299    0 
190600:    1.00    8.744    0.121 0.000 0.138    0.042 0.106 0.058   -125310    0 
190700:    1.00    8.398    0.121 0.000 0.115    0.049 0.106 0.048   -125341    0 
190800:    1.00    8.014    0.105 0.000 0.091    0.049 0.112 0.050   -125325    0 
190900:    1.00    8.380    0.118 0.000 0.119    0.043 0.100 0.052   -125374    0 

--------------------------------------------
Proportion of membership of each pre-defined
 population in each of the 3 clusters

Given    Inferred Clusters       Number of
 Pop       1      2      3      Individuals

  1:     0.340  0.328  0.332      358
  2:     0.334  0.329  0.338      1039
  3:     0.338  0.331  0.331      603
--------------------------------------------

  Rep#:   Lambda   Alpha      F1    F2    F3     D1,2  D1,3  D2,3    Ln Like  Est Ln P(D)
191000:    1.00    8.651    0.118 0.000 0.129    0.043 0.113 0.056   -125298    0 
191100:    1.00    8.824    0.147 0.000 0.117    0.045 0.123 0.054   -125308    0 
191200:    1.00    8.845    0.099 0.000 0.134    0.042 0.097 0.049   -125338    0 
191300:    1.00    8.986    0.112 0.000 0.140    0.041 0.104 0.053   -125333    0 
191400:    1.00    9.400    0.142 0.000 0.163    0.042 0.121 0.074   -125370    0 
191500:    1.00    9.357    0.136 0.000 0.150    0.048 0.122 0.067   -125326    0 
191600:    1.00    9.119    0.149 0.000 0.143    0.053 0.123 0.057   -125338    0 
191700:    1.00    9.068    0.092 0.000 0.121    0.045 0.104 0.051   -125337    0 
191800:    1.00    9.008    0.176 0.000 0.097    0.049 0.095 0.045   -125337    0 
191900:    1.00    9.036    0.157 0.000 0.122    0.049 0.094 0.043   -125311    0 

--------------------------------------------
Proportion of membership of each pre-defined
 population in each of the 3 clusters

Given    Inferred Clusters       Number of
 Pop       1      2      3      Individuals

  1:     0.336  0.329  0.336      358
  2:     0.333  0.329  0.339      1039
  3:     0.334  0.336  0.330      603
--------------------------------------------

  Rep#:   Lambda   Alpha      F1    F2    F3     D1,2  D1,3  D2,3    Ln Like  Est Ln P(D)
192000:    1.00    8.992    0.141 0.000 0.103    0.048 0.080 0.039   -125402    0 
192100:    1.00    9.129    0.148 0.000 0.089    0.059 0.110 0.051   -125349    0 
192200:    1.00    9.092    0.133 0.000 0.139    0.040 0.095 0.057   -125389    0 
192300:    1.00    9.185    0.115 0.000 0.127    0.040 0.085 0.046   -125434    0 
192400:    1.00    9.149    0.114 0.000 0.137    0.044 0.117 0.063   -125369    0 
192500:    1.00    9.033    0.111 0.000 0.155    0.046 0.119 0.058   -125362    0 
192600:    1.00    9.489    0.098 0.000 0.155    0.038 0.108 0.061   -125425    0 
192700:    1.00    9.688    0.102 0.000 0.127    0.036 0.107 0.066   -125370    0 
192800:    1.00    9.907    0.115 0.000 0.148    0.040 0.101 0.060   -125377    0 
192900:    1.00    9.976    0.119 0.000 0.121    0.046 0.118 0.060   -125428    0 

--------------------------------------------
Proportion of membership of each pre-defined
 population in each of the 3 clusters

Given    Inferred Clusters       Number of
 Pop       1      2      3      Individuals

  1:     0.335  0.333  0.332      358
  2:     0.334  0.337  0.329      1039
  3:     0.335  0.337  0.327      603
--------------------------------------------

  Rep#:   Lambda   Alpha      F1    F2    F3     D1,2  D1,3  D2,3    Ln Like  Est Ln P(D)
193000:    1.00    9.970    0.110 0.000 0.140    0.039 0.092 0.054   -125417    0 
193100:    1.00    9.691    0.099 0.000 0.110    0.031 0.091 0.056   -125366    0 
193200:    1.00    9.695    0.094 0.000 0.126    0.040 0.101 0.056   -125370    0 
193300:    1.00    9.424    0.076 0.000 0.119    0.034 0.100 0.056   -125459    0 
193400:    1.00    9.274    0.075 0.000 0.149    0.031 0.089 0.053   -125430    0 
193500:    1.00    9.014    0.089 0.000 0.097    0.042 0.101 0.044   -125411    0 
193600:    1.00    9.008    0.100 0.000 0.090    0.042 0.097 0.046   -125395    0 
193700:    1.00    8.918    0.089 0.000 0.121    0.037 0.083 0.046   -125397    0 
193800:    1.00    8.830    0.131 0.000 0.125    0.043 0.098 0.048   -125339    0 
193900:    1.00    8.315    0.149 0.000 0.107    0.056 0.133 0.055   -125339    0 

--------------------------------------------
Proportion of membership of each pre-defined
 population in each of the 3 clusters

Given    Inferred Clusters       Number of
 Pop       1      2      3      Individuals

  1:     0.331  0.336  0.333      358
  2:     0.332  0.331  0.337      1039
  3:     0.327  0.339  0.333      603
--------------------------------------------

  Rep#:   Lambda   Alpha      F1    F2    F3     D1,2  D1,3  D2,3    Ln Like  Est Ln P(D)
194000:    1.00    8.137    0.112 0.000 0.150    0.057 0.128 0.051   -125319    0 
194100:    1.00    8.177    0.125 0.000 0.126    0.052 0.097 0.038   -125286    0 
194200:    1.00    8.271    0.139 0.000 0.118    0.050 0.090 0.034   -125354    0 
194300:    1.00    8.119    0.161 0.000 0.053    0.047 0.084 0.030   -125362    0 
194400:    1.00    7.937    0.160 0.000 0.105    0.054 0.091 0.035   -125335    0 
194500:    1.00    7.771    0.140 0.000 0.112    0.054 0.114 0.045   -125304    0 
194600:    1.00    7.763    0.156 0.000 0.129    0.049 0.111 0.060   -125289    0 
194700:    1.00    8.111    0.142 0.000 0.128    0.058 0.113 0.049   -125262    0 
194800:    1.00    8.482    0.143 0.000 0.124    0.051 0.108 0.046   -125297    0 
194900:    1.00    8.477    0.148 0.000 0.134    0.064 0.139 0.059   -125337    0 

--------------------------------------------
Proportion of membership of each pre-defined
 population in each of the 3 clusters

Given    Inferred Clusters       Number of
 Pop       1      2      3      Individuals

  1:     0.336  0.339  0.325      358
  2:     0.339  0.332  0.329      1039
  3:     0.334  0.333  0.333      603
--------------------------------------------

  Rep#:   Lambda   Alpha      F1    F2    F3     D1,2  D1,3  D2,3    Ln Like  Est Ln P(D)
195000:    1.00    8.154    0.119 0.000 0.119    0.050 0.114 0.050   -125321    0 
195100:    1.00    8.183    0.132 0.000 0.142    0.047 0.118 0.059   -125314    0 
195200:    1.00    8.022    0.138 0.000 0.117    0.045 0.095 0.048   -125254    0 
195300:    1.00    8.210    0.122 0.000 0.124    0.050 0.106 0.049   -125266    0 
195400:    1.00    8.495    0.139 0.000 0.167    0.054 0.130 0.064   -125308    0 
195500:    1.00    8.400    0.116 0.000 0.150    0.049 0.141 0.073   -125295    0 
195600:    1.00    8.392    0.117 0.000 0.170    0.047 0.127 0.064   -125284    0 
195700:    1.00    8.511    0.148 0.000 0.148    0.046 0.137 0.066   -125242    0 
195800:    1.00    8.498    0.159 0.000 0.137    0.055 0.146 0.074   -125247    0 
195900:    1.00    8.042    0.147 0.000 0.150    0.048 0.124 0.066   -125269    0 

--------------------------------------------
Proportion of membership of each pre-defined
 population in each of the 3 clusters

Given    Inferred Clusters       Number of
 Pop       1      2      3      Individuals

  1:     0.335  0.326  0.339      358
  2:     0.338  0.330  0.332      1039
  3:     0.336  0.337  0.327      603
--------------------------------------------

  Rep#:   Lambda   Alpha      F1    F2    F3     D1,2  D1,3  D2,3    Ln Like  Est Ln P(D)
196000:    1.00    8.240    0.121 0.000 0.130    0.046 0.135 0.069   -125312    0 
196100:    1.00    8.622    0.164 0.000 0.149    0.059 0.140 0.062   -125266    0 
196200:    1.00    8.668    0.182 0.000 0.169    0.052 0.120 0.058   -125320    0 
196300:    1.00    8.557    0.145 0.000 0.165    0.059 0.138 0.080   -125204    0 
196400:    1.00    8.536    0.192 0.000 0.127    0.063 0.138 0.069   -125262    0 
196500:    1.00    8.256    0.180 0.000 0.134    0.059 0.132 0.057   -125279    0 
196600:    1.00    8.506    0.208 0.000 0.113    0.062 0.138 0.061   -125228    0 
196700:    1.00    8.179    0.154 0.000 0.121    0.058 0.133 0.058   -125278    0 
196800:    1.00    8.097    0.122 0.000 0.132    0.049 0.111 0.051   -125319    0 
196900:    1.00    7.946    0.120 0.000 0.145    0.048 0.117 0.051   -125303    0 

--------------------------------------------
Proportion of membership of each pre-defined
 population in each of the 3 clusters

Given    Inferred Clusters       Number of
 Pop       1      2      3      Individuals

  1:     0.327  0.332  0.342      358
  2:     0.335  0.330  0.335      1039
  3:     0.331  0.336  0.333      603
--------------------------------------------

  Rep#:   Lambda   Alpha      F1    F2    F3     D1,2  D1,3  D2,3    Ln Like  Est Ln P(D)
197000:    1.00    8.137    0.143 0.000 0.125    0.052 0.110 0.046   -125371    0 
197100:    1.00    8.331    0.117 0.000 0.110    0.059 0.118 0.049   -125278    0 
197200:    1.00    8.005    0.142 0.000 0.104    0.069 0.116 0.042   -125339    0 
197300:    1.00    8.382    0.106 0.000 0.112    0.058 0.099 0.041   -125342    0 
197400:    1.00    8.505    0.159 0.000 0.121    0.068 0.107 0.030   -125385    0 
197500:    1.00    8.529    0.153 0.000 0.107    0.069 0.105 0.033   -125324    0 
197600:    1.00    8.545    0.125 0.000 0.111    0.059 0.103 0.038   -125372    0 
197700:    1.00    8.705    0.155 0.000 0.093    0.065 0.102 0.039   -125359    0 
197800:    1.00    8.323    0.142 0.000 0.081    0.074 0.108 0.040   -125280    0 
197900:    1.00    9.104    0.132 0.000 0.081    0.056 0.102 0.036   -125379    0 

--------------------------------------------
Proportion of membership of each pre-defined
 population in each of the 3 clusters

Given    Inferred Clusters       Number of
 Pop       1      2      3      Individuals

  1:     0.328  0.336  0.335      358
  2:     0.333  0.334  0.333      1039
  3:     0.332  0.334  0.334      603
--------------------------------------------

  Rep#:   Lambda   Alpha      F1    F2    F3     D1,2  D1,3  D2,3    Ln Like  Est Ln P(D)
198000:    1.00    8.972    0.204 0.000 0.096    0.059 0.100 0.034   -125335    0 
198100:    1.00    9.362    0.126 0.000 0.098    0.052 0.114 0.041   -125352    0 
198200:    1.00    9.293    0.147 0.000 0.098    0.055 0.106 0.039   -125375    0 
198300:    1.00    9.479    0.114 0.000 0.120    0.046 0.095 0.045   -125448    0 
198400:    1.00    9.352    0.173 0.000 0.116    0.058 0.119 0.054   -125390    0 
198500:    1.00    9.498    0.156 0.000 0.144    0.048 0.127 0.050   -125373    0 
198600:    1.00    9.474    0.125 0.000 0.133    0.049 0.120 0.045   -125312    0 
198700:    1.00    9.647    0.116 0.000 0.128    0.050 0.102 0.044   -125420    0 
198800:    1.00    9.796    0.144 0.000 0.147    0.044 0.108 0.050   -125380    0 
198900:    1.00    9.793    0.125 0.000 0.118    0.041 0.110 0.054   -125388    0 

--------------------------------------------
Proportion of membership of each pre-defined
 population in each of the 3 clusters

Given    Inferred Clusters       Number of
 Pop       1      2      3      Individuals

  1:     0.338  0.325  0.336      358
  2:     0.334  0.332  0.334      1039
  3:     0.336  0.330  0.334      603
--------------------------------------------

  Rep#:   Lambda   Alpha      F1    F2    F3     D1,2  D1,3  D2,3    Ln Like  Est Ln P(D)
199000:    1.00    9.733    0.112 0.001 0.145    0.049 0.111 0.053   -125411    0 
199100:    1.00    9.938    0.121 0.001 0.116    0.046 0.089 0.040   -125414    0 
199200:    1.00    9.639    0.121 0.001 0.102    0.043 0.103 0.047   -125404    0 
199300:    1.00    9.583    0.100 0.001 0.120    0.037 0.087 0.046   -125470    0 
199400:    1.00    9.388    0.121 0.001 0.115    0.037 0.085 0.048   -125388    0 
199500:    1.00    9.504    0.108 0.001 0.113    0.047 0.086 0.040   -125382    0 
199600:    1.00    9.832    0.082 0.001 0.140    0.044 0.108 0.058   -125418    0 
199700:    1.00    9.978    0.171 0.001 0.149    0.045 0.104 0.064   -125424    0 
199800:    1.00    9.841    0.177 0.001 0.158    0.062 0.125 0.063   -125366    0 
199900:    1.00    9.729    0.155 0.001 0.147    0.063 0.114 0.055   -125366    0 

--------------------------------------------
Proportion of membership of each pre-defined
 population in each of the 3 clusters

Given    Inferred Clusters       Number of
 Pop       1      2      3      Individuals

  1:     0.332  0.324  0.343      358
  2:     0.336  0.331  0.333      1039
  3:     0.328  0.336  0.336      603
--------------------------------------------

  Rep#:   Lambda   Alpha      F1    F2    F3     D1,2  D1,3  D2,3    Ln Like  Est Ln P(D)
200000:    1.00    9.748    0.179 0.001 0.137    0.067 0.120 0.054   -125289    0 
200100:    1.00    9.624    0.186 0.001 0.164    0.050 0.111 0.062   -125310    0 
200200:    1.00    9.724    0.130 0.001 0.156    0.045 0.121 0.068   -125336    0 
200300:    1.00    9.526    0.127 0.001 0.166    0.044 0.111 0.068   -125323    0 
200400:    1.00    9.184    0.133 0.001 0.158    0.045 0.114 0.067   -125265    0 
200500:    1.00    9.050    0.136 0.001 0.130    0.049 0.134 0.062   -125302    0 
200600:    1.00    8.611    0.147 0.001 0.133    0.061 0.131 0.056   -125244    0 
200700:    1.00    8.545    0.168 0.001 0.137    0.066 0.131 0.058   -125273    0 
200800:    1.00    8.271    0.196 0.001 0.149    0.062 0.128 0.059   -125335    0 
200900:    1.00    8.454    0.147 0.001 0.186    0.050 0.109 0.059   -125302    0 

--------------------------------------------
Proportion of membership of each pre-defined
 population in each of the 3 clusters

Given    Inferred Clusters       Number of
 Pop       1      2      3      Individuals

  1:     0.336  0.331  0.333      358
  2:     0.331  0.330  0.339      1039
  3:     0.339  0.332  0.329      603
--------------------------------------------

  Rep#:   Lambda   Alpha      F1    F2    F3     D1,2  D1,3  D2,3    Ln Like  Est Ln P(D)
201000:    1.00    8.475    0.149 0.001 0.108    0.050 0.110 0.050   -125374    0 
201100:    1.00    8.490    0.146 0.001 0.132    0.057 0.111 0.052   -125308    0 
201200:    1.00    8.431    0.205 0.001 0.156    0.062 0.128 0.048   -125280    0 
201300:    1.00    8.615    0.175 0.001 0.181    0.065 0.136 0.058   -125298    0 
201400:    1.00    8.457    0.187 0.001 0.172    0.060 0.132 0.066   -125276    0 
201500:    1.00    8.975    0.139 0.001 0.143    0.059 0.112 0.048   -125321    0 
201600:    1.00    9.181    0.135 0.001 0.113    0.066 0.115 0.044   -125339    0 
201700:    1.00    8.886    0.186 0.001 0.081    0.064 0.116 0.040   -125294    0 
201800:    1.00    8.726    0.186 0.001 0.098    0.064 0.105 0.039   -125311    0 
201900:    1.00    8.798    0.183 0.001 0.097    0.060 0.107 0.038   -125365    0 

--------------------------------------------
Proportion of membership of each pre-defined
 population in each of the 3 clusters

Given    Inferred Clusters       Number of
 Pop       1      2      3      Individuals

  1:     0.331  0.330  0.339      358
  2:     0.332  0.335  0.332      1039
  3:     0.333  0.336  0.332      603
--------------------------------------------

  Rep#:   Lambda   Alpha      F1    F2    F3     D1,2  D1,3  D2,3    Ln Like  Est Ln P(D)
202000:    1.00    8.830    0.166 0.001 0.089    0.072 0.108 0.030   -125334    0 
202100:    1.00    9.184    0.194 0.001 0.096    0.069 0.111 0.038   -125371    0 
202200:    1.00    9.322    0.206 0.001 0.108    0.059 0.107 0.039   -125337    0 
202300:    1.00    9.412    0.134 0.001 0.113    0.066 0.110 0.039   -125340    0 
202400:    1.00    9.474    0.136 0.001 0.159    0.069 0.122 0.045   -125330    0 
202500:    1.00    9.561    0.159 0.001 0.137    0.067 0.118 0.044   -125353    0 
202600:    1.00    9.561    0.174 0.001 0.137    0.068 0.128 0.068   -125311    0 
202700:    1.00    9.798    0.197 0.000 0.158    0.062 0.126 0.064   -125284    0 
202800:    1.00    9.720    0.171 0.000 0.141    0.066 0.129 0.060   -125348    0 
202900:    1.00    9.573    0.177 0.000 0.111    0.060 0.115 0.043   -125344    0 

--------------------------------------------
Proportion of membership of each pre-defined
 population in each of the 3 clusters

Given    Inferred Clusters       Number of
 Pop       1      2      3      Individuals

  1:     0.336  0.329  0.334      358
  2:     0.333  0.333  0.333      1039
  3:     0.330  0.339  0.332      603
--------------------------------------------

  Rep#:   Lambda   Alpha      F1    F2    F3     D1,2  D1,3  D2,3    Ln Like  Est Ln P(D)
203000:    1.00    9.823    0.177 0.000 0.097    0.068 0.112 0.046   -125421    0 
203100:    1.00    9.984    0.147 0.000 0.094    0.070 0.125 0.036   -125328    0 
203200:    1.00    9.943    0.160 0.000 0.115    0.072 0.119 0.034   -125348    0 
203300:    1.00    9.790    0.188 0.000 0.118    0.068 0.112 0.043   -125369    0 
203400:    1.00    9.857    0.125 0.000 0.127    0.059 0.113 0.050   -125335    0 
203500:    1.00    9.745    0.149 0.000 0.123    0.065 0.109 0.041   -125399    0 
203600:    1.00    9.552    0.181 0.000 0.138    0.073 0.115 0.044   -125326    0 
203700:    1.00    9.656    0.169 0.000 0.142    0.061 0.125 0.050   -125289    0 
203800:    1.00    9.495    0.160 0.000 0.121    0.056 0.108 0.051   -125329    0 
203900:    1.00    9.736    0.186 0.000 0.136    0.061 0.103 0.042   -125309    0 

--------------------------------------------
Proportion of membership of each pre-defined
 population in each of the 3 clusters

Given    Inferred Clusters       Number of
 Pop       1      2      3      Individuals

  1:     0.326  0.338  0.336      358
  2:     0.337  0.331  0.332      1039
  3:     0.332  0.334  0.335      603
--------------------------------------------

  Rep#:   Lambda   Alpha      F1    F2    F3     D1,2  D1,3  D2,3    Ln Like  Est Ln P(D)
204000:    1.00    9.756    0.153 0.000 0.123    0.061 0.083 0.034   -125395    0 
204100:    1.00    9.448    0.178 0.000 0.106    0.057 0.103 0.042   -125362    0 
204200:    1.00    9.033    0.177 0.000 0.113    0.067 0.107 0.044   -125355    0 
204300:    1.00    9.719    0.190 0.000 0.130    0.079 0.125 0.041   -125311    0 
204400:    1.00    9.230    0.190 0.000 0.101    0.095 0.132 0.033   -125296    0 
204500:    1.00    9.146    0.205 0.000 0.097    0.095 0.131 0.040   -125282    0 
204600:    1.00    9.586    0.251 0.000 0.077    0.098 0.136 0.033   -125266    0 
204700:    1.00    9.866    0.211 0.000 0.085    0.099 0.149 0.036   -125249    0 
204800:    1.00    9.966    0.251 0.000 0.092    0.088 0.128 0.037   -125355    0 
204900:    1.00    9.851    0.219 0.000 0.109    0.082 0.144 0.043   -125312    0 

--------------------------------------------
Proportion of membership of each pre-defined
 population in each of the 3 clusters

Given    Inferred Clusters       Number of
 Pop       1      2      3      Individuals

  1:     0.338  0.334  0.328      358
  2:     0.332  0.337  0.331      1039
  3:     0.338  0.331  0.331      603
--------------------------------------------

  Rep#:   Lambda   Alpha      F1    F2    F3     D1,2  D1,3  D2,3    Ln Like  Est Ln P(D)
205000:    1.00    9.649    0.166 0.000 0.087    0.068 0.121 0.036   -125365    0 
205100:    1.00    9.764    0.196 0.000 0.097    0.065 0.111 0.039   -125355    0 
205200:    1.00    9.938    0.173 0.000 0.088    0.061 0.122 0.050   -125349    0 
205300:    1.00    9.712    0.157 0.000 0.107    0.060 0.119 0.044   -125374    0 
205400:    1.00    9.764    0.116 0.000 0.133    0.052 0.101 0.039   -125369    0 
205500:    1.00    9.907    0.153 0.000 0.105    0.052 0.094 0.034   -125425    0 
205600:    1.00    9.784    0.134 0.000 0.119    0.054 0.101 0.038   -125405    0 
205700:    1.00    9.906    0.140 0.000 0.109    0.068 0.121 0.044   -125313    0 
205800:    1.00    9.575    0.203 0.000 0.108    0.067 0.114 0.038   -125412    0 
205900:    1.00    9.720    0.144 0.000 0.120    0.061 0.108 0.045   -125380    0 

--------------------------------------------
Proportion of membership of each pre-defined
 population in each of the 3 clusters

Given    Inferred Clusters       Number of
 Pop       1      2      3      Individuals

  1:     0.337  0.330  0.332      358
  2:     0.333  0.338  0.330      1039
  3:     0.328  0.337  0.335      603
--------------------------------------------

  Rep#:   Lambda   Alpha      F1    F2    F3     D1,2  D1,3  D2,3    Ln Like  Est Ln P(D)
206000:    1.00    9.798    0.170 0.000 0.115    0.060 0.096 0.040   -125383    0 
206100:    1.00    9.570    0.153 0.000 0.090    0.054 0.095 0.047   -125333    0 
206200:    1.00    9.780    0.139 0.000 0.139    0.053 0.107 0.042   -125402    0 
206300:    1.00    9.847    0.143 0.000 0.128    0.053 0.095 0.040   -125426    0 
206400:    1.00    9.590    0.151 0.000 0.110    0.064 0.111 0.042   -125406    0 
206500:    1.00    9.716    0.167 0.000 0.089    0.065 0.124 0.040   -125406    0 
206600:    1.00    9.933    0.193 0.000 0.138    0.072 0.145 0.051   -125342    0 
206700:    1.00    9.882    0.163 0.000 0.125    0.078 0.156 0.055   -125283    0 
206800:    1.00    9.968    0.144 0.000 0.111    0.057 0.117 0.048   -125395    0 
206900:    1.00    9.860    0.143 0.000 0.148    0.064 0.132 0.046   -125342    0 

--------------------------------------------
Proportion of membership of each pre-defined
 population in each of the 3 clusters

Given    Inferred Clusters       Number of
 Pop       1      2      3      Individuals

  1:     0.337  0.324  0.339      358
  2:     0.334  0.332  0.334      1039
  3:     0.330  0.336  0.334      603
--------------------------------------------

  Rep#:   Lambda   Alpha      F1    F2    F3     D1,2  D1,3  D2,3    Ln Like  Est Ln P(D)
207000:    1.00    9.720    0.143 0.000 0.142    0.064 0.126 0.043   -125324    0 
207100:    1.00    9.969    0.145 0.000 0.155    0.061 0.136 0.048   -125315    0 
207200:    1.00    9.985    0.168 0.000 0.094    0.058 0.113 0.040   -125330    0 
207300:    1.00    9.936    0.159 0.000 0.113    0.055 0.100 0.041   -125313    0 
207400:    1.00    9.708    0.148 0.000 0.173    0.058 0.108 0.049   -125262    0 
207500:    1.00    9.557    0.154 0.000 0.127    0.072 0.135 0.049   -125295    0 
207600:    1.00    9.705    0.143 0.000 0.130    0.066 0.132 0.054   -125299    0 
207700:    1.00    9.845    0.153 0.000 0.129    0.057 0.111 0.050   -125352    0 
207800:    1.00    9.706    0.175 0.000 0.110    0.055 0.097 0.040   -125367    0 
207900:    1.00    9.704    0.124 0.000 0.155    0.050 0.103 0.046   -125331    0 

--------------------------------------------
Proportion of membership of each pre-defined
 population in each of the 3 clusters

Given    Inferred Clusters       Number of
 Pop       1      2      3      Individuals

  1:     0.332  0.335  0.332      358
  2:     0.331  0.333  0.336      1039
  3:     0.329  0.337  0.334      603
--------------------------------------------

  Rep#:   Lambda   Alpha      F1    F2    F3     D1,2  D1,3  D2,3    Ln Like  Est Ln P(D)
208000:    1.00    9.649    0.177 0.000 0.122    0.054 0.112 0.048   -125360    0 
208100:    1.00    9.500    0.163 0.000 0.122    0.045 0.091 0.043   -125362    0 
208200:    1.00    9.168    0.097 0.000 0.108    0.045 0.077 0.035   -125380    0 
208300:    1.00    9.382    0.110 0.000 0.085    0.040 0.066 0.031   -125439    0 
208400:    1.00    9.103    0.118 0.000 0.104    0.046 0.080 0.034   -125403    0 
208500:    1.00    8.784    0.132 0.000 0.097    0.044 0.088 0.042   -125430    0 
208600:    1.00    8.831    0.121 0.000 0.088    0.046 0.082 0.032   -125367    0 
208700:    1.00    8.831    0.119 0.000 0.094    0.050 0.103 0.043   -125305    0 
208800:    1.00    8.463    0.118 0.000 0.107    0.046 0.113 0.047   -125338    0 
208900:    1.00    8.348    0.132 0.000 0.114    0.048 0.105 0.043   -125305    0 

--------------------------------------------
Proportion of membership of each pre-defined
 population in each of the 3 clusters

Given    Inferred Clusters       Number of
 Pop       1      2      3      Individuals

  1:     0.330  0.331  0.339      358
  2:     0.334  0.332  0.334      1039
  3:     0.335  0.332  0.332      603
--------------------------------------------

  Rep#:   Lambda   Alpha      F1    F2    F3     D1,2  D1,3  D2,3    Ln Like  Est Ln P(D)
209000:    1.00    8.537    0.141 0.000 0.101    0.060 0.097 0.031   -125273    0 
209100:    1.00    8.625    0.137 0.000 0.078    0.065 0.097 0.035   -125355    0 
209200:    1.00    8.741    0.150 0.000 0.132    0.064 0.098 0.036   -125301    0 
209300:    1.00    8.997    0.144 0.000 0.119    0.070 0.104 0.039   -125362    0 
209400:    1.00    9.041    0.204 0.000 0.092    0.079 0.117 0.040   -125286    0 
209500:    1.00    8.876    0.189 0.000 0.092    0.073 0.110 0.038   -125301    0 
209600:    1.00    9.003    0.165 0.000 0.072    0.072 0.116 0.032   -125325    0 
209700:    1.00    8.997    0.166 0.000 0.078    0.065 0.099 0.028   -125400    0 
209800:    1.00    8.966    0.161 0.000 0.071    0.064 0.089 0.032   -125355    0 
209900:    1.00    9.273    0.195 0.000 0.084    0.083 0.119 0.035   -125304    0 

--------------------------------------------
Proportion of membership of each pre-defined
 population in each of the 3 clusters

Given    Inferred Clusters       Number of
 Pop       1      2      3      Individuals

  1:     0.334  0.331  0.335      358
  2:     0.335  0.330  0.335      1039
  3:     0.336  0.337  0.327      603
--------------------------------------------

  Rep#:   Lambda   Alpha      F1    F2    F3     D1,2  D1,3  D2,3    Ln Like  Est Ln P(D)
210000:    1.00    9.247    0.132 0.000 0.106    0.076 0.112 0.035   -125374    0 
210100:    1.00    9.461    0.142 0.000 0.100    0.064 0.097 0.033   -125385    0 
210200:    1.00    9.532    0.127 0.000 0.122    0.071 0.121 0.039   -125346    0 
210300:    1.00    9.519    0.137 0.000 0.127    0.054 0.099 0.038   -125361    0 
210400:    1.00    9.496    0.116 0.000 0.116    0.055 0.106 0.039   -125352    0 
210500:    1.00    9.760    0.108 0.000 0.117    0.047 0.099 0.044   -125334    0 
210600:    1.00    9.560    0.156 0.000 0.114    0.066 0.131 0.044   -125296    0 
210700:    1.00    9.773    0.144 0.000 0.103    0.060 0.124 0.044   -125323    0 
210800:    1.00    9.770    0.210 0.000 0.103    0.068 0.130 0.049   -125296    0 
210900:    1.00    9.803    0.159 0.000 0.127    0.065 0.117 0.046   -125353    0 

--------------------------------------------
Proportion of membership of each pre-defined
 population in each of the 3 clusters

Given    Inferred Clusters       Number of
 Pop       1      2      3      Individuals

  1:     0.334  0.337  0.329      358
  2:     0.333  0.339  0.328      1039
  3:     0.336  0.331  0.333      603
--------------------------------------------

  Rep#:   Lambda   Alpha      F1    F2    F3     D1,2  D1,3  D2,3    Ln Like  Est Ln P(D)
211000:    1.00    9.637    0.162 0.000 0.145    0.062 0.117 0.045   -125337    0 
211100:    1.00    9.679    0.190 0.000 0.110    0.057 0.098 0.041   -125419    0 
211200:    1.00    9.925    0.147 0.000 0.094    0.062 0.098 0.032   -125320    0 
211300:    1.00    9.442    0.158 0.000 0.123    0.056 0.099 0.049   -125322    0 
211400:    1.00    9.590    0.155 0.000 0.151    0.053 0.100 0.047   -125278    0 
211500:    1.00    9.823    0.169 0.000 0.127    0.056 0.109 0.049   -125324    0 
211600:    1.00    9.847    0.149 0.000 0.127    0.066 0.111 0.050   -125373    0 
211700:    1.00    9.730    0.161 0.000 0.150    0.058 0.123 0.052   -125401    0 
211800:    1.00    9.660    0.138 0.000 0.151    0.059 0.137 0.056   -125329    0 
211900:    1.00    9.522    0.153 0.000 0.135    0.058 0.135 0.058   -125323    0 

--------------------------------------------
Proportion of membership of each pre-defined
 population in each of the 3 clusters

Given    Inferred Clusters       Number of
 Pop       1      2      3      Individuals

  1:     0.331  0.334  0.335      358
  2:     0.337  0.329  0.334      1039
  3:     0.332  0.336  0.332      603
--------------------------------------------

  Rep#:   Lambda   Alpha      F1    F2    F3     D1,2  D1,3  D2,3    Ln Like  Est Ln P(D)
212000:    1.00    9.478    0.151 0.000 0.138    0.050 0.111 0.048   -125358    0 
212100:    1.00    9.349    0.130 0.000 0.135    0.050 0.117 0.053   -125372    0 
212200:    1.00    9.403    0.151 0.000 0.119    0.057 0.132 0.052   -125353    0 
212300:    1.00    9.199    0.151 0.000 0.171    0.061 0.146 0.058   -125304    0 
212400:    1.00    9.080    0.173 0.000 0.149    0.065 0.153 0.060   -125279    0 
212500:    1.00    8.844    0.195 0.000 0.176    0.064 0.150 0.061   -125252    0 
212600:    1.00    9.382    0.209 0.000 0.130    0.063 0.139 0.061   -125276    0 
212700:    1.00    9.688    0.153 0.000 0.131    0.056 0.109 0.055   -125316    0 
212800:    1.00    9.796    0.156 0.000 0.127    0.046 0.102 0.052   -125343    0 
212900:    1.00    9.743    0.164 0.000 0.136    0.051 0.097 0.049   -125367    0 

--------------------------------------------
Proportion of membership of each pre-defined
 population in each of the 3 clusters

Given    Inferred Clusters       Number of
 Pop       1      2      3      Individuals

  1:     0.338  0.333  0.329      358
  2:     0.333  0.336  0.331      1039
  3:     0.336  0.333  0.331      603
--------------------------------------------

  Rep#:   Lambda   Alpha      F1    F2    F3     D1,2  D1,3  D2,3    Ln Like  Est Ln P(D)
213000:    1.00    9.658    0.185 0.000 0.141    0.054 0.111 0.055   -125290    0 
213100:    1.00    9.722    0.139 0.000 0.143    0.048 0.092 0.045   -125411    0 
213200:    1.00    9.515    0.137 0.000 0.109    0.056 0.103 0.042   -125321    0 
213300:    1.00    9.538    0.114 0.000 0.102    0.046 0.102 0.043   -125360    0 
213400:    1.00    9.465    0.152 0.000 0.102    0.062 0.115 0.039   -125350    0 
213500:    1.00    9.479    0.218 0.000 0.097    0.085 0.146 0.031   -125309    0 
213600:    1.00    9.327    0.136 0.000 0.064    0.073 0.110 0.028   -125384    0 
213700:    1.00    9.238    0.195 0.000 0.079    0.062 0.087 0.032   -125383    0 
213800:    1.00    9.368    0.171 0.000 0.076    0.066 0.091 0.031   -125333    0 
213900:    1.00    9.953    0.126 0.000 0.081    0.066 0.103 0.037   -125360    0 

--------------------------------------------
Proportion of membership of each pre-defined
 population in each of the 3 clusters

Given    Inferred Clusters       Number of
 Pop       1      2      3      Individuals

  1:     0.337  0.326  0.337      358
  2:     0.330  0.335  0.335      1039
  3:     0.337  0.338  0.325      603
--------------------------------------------

  Rep#:   Lambda   Alpha      F1    F2    F3     D1,2  D1,3  D2,3    Ln Like  Est Ln P(D)
214000:    1.00    9.571    0.146 0.000 0.099    0.064 0.122 0.038   -125388    0 
214100:    1.00    9.922    0.157 0.000 0.131    0.073 0.132 0.041   -125342    0 
214200:    1.00    9.934    0.190 0.000 0.111    0.066 0.131 0.043   -125312    0 
214300:    1.00    9.849    0.211 0.000 0.139    0.079 0.137 0.036   -125314    0 
214400:    1.00    9.462    0.192 0.000 0.120    0.071 0.135 0.042   -125331    0 
214500:    1.00    9.544    0.179 0.000 0.096    0.072 0.131 0.036   -125377    0 
214600:    1.00    9.531    0.185 0.000 0.099    0.073 0.133 0.035   -125351    0 
214700:    1.00    9.677    0.189 0.000 0.087    0.064 0.108 0.036   -125393    0 
214800:    1.00    9.877    0.194 0.000 0.093    0.075 0.124 0.033   -125335    0 
214900:    1.00    9.798    0.171 0.000 0.077    0.072 0.105 0.034   -125372    0 

--------------------------------------------
Proportion of membership of each pre-defined
 population in each of the 3 clusters

Given    Inferred Clusters       Number of
 Pop       1      2      3      Individuals

  1:     0.331  0.336  0.333      358
  2:     0.336  0.332  0.332      1039
  3:     0.329  0.335  0.336      603
--------------------------------------------

  Rep#:   Lambda   Alpha      F1    F2    F3     D1,2  D1,3  D2,3    Ln Like  Est Ln P(D)
215000:    1.00    9.943    0.220 0.000 0.075    0.068 0.103 0.031   -125430    0 
215100:    1.00    9.302    0.190 0.000 0.093    0.078 0.114 0.039   -125348    0 
215200:    1.00    9.431    0.206 0.000 0.083    0.076 0.114 0.038   -125329    0 
215300:    1.00    9.555    0.161 0.000 0.079    0.070 0.086 0.031   -125401    0 
215400:    1.00    9.550    0.162 0.000 0.074    0.074 0.103 0.028   -125387    0 
215500:    1.00    9.586    0.214 0.000 0.076    0.080 0.106 0.024   -125435    0 
215600:    1.00    9.682    0.198 0.000 0.073    0.070 0.106 0.031   -125399    0 
215700:    1.00    9.659    0.184 0.000 0.076    0.062 0.099 0.033   -125399    0 
215800:    1.00    9.226    0.188 0.000 0.074    0.071 0.112 0.032   -125415    0 
215900:    1.00    9.100    0.200 0.000 0.091    0.073 0.114 0.029   -125331    0 

--------------------------------------------
Proportion of membership of each pre-defined
 population in each of the 3 clusters

Given    Inferred Clusters       Number of
 Pop       1      2      3      Individuals

  1:     0.334  0.331  0.336      358
  2:     0.334  0.332  0.334      1039
  3:     0.327  0.336  0.338      603
--------------------------------------------

  Rep#:   Lambda   Alpha      F1    F2    F3     D1,2  D1,3  D2,3    Ln Like  Est Ln P(D)
216000:    1.00    8.988    0.172 0.000 0.073    0.071 0.113 0.028   -125380    0 
216100:    1.00    9.064    0.170 0.000 0.079    0.070 0.107 0.031   -125371    0 
216200:    1.00    9.374    0.131 0.000 0.104    0.065 0.115 0.040   -125331    0 
216300:    1.00    9.270    0.158 0.000 0.088    0.052 0.094 0.036   -125404    0 
216400:    1.00    9.247    0.126 0.000 0.100    0.050 0.098 0.037   -125391    0 
216500:    1.00    9.340    0.121 0.000 0.101    0.044 0.094 0.034   -125401    0 
216600:    1.00    9.184    0.124 0.000 0.112    0.052 0.103 0.044   -125350    0 
216700:    1.00    9.286    0.111 0.000 0.123    0.051 0.098 0.038   -125373    0 
216800:    1.00    9.002    0.141 0.000 0.098    0.066 0.105 0.032   -125365    0 
216900:    1.00    8.925    0.130 0.000 0.097    0.059 0.099 0.041   -125365    0 

--------------------------------------------
Proportion of membership of each pre-defined
 population in each of the 3 clusters

Given    Inferred Clusters       Number of
 Pop       1      2      3      Individuals

  1:     0.331  0.329  0.340      358
  2:     0.330  0.333  0.337      1039
  3:     0.330  0.337  0.333      603
--------------------------------------------

  Rep#:   Lambda   Alpha      F1    F2    F3     D1,2  D1,3  D2,3    Ln Like  Est Ln P(D)
217000:    1.00    8.870    0.157 0.000 0.085    0.066 0.082 0.028   -125407    0 
217100:    1.00    8.480    0.171 0.000 0.082    0.073 0.096 0.030   -125415    0 
217200:    1.00    8.643    0.166 0.000 0.083    0.069 0.122 0.042   -125295    0 
217300:    1.00    8.541    0.142 0.000 0.094    0.062 0.101 0.035   -125387    0 
217400:    1.00    8.668    0.210 0.000 0.102    0.069 0.112 0.042   -125296    0 
217500:    1.00    8.853    0.220 0.000 0.092    0.076 0.120 0.043   -125360    0 
217600:    1.00    9.101    0.218 0.000 0.103    0.097 0.144 0.041   -125303    0 
217700:    1.00    9.072    0.189 0.000 0.115    0.077 0.127 0.043   -125330    0 
217800:    1.00    9.460    0.147 0.000 0.129    0.068 0.127 0.044   -125294    0 
217900:    1.00    9.454    0.154 0.000 0.100    0.064 0.116 0.040   -125319    0 

--------------------------------------------
Proportion of membership of each pre-defined
 population in each of the 3 clusters

Given    Inferred Clusters       Number of
 Pop       1      2      3      Individuals

  1:     0.332  0.324  0.344      358
  2:     0.333  0.332  0.335      1039
  3:     0.330  0.336  0.334      603
--------------------------------------------

  Rep#:   Lambda   Alpha      F1    F2    F3     D1,2  D1,3  D2,3    Ln Like  Est Ln P(D)
218000:    1.00    9.484    0.180 0.000 0.117    0.059 0.120 0.043   -125299    0 
218100:    1.00    9.850    0.130 0.000 0.105    0.056 0.124 0.048   -125368    0 
218200:    1.00    9.619    0.147 0.000 0.110    0.053 0.123 0.049   -125385    0 
218300:    1.00    9.695    0.128 0.000 0.148    0.057 0.111 0.042   -125405    0 
218400:    1.00    9.280    0.139 0.000 0.150    0.062 0.130 0.048   -125330    0 
218500:    1.00    9.159    0.165 0.000 0.147    0.065 0.119 0.051   -125287    0 
218600:    1.00    8.809    0.136 0.000 0.111    0.055 0.102 0.052   -125373    0 
218700:    1.00    8.776    0.150 0.000 0.119    0.061 0.119 0.049   -125317    0 
218800:    1.00    8.467    0.181 0.000 0.105    0.058 0.110 0.040   -125319    0 
218900:    1.00    8.620    0.166 0.000 0.119    0.060 0.101 0.046   -125321    0 

--------------------------------------------
Proportion of membership of each pre-defined
 population in each of the 3 clusters

Given    Inferred Clusters       Number of
 Pop       1      2      3      Individuals

  1:     0.334  0.331  0.335      358
  2:     0.335  0.332  0.333      1039
  3:     0.332  0.335  0.333      603
--------------------------------------------

  Rep#:   Lambda   Alpha      F1    F2    F3     D1,2  D1,3  D2,3    Ln Like  Est Ln P(D)
219000:    1.00    9.089    0.187 0.000 0.127    0.066 0.113 0.055   -125313    0 
219100:    1.00    9.012    0.169 0.000 0.120    0.062 0.116 0.050   -125337    0 
219200:    1.00    8.994    0.192 0.000 0.088    0.066 0.120 0.045   -125346    0 
219300:    1.00    9.088    0.163 0.000 0.082    0.067 0.109 0.038   -125386    0 
219400:    1.00    9.026    0.142 0.000 0.092    0.050 0.094 0.035   -125365    0 
219500:    1.00    8.897    0.178 0.000 0.086    0.055 0.089 0.041   -125321    0 
219600:    1.00    9.114    0.130 0.000 0.116    0.051 0.103 0.046   -125360    0 
219700:    1.00    9.348    0.154 0.000 0.095    0.055 0.096 0.036   -125356    0 
219800:    1.00    9.015    0.115 0.000 0.109    0.049 0.111 0.049   -125367    0 
219900:    1.00    8.847    0.122 0.000 0.114    0.051 0.095 0.044   -125347    0 

--------------------------------------------
Proportion of membership of each pre-defined
 population in each of the 3 clusters

Given    Inferred Clusters       Number of
 Pop       1      2      3      Individuals

  1:     0.333  0.336  0.331      358
  2:     0.332  0.327  0.341      1039
  3:     0.334  0.336  0.330      603
--------------------------------------------

  Rep#:   Lambda   Alpha      F1    F2    F3     D1,2  D1,3  D2,3    Ln Like  Est Ln P(D)
220000:    1.00    8.401    0.130 0.000 0.107    0.049 0.087 0.040   -125326    0 
220100:    1.00    8.366    0.141 0.000 0.091    0.055 0.101 0.039   -125349    0 
220200:    1.00    8.360    0.139 0.000 0.103    0.059 0.107 0.033   -125340    0 
220300:    1.00    8.129    0.162 0.000 0.074    0.072 0.105 0.030   -125361    0 
220400:    1.00    7.884    0.156 0.000 0.088    0.065 0.105 0.036   -125325    0 
220500:    1.00    8.168    0.174 0.000 0.090    0.064 0.103 0.045   -125368    0 
220600:    1.00    7.941    0.152 0.000 0.151    0.068 0.130 0.058   -125215    0 
220700:    1.00    8.244    0.176 0.000 0.112    0.063 0.130 0.052   -125185    0 
220800:    1.00    7.849    0.154 0.000 0.106    0.067 0.132 0.049   -125249    0 
220900:    1.00    7.527    0.143 0.000 0.118    0.060 0.132 0.049   -125307    0 

--------------------------------------------
Proportion of membership of each pre-defined
 population in each of the 3 clusters

Given    Inferred Clusters       Number of
 Pop       1      2      3      Individuals

  1:     0.332  0.334  0.334      358
  2:     0.342  0.324  0.335      1039
  3:     0.334  0.328  0.338      603
--------------------------------------------

  Rep#:   Lambda   Alpha      F1    F2    F3     D1,2  D1,3  D2,3    Ln Like  Est Ln P(D)
221000:    1.00    8.022    0.137 0.000 0.091    0.054 0.113 0.045   -125330    0 
221100:    1.00    7.846    0.177 0.000 0.107    0.059 0.116 0.039   -125281    0 
221200:    1.00    7.280    0.158 0.000 0.074    0.062 0.105 0.035   -125201    0 
221300:    1.00    7.127    0.172 0.000 0.097    0.066 0.120 0.041   -125207    0 
221400:    1.00    6.939    0.128 0.000 0.103    0.064 0.120 0.039   -125272    0 
221500:    1.00    6.893    0.131 0.000 0.100    0.067 0.106 0.035   -125291    0 
221600:    1.00    6.973    0.099 0.000 0.099    0.057 0.102 0.033   -125262    0 
221700:    1.00    6.856    0.101 0.000 0.094    0.052 0.093 0.039   -125287    0 
221800:    1.00    6.715    0.117 0.000 0.089    0.053 0.094 0.033   -125289    0 
221900:    1.00    7.222    0.168 0.000 0.069    0.054 0.090 0.034   -125302    0 

--------------------------------------------
Proportion of membership of each pre-defined
 population in each of the 3 clusters

Given    Inferred Clusters       Number of
 Pop       1      2      3      Individuals

  1:     0.335  0.328  0.337      358
  2:     0.334  0.332  0.335      1039
  3:     0.333  0.330  0.337      603
--------------------------------------------

  Rep#:   Lambda   Alpha      F1    F2    F3     D1,2  D1,3  D2,3    Ln Like  Est Ln P(D)
222000:    1.00    6.836    0.119 0.000 0.085    0.052 0.094 0.030   -125261    0 
222100:    1.00    6.758    0.123 0.000 0.086    0.045 0.088 0.032   -125287    0 
222200:    1.00    6.547    0.107 0.000 0.085    0.042 0.089 0.031   -125331    0 
222300:    1.00    6.375    0.110 0.000 0.091    0.043 0.094 0.032   -125267    0 
222400:    1.00    6.050    0.105 0.000 0.077    0.045 0.076 0.029   -125331    0 
222500:    1.00    6.171    0.089 0.000 0.081    0.041 0.072 0.026   -125299    0 
222600:    1.00    6.299    0.102 0.000 0.091    0.042 0.083 0.032   -125318    0 
222700:    1.00    6.942    0.137 0.000 0.095    0.055 0.109 0.039   -125256    0 
222800:    1.00    6.780    0.126 0.000 0.092    0.052 0.104 0.037   -125241    0 
222900:    1.00    6.735    0.141 0.000 0.124    0.056 0.110 0.043   -125250    0 

--------------------------------------------
Proportion of membership of each pre-defined
 population in each of the 3 clusters

Given    Inferred Clusters       Number of
 Pop       1      2      3      Individuals

  1:     0.330  0.330  0.340      358
  2:     0.334  0.329  0.337      1039
  3:     0.329  0.337  0.334      603
--------------------------------------------

  Rep#:   Lambda   Alpha      F1    F2    F3     D1,2  D1,3  D2,3    Ln Like  Est Ln P(D)
223000:    1.00    7.020    0.110 0.000 0.110    0.051 0.110 0.050   -125213    0 
223100:    1.00    6.898    0.117 0.000 0.101    0.050 0.109 0.043   -125240    0 
223200:    1.00    6.661    0.132 0.000 0.118    0.055 0.117 0.047   -125266    0 
223300:    1.00    6.665    0.125 0.000 0.103    0.046 0.088 0.035   -125251    0 
223400:    1.00    6.643    0.126 0.000 0.097    0.055 0.109 0.039   -125187    0 
223500:    1.00    6.806    0.119 0.000 0.108    0.053 0.097 0.045   -125265    0 
223600:    1.00    6.738    0.127 0.000 0.131    0.057 0.111 0.047   -125222    0 
223700:    1.00    7.093    0.134 0.000 0.118    0.052 0.094 0.044   -125234    0 
223800:    1.00    7.022    0.124 0.000 0.115    0.058 0.105 0.048   -125284    0 
223900:    1.00    6.721    0.145 0.000 0.132    0.048 0.104 0.052   -125281    0 

--------------------------------------------
Proportion of membership of each pre-defined
 population in each of the 3 clusters

Given    Inferred Clusters       Number of
 Pop       1      2      3      Individuals

  1:     0.328  0.332  0.340      358
  2:     0.331  0.331  0.338      1039
  3:     0.335  0.337  0.328      603
--------------------------------------------

  Rep#:   Lambda   Alpha      F1    F2    F3     D1,2  D1,3  D2,3    Ln Like  Est Ln P(D)
224000:    1.00    6.501    0.152 0.000 0.099    0.055 0.098 0.046   -125310    0 
224100:    1.00    6.195    0.126 0.000 0.126    0.050 0.097 0.045   -125219    0 
224200:    1.00    6.522    0.110 0.000 0.109    0.050 0.096 0.052   -125192    0 
224300:    1.00    6.392    0.112 0.000 0.112    0.047 0.089 0.050   -125267    0 
224400:    1.00    6.549    0.135 0.000 0.120    0.046 0.101 0.049   -125249    0 
224500:    1.00    6.650    0.116 0.000 0.122    0.049 0.113 0.064   -125274    0 
224600:    1.00    6.676    0.123 0.000 0.095    0.046 0.102 0.044   -125230    0 
224700:    1.00    6.802    0.136 0.000 0.130    0.039 0.091 0.047   -125284    0 
224800:    1.00    6.352    0.103 0.000 0.101    0.041 0.098 0.042   -125296    0 
224900:    1.00    6.429    0.120 0.000 0.099    0.045 0.075 0.033   -125265    0 

--------------------------------------------
Proportion of membership of each pre-defined
 population in each of the 3 clusters

Given    Inferred Clusters       Number of
 Pop       1      2      3      Individuals

  1:     0.333  0.330  0.336      358
  2:     0.339  0.333  0.328      1039
  3:     0.329  0.335  0.337      603
--------------------------------------------

  Rep#:   Lambda   Alpha      F1    F2    F3     D1,2  D1,3  D2,3    Ln Like  Est Ln P(D)
225000:    1.00    6.505    0.130 0.000 0.065    0.051 0.084 0.023   -125306    0 
225100:    1.00    6.080    0.110 0.000 0.073    0.050 0.086 0.029   -125273    0 
225200:    1.00    6.104    0.138 0.000 0.093    0.044 0.081 0.028   -125292    0 
225300:    1.00    6.054    0.128 0.000 0.103    0.041 0.078 0.033   -125283    0 
225400:    1.00    5.997    0.099 0.000 0.114    0.039 0.085 0.035   -125249    0 
225500:    1.00    5.749    0.089 0.000 0.109    0.040 0.080 0.036   -125245    0 
225600:    1.00    5.532    0.098 0.000 0.124    0.039 0.083 0.040   -125220    0 
225700:    1.00    5.816    0.118 0.000 0.088    0.038 0.079 0.043   -125295    0 
225800:    1.00    6.360    0.099 0.000 0.094    0.037 0.082 0.043   -125271    0 
225900:    1.00    6.177    0.113 0.000 0.128    0.044 0.095 0.041   -125243    0 

--------------------------------------------
Proportion of membership of each pre-defined
 population in each of the 3 clusters

Given    Inferred Clusters       Number of
 Pop       1      2      3      Individuals

  1:     0.336  0.326  0.338      358
  2:     0.334  0.333  0.333      1039
  3:     0.329  0.337  0.334      603
--------------------------------------------

  Rep#:   Lambda   Alpha      F1    F2    F3     D1,2  D1,3  D2,3    Ln Like  Est Ln P(D)
226000:    1.00    6.148    0.134 0.000 0.136    0.039 0.097 0.048   -125251    0 
226100:    1.00    6.380    0.079 0.000 0.092    0.044 0.096 0.037   -125335    0 
226200:    1.00    6.279    0.133 0.000 0.093    0.047 0.085 0.036   -125332    0 
226300:    1.00    5.718    0.108 0.000 0.103    0.052 0.097 0.042   -125218    0 
226400:    1.00    5.629    0.094 0.000 0.116    0.043 0.097 0.044   -125231    0 
226500:    1.00    5.616    0.108 0.000 0.105    0.045 0.088 0.042   -125238    0 
226600:    1.00    5.708    0.108 0.000 0.090    0.046 0.090 0.037   -125251    0 
226700:    1.00    5.290    0.127 0.000 0.066    0.052 0.101 0.033   -125261    0 
226800:    1.00    5.654    0.112 0.000 0.097    0.045 0.072 0.025   -125254    0 
226900:    1.00    5.490    0.126 0.000 0.066    0.052 0.087 0.032   -125237    0 

--------------------------------------------
Proportion of membership of each pre-defined
 population in each of the 3 clusters

Given    Inferred Clusters       Number of
 Pop       1      2      3      Individuals

  1:     0.323  0.349  0.328      358
  2:     0.336  0.332  0.332      1039
  3:     0.333  0.334  0.333      603
--------------------------------------------

  Rep#:   Lambda   Alpha      F1    F2    F3     D1,2  D1,3  D2,3    Ln Like  Est Ln P(D)
227000:    1.00    5.714    0.139 0.000 0.079    0.042 0.067 0.029   -125322    0 
227100:    1.00    5.684    0.132 0.000 0.082    0.039 0.080 0.032   -125242    0 
227200:    1.00    5.507    0.119 0.000 0.082    0.042 0.074 0.027   -125295    0 
227300:    1.00    5.396    0.102 0.000 0.104    0.035 0.057 0.026   -125300    0 
227400:    1.00    5.662    0.123 0.000 0.082    0.046 0.082 0.033   -125233    0 
227500:    1.00    5.968    0.118 0.000 0.090    0.038 0.089 0.038   -125265    0 
227600:    1.00    5.945    0.105 0.000 0.099    0.037 0.088 0.041   -125265    0 
227700:    1.00    5.957    0.129 0.000 0.118    0.046 0.101 0.040   -125217    0 
227800:    1.00    5.929    0.100 0.000 0.116    0.040 0.085 0.035   -125261    0 
227900:    1.00    5.833    0.126 0.000 0.093    0.048 0.088 0.038   -125235    0 

--------------------------------------------
Proportion of membership of each pre-defined
 population in each of the 3 clusters

Given    Inferred Clusters       Number of
 Pop       1      2      3      Individuals

  1:     0.326  0.350  0.324      358
  2:     0.333  0.327  0.340      1039
  3:     0.329  0.335  0.336      603
--------------------------------------------

  Rep#:   Lambda   Alpha      F1    F2    F3     D1,2  D1,3  D2,3    Ln Like  Est Ln P(D)
228000:    1.00    6.114    0.110 0.000 0.095    0.050 0.087 0.037   -125236    0 
228100:    1.00    6.471    0.111 0.000 0.121    0.050 0.098 0.045   -125200    0 
228200:    1.00    6.802    0.126 0.000 0.115    0.060 0.123 0.044   -125284    0 
228300:    1.00    7.193    0.146 0.000 0.104    0.054 0.121 0.041   -125262    0 
228400:    1.00    7.010    0.125 0.000 0.092    0.041 0.084 0.036   -125333    0 
228500:    1.00    7.251    0.128 0.000 0.090    0.033 0.072 0.034   -125311    0 
228600:    1.00    7.240    0.085 0.000 0.087    0.035 0.072 0.034   -125379    0 
228700:    1.00    7.073    0.076 0.000 0.124    0.034 0.087 0.042   -125392    0 
228800:    1.00    7.283    0.089 0.000 0.107    0.032 0.087 0.046   -125330    0 
228900:    1.00    7.293    0.069 0.000 0.103    0.029 0.082 0.045   -125349    0 

--------------------------------------------
Proportion of membership of each pre-defined
 population in each of the 3 clusters

Given    Inferred Clusters       Number of
 Pop       1      2      3      Individuals

  1:     0.336  0.329  0.335      358
  2:     0.334  0.334  0.332      1039
  3:     0.339  0.327  0.334      603
--------------------------------------------

  Rep#:   Lambda   Alpha      F1    F2    F3     D1,2  D1,3  D2,3    Ln Like  Est Ln P(D)
229000:    1.00    7.405    0.095 0.000 0.077    0.029 0.062 0.032   -125343    0 
229100:    1.00    7.533    0.108 0.000 0.106    0.028 0.079 0.042   -125368    0 
229200:    1.00    7.456    0.110 0.000 0.114    0.034 0.087 0.048   -125325    0 
229300:    1.00    7.592    0.097 0.000 0.110    0.030 0.079 0.041   -125397    0 
229400:    1.00    7.902    0.105 0.000 0.114    0.033 0.086 0.038   -125340    0 
229500:    1.00    8.235    0.085 0.000 0.095    0.036 0.093 0.048   -125356    0 
229600:    1.00    7.864    0.096 0.000 0.109    0.042 0.084 0.047   -125386    0 
229700:    1.00    8.173    0.096 0.000 0.136    0.047 0.112 0.049   -125319    0 
229800:    1.00    8.232    0.091 0.000 0.111    0.043 0.082 0.037   -125388    0 
229900:    1.00    8.229    0.119 0.000 0.100    0.041 0.092 0.043   -125336    0 

--------------------------------------------
Proportion of membership of each pre-defined
 population in each of the 3 clusters

Given    Inferred Clusters       Number of
 Pop       1      2      3      Individuals

  1:     0.335  0.334  0.331      358
  2:     0.333  0.336  0.331      1039
  3:     0.334  0.334  0.332      603
--------------------------------------------

  Rep#:   Lambda   Alpha      F1    F2    F3     D1,2  D1,3  D2,3    Ln Like  Est Ln P(D)
230000:    1.00    8.429    0.123 0.000 0.130    0.045 0.095 0.045   -125342    0 
230100:    1.00    8.244    0.117 0.000 0.133    0.045 0.116 0.050   -125321    0 
230200:    1.00    8.261    0.095 0.000 0.122    0.040 0.103 0.051   -125314    0 
230300:    1.00    8.391    0.156 0.000 0.129    0.050 0.115 0.050   -125316    0 
230400:    1.00    7.898    0.164 0.000 0.176    0.049 0.111 0.055   -125263    0 
230500:    1.00    7.490    0.103 0.000 0.142    0.042 0.123 0.062   -125303    0 
230600:    1.00    7.338    0.127 0.000 0.122    0.034 0.121 0.072   -125332    0 
230700:    1.00    7.624    0.114 0.000 0.116    0.041 0.097 0.050   -125329    0 
230800:    1.00    7.081    0.090 0.000 0.133    0.039 0.094 0.055   -125300    0 
230900:    1.00    7.168    0.086 0.000 0.111    0.045 0.089 0.045   -125386    0 

--------------------------------------------
Proportion of membership of each pre-defined
 population in each of the 3 clusters

Given    Inferred Clusters       Number of
 Pop       1      2      3      Individuals

  1:     0.328  0.332  0.339      358
  2:     0.335  0.333  0.333      1039
  3:     0.330  0.338  0.332      603
--------------------------------------------

  Rep#:   Lambda   Alpha      F1    F2    F3     D1,2  D1,3  D2,3    Ln Like  Est Ln P(D)
231000:    1.00    7.245    0.115 0.000 0.112    0.048 0.075 0.039   -125314    0 
231100:    1.00    7.572    0.133 0.000 0.107    0.043 0.099 0.047   -125346    0 
231200:    1.00    7.570    0.141 0.000 0.111    0.049 0.100 0.047   -125347    0 
231300:    1.00    7.531    0.168 0.000 0.121    0.056 0.124 0.051   -125347    0 
231400:    1.00    7.470    0.153 0.000 0.112    0.046 0.086 0.040   -125324    0 
231500:    1.00    7.601    0.158 0.000 0.111    0.046 0.097 0.046   -125319    0 
231600:    1.00    7.640    0.176 0.000 0.095    0.061 0.119 0.036   -125332    0 
231700:    1.00    7.514    0.131 0.000 0.071    0.050 0.104 0.035   -125342    0 
231800:    1.00    7.020    0.131 0.000 0.092    0.050 0.096 0.039   -125368    0 
231900:    1.00    7.322    0.125 0.000 0.111    0.046 0.081 0.042   -125355    0 

--------------------------------------------
Proportion of membership of each pre-defined
 population in each of the 3 clusters

Given    Inferred Clusters       Number of
 Pop       1      2      3      Individuals

  1:     0.333  0.322  0.345      358
  2:     0.334  0.329  0.337      1039
  3:     0.320  0.345  0.335      603
--------------------------------------------

  Rep#:   Lambda   Alpha      F1    F2    F3     D1,2  D1,3  D2,3    Ln Like  Est Ln P(D)
232000:    1.00    7.180    0.111 0.000 0.093    0.041 0.082 0.036   -125324    0 
232100:    1.00    7.263    0.109 0.000 0.057    0.043 0.073 0.025   -125397    0 
232200:    1.00    7.242    0.098 0.000 0.058    0.028 0.056 0.024   -125424    0 
232300:    1.00    6.748    0.090 0.000 0.088    0.034 0.071 0.027   -125399    0 
232400:    1.00    6.753    0.103 0.000 0.089    0.029 0.069 0.040   -125338    0 
232500:    1.00    6.983    0.076 0.000 0.094    0.032 0.063 0.038   -125345    0 
232600:    1.00    6.967    0.082 0.000 0.087    0.032 0.067 0.037   -125356    0 
232700:    1.00    7.045    0.108 0.000 0.094    0.031 0.077 0.038   -125300    0 
232800:    1.00    7.121    0.070 0.000 0.128    0.026 0.083 0.040   -125313    0 
232900:    1.00    7.167    0.064 0.000 0.149    0.024 0.079 0.045   -125325    0 

--------------------------------------------
Proportion of membership of each pre-defined
 population in each of the 3 clusters

Given    Inferred Clusters       Number of
 Pop       1      2      3      Individuals

  1:     0.334  0.336  0.330      358
  2:     0.338  0.327  0.335      1039
  3:     0.330  0.335  0.335      603
--------------------------------------------

  Rep#:   Lambda   Alpha      F1    F2    F3     D1,2  D1,3  D2,3    Ln Like  Est Ln P(D)
233000:    1.00    7.212    0.076 0.000 0.118    0.024 0.085 0.046   -125356    0 
233100:    1.00    7.299    0.061 0.000 0.125    0.026 0.085 0.046   -125389    0 
233200:    1.00    7.235    0.082 0.000 0.115    0.033 0.076 0.039   -125390    0 
233300:    1.00    7.412    0.087 0.000 0.124    0.031 0.087 0.050   -125315    0 
233400:    1.00    7.658    0.097 0.000 0.137    0.032 0.084 0.052   -125358    0 
233500:    1.00    7.493    0.105 0.000 0.103    0.046 0.086 0.037   -125379    0 
233600:    1.00    7.399    0.105 0.000 0.108    0.035 0.083 0.041   -125312    0 
233700:    1.00    7.535    0.110 0.000 0.101    0.038 0.088 0.039   -125340    0 
233800:    1.00    7.715    0.099 0.000 0.104    0.038 0.088 0.041   -125318    0 
233900:    1.00    7.984    0.124 0.000 0.112    0.044 0.102 0.047   -125342    0 

--------------------------------------------
Proportion of membership of each pre-defined
 population in each of the 3 clusters

Given    Inferred Clusters       Number of
 Pop       1      2      3      Individuals

  1:     0.327  0.327  0.345      358
  2:     0.331  0.334  0.334      1039
  3:     0.341  0.333  0.326      603
--------------------------------------------

  Rep#:   Lambda   Alpha      F1    F2    F3     D1,2  D1,3  D2,3    Ln Like  Est Ln P(D)
234000:    1.00    7.995    0.105 0.000 0.131    0.039 0.101 0.053   -125307    0 
234100:    1.00    8.484    0.102 0.000 0.116    0.043 0.086 0.047   -125282    0 
234200:    1.00    8.361    0.114 0.000 0.121    0.041 0.090 0.047   -125355    0 
234300:    1.00    8.193    0.168 0.000 0.133    0.041 0.104 0.056   -125294    0 
234400:    1.00    8.386    0.136 0.000 0.136    0.042 0.110 0.057   -125311    0 
234500:    1.00    8.505    0.098 0.000 0.130    0.038 0.101 0.053   -125314    0 
234600:    1.00    8.460    0.105 0.000 0.133    0.035 0.088 0.052   -125406    0 
234700:    1.00    8.506    0.098 0.000 0.104    0.036 0.077 0.046   -125357    0 
234800:    1.00    8.661    0.114 0.000 0.103    0.046 0.085 0.043   -125423    0 
234900:    1.00    8.726    0.114 0.000 0.120    0.046 0.090 0.054   -125438    0 

--------------------------------------------
Proportion of membership of each pre-defined
 population in each of the 3 clusters

Given    Inferred Clusters       Number of
 Pop       1      2      3      Individuals

  1:     0.334  0.327  0.339      358
  2:     0.334  0.333  0.333      1039
  3:     0.335  0.335  0.330      603
--------------------------------------------

  Rep#:   Lambda   Alpha      F1    F2    F3     D1,2  D1,3  D2,3    Ln Like  Est Ln P(D)
235000:    1.00    8.871    0.145 0.000 0.153    0.054 0.110 0.058   -125342    0 
235100:    1.00    8.790    0.123 0.000 0.164    0.046 0.114 0.075   -125294    0 
235200:    1.00    8.985    0.120 0.000 0.162    0.059 0.104 0.054   -125297    0 
235300:    1.00    9.269    0.129 0.000 0.155    0.056 0.106 0.062   -125342    0 
235400:    1.00    9.501    0.115 0.000 0.108    0.054 0.112 0.063   -125364    0 
235500:    1.00    9.659    0.139 0.000 0.102    0.050 0.100 0.050   -125398    0 
235600:    1.00    9.251    0.154 0.000 0.102    0.053 0.120 0.060   -125347    0 
235700:    1.00    9.873    0.215 0.000 0.107    0.052 0.121 0.055   -125355    0 
235800:    1.00    9.978    0.145 0.000 0.115    0.054 0.119 0.055   -125395    0 
235900:    1.00    9.874    0.141 0.000 0.129    0.057 0.100 0.042   -125409    0 

--------------------------------------------
Proportion of membership of each pre-defined
 population in each of the 3 clusters

Given    Inferred Clusters       Number of
 Pop       1      2      3      Individuals

  1:     0.335  0.332  0.334      358
  2:     0.336  0.331  0.333      1039
  3:     0.332  0.332  0.336      603
--------------------------------------------

  Rep#:   Lambda   Alpha      F1    F2    F3     D1,2  D1,3  D2,3    Ln Like  Est Ln P(D)
236000:    1.00    9.961    0.155 0.000 0.131    0.052 0.093 0.050   -125398    0 
236100:    1.00    9.774    0.158 0.000 0.103    0.046 0.069 0.037   -125425    0 
236200:    1.00    9.710    0.133 0.000 0.113    0.055 0.094 0.040   -125454    0 
236300:    1.00    9.804    0.116 0.000 0.124    0.045 0.099 0.044   -125411    0 
236400:    1.00    9.770    0.114 0.000 0.139    0.048 0.129 0.050   -125353    0 
236500:    1.00    9.769    0.135 0.000 0.139    0.052 0.100 0.037   -125425    0 
236600:    1.00    9.856    0.145 0.000 0.131    0.044 0.114 0.050   -125362    0 
236700:    1.00    9.912    0.122 0.000 0.131    0.048 0.110 0.047   -125371    0 
236800:    1.00    9.862    0.158 0.000 0.103    0.051 0.102 0.043   -125400    0 
236900:    1.00    9.593    0.168 0.000 0.087    0.059 0.107 0.041   -125396    0 

--------------------------------------------
Proportion of membership of each pre-defined
 population in each of the 3 clusters

Given    Inferred Clusters       Number of
 Pop       1      2      3      Individuals

  1:     0.326  0.340  0.334      358
  2:     0.333  0.337  0.330      1039
  3:     0.337  0.331  0.332      603
--------------------------------------------

  Rep#:   Lambda   Alpha      F1    F2    F3     D1,2  D1,3  D2,3    Ln Like  Est Ln P(D)
237000:    1.00    9.936    0.168 0.000 0.097    0.067 0.113 0.041   -125394    0 
237100:    1.00    9.867    0.140 0.000 0.100    0.060 0.105 0.035   -125371    0 
237200:    1.00    9.986    0.185 0.000 0.081    0.053 0.086 0.025   -125439    0 
237300:    1.00    9.925    0.143 0.000 0.077    0.055 0.086 0.028   -125387    0 
237400:    1.00    9.638    0.147 0.000 0.085    0.062 0.104 0.031   -125385    0 
237500:    1.00    9.541    0.198 0.000 0.097    0.066 0.125 0.045   -125370    0 
237600:    1.00    9.543    0.219 0.000 0.125    0.073 0.136 0.046   -125273    0 
237700:    1.00    9.407    0.166 0.000 0.108    0.061 0.142 0.061   -125413    0 
237800:    1.00    9.332    0.158 0.000 0.126    0.055 0.131 0.063   -125333    0 
237900:    1.00    9.181    0.119 0.000 0.149    0.048 0.127 0.059   -125351    0 

--------------------------------------------
Proportion of membership of each pre-defined
 population in each of the 3 clusters

Given    Inferred Clusters       Number of
 Pop       1      2      3      Individuals

  1:     0.332  0.333  0.334      358
  2:     0.333  0.334  0.333      1039
  3:     0.330  0.334  0.336      603
--------------------------------------------

  Rep#:   Lambda   Alpha      F1    F2    F3     D1,2  D1,3  D2,3    Ln Like  Est Ln P(D)
238000:    1.00    9.496    0.149 0.000 0.121    0.052 0.114 0.053   -125378    0 
238100:    1.00    9.414    0.155 0.000 0.131    0.057 0.140 0.063   -125308    0 
238200:    1.00    9.512    0.136 0.000 0.111    0.049 0.112 0.053   -125315    0 
238300:    1.00    9.371    0.142 0.000 0.130    0.051 0.114 0.057   -125360    0 
238400:    1.00    9.350    0.140 0.000 0.113    0.057 0.123 0.053   -125368    0 
238500:    1.00    9.104    0.137 0.000 0.106    0.048 0.097 0.047   -125298    0 
238600:    1.00    9.121    0.149 0.000 0.101    0.051 0.114 0.051   -125351    0 
238700:    1.00    8.978    0.108 0.000 0.105    0.053 0.117 0.054   -125326    0 
238800:    1.00    8.959    0.120 0.000 0.112    0.061 0.114 0.047   -125361    0 
238900:    1.00    8.623    0.131 0.000 0.102    0.045 0.089 0.040   -125385    0 

--------------------------------------------
Proportion of membership of each pre-defined
 population in each of the 3 clusters

Given    Inferred Clusters       Number of
 Pop       1      2      3      Individuals

  1:     0.330  0.336  0.334      358
  2:     0.336  0.333  0.331      1039
  3:     0.330  0.331  0.339      603
--------------------------------------------

  Rep#:   Lambda   Alpha      F1    F2    F3     D1,2  D1,3  D2,3    Ln Like  Est Ln P(D)
239000:    1.00    8.671    0.135 0.000 0.103    0.052 0.084 0.032   -125404    0 
239100:    1.00    8.871    0.124 0.000 0.119    0.049 0.106 0.051   -125356    0 
239200:    1.00    8.747    0.136 0.000 0.123    0.039 0.079 0.040   -125439    0 
239300:    1.00    8.665    0.115 0.000 0.114    0.045 0.107 0.051   -125333    0 
239400:    1.00    8.921    0.114 0.000 0.120    0.035 0.087 0.047   -125397    0 
239500:    1.00    8.829    0.113 0.000 0.124    0.042 0.103 0.055   -125259    0 
239600:    1.00    8.796    0.083 0.000 0.153    0.037 0.102 0.054   -125368    0 
239700:    1.00    8.757    0.098 0.000 0.122    0.029 0.090 0.051   -125397    0 
239800:    1.00    8.791    0.091 0.000 0.144    0.031 0.075 0.046   -125447    0 
239900:    1.00    8.571    0.087 0.000 0.134    0.036 0.099 0.049   -125398    0 

--------------------------------------------
Proportion of membership of each pre-defined
 population in each of the 3 clusters

Given    Inferred Clusters       Number of
 Pop       1      2      3      Individuals

  1:     0.336  0.333  0.332      358
  2:     0.334  0.332  0.334      1039
  3:     0.336  0.330  0.334      603
--------------------------------------------

  Rep#:   Lambda   Alpha      F1    F2    F3     D1,2  D1,3  D2,3    Ln Like  Est Ln P(D)
240000:    1.00    8.722    0.113 0.000 0.132    0.042 0.116 0.054   -125347    0 
240100:    1.00    8.948    0.101 0.000 0.116    0.040 0.096 0.051   -125414    0 
240200:    1.00    9.228    0.119 0.000 0.123    0.048 0.110 0.063   -125364    0 
240300:    1.00    9.381    0.138 0.000 0.157    0.045 0.101 0.050   -125350    0 
240400:    1.00    9.409    0.128 0.000 0.166    0.047 0.105 0.057   -125376    0 
240500:    1.00    9.236    0.124 0.000 0.151    0.050 0.093 0.045   -125340    0 
240600:    1.00    8.859    0.168 0.000 0.157    0.061 0.100 0.044   -125296    0 
240700:    1.00    8.897    0.141 0.000 0.104    0.046 0.073 0.038   -125400    0 
240800:    1.00    9.080    0.154 0.000 0.092    0.055 0.101 0.034   -125399    0 
240900:    1.00    9.584    0.172 0.000 0.104    0.051 0.110 0.037   -125406    0 

--------------------------------------------
Proportion of membership of each pre-defined
 population in each of the 3 clusters

Given    Inferred Clusters       Number of
 Pop       1      2      3      Individuals

  1:     0.337  0.326  0.337      358
  2:     0.333  0.333  0.334      1039
  3:     0.329  0.340  0.330      603
--------------------------------------------

  Rep#:   Lambda   Alpha      F1    F2    F3     D1,2  D1,3  D2,3    Ln Like  Est Ln P(D)
241000:    1.00    9.644    0.102 0.000 0.103    0.048 0.108 0.045   -125412    0 
241100:    1.00    9.564    0.097 0.000 0.125    0.041 0.094 0.041   -125455    0 
241200:    1.00    9.005    0.091 0.000 0.140    0.036 0.094 0.041   -125398    0 
241300:    1.00    9.182    0.113 0.000 0.110    0.041 0.108 0.041   -125388    0 
241400:    1.00    9.085    0.094 0.000 0.107    0.042 0.089 0.042   -125408    0 
241500:    1.00    9.134    0.134 0.000 0.141    0.036 0.082 0.043   -125388    0 
241600:    1.00    9.051    0.118 0.000 0.115    0.048 0.081 0.038   -125404    0 
241700:    1.00    9.264    0.127 0.000 0.099    0.043 0.085 0.038   -125409    0 
241800:    1.00    8.863    0.134 0.000 0.085    0.041 0.080 0.032   -125427    0 
241900:    1.00    9.060    0.134 0.000 0.076    0.046 0.099 0.035   -125375    0 

--------------------------------------------
Proportion of membership of each pre-defined
 population in each of the 3 clusters

Given    Inferred Clusters       Number of
 Pop       1      2      3      Individuals

  1:     0.330  0.338  0.332      358
  2:     0.333  0.333  0.334      1039
  3:     0.334  0.336  0.330      603
--------------------------------------------

  Rep#:   Lambda   Alpha      F1    F2    F3     D1,2  D1,3  D2,3    Ln Like  Est Ln P(D)
242000:    1.00    9.172    0.143 0.000 0.111    0.055 0.108 0.036   -125396    0 
242100:    1.00    8.904    0.104 0.000 0.118    0.046 0.100 0.041   -125392    0 
242200:    1.00    9.104    0.135 0.000 0.089    0.045 0.085 0.030   -125366    0 
242300:    1.00    8.715    0.098 0.000 0.097    0.038 0.076 0.034   -125456    0 
242400:    1.00    8.466    0.098 0.000 0.118    0.043 0.095 0.041   -125375    0 
242500:    1.00    8.523    0.129 0.000 0.109    0.043 0.087 0.031   -125390    0 
242600:    1.00    8.812    0.128 0.000 0.090    0.048 0.089 0.034   -125372    0 
242700:    1.00    8.982    0.115 0.000 0.101    0.037 0.087 0.041   -125421    0 
242800:    1.00    9.071    0.118 0.000 0.097    0.037 0.083 0.039   -125404    0 
242900:    1.00    9.062    0.091 0.000 0.123    0.035 0.082 0.041   -125363    0 

--------------------------------------------
Proportion of membership of each pre-defined
 population in each of the 3 clusters

Given    Inferred Clusters       Number of
 Pop       1      2      3      Individuals

  1:     0.334  0.331  0.335      358
  2:     0.337  0.331  0.332      1039
  3:     0.338  0.333  0.329      603
--------------------------------------------

  Rep#:   Lambda   Alpha      F1    F2    F3     D1,2  D1,3  D2,3    Ln Like  Est Ln P(D)
243000:    1.00    8.950    0.090 0.000 0.129    0.049 0.111 0.045   -125377    0 
243100:    1.00    8.720    0.111 0.000 0.119    0.055 0.118 0.041   -125383    0 
243200:    1.00    8.803    0.113 0.000 0.154    0.052 0.130 0.046   -125303    0 
243300:    1.00    8.519    0.122 0.000 0.157    0.044 0.118 0.052   -125366    0 
243400:    1.00    8.426    0.112 0.000 0.160    0.046 0.120 0.054   -125306    0 
243500:    1.00    8.527    0.122 0.000 0.124    0.047 0.110 0.047   -125320    0 
243600:    1.00    8.563    0.117 0.000 0.114    0.055 0.117 0.054   -125297    0 
243700:    1.00    8.056    0.113 0.000 0.162    0.039 0.118 0.063   -125329    0 
243800:    1.00    7.874    0.112 0.000 0.177    0.038 0.127 0.069   -125266    0 
243900:    1.00    8.006    0.110 0.000 0.156    0.039 0.120 0.062   -125322    0 

--------------------------------------------
Proportion of membership of each pre-defined
 population in each of the 3 clusters

Given    Inferred Clusters       Number of
 Pop       1      2      3      Individuals

  1:     0.331  0.336  0.334      358
  2:     0.331  0.331  0.338      1039
  3:     0.331  0.334  0.335      603
--------------------------------------------

  Rep#:   Lambda   Alpha      F1    F2    F3     D1,2  D1,3  D2,3    Ln Like  Est Ln P(D)
244000:    1.00    8.421    0.094 0.000 0.129    0.039 0.122 0.066   -125295    0 
244100:    1.00    8.488    0.124 0.000 0.135    0.051 0.121 0.063   -125345    0 
244200:    1.00    8.696    0.149 0.000 0.128    0.060 0.129 0.067   -125285    0 
244300:    1.00    8.673    0.151 0.000 0.117    0.064 0.126 0.060   -125272    0 
244400:    1.00    8.951    0.142 0.000 0.162    0.059 0.116 0.055   -125298    0 
244500:    1.00    9.158    0.133 0.000 0.158    0.055 0.132 0.065   -125297    0 
244600:    1.00    9.218    0.153 0.000 0.145    0.054 0.132 0.073   -125338    0 
244700:    1.00    8.975    0.107 0.000 0.179    0.046 0.134 0.070   -125347    0 
244800:    1.00    8.959    0.123 0.000 0.149    0.055 0.110 0.054   -125303    0 
244900:    1.00    8.987    0.109 0.000 0.176    0.046 0.099 0.052   -125352    0 

--------------------------------------------
Proportion of membership of each pre-defined
 population in each of the 3 clusters

Given    Inferred Clusters       Number of
 Pop       1      2      3      Individuals

  1:     0.343  0.320  0.337      358
  2:     0.339  0.332  0.329      1039
  3:     0.334  0.330  0.336      603
--------------------------------------------

  Rep#:   Lambda   Alpha      F1    F2    F3     D1,2  D1,3  D2,3    Ln Like  Est Ln P(D)
245000:    1.00    8.737    0.107 0.000 0.170    0.039 0.107 0.065   -125349    0 
245100:    1.00    8.482    0.104 0.000 0.122    0.040 0.097 0.054   -125366    0 
245200:    1.00    8.685    0.111 0.000 0.135    0.041 0.090 0.056   -125355    0 
245300:    1.00    8.553    0.121 0.000 0.121    0.048 0.097 0.057   -125332    0 
245400:    1.00    8.594    0.103 0.000 0.117    0.040 0.091 0.047   -125353    0 
245500:    1.00    9.139    0.098 0.000 0.125    0.046 0.103 0.052   -125315    0 
245600:    1.00    9.352    0.102 0.000 0.180    0.044 0.104 0.053   -125378    0 
245700:    1.00    9.757    0.115 0.000 0.172    0.045 0.118 0.059   -125379    0 
245800:    1.00    9.798    0.150 0.000 0.143    0.062 0.158 0.067   -125344    0 
245900:    1.00    9.963    0.150 0.000 0.165    0.059 0.135 0.061   -125357    0 

--------------------------------------------
Proportion of membership of each pre-defined
 population in each of the 3 clusters

Given    Inferred Clusters       Number of
 Pop       1      2      3      Individuals

  1:     0.334  0.325  0.341      358
  2:     0.332  0.334  0.334      1039
  3:     0.328  0.338  0.334      603
--------------------------------------------

  Rep#:   Lambda   Alpha      F1    F2    F3     D1,2  D1,3  D2,3    Ln Like  Est Ln P(D)
246000:    1.00    9.783    0.120 0.000 0.122    0.047 0.129 0.062   -125304    0 
246100:    1.00    9.874    0.142 0.000 0.132    0.054 0.138 0.061   -125370    0 
246200:    1.00    9.938    0.140 0.000 0.133    0.048 0.118 0.060   -125371    0 
246300:    1.00    9.722    0.119 0.000 0.154    0.052 0.117 0.047   -125322    0 
246400:    1.00    9.844    0.115 0.000 0.133    0.040 0.091 0.047   -125433    0 
246500:    1.00    9.767    0.155 0.000 0.123    0.038 0.101 0.053   -125411    0 
246600:    1.00    9.794    0.123 0.000 0.151    0.032 0.094 0.064   -125413    0 
246700:    1.00    9.484    0.084 0.000 0.150    0.032 0.102 0.062   -125387    0 
246800:    1.00    9.619    0.095 0.000 0.167    0.034 0.103 0.066   -125373    0 
246900:    1.00    9.226    0.107 0.000 0.122    0.033 0.071 0.045   -125399    0 

--------------------------------------------
Proportion of membership of each pre-defined
 population in each of the 3 clusters

Given    Inferred Clusters       Number of
 Pop       1      2      3      Individuals

  1:     0.337  0.329  0.333      358
  2:     0.334  0.332  0.334      1039
  3:     0.335  0.335  0.331      603
--------------------------------------------

  Rep#:   Lambda   Alpha      F1    F2    F3     D1,2  D1,3  D2,3    Ln Like  Est Ln P(D)
247000:    1.00    9.317    0.136 0.000 0.111    0.047 0.108 0.046   -125372    0 
247100:    1.00    9.354    0.130 0.000 0.114    0.047 0.094 0.043   -125369    0 
247200:    1.00    9.335    0.138 0.000 0.105    0.040 0.086 0.042   -125382    0 
247300:    1.00    8.742    0.102 0.000 0.106    0.045 0.091 0.038   -125389    0 
247400:    1.00    9.081    0.096 0.000 0.106    0.042 0.080 0.040   -125409    0 
247500:    1.00    9.213    0.088 0.000 0.077    0.042 0.082 0.037   -125433    0 
247600:    1.00    9.538    0.095 0.000 0.080    0.042 0.086 0.039   -125524    0 
247700:    1.00    9.205    0.102 0.000 0.103    0.049 0.088 0.034   -125416    0 
247800:    1.00    9.252    0.096 0.000 0.087    0.042 0.090 0.038   -125484    0 
247900:    1.00    9.518    0.098 0.000 0.081    0.036 0.087 0.038   -125515    0 

--------------------------------------------
Proportion of membership of each pre-defined
 population in each of the 3 clusters

Given    Inferred Clusters       Number of
 Pop       1      2      3      Individuals

  1:     0.330  0.326  0.345      358
  2:     0.335  0.334  0.331      1039
  3:     0.335  0.339  0.326      603
--------------------------------------------

  Rep#:   Lambda   Alpha      F1    F2    F3     D1,2  D1,3  D2,3    Ln Like  Est Ln P(D)
248000:    1.00    9.231    0.093 0.000 0.083    0.032 0.079 0.037   -125460    0 
248100:    1.00    9.126    0.082 0.000 0.086    0.034 0.062 0.031   -125464    0 
248200:    1.00    9.377    0.106 0.000 0.076    0.040 0.078 0.030   -125450    0 
248300:    1.00    9.267    0.099 0.000 0.094    0.043 0.085 0.031   -125375    0 
248400:    1.00    9.053    0.112 0.000 0.105    0.042 0.075 0.031   -125480    0 
248500:    1.00    9.001    0.103 0.000 0.086    0.042 0.081 0.039   -125452    0 
248600:    1.00    9.155    0.124 0.000 0.071    0.038 0.071 0.028   -125422    0 
248700:    1.00    9.136    0.108 0.000 0.093    0.051 0.110 0.042   -125411    0 
248800:    1.00    9.101    0.115 0.000 0.076    0.049 0.089 0.037   -125396    0 
248900:    1.00    9.494    0.123 0.000 0.094    0.051 0.094 0.041   -125416    0 

--------------------------------------------
Proportion of membership of each pre-defined
 population in each of the 3 clusters

Given    Inferred Clusters       Number of
 Pop       1      2      3      Individuals

  1:     0.332  0.334  0.333      358
  2:     0.337  0.332  0.330      1039
  3:     0.336  0.330  0.333      603
--------------------------------------------

  Rep#:   Lambda   Alpha      F1    F2    F3     D1,2  D1,3  D2,3    Ln Like  Est Ln P(D)
249000:    1.00    9.623    0.133 0.000 0.072    0.041 0.072 0.035   -125495    0 
249100:    1.00    9.562    0.122 0.000 0.062    0.049 0.074 0.028   -125470    0 
249200:    1.00    9.715    0.158 0.000 0.072    0.049 0.082 0.029   -125437    0 
249300:    1.00    9.797    0.121 0.000 0.087    0.041 0.087 0.039   -125424    0 
249400:    1.00    9.775    0.091 0.000 0.116    0.040 0.102 0.046   -125405    0 
249500:    1.00    9.485    0.131 0.000 0.087    0.049 0.074 0.035   -125468    0 
249600:    1.00    9.775    0.105 0.000 0.100    0.049 0.081 0.036   -125448    0 
249700:    1.00    9.726    0.092 0.000 0.129    0.033 0.084 0.043   -125462    0 
249800:    1.00    9.467    0.100 0.000 0.097    0.031 0.077 0.039   -125528    0 
249900:    1.00    9.559    0.098 0.000 0.081    0.029 0.084 0.040   -125448    0 

--------------------------------------------
Proportion of membership of each pre-defined
 population in each of the 3 clusters

Given    Inferred Clusters       Number of
 Pop       1      2      3      Individuals

  1:     0.330  0.332  0.337      358
  2:     0.336  0.330  0.334      1039
  3:     0.328  0.340  0.332      603
--------------------------------------------

  Rep#:   Lambda   Alpha      F1    F2    F3     D1,2  D1,3  D2,3    Ln Like  Est Ln P(D)
250000:    1.00    9.944    0.102 0.000 0.072    0.030 0.073 0.028   -125460    0 
250100:    1.00    9.740    0.093 0.000 0.074    0.035 0.089 0.033   -125358    0 
250200:    1.00    9.978    0.123 0.000 0.102    0.042 0.094 0.035   -125456    0 
250300:    1.00    9.982    0.087 0.000 0.087    0.041 0.080 0.027   -125476    0 
250400:    1.00    9.878    0.095 0.000 0.101    0.035 0.071 0.033   -125464    0 
250500:    1.00    9.722    0.078 0.000 0.097    0.036 0.085 0.032   -125420    0 
250600:    1.00    9.514    0.099 0.000 0.071    0.029 0.065 0.035   -125438    0 
250700:    1.00    9.508    0.079 0.000 0.093    0.030 0.073 0.039   -125484    0 
250800:    1.00    9.585    0.094 0.000 0.125    0.037 0.078 0.042   -125446    0 
250900:    1.00    9.503    0.102 0.000 0.114    0.032 0.084 0.046   -125456    0 

--------------------------------------------
Proportion of membership of each pre-defined
 population in each of the 3 clusters

Given    Inferred Clusters       Number of
 Pop       1      2      3      Individuals

  1:     0.331  0.330  0.339      358
  2:     0.337  0.331  0.332      1039
  3:     0.333  0.334  0.333      603
--------------------------------------------

  Rep#:   Lambda   Alpha      F1    F2    F3     D1,2  D1,3  D2,3    Ln Like  Est Ln P(D)
251000:    1.00    9.508    0.103 0.000 0.111    0.040 0.091 0.039   -125451    0 
251100:    1.00    9.611    0.077 0.000 0.096    0.033 0.089 0.049   -125425    0 
251200:    1.00    9.972    0.084 0.000 0.127    0.037 0.088 0.046   -125435    0 
251300:    1.00    9.955    0.087 0.000 0.155    0.032 0.105 0.059   -125426    0 
251400:    1.00    9.688    0.093 0.000 0.159    0.038 0.100 0.057   -125430    0 
251500:    1.00    9.210    0.107 0.000 0.090    0.034 0.084 0.044   -125386    0 
251600:    1.00    9.462    0.116 0.000 0.124    0.037 0.120 0.057   -125394    0 
251700:    1.00    9.555    0.100 0.000 0.129    0.038 0.102 0.051   -125396    0 
251800:    1.00    9.993    0.110 0.000 0.127    0.037 0.100 0.058   -125400    0 
251900:    1.00    9.515    0.134 0.000 0.088    0.053 0.104 0.050   -125389    0 

--------------------------------------------
Proportion of membership of each pre-defined
 population in each of the 3 clusters

Given    Inferred Clusters       Number of
 Pop       1      2      3      Individuals

  1:     0.327  0.332  0.340      358
  2:     0.338  0.328  0.334      1039
  3:     0.333  0.334  0.333      603
--------------------------------------------

  Rep#:   Lambda   Alpha      F1    F2    F3     D1,2  D1,3  D2,3    Ln Like  Est Ln P(D)
252000:    1.00    9.571    0.144 0.000 0.152    0.052 0.120 0.054   -125391    0 
252100:    1.00    9.627    0.106 0.000 0.107    0.040 0.114 0.054   -125381    0 
252200:    1.00    9.570    0.088 0.000 0.107    0.034 0.081 0.045   -125415    0 
252300:    1.00    9.730    0.103 0.000 0.128    0.037 0.082 0.041   -125464    0 
252400:    1.00    9.782    0.111 0.000 0.130    0.036 0.087 0.047   -125445    0 
252500:    1.00    9.647    0.107 0.000 0.120    0.031 0.093 0.047   -125401    0 
252600:    1.00    9.687    0.070 0.000 0.141    0.031 0.088 0.051   -125452    0 
252700:    1.00    9.586    0.106 0.000 0.124    0.035 0.111 0.055   -125387    0 
252800:    1.00    9.952    0.104 0.000 0.126    0.042 0.116 0.053   -125345    0 
252900:    1.00    9.922    0.084 0.000 0.155    0.034 0.124 0.070   -125395    0 

--------------------------------------------
Proportion of membership of each pre-defined
 population in each of the 3 clusters

Given    Inferred Clusters       Number of
 Pop       1      2      3      Individuals

  1:     0.327  0.336  0.337      358
  2:     0.329  0.331  0.339      1039
  3:     0.330  0.335  0.335      603
--------------------------------------------

  Rep#:   Lambda   Alpha      F1    F2    F3     D1,2  D1,3  D2,3    Ln Like  Est Ln P(D)
253000:    1.00    9.925    0.079 0.000 0.155    0.032 0.098 0.072   -125408    0 
253100:    1.00    9.872    0.090 0.000 0.132    0.037 0.101 0.068   -125403    0 
253200:    1.00    9.800    0.118 0.000 0.140    0.044 0.093 0.048   -125378    0 
253300:    1.00    9.838    0.120 0.000 0.103    0.040 0.079 0.037   -125410    0 
253400:    1.00    9.703    0.113 0.000 0.120    0.044 0.097 0.045   -125365    0 
253500:    1.00    9.760    0.130 0.000 0.093    0.061 0.105 0.038   -125367    0 
253600:    1.00    9.529    0.158 0.000 0.113    0.053 0.097 0.040   -125406    0 
253700:    1.00    9.151    0.122 0.000 0.137    0.058 0.116 0.048   -125340    0 
253800:    1.00    9.035    0.184 0.000 0.142    0.067 0.131 0.045   -125296    0 
253900:    1.00    9.230    0.164 0.000 0.107    0.068 0.111 0.043   -125337    0 

--------------------------------------------
Proportion of membership of each pre-defined
 population in each of the 3 clusters

Given    Inferred Clusters       Number of
 Pop       1      2      3      Individuals

  1:     0.338  0.329  0.333      358
  2:     0.334  0.332  0.334      1039
  3:     0.333  0.333  0.334      603
--------------------------------------------

  Rep#:   Lambda   Alpha      F1    F2    F3     D1,2  D1,3  D2,3    Ln Like  Est Ln P(D)
254000:    1.00    9.070    0.237 0.000 0.117    0.074 0.155 0.056   -125291    0 
254100:    1.00    9.079    0.165 0.000 0.098    0.067 0.139 0.046   -125329    0 
254200:    1.00    9.111    0.187 0.000 0.101    0.071 0.134 0.045   -125289    0 
254300:    1.00    9.658    0.220 0.000 0.108    0.076 0.145 0.051   -125324    0 
254400:    1.00    9.838    0.212 0.000 0.117    0.077 0.144 0.056   -125313    0 
254500:    1.00    9.661    0.182 0.000 0.143    0.082 0.151 0.062   -125248    0 
254600:    1.00    9.842    0.178 0.000 0.135    0.062 0.126 0.057   -125329    0 
254700:    1.00    9.999    0.144 0.000 0.113    0.058 0.149 0.069   -125330    0 
254800:    1.00    9.671    0.170 0.000 0.168    0.054 0.125 0.057   -125372    0 
254900:    1.00    9.677    0.132 0.000 0.131    0.062 0.128 0.050   -125310    0 

--------------------------------------------
Proportion of membership of each pre-defined
 population in each of the 3 clusters

Given    Inferred Clusters       Number of
 Pop       1      2      3      Individuals

  1:     0.333  0.329  0.337      358
  2:     0.334  0.331  0.336      1039
  3:     0.340  0.334  0.326      603
--------------------------------------------

  Rep#:   Lambda   Alpha      F1    F2    F3     D1,2  D1,3  D2,3    Ln Like  Est Ln P(D)
255000:    1.00    9.700    0.132 0.000 0.120    0.047 0.081 0.038   -125390    0 
255100:    1.00    9.479    0.153 0.000 0.126    0.057 0.120 0.050   -125328    0 
255200:    1.00    9.391    0.169 0.000 0.094    0.063 0.135 0.043   -125328    0 
255300:    1.00    9.403    0.154 0.000 0.102    0.056 0.116 0.041   -125338    0 
255400:    1.00    9.512    0.175 0.000 0.091    0.065 0.107 0.031   -125321    0 
255500:    1.00    8.872    0.121 0.000 0.097    0.059 0.112 0.031   -125387    0 
255600:    1.00    9.292    0.144 0.000 0.092    0.060 0.123 0.037   -125362    0 
255700:    1.00    9.821    0.109 0.000 0.121    0.048 0.115 0.047   -125364    0 
255800:    1.00    9.835    0.151 0.000 0.113    0.045 0.100 0.051   -125345    0 
255900:    1.00    9.782    0.155 0.000 0.125    0.053 0.119 0.054   -125342    0 

--------------------------------------------
Proportion of membership of each pre-defined
 population in each of the 3 clusters

Given    Inferred Clusters       Number of
 Pop       1      2      3      Individuals

  1:     0.335  0.336  0.328      358
  2:     0.327  0.335  0.338      1039
  3:     0.334  0.334  0.333      603
--------------------------------------------

  Rep#:   Lambda   Alpha      F1    F2    F3     D1,2  D1,3  D2,3    Ln Like  Est Ln P(D)
256000:    1.00    9.781    0.131 0.000 0.104    0.061 0.128 0.050   -125337    0 
256100:    1.00    9.952    0.133 0.000 0.139    0.054 0.121 0.052   -125358    0 
256200:    1.00    9.874    0.146 0.000 0.120    0.053 0.116 0.057   -125335    0 
256300:    1.00    9.797    0.147 0.000 0.154    0.065 0.126 0.066   -125254    0 
256400:    1.00    9.617    0.107 0.000 0.137    0.057 0.148 0.079   -125236    0 
256500:    1.00    9.865    0.151 0.000 0.172    0.062 0.172 0.079   -125311    0 
256600:    1.00    9.991    0.134 0.000 0.177    0.057 0.141 0.071   -125292    0 
256700:    1.00    9.857    0.124 0.000 0.193    0.061 0.169 0.080   -125270    0 
256800:    1.00    9.958    0.180 0.000 0.139    0.063 0.145 0.060   -125353    0 
256900:    1.00    9.961    0.135 0.000 0.146    0.055 0.142 0.069   -125283    0 

--------------------------------------------
Proportion of membership of each pre-defined
 population in each of the 3 clusters

Given    Inferred Clusters       Number of
 Pop       1      2      3      Individuals

  1:     0.336  0.333  0.331      358
  2:     0.333  0.332  0.335      1039
  3:     0.335  0.336  0.329      603
--------------------------------------------

  Rep#:   Lambda   Alpha      F1    F2    F3     D1,2  D1,3  D2,3    Ln Like  Est Ln P(D)
257000:    1.00    9.959    0.115 0.000 0.138    0.051 0.134 0.067   -125311    0 
257100:    1.00    9.542    0.113 0.000 0.145    0.047 0.145 0.087   -125253    0 
257200:    1.00    9.415    0.134 0.000 0.159    0.050 0.139 0.080   -125256    0 
257300:    1.00    9.401    0.093 0.000 0.191    0.041 0.121 0.067   -125328    0 
257400:    1.00    9.130    0.110 0.000 0.152    0.039 0.116 0.068   -125303    0 
257500:    1.00    8.848    0.116 0.000 0.169    0.045 0.130 0.065   -125284    0 
257600:    1.00    8.669    0.125 0.000 0.177    0.051 0.136 0.066   -125324    0 
257700:    1.00    8.383    0.159 0.000 0.208    0.052 0.142 0.073   -125294    0 
257800:    1.00    8.493    0.150 0.000 0.153    0.052 0.126 0.062   -125240    0 
257900:    1.00    8.672    0.118 0.000 0.128    0.045 0.128 0.069   -125317    0 

--------------------------------------------
Proportion of membership of each pre-defined
 population in each of the 3 clusters

Given    Inferred Clusters       Number of
 Pop       1      2      3      Individuals

  1:     0.338  0.328  0.335      358
  2:     0.328  0.333  0.339      1039
  3:     0.333  0.335  0.331      603
--------------------------------------------

  Rep#:   Lambda   Alpha      F1    F2    F3     D1,2  D1,3  D2,3    Ln Like  Est Ln P(D)
258000:    1.00    8.198    0.133 0.000 0.153    0.045 0.121 0.065   -125333    0 
258100:    1.00    8.078    0.152 0.000 0.157    0.049 0.127 0.061   -125217    0 
258200:    1.00    8.225    0.136 0.000 0.153    0.050 0.134 0.058   -125237    0 
258300:    1.00    8.020    0.161 0.000 0.158    0.059 0.133 0.051   -125280    0 
258400:    1.00    7.771    0.160 0.000 0.120    0.053 0.113 0.055   -125245    0 
258500:    1.00    7.740    0.147 0.000 0.124    0.060 0.114 0.052   -125233    0 
258600:    1.00    7.716    0.188 0.000 0.134    0.061 0.125 0.051   -125230    0 
258700:    1.00    7.566    0.185 0.000 0.121    0.066 0.119 0.047   -125241    0 
258800:    1.00    7.791    0.156 0.000 0.153    0.060 0.111 0.044   -125228    0 
258900:    1.00    7.474    0.159 0.000 0.103    0.053 0.107 0.041   -125223    0 

--------------------------------------------
Proportion of membership of each pre-defined
 population in each of the 3 clusters

Given    Inferred Clusters       Number of
 Pop       1      2      3      Individuals

  1:     0.327  0.335  0.338      358
  2:     0.332  0.332  0.336      1039
  3:     0.336  0.343  0.321      603
--------------------------------------------

  Rep#:   Lambda   Alpha      F1    F2    F3     D1,2  D1,3  D2,3    Ln Like  Est Ln P(D)
259000:    1.00    7.746    0.176 0.000 0.112    0.052 0.102 0.036   -125281    0 
259100:    1.00    7.978    0.138 0.000 0.142    0.051 0.126 0.049   -125365    0 
259200:    1.00    8.350    0.161 0.000 0.154    0.049 0.115 0.051   -125292    0 
259300:    1.00    8.804    0.130 0.000 0.135    0.059 0.116 0.048   -125249    0 
259400:    1.00    8.965    0.150 0.000 0.155    0.062 0.117 0.048   -125374    0 
259500:    1.00    8.858    0.137 0.000 0.130    0.057 0.122 0.049   -125334    0 
259600:    1.00    9.072    0.142 0.000 0.124    0.060 0.140 0.048   -125346    0 
259700:    1.00    8.973    0.142 0.000 0.122    0.061 0.139 0.047   -125346    0 
259800:    1.00    9.142    0.122 0.000 0.120    0.050 0.107 0.036   -125361    0 
259900:    1.00    9.446    0.129 0.000 0.118    0.040 0.088 0.040   -125384    0 

--------------------------------------------
Proportion of membership of each pre-defined
 population in each of the 3 clusters

Given    Inferred Clusters       Number of
 Pop       1      2      3      Individuals

  1:     0.329  0.336  0.335      358
  2:     0.334  0.335  0.331      1039
  3:     0.332  0.334  0.334      603
--------------------------------------------

  Rep#:   Lambda   Alpha      F1    F2    F3     D1,2  D1,3  D2,3    Ln Like  Est Ln P(D)
260000:    1.00    9.158    0.130 0.000 0.095    0.041 0.087 0.038   -125452    0 
260100:    1.00    9.396    0.144 0.000 0.132    0.048 0.108 0.037   -125406    0 
260200:    1.00    9.341    0.123 0.000 0.086    0.053 0.108 0.038   -125404    0 
260300:    1.00    9.327    0.117 0.000 0.140    0.052 0.113 0.042   -125386    0 
260400:    1.00    9.515    0.140 0.000 0.133    0.048 0.097 0.032   -125412    0 
260500:    1.00    9.231    0.132 0.000 0.091    0.056 0.099 0.035   -125394    0 
260600:    1.00    9.408    0.158 0.000 0.086    0.057 0.101 0.039   -125393    0 
260700:    1.00    9.508    0.151 0.000 0.111    0.058 0.100 0.036   -125387    0 
260800:    1.00    9.209    0.189 0.000 0.088    0.063 0.097 0.034   -125392    0 
260900:    1.00    9.273    0.148 0.000 0.083    0.053 0.103 0.036   -125390    0 

--------------------------------------------
Proportion of membership of each pre-defined
 population in each of the 3 clusters

Given    Inferred Clusters       Number of
 Pop       1      2      3      Individuals

  1:     0.339  0.326  0.335      358
  2:     0.332  0.327  0.341      1039
  3:     0.326  0.334  0.341      603
--------------------------------------------

  Rep#:   Lambda   Alpha      F1    F2    F3     D1,2  D1,3  D2,3    Ln Like  Est Ln P(D)
261000:    1.00    9.068    0.134 0.000 0.098    0.045 0.096 0.038   -125399    0 
261100:    1.00    9.293    0.161 0.000 0.091    0.048 0.090 0.033   -125420    0 
261200:    1.00    9.584    0.133 0.000 0.082    0.053 0.102 0.038   -125391    0 
261300:    1.00    9.872    0.143 0.000 0.098    0.063 0.115 0.038   -125404    0 
261400:    1.00    9.822    0.121 0.000 0.066    0.050 0.092 0.035   -125432    0 
261500:    1.00    9.693    0.139 0.000 0.088    0.053 0.105 0.037   -125408    0 
261600:    1.00    9.764    0.121 0.000 0.096    0.049 0.113 0.044   -125394    0 
261700:    1.00    9.517    0.102 0.000 0.094    0.039 0.087 0.037   -125377    0 
261800:    1.00    9.391    0.093 0.000 0.105    0.035 0.070 0.034   -125461    0 
261900:    1.00    9.335    0.106 0.000 0.091    0.038 0.087 0.035   -125446    0 

--------------------------------------------
Proportion of membership of each pre-defined
 population in each of the 3 clusters

Given    Inferred Clusters       Number of
 Pop       1      2      3      Individuals

  1:     0.325  0.339  0.336      358
  2:     0.331  0.332  0.336      1039
  3:     0.336  0.333  0.332      603
--------------------------------------------

  Rep#:   Lambda   Alpha      F1    F2    F3     D1,2  D1,3  D2,3    Ln Like  Est Ln P(D)
262000:    1.00    9.209    0.112 0.000 0.120    0.038 0.086 0.032   -125448    0 
262100:    1.00    9.667    0.087 0.000 0.096    0.033 0.070 0.031   -125513    0 
262200:    1.00    9.646    0.086 0.000 0.091    0.038 0.074 0.032   -125466    0 
262300:    1.00    9.253    0.082 0.000 0.100    0.033 0.073 0.036   -125445    0 
262400:    1.00    9.423    0.137 0.000 0.102    0.036 0.073 0.037   -125449    0 
262500:    1.00    9.509    0.070 0.000 0.064    0.041 0.082 0.030   -125520    0 
262600:    1.00    9.640    0.121 0.000 0.084    0.045 0.092 0.031   -125419    0 
262700:    1.00    9.900    0.084 0.000 0.083    0.038 0.079 0.034   -125461    0 
262800:    1.00    9.838    0.108 0.000 0.070    0.046 0.078 0.027   -125449    0 
262900:    1.00    9.668    0.113 0.000 0.108    0.042 0.090 0.033   -125480    0 

--------------------------------------------
Proportion of membership of each pre-defined
 population in each of the 3 clusters

Given    Inferred Clusters       Number of
 Pop       1      2      3      Individuals

  1:     0.331  0.333  0.336      358
  2:     0.333  0.334  0.333      1039
  3:     0.332  0.334  0.334      603
--------------------------------------------

  Rep#:   Lambda   Alpha      F1    F2    F3     D1,2  D1,3  D2,3    Ln Like  Est Ln P(D)
263000:    1.00    9.811    0.094 0.000 0.090    0.043 0.076 0.030   -125450    0 
263100:    1.00    9.622    0.085 0.000 0.080    0.037 0.072 0.030   -125463    0 
263200:    1.00    9.693    0.096 0.000 0.093    0.037 0.073 0.030   -125465    0 
263300:    1.00    9.797    0.099 0.000 0.086    0.036 0.076 0.032   -125498    0 
263400:    1.00    9.748    0.104 0.000 0.076    0.039 0.065 0.023   -125517    0 
263500:    1.00    9.790    0.130 0.000 0.065    0.045 0.074 0.027   -125451    0 
263600:    1.00    9.804    0.101 0.000 0.068    0.044 0.068 0.022   -125487    0 
263700:    1.00    9.822    0.114 0.000 0.048    0.051 0.069 0.017   -125466    0 
263800:    1.00    9.927    0.128 0.000 0.073    0.049 0.078 0.028   -125467    0 
263900:    1.00    9.972    0.136 0.000 0.076    0.052 0.085 0.028   -125468    0 

--------------------------------------------
Proportion of membership of each pre-defined
 population in each of the 3 clusters

Given    Inferred Clusters       Number of
 Pop       1      2      3      Individuals

  1:     0.328  0.330  0.342      358
  2:     0.336  0.330  0.333      1039
  3:     0.338  0.331  0.331      603
--------------------------------------------

  Rep#:   Lambda   Alpha      F1    F2    F3     D1,2  D1,3  D2,3    Ln Like  Est Ln P(D)
264000:    1.00    9.811    0.144 0.000 0.080    0.058 0.108 0.033   -125331    0 
264100:    1.00    9.954    0.103 0.000 0.074    0.048 0.093 0.035   -125457    0 
264200:    1.00    9.935    0.097 0.000 0.114    0.040 0.090 0.040   -125407    0 
264300:    1.00    9.749    0.120 0.000 0.088    0.037 0.084 0.038   -125458    0 
264400:    1.00    9.992    0.104 0.000 0.077    0.036 0.069 0.033   -125470    0 
264500:    1.00    9.934    0.107 0.000 0.092    0.040 0.074 0.035   -125414    0 
264600:    1.00    9.828    0.095 0.000 0.066    0.035 0.057 0.024   -125499    0 
264700:    1.00    9.811    0.109 0.000 0.093    0.046 0.088 0.033   -125453    0 
264800:    1.00    9.706    0.111 0.000 0.103    0.043 0.087 0.038   -125452    0 
264900:    1.00    9.731    0.098 0.000 0.089    0.041 0.082 0.038   -125412    0 

--------------------------------------------
Proportion of membership of each pre-defined
 population in each of the 3 clusters

Given    Inferred Clusters       Number of
 Pop       1      2      3      Individuals

  1:     0.333  0.332  0.335      358
  2:     0.337  0.332  0.332      1039
  3:     0.327  0.341  0.332      603
--------------------------------------------

  Rep#:   Lambda   Alpha      F1    F2    F3     D1,2  D1,3  D2,3    Ln Like  Est Ln P(D)
265000:    1.00    9.628    0.120 0.000 0.100    0.048 0.103 0.044   -125385    0 
265100:    1.00    9.581    0.128 0.000 0.092    0.042 0.096 0.043   -125380    0 
265200:    1.00    9.728    0.107 0.000 0.087    0.044 0.101 0.043   -125426    0 
265300:    1.00    9.786    0.119 0.000 0.118    0.040 0.088 0.036   -125387    0 
265400:    1.00    9.844    0.161 0.000 0.094    0.050 0.102 0.041   -125443    0 
265500:    1.00    9.781    0.141 0.000 0.123    0.052 0.111 0.041   -125367    0 
265600:    1.00    9.860    0.149 0.000 0.141    0.051 0.122 0.056   -125375    0 
265700:    1.00    9.634    0.166 0.000 0.098    0.050 0.108 0.052   -125337    0 
265800:    1.00    9.673    0.183 0.000 0.132    0.065 0.148 0.056   -125312    0 
265900:    1.00    9.803    0.189 0.000 0.109    0.072 0.158 0.052   -125308    0 

--------------------------------------------
Proportion of membership of each pre-defined
 population in each of the 3 clusters

Given    Inferred Clusters       Number of
 Pop       1      2      3      Individuals

  1:     0.325  0.338  0.337      358
  2:     0.338  0.329  0.333      1039
  3:     0.338  0.328  0.334      603
--------------------------------------------

  Rep#:   Lambda   Alpha      F1    F2    F3     D1,2  D1,3  D2,3    Ln Like  Est Ln P(D)
266000:    1.00    9.917    0.167 0.000 0.107    0.060 0.137 0.054   -125316    0 
266100:    1.00    9.948    0.208 0.000 0.128    0.067 0.142 0.048   -125286    0 
266200:    1.00    9.927    0.206 0.000 0.104    0.070 0.115 0.035   -125361    0 
266300:    1.00    9.783    0.213 0.000 0.117    0.073 0.130 0.040   -125262    0 
266400:    1.00    9.659    0.156 0.000 0.112    0.073 0.132 0.044   -125313    0 
266500:    1.00    9.920    0.177 0.000 0.101    0.070 0.121 0.043   -125257    0 
266600:    1.00    9.798    0.154 0.000 0.102    0.069 0.119 0.045   -125375    0 
266700:    1.00    9.973    0.166 0.000 0.104    0.066 0.120 0.041   -125379    0 
266800:    1.00    9.772    0.119 0.000 0.100    0.053 0.097 0.035   -125339    0 
266900:    1.00    9.976    0.125 0.000 0.101    0.056 0.110 0.045   -125410    0 

--------------------------------------------
Proportion of membership of each pre-defined
 population in each of the 3 clusters

Given    Inferred Clusters       Number of
 Pop       1      2      3      Individuals

  1:     0.339  0.331  0.330      358
  2:     0.332  0.333  0.335      1039
  3:     0.336  0.328  0.336      603
--------------------------------------------

  Rep#:   Lambda   Alpha      F1    F2    F3     D1,2  D1,3  D2,3    Ln Like  Est Ln P(D)
267000:    1.00    9.891    0.149 0.000 0.114    0.049 0.097 0.041   -125365    0 
267100:    1.00    9.779    0.142 0.000 0.093    0.048 0.097 0.043   -125349    0 
267200:    1.00    9.816    0.116 0.000 0.113    0.054 0.092 0.035   -125356    0 
267300:    1.00    9.834    0.112 0.000 0.082    0.055 0.102 0.038   -125404    0 
267400:    1.00    9.939    0.139 0.000 0.122    0.048 0.094 0.049   -125413    0 
267500:    1.00    9.727    0.176 0.000 0.097    0.066 0.104 0.036   -125356    0 
267600:    1.00    9.594    0.145 0.000 0.093    0.062 0.118 0.042   -125264    0 
267700:    1.00    9.972    0.141 0.000 0.095    0.065 0.107 0.043   -125336    0 
267800:    1.00    9.628    0.145 0.000 0.096    0.054 0.096 0.042   -125416    0 
267900:    1.00    9.939    0.143 0.000 0.125    0.054 0.106 0.045   -125341    0 

--------------------------------------------
Proportion of membership of each pre-defined
 population in each of the 3 clusters

Given    Inferred Clusters       Number of
 Pop       1      2      3      Individuals

  1:     0.325  0.334  0.341      358
  2:     0.333  0.338  0.329      1039
  3:     0.337  0.327  0.336      603
--------------------------------------------

  Rep#:   Lambda   Alpha      F1    F2    F3     D1,2  D1,3  D2,3    Ln Like  Est Ln P(D)
268000:    1.00    9.695    0.172 0.000 0.110    0.048 0.095 0.040   -125368    0 
268100:    1.00    9.672    0.126 0.000 0.121    0.050 0.109 0.046   -125393    0 
268200:    1.00    9.814    0.147 0.000 0.144    0.062 0.123 0.056   -125311    0 
268300:    1.00    9.963    0.133 0.000 0.152    0.072 0.128 0.069   -125301    0 
268400:    1.00    9.952    0.136 0.000 0.168    0.070 0.147 0.067   -125272    0 
268500:    1.00    9.920    0.150 0.000 0.145    0.058 0.129 0.061   -125337    0 
268600:    1.00    9.839    0.161 0.000 0.124    0.058 0.113 0.062   -125326    0 
268700:    1.00    9.821    0.160 0.000 0.114    0.057 0.109 0.055   -125353    0 
268800:    1.00    9.738    0.155 0.000 0.143    0.063 0.103 0.057   -125405    0 
268900:    1.00    9.680    0.166 0.000 0.133    0.057 0.107 0.056   -125343    0 

--------------------------------------------
Proportion of membership of each pre-defined
 population in each of the 3 clusters

Given    Inferred Clusters       Number of
 Pop       1      2      3      Individuals

  1:     0.328  0.332  0.341      358
  2:     0.336  0.333  0.330      1039
  3:     0.337  0.334  0.329      603
--------------------------------------------

  Rep#:   Lambda   Alpha      F1    F2    F3     D1,2  D1,3  D2,3    Ln Like  Est Ln P(D)
269000:    1.00    9.314    0.175 0.000 0.126    0.060 0.143 0.074   -125301    0 
269100:    1.00    9.181    0.166 0.000 0.136    0.055 0.120 0.060   -125333    0 
269200:    1.00    8.907    0.167 0.000 0.121    0.062 0.116 0.046   -125298    0 
269300:    1.00    8.915    0.199 0.000 0.134    0.075 0.148 0.056   -125251    0 
269400:    1.00    9.012    0.139 0.000 0.108    0.067 0.131 0.051   -125315    0 
269500:    1.00    8.736    0.141 0.000 0.104    0.072 0.125 0.041   -125355    0 
269600:    1.00    8.506    0.183 0.000 0.094    0.067 0.092 0.037   -125344    0 
269700:    1.00    8.657    0.146 0.000 0.099    0.061 0.095 0.037   -125373    0 
269800:    1.00    8.734    0.180 0.000 0.088    0.073 0.119 0.039   -125267    0 
269900:    1.00    8.754    0.193 0.000 0.105    0.082 0.125 0.035   -125240    0 

--------------------------------------------
Proportion of membership of each pre-defined
 population in each of the 3 clusters

Given    Inferred Clusters       Number of
 Pop       1      2      3      Individuals

  1:     0.325  0.340  0.335      358
  2:     0.333  0.331  0.336      1039
  3:     0.334  0.333  0.333      603
--------------------------------------------

  Rep#:   Lambda   Alpha      F1    F2    F3     D1,2  D1,3  D2,3    Ln Like  Est Ln P(D)
270000:    1.00    8.432    0.211 0.000 0.097    0.078 0.115 0.036   -125281    0 
270100:    1.00    8.982    0.203 0.000 0.078    0.075 0.113 0.035   -125275    0 
270200:    1.00    9.019    0.151 0.000 0.083    0.070 0.117 0.032   -125337    0 
270300:    1.00    9.381    0.150 0.000 0.081    0.056 0.089 0.035   -125365    0 
270400:    1.00    9.301    0.144 0.000 0.129    0.051 0.087 0.042   -125364    0 
270500:    1.00    9.595    0.148 0.000 0.094    0.058 0.094 0.040   -125334    0 
270600:    1.00    9.798    0.139 0.000 0.124    0.070 0.124 0.044   -125271    0 
270700:    1.00    9.923    0.177 0.000 0.117    0.073 0.142 0.050   -125291    0 
270800:    1.00    9.599    0.197 0.000 0.124    0.081 0.141 0.042   -125274    0 
270900:    1.00    9.553    0.234 0.000 0.106    0.093 0.135 0.038   -125260    0 

--------------------------------------------
Proportion of membership of each pre-defined
 population in each of the 3 clusters

Given    Inferred Clusters       Number of
 Pop       1      2      3      Individuals

  1:     0.333  0.332  0.336      358
  2:     0.334  0.333  0.333      1039
  3:     0.334  0.336  0.330      603
--------------------------------------------

  Rep#:   Lambda   Alpha      F1    F2    F3     D1,2  D1,3  D2,3    Ln Like  Est Ln P(D)
271000:    1.00    9.753    0.156 0.000 0.181    0.074 0.130 0.051   -125263    0 
271100:    1.00    9.374    0.131 0.000 0.143    0.058 0.127 0.059   -125365    0 
271200:    1.00    9.515    0.162 0.000 0.134    0.061 0.136 0.056   -125321    0 
271300:    1.00    9.441    0.180 0.000 0.152    0.062 0.133 0.060   -125304    0 
271400:    1.00    9.829    0.155 0.000 0.153    0.055 0.125 0.058   -125341    0 
271500:    1.00    9.857    0.156 0.000 0.160    0.056 0.119 0.064   -125384    0 
271600:    1.00    9.721    0.106 0.000 0.207    0.049 0.124 0.067   -125303    0 
271700:    1.00    9.250    0.108 0.000 0.136    0.048 0.111 0.061   -125361    0 
271800:    1.00    9.528    0.142 0.000 0.159    0.056 0.126 0.063   -125351    0 
271900:    1.00    9.588    0.130 0.000 0.125    0.054 0.112 0.044   -125372    0 

--------------------------------------------
Proportion of membership of each pre-defined
 population in each of the 3 clusters

Given    Inferred Clusters       Number of
 Pop       1      2      3      Individuals

  1:     0.330  0.335  0.336      358
  2:     0.335  0.332  0.333      1039
  3:     0.334  0.333  0.333      603
--------------------------------------------

  Rep#:   Lambda   Alpha      F1    F2    F3     D1,2  D1,3  D2,3    Ln Like  Est Ln P(D)
272000:    1.00    9.775    0.140 0.000 0.135    0.070 0.124 0.045   -125346    0 
272100:    1.00    9.866    0.113 0.000 0.133    0.059 0.118 0.050   -125368    0 
272200:    1.00    9.650    0.133 0.000 0.112    0.057 0.125 0.056   -125356    0 
272300:    1.00    9.939    0.121 0.000 0.125    0.062 0.128 0.058   -125343    0 
272400:    1.00    9.773    0.143 0.000 0.120    0.071 0.141 0.059   -125325    0 
272500:    1.00    9.563    0.164 0.000 0.122    0.069 0.138 0.047   -125289    0 
272600:    1.00    9.414    0.148 0.000 0.098    0.065 0.117 0.037   -125327    0 
272700:    1.00    9.578    0.173 0.000 0.120    0.061 0.109 0.040   -125351    0 
272800:    1.00    9.456    0.143 0.000 0.088    0.057 0.103 0.037   -125323    0 
272900:    1.00    9.214    0.129 0.000 0.112    0.051 0.098 0.046   -125360    0 

--------------------------------------------
Proportion of membership of each pre-defined
 population in each of the 3 clusters

Given    Inferred Clusters       Number of
 Pop       1      2      3      Individuals

  1:     0.330  0.335  0.334      358
  2:     0.331  0.332  0.338      1039
  3:     0.336  0.327  0.337      603
--------------------------------------------

  Rep#:   Lambda   Alpha      F1    F2    F3     D1,2  D1,3  D2,3    Ln Like  Est Ln P(D)
273000:    1.00    9.075    0.115 0.000 0.099    0.051 0.100 0.044   -125373    0 
273100:    1.00    9.094    0.184 0.000 0.119    0.060 0.131 0.054   -125276    0 
273200:    1.00    8.918    0.142 0.000 0.130    0.053 0.125 0.054   -125333    0 
273300:    1.00    8.876    0.147 0.000 0.137    0.056 0.147 0.062   -125324    0 
273400:    1.00    8.871    0.143 0.000 0.126    0.057 0.128 0.051   -125339    0 
273500:    1.00    9.404    0.149 0.000 0.135    0.066 0.143 0.054   -125307    0 
273600:    1.00    9.060    0.189 0.000 0.113    0.071 0.140 0.052   -125297    0 
273700:    1.00    9.100    0.159 0.000 0.111    0.069 0.155 0.065   -125297    0 
273800:    1.00    9.160    0.122 0.000 0.111    0.060 0.133 0.055   -125350    0 
273900:    1.00    9.350    0.138 0.000 0.100    0.062 0.107 0.044   -125349    0 

--------------------------------------------
Proportion of membership of each pre-defined
 population in each of the 3 clusters

Given    Inferred Clusters       Number of
 Pop       1      2      3      Individuals

  1:     0.338  0.314  0.348      358
  2:     0.336  0.335  0.329      1039
  3:     0.343  0.331  0.326      603
--------------------------------------------

  Rep#:   Lambda   Alpha      F1    F2    F3     D1,2  D1,3  D2,3    Ln Like  Est Ln P(D)
274000:    1.00    9.546    0.141 0.000 0.111    0.062 0.117 0.044   -125366    0 
274100:    1.00    9.708    0.160 0.000 0.093    0.059 0.104 0.039   -125404    0 
274200:    1.00    9.862    0.167 0.000 0.074    0.062 0.116 0.039   -125389    0 
274300:    1.00    9.748    0.175 0.000 0.106    0.069 0.123 0.040   -125364    0 
274400:    1.00    9.220    0.180 0.000 0.106    0.060 0.118 0.043   -125288    0 
274500:    1.00    8.807    0.132 0.000 0.111    0.061 0.113 0.044   -125337    0 
274600:    1.00    8.811    0.132 0.000 0.102    0.054 0.115 0.049   -125303    0 
274700:    1.00    8.700    0.143 0.000 0.115    0.060 0.122 0.047   -125269    0 
274800:    1.00    8.621    0.157 0.000 0.157    0.049 0.114 0.053   -125250    0 
274900:    1.00    8.778    0.161 0.000 0.160    0.057 0.127 0.055   -125275    0 

--------------------------------------------
Proportion of membership of each pre-defined
 population in each of the 3 clusters

Given    Inferred Clusters       Number of
 Pop       1      2      3      Individuals

  1:     0.338  0.330  0.332      358
  2:     0.335  0.329  0.336      1039
  3:     0.338  0.331  0.331      603
--------------------------------------------

  Rep#:   Lambda   Alpha      F1    F2    F3     D1,2  D1,3  D2,3    Ln Like  Est Ln P(D)
275000:    1.00    8.845    0.126 0.000 0.125    0.051 0.110 0.046   -125336    0 
275100:    1.00    9.011    0.143 0.000 0.155    0.043 0.103 0.048   -125358    0 
275200:    1.00    8.858    0.160 0.000 0.113    0.047 0.110 0.045   -125344    0 
275300:    1.00    8.845    0.131 0.000 0.138    0.046 0.103 0.048   -125334    0 
275400:    1.00    8.889    0.103 0.000 0.152    0.053 0.121 0.055   -125326    0 
275500:    1.00    9.030    0.144 0.000 0.156    0.043 0.088 0.043   -125346    0 
275600:    1.00    9.175    0.121 0.000 0.156    0.049 0.116 0.056   -125297    0 
275700:    1.00    8.976    0.159 0.000 0.173    0.060 0.138 0.056   -125291    0 
275800:    1.00    8.534    0.127 0.000 0.155    0.055 0.139 0.057   -125254    0 
275900:    1.00    8.703    0.126 0.000 0.155    0.046 0.121 0.064   -125309    0 

--------------------------------------------
Proportion of membership of each pre-defined
 population in each of the 3 clusters

Given    Inferred Clusters       Number of
 Pop       1      2      3      Individuals

  1:     0.333  0.330  0.336      358
  2:     0.340  0.328  0.332      1039
  3:     0.334  0.336  0.330      603
--------------------------------------------

  Rep#:   Lambda   Alpha      F1    F2    F3     D1,2  D1,3  D2,3    Ln Like  Est Ln P(D)
276000:    1.00    8.230    0.098 0.000 0.189    0.041 0.125 0.066   -125223    0 
276100:    1.00    8.138    0.140 0.000 0.213    0.047 0.146 0.072   -125227    0 
276200:    1.00    8.464    0.124 0.000 0.122    0.047 0.133 0.067   -125227    0 
276300:    1.00    8.601    0.158 0.000 0.129    0.052 0.118 0.062   -125216    0 
276400:    1.00    8.430    0.168 0.000 0.163    0.052 0.127 0.068   -125287    0 
276500:    1.00    7.911    0.127 0.000 0.148    0.049 0.137 0.072   -125271    0 
276600:    1.00    7.808    0.108 0.000 0.159    0.039 0.106 0.068   -125283    0 
276700:    1.00    7.710    0.133 0.000 0.162    0.040 0.113 0.071   -125253    0 
276800:    1.00    7.820    0.126 0.000 0.139    0.044 0.100 0.054   -125356    0 
276900:    1.00    7.590    0.138 0.000 0.119    0.042 0.082 0.050   -125311    0 

--------------------------------------------
Proportion of membership of each pre-defined
 population in each of the 3 clusters

Given    Inferred Clusters       Number of
 Pop       1      2      3      Individuals

  1:     0.330  0.344  0.327      358
  2:     0.337  0.326  0.337      1039
  3:     0.336  0.329  0.335      603
--------------------------------------------

  Rep#:   Lambda   Alpha      F1    F2    F3     D1,2  D1,3  D2,3    Ln Like  Est Ln P(D)
277000:    1.00    7.154    0.120 0.000 0.147    0.042 0.101 0.054   -125311    0 
277100:    1.00    7.071    0.118 0.000 0.102    0.044 0.096 0.045   -125277    0 
277200:    1.00    7.175    0.126 0.000 0.114    0.042 0.103 0.051   -125212    0 
277300:    1.00    7.121    0.144 0.000 0.155    0.046 0.131 0.064   -125218    0 
277400:    1.00    7.458    0.127 0.000 0.129    0.040 0.095 0.049   -125245    0 
277500:    1.00    7.661    0.129 0.000 0.093    0.047 0.099 0.050   -125287    0 
277600:    1.00    7.914    0.119 0.000 0.156    0.046 0.117 0.068   -125307    0 
277700:    1.00    7.720    0.099 0.000 0.168    0.046 0.106 0.063   -125297    0 
277800:    1.00    7.532    0.118 0.000 0.116    0.045 0.102 0.060   -125299    0 
277900:    1.00    7.944    0.120 0.000 0.121    0.050 0.105 0.052   -125300    0 

--------------------------------------------
Proportion of membership of each pre-defined
 population in each of the 3 clusters

Given    Inferred Clusters       Number of
 Pop       1      2      3      Individuals

  1:     0.326  0.340  0.334      358
  2:     0.334  0.338  0.328      1039
  3:     0.336  0.339  0.325      603
--------------------------------------------

  Rep#:   Lambda   Alpha      F1    F2    F3     D1,2  D1,3  D2,3    Ln Like  Est Ln P(D)
278000:    1.00    7.996    0.128 0.000 0.113    0.049 0.090 0.051   -125358    0 
278100:    1.00    7.758    0.128 0.000 0.096    0.050 0.088 0.047   -125304    0 
278200:    1.00    7.477    0.136 0.000 0.115    0.048 0.091 0.043   -125341    0 
278300:    1.00    7.228    0.127 0.000 0.095    0.054 0.095 0.041   -125293    0 
278400:    1.00    6.945    0.097 0.000 0.107    0.045 0.094 0.042   -125318    0 
278500:    1.00    6.547    0.128 0.000 0.098    0.047 0.107 0.047   -125359    0 
278600:    1.00    6.600    0.145 0.000 0.073    0.045 0.090 0.041   -125210    0 
278700:    1.00    7.044    0.131 0.000 0.078    0.041 0.083 0.037   -125306    0 
278800:    1.00    7.441    0.100 0.000 0.076    0.037 0.073 0.042   -125332    0 
278900:    1.00    7.645    0.122 0.000 0.082    0.052 0.084 0.036   -125332    0 

--------------------------------------------
Proportion of membership of each pre-defined
 population in each of the 3 clusters

Given    Inferred Clusters       Number of
 Pop       1      2      3      Individuals

  1:     0.331  0.341  0.328      358
  2:     0.335  0.332  0.333      1039
  3:     0.329  0.338  0.334      603
--------------------------------------------

  Rep#:   Lambda   Alpha      F1    F2    F3     D1,2  D1,3  D2,3    Ln Like  Est Ln P(D)
279000:    1.00    7.433    0.164 0.000 0.102    0.053 0.105 0.045   -125307    0 
279100:    1.00    7.161    0.114 0.000 0.101    0.043 0.093 0.054   -125309    0 
279200:    1.00    7.294    0.107 0.000 0.113    0.037 0.097 0.056   -125289    0 
279300:    1.00    7.802    0.093 0.000 0.165    0.036 0.101 0.064   -125305    0 
279400:    1.00    7.776    0.116 0.000 0.156    0.041 0.109 0.062   -125258    0 
279500:    1.00    7.515    0.114 0.000 0.118    0.030 0.102 0.063   -125336    0 
279600:    1.00    7.576    0.128 0.000 0.144    0.038 0.124 0.073   -125255    0 
279700:    1.00    7.463    0.131 0.000 0.195    0.037 0.112 0.075   -125267    0 
279800:    1.00    7.370    0.100 0.000 0.144    0.039 0.103 0.065   -125264    0 
279900:    1.00    7.235    0.130 0.000 0.124    0.036 0.102 0.065   -125250    0 

--------------------------------------------
Proportion of membership of each pre-defined
 population in each of the 3 clusters

Given    Inferred Clusters       Number of
 Pop       1      2      3      Individuals

  1:     0.328  0.342  0.330      358
  2:     0.333  0.329  0.338      1039
  3:     0.330  0.341  0.329      603
--------------------------------------------

  Rep#:   Lambda   Alpha      F1    F2    F3     D1,2  D1,3  D2,3    Ln Like  Est Ln P(D)
280000:    1.00    7.249    0.118 0.000 0.139    0.041 0.110 0.059   -125264    0 
280100:    1.00    7.481    0.117 0.000 0.119    0.046 0.116 0.050   -125294    0 
280200:    1.00    7.852    0.134 0.000 0.110    0.042 0.105 0.050   -125296    0 
280300:    1.00    7.915    0.132 0.000 0.129    0.040 0.100 0.047   -125313    0 
280400:    1.00    8.092    0.108 0.000 0.126    0.043 0.111 0.057   -125297    0 
280500:    1.00    8.074    0.132 0.000 0.113    0.040 0.095 0.049   -125335    0 
280600:    1.00    7.961    0.097 0.000 0.116    0.035 0.089 0.056   -125321    0 
280700:    1.00    7.861    0.110 0.000 0.104    0.046 0.085 0.046   -125307    0 
280800:    1.00    7.992    0.102 0.000 0.094    0.040 0.087 0.042   -125342    0 
280900:    1.00    7.871    0.082 0.000 0.098    0.031 0.080 0.040   -125335    0 

--------------------------------------------
Proportion of membership of each pre-defined
 population in each of the 3 clusters

Given    Inferred Clusters       Number of
 Pop       1      2      3      Individuals

  1:     0.340  0.323  0.337      358
  2:     0.333  0.329  0.338      1039
  3:     0.325  0.340  0.335      603
--------------------------------------------

  Rep#:   Lambda   Alpha      F1    F2    F3     D1,2  D1,3  D2,3    Ln Like  Est Ln P(D)
281000:    1.00    7.704    0.094 0.000 0.114    0.033 0.068 0.041   -125343    0 
281100:    1.00    7.687    0.086 0.000 0.127    0.034 0.083 0.053   -125297    0 
281200:    1.00    7.850    0.118 0.000 0.127    0.029 0.081 0.054   -125289    0 
281300:    1.00    8.072    0.091 0.000 0.128    0.029 0.085 0.061   -125316    0 
281400:    1.00    8.319    0.116 0.000 0.158    0.039 0.086 0.055   -125391    0 
281500:    1.00    8.418    0.089 0.000 0.103    0.036 0.082 0.045   -125435    0 
281600:    1.00    8.399    0.103 0.000 0.101    0.041 0.085 0.039   -125381    0 
281700:    1.00    8.446    0.098 0.000 0.120    0.050 0.094 0.043   -125336    0 
281800:    1.00    8.294    0.123 0.000 0.183    0.047 0.115 0.053   -125366    0 
281900:    1.00    8.180    0.097 0.000 0.118    0.045 0.088 0.040   -125448    0 

--------------------------------------------
Proportion of membership of each pre-defined
 population in each of the 3 clusters

Given    Inferred Clusters       Number of
 Pop       1      2      3      Individuals

  1:     0.329  0.337  0.334      358
  2:     0.334  0.332  0.334      1039
  3:     0.340  0.333  0.327      603
--------------------------------------------

  Rep#:   Lambda   Alpha      F1    F2    F3     D1,2  D1,3  D2,3    Ln Like  Est Ln P(D)
282000:    1.00    8.187    0.090 0.000 0.094    0.041 0.088 0.039   -125406    0 
282100:    1.00    8.629    0.082 0.000 0.117    0.043 0.090 0.039   -125411    0 
282200:    1.00    8.908    0.116 0.000 0.095    0.047 0.089 0.031   -125437    0 
282300:    1.00    8.706    0.119 0.000 0.107    0.040 0.089 0.039   -125454    0 
282400:    1.00    9.153    0.094 0.000 0.114    0.041 0.095 0.037   -125419    0 
282500:    1.00    8.983    0.133 0.000 0.109    0.038 0.084 0.036   -125407    0 
282600:    1.00    8.649    0.120 0.000 0.099    0.046 0.083 0.034   -125424    0 
282700:    1.00    9.147    0.121 0.000 0.105    0.050 0.090 0.043   -125395    0 
282800:    1.00    9.312    0.151 0.000 0.096    0.053 0.105 0.044   -125430    0 
282900:    1.00    9.497    0.125 0.000 0.098    0.053 0.125 0.052   -125315    0 

--------------------------------------------
Proportion of membership of each pre-defined
 population in each of the 3 clusters

Given    Inferred Clusters       Number of
 Pop       1      2      3      Individuals

  1:     0.333  0.338  0.329      358
  2:     0.331  0.333  0.336      1039
  3:     0.339  0.330  0.331      603
--------------------------------------------

  Rep#:   Lambda   Alpha      F1    F2    F3     D1,2  D1,3  D2,3    Ln Like  Est Ln P(D)
283000:    1.00    9.464    0.151 0.000 0.122    0.058 0.127 0.047   -125392    0 
283100:    1.00    9.227    0.140 0.000 0.123    0.050 0.103 0.048   -125386    0 
283200:    1.00    9.783    0.122 0.000 0.151    0.046 0.109 0.057   -125348    0 
283300:    1.00    9.474    0.160 0.000 0.143    0.053 0.112 0.062   -125332    0 
283400:    1.00    9.487    0.160 0.000 0.124    0.077 0.146 0.062   -125296    0 
283500:    1.00    9.588    0.181 0.000 0.172    0.068 0.142 0.062   -125286    0 
283600:    1.00    9.702    0.147 0.000 0.156    0.057 0.143 0.079   -125330    0 
283700:    1.00    9.296    0.127 0.000 0.131    0.045 0.107 0.064   -125340    0 
283800:    1.00    9.528    0.140 0.000 0.159    0.055 0.137 0.064   -125287    0 
283900:    1.00    9.414    0.132 0.000 0.101    0.047 0.102 0.047   -125384    0 

--------------------------------------------
Proportion of membership of each pre-defined
 population in each of the 3 clusters

Given    Inferred Clusters       Number of
 Pop       1      2      3      Individuals

  1:     0.336  0.335  0.329      358
  2:     0.336  0.330  0.334      1039
  3:     0.327  0.339  0.334      603
--------------------------------------------

  Rep#:   Lambda   Alpha      F1    F2    F3     D1,2  D1,3  D2,3    Ln Like  Est Ln P(D)
284000:    1.00    9.136    0.102 0.000 0.121    0.053 0.112 0.047   -125348    0 
284100:    1.00    9.023    0.103 0.000 0.136    0.049 0.122 0.054   -125329    0 
284200:    1.00    8.658    0.113 0.000 0.110    0.040 0.105 0.047   -125350    0 
284300:    1.00    8.494    0.107 0.000 0.122    0.035 0.078 0.038   -125349    0 
284400:    1.00    8.390    0.095 0.000 0.121    0.029 0.077 0.038   -125347    0 
284500:    1.00    8.133    0.091 0.000 0.135    0.039 0.108 0.046   -125306    0 
284600:    1.00    8.087    0.110 0.000 0.134    0.040 0.101 0.052   -125346    0 
284700:    1.00    8.169    0.125 0.000 0.131    0.045 0.091 0.044   -125324    0 
284800:    1.00    8.554    0.130 0.000 0.156    0.060 0.131 0.054   -125325    0 
284900:    1.00    8.187    0.179 0.000 0.118    0.058 0.111 0.045   -125301    0 

--------------------------------------------
Proportion of membership of each pre-defined
 population in each of the 3 clusters

Given    Inferred Clusters       Number of
 Pop       1      2      3      Individuals

  1:     0.328  0.329  0.343      358
  2:     0.331  0.335  0.334      1039
  3:     0.333  0.338  0.329      603
--------------------------------------------

  Rep#:   Lambda   Alpha      F1    F2    F3     D1,2  D1,3  D2,3    Ln Like  Est Ln P(D)
285000:    1.00    8.191    0.173 0.000 0.118    0.055 0.107 0.046   -125389    0 
285100:    1.00    7.793    0.163 0.000 0.139    0.046 0.103 0.045   -125318    0 
285200:    1.00    7.659    0.107 0.000 0.105    0.045 0.101 0.048   -125311    0 
285300:    1.00    7.679    0.128 0.000 0.112    0.046 0.103 0.049   -125345    0 
285400:    1.00    7.833    0.142 0.000 0.134    0.041 0.079 0.044   -125301    0 
285500:    1.00    7.830    0.134 0.000 0.089    0.046 0.089 0.037   -125356    0 
285600:    1.00    8.573    0.163 0.000 0.118    0.050 0.099 0.041   -125333    0 
285700:    1.00    8.691    0.143 0.000 0.125    0.051 0.098 0.039   -125393    0 
285800:    1.00    8.632    0.105 0.000 0.152    0.048 0.105 0.055   -125342    0 
285900:    1.00    8.701    0.122 0.000 0.148    0.055 0.095 0.053   -125365    0 

--------------------------------------------
Proportion of membership of each pre-defined
 population in each of the 3 clusters

Given    Inferred Clusters       Number of
 Pop       1      2      3      Individuals

  1:     0.329  0.332  0.339      358
  2:     0.336  0.331  0.333      1039
  3:     0.333  0.334  0.332      603
--------------------------------------------

  Rep#:   Lambda   Alpha      F1    F2    F3     D1,2  D1,3  D2,3    Ln Like  Est Ln P(D)
286000:    1.00    8.758    0.157 0.000 0.150    0.062 0.104 0.052   -125300    0 
286100:    1.00    9.145    0.166 0.000 0.150    0.068 0.114 0.051   -125339    0 
286200:    1.00    9.385    0.161 0.000 0.136    0.063 0.101 0.050   -125308    0 
286300:    1.00    9.655    0.141 0.000 0.138    0.062 0.110 0.047   -125373    0 
286400:    1.00    9.721    0.110 0.000 0.147    0.054 0.089 0.051   -125378    0 
286500:    1.00    9.627    0.153 0.000 0.166    0.062 0.110 0.052   -125331    0 
286600:    1.00    9.935    0.156 0.000 0.161    0.075 0.127 0.054   -125371    0 
286700:    1.00    9.752    0.147 0.000 0.125    0.065 0.103 0.053   -125403    0 
286800:    1.00    9.636    0.129 0.000 0.124    0.053 0.110 0.057   -125345    0 
286900:    1.00    9.985    0.141 0.000 0.118    0.053 0.098 0.049   -125365    0 

--------------------------------------------
Proportion of membership of each pre-defined
 population in each of the 3 clusters

Given    Inferred Clusters       Number of
 Pop       1      2      3      Individuals

  1:     0.331  0.328  0.341      358
  2:     0.331  0.336  0.333      1039
  3:     0.327  0.339  0.334      603
--------------------------------------------

  Rep#:   Lambda   Alpha      F1    F2    F3     D1,2  D1,3  D2,3    Ln Like  Est Ln P(D)
287000:    1.00    9.972    0.157 0.000 0.132    0.056 0.109 0.047   -125383    0 
287100:    1.00    10.000    0.120 0.000 0.130    0.047 0.107 0.045   -125404    0 
287200:    1.00    9.908    0.098 0.000 0.170    0.043 0.111 0.056   -125421    0 
287300:    1.00    9.957    0.141 0.000 0.158    0.048 0.120 0.061   -125328    0 
287400:    1.00    9.969    0.139 0.000 0.194    0.044 0.115 0.064   -125366    0 
287500:    1.00    9.985    0.102 0.000 0.172    0.038 0.117 0.060   -125401    0 
287600:    1.00    9.869    0.126 0.000 0.140    0.037 0.108 0.051   -125373    0 
287700:    1.00    9.965    0.092 0.000 0.161    0.043 0.129 0.052   -125335    0 
287800:    1.00    9.788    0.134 0.000 0.119    0.038 0.118 0.065   -125348    0 
287900:    1.00    9.797    0.095 0.000 0.111    0.033 0.099 0.051   -125389    0 

--------------------------------------------
Proportion of membership of each pre-defined
 population in each of the 3 clusters

Given    Inferred Clusters       Number of
 Pop       1      2      3      Individuals

  1:     0.332  0.332  0.335      358
  2:     0.335  0.335  0.330      1039
  3:     0.326  0.339  0.335      603
--------------------------------------------

  Rep#:   Lambda   Alpha      F1    F2    F3     D1,2  D1,3  D2,3    Ln Like  Est Ln P(D)
288000:    1.00    9.833    0.106 0.000 0.143    0.036 0.090 0.041   -125444    0 
288100:    1.00    9.716    0.114 0.000 0.137    0.044 0.100 0.048   -125387    0 
288200:    1.00    9.329    0.104 0.000 0.133    0.030 0.103 0.061   -125413    0 
288300:    1.00    9.402    0.090 0.000 0.158    0.041 0.107 0.053   -125412    0 
288400:    1.00    9.611    0.114 0.000 0.139    0.042 0.102 0.046   -125384    0 
288500:    1.00    9.808    0.102 0.000 0.162    0.043 0.115 0.053   -125361    0 
288600:    1.00    9.977    0.112 0.000 0.127    0.048 0.115 0.053   -125372    0 
288700:    1.00    9.626    0.097 0.000 0.095    0.040 0.093 0.048   -125398    0 
288800:    1.00    9.420    0.089 0.000 0.110    0.032 0.068 0.040   -125449    0 
288900:    1.00    9.531    0.076 0.000 0.129    0.037 0.089 0.043   -125434    0 

--------------------------------------------
Proportion of membership of each pre-defined
 population in each of the 3 clusters

Given    Inferred Clusters       Number of
 Pop       1      2      3      Individuals

  1:     0.335  0.332  0.333      358
  2:     0.332  0.332  0.336      1039
  3:     0.323  0.342  0.335      603
--------------------------------------------

  Rep#:   Lambda   Alpha      F1    F2    F3     D1,2  D1,3  D2,3    Ln Like  Est Ln P(D)
289000:    1.00    9.613    0.099 0.000 0.105    0.041 0.091 0.047   -125407    0 
289100:    1.00    9.107    0.126 0.000 0.098    0.039 0.083 0.041   -125343    0 
289200:    1.00    9.159    0.104 0.000 0.096    0.044 0.084 0.045   -125444    0 
289300:    1.00    8.703    0.093 0.000 0.096    0.046 0.084 0.044   -125374    0 
289400:    1.00    8.631    0.102 0.000 0.097    0.037 0.081 0.042   -125468    0 
289500:    1.00    8.501    0.098 0.000 0.116    0.041 0.087 0.040   -125423    0 
289600:    1.00    8.852    0.167 0.000 0.127    0.049 0.096 0.044   -125322    0 
289700:    1.00    8.998    0.135 0.000 0.147    0.038 0.100 0.056   -125361    0 
289800:    1.00    9.234    0.089 0.000 0.135    0.052 0.112 0.055   -125451    0 
289900:    1.00    9.260    0.088 0.000 0.214    0.042 0.116 0.057   -125367    0 

--------------------------------------------
Proportion of membership of each pre-defined
 population in each of the 3 clusters

Given    Inferred Clusters       Number of
 Pop       1      2      3      Individuals

  1:     0.336  0.329  0.336      358
  2:     0.333  0.335  0.332      1039
  3:     0.328  0.337  0.335      603
--------------------------------------------

  Rep#:   Lambda   Alpha      F1    F2    F3     D1,2  D1,3  D2,3    Ln Like  Est Ln P(D)
290000:    1.00    9.155    0.098 0.000 0.154    0.036 0.099 0.053   -125401    0 
290100:    1.00    9.007    0.067 0.000 0.127    0.031 0.074 0.039   -125441    0 
290200:    1.00    8.618    0.086 0.000 0.089    0.027 0.070 0.035   -125454    0 
290300:    1.00    8.672    0.063 0.000 0.096    0.018 0.058 0.035   -125501    0 
290400:    1.00    8.790    0.075 0.000 0.063    0.028 0.069 0.032   -125510    0 
290500:    1.00    8.869    0.079 0.000 0.091    0.034 0.055 0.035   -125464    0 
290600:    1.00    9.207    0.082 0.000 0.095    0.033 0.074 0.035   -125482    0 
290700:    1.00    9.289    0.073 0.000 0.072    0.024 0.051 0.026   -125539    0 
290800:    1.00    9.318    0.065 0.000 0.075    0.025 0.055 0.035   -125483    0 
290900:    1.00    9.084    0.054 0.000 0.113    0.028 0.070 0.044   -125464    0 

--------------------------------------------
Proportion of membership of each pre-defined
 population in each of the 3 clusters

Given    Inferred Clusters       Number of
 Pop       1      2      3      Individuals

  1:     0.334  0.331  0.335      358
  2:     0.333  0.334  0.333      1039
  3:     0.334  0.333  0.333      603
--------------------------------------------

  Rep#:   Lambda   Alpha      F1    F2    F3     D1,2  D1,3  D2,3    Ln Like  Est Ln P(D)
291000:    1.00    9.502    0.082 0.000 0.129    0.035 0.079 0.040   -125487    0 
291100:    1.00    9.483    0.080 0.000 0.099    0.028 0.073 0.046   -125492    0 
291200:    1.00    9.355    0.093 0.000 0.084    0.037 0.085 0.041   -125435    0 
291300:    1.00    9.070    0.089 0.000 0.087    0.043 0.087 0.039   -125410    0 
291400:    1.00    8.984    0.114 0.000 0.101    0.046 0.100 0.039   -125382    0 
291500:    1.00    9.338    0.091 0.000 0.117    0.039 0.101 0.046   -125411    0 
291600:    1.00    9.223    0.121 0.000 0.121    0.046 0.099 0.049   -125384    0 
291700:    1.00    9.648    0.132 0.000 0.127    0.047 0.102 0.054   -125383    0 
291800:    1.00    9.412    0.114 0.000 0.130    0.049 0.110 0.060   -125423    0 
291900:    1.00    9.341    0.122 0.000 0.094    0.048 0.096 0.050   -125402    0 

--------------------------------------------
Proportion of membership of each pre-defined
 population in each of the 3 clusters

Given    Inferred Clusters       Number of
 Pop       1      2      3      Individuals

  1:     0.336  0.331  0.333      358
  2:     0.330  0.334  0.337      1039
  3:     0.329  0.336  0.336      603
--------------------------------------------

  Rep#:   Lambda   Alpha      F1    F2    F3     D1,2  D1,3  D2,3    Ln Like  Est Ln P(D)
292000:    1.00    9.611    0.138 0.000 0.130    0.050 0.084 0.047   -125391    0 
292100:    1.00    9.436    0.108 0.000 0.106    0.040 0.088 0.049   -125370    0 
292200:    1.00    9.538    0.139 0.000 0.111    0.061 0.120 0.048   -125378    0 
292300:    1.00    9.690    0.099 0.000 0.107    0.046 0.097 0.043   -125450    0 
292400:    1.00    9.632    0.084 0.000 0.120    0.038 0.087 0.046   -125428    0 
292500:    1.00    9.633    0.102 0.000 0.142    0.045 0.096 0.049   -125403    0 
292600:    1.00    9.395    0.076 0.000 0.138    0.041 0.089 0.047   -125395    0 
292700:    1.00    9.385    0.120 0.000 0.132    0.048 0.104 0.049   -125380    0 
292800:    1.00    9.143    0.111 0.000 0.102    0.046 0.096 0.038   -125432    0 
292900:    1.00    9.436    0.134 0.000 0.113    0.052 0.105 0.038   -125386    0 

--------------------------------------------
Proportion of membership of each pre-defined
 population in each of the 3 clusters

Given    Inferred Clusters       Number of
 Pop       1      2      3      Individuals

  1:     0.337  0.333  0.329      358
  2:     0.334  0.333  0.334      1039
  3:     0.334  0.338  0.328      603
--------------------------------------------

  Rep#:   Lambda   Alpha      F1    F2    F3     D1,2  D1,3  D2,3    Ln Like  Est Ln P(D)
293000:    1.00    9.209    0.103 0.000 0.152    0.047 0.109 0.046   -125361    0 
293100:    1.00    9.339    0.134 0.000 0.112    0.049 0.094 0.035   -125444    0 
293200:    1.00    9.522    0.114 0.000 0.099    0.039 0.073 0.030   -125427    0 
293300:    1.00    9.929    0.129 0.000 0.093    0.040 0.074 0.030   -125461    0 
293400:    1.00    9.966    0.101 0.000 0.118    0.040 0.070 0.034   -125445    0 
293500:    1.00    9.761    0.087 0.000 0.098    0.040 0.098 0.046   -125440    0 
293600:    1.00    9.458    0.102 0.000 0.118    0.034 0.080 0.040   -125458    0 
293700:    1.00    9.671    0.098 0.000 0.131    0.042 0.095 0.043   -125382    0 
293800:    1.00    9.857    0.132 0.000 0.157    0.049 0.128 0.064   -125375    0 
293900:    1.00    9.972    0.104 0.000 0.197    0.041 0.114 0.073   -125396    0 

--------------------------------------------
Proportion of membership of each pre-defined
 population in each of the 3 clusters

Given    Inferred Clusters       Number of
 Pop       1      2      3      Individuals

  1:     0.338  0.332  0.329      358
  2:     0.329  0.334  0.337      1039
  3:     0.339  0.332  0.329      603
--------------------------------------------

  Rep#:   Lambda   Alpha      F1    F2    F3     D1,2  D1,3  D2,3    Ln Like  Est Ln P(D)
294000:    1.00    9.949    0.099 0.000 0.168    0.042 0.120 0.070   -125399    0 
294100:    1.00    9.808    0.107 0.000 0.117    0.033 0.098 0.070   -125427    0 
294200:    1.00    9.796    0.131 0.000 0.163    0.043 0.134 0.073   -125357    0 
294300:    1.00    9.463    0.089 0.000 0.168    0.031 0.115 0.074   -125353    0 
294400:    1.00    9.613    0.098 0.000 0.154    0.036 0.117 0.063   -125351    0 
294500:    1.00    9.589    0.074 0.000 0.120    0.027 0.093 0.056   -125412    0 
294600:    1.00    9.657    0.071 0.000 0.138    0.028 0.090 0.050   -125409    0 
294700:    1.00    9.703    0.075 0.000 0.131    0.031 0.108 0.057   -125394    0 
294800:    1.00    9.438    0.079 0.000 0.132    0.032 0.093 0.045   -125414    0 
294900:    1.00    9.355    0.092 0.000 0.130    0.034 0.092 0.050   -125391    0 

--------------------------------------------
Proportion of membership of each pre-defined
 population in each of the 3 clusters

Given    Inferred Clusters       Number of
 Pop       1      2      3      Individuals

  1:     0.339  0.331  0.329      358
  2:     0.335  0.327  0.338      1039
  3:     0.330  0.340  0.330      603
--------------------------------------------

  Rep#:   Lambda   Alpha      F1    F2    F3     D1,2  D1,3  D2,3    Ln Like  Est Ln P(D)
295000:    1.00    9.649    0.097 0.000 0.129    0.034 0.088 0.056   -125385    0 
295100:    1.00    9.646    0.098 0.000 0.111    0.050 0.097 0.050   -125397    0 
295200:    1.00    9.656    0.096 0.000 0.166    0.052 0.104 0.050   -125391    0 
295300:    1.00    9.355    0.090 0.000 0.114    0.038 0.108 0.061   -125362    0 
295400:    1.00    9.342    0.089 0.000 0.145    0.039 0.110 0.064   -125335    0 
295500:    1.00    9.234    0.102 0.000 0.153    0.038 0.108 0.060   -125335    0 
295600:    1.00    9.196    0.128 0.000 0.146    0.042 0.125 0.076   -125356    0 
295700:    1.00    9.145    0.082 0.000 0.138    0.040 0.111 0.068   -125325    0 
295800:    1.00    8.957    0.093 0.000 0.151    0.041 0.102 0.057   -125366    0 
295900:    1.00    9.083    0.091 0.000 0.157    0.039 0.091 0.062   -125373    0 

--------------------------------------------
Proportion of membership of each pre-defined
 population in each of the 3 clusters

Given    Inferred Clusters       Number of
 Pop       1      2      3      Individuals

  1:     0.336  0.326  0.339      358
  2:     0.333  0.331  0.336      1039
  3:     0.337  0.327  0.336      603
--------------------------------------------

  Rep#:   Lambda   Alpha      F1    F2    F3     D1,2  D1,3  D2,3    Ln Like  Est Ln P(D)
296000:    1.00    8.971    0.126 0.000 0.186    0.045 0.110 0.065   -125316    0 
296100:    1.00    9.356    0.108 0.000 0.157    0.037 0.110 0.062   -125384    0 
296200:    1.00    9.826    0.077 0.000 0.155    0.039 0.114 0.064   -125377    0 
296300:    1.00    9.916    0.091 0.000 0.184    0.035 0.118 0.073   -125344    0 
296400:    1.00    9.871    0.103 0.000 0.169    0.032 0.117 0.069   -125399    0 
296500:    1.00    9.853    0.096 0.000 0.181    0.030 0.117 0.074   -125408    0 
296600:    1.00    9.449    0.109 0.000 0.222    0.033 0.113 0.070   -125353    0 
296700:    1.00    9.522    0.166 0.000 0.223    0.050 0.152 0.080   -125281    0 
296800:    1.00    9.486    0.143 0.000 0.201    0.034 0.102 0.066   -125332    0 
296900:    1.00    9.096    0.129 0.000 0.168    0.039 0.106 0.063   -125312    0 

--------------------------------------------
Proportion of membership of each pre-defined
 population in each of the 3 clusters

Given    Inferred Clusters       Number of
 Pop       1      2      3      Individuals

  1:     0.336  0.337  0.327      358
  2:     0.331  0.339  0.330      1039
  3:     0.327  0.339  0.334      603
--------------------------------------------

  Rep#:   Lambda   Alpha      F1    F2    F3     D1,2  D1,3  D2,3    Ln Like  Est Ln P(D)
297000:    1.00    9.289    0.119 0.000 0.161    0.050 0.131 0.065   -125287    0 
297100:    1.00    9.047    0.092 0.000 0.218    0.029 0.090 0.059   -125388    0 
297200:    1.00    8.947    0.094 0.000 0.164    0.036 0.089 0.054   -125363    0 
297300:    1.00    9.125    0.081 0.000 0.171    0.041 0.114 0.065   -125328    0 
297400:    1.00    9.162    0.102 0.000 0.172    0.041 0.107 0.052   -125386    0 
297500:    1.00    9.265    0.135 0.000 0.131    0.051 0.133 0.059   -125311    0 
297600:    1.00    9.122    0.130 0.000 0.171    0.037 0.104 0.053   -125355    0 
297700:    1.00    9.604    0.153 0.000 0.179    0.048 0.122 0.061   -125322    0 
297800:    1.00    9.800    0.130 0.000 0.135    0.043 0.112 0.054   -125359    0 
297900:    1.00    9.829    0.136 0.000 0.130    0.051 0.108 0.048   -125355    0 

--------------------------------------------
Proportion of membership of each pre-defined
 population in each of the 3 clusters

Given    Inferred Clusters       Number of
 Pop       1      2      3      Individuals

  1:     0.338  0.337  0.325      358
  2:     0.332  0.336  0.333      1039
  3:     0.337  0.325  0.338      603
--------------------------------------------

  Rep#:   Lambda   Alpha      F1    F2    F3     D1,2  D1,3  D2,3    Ln Like  Est Ln P(D)
298000:    1.00    9.675    0.112 0.000 0.128    0.049 0.118 0.055   -125368    0 
298100:    1.00    9.694    0.098 0.000 0.125    0.040 0.088 0.050   -125414    0 
298200:    1.00    9.542    0.126 0.000 0.134    0.051 0.117 0.062   -125383    0 
298300:    1.00    9.526    0.118 0.000 0.149    0.050 0.117 0.058   -125351    0 
298400:    1.00    9.332    0.114 0.000 0.126    0.049 0.096 0.054   -125327    0 
298500:    1.00    9.443    0.111 0.000 0.126    0.050 0.079 0.041   -125337    0 
298600:    1.00    9.244    0.116 0.000 0.123    0.050 0.102 0.045   -125421    0 
298700:    1.00    9.232    0.135 0.000 0.138    0.054 0.111 0.059   -125355    0 
298800:    1.00    9.217    0.121 0.000 0.181    0.060 0.114 0.059   -125315    0 
298900:    1.00    9.489    0.141 0.000 0.132    0.059 0.123 0.053   -125316    0 

--------------------------------------------
Proportion of membership of each pre-defined
 population in each of the 3 clusters

Given    Inferred Clusters       Number of
 Pop       1      2      3      Individuals

  1:     0.341  0.333  0.326      358
  2:     0.329  0.332  0.339      1039
  3:     0.328  0.335  0.336      603
--------------------------------------------

  Rep#:   Lambda   Alpha      F1    F2    F3     D1,2  D1,3  D2,3    Ln Like  Est Ln P(D)
299000:    1.00    9.548    0.133 0.000 0.173    0.054 0.121 0.057   -125369    0 
299100:    1.00    9.554    0.144 0.000 0.133    0.064 0.121 0.054   -125363    0 
299200:    1.00    9.330    0.166 0.000 0.124    0.055 0.119 0.050   -125303    0 
299300:    1.00    9.244    0.139 0.000 0.118    0.058 0.125 0.058   -125333    0 
299400:    1.00    9.388    0.132 0.000 0.135    0.044 0.116 0.055   -125320    0 
299500:    1.00    9.682    0.103 0.000 0.129    0.042 0.110 0.053   -125352    0 
299600:    1.00    9.812    0.122 0.000 0.132    0.053 0.117 0.046   -125372    0 
299700:    1.00    9.584    0.144 0.000 0.113    0.061 0.133 0.055   -125352    0 
299800:    1.00    9.750    0.140 0.000 0.110    0.053 0.121 0.048   -125382    0 
299900:    1.00    9.711    0.150 0.000 0.128    0.045 0.104 0.047   -125362    0 

--------------------------------------------
Proportion of membership of each pre-defined
 population in each of the 3 clusters

Given    Inferred Clusters       Number of
 Pop       1      2      3      Individuals

  1:     0.335  0.327  0.339      358
  2:     0.328  0.332  0.340      1039
  3:     0.334  0.336  0.329      603
--------------------------------------------

  Rep#:   Lambda   Alpha      F1    F2    F3     D1,2  D1,3  D2,3    Ln Like  Est Ln P(D)
300000:    1.00    9.658    0.111 0.000 0.115    0.047 0.109 0.047   -125378    0 
300100:    1.00    9.792    0.096 0.000 0.110    0.048 0.096 0.039   -125411    0 
300200:    1.00    9.900    0.119 0.000 0.112    0.046 0.100 0.043   -125372    0 
300300:    1.00    9.776    0.101 0.000 0.129    0.043 0.104 0.042   -125411    0 
300400:    1.00    9.885    0.108 0.000 0.095    0.038 0.094 0.037   -125413    0 
300500:    1.00    9.586    0.079 0.000 0.074    0.035 0.076 0.031   -125483    0 
300600:    1.00    9.475    0.062 0.000 0.074    0.021 0.048 0.028   -125494    0 
300700:    1.00    9.689    0.059 0.000 0.108    0.022 0.068 0.035   -125489    0 
300800:    1.00    9.826    0.057 0.000 0.093    0.020 0.064 0.041   -125533    0 
300900:    1.00    9.911    0.059 0.000 0.069    0.023 0.055 0.031   -125503    0 

--------------------------------------------
Proportion of membership of each pre-defined
 population in each of the 3 clusters

Given    Inferred Clusters       Number of
 Pop       1      2      3      Individuals

  1:     0.336  0.330  0.334      358
  2:     0.333  0.334  0.333      1039
  3:     0.340  0.331  0.329      603
--------------------------------------------

  Rep#:   Lambda   Alpha      F1    F2    F3     D1,2  D1,3  D2,3    Ln Like  Est Ln P(D)
301000:    1.00    9.793    0.070 0.000 0.063    0.024 0.050 0.019   -125553    0 
301100:    1.00    9.758    0.086 0.000 0.068    0.024 0.041 0.022   -125575    0 
301200:    1.00    9.669    0.052 0.000 0.061    0.026 0.049 0.019   -125549    0 
301300:    1.00    9.947    0.077 0.000 0.065    0.023 0.055 0.021   -125519    0 
301400:    1.00    9.727    0.064 0.000 0.055    0.025 0.051 0.021   -125541    0 
301500:    1.00    9.985    0.084 0.000 0.080    0.033 0.068 0.029   -125516    0 
301600:    1.00    9.452    0.095 0.000 0.091    0.036 0.073 0.032   -125433    0 
301700:    1.00    9.642    0.087 0.000 0.100    0.036 0.071 0.029   -125452    0 
301800:    1.00    9.598    0.093 0.000 0.085    0.042 0.089 0.032   -125453    0 
301900:    1.00    9.873    0.138 0.000 0.108    0.041 0.093 0.041   -125396    0 

--------------------------------------------
Proportion of membership of each pre-defined
 population in each of the 3 clusters

Given    Inferred Clusters       Number of
 Pop       1      2      3      Individuals

  1:     0.330  0.333  0.336      358
  2:     0.330  0.335  0.335      1039
  3:     0.337  0.334  0.329      603
--------------------------------------------

  Rep#:   Lambda   Alpha      F1    F2    F3     D1,2  D1,3  D2,3    Ln Like  Est Ln P(D)
302000:    1.00    9.920    0.149 0.000 0.092    0.050 0.090 0.028   -125452    0 
302100:    1.00    9.904    0.148 0.000 0.123    0.050 0.092 0.032   -125438    0 
302200:    1.00    9.770    0.121 0.000 0.102    0.048 0.093 0.039   -125428    0 
302300:    1.00    9.653    0.100 0.000 0.085    0.049 0.108 0.042   -125357    0 
302400:    1.00    9.361    0.110 0.000 0.123    0.056 0.098 0.040   -125390    0 
302500:    1.00    9.427    0.138 0.000 0.112    0.065 0.113 0.048   -125360    0 
302600:    1.00    9.246    0.148 0.000 0.108    0.065 0.109 0.045   -125367    0 
302700:    1.00    9.231    0.118 0.000 0.089    0.040 0.092 0.043   -125420    0 
302800:    1.00    8.747    0.115 0.000 0.084    0.044 0.073 0.034   -125444    0 
302900:    1.00    9.176    0.098 0.000 0.086    0.029 0.081 0.037   -125415    0 

--------------------------------------------
Proportion of membership of each pre-defined
 population in each of the 3 clusters

Given    Inferred Clusters       Number of
 Pop       1      2      3      Individuals

  1:     0.335  0.336  0.329      358
  2:     0.334  0.333  0.332      1039
  3:     0.335  0.337  0.328      603
--------------------------------------------

  Rep#:   Lambda   Alpha      F1    F2    F3     D1,2  D1,3  D2,3    Ln Like  Est Ln P(D)
303000:    1.00    9.154    0.067 0.000 0.108    0.024 0.069 0.036   -125469    0 
303100:    1.00    8.922    0.078 0.000 0.094    0.023 0.077 0.038   -125464    0 
303200:    1.00    8.684    0.111 0.000 0.099    0.037 0.078 0.038   -125434    0 
303300:    1.00    8.712    0.103 0.000 0.110    0.048 0.099 0.042   -125397    0 
303400:    1.00    8.501    0.117 0.000 0.146    0.056 0.119 0.051   -125297    0 
303500:    1.00    8.638    0.158 0.000 0.134    0.067 0.144 0.059   -125264    0 
303600:    1.00    9.105    0.157 0.000 0.183    0.063 0.126 0.055   -125284    0 
303700:    1.00    8.776    0.120 0.000 0.165    0.046 0.103 0.058   -125306    0 
303800:    1.00    8.684    0.110 0.000 0.201    0.046 0.119 0.063   -125287    0 
303900:    1.00    8.571    0.127 0.000 0.151    0.046 0.117 0.056   -125309    0 

--------------------------------------------
Proportion of membership of each pre-defined
 population in each of the 3 clusters

Given    Inferred Clusters       Number of
 Pop       1      2      3      Individuals

  1:     0.333  0.331  0.336      358
  2:     0.332  0.335  0.333      1039
  3:     0.332  0.337  0.331      603
--------------------------------------------

  Rep#:   Lambda   Alpha      F1    F2    F3     D1,2  D1,3  D2,3    Ln Like  Est Ln P(D)
304000:    1.00    8.865    0.094 0.000 0.151    0.041 0.097 0.060   -125352    0 
304100:    1.00    8.886    0.105 0.000 0.139    0.041 0.106 0.050   -125359    0 
304200:    1.00    8.880    0.149 0.000 0.154    0.055 0.111 0.048   -125283    0 
304300:    1.00    8.827    0.153 0.000 0.127    0.055 0.097 0.042   -125378    0 
304400:    1.00    9.078    0.117 0.000 0.113    0.052 0.089 0.041   -125340    0 
304500:    1.00    9.209    0.153 0.000 0.109    0.067 0.114 0.049   -125302    0 
304600:    1.00    9.518    0.166 0.000 0.104    0.069 0.123 0.059   -125286    0 
304700:    1.00    9.905    0.225 0.000 0.138    0.071 0.151 0.058   -125282    0 
304800:    1.00    9.757    0.181 0.000 0.160    0.073 0.142 0.056   -125258    0 
304900:    1.00    9.866    0.187 0.000 0.162    0.063 0.124 0.058   -125307    0 

--------------------------------------------
Proportion of membership of each pre-defined
 population in each of the 3 clusters

Given    Inferred Clusters       Number of
 Pop       1      2      3      Individuals

  1:     0.335  0.331  0.334      358
  2:     0.337  0.333  0.329      1039
  3:     0.335  0.335  0.330      603
--------------------------------------------

  Rep#:   Lambda   Alpha      F1    F2    F3     D1,2  D1,3  D2,3    Ln Like  Est Ln P(D)
305000:    1.00    9.777    0.167 0.000 0.141    0.071 0.140 0.055   -125293    0 
305100:    1.00    9.848    0.199 0.000 0.187    0.070 0.140 0.055   -125277    0 
305200:    1.00    9.539    0.125 0.000 0.133    0.064 0.137 0.062   -125295    0 
305300:    1.00    9.712    0.153 0.000 0.132    0.069 0.132 0.054   -125356    0 
305400:    1.00    9.595    0.179 0.000 0.095    0.075 0.120 0.051   -125336    0 
305500:    1.00    9.517    0.149 0.000 0.114    0.073 0.127 0.053   -125274    0 
305600:    1.00    9.290    0.179 0.000 0.100    0.074 0.118 0.050   -125305    0 
305700:    1.00    9.333    0.180 0.000 0.162    0.065 0.134 0.053   -125276    0 
305800:    1.00    9.275    0.148 0.000 0.145    0.067 0.164 0.063   -125308    0 
305900:    1.00    9.199    0.143 0.000 0.119    0.058 0.140 0.058   -125260    0 

--------------------------------------------
Proportion of membership of each pre-defined
 population in each of the 3 clusters

Given    Inferred Clusters       Number of
 Pop       1      2      3      Individuals

  1:     0.340  0.328  0.333      358
  2:     0.332  0.333  0.335      1039
  3:     0.335  0.330  0.335      603
--------------------------------------------

  Rep#:   Lambda   Alpha      F1    F2    F3     D1,2  D1,3  D2,3    Ln Like  Est Ln P(D)
306000:    1.00    9.282    0.147 0.000 0.112    0.056 0.107 0.047   -125339    0 
306100:    1.00    9.307    0.142 0.000 0.141    0.058 0.138 0.062   -125272    0 
306200:    1.00    9.399    0.146 0.000 0.180    0.056 0.125 0.056   -125291    0 
306300:    1.00    9.589    0.144 0.000 0.116    0.046 0.104 0.049   -125311    0 
306400:    1.00    9.352    0.148 0.000 0.137    0.048 0.114 0.047   -125356    0 
306500:    1.00    9.530    0.154 0.000 0.120    0.054 0.119 0.049   -125304    0 
306600:    1.00    9.592    0.165 0.000 0.144    0.050 0.106 0.047   -125393    0 
306700:    1.00    9.710    0.133 0.000 0.124    0.047 0.087 0.040   -125432    0 
306800:    1.00    9.713    0.139 0.000 0.113    0.054 0.097 0.039   -125378    0 
306900:    1.00    9.921    0.137 0.000 0.155    0.064 0.117 0.043   -125318    0 

--------------------------------------------
Proportion of membership of each pre-defined
 population in each of the 3 clusters

Given    Inferred Clusters       Number of
 Pop       1      2      3      Individuals

  1:     0.332  0.337  0.330      358
  2:     0.338  0.330  0.332      1039
  3:     0.330  0.337  0.334      603
--------------------------------------------

  Rep#:   Lambda   Alpha      F1    F2    F3     D1,2  D1,3  D2,3    Ln Like  Est Ln P(D)
307000:    1.00    9.774    0.163 0.000 0.162    0.068 0.118 0.053   -125332    0 
307100:    1.00    9.613    0.135 0.000 0.156    0.070 0.120 0.054   -125295    0 
307200:    1.00    9.540    0.161 0.000 0.145    0.070 0.119 0.053   -125346    0 
307300:    1.00    9.821    0.142 0.000 0.124    0.069 0.127 0.060   -125323    0 
307400:    1.00    9.723    0.144 0.000 0.141    0.073 0.158 0.063   -125329    0 
307500:    1.00    9.612    0.139 0.000 0.150    0.067 0.131 0.066   -125338    0 
307600:    1.00    9.999    0.143 0.000 0.157    0.068 0.120 0.044   -125367    0 
307700:    1.00    9.912    0.140 0.000 0.132    0.058 0.123 0.049   -125318    0 
307800:    1.00    9.913    0.151 0.000 0.112    0.063 0.116 0.047   -125316    0 
307900:    1.00    9.984    0.153 0.000 0.151    0.065 0.116 0.051   -125349    0 

--------------------------------------------
Proportion of membership of each pre-defined
 population in each of the 3 clusters

Given    Inferred Clusters       Number of
 Pop       1      2      3      Individuals

  1:     0.337  0.336  0.327      358
  2:     0.335  0.333  0.332      1039
  3:     0.336  0.332  0.332      603
--------------------------------------------

  Rep#:   Lambda   Alpha      F1    F2    F3     D1,2  D1,3  D2,3    Ln Like  Est Ln P(D)
308000:    1.00    9.979    0.119 0.000 0.161    0.055 0.109 0.053   -125368    0 
308100:    1.00    9.934    0.157 0.000 0.150    0.063 0.141 0.065   -125299    0 
308200:    1.00    9.877    0.156 0.000 0.151    0.060 0.144 0.072   -125290    0 
308300:    1.00    9.786    0.195 0.000 0.176    0.074 0.159 0.065   -125264    0 
308400:    1.00    9.935    0.173 0.000 0.181    0.073 0.160 0.058   -125337    0 
308500:    1.00    9.971    0.184 0.000 0.120    0.075 0.137 0.048   -125314    0 
308600:    1.00    9.821    0.191 0.000 0.123    0.070 0.138 0.049   -125367    0 
308700:    1.00    9.673    0.181 0.000 0.149    0.066 0.141 0.053   -125285    0 
308800:    1.00    9.730    0.160 0.000 0.120    0.069 0.133 0.048   -125317    0 
308900:    1.00    9.570    0.139 0.000 0.131    0.066 0.138 0.054   -125341    0 

--------------------------------------------
Proportion of membership of each pre-defined
 population in each of the 3 clusters

Given    Inferred Clusters       Number of
 Pop       1      2      3      Individuals

  1:     0.339  0.335  0.326      358
  2:     0.335  0.332  0.334      1039
  3:     0.332  0.332  0.336      603
--------------------------------------------

  Rep#:   Lambda   Alpha      F1    F2    F3     D1,2  D1,3  D2,3    Ln Like  Est Ln P(D)
309000:    1.00    9.702    0.165 0.000 0.140    0.064 0.123 0.051   -125267    0 
309100:    1.00    9.999    0.132 0.000 0.199    0.062 0.134 0.065   -125318    0 
309200:    1.00    9.867    0.140 0.000 0.178    0.059 0.142 0.071   -125297    0 
309300:    1.00    9.824    0.145 0.000 0.181    0.061 0.146 0.070   -125307    0 
309400:    1.00    9.731    0.137 0.000 0.148    0.054 0.145 0.068   -125298    0 
309500:    1.00    9.748    0.157 0.000 0.175    0.058 0.127 0.052   -125318    0 
309600:    1.00    9.302    0.126 0.000 0.161    0.059 0.146 0.060   -125265    0 
309700:    1.00    9.636    0.124 0.000 0.148    0.056 0.129 0.058   -125352    0 
309800:    1.00    9.484    0.144 0.000 0.153    0.059 0.144 0.069   -125264    0 
309900:    1.00    9.382    0.156 0.000 0.139    0.071 0.137 0.056   -125285    0 

--------------------------------------------
Proportion of membership of each pre-defined
 population in each of the 3 clusters

Given    Inferred Clusters       Number of
 Pop       1      2      3      Individuals

  1:     0.333  0.327  0.339      358
  2:     0.335  0.330  0.335      1039
  3:     0.326  0.342  0.332      603
--------------------------------------------

  Rep#:   Lambda   Alpha      F1    F2    F3     D1,2  D1,3  D2,3    Ln Like  Est Ln P(D)
310000:    1.00    9.242    0.160 0.000 0.108    0.069 0.134 0.052   -125311    0 
310100:    1.00    9.396    0.177 0.000 0.167    0.066 0.143 0.057   -125322    0 
310200:    1.00    9.385    0.148 0.000 0.142    0.053 0.131 0.060   -125284    0 
310300:    1.00    9.445    0.097 0.000 0.151    0.044 0.124 0.062   -125316    0 
310400:    1.00    9.313    0.119 0.000 0.136    0.046 0.127 0.065   -125308    0 
310500:    1.00    8.877    0.134 0.000 0.172    0.046 0.100 0.058   -125366    0 
310600:    1.00    8.356    0.099 0.000 0.132    0.036 0.097 0.067   -125335    0 
310700:    1.00    8.266    0.109 0.000 0.157    0.028 0.097 0.067   -125284    0 
310800:    1.00    8.103    0.078 0.000 0.163    0.024 0.101 0.076   -125332    0 
310900:    1.00    7.800    0.090 0.000 0.186    0.025 0.088 0.064   -125300    0 

--------------------------------------------
Proportion of membership of each pre-defined
 population in each of the 3 clusters

Given    Inferred Clusters       Number of
 Pop       1      2      3      Individuals

  1:     0.344  0.332  0.323      358
  2:     0.339  0.332  0.329      1039
  3:     0.326  0.336  0.338      603
--------------------------------------------

  Rep#:   Lambda   Alpha      F1    F2    F3     D1,2  D1,3  D2,3    Ln Like  Est Ln P(D)
311000:    1.00    7.779    0.082 0.000 0.180    0.028 0.103 0.066   -125282    0 
311100:    1.00    7.871    0.067 0.000 0.167    0.024 0.092 0.058   -125344    0 
311200:    1.00    7.828    0.085 0.000 0.116    0.028 0.078 0.044   -125346    0 
311300:    1.00    7.996    0.093 0.000 0.107    0.032 0.085 0.044   -125328    0 
311400:    1.00    8.051    0.119 0.000 0.100    0.031 0.071 0.038   -125327    0 
311500:    1.00    8.317    0.097 0.000 0.099    0.037 0.087 0.042   -125384    0 
311600:    1.00    8.388    0.093 0.000 0.101    0.040 0.099 0.046   -125330    0 
311700:    1.00    8.511    0.102 0.000 0.135    0.042 0.091 0.040   -125360    0 
311800:    1.00    8.436    0.102 0.000 0.116    0.030 0.075 0.046   -125392    0 
311900:    1.00    8.192    0.104 0.000 0.174    0.034 0.087 0.051   -125293    0 

--------------------------------------------
Proportion of membership of each pre-defined
 population in each of the 3 clusters

Given    Inferred Clusters       Number of
 Pop       1      2      3      Individuals

  1:     0.331  0.329  0.340      358
  2:     0.336  0.332  0.332      1039
  3:     0.331  0.329  0.340      603
--------------------------------------------

  Rep#:   Lambda   Alpha      F1    F2    F3     D1,2  D1,3  D2,3    Ln Like  Est Ln P(D)
312000:    1.00    8.416    0.110 0.000 0.147    0.031 0.102 0.059   -125352    0 
312100:    1.00    8.375    0.106 0.000 0.123    0.040 0.083 0.046   -125351    0 
312200:    1.00    8.286    0.110 0.000 0.126    0.037 0.094 0.050   -125292    0 
312300:    1.00    8.736    0.118 0.000 0.102    0.055 0.115 0.046   -125335    0 
312400:    1.00    8.738    0.135 0.000 0.094    0.045 0.108 0.046   -125380    0 
312500:    1.00    8.758    0.120 0.000 0.116    0.045 0.108 0.043   -125376    0 
312600:    1.00    9.052    0.121 0.000 0.123    0.045 0.092 0.041   -125370    0 
312700:    1.00    9.146    0.126 0.000 0.106    0.051 0.101 0.048   -125386    0 
312800:    1.00    9.048    0.144 0.000 0.141    0.050 0.112 0.059   -125330    0 
312900:    1.00    9.414    0.159 0.000 0.122    0.059 0.117 0.053   -125369    0 

--------------------------------------------
Proportion of membership of each pre-defined
 population in each of the 3 clusters

Given    Inferred Clusters       Number of
 Pop       1      2      3      Individuals

  1:     0.338  0.331  0.331      358
  2:     0.332  0.330  0.338      1039
  3:     0.333  0.332  0.334      603
--------------------------------------------

  Rep#:   Lambda   Alpha      F1    F2    F3     D1,2  D1,3  D2,3    Ln Like  Est Ln P(D)
313000:    1.00    9.291    0.159 0.000 0.138    0.055 0.108 0.051   -125433    0 
313100:    1.00    9.526    0.122 0.000 0.093    0.041 0.079 0.039   -125461    0 
313200:    1.00    9.543    0.140 0.000 0.091    0.049 0.096 0.035   -125401    0 
313300:    1.00    9.614    0.149 0.000 0.073    0.056 0.086 0.033   -125396    0 
313400:    1.00    9.502    0.113 0.000 0.095    0.044 0.094 0.043   -125436    0 
313500:    1.00    9.307    0.158 0.000 0.098    0.047 0.100 0.037   -125448    0 
313600:    1.00    9.075    0.102 0.000 0.073    0.053 0.101 0.033   -125453    0 
313700:    1.00    9.441    0.096 0.000 0.079    0.043 0.089 0.031   -125417    0 
313800:    1.00    9.230    0.146 0.000 0.070    0.049 0.095 0.032   -125417    0 
313900:    1.00    8.914    0.142 0.000 0.075    0.052 0.087 0.025   -125420    0 

--------------------------------------------
Proportion of membership of each pre-defined
 population in each of the 3 clusters

Given    Inferred Clusters       Number of
 Pop       1      2      3      Individuals

  1:     0.334  0.327  0.339      358
  2:     0.332  0.332  0.336      1039
  3:     0.336  0.333  0.331      603
--------------------------------------------

  Rep#:   Lambda   Alpha      F1    F2    F3     D1,2  D1,3  D2,3    Ln Like  Est Ln P(D)
314000:    1.00    8.965    0.139 0.000 0.103    0.050 0.109 0.032   -125378    0 
314100:    1.00    9.067    0.097 0.000 0.081    0.051 0.112 0.039   -125357    0 
314200:    1.00    8.981    0.108 0.000 0.055    0.046 0.073 0.023   -125429    0 
314300:    1.00    8.952    0.111 0.000 0.076    0.048 0.087 0.028   -125369    0 
314400:    1.00    9.187    0.135 0.000 0.092    0.045 0.090 0.032   -125377    0 
314500:    1.00    8.928    0.160 0.000 0.093    0.048 0.106 0.037   -125417    0 
314600:    1.00    8.816    0.129 0.000 0.108    0.062 0.110 0.038   -125399    0 
314700:    1.00    9.098    0.153 0.000 0.081    0.065 0.102 0.032   -125373    0 
314800:    1.00    9.202    0.141 0.000 0.089    0.059 0.100 0.032   -125435    0 
314900:    1.00    8.992    0.137 0.000 0.103    0.055 0.106 0.046   -125345    0 

--------------------------------------------
Proportion of membership of each pre-defined
 population in each of the 3 clusters

Given    Inferred Clusters       Number of
 Pop       1      2      3      Individuals

  1:     0.336  0.325  0.339      358
  2:     0.332  0.332  0.336      1039
  3:     0.335  0.335  0.330      603
--------------------------------------------

  Rep#:   Lambda   Alpha      F1    F2    F3     D1,2  D1,3  D2,3    Ln Like  Est Ln P(D)
315000:    1.00    9.000    0.155 0.000 0.095    0.071 0.118 0.050   -125317    0 
315100:    1.00    9.061    0.179 0.000 0.119    0.070 0.093 0.040   -125340    0 
315200:    1.00    9.138    0.159 0.000 0.135    0.055 0.098 0.052   -125338    0 
315300:    1.00    9.068    0.104 0.000 0.157    0.047 0.094 0.055   -125348    0 
315400:    1.00    9.234    0.086 0.000 0.177    0.041 0.098 0.052   -125377    0 
315500:    1.00    9.277    0.118 0.000 0.135    0.047 0.093 0.042   -125363    0 
315600:    1.00    9.319    0.106 0.000 0.128    0.054 0.109 0.044   -125303    0 
315700:    1.00    9.485    0.136 0.000 0.140    0.060 0.108 0.036   -125356    0 
315800:    1.00    9.295    0.152 0.000 0.160    0.061 0.125 0.043   -125352    0 
315900:    1.00    9.644    0.115 0.000 0.128    0.054 0.113 0.038   -125358    0 

--------------------------------------------
Proportion of membership of each pre-defined
 population in each of the 3 clusters

Given    Inferred Clusters       Number of
 Pop       1      2      3      Individuals

  1:     0.341  0.327  0.332      358
  2:     0.336  0.333  0.332      1039
  3:     0.338  0.334  0.328      603
--------------------------------------------

  Rep#:   Lambda   Alpha      F1    F2    F3     D1,2  D1,3  D2,3    Ln Like  Est Ln P(D)
316000:    1.00    9.689    0.111 0.000 0.126    0.043 0.090 0.034   -125432    0 
316100:    1.00    9.595    0.134 0.000 0.132    0.055 0.106 0.039   -125367    0 
316200:    1.00    9.250    0.155 0.000 0.134    0.054 0.117 0.053   -125310    0 
316300:    1.00    8.788    0.120 0.000 0.153    0.050 0.116 0.052   -125349    0 
316400:    1.00    8.886    0.121 0.000 0.164    0.049 0.148 0.063   -125313    0 
316500:    1.00    8.661    0.108 0.000 0.186    0.043 0.127 0.061   -125313    0 
316600:    1.00    9.087    0.080 0.000 0.193    0.028 0.113 0.070   -125378    0 
316700:    1.00    8.888    0.084 0.000 0.144    0.035 0.107 0.054   -125426    0 
316800:    1.00    9.132    0.081 0.000 0.149    0.029 0.086 0.052   -125368    0 
316900:    1.00    9.264    0.114 0.000 0.212    0.037 0.124 0.065   -125379    0 

--------------------------------------------
Proportion of membership of each pre-defined
 population in each of the 3 clusters

Given    Inferred Clusters       Number of
 Pop       1      2      3      Individuals

  1:     0.325  0.333  0.342      358
  2:     0.332  0.331  0.337      1039
  3:     0.336  0.336  0.328      603
--------------------------------------------

  Rep#:   Lambda   Alpha      F1    F2    F3     D1,2  D1,3  D2,3    Ln Like  Est Ln P(D)
317000:    1.00    9.125    0.097 0.000 0.136    0.041 0.104 0.049   -125422    0 
317100:    1.00    9.105    0.099 0.000 0.144    0.032 0.085 0.041   -125466    0 
317200:    1.00    9.123    0.102 0.000 0.141    0.038 0.105 0.051   -125431    0 
317300:    1.00    8.851    0.095 0.000 0.166    0.032 0.115 0.060   -125376    0 
317400:    1.00    9.133    0.075 0.000 0.178    0.037 0.114 0.061   -125401    0 
317500:    1.00    9.417    0.094 0.000 0.136    0.033 0.106 0.055   -125396    0 
317600:    1.00    9.274    0.089 0.000 0.163    0.033 0.101 0.063   -125390    0 
317700:    1.00    9.260    0.108 0.000 0.191    0.043 0.121 0.066   -125337    0 
317800:    1.00    9.011    0.131 0.000 0.153    0.037 0.119 0.063   -125357    0 
317900:    1.00    9.374    0.105 0.000 0.166    0.033 0.117 0.064   -125341    0 

--------------------------------------------
Proportion of membership of each pre-defined
 population in each of the 3 clusters

Given    Inferred Clusters       Number of
 Pop       1      2      3      Individuals

  1:     0.337  0.329  0.334      358
  2:     0.330  0.336  0.334      1039
  3:     0.329  0.339  0.332      603
--------------------------------------------

  Rep#:   Lambda   Alpha      F1    F2    F3     D1,2  D1,3  D2,3    Ln Like  Est Ln P(D)
318000:    1.00    9.582    0.098 0.000 0.152    0.032 0.116 0.060   -125434    0 
318100:    1.00    9.219    0.108 0.000 0.134    0.036 0.118 0.066   -125342    0 
318200:    1.00    9.378    0.100 0.000 0.188    0.050 0.157 0.077   -125304    0 
318300:    1.00    9.215    0.087 0.000 0.160    0.042 0.126 0.068   -125329    0 
318400:    1.00    8.772    0.091 0.000 0.153    0.031 0.106 0.069   -125346    0 
318500:    1.00    9.018    0.106 0.000 0.171    0.039 0.144 0.083   -125271    0 
318600:    1.00    8.830    0.139 0.000 0.158    0.047 0.113 0.059   -125328    0 
318700:    1.00    8.971    0.138 0.000 0.167    0.050 0.125 0.070   -125289    0 
318800:    1.00    9.137    0.129 0.000 0.178    0.051 0.126 0.065   -125237    0 
318900:    1.00    9.008    0.091 0.000 0.161    0.042 0.125 0.079   -125302    0 

--------------------------------------------
Proportion of membership of each pre-defined
 population in each of the 3 clusters

Given    Inferred Clusters       Number of
 Pop       1      2      3      Individuals

  1:     0.333  0.337  0.330      358
  2:     0.332  0.332  0.337      1039
  3:     0.335  0.337  0.328      603
--------------------------------------------

  Rep#:   Lambda   Alpha      F1    F2    F3     D1,2  D1,3  D2,3    Ln Like  Est Ln P(D)
319000:    1.00    9.508    0.110 0.000 0.135    0.039 0.122 0.070   -125338    0 
319100:    1.00    9.108    0.095 0.000 0.163    0.033 0.095 0.061   -125345    0 
319200:    1.00    9.193    0.073 0.000 0.149    0.033 0.115 0.071   -125360    0 
319300:    1.00    9.352    0.082 0.000 0.160    0.036 0.111 0.061   -125345    0 
319400:    1.00    9.694    0.083 0.000 0.171    0.037 0.108 0.058   -125330    0 
319500:    1.00    9.681    0.095 0.000 0.165    0.034 0.104 0.057   -125365    0 
319600:    1.00    9.349    0.072 0.000 0.175    0.035 0.099 0.052   -125413    0 
319700:    1.00    9.601    0.098 0.000 0.176    0.040 0.111 0.057   -125393    0 
319800:    1.00    9.658    0.074 0.000 0.147    0.034 0.109 0.062   -125381    0 
319900:    1.00    9.447    0.116 0.000 0.174    0.049 0.134 0.071   -125332    0 

--------------------------------------------
Proportion of membership of each pre-defined
 population in each of the 3 clusters

Given    Inferred Clusters       Number of
 Pop       1      2      3      Individuals

  1:     0.337  0.325  0.337      358
  2:     0.336  0.329  0.335      1039
  3:     0.337  0.330  0.332      603
--------------------------------------------

  Rep#:   Lambda   Alpha      F1    F2    F3     D1,2  D1,3  D2,3    Ln Like  Est Ln P(D)
320000:    1.00    9.043    0.138 0.000 0.132    0.051 0.127 0.061   -125328    0 
320100:    1.00    9.163    0.112 0.000 0.138    0.051 0.097 0.051   -125345    0 
320200:    1.00    9.020    0.105 0.000 0.137    0.038 0.100 0.056   -125363    0 
320300:    1.00    9.450    0.104 0.000 0.112    0.039 0.101 0.052   -125406    0 
320400:    1.00    9.462    0.111 0.000 0.165    0.051 0.125 0.064   -125319    0 
320500:    1.00    9.482    0.148 0.000 0.144    0.048 0.126 0.068   -125302    0 
320600:    1.00    9.477    0.122 0.000 0.214    0.049 0.141 0.084   -125262    0 
320700:    1.00    9.470    0.101 0.000 0.167    0.039 0.123 0.064   -125323    0 
320800:    1.00    9.732    0.078 0.000 0.163    0.036 0.127 0.068   -125380    0 
320900:    1.00    9.594    0.111 0.000 0.127    0.048 0.122 0.059   -125330    0 

--------------------------------------------
Proportion of membership of each pre-defined
 population in each of the 3 clusters

Given    Inferred Clusters       Number of
 Pop       1      2      3      Individuals

  1:     0.338  0.329  0.333      358
  2:     0.329  0.331  0.340      1039
  3:     0.329  0.334  0.337      603
--------------------------------------------

  Rep#:   Lambda   Alpha      F1    F2    F3     D1,2  D1,3  D2,3    Ln Like  Est Ln P(D)
321000:    1.00    9.332    0.104 0.000 0.172    0.038 0.113 0.058   -125402    0 
321100:    1.00    9.436    0.101 0.000 0.175    0.036 0.101 0.057   -125397    0 
321200:    1.00    9.953    0.134 0.000 0.122    0.040 0.097 0.052   -125419    0 
321300:    1.00    9.883    0.142 0.000 0.136    0.041 0.088 0.042   -125400    0 
321400:    1.00    9.985    0.105 0.000 0.108    0.047 0.106 0.048   -125338    0 
321500:    1.00    9.810    0.125 0.000 0.135    0.043 0.088 0.039   -125396    0 
321600:    1.00    9.681    0.138 0.000 0.145    0.047 0.098 0.043   -125359    0 
321700:    1.00    9.750    0.099 0.000 0.150    0.040 0.112 0.054   -125340    0 
321800:    1.00    9.620    0.093 0.000 0.187    0.044 0.119 0.059   -125399    0 
321900:    1.00    9.471    0.090 0.000 0.150    0.040 0.091 0.047   -125422    0 

--------------------------------------------
Proportion of membership of each pre-defined
 population in each of the 3 clusters

Given    Inferred Clusters       Number of
 Pop       1      2      3      Individuals

  1:     0.336  0.328  0.336      358
  2:     0.332  0.332  0.336      1039
  3:     0.329  0.338  0.333      603
--------------------------------------------

  Rep#:   Lambda   Alpha      F1    F2    F3     D1,2  D1,3  D2,3    Ln Like  Est Ln P(D)
322000:    1.00    9.371    0.089 0.000 0.181    0.038 0.094 0.050   -125382    0 
322100:    1.00    9.347    0.109 0.000 0.230    0.042 0.122 0.059   -125312    0 
322200:    1.00    9.403    0.093 0.000 0.121    0.038 0.095 0.049   -125337    0 
322300:    1.00    9.540    0.075 0.000 0.179    0.037 0.105 0.065   -125283    0 
322400:    1.00    9.432    0.086 0.000 0.174    0.042 0.115 0.053   -125344    0 
322500:    1.00    9.734    0.091 0.000 0.126    0.044 0.102 0.048   -125372    0 
322600:    1.00    9.740    0.141 0.000 0.128    0.056 0.119 0.043   -125347    0 
322700:    1.00    9.894    0.148 0.000 0.130    0.050 0.115 0.050   -125374    0 
322800:    1.00    9.635    0.124 0.000 0.124    0.050 0.100 0.042   -125395    0 
322900:    1.00    9.755    0.116 0.000 0.091    0.049 0.098 0.044   -125351    0 

--------------------------------------------
Proportion of membership of each pre-defined
 population in each of the 3 clusters

Given    Inferred Clusters       Number of
 Pop       1      2      3      Individuals

  1:     0.333  0.334  0.333      358
  2:     0.334  0.329  0.337      1039
  3:     0.333  0.334  0.333      603
--------------------------------------------

  Rep#:   Lambda   Alpha      F1    F2    F3     D1,2  D1,3  D2,3    Ln Like  Est Ln P(D)
323000:    1.00    9.947    0.100 0.000 0.122    0.041 0.109 0.057   -125333    0 
323100:    1.00    9.441    0.088 0.000 0.131    0.040 0.115 0.059   -125373    0 
323200:    1.00    9.384    0.089 0.000 0.148    0.035 0.111 0.070   -125374    0 
323300:    1.00    9.109    0.071 0.000 0.127    0.028 0.104 0.072   -125361    0 
323400:    1.00    8.819    0.083 0.000 0.141    0.024 0.101 0.074   -125368    0 
323500:    1.00    8.712    0.085 0.000 0.164    0.029 0.093 0.065   -125359    0 
323600:    1.00    8.822    0.096 0.000 0.149    0.028 0.112 0.075   -125401    0 
323700:    1.00    9.056    0.062 0.000 0.149    0.026 0.112 0.077   -125378    0 
323800:    1.00    8.571    0.059 0.000 0.137    0.020 0.096 0.064   -125406    0 
323900:    1.00    8.588    0.055 0.000 0.133    0.021 0.110 0.066   -125397    0 

--------------------------------------------
Proportion of membership of each pre-defined
 population in each of the 3 clusters

Given    Inferred Clusters       Number of
 Pop       1      2      3      Individuals

  1:     0.336  0.335  0.328      358
  2:     0.336  0.337  0.327      1039
  3:     0.332  0.340  0.328      603
--------------------------------------------

  Rep#:   Lambda   Alpha      F1    F2    F3     D1,2  D1,3  D2,3    Ln Like  Est Ln P(D)
324000:    1.00    9.258    0.056 0.000 0.149    0.021 0.095 0.066   -125406    0 
324100:    1.00    8.880    0.054 0.000 0.166    0.022 0.092 0.062   -125418    0 
324200:    1.00    9.000    0.089 0.000 0.147    0.029 0.092 0.058   -125425    0 
324300:    1.00    9.150    0.085 0.000 0.175    0.039 0.131 0.072   -125330    0 
324400:    1.00    9.078    0.074 0.000 0.155    0.030 0.100 0.062   -125390    0 
324500:    1.00    8.714    0.083 0.000 0.151    0.029 0.092 0.057   -125367    0 
324600:    1.00    8.605    0.067 0.000 0.126    0.033 0.102 0.051   -125359    0 
324700:    1.00    8.714    0.077 0.000 0.095    0.031 0.090 0.045   -125401    0 
324800:    1.00    8.571    0.075 0.000 0.090    0.021 0.077 0.047   -125424    0 
324900:    1.00    9.002    0.065 0.000 0.127    0.025 0.073 0.043   -125428    0 

--------------------------------------------
Proportion of membership of each pre-defined
 population in each of the 3 clusters

Given    Inferred Clusters       Number of
 Pop       1      2      3      Individuals

  1:     0.333  0.332  0.334      358
  2:     0.331  0.333  0.336      1039
  3:     0.331  0.336  0.334      603
--------------------------------------------

  Rep#:   Lambda   Alpha      F1    F2    F3     D1,2  D1,3  D2,3    Ln Like  Est Ln P(D)
325000:    1.00    9.253    0.080 0.000 0.107    0.026 0.072 0.044   -125485    0 
325100:    1.00    9.345    0.102 0.000 0.125    0.033 0.086 0.047   -125397    0 
325200:    1.00    8.961    0.090 0.000 0.099    0.032 0.072 0.047   -125392    0 
325300:    1.00    8.775    0.098 0.000 0.097    0.032 0.077 0.040   -125448    0 
325400:    1.00    8.506    0.075 0.000 0.121    0.023 0.075 0.042   -125391    0 
325500:    1.00    8.773    0.065 0.000 0.111    0.035 0.085 0.046   -125409    0 
325600:    1.00    8.972    0.076 0.000 0.085    0.032 0.067 0.037   -125422    0 
325700:    1.00    9.072    0.103 0.000 0.108    0.033 0.083 0.043   -125418    0 
325800:    1.00    9.104    0.079 0.000 0.106    0.034 0.082 0.038   -125440    0 
325900:    1.00    8.939    0.105 0.000 0.088    0.045 0.069 0.036   -125435    0 

--------------------------------------------
Proportion of membership of each pre-defined
 population in each of the 3 clusters

Given    Inferred Clusters       Number of
 Pop       1      2      3      Individuals

  1:     0.333  0.332  0.335      358
  2:     0.335  0.333  0.332      1039
  3:     0.321  0.335  0.344      603
--------------------------------------------

  Rep#:   Lambda   Alpha      F1    F2    F3     D1,2  D1,3  D2,3    Ln Like  Est Ln P(D)
326000:    1.00    8.819    0.096 0.000 0.077    0.042 0.074 0.039   -125455    0 
326100:    1.00    8.905    0.096 0.000 0.084    0.031 0.059 0.035   -125498    0 
326200:    1.00    9.498    0.110 0.000 0.121    0.043 0.082 0.036   -125425    0 
326300:    1.00    9.274    0.098 0.000 0.110    0.046 0.085 0.042   -125442    0 
326400:    1.00    9.089    0.081 0.000 0.157    0.049 0.098 0.048   -125453    0 
326500:    1.00    9.060    0.105 0.000 0.136    0.050 0.113 0.052   -125389    0 
326600:    1.00    8.815    0.101 0.000 0.180    0.043 0.110 0.062   -125312    0 
326700:    1.00    8.789    0.144 0.000 0.114    0.056 0.119 0.048   -125373    0 
326800:    1.00    8.114    0.122 0.000 0.098    0.059 0.114 0.039   -125308    0 
326900:    1.00    8.267    0.131 0.000 0.120    0.046 0.101 0.049   -125341    0 

--------------------------------------------
Proportion of membership of each pre-defined
 population in each of the 3 clusters

Given    Inferred Clusters       Number of
 Pop       1      2      3      Individuals

  1:     0.327  0.337  0.336      358
  2:     0.330  0.333  0.336      1039
  3:     0.337  0.328  0.335      603
--------------------------------------------

  Rep#:   Lambda   Alpha      F1    F2    F3     D1,2  D1,3  D2,3    Ln Like  Est Ln P(D)
327000:    1.00    8.412    0.099 0.000 0.145    0.041 0.103 0.061   -125270    0 
327100:    1.00    8.481    0.112 0.000 0.140    0.051 0.132 0.059   -125274    0 
327200:    1.00    8.285    0.116 0.000 0.141    0.044 0.118 0.063   -125254    0 
327300:    1.00    8.173    0.102 0.000 0.135    0.038 0.122 0.069   -125243    0 
327400:    1.00    7.714    0.101 0.000 0.156    0.036 0.102 0.060   -125237    0 
327500:    1.00    7.978    0.094 0.000 0.126    0.033 0.104 0.057   -125321    0 
327600:    1.00    8.274    0.079 0.000 0.160    0.030 0.104 0.060   -125322    0 
327700:    1.00    8.220    0.088 0.000 0.143    0.034 0.098 0.054   -125369    0 
327800:    1.00    8.130    0.078 0.000 0.155    0.031 0.093 0.051   -125335    0 
327900:    1.00    8.481    0.076 0.000 0.124    0.032 0.093 0.049   -125353    0 

--------------------------------------------
Proportion of membership of each pre-defined
 population in each of the 3 clusters

Given    Inferred Clusters       Number of
 Pop       1      2      3      Individuals

  1:     0.328  0.339  0.333      358
  2:     0.332  0.332  0.335      1039
  3:     0.333  0.335  0.332      603
--------------------------------------------

  Rep#:   Lambda   Alpha      F1    F2    F3     D1,2  D1,3  D2,3    Ln Like  Est Ln P(D)
328000:    1.00    8.196    0.076 0.000 0.126    0.032 0.092 0.049   -125359    0 
328100:    1.00    8.095    0.081 0.000 0.145    0.034 0.087 0.045   -125352    0 
328200:    1.00    8.048    0.113 0.000 0.142    0.041 0.073 0.043   -125388    0 
328300:    1.00    7.819    0.108 0.000 0.113    0.047 0.097 0.041   -125342    0 
328400:    1.00    7.464    0.124 0.000 0.102    0.053 0.100 0.037   -125283    0 
328500:    1.00    7.406    0.160 0.000 0.127    0.049 0.085 0.034   -125388    0 
328600:    1.00    7.718    0.090 0.000 0.133    0.035 0.089 0.046   -125342    0 
328700:    1.00    7.718    0.083 0.000 0.146    0.031 0.094 0.054   -125345    0 
328800:    1.00    7.618    0.065 0.000 0.145    0.027 0.087 0.050   -125305    0 
328900:    1.00    7.536    0.062 0.000 0.162    0.028 0.112 0.061   -125232    0 

--------------------------------------------
Proportion of membership of each pre-defined
 population in each of the 3 clusters

Given    Inferred Clusters       Number of
 Pop       1      2      3      Individuals

  1:     0.330  0.329  0.341      358
  2:     0.336  0.330  0.334      1039
  3:     0.336  0.336  0.328      603
--------------------------------------------

  Rep#:   Lambda   Alpha      F1    F2    F3     D1,2  D1,3  D2,3    Ln Like  Est Ln P(D)
329000:    1.00    7.583    0.092 0.000 0.183    0.031 0.105 0.063   -125274    0 
329100:    1.00    7.784    0.065 0.000 0.153    0.023 0.079 0.059   -125321    0 
329200:    1.00    7.455    0.062 0.000 0.130    0.023 0.065 0.041   -125384    0 
329300:    1.00    7.680    0.051 0.000 0.141    0.026 0.092 0.053   -125325    0 
329400:    1.00    7.683    0.081 0.000 0.133    0.028 0.093 0.054   -125334    0 
329500:    1.00    7.949    0.063 0.000 0.182    0.026 0.095 0.059   -125372    0 
329600:    1.00    8.053    0.068 0.000 0.105    0.032 0.086 0.043   -125403    0 
329700:    1.00    8.375    0.075 0.000 0.104    0.035 0.075 0.038   -125419    0 
329800:    1.00    8.138    0.093 0.000 0.134    0.035 0.084 0.044   -125354    0 
329900:    1.00    8.363    0.074 0.000 0.124    0.028 0.077 0.037   -125451    0 

--------------------------------------------
Proportion of membership of each pre-defined
 population in each of the 3 clusters

Given    Inferred Clusters       Number of
 Pop       1      2      3      Individuals

  1:     0.341  0.329  0.330      358
  2:     0.332  0.330  0.338      1039
  3:     0.335  0.338  0.327      603
--------------------------------------------

  Rep#:   Lambda   Alpha      F1    F2    F3     D1,2  D1,3  D2,3    Ln Like  Est Ln P(D)
330000:    1.00    8.179    0.080 0.000 0.102    0.032 0.077 0.034   -125440    0 
330100:    1.00    8.343    0.115 0.000 0.131    0.038 0.102 0.054   -125358    0 
330200:    1.00    8.304    0.111 0.000 0.095    0.044 0.108 0.046   -125371    0 
330300:    1.00    8.555    0.128 0.000 0.122    0.051 0.122 0.047   -125307    0 
330400:    1.00    8.566    0.114 0.000 0.154    0.046 0.109 0.044   -125339    0 
330500:    1.00    8.470    0.093 0.000 0.135    0.038 0.096 0.047   -125378    0 
330600:    1.00    8.101    0.102 0.000 0.113    0.039 0.089 0.046   -125374    0 
330700:    1.00    8.093    0.123 0.000 0.095    0.045 0.097 0.040   -125366    0 
330800:    1.00    7.820    0.128 0.000 0.145    0.045 0.087 0.040   -125323    0 
330900:    1.00    7.663    0.143 0.000 0.107    0.054 0.121 0.049   -125316    0 

--------------------------------------------
Proportion of membership of each pre-defined
 population in each of the 3 clusters

Given    Inferred Clusters       Number of
 Pop       1      2      3      Individuals

  1:     0.336  0.329  0.334      358
  2:     0.334  0.333  0.333      1039
  3:     0.336  0.334  0.330      603
--------------------------------------------

  Rep#:   Lambda   Alpha      F1    F2    F3     D1,2  D1,3  D2,3    Ln Like  Est Ln P(D)
331000:    1.00    8.011    0.140 0.000 0.138    0.051 0.125 0.050   -125289    0 
331100:    1.00    7.859    0.114 0.000 0.135    0.049 0.127 0.056   -125262    0 
331200:    1.00    8.243    0.116 0.000 0.187    0.047 0.112 0.057   -125258    0 
331300:    1.00    8.065    0.119 0.000 0.173    0.050 0.129 0.071   -125238    0 
331400:    1.00    8.028    0.109 0.000 0.223    0.053 0.123 0.069   -125233    0 
331500:    1.00    7.932    0.122 0.000 0.172    0.051 0.109 0.059   -125255    0 
331600:    1.00    8.076    0.159 0.000 0.170    0.058 0.130 0.070   -125222    0 
331700:    1.00    8.085    0.164 0.000 0.205    0.054 0.120 0.061   -125211    0 
331800:    1.00    8.098    0.127 0.000 0.192    0.054 0.118 0.059   -125277    0 
331900:    1.00    8.249    0.110 0.000 0.122    0.046 0.110 0.056   -125312    0 

--------------------------------------------
Proportion of membership of each pre-defined
 population in each of the 3 clusters

Given    Inferred Clusters       Number of
 Pop       1      2      3      Individuals

  1:     0.333  0.339  0.328      358
  2:     0.337  0.330  0.333      1039
  3:     0.335  0.333  0.332      603
--------------------------------------------

  Rep#:   Lambda   Alpha      F1    F2    F3     D1,2  D1,3  D2,3    Ln Like  Est Ln P(D)
332000:    1.00    8.278    0.165 0.000 0.130    0.060 0.139 0.057   -125238    0 
332100:    1.00    7.813    0.119 0.000 0.143    0.043 0.107 0.055   -125310    0 
332200:    1.00    7.994    0.073 0.000 0.128    0.031 0.083 0.057   -125349    0 
332300:    1.00    8.044    0.084 0.000 0.164    0.030 0.098 0.060   -125346    0 
332400:    1.00    8.138    0.073 0.000 0.157    0.029 0.099 0.070   -125313    0 
332500:    1.00    7.948    0.075 0.000 0.165    0.029 0.103 0.063   -125318    0 
332600:    1.00    8.007    0.072 0.000 0.168    0.026 0.098 0.059   -125376    0 
332700:    1.00    8.097    0.099 0.000 0.127    0.029 0.100 0.056   -125396    0 
332800:    1.00    8.209    0.084 0.000 0.139    0.034 0.107 0.060   -125387    0 
332900:    1.00    8.425    0.089 0.000 0.117    0.037 0.086 0.042   -125375    0 

--------------------------------------------
Proportion of membership of each pre-defined
 population in each of the 3 clusters

Given    Inferred Clusters       Number of
 Pop       1      2      3      Individuals

  1:     0.351  0.326  0.324      358
  2:     0.331  0.331  0.338      1039
  3:     0.333  0.332  0.334      603
--------------------------------------------

  Rep#:   Lambda   Alpha      F1    F2    F3     D1,2  D1,3  D2,3    Ln Like  Est Ln P(D)
333000:    1.00    8.356    0.098 0.000 0.101    0.036 0.088 0.048   -125365    0 
333100:    1.00    8.543    0.131 0.000 0.099    0.045 0.106 0.056   -125344    0 
333200:    1.00    8.760    0.121 0.000 0.130    0.042 0.110 0.063   -125363    0 
333300:    1.00    8.837    0.124 0.000 0.118    0.047 0.116 0.070   -125335    0 
333400:    1.00    8.971    0.130 0.000 0.174    0.042 0.097 0.055   -125320    0 
333500:    1.00    9.104    0.095 0.000 0.157    0.047 0.114 0.053   -125318    0 
333600:    1.00    8.943    0.108 0.000 0.128    0.051 0.119 0.044   -125313    0 
333700:    1.00    8.929    0.144 0.000 0.114    0.054 0.117 0.045   -125430    0 
333800:    1.00    8.494    0.118 0.000 0.130    0.052 0.107 0.054   -125308    0 
333900:    1.00    8.454    0.096 0.000 0.099    0.038 0.075 0.034   -125428    0 

--------------------------------------------
Proportion of membership of each pre-defined
 population in each of the 3 clusters

Given    Inferred Clusters       Number of
 Pop       1      2      3      Individuals

  1:     0.340  0.323  0.337      358
  2:     0.338  0.330  0.332      1039
  3:     0.329  0.332  0.339      603
--------------------------------------------

  Rep#:   Lambda   Alpha      F1    F2    F3     D1,2  D1,3  D2,3    Ln Like  Est Ln P(D)
334000:    1.00    8.288    0.085 0.000 0.089    0.039 0.085 0.040   -125418    0 
334100:    1.00    8.016    0.100 0.000 0.117    0.039 0.109 0.052   -125333    0 
334200:    1.00    7.612    0.105 0.000 0.125    0.048 0.110 0.057   -125322    0 
334300:    1.00    7.595    0.095 0.000 0.106    0.041 0.081 0.040   -125361    0 
334400:    1.00    7.968    0.096 0.000 0.074    0.042 0.079 0.032   -125500    0 
334500:    1.00    7.892    0.094 0.000 0.076    0.040 0.090 0.038   -125401    0 
334600:    1.00    8.241    0.116 0.000 0.099    0.042 0.093 0.045   -125389    0 
334700:    1.00    8.194    0.102 0.000 0.132    0.036 0.094 0.050   -125381    0 
334800:    1.00    7.865    0.088 0.000 0.138    0.039 0.104 0.060   -125339    0 
334900:    1.00    7.926    0.143 0.000 0.106    0.038 0.084 0.049   -125373    0 

--------------------------------------------
Proportion of membership of each pre-defined
 population in each of the 3 clusters

Given    Inferred Clusters       Number of
 Pop       1      2      3      Individuals

  1:     0.332  0.340  0.327      358
  2:     0.338  0.331  0.331      1039
  3:     0.338  0.328  0.333      603
--------------------------------------------

  Rep#:   Lambda   Alpha      F1    F2    F3     D1,2  D1,3  D2,3    Ln Like  Est Ln P(D)
335000:    1.00    7.992    0.115 0.000 0.130    0.046 0.094 0.046   -125375    0 
335100:    1.00    7.921    0.088 0.000 0.137    0.038 0.091 0.055   -125349    0 
335200:    1.00    8.403    0.096 0.000 0.137    0.045 0.098 0.053   -125407    0 
335300:    1.00    8.563    0.099 0.000 0.127    0.040 0.085 0.046   -125363    0 
335400:    1.00    8.895    0.101 0.000 0.086    0.036 0.085 0.044   -125399    0 
335500:    1.00    9.019    0.100 0.000 0.091    0.044 0.095 0.042   -125476    0 
335600:    1.00    8.865    0.113 0.000 0.121    0.048 0.091 0.042   -125399    0 
335700:    1.00    8.721    0.152 0.000 0.106    0.068 0.113 0.045   -125360    0 
335800:    1.00    8.702    0.102 0.000 0.119    0.048 0.094 0.043   -125353    0 
335900:    1.00    8.628    0.120 0.000 0.103    0.053 0.109 0.043   -125371    0 

--------------------------------------------
Proportion of membership of each pre-defined
 population in each of the 3 clusters

Given    Inferred Clusters       Number of
 Pop       1      2      3      Individuals

  1:     0.337  0.334  0.329      358
  2:     0.337  0.334  0.330      1039
  3:     0.338  0.331  0.331      603
--------------------------------------------

  Rep#:   Lambda   Alpha      F1    F2    F3     D1,2  D1,3  D2,3    Ln Like  Est Ln P(D)
336000:    1.00    7.814    0.104 0.000 0.116    0.043 0.096 0.045   -125336    0 
336100:    1.00    7.556    0.111 0.000 0.129    0.054 0.113 0.051   -125242    0 
336200:    1.00    7.020    0.109 0.000 0.096    0.037 0.090 0.043   -125251    0 
336300:    1.00    7.113    0.106 0.000 0.119    0.036 0.076 0.037   -125328    0 
336400:    1.00    7.333    0.115 0.000 0.148    0.038 0.103 0.049   -125328    0 
336500:    1.00    7.070    0.123 0.000 0.159    0.048 0.108 0.049   -125273    0 
336600:    1.00    7.057    0.089 0.000 0.165    0.043 0.105 0.052   -125281    0 
336700:    1.00    7.322    0.093 0.000 0.193    0.034 0.094 0.056   -125312    0 
336800:    1.00    7.347    0.092 0.000 0.152    0.045 0.104 0.051   -125261    0 
336900:    1.00    7.187    0.102 0.000 0.148    0.045 0.104 0.048   -125286    0 

--------------------------------------------
Proportion of membership of each pre-defined
 population in each of the 3 clusters

Given    Inferred Clusters       Number of
 Pop       1      2      3      Individuals

  1:     0.334  0.334  0.332      358
  2:     0.334  0.332  0.334      1039
  3:     0.337  0.330  0.333      603
--------------------------------------------

  Rep#:   Lambda   Alpha      F1    F2    F3     D1,2  D1,3  D2,3    Ln Like  Est Ln P(D)
337000:    1.00    6.991    0.090 0.000 0.195    0.039 0.100 0.048   -125274    0 
337100:    1.00    6.805    0.077 0.000 0.122    0.035 0.094 0.046   -125264    0 
337200:    1.00    7.087    0.080 0.000 0.172    0.031 0.084 0.040   -125307    0 
337300:    1.00    6.840    0.078 0.000 0.132    0.032 0.082 0.050   -125270    0 
337400:    1.00    7.252    0.103 0.000 0.140    0.042 0.090 0.045   -125282    0 
337500:    1.00    6.966    0.125 0.000 0.120    0.036 0.094 0.045   -125270    0 
337600:    1.00    7.129    0.084 0.000 0.156    0.040 0.102 0.045   -125243    0 
337700:    1.00    7.208    0.091 0.000 0.138    0.040 0.096 0.045   -125332    0 
337800:    1.00    7.552    0.129 0.000 0.125    0.056 0.106 0.047   -125278    0 
337900:    1.00    7.489    0.119 0.000 0.160    0.050 0.108 0.051   -125209    0 

--------------------------------------------
Proportion of membership of each pre-defined
 population in each of the 3 clusters

Given    Inferred Clusters       Number of
 Pop       1      2      3      Individuals

  1:     0.327  0.337  0.336      358
  2:     0.337  0.334  0.330      1039
  3:     0.332  0.334  0.334      603
--------------------------------------------

  Rep#:   Lambda   Alpha      F1    F2    F3     D1,2  D1,3  D2,3    Ln Like  Est Ln P(D)
338000:    1.00    7.880    0.091 0.000 0.120    0.040 0.087 0.044   -125351    0 
338100:    1.00    8.122    0.090 0.000 0.104    0.046 0.110 0.054   -125288    0 
338200:    1.00    8.006    0.111 0.000 0.149    0.050 0.109 0.061   -125308    0 
338300:    1.00    7.659    0.095 0.000 0.126    0.041 0.088 0.048   -125363    0 
338400:    1.00    7.689    0.078 0.000 0.096    0.036 0.082 0.048   -125345    0 
338500:    1.00    7.679    0.085 0.000 0.119    0.037 0.091 0.041   -125333    0 
338600:    1.00    7.457    0.117 0.000 0.132    0.042 0.102 0.051   -125322    0 
338700:    1.00    7.327    0.077 0.000 0.147    0.039 0.094 0.049   -125290    0 
338800:    1.00    7.662    0.118 0.000 0.131    0.038 0.096 0.049   -125300    0 
338900:    1.00    7.821    0.082 0.000 0.124    0.045 0.108 0.049   -125334    0 

--------------------------------------------
Proportion of membership of each pre-defined
 population in each of the 3 clusters

Given    Inferred Clusters       Number of
 Pop       1      2      3      Individuals

  1:     0.339  0.329  0.332      358
  2:     0.333  0.331  0.336      1039
  3:     0.335  0.332  0.333      603
--------------------------------------------

  Rep#:   Lambda   Alpha      F1    F2    F3     D1,2  D1,3  D2,3    Ln Like  Est Ln P(D)
339000:    1.00    7.798    0.115 0.000 0.144    0.044 0.117 0.061   -125275    0 
339100:    1.00    7.690    0.145 0.000 0.118    0.052 0.108 0.047   -125296    0 
339200:    1.00    7.532    0.123 0.000 0.126    0.049 0.085 0.033   -125310    0 
339300:    1.00    7.727    0.122 0.000 0.140    0.048 0.086 0.043   -125317    0 
339400:    1.00    7.686    0.132 0.000 0.156    0.055 0.101 0.048   -125261    0 
339500:    1.00    7.715    0.111 0.000 0.153    0.045 0.101 0.057   -125283    0 
339600:    1.00    7.264    0.106 0.000 0.155    0.045 0.096 0.063   -125260    0 
339700:    1.00    7.061    0.117 0.000 0.165    0.038 0.079 0.052   -125290    0 
339800:    1.00    7.083    0.172 0.000 0.111    0.062 0.092 0.041   -125223    0 
339900:    1.00    6.736    0.164 0.000 0.142    0.058 0.104 0.050   -125271    0 

--------------------------------------------
Proportion of membership of each pre-defined
 population in each of the 3 clusters

Given    Inferred Clusters       Number of
 Pop       1      2      3      Individuals

  1:     0.334  0.324  0.341      358
  2:     0.335  0.337  0.328      1039
  3:     0.335  0.340  0.325      603
--------------------------------------------

  Rep#:   Lambda   Alpha      F1    F2    F3     D1,2  D1,3  D2,3    Ln Like  Est Ln P(D)
340000:    1.00    6.646    0.119 0.000 0.143    0.054 0.117 0.056   -125248    0 
340100:    1.00    6.669    0.113 0.000 0.136    0.049 0.102 0.051   -125280    0 
340200:    1.00    6.889    0.122 0.000 0.131    0.052 0.102 0.048   -125263    0 
340300:    1.00    6.997    0.138 0.000 0.162    0.049 0.096 0.049   -125278    0 
340400:    1.00    6.901    0.118 0.000 0.119    0.056 0.111 0.046   -125256    0 
340500:    1.00    7.408    0.142 0.000 0.117    0.051 0.102 0.040   -125296    0 
340600:    1.00    7.487    0.129 0.000 0.107    0.050 0.088 0.039   -125295    0 
340700:    1.00    7.829    0.114 0.000 0.103    0.053 0.109 0.046   -125248    0 
340800:    1.00    7.611    0.128 0.000 0.143    0.057 0.124 0.048   -125254    0 
340900:    1.00    7.557    0.095 0.000 0.127    0.047 0.109 0.055   -125305    0 

--------------------------------------------
Proportion of membership of each pre-defined
 population in each of the 3 clusters

Given    Inferred Clusters       Number of
 Pop       1      2      3      Individuals

  1:     0.334  0.333  0.333      358
  2:     0.331  0.336  0.333      1039
  3:     0.330  0.338  0.332      603
--------------------------------------------

  Rep#:   Lambda   Alpha      F1    F2    F3     D1,2  D1,3  D2,3    Ln Like  Est Ln P(D)
341000:    1.00    7.614    0.084 0.000 0.194    0.048 0.108 0.054   -125267    0 
341100:    1.00    7.588    0.083 0.000 0.154    0.043 0.112 0.059   -125239    0 
341200:    1.00    8.004    0.117 0.000 0.155    0.044 0.128 0.065   -125285    0 
341300:    1.00    8.128    0.102 0.000 0.186    0.061 0.139 0.062   -125248    0 
341400:    1.00    8.514    0.124 0.000 0.178    0.057 0.117 0.067   -125273    0 
341500:    1.00    8.819    0.095 0.000 0.171    0.052 0.120 0.065   -125372    0 
341600:    1.00    8.788    0.110 0.000 0.165    0.057 0.110 0.062   -125321    0 
341700:    1.00    8.695    0.107 0.000 0.165    0.051 0.114 0.055   -125299    0 
341800:    1.00    8.286    0.148 0.000 0.151    0.056 0.109 0.047   -125331    0 
341900:    1.00    8.052    0.139 0.000 0.154    0.052 0.112 0.051   -125301    0 

--------------------------------------------
Proportion of membership of each pre-defined
 population in each of the 3 clusters

Given    Inferred Clusters       Number of
 Pop       1      2      3      Individuals

  1:     0.337  0.332  0.330      358
  2:     0.338  0.327  0.335      1039
  3:     0.333  0.333  0.333      603
--------------------------------------------

  Rep#:   Lambda   Alpha      F1    F2    F3     D1,2  D1,3  D2,3    Ln Like  Est Ln P(D)
342000:    1.00    7.664    0.112 0.000 0.122    0.042 0.109 0.060   -125324    0 
342100:    1.00    8.118    0.089 0.000 0.130    0.038 0.108 0.062   -125317    0 
342200:    1.00    8.114    0.115 0.000 0.157    0.049 0.123 0.064   -125303    0 
342300:    1.00    8.406    0.133 0.000 0.148    0.057 0.132 0.053   -125268    0 
342400:    1.00    8.338    0.165 0.000 0.111    0.064 0.131 0.052   -125242    0 
342500:    1.00    8.489    0.165 0.000 0.100    0.057 0.106 0.046   -125258    0 
342600:    1.00    8.508    0.130 0.000 0.149    0.051 0.108 0.045   -125343    0 
342700:    1.00    8.155    0.113 0.000 0.118    0.043 0.107 0.052   -125351    0 
342800:    1.00    8.144    0.098 0.000 0.109    0.035 0.076 0.041   -125363    0 
342900:    1.00    8.105    0.117 0.000 0.125    0.039 0.087 0.049   -125263    0 

--------------------------------------------
Proportion of membership of each pre-defined
 population in each of the 3 clusters

Given    Inferred Clusters       Number of
 Pop       1      2      3      Individuals

  1:     0.336  0.342  0.322      358
  2:     0.336  0.330  0.334      1039
  3:     0.337  0.333  0.330      603
--------------------------------------------

  Rep#:   Lambda   Alpha      F1    F2    F3     D1,2  D1,3  D2,3    Ln Like  Est Ln P(D)
343000:    1.00    8.591    0.119 0.000 0.114    0.049 0.123 0.056   -125346    0 
343100:    1.00    8.496    0.093 0.000 0.143    0.045 0.121 0.057   -125301    0 
343200:    1.00    8.763    0.130 0.000 0.119    0.059 0.120 0.047   -125339    0 
343300:    1.00    8.792    0.172 0.000 0.117    0.067 0.128 0.056   -125301    0 
343400:    1.00    9.023    0.122 0.000 0.147    0.056 0.112 0.053   -125311    0 
343500:    1.00    9.289    0.109 0.000 0.109    0.054 0.108 0.045   -125383    0 
343600:    1.00    9.158    0.105 0.000 0.095    0.052 0.098 0.039   -125400    0 
343700:    1.00    9.120    0.137 0.000 0.116    0.057 0.112 0.045   -125327    0 
343800:    1.00    9.341    0.162 0.000 0.115    0.056 0.106 0.040   -125372    0 
343900:    1.00    9.494    0.146 0.000 0.111    0.052 0.107 0.041   -125363    0 

--------------------------------------------
Proportion of membership of each pre-defined
 population in each of the 3 clusters

Given    Inferred Clusters       Number of
 Pop       1      2      3      Individuals

  1:     0.332  0.333  0.335      358
  2:     0.338  0.327  0.335      1039
  3:     0.338  0.328  0.334      603
--------------------------------------------

  Rep#:   Lambda   Alpha      F1    F2    F3     D1,2  D1,3  D2,3    Ln Like  Est Ln P(D)
344000:    1.00    9.450    0.112 0.000 0.098    0.054 0.106 0.038   -125383    0 
344100:    1.00    9.882    0.114 0.000 0.111    0.052 0.083 0.032   -125370    0 
344200:    1.00    9.692    0.126 0.000 0.086    0.047 0.070 0.030   -125468    0 
344300:    1.00    9.728    0.133 0.000 0.145    0.054 0.108 0.052   -125394    0 
344400:    1.00    9.834    0.117 0.000 0.136    0.061 0.117 0.052   -125332    0 
344500:    1.00    9.703    0.124 0.000 0.102    0.054 0.115 0.050   -125389    0 
344600:    1.00    9.197    0.113 0.000 0.139    0.059 0.130 0.047   -125332    0 
344700:    1.00    9.105    0.148 0.000 0.105    0.060 0.132 0.052   -125309    0 
344800:    1.00    9.464    0.145 0.000 0.136    0.063 0.133 0.049   -125331    0 
344900:    1.00    9.723    0.153 0.000 0.126    0.058 0.121 0.051   -125314    0 

--------------------------------------------
Proportion of membership of each pre-defined
 population in each of the 3 clusters

Given    Inferred Clusters       Number of
 Pop       1      2      3      Individuals

  1:     0.340  0.332  0.328      358
  2:     0.335  0.336  0.329      1039
  3:     0.331  0.336  0.332      603
--------------------------------------------

  Rep#:   Lambda   Alpha      F1    F2    F3     D1,2  D1,3  D2,3    Ln Like  Est Ln P(D)
345000:    1.00    9.880    0.137 0.000 0.135    0.066 0.140 0.061   -125297    0 
345100:    1.00    9.916    0.144 0.000 0.149    0.055 0.115 0.054   -125382    0 
345200:    1.00    9.925    0.150 0.000 0.118    0.057 0.106 0.049   -125362    0 
345300:    1.00    9.872    0.144 0.000 0.138    0.053 0.105 0.051   -125350    0 
345400:    1.00    9.899    0.171 0.000 0.138    0.063 0.109 0.041   -125344    0 
345500:    1.00    9.863    0.117 0.000 0.113    0.055 0.103 0.058   -125392    0 
345600:    1.00    9.914    0.126 0.000 0.156    0.054 0.129 0.068   -125361    0 
345700:    1.00    9.727    0.128 0.000 0.151    0.049 0.121 0.053   -125307    0 
345800:    1.00    9.682    0.131 0.000 0.162    0.048 0.114 0.060   -125313    0 
345900:    1.00    9.906    0.130 0.000 0.140    0.049 0.087 0.050   -125365    0 

--------------------------------------------
Proportion of membership of each pre-defined
 population in each of the 3 clusters

Given    Inferred Clusters       Number of
 Pop       1      2      3      Individuals

  1:     0.334  0.334  0.332      358
  2:     0.337  0.331  0.332      1039
  3:     0.335  0.331  0.334      603
--------------------------------------------

  Rep#:   Lambda   Alpha      F1    F2    F3     D1,2  D1,3  D2,3    Ln Like  Est Ln P(D)
346000:    1.00    9.553    0.140 0.000 0.112    0.056 0.096 0.042   -125359    0 
346100:    1.00    9.149    0.137 0.000 0.126    0.063 0.108 0.041   -125336    0 
346200:    1.00    9.101    0.153 0.000 0.132    0.068 0.119 0.043   -125313    0 
346300:    1.00    9.286    0.156 0.000 0.116    0.059 0.115 0.048   -125319    0 
346400:    1.00    9.272    0.145 0.000 0.117    0.056 0.112 0.045   -125349    0 
346500:    1.00    9.276    0.116 0.001 0.111    0.045 0.092 0.043   -125357    0 
346600:    1.00    9.418    0.130 0.001 0.113    0.045 0.090 0.047   -125365    0 
346700:    1.00    9.440    0.151 0.001 0.121    0.040 0.090 0.049   -125399    0 
346800:    1.00    9.752    0.145 0.001 0.152    0.051 0.118 0.046   -125379    0 
346900:    1.00    9.877    0.093 0.001 0.161    0.041 0.098 0.052   -125350    0 

--------------------------------------------
Proportion of membership of each pre-defined
 population in each of the 3 clusters

Given    Inferred Clusters       Number of
 Pop       1      2      3      Individuals

  1:     0.333  0.335  0.332      358
  2:     0.336  0.331  0.332      1039
  3:     0.333  0.334  0.333      603
--------------------------------------------

  Rep#:   Lambda   Alpha      F1    F2    F3     D1,2  D1,3  D2,3    Ln Like  Est Ln P(D)
347000:    1.00    9.750    0.124 0.001 0.118    0.050 0.115 0.048   -125374    0 
347100:    1.00    9.649    0.158 0.001 0.109    0.063 0.125 0.055   -125356    0 
347200:    1.00    9.643    0.136 0.001 0.090    0.055 0.112 0.043   -125367    0 
347300:    1.00    9.717    0.102 0.001 0.102    0.055 0.118 0.046   -125392    0 
347400:    1.00    9.907    0.111 0.001 0.117    0.049 0.105 0.053   -125377    0 
347500:    1.00    9.761    0.096 0.001 0.120    0.037 0.092 0.045   -125473    0 
347600:    1.00    9.618    0.098 0.001 0.094    0.045 0.090 0.037   -125417    0 
347700:    1.00    9.543    0.074 0.001 0.061    0.029 0.056 0.028   -125491    0 
347800:    1.00    9.281    0.088 0.001 0.107    0.029 0.079 0.039   -125453    0 
347900:    1.00    9.247    0.068 0.001 0.086    0.031 0.082 0.046   -125394    0 

--------------------------------------------
Proportion of membership of each pre-defined
 population in each of the 3 clusters

Given    Inferred Clusters       Number of
 Pop       1      2      3      Individuals

  1:     0.329  0.334  0.337      358
  2:     0.334  0.335  0.330      1039
  3:     0.329  0.336  0.336      603
--------------------------------------------

  Rep#:   Lambda   Alpha      F1    F2    F3     D1,2  D1,3  D2,3    Ln Like  Est Ln P(D)
348000:    1.00    9.113    0.094 0.001 0.160    0.039 0.089 0.046   -125461    0 
348100:    1.00    8.775    0.106 0.001 0.136    0.036 0.090 0.053   -125385    0 
348200:    1.00    8.999    0.105 0.001 0.123    0.031 0.082 0.052   -125415    0 
348300:    1.00    9.121    0.096 0.001 0.100    0.037 0.068 0.039   -125414    0 
348400:    1.00    9.077    0.069 0.001 0.135    0.031 0.078 0.044   -125455    0 
348500:    1.00    8.870    0.066 0.001 0.124    0.031 0.073 0.046   -125406    0 
348600:    1.00    8.599    0.082 0.001 0.136    0.026 0.071 0.042   -125406    0 
348700:    1.00    8.673    0.095 0.001 0.105    0.033 0.075 0.040   -125422    0 
348800:    1.00    8.574    0.118 0.000 0.110    0.038 0.084 0.045   -125353    0 
348900:    1.00    8.647    0.137 0.000 0.107    0.047 0.093 0.043   -125323    0 

--------------------------------------------
Proportion of membership of each pre-defined
 population in each of the 3 clusters

Given    Inferred Clusters       Number of
 Pop       1      2      3      Individuals

  1:     0.331  0.327  0.342      358
  2:     0.335  0.328  0.338      1039
  3:     0.335  0.333  0.332      603
--------------------------------------------

  Rep#:   Lambda   Alpha      F1    F2    F3     D1,2  D1,3  D2,3    Ln Like  Est Ln P(D)
349000:    1.00    8.954    0.122 0.000 0.128    0.048 0.092 0.040   -125333    0 
349100:    1.00    9.162    0.108 0.000 0.132    0.042 0.097 0.047   -125350    0 
349200:    1.00    9.064    0.126 0.001 0.138    0.041 0.122 0.068   -125337    0 
349300:    1.00    9.350    0.123 0.001 0.154    0.042 0.131 0.068   -125275    0 
349400:    1.00    9.468    0.110 0.001 0.164    0.047 0.130 0.063   -125317    0 
349500:    1.00    9.426    0.100 0.001 0.169    0.043 0.127 0.064   -125350    0 
349600:    1.00    9.487    0.113 0.001 0.173    0.047 0.107 0.058   -125352    0 
349700:    1.00    9.278    0.113 0.000 0.142    0.045 0.104 0.050   -125361    0 
349800:    1.00    8.982    0.102 0.000 0.179    0.044 0.118 0.056   -125319    0 
349900:    1.00    8.770    0.099 0.000 0.134    0.036 0.105 0.063   -125354    0 

--------------------------------------------
Proportion of membership of each pre-defined
 population in each of the 3 clusters

Given    Inferred Clusters       Number of
 Pop       1      2      3      Individuals

  1:     0.327  0.341  0.333      358
  2:     0.330  0.336  0.334      1039
  3:     0.329  0.331  0.339      603
--------------------------------------------

  Rep#:   Lambda   Alpha      F1    F2    F3     D1,2  D1,3  D2,3    Ln Like  Est Ln P(D)
350000:    1.00    8.745    0.103 0.000 0.179    0.036 0.113 0.066   -125364    0 
350100:    1.00    8.790    0.082 0.000 0.207    0.031 0.111 0.068   -125334    0 
350200:    1.00    9.107    0.114 0.000 0.161    0.037 0.105 0.066   -125378    0 
350300:    1.00    8.875    0.091 0.000 0.125    0.031 0.088 0.059   -125371    0 
350400:    1.00    9.059    0.107 0.000 0.166    0.046 0.107 0.058   -125329    0 
350500:    1.00    9.159    0.126 0.000 0.182    0.036 0.109 0.073   -125303    0 
350600:    1.00    8.992    0.105 0.000 0.152    0.037 0.123 0.069   -125303    0 
350700:    1.00    9.110    0.136 0.000 0.154    0.034 0.125 0.069   -125255    0 
350800:    1.00    9.132    0.117 0.000 0.181    0.043 0.134 0.076   -125256    0 
350900:    1.00    9.392    0.112 0.000 0.187    0.038 0.127 0.075   -125247    0 

--------------------------------------------
Proportion of membership of each pre-defined
 population in each of the 3 clusters

Given    Inferred Clusters       Number of
 Pop       1      2      3      Individuals

  1:     0.330  0.339  0.331      358
  2:     0.338  0.329  0.334      1039
  3:     0.332  0.330  0.338      603
--------------------------------------------

  Rep#:   Lambda   Alpha      F1    F2    F3     D1,2  D1,3  D2,3    Ln Like  Est Ln P(D)
351000:    1.00    9.688    0.125 0.000 0.207    0.041 0.135 0.075   -125289    0 
351100:    1.00    9.494    0.129 0.000 0.207    0.045 0.106 0.058   -125298    0 
351200:    1.00    9.205    0.134 0.000 0.176    0.053 0.129 0.065   -125300    0 
351300:    1.00    9.231    0.127 0.000 0.112    0.044 0.111 0.057   -125297    0 
351400:    1.00    9.444    0.156 0.000 0.168    0.049 0.121 0.054   -125316    0 
351500:    1.00    9.716    0.137 0.000 0.162    0.061 0.142 0.063   -125301    0 
351600:    1.00    9.901    0.118 0.000 0.193    0.056 0.141 0.060   -125350    0 
351700:    1.00    9.755    0.145 0.000 0.151    0.058 0.161 0.072   -125296    0 
351800:    1.00    9.735    0.124 0.000 0.173    0.049 0.151 0.077   -125295    0 
351900:    1.00    9.744    0.111 0.000 0.157    0.050 0.156 0.074   -125300    0 

--------------------------------------------
Proportion of membership of each pre-defined
 population in each of the 3 clusters

Given    Inferred Clusters       Number of
 Pop       1      2      3      Individuals

  1:     0.330  0.340  0.329      358
  2:     0.335  0.334  0.331      1039
  3:     0.331  0.332  0.337      603
--------------------------------------------

  Rep#:   Lambda   Alpha      F1    F2    F3     D1,2  D1,3  D2,3    Ln Like  Est Ln P(D)
352000:    1.00    9.659    0.099 0.000 0.154    0.040 0.126 0.073   -125362    0 
352100:    1.00    9.774    0.093 0.000 0.191    0.029 0.106 0.071   -125363    0 
352200:    1.00    9.538    0.076 0.000 0.212    0.030 0.117 0.077   -125336    0 
352300:    1.00    9.835    0.115 0.000 0.135    0.042 0.116 0.070   -125350    0 
352400:    1.00    9.960    0.098 0.000 0.171    0.040 0.109 0.063   -125397    0 
352500:    1.00    9.782    0.127 0.000 0.179    0.050 0.125 0.070   -125377    0 
352600:    1.00    9.910    0.116 0.000 0.124    0.037 0.113 0.066   -125366    0 
352700:    1.00    9.503    0.136 0.000 0.132    0.051 0.105 0.055   -125365    0 
352800:    1.00    9.079    0.143 0.000 0.141    0.053 0.109 0.062   -125302    0 
352900:    1.00    9.052    0.170 0.000 0.197    0.056 0.130 0.084   -125273    0 

--------------------------------------------
Proportion of membership of each pre-defined
 population in each of the 3 clusters

Given    Inferred Clusters       Number of
 Pop       1      2      3      Individuals

  1:     0.338  0.333  0.329      358
  2:     0.335  0.330  0.335      1039
  3:     0.338  0.330  0.331      603
--------------------------------------------

  Rep#:   Lambda   Alpha      F1    F2    F3     D1,2  D1,3  D2,3    Ln Like  Est Ln P(D)
353000:    1.00    8.997    0.126 0.000 0.196    0.053 0.138 0.071   -125236    0 
353100:    1.00    9.203    0.133 0.000 0.175    0.046 0.132 0.071   -125320    0 
353200:    1.00    9.314    0.141 0.000 0.150    0.048 0.125 0.071   -125300    0 
353300:    1.00    9.349    0.141 0.000 0.162    0.057 0.147 0.069   -125302    0 
353400:    1.00    9.638    0.109 0.000 0.164    0.048 0.124 0.062   -125293    0 
353500:    1.00    9.878    0.137 0.000 0.140    0.056 0.136 0.070   -125317    0 
353600:    1.00    9.874    0.094 0.000 0.135    0.049 0.121 0.070   -125352    0 
353700:    1.00    9.877    0.122 0.000 0.198    0.059 0.131 0.073   -125347    0 
353800:    1.00    9.685    0.123 0.000 0.151    0.044 0.089 0.060   -125423    0 
353900:    1.00    9.754    0.110 0.000 0.158    0.042 0.099 0.065   -125389    0 

--------------------------------------------
Proportion of membership of each pre-defined
 population in each of the 3 clusters

Given    Inferred Clusters       Number of
 Pop       1      2      3      Individuals

  1:     0.339  0.333  0.328      358
  2:     0.332  0.334  0.334      1039
  3:     0.337  0.332  0.332      603
--------------------------------------------

  Rep#:   Lambda   Alpha      F1    F2    F3     D1,2  D1,3  D2,3    Ln Like  Est Ln P(D)
354000:    1.00    9.985    0.103 0.000 0.160    0.048 0.111 0.073   -125418    0 
354100:    1.00    9.544    0.087 0.000 0.138    0.038 0.107 0.063   -125403    0 
354200:    1.00    9.690    0.107 0.000 0.150    0.041 0.113 0.052   -125392    0 
354300:    1.00    9.786    0.095 0.000 0.170    0.040 0.112 0.062   -125308    0 
354400:    1.00    9.538    0.100 0.000 0.149    0.030 0.104 0.065   -125409    0 
354500:    1.00    9.628    0.127 0.000 0.116    0.037 0.108 0.055   -125397    0 
354600:    1.00    9.819    0.128 0.000 0.145    0.041 0.116 0.058   -125342    0 
354700:    1.00    9.635    0.142 0.000 0.147    0.048 0.098 0.046   -125352    0 
354800:    1.00    9.536    0.139 0.000 0.112    0.045 0.098 0.052   -125329    0 
354900:    1.00    9.630    0.117 0.000 0.162    0.040 0.108 0.065   -125306    0 

--------------------------------------------
Proportion of membership of each pre-defined
 population in each of the 3 clusters

Given    Inferred Clusters       Number of
 Pop       1      2      3      Individuals

  1:     0.325  0.344  0.331      358
  2:     0.329  0.331  0.340      1039
  3:     0.331  0.339  0.331      603
--------------------------------------------

  Rep#:   Lambda   Alpha      F1    F2    F3     D1,2  D1,3  D2,3    Ln Like  Est Ln P(D)
355000:    1.00    9.890    0.122 0.000 0.149    0.041 0.116 0.066   -125342    0 
355100:    1.00    9.868    0.170 0.000 0.184    0.051 0.130 0.070   -125338    0 
355200:    1.00    9.880    0.106 0.000 0.176    0.041 0.128 0.068   -125320    0 
355300:    1.00    9.884    0.114 0.000 0.152    0.049 0.120 0.057   -125348    0 
355400:    1.00    9.602    0.103 0.000 0.132    0.051 0.118 0.063   -125348    0 
355500:    1.00    9.649    0.103 0.000 0.131    0.034 0.096 0.064   -125352    0 
355600:    1.00    9.484    0.118 0.000 0.231    0.042 0.123 0.072   -125342    0 
355700:    1.00    9.437    0.085 0.000 0.171    0.044 0.117 0.062   -125308    0 
355800:    1.00    9.290    0.115 0.000 0.112    0.052 0.103 0.045   -125374    0 
355900:    1.00    9.132    0.122 0.000 0.142    0.051 0.096 0.043   -125414    0 

--------------------------------------------
Proportion of membership of each pre-defined
 population in each of the 3 clusters

Given    Inferred Clusters       Number of
 Pop       1      2      3      Individuals

  1:     0.335  0.329  0.337      358
  2:     0.333  0.335  0.332      1039
  3:     0.336  0.334  0.330      603
--------------------------------------------

  Rep#:   Lambda   Alpha      F1    F2    F3     D1,2  D1,3  D2,3    Ln Like  Est Ln P(D)
356000:    1.00    8.919    0.109 0.000 0.137    0.043 0.090 0.040   -125372    0 
356100:    1.00    9.392    0.092 0.000 0.142    0.040 0.084 0.039   -125390    0 
356200:    1.00    9.222    0.121 0.000 0.120    0.051 0.098 0.043   -125387    0 
356300:    1.00    9.242    0.158 0.000 0.135    0.043 0.113 0.059   -125304    0 
356400:    1.00    9.700    0.110 0.000 0.188    0.052 0.146 0.064   -125320    0 
356500:    1.00    9.799    0.122 0.000 0.183    0.036 0.120 0.062   -125332    0 
356600:    1.00    9.745    0.093 0.000 0.163    0.039 0.126 0.070   -125378    0 
356700:    1.00    9.819    0.100 0.000 0.175    0.048 0.138 0.067   -125326    0 
356800:    1.00    9.612    0.118 0.000 0.168    0.044 0.118 0.063   -125339    0 
356900:    1.00    9.461    0.120 0.000 0.139    0.042 0.108 0.054   -125336    0 

--------------------------------------------
Proportion of membership of each pre-defined
 population in each of the 3 clusters

Given    Inferred Clusters       Number of
 Pop       1      2      3      Individuals

  1:     0.342  0.334  0.324      358
  2:     0.334  0.331  0.335      1039
  3:     0.340  0.327  0.333      603
--------------------------------------------

  Rep#:   Lambda   Alpha      F1    F2    F3     D1,2  D1,3  D2,3    Ln Like  Est Ln P(D)
357000:    1.00    9.597    0.122 0.000 0.156    0.054 0.117 0.060   -125320    0 
357100:    1.00    9.494    0.168 0.000 0.144    0.056 0.135 0.072   -125296    0 
357200:    1.00    9.585    0.149 0.000 0.155    0.052 0.112 0.063   -125335    0 
357300:    1.00    9.363    0.176 0.000 0.146    0.046 0.122 0.070   -125333    0 
357400:    1.00    9.240    0.118 0.000 0.187    0.046 0.120 0.063   -125276    0 
357500:    1.00    9.057    0.085 0.000 0.171    0.038 0.131 0.079   -125259    0 
357600:    1.00    9.030    0.096 0.000 0.170    0.036 0.142 0.085   -125250    0 
357700:    1.00    8.992    0.081 0.000 0.164    0.038 0.115 0.061   -125310    0 
357800:    1.00    9.230    0.104 0.000 0.174    0.039 0.117 0.064   -125342    0 
357900:    1.00    9.076    0.101 0.000 0.181    0.044 0.124 0.062   -125285    0 

--------------------------------------------
Proportion of membership of each pre-defined
 population in each of the 3 clusters

Given    Inferred Clusters       Number of
 Pop       1      2      3      Individuals

  1:     0.339  0.332  0.329      358
  2:     0.332  0.332  0.336      1039
  3:     0.332  0.336  0.332      603
--------------------------------------------

  Rep#:   Lambda   Alpha      F1    F2    F3     D1,2  D1,3  D2,3    Ln Like  Est Ln P(D)
358000:    1.00    8.880    0.110 0.000 0.158    0.050 0.122 0.058   -125291    0 
358100:    1.00    9.131    0.115 0.000 0.139    0.054 0.138 0.059   -125276    0 
358200:    1.00    9.088    0.100 0.000 0.177    0.042 0.117 0.058   -125337    0 
358300:    1.00    9.112    0.090 0.000 0.135    0.039 0.097 0.056   -125352    0 
358400:    1.00    8.881    0.082 0.000 0.166    0.041 0.116 0.068   -125328    0 
358500:    1.00    8.898    0.101 0.000 0.151    0.041 0.100 0.059   -125333    0 
358600:    1.00    8.828    0.098 0.000 0.131    0.037 0.118 0.068   -125322    0 
358700:    1.00    8.900    0.103 0.000 0.139    0.043 0.114 0.063   -125312    0 
358800:    1.00    8.805    0.109 0.000 0.125    0.049 0.113 0.055   -125337    0 
358900:    1.00    9.115    0.129 0.000 0.101    0.037 0.078 0.047   -125377    0 

--------------------------------------------
Proportion of membership of each pre-defined
 population in each of the 3 clusters

Given    Inferred Clusters       Number of
 Pop       1      2      3      Individuals

  1:     0.331  0.330  0.339      358
  2:     0.335  0.331  0.335      1039
  3:     0.336  0.331  0.333      603
--------------------------------------------

  Rep#:   Lambda   Alpha      F1    F2    F3     D1,2  D1,3  D2,3    Ln Like  Est Ln P(D)
359000:    1.00    9.158    0.091 0.000 0.125    0.039 0.080 0.043   -125338    0 
359100:    1.00    9.239    0.092 0.000 0.123    0.037 0.079 0.042   -125346    0 
359200:    1.00    9.440    0.110 0.000 0.172    0.046 0.104 0.051   -125326    0 
359300:    1.00    9.892    0.143 0.000 0.115    0.064 0.104 0.042   -125349    0 
359400:    1.00    9.927    0.159 0.000 0.118    0.055 0.108 0.041   -125366    0 
359500:    1.00    9.595    0.142 0.000 0.131    0.055 0.121 0.051   -125331    0 
359600:    1.00    9.331    0.155 0.000 0.122    0.054 0.105 0.049   -125398    0 
359700:    1.00    9.404    0.135 0.000 0.130    0.055 0.116 0.048   -125363    0 
359800:    1.00    9.309    0.137 0.000 0.128    0.059 0.129 0.053   -125319    0 
359900:    1.00    9.045    0.146 0.000 0.113    0.052 0.114 0.052   -125302    0 

--------------------------------------------
Proportion of membership of each pre-defined
 population in each of the 3 clusters

Given    Inferred Clusters       Number of
 Pop       1      2      3      Individuals

  1:     0.328  0.336  0.336      358
  2:     0.332  0.332  0.337      1039
  3:     0.329  0.331  0.340      603
--------------------------------------------

  Rep#:   Lambda   Alpha      F1    F2    F3     D1,2  D1,3  D2,3    Ln Like  Est Ln P(D)
360000:    1.00    8.692    0.152 0.000 0.086    0.049 0.113 0.045   -125303    0 
360100:    1.00    8.939    0.134 0.000 0.123    0.057 0.120 0.051   -125334    0 
360200:    1.00    8.959    0.119 0.000 0.147    0.053 0.110 0.054   -125320    0 
360300:    1.00    9.132    0.139 0.000 0.140    0.053 0.109 0.044   -125334    0 
360400:    1.00    9.088    0.095 0.000 0.129    0.052 0.105 0.037   -125328    0 
360500:    1.00    8.984    0.133 0.000 0.087    0.048 0.099 0.039   -125404    0 
360600:    1.00    8.984    0.095 0.000 0.103    0.042 0.088 0.043   -125391    0 
360700:    1.00    8.985    0.111 0.000 0.101    0.055 0.086 0.036   -125373    0 
360800:    1.00    8.658    0.133 0.000 0.136    0.052 0.098 0.043   -125302    0 
360900:    1.00    8.614    0.123 0.000 0.151    0.054 0.106 0.038   -125330    0 

--------------------------------------------
Proportion of membership of each pre-defined
 population in each of the 3 clusters

Given    Inferred Clusters       Number of
 Pop       1      2      3      Individuals

  1:     0.332  0.338  0.330      358
  2:     0.338  0.335  0.327      1039
  3:     0.333  0.329  0.338      603
--------------------------------------------

  Rep#:   Lambda   Alpha      F1    F2    F3     D1,2  D1,3  D2,3    Ln Like  Est Ln P(D)
361000:    1.00    8.350    0.129 0.000 0.144    0.046 0.090 0.042   -125349    0 
361100:    1.00    8.471    0.120 0.000 0.143    0.047 0.088 0.038   -125352    0 
361200:    1.00    8.929    0.153 0.000 0.116    0.050 0.103 0.050   -125349    0 
361300:    1.00    8.886    0.121 0.000 0.127    0.050 0.091 0.039   -125407    0 
361400:    1.00    8.855    0.108 0.000 0.115    0.049 0.103 0.033   -125396    0 
361500:    1.00    8.655    0.137 0.000 0.138    0.052 0.101 0.034   -125310    0 
361600:    1.00    8.284    0.140 0.000 0.111    0.049 0.091 0.042   -125354    0 
361700:    1.00    8.482    0.110 0.000 0.139    0.050 0.106 0.049   -125357    0 
361800:    1.00    8.269    0.124 0.000 0.143    0.049 0.098 0.039   -125353    0 
361900:    1.00    8.237    0.152 0.000 0.123    0.052 0.104 0.039   -125326    0 

--------------------------------------------
Proportion of membership of each pre-defined
 population in each of the 3 clusters

Given    Inferred Clusters       Number of
 Pop       1      2      3      Individuals

  1:     0.334  0.326  0.340      358
  2:     0.335  0.327  0.338      1039
  3:     0.334  0.329  0.337      603
--------------------------------------------

  Rep#:   Lambda   Alpha      F1    F2    F3     D1,2  D1,3  D2,3    Ln Like  Est Ln P(D)
362000:    1.00    7.916    0.102 0.000 0.112    0.034 0.100 0.050   -125277    0 
362100:    1.00    7.990    0.084 0.000 0.122    0.034 0.106 0.052   -125327    0 
362200:    1.00    8.217    0.105 0.000 0.145    0.030 0.099 0.056   -125299    0 
362300:    1.00    7.668    0.073 0.000 0.152    0.032 0.090 0.055   -125273    0 
362400:    1.00    7.822    0.102 0.000 0.152    0.031 0.108 0.066   -125319    0 
362500:    1.00    7.704    0.117 0.000 0.149    0.042 0.126 0.070   -125286    0 
362600:    1.00    8.113    0.094 0.000 0.141    0.040 0.104 0.051   -125282    0 
362700:    1.00    7.973    0.138 0.000 0.148    0.040 0.087 0.050   -125316    0 
362800:    1.00    8.215    0.078 0.000 0.166    0.033 0.080 0.051   -125379    0 
362900:    1.00    8.241    0.085 0.000 0.141    0.045 0.118 0.051   -125297    0 

--------------------------------------------
Proportion of membership of each pre-defined
 population in each of the 3 clusters

Given    Inferred Clusters       Number of
 Pop       1      2      3      Individuals

  1:     0.329  0.335  0.336      358
  2:     0.332  0.332  0.335      1039
  3:     0.332  0.337  0.331      603
--------------------------------------------

  Rep#:   Lambda   Alpha      F1    F2    F3     D1,2  D1,3  D2,3    Ln Like  Est Ln P(D)
363000:    1.00    8.535    0.131 0.000 0.132    0.051 0.135 0.056   -125304    0 
363100:    1.00    8.630    0.115 0.000 0.171    0.050 0.113 0.055   -125292    0 
363200:    1.00    8.160    0.136 0.000 0.171    0.052 0.126 0.056   -125278    0 
363300:    1.00    8.604    0.104 0.000 0.129    0.038 0.088 0.050   -125338    0 
363400:    1.00    8.383    0.099 0.000 0.126    0.047 0.103 0.047   -125361    0 
363500:    1.00    8.208    0.094 0.000 0.152    0.044 0.100 0.052   -125337    0 
363600:    1.00    8.548    0.093 0.000 0.141    0.037 0.090 0.053   -125303    0 
363700:    1.00    8.789    0.169 0.000 0.129    0.042 0.097 0.044   -125347    0 
363800:    1.00    8.726    0.120 0.000 0.089    0.042 0.085 0.032   -125357    0 
363900:    1.00    8.801    0.106 0.000 0.113    0.042 0.092 0.042   -125364    0 

--------------------------------------------
Proportion of membership of each pre-defined
 population in each of the 3 clusters

Given    Inferred Clusters       Number of
 Pop       1      2      3      Individuals

  1:     0.335  0.333  0.332      358
  2:     0.335  0.328  0.337      1039
  3:     0.333  0.336  0.332      603
--------------------------------------------

  Rep#:   Lambda   Alpha      F1    F2    F3     D1,2  D1,3  D2,3    Ln Like  Est Ln P(D)
364000:    1.00    8.973    0.086 0.000 0.124    0.034 0.070 0.033   -125461    0 
364100:    1.00    8.824    0.098 0.000 0.151    0.037 0.090 0.045   -125398    0 
364200:    1.00    8.893    0.071 0.000 0.116    0.030 0.090 0.042   -125412    0 
364300:    1.00    8.738    0.105 0.000 0.118    0.036 0.080 0.035   -125420    0 
364400:    1.00    8.497    0.111 0.000 0.114    0.041 0.091 0.037   -125365    0 
364500:    1.00    8.540    0.089 0.000 0.120    0.039 0.101 0.043   -125398    0 
364600:    1.00    8.500    0.111 0.000 0.104    0.042 0.102 0.042   -125413    0 
364700:    1.00    8.470    0.079 0.000 0.097    0.032 0.083 0.039   -125400    0 
364800:    1.00    8.500    0.127 0.000 0.065    0.040 0.075 0.029   -125368    0 
364900:    1.00    9.011    0.099 0.000 0.091    0.035 0.075 0.034   -125413    0 

--------------------------------------------
Proportion of membership of each pre-defined
 population in each of the 3 clusters

Given    Inferred Clusters       Number of
 Pop       1      2      3      Individuals

  1:     0.342  0.329  0.329      358
  2:     0.331  0.335  0.335      1039
  3:     0.333  0.333  0.334      603
--------------------------------------------

  Rep#:   Lambda   Alpha      F1    F2    F3     D1,2  D1,3  D2,3    Ln Like  Est Ln P(D)
365000:    1.00    8.768    0.070 0.000 0.096    0.031 0.082 0.042   -125394    0 
365100:    1.00    8.828    0.098 0.000 0.105    0.038 0.104 0.048   -125342    0 
365200:    1.00    9.173    0.101 0.000 0.144    0.035 0.101 0.047   -125360    0 
365300:    1.00    9.428    0.099 0.000 0.102    0.041 0.090 0.039   -125451    0 
365400:    1.00    9.273    0.094 0.000 0.094    0.044 0.092 0.038   -125427    0 
365500:    1.00    9.371    0.108 0.000 0.120    0.058 0.133 0.049   -125309    0 
365600:    1.00    9.402    0.109 0.000 0.127    0.061 0.130 0.046   -125361    0 
365700:    1.00    9.270    0.132 0.000 0.111    0.067 0.126 0.040   -125307    0 
365800:    1.00    8.827    0.143 0.000 0.131    0.062 0.112 0.054   -125281    0 
365900:    1.00    9.150    0.117 0.000 0.111    0.056 0.119 0.051   -125326    0 

--------------------------------------------
Proportion of membership of each pre-defined
 population in each of the 3 clusters

Given    Inferred Clusters       Number of
 Pop       1      2      3      Individuals

  1:     0.341  0.338  0.321      358
  2:     0.333  0.331  0.336      1039
  3:     0.334  0.332  0.334      603
--------------------------------------------

  Rep#:   Lambda   Alpha      F1    F2    F3     D1,2  D1,3  D2,3    Ln Like  Est Ln P(D)
366000:    1.00    9.391    0.143 0.000 0.100    0.052 0.103 0.041   -125371    0 
366100:    1.00    9.666    0.097 0.000 0.111    0.043 0.090 0.043   -125409    0 
366200:    1.00    9.708    0.139 0.000 0.097    0.047 0.116 0.048   -125371    0 
366300:    1.00    9.823    0.149 0.000 0.107    0.062 0.123 0.046   -125352    0 
366400:    1.00    9.840    0.155 0.000 0.084    0.053 0.092 0.045   -125336    0 
366500:    1.00    9.974    0.159 0.000 0.117    0.067 0.105 0.037   -125349    0 
366600:    1.00    9.942    0.125 0.000 0.143    0.059 0.109 0.047   -125405    0 
366700:    1.00    9.920    0.097 0.000 0.142    0.048 0.106 0.048   -125385    0 
366800:    1.00    9.889    0.112 0.000 0.130    0.041 0.097 0.050   -125419    0 
366900:    1.00    9.981    0.115 0.000 0.181    0.051 0.118 0.051   -125395    0 

--------------------------------------------
Proportion of membership of each pre-defined
 population in each of the 3 clusters

Given    Inferred Clusters       Number of
 Pop       1      2      3      Individuals

  1:     0.330  0.341  0.328      358
  2:     0.337  0.332  0.331      1039
  3:     0.337  0.332  0.331      603
--------------------------------------------

  Rep#:   Lambda   Alpha      F1    F2    F3     D1,2  D1,3  D2,3    Ln Like  Est Ln P(D)
367000:    1.00    9.887    0.090 0.000 0.157    0.046 0.096 0.050   -125389    0 
367100:    1.00    9.910    0.114 0.000 0.100    0.047 0.106 0.047   -125405    0 
367200:    1.00    9.841    0.123 0.000 0.141    0.063 0.130 0.056   -125390    0 
367300:    1.00    9.928    0.141 0.000 0.106    0.067 0.127 0.053   -125323    0 
367400:    1.00    9.756    0.163 0.000 0.109    0.066 0.104 0.041   -125389    0 
367500:    1.00    9.338    0.123 0.000 0.105    0.053 0.102 0.043   -125376    0 
367600:    1.00    9.276    0.097 0.000 0.141    0.045 0.113 0.052   -125390    0 
367700:    1.00    9.434    0.108 0.000 0.108    0.050 0.101 0.045   -125366    0 
367800:    1.00    9.176    0.093 0.000 0.077    0.035 0.089 0.042   -125451    0 
367900:    1.00    8.970    0.100 0.000 0.141    0.036 0.112 0.062   -125421    0 

--------------------------------------------
Proportion of membership of each pre-defined
 population in each of the 3 clusters

Given    Inferred Clusters       Number of
 Pop       1      2      3      Individuals

  1:     0.333  0.334  0.333      358
  2:     0.334  0.332  0.334      1039
  3:     0.331  0.334  0.334      603
--------------------------------------------

  Rep#:   Lambda   Alpha      F1    F2    F3     D1,2  D1,3  D2,3    Ln Like  Est Ln P(D)
368000:    1.00    9.052    0.087 0.000 0.145    0.034 0.104 0.062   -125380    0 
368100:    1.00    8.814    0.078 0.000 0.117    0.038 0.086 0.048   -125380    0 
368200:    1.00    8.554    0.116 0.000 0.125    0.050 0.118 0.052   -125280    0 
368300:    1.00    8.318    0.094 0.000 0.103    0.045 0.074 0.043   -125411    0 
368400:    1.00    8.602    0.101 0.000 0.082    0.049 0.094 0.042   -125388    0 
368500:    1.00    8.715    0.095 0.000 0.090    0.046 0.082 0.032   -125433    0 
368600:    1.00    8.621    0.100 0.000 0.089    0.038 0.083 0.034   -125417    0 
368700:    1.00    8.706    0.103 0.000 0.116    0.049 0.084 0.036   -125340    0 
368800:    1.00    8.294    0.129 0.000 0.151    0.057 0.119 0.052   -125264    0 
368900:    1.00    8.583    0.120 0.000 0.101    0.057 0.105 0.047   -125320    0 

--------------------------------------------
Proportion of membership of each pre-defined
 population in each of the 3 clusters

Given    Inferred Clusters       Number of
 Pop       1      2      3      Individuals

  1:     0.342  0.327  0.331      358
  2:     0.333  0.331  0.336      1039
  3:     0.329  0.331  0.340      603
--------------------------------------------

  Rep#:   Lambda   Alpha      F1    F2    F3     D1,2  D1,3  D2,3    Ln Like  Est Ln P(D)
369000:    1.00    8.749    0.139 0.000 0.142    0.047 0.087 0.041   -125324    0 
369100:    1.00    8.916    0.117 0.000 0.129    0.041 0.075 0.044   -125357    0 
369200:    1.00    8.783    0.116 0.000 0.113    0.052 0.091 0.046   -125359    0 
369300:    1.00    8.870    0.106 0.000 0.110    0.046 0.115 0.054   -125351    0 
369400:    1.00    9.115    0.096 0.000 0.133    0.044 0.093 0.044   -125401    0 
369500:    1.00    9.410    0.108 0.000 0.149    0.040 0.102 0.047   -125387    0 
369600:    1.00    9.346    0.129 0.000 0.125    0.043 0.095 0.050   -125371    0 
369700:    1.00    9.086    0.105 0.000 0.118    0.049 0.090 0.043   -125394    0 
369800:    1.00    9.246    0.148 0.000 0.111    0.047 0.096 0.042   -125407    0 
369900:    1.00    9.559    0.139 0.000 0.178    0.048 0.107 0.046   -125347    0 

--------------------------------------------
Proportion of membership of each pre-defined
 population in each of the 3 clusters

Given    Inferred Clusters       Number of
 Pop       1      2      3      Individuals

  1:     0.340  0.331  0.329      358
  2:     0.336  0.332  0.332      1039
  3:     0.333  0.340  0.327      603
--------------------------------------------

  Rep#:   Lambda   Alpha      F1    F2    F3     D1,2  D1,3  D2,3    Ln Like  Est Ln P(D)
370000:    1.00    9.677    0.124 0.000 0.143    0.047 0.113 0.050   -125341    0 
370100:    1.00    9.427    0.132 0.000 0.120    0.050 0.114 0.052   -125358    0 
370200:    1.00    9.315    0.142 0.000 0.137    0.057 0.113 0.050   -125325    0 
370300:    1.00    9.744    0.130 0.000 0.132    0.055 0.114 0.060   -125349    0 
370400:    1.00    9.448    0.134 0.000 0.135    0.048 0.116 0.054   -125350    0 
370500:    1.00    9.098    0.161 0.000 0.147    0.047 0.119 0.058   -125335    0 
370600:    1.00    9.077    0.124 0.000 0.173    0.048 0.121 0.065   -125289    0 
370700:    1.00    9.088    0.119 0.000 0.120    0.042 0.112 0.062   -125306    0 
370800:    1.00    9.282    0.108 0.000 0.106    0.049 0.102 0.046   -125371    0 
370900:    1.00    9.414    0.114 0.000 0.137    0.044 0.102 0.052   -125293    0 

--------------------------------------------
Proportion of membership of each pre-defined
 population in each of the 3 clusters

Given    Inferred Clusters       Number of
 Pop       1      2      3      Individuals

  1:     0.330  0.334  0.336      358
  2:     0.336  0.328  0.336      1039
  3:     0.330  0.333  0.337      603
--------------------------------------------

  Rep#:   Lambda   Alpha      F1    F2    F3     D1,2  D1,3  D2,3    Ln Like  Est Ln P(D)
371000:    1.00    9.501    0.107 0.000 0.146    0.044 0.098 0.048   -125390    0 
371100:    1.00    9.412    0.150 0.000 0.144    0.061 0.102 0.041   -125373    0 
371200:    1.00    9.364    0.183 0.000 0.142    0.071 0.111 0.044   -125336    0 
371300:    1.00    9.369    0.159 0.000 0.111    0.071 0.117 0.047   -125374    0 
371400:    1.00    9.238    0.124 0.000 0.121    0.054 0.100 0.050   -125389    0 
371500:    1.00    9.697    0.110 0.000 0.123    0.047 0.117 0.057   -125352    0 
371600:    1.00    9.984    0.123 0.000 0.130    0.047 0.113 0.046   -125401    0 
371700:    1.00    9.639    0.149 0.000 0.141    0.052 0.116 0.051   -125369    0 
371800:    1.00    9.678    0.124 0.000 0.113    0.054 0.117 0.049   -125337    0 
371900:    1.00    9.395    0.127 0.000 0.149    0.056 0.116 0.051   -125409    0 

--------------------------------------------
Proportion of membership of each pre-defined
 population in each of the 3 clusters

Given    Inferred Clusters       Number of
 Pop       1      2      3      Individuals

  1:     0.328  0.336  0.336      358
  2:     0.337  0.335  0.328      1039
  3:     0.327  0.330  0.343      603
--------------------------------------------

  Rep#:   Lambda   Alpha      F1    F2    F3     D1,2  D1,3  D2,3    Ln Like  Est Ln P(D)
372000:    1.00    9.455    0.118 0.000 0.140    0.064 0.137 0.059   -125318    0 
372100:    1.00    9.394    0.105 0.000 0.140    0.039 0.115 0.064   -125340    0 
372200:    1.00    9.400    0.091 0.000 0.209    0.042 0.109 0.079   -125347    0 
372300:    1.00    9.298    0.131 0.000 0.168    0.050 0.093 0.069   -125380    0 
372400:    1.00    9.520    0.100 0.000 0.179    0.045 0.109 0.062   -125392    0 
372500:    1.00    9.557    0.119 0.000 0.137    0.048 0.112 0.066   -125364    0 
372600:    1.00    9.475    0.117 0.000 0.141    0.039 0.114 0.065   -125372    0 
372700:    1.00    9.230    0.083 0.000 0.167    0.036 0.125 0.070   -125293    0 
372800:    1.00    9.088    0.127 0.000 0.181    0.039 0.121 0.079   -125287    0 
372900:    1.00    9.121    0.118 0.000 0.203    0.036 0.139 0.079   -125323    0 

--------------------------------------------
Proportion of membership of each pre-defined
 population in each of the 3 clusters

Given    Inferred Clusters       Number of
 Pop       1      2      3      Individuals

  1:     0.336  0.335  0.329      358
  2:     0.335  0.329  0.337      1039
  3:     0.337  0.335  0.328      603
--------------------------------------------

  Rep#:   Lambda   Alpha      F1    F2    F3     D1,2  D1,3  D2,3    Ln Like  Est Ln P(D)
373000:    1.00    9.051    0.090 0.000 0.206    0.034 0.145 0.084   -125351    0 
373100:    1.00    8.940    0.089 0.000 0.131    0.030 0.106 0.061   -125370    0 
373200:    1.00    8.604    0.085 0.000 0.144    0.035 0.105 0.056   -125336    0 
373300:    1.00    9.171    0.091 0.000 0.170    0.028 0.111 0.063   -125385    0 
373400:    1.00    9.373    0.137 0.000 0.125    0.042 0.119 0.059   -125313    0 
373500:    1.00    9.312    0.135 0.000 0.163    0.040 0.113 0.063   -125325    0 
373600:    1.00    9.268    0.150 0.000 0.174    0.047 0.124 0.072   -125318    0 
373700:    1.00    9.192    0.127 0.000 0.154    0.055 0.128 0.066   -125242    0 
373800:    1.00    9.150    0.142 0.000 0.147    0.044 0.116 0.068   -125294    0 
373900:    1.00    9.151    0.094 0.000 0.164    0.041 0.103 0.060   -125347    0 

--------------------------------------------
Proportion of membership of each pre-defined
 population in each of the 3 clusters

Given    Inferred Clusters       Number of
 Pop       1      2      3      Individuals

  1:     0.338  0.332  0.330      358
  2:     0.339  0.330  0.331      1039
  3:     0.336  0.329  0.335      603
--------------------------------------------

  Rep#:   Lambda   Alpha      F1    F2    F3     D1,2  D1,3  D2,3    Ln Like  Est Ln P(D)
374000:    1.00    9.143    0.104 0.000 0.147    0.037 0.087 0.054   -125355    0 
374100:    1.00    9.503    0.092 0.000 0.152    0.045 0.096 0.052   -125381    0 
374200:    1.00    9.557    0.102 0.000 0.128    0.047 0.094 0.045   -125434    0 
374300:    1.00    9.578    0.133 0.000 0.176    0.058 0.120 0.046   -125351    0 
374400:    1.00    9.738    0.129 0.000 0.164    0.066 0.122 0.052   -125370    0 
374500:    1.00    9.957    0.118 0.000 0.136    0.053 0.088 0.047   -125394    0 
374600:    1.00    9.748    0.128 0.000 0.135    0.052 0.085 0.045   -125409    0 
374700:    1.00    9.926    0.142 0.000 0.149    0.057 0.099 0.048   -125375    0 
374800:    1.00    9.853    0.140 0.000 0.109    0.071 0.117 0.037   -125418    0 
374900:    1.00    9.916    0.106 0.000 0.143    0.057 0.095 0.049   -125405    0 

--------------------------------------------
Proportion of membership of each pre-defined
 population in each of the 3 clusters

Given    Inferred Clusters       Number of
 Pop       1      2      3      Individuals

  1:     0.336  0.332  0.332      358
  2:     0.333  0.334  0.334      1039
  3:     0.337  0.330  0.333      603
--------------------------------------------

  Rep#:   Lambda   Alpha      F1    F2    F3     D1,2  D1,3  D2,3    Ln Like  Est Ln P(D)
375000:    1.00    9.799    0.081 0.000 0.124    0.042 0.098 0.055   -125389    0 
375100:    1.00    9.533    0.127 0.000 0.142    0.044 0.110 0.059   -125397    0 
375200:    1.00    9.501    0.129 0.000 0.112    0.047 0.110 0.052   -125366    0 
375300:    1.00    9.883    0.109 0.000 0.137    0.041 0.107 0.053   -125429    0 
375400:    1.00    9.399    0.110 0.000 0.176    0.045 0.126 0.065   -125306    0 
375500:    1.00    9.710    0.082 0.001 0.147    0.033 0.123 0.070   -125307    0 
375600:    1.00    9.450    0.148 0.001 0.225    0.046 0.142 0.062   -125376    0 
375700:    1.00    9.375    0.174 0.001 0.196    0.052 0.130 0.068   -125302    0 
375800:    1.00    9.683    0.145 0.001 0.212    0.055 0.122 0.060   -125285    0 
375900:    1.00    9.758    0.125 0.001 0.222    0.060 0.143 0.075   -125323    0 

--------------------------------------------
Proportion of membership of each pre-defined
 population in each of the 3 clusters

Given    Inferred Clusters       Number of
 Pop       1      2      3      Individuals

  1:     0.336  0.334  0.329      358
  2:     0.331  0.334  0.335      1039
  3:     0.330  0.337  0.333      603
--------------------------------------------

  Rep#:   Lambda   Alpha      F1    F2    F3     D1,2  D1,3  D2,3    Ln Like  Est Ln P(D)
376000:    1.00    9.812    0.095 0.001 0.199    0.042 0.112 0.071   -125387    0 
376100:    1.00    9.925    0.114 0.001 0.162    0.053 0.127 0.060   -125404    0 
376200:    1.00    9.893    0.135 0.001 0.152    0.055 0.132 0.067   -125315    0 
376300:    1.00    9.677    0.124 0.001 0.148    0.050 0.106 0.050   -125370    0 
376400:    1.00    9.708    0.124 0.001 0.149    0.053 0.108 0.048   -125355    0 
376500:    1.00    9.934    0.142 0.001 0.116    0.052 0.107 0.041   -125417    0 
376600:    1.00    9.997    0.174 0.001 0.123    0.056 0.099 0.045   -125407    0 
376700:    1.00    9.832    0.138 0.001 0.105    0.052 0.085 0.030   -125426    0 
376800:    1.00    9.742    0.141 0.001 0.106    0.058 0.110 0.047   -125396    0 
376900:    1.00    9.899    0.150 0.001 0.130    0.056 0.121 0.046   -125392    0 

--------------------------------------------
Proportion of membership of each pre-defined
 population in each of the 3 clusters

Given    Inferred Clusters       Number of
 Pop       1      2      3      Individuals

  1:     0.333  0.332  0.335      358
  2:     0.332  0.332  0.337      1039
  3:     0.327  0.338  0.334      603
--------------------------------------------

  Rep#:   Lambda   Alpha      F1    F2    F3     D1,2  D1,3  D2,3    Ln Like  Est Ln P(D)
377000:    1.00    9.900    0.166 0.001 0.089    0.054 0.105 0.035   -125427    0 
377100:    1.00    9.811    0.131 0.001 0.084    0.049 0.096 0.029   -125438    0 
377200:    1.00    9.443    0.159 0.001 0.083    0.041 0.098 0.037   -125421    0 
377300:    1.00    9.617    0.121 0.001 0.076    0.060 0.117 0.033   -125459    0 
377400:    1.00    9.713    0.101 0.001 0.070    0.036 0.074 0.032   -125467    0 
377500:    1.00    9.851    0.111 0.000 0.081    0.043 0.097 0.037   -125434    0 
377600:    1.00    9.810    0.134 0.000 0.107    0.036 0.075 0.033   -125419    0 
377700:    1.00    9.726    0.078 0.000 0.098    0.028 0.067 0.028   -125490    0 
377800:    1.00    9.760    0.072 0.000 0.082    0.028 0.060 0.027   -125478    0 
377900:    1.00    9.345    0.083 0.000 0.083    0.033 0.066 0.034   -125443    0 

--------------------------------------------
Proportion of membership of each pre-defined
 population in each of the 3 clusters

Given    Inferred Clusters       Number of
 Pop       1      2      3      Individuals

  1:     0.338  0.331  0.330      358
  2:     0.332  0.338  0.330      1039
  3:     0.333  0.333  0.334      603
--------------------------------------------

  Rep#:   Lambda   Alpha      F1    F2    F3     D1,2  D1,3  D2,3    Ln Like  Est Ln P(D)
378000:    1.00    9.395    0.085 0.000 0.071    0.032 0.059 0.030   -125506    0 
378100:    1.00    9.560    0.104 0.000 0.080    0.034 0.068 0.035   -125430    0 
378200:    1.00    9.750    0.084 0.000 0.070    0.033 0.064 0.034   -125463    0 
378300:    1.00    9.911    0.068 0.000 0.123    0.038 0.094 0.040   -125462    0 
378400:    1.00    9.791    0.080 0.000 0.104    0.033 0.083 0.047   -125432    0 
378500:    1.00    9.726    0.081 0.000 0.100    0.028 0.075 0.045   -125488    0 
378600:    1.00    9.856    0.107 0.000 0.106    0.031 0.077 0.045   -125453    0 
378700:    1.00    9.795    0.087 0.000 0.095    0.031 0.083 0.045   -125395    0 
378800:    1.00    9.918    0.071 0.000 0.078    0.031 0.072 0.034   -125462    0 
378900:    1.00    9.890    0.068 0.000 0.091    0.032 0.075 0.034   -125494    0 

--------------------------------------------
Proportion of membership of each pre-defined
 population in each of the 3 clusters

Given    Inferred Clusters       Number of
 Pop       1      2      3      Individuals

  1:     0.338  0.331  0.331      358
  2:     0.333  0.328  0.339      1039
  3:     0.333  0.336  0.331      603
--------------------------------------------

  Rep#:   Lambda   Alpha      F1    F2    F3     D1,2  D1,3  D2,3    Ln Like  Est Ln P(D)
379000:    1.00    9.649    0.071 0.000 0.121    0.035 0.071 0.034   -125428    0 
379100:    1.00    9.889    0.095 0.000 0.143    0.037 0.100 0.050   -125371    0 
379200:    1.00    9.760    0.112 0.000 0.141    0.037 0.087 0.044   -125442    0 
379300:    1.00    9.610    0.093 0.000 0.114    0.036 0.079 0.050   -125444    0 
379400:    1.00    9.428    0.114 0.000 0.099    0.042 0.083 0.043   -125430    0 
379500:    1.00    9.139    0.150 0.000 0.099    0.053 0.078 0.036   -125427    0 
379600:    1.00    9.580    0.108 0.000 0.097    0.050 0.116 0.048   -125405    0 
379700:    1.00    9.446    0.127 0.000 0.121    0.058 0.117 0.047   -125304    0 
379800:    1.00    9.539    0.133 0.000 0.102    0.059 0.110 0.043   -125372    0 
379900:    1.00    9.639    0.113 0.000 0.120    0.058 0.101 0.037   -125344    0 

--------------------------------------------
Proportion of membership of each pre-defined
 population in each of the 3 clusters

Given    Inferred Clusters       Number of
 Pop       1      2      3      Individuals

  1:     0.333  0.328  0.339      358
  2:     0.332  0.332  0.336      1039
  3:     0.330  0.331  0.339      603
--------------------------------------------

  Rep#:   Lambda   Alpha      F1    F2    F3     D1,2  D1,3  D2,3    Ln Like  Est Ln P(D)
380000:    1.00    9.412    0.146 0.000 0.097    0.063 0.105 0.032   -125350    0 
380100:    1.00    9.130    0.127 0.000 0.110    0.057 0.102 0.039   -125404    0 
380200:    1.00    8.959    0.123 0.000 0.090    0.054 0.096 0.033   -125366    0 
380300:    1.00    8.984    0.115 0.000 0.123    0.050 0.092 0.039   -125344    0 
380400:    1.00    8.886    0.100 0.000 0.113    0.050 0.101 0.046   -125376    0 
380500:    1.00    8.718    0.131 0.000 0.120    0.050 0.087 0.037   -125367    0 
380600:    1.00    8.717    0.127 0.000 0.110    0.039 0.081 0.043   -125375    0 
380700:    1.00    8.938    0.136 0.000 0.135    0.046 0.079 0.042   -125382    0 
380800:    1.00    9.033    0.108 0.000 0.097    0.042 0.079 0.035   -125399    0 
380900:    1.00    8.870    0.106 0.000 0.077    0.050 0.089 0.030   -125463    0 

--------------------------------------------
Proportion of membership of each pre-defined
 population in each of the 3 clusters

Given    Inferred Clusters       Number of
 Pop       1      2      3      Individuals

  1:     0.330  0.335  0.334      358
  2:     0.336  0.329  0.335      1039
  3:     0.336  0.331  0.333      603
--------------------------------------------

  Rep#:   Lambda   Alpha      F1    F2    F3     D1,2  D1,3  D2,3    Ln Like  Est Ln P(D)
381000:    1.00    8.542    0.117 0.000 0.133    0.047 0.082 0.032   -125409    0 
381100:    1.00    8.831    0.108 0.000 0.115    0.041 0.078 0.039   -125383    0 
381200:    1.00    8.697    0.092 0.000 0.198    0.033 0.078 0.041   -125392    0 
381300:    1.00    9.156    0.103 0.000 0.108    0.050 0.110 0.053   -125394    0 
381400:    1.00    9.181    0.126 0.000 0.094    0.048 0.096 0.043   -125360    0 
381500:    1.00    8.987    0.135 0.000 0.100    0.046 0.091 0.042   -125357    0 
381600:    1.00    9.006    0.109 0.000 0.107    0.046 0.082 0.033   -125397    0 
381700:    1.00    9.230    0.117 0.000 0.061    0.052 0.078 0.032   -125464    0 
381800:    1.00    9.288    0.072 0.000 0.130    0.028 0.076 0.043   -125405    0 
381900:    1.00    9.242    0.080 0.000 0.105    0.038 0.109 0.050   -125374    0 

--------------------------------------------
Proportion of membership of each pre-defined
 population in each of the 3 clusters

Given    Inferred Clusters       Number of
 Pop       1      2      3      Individuals

  1:     0.331  0.331  0.338      358
  2:     0.335  0.331  0.335      1039
  3:     0.328  0.335  0.337      603
--------------------------------------------

  Rep#:   Lambda   Alpha      F1    F2    F3     D1,2  D1,3  D2,3    Ln Like  Est Ln P(D)
382000:    1.00    9.097    0.113 0.000 0.118    0.051 0.125 0.053   -125312    0 
382100:    1.00    9.281    0.128 0.000 0.106    0.055 0.126 0.055   -125355    0 
382200:    1.00    9.340    0.151 0.000 0.140    0.061 0.130 0.055   -125330    0 
382300:    1.00    9.452    0.162 0.000 0.129    0.071 0.146 0.052   -125318    0 
382400:    1.00    9.255    0.113 0.000 0.131    0.071 0.128 0.061   -125341    0 
382500:    1.00    9.474    0.176 0.000 0.134    0.065 0.135 0.060   -125292    0 
382600:    1.00    9.608    0.144 0.000 0.117    0.056 0.111 0.051   -125345    0 
382700:    1.00    9.710    0.148 0.000 0.121    0.059 0.122 0.067   -125321    0 
382800:    1.00    9.994    0.133 0.000 0.138    0.060 0.113 0.053   -125377    0 
382900:    1.00    9.853    0.159 0.000 0.137    0.066 0.125 0.054   -125339    0 

--------------------------------------------
Proportion of membership of each pre-defined
 population in each of the 3 clusters

Given    Inferred Clusters       Number of
 Pop       1      2      3      Individuals

  1:     0.336  0.336  0.328      358
  2:     0.339  0.330  0.331      1039
  3:     0.334  0.333  0.333      603
--------------------------------------------

  Rep#:   Lambda   Alpha      F1    F2    F3     D1,2  D1,3  D2,3    Ln Like  Est Ln P(D)
383000:    1.00    9.980    0.167 0.000 0.135    0.061 0.138 0.063   -125355    0 
383100:    1.00    9.631    0.132 0.000 0.190    0.054 0.129 0.061   -125373    0 
383200:    1.00    9.775    0.100 0.000 0.161    0.054 0.131 0.057   -125360    0 
383300:    1.00    9.913    0.105 0.000 0.153    0.045 0.101 0.055   -125381    0 
383400:    1.00    9.825    0.094 0.000 0.142    0.047 0.100 0.041   -125400    0 
383500:    1.00    9.947    0.156 0.000 0.119    0.048 0.098 0.035   -125367    0 
383600:    1.00    9.892    0.112 0.000 0.125    0.042 0.085 0.042   -125364    0 
383700:    1.00    9.893    0.109 0.000 0.130    0.041 0.098 0.053   -125410    0 
383800:    1.00    9.919    0.138 0.000 0.144    0.042 0.100 0.048   -125409    0 
383900:    1.00    9.827    0.158 0.000 0.155    0.063 0.130 0.055   -125331    0 

--------------------------------------------
Proportion of membership of each pre-defined
 population in each of the 3 clusters

Given    Inferred Clusters       Number of
 Pop       1      2      3      Individuals

  1:     0.336  0.336  0.328      358
  2:     0.332  0.338  0.330      1039
  3:     0.333  0.327  0.340      603
--------------------------------------------

  Rep#:   Lambda   Alpha      F1    F2    F3     D1,2  D1,3  D2,3    Ln Like  Est Ln P(D)
384000:    1.00    9.617    0.144 0.000 0.146    0.064 0.126 0.058   -125359    0 
384100:    1.00    9.622    0.164 0.000 0.127    0.069 0.134 0.059   -125306    0 
384200:    1.00    9.291    0.168 0.000 0.135    0.065 0.124 0.068   -125268    0 
384300:    1.00    9.339    0.127 0.000 0.175    0.063 0.130 0.057   -125257    0 
384400:    1.00    9.308    0.148 0.000 0.147    0.063 0.142 0.053   -125306    0 
384500:    1.00    9.100    0.123 0.000 0.145    0.051 0.113 0.063   -125301    0 
384600:    1.00    8.838    0.114 0.000 0.143    0.053 0.123 0.057   -125378    0 
384700:    1.00    8.771    0.096 0.000 0.184    0.051 0.108 0.050   -125371    0 
384800:    1.00    8.820    0.118 0.000 0.142    0.052 0.115 0.054   -125328    0 
384900:    1.00    8.790    0.146 0.000 0.145    0.050 0.132 0.063   -125305    0 

--------------------------------------------
Proportion of membership of each pre-defined
 population in each of the 3 clusters

Given    Inferred Clusters       Number of
 Pop       1      2      3      Individuals

  1:     0.331  0.340  0.329      358
  2:     0.334  0.329  0.336      1039
  3:     0.335  0.335  0.331      603
--------------------------------------------

  Rep#:   Lambda   Alpha      F1    F2    F3     D1,2  D1,3  D2,3    Ln Like  Est Ln P(D)
385000:    1.00    8.813    0.118 0.000 0.171    0.045 0.127 0.072   -125287    0 
385100:    1.00    9.064    0.111 0.000 0.174    0.041 0.120 0.063   -125359    0 
385200:    1.00    8.787    0.125 0.000 0.185    0.046 0.129 0.065   -125282    0 
385300:    1.00    9.101    0.144 0.000 0.178    0.053 0.136 0.063   -125354    0 
385400:    1.00    8.995    0.145 0.000 0.168    0.057 0.136 0.074   -125280    0 
385500:    1.00    8.779    0.148 0.000 0.162    0.047 0.109 0.068   -125307    0 
385600:    1.00    8.639    0.116 0.000 0.141    0.045 0.111 0.061   -125260    0 
385700:    1.00    9.336    0.092 0.000 0.125    0.041 0.090 0.046   -125427    0 
385800:    1.00    9.224    0.120 0.000 0.115    0.048 0.116 0.048   -125407    0 
385900:    1.00    9.203    0.117 0.000 0.130    0.048 0.105 0.046   -125363    0 

--------------------------------------------
Proportion of membership of each pre-defined
 population in each of the 3 clusters

Given    Inferred Clusters       Number of
 Pop       1      2      3      Individuals

  1:     0.333  0.332  0.335      358
  2:     0.334  0.334  0.332      1039
  3:     0.339  0.331  0.331      603
--------------------------------------------

  Rep#:   Lambda   Alpha      F1    F2    F3     D1,2  D1,3  D2,3    Ln Like  Est Ln P(D)
386000:    1.00    9.603    0.116 0.000 0.110    0.044 0.107 0.043   -125391    0 
386100:    1.00    9.514    0.111 0.001 0.125    0.036 0.107 0.054   -125392    0 
386200:    1.00    9.206    0.082 0.001 0.133    0.041 0.107 0.056   -125429    0 
386300:    1.00    9.547    0.114 0.001 0.132    0.033 0.107 0.061   -125391    0 
386400:    1.00    9.300    0.083 0.001 0.131    0.036 0.078 0.041   -125366    0 
386500:    1.00    9.087    0.062 0.001 0.121    0.032 0.089 0.051   -125393    0 
386600:    1.00    8.577    0.101 0.001 0.113    0.034 0.083 0.042   -125426    0 
386700:    1.00    8.607    0.090 0.001 0.103    0.029 0.079 0.035   -125426    0 
386800:    1.00    8.478    0.094 0.001 0.086    0.036 0.088 0.039   -125426    0 
386900:    1.00    8.065    0.085 0.001 0.080    0.036 0.081 0.032   -125464    0 

--------------------------------------------
Proportion of membership of each pre-defined
 population in each of the 3 clusters

Given    Inferred Clusters       Number of
 Pop       1      2      3      Individuals

  1:     0.333  0.338  0.330      358
  2:     0.336  0.330  0.334      1039
  3:     0.338  0.329  0.333      603
--------------------------------------------

  Rep#:   Lambda   Alpha      F1    F2    F3     D1,2  D1,3  D2,3    Ln Like  Est Ln P(D)
387000:    1.00    7.834    0.102 0.001 0.083    0.042 0.083 0.038   -125411    0 
387100:    1.00    8.016    0.113 0.001 0.090    0.038 0.063 0.028   -125452    0 
387200:    1.00    8.077    0.103 0.001 0.066    0.040 0.073 0.025   -125404    0 
387300:    1.00    7.824    0.167 0.001 0.088    0.052 0.088 0.031   -125300    0 
387400:    1.00    7.669    0.106 0.001 0.087    0.043 0.063 0.029   -125423    0 
387500:    1.00    7.149    0.138 0.001 0.092    0.048 0.084 0.038   -125283    0 
387600:    1.00    7.235    0.127 0.001 0.109    0.033 0.074 0.035   -125355    0 
387700:    1.00    6.839    0.132 0.001 0.103    0.042 0.084 0.043   -125259    0 
387800:    1.00    6.905    0.107 0.001 0.105    0.047 0.089 0.035   -125308    0 
387900:    1.00    7.000    0.104 0.001 0.100    0.042 0.091 0.036   -125303    0 

--------------------------------------------
Proportion of membership of each pre-defined
 population in each of the 3 clusters

Given    Inferred Clusters       Number of
 Pop       1      2      3      Individuals

  1:     0.337  0.339  0.325      358
  2:     0.334  0.331  0.335      1039
  3:     0.332  0.336  0.333      603
--------------------------------------------

  Rep#:   Lambda   Alpha      F1    F2    F3     D1,2  D1,3  D2,3    Ln Like  Est Ln P(D)
388000:    1.00    7.320    0.135 0.001 0.085    0.054 0.091 0.030   -125357    0 
388100:    1.00    7.140    0.169 0.001 0.117    0.040 0.093 0.042   -125313    0 
388200:    1.00    7.110    0.128 0.001 0.104    0.046 0.107 0.045   -125288    0 
388300:    1.00    7.457    0.120 0.001 0.140    0.051 0.106 0.046   -125221    0 
388400:    1.00    7.265    0.124 0.001 0.147    0.050 0.113 0.054   -125247    0 
388500:    1.00    7.586    0.147 0.001 0.097    0.048 0.099 0.044   -125316    0 
388600:    1.00    7.391    0.136 0.001 0.099    0.060 0.097 0.041   -125282    0 
388700:    1.00    7.327    0.128 0.001 0.136    0.055 0.118 0.042   -125265    0 
388800:    1.00    7.777    0.151 0.001 0.123    0.049 0.106 0.042   -125263    0 
388900:    1.00    7.877    0.126 0.001 0.113    0.054 0.111 0.050   -125239    0 

--------------------------------------------
Proportion of membership of each pre-defined
 population in each of the 3 clusters

Given    Inferred Clusters       Number of
 Pop       1      2      3      Individuals

  1:     0.331  0.333  0.335      358
  2:     0.331  0.333  0.336      1039
  3:     0.329  0.336  0.335      603
--------------------------------------------

  Rep#:   Lambda   Alpha      F1    F2    F3     D1,2  D1,3  D2,3    Ln Like  Est Ln P(D)
389000:    1.00    7.980    0.132 0.001 0.148    0.060 0.126 0.056   -125181    0 
389100:    1.00    7.971    0.191 0.001 0.110    0.064 0.115 0.038   -125250    0 
389200:    1.00    7.857    0.164 0.001 0.108    0.066 0.119 0.036   -125279    0 
389300:    1.00    7.929    0.140 0.001 0.108    0.061 0.115 0.041   -125215    0 
389400:    1.00    7.841    0.120 0.001 0.128    0.056 0.106 0.044   -125285    0 
389500:    1.00    7.579    0.128 0.001 0.112    0.046 0.096 0.043   -125301    0 
389600:    1.00    7.906    0.111 0.001 0.131    0.041 0.109 0.052   -125330    0 
389700:    1.00    7.520    0.100 0.001 0.121    0.045 0.117 0.052   -125298    0 
389800:    1.00    7.161    0.139 0.001 0.121    0.051 0.116 0.051   -125311    0 
389900:    1.00    6.890    0.109 0.001 0.150    0.055 0.116 0.054   -125273    0 

--------------------------------------------
Proportion of membership of each pre-defined
 population in each of the 3 clusters

Given    Inferred Clusters       Number of
 Pop       1      2      3      Individuals

  1:     0.334  0.333  0.333      358
  2:     0.338  0.331  0.331      1039
  3:     0.329  0.325  0.346      603
--------------------------------------------

  Rep#:   Lambda   Alpha      F1    F2    F3     D1,2  D1,3  D2,3    Ln Like  Est Ln P(D)
390000:    1.00    6.820    0.121 0.001 0.125    0.049 0.106 0.051   -125199    0 
390100:    1.00    6.550    0.123 0.001 0.129    0.057 0.121 0.054   -125205    0 
390200:    1.00    6.643    0.122 0.001 0.092    0.052 0.083 0.038   -125198    0 
390300:    1.00    6.956    0.175 0.001 0.122    0.066 0.126 0.043   -125220    0 
390400:    1.00    6.762    0.148 0.001 0.116    0.053 0.093 0.038   -125300    0 
390500:    1.00    6.534    0.141 0.001 0.097    0.055 0.110 0.052   -125280    0 
390600:    1.00    7.223    0.146 0.001 0.125    0.058 0.109 0.048   -125248    0 
390700:    1.00    7.045    0.124 0.001 0.128    0.048 0.093 0.046   -125279    0 
390800:    1.00    6.944    0.118 0.001 0.144    0.052 0.109 0.052   -125182    0 
390900:    1.00    6.790    0.115 0.001 0.104    0.054 0.107 0.041   -125287    0 

--------------------------------------------
Proportion of membership of each pre-defined
 population in each of the 3 clusters

Given    Inferred Clusters       Number of
 Pop       1      2      3      Individuals

  1:     0.334  0.331  0.335      358
  2:     0.334  0.330  0.336      1039
  3:     0.335  0.334  0.331      603
--------------------------------------------

  Rep#:   Lambda   Alpha      F1    F2    F3     D1,2  D1,3  D2,3    Ln Like  Est Ln P(D)
391000:    1.00    6.491    0.122 0.001 0.118    0.053 0.089 0.034   -125231    0 
391100:    1.00    5.708    0.113 0.001 0.117    0.053 0.088 0.038   -125218    0 
391200:    1.00    5.536    0.112 0.001 0.117    0.049 0.089 0.038   -125283    0 
391300:    1.00    5.683    0.106 0.001 0.114    0.047 0.090 0.040   -125246    0 
391400:    1.00    5.887    0.084 0.001 0.127    0.034 0.087 0.050   -125255    0 
391500:    1.00    5.756    0.091 0.001 0.107    0.029 0.075 0.041   -125338    0 
391600:    1.00    5.399    0.083 0.001 0.110    0.034 0.069 0.042   -125298    0 
391700:    1.00    5.329    0.082 0.001 0.107    0.030 0.076 0.051   -125274    0 
391800:    1.00    5.221    0.081 0.001 0.093    0.029 0.068 0.041   -125350    0 
391900:    1.00    5.228    0.077 0.001 0.094    0.033 0.065 0.034   -125268    0 

--------------------------------------------
Proportion of membership of each pre-defined
 population in each of the 3 clusters

Given    Inferred Clusters       Number of
 Pop       1      2      3      Individuals

  1:     0.325  0.343  0.332      358
  2:     0.340  0.330  0.330      1039
  3:     0.337  0.331  0.333      603
--------------------------------------------

  Rep#:   Lambda   Alpha      F1    F2    F3     D1,2  D1,3  D2,3    Ln Like  Est Ln P(D)
392000:    1.00    5.567    0.062 0.000 0.114    0.032 0.078 0.042   -125296    0 
392100:    1.00    5.600    0.073 0.000 0.137    0.034 0.088 0.044   -125264    0 
392200:    1.00    5.369    0.065 0.000 0.092    0.024 0.073 0.045   -125256    0 
392300:    1.00    5.537    0.059 0.000 0.139    0.026 0.070 0.047   -125336    0 
392400:    1.00    5.891    0.056 0.000 0.147    0.025 0.068 0.042   -125277    0 
392500:    1.00    6.071    0.065 0.000 0.128    0.033 0.069 0.035   -125347    0 
392600:    1.00    5.812    0.091 0.000 0.105    0.047 0.082 0.033   -125332    0 
392700:    1.00    5.775    0.079 0.000 0.105    0.033 0.080 0.050   -125241    0 
392800:    1.00    5.616    0.081 0.000 0.103    0.033 0.076 0.040   -125242    0 
392900:    1.00    5.469    0.086 0.000 0.104    0.033 0.080 0.035   -125299    0 

--------------------------------------------
Proportion of membership of each pre-defined
 population in each of the 3 clusters

Given    Inferred Clusters       Number of
 Pop       1      2      3      Individuals

  1:     0.340  0.327  0.333      358
  2:     0.329  0.335  0.336      1039
  3:     0.333  0.328  0.340      603
--------------------------------------------

  Rep#:   Lambda   Alpha      F1    F2    F3     D1,2  D1,3  D2,3    Ln Like  Est Ln P(D)
393000:    1.00    4.977    0.095 0.000 0.107    0.038 0.086 0.040   -125164    0 
393100:    1.00    4.883    0.102 0.000 0.082    0.032 0.072 0.042   -125181    0 
393200:    1.00    4.974    0.094 0.000 0.097    0.039 0.078 0.032   -125231    0 
393300:    1.00    5.206    0.095 0.000 0.080    0.043 0.078 0.031   -125220    0 
393400:    1.00    5.115    0.125 0.000 0.091    0.042 0.080 0.035   -125196    0 
393500:    1.00    5.033    0.107 0.000 0.089    0.033 0.059 0.034   -125290    0 
393600:    1.00    5.143    0.086 0.000 0.089    0.045 0.094 0.043   -125211    0 
393700:    1.00    5.004    0.114 0.000 0.093    0.044 0.086 0.036   -125211    0 
393800:    1.00    5.444    0.088 0.000 0.091    0.042 0.073 0.027   -125257    0 
393900:    1.00    5.343    0.121 0.000 0.091    0.053 0.093 0.035   -125219    0 

--------------------------------------------
Proportion of membership of each pre-defined
 population in each of the 3 clusters

Given    Inferred Clusters       Number of
 Pop       1      2      3      Individuals

  1:     0.327  0.340  0.333      358
  2:     0.339  0.325  0.337      1039
  3:     0.332  0.338  0.331      603
--------------------------------------------

  Rep#:   Lambda   Alpha      F1    F2    F3     D1,2  D1,3  D2,3    Ln Like  Est Ln P(D)
394000:    1.00    5.571    0.133 0.000 0.103    0.062 0.092 0.035   -125176    0 
394100:    1.00    5.766    0.138 0.000 0.078    0.058 0.088 0.030   -125216    0 
394200:    1.00    5.955    0.146 0.000 0.112    0.057 0.094 0.033   -125223    0 
394300:    1.00    5.549    0.101 0.000 0.109    0.046 0.086 0.035   -125197    0 
394400:    1.00    5.698    0.123 0.000 0.100    0.050 0.089 0.031   -125210    0 
394500:    1.00    5.678    0.118 0.000 0.095    0.045 0.091 0.039   -125200    0 
394600:    1.00    5.589    0.113 0.000 0.117    0.045 0.104 0.054   -125263    0 
394700:    1.00    5.598    0.102 0.000 0.096    0.041 0.071 0.040   -125286    0 
394800:    1.00    5.716    0.088 0.000 0.094    0.041 0.082 0.031   -125288    0 
394900:    1.00    5.792    0.097 0.000 0.063    0.034 0.069 0.029   -125287    0 

--------------------------------------------
Proportion of membership of each pre-defined
 population in each of the 3 clusters

Given    Inferred Clusters       Number of
 Pop       1      2      3      Individuals

  1:     0.332  0.332  0.335      358
  2:     0.335  0.328  0.338      1039
  3:     0.335  0.336  0.330      603
--------------------------------------------

  Rep#:   Lambda   Alpha      F1    F2    F3     D1,2  D1,3  D2,3    Ln Like  Est Ln P(D)
395000:    1.00    5.855    0.083 0.000 0.049    0.029 0.064 0.027   -125363    0 
395100:    1.00    5.759    0.065 0.000 0.064    0.030 0.058 0.027   -125337    0 
395200:    1.00    6.098    0.088 0.000 0.056    0.037 0.065 0.022   -125369    0 
395300:    1.00    6.039    0.109 0.000 0.076    0.040 0.057 0.022   -125350    0 
395400:    1.00    6.287    0.123 0.000 0.065    0.052 0.067 0.023   -125271    0 
395500:    1.00    6.367    0.122 0.000 0.069    0.052 0.063 0.025   -125353    0 
395600:    1.00    6.218    0.114 0.000 0.100    0.059 0.097 0.032   -125271    0 
395700:    1.00    6.175    0.131 0.000 0.116    0.059 0.087 0.028   -125265    0 
395800:    1.00    6.058    0.131 0.000 0.079    0.060 0.092 0.028   -125214    0 
395900:    1.00    5.926    0.163 0.000 0.057    0.063 0.098 0.023   -125249    0 

--------------------------------------------
Proportion of membership of each pre-defined
 population in each of the 3 clusters

Given    Inferred Clusters       Number of
 Pop       1      2      3      Individuals

  1:     0.332  0.343  0.325      358
  2:     0.335  0.333  0.332      1039
  3:     0.338  0.332  0.330      603
--------------------------------------------

  Rep#:   Lambda   Alpha      F1    F2    F3     D1,2  D1,3  D2,3    Ln Like  Est Ln P(D)
396000:    1.00    5.999    0.136 0.000 0.079    0.048 0.087 0.031   -125322    0 
396100:    1.00    6.518    0.155 0.000 0.107    0.053 0.093 0.037   -125310    0 
396200:    1.00    6.577    0.098 0.000 0.129    0.051 0.092 0.043   -125313    0 
396300:    1.00    6.191    0.106 0.000 0.100    0.045 0.080 0.041   -125239    0 
396400:    1.00    6.345    0.123 0.000 0.135    0.040 0.084 0.043   -125313    0 
396500:    1.00    6.413    0.103 0.000 0.131    0.034 0.085 0.056   -125292    0 
396600:    1.00    6.370    0.108 0.000 0.142    0.038 0.093 0.047   -125248    0 
396700:    1.00    6.657    0.108 0.000 0.149    0.042 0.088 0.041   -125315    0 
396800:    1.00    6.899    0.091 0.000 0.097    0.044 0.082 0.039   -125331    0 
396900:    1.00    7.217    0.091 0.000 0.156    0.043 0.069 0.050   -125334    0 

--------------------------------------------
Proportion of membership of each pre-defined
 population in each of the 3 clusters

Given    Inferred Clusters       Number of
 Pop       1      2      3      Individuals

  1:     0.336  0.326  0.338      358
  2:     0.335  0.334  0.331      1039
  3:     0.338  0.324  0.338      603
--------------------------------------------

  Rep#:   Lambda   Alpha      F1    F2    F3     D1,2  D1,3  D2,3    Ln Like  Est Ln P(D)
397000:    1.00    7.324    0.087 0.000 0.153    0.043 0.081 0.049   -125342    0 
397100:    1.00    7.028    0.098 0.000 0.126    0.044 0.079 0.050   -125338    0 
397200:    1.00    6.972    0.113 0.000 0.162    0.044 0.097 0.054   -125348    0 
397300:    1.00    6.841    0.096 0.000 0.143    0.040 0.084 0.047   -125293    0 
397400:    1.00    6.499    0.098 0.000 0.125    0.045 0.084 0.040   -125296    0 
397500:    1.00    6.551    0.087 0.000 0.131    0.034 0.075 0.041   -125318    0 
397600:    1.00    6.439    0.070 0.000 0.130    0.024 0.074 0.053   -125315    0 
397700:    1.00    6.158    0.068 0.000 0.114    0.029 0.078 0.052   -125290    0 
397800:    1.00    6.085    0.073 0.000 0.170    0.029 0.089 0.058   -125292    0 
397900:    1.00    6.309    0.105 0.000 0.166    0.030 0.100 0.061   -125275    0 

--------------------------------------------
Proportion of membership of each pre-defined
 population in each of the 3 clusters

Given    Inferred Clusters       Number of
 Pop       1      2      3      Individuals

  1:     0.343  0.336  0.321      358
  2:     0.334  0.329  0.338      1039
  3:     0.332  0.330  0.338      603
--------------------------------------------

  Rep#:   Lambda   Alpha      F1    F2    F3     D1,2  D1,3  D2,3    Ln Like  Est Ln P(D)
398000:    1.00    6.480    0.096 0.000 0.113    0.039 0.090 0.057   -125217    0 
398100:    1.00    6.898    0.128 0.000 0.125    0.043 0.105 0.051   -125284    0 
398200:    1.00    6.863    0.116 0.000 0.116    0.047 0.114 0.055   -125264    0 
398300:    1.00    7.031    0.150 0.000 0.111    0.049 0.115 0.047   -125275    0 
398400:    1.00    7.170    0.130 0.000 0.099    0.044 0.092 0.044   -125310    0 
398500:    1.00    7.210    0.136 0.000 0.110    0.046 0.083 0.039   -125245    0 
398600:    1.00    7.755    0.113 0.000 0.112    0.041 0.105 0.055   -125281    0 
398700:    1.00    8.126    0.119 0.000 0.137    0.044 0.099 0.050   -125281    0 
398800:    1.00    8.418    0.119 0.000 0.165    0.038 0.112 0.062   -125361    0 
398900:    1.00    8.028    0.099 0.000 0.135    0.048 0.113 0.054   -125257    0 

--------------------------------------------
Proportion of membership of each pre-defined
 population in each of the 3 clusters

Given    Inferred Clusters       Number of
 Pop       1      2      3      Individuals

  1:     0.341  0.333  0.326      358
  2:     0.336  0.331  0.334      1039
  3:     0.332  0.334  0.335      603
--------------------------------------------

  Rep#:   Lambda   Alpha      F1    F2    F3     D1,2  D1,3  D2,3    Ln Like  Est Ln P(D)
399000:    1.00    7.735    0.090 0.000 0.156    0.035 0.095 0.050   -125316    0 
399100:    1.00    7.804    0.081 0.000 0.174    0.033 0.088 0.050   -125335    0 
399200:    1.00    7.898    0.113 0.000 0.111    0.033 0.087 0.045   -125342    0 
399300:    1.00    8.035    0.110 0.000 0.097    0.034 0.079 0.043   -125321    0 
399400:    1.00    7.875    0.065 0.000 0.106    0.025 0.070 0.048   -125458    0 
399500:    1.00    8.066    0.078 0.000 0.128    0.025 0.083 0.052   -125387    0 
399600:    1.00    8.220    0.061 0.000 0.142    0.022 0.092 0.063   -125344    0 
399700:    1.00    8.088    0.067 0.000 0.127    0.026 0.095 0.060   -125402    0 
399800:    1.00    8.054    0.091 0.000 0.152    0.031 0.107 0.057   -125360    0 
399900:    1.00    8.399    0.073 0.000 0.139    0.036 0.108 0.064   -125316    0 

--------------------------------------------
Proportion of membership of each pre-defined
 population in each of the 3 clusters

Given    Inferred Clusters       Number of
 Pop       1      2      3      Individuals

  1:     0.337  0.326  0.336      358
  2:     0.338  0.329  0.333      1039
  3:     0.330  0.337  0.333      603
--------------------------------------------

  Rep#:   Lambda   Alpha      F1    F2    F3     D1,2  D1,3  D2,3    Ln Like  Est Ln P(D)
400000:    1.00    8.375    0.104 0.000 0.115    0.039 0.084 0.054   -125337    0 
400100:    1.00    8.707    0.090 0.000 0.114    0.042 0.094 0.055   -125339    0 
400200:    1.00    8.642    0.095 0.000 0.141    0.037 0.085 0.050   -125346    0 
400300:    1.00    8.607    0.097 0.000 0.179    0.041 0.102 0.050   -125312    0 
400400:    1.00    8.334    0.087 0.000 0.192    0.034 0.101 0.055   -125302    0 
400500:    1.00    8.571    0.101 0.000 0.137    0.041 0.104 0.057   -125330    0 
400600:    1.00    8.389    0.093 0.000 0.135    0.043 0.112 0.056   -125322    0 
400700:    1.00    8.624    0.078 0.000 0.144    0.033 0.103 0.055   -125299    0 
400800:    1.00    8.636    0.082 0.000 0.141    0.039 0.103 0.069   -125320    0 
400900:    1.00    8.518    0.112 0.000 0.169    0.041 0.114 0.071   -125242    0 

--------------------------------------------
Proportion of membership of each pre-defined
 population in each of the 3 clusters

Given    Inferred Clusters       Number of
 Pop       1      2      3      Individuals

  1:     0.336  0.337  0.327      358
  2:     0.333  0.332  0.335      1039
  3:     0.338  0.336  0.326      603
--------------------------------------------

  Rep#:   Lambda   Alpha      F1    F2    F3     D1,2  D1,3  D2,3    Ln Like  Est Ln P(D)
401000:    1.00    8.449    0.123 0.000 0.196    0.046 0.109 0.068   -125308    0 
401100:    1.00    8.054    0.113 0.000 0.164    0.038 0.112 0.070   -125319    0 
401200:    1.00    8.117    0.107 0.000 0.183    0.045 0.108 0.068   -125256    0 
401300:    1.00    8.513    0.121 0.000 0.172    0.054 0.126 0.083   -125238    0 
401400:    1.00    8.325    0.160 0.000 0.151    0.063 0.128 0.071   -125229    0 
401500:    1.00    8.361    0.149 0.000 0.223    0.050 0.120 0.064   -125266    0 
401600:    1.00    8.868    0.131 0.000 0.149    0.057 0.112 0.058   -125311    0 
401700:    1.00    9.321    0.142 0.000 0.142    0.056 0.106 0.055   -125350    0 
401800:    1.00    9.485    0.161 0.000 0.159    0.064 0.134 0.064   -125312    0 
401900:    1.00    9.686    0.176 0.000 0.154    0.059 0.120 0.062   -125354    0 

--------------------------------------------
Proportion of membership of each pre-defined
 population in each of the 3 clusters

Given    Inferred Clusters       Number of
 Pop       1      2      3      Individuals

  1:     0.332  0.334  0.334      358
  2:     0.338  0.329  0.333      1039
  3:     0.336  0.329  0.335      603
--------------------------------------------

  Rep#:   Lambda   Alpha      F1    F2    F3     D1,2  D1,3  D2,3    Ln Like  Est Ln P(D)
402000:    1.00    9.255    0.119 0.000 0.142    0.052 0.112 0.052   -125323    0 
402100:    1.00    9.040    0.148 0.000 0.160    0.053 0.125 0.065   -125326    0 
402200:    1.00    9.239    0.111 0.000 0.135    0.050 0.111 0.062   -125293    0 
402300:    1.00    9.388    0.122 0.000 0.125    0.055 0.105 0.067   -125325    0 
402400:    1.00    9.276    0.149 0.000 0.127    0.061 0.114 0.048   -125348    0 
402500:    1.00    9.590    0.178 0.000 0.201    0.077 0.137 0.050   -125366    0 
402600:    1.00    9.507    0.136 0.000 0.127    0.058 0.118 0.053   -125333    0 
402700:    1.00    9.766    0.145 0.000 0.138    0.056 0.123 0.057   -125250    0 
402800:    1.00    9.874    0.171 0.000 0.154    0.069 0.143 0.056   -125293    0 
402900:    1.00    9.775    0.180 0.000 0.140    0.063 0.128 0.054   -125293    0 

--------------------------------------------
Proportion of membership of each pre-defined
 population in each of the 3 clusters

Given    Inferred Clusters       Number of
 Pop       1      2      3      Individuals

  1:     0.337  0.329  0.333      358
  2:     0.332  0.333  0.335      1039
  3:     0.333  0.339  0.328      603
--------------------------------------------

  Rep#:   Lambda   Alpha      F1    F2    F3     D1,2  D1,3  D2,3    Ln Like  Est Ln P(D)
403000:    1.00    9.916    0.160 0.000 0.153    0.062 0.127 0.049   -125315    0 
403100:    1.00    9.705    0.161 0.000 0.163    0.070 0.139 0.052   -125294    0 
403200:    1.00    9.951    0.162 0.000 0.154    0.067 0.134 0.054   -125233    0 
403300:    1.00    9.645    0.164 0.000 0.149    0.070 0.148 0.062   -125287    0 
403400:    1.00    9.693    0.164 0.000 0.194    0.071 0.147 0.062   -125275    0 
403500:    1.00    9.301    0.135 0.000 0.177    0.051 0.111 0.061   -125341    0 
403600:    1.00    9.360    0.173 0.000 0.128    0.072 0.133 0.057   -125239    0 
403700:    1.00    9.417    0.145 0.000 0.191    0.057 0.124 0.057   -125310    0 
403800:    1.00    9.234    0.114 0.000 0.178    0.054 0.138 0.067   -125270    0 
403900:    1.00    9.056    0.150 0.000 0.127    0.052 0.132 0.059   -125359    0 

--------------------------------------------
Proportion of membership of each pre-defined
 population in each of the 3 clusters

Given    Inferred Clusters       Number of
 Pop       1      2      3      Individuals

  1:     0.336  0.331  0.334      358
  2:     0.337  0.329  0.334      1039
  3:     0.331  0.331  0.337      603
--------------------------------------------

  Rep#:   Lambda   Alpha      F1    F2    F3     D1,2  D1,3  D2,3    Ln Like  Est Ln P(D)
404000:    1.00    9.024    0.107 0.000 0.096    0.043 0.101 0.051   -125384    0 
404100:    1.00    9.299    0.117 0.000 0.137    0.042 0.108 0.054   -125344    0 
404200:    1.00    9.319    0.110 0.000 0.119    0.043 0.109 0.055   -125388    0 
404300:    1.00    9.161    0.121 0.000 0.128    0.051 0.126 0.054   -125380    0 
404400:    1.00    8.939    0.109 0.000 0.104    0.050 0.116 0.047   -125363    0 
404500:    1.00    9.515    0.110 0.000 0.114    0.047 0.104 0.051   -125410    0 
404600:    1.00    9.738    0.099 0.000 0.125    0.044 0.100 0.045   -125421    0 
404700:    1.00    9.939    0.089 0.000 0.104    0.034 0.082 0.037   -125449    0 
404800:    1.00    9.523    0.124 0.000 0.077    0.040 0.087 0.033   -125432    0 
404900:    1.00    9.528    0.151 0.000 0.089    0.046 0.088 0.034   -125428    0 

--------------------------------------------
Proportion of membership of each pre-defined
 population in each of the 3 clusters

Given    Inferred Clusters       Number of
 Pop       1      2      3      Individuals

  1:     0.331  0.340  0.328      358
  2:     0.336  0.333  0.331      1039
  3:     0.328  0.334  0.338      603
--------------------------------------------

  Rep#:   Lambda   Alpha      F1    F2    F3     D1,2  D1,3  D2,3    Ln Like  Est Ln P(D)
405000:    1.00    9.689    0.103 0.000 0.068    0.053 0.089 0.034   -125353    0 
405100:    1.00    9.180    0.085 0.000 0.101    0.048 0.087 0.033   -125423    0 
405200:    1.00    9.058    0.108 0.000 0.130    0.041 0.094 0.043   -125353    0 
405300:    1.00    9.197    0.107 0.000 0.114    0.045 0.088 0.051   -125356    0 
405400:    1.00    9.148    0.102 0.000 0.126    0.045 0.097 0.051   -125299    0 
405500:    1.00    9.666    0.115 0.000 0.147    0.056 0.117 0.048   -125350    0 
405600:    1.00    9.533    0.151 0.000 0.134    0.068 0.151 0.064   -125330    0 
405700:    1.00    9.703    0.124 0.000 0.132    0.055 0.128 0.058   -125337    0 
405800:    1.00    9.700    0.106 0.000 0.143    0.041 0.117 0.071   -125366    0 
405900:    1.00    9.939    0.109 0.000 0.139    0.044 0.103 0.052   -125424    0 

--------------------------------------------
Proportion of membership of each pre-defined
 population in each of the 3 clusters

Given    Inferred Clusters       Number of
 Pop       1      2      3      Individuals

  1:     0.340  0.329  0.331      358
  2:     0.334  0.330  0.336      1039
  3:     0.329  0.334  0.336      603
--------------------------------------------

  Rep#:   Lambda   Alpha      F1    F2    F3     D1,2  D1,3  D2,3    Ln Like  Est Ln P(D)
406000:    1.00    9.883    0.096 0.000 0.167    0.036 0.107 0.061   -125394    0 
406100:    1.00    9.519    0.098 0.000 0.143    0.041 0.120 0.070   -125376    0 
406200:    1.00    9.525    0.072 0.000 0.163    0.034 0.109 0.059   -125342    0 
406300:    1.00    9.342    0.073 0.000 0.118    0.028 0.091 0.055   -125410    0 
406400:    1.00    9.086    0.087 0.000 0.150    0.038 0.109 0.061   -125413    0 
406500:    1.00    9.260    0.079 0.000 0.165    0.033 0.089 0.060   -125431    0 
406600:    1.00    9.371    0.085 0.000 0.169    0.038 0.103 0.061   -125364    0 
406700:    1.00    9.277    0.096 0.000 0.142    0.041 0.105 0.062   -125352    0 
406800:    1.00    8.968    0.132 0.000 0.116    0.045 0.091 0.055   -125409    0 
406900:    1.00    8.843    0.142 0.000 0.132    0.057 0.109 0.056   -125330    0 

--------------------------------------------
Proportion of membership of each pre-defined
 population in each of the 3 clusters

Given    Inferred Clusters       Number of
 Pop       1      2      3      Individuals

  1:     0.333  0.338  0.329      358
  2:     0.337  0.331  0.332      1039
  3:     0.333  0.333  0.334      603
--------------------------------------------

  Rep#:   Lambda   Alpha      F1    F2    F3     D1,2  D1,3  D2,3    Ln Like  Est Ln P(D)
407000:    1.00    9.065    0.124 0.000 0.165    0.050 0.114 0.066   -125342    0 
407100:    1.00    9.353    0.094 0.000 0.133    0.042 0.101 0.058   -125349    0 
407200:    1.00    9.444    0.118 0.000 0.164    0.057 0.112 0.048   -125343    0 
407300:    1.00    9.573    0.117 0.000 0.129    0.056 0.113 0.047   -125360    0 
407400:    1.00    9.440    0.090 0.000 0.143    0.049 0.100 0.046   -125333    0 
407500:    1.00    9.764    0.127 0.000 0.121    0.043 0.092 0.042   -125400    0 
407600:    1.00    9.939    0.131 0.000 0.098    0.050 0.087 0.040   -125406    0 
407700:    1.00    9.997    0.123 0.000 0.145    0.054 0.119 0.050   -125347    0 
407800:    1.00    9.936    0.111 0.000 0.192    0.046 0.102 0.054   -125371    0 
407900:    1.00    9.730    0.103 0.000 0.102    0.048 0.109 0.049   -125381    0 

--------------------------------------------
Proportion of membership of each pre-defined
 population in each of the 3 clusters

Given    Inferred Clusters       Number of
 Pop       1      2      3      Individuals

  1:     0.338  0.325  0.337      358
  2:     0.330  0.339  0.331      1039
  3:     0.330  0.340  0.330      603
--------------------------------------------

  Rep#:   Lambda   Alpha      F1    F2    F3     D1,2  D1,3  D2,3    Ln Like  Est Ln P(D)
408000:    1.00    9.716    0.129 0.000 0.118    0.040 0.110 0.056   -125404    0 
408100:    1.00    9.440    0.082 0.000 0.147    0.036 0.092 0.053   -125416    0 
408200:    1.00    9.475    0.085 0.000 0.162    0.032 0.094 0.059   -125362    0 
408300:    1.00    9.307    0.084 0.000 0.148    0.029 0.090 0.056   -125417    0 
408400:    1.00    9.372    0.113 0.000 0.119    0.046 0.092 0.059   -125366    0 
408500:    1.00    9.284    0.090 0.000 0.152    0.033 0.104 0.070   -125339    0 
408600:    1.00    9.114    0.102 0.000 0.137    0.038 0.110 0.061   -125296    0 
408700:    1.00    9.054    0.083 0.000 0.144    0.035 0.114 0.061   -125321    0 
408800:    1.00    8.885    0.092 0.000 0.155    0.039 0.118 0.070   -125326    0 
408900:    1.00    9.162    0.106 0.000 0.129    0.040 0.114 0.064   -125350    0 

--------------------------------------------
Proportion of membership of each pre-defined
 population in each of the 3 clusters

Given    Inferred Clusters       Number of
 Pop       1      2      3      Individuals

  1:     0.336  0.323  0.341      358
  2:     0.328  0.333  0.339      1039
  3:     0.328  0.338  0.334      603
--------------------------------------------

  Rep#:   Lambda   Alpha      F1    F2    F3     D1,2  D1,3  D2,3    Ln Like  Est Ln P(D)
409000:    1.00    9.428    0.133 0.000 0.106    0.050 0.109 0.057   -125358    0 
409100:    1.00    9.420    0.119 0.000 0.150    0.042 0.104 0.056   -125332    0 
409200:    1.00    9.611    0.119 0.000 0.159    0.039 0.105 0.051   -125382    0 
409300:    1.00    9.520    0.097 0.000 0.133    0.036 0.092 0.052   -125431    0 
409400:    1.00    9.636    0.119 0.000 0.133    0.036 0.115 0.055   -125387    0 
409500:    1.00    9.551    0.149 0.000 0.127    0.048 0.119 0.052   -125319    0 
409600:    1.00    9.284    0.157 0.000 0.126    0.050 0.115 0.052   -125390    0 
409700:    1.00    9.404    0.152 0.000 0.165    0.063 0.137 0.068   -125279    0 
409800:    1.00    9.493    0.124 0.000 0.192    0.066 0.139 0.066   -125280    0 
409900:    1.00    9.663    0.145 0.000 0.166    0.057 0.134 0.058   -125329    0 

--------------------------------------------
Proportion of membership of each pre-defined
 population in each of the 3 clusters

Given    Inferred Clusters       Number of
 Pop       1      2      3      Individuals

  1:     0.329  0.335  0.336      358
  2:     0.334  0.330  0.336      1039
  3:     0.332  0.334  0.334      603
--------------------------------------------

  Rep#:   Lambda   Alpha      F1    F2    F3     D1,2  D1,3  D2,3    Ln Like  Est Ln P(D)
410000:    1.00    9.847    0.183 0.000 0.202    0.064 0.149 0.067   -125259    0 
410100:    1.00    9.415    0.145 0.000 0.189    0.055 0.148 0.082   -125268    0 
410200:    1.00    9.220    0.152 0.000 0.148    0.063 0.142 0.069   -125266    0 
410300:    1.00    9.239    0.124 0.000 0.142    0.057 0.136 0.060   -125268    0 
410400:    1.00    9.272    0.147 0.000 0.165    0.061 0.136 0.056   -125286    0 
410500:    1.00    9.333    0.127 0.000 0.143    0.062 0.134 0.057   -125291    0 
410600:    1.00    9.439    0.120 0.000 0.215    0.059 0.134 0.065   -125264    0 
410700:    1.00    9.244    0.100 0.000 0.184    0.051 0.114 0.058   -125267    0 
410800:    1.00    9.102    0.115 0.000 0.178    0.046 0.117 0.067   -125316    0 
410900:    1.00    8.815    0.135 0.000 0.146    0.056 0.118 0.067   -125294    0 

--------------------------------------------
Proportion of membership of each pre-defined
 population in each of the 3 clusters

Given    Inferred Clusters       Number of
 Pop       1      2      3      Individuals

  1:     0.327  0.341  0.332      358
  2:     0.336  0.331  0.333      1039
  3:     0.333  0.336  0.332      603
--------------------------------------------

  Rep#:   Lambda   Alpha      F1    F2    F3     D1,2  D1,3  D2,3    Ln Like  Est Ln P(D)
411000:    1.00    9.245    0.123 0.000 0.137    0.065 0.125 0.061   -125302    0 
411100:    1.00    8.970    0.130 0.000 0.139    0.078 0.135 0.057   -125307    0 
411200:    1.00    9.335    0.166 0.000 0.143    0.095 0.143 0.049   -125274    0 
411300:    1.00    9.774    0.171 0.000 0.115    0.090 0.149 0.045   -125348    0 
411400:    1.00    9.976    0.151 0.000 0.130    0.081 0.146 0.047   -125346    0 
411500:    1.00    9.719    0.199 0.000 0.137    0.086 0.152 0.043   -125256    0 
411600:    1.00    9.517    0.146 0.000 0.105    0.081 0.145 0.043   -125354    0 
411700:    1.00    9.462    0.138 0.000 0.121    0.084 0.146 0.046   -125292    0 
411800:    1.00    9.039    0.170 0.000 0.120    0.079 0.137 0.048   -125294    0 
411900:    1.00    8.763    0.159 0.000 0.133    0.067 0.139 0.046   -125255    0 

--------------------------------------------
Proportion of membership of each pre-defined
 population in each of the 3 clusters

Given    Inferred Clusters       Number of
 Pop       1      2      3      Individuals

  1:     0.342  0.328  0.330      358
  2:     0.331  0.337  0.332      1039
  3:     0.334  0.333  0.333      603
--------------------------------------------

  Rep#:   Lambda   Alpha      F1    F2    F3     D1,2  D1,3  D2,3    Ln Like  Est Ln P(D)
412000:    1.00    8.344    0.125 0.000 0.152    0.059 0.114 0.047   -125288    0 
412100:    1.00    8.531    0.160 0.000 0.123    0.068 0.143 0.057   -125319    0 
412200:    1.00    8.373    0.141 0.000 0.145    0.069 0.147 0.057   -125240    0 
412300:    1.00    8.530    0.152 0.000 0.150    0.060 0.135 0.056   -125285    0 
412400:    1.00    8.863    0.137 0.000 0.139    0.063 0.131 0.049   -125276    0 
412500:    1.00    8.647    0.123 0.000 0.142    0.064 0.142 0.057   -125238    0 
412600:    1.00    8.767    0.149 0.000 0.147    0.071 0.132 0.052   -125249    0 
412700:    1.00    9.066    0.182 0.000 0.142    0.077 0.142 0.052   -125260    0 
412800:    1.00    9.251    0.189 0.000 0.161    0.071 0.133 0.063   -125287    0 
412900:    1.00    8.891    0.129 0.000 0.169    0.064 0.119 0.057   -125221    0 

--------------------------------------------
Proportion of membership of each pre-defined
 population in each of the 3 clusters

Given    Inferred Clusters       Number of
 Pop       1      2      3      Individuals

  1:     0.334  0.334  0.332      358
  2:     0.334  0.327  0.339      1039
  3:     0.335  0.334  0.331      603
--------------------------------------------

  Rep#:   Lambda   Alpha      F1    F2    F3     D1,2  D1,3  D2,3    Ln Like  Est Ln P(D)
413000:    1.00    8.599    0.148 0.000 0.149    0.068 0.123 0.053   -125255    0 
413100:    1.00    8.687    0.218 0.000 0.158    0.068 0.130 0.059   -125219    0 
413200:    1.00    8.726    0.148 0.000 0.176    0.064 0.123 0.054   -125254    0 
413300:    1.00    8.674    0.176 0.000 0.170    0.049 0.108 0.065   -125304    0 
413400:    1.00    8.724    0.174 0.000 0.179    0.055 0.109 0.057   -125290    0 
413500:    1.00    8.765    0.094 0.000 0.215    0.043 0.107 0.064   -125321    0 
413600:    1.00    8.456    0.140 0.000 0.142    0.044 0.110 0.064   -125325    0 
413700:    1.00    8.010    0.152 0.000 0.134    0.048 0.113 0.058   -125314    0 
413800:    1.00    7.931    0.184 0.000 0.135    0.054 0.117 0.057   -125226    0 
413900:    1.00    7.861    0.173 0.000 0.157    0.054 0.117 0.057   -125266    0 

--------------------------------------------
Proportion of membership of each pre-defined
 population in each of the 3 clusters

Given    Inferred Clusters       Number of
 Pop       1      2      3      Individuals

  1:     0.342  0.328  0.330      358
  2:     0.330  0.332  0.338      1039
  3:     0.331  0.331  0.337      603
--------------------------------------------

  Rep#:   Lambda   Alpha      F1    F2    F3     D1,2  D1,3  D2,3    Ln Like  Est Ln P(D)
414000:    1.00    8.133    0.101 0.000 0.174    0.046 0.111 0.061   -125285    0 
414100:    1.00    8.122    0.093 0.000 0.180    0.042 0.094 0.055   -125342    0 
414200:    1.00    8.104    0.115 0.000 0.135    0.038 0.103 0.058   -125287    0 
414300:    1.00    8.450    0.101 0.000 0.168    0.036 0.099 0.055   -125357    0 
414400:    1.00    8.505    0.115 0.000 0.128    0.033 0.090 0.057   -125368    0 
414500:    1.00    8.178    0.110 0.000 0.135    0.034 0.100 0.057   -125327    0 
414600:    1.00    8.028    0.117 0.000 0.154    0.035 0.092 0.043   -125363    0 
414700:    1.00    7.730    0.086 0.000 0.146    0.037 0.113 0.058   -125299    0 
414800:    1.00    7.549    0.089 0.000 0.164    0.033 0.109 0.064   -125259    0 
414900:    1.00    7.236    0.089 0.000 0.176    0.030 0.107 0.064   -125271    0 

--------------------------------------------
Proportion of membership of each pre-defined
 population in each of the 3 clusters

Given    Inferred Clusters       Number of
 Pop       1      2      3      Individuals

  1:     0.329  0.341  0.330      358
  2:     0.332  0.334  0.334      1039
  3:     0.325  0.335  0.339      603
--------------------------------------------

  Rep#:   Lambda   Alpha      F1    F2    F3     D1,2  D1,3  D2,3    Ln Like  Est Ln P(D)
415000:    1.00    6.925    0.094 0.000 0.171    0.033 0.090 0.051   -125323    0 
415100:    1.00    7.119    0.082 0.000 0.167    0.023 0.095 0.061   -125311    0 
415200:    1.00    7.257    0.111 0.000 0.144    0.027 0.108 0.067   -125294    0 
415300:    1.00    7.222    0.111 0.000 0.148    0.033 0.105 0.060   -125293    0 
415400:    1.00    7.176    0.094 0.000 0.147    0.025 0.074 0.055   -125321    0 
415500:    1.00    7.179    0.069 0.000 0.218    0.021 0.097 0.069   -125303    0 
415600:    1.00    7.397    0.141 0.000 0.237    0.032 0.112 0.068   -125298    0 
415700:    1.00    7.514    0.118 0.000 0.195    0.034 0.115 0.069   -125236    0 
415800:    1.00    7.588    0.099 0.000 0.144    0.032 0.093 0.057   -125296    0 
415900:    1.00    7.590    0.127 0.000 0.182    0.035 0.109 0.065   -125306    0 

--------------------------------------------
Proportion of membership of each pre-defined
 population in each of the 3 clusters

Given    Inferred Clusters       Number of
 Pop       1      2      3      Individuals

  1:     0.336  0.328  0.336      358
  2:     0.331  0.334  0.335      1039
  3:     0.323  0.343  0.333      603
--------------------------------------------

  Rep#:   Lambda   Alpha      F1    F2    F3     D1,2  D1,3  D2,3    Ln Like  Est Ln P(D)
416000:    1.00    7.625    0.090 0.000 0.160    0.037 0.111 0.060   -125320    0 
416100:    1.00    7.896    0.082 0.000 0.143    0.029 0.100 0.062   -125351    0 
416200:    1.00    8.196    0.106 0.000 0.137    0.026 0.089 0.053   -125318    0 
416300:    1.00    8.440    0.091 0.000 0.096    0.030 0.104 0.055   -125358    0 
416400:    1.00    8.817    0.096 0.000 0.112    0.038 0.111 0.051   -125363    0 
416500:    1.00    8.922    0.101 0.000 0.119    0.042 0.112 0.052   -125320    0 
416600:    1.00    8.752    0.113 0.000 0.159    0.046 0.125 0.052   -125333    0 
416700:    1.00    8.971    0.129 0.000 0.152    0.048 0.126 0.056   -125282    0 
416800:    1.00    8.961    0.101 0.000 0.157    0.038 0.114 0.060   -125306    0 
416900:    1.00    9.110    0.099 0.000 0.165    0.041 0.111 0.057   -125338    0 

--------------------------------------------
Proportion of membership of each pre-defined
 population in each of the 3 clusters

Given    Inferred Clusters       Number of
 Pop       1      2      3      Individuals

  1:     0.339  0.333  0.328      358
  2:     0.335  0.334  0.331      1039
  3:     0.335  0.336  0.329      603
--------------------------------------------

  Rep#:   Lambda   Alpha      F1    F2    F3     D1,2  D1,3  D2,3    Ln Like  Est Ln P(D)
417000:    1.00    8.901    0.084 0.000 0.158    0.048 0.114 0.056   -125373    0 
417100:    1.00    9.015    0.092 0.000 0.150    0.043 0.106 0.052   -125354    0 
417200:    1.00    9.092    0.109 0.000 0.150    0.042 0.101 0.055   -125307    0 
417300:    1.00    9.206    0.122 0.000 0.148    0.054 0.126 0.058   -125346    0 
417400:    1.00    9.178    0.123 0.000 0.196    0.055 0.135 0.060   -125313    0 
417500:    1.00    9.402    0.120 0.000 0.122    0.049 0.116 0.057   -125344    0 
417600:    1.00    9.550    0.098 0.000 0.147    0.049 0.110 0.050   -125382    0 
417700:    1.00    9.359    0.122 0.000 0.145    0.057 0.124 0.056   -125301    0 
417800:    1.00    9.318    0.123 0.000 0.130    0.055 0.107 0.048   -125389    0 
417900:    1.00    9.220    0.107 0.000 0.126    0.053 0.119 0.046   -125335    0 

--------------------------------------------
Proportion of membership of each pre-defined
 population in each of the 3 clusters

Given    Inferred Clusters       Number of
 Pop       1      2      3      Individuals

  1:     0.341  0.332  0.328      358
  2:     0.333  0.334  0.334      1039
  3:     0.337  0.333  0.330      603
--------------------------------------------

  Rep#:   Lambda   Alpha      F1    F2    F3     D1,2  D1,3  D2,3    Ln Like  Est Ln P(D)
418000:    1.00    9.480    0.129 0.000 0.121    0.052 0.128 0.050   -125308    0 
418100:    1.00    9.601    0.143 0.000 0.127    0.050 0.122 0.050   -125337    0 
418200:    1.00    9.548    0.123 0.000 0.149    0.056 0.122 0.047   -125340    0 
418300:    1.00    9.532    0.170 0.000 0.126    0.056 0.109 0.046   -125330    0 
418400:    1.00    9.352    0.138 0.000 0.127    0.055 0.114 0.050   -125325    0 
418500:    1.00    9.401    0.136 0.000 0.149    0.057 0.129 0.053   -125270    0 
418600:    1.00    9.178    0.162 0.000 0.161    0.057 0.124 0.055   -125280    0 
418700:    1.00    9.074    0.175 0.000 0.111    0.051 0.109 0.047   -125339    0 
418800:    1.00    8.898    0.109 0.000 0.125    0.051 0.111 0.045   -125315    0 
418900:    1.00    8.992    0.141 0.000 0.129    0.051 0.115 0.046   -125290    0 

--------------------------------------------
Proportion of membership of each pre-defined
 population in each of the 3 clusters

Given    Inferred Clusters       Number of
 Pop       1      2      3      Individuals

  1:     0.336  0.331  0.334      358
  2:     0.329  0.335  0.336      1039
  3:     0.328  0.337  0.335      603
--------------------------------------------

  Rep#:   Lambda   Alpha      F1    F2    F3     D1,2  D1,3  D2,3    Ln Like  Est Ln P(D)
419000:    1.00    8.876    0.114 0.000 0.131    0.055 0.106 0.050   -125344    0 
419100:    1.00    8.356    0.133 0.000 0.112    0.040 0.090 0.046   -125357    0 
419200:    1.00    8.429    0.131 0.000 0.117    0.045 0.101 0.051   -125378    0 
419300:    1.00    8.318    0.129 0.000 0.148    0.048 0.116 0.055   -125304    0 
419400:    1.00    8.425    0.115 0.000 0.234    0.040 0.119 0.064   -125307    0 
419500:    1.00    8.744    0.097 0.000 0.220    0.031 0.097 0.065   -125368    0 
419600:    1.00    8.933    0.073 0.000 0.172    0.032 0.100 0.067   -125421    0 
419700:    1.00    8.943    0.075 0.000 0.174    0.034 0.098 0.066   -125347    0 
419800:    1.00    8.662    0.086 0.000 0.149    0.039 0.091 0.060   -125375    0 
419900:    1.00    8.659    0.076 0.000 0.183    0.037 0.108 0.066   -125336    0 

--------------------------------------------
Proportion of membership of each pre-defined
 population in each of the 3 clusters

Given    Inferred Clusters       Number of
 Pop       1      2      3      Individuals

  1:     0.341  0.328  0.331      358
  2:     0.337  0.329  0.334      1039
  3:     0.328  0.340  0.333      603
--------------------------------------------

  Rep#:   Lambda   Alpha      F1    F2    F3     D1,2  D1,3  D2,3    Ln Like  Est Ln P(D)
420000:    1.00    8.720    0.108 0.000 0.197    0.042 0.130 0.078   -125328    0 
420100:    1.00    8.966    0.083 0.000 0.170    0.037 0.108 0.063   -125360    0 
420200:    1.00    8.914    0.080 0.000 0.193    0.037 0.104 0.060   -125371    0 
420300:    1.00    8.863    0.099 0.000 0.188    0.046 0.126 0.063   -125318    0 
420400:    1.00    8.688    0.115 0.000 0.148    0.041 0.091 0.055   -125339    0 
420500:    1.00    8.665    0.105 0.000 0.152    0.042 0.099 0.056   -125354    0 
420600:    1.00    8.911    0.119 0.000 0.172    0.048 0.122 0.060   -125273    0 
420700:    1.00    8.888    0.130 0.000 0.161    0.052 0.117 0.049   -125321    0 
420800:    1.00    9.065    0.156 0.000 0.180    0.050 0.127 0.059   -125289    0 
420900:    1.00    9.009    0.153 0.000 0.150    0.045 0.118 0.058   -125327    0 

--------------------------------------------
Proportion of membership of each pre-defined
 population in each of the 3 clusters

Given    Inferred Clusters       Number of
 Pop       1      2      3      Individuals

  1:     0.325  0.331  0.344      358
  2:     0.333  0.330  0.337      1039
  3:     0.332  0.336  0.332      603
--------------------------------------------

  Rep#:   Lambda   Alpha      F1    F2    F3     D1,2  D1,3  D2,3    Ln Like  Est Ln P(D)
421000:    1.00    8.752    0.116 0.000 0.140    0.043 0.126 0.066   -125343    0 
421100:    1.00    8.940    0.095 0.000 0.171    0.052 0.138 0.070   -125328    0 
421200:    1.00    8.687    0.129 0.000 0.160    0.048 0.136 0.069   -125285    0 
421300:    1.00    8.865    0.114 0.000 0.188    0.042 0.130 0.073   -125307    0 
421400:    1.00    8.764    0.162 0.000 0.170    0.049 0.132 0.071   -125232    0 
421500:    1.00    9.186    0.135 0.000 0.184    0.051 0.132 0.066   -125267    0 
421600:    1.00    9.016    0.133 0.000 0.132    0.047 0.116 0.062   -125295    0 
421700:    1.00    9.269    0.148 0.000 0.188    0.046 0.116 0.065   -125340    0 
421800:    1.00    9.193    0.120 0.000 0.191    0.050 0.122 0.069   -125319    0 
421900:    1.00    9.485    0.137 0.000 0.149    0.052 0.123 0.070   -125289    0 

--------------------------------------------
Proportion of membership of each pre-defined
 population in each of the 3 clusters

Given    Inferred Clusters       Number of
 Pop       1      2      3      Individuals

  1:     0.342  0.330  0.328      358
  2:     0.332  0.333  0.335      1039
  3:     0.326  0.337  0.337      603
--------------------------------------------

  Rep#:   Lambda   Alpha      F1    F2    F3     D1,2  D1,3  D2,3    Ln Like  Est Ln P(D)
422000:    1.00    9.578    0.130 0.000 0.147    0.055 0.114 0.063   -125334    0 
422100:    1.00    9.711    0.107 0.000 0.158    0.052 0.125 0.070   -125345    0 
422200:    1.00    9.583    0.120 0.000 0.144    0.053 0.110 0.058   -125394    0 
422300:    1.00    9.619    0.151 0.000 0.192    0.060 0.132 0.068   -125323    0 
422400:    1.00    9.475    0.118 0.000 0.133    0.052 0.107 0.063   -125377    0 
422500:    1.00    9.334    0.109 0.000 0.165    0.064 0.133 0.060   -125326    0 
422600:    1.00    9.286    0.125 0.000 0.137    0.048 0.115 0.059   -125384    0 
422700:    1.00    9.428    0.139 0.000 0.138    0.055 0.133 0.072   -125285    0 
422800:    1.00    8.953    0.114 0.000 0.138    0.058 0.116 0.059   -125255    0 
422900:    1.00    8.729    0.114 0.000 0.139    0.054 0.108 0.050   -125338    0 

--------------------------------------------
Proportion of membership of each pre-defined
 population in each of the 3 clusters

Given    Inferred Clusters       Number of
 Pop       1      2      3      Individuals

  1:     0.337  0.338  0.325      358
  2:     0.333  0.330  0.337      1039
  3:     0.331  0.329  0.339      603
--------------------------------------------

  Rep#:   Lambda   Alpha      F1    F2    F3     D1,2  D1,3  D2,3    Ln Like  Est Ln P(D)
423000:    1.00    9.025    0.170 0.000 0.126    0.070 0.136 0.048   -125275    0 
423100:    1.00    9.272    0.118 0.000 0.128    0.064 0.120 0.050   -125307    0 
423200:    1.00    9.327    0.139 0.000 0.121    0.062 0.126 0.060   -125348    0 
423300:    1.00    9.282    0.157 0.000 0.151    0.064 0.116 0.060   -125358    0 
423400:    1.00    9.117    0.145 0.000 0.146    0.067 0.129 0.056   -125342    0 
423500:    1.00    9.142    0.156 0.000 0.125    0.058 0.111 0.058   -125410    0 
423600:    1.00    9.259    0.136 0.000 0.145    0.050 0.100 0.063   -125387    0 
423700:    1.00    9.615    0.141 0.000 0.170    0.049 0.117 0.062   -125386    0 
423800:    1.00    9.156    0.205 0.000 0.128    0.068 0.128 0.049   -125294    0 
423900:    1.00    8.932    0.183 0.000 0.148    0.064 0.123 0.058   -125265    0 

--------------------------------------------
Proportion of membership of each pre-defined
 population in each of the 3 clusters

Given    Inferred Clusters       Number of
 Pop       1      2      3      Individuals

  1:     0.340  0.333  0.327      358
  2:     0.333  0.332  0.335      1039
  3:     0.330  0.336  0.334      603
--------------------------------------------

  Rep#:   Lambda   Alpha      F1    F2    F3     D1,2  D1,3  D2,3    Ln Like  Est Ln P(D)
424000:    1.00    9.049    0.139 0.000 0.152    0.071 0.123 0.060   -125320    0 
424100:    1.00    8.779    0.175 0.000 0.131    0.063 0.116 0.054   -125293    0 
424200:    1.00    8.638    0.148 0.000 0.150    0.078 0.143 0.060   -125264    0 
424300:    1.00    8.996    0.210 0.000 0.143    0.084 0.126 0.050   -125301    0 
424400:    1.00    8.950    0.185 0.000 0.102    0.082 0.125 0.044   -125322    0 
424500:    1.00    9.208    0.185 0.000 0.132    0.074 0.129 0.047   -125320    0 
424600:    1.00    9.132    0.135 0.000 0.115    0.060 0.113 0.047   -125321    0 
424700:    1.00    9.263    0.150 0.000 0.117    0.057 0.108 0.043   -125329    0 
424800:    1.00    8.913    0.155 0.000 0.120    0.056 0.109 0.048   -125329    0 
424900:    1.00    8.741    0.116 0.000 0.128    0.056 0.119 0.051   -125298    0 

--------------------------------------------
Proportion of membership of each pre-defined
 population in each of the 3 clusters

Given    Inferred Clusters       Number of
 Pop       1      2      3      Individuals

  1:     0.333  0.331  0.336      358
  2:     0.333  0.338  0.329      1039
  3:     0.339  0.332  0.329      603
--------------------------------------------

  Rep#:   Lambda   Alpha      F1    F2    F3     D1,2  D1,3  D2,3    Ln Like  Est Ln P(D)
425000:    1.00    8.948    0.142 0.000 0.109    0.055 0.116 0.055   -125359    0 
425100:    1.00    9.063    0.128 0.000 0.127    0.057 0.125 0.057   -125290    0 
425200:    1.00    9.129    0.120 0.000 0.134    0.039 0.095 0.056   -125362    0 
425300:    1.00    9.049    0.134 0.000 0.167    0.046 0.104 0.052   -125361    0 
425400:    1.00    9.146    0.129 0.000 0.130    0.056 0.104 0.050   -125323    0 
425500:    1.00    9.563    0.107 0.000 0.174    0.042 0.120 0.059   -125340    0 
425600:    1.00    9.686    0.141 0.000 0.181    0.052 0.138 0.054   -125343    0 
425700:    1.00    9.443    0.102 0.000 0.179    0.048 0.118 0.056   -125284    0 
425800:    1.00    9.346    0.138 0.000 0.165    0.056 0.108 0.048   -125297    0 
425900:    1.00    9.191    0.200 0.000 0.148    0.053 0.106 0.047   -125290    0 

--------------------------------------------
Proportion of membership of each pre-defined
 population in each of the 3 clusters

Given    Inferred Clusters       Number of
 Pop       1      2      3      Individuals

  1:     0.342  0.332  0.326      358
  2:     0.337  0.330  0.333      1039
  3:     0.331  0.337  0.333      603
--------------------------------------------

  Rep#:   Lambda   Alpha      F1    F2    F3     D1,2  D1,3  D2,3    Ln Like  Est Ln P(D)
426000:    1.00    9.151    0.119 0.000 0.166    0.050 0.101 0.044   -125343    0 
426100:    1.00    8.953    0.125 0.000 0.164    0.051 0.118 0.056   -125260    0 
426200:    1.00    8.982    0.116 0.000 0.178    0.048 0.110 0.056   -125333    0 
426300:    1.00    9.734    0.103 0.000 0.174    0.056 0.141 0.060   -125279    0 
426400:    1.00    9.197    0.131 0.000 0.139    0.058 0.133 0.065   -125279    0 
426500:    1.00    9.393    0.108 0.000 0.181    0.053 0.120 0.061   -125308    0 
426600:    1.00    9.578    0.112 0.000 0.155    0.053 0.119 0.060   -125356    0 
426700:    1.00    9.221    0.126 0.000 0.143    0.048 0.102 0.048   -125340    0 
426800:    1.00    9.065    0.181 0.000 0.139    0.073 0.154 0.052   -125272    0 
426900:    1.00    9.389    0.148 0.000 0.131    0.071 0.137 0.042   -125366    0 

--------------------------------------------
Proportion of membership of each pre-defined
 population in each of the 3 clusters

Given    Inferred Clusters       Number of
 Pop       1      2      3      Individuals

  1:     0.327  0.338  0.334      358
  2:     0.334  0.334  0.332      1039
  3:     0.333  0.336  0.331      603
--------------------------------------------

  Rep#:   Lambda   Alpha      F1    F2    F3     D1,2  D1,3  D2,3    Ln Like  Est Ln P(D)
427000:    1.00    9.302    0.152 0.000 0.132    0.060 0.113 0.042   -125394    0 
427100:    1.00    9.305    0.155 0.000 0.134    0.056 0.125 0.049   -125340    0 
427200:    1.00    9.665    0.112 0.000 0.121    0.051 0.107 0.043   -125349    0 
427300:    1.00    9.349    0.111 0.000 0.122    0.045 0.094 0.039   -125338    0 
427400:    1.00    9.221    0.088 0.000 0.094    0.048 0.105 0.041   -125354    0 
427500:    1.00    8.938    0.117 0.000 0.102    0.046 0.087 0.035   -125416    0 
427600:    1.00    8.878    0.083 0.000 0.097    0.041 0.083 0.037   -125417    0 
427700:    1.00    8.938    0.120 0.000 0.108    0.050 0.097 0.042   -125366    0 
427800:    1.00    9.105    0.108 0.000 0.152    0.047 0.106 0.043   -125395    0 
427900:    1.00    9.444    0.114 0.000 0.143    0.057 0.100 0.047   -125383    0 

--------------------------------------------
Proportion of membership of each pre-defined
 population in each of the 3 clusters

Given    Inferred Clusters       Number of
 Pop       1      2      3      Individuals

  1:     0.334  0.329  0.338      358
  2:     0.331  0.331  0.338      1039
  3:     0.335  0.333  0.332      603
--------------------------------------------

  Rep#:   Lambda   Alpha      F1    F2    F3     D1,2  D1,3  D2,3    Ln Like  Est Ln P(D)
428000:    1.00    9.663    0.090 0.000 0.132    0.047 0.109 0.065   -125344    0 
428100:    1.00    9.682    0.099 0.000 0.148    0.048 0.110 0.061   -125383    0 
428200:    1.00    9.472    0.111 0.000 0.166    0.053 0.116 0.067   -125348    0 
428300:    1.00    9.677    0.117 0.000 0.135    0.055 0.118 0.065   -125382    0 
428400:    1.00    9.874    0.099 0.000 0.143    0.049 0.116 0.072   -125357    0 
428500:    1.00    9.755    0.116 0.000 0.159    0.054 0.133 0.072   -125285    0 
428600:    1.00    9.693    0.123 0.000 0.134    0.059 0.126 0.063   -125323    0 
428700:    1.00    9.431    0.153 0.000 0.188    0.057 0.144 0.068   -125331    0 
428800:    1.00    9.345    0.135 0.000 0.155    0.055 0.133 0.063   -125377    0 
428900:    1.00    9.018    0.159 0.000 0.154    0.069 0.137 0.058   -125336    0 

--------------------------------------------
Proportion of membership of each pre-defined
 population in each of the 3 clusters

Given    Inferred Clusters       Number of
 Pop       1      2      3      Individuals

  1:     0.340  0.321  0.339      358
  2:     0.333  0.334  0.333      1039
  3:     0.333  0.333  0.334      603
--------------------------------------------

  Rep#:   Lambda   Alpha      F1    F2    F3     D1,2  D1,3  D2,3    Ln Like  Est Ln P(D)
429000:    1.00    9.392    0.131 0.000 0.130    0.067 0.137 0.052   -125323    0 
429100:    1.00    9.523    0.153 0.000 0.145    0.058 0.119 0.054   -125348    0 
429200:    1.00    9.165    0.099 0.000 0.154    0.053 0.099 0.056   -125339    0 
429300:    1.00    9.214    0.126 0.000 0.123    0.049 0.114 0.063   -125300    0 
429400:    1.00    9.368    0.133 0.000 0.140    0.043 0.112 0.066   -125307    0 
429500:    1.00    9.229    0.127 0.000 0.155    0.040 0.102 0.065   -125363    0 
429600:    1.00    9.097    0.136 0.000 0.148    0.043 0.120 0.067   -125379    0 
429700:    1.00    8.827    0.108 0.000 0.152    0.040 0.104 0.057   -125381    0 
429800:    1.00    8.849    0.089 0.000 0.100    0.034 0.093 0.055   -125398    0 
429900:    1.00    8.728    0.066 0.000 0.155    0.030 0.094 0.053   -125431    0 

--------------------------------------------
Proportion of membership of each pre-defined
 population in each of the 3 clusters

Given    Inferred Clusters       Number of
 Pop       1      2      3      Individuals

  1:     0.338  0.329  0.333      358
  2:     0.333  0.334  0.333      1039
  3:     0.336  0.329  0.335      603
--------------------------------------------

  Rep#:   Lambda   Alpha      F1    F2    F3     D1,2  D1,3  D2,3    Ln Like  Est Ln P(D)
430000:    1.00    8.693    0.055 0.000 0.123    0.026 0.076 0.044   -125446    0 
430100:    1.00    8.679    0.063 0.000 0.120    0.030 0.075 0.045   -125450    0 
430200:    1.00    9.141    0.084 0.000 0.148    0.044 0.098 0.045   -125448    0 
430300:    1.00    9.373    0.085 0.000 0.131    0.040 0.096 0.048   -125429    0 
430400:    1.00    9.248    0.115 0.000 0.133    0.048 0.106 0.055   -125405    0 
430500:    1.00    9.036    0.076 0.000 0.116    0.034 0.088 0.052   -125426    0 
430600:    1.00    8.459    0.095 0.000 0.151    0.036 0.093 0.053   -125419    0 
430700:    1.00    8.761    0.061 0.000 0.138    0.027 0.082 0.053   -125420    0 
430800:    1.00    8.491    0.076 0.000 0.170    0.024 0.094 0.060   -125396    0 
430900:    1.00    8.334    0.074 0.000 0.147    0.025 0.089 0.054   -125367    0 

--------------------------------------------
Proportion of membership of each pre-defined
 population in each of the 3 clusters

Given    Inferred Clusters       Number of
 Pop       1      2      3      Individuals

  1:     0.340  0.323  0.336      358
  2:     0.338  0.330  0.332      1039
  3:     0.334  0.337  0.329      603
--------------------------------------------

  Rep#:   Lambda   Alpha      F1    F2    F3     D1,2  D1,3  D2,3    Ln Like  Est Ln P(D)
431000:    1.00    8.424    0.073 0.000 0.100    0.030 0.086 0.051   -125342    0 
431100:    1.00    8.636    0.071 0.000 0.102    0.028 0.081 0.043   -125384    0 
431200:    1.00    8.066    0.062 0.000 0.106    0.024 0.069 0.046   -125421    0 
431300:    1.00    8.329    0.064 0.000 0.142    0.035 0.103 0.054   -125398    0 
431400:    1.00    8.119    0.080 0.000 0.112    0.032 0.077 0.042   -125400    0 
431500:    1.00    8.105    0.099 0.000 0.155    0.037 0.091 0.057   -125322    0 
431600:    1.00    7.940    0.105 0.000 0.139    0.047 0.095 0.050   -125368    0 
431700:    1.00    7.733    0.110 0.000 0.123    0.045 0.080 0.045   -125353    0 
431800:    1.00    7.636    0.125 0.000 0.099    0.049 0.091 0.045   -125307    0 
431900:    1.00    7.525    0.149 0.000 0.116    0.051 0.097 0.039   -125254    0 

--------------------------------------------
Proportion of membership of each pre-defined
 population in each of the 3 clusters

Given    Inferred Clusters       Number of
 Pop       1      2      3      Individuals

  1:     0.341  0.325  0.335      358
  2:     0.340  0.328  0.332      1039
  3:     0.335  0.333  0.332      603
--------------------------------------------

  Rep#:   Lambda   Alpha      F1    F2    F3     D1,2  D1,3  D2,3    Ln Like  Est Ln P(D)
432000:    1.00    7.661    0.135 0.000 0.127    0.049 0.108 0.049   -125222    0 
432100:    1.00    7.531    0.133 0.000 0.104    0.043 0.111 0.055   -125291    0 
432200:    1.00    7.520    0.093 0.000 0.144    0.046 0.099 0.045   -125259    0 
432300:    1.00    7.812    0.107 0.000 0.124    0.042 0.089 0.049   -125350    0 
432400:    1.00    7.575    0.108 0.000 0.123    0.038 0.099 0.048   -125255    0 
432500:    1.00    7.769    0.116 0.000 0.112    0.045 0.096 0.041   -125360    0 
432600:    1.00    7.658    0.102 0.000 0.094    0.041 0.092 0.048   -125298    0 
432700:    1.00    7.474    0.113 0.000 0.087    0.043 0.082 0.040   -125370    0 
432800:    1.00    7.282    0.096 0.000 0.141    0.043 0.105 0.053   -125276    0 
432900:    1.00    7.563    0.152 0.000 0.148    0.054 0.120 0.048   -125270    0 

--------------------------------------------
Proportion of membership of each pre-defined
 population in each of the 3 clusters

Given    Inferred Clusters       Number of
 Pop       1      2      3      Individuals

  1:     0.332  0.333  0.335      358
  2:     0.333  0.331  0.335      1039
  3:     0.332  0.338  0.330      603
--------------------------------------------

  Rep#:   Lambda   Alpha      F1    F2    F3     D1,2  D1,3  D2,3    Ln Like  Est Ln P(D)
433000:    1.00    7.645    0.116 0.000 0.157    0.043 0.105 0.047   -125297    0 
433100:    1.00    7.382    0.116 0.000 0.136    0.038 0.095 0.047   -125303    0 
433200:    1.00    7.601    0.133 0.000 0.138    0.043 0.105 0.044   -125365    0 
433300:    1.00    7.438    0.133 0.000 0.125    0.045 0.116 0.054   -125226    0 
433400:    1.00    7.368    0.154 0.000 0.129    0.047 0.137 0.064   -125234    0 
433500:    1.00    7.352    0.155 0.000 0.136    0.052 0.113 0.048   -125248    0 
433600:    1.00    7.273    0.133 0.000 0.115    0.050 0.109 0.051   -125251    0 
433700:    1.00    7.197    0.111 0.000 0.146    0.041 0.102 0.053   -125273    0 
433800:    1.00    6.935    0.091 0.000 0.155    0.032 0.095 0.057   -125333    0 
433900:    1.00    6.892    0.102 0.000 0.150    0.038 0.087 0.053   -125331    0 

--------------------------------------------
Proportion of membership of each pre-defined
 population in each of the 3 clusters

Given    Inferred Clusters       Number of
 Pop       1      2      3      Individuals

  1:     0.327  0.330  0.343      358
  2:     0.332  0.332  0.336      1039
  3:     0.332  0.337  0.330      603
--------------------------------------------

  Rep#:   Lambda   Alpha      F1    F2    F3     D1,2  D1,3  D2,3    Ln Like  Est Ln P(D)
434000:    1.00    6.568    0.086 0.000 0.178    0.035 0.102 0.064   -125222    0 
434100:    1.00    6.908    0.099 0.000 0.119    0.036 0.086 0.057   -125270    0 
434200:    1.00    6.808    0.097 0.000 0.131    0.047 0.103 0.047   -125281    0 
434300:    1.00    6.063    0.140 0.000 0.112    0.045 0.108 0.051   -125221    0 
434400:    1.00    6.247    0.122 0.000 0.149    0.043 0.101 0.048   -125267    0 
434500:    1.00    6.063    0.138 0.000 0.143    0.047 0.117 0.054   -125195    0 
434600:    1.00    6.122    0.114 0.000 0.142    0.044 0.096 0.045   -125206    0 
434700:    1.00    6.080    0.099 0.000 0.095    0.037 0.079 0.033   -125321    0 
434800:    1.00    6.051    0.087 0.000 0.124    0.042 0.100 0.035   -125268    0 
434900:    1.00    6.219    0.099 0.000 0.106    0.039 0.080 0.029   -125253    0 

--------------------------------------------
Proportion of membership of each pre-defined
 population in each of the 3 clusters

Given    Inferred Clusters       Number of
 Pop       1      2      3      Individuals

  1:     0.336  0.329  0.335      358
  2:     0.329  0.336  0.335      1039
  3:     0.334  0.335  0.330      603
--------------------------------------------

  Rep#:   Lambda   Alpha      F1    F2    F3     D1,2  D1,3  D2,3    Ln Like  Est Ln P(D)
435000:    1.00    5.787    0.079 0.000 0.106    0.042 0.088 0.035   -125281    0 
435100:    1.00    5.815    0.088 0.000 0.104    0.038 0.085 0.036   -125292    0 
435200:    1.00    6.176    0.106 0.000 0.078    0.040 0.076 0.031   -125376    0 
435300:    1.00    6.398    0.098 0.000 0.080    0.048 0.094 0.032   -125330    0 
435400:    1.00    5.897    0.084 0.000 0.116    0.036 0.074 0.038   -125298    0 
435500:    1.00    6.102    0.122 0.000 0.082    0.039 0.086 0.035   -125334    0 
435600:    1.00    6.303    0.083 0.000 0.104    0.041 0.076 0.040   -125251    0 
435700:    1.00    6.307    0.083 0.000 0.088    0.041 0.075 0.036   -125293    0 
435800:    1.00    6.832    0.094 0.000 0.096    0.034 0.066 0.035   -125398    0 
435900:    1.00    6.458    0.084 0.000 0.074    0.027 0.059 0.033   -125379    0 

--------------------------------------------
Proportion of membership of each pre-defined
 population in each of the 3 clusters

Given    Inferred Clusters       Number of
 Pop       1      2      3      Individuals

  1:     0.327  0.335  0.338      358
  2:     0.339  0.331  0.329      1039
  3:     0.336  0.333  0.331      603
--------------------------------------------

  Rep#:   Lambda   Alpha      F1    F2    F3     D1,2  D1,3  D2,3    Ln Like  Est Ln P(D)
436000:    1.00    6.491    0.078 0.000 0.094    0.027 0.063 0.032   -125401    0 
436100:    1.00    6.781    0.095 0.000 0.084    0.030 0.066 0.030   -125377    0 
436200:    1.00    6.151    0.097 0.000 0.074    0.029 0.069 0.029   -125333    0 
436300:    1.00    5.961    0.115 0.000 0.088    0.039 0.088 0.035   -125249    0 
436400:    1.00    6.190    0.108 0.000 0.096    0.037 0.074 0.032   -125361    0 
436500:    1.00    6.356    0.107 0.000 0.113    0.036 0.076 0.040   -125287    0 
436600:    1.00    6.708    0.098 0.000 0.122    0.036 0.095 0.043   -125320    0 
436700:    1.00    6.545    0.102 0.000 0.120    0.046 0.082 0.032   -125301    0 
436800:    1.00    6.742    0.089 0.000 0.096    0.035 0.084 0.038   -125322    0 
436900:    1.00    6.827    0.096 0.000 0.070    0.036 0.073 0.031   -125404    0 

--------------------------------------------
Proportion of membership of each pre-defined
 population in each of the 3 clusters

Given    Inferred Clusters       Number of
 Pop       1      2      3      Individuals

  1:     0.332  0.339  0.330      358
  2:     0.333  0.332  0.335      1039
  3:     0.330  0.336  0.334      603
--------------------------------------------

  Rep#:   Lambda   Alpha      F1    F2    F3     D1,2  D1,3  D2,3    Ln Like  Est Ln P(D)
437000:    1.00    7.180    0.108 0.000 0.088    0.030 0.068 0.035   -125378    0 
437100:    1.00    7.303    0.083 0.000 0.108    0.033 0.091 0.043   -125393    0 
437200:    1.00    7.356    0.088 0.000 0.084    0.031 0.075 0.040   -125398    0 
437300:    1.00    7.189    0.070 0.000 0.095    0.031 0.091 0.045   -125345    0 
437400:    1.00    7.439    0.079 0.000 0.103    0.032 0.088 0.043   -125367    0 
437500:    1.00    7.876    0.071 0.000 0.098    0.029 0.081 0.039   -125425    0 
437600:    1.00    8.052    0.070 0.000 0.118    0.034 0.092 0.046   -125414    0 
437700:    1.00    7.659    0.082 0.000 0.108    0.033 0.087 0.039   -125363    0 
437800:    1.00    7.748    0.098 0.000 0.122    0.038 0.105 0.047   -125322    0 
437900:    1.00    7.614    0.086 0.000 0.135    0.029 0.085 0.041   -125339    0 

--------------------------------------------
Proportion of membership of each pre-defined
 population in each of the 3 clusters

Given    Inferred Clusters       Number of
 Pop       1      2      3      Individuals

  1:     0.333  0.327  0.340      358
  2:     0.335  0.330  0.335      1039
  3:     0.333  0.332  0.335      603
--------------------------------------------

  Rep#:   Lambda   Alpha      F1    F2    F3     D1,2  D1,3  D2,3    Ln Like  Est Ln P(D)
438000:    1.00    7.309    0.097 0.000 0.133    0.038 0.110 0.046   -125308    0 
438100:    1.00    7.260    0.100 0.000 0.152    0.037 0.105 0.047   -125329    0 
438200:    1.00    7.310    0.099 0.000 0.101    0.039 0.092 0.036   -125367    0 
438300:    1.00    7.308    0.088 0.000 0.095    0.037 0.081 0.038   -125326    0 
438400:    1.00    7.405    0.094 0.000 0.091    0.038 0.069 0.030   -125367    0 
438500:    1.00    7.178    0.099 0.000 0.098    0.037 0.065 0.033   -125387    0 
438600:    1.00    7.499    0.117 0.000 0.084    0.050 0.085 0.031   -125326    0 
438700:    1.00    7.851    0.108 0.000 0.098    0.047 0.078 0.028   -125413    0 
438800:    1.00    8.059    0.132 0.000 0.077    0.053 0.099 0.033   -125374    0 
438900:    1.00    8.378    0.132 0.000 0.089    0.053 0.100 0.037   -125341    0 

--------------------------------------------
Proportion of membership of each pre-defined
 population in each of the 3 clusters

Given    Inferred Clusters       Number of
 Pop       1      2      3      Individuals

  1:     0.340  0.334  0.326      358
  2:     0.331  0.337  0.331      1039
  3:     0.327  0.342  0.331      603
--------------------------------------------

  Rep#:   Lambda   Alpha      F1    F2    F3     D1,2  D1,3  D2,3    Ln Like  Est Ln P(D)
439000:    1.00    8.054    0.137 0.000 0.101    0.051 0.096 0.039   -125325    0 
439100:    1.00    8.627    0.078 0.000 0.125    0.037 0.085 0.041   -125431    0 
439200:    1.00    8.420    0.088 0.000 0.114    0.038 0.076 0.041   -125442    0 
439300:    1.00    8.588    0.094 0.000 0.108    0.035 0.071 0.037   -125393    0 
439400:    1.00    8.697    0.103 0.000 0.087    0.043 0.080 0.031   -125382    0 
439500:    1.00    8.468    0.070 0.000 0.090    0.033 0.069 0.029   -125434    0 
439600:    1.00    8.172    0.132 0.000 0.080    0.050 0.087 0.027   -125404    0 
439700:    1.00    8.245    0.136 0.000 0.083    0.046 0.092 0.034   -125368    0 
439800:    1.00    8.094    0.102 0.000 0.092    0.049 0.089 0.028   -125378    0 
439900:    1.00    7.972    0.111 0.000 0.085    0.049 0.084 0.029   -125352    0 

--------------------------------------------
Proportion of membership of each pre-defined
 population in each of the 3 clusters

Given    Inferred Clusters       Number of
 Pop       1      2      3      Individuals

  1:     0.339  0.326  0.335      358
  2:     0.331  0.333  0.336      1039
  3:     0.331  0.336  0.333      603
--------------------------------------------

  Rep#:   Lambda   Alpha      F1    F2    F3     D1,2  D1,3  D2,3    Ln Like  Est Ln P(D)
440000:    1.00    8.297    0.101 0.000 0.113    0.050 0.086 0.030   -125333    0 
440100:    1.00    8.948    0.111 0.000 0.097    0.045 0.099 0.035   -125411    0 
440200:    1.00    8.920    0.112 0.000 0.113    0.041 0.087 0.036   -125412    0 
440300:    1.00    8.697    0.102 0.000 0.101    0.037 0.072 0.033   -125501    0 
440400:    1.00    8.782    0.093 0.000 0.105    0.035 0.072 0.035   -125462    0 
440500:    1.00    9.348    0.091 0.000 0.095    0.037 0.072 0.033   -125476    0 
440600:    1.00    8.863    0.090 0.000 0.102    0.038 0.089 0.044   -125412    0 
440700:    1.00    8.672    0.078 0.000 0.148    0.027 0.075 0.051   -125408    0 
440800:    1.00    8.674    0.077 0.000 0.156    0.033 0.095 0.061   -125365    0 
440900:    1.00    8.659    0.072 0.000 0.122    0.033 0.093 0.058   -125386    0 

--------------------------------------------
Proportion of membership of each pre-defined
 population in each of the 3 clusters

Given    Inferred Clusters       Number of
 Pop       1      2      3      Individuals

  1:     0.336  0.332  0.332      358
  2:     0.332  0.332  0.336      1039
  3:     0.331  0.334  0.335      603
--------------------------------------------

  Rep#:   Lambda   Alpha      F1    F2    F3     D1,2  D1,3  D2,3    Ln Like  Est Ln P(D)
441000:    1.00    8.758    0.091 0.000 0.157    0.037 0.091 0.061   -125411    0 
441100:    1.00    8.283    0.108 0.000 0.141    0.043 0.084 0.050   -125380    0 
441200:    1.00    8.567    0.121 0.000 0.185    0.048 0.113 0.054   -125358    0 
441300:    1.00    8.209    0.097 0.000 0.186    0.038 0.100 0.057   -125351    0 
441400:    1.00    8.133    0.096 0.000 0.163    0.034 0.108 0.059   -125305    0 
441500:    1.00    8.433    0.130 0.000 0.144    0.044 0.102 0.044   -125340    0 
441600:    1.00    8.811    0.135 0.000 0.130    0.045 0.099 0.046   -125340    0 
441700:    1.00    8.685    0.138 0.000 0.120    0.044 0.099 0.050   -125347    0 
441800:    1.00    8.954    0.109 0.000 0.159    0.052 0.119 0.050   -125325    0 
441900:    1.00    8.761    0.144 0.000 0.153    0.064 0.143 0.059   -125272    0 

--------------------------------------------
Proportion of membership of each pre-defined
 population in each of the 3 clusters

Given    Inferred Clusters       Number of
 Pop       1      2      3      Individuals

  1:     0.328  0.331  0.340      358
  2:     0.332  0.331  0.337      1039
  3:     0.331  0.332  0.337      603
--------------------------------------------

  Rep#:   Lambda   Alpha      F1    F2    F3     D1,2  D1,3  D2,3    Ln Like  Est Ln P(D)
442000:    1.00    8.754    0.111 0.000 0.125    0.066 0.142 0.056   -125297    0 
442100:    1.00    9.162    0.164 0.000 0.115    0.056 0.120 0.039   -125359    0 
442200:    1.00    9.472    0.173 0.000 0.090    0.069 0.124 0.042   -125345    0 
442300:    1.00    9.647    0.174 0.000 0.096    0.071 0.142 0.042   -125361    0 
442400:    1.00    9.252    0.138 0.000 0.095    0.058 0.112 0.035   -125314    0 
442500:    1.00    9.113    0.137 0.000 0.106    0.062 0.124 0.042   -125357    0 
442600:    1.00    9.211    0.120 0.000 0.123    0.051 0.118 0.045   -125317    0 
442700:    1.00    9.009    0.130 0.000 0.122    0.062 0.120 0.045   -125262    0 
442800:    1.00    9.151    0.143 0.000 0.130    0.057 0.111 0.049   -125267    0 
442900:    1.00    9.773    0.130 0.000 0.139    0.053 0.107 0.052   -125287    0 

--------------------------------------------
Proportion of membership of each pre-defined
 population in each of the 3 clusters

Given    Inferred Clusters       Number of
 Pop       1      2      3      Individuals

  1:     0.333  0.327  0.340      358
  2:     0.336  0.333  0.331      1039
  3:     0.330  0.338  0.332      603
--------------------------------------------

  Rep#:   Lambda   Alpha      F1    F2    F3     D1,2  D1,3  D2,3    Ln Like  Est Ln P(D)
443000:    1.00    9.678    0.139 0.000 0.160    0.047 0.103 0.053   -125366    0 
443100:    1.00    9.509    0.133 0.000 0.190    0.050 0.112 0.047   -125388    0 
443200:    1.00    9.306    0.132 0.000 0.133    0.048 0.098 0.050   -125331    0 
443300:    1.00    9.396    0.110 0.000 0.163    0.046 0.101 0.057   -125320    0 
443400:    1.00    9.313    0.122 0.000 0.217    0.045 0.122 0.069   -125320    0 
443500:    1.00    9.218    0.126 0.000 0.187    0.050 0.131 0.076   -125288    0 
443600:    1.00    9.595    0.125 0.000 0.173    0.050 0.134 0.073   -125314    0 
443700:    1.00    9.950    0.124 0.000 0.142    0.045 0.133 0.069   -125355    0 
443800:    1.00    9.884    0.105 0.000 0.204    0.044 0.124 0.068   -125379    0 
443900:    1.00    9.941    0.116 0.000 0.210    0.032 0.106 0.065   -125343    0 

--------------------------------------------
Proportion of membership of each pre-defined
 population in each of the 3 clusters

Given    Inferred Clusters       Number of
 Pop       1      2      3      Individuals

  1:     0.340  0.328  0.332      358
  2:     0.336  0.333  0.331      1039
  3:     0.330  0.339  0.331      603
--------------------------------------------

  Rep#:   Lambda   Alpha      F1    F2    F3     D1,2  D1,3  D2,3    Ln Like  Est Ln P(D)
444000:    1.00    9.850    0.113 0.000 0.194    0.037 0.113 0.069   -125373    0 
444100:    1.00    9.926    0.136 0.000 0.195    0.047 0.137 0.066   -125334    0 
444200:    1.00    9.883    0.122 0.000 0.162    0.043 0.127 0.064   -125404    0 
444300:    1.00    9.562    0.098 0.000 0.149    0.039 0.122 0.062   -125366    0 
444400:    1.00    9.385    0.119 0.000 0.141    0.041 0.106 0.060   -125372    0 
444500:    1.00    9.424    0.102 0.000 0.142    0.041 0.126 0.064   -125384    0 
444600:    1.00    9.286    0.091 0.000 0.160    0.039 0.119 0.064   -125407    0 
444700:    1.00    9.455    0.105 0.000 0.129    0.035 0.095 0.056   -125459    0 
444800:    1.00    9.621    0.109 0.000 0.134    0.034 0.083 0.046   -125429    0 
444900:    1.00    9.926    0.118 0.000 0.102    0.034 0.089 0.054   -125422    0 

--------------------------------------------
Proportion of membership of each pre-defined
 population in each of the 3 clusters

Given    Inferred Clusters       Number of
 Pop       1      2      3      Individuals

  1:     0.340  0.335  0.325      358
  2:     0.333  0.331  0.336      1039
  3:     0.336  0.336  0.327      603
--------------------------------------------

  Rep#:   Lambda   Alpha      F1    F2    F3     D1,2  D1,3  D2,3    Ln Like  Est Ln P(D)
445000:    1.00    9.889    0.116 0.000 0.144    0.041 0.130 0.069   -125413    0 
445100:    1.00    9.902    0.103 0.000 0.139    0.041 0.121 0.065   -125458    0 
445200:    1.00    9.733    0.112 0.000 0.159    0.039 0.121 0.064   -125374    0 
445300:    1.00    9.424    0.117 0.000 0.159    0.036 0.121 0.065   -125298    0 
445400:    1.00    9.444    0.105 0.000 0.165    0.044 0.137 0.067   -125322    0 
445500:    1.00    9.399    0.084 0.000 0.190    0.031 0.111 0.066   -125311    0 
445600:    1.00    9.662    0.132 0.000 0.184    0.051 0.141 0.069   -125306    0 
445700:    1.00    9.940    0.113 0.000 0.186    0.045 0.126 0.072   -125342    0 
445800:    1.00    9.986    0.123 0.000 0.144    0.045 0.120 0.061   -125337    0 
445900:    1.00    9.987    0.097 0.000 0.118    0.036 0.079 0.047   -125389    0 

--------------------------------------------
Proportion of membership of each pre-defined
 population in each of the 3 clusters

Given    Inferred Clusters       Number of
 Pop       1      2      3      Individuals

  1:     0.338  0.324  0.338      358
  2:     0.336  0.327  0.337      1039
  3:     0.336  0.337  0.327      603
--------------------------------------------

  Rep#:   Lambda   Alpha      F1    F2    F3     D1,2  D1,3  D2,3    Ln Like  Est Ln P(D)
446000:    1.00    9.933    0.083 0.000 0.194    0.034 0.084 0.054   -125409    0 
446100:    1.00    9.670    0.096 0.000 0.139    0.030 0.073 0.048   -125407    0 
446200:    1.00    9.896    0.077 0.000 0.167    0.035 0.101 0.054   -125434    0 
446300:    1.00    9.890    0.091 0.000 0.124    0.033 0.096 0.053   -125362    0 
446400:    1.00    9.488    0.085 0.000 0.150    0.032 0.082 0.043   -125389    0 
446500:    1.00    9.721    0.097 0.000 0.109    0.038 0.081 0.038   -125413    0 
446600:    1.00    9.724    0.116 0.000 0.120    0.048 0.097 0.040   -125395    0 
446700:    1.00    9.898    0.106 0.000 0.130    0.041 0.087 0.052   -125383    0 
446800:    1.00    9.913    0.093 0.000 0.153    0.038 0.114 0.073   -125356    0 
446900:    1.00    9.736    0.099 0.000 0.170    0.048 0.142 0.082   -125318    0 

--------------------------------------------
Proportion of membership of each pre-defined
 population in each of the 3 clusters

Given    Inferred Clusters       Number of
 Pop       1      2      3      Individuals

  1:     0.336  0.332  0.332      358
  2:     0.333  0.332  0.335      1039
  3:     0.333  0.337  0.331      603
--------------------------------------------

  Rep#:   Lambda   Alpha      F1    F2    F3     D1,2  D1,3  D2,3    Ln Like  Est Ln P(D)
447000:    1.00    9.900    0.122 0.000 0.189    0.061 0.132 0.069   -125319    0 
447100:    1.00    9.972    0.132 0.000 0.160    0.061 0.130 0.072   -125327    0 
447200:    1.00    9.671    0.137 0.000 0.154    0.058 0.138 0.077   -125346    0 
447300:    1.00    9.660    0.147 0.000 0.159    0.058 0.123 0.058   -125289    0 
447400:    1.00    9.636    0.111 0.000 0.178    0.057 0.119 0.059   -125316    0 
447500:    1.00    9.574    0.133 0.000 0.108    0.071 0.107 0.052   -125303    0 
447600:    1.00    9.398    0.122 0.000 0.144    0.064 0.108 0.056   -125256    0 
447700:    1.00    9.213    0.107 0.000 0.126    0.066 0.127 0.062   -125289    0 
447800:    1.00    9.486    0.121 0.000 0.150    0.065 0.126 0.066   -125276    0 
447900:    1.00    9.748    0.128 0.000 0.170    0.060 0.151 0.080   -125315    0 

--------------------------------------------
Proportion of membership of each pre-defined
 population in each of the 3 clusters

Given    Inferred Clusters       Number of
 Pop       1      2      3      Individuals

  1:     0.330  0.329  0.342      358
  2:     0.335  0.331  0.334      1039
  3:     0.332  0.335  0.333      603
--------------------------------------------

  Rep#:   Lambda   Alpha      F1    F2    F3     D1,2  D1,3  D2,3    Ln Like  Est Ln P(D)
448000:    1.00    9.206    0.140 0.000 0.145    0.060 0.147 0.081   -125280    0 
448100:    1.00    9.706    0.175 0.000 0.194    0.069 0.149 0.079   -125269    0 
448200:    1.00    9.493    0.150 0.000 0.164    0.069 0.120 0.063   -125305    0 
448300:    1.00    9.431    0.164 0.000 0.177    0.065 0.133 0.074   -125289    0 
448400:    1.00    9.729    0.120 0.000 0.190    0.065 0.137 0.068   -125345    0 
448500:    1.00    9.949    0.127 0.000 0.192    0.055 0.140 0.069   -125366    0 
448600:    1.00    9.876    0.129 0.000 0.133    0.064 0.135 0.060   -125387    0 
448700:    1.00    9.855    0.112 0.000 0.151    0.054 0.118 0.064   -125337    0 
448800:    1.00    9.952    0.129 0.000 0.162    0.052 0.114 0.067   -125307    0 
448900:    1.00    9.791    0.128 0.000 0.148    0.060 0.113 0.057   -125326    0 

--------------------------------------------
Proportion of membership of each pre-defined
 population in each of the 3 clusters

Given    Inferred Clusters       Number of
 Pop       1      2      3      Individuals

  1:     0.335  0.330  0.335      358
  2:     0.332  0.332  0.336      1039
  3:     0.334  0.333  0.333      603
--------------------------------------------

  Rep#:   Lambda   Alpha      F1    F2    F3     D1,2  D1,3  D2,3    Ln Like  Est Ln P(D)
449000:    1.00    9.644    0.110 0.000 0.121    0.048 0.100 0.053   -125356    0 
449100:    1.00    9.732    0.089 0.000 0.106    0.038 0.096 0.050   -125376    0 
449200:    1.00    9.599    0.081 0.000 0.159    0.033 0.096 0.055   -125354    0 
449300:    1.00    9.544    0.083 0.000 0.176    0.038 0.129 0.067   -125361    0 
449400:    1.00    9.574    0.100 0.000 0.146    0.038 0.115 0.066   -125343    0 
449500:    1.00    9.986    0.083 0.000 0.223    0.034 0.122 0.084   -125342    0 
449600:    1.00    9.863    0.078 0.000 0.175    0.036 0.112 0.084   -125378    0 
449700:    1.00    9.810    0.077 0.000 0.210    0.037 0.123 0.080   -125338    0 
449800:    1.00    9.478    0.067 0.000 0.164    0.031 0.110 0.068   -125348    0 
449900:    1.00    9.439    0.084 0.000 0.165    0.038 0.135 0.077   -125371    0 

--------------------------------------------
Proportion of membership of each pre-defined
 population in each of the 3 clusters

Given    Inferred Clusters       Number of
 Pop       1      2      3      Individuals

  1:     0.333  0.330  0.337      358
  2:     0.334  0.332  0.334      1039
  3:     0.331  0.332  0.337      603
--------------------------------------------

  Rep#:   Lambda   Alpha      F1    F2    F3     D1,2  D1,3  D2,3    Ln Like  Est Ln P(D)
450000:    1.00    9.278    0.076 0.000 0.156    0.033 0.091 0.059   -125388    0 
450100:    1.00    9.184    0.080 0.000 0.157    0.033 0.093 0.058   -125334    0 
450200:    1.00    9.110    0.075 0.000 0.124    0.031 0.096 0.056   -125359    0 
450300:    1.00    9.379    0.080 0.000 0.131    0.038 0.101 0.054   -125403    0 
450400:    1.00    9.118    0.096 0.000 0.149    0.035 0.114 0.066   -125320    0 
450500:    1.00    9.263    0.094 0.000 0.145    0.044 0.119 0.069   -125288    0 
450600:    1.00    9.256    0.092 0.000 0.136    0.040 0.110 0.059   -125366    0 
450700:    1.00    9.345    0.104 0.000 0.154    0.045 0.125 0.060   -125353    0 
450800:    1.00    9.316    0.084 0.000 0.144    0.040 0.135 0.062   -125307    0 
450900:    1.00    9.269    0.063 0.000 0.144    0.026 0.102 0.055   -125395    0 

--------------------------------------------
Proportion of membership of each pre-defined
 population in each of the 3 clusters

Given    Inferred Clusters       Number of
 Pop       1      2      3      Individuals

  1:     0.340  0.332  0.328      358
  2:     0.332  0.335  0.332      1039
  3:     0.335  0.334  0.331      603
--------------------------------------------

  Rep#:   Lambda   Alpha      F1    F2    F3     D1,2  D1,3  D2,3    Ln Like  Est Ln P(D)
451000:    1.00    9.541    0.097 0.000 0.171    0.037 0.123 0.060   -125356    0 
451100:    1.00    9.920    0.082 0.000 0.139    0.036 0.102 0.054   -125426    0 
451200:    1.00    9.890    0.089 0.000 0.134    0.040 0.119 0.057   -125358    0 
451300:    1.00    9.360    0.089 0.000 0.137    0.032 0.092 0.050   -125385    0 
451400:    1.00    9.257    0.104 0.000 0.148    0.041 0.087 0.041   -125328    0 
451500:    1.00    9.267    0.091 0.000 0.109    0.040 0.092 0.039   -125380    0 
451600:    1.00    9.573    0.134 0.000 0.103    0.035 0.103 0.044   -125432    0 
451700:    1.00    9.561    0.084 0.000 0.104    0.035 0.079 0.041   -125469    0 
451800:    1.00    9.535    0.107 0.000 0.087    0.033 0.080 0.037   -125466    0 
451900:    1.00    9.386    0.081 0.000 0.081    0.036 0.082 0.038   -125410    0 

--------------------------------------------
Proportion of membership of each pre-defined
 population in each of the 3 clusters

Given    Inferred Clusters       Number of
 Pop       1      2      3      Individuals

  1:     0.335  0.332  0.334      358
  2:     0.332  0.333  0.335      1039
  3:     0.332  0.336  0.331      603
--------------------------------------------

  Rep#:   Lambda   Alpha      F1    F2    F3     D1,2  D1,3  D2,3    Ln Like  Est Ln P(D)
452000:    1.00    9.302    0.103 0.000 0.090    0.041 0.081 0.031   -125453    0 
452100:    1.00    9.240    0.097 0.000 0.066    0.035 0.066 0.028   -125418    0 
452200:    1.00    9.150    0.104 0.000 0.073    0.038 0.075 0.031   -125430    0 
452300:    1.00    9.061    0.159 0.000 0.078    0.050 0.084 0.029   -125405    0 
452400:    1.00    9.652    0.161 0.000 0.087    0.043 0.066 0.028   -125481    0 
452500:    1.00    9.469    0.124 0.000 0.076    0.040 0.077 0.032   -125446    0 
452600:    1.00    9.294    0.150 0.000 0.098    0.051 0.083 0.029   -125407    0 
452700:    1.00    8.890    0.149 0.000 0.070    0.043 0.069 0.032   -125396    0 
452800:    1.00    9.062    0.133 0.000 0.105    0.047 0.083 0.034   -125432    0 
452900:    1.00    9.244    0.148 0.000 0.081    0.051 0.079 0.027   -125470    0 

--------------------------------------------
Proportion of membership of each pre-defined
 population in each of the 3 clusters

Given    Inferred Clusters       Number of
 Pop       1      2      3      Individuals

  1:     0.337  0.333  0.330      358
  2:     0.337  0.331  0.332      1039
  3:     0.333  0.336  0.331      603
--------------------------------------------

  Rep#:   Lambda   Alpha      F1    F2    F3     D1,2  D1,3  D2,3    Ln Like  Est Ln P(D)
453000:    1.00    8.933    0.155 0.000 0.091    0.048 0.100 0.034   -125363    0 
453100:    1.00    8.804    0.140 0.000 0.113    0.056 0.121 0.042   -125368    0 
453200:    1.00    8.676    0.129 0.000 0.103    0.056 0.109 0.039   -125288    0 
453300:    1.00    8.391    0.109 0.000 0.087    0.047 0.100 0.044   -125287    0 
453400:    1.00    8.177    0.125 0.000 0.125    0.055 0.105 0.037   -125302    0 
453500:    1.00    8.208    0.114 0.000 0.130    0.056 0.114 0.039   -125330    0 
453600:    1.00    8.077    0.119 0.000 0.079    0.051 0.098 0.036   -125396    0 
453700:    1.00    8.082    0.119 0.000 0.079    0.048 0.087 0.041   -125371    0 
453800:    1.00    8.411    0.092 0.000 0.113    0.047 0.095 0.049   -125355    0 
453900:    1.00    7.918    0.122 0.000 0.140    0.047 0.093 0.050   -125343    0 

--------------------------------------------
Proportion of membership of each pre-defined
 population in each of the 3 clusters

Given    Inferred Clusters       Number of
 Pop       1      2      3      Individuals

  1:     0.334  0.330  0.337      358
  2:     0.331  0.332  0.336      1039
  3:     0.328  0.338  0.334      603
--------------------------------------------

  Rep#:   Lambda   Alpha      F1    F2    F3     D1,2  D1,3  D2,3    Ln Like  Est Ln P(D)
454000:    1.00    7.547    0.121 0.000 0.139    0.065 0.123 0.054   -125296    0 
454100:    1.00    8.040    0.120 0.000 0.137    0.056 0.103 0.054   -125239    0 
454200:    1.00    8.067    0.117 0.000 0.122    0.058 0.101 0.041   -125283    0 
454300:    1.00    8.467    0.152 0.000 0.114    0.059 0.121 0.045   -125305    0 
454400:    1.00    8.388    0.121 0.000 0.110    0.062 0.106 0.048   -125352    0 
454500:    1.00    8.219    0.127 0.000 0.135    0.067 0.121 0.039   -125260    0 
454600:    1.00    8.145    0.120 0.000 0.123    0.055 0.111 0.045   -125327    0 
454700:    1.00    8.484    0.116 0.000 0.111    0.053 0.089 0.044   -125318    0 
454800:    1.00    8.354    0.133 0.000 0.146    0.057 0.106 0.041   -125291    0 
454900:    1.00    8.578    0.112 0.000 0.098    0.052 0.091 0.038   -125396    0 

--------------------------------------------
Proportion of membership of each pre-defined
 population in each of the 3 clusters

Given    Inferred Clusters       Number of
 Pop       1      2      3      Individuals

  1:     0.334  0.336  0.330      358
  2:     0.333  0.334  0.333      1039
  3:     0.329  0.335  0.336      603
--------------------------------------------

  Rep#:   Lambda   Alpha      F1    F2    F3     D1,2  D1,3  D2,3    Ln Like  Est Ln P(D)
455000:    1.00    8.820    0.113 0.000 0.112    0.052 0.111 0.044   -125358    0 
455100:    1.00    9.178    0.170 0.000 0.082    0.059 0.116 0.040   -125345    0 
455200:    1.00    9.651    0.114 0.000 0.103    0.059 0.102 0.035   -125361    0 
455300:    1.00    9.722    0.121 0.000 0.099    0.063 0.103 0.044   -125337    0 
455400:    1.00    9.555    0.142 0.000 0.144    0.066 0.106 0.047   -125316    0 
455500:    1.00    9.339    0.132 0.000 0.132    0.067 0.112 0.050   -125287    0 
455600:    1.00    9.275    0.146 0.000 0.125    0.061 0.110 0.054   -125277    0 
455700:    1.00    9.553    0.139 0.000 0.112    0.056 0.092 0.043   -125359    0 
455800:    1.00    9.282    0.105 0.000 0.131    0.063 0.113 0.047   -125397    0 
455900:    1.00    9.202    0.133 0.000 0.137    0.063 0.119 0.045   -125345    0 

--------------------------------------------
Proportion of membership of each pre-defined
 population in each of the 3 clusters

Given    Inferred Clusters       Number of
 Pop       1      2      3      Individuals

  1:     0.340  0.332  0.329      358
  2:     0.335  0.333  0.332      1039
  3:     0.330  0.335  0.335      603
--------------------------------------------

  Rep#:   Lambda   Alpha      F1    F2    F3     D1,2  D1,3  D2,3    Ln Like  Est Ln P(D)
456000:    1.00    9.041    0.118 0.000 0.091    0.063 0.101 0.031   -125342    0 
456100:    1.00    8.976    0.117 0.000 0.128    0.056 0.095 0.040   -125396    0 
456200:    1.00    8.915    0.114 0.000 0.066    0.051 0.079 0.031   -125390    0 
456300:    1.00    8.898    0.113 0.000 0.092    0.051 0.085 0.034   -125366    0 
456400:    1.00    8.732    0.106 0.000 0.082    0.052 0.097 0.030   -125401    0 
456500:    1.00    9.184    0.103 0.000 0.109    0.042 0.075 0.036   -125409    0 
456600:    1.00    9.256    0.102 0.000 0.131    0.040 0.096 0.045   -125435    0 
456700:    1.00    9.492    0.075 0.000 0.125    0.032 0.073 0.044   -125427    0 
456800:    1.00    9.404    0.078 0.000 0.101    0.027 0.078 0.044   -125468    0 
456900:    1.00    9.393    0.056 0.000 0.109    0.023 0.067 0.039   -125464    0 

--------------------------------------------
Proportion of membership of each pre-defined
 population in each of the 3 clusters

Given    Inferred Clusters       Number of
 Pop       1      2      3      Individuals

  1:     0.339  0.334  0.327      358
  2:     0.338  0.328  0.333      1039
  3:     0.328  0.338  0.334      603
--------------------------------------------

  Rep#:   Lambda   Alpha      F1    F2    F3     D1,2  D1,3  D2,3    Ln Like  Est Ln P(D)
457000:    1.00    9.381    0.055 0.000 0.138    0.019 0.070 0.054   -125492    0 
457100:    1.00    8.976    0.057 0.000 0.167    0.022 0.088 0.065   -125432    0 
457200:    1.00    8.964    0.071 0.000 0.149    0.024 0.098 0.061   -125464    0 
457300:    1.00    9.067    0.054 0.000 0.120    0.025 0.089 0.054   -125420    0 
457400:    1.00    9.019    0.061 0.000 0.163    0.024 0.078 0.056   -125461    0 
457500:    1.00    9.083    0.071 0.000 0.133    0.025 0.073 0.047   -125417    0 
457600:    1.00    8.934    0.076 0.000 0.139    0.026 0.106 0.069   -125420    0 
457700:    1.00    9.228    0.077 0.000 0.135    0.024 0.087 0.063   -125438    0 
457800:    1.00    9.602    0.062 0.000 0.120    0.033 0.113 0.069   -125375    0 
457900:    1.00    9.840    0.075 0.000 0.127    0.034 0.108 0.065   -125345    0 

--------------------------------------------
Proportion of membership of each pre-defined
 population in each of the 3 clusters

Given    Inferred Clusters       Number of
 Pop       1      2      3      Individuals

  1:     0.334  0.334  0.332      358
  2:     0.333  0.338  0.329      1039
  3:     0.332  0.338  0.330      603
--------------------------------------------

  Rep#:   Lambda   Alpha      F1    F2    F3     D1,2  D1,3  D2,3    Ln Like  Est Ln P(D)
458000:    1.00    9.945    0.100 0.000 0.158    0.044 0.121 0.067   -125320    0 
458100:    1.00    9.817    0.105 0.000 0.158    0.051 0.111 0.063   -125310    0 
458200:    1.00    9.871    0.102 0.000 0.157    0.041 0.109 0.068   -125392    0 
458300:    1.00    9.950    0.121 0.000 0.151    0.045 0.113 0.065   -125355    0 
458400:    1.00    9.991    0.119 0.000 0.177    0.045 0.081 0.062   -125433    0 
458500:    1.00    9.976    0.142 0.000 0.140    0.050 0.112 0.071   -125357    0 
458600:    1.00    9.739    0.155 0.000 0.140    0.045 0.117 0.069   -125339    0 
458700:    1.00    9.513    0.126 0.000 0.172    0.046 0.133 0.072   -125349    0 
458800:    1.00    9.790    0.115 0.000 0.180    0.038 0.120 0.065   -125424    0 
458900:    1.00    9.523    0.124 0.000 0.150    0.045 0.133 0.071   -125359    0 

--------------------------------------------
Proportion of membership of each pre-defined
 population in each of the 3 clusters

Given    Inferred Clusters       Number of
 Pop       1      2      3      Individuals

  1:     0.343  0.325  0.332      358
  2:     0.336  0.330  0.334      1039
  3:     0.331  0.333  0.335      603
--------------------------------------------

  Rep#:   Lambda   Alpha      F1    F2    F3     D1,2  D1,3  D2,3    Ln Like  Est Ln P(D)
459000:    1.00    9.735    0.120 0.000 0.169    0.049 0.113 0.057   -125352    0 
459100:    1.00    9.760    0.139 0.000 0.197    0.043 0.122 0.076   -125281    0 
459200:    1.00    9.776    0.157 0.000 0.157    0.051 0.108 0.058   -125288    0 
459300:    1.00    10.000    0.126 0.000 0.162    0.052 0.119 0.056   -125365    0 
459400:    1.00    9.877    0.119 0.000 0.115    0.039 0.097 0.047   -125376    0 
459500:    1.00    9.988    0.127 0.000 0.114    0.039 0.108 0.056   -125424    0 
459600:    1.00    9.876    0.122 0.000 0.118    0.036 0.101 0.054   -125390    0 
459700:    1.00    9.913    0.096 0.000 0.126    0.032 0.072 0.047   -125422    0 
459800:    1.00    9.828    0.103 0.000 0.111    0.039 0.092 0.052   -125435    0 
459900:    1.00    9.789    0.088 0.000 0.117    0.033 0.098 0.049   -125438    0 

--------------------------------------------
Proportion of membership of each pre-defined
 population in each of the 3 clusters

Given    Inferred Clusters       Number of
 Pop       1      2      3      Individuals

  1:     0.327  0.334  0.339      358
  2:     0.338  0.328  0.334      1039
  3:     0.332  0.334  0.334      603
--------------------------------------------

  Rep#:   Lambda   Alpha      F1    F2    F3     D1,2  D1,3  D2,3    Ln Like  Est Ln P(D)
460000:    1.00    9.981    0.078 0.000 0.128    0.034 0.084 0.041   -125426    0 
460100:    1.00    9.531    0.104 0.000 0.077    0.040 0.073 0.032   -125472    0 
460200:    1.00    9.753    0.101 0.000 0.083    0.039 0.095 0.043   -125415    0 
460300:    1.00    9.849    0.116 0.000 0.117    0.042 0.096 0.041   -125400    0 
460400:    1.00    9.545    0.150 0.000 0.100    0.050 0.101 0.038   -125406    0 
460500:    1.00    9.484    0.114 0.000 0.104    0.048 0.114 0.054   -125413    0 
460600:    1.00    9.476    0.123 0.000 0.134    0.050 0.116 0.060   -125399    0 
460700:    1.00    9.819    0.148 0.000 0.112    0.052 0.095 0.044   -125336    0 
460800:    1.00    9.580    0.126 0.000 0.113    0.054 0.121 0.053   -125380    0 
460900:    1.00    9.246    0.101 0.000 0.137    0.047 0.095 0.049   -125372    0 

--------------------------------------------
Proportion of membership of each pre-defined
 population in each of the 3 clusters

Given    Inferred Clusters       Number of
 Pop       1      2      3      Individuals

  1:     0.339  0.324  0.337      358
  2:     0.331  0.331  0.338      1039
  3:     0.329  0.341  0.331      603
--------------------------------------------

  Rep#:   Lambda   Alpha      F1    F2    F3     D1,2  D1,3  D2,3    Ln Like  Est Ln P(D)
461000:    1.00    9.259    0.126 0.000 0.106    0.048 0.091 0.035   -125433    0 
461100:    1.00    9.211    0.132 0.000 0.081    0.053 0.106 0.038   -125422    0 
461200:    1.00    9.266    0.147 0.000 0.092    0.065 0.115 0.037   -125371    0 
461300:    1.00    9.492    0.158 0.000 0.101    0.055 0.093 0.036   -125373    0 
461400:    1.00    9.296    0.181 0.000 0.101    0.055 0.117 0.046   -125337    0 
461500:    1.00    9.271    0.119 0.000 0.106    0.049 0.122 0.049   -125383    0 
461600:    1.00    9.694    0.129 0.000 0.094    0.062 0.123 0.045   -125392    0 
461700:    1.00    9.984    0.106 0.000 0.099    0.056 0.120 0.052   -125347    0 
461800:    1.00    9.941    0.131 0.000 0.146    0.059 0.125 0.050   -125367    0 
461900:    1.00    9.939    0.158 0.000 0.119    0.067 0.124 0.049   -125351    0 

--------------------------------------------
Proportion of membership of each pre-defined
 population in each of the 3 clusters

Given    Inferred Clusters       Number of
 Pop       1      2      3      Individuals

  1:     0.340  0.323  0.338      358
  2:     0.332  0.334  0.334      1039
  3:     0.330  0.336  0.334      603
--------------------------------------------

  Rep#:   Lambda   Alpha      F1    F2    F3     D1,2  D1,3  D2,3    Ln Like  Est Ln P(D)
462000:    1.00    9.891    0.158 0.000 0.154    0.064 0.137 0.059   -125248    0 
462100:    1.00    9.644    0.125 0.000 0.144    0.052 0.112 0.051   -125367    0 
462200:    1.00    9.756    0.136 0.000 0.154    0.055 0.106 0.050   -125371    0 
462300:    1.00    9.953    0.123 0.000 0.137    0.053 0.105 0.057   -125398    0 
462400:    1.00    9.533    0.139 0.000 0.141    0.052 0.116 0.054   -125353    0 
462500:    1.00    9.471    0.137 0.000 0.103    0.056 0.111 0.050   -125297    0 
462600:    1.00    9.632    0.115 0.000 0.111    0.049 0.099 0.047   -125376    0 
462700:    1.00    9.719    0.122 0.000 0.140    0.039 0.117 0.062   -125354    0 
462800:    1.00    9.840    0.098 0.000 0.167    0.045 0.109 0.057   -125360    0 
462900:    1.00    9.645    0.104 0.000 0.127    0.040 0.111 0.055   -125379    0 

--------------------------------------------
Proportion of membership of each pre-defined
 population in each of the 3 clusters

Given    Inferred Clusters       Number of
 Pop       1      2      3      Individuals

  1:     0.333  0.335  0.332      358
  2:     0.332  0.336  0.332      1039
  3:     0.333  0.335  0.332      603
--------------------------------------------

  Rep#:   Lambda   Alpha      F1    F2    F3     D1,2  D1,3  D2,3    Ln Like  Est Ln P(D)
463000:    1.00    9.415    0.135 0.000 0.137    0.049 0.118 0.050   -125343    0 
463100:    1.00    9.313    0.105 0.000 0.169    0.048 0.116 0.055   -125377    0 
463200:    1.00    9.137    0.168 0.000 0.175    0.056 0.135 0.054   -125273    0 
463300:    1.00    9.188    0.093 0.000 0.206    0.041 0.106 0.053   -125283    0 
463400:    1.00    9.365    0.125 0.000 0.141    0.045 0.112 0.052   -125335    0 
463500:    1.00    9.594    0.097 0.000 0.137    0.058 0.129 0.056   -125357    0 
463600:    1.00    9.407    0.120 0.000 0.117    0.040 0.097 0.046   -125418    0 
463700:    1.00    9.691    0.125 0.000 0.115    0.042 0.102 0.040   -125412    0 
463800:    1.00    9.172    0.116 0.000 0.125    0.052 0.100 0.047   -125402    0 
463900:    1.00    9.144    0.135 0.000 0.126    0.048 0.112 0.056   -125336    0 

--------------------------------------------
Proportion of membership of each pre-defined
 population in each of the 3 clusters

Given    Inferred Clusters       Number of
 Pop       1      2      3      Individuals

  1:     0.329  0.329  0.342      358
  2:     0.329  0.333  0.338      1039
  3:     0.329  0.334  0.337      603
--------------------------------------------

  Rep#:   Lambda   Alpha      F1    F2    F3     D1,2  D1,3  D2,3    Ln Like  Est Ln P(D)
464000:    1.00    8.964    0.092 0.000 0.108    0.041 0.084 0.048   -125382    0 
464100:    1.00    8.873    0.126 0.000 0.143    0.046 0.105 0.060   -125374    0 
464200:    1.00    8.876    0.099 0.000 0.114    0.039 0.098 0.053   -125400    0 
464300:    1.00    8.896    0.118 0.000 0.124    0.041 0.094 0.046   -125356    0 
464400:    1.00    9.059    0.099 0.000 0.141    0.031 0.105 0.058   -125369    0 
464500:    1.00    8.923    0.114 0.000 0.138    0.037 0.095 0.051   -125386    0 
464600:    1.00    8.836    0.090 0.000 0.107    0.040 0.105 0.052   -125342    0 
464700:    1.00    8.515    0.117 0.000 0.140    0.052 0.114 0.052   -125302    0 
464800:    1.00    8.453    0.148 0.000 0.164    0.057 0.125 0.062   -125227    0 
464900:    1.00    8.351    0.136 0.000 0.114    0.052 0.108 0.049   -125365    0 

--------------------------------------------
Proportion of membership of each pre-defined
 population in each of the 3 clusters

Given    Inferred Clusters       Number of
 Pop       1      2      3      Individuals

  1:     0.335  0.332  0.333      358
  2:     0.333  0.331  0.335      1039
  3:     0.324  0.333  0.343      603
--------------------------------------------

  Rep#:   Lambda   Alpha      F1    F2    F3     D1,2  D1,3  D2,3    Ln Like  Est Ln P(D)
465000:    1.00    8.409    0.161 0.000 0.163    0.052 0.130 0.056   -125270    0 
465100:    1.00    8.469    0.094 0.000 0.138    0.054 0.130 0.059   -125240    0 
465200:    1.00    8.223    0.120 0.000 0.132    0.050 0.139 0.062   -125303    0 
465300:    1.00    8.185    0.121 0.000 0.140    0.048 0.120 0.051   -125252    0 
465400:    1.00    8.414    0.129 0.000 0.120    0.051 0.126 0.050   -125315    0 
465500:    1.00    8.618    0.130 0.000 0.109    0.044 0.107 0.046   -125384    0 
465600:    1.00    8.635    0.099 0.000 0.144    0.035 0.086 0.045   -125387    0 
465700:    1.00    9.193    0.116 0.000 0.129    0.038 0.088 0.050   -125356    0 
465800:    1.00    8.834    0.130 0.000 0.113    0.050 0.107 0.051   -125369    0 
465900:    1.00    8.718    0.092 0.000 0.121    0.042 0.089 0.039   -125427    0 

--------------------------------------------
Proportion of membership of each pre-defined
 population in each of the 3 clusters

Given    Inferred Clusters       Number of
 Pop       1      2      3      Individuals

  1:     0.343  0.321  0.336      358
  2:     0.335  0.332  0.333      1039
  3:     0.341  0.332  0.327      603
--------------------------------------------

  Rep#:   Lambda   Alpha      F1    F2    F3     D1,2  D1,3  D2,3    Ln Like  Est Ln P(D)
466000:    1.00    9.223    0.098 0.000 0.121    0.045 0.092 0.041   -125361    0 
466100:    1.00    9.189    0.087 0.000 0.149    0.043 0.082 0.041   -125397    0 
466200:    1.00    9.445    0.086 0.000 0.102    0.044 0.101 0.047   -125399    0 
466300:    1.00    9.375    0.069 0.000 0.100    0.030 0.091 0.050   -125429    0 
466400:    1.00    9.965    0.069 0.001 0.122    0.030 0.090 0.048   -125433    0 
466500:    1.00    9.928    0.093 0.001 0.110    0.037 0.094 0.046   -125478    0 
466600:    1.00    9.318    0.107 0.001 0.133    0.035 0.087 0.046   -125423    0 
466700:    1.00    9.452    0.097 0.001 0.142    0.048 0.084 0.043   -125427    0 
466800:    1.00    9.431    0.129 0.001 0.157    0.051 0.096 0.060   -125337    0 
466900:    1.00    9.566    0.124 0.001 0.136    0.056 0.110 0.058   -125293    0 

--------------------------------------------
Proportion of membership of each pre-defined
 population in each of the 3 clusters

Given    Inferred Clusters       Number of
 Pop       1      2      3      Individuals

  1:     0.335  0.334  0.331      358
  2:     0.330  0.330  0.340      1039
  3:     0.334  0.332  0.335      603
--------------------------------------------

  Rep#:   Lambda   Alpha      F1    F2    F3     D1,2  D1,3  D2,3    Ln Like  Est Ln P(D)
467000:    1.00    9.299    0.117 0.001 0.139    0.042 0.113 0.066   -125364    0 
467100:    1.00    9.206    0.129 0.001 0.129    0.045 0.104 0.055   -125363    0 
467200:    1.00    9.527    0.147 0.001 0.204    0.051 0.110 0.065   -125376    0 
467300:    1.00    9.558    0.141 0.001 0.180    0.060 0.102 0.061   -125351    0 
467400:    1.00    9.528    0.150 0.001 0.179    0.060 0.116 0.063   -125322    0 
467500:    1.00    9.468    0.148 0.001 0.123    0.064 0.110 0.052   -125338    0 
467600:    1.00    9.718    0.180 0.001 0.153    0.060 0.105 0.050   -125422    0 
467700:    1.00    9.262    0.220 0.001 0.138    0.063 0.109 0.042   -125370    0 
467800:    1.00    9.171    0.175 0.001 0.114    0.074 0.111 0.041   -125349    0 
467900:    1.00    9.448    0.139 0.001 0.114    0.065 0.115 0.042   -125316    0 

--------------------------------------------
Proportion of membership of each pre-defined
 population in each of the 3 clusters

Given    Inferred Clusters       Number of
 Pop       1      2      3      Individuals

  1:     0.334  0.338  0.328      358
  2:     0.334  0.330  0.336      1039
  3:     0.330  0.339  0.331      603
--------------------------------------------

  Rep#:   Lambda   Alpha      F1    F2    F3     D1,2  D1,3  D2,3    Ln Like  Est Ln P(D)
468000:    1.00    9.161    0.106 0.001 0.104    0.054 0.105 0.046   -125323    0 
468100:    1.00    9.147    0.087 0.001 0.115    0.050 0.086 0.048   -125400    0 
468200:    1.00    8.763    0.120 0.001 0.135    0.054 0.105 0.049   -125386    0 
468300:    1.00    9.016    0.104 0.001 0.120    0.046 0.087 0.035   -125393    0 
468400:    1.00    9.232    0.088 0.001 0.090    0.041 0.079 0.028   -125400    0 
468500:    1.00    9.384    0.079 0.001 0.085    0.048 0.095 0.038   -125385    0 
468600:    1.00    9.002    0.114 0.001 0.071    0.040 0.067 0.029   -125438    0 
468700:    1.00    8.996    0.122 0.001 0.100    0.055 0.095 0.031   -125389    0 
468800:    1.00    8.823    0.097 0.001 0.118    0.039 0.073 0.038   -125380    0 
468900:    1.00    8.868    0.106 0.001 0.107    0.050 0.092 0.041   -125323    0 

--------------------------------------------
Proportion of membership of each pre-defined
 population in each of the 3 clusters

Given    Inferred Clusters       Number of
 Pop       1      2      3      Individuals

  1:     0.337  0.324  0.339      358
  2:     0.335  0.332  0.333      1039
  3:     0.330  0.337  0.333      603
--------------------------------------------

  Rep#:   Lambda   Alpha      F1    F2    F3     D1,2  D1,3  D2,3    Ln Like  Est Ln P(D)
469000:    1.00    8.964    0.094 0.001 0.126    0.050 0.096 0.046   -125362    0 
469100:    1.00    9.021    0.114 0.001 0.080    0.041 0.092 0.041   -125389    0 
469200:    1.00    8.990    0.103 0.001 0.093    0.039 0.089 0.033   -125396    0 
469300:    1.00    9.199    0.091 0.001 0.151    0.046 0.090 0.034   -125349    0 
469400:    1.00    9.267    0.110 0.001 0.127    0.043 0.097 0.043   -125381    0 
469500:    1.00    9.688    0.106 0.001 0.173    0.045 0.122 0.055   -125368    0 
469600:    1.00    9.739    0.115 0.001 0.149    0.045 0.106 0.043   -125419    0 
469700:    1.00    9.952    0.091 0.001 0.113    0.035 0.103 0.055   -125356    0 
469800:    1.00    9.749    0.085 0.001 0.142    0.035 0.098 0.053   -125397    0 
469900:    1.00    9.718    0.081 0.001 0.173    0.021 0.084 0.059   -125438    0 

--------------------------------------------
Proportion of membership of each pre-defined
 population in each of the 3 clusters

Given    Inferred Clusters       Number of
 Pop       1      2      3      Individuals

  1:     0.333  0.331  0.336      358
  2:     0.336  0.329  0.335      1039
  3:     0.336  0.331  0.332      603
--------------------------------------------

  Rep#:   Lambda   Alpha      F1    F2    F3     D1,2  D1,3  D2,3    Ln Like  Est Ln P(D)
470000:    1.00    9.670    0.068 0.001 0.139    0.021 0.079 0.053   -125439    0 
470100:    1.00    9.663    0.107 0.001 0.140    0.035 0.101 0.063   -125433    0 
470200:    1.00    9.349    0.104 0.001 0.128    0.034 0.109 0.065   -125369    0 
470300:    1.00    9.406    0.067 0.001 0.149    0.031 0.106 0.053   -125367    0 
470400:    1.00    9.515    0.093 0.001 0.160    0.035 0.097 0.055   -125336    0 
470500:    1.00    9.707    0.101 0.002 0.154    0.032 0.079 0.048   -125409    0 
470600:    1.00    9.376    0.102 0.001 0.169    0.040 0.101 0.054   -125317    0 
470700:    1.00    9.456    0.118 0.001 0.129    0.046 0.101 0.052   -125386    0 
470800:    1.00    9.623    0.135 0.001 0.130    0.047 0.100 0.049   -125333    0 
470900:    1.00    9.478    0.122 0.001 0.115    0.054 0.123 0.068   -125268    0 

--------------------------------------------
Proportion of membership of each pre-defined
 population in each of the 3 clusters

Given    Inferred Clusters       Number of
 Pop       1      2      3      Individuals

  1:     0.337  0.334  0.329      358
  2:     0.334  0.334  0.332      1039
  3:     0.334  0.332  0.333      603
--------------------------------------------

  Rep#:   Lambda   Alpha      F1    F2    F3     D1,2  D1,3  D2,3    Ln Like  Est Ln P(D)
471000:    1.00    9.463    0.121 0.001 0.174    0.051 0.135 0.070   -125284    0 
471100:    1.00    9.314    0.118 0.001 0.147    0.051 0.128 0.053   -125260    0 
471200:    1.00    9.618    0.109 0.001 0.157    0.043 0.101 0.046   -125386    0 
471300:    1.00    9.707    0.103 0.002 0.153    0.038 0.121 0.055   -125385    0 
471400:    1.00    9.575    0.160 0.002 0.162    0.054 0.131 0.065   -125332    0 
471500:    1.00    9.571    0.153 0.002 0.183    0.056 0.140 0.064   -125299    0 
471600:    1.00    9.705    0.129 0.002 0.164    0.048 0.115 0.054   -125340    0 
471700:    1.00    9.562    0.112 0.002 0.158    0.053 0.117 0.064   -125333    0 
471800:    1.00    9.667    0.121 0.002 0.170    0.064 0.122 0.056   -125296    0 
471900:    1.00    9.680    0.175 0.002 0.144    0.060 0.128 0.056   -125360    0 

--------------------------------------------
Proportion of membership of each pre-defined
 population in each of the 3 clusters

Given    Inferred Clusters       Number of
 Pop       1      2      3      Individuals

  1:     0.329  0.337  0.334      358
  2:     0.331  0.330  0.339      1039
  3:     0.331  0.331  0.339      603
--------------------------------------------

  Rep#:   Lambda   Alpha      F1    F2    F3     D1,2  D1,3  D2,3    Ln Like  Est Ln P(D)
472000:    1.00    9.859    0.122 0.002 0.157    0.035 0.091 0.054   -125431    0 
472100:    1.00    9.782    0.098 0.002 0.138    0.034 0.093 0.057   -125384    0 
472200:    1.00    9.815    0.095 0.002 0.140    0.038 0.089 0.051   -125378    0 
472300:    1.00    9.528    0.128 0.002 0.138    0.051 0.111 0.052   -125286    0 
472400:    1.00    9.637    0.156 0.002 0.114    0.064 0.109 0.056   -125377    0 
472500:    1.00    9.790    0.115 0.002 0.119    0.055 0.099 0.043   -125387    0 
472600:    1.00    9.681    0.107 0.002 0.106    0.057 0.116 0.047   -125376    0 
472700:    1.00    9.617    0.118 0.002 0.167    0.043 0.103 0.051   -125357    0 
472800:    1.00    9.567    0.104 0.001 0.138    0.042 0.117 0.058   -125416    0 
472900:    1.00    9.358    0.103 0.001 0.117    0.051 0.123 0.051   -125305    0 

--------------------------------------------
Proportion of membership of each pre-defined
 population in each of the 3 clusters

Given    Inferred Clusters       Number of
 Pop       1      2      3      Individuals

  1:     0.340  0.328  0.332      358
  2:     0.335  0.332  0.333      1039
  3:     0.336  0.331  0.333      603
--------------------------------------------

  Rep#:   Lambda   Alpha      F1    F2    F3     D1,2  D1,3  D2,3    Ln Like  Est Ln P(D)
473000:    1.00    9.204    0.112 0.001 0.134    0.042 0.126 0.060   -125284    0 
473100:    1.00    9.755    0.198 0.001 0.175    0.064 0.137 0.053   -125328    0 
473200:    1.00    9.971    0.154 0.002 0.118    0.053 0.123 0.054   -125393    0 
473300:    1.00    9.947    0.145 0.002 0.175    0.044 0.132 0.056   -125269    0 
473400:    1.00    9.912    0.172 0.002 0.130    0.052 0.115 0.050   -125301    0 
473500:    1.00    9.821    0.146 0.002 0.146    0.057 0.131 0.049   -125326    0 
473600:    1.00    9.853    0.163 0.002 0.151    0.050 0.133 0.063   -125385    0 
473700:    1.00    9.947    0.109 0.002 0.170    0.038 0.121 0.066   -125332    0 
473800:    1.00    9.337    0.107 0.002 0.140    0.053 0.131 0.055   -125318    0 
473900:    1.00    8.979    0.109 0.002 0.139    0.052 0.116 0.056   -125324    0 

--------------------------------------------
Proportion of membership of each pre-defined
 population in each of the 3 clusters

Given    Inferred Clusters       Number of
 Pop       1      2      3      Individuals

  1:     0.340  0.329  0.331      358
  2:     0.334  0.333  0.333      1039
  3:     0.336  0.334  0.330      603
--------------------------------------------

  Rep#:   Lambda   Alpha      F1    F2    F3     D1,2  D1,3  D2,3    Ln Like  Est Ln P(D)
474000:    1.00    9.185    0.117 0.002 0.126    0.053 0.123 0.061   -125333    0 
474100:    1.00    9.359    0.108 0.002 0.097    0.047 0.100 0.053   -125364    0 
474200:    1.00    9.532    0.119 0.002 0.142    0.050 0.099 0.054   -125341    0 
474300:    1.00    9.481    0.126 0.002 0.128    0.048 0.111 0.059   -125392    0 
474400:    1.00    9.310    0.135 0.002 0.104    0.054 0.113 0.049   -125336    0 
474500:    1.00    9.436    0.116 0.002 0.096    0.056 0.094 0.035   -125401    0 
474600:    1.00    9.693    0.134 0.002 0.124    0.053 0.109 0.055   -125407    0 
474700:    1.00    9.922    0.155 0.002 0.108    0.068 0.137 0.048   -125368    0 
474800:    1.00    9.379    0.128 0.002 0.132    0.051 0.118 0.051   -125310    0 
474900:    1.00    9.048    0.125 0.002 0.151    0.050 0.124 0.052   -125339    0 

--------------------------------------------
Proportion of membership of each pre-defined
 population in each of the 3 clusters

Given    Inferred Clusters       Number of
 Pop       1      2      3      Individuals

  1:     0.335  0.338  0.326      358
  2:     0.335  0.332  0.332      1039
  3:     0.328  0.336  0.336      603
--------------------------------------------

  Rep#:   Lambda   Alpha      F1    F2    F3     D1,2  D1,3  D2,3    Ln Like  Est Ln P(D)
475000:    1.00    9.040    0.109 0.002 0.134    0.044 0.114 0.051   -125338    0 
475100:    1.00    9.498    0.121 0.002 0.171    0.052 0.137 0.062   -125280    0 
475200:    1.00    9.252    0.128 0.002 0.159    0.055 0.123 0.062   -125300    0 
475300:    1.00    9.375    0.123 0.002 0.182    0.049 0.120 0.063   -125335    0 
475400:    1.00    9.423    0.104 0.002 0.231    0.042 0.129 0.080   -125261    0 
475500:    1.00    9.495    0.122 0.002 0.182    0.045 0.116 0.076   -125321    0 
475600:    1.00    9.472    0.107 0.002 0.190    0.045 0.114 0.060   -125299    0 
475700:    1.00    9.285    0.134 0.001 0.164    0.050 0.114 0.054   -125411    0 
475800:    1.00    9.152    0.156 0.001 0.158    0.060 0.120 0.045   -125272    0 
475900:    1.00    8.894    0.147 0.001 0.123    0.045 0.107 0.046   -125368    0 

--------------------------------------------
Proportion of membership of each pre-defined
 population in each of the 3 clusters

Given    Inferred Clusters       Number of
 Pop       1      2      3      Individuals

  1:     0.340  0.335  0.325      358
  2:     0.335  0.331  0.334      1039
  3:     0.327  0.335  0.338      603
--------------------------------------------

  Rep#:   Lambda   Alpha      F1    F2    F3     D1,2  D1,3  D2,3    Ln Like  Est Ln P(D)
476000:    1.00    8.463    0.138 0.001 0.143    0.052 0.116 0.045   -125260    0 
476100:    1.00    8.426    0.131 0.002 0.119    0.058 0.108 0.035   -125279    0 
476200:    1.00    8.026    0.122 0.002 0.146    0.058 0.091 0.036   -125350    0 
476300:    1.00    8.037    0.149 0.001 0.095    0.074 0.110 0.031   -125308    0 
476400:    1.00    7.936    0.162 0.001 0.099    0.081 0.114 0.038   -125319    0 
476500:    1.00    7.480    0.128 0.001 0.126    0.045 0.080 0.038   -125315    0 
476600:    1.00    7.599    0.144 0.001 0.137    0.051 0.101 0.049   -125352    0 
476700:    1.00    7.311    0.124 0.001 0.141    0.055 0.125 0.048   -125264    0 
476800:    1.00    7.219    0.133 0.001 0.140    0.054 0.103 0.052   -125218    0 
476900:    1.00    7.047    0.103 0.001 0.139    0.051 0.102 0.053   -125242    0 

--------------------------------------------
Proportion of membership of each pre-defined
 population in each of the 3 clusters

Given    Inferred Clusters       Number of
 Pop       1      2      3      Individuals

  1:     0.335  0.337  0.328      358
  2:     0.336  0.331  0.333      1039
  3:     0.337  0.331  0.333      603
--------------------------------------------

  Rep#:   Lambda   Alpha      F1    F2    F3     D1,2  D1,3  D2,3    Ln Like  Est Ln P(D)
477000:    1.00    7.040    0.109 0.001 0.108    0.041 0.096 0.049   -125281    0 
477100:    1.00    7.045    0.119 0.001 0.232    0.054 0.118 0.064   -125255    0 
477200:    1.00    6.329    0.104 0.001 0.155    0.045 0.101 0.055   -125179    0 
477300:    1.00    6.571    0.105 0.001 0.154    0.048 0.089 0.045   -125249    0 
477400:    1.00    6.583    0.111 0.001 0.186    0.054 0.104 0.054   -125230    0 
477500:    1.00    6.120    0.116 0.001 0.140    0.044 0.085 0.039   -125282    0 
477600:    1.00    6.560    0.117 0.001 0.126    0.055 0.088 0.047   -125201    0 
477700:    1.00    6.907    0.116 0.001 0.132    0.043 0.093 0.051   -125327    0 
477800:    1.00    6.916    0.094 0.001 0.107    0.043 0.087 0.042   -125293    0 
477900:    1.00    6.666    0.108 0.001 0.127    0.044 0.095 0.047   -125239    0 

--------------------------------------------
Proportion of membership of each pre-defined
 population in each of the 3 clusters

Given    Inferred Clusters       Number of
 Pop       1      2      3      Individuals

  1:     0.334  0.333  0.332      358
  2:     0.328  0.333  0.339      1039
  3:     0.336  0.335  0.329      603
--------------------------------------------

  Rep#:   Lambda   Alpha      F1    F2    F3     D1,2  D1,3  D2,3    Ln Like  Est Ln P(D)
478000:    1.00    6.891    0.148 0.001 0.139    0.062 0.130 0.053   -125160    0 
478100:    1.00    7.155    0.132 0.002 0.145    0.059 0.119 0.048   -125205    0 
478200:    1.00    7.533    0.163 0.002 0.121    0.052 0.103 0.052   -125214    0 
478300:    1.00    7.918    0.120 0.002 0.148    0.061 0.115 0.051   -125249    0 
478400:    1.00    7.910    0.142 0.002 0.122    0.070 0.124 0.047   -125260    0 
478500:    1.00    7.774    0.165 0.002 0.119    0.063 0.106 0.036   -125292    0 
478600:    1.00    7.770    0.140 0.002 0.124    0.064 0.108 0.032   -125278    0 
478700:    1.00    7.482    0.186 0.002 0.111    0.074 0.128 0.043   -125240    0 
478800:    1.00    7.511    0.120 0.002 0.082    0.073 0.128 0.039   -125249    0 
478900:    1.00    7.927    0.194 0.002 0.082    0.074 0.109 0.041   -125279    0 

--------------------------------------------
Proportion of membership of each pre-defined
 population in each of the 3 clusters

Given    Inferred Clusters       Number of
 Pop       1      2      3      Individuals

  1:     0.332  0.336  0.332      358
  2:     0.337  0.330  0.333      1039
  3:     0.332  0.335  0.334      603
--------------------------------------------

  Rep#:   Lambda   Alpha      F1    F2    F3     D1,2  D1,3  D2,3    Ln Like  Est Ln P(D)
479000:    1.00    7.805    0.162 0.002 0.112    0.069 0.104 0.033   -125273    0 
479100:    1.00    8.315    0.154 0.002 0.092    0.058 0.107 0.042   -125338    0 
479200:    1.00    8.262    0.119 0.002 0.105    0.050 0.104 0.055   -125333    0 
479300:    1.00    8.369    0.101 0.002 0.128    0.052 0.100 0.038   -125333    0 
479400:    1.00    8.206    0.128 0.002 0.088    0.037 0.080 0.035   -125391    0 
479500:    1.00    8.327    0.126 0.002 0.118    0.047 0.109 0.045   -125398    0 
479600:    1.00    8.265    0.110 0.002 0.106    0.042 0.098 0.044   -125330    0 
479700:    1.00    8.236    0.099 0.002 0.097    0.037 0.093 0.053   -125365    0 
479800:    1.00    8.098    0.082 0.002 0.102    0.038 0.084 0.035   -125385    0 
479900:    1.00    8.145    0.078 0.002 0.091    0.032 0.070 0.037   -125421    0 

--------------------------------------------
Proportion of membership of each pre-defined
 population in each of the 3 clusters

Given    Inferred Clusters       Number of
 Pop       1      2      3      Individuals

  1:     0.334  0.335  0.331      358
  2:     0.331  0.334  0.335      1039
  3:     0.332  0.338  0.331      603
--------------------------------------------

  Rep#:   Lambda   Alpha      F1    F2    F3     D1,2  D1,3  D2,3    Ln Like  Est Ln P(D)
480000:    1.00    8.141    0.095 0.002 0.121    0.036 0.076 0.040   -125376    0 
480100:    1.00    8.428    0.105 0.002 0.104    0.040 0.099 0.043   -125475    0 
480200:    1.00    8.631    0.089 0.002 0.091    0.031 0.079 0.037   -125437    0 
480300:    1.00    8.638    0.107 0.002 0.115    0.047 0.090 0.037   -125367    0 
480400:    1.00    9.062    0.101 0.002 0.103    0.033 0.079 0.042   -125475    0 
480500:    1.00    9.083    0.129 0.002 0.127    0.049 0.100 0.048   -125357    0 
480600:    1.00    8.976    0.131 0.002 0.104    0.057 0.104 0.041   -125369    0 
480700:    1.00    9.142    0.151 0.002 0.128    0.055 0.119 0.042   -125354    0 
480800:    1.00    9.003    0.141 0.002 0.093    0.056 0.099 0.039   -125352    0 
480900:    1.00    9.251    0.141 0.002 0.100    0.059 0.101 0.037   -125432    0 

--------------------------------------------
Proportion of membership of each pre-defined
 population in each of the 3 clusters

Given    Inferred Clusters       Number of
 Pop       1      2      3      Individuals

  1:     0.334  0.338  0.328      358
  2:     0.332  0.339  0.329      1039
  3:     0.328  0.336  0.336      603
--------------------------------------------

  Rep#:   Lambda   Alpha      F1    F2    F3     D1,2  D1,3  D2,3    Ln Like  Est Ln P(D)
481000:    1.00    9.374    0.127 0.002 0.089    0.058 0.096 0.034   -125423    0 
481100:    1.00    9.302    0.156 0.002 0.066    0.069 0.100 0.026   -125429    0 
481200:    1.00    9.286    0.205 0.001 0.075    0.066 0.090 0.021   -125392    0 
481300:    1.00    9.028    0.174 0.001 0.099    0.070 0.124 0.032   -125333    0 
481400:    1.00    8.695    0.146 0.001 0.095    0.062 0.088 0.032   -125398    0 
481500:    1.00    8.575    0.201 0.001 0.085    0.083 0.125 0.034   -125366    0 
481600:    1.00    8.772    0.165 0.001 0.102    0.072 0.115 0.028   -125342    0 
481700:    1.00    8.990    0.159 0.001 0.089    0.078 0.114 0.033   -125338    0 
481800:    1.00    9.501    0.165 0.001 0.084    0.066 0.113 0.036   -125333    0 
481900:    1.00    9.652    0.154 0.001 0.087    0.064 0.117 0.035   -125361    0 

--------------------------------------------
Proportion of membership of each pre-defined
 population in each of the 3 clusters

Given    Inferred Clusters       Number of
 Pop       1      2      3      Individuals

  1:     0.333  0.338  0.328      358
  2:     0.326  0.334  0.340      1039
  3:     0.335  0.331  0.335      603
--------------------------------------------

  Rep#:   Lambda   Alpha      F1    F2    F3     D1,2  D1,3  D2,3    Ln Like  Est Ln P(D)
482000:    1.00    9.568    0.126 0.001 0.088    0.064 0.111 0.034   -125412    0 
482100:    1.00    9.850    0.138 0.001 0.121    0.058 0.103 0.037   -125356    0 
482200:    1.00    9.420    0.109 0.001 0.104    0.050 0.088 0.037   -125421    0 
482300:    1.00    9.390    0.114 0.002 0.133    0.052 0.094 0.049   -125381    0 
482400:    1.00    9.381    0.118 0.003 0.148    0.040 0.088 0.048   -125421    0 
482500:    1.00    9.294    0.119 0.003 0.123    0.050 0.112 0.053   -125379    0 
482600:    1.00    9.537    0.130 0.002 0.135    0.049 0.089 0.044   -125395    0 
482700:    1.00    9.588    0.119 0.002 0.127    0.047 0.115 0.067   -125373    0 
482800:    1.00    9.299    0.137 0.002 0.170    0.045 0.121 0.068   -125375    0 
482900:    1.00    9.235    0.149 0.002 0.189    0.041 0.133 0.070   -125378    0 

--------------------------------------------
Proportion of membership of each pre-defined
 population in each of the 3 clusters

Given    Inferred Clusters       Number of
 Pop       1      2      3      Individuals

  1:     0.341  0.322  0.337      358
  2:     0.330  0.337  0.333      1039
  3:     0.325  0.336  0.339      603
--------------------------------------------

  Rep#:   Lambda   Alpha      F1    F2    F3     D1,2  D1,3  D2,3    Ln Like  Est Ln P(D)
483000:    1.00    8.964    0.120 0.002 0.183    0.043 0.121 0.065   -125313    0 
483100:    1.00    9.054    0.116 0.002 0.142    0.044 0.138 0.073   -125329    0 
483200:    1.00    8.973    0.102 0.002 0.137    0.035 0.102 0.062   -125330    0 
483300:    1.00    9.083    0.107 0.002 0.173    0.055 0.149 0.073   -125270    0 
483400:    1.00    8.744    0.101 0.002 0.153    0.052 0.129 0.064   -125295    0 
483500:    1.00    8.480    0.122 0.002 0.180    0.048 0.118 0.059   -125331    0 
483600:    1.00    8.471    0.102 0.002 0.145    0.047 0.109 0.057   -125254    0 
483700:    1.00    8.642    0.117 0.002 0.169    0.052 0.113 0.053   -125366    0 
483800:    1.00    8.486    0.125 0.002 0.113    0.054 0.123 0.057   -125315    0 
483900:    1.00    8.222    0.130 0.002 0.146    0.057 0.095 0.047   -125393    0 

--------------------------------------------
Proportion of membership of each pre-defined
 population in each of the 3 clusters

Given    Inferred Clusters       Number of
 Pop       1      2      3      Individuals

  1:     0.337  0.327  0.336      358
  2:     0.329  0.335  0.336      1039
  3:     0.333  0.337  0.330      603
--------------------------------------------

  Rep#:   Lambda   Alpha      F1    F2    F3     D1,2  D1,3  D2,3    Ln Like  Est Ln P(D)
484000:    1.00    8.561    0.158 0.002 0.183    0.060 0.125 0.056   -125232    0 
484100:    1.00    8.351    0.115 0.002 0.170    0.067 0.130 0.058   -125300    0 
484200:    1.00    8.359    0.118 0.002 0.190    0.053 0.121 0.065   -125294    0 
484300:    1.00    8.814    0.116 0.002 0.147    0.056 0.132 0.059   -125238    0 
484400:    1.00    8.622    0.140 0.002 0.193    0.062 0.124 0.055   -125229    0 
484500:    1.00    8.193    0.150 0.002 0.115    0.060 0.117 0.045   -125293    0 
484600:    1.00    7.952    0.101 0.002 0.142    0.056 0.112 0.056   -125285    0 
484700:    1.00    7.680    0.093 0.002 0.130    0.053 0.101 0.049   -125248    0 
484800:    1.00    8.116    0.113 0.002 0.165    0.035 0.091 0.049   -125356    0 
484900:    1.00    8.466    0.079 0.002 0.103    0.028 0.077 0.045   -125388    0 

--------------------------------------------
Proportion of membership of each pre-defined
 population in each of the 3 clusters

Given    Inferred Clusters       Number of
 Pop       1      2      3      Individuals

  1:     0.339  0.329  0.332      358
  2:     0.334  0.332  0.333      1039
  3:     0.338  0.336  0.327      603
--------------------------------------------

  Rep#:   Lambda   Alpha      F1    F2    F3     D1,2  D1,3  D2,3    Ln Like  Est Ln P(D)
485000:    1.00    8.187    0.087 0.002 0.151    0.032 0.090 0.045   -125358    0 
485100:    1.00    8.058    0.088 0.002 0.140    0.043 0.098 0.043   -125323    0 
485200:    1.00    8.389    0.113 0.002 0.128    0.044 0.109 0.054   -125267    0 
485300:    1.00    8.139    0.139 0.002 0.106    0.051 0.100 0.054   -125261    0 
485400:    1.00    7.812    0.115 0.002 0.118    0.055 0.103 0.056   -125279    0 
485500:    1.00    7.994    0.135 0.002 0.142    0.048 0.099 0.054   -125246    0 
485600:    1.00    8.248    0.144 0.002 0.138    0.046 0.117 0.059   -125344    0 
485700:    1.00    8.436    0.158 0.002 0.168    0.052 0.137 0.068   -125280    0 
485800:    1.00    8.359    0.111 0.002 0.201    0.044 0.120 0.063   -125295    0 
485900:    1.00    8.407    0.167 0.002 0.166    0.056 0.123 0.049   -125272    0 

--------------------------------------------
Proportion of membership of each pre-defined
 population in each of the 3 clusters

Given    Inferred Clusters       Number of
 Pop       1      2      3      Individuals

  1:     0.333  0.335  0.332      358
  2:     0.334  0.330  0.335      1039
  3:     0.333  0.335  0.332      603
--------------------------------------------

  Rep#:   Lambda   Alpha      F1    F2    F3     D1,2  D1,3  D2,3    Ln Like  Est Ln P(D)
486000:    1.00    8.525    0.133 0.002 0.150    0.055 0.120 0.051   -125237    0 
486100:    1.00    8.699    0.143 0.001 0.172    0.048 0.113 0.053   -125280    0 
486200:    1.00    8.655    0.119 0.001 0.158    0.047 0.106 0.054   -125296    0 
486300:    1.00    8.476    0.173 0.001 0.127    0.050 0.107 0.056   -125312    0 
486400:    1.00    8.356    0.152 0.001 0.134    0.057 0.116 0.052   -125306    0 
486500:    1.00    8.057    0.121 0.001 0.154    0.054 0.120 0.057   -125311    0 
486600:    1.00    8.141    0.139 0.001 0.182    0.060 0.110 0.061   -125258    0 
486700:    1.00    8.113    0.102 0.001 0.171    0.042 0.093 0.054   -125310    0 
486800:    1.00    7.912    0.120 0.001 0.133    0.042 0.104 0.049   -125325    0 
486900:    1.00    8.021    0.129 0.001 0.164    0.043 0.091 0.051   -125297    0 

--------------------------------------------
Proportion of membership of each pre-defined
 population in each of the 3 clusters

Given    Inferred Clusters       Number of
 Pop       1      2      3      Individuals

  1:     0.331  0.326  0.342      358
  2:     0.335  0.336  0.329      1039
  3:     0.323  0.336  0.341      603
--------------------------------------------

  Rep#:   Lambda   Alpha      F1    F2    F3     D1,2  D1,3  D2,3    Ln Like  Est Ln P(D)
487000:    1.00    7.830    0.092 0.001 0.142    0.046 0.112 0.054   -125279    0 
487100:    1.00    7.471    0.143 0.001 0.147    0.046 0.111 0.051   -125297    0 
487200:    1.00    7.345    0.121 0.001 0.176    0.053 0.115 0.050   -125171    0 
487300:    1.00    7.283    0.119 0.001 0.180    0.040 0.095 0.053   -125238    0 
487400:    1.00    7.581    0.130 0.001 0.122    0.039 0.097 0.046   -125298    0 
487500:    1.00    7.797    0.110 0.001 0.148    0.033 0.088 0.046   -125295    0 
487600:    1.00    7.593    0.134 0.001 0.134    0.040 0.084 0.039   -125374    0 
487700:    1.00    7.944    0.106 0.001 0.115    0.036 0.092 0.042   -125314    0 
487800:    1.00    7.745    0.096 0.001 0.158    0.033 0.087 0.045   -125365    0 
487900:    1.00    8.166    0.080 0.001 0.107    0.039 0.105 0.053   -125305    0 

--------------------------------------------
Proportion of membership of each pre-defined
 population in each of the 3 clusters

Given    Inferred Clusters       Number of
 Pop       1      2      3      Individuals

  1:     0.337  0.330  0.333      358
  2:     0.336  0.329  0.335      1039
  3:     0.329  0.335  0.336      603
--------------------------------------------

  Rep#:   Lambda   Alpha      F1    F2    F3     D1,2  D1,3  D2,3    Ln Like  Est Ln P(D)
488000:    1.00    8.426    0.107 0.001 0.136    0.038 0.098 0.062   -125247    0 
488100:    1.00    8.710    0.116 0.001 0.130    0.045 0.103 0.054   -125340    0 
488200:    1.00    8.355    0.100 0.001 0.191    0.043 0.097 0.050   -125314    0 
488300:    1.00    8.683    0.118 0.001 0.157    0.042 0.099 0.054   -125283    0 
488400:    1.00    9.419    0.119 0.001 0.186    0.055 0.117 0.059   -125303    0 
488500:    1.00    9.394    0.101 0.001 0.152    0.047 0.097 0.060   -125328    0 
488600:    1.00    9.788    0.117 0.001 0.167    0.041 0.087 0.053   -125362    0 
488700:    1.00    9.560    0.086 0.001 0.140    0.038 0.082 0.050   -125414    0 
488800:    1.00    9.595    0.079 0.001 0.192    0.038 0.106 0.061   -125362    0 
488900:    1.00    9.711    0.059 0.001 0.196    0.028 0.099 0.075   -125442    0 

--------------------------------------------
Proportion of membership of each pre-defined
 population in each of the 3 clusters

Given    Inferred Clusters       Number of
 Pop       1      2      3      Individuals

  1:     0.336  0.333  0.331      358
  2:     0.330  0.334  0.337      1039
  3:     0.334  0.333  0.333      603
--------------------------------------------

  Rep#:   Lambda   Alpha      F1    F2    F3     D1,2  D1,3  D2,3    Ln Like  Est Ln P(D)
489000:    1.00    9.869    0.080 0.001 0.180    0.027 0.095 0.067   -125461    0 
489100:    1.00    9.973    0.070 0.001 0.156    0.029 0.090 0.060   -125433    0 
489200:    1.00    9.998    0.101 0.001 0.107    0.038 0.099 0.048   -125433    0 
489300:    1.00    9.875    0.121 0.001 0.126    0.038 0.093 0.047   -125433    0 
489400:    1.00    9.642    0.142 0.001 0.123    0.046 0.126 0.053   -125413    0 
489500:    1.00    9.906    0.153 0.001 0.116    0.044 0.117 0.056   -125381    0 
489600:    1.00    9.841    0.180 0.001 0.116    0.060 0.137 0.061   -125349    0 
489700:    1.00    9.892    0.175 0.001 0.141    0.055 0.134 0.055   -125358    0 
489800:    1.00    9.980    0.160 0.001 0.147    0.067 0.138 0.057   -125348    0 
489900:    1.00    9.918    0.166 0.001 0.151    0.060 0.131 0.058   -125360    0 

--------------------------------------------
Proportion of membership of each pre-defined
 population in each of the 3 clusters

Given    Inferred Clusters       Number of
 Pop       1      2      3      Individuals

  1:     0.332  0.337  0.331      358
  2:     0.332  0.331  0.337      1039
  3:     0.334  0.331  0.335      603
--------------------------------------------

  Rep#:   Lambda   Alpha      F1    F2    F3     D1,2  D1,3  D2,3    Ln Like  Est Ln P(D)
490000:    1.00    9.842    0.147 0.001 0.122    0.058 0.115 0.047   -125378    0 
490100:    1.00    9.453    0.124 0.001 0.157    0.051 0.095 0.052   -125353    0 
490200:    1.00    9.239    0.128 0.001 0.116    0.060 0.110 0.047   -125329    0 
490300:    1.00    9.405    0.119 0.001 0.156    0.051 0.099 0.047   -125416    0 
490400:    1.00    9.056    0.116 0.001 0.107    0.054 0.110 0.049   -125375    0 
490500:    1.00    9.359    0.103 0.001 0.137    0.052 0.081 0.041   -125371    0 
490600:    1.00    9.312    0.111 0.001 0.111    0.046 0.089 0.038   -125431    0 
490700:    1.00    9.916    0.128 0.001 0.141    0.059 0.104 0.044   -125418    0 
490800:    1.00    9.943    0.098 0.001 0.119    0.049 0.083 0.040   -125446    0 
490900:    1.00    9.701    0.100 0.001 0.118    0.059 0.120 0.042   -125380    0 

--------------------------------------------
Proportion of membership of each pre-defined
 population in each of the 3 clusters

Given    Inferred Clusters       Number of
 Pop       1      2      3      Individuals

  1:     0.341  0.333  0.326      358
  2:     0.333  0.334  0.334      1039
  3:     0.331  0.336  0.333      603
--------------------------------------------

  Rep#:   Lambda   Alpha      F1    F2    F3     D1,2  D1,3  D2,3    Ln Like  Est Ln P(D)
491000:    1.00    9.542    0.119 0.001 0.116    0.040 0.114 0.051   -125412    0 
491100:    1.00    9.347    0.110 0.001 0.092    0.046 0.116 0.051   -125399    0 
491200:    1.00    9.445    0.108 0.001 0.100    0.040 0.108 0.047   -125325    0 
491300:    1.00    9.462    0.113 0.001 0.124    0.045 0.111 0.052   -125410    0 
491400:    1.00    9.680    0.108 0.001 0.145    0.042 0.105 0.049   -125328    0 
491500:    1.00    9.473    0.129 0.001 0.132    0.048 0.104 0.046   -125371    0 
491600:    1.00    9.617    0.145 0.001 0.160    0.053 0.115 0.051   -125310    0 
491700:    1.00    9.679    0.145 0.001 0.176    0.053 0.124 0.045   -125380    0 
491800:    1.00    9.880    0.147 0.001 0.175    0.057 0.123 0.057   -125342    0 
491900:    1.00    9.966    0.122 0.001 0.122    0.056 0.106 0.053   -125328    0 

--------------------------------------------
Proportion of membership of each pre-defined
 population in each of the 3 clusters

Given    Inferred Clusters       Number of
 Pop       1      2      3      Individuals

  1:     0.342  0.328  0.329      358
  2:     0.336  0.333  0.331      1039
  3:     0.333  0.332  0.335      603
--------------------------------------------

  Rep#:   Lambda   Alpha      F1    F2    F3     D1,2  D1,3  D2,3    Ln Like  Est Ln P(D)
492000:    1.00    9.885    0.151 0.001 0.176    0.052 0.118 0.056   -125355    0 
492100:    1.00    9.931    0.196 0.001 0.172    0.056 0.133 0.061   -125290    0 
492200:    1.00    9.832    0.127 0.001 0.180    0.051 0.113 0.053   -125303    0 
492300:    1.00    9.899    0.119 0.001 0.138    0.042 0.108 0.054   -125399    0 
492400:    1.00    9.772    0.109 0.001 0.148    0.045 0.116 0.058   -125357    0 
492500:    1.00    9.812    0.158 0.001 0.113    0.044 0.121 0.050   -125337    0 
492600:    1.00    9.602    0.118 0.001 0.110    0.052 0.118 0.049   -125342    0 
492700:    1.00    9.346    0.146 0.001 0.124    0.049 0.121 0.044   -125307    0 
492800:    1.00    8.724    0.098 0.001 0.138    0.037 0.100 0.047   -125336    0 
492900:    1.00    8.876    0.099 0.001 0.131    0.041 0.098 0.048   -125310    0 

--------------------------------------------
Proportion of membership of each pre-defined
 population in each of the 3 clusters

Given    Inferred Clusters       Number of
 Pop       1      2      3      Individuals

  1:     0.328  0.338  0.334      358
  2:     0.331  0.336  0.333      1039
  3:     0.340  0.336  0.325      603
--------------------------------------------

  Rep#:   Lambda   Alpha      F1    F2    F3     D1,2  D1,3  D2,3    Ln Like  Est Ln P(D)
493000:    1.00    9.159    0.094 0.001 0.153    0.045 0.107 0.059   -125353    0 
493100:    1.00    9.212    0.064 0.001 0.109    0.036 0.091 0.049   -125341    0 
493200:    1.00    9.192    0.069 0.001 0.114    0.030 0.078 0.044   -125454    0 
493300:    1.00    8.825    0.075 0.001 0.131    0.033 0.094 0.051   -125401    0 
493400:    1.00    8.691    0.100 0.001 0.117    0.037 0.098 0.043   -125345    0 
493500:    1.00    8.842    0.107 0.001 0.090    0.045 0.100 0.036   -125435    0 
493600:    1.00    8.571    0.136 0.001 0.113    0.051 0.110 0.046   -125311    0 
493700:    1.00    9.036    0.108 0.001 0.093    0.042 0.093 0.045   -125374    0 
493800:    1.00    8.990    0.103 0.001 0.095    0.038 0.077 0.041   -125378    0 
493900:    1.00    8.705    0.103 0.001 0.133    0.046 0.106 0.050   -125395    0 

--------------------------------------------
Proportion of membership of each pre-defined
 population in each of the 3 clusters

Given    Inferred Clusters       Number of
 Pop       1      2      3      Individuals

  1:     0.328  0.332  0.339      358
  2:     0.327  0.332  0.341      1039
  3:     0.334  0.334  0.332      603
--------------------------------------------

  Rep#:   Lambda   Alpha      F1    F2    F3     D1,2  D1,3  D2,3    Ln Like  Est Ln P(D)
494000:    1.00    8.514    0.108 0.001 0.135    0.050 0.125 0.051   -125303    0 
494100:    1.00    8.515    0.098 0.001 0.150    0.051 0.127 0.054   -125281    0 
494200:    1.00    8.286    0.120 0.001 0.132    0.044 0.094 0.047   -125337    0 
494300:    1.00    8.457    0.154 0.001 0.096    0.043 0.088 0.035   -125384    0 
494400:    1.00    8.438    0.144 0.001 0.116    0.054 0.085 0.033   -125336    0 
494500:    1.00    8.312    0.119 0.001 0.130    0.046 0.087 0.043   -125332    0 
494600:    1.00    8.268    0.123 0.001 0.117    0.051 0.083 0.040   -125382    0 
494700:    1.00    8.225    0.139 0.001 0.136    0.046 0.084 0.042   -125412    0 
494800:    1.00    8.104    0.095 0.001 0.100    0.033 0.073 0.040   -125438    0 
494900:    1.00    7.715    0.113 0.001 0.098    0.034 0.078 0.036   -125431    0 

--------------------------------------------
Proportion of membership of each pre-defined
 population in each of the 3 clusters

Given    Inferred Clusters       Number of
 Pop       1      2      3      Individuals

  1:     0.335  0.329  0.336      358
  2:     0.335  0.337  0.328      1039
  3:     0.332  0.330  0.339      603
--------------------------------------------

  Rep#:   Lambda   Alpha      F1    F2    F3     D1,2  D1,3  D2,3    Ln Like  Est Ln P(D)
495000:    1.00    8.012    0.096 0.001 0.071    0.038 0.088 0.034   -125419    0 
495100:    1.00    8.228    0.099 0.001 0.090    0.041 0.083 0.036   -125368    0 
495200:    1.00    8.343    0.111 0.001 0.109    0.040 0.090 0.046   -125334    0 
495300:    1.00    8.772    0.111 0.001 0.126    0.041 0.084 0.044   -125342    0 
495400:    1.00    9.384    0.084 0.001 0.110    0.034 0.082 0.048   -125410    0 
495500:    1.00    9.476    0.110 0.001 0.128    0.052 0.109 0.047   -125420    0 
495600:    1.00    8.934    0.112 0.001 0.123    0.032 0.101 0.048   -125367    0 
495700:    1.00    8.692    0.100 0.001 0.179    0.037 0.110 0.061   -125337    0 
495800:    1.00    8.696    0.086 0.001 0.146    0.034 0.097 0.064   -125322    0 
495900:    1.00    9.047    0.085 0.001 0.140    0.040 0.095 0.052   -125404    0 

--------------------------------------------
Proportion of membership of each pre-defined
 population in each of the 3 clusters

Given    Inferred Clusters       Number of
 Pop       1      2      3      Individuals

  1:     0.339  0.324  0.337      358
  2:     0.333  0.331  0.336      1039
  3:     0.332  0.336  0.332      603
--------------------------------------------

  Rep#:   Lambda   Alpha      F1    F2    F3     D1,2  D1,3  D2,3    Ln Like  Est Ln P(D)
496000:    1.00    9.065    0.126 0.001 0.178    0.057 0.119 0.054   -125353    0 
496100:    1.00    8.775    0.126 0.001 0.174    0.043 0.121 0.071   -125310    0 
496200:    1.00    8.803    0.097 0.001 0.187    0.039 0.119 0.075   -125291    0 
496300:    1.00    8.751    0.094 0.001 0.190    0.032 0.091 0.057   -125340    0 
496400:    1.00    8.745    0.088 0.001 0.173    0.030 0.102 0.065   -125368    0 
496500:    1.00    9.117    0.108 0.001 0.164    0.038 0.093 0.062   -125364    0 
496600:    1.00    8.938    0.096 0.001 0.158    0.031 0.101 0.065   -125353    0 
496700:    1.00    9.319    0.102 0.001 0.187    0.035 0.115 0.070   -125336    0 
496800:    1.00    9.807    0.084 0.001 0.184    0.036 0.125 0.071   -125360    0 
496900:    1.00    9.885    0.120 0.001 0.192    0.043 0.115 0.060   -125359    0 

--------------------------------------------
Proportion of membership of each pre-defined
 population in each of the 3 clusters

Given    Inferred Clusters       Number of
 Pop       1      2      3      Individuals

  1:     0.327  0.344  0.329      358
  2:     0.334  0.333  0.333      1039
  3:     0.324  0.332  0.345      603
--------------------------------------------

  Rep#:   Lambda   Alpha      F1    F2    F3     D1,2  D1,3  D2,3    Ln Like  Est Ln P(D)
497000:    1.00    9.923    0.127 0.001 0.193    0.050 0.138 0.084   -125304    0 
497100:    1.00    9.985    0.106 0.001 0.241    0.040 0.137 0.087   -125280    0 
497200:    1.00    9.435    0.096 0.001 0.157    0.028 0.118 0.078   -125344    0 
497300:    1.00    9.313    0.100 0.001 0.149    0.031 0.090 0.067   -125329    0 
497400:    1.00    9.515    0.105 0.001 0.163    0.036 0.123 0.078   -125360    0 
497500:    1.00    9.797    0.099 0.001 0.190    0.030 0.133 0.090   -125345    0 
497600:    1.00    9.699    0.135 0.001 0.218    0.039 0.127 0.076   -125318    0 
497700:    1.00    9.487    0.115 0.001 0.185    0.043 0.126 0.066   -125342    0 
497800:    1.00    9.520    0.116 0.001 0.121    0.036 0.098 0.048   -125435    0 
497900:    1.00    9.606    0.131 0.001 0.158    0.051 0.120 0.052   -125386    0 

--------------------------------------------
Proportion of membership of each pre-defined
 population in each of the 3 clusters

Given    Inferred Clusters       Number of
 Pop       1      2      3      Individuals

  1:     0.334  0.340  0.326      358
  2:     0.333  0.331  0.336      1039
  3:     0.333  0.334  0.332      603
--------------------------------------------

  Rep#:   Lambda   Alpha      F1    F2    F3     D1,2  D1,3  D2,3    Ln Like  Est Ln P(D)
498000:    1.00    9.370    0.156 0.001 0.174    0.059 0.103 0.058   -125314    0 
498100:    1.00    9.634    0.145 0.001 0.157    0.061 0.123 0.056   -125318    0 
498200:    1.00    9.541    0.182 0.001 0.180    0.055 0.138 0.066   -125295    0 
498300:    1.00    9.136    0.125 0.001 0.243    0.061 0.145 0.082   -125233    0 
498400:    1.00    9.418    0.169 0.001 0.201    0.059 0.140 0.080   -125264    0 
498500:    1.00    9.175    0.159 0.001 0.214    0.048 0.119 0.078   -125299    0 
498600:    1.00    9.220    0.116 0.001 0.191    0.050 0.142 0.071   -125219    0 
498700:    1.00    9.654    0.176 0.001 0.147    0.070 0.142 0.055   -125314    0 
498800:    1.00    9.367    0.139 0.001 0.166    0.063 0.110 0.044   -125327    0 
498900:    1.00    9.071    0.123 0.001 0.150    0.056 0.130 0.070   -125289    0 

--------------------------------------------
Proportion of membership of each pre-defined
 population in each of the 3 clusters

Given    Inferred Clusters       Number of
 Pop       1      2      3      Individuals

  1:     0.337  0.327  0.336      358
  2:     0.334  0.332  0.334      1039
  3:     0.336  0.335  0.329      603
--------------------------------------------

  Rep#:   Lambda   Alpha      F1    F2    F3     D1,2  D1,3  D2,3    Ln Like  Est Ln P(D)
499000:    1.00    9.333    0.123 0.001 0.187    0.052 0.147 0.073   -125288    0 
499100:    1.00    9.797    0.134 0.001 0.169    0.057 0.154 0.067   -125280    0 
499200:    1.00    9.840    0.125 0.001 0.198    0.059 0.161 0.067   -125307    0 
499300:    1.00    9.922    0.124 0.001 0.182    0.055 0.138 0.062   -125313    0 
499400:    1.00    9.814    0.091 0.001 0.213    0.053 0.135 0.068   -125357    0 
499500:    1.00    9.996    0.112 0.001 0.162    0.038 0.125 0.060   -125397    0 
499600:    1.00    9.920    0.120 0.001 0.165    0.049 0.137 0.056   -125311    0 
499700:    1.00    9.941    0.141 0.001 0.119    0.063 0.149 0.048   -125309    0 
499800:    1.00    9.982    0.132 0.001 0.111    0.056 0.124 0.044   -125428    0 
499900:    1.00    9.726    0.125 0.001 0.122    0.058 0.122 0.046   -125401    0 

--------------------------------------------
Proportion of membership of each pre-defined
 population in each of the 3 clusters

Given    Inferred Clusters       Number of
 Pop       1      2      3      Individuals

  1:     0.330  0.337  0.333      358
  2:     0.334  0.332  0.334      1039
  3:     0.333  0.332  0.335      603
--------------------------------------------

  Rep#:   Lambda   Alpha      F1    F2    F3     D1,2  D1,3  D2,3    Ln Like  Est Ln P(D)
500000:    1.00    9.943    0.172 0.001 0.154    0.059 0.146 0.058   -125351    0 
500100:    1.00    9.697    0.113 0.001 0.133    0.061 0.121 0.050   -125349    0 
500200:    1.00    9.537    0.102 0.001 0.108    0.054 0.137 0.058   -125357    0 
500300:    1.00    9.518    0.129 0.001 0.126    0.051 0.125 0.055   -125323    0 
500400:    1.00    9.587    0.122 0.001 0.145    0.049 0.122 0.060   -125297    0 
500500:    1.00    9.711    0.114 0.001 0.120    0.053 0.119 0.059   -125347    0 
500600:    1.00    9.700    0.124 0.001 0.129    0.052 0.109 0.052   -125368    0 
500700:    1.00    9.858    0.137 0.001 0.141    0.042 0.102 0.058   -125399    0 
500800:    1.00    9.979    0.104 0.001 0.164    0.043 0.116 0.055   -125327    0 
500900:    1.00    9.879    0.108 0.001 0.135    0.042 0.125 0.061   -125367    0 

--------------------------------------------
Proportion of membership of each pre-defined
 population in each of the 3 clusters

Given    Inferred Clusters       Number of
 Pop       1      2      3      Individuals

  1:     0.333  0.328  0.339      358
  2:     0.334  0.333  0.333      1039
  3:     0.328  0.332  0.340      603
--------------------------------------------

  Rep#:   Lambda   Alpha      F1    F2    F3     D1,2  D1,3  D2,3    Ln Like  Est Ln P(D)
501000:    1.00    9.735    0.141 0.001 0.145    0.046 0.100 0.047   -125371    0 
501100:    1.00    9.753    0.096 0.001 0.144    0.032 0.091 0.045   -125409    0 
501200:    1.00    9.820    0.085 0.001 0.141    0.036 0.105 0.061   -125386    0 
501300:    1.00    9.910    0.070 0.001 0.134    0.024 0.084 0.051   -125429    0 
501400:    1.00    9.342    0.077 0.001 0.116    0.031 0.083 0.057   -125377    0 
501500:    1.00    9.379    0.082 0.001 0.178    0.030 0.096 0.059   -125320    0 
501600:    1.00    9.165    0.071 0.001 0.132    0.027 0.104 0.063   -125339    0 
501700:    1.00    8.833    0.095 0.001 0.145    0.035 0.098 0.059   -125328    0 
501800:    1.00    9.127    0.138 0.001 0.147    0.046 0.101 0.055   -125324    0 
501900:    1.00    9.026    0.150 0.001 0.144    0.049 0.105 0.050   -125354    0 

--------------------------------------------
Proportion of membership of each pre-defined
 population in each of the 3 clusters

Given    Inferred Clusters       Number of
 Pop       1      2      3      Individuals

  1:     0.325  0.332  0.344      358
  2:     0.332  0.337  0.331      1039
  3:     0.329  0.338  0.333      603
--------------------------------------------

  Rep#:   Lambda   Alpha      F1    F2    F3     D1,2  D1,3  D2,3    Ln Like  Est Ln P(D)
502000:    1.00    8.630    0.113 0.001 0.102    0.048 0.079 0.039   -125353    0 
502100:    1.00    8.423    0.117 0.001 0.141    0.049 0.090 0.037   -125380    0 
502200:    1.00    8.398    0.122 0.001 0.152    0.042 0.107 0.052   -125305    0 
502300:    1.00    8.306    0.142 0.001 0.117    0.057 0.112 0.045   -125261    0 
502400:    1.00    8.454    0.143 0.001 0.134    0.050 0.114 0.052   -125297    0 
502500:    1.00    8.213    0.116 0.001 0.142    0.037 0.098 0.060   -125278    0 
502600:    1.00    8.269    0.117 0.001 0.133    0.042 0.092 0.045   -125260    0 
502700:    1.00    8.171    0.122 0.001 0.177    0.047 0.107 0.048   -125259    0 
502800:    1.00    8.723    0.112 0.001 0.093    0.048 0.112 0.050   -125356    0 
502900:    1.00    8.498    0.132 0.001 0.124    0.053 0.110 0.048   -125327    0 

--------------------------------------------
Proportion of membership of each pre-defined
 population in each of the 3 clusters

Given    Inferred Clusters       Number of
 Pop       1      2      3      Individuals

  1:     0.327  0.335  0.338      358
  2:     0.333  0.334  0.334      1039
  3:     0.335  0.327  0.338      603
--------------------------------------------

  Rep#:   Lambda   Alpha      F1    F2    F3     D1,2  D1,3  D2,3    Ln Like  Est Ln P(D)
503000:    1.00    8.728    0.137 0.001 0.133    0.052 0.117 0.055   -125350    0 
503100:    1.00    8.160    0.116 0.001 0.153    0.045 0.109 0.055   -125313    0 
503200:    1.00    8.394    0.119 0.001 0.152    0.053 0.112 0.051   -125314    0 
503300:    1.00    8.260    0.185 0.001 0.118    0.071 0.140 0.049   -125287    0 
503400:    1.00    8.143    0.177 0.001 0.128    0.066 0.116 0.044   -125323    0 
503500:    1.00    8.010    0.199 0.001 0.125    0.066 0.128 0.050   -125290    0 
503600:    1.00    7.748    0.155 0.001 0.130    0.070 0.119 0.045   -125257    0 
503700:    1.00    7.724    0.158 0.001 0.184    0.064 0.129 0.058   -125265    0 
503800:    1.00    7.758    0.147 0.001 0.222    0.048 0.129 0.069   -125243    0 
503900:    1.00    7.440    0.133 0.001 0.149    0.044 0.134 0.059   -125219    0 

--------------------------------------------
Proportion of membership of each pre-defined
 population in each of the 3 clusters

Given    Inferred Clusters       Number of
 Pop       1      2      3      Individuals

  1:     0.340  0.328  0.332      358
  2:     0.333  0.331  0.336      1039
  3:     0.331  0.330  0.339      603
--------------------------------------------

  Rep#:   Lambda   Alpha      F1    F2    F3     D1,2  D1,3  D2,3    Ln Like  Est Ln P(D)
504000:    1.00    7.903    0.079 0.001 0.152    0.034 0.114 0.068   -125320    0 
504100:    1.00    7.904    0.095 0.001 0.173    0.037 0.116 0.063   -125301    0 
504200:    1.00    7.928    0.124 0.001 0.187    0.048 0.114 0.059   -125211    0 
504300:    1.00    7.695    0.111 0.001 0.146    0.050 0.105 0.053   -125265    0 
504400:    1.00    7.633    0.147 0.001 0.141    0.048 0.103 0.043   -125307    0 
504500:    1.00    7.873    0.102 0.001 0.122    0.043 0.096 0.046   -125326    0 
504600:    1.00    7.713    0.124 0.001 0.106    0.040 0.085 0.044   -125306    0 
504700:    1.00    7.807    0.123 0.001 0.112    0.051 0.091 0.038   -125329    0 
504800:    1.00    7.540    0.119 0.001 0.108    0.039 0.082 0.042   -125292    0 
504900:    1.00    7.590    0.104 0.001 0.111    0.034 0.074 0.040   -125408    0 

--------------------------------------------
Proportion of membership of each pre-defined
 population in each of the 3 clusters

Given    Inferred Clusters       Number of
 Pop       1      2      3      Individuals

  1:     0.338  0.328  0.333      358
  2:     0.337  0.326  0.337      1039
  3:     0.332  0.335  0.333      603
--------------------------------------------

  Rep#:   Lambda   Alpha      F1    F2    F3     D1,2  D1,3  D2,3    Ln Like  Est Ln P(D)
505000:    1.00    7.413    0.080 0.001 0.069    0.031 0.067 0.036   -125372    0 
505100:    1.00    7.340    0.094 0.001 0.090    0.030 0.066 0.031   -125405    0 
505200:    1.00    7.423    0.086 0.001 0.102    0.029 0.068 0.036   -125374    0 
505300:    1.00    7.256    0.098 0.001 0.090    0.030 0.088 0.044   -125364    0 
505400:    1.00    7.550    0.099 0.001 0.115    0.032 0.077 0.038   -125352    0 
505500:    1.00    7.667    0.124 0.001 0.077    0.038 0.076 0.033   -125360    0 
505600:    1.00    7.459    0.102 0.001 0.091    0.034 0.067 0.033   -125397    0 
505700:    1.00    7.414    0.107 0.001 0.097    0.038 0.074 0.038   -125364    0 
505800:    1.00    7.201    0.091 0.001 0.086    0.037 0.070 0.037   -125383    0 
505900:    1.00    7.220    0.093 0.001 0.089    0.045 0.084 0.029   -125356    0 

--------------------------------------------
Proportion of membership of each pre-defined
 population in each of the 3 clusters

Given    Inferred Clusters       Number of
 Pop       1      2      3      Individuals

  1:     0.338  0.335  0.327      358
  2:     0.332  0.329  0.339      1039
  3:     0.329  0.328  0.342      603
--------------------------------------------

  Rep#:   Lambda   Alpha      F1    F2    F3     D1,2  D1,3  D2,3    Ln Like  Est Ln P(D)
506000:    1.00    7.250    0.096 0.001 0.127    0.038 0.097 0.047   -125288    0 
506100:    1.00    6.871    0.108 0.001 0.118    0.034 0.085 0.039   -125338    0 
506200:    1.00    6.770    0.113 0.001 0.128    0.051 0.095 0.039   -125249    0 
506300:    1.00    6.879    0.137 0.001 0.106    0.052 0.098 0.041   -125211    0 
506400:    1.00    7.178    0.157 0.001 0.099    0.055 0.103 0.036   -125267    0 
506500:    1.00    7.103    0.166 0.001 0.119    0.060 0.113 0.045   -125252    0 
506600:    1.00    7.319    0.203 0.001 0.132    0.058 0.119 0.049   -125237    0 
506700:    1.00    7.249    0.185 0.001 0.090    0.065 0.117 0.036   -125215    0 
506800:    1.00    7.182    0.150 0.001 0.118    0.069 0.126 0.037   -125245    0 
506900:    1.00    7.075    0.126 0.001 0.105    0.058 0.102 0.035   -125214    0 

--------------------------------------------
Proportion of membership of each pre-defined
 population in each of the 3 clusters

Given    Inferred Clusters       Number of
 Pop       1      2      3      Individuals

  1:     0.337  0.330  0.333      358
  2:     0.330  0.333  0.337      1039
  3:     0.334  0.328  0.338      603
--------------------------------------------

  Rep#:   Lambda   Alpha      F1    F2    F3     D1,2  D1,3  D2,3    Ln Like  Est Ln P(D)
507000:    1.00    7.391    0.139 0.001 0.123    0.055 0.095 0.036   -125301    0 
507100:    1.00    7.387    0.125 0.001 0.099    0.065 0.102 0.029   -125326    0 
507200:    1.00    7.427    0.123 0.001 0.117    0.058 0.084 0.031   -125251    0 
507300:    1.00    7.433    0.088 0.001 0.082    0.044 0.067 0.033   -125362    0 
507400:    1.00    7.521    0.108 0.001 0.093    0.053 0.090 0.033   -125372    0 
507500:    1.00    7.555    0.162 0.001 0.116    0.069 0.106 0.041   -125236    0 
507600:    1.00    7.316    0.164 0.001 0.112    0.060 0.095 0.045   -125287    0 
507700:    1.00    7.137    0.136 0.001 0.081    0.047 0.085 0.037   -125272    0 
507800:    1.00    7.230    0.121 0.000 0.109    0.051 0.103 0.037   -125332    0 
507900:    1.00    7.509    0.135 0.000 0.116    0.048 0.105 0.038   -125227    0 

--------------------------------------------
Proportion of membership of each pre-defined
 population in each of the 3 clusters

Given    Inferred Clusters       Number of
 Pop       1      2      3      Individuals

  1:     0.343  0.329  0.328      358
  2:     0.334  0.333  0.333      1039
  3:     0.333  0.342  0.325      603
--------------------------------------------

  Rep#:   Lambda   Alpha      F1    F2    F3     D1,2  D1,3  D2,3    Ln Like  Est Ln P(D)
508000:    1.00    7.330    0.115 0.000 0.141    0.035 0.082 0.045   -125339    0 
508100:    1.00    7.302    0.123 0.000 0.126    0.039 0.091 0.052   -125313    0 
508200:    1.00    7.282    0.118 0.000 0.105    0.043 0.075 0.044   -125325    0 
508300:    1.00    7.132    0.107 0.000 0.128    0.039 0.086 0.044   -125343    0 
508400:    1.00    7.343    0.111 0.000 0.116    0.037 0.088 0.042   -125291    0 
508500:    1.00    7.170    0.087 0.000 0.110    0.027 0.084 0.044   -125334    0 
508600:    1.00    7.296    0.082 0.000 0.085    0.031 0.073 0.043   -125421    0 
508700:    1.00    7.117    0.098 0.000 0.101    0.032 0.065 0.033   -125398    0 
508800:    1.00    7.044    0.071 0.000 0.075    0.026 0.060 0.034   -125357    0 
508900:    1.00    6.703    0.093 0.000 0.097    0.035 0.079 0.040   -125314    0 

--------------------------------------------
Proportion of membership of each pre-defined
 population in each of the 3 clusters

Given    Inferred Clusters       Number of
 Pop       1      2      3      Individuals

  1:     0.331  0.342  0.327      358
  2:     0.329  0.334  0.337      1039
  3:     0.334  0.331  0.334      603
--------------------------------------------

  Rep#:   Lambda   Alpha      F1    F2    F3     D1,2  D1,3  D2,3    Ln Like  Est Ln P(D)
509000:    1.00    6.629    0.081 0.000 0.116    0.044 0.088 0.044   -125329    0 
509100:    1.00    6.678    0.080 0.000 0.115    0.039 0.088 0.050   -125251    0 
509200:    1.00    6.446    0.115 0.000 0.143    0.042 0.096 0.050   -125258    0 
509300:    1.00    6.711    0.099 0.000 0.133    0.044 0.091 0.051   -125213    0 
509400:    1.00    6.579    0.077 0.000 0.166    0.032 0.105 0.051   -125227    0 
509500:    1.00    6.615    0.109 0.000 0.123    0.038 0.099 0.043   -125283    0 
509600:    1.00    6.450    0.095 0.000 0.148    0.033 0.088 0.049   -125233    0 
509700:    1.00    6.457    0.067 0.000 0.111    0.044 0.088 0.046   -125225    0 
509800:    1.00    6.644    0.089 0.000 0.106    0.031 0.090 0.051   -125253    0 
509900:    1.00    6.523    0.080 0.000 0.112    0.027 0.071 0.040   -125347    0 

--------------------------------------------
Proportion of membership of each pre-defined
 population in each of the 3 clusters

Given    Inferred Clusters       Number of
 Pop       1      2      3      Individuals

  1:     0.344  0.330  0.326      358
  2:     0.330  0.334  0.336      1039
  3:     0.337  0.329  0.333      603
--------------------------------------------

  Rep#:   Lambda   Alpha      F1    F2    F3     D1,2  D1,3  D2,3    Ln Like  Est Ln P(D)
510000:    1.00    6.550    0.074 0.000 0.114    0.034 0.080 0.043   -125278    0 
510100:    1.00    6.520    0.073 0.000 0.149    0.034 0.077 0.043   -125347    0 
510200:    1.00    6.100    0.086 0.000 0.136    0.032 0.081 0.046   -125262    0 
510300:    1.00    6.146    0.118 0.000 0.142    0.035 0.081 0.043   -125199    0 
510400:    1.00    5.771    0.077 0.000 0.150    0.034 0.072 0.038   -125260    0 
510500:    1.00    5.658    0.071 0.000 0.112    0.022 0.072 0.042   -125335    0 
510600:    1.00    5.973    0.075 0.000 0.096    0.027 0.071 0.041   -125254    0 
510700:    1.00    6.237    0.072 0.000 0.135    0.030 0.082 0.048   -125316    0 
510800:    1.00    6.730    0.066 0.000 0.127    0.023 0.086 0.061   -125320    0 
510900:    1.00    6.681    0.087 0.000 0.132    0.036 0.094 0.066   -125226    0 

--------------------------------------------
Proportion of membership of each pre-defined
 population in each of the 3 clusters

Given    Inferred Clusters       Number of
 Pop       1      2      3      Individuals

  1:     0.328  0.334  0.338      358
  2:     0.334  0.335  0.332      1039
  3:     0.337  0.333  0.330      603
--------------------------------------------

  Rep#:   Lambda   Alpha      F1    F2    F3     D1,2  D1,3  D2,3    Ln Like  Est Ln P(D)
511000:    1.00    6.778    0.063 0.000 0.097    0.027 0.081 0.052   -125287    0 
511100:    1.00    6.477    0.085 0.000 0.105    0.027 0.088 0.053   -125307    0 
511200:    1.00    6.494    0.065 0.000 0.115    0.027 0.072 0.046   -125326    0 
511300:    1.00    6.480    0.068 0.000 0.109    0.026 0.071 0.043   -125322    0 
511400:    1.00    6.657    0.073 0.000 0.094    0.021 0.074 0.045   -125302    0 
511500:    1.00    7.015    0.061 0.000 0.127    0.020 0.067 0.047   -125401    0 
511600:    1.00    7.297    0.067 0.000 0.120    0.031 0.081 0.045   -125355    0 
511700:    1.00    7.249    0.063 0.000 0.136    0.030 0.097 0.060   -125291    0 
511800:    1.00    6.851    0.114 0.000 0.155    0.036 0.100 0.056   -125249    0 
511900:    1.00    7.072    0.070 0.000 0.130    0.029 0.086 0.056   -125253    0 

--------------------------------------------
Proportion of membership of each pre-defined
 population in each of the 3 clusters

Given    Inferred Clusters       Number of
 Pop       1      2      3      Individuals

  1:     0.344  0.328  0.328      358
  2:     0.333  0.336  0.331      1039
  3:     0.336  0.329  0.336      603
--------------------------------------------

  Rep#:   Lambda   Alpha      F1    F2    F3     D1,2  D1,3  D2,3    Ln Like  Est Ln P(D)
512000:    1.00    6.655    0.069 0.000 0.141    0.029 0.090 0.057   -125280    0 
512100:    1.00    6.419    0.075 0.000 0.134    0.028 0.085 0.049   -125272    0 
512200:    1.00    6.645    0.079 0.000 0.109    0.030 0.078 0.042   -125365    0 
512300:    1.00    6.245    0.075 0.000 0.111    0.028 0.077 0.041   -125303    0 
512400:    1.00    6.075    0.081 0.000 0.121    0.028 0.067 0.034   -125299    0 
512500:    1.00    6.006    0.091 0.000 0.105    0.028 0.078 0.043   -125293    0 
512600:    1.00    5.928    0.074 0.000 0.107    0.032 0.089 0.045   -125269    0 
512700:    1.00    6.204    0.079 0.000 0.116    0.032 0.089 0.043   -125277    0 
512800:    1.00    5.718    0.111 0.000 0.092    0.043 0.095 0.037   -125227    0 
512900:    1.00    5.774    0.111 0.000 0.113    0.047 0.101 0.045   -125166    0 

--------------------------------------------
Proportion of membership of each pre-defined
 population in each of the 3 clusters

Given    Inferred Clusters       Number of
 Pop       1      2      3      Individuals

  1:     0.336  0.337  0.327      358
  2:     0.335  0.332  0.333      1039
  3:     0.333  0.331  0.336      603
--------------------------------------------

  Rep#:   Lambda   Alpha      F1    F2    F3     D1,2  D1,3  D2,3    Ln Like  Est Ln P(D)
513000:    1.00    5.591    0.098 0.000 0.077    0.037 0.093 0.050   -125196    0 
513100:    1.00    5.627    0.158 0.000 0.112    0.043 0.103 0.047   -125180    0 
513200:    1.00    5.308    0.091 0.000 0.113    0.036 0.076 0.036   -125203    0 
513300:    1.00    5.303    0.096 0.000 0.111    0.040 0.091 0.038   -125183    0 
513400:    1.00    5.226    0.112 0.000 0.109    0.047 0.081 0.036   -125198    0 
513500:    1.00    5.238    0.094 0.000 0.086    0.037 0.091 0.039   -125201    0 
513600:    1.00    5.370    0.081 0.000 0.104    0.024 0.068 0.034   -125275    0 
513700:    1.00    5.676    0.088 0.000 0.105    0.035 0.091 0.044   -125236    0 
513800:    1.00    5.869    0.074 0.000 0.099    0.041 0.085 0.041   -125317    0 
513900:    1.00    5.821    0.083 0.000 0.091    0.029 0.070 0.041   -125291    0 

--------------------------------------------
Proportion of membership of each pre-defined
 population in each of the 3 clusters

Given    Inferred Clusters       Number of
 Pop       1      2      3      Individuals

  1:     0.333  0.333  0.334      358
  2:     0.334  0.328  0.337      1039
  3:     0.337  0.331  0.332      603
--------------------------------------------

  Rep#:   Lambda   Alpha      F1    F2    F3     D1,2  D1,3  D2,3    Ln Like  Est Ln P(D)
514000:    1.00    5.832    0.080 0.000 0.093    0.034 0.070 0.038   -125286    0 
514100:    1.00    5.393    0.086 0.000 0.102    0.035 0.076 0.035   -125199    0 
514200:    1.00    5.227    0.060 0.000 0.110    0.027 0.069 0.040   -125235    0 
514300:    1.00    5.503    0.063 0.000 0.110    0.027 0.062 0.030   -125301    0 
514400:    1.00    5.160    0.068 0.000 0.113    0.031 0.083 0.036   -125250    0 
514500:    1.00    5.535    0.079 0.000 0.133    0.023 0.082 0.040   -125275    0 
514600:    1.00    5.657    0.076 0.000 0.085    0.023 0.059 0.035   -125286    0 
514700:    1.00    5.807    0.080 0.000 0.120    0.027 0.076 0.044   -125329    0 
514800:    1.00    5.700    0.053 0.000 0.101    0.023 0.076 0.047   -125344    0 
514900:    1.00    5.693    0.073 0.000 0.086    0.029 0.065 0.033   -125270    0 

--------------------------------------------
Proportion of membership of each pre-defined
 population in each of the 3 clusters

Given    Inferred Clusters       Number of
 Pop       1      2      3      Individuals

  1:     0.334  0.334  0.332      358
  2:     0.335  0.330  0.335      1039
  3:     0.332  0.336  0.332      603
--------------------------------------------

  Rep#:   Lambda   Alpha      F1    F2    F3     D1,2  D1,3  D2,3    Ln Like  Est Ln P(D)
515000:    1.00    5.593    0.081 0.000 0.071    0.039 0.066 0.034   -125295    0 
515100:    1.00    5.664    0.103 0.000 0.106    0.046 0.080 0.033   -125196    0 
515200:    1.00    5.657    0.091 0.000 0.098    0.055 0.083 0.032   -125179    0 
515300:    1.00    5.683    0.072 0.000 0.083    0.037 0.070 0.028   -125241    0 
515400:    1.00    5.925    0.100 0.000 0.094    0.044 0.087 0.034   -125305    0 
515500:    1.00    5.781    0.106 0.000 0.101    0.039 0.073 0.032   -125261    0 
515600:    1.00    5.831    0.115 0.000 0.078    0.041 0.080 0.033   -125253    0 
515700:    1.00    5.588    0.133 0.000 0.086    0.038 0.083 0.031   -125279    0 
515800:    1.00    5.557    0.090 0.000 0.097    0.042 0.074 0.031   -125263    0 
515900:    1.00    5.477    0.106 0.000 0.080    0.041 0.092 0.036   -125188    0 

--------------------------------------------
Proportion of membership of each pre-defined
 population in each of the 3 clusters

Given    Inferred Clusters       Number of
 Pop       1      2      3      Individuals

  1:     0.338  0.337  0.325      358
  2:     0.335  0.333  0.331      1039
  3:     0.331  0.332  0.337      603
--------------------------------------------

  Rep#:   Lambda   Alpha      F1    F2    F3     D1,2  D1,3  D2,3    Ln Like  Est Ln P(D)
516000:    1.00    5.615    0.089 0.000 0.084    0.031 0.077 0.035   -125251    0 
516100:    1.00    5.630    0.075 0.000 0.072    0.038 0.072 0.029   -125318    0 
516200:    1.00    6.115    0.094 0.000 0.075    0.044 0.080 0.034   -125262    0 
516300:    1.00    5.977    0.123 0.000 0.074    0.043 0.075 0.025   -125302    0 
516400:    1.00    5.602    0.099 0.000 0.103    0.037 0.069 0.037   -125248    0 
516500:    1.00    5.609    0.101 0.000 0.098    0.044 0.066 0.038   -125288    0 
516600:    1.00    5.300    0.108 0.000 0.071    0.039 0.067 0.027   -125324    0 
516700:    1.00    5.644    0.111 0.000 0.089    0.042 0.076 0.028   -125259    0 
516800:    1.00    5.926    0.124 0.000 0.088    0.046 0.066 0.027   -125247    0 
516900:    1.00    6.003    0.099 0.000 0.085    0.038 0.070 0.032   -125308    0 

--------------------------------------------
Proportion of membership of each pre-defined
 population in each of the 3 clusters

Given    Inferred Clusters       Number of
 Pop       1      2      3      Individuals

  1:     0.340  0.328  0.332      358
  2:     0.338  0.334  0.329      1039
  3:     0.331  0.327  0.341      603
--------------------------------------------

  Rep#:   Lambda   Alpha      F1    F2    F3     D1,2  D1,3  D2,3    Ln Like  Est Ln P(D)
517000:    1.00    5.828    0.105 0.000 0.067    0.037 0.065 0.020   -125371    0 
517100:    1.00    5.706    0.114 0.000 0.079    0.035 0.078 0.032   -125316    0 
517200:    1.00    5.819    0.118 0.000 0.075    0.034 0.074 0.032   -125319    0 
517300:    1.00    5.906    0.091 0.000 0.040    0.028 0.057 0.018   -125398    0 
517400:    1.00    6.368    0.083 0.000 0.051    0.041 0.066 0.019   -125455    0 
517500:    1.00    6.049    0.126 0.000 0.057    0.037 0.053 0.022   -125383    0 
517600:    1.00    6.362    0.155 0.000 0.053    0.037 0.055 0.022   -125435    0 
517700:    1.00    6.316    0.150 0.000 0.047    0.043 0.060 0.021   -125405    0 
517800:    1.00    6.039    0.092 0.000 0.078    0.034 0.066 0.028   -125337    0 
517900:    1.00    5.690    0.089 0.000 0.067    0.038 0.067 0.028   -125336    0 

--------------------------------------------
Proportion of membership of each pre-defined
 population in each of the 3 clusters

Given    Inferred Clusters       Number of
 Pop       1      2      3      Individuals

  1:     0.333  0.329  0.338      358
  2:     0.330  0.334  0.336      1039
  3:     0.329  0.336  0.334      603
--------------------------------------------

  Rep#:   Lambda   Alpha      F1    F2    F3     D1,2  D1,3  D2,3    Ln Like  Est Ln P(D)
518000:    1.00    5.516    0.063 0.000 0.090    0.026 0.054 0.032   -125393    0 
518100:    1.00    5.493    0.064 0.000 0.075    0.027 0.058 0.027   -125347    0 
518200:    1.00    5.439    0.068 0.000 0.090    0.032 0.059 0.028   -125353    0 
518300:    1.00    5.008    0.078 0.000 0.096    0.031 0.056 0.022   -125291    0 
518400:    1.00    5.412    0.086 0.000 0.051    0.041 0.063 0.016   -125308    0 
518500:    1.00    5.436    0.093 0.000 0.066    0.037 0.064 0.020   -125353    0 
518600:    1.00    5.577    0.093 0.000 0.055    0.038 0.068 0.025   -125360    0 
518700:    1.00    5.376    0.071 0.000 0.065    0.032 0.073 0.027   -125326    0 
518800:    1.00    5.652    0.080 0.000 0.112    0.029 0.075 0.037   -125269    0 
518900:    1.00    5.927    0.050 0.000 0.114    0.021 0.057 0.030   -125408    0 

--------------------------------------------
Proportion of membership of each pre-defined
 population in each of the 3 clusters

Given    Inferred Clusters       Number of
 Pop       1      2      3      Individuals

  1:     0.332  0.333  0.334      358
  2:     0.330  0.335  0.335      1039
  3:     0.338  0.327  0.335      603
--------------------------------------------

  Rep#:   Lambda   Alpha      F1    F2    F3     D1,2  D1,3  D2,3    Ln Like  Est Ln P(D)
519000:    1.00    5.839    0.079 0.000 0.088    0.027 0.075 0.034   -125339    0 
519100:    1.00    6.266    0.070 0.000 0.102    0.027 0.077 0.034   -125339    0 
519200:    1.00    6.265    0.087 0.000 0.106    0.028 0.064 0.033   -125279    0 
519300:    1.00    6.006    0.064 0.000 0.091    0.027 0.068 0.040   -125287    0 
519400:    1.00    6.267    0.074 0.000 0.109    0.032 0.081 0.038   -125305    0 
519500:    1.00    6.191    0.066 0.000 0.110    0.039 0.087 0.034   -125336    0 
519600:    1.00    6.198    0.078 0.000 0.080    0.039 0.094 0.038   -125275    0 
519700:    1.00    6.365    0.066 0.000 0.076    0.026 0.064 0.035   -125341    0 
519800:    1.00    6.243    0.063 0.000 0.106    0.028 0.082 0.037   -125372    0 
519900:    1.00    5.953    0.080 0.000 0.099    0.037 0.085 0.034   -125266    0 

--------------------------------------------
Proportion of membership of each pre-defined
 population in each of the 3 clusters

Given    Inferred Clusters       Number of
 Pop       1      2      3      Individuals

  1:     0.337  0.332  0.331      358
  2:     0.330  0.331  0.338      1039
  3:     0.326  0.341  0.333      603
--------------------------------------------

  Rep#:   Lambda   Alpha      F1    F2    F3     D1,2  D1,3  D2,3    Ln Like  Est Ln P(D)
520000:    1.00    6.227    0.097 0.000 0.090    0.056 0.086 0.030   -125314    0 
520100:    1.00    6.243    0.110 0.000 0.105    0.038 0.092 0.042   -125239    0 
520200:    1.00    6.419    0.119 0.000 0.085    0.043 0.080 0.029   -125301    0 
520300:    1.00    6.151    0.098 0.000 0.081    0.039 0.073 0.025   -125332    0 
520400:    1.00    6.372    0.086 0.000 0.078    0.037 0.065 0.028   -125382    0 
520500:    1.00    6.415    0.108 0.000 0.109    0.033 0.073 0.035   -125352    0 
520600:    1.00    6.634    0.074 0.000 0.111    0.031 0.085 0.045   -125308    0 
520700:    1.00    6.512    0.072 0.000 0.088    0.030 0.076 0.034   -125329    0 
520800:    1.00    6.514    0.076 0.000 0.078    0.030 0.072 0.029   -125318    0 
520900:    1.00    6.483    0.091 0.000 0.109    0.031 0.078 0.033   -125272    0 

--------------------------------------------
Proportion of membership of each pre-defined
 population in each of the 3 clusters

Given    Inferred Clusters       Number of
 Pop       1      2      3      Individuals

  1:     0.331  0.339  0.330      358
  2:     0.330  0.336  0.335      1039
  3:     0.337  0.331  0.332      603
--------------------------------------------

  Rep#:   Lambda   Alpha      F1    F2    F3     D1,2  D1,3  D2,3    Ln Like  Est Ln P(D)
521000:    1.00    6.208    0.084 0.000 0.129    0.028 0.081 0.040   -125249    0 
521100:    1.00    6.146    0.128 0.000 0.097    0.035 0.077 0.028   -125330    0 
521200:    1.00    6.350    0.094 0.000 0.076    0.037 0.068 0.032   -125314    0 
521300:    1.00    6.082    0.085 0.000 0.082    0.035 0.067 0.027   -125347    0 
521400:    1.00    6.080    0.075 0.000 0.093    0.036 0.066 0.029   -125334    0 
521500:    1.00    6.314    0.068 0.000 0.081    0.043 0.078 0.039   -125289    0 
521600:    1.00    6.563    0.119 0.000 0.072    0.044 0.062 0.022   -125321    0 
521700:    1.00    6.549    0.120 0.000 0.085    0.044 0.077 0.026   -125261    0 
521800:    1.00    7.094    0.146 0.000 0.084    0.050 0.099 0.034   -125305    0 
521900:    1.00    6.832    0.139 0.000 0.107    0.045 0.095 0.037   -125263    0 

--------------------------------------------
Proportion of membership of each pre-defined
 population in each of the 3 clusters

Given    Inferred Clusters       Number of
 Pop       1      2      3      Individuals

  1:     0.333  0.337  0.329      358
  2:     0.335  0.333  0.332      1039
  3:     0.334  0.325  0.341      603
--------------------------------------------

  Rep#:   Lambda   Alpha      F1    F2    F3     D1,2  D1,3  D2,3    Ln Like  Est Ln P(D)
522000:    1.00    6.402    0.092 0.000 0.159    0.044 0.094 0.045   -125239    0 
522100:    1.00    6.862    0.104 0.000 0.158    0.059 0.086 0.043   -125233    0 
522200:    1.00    6.936    0.140 0.000 0.146    0.052 0.112 0.051   -125204    0 
522300:    1.00    7.048    0.135 0.000 0.136    0.055 0.110 0.040   -125223    0 
522400:    1.00    6.730    0.110 0.000 0.122    0.057 0.113 0.041   -125211    0 
522500:    1.00    6.863    0.176 0.000 0.104    0.054 0.098 0.034   -125272    0 
522600:    1.00    6.814    0.116 0.000 0.099    0.057 0.105 0.047   -125212    0 
522700:    1.00    6.851    0.134 0.000 0.099    0.048 0.087 0.044   -125251    0 
522800:    1.00    6.762    0.137 0.000 0.141    0.057 0.111 0.045   -125225    0 
522900:    1.00    6.528    0.184 0.000 0.119    0.064 0.127 0.046   -125219    0 

--------------------------------------------
Proportion of membership of each pre-defined
 population in each of the 3 clusters

Given    Inferred Clusters       Number of
 Pop       1      2      3      Individuals

  1:     0.342  0.322  0.336      358
  2:     0.336  0.330  0.335      1039
  3:     0.329  0.337  0.334      603
--------------------------------------------

  Rep#:   Lambda   Alpha      F1    F2    F3     D1,2  D1,3  D2,3    Ln Like  Est Ln P(D)
523000:    1.00    6.702    0.125 0.000 0.113    0.053 0.095 0.034   -125261    0 
523100:    1.00    6.705    0.160 0.000 0.094    0.054 0.100 0.036   -125277    0 
523200:    1.00    6.662    0.128 0.000 0.127    0.049 0.110 0.049   -125260    0 
523300:    1.00    6.419    0.140 0.000 0.117    0.061 0.098 0.042   -125274    0 
523400:    1.00    6.546    0.141 0.000 0.105    0.065 0.109 0.042   -125221    0 
523500:    1.00    6.808    0.140 0.000 0.130    0.061 0.098 0.039   -125222    0 
523600:    1.00    6.729    0.134 0.000 0.114    0.068 0.111 0.034   -125224    0 
523700:    1.00    7.127    0.152 0.000 0.082    0.075 0.121 0.036   -125281    0 
523800:    1.00    7.139    0.142 0.000 0.075    0.057 0.083 0.032   -125289    0 
523900:    1.00    6.849    0.120 0.000 0.079    0.055 0.094 0.039   -125300    0 

--------------------------------------------
Proportion of membership of each pre-defined
 population in each of the 3 clusters

Given    Inferred Clusters       Number of
 Pop       1      2      3      Individuals

  1:     0.337  0.336  0.328      358
  2:     0.333  0.334  0.334      1039
  3:     0.331  0.325  0.344      603
--------------------------------------------

  Rep#:   Lambda   Alpha      F1    F2    F3     D1,2  D1,3  D2,3    Ln Like  Est Ln P(D)
524000:    1.00    6.850    0.128 0.000 0.076    0.055 0.085 0.034   -125294    0 
524100:    1.00    6.605    0.108 0.000 0.075    0.047 0.089 0.031   -125294    0 
524200:    1.00    6.926    0.108 0.000 0.087    0.046 0.090 0.040   -125284    0 
524300:    1.00    6.503    0.098 0.000 0.104    0.039 0.095 0.048   -125289    0 
524400:    1.00    6.678    0.086 0.000 0.106    0.037 0.075 0.048   -125356    0 
524500:    1.00    6.373    0.096 0.000 0.128    0.035 0.087 0.057   -125285    0 
524600:    1.00    6.706    0.084 0.000 0.115    0.034 0.092 0.045   -125240    0 
524700:    1.00    6.956    0.099 0.000 0.130    0.035 0.087 0.049   -125350    0 
524800:    1.00    6.804    0.078 0.000 0.148    0.045 0.118 0.056   -125255    0 
524900:    1.00    7.073    0.098 0.000 0.131    0.042 0.119 0.049   -125181    0 

--------------------------------------------
Proportion of membership of each pre-defined
 population in each of the 3 clusters

Given    Inferred Clusters       Number of
 Pop       1      2      3      Individuals

  1:     0.339  0.334  0.327      358
  2:     0.335  0.331  0.334      1039
  3:     0.329  0.330  0.341      603
--------------------------------------------

  Rep#:   Lambda   Alpha      F1    F2    F3     D1,2  D1,3  D2,3    Ln Like  Est Ln P(D)
525000:    1.00    6.998    0.109 0.000 0.126    0.037 0.104 0.051   -125318    0 
525100:    1.00    7.304    0.154 0.000 0.133    0.045 0.109 0.050   -125249    0 
525200:    1.00    7.053    0.132 0.000 0.139    0.053 0.123 0.059   -125199    0 
525300:    1.00    6.928    0.123 0.000 0.149    0.053 0.126 0.062   -125164    0 
525400:    1.00    6.798    0.120 0.000 0.144    0.051 0.120 0.058   -125260    0 
525500:    1.00    6.754    0.093 0.000 0.137    0.041 0.105 0.052   -125274    0 
525600:    1.00    7.277    0.144 0.000 0.138    0.052 0.106 0.040   -125305    0 
525700:    1.00    7.185    0.107 0.000 0.121    0.039 0.109 0.051   -125253    0 
525800:    1.00    7.308    0.079 0.000 0.153    0.032 0.100 0.056   -125313    0 
525900:    1.00    7.692    0.074 0.000 0.112    0.025 0.075 0.051   -125404    0 

--------------------------------------------
Proportion of membership of each pre-defined
 population in each of the 3 clusters

Given    Inferred Clusters       Number of
 Pop       1      2      3      Individuals

  1:     0.339  0.330  0.331      358
  2:     0.336  0.334  0.330      1039
  3:     0.334  0.339  0.328      603
--------------------------------------------

  Rep#:   Lambda   Alpha      F1    F2    F3     D1,2  D1,3  D2,3    Ln Like  Est Ln P(D)
526000:    1.00    7.659    0.106 0.000 0.103    0.036 0.097 0.047   -125335    0 
526100:    1.00    7.891    0.149 0.000 0.174    0.052 0.117 0.046   -125316    0 
526200:    1.00    8.147    0.116 0.000 0.141    0.057 0.117 0.062   -125253    0 
526300:    1.00    8.255    0.154 0.000 0.139    0.052 0.110 0.056   -125242    0 
526400:    1.00    8.772    0.130 0.000 0.137    0.052 0.105 0.051   -125331    0 
526500:    1.00    9.222    0.115 0.000 0.102    0.049 0.106 0.048   -125342    0 
526600:    1.00    9.123    0.151 0.000 0.102    0.050 0.116 0.050   -125275    0 
526700:    1.00    9.115    0.110 0.000 0.112    0.042 0.103 0.045   -125346    0 
526800:    1.00    9.093    0.121 0.000 0.145    0.041 0.115 0.049   -125304    0 
526900:    1.00    9.018    0.091 0.000 0.096    0.046 0.101 0.045   -125402    0 

--------------------------------------------
Proportion of membership of each pre-defined
 population in each of the 3 clusters

Given    Inferred Clusters       Number of
 Pop       1      2      3      Individuals

  1:     0.335  0.333  0.332      358
  2:     0.335  0.333  0.331      1039
  3:     0.334  0.330  0.335      603
--------------------------------------------

  Rep#:   Lambda   Alpha      F1    F2    F3     D1,2  D1,3  D2,3    Ln Like  Est Ln P(D)
527000:    1.00    9.354    0.085 0.000 0.129    0.035 0.098 0.062   -125389    0 
527100:    1.00    9.392    0.125 0.000 0.164    0.048 0.109 0.047   -125308    0 
527200:    1.00    9.171    0.116 0.000 0.151    0.046 0.110 0.054   -125323    0 
527300:    1.00    9.480    0.131 0.000 0.140    0.046 0.124 0.061   -125355    0 
527400:    1.00    9.684    0.125 0.000 0.140    0.061 0.127 0.055   -125319    0 
527500:    1.00    9.728    0.100 0.000 0.125    0.054 0.118 0.054   -125322    0 
527600:    1.00    9.731    0.118 0.000 0.110    0.057 0.139 0.058   -125351    0 
527700:    1.00    9.763    0.134 0.000 0.123    0.058 0.131 0.052   -125341    0 
527800:    1.00    9.932    0.073 0.000 0.098    0.047 0.100 0.038   -125394    0 
527900:    1.00    9.863    0.126 0.000 0.087    0.048 0.106 0.041   -125420    0 

--------------------------------------------
Proportion of membership of each pre-defined
 population in each of the 3 clusters

Given    Inferred Clusters       Number of
 Pop       1      2      3      Individuals

  1:     0.334  0.328  0.338      358
  2:     0.328  0.332  0.339      1039
  3:     0.335  0.333  0.332      603
--------------------------------------------

  Rep#:   Lambda   Alpha      F1    F2    F3     D1,2  D1,3  D2,3    Ln Like  Est Ln P(D)
528000:    1.00    9.738    0.108 0.000 0.099    0.039 0.103 0.049   -125387    0 
528100:    1.00    9.502    0.120 0.000 0.107    0.040 0.100 0.051   -125416    0 
528200:    1.00    9.241    0.110 0.000 0.118    0.034 0.084 0.044   -125473    0 
528300:    1.00    9.527    0.098 0.000 0.116    0.040 0.088 0.043   -125394    0 
528400:    1.00    9.762    0.124 0.000 0.155    0.051 0.131 0.057   -125299    0 
528500:    1.00    9.862    0.105 0.000 0.114    0.039 0.109 0.053   -125397    0 
528600:    1.00    9.765    0.128 0.000 0.131    0.048 0.103 0.050   -125374    0 
528700:    1.00    9.964    0.152 0.000 0.152    0.056 0.120 0.047   -125384    0 
528800:    1.00    9.845    0.175 0.000 0.145    0.053 0.110 0.054   -125364    0 
528900:    1.00    9.749    0.174 0.000 0.171    0.044 0.131 0.066   -125364    0 

--------------------------------------------
Proportion of membership of each pre-defined
 population in each of the 3 clusters

Given    Inferred Clusters       Number of
 Pop       1      2      3      Individuals

  1:     0.332  0.333  0.335      358
  2:     0.337  0.328  0.335      1039
  3:     0.330  0.336  0.335      603
--------------------------------------------

  Rep#:   Lambda   Alpha      F1    F2    F3     D1,2  D1,3  D2,3    Ln Like  Est Ln P(D)
529000:    1.00    9.963    0.137 0.000 0.153    0.037 0.113 0.063   -125403    0 
529100:    1.00    9.759    0.104 0.000 0.168    0.038 0.121 0.064   -125354    0 
529200:    1.00    9.952    0.132 0.000 0.125    0.042 0.137 0.070   -125397    0 
529300:    1.00    9.941    0.144 0.000 0.164    0.052 0.151 0.071   -125255    0 
529400:    1.00    9.885    0.155 0.000 0.151    0.052 0.141 0.068   -125290    0 
529500:    1.00    9.947    0.153 0.000 0.170    0.063 0.158 0.073   -125281    0 
529600:    1.00    9.938    0.130 0.000 0.203    0.053 0.133 0.067   -125288    0 
529700:    1.00    9.943    0.140 0.000 0.231    0.048 0.143 0.084   -125322    0 
529800:    1.00    9.385    0.131 0.000 0.189    0.051 0.134 0.069   -125302    0 
529900:    1.00    9.299    0.191 0.000 0.173    0.061 0.157 0.071   -125229    0 

--------------------------------------------
Proportion of membership of each pre-defined
 population in each of the 3 clusters

Given    Inferred Clusters       Number of
 Pop       1      2      3      Individuals

  1:     0.343  0.326  0.332      358
  2:     0.336  0.331  0.332      1039
  3:     0.331  0.330  0.338      603
--------------------------------------------

  Rep#:   Lambda   Alpha      F1    F2    F3     D1,2  D1,3  D2,3    Ln Like  Est Ln P(D)
530000:    1.00    9.540    0.210 0.000 0.189    0.052 0.166 0.082   -125261    0 
530100:    1.00    9.455    0.185 0.000 0.154    0.059 0.142 0.063   -125234    0 
530200:    1.00    9.653    0.172 0.000 0.172    0.076 0.144 0.055   -125302    0 
530300:    1.00    9.558    0.167 0.000 0.172    0.084 0.152 0.054   -125255    0 
530400:    1.00    9.216    0.165 0.000 0.130    0.063 0.138 0.058   -125313    0 
530500:    1.00    9.877    0.147 0.000 0.139    0.071 0.163 0.067   -125258    0 
530600:    1.00    9.608    0.199 0.000 0.133    0.083 0.173 0.061   -125279    0 
530700:    1.00    9.887    0.137 0.000 0.129    0.072 0.141 0.051   -125362    0 
530800:    1.00    9.670    0.132 0.000 0.181    0.074 0.152 0.061   -125363    0 
530900:    1.00    9.633    0.162 0.000 0.125    0.075 0.145 0.053   -125275    0 

--------------------------------------------
Proportion of membership of each pre-defined
 population in each of the 3 clusters

Given    Inferred Clusters       Number of
 Pop       1      2      3      Individuals

  1:     0.329  0.336  0.335      358
  2:     0.335  0.333  0.333      1039
  3:     0.330  0.335  0.334      603
--------------------------------------------

  Rep#:   Lambda   Alpha      F1    F2    F3     D1,2  D1,3  D2,3    Ln Like  Est Ln P(D)
531000:    1.00    9.189    0.224 0.000 0.181    0.070 0.152 0.065   -125298    0 
531100:    1.00    9.298    0.206 0.000 0.128    0.077 0.158 0.052   -125295    0 
531200:    1.00    8.965    0.170 0.000 0.123    0.073 0.145 0.057   -125276    0 
531300:    1.00    8.752    0.163 0.000 0.166    0.078 0.148 0.049   -125228    0 
531400:    1.00    8.258    0.159 0.000 0.144    0.074 0.147 0.050   -125231    0 
531500:    1.00    8.388    0.164 0.000 0.156    0.080 0.154 0.054   -125250    0 
531600:    1.00    8.776    0.164 0.000 0.147    0.065 0.137 0.052   -125307    0 
531700:    1.00    9.031    0.164 0.000 0.164    0.058 0.121 0.049   -125331    0 
531800:    1.00    9.369    0.160 0.000 0.148    0.074 0.132 0.050   -125231    0 
531900:    1.00    9.199    0.179 0.000 0.129    0.068 0.124 0.053   -125260    0 

--------------------------------------------
Proportion of membership of each pre-defined
 population in each of the 3 clusters

Given    Inferred Clusters       Number of
 Pop       1      2      3      Individuals

  1:     0.334  0.339  0.327      358
  2:     0.332  0.335  0.334      1039
  3:     0.329  0.332  0.339      603
--------------------------------------------

  Rep#:   Lambda   Alpha      F1    F2    F3     D1,2  D1,3  D2,3    Ln Like  Est Ln P(D)
532000:    1.00    8.877    0.130 0.000 0.109    0.058 0.101 0.047   -125345    0 
532100:    1.00    8.972    0.140 0.000 0.108    0.054 0.107 0.050   -125377    0 
532200:    1.00    8.979    0.146 0.000 0.095    0.051 0.096 0.035   -125399    0 
532300:    1.00    9.345    0.214 0.000 0.087    0.059 0.100 0.028   -125382    0 
532400:    1.00    9.319    0.144 0.000 0.082    0.076 0.115 0.034   -125320    0 
532500:    1.00    9.033    0.172 0.000 0.092    0.071 0.116 0.034   -125299    0 
532600:    1.00    9.185    0.215 0.000 0.109    0.072 0.093 0.035   -125358    0 
532700:    1.00    9.451    0.200 0.000 0.111    0.069 0.115 0.037   -125379    0 
532800:    1.00    9.329    0.216 0.000 0.126    0.081 0.136 0.040   -125284    0 
532900:    1.00    8.909    0.190 0.000 0.122    0.080 0.128 0.039   -125315    0 

--------------------------------------------
Proportion of membership of each pre-defined
 population in each of the 3 clusters

Given    Inferred Clusters       Number of
 Pop       1      2      3      Individuals

  1:     0.342  0.319  0.339      358
  2:     0.336  0.333  0.331      1039
  3:     0.333  0.337  0.329      603
--------------------------------------------

  Rep#:   Lambda   Alpha      F1    F2    F3     D1,2  D1,3  D2,3    Ln Like  Est Ln P(D)
533000:    1.00    8.801    0.158 0.000 0.135    0.065 0.120 0.042   -125305    0 
533100:    1.00    8.735    0.126 0.000 0.090    0.062 0.104 0.037   -125348    0 
533200:    1.00    9.263    0.151 0.000 0.104    0.061 0.122 0.047   -125307    0 
533300:    1.00    9.365    0.165 0.000 0.125    0.067 0.132 0.049   -125297    0 
533400:    1.00    9.533    0.157 0.000 0.112    0.058 0.110 0.054   -125288    0 
533500:    1.00    9.796    0.146 0.000 0.102    0.058 0.111 0.049   -125333    0 
533600:    1.00    9.818    0.169 0.000 0.119    0.063 0.125 0.064   -125302    0 
533700:    1.00    9.869    0.146 0.000 0.109    0.055 0.114 0.054   -125355    0 
533800:    1.00    9.671    0.129 0.000 0.111    0.057 0.110 0.049   -125343    0 
533900:    1.00    9.809    0.152 0.000 0.123    0.050 0.107 0.048   -125383    0 

--------------------------------------------
Proportion of membership of each pre-defined
 population in each of the 3 clusters

Given    Inferred Clusters       Number of
 Pop       1      2      3      Individuals

  1:     0.325  0.335  0.340      358
  2:     0.332  0.333  0.335      1039
  3:     0.329  0.334  0.337      603
--------------------------------------------

  Rep#:   Lambda   Alpha      F1    F2    F3     D1,2  D1,3  D2,3    Ln Like  Est Ln P(D)
534000:    1.00    9.848    0.109 0.000 0.163    0.044 0.106 0.053   -125357    0 
534100:    1.00    9.336    0.115 0.000 0.176    0.050 0.118 0.053   -125282    0 
534200:    1.00    9.272    0.098 0.000 0.154    0.042 0.098 0.051   -125416    0 
534300:    1.00    9.089    0.096 0.000 0.134    0.040 0.099 0.049   -125371    0 
534400:    1.00    9.280    0.115 0.000 0.140    0.045 0.121 0.052   -125375    0 
534500:    1.00    9.426    0.126 0.000 0.127    0.048 0.101 0.041   -125385    0 
534600:    1.00    9.795    0.161 0.000 0.139    0.047 0.126 0.057   -125314    0 
534700:    1.00    9.284    0.160 0.000 0.157    0.048 0.127 0.053   -125375    0 
534800:    1.00    8.964    0.160 0.000 0.139    0.053 0.117 0.053   -125303    0 
534900:    1.00    8.748    0.129 0.000 0.138    0.066 0.115 0.050   -125304    0 

--------------------------------------------
Proportion of membership of each pre-defined
 population in each of the 3 clusters

Given    Inferred Clusters       Number of
 Pop       1      2      3      Individuals

  1:     0.337  0.328  0.335      358
  2:     0.335  0.330  0.335      1039
  3:     0.326  0.336  0.338      603
--------------------------------------------

  Rep#:   Lambda   Alpha      F1    F2    F3     D1,2  D1,3  D2,3    Ln Like  Est Ln P(D)
535000:    1.00    8.959    0.110 0.000 0.159    0.047 0.105 0.055   -125295    0 
535100:    1.00    9.188    0.135 0.000 0.144    0.053 0.109 0.061   -125305    0 
535200:    1.00    9.166    0.139 0.000 0.144    0.055 0.124 0.064   -125289    0 
535300:    1.00    8.584    0.111 0.000 0.164    0.053 0.133 0.061   -125278    0 
535400:    1.00    8.705    0.103 0.000 0.160    0.049 0.121 0.053   -125314    0 
535500:    1.00    8.754    0.127 0.000 0.192    0.052 0.119 0.054   -125266    0 
535600:    1.00    8.753    0.141 0.000 0.140    0.064 0.131 0.049   -125311    0 
535700:    1.00    8.817    0.142 0.000 0.163    0.067 0.134 0.054   -125342    0 
535800:    1.00    8.429    0.141 0.000 0.101    0.057 0.106 0.044   -125274    0 
535900:    1.00    8.608    0.125 0.000 0.105    0.053 0.114 0.050   -125321    0 

--------------------------------------------
Proportion of membership of each pre-defined
 population in each of the 3 clusters

Given    Inferred Clusters       Number of
 Pop       1      2      3      Individuals

  1:     0.333  0.333  0.334      358
  2:     0.332  0.335  0.333      1039
  3:     0.332  0.332  0.336      603
--------------------------------------------

  Rep#:   Lambda   Alpha      F1    F2    F3     D1,2  D1,3  D2,3    Ln Like  Est Ln P(D)
536000:    1.00    8.238    0.147 0.000 0.135    0.053 0.120 0.054   -125260    0 
536100:    1.00    8.165    0.113 0.000 0.192    0.042 0.107 0.056   -125282    0 
536200:    1.00    8.344    0.124 0.000 0.161    0.054 0.119 0.059   -125293    0 
536300:    1.00    8.470    0.138 0.000 0.138    0.062 0.122 0.060   -125231    0 
536400:    1.00    8.504    0.149 0.000 0.165    0.052 0.100 0.059   -125276    0 
536500:    1.00    8.600    0.128 0.000 0.135    0.045 0.106 0.056   -125290    0 
536600:    1.00    8.408    0.114 0.000 0.154    0.043 0.100 0.058   -125286    0 
536700:    1.00    8.649    0.097 0.000 0.164    0.036 0.101 0.055   -125306    0 
536800:    1.00    8.893    0.093 0.000 0.119    0.030 0.107 0.058   -125292    0 
536900:    1.00    8.702    0.101 0.000 0.136    0.032 0.111 0.065   -125266    0 

--------------------------------------------
Proportion of membership of each pre-defined
 population in each of the 3 clusters

Given    Inferred Clusters       Number of
 Pop       1      2      3      Individuals

  1:     0.336  0.324  0.340      358
  2:     0.339  0.327  0.334      1039
  3:     0.331  0.339  0.330      603
--------------------------------------------

  Rep#:   Lambda   Alpha      F1    F2    F3     D1,2  D1,3  D2,3    Ln Like  Est Ln P(D)
537000:    1.00    8.699    0.100 0.000 0.148    0.036 0.089 0.054   -125307    0 
537100:    1.00    8.820    0.106 0.000 0.140    0.043 0.103 0.051   -125321    0 
537200:    1.00    8.406    0.102 0.000 0.147    0.045 0.110 0.055   -125369    0 
537300:    1.00    8.551    0.120 0.000 0.153    0.043 0.115 0.060   -125328    0 
537400:    1.00    8.390    0.131 0.000 0.162    0.044 0.128 0.068   -125255    0 
537500:    1.00    8.611    0.158 0.000 0.182    0.053 0.130 0.066   -125272    0 
537600:    1.00    8.918    0.137 0.000 0.142    0.055 0.116 0.060   -125250    0 
537700:    1.00    8.922    0.143 0.000 0.138    0.055 0.121 0.056   -125304    0 
537800:    1.00    8.873    0.169 0.000 0.191    0.069 0.164 0.068   -125274    0 
537900:    1.00    8.818    0.161 0.000 0.168    0.061 0.133 0.057   -125282    0 

--------------------------------------------
Proportion of membership of each pre-defined
 population in each of the 3 clusters

Given    Inferred Clusters       Number of
 Pop       1      2      3      Individuals

  1:     0.336  0.332  0.332      358
  2:     0.333  0.330  0.337      1039
  3:     0.336  0.332  0.332      603
--------------------------------------------

  Rep#:   Lambda   Alpha      F1    F2    F3     D1,2  D1,3  D2,3    Ln Like  Est Ln P(D)
538000:    1.00    9.210    0.170 0.000 0.116    0.070 0.111 0.060   -125243    0 
538100:    1.00    9.377    0.160 0.000 0.137    0.082 0.135 0.061   -125265    0 
538200:    1.00    9.281    0.165 0.000 0.152    0.072 0.124 0.060   -125242    0 
538300:    1.00    9.600    0.168 0.000 0.185    0.060 0.127 0.058   -125248    0 
538400:    1.00    9.612    0.208 0.000 0.197    0.084 0.149 0.054   -125292    0 
538500:    1.00    9.919    0.148 0.001 0.176    0.061 0.117 0.059   -125316    0 
538600:    1.00    9.490    0.251 0.001 0.128    0.070 0.132 0.049   -125305    0 
538700:    1.00    9.215    0.134 0.000 0.109    0.059 0.122 0.043   -125322    0 
538800:    1.00    8.971    0.131 0.000 0.123    0.056 0.122 0.050   -125306    0 
538900:    1.00    8.617    0.137 0.000 0.084    0.051 0.082 0.032   -125367    0 

--------------------------------------------
Proportion of membership of each pre-defined
 population in each of the 3 clusters

Given    Inferred Clusters       Number of
 Pop       1      2      3      Individuals

  1:     0.334  0.334  0.331      358
  2:     0.338  0.331  0.331      1039
  3:     0.332  0.332  0.336      603
--------------------------------------------

  Rep#:   Lambda   Alpha      F1    F2    F3     D1,2  D1,3  D2,3    Ln Like  Est Ln P(D)
539000:    1.00    8.448    0.115 0.000 0.106    0.051 0.078 0.033   -125377    0 
539100:    1.00    8.206    0.128 0.000 0.145    0.070 0.112 0.046   -125282    0 
539200:    1.00    8.381    0.166 0.000 0.166    0.067 0.123 0.055   -125303    0 
539300:    1.00    8.394    0.181 0.000 0.138    0.078 0.148 0.055   -125223    0 
539400:    1.00    8.549    0.153 0.000 0.183    0.055 0.122 0.056   -125265    0 
539500:    1.00    8.357    0.155 0.000 0.151    0.062 0.138 0.065   -125210    0 
539600:    1.00    8.321    0.161 0.000 0.133    0.055 0.127 0.067   -125277    0 
539700:    1.00    8.231    0.132 0.000 0.185    0.058 0.152 0.082   -125218    0 
539800:    1.00    8.161    0.155 0.000 0.142    0.051 0.122 0.073   -125290    0 
539900:    1.00    8.040    0.150 0.000 0.201    0.054 0.132 0.067   -125227    0 

--------------------------------------------
Proportion of membership of each pre-defined
 population in each of the 3 clusters

Given    Inferred Clusters       Number of
 Pop       1      2      3      Individuals

  1:     0.343  0.331  0.325      358
  2:     0.335  0.329  0.336      1039
  3:     0.340  0.325  0.336      603
--------------------------------------------

  Rep#:   Lambda   Alpha      F1    F2    F3     D1,2  D1,3  D2,3    Ln Like  Est Ln P(D)
540000:    1.00    8.089    0.146 0.000 0.143    0.064 0.139 0.063   -125252    0 
540100:    1.00    7.920    0.118 0.000 0.162    0.062 0.142 0.085   -125227    0 
540200:    1.00    8.252    0.147 0.000 0.164    0.068 0.127 0.072   -125256    0 
540300:    1.00    8.474    0.178 0.000 0.141    0.054 0.124 0.073   -125329    0 
540400:    1.00    8.775    0.117 0.000 0.172    0.055 0.106 0.069   -125293    0 
540500:    1.00    8.496    0.158 0.001 0.175    0.045 0.109 0.067   -125305    0 
540600:    1.00    8.506    0.132 0.001 0.147    0.047 0.110 0.068   -125282    0 
540700:    1.00    8.272    0.140 0.001 0.134    0.048 0.119 0.060   -125256    0 
540800:    1.00    8.002    0.121 0.001 0.152    0.048 0.120 0.057   -125265    0 
540900:    1.00    8.135    0.132 0.001 0.138    0.049 0.108 0.053   -125288    0 

--------------------------------------------
Proportion of membership of each pre-defined
 population in each of the 3 clusters

Given    Inferred Clusters       Number of
 Pop       1      2      3      Individuals

  1:     0.340  0.332  0.328      358
  2:     0.337  0.329  0.335      1039
  3:     0.332  0.335  0.333      603
--------------------------------------------

  Rep#:   Lambda   Alpha      F1    F2    F3     D1,2  D1,3  D2,3    Ln Like  Est Ln P(D)
541000:    1.00    8.491    0.110 0.001 0.135    0.047 0.101 0.054   -125333    0 
541100:    1.00    8.391    0.133 0.001 0.151    0.053 0.104 0.047   -125358    0 
541200:    1.00    8.495    0.121 0.001 0.107    0.045 0.100 0.046   -125354    0 
541300:    1.00    8.271    0.119 0.001 0.113    0.042 0.104 0.045   -125296    0 
541400:    1.00    8.417    0.123 0.001 0.143    0.033 0.092 0.054   -125372    0 
541500:    1.00    8.872    0.141 0.001 0.142    0.038 0.101 0.059   -125369    0 
541600:    1.00    8.812    0.088 0.001 0.138    0.035 0.089 0.060   -125411    0 
541700:    1.00    9.061    0.086 0.001 0.169    0.046 0.097 0.059   -125383    0 
541800:    1.00    8.735    0.117 0.001 0.109    0.050 0.098 0.058   -125313    0 
541900:    1.00    8.693    0.140 0.001 0.110    0.043 0.104 0.045   -125380    0 

--------------------------------------------
Proportion of membership of each pre-defined
 population in each of the 3 clusters

Given    Inferred Clusters       Number of
 Pop       1      2      3      Individuals

  1:     0.337  0.333  0.330      358
  2:     0.336  0.332  0.332      1039
  3:     0.334  0.333  0.333      603
--------------------------------------------

  Rep#:   Lambda   Alpha      F1    F2    F3     D1,2  D1,3  D2,3    Ln Like  Est Ln P(D)
542000:    1.00    8.408    0.125 0.001 0.114    0.051 0.107 0.050   -125274    0 
542100:    1.00    8.213    0.135 0.001 0.107    0.046 0.120 0.051   -125272    0 
542200:    1.00    8.075    0.128 0.001 0.117    0.044 0.092 0.038   -125343    0 
542300:    1.00    7.855    0.113 0.001 0.135    0.036 0.092 0.042   -125338    0 
542400:    1.00    7.951    0.127 0.001 0.119    0.045 0.084 0.038   -125316    0 
542500:    1.00    8.144    0.131 0.001 0.159    0.039 0.088 0.048   -125342    0 
542600:    1.00    7.796    0.107 0.001 0.211    0.045 0.098 0.056   -125281    0 
542700:    1.00    7.337    0.121 0.001 0.110    0.045 0.092 0.042   -125291    0 
542800:    1.00    7.883    0.100 0.001 0.110    0.043 0.090 0.043   -125375    0 
542900:    1.00    7.472    0.118 0.000 0.114    0.042 0.085 0.039   -125306    0 

--------------------------------------------
Proportion of membership of each pre-defined
 population in each of the 3 clusters

Given    Inferred Clusters       Number of
 Pop       1      2      3      Individuals

  1:     0.337  0.329  0.334      358
  2:     0.333  0.335  0.333      1039
  3:     0.328  0.341  0.331      603
--------------------------------------------

  Rep#:   Lambda   Alpha      F1    F2    F3     D1,2  D1,3  D2,3    Ln Like  Est Ln P(D)
543000:    1.00    7.370    0.126 0.000 0.110    0.038 0.092 0.042   -125359    0 
543100:    1.00    7.015    0.131 0.000 0.144    0.047 0.084 0.042   -125295    0 
543200:    1.00    7.565    0.132 0.000 0.164    0.057 0.101 0.043   -125266    0 
543300:    1.00    7.962    0.121 0.000 0.151    0.066 0.109 0.053   -125281    0 
543400:    1.00    8.367    0.131 0.000 0.097    0.055 0.090 0.034   -125389    0 
543500:    1.00    8.343    0.159 0.000 0.087    0.067 0.097 0.035   -125372    0 
543600:    1.00    7.907    0.138 0.000 0.104    0.047 0.089 0.033   -125340    0 
543700:    1.00    7.916    0.146 0.000 0.100    0.059 0.101 0.034   -125327    0 
543800:    1.00    7.866    0.136 0.000 0.105    0.053 0.098 0.031   -125346    0 
543900:    1.00    7.940    0.120 0.000 0.068    0.045 0.090 0.032   -125422    0 

--------------------------------------------
Proportion of membership of each pre-defined
 population in each of the 3 clusters

Given    Inferred Clusters       Number of
 Pop       1      2      3      Individuals

  1:     0.333  0.338  0.329      358
  2:     0.335  0.332  0.333      1039
  3:     0.332  0.326  0.342      603
--------------------------------------------

  Rep#:   Lambda   Alpha      F1    F2    F3     D1,2  D1,3  D2,3    Ln Like  Est Ln P(D)
544000:    1.00    7.791    0.104 0.000 0.105    0.053 0.103 0.037   -125333    0 
544100:    1.00    7.671    0.119 0.000 0.091    0.054 0.082 0.029   -125374    0 
544200:    1.00    7.712    0.137 0.000 0.121    0.052 0.093 0.039   -125302    0 
544300:    1.00    7.428    0.165 0.000 0.122    0.064 0.104 0.040   -125274    0 
544400:    1.00    7.147    0.151 0.000 0.089    0.063 0.119 0.043   -125278    0 
544500:    1.00    7.391    0.117 0.000 0.105    0.058 0.098 0.039   -125275    0 
544600:    1.00    6.920    0.091 0.000 0.090    0.052 0.080 0.032   -125310    0 
544700:    1.00    6.726    0.105 0.000 0.109    0.041 0.080 0.035   -125350    0 
544800:    1.00    6.533    0.101 0.000 0.155    0.047 0.102 0.044   -125320    0 
544900:    1.00    6.419    0.095 0.000 0.112    0.041 0.078 0.038   -125324    0 

--------------------------------------------
Proportion of membership of each pre-defined
 population in each of the 3 clusters

Given    Inferred Clusters       Number of
 Pop       1      2      3      Individuals

  1:     0.332  0.339  0.329      358
  2:     0.331  0.332  0.337      1039
  3:     0.327  0.338  0.336      603
--------------------------------------------

  Rep#:   Lambda   Alpha      F1    F2    F3     D1,2  D1,3  D2,3    Ln Like  Est Ln P(D)
545000:    1.00    6.496    0.103 0.000 0.151    0.042 0.093 0.043   -125269    0 
545100:    1.00    6.229    0.096 0.000 0.122    0.041 0.094 0.051   -125225    0 
545200:    1.00    6.360    0.085 0.000 0.108    0.036 0.078 0.045   -125294    0 
545300:    1.00    6.324    0.112 0.000 0.141    0.044 0.099 0.047   -125243    0 
545400:    1.00    6.444    0.125 0.000 0.139    0.043 0.103 0.052   -125190    0 
545500:    1.00    6.376    0.130 0.000 0.147    0.042 0.092 0.051   -125238    0 
545600:    1.00    6.372    0.102 0.000 0.126    0.044 0.096 0.044   -125256    0 
545700:    1.00    6.494    0.107 0.000 0.125    0.049 0.108 0.050   -125223    0 
545800:    1.00    6.403    0.146 0.000 0.211    0.050 0.142 0.058   -125160    0 
545900:    1.00    6.592    0.117 0.000 0.209    0.044 0.127 0.066   -125150    0 

--------------------------------------------
Proportion of membership of each pre-defined
 population in each of the 3 clusters

Given    Inferred Clusters       Number of
 Pop       1      2      3      Individuals

  1:     0.335  0.329  0.336      358
  2:     0.330  0.330  0.340      1039
  3:     0.326  0.329  0.345      603
--------------------------------------------

  Rep#:   Lambda   Alpha      F1    F2    F3     D1,2  D1,3  D2,3    Ln Like  Est Ln P(D)
546000:    1.00    6.896    0.083 0.000 0.153    0.038 0.108 0.052   -125229    0 
546100:    1.00    6.641    0.098 0.000 0.128    0.048 0.098 0.046   -125268    0 
546200:    1.00    6.561    0.094 0.000 0.118    0.043 0.110 0.053   -125276    0 
546300:    1.00    6.529    0.099 0.000 0.126    0.034 0.088 0.052   -125249    0 
546400:    1.00    6.670    0.079 0.000 0.133    0.030 0.081 0.047   -125347    0 
546500:    1.00    6.740    0.079 0.000 0.127    0.032 0.074 0.042   -125272    0 
546600:    1.00    6.969    0.083 0.000 0.123    0.033 0.088 0.049   -125350    0 
546700:    1.00    7.262    0.084 0.000 0.130    0.039 0.085 0.046   -125354    0 
546800:    1.00    7.028    0.118 0.000 0.119    0.033 0.076 0.038   -125363    0 
546900:    1.00    7.110    0.085 0.000 0.129    0.039 0.089 0.045   -125307    0 

--------------------------------------------
Proportion of membership of each pre-defined
 population in each of the 3 clusters

Given    Inferred Clusters       Number of
 Pop       1      2      3      Individuals

  1:     0.327  0.345  0.327      358
  2:     0.331  0.334  0.335      1039
  3:     0.330  0.338  0.332      603
--------------------------------------------

  Rep#:   Lambda   Alpha      F1    F2    F3     D1,2  D1,3  D2,3    Ln Like  Est Ln P(D)
547000:    1.00    7.337    0.094 0.000 0.135    0.035 0.081 0.046   -125317    0 
547100:    1.00    7.388    0.112 0.000 0.136    0.029 0.074 0.044   -125350    0 
547200:    1.00    7.529    0.102 0.000 0.139    0.030 0.084 0.047   -125321    0 
547300:    1.00    7.737    0.106 0.000 0.163    0.039 0.114 0.054   -125315    0 
547400:    1.00    7.746    0.100 0.000 0.139    0.039 0.108 0.048   -125283    0 
547500:    1.00    8.059    0.102 0.000 0.113    0.037 0.104 0.047   -125317    0 
547600:    1.00    8.323    0.071 0.000 0.134    0.035 0.100 0.057   -125367    0 
547700:    1.00    8.303    0.068 0.000 0.118    0.030 0.089 0.054   -125322    0 
547800:    1.00    8.134    0.089 0.000 0.139    0.028 0.067 0.048   -125363    0 
547900:    1.00    7.906    0.090 0.000 0.117    0.039 0.107 0.054   -125297    0 

--------------------------------------------
Proportion of membership of each pre-defined
 population in each of the 3 clusters

Given    Inferred Clusters       Number of
 Pop       1      2      3      Individuals

  1:     0.331  0.340  0.329      358
  2:     0.336  0.330  0.334      1039
  3:     0.329  0.336  0.334      603
--------------------------------------------

  Rep#:   Lambda   Alpha      F1    F2    F3     D1,2  D1,3  D2,3    Ln Like  Est Ln P(D)
548000:    1.00    7.924    0.098 0.000 0.123    0.039 0.101 0.049   -125326    0 
548100:    1.00    8.102    0.128 0.000 0.128    0.050 0.098 0.041   -125310    0 
548200:    1.00    8.014    0.142 0.000 0.119    0.057 0.102 0.041   -125290    0 
548300:    1.00    8.178    0.118 0.000 0.115    0.042 0.089 0.041   -125376    0 
548400:    1.00    8.128    0.119 0.000 0.120    0.046 0.098 0.050   -125336    0 
548500:    1.00    8.218    0.113 0.000 0.118    0.050 0.105 0.048   -125312    0 
548600:    1.00    7.962    0.137 0.000 0.093    0.039 0.080 0.035   -125410    0 
548700:    1.00    8.182    0.113 0.000 0.123    0.050 0.097 0.044   -125333    0 
548800:    1.00    8.404    0.126 0.000 0.092    0.057 0.096 0.029   -125385    0 
548900:    1.00    7.850    0.116 0.000 0.103    0.063 0.112 0.038   -125293    0 

--------------------------------------------
Proportion of membership of each pre-defined
 population in each of the 3 clusters

Given    Inferred Clusters       Number of
 Pop       1      2      3      Individuals

  1:     0.336  0.341  0.323      358
  2:     0.333  0.332  0.334      1039
  3:     0.331  0.338  0.331      603
--------------------------------------------

  Rep#:   Lambda   Alpha      F1    F2    F3     D1,2  D1,3  D2,3    Ln Like  Est Ln P(D)
549000:    1.00    7.847    0.119 0.000 0.098    0.050 0.090 0.035   -125354    0 
549100:    1.00    7.794    0.126 0.000 0.084    0.053 0.086 0.036   -125336    0 
549200:    1.00    8.092    0.128 0.000 0.123    0.060 0.095 0.038   -125324    0 
549300:    1.00    8.177    0.145 0.000 0.131    0.048 0.098 0.041   -125317    0 
549400:    1.00    8.075    0.090 0.000 0.140    0.039 0.099 0.041   -125296    0 
549500:    1.00    7.733    0.090 0.000 0.107    0.035 0.085 0.044   -125339    0 
549600:    1.00    7.284    0.120 0.000 0.133    0.032 0.075 0.044   -125309    0 
549700:    1.00    7.591    0.108 0.000 0.136    0.031 0.079 0.047   -125311    0 
549800:    1.00    7.514    0.124 0.000 0.140    0.037 0.079 0.044   -125269    0 
549900:    1.00    7.076    0.096 0.000 0.122    0.038 0.087 0.048   -125232    0 

--------------------------------------------
Proportion of membership of each pre-defined
 population in each of the 3 clusters

Given    Inferred Clusters       Number of
 Pop       1      2      3      Individuals

  1:     0.337  0.335  0.328      358
  2:     0.331  0.336  0.333      1039
  3:     0.327  0.342  0.331      603
--------------------------------------------

  Rep#:   Lambda   Alpha      F1    F2    F3     D1,2  D1,3  D2,3    Ln Like  Est Ln P(D)
550000:    1.00    7.332    0.109 0.000 0.140    0.038 0.099 0.057   -125257    0 
550100:    1.00    7.410    0.098 0.000 0.141    0.032 0.088 0.058   -125284    0 
550200:    1.00    7.407    0.107 0.000 0.139    0.038 0.102 0.056   -125267    0 
550300:    1.00    7.632    0.131 0.000 0.134    0.050 0.121 0.054   -125286    0 
550400:    1.00    7.711    0.166 0.000 0.128    0.049 0.086 0.036   -125331    0 
550500:    1.00    8.064    0.128 0.000 0.104    0.053 0.101 0.037   -125318    0 
550600:    1.00    8.256    0.132 0.000 0.104    0.048 0.094 0.039   -125316    0 
550700:    1.00    8.201    0.165 0.000 0.139    0.056 0.103 0.040   -125311    0 
550800:    1.00    8.402    0.117 0.000 0.109    0.047 0.088 0.040   -125335    0 
550900:    1.00    8.460    0.122 0.000 0.106    0.052 0.097 0.038   -125300    0 

--------------------------------------------
Proportion of membership of each pre-defined
 population in each of the 3 clusters

Given    Inferred Clusters       Number of
 Pop       1      2      3      Individuals

  1:     0.337  0.324  0.339      358
  2:     0.336  0.331  0.333      1039
  3:     0.334  0.338  0.328      603
--------------------------------------------

  Rep#:   Lambda   Alpha      F1    F2    F3     D1,2  D1,3  D2,3    Ln Like  Est Ln P(D)
551000:    1.00    8.406    0.111 0.000 0.145    0.050 0.080 0.040   -125311    0 
551100:    1.00    8.321    0.104 0.000 0.132    0.046 0.075 0.048   -125358    0 
551200:    1.00    8.312    0.153 0.000 0.121    0.051 0.088 0.042   -125397    0 
551300:    1.00    8.303    0.101 0.000 0.118    0.045 0.096 0.040   -125363    0 
551400:    1.00    8.430    0.112 0.000 0.123    0.038 0.084 0.045   -125390    0 
551500:    1.00    8.739    0.127 0.000 0.149    0.045 0.117 0.054   -125315    0 
551600:    1.00    8.945    0.120 0.000 0.129    0.047 0.102 0.052   -125307    0 
551700:    1.00    9.259    0.153 0.000 0.146    0.053 0.098 0.043   -125353    0 
551800:    1.00    9.077    0.149 0.000 0.117    0.058 0.111 0.052   -125338    0 
551900:    1.00    9.036    0.143 0.000 0.110    0.066 0.128 0.044   -125301    0 

--------------------------------------------
Proportion of membership of each pre-defined
 population in each of the 3 clusters

Given    Inferred Clusters       Number of
 Pop       1      2      3      Individuals

  1:     0.339  0.333  0.328      358
  2:     0.333  0.336  0.331      1039
  3:     0.339  0.329  0.333      603
--------------------------------------------

  Rep#:   Lambda   Alpha      F1    F2    F3     D1,2  D1,3  D2,3    Ln Like  Est Ln P(D)
552000:    1.00    8.944    0.146 0.000 0.101    0.056 0.104 0.042   -125347    0 
552100:    1.00    8.692    0.106 0.000 0.101    0.051 0.093 0.034   -125383    0 
552200:    1.00    8.985    0.120 0.000 0.107    0.047 0.079 0.032   -125421    0 
552300:    1.00    9.165    0.139 0.000 0.095    0.051 0.082 0.033   -125393    0 
552400:    1.00    8.935    0.167 0.000 0.087    0.060 0.089 0.027   -125354    0 
552500:    1.00    8.907    0.136 0.000 0.105    0.049 0.080 0.026   -125444    0 
552600:    1.00    9.125    0.117 0.000 0.070    0.041 0.079 0.027   -125503    0 
552700:    1.00    9.245    0.159 0.000 0.091    0.044 0.084 0.035   -125427    0 
552800:    1.00    9.285    0.144 0.000 0.091    0.064 0.098 0.036   -125392    0 
552900:    1.00    8.510    0.150 0.000 0.128    0.064 0.081 0.039   -125371    0 

--------------------------------------------
Proportion of membership of each pre-defined
 population in each of the 3 clusters

Given    Inferred Clusters       Number of
 Pop       1      2      3      Individuals

  1:     0.338  0.330  0.333      358
  2:     0.335  0.332  0.333      1039
  3:     0.333  0.332  0.335      603
--------------------------------------------

  Rep#:   Lambda   Alpha      F1    F2    F3     D1,2  D1,3  D2,3    Ln Like  Est Ln P(D)
553000:    1.00    8.784    0.126 0.000 0.110    0.061 0.115 0.046   -125322    0 
553100:    1.00    8.535    0.146 0.000 0.098    0.051 0.100 0.045   -125320    0 
553200:    1.00    8.358    0.114 0.000 0.113    0.045 0.098 0.047   -125389    0 
553300:    1.00    8.843    0.093 0.000 0.153    0.027 0.090 0.060   -125418    0 
553400:    1.00    8.996    0.082 0.000 0.220    0.038 0.113 0.070   -125342    0 
553500:    1.00    8.966    0.099 0.000 0.152    0.043 0.115 0.058   -125290    0 
553600:    1.00    9.373    0.116 0.000 0.143    0.047 0.120 0.058   -125348    0 
553700:    1.00    9.464    0.100 0.000 0.131    0.042 0.108 0.048   -125395    0 
553800:    1.00    9.872    0.103 0.000 0.179    0.039 0.131 0.066   -125386    0 
553900:    1.00    9.891    0.081 0.000 0.160    0.034 0.102 0.062   -125372    0 

--------------------------------------------
Proportion of membership of each pre-defined
 population in each of the 3 clusters

Given    Inferred Clusters       Number of
 Pop       1      2      3      Individuals

  1:     0.339  0.327  0.334      358
  2:     0.334  0.332  0.334      1039
  3:     0.331  0.333  0.336      603
--------------------------------------------

  Rep#:   Lambda   Alpha      F1    F2    F3     D1,2  D1,3  D2,3    Ln Like  Est Ln P(D)
554000:    1.00    9.832    0.095 0.000 0.158    0.040 0.143 0.080   -125360    0 
554100:    1.00    9.709    0.103 0.000 0.172    0.035 0.115 0.063   -125369    0 
554200:    1.00    9.815    0.087 0.000 0.148    0.030 0.108 0.058   -125400    0 
554300:    1.00    9.792    0.087 0.000 0.162    0.031 0.089 0.054   -125363    0 
554400:    1.00    9.563    0.117 0.000 0.151    0.036 0.106 0.062   -125368    0 
554500:    1.00    9.349    0.109 0.000 0.145    0.036 0.115 0.064   -125396    0 
554600:    1.00    9.134    0.111 0.000 0.160    0.038 0.121 0.061   -125333    0 
554700:    1.00    9.195    0.104 0.000 0.171    0.041 0.129 0.062   -125319    0 
554800:    1.00    9.076    0.100 0.000 0.163    0.034 0.111 0.062   -125297    0 
554900:    1.00    9.002    0.115 0.000 0.152    0.041 0.117 0.057   -125343    0 

--------------------------------------------
Proportion of membership of each pre-defined
 population in each of the 3 clusters

Given    Inferred Clusters       Number of
 Pop       1      2      3      Individuals

  1:     0.332  0.332  0.336      358
  2:     0.333  0.329  0.339      1039
  3:     0.334  0.332  0.335      603
--------------------------------------------

  Rep#:   Lambda   Alpha      F1    F2    F3     D1,2  D1,3  D2,3    Ln Like  Est Ln P(D)
555000:    1.00    8.955    0.098 0.000 0.168    0.049 0.154 0.076   -125258    0 
555100:    1.00    8.862    0.078 0.000 0.166    0.034 0.133 0.075   -125290    0 
555200:    1.00    8.837    0.082 0.000 0.166    0.033 0.118 0.065   -125275    0 
555300:    1.00    8.710    0.080 0.000 0.171    0.034 0.109 0.061   -125327    0 
555400:    1.00    9.139    0.068 0.000 0.117    0.034 0.108 0.058   -125388    0 
555500:    1.00    9.059    0.078 0.000 0.165    0.029 0.097 0.058   -125397    0 
555600:    1.00    9.032    0.074 0.000 0.164    0.029 0.094 0.057   -125331    0 
555700:    1.00    9.067    0.092 0.000 0.144    0.038 0.113 0.059   -125359    0 
555800:    1.00    8.557    0.056 0.000 0.140    0.027 0.101 0.061   -125287    0 
555900:    1.00    7.961    0.081 0.000 0.196    0.033 0.115 0.073   -125271    0 

--------------------------------------------
Proportion of membership of each pre-defined
 population in each of the 3 clusters

Given    Inferred Clusters       Number of
 Pop       1      2      3      Individuals

  1:     0.331  0.332  0.337      358
  2:     0.331  0.336  0.334      1039
  3:     0.327  0.338  0.335      603
--------------------------------------------

  Rep#:   Lambda   Alpha      F1    F2    F3     D1,2  D1,3  D2,3    Ln Like  Est Ln P(D)
556000:    1.00    8.039    0.084 0.000 0.162    0.031 0.104 0.063   -125296    0 
556100:    1.00    7.987    0.105 0.000 0.183    0.033 0.105 0.053   -125282    0 
556200:    1.00    8.376    0.104 0.000 0.125    0.038 0.105 0.053   -125312    0 
556300:    1.00    8.368    0.086 0.000 0.114    0.033 0.091 0.052   -125337    0 
556400:    1.00    8.435    0.068 0.000 0.117    0.028 0.084 0.052   -125414    0 
556500:    1.00    8.340    0.064 0.000 0.115    0.024 0.080 0.053   -125422    0 
556600:    1.00    8.445    0.077 0.000 0.118    0.026 0.074 0.049   -125412    0 
556700:    1.00    8.356    0.070 0.000 0.131    0.027 0.077 0.047   -125380    0 
556800:    1.00    8.194    0.110 0.000 0.126    0.034 0.097 0.050   -125344    0 
556900:    1.00    8.195    0.089 0.000 0.128    0.034 0.086 0.048   -125382    0 

--------------------------------------------
Proportion of membership of each pre-defined
 population in each of the 3 clusters

Given    Inferred Clusters       Number of
 Pop       1      2      3      Individuals

  1:     0.343  0.333  0.324      358
  2:     0.333  0.333  0.335      1039
  3:     0.327  0.342  0.331      603
--------------------------------------------

  Rep#:   Lambda   Alpha      F1    F2    F3     D1,2  D1,3  D2,3    Ln Like  Est Ln P(D)
557000:    1.00    8.234    0.093 0.000 0.093    0.035 0.080 0.045   -125375    0 
557100:    1.00    8.101    0.111 0.000 0.115    0.047 0.097 0.045   -125398    0 
557200:    1.00    8.160    0.122 0.000 0.126    0.046 0.085 0.040   -125372    0 
557300:    1.00    7.910    0.113 0.000 0.092    0.052 0.087 0.035   -125368    0 
557400:    1.00    7.827    0.144 0.000 0.091    0.059 0.102 0.039   -125375    0 
557500:    1.00    7.707    0.134 0.000 0.099    0.058 0.105 0.035   -125299    0 
557600:    1.00    7.842    0.159 0.000 0.115    0.057 0.104 0.042   -125356    0 
557700:    1.00    7.934    0.151 0.000 0.090    0.057 0.107 0.041   -125306    0 
557800:    1.00    8.488    0.128 0.000 0.117    0.049 0.127 0.056   -125324    0 
557900:    1.00    8.399    0.126 0.000 0.133    0.063 0.134 0.045   -125343    0 

--------------------------------------------
Proportion of membership of each pre-defined
 population in each of the 3 clusters

Given    Inferred Clusters       Number of
 Pop       1      2      3      Individuals

  1:     0.334  0.326  0.340      358
  2:     0.332  0.332  0.336      1039
  3:     0.335  0.333  0.332      603
--------------------------------------------

  Rep#:   Lambda   Alpha      F1    F2    F3     D1,2  D1,3  D2,3    Ln Like  Est Ln P(D)
558000:    1.00    8.295    0.105 0.000 0.106    0.044 0.088 0.038   -125340    0 
558100:    1.00    7.983    0.082 0.000 0.105    0.045 0.078 0.031   -125372    0 
558200:    1.00    8.291    0.120 0.000 0.086    0.046 0.094 0.036   -125369    0 
558300:    1.00    8.206    0.118 0.000 0.115    0.042 0.077 0.034   -125431    0 
558400:    1.00    7.823    0.105 0.000 0.103    0.047 0.079 0.041   -125379    0 
558500:    1.00    7.879    0.112 0.000 0.145    0.044 0.085 0.046   -125327    0 
558600:    1.00    7.679    0.127 0.000 0.125    0.048 0.098 0.043   -125290    0 
558700:    1.00    7.483    0.120 0.000 0.119    0.042 0.090 0.047   -125313    0 
558800:    1.00    7.344    0.117 0.000 0.122    0.042 0.090 0.041   -125291    0 
558900:    1.00    7.367    0.109 0.000 0.123    0.042 0.100 0.047   -125295    0 

--------------------------------------------
Proportion of membership of each pre-defined
 population in each of the 3 clusters

Given    Inferred Clusters       Number of
 Pop       1      2      3      Individuals

  1:     0.337  0.333  0.331      358
  2:     0.332  0.334  0.333      1039
  3:     0.327  0.333  0.341      603
--------------------------------------------

  Rep#:   Lambda   Alpha      F1    F2    F3     D1,2  D1,3  D2,3    Ln Like  Est Ln P(D)
559000:    1.00    7.100    0.143 0.000 0.112    0.039 0.077 0.035   -125298    0 
559100:    1.00    7.131    0.123 0.000 0.128    0.037 0.081 0.035   -125349    0 
559200:    1.00    7.333    0.090 0.000 0.153    0.036 0.089 0.047   -125364    0 
559300:    1.00    7.100    0.092 0.000 0.125    0.030 0.083 0.043   -125336    0 
559400:    1.00    6.908    0.091 0.000 0.132    0.026 0.076 0.044   -125327    0 
559500:    1.00    7.079    0.079 0.000 0.129    0.029 0.070 0.042   -125345    0 
559600:    1.00    6.868    0.069 0.000 0.095    0.030 0.081 0.040   -125341    0 
559700:    1.00    7.041    0.083 0.000 0.114    0.029 0.066 0.035   -125358    0 
559800:    1.00    7.326    0.102 0.000 0.101    0.037 0.082 0.042   -125370    0 
559900:    1.00    7.258    0.083 0.000 0.130    0.032 0.076 0.043   -125394    0 

--------------------------------------------
Proportion of membership of each pre-defined
 population in each of the 3 clusters

Given    Inferred Clusters       Number of
 Pop       1      2      3      Individuals

  1:     0.326  0.333  0.341      358
  2:     0.333  0.343  0.324      1039
  3:     0.338  0.327  0.335      603
--------------------------------------------

  Rep#:   Lambda   Alpha      F1    F2    F3     D1,2  D1,3  D2,3    Ln Like  Est Ln P(D)
560000:    1.00    7.338    0.102 0.000 0.128    0.035 0.087 0.042   -125363    0 
560100:    1.00    7.371    0.082 0.000 0.125    0.033 0.083 0.039   -125403    0 
560200:    1.00    7.326    0.069 0.000 0.107    0.028 0.075 0.036   -125401    0 
560300:    1.00    7.384    0.063 0.000 0.109    0.024 0.072 0.044   -125382    0 
560400:    1.00    7.389    0.064 0.000 0.112    0.023 0.086 0.048   -125346    0 
560500:    1.00    7.463    0.081 0.000 0.130    0.031 0.095 0.049   -125402    0 
560600:    1.00    7.286    0.098 0.000 0.111    0.029 0.083 0.039   -125363    0 
560700:    1.00    7.411    0.102 0.000 0.131    0.035 0.095 0.043   -125299    0 
560800:    1.00    7.077    0.124 0.000 0.125    0.053 0.114 0.046   -125246    0 
560900:    1.00    7.199    0.133 0.000 0.123    0.052 0.112 0.042   -125250    0 

--------------------------------------------
Proportion of membership of each pre-defined
 population in each of the 3 clusters

Given    Inferred Clusters       Number of
 Pop       1      2      3      Individuals

  1:     0.333  0.330  0.337      358
  2:     0.332  0.331  0.337      1039
  3:     0.325  0.342  0.333      603
--------------------------------------------

  Rep#:   Lambda   Alpha      F1    F2    F3     D1,2  D1,3  D2,3    Ln Like  Est Ln P(D)
561000:    1.00    6.881    0.127 0.000 0.115    0.041 0.080 0.037   -125315    0 
561100:    1.00    7.041    0.098 0.000 0.117    0.049 0.091 0.035   -125360    0 
561200:    1.00    6.645    0.128 0.000 0.087    0.048 0.078 0.031   -125311    0 
561300:    1.00    6.955    0.120 0.000 0.074    0.050 0.075 0.029   -125341    0 
561400:    1.00    7.452    0.149 0.000 0.093    0.050 0.086 0.033   -125328    0 
561500:    1.00    7.764    0.127 0.000 0.129    0.056 0.101 0.040   -125306    0 
561600:    1.00    8.325    0.128 0.000 0.116    0.055 0.091 0.035   -125335    0 
561700:    1.00    8.629    0.127 0.000 0.100    0.056 0.094 0.033   -125356    0 
561800:    1.00    8.386    0.142 0.000 0.096    0.054 0.090 0.034   -125375    0 
561900:    1.00    8.064    0.123 0.000 0.116    0.050 0.071 0.034   -125377    0 

--------------------------------------------
Proportion of membership of each pre-defined
 population in each of the 3 clusters

Given    Inferred Clusters       Number of
 Pop       1      2      3      Individuals

  1:     0.336  0.328  0.335      358
  2:     0.329  0.331  0.340      1039
  3:     0.330  0.338  0.331      603
--------------------------------------------

  Rep#:   Lambda   Alpha      F1    F2    F3     D1,2  D1,3  D2,3    Ln Like  Est Ln P(D)
562000:    1.00    7.841    0.093 0.000 0.111    0.045 0.084 0.038   -125411    0 
562100:    1.00    7.861    0.121 0.000 0.105    0.037 0.068 0.035   -125380    0 
562200:    1.00    8.072    0.102 0.000 0.102    0.042 0.079 0.038   -125414    0 
562300:    1.00    7.999    0.102 0.000 0.122    0.049 0.084 0.040   -125331    0 
562400:    1.00    7.911    0.106 0.000 0.096    0.057 0.081 0.031   -125378    0 
562500:    1.00    8.122    0.143 0.000 0.072    0.042 0.077 0.037   -125376    0 
562600:    1.00    8.033    0.129 0.000 0.095    0.060 0.094 0.042   -125400    0 
562700:    1.00    8.222    0.117 0.000 0.072    0.061 0.102 0.037   -125365    0 
562800:    1.00    8.060    0.113 0.000 0.086    0.059 0.100 0.035   -125343    0 
562900:    1.00    8.095    0.105 0.000 0.099    0.055 0.071 0.022   -125416    0 

--------------------------------------------
Proportion of membership of each pre-defined
 population in each of the 3 clusters

Given    Inferred Clusters       Number of
 Pop       1      2      3      Individuals

  1:     0.328  0.328  0.344      358
  2:     0.336  0.328  0.336      1039
  3:     0.337  0.335  0.328      603
--------------------------------------------

  Rep#:   Lambda   Alpha      F1    F2    F3     D1,2  D1,3  D2,3    Ln Like  Est Ln P(D)
563000:    1.00    8.121    0.101 0.000 0.094    0.040 0.072 0.028   -125461    0 
563100:    1.00    8.250    0.094 0.000 0.088    0.048 0.088 0.033   -125413    0 
563200:    1.00    8.263    0.078 0.000 0.092    0.036 0.080 0.034   -125467    0 
563300:    1.00    8.291    0.057 0.000 0.099    0.023 0.059 0.036   -125461    0 
563400:    1.00    7.891    0.061 0.000 0.091    0.025 0.079 0.043   -125403    0 
563500:    1.00    7.995    0.078 0.000 0.089    0.026 0.073 0.039   -125523    0 
563600:    1.00    8.259    0.059 0.000 0.104    0.023 0.079 0.050   -125422    0 
563700:    1.00    8.471    0.059 0.000 0.123    0.021 0.068 0.043   -125469    0 
563800:    1.00    8.695    0.072 0.000 0.102    0.023 0.065 0.037   -125455    0 
563900:    1.00    8.583    0.060 0.000 0.124    0.019 0.050 0.033   -125476    0 

--------------------------------------------
Proportion of membership of each pre-defined
 population in each of the 3 clusters

Given    Inferred Clusters       Number of
 Pop       1      2      3      Individuals

  1:     0.333  0.336  0.331      358
  2:     0.335  0.335  0.330      1039
  3:     0.326  0.339  0.335      603
--------------------------------------------

  Rep#:   Lambda   Alpha      F1    F2    F3     D1,2  D1,3  D2,3    Ln Like  Est Ln P(D)
564000:    1.00    8.610    0.081 0.000 0.142    0.024 0.068 0.051   -125432    0 
564100:    1.00    8.650    0.062 0.000 0.114    0.024 0.085 0.063   -125489    0 
564200:    1.00    8.976    0.084 0.000 0.103    0.031 0.072 0.042   -125431    0 
564300:    1.00    8.849    0.064 0.000 0.101    0.026 0.055 0.034   -125526    0 
564400:    1.00    9.089    0.063 0.000 0.071    0.027 0.051 0.030   -125499    0 
564500:    1.00    9.669    0.085 0.000 0.084    0.035 0.073 0.033   -125490    0 
564600:    1.00    9.763    0.074 0.000 0.065    0.022 0.052 0.035   -125519    0 
564700:    1.00    9.300    0.092 0.000 0.060    0.029 0.049 0.022   -125562    0 
564800:    1.00    9.423    0.081 0.000 0.068    0.025 0.060 0.032   -125502    0 
564900:    1.00    9.316    0.112 0.000 0.091    0.028 0.060 0.030   -125502    0 

--------------------------------------------
Proportion of membership of each pre-defined
 population in each of the 3 clusters

Given    Inferred Clusters       Number of
 Pop       1      2      3      Individuals

  1:     0.343  0.319  0.338      358
  2:     0.333  0.331  0.336      1039
  3:     0.334  0.326  0.340      603
--------------------------------------------

  Rep#:   Lambda   Alpha      F1    F2    F3     D1,2  D1,3  D2,3    Ln Like  Est Ln P(D)
565000:    1.00    9.599    0.088 0.000 0.089    0.030 0.067 0.032   -125501    0 
565100:    1.00    9.359    0.099 0.000 0.084    0.036 0.084 0.043   -125418    0 
565200:    1.00    9.568    0.098 0.000 0.108    0.034 0.092 0.046   -125422    0 
565300:    1.00    9.966    0.112 0.000 0.099    0.035 0.078 0.037   -125428    0 
565400:    1.00    9.915    0.097 0.000 0.112    0.036 0.084 0.038   -125468    0 
565500:    1.00    9.958    0.134 0.000 0.131    0.047 0.121 0.051   -125376    0 
565600:    1.00    9.954    0.127 0.000 0.122    0.043 0.111 0.050   -125397    0 
565700:    1.00    9.923    0.132 0.000 0.132    0.047 0.116 0.071   -125387    0 
565800:    1.00    9.726    0.153 0.000 0.118    0.040 0.113 0.067   -125376    0 
565900:    1.00    9.956    0.124 0.000 0.142    0.043 0.114 0.056   -125407    0 

--------------------------------------------
Proportion of membership of each pre-defined
 population in each of the 3 clusters

Given    Inferred Clusters       Number of
 Pop       1      2      3      Individuals

  1:     0.335  0.329  0.336      358
  2:     0.332  0.333  0.334      1039
  3:     0.333  0.336  0.331      603
--------------------------------------------

  Rep#:   Lambda   Alpha      F1    F2    F3     D1,2  D1,3  D2,3    Ln Like  Est Ln P(D)
566000:    1.00    9.321    0.103 0.000 0.151    0.041 0.100 0.051   -125376    0 
566100:    1.00    9.298    0.111 0.000 0.128    0.048 0.098 0.045   -125415    0 
566200:    1.00    8.960    0.094 0.000 0.087    0.047 0.100 0.051   -125410    0 
566300:    1.00    8.883    0.096 0.000 0.101    0.052 0.097 0.040   -125430    0 
566400:    1.00    8.683    0.114 0.000 0.084    0.065 0.112 0.032   -125381    0 
566500:    1.00    8.910    0.097 0.000 0.075    0.046 0.091 0.032   -125404    0 
566600:    1.00    9.032    0.066 0.000 0.079    0.038 0.073 0.031   -125470    0 
566700:    1.00    9.277    0.087 0.000 0.070    0.044 0.085 0.027   -125454    0 
566800:    1.00    8.792    0.091 0.000 0.085    0.038 0.069 0.029   -125422    0 
566900:    1.00    9.228    0.103 0.000 0.067    0.041 0.082 0.029   -125434    0 

--------------------------------------------
Proportion of membership of each pre-defined
 population in each of the 3 clusters

Given    Inferred Clusters       Number of
 Pop       1      2      3      Individuals

  1:     0.335  0.325  0.340      358
  2:     0.332  0.334  0.334      1039
  3:     0.334  0.335  0.331      603
--------------------------------------------

  Rep#:   Lambda   Alpha      F1    F2    F3     D1,2  D1,3  D2,3    Ln Like  Est Ln P(D)
567000:    1.00    9.028    0.089 0.000 0.087    0.048 0.092 0.037   -125434    0 
567100:    1.00    9.020    0.102 0.000 0.115    0.040 0.074 0.033   -125457    0 
567200:    1.00    8.994    0.101 0.000 0.112    0.037 0.078 0.036   -125420    0 
567300:    1.00    9.102    0.125 0.000 0.124    0.049 0.087 0.039   -125457    0 
567400:    1.00    8.846    0.109 0.000 0.108    0.040 0.078 0.039   -125395    0 
567500:    1.00    8.860    0.119 0.000 0.077    0.043 0.070 0.040   -125387    0 
567600:    1.00    9.240    0.139 0.000 0.084    0.052 0.103 0.036   -125387    0 
567700:    1.00    9.219    0.116 0.000 0.096    0.055 0.109 0.037   -125368    0 
567800:    1.00    9.025    0.124 0.000 0.101    0.064 0.104 0.032   -125411    0 
567900:    1.00    8.562    0.183 0.000 0.079    0.073 0.112 0.034   -125352    0 

--------------------------------------------
Proportion of membership of each pre-defined
 population in each of the 3 clusters

Given    Inferred Clusters       Number of
 Pop       1      2      3      Individuals

  1:     0.335  0.335  0.330      358
  2:     0.332  0.336  0.332      1039
  3:     0.331  0.336  0.333      603
--------------------------------------------

  Rep#:   Lambda   Alpha      F1    F2    F3     D1,2  D1,3  D2,3    Ln Like  Est Ln P(D)
568000:    1.00    8.658    0.154 0.000 0.093    0.069 0.108 0.031   -125385    0 
568100:    1.00    8.274    0.129 0.000 0.104    0.053 0.080 0.031   -125433    0 
568200:    1.00    8.241    0.132 0.000 0.071    0.053 0.074 0.024   -125358    0 
568300:    1.00    8.248    0.103 0.000 0.071    0.050 0.072 0.029   -125426    0 
568400:    1.00    8.219    0.126 0.000 0.055    0.067 0.092 0.020   -125374    0 
568500:    1.00    8.363    0.166 0.000 0.073    0.066 0.086 0.027   -125402    0 
568600:    1.00    8.524    0.173 0.000 0.057    0.072 0.085 0.023   -125385    0 
568700:    1.00    8.257    0.190 0.000 0.066    0.075 0.115 0.029   -125347    0 
568800:    1.00    8.298    0.165 0.000 0.081    0.052 0.092 0.035   -125338    0 
568900:    1.00    8.405    0.133 0.000 0.105    0.063 0.110 0.036   -125323    0 

--------------------------------------------
Proportion of membership of each pre-defined
 population in each of the 3 clusters

Given    Inferred Clusters       Number of
 Pop       1      2      3      Individuals

  1:     0.330  0.341  0.329      358
  2:     0.336  0.334  0.331      1039
  3:     0.335  0.333  0.332      603
--------------------------------------------

  Rep#:   Lambda   Alpha      F1    F2    F3     D1,2  D1,3  D2,3    Ln Like  Est Ln P(D)
569000:    1.00    8.399    0.103 0.000 0.120    0.050 0.103 0.046   -125337    0 
569100:    1.00    8.040    0.124 0.000 0.115    0.060 0.129 0.044   -125285    0 
569200:    1.00    7.915    0.165 0.000 0.109    0.071 0.134 0.045   -125259    0 
569300:    1.00    7.431    0.178 0.000 0.072    0.070 0.128 0.037   -125248    0 
569400:    1.00    7.470    0.154 0.000 0.099    0.071 0.115 0.037   -125253    0 
569500:    1.00    6.868    0.153 0.000 0.088    0.068 0.102 0.032   -125275    0 
569600:    1.00    7.197    0.131 0.000 0.098    0.059 0.111 0.033   -125301    0 
569700:    1.00    7.374    0.135 0.000 0.100    0.050 0.113 0.042   -125279    0 
569800:    1.00    7.502    0.124 0.000 0.109    0.053 0.120 0.047   -125300    0 
569900:    1.00    7.222    0.127 0.000 0.080    0.057 0.118 0.042   -125293    0 

--------------------------------------------
Proportion of membership of each pre-defined
 population in each of the 3 clusters

Given    Inferred Clusters       Number of
 Pop       1      2      3      Individuals

  1:     0.335  0.328  0.337      358
  2:     0.335  0.335  0.330      1039
  3:     0.337  0.333  0.330      603
--------------------------------------------

  Rep#:   Lambda   Alpha      F1    F2    F3     D1,2  D1,3  D2,3    Ln Like  Est Ln P(D)
570000:    1.00    7.543    0.143 0.000 0.101    0.060 0.121 0.049   -125282    0 
570100:    1.00    7.514    0.114 0.000 0.088    0.050 0.106 0.044   -125270    0 
570200:    1.00    7.499    0.116 0.000 0.089    0.039 0.071 0.034   -125370    0 
570300:    1.00    7.415    0.098 0.000 0.083    0.055 0.096 0.034   -125350    0 
570400:    1.00    7.205    0.106 0.000 0.097    0.041 0.080 0.044   -125385    0 
570500:    1.00    7.325    0.095 0.000 0.107    0.031 0.091 0.051   -125342    0 
570600:    1.00    7.541    0.095 0.000 0.136    0.035 0.095 0.051   -125359    0 
570700:    1.00    7.562    0.087 0.000 0.145    0.038 0.105 0.060   -125363    0 
570800:    1.00    7.654    0.117 0.000 0.139    0.049 0.104 0.057   -125359    0 
570900:    1.00    7.829    0.147 0.000 0.119    0.051 0.112 0.060   -125355    0 

--------------------------------------------
Proportion of membership of each pre-defined
 population in each of the 3 clusters

Given    Inferred Clusters       Number of
 Pop       1      2      3      Individuals

  1:     0.331  0.332  0.337      358
  2:     0.337  0.334  0.329      1039
  3:     0.328  0.338  0.334      603
--------------------------------------------

  Rep#:   Lambda   Alpha      F1    F2    F3     D1,2  D1,3  D2,3    Ln Like  Est Ln P(D)
571000:    1.00    7.936    0.124 0.000 0.119    0.042 0.090 0.050   -125292    0 
571100:    1.00    7.969    0.110 0.000 0.100    0.045 0.104 0.054   -125296    0 
571200:    1.00    7.781    0.103 0.000 0.108    0.036 0.093 0.055   -125340    0 
571300:    1.00    7.947    0.102 0.000 0.138    0.040 0.096 0.054   -125304    0 
571400:    1.00    8.077    0.106 0.000 0.155    0.038 0.089 0.058   -125311    0 
571500:    1.00    7.842    0.123 0.000 0.116    0.037 0.109 0.073   -125276    0 
571600:    1.00    7.895    0.085 0.000 0.140    0.033 0.116 0.076   -125293    0 
571700:    1.00    7.878    0.110 0.000 0.131    0.040 0.133 0.069   -125281    0 
571800:    1.00    7.771    0.141 0.000 0.154    0.040 0.109 0.063   -125234    0 
571900:    1.00    7.950    0.131 0.000 0.169    0.037 0.103 0.051   -125263    0 

--------------------------------------------
Proportion of membership of each pre-defined
 population in each of the 3 clusters

Given    Inferred Clusters       Number of
 Pop       1      2      3      Individuals

  1:     0.336  0.330  0.335      358
  2:     0.334  0.334  0.332      1039
  3:     0.334  0.335  0.331      603
--------------------------------------------

  Rep#:   Lambda   Alpha      F1    F2    F3     D1,2  D1,3  D2,3    Ln Like  Est Ln P(D)
572000:    1.00    8.179    0.174 0.000 0.164    0.054 0.126 0.062   -125260    0 
572100:    1.00    8.449    0.175 0.000 0.146    0.057 0.132 0.063   -125230    0 
572200:    1.00    8.616    0.146 0.000 0.140    0.051 0.129 0.063   -125308    0 
572300:    1.00    8.884    0.161 0.000 0.131    0.062 0.129 0.051   -125303    0 
572400:    1.00    9.095    0.158 0.000 0.122    0.072 0.143 0.052   -125246    0 
572500:    1.00    9.262    0.164 0.000 0.120    0.074 0.143 0.052   -125315    0 
572600:    1.00    9.351    0.155 0.000 0.126    0.067 0.120 0.047   -125371    0 
572700:    1.00    8.962    0.225 0.000 0.107    0.074 0.129 0.043   -125278    0 
572800:    1.00    9.024    0.187 0.000 0.095    0.065 0.114 0.040   -125285    0 
572900:    1.00    9.186    0.143 0.000 0.118    0.050 0.097 0.043   -125311    0 

--------------------------------------------
Proportion of membership of each pre-defined
 population in each of the 3 clusters

Given    Inferred Clusters       Number of
 Pop       1      2      3      Individuals

  1:     0.339  0.327  0.334      358
  2:     0.334  0.331  0.335      1039
  3:     0.337  0.334  0.329      603
--------------------------------------------

  Rep#:   Lambda   Alpha      F1    F2    F3     D1,2  D1,3  D2,3    Ln Like  Est Ln P(D)
573000:    1.00    9.434    0.130 0.000 0.116    0.052 0.107 0.047   -125321    0 
573100:    1.00    9.239    0.132 0.000 0.125    0.059 0.118 0.047   -125319    0 
573200:    1.00    9.125    0.190 0.000 0.175    0.066 0.137 0.054   -125287    0 
573300:    1.00    8.940    0.154 0.000 0.148    0.052 0.107 0.048   -125353    0 
573400:    1.00    8.806    0.110 0.000 0.145    0.039 0.092 0.044   -125318    0 
573500:    1.00    8.830    0.153 0.000 0.169    0.054 0.128 0.051   -125282    0 
573600:    1.00    8.838    0.140 0.000 0.156    0.049 0.114 0.051   -125257    0 
573700:    1.00    9.169    0.116 0.000 0.122    0.040 0.115 0.057   -125330    0 
573800:    1.00    9.160    0.134 0.000 0.095    0.051 0.107 0.044   -125371    0 
573900:    1.00    9.054    0.117 0.000 0.098    0.050 0.100 0.050   -125371    0 

--------------------------------------------
Proportion of membership of each pre-defined
 population in each of the 3 clusters

Given    Inferred Clusters       Number of
 Pop       1      2      3      Individuals

  1:     0.334  0.328  0.338      358
  2:     0.332  0.333  0.335      1039
  3:     0.331  0.337  0.332      603
--------------------------------------------

  Rep#:   Lambda   Alpha      F1    F2    F3     D1,2  D1,3  D2,3    Ln Like  Est Ln P(D)
574000:    1.00    9.096    0.140 0.000 0.168    0.056 0.133 0.059   -125307    0 
574100:    1.00    8.835    0.151 0.000 0.148    0.057 0.130 0.051   -125294    0 
574200:    1.00    9.101    0.128 0.000 0.119    0.051 0.112 0.042   -125402    0 
574300:    1.00    9.141    0.153 0.000 0.133    0.050 0.118 0.048   -125354    0 
574400:    1.00    8.925    0.154 0.000 0.144    0.053 0.126 0.052   -125334    0 
574500:    1.00    8.791    0.137 0.000 0.109    0.054 0.120 0.043   -125300    0 
574600:    1.00    8.895    0.127 0.000 0.109    0.044 0.087 0.042   -125361    0 
574700:    1.00    9.101    0.135 0.000 0.111    0.042 0.085 0.043   -125356    0 
574800:    1.00    9.251    0.103 0.000 0.105    0.045 0.108 0.048   -125341    0 
574900:    1.00    9.004    0.099 0.000 0.154    0.037 0.108 0.054   -125347    0 

--------------------------------------------
Proportion of membership of each pre-defined
 population in each of the 3 clusters

Given    Inferred Clusters       Number of
 Pop       1      2      3      Individuals

  1:     0.329  0.337  0.334      358
  2:     0.336  0.332  0.332      1039
  3:     0.335  0.332  0.332      603
--------------------------------------------

  Rep#:   Lambda   Alpha      F1    F2    F3     D1,2  D1,3  D2,3    Ln Like  Est Ln P(D)
575000:    1.00    8.535    0.089 0.000 0.138    0.045 0.102 0.050   -125399    0 
575100:    1.00    8.439    0.108 0.000 0.136    0.047 0.102 0.045   -125373    0 
575200:    1.00    9.027    0.129 0.000 0.129    0.043 0.087 0.043   -125348    0 
575300:    1.00    9.077    0.084 0.000 0.092    0.040 0.077 0.038   -125418    0 
575400:    1.00    8.526    0.082 0.000 0.094    0.035 0.088 0.037   -125387    0 
575500:    1.00    8.428    0.104 0.000 0.085    0.036 0.083 0.037   -125418    0 
575600:    1.00    8.031    0.085 0.000 0.091    0.039 0.102 0.046   -125378    0 
575700:    1.00    8.106    0.111 0.000 0.088    0.045 0.106 0.043   -125365    0 
575800:    1.00    8.278    0.116 0.000 0.114    0.043 0.118 0.052   -125300    0 
575900:    1.00    7.940    0.085 0.000 0.104    0.038 0.109 0.050   -125311    0 

--------------------------------------------
Proportion of membership of each pre-defined
 population in each of the 3 clusters

Given    Inferred Clusters       Number of
 Pop       1      2      3      Individuals

  1:     0.335  0.324  0.341      358
  2:     0.336  0.330  0.335      1039
  3:     0.336  0.333  0.331      603
--------------------------------------------

  Rep#:   Lambda   Alpha      F1    F2    F3     D1,2  D1,3  D2,3    Ln Like  Est Ln P(D)
576000:    1.00    7.599    0.084 0.000 0.137    0.041 0.117 0.051   -125322    0 
576100:    1.00    7.482    0.099 0.000 0.109    0.037 0.104 0.055   -125309    0 
576200:    1.00    7.569    0.089 0.000 0.159    0.040 0.105 0.050   -125356    0 
576300:    1.00    8.095    0.095 0.000 0.120    0.038 0.084 0.044   -125364    0 
576400:    1.00    8.096    0.092 0.000 0.121    0.031 0.090 0.048   -125351    0 
576500:    1.00    8.281    0.109 0.000 0.164    0.037 0.099 0.048   -125358    0 
576600:    1.00    8.005    0.094 0.000 0.128    0.036 0.085 0.047   -125366    0 
576700:    1.00    8.482    0.096 0.000 0.126    0.035 0.090 0.054   -125358    0 
576800:    1.00    8.432    0.105 0.000 0.082    0.035 0.083 0.045   -125380    0 
576900:    1.00    8.534    0.090 0.000 0.102    0.039 0.107 0.054   -125328    0 

--------------------------------------------
Proportion of membership of each pre-defined
 population in each of the 3 clusters

Given    Inferred Clusters       Number of
 Pop       1      2      3      Individuals

  1:     0.328  0.339  0.333      358
  2:     0.336  0.329  0.335      1039
  3:     0.333  0.334  0.333      603
--------------------------------------------

  Rep#:   Lambda   Alpha      F1    F2    F3     D1,2  D1,3  D2,3    Ln Like  Est Ln P(D)
577000:    1.00    8.373    0.067 0.000 0.091    0.023 0.077 0.041   -125464    0 
577100:    1.00    8.610    0.066 0.000 0.090    0.025 0.077 0.038   -125446    0 
577200:    1.00    8.819    0.068 0.000 0.100    0.026 0.083 0.041   -125419    0 
577300:    1.00    7.963    0.062 0.000 0.087    0.035 0.083 0.036   -125492    0 
577400:    1.00    8.077    0.100 0.000 0.078    0.034 0.078 0.032   -125396    0 
577500:    1.00    7.953    0.115 0.000 0.089    0.042 0.102 0.046   -125342    0 
577600:    1.00    8.164    0.112 0.000 0.115    0.047 0.097 0.039   -125301    0 
577700:    1.00    8.369    0.126 0.000 0.106    0.039 0.074 0.036   -125346    0 
577800:    1.00    8.370    0.114 0.000 0.102    0.050 0.111 0.043   -125274    0 
577900:    1.00    8.605    0.148 0.000 0.104    0.054 0.118 0.041   -125368    0 

--------------------------------------------
Proportion of membership of each pre-defined
 population in each of the 3 clusters

Given    Inferred Clusters       Number of
 Pop       1      2      3      Individuals

  1:     0.335  0.332  0.333      358
  2:     0.333  0.330  0.336      1039
  3:     0.337  0.328  0.335      603
--------------------------------------------

  Rep#:   Lambda   Alpha      F1    F2    F3     D1,2  D1,3  D2,3    Ln Like  Est Ln P(D)
578000:    1.00    8.507    0.120 0.000 0.094    0.044 0.096 0.034   -125404    0 
578100:    1.00    8.521    0.102 0.000 0.099    0.045 0.111 0.040   -125408    0 
578200:    1.00    8.186    0.095 0.000 0.085    0.036 0.076 0.031   -125411    0 
578300:    1.00    8.312    0.154 0.000 0.076    0.059 0.113 0.035   -125340    0 
578400:    1.00    8.011    0.164 0.000 0.085    0.065 0.125 0.038   -125326    0 
578500:    1.00    7.987    0.137 0.000 0.092    0.055 0.102 0.036   -125357    0 
578600:    1.00    8.119    0.124 0.000 0.097    0.055 0.123 0.042   -125366    0 
578700:    1.00    8.371    0.099 0.000 0.089    0.050 0.104 0.037   -125319    0 
578800:    1.00    8.564    0.093 0.000 0.083    0.043 0.095 0.038   -125390    0 
578900:    1.00    8.425    0.116 0.000 0.109    0.047 0.107 0.042   -125343    0 

--------------------------------------------
Proportion of membership of each pre-defined
 population in each of the 3 clusters

Given    Inferred Clusters       Number of
 Pop       1      2      3      Individuals

  1:     0.339  0.328  0.333      358
  2:     0.334  0.341  0.325      1039
  3:     0.333  0.331  0.336      603
--------------------------------------------

  Rep#:   Lambda   Alpha      F1    F2    F3     D1,2  D1,3  D2,3    Ln Like  Est Ln P(D)
579000:    1.00    8.237    0.102 0.000 0.105    0.042 0.090 0.042   -125364    0 
579100:    1.00    8.174    0.139 0.000 0.093    0.053 0.103 0.041   -125323    0 
579200:    1.00    8.063    0.120 0.000 0.083    0.044 0.086 0.038   -125368    0 
579300:    1.00    8.427    0.113 0.000 0.081    0.046 0.103 0.041   -125402    0 
579400:    1.00    8.406    0.148 0.000 0.077    0.050 0.094 0.025   -125375    0 
579500:    1.00    7.720    0.126 0.000 0.085    0.057 0.108 0.036   -125350    0 
579600:    1.00    7.681    0.130 0.000 0.078    0.049 0.080 0.030   -125360    0 
579700:    1.00    7.860    0.180 0.000 0.117    0.052 0.083 0.031   -125368    0 
579800:    1.00    8.141    0.171 0.000 0.109    0.048 0.086 0.041   -125326    0 
579900:    1.00    8.035    0.183 0.000 0.162    0.056 0.104 0.057   -125269    0 

--------------------------------------------
Proportion of membership of each pre-defined
 population in each of the 3 clusters

Given    Inferred Clusters       Number of
 Pop       1      2      3      Individuals

  1:     0.324  0.340  0.336      358
  2:     0.334  0.332  0.334      1039
  3:     0.331  0.333  0.335      603
--------------------------------------------

  Rep#:   Lambda   Alpha      F1    F2    F3     D1,2  D1,3  D2,3    Ln Like  Est Ln P(D)
580000:    1.00    8.653    0.146 0.000 0.137    0.056 0.128 0.052   -125324    0 
580100:    1.00    8.730    0.164 0.000 0.134    0.048 0.094 0.047   -125317    0 
580200:    1.00    8.586    0.138 0.000 0.117    0.049 0.095 0.053   -125332    0 
580300:    1.00    8.622    0.120 0.000 0.129    0.050 0.098 0.044   -125366    0 
580400:    1.00    8.303    0.135 0.000 0.122    0.050 0.091 0.049   -125378    0 
580500:    1.00    8.226    0.103 0.000 0.078    0.043 0.079 0.036   -125383    0 
580600:    1.00    8.642    0.131 0.000 0.076    0.048 0.081 0.030   -125432    0 
580700:    1.00    8.736    0.129 0.000 0.073    0.048 0.073 0.027   -125378    0 
580800:    1.00    8.403    0.120 0.000 0.080    0.044 0.090 0.035   -125376    0 
580900:    1.00    8.335    0.130 0.000 0.073    0.045 0.077 0.023   -125448    0 

--------------------------------------------
Proportion of membership of each pre-defined
 population in each of the 3 clusters

Given    Inferred Clusters       Number of
 Pop       1      2      3      Individuals

  1:     0.337  0.327  0.336      358
  2:     0.335  0.329  0.336      1039
  3:     0.343  0.324  0.333      603
--------------------------------------------

  Rep#:   Lambda   Alpha      F1    F2    F3     D1,2  D1,3  D2,3    Ln Like  Est Ln P(D)
581000:    1.00    8.159    0.124 0.000 0.074    0.035 0.062 0.021   -125449    0 
581100:    1.00    8.087    0.090 0.000 0.072    0.037 0.061 0.022   -125447    0 
581200:    1.00    8.172    0.104 0.000 0.084    0.038 0.087 0.036   -125420    0 
581300:    1.00    8.169    0.099 0.000 0.108    0.048 0.097 0.035   -125437    0 
581400:    1.00    8.392    0.107 0.000 0.094    0.046 0.073 0.030   -125429    0 
581500:    1.00    8.353    0.105 0.000 0.100    0.037 0.069 0.030   -125450    0 
581600:    1.00    8.678    0.106 0.000 0.106    0.039 0.070 0.029   -125414    0 
581700:    1.00    8.219    0.155 0.000 0.094    0.044 0.082 0.031   -125368    0 
581800:    1.00    8.553    0.100 0.000 0.083    0.049 0.086 0.036   -125378    0 
581900:    1.00    8.438    0.101 0.000 0.093    0.050 0.099 0.031   -125384    0 

--------------------------------------------
Proportion of membership of each pre-defined
 population in each of the 3 clusters

Given    Inferred Clusters       Number of
 Pop       1      2      3      Individuals

  1:     0.323  0.335  0.343      358
  2:     0.332  0.333  0.335      1039
  3:     0.336  0.329  0.335      603
--------------------------------------------

  Rep#:   Lambda   Alpha      F1    F2    F3     D1,2  D1,3  D2,3    Ln Like  Est Ln P(D)
582000:    1.00    8.261    0.141 0.000 0.097    0.045 0.092 0.030   -125393    0 
582100:    1.00    8.289    0.105 0.000 0.086    0.046 0.094 0.032   -125363    0 
582200:    1.00    8.113    0.131 0.000 0.063    0.047 0.096 0.033   -125345    0 
582300:    1.00    7.681    0.113 0.000 0.071    0.038 0.080 0.025   -125405    0 
582400:    1.00    7.670    0.108 0.000 0.067    0.040 0.073 0.022   -125382    0 
582500:    1.00    7.445    0.111 0.000 0.089    0.053 0.110 0.033   -125309    0 
582600:    1.00    7.465    0.120 0.000 0.079    0.050 0.095 0.027   -125275    0 
582700:    1.00    7.586    0.123 0.000 0.088    0.050 0.105 0.036   -125311    0 
582800:    1.00    7.479    0.139 0.000 0.099    0.042 0.102 0.036   -125365    0 
582900:    1.00    7.350    0.111 0.000 0.086    0.034 0.081 0.035   -125391    0 

--------------------------------------------
Proportion of membership of each pre-defined
 population in each of the 3 clusters

Given    Inferred Clusters       Number of
 Pop       1      2      3      Individuals

  1:     0.335  0.334  0.331      358
  2:     0.332  0.334  0.335      1039
  3:     0.339  0.330  0.331      603
--------------------------------------------

  Rep#:   Lambda   Alpha      F1    F2    F3     D1,2  D1,3  D2,3    Ln Like  Est Ln P(D)
583000:    1.00    6.887    0.126 0.000 0.072    0.039 0.084 0.031   -125357    0 
583100:    1.00    6.609    0.116 0.000 0.105    0.044 0.097 0.033   -125326    0 
583200:    1.00    6.717    0.122 0.000 0.094    0.040 0.084 0.029   -125337    0 
583300:    1.00    6.908    0.104 0.000 0.099    0.034 0.069 0.030   -125393    0 
583400:    1.00    6.945    0.122 0.000 0.093    0.034 0.073 0.033   -125355    0 
583500:    1.00    7.032    0.073 0.000 0.123    0.028 0.070 0.038   -125416    0 
583600:    1.00    6.839    0.093 0.000 0.101    0.031 0.078 0.037   -125371    0 
583700:    1.00    6.995    0.108 0.000 0.086    0.034 0.066 0.030   -125336    0 
583800:    1.00    6.920    0.100 0.000 0.087    0.031 0.070 0.038   -125386    0 
583900:    1.00    6.614    0.095 0.000 0.083    0.040 0.071 0.034   -125377    0 

--------------------------------------------
Proportion of membership of each pre-defined
 population in each of the 3 clusters

Given    Inferred Clusters       Number of
 Pop       1      2      3      Individuals

  1:     0.331  0.338  0.331      358
  2:     0.337  0.330  0.333      1039
  3:     0.332  0.334  0.334      603
--------------------------------------------

  Rep#:   Lambda   Alpha      F1    F2    F3     D1,2  D1,3  D2,3    Ln Like  Est Ln P(D)
584000:    1.00    6.682    0.121 0.000 0.067    0.036 0.070 0.029   -125310    0 
584100:    1.00    6.419    0.093 0.000 0.063    0.028 0.065 0.028   -125387    0 
584200:    1.00    5.762    0.092 0.000 0.087    0.031 0.064 0.032   -125308    0 
584300:    1.00    5.913    0.083 0.000 0.100    0.029 0.063 0.035   -125324    0 
584400:    1.00    5.306    0.105 0.000 0.089    0.031 0.059 0.032   -125278    0 
584500:    1.00    5.366    0.109 0.000 0.087    0.039 0.076 0.032   -125283    0 
584600:    1.00    5.634    0.073 0.000 0.059    0.030 0.056 0.027   -125359    0 
584700:    1.00    5.779    0.097 0.000 0.084    0.030 0.059 0.026   -125352    0 
584800:    1.00    5.838    0.086 0.000 0.075    0.027 0.065 0.035   -125341    0 
584900:    1.00    5.600    0.076 0.000 0.079    0.025 0.061 0.033   -125316    0 

--------------------------------------------
Proportion of membership of each pre-defined
 population in each of the 3 clusters

Given    Inferred Clusters       Number of
 Pop       1      2      3      Individuals

  1:     0.345  0.329  0.327      358
  2:     0.338  0.337  0.325      1039
  3:     0.333  0.331  0.335      603
--------------------------------------------

  Rep#:   Lambda   Alpha      F1    F2    F3     D1,2  D1,3  D2,3    Ln Like  Est Ln P(D)
585000:    1.00    5.301    0.084 0.000 0.074    0.030 0.062 0.033   -125307    0 
585100:    1.00    5.718    0.083 0.000 0.077    0.031 0.063 0.034   -125308    0 
585200:    1.00    5.826    0.088 0.000 0.093    0.039 0.082 0.038   -125280    0 
585300:    1.00    5.746    0.086 0.000 0.107    0.032 0.090 0.041   -125254    0 
585400:    1.00    5.600    0.079 0.000 0.088    0.031 0.083 0.039   -125277    0 
585500:    1.00    5.673    0.109 0.000 0.092    0.036 0.075 0.032   -125277    0 
585600:    1.00    5.844    0.091 0.000 0.077    0.033 0.083 0.042   -125238    0 
585700:    1.00    5.690    0.131 0.000 0.077    0.045 0.098 0.036   -125270    0 
585800:    1.00    5.556    0.110 0.000 0.089    0.045 0.109 0.043   -125211    0 
585900:    1.00    6.192    0.110 0.000 0.100    0.039 0.082 0.037   -125295    0 

--------------------------------------------
Proportion of membership of each pre-defined
 population in each of the 3 clusters

Given    Inferred Clusters       Number of
 Pop       1      2      3      Individuals

  1:     0.332  0.334  0.335      358
  2:     0.334  0.334  0.332      1039
  3:     0.325  0.332  0.343      603
--------------------------------------------

  Rep#:   Lambda   Alpha      F1    F2    F3     D1,2  D1,3  D2,3    Ln Like  Est Ln P(D)
586000:    1.00    6.007    0.117 0.000 0.099    0.038 0.079 0.035   -125306    0 
586100:    1.00    6.123    0.159 0.000 0.082    0.051 0.090 0.028   -125276    0 
586200:    1.00    6.172    0.187 0.000 0.072    0.055 0.091 0.033   -125247    0 
586300:    1.00    6.092    0.148 0.000 0.075    0.056 0.081 0.027   -125305    0 
586400:    1.00    6.292    0.135 0.000 0.070    0.056 0.086 0.024   -125316    0 
586500:    1.00    6.201    0.122 0.000 0.082    0.052 0.075 0.026   -125317    0 
586600:    1.00    6.305    0.124 0.000 0.053    0.062 0.095 0.024   -125244    0 
586700:    1.00    6.100    0.134 0.000 0.058    0.048 0.080 0.026   -125271    0 
586800:    1.00    5.855    0.112 0.000 0.057    0.049 0.078 0.025   -125283    0 
586900:    1.00    6.058    0.140 0.000 0.064    0.052 0.075 0.023   -125311    0 

--------------------------------------------
Proportion of membership of each pre-defined
 population in each of the 3 clusters

Given    Inferred Clusters       Number of
 Pop       1      2      3      Individuals

  1:     0.339  0.322  0.339      358
  2:     0.331  0.334  0.335      1039
  3:     0.331  0.334  0.335      603
--------------------------------------------

  Rep#:   Lambda   Alpha      F1    F2    F3     D1,2  D1,3  D2,3    Ln Like  Est Ln P(D)
587000:    1.00    6.208    0.104 0.000 0.066    0.050 0.072 0.026   -125295    0 
587100:    1.00    6.530    0.122 0.000 0.074    0.054 0.068 0.021   -125329    0 
587200:    1.00    6.019    0.150 0.000 0.059    0.053 0.076 0.025   -125289    0 
587300:    1.00    6.442    0.123 0.000 0.067    0.054 0.069 0.022   -125342    0 
587400:    1.00    6.939    0.144 0.000 0.056    0.053 0.079 0.024   -125352    0 
587500:    1.00    7.378    0.149 0.000 0.080    0.056 0.091 0.027   -125321    0 
587600:    1.00    7.385    0.102 0.000 0.061    0.044 0.081 0.027   -125384    0 
587700:    1.00    7.120    0.107 0.000 0.079    0.042 0.064 0.026   -125351    0 
587800:    1.00    6.695    0.111 0.000 0.088    0.042 0.058 0.024   -125375    0 
587900:    1.00    6.844    0.083 0.000 0.074    0.042 0.068 0.025   -125330    0 

--------------------------------------------
Proportion of membership of each pre-defined
 population in each of the 3 clusters

Given    Inferred Clusters       Number of
 Pop       1      2      3      Individuals

  1:     0.326  0.336  0.338      358
  2:     0.334  0.337  0.329      1039
  3:     0.333  0.338  0.329      603
--------------------------------------------

  Rep#:   Lambda   Alpha      F1    F2    F3     D1,2  D1,3  D2,3    Ln Like  Est Ln P(D)
588000:    1.00    6.820    0.100 0.000 0.063    0.045 0.084 0.024   -125322    0 
588100:    1.00    6.493    0.071 0.000 0.061    0.038 0.053 0.021   -125439    0 
588200:    1.00    6.018    0.099 0.000 0.067    0.043 0.070 0.024   -125252    0 
588300:    1.00    5.847    0.113 0.000 0.088    0.041 0.071 0.028   -125249    0 
588400:    1.00    5.979    0.118 0.000 0.063    0.039 0.059 0.023   -125317    0 
588500:    1.00    5.938    0.105 0.000 0.052    0.044 0.077 0.026   -125236    0 
588600:    1.00    5.829    0.094 0.000 0.065    0.037 0.068 0.029   -125325    0 
588700:    1.00    5.518    0.091 0.000 0.096    0.035 0.084 0.038   -125272    0 
588800:    1.00    5.209    0.086 0.000 0.100    0.043 0.077 0.032   -125290    0 
588900:    1.00    5.410    0.101 0.000 0.091    0.054 0.091 0.034   -125209    0 

--------------------------------------------
Proportion of membership of each pre-defined
 population in each of the 3 clusters

Given    Inferred Clusters       Number of
 Pop       1      2      3      Individuals

  1:     0.330  0.336  0.334      358
  2:     0.334  0.334  0.332      1039
  3:     0.328  0.339  0.332      603
--------------------------------------------

  Rep#:   Lambda   Alpha      F1    F2    F3     D1,2  D1,3  D2,3    Ln Like  Est Ln P(D)
589000:    1.00    5.248    0.119 0.000 0.090    0.045 0.083 0.031   -125246    0 
589100:    1.00    5.660    0.089 0.000 0.077    0.037 0.073 0.032   -125323    0 
589200:    1.00    5.537    0.079 0.000 0.062    0.038 0.072 0.029   -125248    0 
589300:    1.00    5.141    0.085 0.000 0.054    0.037 0.053 0.017   -125340    0 
589400:    1.00    5.188    0.106 0.000 0.067    0.042 0.056 0.022   -125269    0 
589500:    1.00    5.156    0.124 0.000 0.075    0.046 0.069 0.029   -125213    0 
589600:    1.00    4.860    0.101 0.000 0.076    0.042 0.067 0.028   -125243    0 
589700:    1.00    5.172    0.096 0.000 0.106    0.039 0.063 0.028   -125250    0 
589800:    1.00    4.960    0.105 0.000 0.067    0.036 0.069 0.029   -125257    0 
589900:    1.00    4.510    0.110 0.000 0.075    0.038 0.055 0.025   -125253    0 

--------------------------------------------
Proportion of membership of each pre-defined
 population in each of the 3 clusters

Given    Inferred Clusters       Number of
 Pop       1      2      3      Individuals

  1:     0.328  0.332  0.340      358
  2:     0.337  0.333  0.330      1039
  3:     0.332  0.339  0.329      603
--------------------------------------------

  Rep#:   Lambda   Alpha      F1    F2    F3     D1,2  D1,3  D2,3    Ln Like  Est Ln P(D)
590000:    1.00    4.520    0.103 0.000 0.064    0.033 0.050 0.022   -125280    0 
590100:    1.00    4.344    0.120 0.000 0.071    0.037 0.065 0.028   -125188    0 
590200:    1.00    4.364    0.118 0.000 0.060    0.041 0.063 0.022   -125232    0 
590300:    1.00    4.461    0.119 0.000 0.096    0.037 0.074 0.029   -125160    0 
590400:    1.00    4.221    0.074 0.000 0.061    0.033 0.059 0.024   -125254    0 
590500:    1.00    4.263    0.076 0.000 0.083    0.043 0.077 0.026   -125163    0 
590600:    1.00    4.018    0.093 0.000 0.066    0.036 0.065 0.023   -125131    0 
590700:    1.00    4.119    0.078 0.000 0.086    0.031 0.063 0.030   -125271    0 
590800:    1.00    4.520    0.128 0.000 0.068    0.028 0.057 0.034   -125240    0 
590900:    1.00    4.276    0.078 0.000 0.051    0.030 0.055 0.027   -125290    0 

--------------------------------------------
Proportion of membership of each pre-defined
 population in each of the 3 clusters

Given    Inferred Clusters       Number of
 Pop       1      2      3      Individuals

  1:     0.320  0.341  0.339      358
  2:     0.337  0.329  0.334      1039
  3:     0.336  0.328  0.335      603
--------------------------------------------

  Rep#:   Lambda   Alpha      F1    F2    F3     D1,2  D1,3  D2,3    Ln Like  Est Ln P(D)
591000:    1.00    4.197    0.100 0.000 0.061    0.036 0.067 0.025   -125248    0 
591100:    1.00    4.162    0.083 0.000 0.067    0.030 0.062 0.025   -125265    0 
591200:    1.00    4.074    0.092 0.000 0.055    0.029 0.051 0.019   -125227    0 
591300:    1.00    4.082    0.078 0.000 0.060    0.026 0.057 0.021   -125227    0 
591400:    1.00    4.185    0.086 0.000 0.074    0.025 0.047 0.017   -125307    0 
591500:    1.00    4.515    0.066 0.000 0.047    0.020 0.039 0.015   -125348    0 
591600:    1.00    4.474    0.109 0.000 0.053    0.032 0.065 0.020   -125257    0 
591700:    1.00    4.557    0.131 0.000 0.056    0.036 0.063 0.027   -125242    0 
591800:    1.00    4.370    0.081 0.000 0.066    0.036 0.064 0.030   -125203    0 
591900:    1.00    4.279    0.074 0.000 0.071    0.033 0.065 0.029   -125210    0 

--------------------------------------------
Proportion of membership of each pre-defined
 population in each of the 3 clusters

Given    Inferred Clusters       Number of
 Pop       1      2      3      Individuals

  1:     0.338  0.326  0.336      358
  2:     0.328  0.337  0.336      1039
  3:     0.330  0.334  0.336      603
--------------------------------------------

  Rep#:   Lambda   Alpha      F1    F2    F3     D1,2  D1,3  D2,3    Ln Like  Est Ln P(D)
592000:    1.00    4.732    0.107 0.000 0.071    0.032 0.059 0.028   -125240    0 
592100:    1.00    4.847    0.096 0.000 0.075    0.031 0.071 0.032   -125238    0 
592200:    1.00    4.634    0.099 0.000 0.074    0.030 0.075 0.041   -125109    0 
592300:    1.00    4.655    0.116 0.000 0.089    0.039 0.072 0.035   -125178    0 
592400:    1.00    4.460    0.104 0.000 0.067    0.040 0.075 0.031   -125216    0 
592500:    1.00    4.724    0.100 0.000 0.068    0.035 0.057 0.026   -125266    0 
592600:    1.00    4.897    0.092 0.000 0.087    0.034 0.078 0.033   -125217    0 
592700:    1.00    4.969    0.103 0.000 0.076    0.035 0.079 0.037   -125233    0 
592800:    1.00    5.051    0.078 0.000 0.067    0.032 0.065 0.030   -125332    0 
592900:    1.00    5.285    0.082 0.000 0.086    0.031 0.077 0.031   -125270    0 

--------------------------------------------
Proportion of membership of each pre-defined
 population in each of the 3 clusters

Given    Inferred Clusters       Number of
 Pop       1      2      3      Individuals

  1:     0.335  0.335  0.330      358
  2:     0.331  0.334  0.335      1039
  3:     0.339  0.330  0.331      603
--------------------------------------------

  Rep#:   Lambda   Alpha      F1    F2    F3     D1,2  D1,3  D2,3    Ln Like  Est Ln P(D)
593000:    1.00    5.205    0.079 0.000 0.080    0.032 0.068 0.030   -125262    0 
593100:    1.00    5.015    0.098 0.000 0.075    0.039 0.072 0.025   -125254    0 
593200:    1.00    4.938    0.098 0.000 0.112    0.033 0.072 0.033   -125273    0 
593300:    1.00    4.876    0.101 0.000 0.096    0.040 0.082 0.029   -125169    0 
593400:    1.00    5.086    0.104 0.000 0.092    0.037 0.073 0.030   -125266    0 
593500:    1.00    5.164    0.100 0.000 0.090    0.042 0.082 0.030   -125238    0 
593600:    1.00    5.379    0.124 0.000 0.107    0.045 0.087 0.033   -125239    0 
593700:    1.00    5.372    0.122 0.000 0.079    0.055 0.087 0.024   -125216    0 
593800:    1.00    5.160    0.132 0.000 0.072    0.044 0.060 0.023   -125262    0 
593900:    1.00    5.481    0.155 0.000 0.069    0.050 0.077 0.033   -125232    0 

--------------------------------------------
Proportion of membership of each pre-defined
 population in each of the 3 clusters

Given    Inferred Clusters       Number of
 Pop       1      2      3      Individuals

  1:     0.328  0.336  0.337      358
  2:     0.329  0.332  0.339      1039
  3:     0.323  0.340  0.337      603
--------------------------------------------

  Rep#:   Lambda   Alpha      F1    F2    F3     D1,2  D1,3  D2,3    Ln Like  Est Ln P(D)
594000:    1.00    5.456    0.129 0.000 0.105    0.040 0.062 0.033   -125239    0 
594100:    1.00    5.510    0.106 0.000 0.090    0.042 0.081 0.039   -125283    0 
594200:    1.00    5.932    0.089 0.000 0.089    0.038 0.078 0.033   -125299    0 
594300:    1.00    6.110    0.131 0.000 0.103    0.040 0.085 0.032   -125222    0 
594400:    1.00    6.012    0.143 0.000 0.071    0.041 0.085 0.027   -125269    0 
594500:    1.00    6.063    0.153 0.000 0.081    0.043 0.091 0.029   -125262    0 
594600:    1.00    6.433    0.115 0.000 0.073    0.041 0.092 0.037   -125300    0 
594700:    1.00    6.860    0.106 0.000 0.089    0.044 0.104 0.039   -125267    0 
594800:    1.00    6.939    0.081 0.000 0.090    0.034 0.073 0.031   -125343    0 
594900:    1.00    7.090    0.103 0.000 0.069    0.046 0.078 0.024   -125354    0 

--------------------------------------------
Proportion of membership of each pre-defined
 population in each of the 3 clusters

Given    Inferred Clusters       Number of
 Pop       1      2      3      Individuals

  1:     0.326  0.331  0.343      358
  2:     0.328  0.335  0.337      1039
  3:     0.342  0.328  0.330      603
--------------------------------------------

  Rep#:   Lambda   Alpha      F1    F2    F3     D1,2  D1,3  D2,3    Ln Like  Est Ln P(D)
595000:    1.00    7.000    0.128 0.000 0.064    0.044 0.077 0.025   -125354    0 
595100:    1.00    6.925    0.113 0.000 0.068    0.047 0.081 0.031   -125355    0 
595200:    1.00    7.021    0.105 0.000 0.083    0.044 0.075 0.033   -125331    0 
595300:    1.00    7.241    0.132 0.000 0.085    0.054 0.087 0.031   -125352    0 
595400:    1.00    6.932    0.114 0.000 0.081    0.054 0.099 0.039   -125337    0 
595500:    1.00    6.654    0.129 0.000 0.076    0.055 0.087 0.027   -125296    0 
595600:    1.00    6.682    0.160 0.000 0.070    0.067 0.096 0.027   -125305    0 
595700:    1.00    6.519    0.121 0.000 0.084    0.059 0.085 0.031   -125280    0 
595800:    1.00    6.674    0.133 0.000 0.114    0.060 0.091 0.038   -125264    0 
595900:    1.00    6.978    0.110 0.000 0.089    0.052 0.073 0.033   -125405    0 

--------------------------------------------
Proportion of membership of each pre-defined
 population in each of the 3 clusters

Given    Inferred Clusters       Number of
 Pop       1      2      3      Individuals

  1:     0.335  0.333  0.333      358
  2:     0.332  0.330  0.338      1039
  3:     0.332  0.345  0.323      603
--------------------------------------------

  Rep#:   Lambda   Alpha      F1    F2    F3     D1,2  D1,3  D2,3    Ln Like  Est Ln P(D)
596000:    1.00    7.286    0.122 0.000 0.094    0.062 0.079 0.029   -125343    0 
596100:    1.00    7.185    0.194 0.000 0.120    0.070 0.106 0.044   -125272    0 
596200:    1.00    7.299    0.131 0.000 0.107    0.060 0.086 0.035   -125340    0 
596300:    1.00    7.580    0.174 0.000 0.083    0.068 0.099 0.031   -125350    0 
596400:    1.00    7.590    0.173 0.000 0.098    0.071 0.094 0.029   -125343    0 
596500:    1.00    7.471    0.182 0.000 0.078    0.067 0.107 0.032   -125277    0 
596600:    1.00    7.381    0.144 0.000 0.085    0.065 0.111 0.041   -125243    0 
596700:    1.00    7.409    0.198 0.000 0.090    0.069 0.116 0.039   -125278    0 
596800:    1.00    7.555    0.171 0.000 0.099    0.078 0.119 0.032   -125297    0 
596900:    1.00    7.827    0.178 0.000 0.096    0.062 0.088 0.032   -125332    0 

--------------------------------------------
Proportion of membership of each pre-defined
 population in each of the 3 clusters

Given    Inferred Clusters       Number of
 Pop       1      2      3      Individuals

  1:     0.329  0.334  0.337      358
  2:     0.334  0.332  0.334      1039
  3:     0.331  0.327  0.342      603
--------------------------------------------

  Rep#:   Lambda   Alpha      F1    F2    F3     D1,2  D1,3  D2,3    Ln Like  Est Ln P(D)
597000:    1.00    7.617    0.198 0.000 0.083    0.070 0.110 0.033   -125276    0 
597100:    1.00    7.813    0.143 0.000 0.068    0.067 0.083 0.028   -125361    0 
597200:    1.00    7.837    0.152 0.000 0.101    0.074 0.105 0.041   -125251    0 
597300:    1.00    7.799    0.167 0.000 0.067    0.082 0.095 0.028   -125304    0 
597400:    1.00    7.565    0.145 0.000 0.129    0.075 0.101 0.036   -125294    0 
597500:    1.00    7.488    0.153 0.000 0.085    0.070 0.092 0.031   -125312    0 
597600:    1.00    7.212    0.147 0.000 0.083    0.069 0.111 0.037   -125293    0 
597700:    1.00    7.121    0.152 0.000 0.125    0.060 0.104 0.043   -125271    0 
597800:    1.00    6.963    0.140 0.000 0.097    0.054 0.085 0.036   -125251    0 
597900:    1.00    7.025    0.140 0.000 0.102    0.050 0.083 0.040   -125295    0 

--------------------------------------------
Proportion of membership of each pre-defined
 population in each of the 3 clusters

Given    Inferred Clusters       Number of
 Pop       1      2      3      Individuals

  1:     0.337  0.332  0.331      358
  2:     0.335  0.329  0.336      1039
  3:     0.335  0.340  0.324      603
--------------------------------------------

  Rep#:   Lambda   Alpha      F1    F2    F3     D1,2  D1,3  D2,3    Ln Like  Est Ln P(D)
598000:    1.00    6.921    0.125 0.000 0.112    0.053 0.098 0.042   -125336    0 
598100:    1.00    6.388    0.105 0.000 0.109    0.042 0.081 0.036   -125312    0 
598200:    1.00    6.870    0.120 0.000 0.094    0.039 0.069 0.034   -125307    0 
598300:    1.00    6.737    0.104 0.000 0.069    0.048 0.077 0.029   -125325    0 
598400:    1.00    6.582    0.099 0.000 0.079    0.050 0.075 0.027   -125307    0 
598500:    1.00    6.294    0.110 0.000 0.083    0.046 0.069 0.028   -125324    0 
598600:    1.00    6.074    0.109 0.000 0.091    0.047 0.077 0.032   -125283    0 
598700:    1.00    6.010    0.111 0.000 0.075    0.045 0.078 0.031   -125308    0 
598800:    1.00    6.280    0.139 0.000 0.082    0.053 0.081 0.027   -125287    0 
598900:    1.00    6.483    0.140 0.000 0.092    0.059 0.110 0.037   -125332    0 

--------------------------------------------
Proportion of membership of each pre-defined
 population in each of the 3 clusters

Given    Inferred Clusters       Number of
 Pop       1      2      3      Individuals

  1:     0.333  0.334  0.333      358
  2:     0.333  0.329  0.337      1039
  3:     0.327  0.344  0.330      603
--------------------------------------------

  Rep#:   Lambda   Alpha      F1    F2    F3     D1,2  D1,3  D2,3    Ln Like  Est Ln P(D)
599000:    1.00    6.704    0.164 0.000 0.057    0.049 0.073 0.025   -125312    0 
599100:    1.00    6.404    0.117 0.000 0.060    0.052 0.082 0.021   -125380    0 
599200:    1.00    6.609    0.126 0.000 0.061    0.042 0.065 0.024   -125349    0 
599300:    1.00    6.441    0.151 0.000 0.090    0.046 0.094 0.032   -125292    0 
599400:    1.00    6.283    0.142 0.000 0.092    0.046 0.099 0.034   -125228    0 
599500:    1.00    6.642    0.105 0.000 0.105    0.046 0.100 0.041   -125300    0 
599600:    1.00    6.994    0.104 0.000 0.113    0.040 0.099 0.041   -125356    0 
599700:    1.00    7.176    0.130 0.000 0.109    0.045 0.085 0.034   -125315    0 
599800:    1.00    7.274    0.115 0.000 0.086    0.046 0.073 0.032   -125371    0 
599900:    1.00    7.485    0.128 0.000 0.084    0.052 0.096 0.032   -125367    0 
600000:    1.00    7.386    0.149 0.000 0.091    0.055 0.098 0.030   -125321    0 

MCMC completed

Inferred ancestry of individuals:
        Label (%Miss) Pop:  Inferred clusters
  1 CP00019943    (0)    2 :  0.325 0.346 0.329 
  2 CP00019945    (0)    2 :  0.329 0.351 0.319 
  3 CP00019948    (0)    2 :  0.341 0.318 0.340 
  4 CP00019939    (0)    2 :  0.328 0.352 0.320 
  5 CP00019944    (0)    2 :  0.328 0.350 0.322 
  6 CP00019712    (0)    2 :  0.337 0.330 0.333 
  7 CP00019695    (0)    2 :  0.349 0.306 0.344 
  8 CP00019928    (0)    2 :  0.347 0.301 0.352 
  9 CP00019983    (0)    2 :  0.338 0.333 0.329 
 10 CP00019707    (0)    2 :  0.327 0.349 0.325 
 11 CP00020015    (0)    2 :  0.333 0.332 0.335 
 12 CP00019692    (0)    2 :  0.343 0.306 0.350 
 13 CP00019715    (0)    2 :  0.334 0.329 0.337 
 14 CP00019713    (0)    2 :  0.346 0.308 0.346 
 15 CP00019708    (0)    2 :  0.341 0.326 0.333 
 16 CP00019699    (0)    2 :  0.347 0.315 0.338 
 17 CP00019681    (0)    2 :  0.338 0.324 0.338 
 18 CP00019680    (0)    2 :  0.328 0.347 0.326 
 19 CP00019679    (0)    2 :  0.331 0.347 0.322 
 20 CP00019927    (0)    2 :  0.327 0.341 0.332 
 21 CP00019690    (0)    2 :  0.331 0.339 0.329 
 22 CP00019687    (0)    2 :  0.326 0.348 0.326 
 23 CP00019701    (0)    2 :  0.329 0.341 0.330 
 24 CP00019709    (0)    2 :  0.312 0.371 0.317 
 25 CP00019717    (0)    2 :  0.346 0.308 0.347 
 26 CP00019718    (0)    2 :  0.345 0.305 0.349 
 27 CP00020007    (0)    2 :  0.341 0.311 0.348 
 28 CP00019934    (0)    2 :  0.347 0.309 0.344 
 29 CP00019979    (0)    2 :  0.346 0.308 0.346 
 30 CP00019935    (0)    2 :  0.348 0.297 0.355 
 31 CP00020005    (0)    2 :  0.343 0.310 0.347 
 32 CP00019988    (0)    2 :  0.319 0.362 0.319 
 33 CP00019685    (0)    2 :  0.335 0.325 0.341 
 34 CP00019706    (0)    2 :  0.335 0.339 0.326 
 35 CP00019703    (0)    2 :  0.335 0.338 0.327 
 36 CP00019704    (0)    2 :  0.334 0.328 0.338 
 37 CP00019705    (0)    2 :  0.323 0.355 0.323 
 38 CP00019710    (0)    2 :  0.328 0.337 0.336 
 39 CP00019940    (0)    2 :  0.344 0.316 0.341 
 40 CP00019985    (0)    2 :  0.314 0.368 0.318 
 41 CP00020006    (0)    2 :  0.337 0.331 0.333 
 42 CP00019981    (0)    2 :  0.342 0.322 0.337 
 43 CP00020003    (0)    2 :  0.337 0.321 0.341 
 44 CP00020004    (0)    2 :  0.340 0.317 0.343 
 45 CP00019946    (0)    2 :  0.341 0.320 0.339 
 46 CP00019941    (0)    2 :  0.350 0.295 0.355 
 47 CP00020002    (0)    2 :  0.343 0.317 0.340 
 48 CP00020323    (0)    2 :  0.324 0.365 0.311 
 49 CP00020008    (0)    2 :  0.335 0.330 0.335 
 50 CP00019716    (0)    2 :  0.335 0.321 0.344 
 51 CP00019982    (0)    2 :  0.345 0.314 0.341 
 52 CP00019942    (0)    2 :  0.345 0.306 0.349 
 53 CP00020018    (0)    2 :  0.330 0.336 0.334 
 54 CP00019933    (0)    2 :  0.317 0.357 0.326 
 55 CP00020019    (0)    2 :  0.338 0.318 0.343 
 56 CP00019688    (0)    2 :  0.345 0.302 0.353 
 57 CP00019926    (0)    2 :  0.330 0.344 0.327 
 58 CP00020001    (0)    2 :  0.321 0.353 0.326 
 59 CP00019698    (0)    2 :  0.303 0.388 0.308 
 60 CP00019672    (0)    2 :  0.337 0.328 0.335 
 61 CP00019673    (0)    2 :  0.339 0.328 0.333 
 62 CP00019691    (0)    2 :  0.309 0.378 0.313 
 63 CP00019947    (0)    2 :  0.327 0.343 0.330 
 64 CP00019676    (0)    2 :  0.347 0.308 0.345 
 65 CP00020000    (0)    2 :  0.336 0.336 0.328 
 66 CP00019674    (0)    2 :  0.337 0.318 0.344 
 67 CP00019989    (0)    2 :  0.309 0.378 0.313 
 68 CP00020017    (0)    2 :  0.324 0.359 0.317 
 69 CP00019686    (0)    2 :  0.302 0.392 0.306 
 70 CP00019980    (0)    2 :  0.326 0.347 0.327 
 71 CP00020016    (0)    2 :  0.337 0.325 0.338 
 72 CP00019978    (0)    2 :  0.352 0.295 0.353 
 73 CP00019720    (0)    2 :  0.326 0.343 0.330 
 74 CP00019693    (0)    2 :  0.329 0.347 0.325 
 75 CP00019998    (0)    2 :  0.346 0.314 0.340 
 76 CP00019694    (0)    2 :  0.332 0.333 0.335 
 77 CP00019675    (0)    2 :  0.341 0.316 0.343 
 78 CP00019671    (0)    2 :  0.326 0.348 0.326 
 79 CP00019714    (0)    2 :  0.345 0.297 0.358 
 80 CP00019937    (0)    2 :  0.336 0.327 0.337 
 81 CP00020324    (0)    2 :  0.337 0.316 0.347 
 82 CP00020020    (0)    2 :  0.315 0.373 0.312 
 83 CP00019696    (0)    2 :  0.342 0.322 0.336 
 84 CP00019689    (0)    2 :  0.331 0.335 0.334 
 85 CP00019702    (0)    2 :  0.321 0.359 0.320 
 86 CP00019993    (0)    2 :  0.339 0.325 0.337 
 87 CP00019999    (0)    2 :  0.320 0.362 0.318 
 88 CP00019700    (0)    2 :  0.328 0.345 0.328 
 89 CP00019936    (0)    2 :  0.342 0.318 0.341 
 90 CP00019984    (0)    2 :  0.343 0.326 0.331 
 91 CP00019684    (0)    2 :  0.335 0.330 0.335 
 92 CP00019719    (0)    2 :  0.333 0.325 0.342 
 93 CP00020103    (0)    2 :  0.315 0.370 0.315 
 94 CP00020105    (0)    2 :  0.336 0.326 0.338 
 95 CP00020072    (0)    2 :  0.335 0.326 0.339 
 96 CP00020086    (0)    2 :  0.338 0.330 0.332 
 97 CP00020107    (0)    2 :  0.324 0.349 0.327 
 98 CP00020106    (0)    2 :  0.345 0.318 0.337 
 99 CP00020089    (0)    2 :  0.346 0.300 0.354 
100 CP00020094    (0)    2 :  0.343 0.315 0.343 
101 CP00020037    (0)    2 :  0.326 0.346 0.328 
102 CP00020069    (0)    2 :  0.322 0.353 0.324 
103 CP00020112    (0)    2 :  0.352 0.311 0.337 
104 CP00020083    (0)    2 :  0.332 0.345 0.322 
105 CP00020099    (0)    2 :  0.332 0.339 0.329 
106 CP00020092    (0)    2 :  0.333 0.335 0.333 
107 CP00020097    (0)    2 :  0.345 0.311 0.344 
108 CP00020098    (0)    2 :  0.329 0.341 0.330 
109 CP00020102    (0)    2 :  0.345 0.302 0.353 
110 CP00020117    (0)    2 :  0.344 0.300 0.356 
111 CP00020085    (0)    2 :  0.335 0.332 0.333 
112 CP00020078    (0)    2 :  0.315 0.371 0.314 
113 CP00020111    (0)    2 :  0.344 0.313 0.343 
114 CP00020053    (0)    2 :  0.333 0.326 0.341 
115 CP00020021    (0)    2 :  0.333 0.331 0.335 
116 CP00020041    (0)    2 :  0.336 0.317 0.347 
117 CP00020047    (0)    2 :  0.351 0.308 0.341 
118 CP00020064    (0)    2 :  0.316 0.371 0.313 
119 CP00020065    (0)    2 :  0.339 0.320 0.341 
120 CP00020046    (0)    2 :  0.345 0.310 0.345 
121 CP00020025    (0)    2 :  0.328 0.348 0.324 
122 CP00020022    (0)    2 :  0.338 0.326 0.336 
123 CP00020028    (0)    2 :  0.345 0.311 0.344 
124 CP00020062    (0)    2 :  0.342 0.310 0.348 
125 CP00020023    (0)    2 :  0.349 0.307 0.344 
126 CP00020059    (0)    2 :  0.318 0.355 0.327 
127 CP00020060    (0)    2 :  0.345 0.304 0.351 
128 CP00020057    (0)    2 :  0.347 0.311 0.342 
129 CP00020119    (0)    2 :  0.333 0.325 0.342 
130 CP00020073    (0)    2 :  0.337 0.332 0.332 
131 CP00020055    (0)    2 :  0.343 0.307 0.349 
132 CP00020071    (0)    2 :  0.330 0.343 0.326 
133 CP00020087    (0)    2 :  0.330 0.344 0.326 
134 CP00020116    (0)    2 :  0.343 0.318 0.340 
135 CP00020052    (0)    2 :  0.352 0.308 0.340 
136 CP00020067    (0)    2 :  0.330 0.338 0.332 
137 CP00020070    (0)    2 :  0.341 0.314 0.346 
138 CP00020036    (0)    2 :  0.342 0.323 0.336 
139 CP00020029    (0)    2 :  0.336 0.336 0.328 
140 CP00020031    (0)    2 :  0.339 0.332 0.329 
141 CP00020108    (0)    2 :  0.349 0.307 0.343 
142 CP00020109    (0)    2 :  0.325 0.349 0.326 
143 CP00020101    (0)    2 :  0.328 0.340 0.332 
144 CP00020076    (0)    2 :  0.333 0.330 0.337 
145 CP00020104    (0)    2 :  0.342 0.316 0.342 
146 CP00020077    (0)    2 :  0.348 0.313 0.339 
147 CP00020088    (0)    2 :  0.346 0.309 0.345 
148 CP00020100    (0)    2 :  0.329 0.337 0.334 
149 CP00020096    (0)    2 :  0.347 0.297 0.356 
150 CP00020095    (0)    2 :  0.342 0.317 0.341 
151 CP00020090    (0)    2 :  0.332 0.346 0.322 
152 CP00020061    (0)    2 :  0.346 0.311 0.343 
153 CP00020093    (0)    2 :  0.338 0.338 0.324 
154 CP00020058    (0)    2 :  0.339 0.330 0.332 
155 CP00020056    (0)    2 :  0.345 0.311 0.343 
156 CP00020054    (0)    2 :  0.326 0.342 0.331 
157 CP00020034    (0)    2 :  0.343 0.321 0.336 
158 CP00020030    (0)    2 :  0.313 0.372 0.314 
159 CP00020066    (0)    2 :  0.344 0.307 0.350 
160 CP00020068    (0)    2 :  0.321 0.357 0.322 
161 CP00020032    (0)    2 :  0.326 0.352 0.322 
162 CP00020039    (0)    2 :  0.341 0.307 0.352 
163 CP00020038    (0)    2 :  0.332 0.331 0.338 
164 CP00020026    (0)    2 :  0.342 0.316 0.342 
165 CP00020048    (0)    2 :  0.331 0.340 0.330 
166 CP00020079    (0)    2 :  0.345 0.316 0.340 
167 CP00020120    (0)    2 :  0.336 0.329 0.334 
168 CP00020074    (0)    2 :  0.343 0.323 0.334 
169 CP00020115    (0)    2 :  0.349 0.294 0.356 
170 CP00020080    (0)    2 :  0.338 0.323 0.339 
171 CP00020091    (0)    2 :  0.315 0.373 0.312 
172 CP00020081    (0)    2 :  0.350 0.300 0.351 
173 CP00020082    (0)    2 :  0.329 0.350 0.320 
174 CP00019591    (0)    2 :  0.340 0.316 0.343 
175 CP00019572    (0)    2 :  0.323 0.345 0.333 
176 CP00020202    (0)    2 :  0.344 0.314 0.342 
177 CP00019610    (0)    2 :  0.317 0.369 0.314 
178 CP00019595    (0)    2 :  0.340 0.308 0.353 
179 CP00019607    (0)    2 :  0.321 0.357 0.323 
180 CP00020203    (0)    2 :  0.323 0.358 0.319 
181 CP00020187    (0)    2 :  0.329 0.345 0.326 
182 CP00020185    (0)    2 :  0.326 0.344 0.330 
183 CP00020206    (0)    2 :  0.330 0.337 0.333 
184 CP00020190    (0)    2 :  0.339 0.324 0.337 
185 CP00020209    (0)    2 :  0.332 0.324 0.344 
186 CP00020200    (0)    2 :  0.322 0.353 0.324 
187 CP00020213    (0)    2 :  0.334 0.333 0.333 
188 CP00020218    (0)    2 :  0.317 0.363 0.320 
189 CP00020186    (0)    2 :  0.330 0.338 0.332 
190 CP00019575    (0)    2 :  0.329 0.343 0.329 
191 CP00020215    (0)    2 :  0.328 0.336 0.336 
192 CP00020219    (0)    2 :  0.315 0.375 0.310 
193 CP00020180    (0)    2 :  0.347 0.307 0.346 
194 CP00019612    (0)    2 :  0.341 0.325 0.333 
195 CP00020220    (0)    2 :  0.328 0.344 0.328 
196 CP00020217    (0)    2 :  0.339 0.315 0.346 
197 CP00020216    (0)    2 :  0.336 0.322 0.341 
198 CP00020211    (0)    2 :  0.337 0.324 0.339 
199 CP00020212    (0)    2 :  0.343 0.315 0.342 
200 CP00020205    (0)    2 :  0.320 0.352 0.329 
201 CP00019614    (0)    2 :  0.331 0.330 0.339 
202 CP00020177    (0)    2 :  0.335 0.320 0.344 
203 CP00019587    (0)    2 :  0.333 0.332 0.335 
204 CP00019602    (0)    2 :  0.333 0.338 0.329 
205 CP00019605    (0)    2 :  0.327 0.345 0.328 
206 CP00019590    (0)    2 :  0.322 0.338 0.339 
207 CP00019592    (0)    2 :  0.343 0.322 0.334 
208 CP00019603    (0)    2 :  0.348 0.302 0.350 
209 CP00019597    (0)    2 :  0.323 0.367 0.310 
210 CP00019582    (0)    2 :  0.337 0.331 0.332 
211 CP00019578    (0)    2 :  0.333 0.334 0.333 
212 CP00020176    (0)    2 :  0.330 0.342 0.328 
213 CP00020173    (0)    2 :  0.335 0.333 0.332 
214 CP00019580    (0)    2 :  0.337 0.330 0.333 
215 CP00019571    (0)    2 :  0.330 0.329 0.340 
216 CP00020192    (0)    2 :  0.327 0.354 0.319 
217 CP00020208    (0)    2 :  0.344 0.310 0.346 
218 CP00020188    (0)    2 :  0.323 0.345 0.333 
219 CP00020171    (0)    2 :  0.322 0.356 0.322 
220 CP00020195    (0)    2 :  0.336 0.330 0.334 
221 CP00020196    (0)    2 :  0.338 0.331 0.331 
222 CP00020261    (0)    2 :  0.338 0.324 0.338 
223 CP00020181    (0)    2 :  0.343 0.316 0.340 
224 CP00020183    (0)    2 :  0.339 0.327 0.334 
225 CP00020199    (0)    2 :  0.343 0.311 0.346 
226 CP00020182    (0)    2 :  0.345 0.317 0.338 
227 CP00019609    (0)    2 :  0.317 0.364 0.319 
228 CP00019588    (0)    2 :  0.323 0.352 0.325 
229 CP00019598    (0)    2 :  0.343 0.311 0.346 
230 CP00019604    (0)    2 :  0.326 0.347 0.327 
231 CP00019615    (0)    2 :  0.342 0.321 0.337 
232 CP00020214    (0)    2 :  0.320 0.356 0.324 
233 CP00020184    (0)    2 :  0.348 0.304 0.347 
234 CP00020172    (0)    2 :  0.312 0.368 0.320 
235 CP00020179    (0)    2 :  0.314 0.362 0.324 
236 CP00019586    (0)    2 :  0.351 0.303 0.346 
237 CP00019583    (0)    2 :  0.344 0.310 0.346 
238 CP00019599    (0)    2 :  0.349 0.306 0.345 
239 CP00019596    (0)    2 :  0.339 0.338 0.323 
240 CP00019589    (0)    2 :  0.349 0.305 0.346 
241 CP00019606    (0)    2 :  0.339 0.317 0.344 
242 CP00020178    (0)    2 :  0.337 0.316 0.346 
243 CP00020175    (0)    2 :  0.343 0.318 0.339 
244 CP00020174    (0)    2 :  0.333 0.330 0.337 
245 CP00019584    (0)    2 :  0.331 0.333 0.336 
246 CP00019574    (0)    2 :  0.330 0.339 0.331 
247 CP00020204    (0)    2 :  0.343 0.326 0.332 
248 CP00019611    (0)    2 :  0.324 0.346 0.330 
249 CP00020201    (0)    2 :  0.343 0.321 0.336 
250 CP00020210    (0)    2 :  0.305 0.389 0.306 
251 CP00020207    (0)    2 :  0.334 0.332 0.334 
252 CP00020194    (0)    2 :  0.335 0.332 0.333 
253 CP00020191    (0)    2 :  0.343 0.316 0.341 
254 CP00020193    (0)    2 :  0.333 0.331 0.335 
255 CP00019619    (0)    2 :  0.321 0.356 0.324 
256 CP00020398    (0)    2 :  0.341 0.321 0.338 
257 CP00020377    (0)    2 :  0.339 0.332 0.329 
258 CP00020412    (0)    2 :  0.339 0.325 0.335 
259 CP00020400    (0)    2 :  0.348 0.297 0.355 
260 CP00020399    (0)    2 :  0.322 0.342 0.335 
261 CP00020379    (0)    2 :  0.336 0.325 0.339 
262 CP00020393    (0)    2 :  0.338 0.325 0.337 
263 CP00020411    (0)    2 :  0.338 0.317 0.345 
264 CP00020374    (0)    2 :  0.335 0.323 0.343 
265 CP00019876    (0)    2 :  0.331 0.335 0.335 
266 CP00019892    (0)    2 :  0.321 0.357 0.322 
267 CP00019919    (0)    2 :  0.319 0.360 0.321 
268 CP00020418    (0)    2 :  0.336 0.326 0.338 
269 CP00019893    (0)    2 :  0.347 0.307 0.346 
270 CP00019889    (0)    2 :  0.340 0.325 0.335 
271 CP00019904    (0)    2 :  0.348 0.310 0.342 
272 CP00019909    (0)    2 :  0.320 0.357 0.322 
273 CP00020392    (0)    2 :  0.346 0.307 0.347 
274 CP00020387    (0)    2 :  0.343 0.315 0.342 
275 CP00019872    (0)    2 :  0.335 0.319 0.346 
276 CP00020395    (0)    2 :  0.332 0.338 0.330 
277 CP00020378    (0)    2 :  0.320 0.363 0.317 
278 CP00020417    (0)    2 :  0.323 0.354 0.324 
279 CP00019887    (0)    2 :  0.347 0.309 0.343 
280 CP00019884    (0)    2 :  0.323 0.356 0.321 
281 CP00019907    (0)    2 :  0.319 0.370 0.312 
282 CP00019874    (0)    2 :  0.338 0.322 0.339 
283 CP00019881    (0)    2 :  0.325 0.340 0.335 
284 CP00019871    (0)    2 :  0.333 0.321 0.346 
285 CP00019878    (0)    2 :  0.344 0.313 0.343 
286 CP00019901    (0)    2 :  0.341 0.323 0.337 
287 CP00019879    (0)    2 :  0.349 0.319 0.332 
288 CP00019902    (0)    2 :  0.320 0.369 0.312 
289 CP00019913    (0)    2 :  0.343 0.315 0.342 
290 CP00019875    (0)    2 :  0.303 0.391 0.306 
291 CP00019912    (0)    2 :  0.325 0.342 0.333 
292 CP00019898    (0)    2 :  0.317 0.362 0.321 
293 CP00019910    (0)    2 :  0.345 0.312 0.342 
294 CP00020416    (0)    2 :  0.336 0.330 0.335 
295 CP00020396    (0)    2 :  0.337 0.332 0.331 
296 CP00019900    (0)    2 :  0.335 0.335 0.330 
297 CP00019899    (0)    2 :  0.337 0.333 0.330 
298 CP00019883    (0)    2 :  0.331 0.336 0.333 
299 CP00020409    (0)    2 :  0.329 0.333 0.338 
300 CP00020415    (0)    2 :  0.323 0.350 0.327 
301 CP00020419    (0)    2 :  0.330 0.348 0.322 
302 CP00019905    (0)    2 :  0.332 0.336 0.332 
303 CP00020385    (0)    2 :  0.348 0.302 0.349 
304 CP00019920    (0)    2 :  0.331 0.335 0.334 
305 CP00019890    (0)    2 :  0.339 0.318 0.343 
306 CP00019896    (0)    2 :  0.335 0.328 0.337 
307 CP00020382    (0)    2 :  0.320 0.353 0.327 
308 CP00020381    (0)    2 :  0.329 0.340 0.331 
309 CP00020384    (0)    2 :  0.329 0.343 0.329 
310 CP00020410    (0)    2 :  0.334 0.327 0.339 
311 CP00019915    (0)    2 :  0.338 0.330 0.332 
312 CP00019885    (0)    2 :  0.312 0.380 0.307 
313 CP00020371    (0)    2 :  0.308 0.376 0.316 
314 CP00020372    (0)    2 :  0.327 0.349 0.324 
315 CP00020402    (0)    2 :  0.334 0.335 0.330 
316 CP00020414    (0)    2 :  0.319 0.365 0.316 
317 CP00020386    (0)    2 :  0.343 0.323 0.334 
318 CP00020389    (0)    2 :  0.324 0.342 0.334 
319 CP00020388    (0)    2 :  0.339 0.329 0.331 
320 CP00020413    (3)    2 :  0.332 0.341 0.327 
321 CP00020376    (0)    2 :  0.338 0.317 0.344 
322 CP00020407    (0)    2 :  0.335 0.334 0.331 
323 CP00020406    (0)    2 :  0.345 0.318 0.338 
324 CP00019873    (0)    2 :  0.337 0.317 0.346 
325 CP00019888    (0)    2 :  0.316 0.361 0.322 
326 CP00019877    (0)    2 :  0.329 0.346 0.325 
327 CP00019894    (0)    2 :  0.332 0.334 0.335 
328 CP00020375    (0)    2 :  0.305 0.389 0.306 
329 CP00020404    (0)    2 :  0.327 0.334 0.339 
330 CP00020391    (0)    2 :  0.344 0.327 0.329 
331 CP00020380    (0)    2 :  0.329 0.337 0.334 
332 CP00020408    (0)    2 :  0.346 0.307 0.348 
333 CP00020397    (0)    2 :  0.335 0.331 0.333 
334 CP00019891    (0)    2 :  0.326 0.348 0.326 
335 CP00019917    (0)    2 :  0.326 0.349 0.326 
336 CP00019906    (0)    2 :  0.342 0.312 0.346 
337 CP00019916    (0)    2 :  0.334 0.330 0.336 
338 CP00019908    (0)    2 :  0.343 0.317 0.341 
339 CP00020373    (0)    2 :  0.341 0.320 0.340 
340 CP00020383    (0)    2 :  0.330 0.329 0.341 
341 CP00019882    (0)    2 :  0.332 0.337 0.331 
342 CP00019903    (0)    2 :  0.319 0.357 0.324 
343 CP00020401    (0)    2 :  0.336 0.324 0.340 
344 CP00020403    (0)    2 :  0.336 0.320 0.343 
345 CP00019886    (0)    2 :  0.333 0.333 0.334 
346 CP00020405    (0)    2 :  0.316 0.361 0.323 
347 CP00020390    (0)    2 :  0.342 0.315 0.343 
348 CP00019911    (0)    2 :  0.331 0.335 0.334 
349 CP00019897    (0)    2 :  0.324 0.345 0.331 
350 CP00020420    (0)    2 :  0.339 0.311 0.350 
351 CP00019895    (0)    2 :  0.328 0.341 0.331 
352 CP00019918    (0)    2 :  0.309 0.372 0.319 
353 CP00019808    (0)    2 :  0.330 0.337 0.333 
354 CP00019779    (0)    2 :  0.340 0.310 0.349 
355 CP00019789    (0)    2 :  0.350 0.295 0.355 
356 CP00019791    (0)    2 :  0.343 0.308 0.349 
357 CP00019799    (0)    2 :  0.310 0.374 0.316 
358 CP00019790    (0)    2 :  0.325 0.352 0.322 
359 CP00019834    (0)    2 :  0.345 0.298 0.357 
360 CP00019801    (0)    2 :  0.342 0.319 0.339 
361 CP00019782    (0)    2 :  0.307 0.389 0.304 
362 CP00019867    (0)    2 :  0.333 0.339 0.328 
363 CP00019845    (0)    2 :  0.317 0.362 0.321 
364 CP00019792    (0)    2 :  0.334 0.338 0.328 
365 CP00019860    (0)    2 :  0.328 0.341 0.331 
366 CP00019858    (0)    2 :  0.338 0.326 0.336 
367 CP00019856    (0)    2 :  0.326 0.351 0.323 
368 CP00019857    (0)    2 :  0.350 0.297 0.353 
369 CP00019828    (0)    2 :  0.328 0.346 0.326 
370 CP00019821    (0)    2 :  0.324 0.355 0.321 
371 CP00019863    (0)    2 :  0.332 0.340 0.329 
372 CP00019846    (0)    2 :  0.332 0.337 0.331 
373 CP00019825    (0)    2 :  0.321 0.354 0.325 
374 CP00019824    (0)    2 :  0.328 0.342 0.331 
375 CP00019838    (0)    2 :  0.340 0.322 0.338 
376 CP00019868    (0)    2 :  0.343 0.301 0.356 
377 CP00019835    (0)    2 :  0.337 0.322 0.340 
378 CP00019836    (0)    2 :  0.338 0.328 0.334 
379 CP00019870    (0)    2 :  0.345 0.312 0.343 
380 CP00019833    (0)    2 :  0.325 0.345 0.330 
381 CP00019826    (0)    2 :  0.337 0.329 0.334 
382 CP00019837    (0)    2 :  0.326 0.344 0.331 
383 CP00019830    (0)    2 :  0.316 0.371 0.313 
384 CP00019822    (0)    2 :  0.336 0.333 0.331 
385 CP00019866    (0)    2 :  0.346 0.302 0.352 
386 CP00019829    (0)    2 :  0.339 0.322 0.339 
387 CP00019841    (0)    2 :  0.348 0.308 0.344 
388 CP00019831    (0)    2 :  0.344 0.306 0.350 
389 CP00019774    (0)    2 :  0.338 0.330 0.332 
390 CP00019847    (0)    2 :  0.337 0.317 0.345 
391 CP00019851    (0)    2 :  0.312 0.382 0.306 
392 CP00019844    (0)    2 :  0.345 0.314 0.341 
393 CP00019823    (0)    2 :  0.331 0.332 0.337 
394 CP00019842    (0)    2 :  0.337 0.329 0.334 
395 CP00019859    (0)    2 :  0.340 0.317 0.343 
396 CP00019827    (0)    2 :  0.334 0.332 0.334 
397 CP00019862    (0)    2 :  0.334 0.326 0.340 
398 CP00019864    (0)    2 :  0.334 0.342 0.325 
399 CP00019861    (0)    2 :  0.320 0.355 0.325 
400 CP00019865    (0)    2 :  0.346 0.315 0.339 
401 CP00019819    (0)    2 :  0.334 0.328 0.338 
402 CP00019778    (0)    2 :  0.328 0.343 0.329 
403 CP00019796    (0)    2 :  0.342 0.316 0.342 
404 CP00019803    (0)    2 :  0.331 0.338 0.331 
405 CP00019804    (0)    2 :  0.340 0.312 0.348 
406 CP00019775    (0)    2 :  0.346 0.315 0.339 
407 CP00019780    (0)    2 :  0.336 0.332 0.332 
408 CP00019820    (0)    2 :  0.334 0.326 0.341 
409 CP00019787    (0)    2 :  0.320 0.343 0.336 
410 CP00019771    (0)    2 :  0.346 0.307 0.348 
411 CP00019793    (0)    2 :  0.343 0.307 0.350 
412 CP00019788    (0)    2 :  0.328 0.348 0.324 
413 CP00019781    (0)    2 :  0.340 0.323 0.337 
414 CP00019797    (0)    2 :  0.322 0.352 0.326 
415 CP00019807    (0)    2 :  0.334 0.325 0.341 
416 CP00019800    (0)    2 :  0.337 0.331 0.332 
417 CP00019813    (0)    2 :  0.341 0.305 0.354 
418 CP00019814    (0)    2 :  0.340 0.319 0.341 
419 CP00019772    (0)    2 :  0.330 0.353 0.317 
420 CP00019794    (0)    2 :  0.321 0.351 0.328 
421 CP00019839    (0)    2 :  0.333 0.341 0.327 
422 CP00019854    (0)    2 :  0.339 0.314 0.347 
423 CP00019852    (0)    2 :  0.340 0.316 0.344 
424 CP00019855    (0)    2 :  0.331 0.342 0.328 
425 CP00019805    (0)    2 :  0.325 0.345 0.330 
426 CP00019843    (0)    2 :  0.342 0.312 0.346 
427 CP00019811    (0)    2 :  0.336 0.324 0.340 
428 CP00019817    (0)    2 :  0.346 0.318 0.336 
429 CP00019832    (0)    2 :  0.324 0.346 0.330 
430 CP00019773    (0)    2 :  0.333 0.327 0.339 
431 CP00019850    (0)    2 :  0.328 0.350 0.322 
432 CP00019853    (0)    2 :  0.338 0.320 0.343 
433 CP00019785    (0)    2 :  0.335 0.337 0.328 
434 CP00019815    (0)    2 :  0.342 0.325 0.332 
435 CP00019809    (0)    2 :  0.340 0.321 0.339 
436 CP00019840    (0)    2 :  0.328 0.339 0.333 
437 CP00019776    (0)    2 :  0.343 0.316 0.341 
438 CP00019816    (0)    2 :  0.324 0.352 0.324 
439 CP00019810    (0)    2 :  0.328 0.347 0.325 
440 CP00019848    (0)    2 :  0.339 0.328 0.333 
441 CP00019806    (0)    2 :  0.341 0.326 0.333 
442 CP00019812    (0)    2 :  0.348 0.291 0.361 
443 CP00019818    (0)    2 :  0.353 0.298 0.349 
444 CP00019849    (0)    2 :  0.334 0.335 0.330 
445 CP00019786    (0)    2 :  0.337 0.333 0.330 
446 CP00019783    (0)    2 :  0.341 0.328 0.332 
447 CP00019802    (0)    2 :  0.332 0.335 0.333 
448 CP00020014    (0)    2 :  0.337 0.329 0.334 
449 CP00021063    (0)    2 :  0.316 0.367 0.317 
450 CP00021052    (3)    2 :  0.339 0.333 0.328 
451 CP00019924    (0)    2 :  0.340 0.317 0.343 
452 CP00020013    (0)    2 :  0.315 0.373 0.312 
453 CP00019953    (0)    2 :  0.342 0.322 0.336 
454 CP00021046    (0)    2 :  0.321 0.353 0.326 
455 CP00019969    (0)    2 :  0.330 0.330 0.339 
456 CP00021024    (0)    2 :  0.318 0.369 0.313 
457 CP00019990    (0)    2 :  0.342 0.314 0.344 
458 CP00019976    (0)    2 :  0.328 0.343 0.330 
459 CP00019975    (0)    2 :  0.317 0.360 0.322 
460 CP00019994    (0)    2 :  0.346 0.301 0.353 
461 CP00020266    (0)    2 :  0.350 0.313 0.337 
462 CP00019977    (0)    2 :  0.354 0.298 0.348 
463 CP00021043    (0)    2 :  0.310 0.380 0.311 
464 CP00021030    (0)    2 :  0.341 0.322 0.337 
465 CP00019959    (0)    2 :  0.315 0.367 0.318 
466 CP00019997    (0)    2 :  0.338 0.324 0.338 
467 CP00019929    (0)    2 :  0.333 0.323 0.345 
468 CP00021047    (0)    2 :  0.332 0.338 0.331 
469 CP00019677    (0)    2 :  0.350 0.303 0.347 
470 CP00020322    (0)    2 :  0.340 0.314 0.345 
471 CP00020265    (0)    2 :  0.340 0.312 0.347 
472 CP00021036    (0)    2 :  0.353 0.299 0.349 
473 CP00020328    (0)    2 :  0.330 0.338 0.333 
474 CP00020267    (0)    2 :  0.347 0.308 0.345 
475 CP00021045    (0)    2 :  0.345 0.326 0.329 
476 CP00021038    (0)    2 :  0.326 0.349 0.325 
477 CP00021027    (0)    2 :  0.344 0.312 0.343 
478 CP00020330    (0)    2 :  0.339 0.316 0.345 
479 CP00019957    (0)    2 :  0.341 0.315 0.344 
480 CP00019956    (0)    2 :  0.329 0.332 0.338 
481 CP00021025    (0)    2 :  0.338 0.317 0.345 
482 CP00021040    (0)    2 :  0.330 0.338 0.332 
483 CP00021044    (0)    2 :  0.311 0.374 0.314 
484 CP00021051    (0)    2 :  0.322 0.347 0.331 
485 CP00021058    (0)    2 :  0.349 0.311 0.340 
486 CP00019932    (0)    2 :  0.339 0.333 0.328 
487 CP00021060    (0)    2 :  0.347 0.299 0.354 
488 CP00021032    (0)    2 :  0.321 0.356 0.322 
489 CP00021048    (0)    2 :  0.339 0.303 0.357 
490 CP00021034    (0)    2 :  0.338 0.327 0.335 
491 CP00020262    (0)    2 :  0.339 0.317 0.344 
492 CP00021050    (0)    2 :  0.328 0.346 0.326 
493 CP00019950    (0)    2 :  0.339 0.320 0.341 
494 CP00019921    (0)    2 :  0.336 0.329 0.334 
495 CP00021023    (0)    2 :  0.321 0.353 0.326 
496 CP00019996    (0)    2 :  0.342 0.310 0.348 
497 CP00019949    (0)    2 :  0.342 0.315 0.343 
498 CP00019970    (0)    2 :  0.336 0.332 0.333 
499 CP00020329    (0)    2 :  0.326 0.356 0.317 
500 CP00019930    (0)    2 :  0.338 0.325 0.336 
501 CP00020009    (0)    2 :  0.345 0.318 0.337 
502 CP00021039    (0)    2 :  0.325 0.353 0.322 
503 CP00021061    (0)    2 :  0.330 0.341 0.329 
504 CP00021021    (0)    2 :  0.332 0.337 0.331 
505 CP00020327    (0)    2 :  0.326 0.346 0.328 
506 CP00021028    (0)    2 :  0.339 0.304 0.357 
507 CP00020263    (0)    2 :  0.348 0.311 0.342 
508 CP00019960    (0)    2 :  0.310 0.384 0.306 
509 CP00019922    (0)    2 :  0.343 0.314 0.343 
510 CP00019995    (0)    2 :  0.324 0.345 0.331 
511 CP00021062    (0)    2 :  0.343 0.314 0.343 
512 CP00021059    (0)    2 :  0.330 0.326 0.344 
513 CP00020011    (0)    2 :  0.335 0.326 0.339 
514 CP00019951    (0)    2 :  0.319 0.363 0.318 
515 CP00020268    (0)    2 :  0.342 0.321 0.336 
516 CP00019678    (0)    2 :  0.330 0.339 0.331 
517 CP00019952    (0)    2 :  0.319 0.357 0.324 
518 CP00021037    (0)    2 :  0.332 0.341 0.327 
519 CP00021042    (0)    2 :  0.336 0.318 0.346 
520 CP00021041    (0)    2 :  0.316 0.367 0.318 
521 CP00020010    (0)    2 :  0.340 0.322 0.338 
522 CP00021056    (0)    2 :  0.323 0.361 0.316 
523 CP00020012    (0)    2 :  0.329 0.344 0.327 
524 CP00021031    (0)    2 :  0.331 0.341 0.328 
525 CP00019958    (0)    2 :  0.344 0.313 0.343 
526 CP00019971    (0)    2 :  0.337 0.316 0.348 
527 CP00021026    (0)    2 :  0.343 0.317 0.341 
528 CP00020321    (0)    2 :  0.345 0.319 0.335 
529 CP00019972    (0)    2 :  0.319 0.365 0.316 
530 CP00021035    (0)    2 :  0.319 0.349 0.333 
531 CP00020264    (0)    2 :  0.342 0.319 0.339 
532 CP00021049    (0)    2 :  0.333 0.328 0.339 
533 CP00021033    (0)    2 :  0.314 0.366 0.319 
534 CP00019954    (0)    2 :  0.337 0.324 0.339 
535 CP00019931    (0)    2 :  0.341 0.307 0.353 
536 CP00021054    (0)    2 :  0.344 0.313 0.343 
537 CP00021029    (0)    2 :  0.316 0.368 0.316 
538 CP00021053    (0)    2 :  0.336 0.332 0.333 
539 CP00021022    (0)    2 :  0.319 0.359 0.322 
540 CP00021055    (0)    2 :  0.359 0.294 0.347 
541 CP00020718    (0)    2 :  0.345 0.310 0.345 
542 CP00020716    (0)    2 :  0.349 0.296 0.355 
543 CP00020696    (0)    2 :  0.326 0.348 0.326 
544 CP00020714    (0)    2 :  0.338 0.318 0.344 
545 CP00020682    (0)    2 :  0.336 0.331 0.332 
546 CP00020698    (0)    2 :  0.346 0.314 0.340 
547 CP00020697    (0)    2 :  0.319 0.365 0.317 
548 CP00020688    (0)    2 :  0.337 0.322 0.340 
549 CP00020687    (0)    2 :  0.342 0.322 0.336 
550 CP00020675    (0)    2 :  0.337 0.332 0.331 
551 CP00020717    (0)    2 :  0.335 0.327 0.338 
552 CP00020676    (0)    2 :  0.333 0.329 0.338 
553 CP00020704    (0)    2 :  0.344 0.305 0.351 
554 CP00020686    (0)    2 :  0.346 0.315 0.340 
555 CP00020699    (0)    2 :  0.326 0.351 0.323 
556 CP00020700    (0)    2 :  0.320 0.349 0.330 
557 CP00020689    (0)    2 :  0.334 0.343 0.323 
558 CP00020566    (0)    2 :  0.348 0.307 0.345 
559 CP00020360    (0)    2 :  0.346 0.311 0.343 
560 CP00020345    (0)    2 :  0.341 0.317 0.342 
561 CP00020357    (0)    2 :  0.348 0.317 0.335 
562 CP00020352    (0)    2 :  0.338 0.321 0.340 
563 CP00020353    (0)    2 :  0.343 0.318 0.338 
564 CP00020342    (0)    2 :  0.338 0.324 0.337 
565 CP00020367    (0)    2 :  0.304 0.392 0.304 
566 CP00020561    (0)    2 :  0.350 0.312 0.337 
567 CP00020343    (0)    2 :  0.340 0.330 0.330 
568 CP00020569    (0)    2 :  0.346 0.311 0.343 
569 CP00020554    (0)    2 :  0.336 0.330 0.334 
570 CP00020355    (0)    2 :  0.336 0.324 0.340 
571 CP00020356    (0)    2 :  0.340 0.313 0.347 
572 CP00020562    (0)    2 :  0.305 0.388 0.307 
573 CP00020563    (0)    2 :  0.332 0.334 0.334 
574 CP00020564    (0)    2 :  0.327 0.353 0.321 
575 CP00020341    (0)    2 :  0.325 0.357 0.317 
576 CP00020695    (0)    2 :  0.355 0.294 0.350 
577 CP00020363    (0)    2 :  0.340 0.325 0.335 
578 CP00020362    (0)    2 :  0.347 0.302 0.351 
579 CP00020359    (0)    2 :  0.331 0.331 0.337 
580 CP00020551    (0)    2 :  0.336 0.326 0.338 
581 CP00020365    (0)    2 :  0.335 0.324 0.340 
582 CP00020712    (0)    2 :  0.329 0.340 0.331 
583 CP00020556    (0)    2 :  0.340 0.301 0.358 
584 CP00020559    (0)    2 :  0.341 0.322 0.337 
585 CP00020350    (0)    2 :  0.340 0.313 0.347 
586 CP00020570    (0)    2 :  0.338 0.325 0.337 
587 CP00020552    (0)    2 :  0.342 0.314 0.343 
588 CP00020560    (0)    2 :  0.339 0.324 0.337 
589 CP00020567    (0)    2 :  0.333 0.334 0.333 
590 CP00020346    (0)    2 :  0.343 0.317 0.340 
591 CP00020347    (0)    2 :  0.351 0.315 0.335 
592 CP00020558    (0)    2 :  0.336 0.320 0.344 
593 CP00020557    (0)    2 :  0.341 0.327 0.332 
594 CP00020361    (0)    2 :  0.324 0.351 0.325 
595 CP00020368    (0)    2 :  0.333 0.332 0.334 
596 CP00020348    (0)    2 :  0.315 0.361 0.324 
597 CP00020370    (0)    2 :  0.338 0.327 0.334 
598 CP00020358    (0)    2 :  0.336 0.340 0.324 
599 CP00020349    (0)    2 :  0.334 0.335 0.332 
600 CP00020553    (0)    2 :  0.329 0.345 0.326 
601 CP00020344    (0)    2 :  0.341 0.307 0.352 
602 CP00020555    (0)    2 :  0.338 0.323 0.339 
603 CP00020354    (0)    2 :  0.345 0.317 0.338 
604 CP00020565    (0)    2 :  0.349 0.302 0.349 
605 CP00020690    (0)    2 :  0.342 0.328 0.330 
606 CP00020702    (0)    2 :  0.333 0.339 0.328 
607 CP00020711    (0)    2 :  0.344 0.303 0.353 
608 CP00020692    (0)    2 :  0.328 0.349 0.323 
609 CP00020685    (0)    2 :  0.343 0.319 0.339 
610 CP00020703    (0)    2 :  0.342 0.320 0.337 
611 CP00020681    (0)    2 :  0.328 0.338 0.334 
612 CP00020706    (0)    2 :  0.327 0.344 0.329 
613 CP00020710    (0)    2 :  0.330 0.329 0.341 
614 CP00020672    (0)    2 :  0.340 0.316 0.344 
615 CP00020677    (0)    2 :  0.332 0.335 0.333 
616 CP00020691    (0)    2 :  0.341 0.318 0.340 
617 CP00020680    (0)    2 :  0.335 0.335 0.330 
618 CP00020709    (0)    2 :  0.327 0.344 0.329 
619 CP00020679    (0)    2 :  0.319 0.351 0.330 
620 CP00020671    (0)    2 :  0.327 0.342 0.330 
621 CP00020719    (0)    2 :  0.336 0.326 0.338 
622 CP00020693    (0)    2 :  0.342 0.319 0.339 
623 CP00020708    (0)    2 :  0.330 0.340 0.330 
624 CP00020705    (0)    2 :  0.336 0.327 0.336 
625 CP00020720    (0)    2 :  0.348 0.315 0.337 
626 CP00020707    (0)    2 :  0.334 0.339 0.327 
627 CP00020674    (0)    2 :  0.328 0.342 0.330 
628 CP00020673    (0)    2 :  0.344 0.304 0.352 
629 CP00020701    (0)    2 :  0.310 0.378 0.312 
630 CP00020713    (0)    2 :  0.330 0.338 0.332 
631 CP00020715    (0)    2 :  0.333 0.337 0.330 
632 CP00017120    (0)    2 :  0.346 0.311 0.344 
633 CP00017077    (0)    2 :  0.340 0.313 0.347 
634 CP00017117    (0)    2 :  0.329 0.346 0.325 
635 CP00017100    (0)    2 :  0.331 0.338 0.331 
636 CP00017118    (0)    2 :  0.344 0.314 0.342 
637 CP00017083    (0)    2 :  0.343 0.322 0.335 
638 CP00017085    (0)    2 :  0.346 0.304 0.349 
639 CP00017097    (0)    2 :  0.319 0.360 0.320 
640 CP00017092    (0)    2 :  0.327 0.347 0.326 
641 CP00017038    (0)    2 :  0.346 0.310 0.344 
642 CP00017067    (0)    2 :  0.337 0.338 0.325 
643 CP00017017    (0)    3 :  0.330 0.345 0.325 
644 CP00017012    (0)    3 :  0.326 0.352 0.322 
645 CP00017036    (0)    2 :  0.331 0.345 0.325 
646 CP00017040    (0)    2 :  0.317 0.363 0.320 
647 CP00017046    (0)    2 :  0.317 0.369 0.314 
648 CP00017059    (0)    2 :  0.325 0.348 0.327 
649 CP00017043    (0)    2 :  0.337 0.325 0.338 
650 CP00017080    (0)    2 :  0.313 0.358 0.328 
651 CP00017079    (0)    2 :  0.316 0.366 0.318 
652 CP00017056    (0)    2 :  0.341 0.317 0.342 
653 CP00017057    (0)    2 :  0.325 0.353 0.323 
654 CP00017058    (0)    2 :  0.337 0.329 0.334 
655 CP00017087    (0)    2 :  0.314 0.378 0.309 
656 CP00017072    (0)    2 :  0.336 0.327 0.337 
657 CP00017075    (0)    2 :  0.325 0.351 0.323 
658 CP00017078    (0)    2 :  0.335 0.318 0.346 
659 CP00017053    (0)    2 :  0.322 0.353 0.324 
660 CP00017052    (0)    2 :  0.332 0.326 0.342 
661 CP00017119    (0)    2 :  0.335 0.333 0.332 
662 CP00017099    (0)    2 :  0.340 0.320 0.340 
663 CP00017095    (0)    2 :  0.334 0.329 0.337 
664 CP00017115    (0)    2 :  0.346 0.312 0.342 
665 CP00017091    (0)    2 :  0.306 0.385 0.309 
666 CP00017098    (0)    2 :  0.330 0.341 0.329 
667 CP00017116    (0)    2 :  0.350 0.314 0.336 
668 CP00017114    (0)    2 :  0.343 0.319 0.337 
669 CP00017061    (0)    2 :  0.343 0.315 0.341 
670 CP00017064    (0)    2 :  0.338 0.319 0.343 
671 CP00017021    (0)    2 :  0.349 0.310 0.341 
672 CP00017042    (0)    2 :  0.322 0.353 0.325 
673 CP00017018    (0)    3 :  0.322 0.355 0.323 
674 CP00017011    (0)    3 :  0.349 0.297 0.354 
675 CP00017049    (0)    2 :  0.345 0.318 0.337 
676 CP00017023    (0)    3 :  0.335 0.326 0.339 
677 CP00017014    (0)    3 :  0.339 0.327 0.333 
678 CP00017070    (0)    2 :  0.332 0.338 0.330 
679 CP00017109    (0)    2 :  0.311 0.376 0.313 
680 CP00017068    (0)    2 :  0.331 0.341 0.328 
681 CP00017025    (0)    3 :  0.325 0.352 0.324 
682 CP00017015    (0)    3 :  0.338 0.320 0.342 
683 CP00017020    (0)    3 :  0.351 0.310 0.339 
684 CP00017110    (0)    2 :  0.333 0.338 0.329 
685 CP00017016    (0)    3 :  0.325 0.334 0.340 
686 CP00017027    (0)    3 :  0.335 0.340 0.325 
687 CP00017048    (0)    2 :  0.351 0.304 0.345 
688 CP00017094    (0)    2 :  0.324 0.344 0.332 
689 CP00017022    (0)    3 :  0.314 0.368 0.318 
690 CP00017055    (0)    2 :  0.332 0.342 0.325 
691 CP00017054    (0)    2 :  0.339 0.323 0.338 
692 CP00017024    (0)    3 :  0.337 0.334 0.329 
693 CP00017030    (0)    3 :  0.333 0.332 0.335 
694 CP00017096    (0)    2 :  0.341 0.311 0.347 
695 CP00017065    (0)    2 :  0.347 0.324 0.329 
696 CP00017050    (0)    2 :  0.341 0.326 0.334 
697 CP00017063    (0)    2 :  0.349 0.307 0.344 
698 CP00017051    (0)    2 :  0.339 0.322 0.339 
699 CP00017013    (0)    3 :  0.321 0.362 0.317 
700 CP00017076    (0)    2 :  0.330 0.339 0.331 
701 CP00017073    (0)    2 :  0.349 0.308 0.343 
702 CP00017033    (0)    2 :  0.340 0.324 0.336 
703 CP00017028    (0)    3 :  0.330 0.338 0.331 
704 CP00017031    (0)    2 :  0.326 0.354 0.320 
705 CP00017026    (0)    3 :  0.333 0.324 0.343 
706 CP00017035    (0)    2 :  0.324 0.359 0.317 
707 CP00017029    (0)    3 :  0.331 0.336 0.333 
708 CP00017111    (0)    2 :  0.347 0.304 0.349 
709 CP00017044    (0)    2 :  0.343 0.312 0.345 
710 CP00017113    (0)    2 :  0.337 0.328 0.334 
711 CP00017041    (0)    2 :  0.350 0.302 0.348 
712 CP00017069    (0)    2 :  0.342 0.324 0.335 
713 CP00017019    (0)    3 :  0.305 0.393 0.302 
714 CP00017034    (0)    2 :  0.331 0.340 0.329 
715 CP00017002    (0)    3 :  0.338 0.319 0.343 
716 CP00017047    (0)    2 :  0.336 0.331 0.334 
717 CP00017060    (0)    2 :  0.323 0.352 0.325 
718 CP00017037    (0)    2 :  0.328 0.342 0.330 
719 CP00017112    (0)    2 :  0.331 0.341 0.328 
720 CP00017090    (0)    2 :  0.326 0.350 0.324 
721 CP00049957    (0)    2 :  0.330 0.346 0.324 
722 CP00049253    (0)    2 :  0.331 0.337 0.332 
723 CP00049224    (0)    2 :  0.332 0.332 0.336 
724 CP00049921    (0)    2 :  0.343 0.322 0.335 
725 CP00049412    (0)    2 :  0.338 0.320 0.342 
726 CP00049935    (0)    2 :  0.344 0.305 0.351 
727 CP00049959    (0)    2 :  0.319 0.364 0.317 
728 CP00049956    (0)    2 :  0.318 0.364 0.318 
729 CP00049958    (0)    2 :  0.327 0.341 0.333 
730 CP00049384    (0)    2 :  0.333 0.342 0.325 
731 CP00049386    (0)    2 :  0.332 0.327 0.341 
732 CP00049400    (0)    2 :  0.314 0.363 0.322 
733 CP00049392    (0)    2 :  0.344 0.323 0.334 
734 CP00049409    (0)    2 :  0.349 0.310 0.340 
735 CP00049394    (0)    2 :  0.325 0.344 0.331 
736 CP00049262    (0)    2 :  0.337 0.336 0.327 
737 CP00049939    (0)    2 :  0.333 0.332 0.335 
738 CP00049264    (0)    2 :  0.324 0.354 0.322 
739 CP00049221    (0)    2 :  0.340 0.320 0.340 
740 CP00049266    (0)    2 :  0.341 0.317 0.342 
741 CP00049391    (0)    2 :  0.320 0.365 0.315 
742 CP00049405    (0)    2 :  0.348 0.306 0.346 
743 CP00049404    (0)    2 :  0.343 0.318 0.339 
744 CP00049393    (0)    2 :  0.325 0.345 0.329 
745 CP00049408    (0)    2 :  0.348 0.308 0.345 
746 CP00049410    (0)    2 :  0.341 0.326 0.333 
747 CP00049407    (0)    2 :  0.340 0.326 0.334 
748 CP00049250    (0)    2 :  0.328 0.354 0.318 
749 CP00049255    (0)    2 :  0.329 0.347 0.324 
750 CP00049257    (0)    2 :  0.344 0.314 0.343 
751 CP00049258    (0)    2 :  0.335 0.316 0.349 
752 CP00049248    (0)    2 :  0.339 0.335 0.326 
753 CP00049251    (0)    2 :  0.324 0.338 0.338 
754 CP00049265    (0)    2 :  0.340 0.330 0.330 
755 CP00049385    (0)    2 :  0.327 0.343 0.330 
756 CP00049397    (0)    2 :  0.328 0.341 0.331 
757 CP00049398    (0)    2 :  0.333 0.331 0.336 
758 CP00049244    (0)    2 :  0.326 0.348 0.326 
759 CP00049406    (0)    2 :  0.325 0.354 0.322 
760 CP00049411    (0)    2 :  0.348 0.305 0.347 
761 CP00049399    (0)    2 :  0.338 0.328 0.334 
762 CP00049401    (0)    2 :  0.334 0.339 0.326 
763 CP00049403    (0)    2 :  0.335 0.342 0.323 
764 CP00049941    (0)    2 :  0.335 0.348 0.318 
765 CP00049955    (0)    2 :  0.342 0.320 0.338 
766 CP00049233    (0)    2 :  0.351 0.309 0.340 
767 CP00049228    (0)    2 :  0.329 0.335 0.336 
768 CP00049954    (0)    2 :  0.326 0.344 0.331 
769 CP00049944    (0)    2 :  0.348 0.316 0.337 
770 CP00049260    (0)    2 :  0.311 0.369 0.320 
771 CP00049268    (0)    2 :  0.351 0.302 0.346 
772 CP00049239    (0)    2 :  0.319 0.355 0.326 
773 CP00049946    (0)    2 :  0.344 0.304 0.353 
774 CP00049232    (0)    2 :  0.333 0.320 0.347 
775 CP00049256    (0)    2 :  0.334 0.333 0.333 
776 CP00049259    (0)    2 :  0.333 0.330 0.336 
777 CP00049943    (0)    2 :  0.346 0.312 0.342 
778 CP00049930    (0)    2 :  0.327 0.329 0.343 
779 CP00049388    (0)    2 :  0.328 0.350 0.323 
780 CP00049413    (0)    2 :  0.331 0.335 0.334 
781 CP00049230    (0)    2 :  0.326 0.338 0.336 
782 CP00049226    (0)    2 :  0.325 0.345 0.330 
783 CP00049925    (0)    2 :  0.331 0.338 0.331 
784 CP00049387    (0)    2 :  0.336 0.341 0.323 
785 CP00049241    (0)    2 :  0.322 0.358 0.321 
786 CP00049236    (0)    2 :  0.338 0.319 0.343 
787 CP00049225    (0)    2 :  0.341 0.333 0.325 
788 CP00049229    (0)    2 :  0.337 0.321 0.342 
789 CP00049960    (0)    2 :  0.346 0.317 0.336 
790 CP00049242    (0)    2 :  0.330 0.349 0.322 
791 CP00049940    (0)    2 :  0.338 0.321 0.341 
792 CP00049948    (0)    2 :  0.342 0.321 0.337 
793 CP00049949    (0)    2 :  0.323 0.360 0.317 
794 CP00049254    (0)    2 :  0.325 0.349 0.325 
795 CP00049267    (0)    2 :  0.307 0.382 0.311 
796 CP00049261    (0)    2 :  0.337 0.328 0.335 
797 CP00049235    (0)    2 :  0.334 0.341 0.325 
798 CP00049953    (0)    2 :  0.334 0.335 0.332 
799 CP00049923    (0)    2 :  0.320 0.362 0.318 
800 CP00049947    (0)    2 :  0.341 0.315 0.344 
801 CP00049234    (0)    2 :  0.323 0.360 0.317 
802 CP00049389    (0)    2 :  0.338 0.313 0.349 
803 CP00049414    (0)    2 :  0.324 0.348 0.328 
804 CP00049390    (0)    2 :  0.339 0.311 0.351 
805 CP00049402    (0)    2 :  0.323 0.357 0.319 
806 CP00049396    (0)    2 :  0.333 0.333 0.334 
807 CP00049934    (0)    2 :  0.337 0.333 0.330 
808 CP00049246    (0)    2 :  0.312 0.376 0.312 
809 CP00049238    (0)    2 :  0.337 0.329 0.334 
810 CP00049945    (0)    2 :  0.342 0.329 0.330 
811 CP00049938    (0)    2 :  0.326 0.346 0.329 
812 CP00049928    (0)    2 :  0.323 0.349 0.328 
813 CP00049247    (0)    2 :  0.341 0.324 0.335 
814 CP00049240    (0)    2 :  0.328 0.346 0.326 
815 CP00049237    (0)    2 :  0.337 0.323 0.340 
816 CP00049243    (0)    2 :  0.342 0.327 0.331 
817 CP00049926    (0)    2 :  0.321 0.359 0.320 
818 CP00049245    (0)    2 :  0.340 0.317 0.342 
819 CP00049936    (0)    2 :  0.334 0.328 0.338 
820 CP00049927    (0)    2 :  0.336 0.324 0.340 
821 CP00049924    (0)    2 :  0.340 0.317 0.343 
822 CP00049222    (0)    2 :  0.331 0.336 0.333 
823 CP00049922    (0)    2 :  0.307 0.382 0.311 
824 CP00020222    (0)    2 :  0.340 0.308 0.352 
825 CP00020248    (0)    2 :  0.335 0.328 0.337 
826 CP00020246    (0)    2 :  0.339 0.324 0.337 
827 CP00020250    (0)    2 :  0.342 0.308 0.349 
828 CP00020247    (0)    2 :  0.342 0.313 0.345 
829 CP00020245    (0)    2 :  0.335 0.329 0.337 
830 CP00020253    (0)    2 :  0.333 0.331 0.336 
831 CP00020254    (0)    2 :  0.331 0.340 0.330 
832 CP00020227    (0)    2 :  0.326 0.357 0.317 
833 CP00020252    (0)    2 :  0.329 0.347 0.323 
834 CP00020251    (0)    2 :  0.330 0.341 0.329 
835 CP00020241    (0)    2 :  0.348 0.297 0.354 
836 CP00020240    (0)    2 :  0.327 0.333 0.341 
837 CP00020258    (0)    2 :  0.317 0.373 0.310 
838 CP00020150    (0)    2 :  0.336 0.334 0.330 
839 CP00020128    (0)    2 :  0.328 0.341 0.330 
840 CP00020224    (0)    2 :  0.347 0.314 0.339 
841 CP00020136    (0)    2 :  0.333 0.328 0.339 
842 CP00020126    (0)    2 :  0.333 0.330 0.338 
843 CP00020151    (0)    2 :  0.331 0.338 0.330 
844 CP00020130    (0)    2 :  0.339 0.317 0.344 
845 CP00020123    (0)    2 :  0.326 0.340 0.334 
846 CP00020129    (0)    2 :  0.344 0.315 0.340 
847 CP00020225    (0)    2 :  0.350 0.303 0.347 
848 CP00020161    (0)    2 :  0.343 0.303 0.354 
849 CP00020138    (0)    2 :  0.334 0.336 0.329 
850 CP00020239    (0)    2 :  0.333 0.332 0.335 
851 CP00020259    (0)    2 :  0.343 0.311 0.346 
852 CP00020135    (0)    2 :  0.354 0.306 0.340 
853 CP00020238    (0)    2 :  0.327 0.341 0.332 
854 CP00020234    (0)    2 :  0.336 0.324 0.341 
855 CP00020273    (0)    2 :  0.344 0.319 0.337 
856 CP00020282    (0)    2 :  0.342 0.315 0.343 
857 CP00020158    (0)    2 :  0.338 0.320 0.342 
858 CP00020243    (0)    2 :  0.352 0.289 0.358 
859 CP00020221    (0)    2 :  0.330 0.334 0.336 
860 CP00020229    (0)    2 :  0.344 0.321 0.335 
861 CP00020276    (0)    2 :  0.348 0.318 0.334 
862 CP00020146    (0)    2 :  0.310 0.383 0.308 
863 CP00020124    (0)    2 :  0.334 0.340 0.326 
864 CP00020156    (0)    2 :  0.339 0.317 0.344 
865 CP00020145    (0)    2 :  0.338 0.327 0.335 
866 CP00020125    (0)    2 :  0.347 0.295 0.357 
867 CP00020278    (0)    2 :  0.327 0.341 0.331 
868 CP00020132    (0)    2 :  0.347 0.305 0.348 
869 CP00020137    (0)    2 :  0.337 0.327 0.336 
870 CP00020127    (0)    2 :  0.336 0.328 0.335 
871 CP00020131    (0)    2 :  0.346 0.310 0.344 
872 CP00020260    (0)    2 :  0.328 0.351 0.321 
873 CP00020155    (0)    2 :  0.322 0.359 0.320 
874 CP00020141    (0)    2 :  0.340 0.318 0.342 
875 CP00020143    (0)    2 :  0.348 0.302 0.350 
876 CP00020142    (0)    2 :  0.339 0.325 0.336 
877 CP00020256    (0)    2 :  0.349 0.308 0.342 
878 CP00020170    (0)    2 :  0.328 0.339 0.333 
879 CP00020140    (0)    2 :  0.347 0.308 0.346 
880 CP00020147    (0)    2 :  0.333 0.343 0.324 
881 CP00020163    (0)    2 :  0.346 0.296 0.359 
882 CP00020152    (0)    2 :  0.329 0.335 0.335 
883 CP00020139    (0)    2 :  0.327 0.350 0.323 
884 CP00020162    (0)    2 :  0.342 0.297 0.361 
885 CP00020166    (0)    2 :  0.336 0.330 0.334 
886 CP00020226    (0)    2 :  0.336 0.321 0.344 
887 CP00020154    (0)    2 :  0.338 0.326 0.336 
888 CP00020257    (0)    2 :  0.324 0.355 0.321 
889 CP00020242    (0)    2 :  0.341 0.316 0.343 
890 CP00020148    (0)    2 :  0.315 0.366 0.319 
891 CP00020271    (0)    2 :  0.350 0.291 0.359 
892 CP00020233    (0)    2 :  0.322 0.362 0.316 
893 CP00020275    (0)    2 :  0.329 0.338 0.333 
894 CP00020244    (3)    2 :  0.320 0.356 0.324 
895 CP00020230    (0)    2 :  0.338 0.333 0.329 
896 CP00020279    (0)    2 :  0.329 0.336 0.336 
897 CP00020159    (0)    2 :  0.337 0.332 0.331 
898 CP00020237    (0)    2 :  0.333 0.338 0.330 
899 CP00020231    (0)    2 :  0.347 0.319 0.334 
900 CP00020281    (0)    2 :  0.334 0.329 0.336 
901 CP00020167    (0)    2 :  0.346 0.305 0.349 
902 CP00020122    (0)    2 :  0.349 0.297 0.354 
903 CP00020121    (0)    2 :  0.340 0.319 0.342 
904 CP00020157    (0)    2 :  0.316 0.372 0.312 
905 CP00020144    (0)    2 :  0.336 0.333 0.332 
906 CP00020164    (0)    2 :  0.317 0.364 0.319 
907 CP00020165    (0)    2 :  0.332 0.335 0.333 
908 CP00020255    (0)    2 :  0.324 0.354 0.321 
909 CP00020134    (0)    2 :  0.348 0.303 0.350 
910 CP00020149    (0)    2 :  0.332 0.343 0.324 
911 CP00020160    (0)    2 :  0.323 0.352 0.325 
912 CP00020228    (0)    2 :  0.339 0.320 0.341 
913 CP00020272    (0)    2 :  0.334 0.331 0.336 
914 CP00020274    (0)    2 :  0.308 0.379 0.313 
915 CP00020235    (0)    2 :  0.340 0.320 0.340 
916 CP00020280    (0)    2 :  0.326 0.343 0.331 
917 CP00020232    (0)    2 :  0.330 0.331 0.339 
918 CP00020277    (0)    2 :  0.316 0.362 0.322 
919 CP00020236    (0)    2 :  0.328 0.345 0.327 
920 CP00020223    (0)    2 :  0.341 0.316 0.343 
921 CP00016184    (0)    3 :  0.327 0.345 0.327 
922 CP00016197    (0)    3 :  0.330 0.331 0.339 
923 CP00016020    (0)    1 :  0.336 0.334 0.330 
924 CP00016181    (0)    3 :  0.327 0.340 0.333 
925 CP00016212    (0)    3 :  0.346 0.323 0.331 
926 CP00016215    (0)    3 :  0.322 0.355 0.323 
927 CP00016040    (0)    3 :  0.313 0.377 0.310 
928 CP00016051    (0)    3 :  0.333 0.336 0.332 
929 CP00016211    (0)    3 :  0.345 0.303 0.352 
930 CP00016049    (0)    3 :  0.333 0.326 0.341 
931 CP00016177    (0)    3 :  0.349 0.307 0.344 
932 CP00016060    (0)    3 :  0.338 0.323 0.339 
933 CP00016216    (0)    3 :  0.332 0.342 0.326 
934 CP00016059    (0)    3 :  0.345 0.318 0.337 
935 CP00016058    (0)    3 :  0.329 0.339 0.332 
936 CP00016178    (0)    3 :  0.343 0.316 0.341 
937 CP00016055    (0)    3 :  0.344 0.318 0.337 
938 CP00016038    (0)    3 :  0.351 0.306 0.343 
939 CP00016056    (0)    3 :  0.324 0.360 0.316 
940 CP00016185    (0)    3 :  0.344 0.312 0.344 
941 CP00016053    (0)    3 :  0.328 0.343 0.329 
942 CP00016044    (0)    1 :  0.327 0.346 0.327 
943 CP00016173    (0)    3 :  0.344 0.310 0.345 
944 CP00016213    (0)    3 :  0.335 0.329 0.335 
945 CP00016043    (0)    1 :  0.320 0.361 0.319 
946 CP00016196    (0)    3 :  0.344 0.312 0.344 
947 CP00016034    (0)    3 :  0.325 0.354 0.321 
948 CP00016182    (0)    3 :  0.333 0.331 0.336 
949 CP00016042    (0)    1 :  0.343 0.318 0.340 
950 CP00016002    (0)    1 :  0.319 0.358 0.323 
951 CP00016006    (0)    1 :  0.334 0.330 0.336 
952 CP00016005    (0)    1 :  0.319 0.357 0.324 
953 CP00016019    (0)    1 :  0.330 0.339 0.332 
954 CP00016190    (0)    3 :  0.320 0.354 0.326 
955 CP00016036    (0)    3 :  0.347 0.308 0.345 
956 CP00016008    (0)    1 :  0.336 0.323 0.341 
957 CP00016183    (0)    3 :  0.327 0.353 0.320 
958 CP00016208    (0)    3 :  0.341 0.325 0.334 
959 CP00016203    (0)    3 :  0.338 0.335 0.328 
960 CP00016172    (0)    3 :  0.342 0.320 0.338 
961 CP00016194    (0)    3 :  0.330 0.337 0.333 
962 CP00016218    (0)    3 :  0.336 0.310 0.353 
963 CP00016205    (0)    3 :  0.354 0.297 0.349 
964 CP00016050    (0)    3 :  0.329 0.338 0.333 
965 CP00016199    (0)    3 :  0.330 0.336 0.334 
966 CP00016201    (0)    3 :  0.335 0.335 0.330 
967 CP00016200    (0)    3 :  0.343 0.320 0.337 
968 CP00016004    (0)    1 :  0.329 0.348 0.323 
969 CP00016032    (0)    3 :  0.357 0.296 0.347 
970 CP00016195    (0)    3 :  0.325 0.352 0.323 
971 CP00016033    (0)    3 :  0.331 0.338 0.331 
972 CP00016012    (0)    1 :  0.336 0.329 0.335 
973 CP00016192    (0)    3 :  0.333 0.332 0.335 
974 CP00016217    (0)    3 :  0.339 0.324 0.336 
975 CP00016007    (0)    1 :  0.319 0.364 0.317 
976 CP00016191    (0)    3 :  0.319 0.359 0.322 
977 CP00016013    (0)    1 :  0.352 0.302 0.345 
978 CP00016204    (0)    3 :  0.315 0.359 0.326 
979 CP00016016    (0)    1 :  0.326 0.343 0.331 
980 CP00016206    (0)    3 :  0.335 0.332 0.333 
981 CP00016202    (0)    3 :  0.337 0.334 0.329 
982 CP00016009    (0)    1 :  0.331 0.337 0.332 
983 CP00016018    (0)    1 :  0.348 0.299 0.353 
984 CP00016052    (0)    3 :  0.343 0.308 0.348 
985 CP00016035    (0)    3 :  0.339 0.321 0.340 
986 CP00016054    (0)    3 :  0.327 0.356 0.317 
987 CP00016037    (0)    3 :  0.343 0.322 0.336 
988 CP00016039    (0)    3 :  0.336 0.341 0.322 
989 CP00016047    (0)    3 :  0.327 0.340 0.333 
990 CP00016048    (0)    3 :  0.341 0.322 0.337 
991 CP00016179    (0)    3 :  0.328 0.341 0.331 
992 CP00016180    (3)    3 :  0.338 0.327 0.335 
993 CP00016057    (0)    3 :  0.326 0.345 0.329 
994 CP00016189    (0)    3 :  0.325 0.349 0.326 
995 CP00016210    (0)    3 :  0.326 0.338 0.336 
996 CP00016209    (0)    3 :  0.316 0.362 0.322 
997 CP00016220    (0)    3 :  0.327 0.353 0.320 
998 CP00016198    (0)    3 :  0.330 0.346 0.324 
999 CP00016003    (0)    1 :  0.321 0.365 0.314 
1000 CP00016207    (0)    3 :  0.323 0.356 0.321 
1001 CP00016014    (0)    1 :  0.336 0.326 0.338 
1002 CP00016045    (0)    1 :  0.331 0.341 0.328 
1003 CP00016187    (0)    3 :  0.348 0.313 0.339 
1004 CP00016186    (0)    3 :  0.346 0.298 0.357 
1005 CP00016188    (0)    3 :  0.338 0.325 0.337 
1006 CP00016046    (0)    3 :  0.347 0.300 0.353 
1007 CP00016011    (0)    1 :  0.338 0.319 0.343 
1008 CP00016041    (0)    1 :  0.340 0.314 0.346 
1009 CP00016171    (0)    3 :  0.333 0.338 0.330 
1010 CP00016219    (0)    3 :  0.329 0.343 0.328 
1011 CP00016031    (0)    3 :  0.330 0.333 0.337 
1012 CP00016193    (0)    3 :  0.346 0.297 0.357 
1013 CP00016229    (0)    2 :  0.341 0.314 0.345 
1014 CP00015060    (0)    2 :  0.335 0.323 0.342 
1015 CP00016251    (0)    2 :  0.333 0.334 0.334 
1016 CP00015026    (0)    2 :  0.346 0.300 0.354 
1017 CP00015055    (0)    2 :  0.347 0.307 0.346 
1018 CP00016240    (0)    1 :  0.318 0.366 0.315 
1019 CP00016266    (0)    1 :  0.350 0.308 0.343 
1020 CP00016257    (0)    2 :  0.322 0.365 0.313 
1021 CP00015024    (0)    2 :  0.326 0.351 0.322 
1022 CP00015025    (0)    2 :  0.309 0.380 0.311 
1023 CP00049493    (0)    2 :  0.327 0.352 0.322 
1024 CP00016252    (0)    2 :  0.339 0.314 0.347 
1025 CP00015040    (0)    2 :  0.342 0.318 0.340 
1026 CP00015058    (0)    1 :  0.332 0.332 0.336 
1027 CP00049491    (0)    1 :  0.330 0.342 0.327 
1028 CP00015046    (0)    1 :  0.321 0.350 0.329 
1029 CP00015028    (0)    1 :  0.336 0.326 0.338 
1030 CP00015047    (0)    1 :  0.341 0.320 0.339 
1031 CP00016226    (0)    1 :  0.307 0.386 0.307 
1032 CP00016238    (0)    1 :  0.333 0.327 0.340 
1033 CP00016248    (0)    1 :  0.333 0.334 0.333 
1034 CP00015041    (0)    1 :  0.329 0.338 0.333 
1035 CP00049496    (0)    1 :  0.334 0.330 0.336 
1036 CP00015037    (0)    1 :  0.329 0.336 0.336 
1037 CP00015048    (0)    1 :  0.342 0.322 0.336 
1038 CP00016250    (0)    1 :  0.331 0.337 0.332 
1039 CP00015051    (0)    1 :  0.316 0.360 0.323 
1040 CP00016230    (0)    1 :  0.337 0.319 0.345 
1041 CP00015027    (0)    1 :  0.323 0.350 0.327 
1042 CP00049498    (0)    1 :  0.346 0.313 0.341 
1043 CP00016237    (0)    1 :  0.324 0.349 0.327 
1044 CP00016270    (0)    1 :  0.333 0.331 0.336 
1045 CP00015031    (0)    1 :  0.312 0.379 0.309 
1046 CP00016267    (0)    1 :  0.345 0.318 0.337 
1047 CP00016265    (0)    1 :  0.342 0.319 0.340 
1048 CP00016247    (0)    1 :  0.339 0.330 0.331 
1049 CP00015043    (0)    1 :  0.341 0.314 0.345 
1050 CP00016262    (0)    1 :  0.323 0.359 0.318 
1051 CP00016264    (0)    1 :  0.343 0.305 0.352 
1052 CP00049495    (0)    1 :  0.342 0.322 0.336 
1053 CP00016263    (0)    3 :  0.329 0.342 0.329 
1054 CP00015032    (0)    1 :  0.334 0.329 0.337 
1055 CP00015023    (0)    1 :  0.330 0.344 0.326 
1056 CP00016234    (0)    1 :  0.344 0.307 0.349 
1057 CP00015050    (0)    1 :  0.338 0.312 0.350 
1058 CP00015044    (0)    1 :  0.328 0.344 0.328 
1059 CP00015049    (0)    1 :  0.336 0.326 0.338 
1060 CP00016255    (0)    1 :  0.343 0.315 0.342 
1061 CP00016242    (0)    1 :  0.313 0.379 0.308 
1062 CP00049499    (0)    1 :  0.333 0.325 0.342 
1063 CP00016258    (0)    1 :  0.320 0.351 0.329 
1064 CP00016223    (0)    1 :  0.344 0.311 0.345 
1065 CP00015038    (0)    1 :  0.346 0.319 0.336 
1066 CP00016268    (0)    1 :  0.341 0.321 0.338 
1067 CP00049494    (0)    1 :  0.339 0.320 0.342 
1068 CP00016243    (0)    1 :  0.326 0.344 0.330 
1069 CP00016241    (0)    1 :  0.342 0.311 0.347 
1070 CP00016244    (0)    1 :  0.345 0.320 0.335 
1071 CP00015034    (0)    1 :  0.331 0.326 0.343 
1072 CP00016259    (0)    1 :  0.313 0.371 0.316 
1073 CP00016249    (0)    1 :  0.327 0.348 0.325 
1074 CP00015033    (0)    1 :  0.338 0.319 0.344 
1075 CP00015035    (0)    1 :  0.323 0.352 0.325 
1076 CP00015036    (0)    1 :  0.344 0.309 0.347 
1077 CP00016269    (0)    1 :  0.325 0.353 0.322 
1078 CP00049500    (0)    1 :  0.343 0.321 0.336 
1079 CP00015029    (0)    1 :  0.332 0.336 0.332 
1080 CP00015030    (0)    1 :  0.327 0.344 0.329 
1081 CP00016261    (0)    1 :  0.348 0.309 0.344 
1082 CP00015059    (0)    1 :  0.320 0.360 0.320 
1083 CP00016256    (0)    1 :  0.331 0.346 0.323 
1084 CP00015045    (0)    1 :  0.323 0.353 0.323 
1085 CP00015054    (0)    1 :  0.326 0.350 0.324 
1086 CP00015052    (0)    1 :  0.313 0.369 0.318 
1087 CP00015053    (0)    1 :  0.348 0.308 0.343 
1088 CP00016239    (0)    1 :  0.321 0.355 0.324 
1089 CP00015057    (0)    1 :  0.339 0.321 0.340 
1090 CP00016246    (0)    1 :  0.333 0.337 0.330 
1091 CP00016221    (0)    1 :  0.339 0.321 0.340 
1092 CP00016225    (0)    1 :  0.324 0.354 0.322 
1093 CP00016222    (0)    1 :  0.325 0.351 0.324 
1094 CP00016224    (0)    1 :  0.334 0.333 0.333 
1095 CP00016232    (0)    1 :  0.328 0.346 0.326 
1096 CP00016236    (0)    1 :  0.336 0.329 0.335 
1097 CP00015021    (0)    1 :  0.331 0.333 0.337 
1098 CP00015039    (0)    1 :  0.324 0.346 0.330 
1099 CP00016260    (0)    1 :  0.342 0.313 0.346 
1100 CP00016253    (0)    3 :  0.344 0.318 0.338 
1101 CP00016254    (0)    1 :  0.328 0.347 0.326 
1102 CP00049492    (0)    1 :  0.329 0.341 0.331 
1103 CP00016331    (0)    3 :  0.330 0.336 0.334 
1104 CP00016359    (0)    3 :  0.343 0.309 0.348 
1105 CP00016327    (0)    3 :  0.329 0.335 0.336 
1106 CP00016506    (0)    3 :  0.337 0.333 0.330 
1107 CP00016490    (0)    3 :  0.330 0.334 0.336 
1108 CP00016342    (0)    3 :  0.343 0.319 0.339 
1109 CP00016473    (0)    3 :  0.322 0.352 0.327 
1110 CP00016520    (0)    3 :  0.340 0.324 0.336 
1111 CP00016471    (0)    3 :  0.341 0.318 0.341 
1112 CP00016491    (0)    3 :  0.314 0.373 0.314 
1113 CP00016481    (0)    3 :  0.340 0.317 0.343 
1114 CP00016482    (0)    3 :  0.341 0.316 0.343 
1115 CP00016343    (0)    3 :  0.335 0.327 0.337 
1116 CP00016324    (0)    3 :  0.344 0.308 0.347 
1117 CP00016362    (0)    3 :  0.330 0.339 0.331 
1118 CP00016505    (0)    3 :  0.353 0.297 0.350 
1119 CP00016503    (0)    3 :  0.325 0.361 0.314 
1120 CP00016370    (0)    3 :  0.308 0.386 0.306 
1121 CP00016336    (0)    3 :  0.318 0.365 0.317 
1122 CP00016363    (0)    3 :  0.335 0.333 0.332 
1123 CP00016322    (0)    3 :  0.331 0.344 0.325 
1124 CP00016499    (0)    3 :  0.321 0.351 0.328 
1125 CP00016339    (0)    3 :  0.332 0.342 0.326 
1126 CP00016476    (0)    3 :  0.320 0.363 0.317 
1127 CP00016360    (0)    3 :  0.321 0.356 0.323 
1128 CP00016332    (0)    3 :  0.339 0.329 0.333 
1129 CP00016474    (0)    3 :  0.336 0.333 0.331 
1130 CP00016344    (0)    3 :  0.318 0.365 0.317 
1131 CP00016496    (0)    3 :  0.341 0.324 0.335 
1132 CP00016485    (0)    3 :  0.320 0.364 0.316 
1133 CP00016494    (0)    3 :  0.337 0.333 0.330 
1134 CP00016495    (0)    3 :  0.320 0.352 0.329 
1135 CP00016323    (0)    3 :  0.337 0.325 0.338 
1136 CP00016358    (0)    3 :  0.348 0.306 0.345 
1137 CP00016508    (0)    3 :  0.324 0.352 0.323 
1138 CP00016484    (0)    3 :  0.319 0.364 0.317 
1139 CP00016487    (0)    3 :  0.334 0.323 0.343 
1140 CP00016519    (0)    3 :  0.332 0.331 0.337 
1141 CP00016500    (0)    3 :  0.329 0.355 0.315 
1142 CP00016498    (0)    3 :  0.354 0.305 0.340 
1143 CP00016341    (0)    3 :  0.328 0.334 0.338 
1144 CP00016369    (0)    3 :  0.329 0.343 0.327 
1145 CP00016357    (0)    3 :  0.344 0.315 0.341 
1146 CP00016497    (0)    3 :  0.324 0.356 0.319 
1147 CP00016366    (0)    3 :  0.327 0.341 0.331 
1148 CP00016333    (0)    3 :  0.331 0.345 0.325 
1149 CP00016334    (0)    3 :  0.313 0.371 0.316 
1150 CP00016483    (0)    3 :  0.341 0.324 0.335 
1151 CP00016486    (0)    3 :  0.310 0.377 0.313 
1152 CP00016478    (0)    3 :  0.336 0.327 0.337 
1153 CP00016367    (0)    3 :  0.334 0.323 0.343 
1154 CP00016345    (0)    3 :  0.325 0.350 0.324 
1155 CP00016501    (0)    3 :  0.337 0.333 0.330 
1156 CP00016480    (0)    3 :  0.340 0.322 0.338 
1157 CP00016330    (0)    3 :  0.336 0.339 0.325 
1158 CP00016328    (0)    3 :  0.333 0.329 0.338 
1159 CP00016337    (0)    3 :  0.336 0.334 0.329 
1160 CP00016364    (0)    3 :  0.338 0.319 0.344 
1161 CP00016489    (0)    3 :  0.343 0.316 0.341 
1162 CP00016338    (0)    3 :  0.329 0.338 0.333 
1163 CP00016346    (0)    3 :  0.340 0.322 0.339 
1164 CP00016493    (0)    3 :  0.317 0.365 0.318 
1165 CP00016492    (0)    3 :  0.328 0.353 0.318 
1166 CP00016354    (0)    3 :  0.329 0.336 0.334 
1167 CP00016329    (0)    3 :  0.316 0.363 0.321 
1168 CP00016502    (0)    3 :  0.310 0.376 0.314 
1169 CP00016326    (0)    3 :  0.318 0.360 0.322 
1170 CP00016349    (0)    3 :  0.333 0.335 0.332 
1171 CP00016368    (0)    3 :  0.349 0.302 0.349 
1172 CP00016365    (0)    3 :  0.334 0.335 0.331 
1173 CP00016321    (0)    3 :  0.342 0.311 0.347 
1174 CP00016477    (0)    3 :  0.321 0.359 0.319 
1175 CP00016361    (0)    3 :  0.334 0.330 0.337 
1176 CP00016512    (0)    3 :  0.327 0.347 0.325 
1177 CP00016515    (0)    3 :  0.323 0.347 0.330 
1178 CP00016353    (0)    3 :  0.332 0.334 0.334 
1179 CP00016516    (0)    3 :  0.348 0.299 0.353 
1180 CP00016513    (0)    3 :  0.332 0.339 0.329 
1181 CP00016517    (0)    3 :  0.338 0.327 0.335 
1182 CP00016352    (0)    3 :  0.330 0.340 0.330 
1183 CP00016325    (0)    3 :  0.334 0.333 0.333 
1184 CP00016475    (0)    3 :  0.328 0.339 0.332 
1185 CP00016340    (0)    3 :  0.326 0.353 0.322 
1186 CP00016355    (0)    3 :  0.327 0.342 0.331 
1187 CP00016511    (0)    3 :  0.326 0.347 0.328 
1188 CP00016351    (0)    3 :  0.340 0.317 0.343 
1189 CP00016507    (0)    3 :  0.330 0.338 0.331 
1190 CP00016479    (0)    3 :  0.340 0.319 0.342 
1191 CP00016504    (0)    3 :  0.331 0.346 0.323 
1192 CP00016472    (0)    3 :  0.341 0.325 0.334 
1193 CP00016488    (3)    3 :  0.333 0.326 0.342 
1194 CP00016514    (0)    3 :  0.326 0.347 0.327 
1195 CP00016347    (0)    3 :  0.322 0.355 0.323 
1196 CP00016348    (0)    3 :  0.334 0.338 0.328 
1197 CP00016510    (0)    3 :  0.322 0.348 0.330 
1198 CP00016350    (0)    3 :  0.336 0.327 0.337 
1199 CP00016518    (0)    3 :  0.339 0.325 0.336 
1200 CP00016509    (0)    3 :  0.353 0.302 0.346 
1201 CP00015888    (0)    3 :  0.338 0.324 0.338 
1202 CP00015759    (0)    3 :  0.322 0.342 0.336 
1203 CP00015760    (0)    3 :  0.343 0.315 0.342 
1204 CP00015918    (0)    3 :  0.309 0.384 0.306 
1205 CP00015756    (0)    3 :  0.321 0.354 0.324 
1206 CP00015880    (0)    3 :  0.339 0.325 0.336 
1207 CP00015916    (0)    3 :  0.343 0.318 0.339 
1208 CP00015753    (0)    3 :  0.347 0.312 0.341 
1209 CP00015885    (0)    3 :  0.338 0.321 0.341 
1210 CP00015896    (0)    3 :  0.324 0.340 0.336 
1211 CP00015899    (0)    3 :  0.318 0.365 0.317 
1212 CP00015909    (0)    3 :  0.340 0.310 0.350 
1213 CP00015894    (0)    3 :  0.328 0.346 0.326 
1214 CP00015724    (0)    3 :  0.333 0.336 0.332 
1215 CP00015906    (0)    3 :  0.346 0.306 0.348 
1216 CP00015734    (3)    3 :  0.330 0.335 0.334 
1217 CP00015764    (0)    3 :  0.315 0.372 0.313 
1218 CP00015897    (0)    3 :  0.331 0.342 0.327 
1219 CP00015758    (0)    3 :  0.336 0.324 0.340 
1220 CP00015920    (0)    3 :  0.339 0.328 0.334 
1221 CP00015889    (0)    3 :  0.344 0.308 0.348 
1222 CP00015919    (0)    3 :  0.317 0.369 0.313 
1223 CP00015912    (0)    3 :  0.332 0.338 0.330 
1224 CP00015913    (0)    3 :  0.338 0.331 0.331 
1225 CP00015872    (0)    3 :  0.318 0.358 0.324 
1226 CP00015911    (0)    3 :  0.335 0.335 0.330 
1227 CP00015908    (0)    3 :  0.334 0.330 0.336 
1228 CP00015901    (0)    3 :  0.329 0.342 0.329 
1229 CP00015892    (3)    3 :  0.337 0.329 0.334 
1230 CP00015883    (0)    3 :  0.348 0.306 0.346 
1231 CP00015910    (0)    3 :  0.335 0.327 0.338 
1232 CP00015884    (0)    3 :  0.320 0.359 0.322 
1233 CP00015875    (0)    3 :  0.326 0.341 0.333 
1234 CP00015879    (0)    3 :  0.334 0.332 0.334 
1235 CP00015905    (0)    3 :  0.325 0.342 0.333 
1236 CP00015891    (0)    3 :  0.316 0.368 0.317 
1237 CP00015740    (0)    3 :  0.340 0.325 0.335 
1238 CP00015766    (0)    3 :  0.324 0.363 0.313 
1239 CP00015763    (0)    3 :  0.348 0.305 0.347 
1240 CP00015762    (0)    3 :  0.312 0.376 0.312 
1241 CP00015761    (0)    3 :  0.327 0.344 0.329 
1242 CP00015743    (0)    3 :  0.334 0.333 0.333 
1243 CP00015878    (0)    3 :  0.336 0.328 0.336 
1244 CP00015748    (0)    3 :  0.318 0.361 0.321 
1245 CP00015737    (0)    3 :  0.312 0.370 0.319 
1246 CP00015768    (0)    3 :  0.341 0.312 0.347 
1247 CP00015767    (0)    3 :  0.337 0.333 0.329 
1248 CP00015746    (0)    3 :  0.326 0.336 0.338 
1249 CP00015893    (0)    3 :  0.349 0.297 0.354 
1250 CP00015741    (0)    3 :  0.328 0.351 0.321 
1251 CP00015757    (0)    3 :  0.325 0.354 0.321 
1252 CP00015739    (0)    3 :  0.332 0.335 0.334 
1253 CP00015751    (0)    3 :  0.337 0.341 0.323 
1254 CP00015745    (0)    3 :  0.335 0.338 0.326 
1255 CP00015747    (0)    3 :  0.330 0.337 0.333 
1256 CP00015754    (0)    3 :  0.313 0.379 0.308 
1257 CP00015873    (0)    3 :  0.334 0.337 0.330 
1258 CP00015881    (0)    3 :  0.329 0.342 0.330 
1259 CP00015877    (0)    3 :  0.343 0.311 0.346 
1260 CP00015915    (0)    3 :  0.330 0.335 0.336 
1261 CP00015904    (0)    3 :  0.334 0.336 0.330 
1262 CP00015900    (0)    3 :  0.340 0.322 0.338 
1263 CP00015907    (0)    3 :  0.346 0.310 0.344 
1264 CP00015742    (0)    3 :  0.307 0.387 0.306 
1265 CP00015738    (0)    3 :  0.349 0.303 0.348 
1266 CP00015727    (0)    3 :  0.329 0.341 0.330 
1267 CP00015728    (0)    3 :  0.351 0.306 0.343 
1268 CP00015726    (0)    3 :  0.327 0.342 0.332 
1269 CP00015914    (0)    3 :  0.330 0.345 0.326 
1270 CP00015769    (0)    3 :  0.336 0.324 0.340 
1271 CP00015770    (0)    3 :  0.335 0.323 0.342 
1272 CP00015750    (0)    3 :  0.353 0.288 0.359 
1273 CP00015749    (0)    3 :  0.336 0.333 0.331 
1274 CP00015721    (0)    3 :  0.328 0.347 0.326 
1275 CP00015735    (0)    3 :  0.341 0.318 0.341 
1276 CP00015732    (0)    3 :  0.338 0.321 0.342 
1277 CP00015723    (0)    3 :  0.338 0.318 0.344 
1278 CP00015729    (0)    3 :  0.343 0.308 0.349 
1279 CP00015736    (0)    3 :  0.336 0.323 0.340 
1280 CP00015725    (0)    3 :  0.331 0.342 0.326 
1281 CP00015886    (0)    3 :  0.320 0.356 0.324 
1282 CP00015722    (0)    3 :  0.337 0.319 0.344 
1283 CP00015731    (0)    3 :  0.336 0.325 0.338 
1284 CP00015730    (0)    3 :  0.338 0.308 0.354 
1285 CP00015752    (0)    3 :  0.334 0.326 0.340 
1286 CP00015890    (0)    3 :  0.348 0.312 0.340 
1287 CP00015876    (0)    3 :  0.340 0.314 0.346 
1288 CP00015887    (0)    3 :  0.337 0.323 0.339 
1289 CP00015882    (0)    3 :  0.321 0.347 0.332 
1290 CP00015765    (0)    3 :  0.326 0.346 0.328 
1291 CP00015744    (0)    3 :  0.316 0.361 0.323 
1292 CP00015104    (0)    1 :  0.337 0.326 0.337 
1293 CP00015100    (0)    1 :  0.310 0.385 0.305 
1294 CP00015000    (0)    1 :  0.329 0.341 0.330 
1295 CP00015119    (0)    1 :  0.336 0.332 0.332 
1296 CP00015016    (0)    1 :  0.348 0.308 0.343 
1297 CP00015078    (0)    1 :  0.348 0.315 0.337 
1298 CP00015076    (0)    1 :  0.323 0.364 0.313 
1299 CP00015084    (0)    1 :  0.337 0.326 0.337 
1300 CP00015091    (0)    1 :  0.333 0.330 0.337 
1301 CP00015013    (0)    1 :  0.341 0.318 0.341 
1302 CP00015009    (0)    1 :  0.326 0.353 0.321 
1303 CP00015082    (0)    1 :  0.344 0.318 0.338 
1304 CP00014983    (0)    1 :  0.329 0.331 0.339 
1305 CP00015072    (0)    1 :  0.348 0.299 0.353 
1306 CP00015086    (0)    1 :  0.329 0.341 0.330 
1307 CP00015073    (0)    1 :  0.346 0.318 0.336 
1308 CP00015077    (0)    1 :  0.327 0.348 0.325 
1309 CP00014973    (0)    1 :  0.344 0.309 0.347 
1310 CP00015015    (0)    1 :  0.343 0.316 0.341 
1311 CP00014975    (0)    1 :  0.321 0.354 0.325 
1312 CP00014979    (0)    1 :  0.336 0.322 0.341 
1313 CP00014980    (0)    1 :  0.325 0.342 0.334 
1314 CP00015111    (0)    1 :  0.337 0.330 0.333 
1315 CP00015090    (0)    1 :  0.332 0.330 0.338 
1316 CP00015098    (0)    1 :  0.333 0.336 0.331 
1317 CP00015005    (0)    1 :  0.323 0.353 0.324 
1318 CP00015109    (0)    1 :  0.325 0.353 0.321 
1319 CP00015114    (0)    1 :  0.323 0.352 0.325 
1320 CP00015007    (0)    1 :  0.330 0.346 0.324 
1321 CP00015006    (0)    1 :  0.340 0.323 0.337 
1322 CP00014974    (0)    1 :  0.336 0.334 0.331 
1323 CP00015096    (0)    1 :  0.323 0.359 0.318 
1324 CP00015112    (0)    1 :  0.331 0.334 0.335 
1325 CP00015002    (0)    1 :  0.346 0.294 0.361 
1326 CP00015113    (0)    1 :  0.343 0.319 0.337 
1327 CP00015010    (0)    1 :  0.343 0.319 0.338 
1328 CP00015019    (0)    1 :  0.326 0.347 0.327 
1329 CP00015120    (0)    1 :  0.321 0.342 0.337 
1330 CP00015107    (0)    1 :  0.340 0.319 0.341 
1331 CP00015081    (0)    1 :  0.347 0.317 0.335 
1332 CP00015071    (0)    1 :  0.350 0.301 0.349 
1333 CP00015087    (0)    1 :  0.335 0.329 0.336 
1334 CP00015093    (3)    1 :  0.336 0.332 0.332 
1335 CP00015102    (0)    1 :  0.339 0.315 0.346 
1336 CP00015101    (0)    1 :  0.336 0.323 0.341 
1337 CP00014982    (0)    1 :  0.340 0.314 0.346 
1338 CP00014990    (0)    1 :  0.350 0.302 0.348 
1339 CP00015088    (0)    1 :  0.350 0.310 0.340 
1340 CP00014995    (0)    1 :  0.338 0.310 0.352 
1341 CP00015003    (0)    1 :  0.326 0.354 0.320 
1342 CP00015097    (0)    1 :  0.351 0.304 0.345 
1343 CP00014972    (0)    1 :  0.351 0.314 0.335 
1344 CP00015106    (0)    1 :  0.338 0.322 0.340 
1345 CP00015095    (0)    1 :  0.338 0.321 0.341 
1346 CP00014998    (0)    1 :  0.318 0.364 0.318 
1347 CP00014985    (0)    1 :  0.336 0.327 0.337 
1348 CP00014986    (0)    1 :  0.337 0.325 0.339 
1349 CP00014999    (0)    1 :  0.337 0.320 0.343 
1350 CP00014984    (0)    1 :  0.340 0.321 0.340 
1351 CP00015117    (0)    1 :  0.344 0.315 0.341 
1352 CP00015099    (0)    1 :  0.326 0.339 0.335 
1353 CP00015110    (0)    1 :  0.330 0.340 0.330 
1354 CP00015115    (0)    1 :  0.330 0.342 0.328 
1355 CP00015080    (0)    1 :  0.344 0.327 0.329 
1356 CP00015012    (0)    1 :  0.343 0.309 0.348 
1357 CP00014994    (0)    1 :  0.327 0.338 0.335 
1358 CP00015001    (0)    1 :  0.350 0.304 0.345 
1359 CP00014992    (0)    1 :  0.315 0.368 0.316 
1360 CP00015074    (0)    1 :  0.341 0.331 0.328 
1361 CP00014991    (0)    1 :  0.330 0.340 0.330 
1362 CP00014981    (0)    1 :  0.333 0.333 0.334 
1363 CP00014977    (0)    1 :  0.332 0.342 0.326 
1364 CP00014976    (0)    1 :  0.325 0.346 0.329 
1365 CP00014993    (0)    1 :  0.343 0.320 0.337 
1366 CP00014971    (0)    1 :  0.340 0.320 0.341 
1367 CP00015020    (0)    1 :  0.342 0.319 0.338 
1368 CP00015004    (0)    1 :  0.338 0.335 0.328 
1369 CP00015103    (0)    1 :  0.323 0.349 0.328 
1370 CP00015116    (0)    1 :  0.322 0.356 0.322 
1371 CP00015118    (0)    1 :  0.347 0.318 0.335 
1372 CP00014996    (0)    1 :  0.338 0.320 0.341 
1373 CP00015079    (0)    1 :  0.351 0.309 0.340 
1374 CP00015094    (0)    1 :  0.337 0.326 0.336 
1375 CP00015085    (0)    1 :  0.325 0.346 0.329 
1376 CP00015083    (0)    1 :  0.351 0.304 0.345 
1377 CP00015092    (0)    1 :  0.332 0.342 0.326 
1378 CP00018197    (0)    1 :  0.338 0.325 0.337 
1379 CP00018136    (0)    1 :  0.323 0.358 0.319 
1380 CP00018190    (0)    1 :  0.331 0.344 0.326 
1381 CP00018139    (0)    1 :  0.322 0.357 0.320 
1382 CP00018207    (0)    1 :  0.330 0.346 0.324 
1383 CP00018213    (0)    1 :  0.343 0.310 0.347 
1384 CP00018163    (0)    1 :  0.322 0.348 0.330 
1385 CP00018179    (0)    1 :  0.337 0.316 0.347 
1386 CP00018178    (0)    1 :  0.338 0.338 0.324 
1387 CP00018144    (0)    1 :  0.346 0.310 0.344 
1388 CP00018155    (0)    1 :  0.326 0.345 0.329 
1389 CP00018151    (0)    1 :  0.346 0.322 0.333 
1390 CP00018180    (0)    1 :  0.330 0.343 0.327 
1391 CP00018182    (0)    1 :  0.342 0.312 0.346 
1392 CP00018189    (0)    1 :  0.347 0.308 0.345 
1393 CP00018217    (0)    1 :  0.328 0.336 0.335 
1394 CP00018154    (0)    1 :  0.315 0.370 0.315 
1395 CP00018158    (0)    1 :  0.328 0.337 0.335 
1396 CP00018181    (0)    3 :  0.343 0.321 0.336 
1397 CP00018208    (0)    1 :  0.329 0.342 0.329 
1398 CP00018211    (0)    3 :  0.342 0.317 0.341 
1399 CP00018176    (0)    3 :  0.347 0.318 0.335 
1400 CP00018128    (0)    3 :  0.329 0.341 0.329 
1401 CP00018122    (0)    3 :  0.332 0.334 0.335 
1402 CP00018156    (0)    3 :  0.320 0.358 0.322 
1403 CP00018126    (3)    3 :  0.329 0.347 0.324 
1404 CP00018187    (0)    3 :  0.322 0.356 0.322 
1405 CP00018143    (0)    3 :  0.337 0.321 0.342 
1406 CP00018188    (0)    3 :  0.317 0.367 0.316 
1407 CP00018219    (0)    1 :  0.335 0.325 0.340 
1408 CP00018205    (0)    1 :  0.345 0.308 0.348 
1409 CP00018124    (0)    1 :  0.327 0.355 0.318 
1410 CP00018160    (0)    1 :  0.341 0.330 0.329 
1411 CP00018199    (0)    1 :  0.330 0.346 0.324 
1412 CP00018137    (0)    1 :  0.343 0.324 0.333 
1413 CP00018215    (0)    1 :  0.340 0.326 0.334 
1414 CP00018171    (0)    1 :  0.334 0.340 0.327 
1415 CP00018157    (0)    1 :  0.327 0.352 0.321 
1416 CP00018165    (0)    1 :  0.343 0.313 0.344 
1417 CP00018191    (0)    1 :  0.344 0.313 0.343 
1418 CP00018141    (0)    1 :  0.324 0.357 0.320 
1419 CP00018204    (0)    3 :  0.312 0.376 0.312 
1420 CP00018127    (0)    3 :  0.350 0.320 0.330 
1421 CP00018194    (0)    1 :  0.328 0.338 0.334 
1422 CP00018168    (0)    3 :  0.314 0.371 0.315 
1423 CP00018216    (0)    1 :  0.331 0.341 0.328 
1424 CP00018192    (0)    1 :  0.333 0.333 0.334 
1425 CP00018184    (0)    3 :  0.337 0.327 0.336 
1426 CP00018134    (0)    3 :  0.336 0.330 0.335 
1427 CP00018142    (0)    3 :  0.346 0.313 0.341 
1428 CP00018220    (0)    3 :  0.336 0.335 0.329 
1429 CP00018186    (0)    3 :  0.330 0.335 0.336 
1430 CP00018131    (0)    3 :  0.326 0.340 0.333 
1431 CP00018183    (0)    3 :  0.343 0.314 0.343 
1432 CP00018209    (0)    3 :  0.343 0.320 0.337 
1433 CP00018193    (0)    1 :  0.340 0.319 0.340 
1434 CP00018177    (0)    1 :  0.336 0.322 0.342 
1435 CP00018214    (0)    1 :  0.333 0.334 0.333 
1436 CP00018145    (0)    3 :  0.335 0.321 0.344 
1437 CP00018185    (0)    3 :  0.336 0.325 0.339 
1438 CP00018201    (0)    3 :  0.346 0.312 0.342 
1439 CP00018153    (0)    3 :  0.330 0.337 0.333 
1440 CP00018121    (0)    3 :  0.341 0.303 0.356 
1441 CP00018175    (0)    3 :  0.335 0.333 0.332 
1442 CP00018146    (0)    3 :  0.325 0.342 0.333 
1443 CP00018148    (0)    3 :  0.342 0.304 0.354 
1444 CP00018195    (0)    1 :  0.337 0.312 0.350 
1445 CP00018132    (0)    3 :  0.334 0.326 0.340 
1446 CP00018210    (0)    3 :  0.343 0.317 0.340 
1447 CP00018135    (0)    3 :  0.336 0.323 0.341 
1448 CP00018164    (0)    3 :  0.337 0.338 0.325 
1449 CP00018133    (0)    3 :  0.332 0.342 0.326 
1450 CP00018149    (0)    3 :  0.306 0.379 0.315 
1451 CP00018170    (0)    3 :  0.335 0.333 0.332 
1452 CP00018166    (0)    3 :  0.328 0.341 0.332 
1453 CP00018173    (0)    3 :  0.355 0.287 0.358 
1454 CP00018212    (0)    1 :  0.342 0.319 0.339 
1455 CP00018172    (0)    3 :  0.338 0.330 0.333 
1456 CP00018202    (0)    3 :  0.332 0.341 0.327 
1457 CP00018125    (0)    3 :  0.318 0.355 0.328 
1458 CP00018198    (0)    1 :  0.346 0.302 0.352 
1459 CP00018129    (0)    3 :  0.344 0.310 0.347 
1460 CP00018140    (0)    3 :  0.337 0.331 0.332 
1461 CP00018196    (0)    1 :  0.332 0.334 0.334 
1462 CP00018218    (0)    1 :  0.335 0.335 0.331 
1463 CP00017467    (0)    3 :  0.342 0.325 0.333 
1464 CP00017499    (0)    3 :  0.331 0.338 0.331 
1465 CP00017430    (0)    3 :  0.337 0.325 0.337 
1466 CP00017510    (0)    3 :  0.352 0.297 0.352 
1467 CP00017437    (0)    3 :  0.331 0.333 0.336 
1468 CP00017429    (0)    3 :  0.333 0.335 0.332 
1469 CP00017432    (0)    3 :  0.327 0.349 0.324 
1470 CP00017447    (0)    3 :  0.322 0.364 0.314 
1471 CP00017442    (0)    3 :  0.327 0.346 0.327 
1472 CP00017484    (0)    3 :  0.325 0.348 0.327 
1473 CP00017504    (0)    3 :  0.323 0.356 0.321 
1474 CP00017423    (0)    3 :  0.344 0.305 0.350 
1475 CP00017518    (0)    3 :  0.347 0.312 0.340 
1476 CP00017455    (0)    3 :  0.315 0.362 0.322 
1477 CP00017497    (0)    3 :  0.313 0.379 0.307 
1478 CP00017456    (0)    3 :  0.337 0.326 0.336 
1479 CP00017514    (0)    3 :  0.342 0.315 0.343 
1480 CP00017489    (0)    3 :  0.333 0.330 0.337 
1481 CP00017424    (0)    3 :  0.330 0.345 0.325 
1482 CP00017468    (0)    3 :  0.343 0.319 0.338 
1483 CP00017511    (0)    3 :  0.333 0.329 0.339 
1484 CP00017438    (0)    3 :  0.336 0.321 0.343 
1485 CP00017463    (0)    3 :  0.344 0.308 0.348 
1486 CP00017469    (0)    3 :  0.312 0.376 0.312 
1487 CP00017436    (0)    3 :  0.314 0.374 0.312 
1488 CP00017491    (0)    3 :  0.340 0.325 0.335 
1489 CP00017452    (0)    3 :  0.331 0.335 0.334 
1490 CP00017520    (0)    3 :  0.339 0.315 0.346 
1491 CP00017434    (0)    3 :  0.324 0.358 0.318 
1492 CP00017472    (0)    3 :  0.318 0.362 0.320 
1493 CP00017507    (0)    3 :  0.318 0.371 0.311 
1494 CP00017479    (0)    3 :  0.317 0.364 0.318 
1495 CP00017475    (0)    3 :  0.341 0.318 0.341 
1496 CP00017464    (0)    3 :  0.325 0.354 0.322 
1497 CP00017477    (0)    3 :  0.343 0.313 0.344 
1498 CP00017500    (0)    3 :  0.327 0.344 0.329 
1499 CP00017461    (0)    3 :  0.328 0.337 0.335 
1500 CP00017427    (0)    3 :  0.330 0.348 0.321 
1501 CP00017444    (0)    3 :  0.318 0.350 0.332 
1502 CP00017476    (0)    3 :  0.298 0.403 0.299 
1503 CP00017493    (0)    3 :  0.314 0.365 0.321 
1504 CP00017440    (0)    3 :  0.329 0.341 0.330 
1505 CP00017509    (0)    3 :  0.332 0.347 0.321 
1506 CP00017439    (0)    3 :  0.335 0.332 0.332 
1507 CP00017428    (0)    3 :  0.321 0.350 0.329 
1508 CP00017502    (0)    3 :  0.311 0.371 0.318 
1509 CP00017471    (0)    3 :  0.325 0.348 0.327 
1510 CP00017459    (0)    3 :  0.332 0.342 0.325 
1511 CP00017425    (0)    3 :  0.317 0.366 0.317 
1512 CP00017465    (0)    3 :  0.349 0.309 0.342 
1513 CP00017516    (0)    3 :  0.325 0.350 0.326 
1514 CP00017498    (0)    3 :  0.333 0.331 0.336 
1515 CP00017426    (0)    3 :  0.321 0.364 0.314 
1516 CP00017481    (0)    3 :  0.328 0.342 0.329 
1517 CP00017422    (0)    3 :  0.344 0.320 0.336 
1518 CP00017512    (0)    3 :  0.319 0.361 0.320 
1519 CP00017460    (0)    3 :  0.341 0.322 0.338 
1520 CP00017443    (0)    3 :  0.313 0.376 0.311 
1521 CP00017457    (0)    3 :  0.343 0.320 0.336 
1522 CP00017446    (0)    3 :  0.352 0.294 0.354 
1523 CP00017431    (0)    3 :  0.338 0.327 0.334 
1524 CP00017462    (0)    3 :  0.334 0.329 0.337 
1525 CP00017445    (0)    3 :  0.334 0.325 0.341 
1526 CP00017435    (0)    3 :  0.330 0.333 0.337 
1527 CP00017449    (0)    3 :  0.341 0.312 0.347 
1528 CP00017454    (0)    3 :  0.335 0.331 0.334 
1529 CP00017501    (0)    3 :  0.347 0.312 0.341 
1530 CP00017451    (0)    3 :  0.336 0.322 0.342 
1531 CP00017490    (0)    3 :  0.324 0.347 0.329 
1532 CP00017470    (0)    3 :  0.326 0.345 0.329 
1533 CP00017506    (0)    3 :  0.339 0.331 0.330 
1534 CP00017466    (0)    3 :  0.339 0.320 0.341 
1535 CP00017441    (0)    3 :  0.345 0.314 0.341 
1536 CP00017473    (0)    3 :  0.332 0.342 0.326 
1537 CP00017453    (0)    3 :  0.329 0.342 0.329 
1538 CP00017513    (0)    3 :  0.328 0.339 0.333 
1539 CP00017508    (0)    3 :  0.327 0.349 0.325 
1540 CP00017505    (0)    3 :  0.324 0.355 0.321 
1541 CP00017421    (0)    3 :  0.345 0.297 0.358 
1542 CP00017496    (0)    3 :  0.320 0.354 0.326 
1543 CP00017433    (0)    3 :  0.326 0.344 0.331 
1544 CP00017458    (0)    3 :  0.336 0.331 0.334 
1545 CP00017478    (0)    3 :  0.331 0.335 0.334 
1546 CP00017492    (0)    3 :  0.313 0.370 0.317 
1547 CP00017517    (0)    3 :  0.324 0.345 0.331 
1548 CP00017503    (0)    3 :  0.340 0.331 0.329 
1549 CP00017694    (0)    2 :  0.307 0.380 0.313 
1550 CP00017741    (0)    3 :  0.341 0.317 0.342 
1551 CP00017734    (0)    3 :  0.332 0.336 0.332 
1552 CP00017717    (0)    1 :  0.334 0.336 0.330 
1553 CP00017690    (0)    3 :  0.347 0.311 0.342 
1554 CP00017755    (0)    3 :  0.339 0.332 0.329 
1555 CP00017712    (0)    3 :  0.336 0.333 0.330 
1556 CP00017688    (0)    3 :  0.340 0.317 0.344 
1557 CP00017714    (0)    3 :  0.335 0.334 0.331 
1558 CP00017680    (0)    3 :  0.336 0.342 0.322 
1559 CP00017710    (0)    3 :  0.339 0.326 0.335 
1560 CP00017733    (0)    3 :  0.342 0.315 0.343 
1561 CP00017682    (0)    3 :  0.322 0.360 0.318 
1562 CP00017763    (0)    3 :  0.334 0.335 0.331 
1563 CP00017695    (0)    2 :  0.343 0.327 0.330 
1564 CP00017730    (0)    3 :  0.328 0.347 0.325 
1565 CP00017757    (0)    3 :  0.340 0.310 0.349 
1566 CP00017770    (0)    3 :  0.331 0.344 0.325 
1567 CP00017697    (0)    2 :  0.348 0.307 0.344 
1568 CP00017739    (0)    3 :  0.339 0.320 0.341 
1569 CP00017681    (0)    3 :  0.346 0.305 0.349 
1570 CP00017685    (0)    3 :  0.323 0.350 0.327 
1571 CP00017696    (0)    2 :  0.328 0.342 0.330 
1572 CP00017679    (0)    3 :  0.315 0.367 0.318 
1573 CP00017766    (0)    3 :  0.326 0.337 0.337 
1574 CP00017702    (0)    2 :  0.338 0.327 0.334 
1575 CP00017715    (0)    3 :  0.315 0.368 0.317 
1576 CP00017676    (0)    3 :  0.337 0.332 0.331 
1577 CP00017700    (0)    2 :  0.315 0.369 0.315 
1578 CP00017723    (0)    3 :  0.335 0.320 0.344 
1579 CP00017724    (0)    3 :  0.334 0.324 0.343 
1580 CP00017725    (0)    3 :  0.344 0.307 0.349 
1581 CP00017673    (0)    3 :  0.338 0.312 0.351 
1582 CP00017735    (0)    3 :  0.333 0.337 0.330 
1583 CP00017737    (0)    3 :  0.353 0.303 0.344 
1584 CP00017760    (0)    3 :  0.334 0.327 0.339 
1585 CP00017731    (0)    3 :  0.336 0.322 0.342 
1586 CP00017706    (0)    2 :  0.336 0.334 0.330 
1587 CP00017672    (0)    3 :  0.328 0.344 0.328 
1588 CP00017769    (0)    3 :  0.351 0.300 0.349 
1589 CP00017698    (0)    2 :  0.329 0.337 0.335 
1590 CP00017699    (0)    2 :  0.341 0.312 0.347 
1591 CP00017683    (0)    3 :  0.317 0.360 0.323 
1592 CP00017765    (0)    3 :  0.341 0.321 0.338 
1593 CP00017756    (0)    3 :  0.329 0.341 0.330 
1594 CP00017677    (0)    3 :  0.325 0.352 0.322 
1595 CP00017752    (0)    3 :  0.344 0.304 0.352 
1596 CP00017686    (0)    3 :  0.322 0.362 0.316 
1597 CP00017736    (0)    3 :  0.335 0.323 0.342 
1598 CP00017753    (0)    3 :  0.336 0.326 0.338 
1599 CP00017727    (0)    3 :  0.332 0.335 0.333 
1600 CP00017721    (0)    3 :  0.330 0.342 0.328 
1601 CP00017754    (0)    3 :  0.327 0.338 0.335 
1602 CP00017692    (0)    2 :  0.311 0.371 0.317 
1603 CP00017718    (0)    3 :  0.332 0.336 0.332 
1604 CP00017691    (0)    3 :  0.347 0.306 0.346 
1605 CP00017726    (0)    3 :  0.326 0.341 0.334 
1606 CP00017705    (0)    2 :  0.337 0.321 0.342 
1607 CP00017701    (0)    2 :  0.326 0.347 0.327 
1608 CP00017711    (0)    3 :  0.345 0.305 0.351 
1609 CP00017704    (0)    2 :  0.323 0.357 0.320 
1610 CP00017761    (0)    3 :  0.347 0.309 0.344 
1611 CP00017720    (0)    3 :  0.330 0.333 0.337 
1612 CP00017678    (0)    3 :  0.319 0.357 0.324 
1613 CP00017671    (0)    3 :  0.348 0.311 0.341 
1614 CP00017722    (0)    3 :  0.323 0.355 0.322 
1615 CP00017675    (0)    3 :  0.343 0.307 0.350 
1616 CP00017709    (0)    2 :  0.336 0.331 0.333 
1617 CP00017684    (0)    3 :  0.343 0.312 0.346 
1618 CP00017729    (0)    3 :  0.330 0.337 0.334 
1619 CP00017751    (0)    3 :  0.337 0.334 0.329 
1620 CP00017703    (3)    2 :  0.347 0.309 0.344 
1621 CP00017764    (0)    3 :  0.338 0.330 0.332 
1622 CP00017716    (0)    3 :  0.336 0.336 0.328 
1623 CP00017693    (0)    2 :  0.354 0.308 0.338 
1624 CP00017740    (0)    3 :  0.346 0.321 0.333 
1625 CP00017728    (0)    3 :  0.330 0.341 0.329 
1626 CP00017713    (0)    3 :  0.338 0.330 0.332 
1627 CP00017738    (0)    3 :  0.325 0.343 0.331 
1628 CP00017732    (0)    3 :  0.329 0.342 0.329 
1629 CP00017674    (0)    3 :  0.311 0.375 0.314 
1630 CP00017708    (0)    2 :  0.321 0.356 0.323 
1631 CP00015547    (0)    3 :  0.333 0.341 0.326 
1632 CP00015567    (0)    3 :  0.334 0.333 0.333 
1633 CP00015562    (0)    3 :  0.331 0.342 0.328 
1634 CP00015644    (0)    3 :  0.346 0.311 0.342 
1635 CP00015548    (0)    3 :  0.323 0.349 0.328 
1636 CP00015649    (0)    3 :  0.325 0.349 0.326 
1637 CP00015670    (0)    3 :  0.341 0.319 0.340 
1638 CP00015546    (0)    3 :  0.347 0.306 0.347 
1639 CP00015629    (0)    3 :  0.340 0.328 0.332 
1640 CP00015558    (0)    3 :  0.327 0.347 0.326 
1641 CP00015654    (0)    3 :  0.345 0.303 0.352 
1642 CP00015623    (0)    3 :  0.330 0.337 0.334 
1643 CP00015650    (0)    3 :  0.334 0.336 0.329 
1644 CP00015526    (0)    3 :  0.338 0.320 0.342 
1645 CP00015636    (0)    3 :  0.335 0.339 0.326 
1646 CP00015661    (0)    3 :  0.335 0.324 0.341 
1647 CP00015626    (0)    3 :  0.340 0.314 0.346 
1648 CP00015647    (0)    3 :  0.338 0.322 0.340 
1649 CP00015630    (0)    3 :  0.344 0.313 0.343 
1650 CP00015533    (0)    3 :  0.348 0.309 0.344 
1651 CP00015532    (0)    3 :  0.313 0.377 0.310 
1652 CP00015541    (0)    3 :  0.325 0.351 0.324 
1653 CP00015549    (0)    3 :  0.334 0.327 0.339 
1654 CP00015539    (0)    1 :  0.341 0.321 0.338 
1655 CP00015667    (0)    3 :  0.341 0.324 0.335 
1656 CP00015534    (0)    1 :  0.339 0.316 0.345 
1657 CP00015551    (0)    3 :  0.332 0.340 0.328 
1658 CP00015568    (0)    1 :  0.339 0.327 0.334 
1659 CP00015645    (0)    1 :  0.348 0.313 0.339 
1660 CP00015543    (0)    1 :  0.333 0.338 0.329 
1661 CP00015531    (0)    1 :  0.331 0.341 0.328 
1662 CP00015659    (0)    1 :  0.342 0.325 0.333 
1663 CP00015563    (0)    1 :  0.339 0.319 0.342 
1664 CP00015553    (0)    1 :  0.331 0.338 0.331 
1665 CP00015668    (0)    3 :  0.337 0.331 0.332 
1666 CP00015555    (0)    3 :  0.344 0.320 0.336 
1667 CP00015621    (0)    3 :  0.318 0.361 0.321 
1668 CP00015669    (0)    3 :  0.332 0.339 0.329 
1669 CP00015666    (0)    3 :  0.324 0.340 0.336 
1670 CP00015663    (0)    3 :  0.343 0.323 0.334 
1671 CP00015624    (0)    3 :  0.321 0.361 0.319 
1672 CP00015625    (0)    3 :  0.339 0.320 0.341 
1673 CP00015665    (0)    3 :  0.337 0.330 0.332 
1674 CP00015664    (0)    3 :  0.320 0.367 0.313 
1675 CP00015535    (0)    3 :  0.323 0.358 0.318 
1676 CP00015524    (0)    3 :  0.334 0.330 0.337 
1677 CP00015653    (0)    3 :  0.335 0.336 0.329 
1678 CP00015652    (0)    3 :  0.330 0.330 0.340 
1679 CP00015538    (0)    3 :  0.343 0.315 0.342 
1680 CP00015642    (0)    3 :  0.324 0.357 0.319 
1681 CP00015634    (0)    3 :  0.337 0.328 0.335 
1682 CP00015540    (0)    3 :  0.339 0.318 0.343 
1683 CP00015552    (0)    3 :  0.327 0.343 0.329 
1684 CP00015570    (0)    3 :  0.328 0.338 0.335 
1685 CP00015557    (0)    3 :  0.343 0.330 0.326 
1686 CP00015662    (0)    3 :  0.334 0.341 0.324 
1687 CP00015635    (0)    1 :  0.330 0.341 0.329 
1688 CP00015643    (0)    1 :  0.337 0.335 0.328 
1689 CP00015646    (0)    1 :  0.335 0.329 0.336 
1690 CP00015554    (0)    1 :  0.341 0.323 0.336 
1691 CP00015527    (0)    1 :  0.345 0.312 0.344 
1692 CP00015523    (0)    1 :  0.338 0.329 0.333 
1693 CP00015627    (0)    3 :  0.343 0.309 0.348 
1694 CP00015564    (0)    1 :  0.341 0.302 0.357 
1695 CP00015560    (0)    1 :  0.336 0.327 0.337 
1696 CP00015525    (0)    1 :  0.346 0.312 0.343 
1697 CP00015628    (0)    3 :  0.329 0.333 0.337 
1698 CP00015651    (0)    1 :  0.326 0.345 0.329 
1699 CP00017568    (0)    2 :  0.333 0.326 0.342 
1700 CP00017580    (0)    2 :  0.321 0.355 0.324 
1701 CP00017575    (0)    2 :  0.344 0.322 0.334 
1702 CP00017577    (0)    2 :  0.337 0.326 0.337 
1703 CP00017593    (0)    2 :  0.346 0.318 0.336 
1704 CP00017560    (0)    2 :  0.317 0.369 0.314 
1705 CP00017592    (0)    2 :  0.332 0.334 0.334 
1706 CP00017550    (0)    2 :  0.324 0.353 0.323 
1707 CP00017614    (0)    2 :  0.331 0.347 0.322 
1708 CP00017579    (0)    2 :  0.349 0.295 0.356 
1709 CP00017536    (0)    2 :  0.344 0.308 0.348 
1710 CP00017538    (0)    2 :  0.332 0.330 0.338 
1711 CP00017596    (0)    2 :  0.331 0.345 0.324 
1712 CP00017524    (0)    2 :  0.333 0.328 0.338 
1713 CP00017543    (0)    2 :  0.315 0.368 0.318 
1714 CP00017578    (0)    2 :  0.286 0.419 0.295 
1715 CP00017588    (0)    2 :  0.313 0.385 0.303 
1716 CP00017539    (0)    2 :  0.322 0.362 0.316 
1717 CP00017545    (0)    2 :  0.335 0.337 0.328 
1718 CP00017581    (0)    2 :  0.316 0.363 0.321 
1719 CP00017527    (0)    2 :  0.318 0.356 0.326 
1720 CP00017531    (0)    2 :  0.349 0.307 0.344 
1721 CP00017582    (0)    2 :  0.331 0.342 0.327 
1722 CP00017554    (0)    2 :  0.342 0.318 0.340 
1723 CP00017595    (0)    2 :  0.350 0.302 0.347 
1724 CP00017589    (0)    2 :  0.345 0.312 0.343 
1725 CP00017541    (0)    2 :  0.341 0.320 0.339 
1726 CP00017532    (0)    2 :  0.337 0.319 0.344 
1727 CP00017544    (0)    2 :  0.324 0.357 0.319 
1728 CP00017561    (0)    2 :  0.333 0.343 0.325 
1729 CP00017572    (0)    2 :  0.346 0.317 0.337 
1730 CP00017525    (0)    2 :  0.338 0.305 0.357 
1731 CP00017523    (0)    2 :  0.326 0.346 0.327 
1732 CP00017612    (0)    2 :  0.324 0.343 0.333 
1733 CP00017571    (0)    2 :  0.341 0.327 0.332 
1734 CP00017613    (0)    2 :  0.319 0.366 0.315 
1735 CP00017521    (0)    2 :  0.332 0.339 0.328 
1736 CP00017522    (0)    2 :  0.333 0.327 0.340 
1737 CP00017540    (0)    2 :  0.322 0.356 0.322 
1738 CP00017590    (0)    2 :  0.336 0.326 0.338 
1739 CP00017601    (0)    2 :  0.329 0.345 0.325 
1740 CP00017576    (0)    2 :  0.348 0.307 0.345 
1741 CP00017551    (0)    2 :  0.335 0.330 0.334 
1742 CP00017605    (0)    2 :  0.312 0.370 0.318 
1743 CP00017570    (0)    2 :  0.328 0.346 0.326 
1744 CP00017547    (0)    2 :  0.340 0.318 0.341 
1745 CP00017564    (0)    2 :  0.335 0.335 0.330 
1746 CP00017585    (0)    2 :  0.333 0.332 0.335 
1747 CP00017574    (0)    2 :  0.336 0.330 0.333 
1748 CP00017552    (0)    2 :  0.328 0.344 0.327 
1749 CP00017537    (0)    2 :  0.340 0.318 0.342 
1750 CP00017607    (0)    2 :  0.321 0.365 0.314 
1751 CP00017566    (0)    2 :  0.340 0.313 0.347 
1752 CP00017617    (0)    2 :  0.337 0.328 0.335 
1753 CP00017611    (0)    2 :  0.325 0.339 0.336 
1754 CP00017610    (0)    2 :  0.326 0.347 0.327 
1755 CP00017562    (0)    2 :  0.346 0.322 0.332 
1756 CP00017584    (0)    2 :  0.339 0.318 0.343 
1757 CP00017548    (0)    2 :  0.332 0.329 0.339 
1758 CP00017597    (0)    2 :  0.330 0.344 0.326 
1759 CP00017556    (0)    2 :  0.340 0.316 0.344 
1760 CP00017586    (0)    2 :  0.341 0.325 0.334 
1761 CP00017549    (0)    2 :  0.341 0.319 0.340 
1762 CP00017542    (0)    2 :  0.332 0.337 0.331 
1763 CP00017609    (0)    2 :  0.333 0.332 0.335 
1764 CP00017553    (0)    2 :  0.329 0.338 0.333 
1765 CP00017603    (0)    2 :  0.338 0.315 0.348 
1766 CP00017533    (0)    2 :  0.330 0.333 0.337 
1767 CP00017535    (0)    2 :  0.330 0.340 0.329 
1768 CP00017565    (0)    2 :  0.334 0.316 0.350 
1769 CP00017615    (0)    2 :  0.338 0.320 0.342 
1770 CP00017619    (0)    2 :  0.346 0.309 0.345 
1771 CP00017620    (0)    2 :  0.322 0.357 0.320 
1772 CP00017567    (0)    2 :  0.336 0.321 0.344 
1773 CP00017529    (0)    2 :  0.332 0.328 0.340 
1774 CP00017569    (0)    2 :  0.323 0.360 0.317 
1775 CP00017608    (0)    2 :  0.339 0.326 0.335 
1776 CP00017558    (0)    2 :  0.338 0.310 0.353 
1777 CP00017555    (0)    2 :  0.329 0.331 0.340 
1778 CP00017618    (0)    2 :  0.344 0.324 0.332 
1779 CP00017557    (0)    2 :  0.321 0.364 0.315 
1780 CP00017606    (0)    2 :  0.341 0.315 0.344 
1781 CP00017600    (0)    2 :  0.325 0.354 0.321 
1782 CP00017583    (0)    2 :  0.354 0.300 0.347 
1783 CP00017599    (0)    2 :  0.342 0.309 0.349 
1784 CP00017530    (0)    2 :  0.320 0.360 0.320 
1785 CP00017546    (0)    2 :  0.341 0.324 0.334 
1786 CP00017616    (0)    2 :  0.325 0.345 0.330 
1787 CP00017559    (0)    2 :  0.324 0.354 0.322 
1788 CP00017563    (0)    2 :  0.340 0.315 0.345 
1789 CP00017602    (0)    2 :  0.330 0.337 0.332 
1790 CP00017591    (0)    2 :  0.351 0.304 0.346 
1791 CP00017598    (0)    2 :  0.345 0.321 0.334 
1792 CP00017526    (0)    2 :  0.328 0.342 0.329 
1793 CP00017604    (0)    2 :  0.346 0.305 0.350 
1794 CP00015690    (0)    1 :  0.314 0.365 0.321 
1795 CP00015069    (3)    1 :  0.347 0.315 0.338 
1796 CP00015687    (0)    1 :  0.346 0.306 0.348 
1797 CP00015708    (0)    1 :  0.346 0.318 0.336 
1798 CP00015720    (0)    1 :  0.324 0.362 0.314 
1799 CP00049555    (0)    1 :  0.347 0.305 0.348 
1800 CP00049558    (0)    1 :  0.324 0.349 0.327 
1801 CP00015068    (0)    1 :  0.327 0.336 0.337 
1802 CP00015710    (0)    1 :  0.320 0.352 0.328 
1803 CP00049570    (0)    1 :  0.349 0.298 0.353 
1804 CP00049556    (0)    1 :  0.340 0.325 0.336 
1805 CP00049534    (0)    3 :  0.346 0.304 0.349 
1806 CP00049543    (0)    3 :  0.330 0.335 0.335 
1807 CP00049539    (0)    3 :  0.339 0.326 0.334 
1808 CP00049567    (0)    3 :  0.337 0.325 0.338 
1809 CP00015706    (0)    1 :  0.340 0.315 0.345 
1810 CP00015063    (0)    3 :  0.330 0.336 0.334 
1811 CP00015067    (0)    3 :  0.341 0.325 0.334 
1812 CP00049536    (0)    3 :  0.307 0.387 0.306 
1813 CP00049560    (0)    3 :  0.353 0.309 0.337 
1814 CP00049529    (0)    3 :  0.339 0.319 0.342 
1815 CP00015699    (0)    1 :  0.336 0.328 0.336 
1816 CP00015066    (0)    3 :  0.335 0.323 0.342 
1817 CP00015712    (0)    1 :  0.341 0.317 0.342 
1818 CP00049526    (0)    3 :  0.336 0.320 0.343 
1819 CP00049562    (0)    3 :  0.329 0.342 0.329 
1820 CP00049525    (0)    3 :  0.342 0.322 0.336 
1821 CP00015689    (0)    1 :  0.332 0.335 0.333 
1822 CP00049544    (0)    3 :  0.346 0.314 0.340 
1823 CP00049545    (0)    3 :  0.338 0.326 0.336 
1824 CP00049541    (0)    3 :  0.343 0.313 0.345 
1825 CP00049528    (0)    3 :  0.324 0.352 0.324 
1826 CP00049521    (0)    3 :  0.322 0.353 0.325 
1827 CP00015709    (0)    1 :  0.321 0.364 0.315 
1828 CP00015716    (0)    1 :  0.328 0.341 0.331 
1829 CP00015688    (0)    1 :  0.318 0.361 0.320 
1830 CP00015700    (0)    1 :  0.336 0.322 0.342 
1831 CP00049549    (0)    3 :  0.332 0.333 0.335 
1832 CP00049550    (0)    3 :  0.337 0.324 0.340 
1833 CP00015070    (0)    3 :  0.327 0.340 0.333 
1834 CP00015686    (0)    1 :  0.318 0.368 0.314 
1835 CP00015062    (0)    3 :  0.315 0.364 0.320 
1836 CP00049563    (0)    3 :  0.324 0.342 0.334 
1837 CP00049537    (0)    3 :  0.338 0.330 0.332 
1838 CP00049551    (0)    3 :  0.336 0.328 0.336 
1839 CP00049535    (0)    3 :  0.334 0.334 0.332 
1840 CP00015719    (0)    1 :  0.324 0.361 0.315 
1841 CP00015697    (0)    1 :  0.339 0.317 0.344 
1842 CP00015714    (0)    1 :  0.323 0.354 0.324 
1843 CP00015715    (0)    1 :  0.334 0.337 0.328 
1844 CP00049559    (0)    3 :  0.332 0.329 0.339 
1845 CP00049566    (0)    3 :  0.326 0.342 0.333 
1846 CP00049542    (0)    3 :  0.322 0.352 0.326 
1847 CP00049530    (0)    3 :  0.334 0.330 0.336 
1848 CP00049532    (0)    3 :  0.349 0.304 0.347 
1849 CP00049554    (0)    3 :  0.319 0.358 0.323 
1850 CP00049564    (0)    3 :  0.324 0.350 0.326 
1851 CP00015702    (0)    1 :  0.332 0.331 0.337 
1852 CP00015681    (0)    1 :  0.325 0.346 0.329 
1853 CP00015718    (0)    1 :  0.338 0.317 0.345 
1854 CP00015698    (0)    1 :  0.325 0.346 0.329 
1855 CP00049531    (0)    3 :  0.313 0.371 0.315 
1856 CP00049548    (0)    3 :  0.332 0.336 0.332 
1857 CP00015695    (0)    1 :  0.324 0.343 0.333 
1858 CP00015692    (0)    1 :  0.342 0.323 0.335 
1859 CP00015693    (0)    1 :  0.345 0.320 0.335 
1860 CP00049522    (0)    3 :  0.343 0.323 0.334 
1861 CP00049546    (0)    3 :  0.337 0.320 0.343 
1862 CP00049557    (0)    3 :  0.336 0.321 0.343 
1863 CP00049533    (0)    3 :  0.335 0.329 0.336 
1864 CP00015683    (0)    1 :  0.342 0.316 0.342 
1865 CP00015713    (0)    1 :  0.323 0.350 0.327 
1866 CP00015684    (0)    1 :  0.337 0.319 0.343 
1867 CP00015696    (0)    1 :  0.344 0.311 0.345 
1868 CP00049538    (0)    3 :  0.333 0.329 0.338 
1869 CP00015705    (0)    1 :  0.345 0.310 0.345 
1870 CP00015691    (0)    1 :  0.331 0.333 0.335 
1871 CP00049547    (0)    1 :  0.319 0.363 0.318 
1872 CP00015065    (0)    1 :  0.339 0.320 0.341 
1873 CP00049540    (0)    1 :  0.344 0.311 0.345 
1874 CP00015703    (0)    1 :  0.339 0.314 0.347 
1875 CP00049552    (0)    1 :  0.344 0.325 0.331 
1876 CP00015682    (0)    1 :  0.346 0.315 0.339 
1877 CP00015064    (0)    3 :  0.344 0.322 0.335 
1878 CP00015685    (0)    1 :  0.334 0.331 0.335 
1879 CP00015061    (0)    3 :  0.336 0.338 0.326 
1880 CP00021003    (0)    1 :  0.329 0.329 0.342 
1881 CP00021007    (0)    1 :  0.327 0.342 0.331 
1882 CP00021019    (0)    1 :  0.330 0.335 0.335 
1883 CP00020975    (0)    1 :  0.321 0.355 0.324 
1884 CP00020971    (0)    1 :  0.328 0.346 0.326 
1885 CP00020972    (0)    1 :  0.322 0.352 0.326 
1886 CP00020973    (0)    1 :  0.333 0.339 0.329 
1887 CP00021002    (0)    1 :  0.362 0.295 0.343 
1888 CP00021008    (0)    1 :  0.323 0.360 0.318 
1889 CP00021020    (0)    1 :  0.344 0.311 0.345 
1890 CP00021016    (0)    1 :  0.345 0.307 0.347 
1891 CP00020999    (0)    1 :  0.345 0.312 0.342 
1892 CP00021000    (0)    1 :  0.346 0.301 0.353 
1893 CP00020996    (0)    1 :  0.332 0.332 0.336 
1894 CP00021005    (0)    1 :  0.333 0.333 0.334 
1895 CP00020976    (0)    1 :  0.336 0.331 0.333 
1896 CP00021009    (0)    1 :  0.340 0.315 0.346 
1897 CP00021010    (0)    1 :  0.340 0.315 0.345 
1898 CP00020998    (0)    1 :  0.341 0.320 0.339 
1899 CP00020997    (0)    1 :  0.342 0.319 0.339 
1900 CP00021017    (0)    1 :  0.321 0.349 0.330 
1901 CP00021018    (0)    1 :  0.339 0.318 0.344 
1902 CP00020974    (0)    1 :  0.320 0.358 0.321 
1903 CP00021015    (0)    1 :  0.342 0.310 0.348 
1904 CP00021006    (0)    1 :  0.345 0.318 0.338 
1905 CP00020991    (0)    1 :  0.304 0.384 0.312 
1906 CP00020977    (0)    1 :  0.338 0.307 0.355 
1907 CP00020993    (0)    1 :  0.337 0.324 0.340 
1908 CP00020995    (0)    1 :  0.323 0.352 0.325 
1909 CP00021004    (0)    1 :  0.312 0.376 0.312 
1910 CP00020992    (3)    1 :  0.344 0.305 0.350 
1911 CP00021001    (0)    1 :  0.326 0.354 0.320 
1912 CP00020866    (0)    3 :  0.321 0.352 0.327 
1913 CP00020822    (0)    3 :  0.331 0.343 0.326 
1914 CP00072624    (0)    3 :  0.338 0.338 0.325 
1915 CP00072595    (0)    2 :  0.322 0.350 0.328 
1916 CP00072586    (0)    2 :  0.336 0.334 0.330 
1917 CP00072605    (0)    3 :  0.344 0.309 0.348 
1918 CP00072615    (0)    3 :  0.344 0.316 0.340 
1919 CP00072633    (0)    1 :  0.342 0.311 0.346 
1920 CP00072589    (0)    2 :  0.310 0.372 0.318 
1921 CP00072630    (0)    3 :  0.336 0.324 0.340 
1922 CP00072593    (0)    2 :  0.341 0.323 0.336 
1923 CP00072614    (0)    3 :  0.331 0.339 0.330 
1924 CP00072617    (0)    3 :  0.340 0.315 0.344 
1925 CP00072618    (0)    3 :  0.341 0.320 0.339 
1926 CP00072583    (0)    2 :  0.340 0.315 0.346 
1927 CP00072637    (0)    1 :  0.341 0.321 0.338 
1928 CP00072612    (0)    3 :  0.347 0.315 0.338 
1929 CP00072579    (0)    1 :  0.344 0.317 0.340 
1930 CP00072629    (0)    3 :  0.340 0.326 0.334 
1931 CP00072607    (0)    3 :  0.341 0.318 0.341 
1932 CP00072613    (0)    3 :  0.334 0.337 0.329 
1933 CP00072644    (0)    3 :  0.346 0.305 0.349 
1934 CP00072627    (0)    3 :  0.319 0.361 0.320 
1935 CP00072584    (0)    2 :  0.322 0.354 0.324 
1936 CP00072611    (0)    3 :  0.341 0.316 0.343 
1937 CP00072578    (0)    1 :  0.345 0.310 0.345 
1938 CP00072608    (0)    3 :  0.345 0.305 0.350 
1939 CP00072628    (0)    3 :  0.328 0.350 0.322 
1940 CP00072606    (0)    3 :  0.309 0.386 0.305 
1941 CP00072645    (0)    3 :  0.334 0.333 0.333 
1942 CP00072638    (0)    1 :  0.333 0.328 0.339 
1943 CP00072580    (0)    1 :  0.342 0.316 0.342 
1944 CP00072588    (0)    2 :  0.334 0.336 0.330 
1945 CP00072591    (0)    2 :  0.331 0.334 0.335 
1946 CP00072590    (0)    2 :  0.334 0.335 0.331 
1947 CP00072592    (0)    2 :  0.326 0.348 0.326 
1948 CP00072582    (0)    1 :  0.322 0.357 0.321 
1949 CP00072609    (0)    3 :  0.317 0.359 0.325 
1950 CP00072635    (0)    1 :  0.324 0.357 0.319 
1951 CP00072647    (0)    1 :  0.332 0.342 0.326 
1952 CP00072585    (0)    2 :  0.351 0.304 0.345 
1953 CP00072587    (0)    2 :  0.348 0.309 0.342 
1954 CP00072639    (0)    1 :  0.334 0.341 0.326 
1955 CP00072640    (0)    1 :  0.340 0.321 0.339 
1956 CP00072625    (0)    3 :  0.333 0.324 0.342 
1957 CP00072576    (0)    1 :  0.338 0.329 0.333 
1958 CP00072634    (0)    1 :  0.331 0.334 0.335 
1959 CP00072619    (0)    3 :  0.331 0.329 0.340 
1960 CP00072621    (0)    3 :  0.330 0.335 0.335 
1961 CP00072571    (0)    1 :  0.341 0.330 0.329 
1962 CP00072646    (0)    1 :  0.345 0.301 0.354 
1963 CP00072622    (0)    1 :  0.339 0.322 0.339 
1964 CP00072577    (0)    1 :  0.335 0.336 0.329 
1965 CP00072610    (0)    3 :  0.352 0.293 0.355 
1966 CP00072620    (0)    3 :  0.336 0.312 0.351 
1967 CP00072616    (0)    3 :  0.301 0.395 0.304 
1968 CP00072623    (0)    3 :  0.334 0.331 0.335 
1969 CP00072626    (0)    3 :  0.340 0.314 0.346 
1970 CP00072641    (0)    1 :  0.335 0.327 0.338 
1971 CP00072642    (0)    3 :  0.344 0.323 0.333 
1972 CP00072157    (0)    3 :  0.344 0.305 0.351 
1973 CP00072132    (0)    3 :  0.332 0.331 0.337 
1974 CP00072144    (0)    3 :  0.327 0.338 0.335 
1975 CP00072148    (0)    3 :  0.334 0.322 0.344 
1976 CP00072169    (0)    3 :  0.323 0.351 0.326 
1977 CP00072133    (0)    3 :  0.333 0.335 0.332 
1978 CP00072139    (0)    3 :  0.343 0.312 0.345 
1979 CP00072155    (0)    1 :  0.321 0.350 0.328 
1980 CP00072143    (0)    1 :  0.313 0.381 0.306 
1981 CP00072136    (0)    1 :  0.340 0.311 0.350 
1982 CP00075424    (0)    1 :  0.309 0.380 0.311 
1983 CP00075416    (0)    1 :  0.338 0.328 0.335 
1984 CP00075420    (0)    1 :  0.325 0.347 0.328 
1985 CP00072159    (0)    1 :  0.320 0.359 0.322 
1986 CP00072137    (0)    1 :  0.337 0.323 0.341 
1987 CP00075415    (0)    1 :  0.339 0.321 0.339 
1988 CP00072131    (0)    1 :  0.332 0.326 0.341 
1989 CP00072156    (0)    1 :  0.324 0.349 0.327 
1990 CP00072134    (0)    1 :  0.337 0.323 0.340 
1991 CP00072138    (0)    1 :  0.341 0.314 0.344 
1992 CP00072142    (0)    1 :  0.315 0.374 0.312 
1993 CP00072168    (0)    1 :  0.345 0.324 0.331 
1994 CP00072153    (0)    1 :  0.330 0.335 0.334 
1995 CP00072154    (0)    1 :  0.338 0.340 0.322 
1996 CP00072166    (0)    1 :  0.319 0.353 0.329 
1997 CP00075417    (0)    2 :  0.327 0.349 0.324 
1998 CP00072152    (0)    2 :  0.326 0.346 0.328 
1999 CP00072160    (0)    2 :  0.322 0.357 0.322 
2000 CP00072149    (0)    2 :  0.319 0.364 0.317 

Command line arguments:   ./structure -m mainparams_primary -e extraparams_primary -i Albania_2000_STRUCTURE.txt -o primary_output/Albania_primary_K03_rep04 -K 3 -N 2000 -L 16 -D 20263809 
Input File:    Albania_2000_STRUCTURE.txt
Output File:   primary_output/Albania_primary_K03_rep04_f

Run parameters:
   2000 individuals
   16 loci
   3 populations assumed
   100000 Burn-in period
   500000 Reps
RANDOMIZE turned off

--------------------------------------------
Estimated Ln Prob of Data   = -127230.7
Mean value of ln likelihood = -125341.2
Variance of ln likelihood   = 3778.9
Mean value of alpha         = 8.5660

Mean value of Fst_1         = 0.1234
Mean value of Fst_2         = 0.0004
Mean value of Fst_3         = 0.1226


--------------------------------------------
Proportion of membership of each pre-defined
 population in each of the 3 clusters

Given    Inferred Clusters       Number of
 Pop       1      2      3      Individuals

  1:     0.334  0.332  0.334      358
  2:     0.334  0.332  0.334      1039
  3:     0.333  0.334  0.333      603
--------------------------------------------
Final results printed to file primary_output/Albania_primary_K03_rep04_f

